ISO-10303-21;
HEADER;
/* Generated by software containing ST-Developer
 * from STEP Tools, Inc. (www.steptools.com) 
 */

FILE_DESCRIPTION(
/* description */ (''),
/* implementation_level */ '2;1');

FILE_NAME(
/* name */ 'Nut_22mm.step',
/* time_stamp */ '2026-03-03T15:34:01-08:00',
/* author */ (''),
/* organization */ (''),
/* preprocessor_version */ 'ST-DEVELOPER v20.1',
/* originating_system */ 'Autodesk Translation Framework v14.24.0.0',
/* authorisation */ '');

FILE_SCHEMA (('AUTOMOTIVE_DESIGN { 1 0 10303 214 3 1 1 }'));
ENDSEC;

DATA;
#10=MECHANICAL_DESIGN_GEOMETRIC_PRESENTATION_REPRESENTATION('',(#13),#1769);
#11=SHAPE_REPRESENTATION_RELATIONSHIP('SRR','None',#1775,#12);
#12=ADVANCED_BREP_SHAPE_REPRESENTATION('',(#14),#1768);
#13=STYLED_ITEM('',(#1785),#14);
#14=MANIFOLD_SOLID_BREP('Body3',#463);
#15=CONICAL_SURFACE('',#487,12.4027013703199,0.514229917353476);
#16=CONICAL_SURFACE('',#490,12.3604640036046,0.514229917339089);
#17=FACE_BOUND('',#73,.T.);
#18=FACE_BOUND('',#81,.T.);
#19=(
BOUNDED_CURVE()
B_SPLINE_CURVE(2,(#1728,#1729,#1730),.UNSPECIFIED.,.F.,.F.)
B_SPLINE_CURVE_WITH_KNOTS((3,3),(0.,0.266164111337968),.UNSPECIFIED.)
CURVE()
GEOMETRIC_REPRESENTATION_ITEM()
RATIONAL_B_SPLINE_CURVE((1.,1.00155817281452,1.))
REPRESENTATION_ITEM('')
);
#20=(
BOUNDED_CURVE()
B_SPLINE_CURVE(2,(#1732,#1733,#1734),.UNSPECIFIED.,.F.,.F.)
B_SPLINE_CURVE_WITH_KNOTS((3,3),(0.,0.266170024246723),.UNSPECIFIED.)
CURVE()
GEOMETRIC_REPRESENTATION_ITEM()
RATIONAL_B_SPLINE_CURVE((1.,1.0015582463122,1.))
REPRESENTATION_ITEM('')
);
#21=(
BOUNDED_CURVE()
B_SPLINE_CURVE(2,(#1745,#1746,#1747),.UNSPECIFIED.,.F.,.F.)
B_SPLINE_CURVE_WITH_KNOTS((3,3),(0.151061540498603,0.403254433262309),
 .UNSPECIFIED.)
CURVE()
GEOMETRIC_REPRESENTATION_ITEM()
RATIONAL_B_SPLINE_CURVE((1.00156484707412,1.00208982967411,1.00000626027353))
REPRESENTATION_ITEM('')
);
#22=(
BOUNDED_CURVE()
B_SPLINE_CURVE(2,(#1752,#1753,#1754),.UNSPECIFIED.,.F.,.F.)
B_SPLINE_CURVE_WITH_KNOTS((3,3),(0.000298343506443048,0.251579845564791),
 .UNSPECIFIED.)
CURVE()
GEOMETRIC_REPRESENTATION_ITEM()
RATIONAL_B_SPLINE_CURVE((1.00000517234371,1.00218184165493,1.0017499946229))
REPRESENTATION_ITEM('')
);
#23=PLANE('',#485);
#24=PLANE('',#492);
#25=PLANE('',#493);
#26=PLANE('',#494);
#27=PLANE('',#495);
#28=B_SPLINE_SURFACE_WITH_KNOTS('',3,3,((#1058,#1059,#1060,#1061,#1062,
#1063,#1064,#1065,#1066,#1067,#1068,#1069,#1070,#1071,#1072,#1073,#1074,
#1075,#1076,#1077,#1078,#1079,#1080,#1081,#1082,#1083,#1084,#1085,#1086,
#1087,#1088,#1089,#1090,#1091,#1092,#1093,#1094,#1095,#1096,#1097,#1098,
#1099,#1100,#1101,#1102,#1103,#1104),(#1105,#1106,#1107,#1108,#1109,#1110,
#1111,#1112,#1113,#1114,#1115,#1116,#1117,#1118,#1119,#1120,#1121,#1122,
#1123,#1124,#1125,#1126,#1127,#1128,#1129,#1130,#1131,#1132,#1133,#1134,
#1135,#1136,#1137,#1138,#1139,#1140,#1141,#1142,#1143,#1144,#1145,#1146,
#1147,#1148,#1149,#1150,#1151),(#1152,#1153,#1154,#1155,#1156,#1157,#1158,
#1159,#1160,#1161,#1162,#1163,#1164,#1165,#1166,#1167,#1168,#1169,#1170,
#1171,#1172,#1173,#1174,#1175,#1176,#1177,#1178,#1179,#1180,#1181,#1182,
#1183,#1184,#1185,#1186,#1187,#1188,#1189,#1190,#1191,#1192,#1193,#1194,
#1195,#1196,#1197,#1198),(#1199,#1200,#1201,#1202,#1203,#1204,#1205,#1206,
#1207,#1208,#1209,#1210,#1211,#1212,#1213,#1214,#1215,#1216,#1217,#1218,
#1219,#1220,#1221,#1222,#1223,#1224,#1225,#1226,#1227,#1228,#1229,#1230,
#1231,#1232,#1233,#1234,#1235,#1236,#1237,#1238,#1239,#1240,#1241,#1242,
#1243,#1244,#1245)),.UNSPECIFIED.,.F.,.F.,.F.,(4,4),(4,1,1,1,1,1,1,1,1,
1,1,1,1,1,1,1,1,1,1,1,1,1,1,1,1,1,1,1,1,1,1,1,1,1,1,1,1,1,1,1,1,1,1,1,4),
(0.,0.0291330945833086),(11.8416570017162,12.8398791774707,13.8381013532251,
14.8363235289796,15.834545704734,16.8327678804885,17.8309900562429,18.8292122319974,
19.8274344077518,20.8256565835063,21.8238787592607,22.8221009350152,23.8203231107696,
24.8185452865241,25.8167674622785,26.8149896380329,27.8132118137874,28.8114339895418,
29.8096561652963,30.8078783410507,31.8061005168052,32.8043226925596,33.8025448683141,
34.8007670440685,35.798989219823,36.7972113955774,37.7954335713319,38.7936557470863,
39.7918779228408,40.7901000985952,41.7883222743497,42.7865444501041,43.7847666258586,
44.782988801613,45.7812109773675,46.7794331531219,47.7776553288763,48.7758775046308,
49.7740996803852,50.7723218561397,51.7705440318941,52.7687662076486,53.766988383403,
54.7652105591575,55.7634327349119),.UNSPECIFIED.);
#29=B_SPLINE_SURFACE_WITH_KNOTS('',3,3,((#1393,#1394,#1395,#1396,#1397,
#1398,#1399,#1400,#1401,#1402,#1403,#1404,#1405,#1406,#1407,#1408,#1409,
#1410,#1411,#1412,#1413,#1414,#1415,#1416,#1417,#1418,#1419,#1420,#1421,
#1422,#1423,#1424,#1425,#1426,#1427,#1428,#1429,#1430,#1431,#1432,#1433,
#1434,#1435,#1436,#1437,#1438,#1439),(#1440,#1441,#1442,#1443,#1444,#1445,
#1446,#1447,#1448,#1449,#1450,#1451,#1452,#1453,#1454,#1455,#1456,#1457,
#1458,#1459,#1460,#1461,#1462,#1463,#1464,#1465,#1466,#1467,#1468,#1469,
#1470,#1471,#1472,#1473,#1474,#1475,#1476,#1477,#1478,#1479,#1480,#1481,
#1482,#1483,#1484,#1485,#1486),(#1487,#1488,#1489,#1490,#1491,#1492,#1493,
#1494,#1495,#1496,#1497,#1498,#1499,#1500,#1501,#1502,#1503,#1504,#1505,
#1506,#1507,#1508,#1509,#1510,#1511,#1512,#1513,#1514,#1515,#1516,#1517,
#1518,#1519,#1520,#1521,#1522,#1523,#1524,#1525,#1526,#1527,#1528,#1529,
#1530,#1531,#1532,#1533),(#1534,#1535,#1536,#1537,#1538,#1539,#1540,#1541,
#1542,#1543,#1544,#1545,#1546,#1547,#1548,#1549,#1550,#1551,#1552,#1553,
#1554,#1555,#1556,#1557,#1558,#1559,#1560,#1561,#1562,#1563,#1564,#1565,
#1566,#1567,#1568,#1569,#1570,#1571,#1572,#1573,#1574,#1575,#1576,#1577,
#1578,#1579,#1580)),.UNSPECIFIED.,.F.,.F.,.F.,(4,4),(4,1,1,1,1,1,1,1,1,
1,1,1,1,1,1,1,1,1,1,1,1,1,1,1,1,1,1,1,1,1,1,1,1,1,1,1,1,1,1,1,1,1,1,1,4),
(0.,0.0291330945833086),(14.3988031934972,15.3970253692517,16.3952475450061,
17.3934697207606,18.391691896515,19.3899140722695,20.3881362480239,21.3863584237784,
22.3845805995328,23.3828027752873,24.3810249510417,25.3792471267961,26.3774693025506,
27.375691478305,28.3739136540595,29.3721358298139,30.3703580055684,31.3685801813228,
32.3668023570773,33.3650245328317,34.3632467085862,35.3614688843406,36.3596910600951,
37.3579132358495,38.356135411604,39.3543575873584,40.3525797631129,41.3508019388673,
42.3490241146218,43.3472462903762,44.3454684661307,45.3436906418851,46.3419128176395,
47.340134993394,48.3383571691484,49.3365793449029,50.3348015206573,51.3330236964118,
52.3312458721662,53.3294680479207,54.3276902236751,55.3259123994296,56.324134575184,
57.3223567509385,58.3205789266929),.UNSPECIFIED.);
#30=FACE_OUTER_BOUND('',#55,.T.);
#31=FACE_OUTER_BOUND('',#56,.T.);
#32=FACE_OUTER_BOUND('',#57,.T.);
#33=FACE_OUTER_BOUND('',#58,.T.);
#34=FACE_OUTER_BOUND('',#59,.T.);
#35=FACE_OUTER_BOUND('',#60,.T.);
#36=FACE_OUTER_BOUND('',#61,.T.);
#37=FACE_OUTER_BOUND('',#62,.T.);
#38=FACE_OUTER_BOUND('',#63,.T.);
#39=FACE_OUTER_BOUND('',#64,.T.);
#40=FACE_OUTER_BOUND('',#65,.T.);
#41=FACE_OUTER_BOUND('',#66,.T.);
#42=FACE_OUTER_BOUND('',#67,.T.);
#43=FACE_OUTER_BOUND('',#68,.T.);
#44=FACE_OUTER_BOUND('',#69,.T.);
#45=FACE_OUTER_BOUND('',#70,.T.);
#46=FACE_OUTER_BOUND('',#71,.T.);
#47=FACE_OUTER_BOUND('',#72,.T.);
#48=FACE_OUTER_BOUND('',#74,.T.);
#49=FACE_OUTER_BOUND('',#75,.T.);
#50=FACE_OUTER_BOUND('',#76,.T.);
#51=FACE_OUTER_BOUND('',#77,.T.);
#52=FACE_OUTER_BOUND('',#78,.T.);
#53=FACE_OUTER_BOUND('',#79,.T.);
#54=FACE_OUTER_BOUND('',#80,.T.);
#55=EDGE_LOOP('',(#284,#285,#286));
#56=EDGE_LOOP('',(#287,#288,#289,#290,#291));
#57=EDGE_LOOP('',(#292,#293,#294,#295));
#58=EDGE_LOOP('',(#296,#297,#298,#299));
#59=EDGE_LOOP('',(#300,#301,#302,#303));
#60=EDGE_LOOP('',(#304,#305,#306,#307));
#61=EDGE_LOOP('',(#308,#309,#310,#311));
#62=EDGE_LOOP('',(#312,#313,#314,#315));
#63=EDGE_LOOP('',(#316,#317,#318,#319));
#64=EDGE_LOOP('',(#320,#321,#322,#323));
#65=EDGE_LOOP('',(#324,#325,#326,#327));
#66=EDGE_LOOP('',(#328,#329,#330,#331));
#67=EDGE_LOOP('',(#332,#333,#334,#335));
#68=EDGE_LOOP('',(#336,#337,#338,#339));
#69=EDGE_LOOP('',(#340,#341,#342,#343));
#70=EDGE_LOOP('',(#344,#345,#346,#347,#348,#349,#350,#351,#352,#353,#354,
#355,#356,#357,#358,#359,#360,#361));
#71=EDGE_LOOP('',(#362,#363,#364,#365,#366,#367,#368,#369,#370,#371,#372,
#373,#374,#375,#376,#377,#378));
#72=EDGE_LOOP('',(#379,#380,#381,#382,#383));
#73=EDGE_LOOP('',(#384,#385,#386,#387,#388));
#74=EDGE_LOOP('',(#389,#390,#391,#392));
#75=EDGE_LOOP('',(#393,#394,#395,#396));
#76=EDGE_LOOP('',(#397,#398,#399,#400));
#77=EDGE_LOOP('',(#401,#402,#403,#404));
#78=EDGE_LOOP('',(#405,#406,#407,#408));
#79=EDGE_LOOP('',(#409,#410,#411,#412));
#80=EDGE_LOOP('',(#413,#414,#415,#416,#417));
#81=EDGE_LOOP('',(#418,#419,#420,#421));
#82=B_SPLINE_CURVE_WITH_KNOTS('',3,(#589,#590,#591,#592),.UNSPECIFIED.,
 .F.,.F.,(4,4),(-41.8879020461011,-41.5654181093102),.UNSPECIFIED.);
#83=B_SPLINE_CURVE_WITH_KNOTS('',3,(#598,#599,#600,#601,#602,#603,#604,
#605,#606,#607,#608,#609,#610,#611,#612,#613),.UNSPECIFIED.,.F.,.F.,(4,
3,3,3,3,4),(39.0082719175292,39.9288870301779,40.9271092059323,41.9253313816868,
42.9235535574412,43.9217757331957),.UNSPECIFIED.);
#84=B_SPLINE_CURVE_WITH_KNOTS('',3,(#615,#616,#617,#618,#619,#620,#621,
#622,#623,#624,#625,#626,#627,#628,#629,#630,#631,#632,#633,#634,#635,#636),
 .UNSPECIFIED.,.F.,.F.,(4,3,3,3,3,3,3,4),(-41.5654181093102,-40.9271092059324,
-39.9288870301779,-38.9306648544235,-37.932442678669,-36.9342205029146,
-35.9359983271601,-35.2822328021307),.UNSPECIFIED.);
#85=B_SPLINE_CURVE_WITH_KNOTS('',3,(#641,#642,#643,#644,#645,#646,#647,
#648,#649,#650,#651,#652,#653,#654,#655,#656,#657,#658,#659,#660,#661,#662,
#663,#664,#665),.UNSPECIFIED.,.F.,.F.,(4,3,3,3,3,3,3,3,4),(32.7250866103496,
32.9413317998968,33.9395539756512,34.9377761514057,35.9359983271601,36.9342205029146,
37.932442678669,38.9306648544235,39.0082719175292),.UNSPECIFIED.);
#86=B_SPLINE_CURVE_WITH_KNOTS('',3,(#666,#667,#668,#669,#670,#671,#672,
#673,#674,#675,#676,#677,#678,#679,#680,#681,#682,#683,#684,#685,#686,#687),
 .UNSPECIFIED.,.F.,.F.,(4,3,3,3,3,3,3,4),(-35.2822328021307,-34.9377761514057,
-33.9395539756512,-32.9413317998968,-31.9431096241423,-30.9448874483879,
-29.9466652726334,-28.9990474949511),.UNSPECIFIED.);
#87=B_SPLINE_CURVE_WITH_KNOTS('',3,(#692,#693,#694,#695,#696,#697,#698,
#699,#700,#701,#702,#703,#704,#705,#706,#707,#708,#709,#710,#711,#712,#713),
 .UNSPECIFIED.,.F.,.F.,(4,3,3,3,3,3,3,4),(26.4419013031701,26.9519987453701,
27.9502209211245,28.948443096879,29.9466652726334,30.9448874483879,31.9431096241423,
32.7250866103496),.UNSPECIFIED.);
#88=B_SPLINE_CURVE_WITH_KNOTS('',3,(#714,#715,#716,#717,#718,#719,#720,
#721,#722,#723,#724,#725,#726,#727,#728,#729,#730,#731,#732,#733,#734,#735,
#736,#737,#738),.UNSPECIFIED.,.F.,.F.,(4,3,3,3,3,3,3,3,4),(-28.9990474949511,
-28.948443096879,-27.9502209211245,-26.9519987453701,-25.9537765696156,
-24.9555543938612,-23.9573322181067,-22.9591100423523,-22.7158621877715),
 .UNSPECIFIED.);
#89=B_SPLINE_CURVE_WITH_KNOTS('',3,(#743,#744,#745,#746,#747,#748,#749,
#750,#751,#752,#753,#754,#755,#756,#757,#758,#759,#760,#761,#762,#763,#764),
 .UNSPECIFIED.,.F.,.F.,(4,3,3,3,3,3,3,4),(20.1587159959905,20.9626656908434,
21.9608878665979,22.9591100423523,23.9573322181067,24.9555543938612,25.9537765696156,
26.4419013031701),.UNSPECIFIED.);
#90=B_SPLINE_CURVE_WITH_KNOTS('',3,(#765,#766,#767,#768,#769,#770,#771,
#772,#773,#774,#775,#776,#777,#778,#779,#780,#781,#782,#783,#784,#785,#786),
 .UNSPECIFIED.,.F.,.F.,(4,3,3,3,3,3,3,4),(-22.7158621877715,-21.9608878665979,
-20.9626656908434,-19.964443515089,-18.9662213393345,-17.9679991635801,
-16.9697769878256,-16.4326768805919),.UNSPECIFIED.);
#91=B_SPLINE_CURVE_WITH_KNOTS('',3,(#791,#792,#793,#794,#795,#796,#797,
#798,#799,#800,#801,#802,#803,#804,#805,#806,#807,#808,#809,#810,#811,#812,
#813,#814,#815),.UNSPECIFIED.,.F.,.F.,(4,3,3,3,3,3,3,3,4),(13.8755306888109,
13.9751104605623,14.9733326363167,15.9715548120712,16.9697769878256,17.9679991635801,
18.9662213393345,19.964443515089,20.1587159959905),.UNSPECIFIED.);
#92=B_SPLINE_CURVE_WITH_KNOTS('',3,(#816,#817,#818,#819,#820,#821,#822,
#823,#824,#825,#826,#827,#828,#829,#830,#831,#832,#833,#834,#835,#836,#837),
 .UNSPECIFIED.,.F.,.F.,(4,3,3,3,3,3,3,4),(-16.4326768805919,-15.9715548120712,
-14.9733326363167,-13.9751104605623,-12.9768882848078,-11.9786661090534,
-10.9804439332989,-10.1494915734123),.UNSPECIFIED.);
#93=B_SPLINE_CURVE_WITH_KNOTS('',3,(#843,#844,#845,#846,#847,#848,#849,
#850,#851,#852,#853,#854,#855),.UNSPECIFIED.,.F.,.F.,(4,3,3,3,4),(-3.86630626623272,
-2.99466652726335,-1.9964443515089,-0.998222175754448,0.),.UNSPECIFIED.);
#94=B_SPLINE_CURVE_WITH_KNOTS('',3,(#858,#859,#860,#861,#862,#863,#864,
#865,#866,#867,#868,#869,#870,#871,#872,#873,#874,#875,#876),
 .UNSPECIFIED.,.F.,.F.,(4,3,3,3,3,3,4),(2.03387368709463,2.99466652726334,
3.99288870301779,4.99111087877224,5.98933305452669,6.98755523028113,7.5923453816313),
 .UNSPECIFIED.);
#95=B_SPLINE_CURVE_WITH_KNOTS('',3,(#882,#883,#884,#885,#886,#887),
 .UNSPECIFIED.,.F.,.F.,(4,1,1,4),(53.4070751110265,53.766988383403,54.7652105591575,
55.7634327349119),.UNSPECIFIED.);
#96=B_SPLINE_CURVE_WITH_KNOTS('',3,(#890,#891,#892,#893,#894,#895),
 .UNSPECIFIED.,.F.,.F.,(4,1,1,4),(53.4070751110265,54.3276902236751,55.3259123994296,
56.2867052395983),.UNSPECIFIED.);
#97=B_SPLINE_CURVE_WITH_KNOTS('',3,(#900,#901,#902,#903,#904,#905,#906,
#907,#908,#909),.UNSPECIFIED.,.F.,.F.,(4,1,1,1,1,1,1,4),(47.1238898038469,
47.7776553288763,48.7758775046308,49.7740996803852,50.7723218561397,51.7705440318941,
52.7687662076486,53.4070751110265),.UNSPECIFIED.);
#98=B_SPLINE_CURVE_WITH_KNOTS('',3,(#910,#911,#912,#913,#914,#915,#916,
#917,#918,#919,#920),.UNSPECIFIED.,.F.,.F.,(4,1,1,1,1,1,1,1,4),(47.1238898038469,
47.340134993394,48.3383571691484,49.3365793449029,50.3348015206573,51.3330236964118,
52.3312458721662,53.3294680479207,53.4070751110265),.UNSPECIFIED.);
#99=B_SPLINE_CURVE_WITH_KNOTS('',3,(#925,#926,#927,#928,#929,#930,#931,
#932,#933,#934),.UNSPECIFIED.,.F.,.F.,(4,1,1,1,1,1,1,4),(40.8407044966673,
41.7883222743497,42.7865444501041,43.7847666258586,44.782988801613,45.7812109773675,
46.7794331531219,47.1238898038469),.UNSPECIFIED.);
#100=B_SPLINE_CURVE_WITH_KNOTS('',3,(#935,#936,#937,#938,#939,#940,#941,
#942,#943,#944),.UNSPECIFIED.,.F.,.F.,(4,1,1,1,1,1,1,4),(40.8407044966673,
41.3508019388673,42.3490241146218,43.3472462903762,44.3454684661307,45.3436906418851,
46.3419128176395,47.1238898038469),.UNSPECIFIED.);
#101=B_SPLINE_CURVE_WITH_KNOTS('',3,(#949,#950,#951,#952,#953,#954,#955,
#956,#957,#958,#959),.UNSPECIFIED.,.F.,.F.,(4,1,1,1,1,1,1,1,4),(34.5575191894877,
34.8007670440685,35.798989219823,36.7972113955774,37.7954335713319,38.7936557470863,
39.7918779228408,40.7901000985952,40.8407044966673),.UNSPECIFIED.);
#102=B_SPLINE_CURVE_WITH_KNOTS('',3,(#960,#961,#962,#963,#964,#965,#966,
#967,#968,#969),.UNSPECIFIED.,.F.,.F.,(4,1,1,1,1,1,1,4),(34.5575191894877,
35.3614688843406,36.3596910600951,37.3579132358495,38.356135411604,39.3543575873584,
40.3525797631129,40.8407044966673),.UNSPECIFIED.);
#103=B_SPLINE_CURVE_WITH_KNOTS('',3,(#974,#975,#976,#977,#978,#979,#980,
#981,#982,#983),.UNSPECIFIED.,.F.,.F.,(4,1,1,1,1,1,1,4),(28.2743338823081,
28.8114339895418,29.8096561652963,30.8078783410507,31.8061005168052,32.8043226925596,
33.8025448683141,34.5575191894877),.UNSPECIFIED.);
#104=B_SPLINE_CURVE_WITH_KNOTS('',3,(#984,#985,#986,#987,#988,#989,#990,
#991,#992,#993,#994),.UNSPECIFIED.,.F.,.F.,(4,1,1,1,1,1,1,1,4),(28.2743338823081,
28.3739136540595,29.3721358298139,30.3703580055684,31.3685801813228,32.3668023570773,
33.3650245328317,34.3632467085862,34.5575191894877),.UNSPECIFIED.);
#105=B_SPLINE_CURVE_WITH_KNOTS('',3,(#999,#1000,#1001,#1002,#1003,#1004,
#1005,#1006,#1007,#1008),.UNSPECIFIED.,.F.,.F.,(4,1,1,1,1,1,1,4),(21.9911485751285,
22.8221009350152,23.8203231107696,24.8185452865241,25.8167674622785,26.8149896380329,
27.8132118137874,28.2743338823081),.UNSPECIFIED.);
#106=B_SPLINE_CURVE_WITH_KNOTS('',3,(#1009,#1010,#1011,#1012,#1013,#1014,
#1015,#1016,#1017,#1018),.UNSPECIFIED.,.F.,.F.,(4,1,1,1,1,1,1,4),(21.9911485751285,
22.3845805995328,23.3828027752873,24.3810249510417,25.3792471267961,26.3774693025506,
27.375691478305,28.2743338823081),.UNSPECIFIED.);
#107=B_SPLINE_CURVE_WITH_KNOTS('',3,(#1024,#1025,#1026,#1027,#1028),
 .UNSPECIFIED.,.F.,.F.,(4,1,4),(14.3988031934972,15.3970253692517,15.7079632679489),
 .UNSPECIFIED.);
#108=B_SPLINE_CURVE_WITH_KNOTS('',3,(#1031,#1032,#1033,#1034,#1035),
 .UNSPECIFIED.,.F.,.F.,(4,1,4),(13.8755306888109,14.8363235289796,15.7079632679489),
 .UNSPECIFIED.);
#109=B_SPLINE_CURVE_WITH_KNOTS('',3,(#1037,#1038,#1039,#1040,#1041,#1042,
#1043,#1044,#1045,#1046,#1047),.UNSPECIFIED.,.F.,.F.,(4,1,1,1,1,1,1,1,4),
(15.7079632679489,15.834545704734,16.8327678804885,17.8309900562429,18.8292122319974,
19.8274344077518,20.8256565835063,21.8238787592607,21.9911485751285),
 .UNSPECIFIED.);
#110=B_SPLINE_CURVE_WITH_KNOTS('',3,(#1048,#1049,#1050,#1051,#1052,#1053,
#1054,#1055,#1056,#1057),.UNSPECIFIED.,.F.,.F.,(4,1,1,1,1,1,1,4),(15.7079632679489,
16.3952475450061,17.3934697207606,18.391691896515,19.3899140722695,20.3881362480239,
21.3863584237784,21.9911485751285),.UNSPECIFIED.);
#111=B_SPLINE_CURVE_WITH_KNOTS('',3,(#1246,#1247,#1248,#1249,#1250,#1251,
#1252,#1253,#1254,#1255,#1256,#1257,#1258,#1259,#1260,#1261,#1262,#1263,
#1264,#1265,#1266,#1267,#1268,#1269,#1270,#1271,#1272,#1273,#1274,#1275,
#1276,#1277,#1278,#1279,#1280,#1281,#1282,#1283,#1284,#1285,#1286,#1287,
#1288,#1289,#1290,#1291,#1292,#1293,#1294,#1295,#1296,#1297,#1298,#1299,
#1300,#1301,#1302,#1303,#1304,#1305,#1306),.UNSPECIFIED.,.F.,.F.,(4,3,3,
3,3,3,3,3,3,3,3,3,3,3,3,3,3,3,3,3,4),(0.,0.0142277222345917,0.0288058089468012,
0.0433838956590106,0.0573497245959265,0.0711412326133518,0.0849327406307772,
0.098086874236444,0.108811246512807,0.118466490368928,0.123865467204644,
0.126395094643434,0.139393560512647,0.15105846972493,0.159944336282957,
0.162848388469737,0.175217138687531,0.186053197361778,0.197893492737134,
0.205446458148171,0.208827095985473),.UNSPECIFIED.);
#112=B_SPLINE_CURVE_WITH_KNOTS('',3,(#1307,#1308,#1309,#1310,#1311,#1312,
#1313,#1314,#1315,#1316,#1317,#1318,#1319,#1320,#1321,#1322,#1323,#1324,
#1325,#1326,#1327,#1328,#1329,#1330,#1331,#1332,#1333,#1334,#1335,#1336,
#1337,#1338,#1339,#1340,#1341,#1342,#1343,#1344,#1345,#1346,#1347,#1348,
#1349,#1350,#1351,#1352,#1353,#1354,#1355,#1356,#1357,#1358,#1359,#1360,
#1361,#1362,#1363,#1364,#1365,#1366,#1367),.UNSPECIFIED.,.F.,.F.,(4,3,3,
3,3,3,3,3,3,3,3,3,3,3,3,3,3,3,3,3,4),(0.,0.0116667332316566,0.0237967121046509,
0.0352369516250086,0.0477771124963655,0.0605990404954216,0.0723026845516243,
0.0855851401666533,0.0957665648768076,0.108716591675307,0.111196825221747,
0.124314537512533,0.138094659546355,0.148429751071721,0.151630083043955,
0.15474947881632,0.168928592464137,0.17943502564782,0.19388669182829,0.203451294721919,
0.20771701739657),.UNSPECIFIED.);
#113=B_SPLINE_CURVE_WITH_KNOTS('',3,(#1368,#1369,#1370,#1371,#1372,#1373,
#1374,#1375,#1376,#1377,#1378,#1379,#1380,#1381,#1382,#1383,#1384,#1385,
#1386,#1387,#1388,#1389,#1390,#1391,#1392),.UNSPECIFIED.,.F.,.F.,(4,3,3,
3,3,3,3,3,4),(-10.1494915734123,-9.98222175754448,-8.98399958179003,-7.98577740603558,
-6.98755523028114,-5.98933305452669,-4.99111087877224,-3.99288870301779,
-3.86630626623272),.UNSPECIFIED.);
#114=B_SPLINE_CURVE_WITH_KNOTS('',3,(#1581,#1582,#1583,#1584,#1585,#1586,
#1587,#1588,#1589,#1590,#1591,#1592,#1593,#1594,#1595,#1596,#1597,#1598,
#1599,#1600,#1601,#1602,#1603,#1604,#1605,#1606,#1607,#1608,#1609,#1610,
#1611,#1612,#1613,#1614,#1615,#1616,#1617,#1618,#1619,#1620,#1621,#1622,
#1623,#1624,#1625,#1626,#1627,#1628,#1629,#1630,#1631,#1632,#1633,#1634,
#1635,#1636,#1637,#1638,#1639,#1640,#1641),.UNSPECIFIED.,.F.,.F.,(4,3,3,
3,3,3,3,3,3,3,3,3,3,3,3,3,3,3,3,3,4),(0.,0.0116667297804777,0.0237967067859374,
0.0352369519273022,0.04777710933668,0.0605990374101601,0.0723026853344349,
0.0855851411610379,0.0957665657922803,0.108716595461708,0.111196826508642,
0.124314542926998,0.138094664134146,0.148429755039507,0.151630086677171,
0.154749481556856,0.168928595664518,0.179435027755589,0.193886693754487,
0.203451296993805,0.207717019804863),.UNSPECIFIED.);
#115=B_SPLINE_CURVE_WITH_KNOTS('',3,(#1642,#1643,#1644,#1645,#1646,#1647,
#1648,#1649,#1650,#1651,#1652,#1653,#1654,#1655,#1656,#1657,#1658,#1659,
#1660,#1661,#1662,#1663),.UNSPECIFIED.,.F.,.F.,(4,3,3,3,3,3,3,4),(7.5923453816313,
7.98577740603558,8.98399958179003,9.98222175754448,10.9804439332989,11.9786661090534,
12.9768882848078,13.8755306888109),.UNSPECIFIED.);
#116=B_SPLINE_CURVE_WITH_KNOTS('',3,(#1664,#1665,#1666,#1667,#1668,#1669,
#1670,#1671,#1672,#1673,#1674,#1675,#1676,#1677,#1678,#1679,#1680,#1681,
#1682,#1683,#1684,#1685,#1686,#1687,#1688,#1689,#1690,#1691,#1692,#1693,
#1694,#1695,#1696,#1697,#1698,#1699,#1700,#1701,#1702,#1703,#1704,#1705,
#1706,#1707,#1708,#1709,#1710,#1711,#1712,#1713,#1714,#1715,#1716,#1717,
#1718,#1719,#1720,#1721,#1722,#1723,#1724),.UNSPECIFIED.,.F.,.F.,(4,3,3,
3,3,3,3,3,3,3,3,3,3,3,3,3,3,3,3,3,4),(0.,0.0142277172242722,0.0288058065003246,
0.0433838957763771,0.0573497253187157,0.0711412332543796,0.0849327411900434,
0.0980868760416088,0.108811247490568,0.118466491416414,0.123865468659369,
0.126395096186633,0.139393561999521,0.151058471223975,0.15994433915822,
0.162848391874357,0.175217144176825,0.186053198897335,0.197893497975938,
0.205446460086858,0.208827097637322),.UNSPECIFIED.);
#117=CIRCLE('',#466,0.8877);
#118=CIRCLE('',#468,0.8877);
#119=CIRCLE('',#474,0.8877);
#120=CIRCLE('',#476,1.14);
#121=CIRCLE('',#483,1.14);
#122=CIRCLE('',#488,13.3861999999998);
#123=CIRCLE('',#489,12.1151040041168);
#124=CIRCLE('',#491,12.115132133757);
#125=LINE('',#586,#147);
#126=LINE('',#596,#148);
#127=LINE('',#640,#149);
#128=LINE('',#691,#150);
#129=LINE('',#742,#151);
#130=LINE('',#790,#152);
#131=LINE('',#841,#153);
#132=LINE('',#880,#154);
#133=LINE('',#899,#155);
#134=LINE('',#924,#156);
#135=LINE('',#948,#157);
#136=LINE('',#973,#158);
#137=LINE('',#998,#159);
#138=LINE('',#1022,#160);
#139=LINE('',#1736,#161);
#140=LINE('',#1738,#162);
#141=LINE('',#1739,#163);
#142=LINE('',#1757,#164);
#143=LINE('',#1758,#165);
#144=LINE('',#1761,#166);
#145=LINE('',#1762,#167);
#146=LINE('',#1764,#168);
#147=VECTOR('',#500,0.85);
#148=VECTOR('',#505,0.85);
#149=VECTOR('',#510,0.85);
#150=VECTOR('',#513,0.85);
#151=VECTOR('',#516,0.85);
#152=VECTOR('',#519,0.85);
#153=VECTOR('',#522,0.85);
#154=VECTOR('',#527,1.14);
#155=VECTOR('',#532,1.14);
#156=VECTOR('',#535,1.14);
#157=VECTOR('',#538,1.14);
#158=VECTOR('',#541,1.14);
#159=VECTOR('',#544,1.14);
#160=VECTOR('',#547,1.14);
#161=VECTOR('',#554,10.);
#162=VECTOR('',#555,10.);
#163=VECTOR('',#556,10.);
#164=VECTOR('',#571,10.);
#165=VECTOR('',#572,10.);
#166=VECTOR('',#575,10.);
#167=VECTOR('',#576,10.);
#168=VECTOR('',#579,10.);
#169=VERTEX_POINT('',#584);
#170=VERTEX_POINT('',#585);
#171=VERTEX_POINT('',#587);
#172=VERTEX_POINT('',#594);
#173=VERTEX_POINT('',#595);
#174=VERTEX_POINT('',#597);
#175=VERTEX_POINT('',#638);
#176=VERTEX_POINT('',#639);
#177=VERTEX_POINT('',#689);
#178=VERTEX_POINT('',#690);
#179=VERTEX_POINT('',#740);
#180=VERTEX_POINT('',#741);
#181=VERTEX_POINT('',#788);
#182=VERTEX_POINT('',#789);
#183=VERTEX_POINT('',#839);
#184=VERTEX_POINT('',#840);
#185=VERTEX_POINT('',#842);
#186=VERTEX_POINT('',#856);
#187=VERTEX_POINT('',#878);
#188=VERTEX_POINT('',#879);
#189=VERTEX_POINT('',#881);
#190=VERTEX_POINT('',#888);
#191=VERTEX_POINT('',#897);
#192=VERTEX_POINT('',#898);
#193=VERTEX_POINT('',#922);
#194=VERTEX_POINT('',#923);
#195=VERTEX_POINT('',#946);
#196=VERTEX_POINT('',#947);
#197=VERTEX_POINT('',#971);
#198=VERTEX_POINT('',#972);
#199=VERTEX_POINT('',#996);
#200=VERTEX_POINT('',#997);
#201=VERTEX_POINT('',#1020);
#202=VERTEX_POINT('',#1021);
#203=VERTEX_POINT('',#1023);
#204=VERTEX_POINT('',#1029);
#205=VERTEX_POINT('',#1726);
#206=VERTEX_POINT('',#1727);
#207=VERTEX_POINT('',#1731);
#208=VERTEX_POINT('',#1735);
#209=VERTEX_POINT('',#1737);
#210=VERTEX_POINT('',#1742);
#211=VERTEX_POINT('',#1744);
#212=VERTEX_POINT('',#1750);
#213=VERTEX_POINT('',#1756);
#214=VERTEX_POINT('',#1760);
#215=EDGE_CURVE('',#169,#170,#125,.T.);
#216=EDGE_CURVE('',#171,#170,#117,.F.);
#217=EDGE_CURVE('',#171,#169,#82,.T.);
#218=EDGE_CURVE('',#172,#173,#126,.T.);
#219=EDGE_CURVE('',#173,#174,#83,.T.);
#220=EDGE_CURVE('',#170,#174,#118,.F.);
#221=EDGE_CURVE('',#169,#172,#84,.T.);
#222=EDGE_CURVE('',#175,#176,#127,.T.);
#223=EDGE_CURVE('',#176,#173,#85,.T.);
#224=EDGE_CURVE('',#172,#175,#86,.T.);
#225=EDGE_CURVE('',#177,#178,#128,.T.);
#226=EDGE_CURVE('',#178,#176,#87,.T.);
#227=EDGE_CURVE('',#175,#177,#88,.T.);
#228=EDGE_CURVE('',#179,#180,#129,.T.);
#229=EDGE_CURVE('',#180,#178,#89,.T.);
#230=EDGE_CURVE('',#177,#179,#90,.T.);
#231=EDGE_CURVE('',#181,#182,#130,.T.);
#232=EDGE_CURVE('',#182,#180,#91,.T.);
#233=EDGE_CURVE('',#179,#181,#92,.T.);
#234=EDGE_CURVE('',#183,#184,#131,.T.);
#235=EDGE_CURVE('',#183,#185,#93,.T.);
#236=EDGE_CURVE('',#186,#185,#119,.T.);
#237=EDGE_CURVE('',#186,#184,#94,.T.);
#238=EDGE_CURVE('',#187,#188,#132,.T.);
#239=EDGE_CURVE('',#188,#189,#95,.T.);
#240=EDGE_CURVE('',#190,#189,#120,.T.);
#241=EDGE_CURVE('',#187,#190,#96,.T.);
#242=EDGE_CURVE('',#191,#192,#133,.T.);
#243=EDGE_CURVE('',#192,#188,#97,.T.);
#244=EDGE_CURVE('',#191,#187,#98,.T.);
#245=EDGE_CURVE('',#193,#194,#134,.T.);
#246=EDGE_CURVE('',#194,#192,#99,.T.);
#247=EDGE_CURVE('',#193,#191,#100,.T.);
#248=EDGE_CURVE('',#195,#196,#135,.T.);
#249=EDGE_CURVE('',#196,#194,#101,.T.);
#250=EDGE_CURVE('',#195,#193,#102,.T.);
#251=EDGE_CURVE('',#197,#198,#136,.T.);
#252=EDGE_CURVE('',#198,#196,#103,.T.);
#253=EDGE_CURVE('',#197,#195,#104,.T.);
#254=EDGE_CURVE('',#199,#200,#137,.T.);
#255=EDGE_CURVE('',#200,#198,#105,.T.);
#256=EDGE_CURVE('',#199,#197,#106,.T.);
#257=EDGE_CURVE('',#201,#202,#138,.T.);
#258=EDGE_CURVE('',#203,#201,#107,.T.);
#259=EDGE_CURVE('',#204,#203,#121,.T.);
#260=EDGE_CURVE('',#204,#202,#108,.T.);
#261=EDGE_CURVE('',#202,#200,#109,.T.);
#262=EDGE_CURVE('',#201,#199,#110,.T.);
#263=EDGE_CURVE('',#189,#171,#111,.T.);
#264=EDGE_CURVE('',#185,#204,#112,.T.);
#265=EDGE_CURVE('',#181,#183,#113,.T.);
#266=EDGE_CURVE('',#174,#190,#114,.T.);
#267=EDGE_CURVE('',#184,#182,#115,.T.);
#268=EDGE_CURVE('',#203,#186,#116,.T.);
#269=EDGE_CURVE('',#205,#206,#19,.T.);
#270=EDGE_CURVE('',#206,#207,#20,.T.);
#271=EDGE_CURVE('',#207,#208,#139,.T.);
#272=EDGE_CURVE('',#208,#209,#140,.T.);
#273=EDGE_CURVE('',#209,#205,#141,.T.);
#274=EDGE_CURVE('',#210,#206,#122,.T.);
#275=EDGE_CURVE('',#211,#210,#21,.T.);
#276=EDGE_CURVE('',#207,#211,#123,.T.);
#277=EDGE_CURVE('',#212,#205,#124,.T.);
#278=EDGE_CURVE('',#210,#212,#22,.T.);
#279=EDGE_CURVE('',#213,#211,#142,.T.);
#280=EDGE_CURVE('',#213,#208,#143,.T.);
#281=EDGE_CURVE('',#214,#209,#144,.T.);
#282=EDGE_CURVE('',#214,#212,#145,.T.);
#283=EDGE_CURVE('',#214,#213,#146,.T.);
#284=ORIENTED_EDGE('',*,*,#215,.T.);
#285=ORIENTED_EDGE('',*,*,#216,.F.);
#286=ORIENTED_EDGE('',*,*,#217,.T.);
#287=ORIENTED_EDGE('',*,*,#218,.T.);
#288=ORIENTED_EDGE('',*,*,#219,.T.);
#289=ORIENTED_EDGE('',*,*,#220,.F.);
#290=ORIENTED_EDGE('',*,*,#215,.F.);
#291=ORIENTED_EDGE('',*,*,#221,.T.);
#292=ORIENTED_EDGE('',*,*,#222,.T.);
#293=ORIENTED_EDGE('',*,*,#223,.T.);
#294=ORIENTED_EDGE('',*,*,#218,.F.);
#295=ORIENTED_EDGE('',*,*,#224,.T.);
#296=ORIENTED_EDGE('',*,*,#225,.T.);
#297=ORIENTED_EDGE('',*,*,#226,.T.);
#298=ORIENTED_EDGE('',*,*,#222,.F.);
#299=ORIENTED_EDGE('',*,*,#227,.T.);
#300=ORIENTED_EDGE('',*,*,#228,.T.);
#301=ORIENTED_EDGE('',*,*,#229,.T.);
#302=ORIENTED_EDGE('',*,*,#225,.F.);
#303=ORIENTED_EDGE('',*,*,#230,.T.);
#304=ORIENTED_EDGE('',*,*,#231,.T.);
#305=ORIENTED_EDGE('',*,*,#232,.T.);
#306=ORIENTED_EDGE('',*,*,#228,.F.);
#307=ORIENTED_EDGE('',*,*,#233,.T.);
#308=ORIENTED_EDGE('',*,*,#234,.F.);
#309=ORIENTED_EDGE('',*,*,#235,.T.);
#310=ORIENTED_EDGE('',*,*,#236,.F.);
#311=ORIENTED_EDGE('',*,*,#237,.T.);
#312=ORIENTED_EDGE('',*,*,#238,.T.);
#313=ORIENTED_EDGE('',*,*,#239,.T.);
#314=ORIENTED_EDGE('',*,*,#240,.F.);
#315=ORIENTED_EDGE('',*,*,#241,.F.);
#316=ORIENTED_EDGE('',*,*,#242,.T.);
#317=ORIENTED_EDGE('',*,*,#243,.T.);
#318=ORIENTED_EDGE('',*,*,#238,.F.);
#319=ORIENTED_EDGE('',*,*,#244,.F.);
#320=ORIENTED_EDGE('',*,*,#245,.T.);
#321=ORIENTED_EDGE('',*,*,#246,.T.);
#322=ORIENTED_EDGE('',*,*,#242,.F.);
#323=ORIENTED_EDGE('',*,*,#247,.F.);
#324=ORIENTED_EDGE('',*,*,#248,.T.);
#325=ORIENTED_EDGE('',*,*,#249,.T.);
#326=ORIENTED_EDGE('',*,*,#245,.F.);
#327=ORIENTED_EDGE('',*,*,#250,.F.);
#328=ORIENTED_EDGE('',*,*,#251,.T.);
#329=ORIENTED_EDGE('',*,*,#252,.T.);
#330=ORIENTED_EDGE('',*,*,#248,.F.);
#331=ORIENTED_EDGE('',*,*,#253,.F.);
#332=ORIENTED_EDGE('',*,*,#254,.T.);
#333=ORIENTED_EDGE('',*,*,#255,.T.);
#334=ORIENTED_EDGE('',*,*,#251,.F.);
#335=ORIENTED_EDGE('',*,*,#256,.F.);
#336=ORIENTED_EDGE('',*,*,#257,.F.);
#337=ORIENTED_EDGE('',*,*,#258,.F.);
#338=ORIENTED_EDGE('',*,*,#259,.F.);
#339=ORIENTED_EDGE('',*,*,#260,.T.);
#340=ORIENTED_EDGE('',*,*,#257,.T.);
#341=ORIENTED_EDGE('',*,*,#261,.T.);
#342=ORIENTED_EDGE('',*,*,#254,.F.);
#343=ORIENTED_EDGE('',*,*,#262,.F.);
#344=ORIENTED_EDGE('',*,*,#263,.F.);
#345=ORIENTED_EDGE('',*,*,#239,.F.);
#346=ORIENTED_EDGE('',*,*,#243,.F.);
#347=ORIENTED_EDGE('',*,*,#246,.F.);
#348=ORIENTED_EDGE('',*,*,#249,.F.);
#349=ORIENTED_EDGE('',*,*,#252,.F.);
#350=ORIENTED_EDGE('',*,*,#255,.F.);
#351=ORIENTED_EDGE('',*,*,#261,.F.);
#352=ORIENTED_EDGE('',*,*,#260,.F.);
#353=ORIENTED_EDGE('',*,*,#264,.F.);
#354=ORIENTED_EDGE('',*,*,#235,.F.);
#355=ORIENTED_EDGE('',*,*,#265,.F.);
#356=ORIENTED_EDGE('',*,*,#233,.F.);
#357=ORIENTED_EDGE('',*,*,#230,.F.);
#358=ORIENTED_EDGE('',*,*,#227,.F.);
#359=ORIENTED_EDGE('',*,*,#224,.F.);
#360=ORIENTED_EDGE('',*,*,#221,.F.);
#361=ORIENTED_EDGE('',*,*,#217,.F.);
#362=ORIENTED_EDGE('',*,*,#266,.F.);
#363=ORIENTED_EDGE('',*,*,#219,.F.);
#364=ORIENTED_EDGE('',*,*,#223,.F.);
#365=ORIENTED_EDGE('',*,*,#226,.F.);
#366=ORIENTED_EDGE('',*,*,#229,.F.);
#367=ORIENTED_EDGE('',*,*,#232,.F.);
#368=ORIENTED_EDGE('',*,*,#267,.F.);
#369=ORIENTED_EDGE('',*,*,#237,.F.);
#370=ORIENTED_EDGE('',*,*,#268,.F.);
#371=ORIENTED_EDGE('',*,*,#258,.T.);
#372=ORIENTED_EDGE('',*,*,#262,.T.);
#373=ORIENTED_EDGE('',*,*,#256,.T.);
#374=ORIENTED_EDGE('',*,*,#253,.T.);
#375=ORIENTED_EDGE('',*,*,#250,.T.);
#376=ORIENTED_EDGE('',*,*,#247,.T.);
#377=ORIENTED_EDGE('',*,*,#244,.T.);
#378=ORIENTED_EDGE('',*,*,#241,.T.);
#379=ORIENTED_EDGE('',*,*,#269,.T.);
#380=ORIENTED_EDGE('',*,*,#270,.T.);
#381=ORIENTED_EDGE('',*,*,#271,.T.);
#382=ORIENTED_EDGE('',*,*,#272,.T.);
#383=ORIENTED_EDGE('',*,*,#273,.T.);
#384=ORIENTED_EDGE('',*,*,#266,.T.);
#385=ORIENTED_EDGE('',*,*,#240,.T.);
#386=ORIENTED_EDGE('',*,*,#263,.T.);
#387=ORIENTED_EDGE('',*,*,#216,.T.);
#388=ORIENTED_EDGE('',*,*,#220,.T.);
#389=ORIENTED_EDGE('',*,*,#234,.T.);
#390=ORIENTED_EDGE('',*,*,#267,.T.);
#391=ORIENTED_EDGE('',*,*,#231,.F.);
#392=ORIENTED_EDGE('',*,*,#265,.T.);
#393=ORIENTED_EDGE('',*,*,#270,.F.);
#394=ORIENTED_EDGE('',*,*,#274,.F.);
#395=ORIENTED_EDGE('',*,*,#275,.F.);
#396=ORIENTED_EDGE('',*,*,#276,.F.);
#397=ORIENTED_EDGE('',*,*,#269,.F.);
#398=ORIENTED_EDGE('',*,*,#277,.F.);
#399=ORIENTED_EDGE('',*,*,#278,.F.);
#400=ORIENTED_EDGE('',*,*,#274,.T.);
#401=ORIENTED_EDGE('',*,*,#276,.T.);
#402=ORIENTED_EDGE('',*,*,#279,.F.);
#403=ORIENTED_EDGE('',*,*,#280,.T.);
#404=ORIENTED_EDGE('',*,*,#271,.F.);
#405=ORIENTED_EDGE('',*,*,#277,.T.);
#406=ORIENTED_EDGE('',*,*,#273,.F.);
#407=ORIENTED_EDGE('',*,*,#281,.F.);
#408=ORIENTED_EDGE('',*,*,#282,.T.);
#409=ORIENTED_EDGE('',*,*,#283,.F.);
#410=ORIENTED_EDGE('',*,*,#281,.T.);
#411=ORIENTED_EDGE('',*,*,#272,.F.);
#412=ORIENTED_EDGE('',*,*,#280,.F.);
#413=ORIENTED_EDGE('',*,*,#279,.T.);
#414=ORIENTED_EDGE('',*,*,#275,.T.);
#415=ORIENTED_EDGE('',*,*,#278,.T.);
#416=ORIENTED_EDGE('',*,*,#282,.F.);
#417=ORIENTED_EDGE('',*,*,#283,.T.);
#418=ORIENTED_EDGE('',*,*,#268,.T.);
#419=ORIENTED_EDGE('',*,*,#236,.T.);
#420=ORIENTED_EDGE('',*,*,#264,.T.);
#421=ORIENTED_EDGE('',*,*,#259,.T.);
#422=CYLINDRICAL_SURFACE('',#465,0.8877);
#423=CYLINDRICAL_SURFACE('',#467,0.8877);
#424=CYLINDRICAL_SURFACE('',#469,0.8877);
#425=CYLINDRICAL_SURFACE('',#470,0.8877);
#426=CYLINDRICAL_SURFACE('',#471,0.8877);
#427=CYLINDRICAL_SURFACE('',#472,0.8877);
#428=CYLINDRICAL_SURFACE('',#473,0.8877);
#429=CYLINDRICAL_SURFACE('',#475,1.14);
#430=CYLINDRICAL_SURFACE('',#477,1.14);
#431=CYLINDRICAL_SURFACE('',#478,1.14);
#432=CYLINDRICAL_SURFACE('',#479,1.14);
#433=CYLINDRICAL_SURFACE('',#480,1.14);
#434=CYLINDRICAL_SURFACE('',#481,1.14);
#435=CYLINDRICAL_SURFACE('',#482,1.14);
#436=CYLINDRICAL_SURFACE('',#484,1.14);
#437=CYLINDRICAL_SURFACE('',#486,0.8877);
#438=ADVANCED_FACE('',(#30),#422,.F.);
#439=ADVANCED_FACE('',(#31),#423,.F.);
#440=ADVANCED_FACE('',(#32),#424,.F.);
#441=ADVANCED_FACE('',(#33),#425,.F.);
#442=ADVANCED_FACE('',(#34),#426,.F.);
#443=ADVANCED_FACE('',(#35),#427,.F.);
#444=ADVANCED_FACE('',(#36),#428,.F.);
#445=ADVANCED_FACE('',(#37),#429,.F.);
#446=ADVANCED_FACE('',(#38),#430,.F.);
#447=ADVANCED_FACE('',(#39),#431,.F.);
#448=ADVANCED_FACE('',(#40),#432,.F.);
#449=ADVANCED_FACE('',(#41),#433,.F.);
#450=ADVANCED_FACE('',(#42),#434,.F.);
#451=ADVANCED_FACE('',(#43),#435,.F.);
#452=ADVANCED_FACE('',(#44),#436,.F.);
#453=ADVANCED_FACE('',(#45),#28,.F.);
#454=ADVANCED_FACE('',(#46),#29,.F.);
#455=ADVANCED_FACE('',(#47,#17),#23,.F.);
#456=ADVANCED_FACE('',(#48),#437,.F.);
#457=ADVANCED_FACE('',(#49),#15,.T.);
#458=ADVANCED_FACE('',(#50),#16,.T.);
#459=ADVANCED_FACE('',(#51),#24,.T.);
#460=ADVANCED_FACE('',(#52),#25,.T.);
#461=ADVANCED_FACE('',(#53),#26,.T.);
#462=ADVANCED_FACE('',(#54,#18),#27,.T.);
#463=CLOSED_SHELL('',(#438,#439,#440,#441,#442,#443,#444,#445,#446,#447,
#448,#449,#450,#451,#452,#453,#454,#455,#456,#457,#458,#459,#460,#461,#462));
#464=AXIS2_PLACEMENT_3D('',#582,#496,#497);
#465=AXIS2_PLACEMENT_3D('',#583,#498,#499);
#466=AXIS2_PLACEMENT_3D('',#588,#501,#502);
#467=AXIS2_PLACEMENT_3D('',#593,#503,#504);
#468=AXIS2_PLACEMENT_3D('',#614,#506,#507);
#469=AXIS2_PLACEMENT_3D('',#637,#508,#509);
#470=AXIS2_PLACEMENT_3D('',#688,#511,#512);
#471=AXIS2_PLACEMENT_3D('',#739,#514,#515);
#472=AXIS2_PLACEMENT_3D('',#787,#517,#518);
#473=AXIS2_PLACEMENT_3D('',#838,#520,#521);
#474=AXIS2_PLACEMENT_3D('',#857,#523,#524);
#475=AXIS2_PLACEMENT_3D('',#877,#525,#526);
#476=AXIS2_PLACEMENT_3D('',#889,#528,#529);
#477=AXIS2_PLACEMENT_3D('',#896,#530,#531);
#478=AXIS2_PLACEMENT_3D('',#921,#533,#534);
#479=AXIS2_PLACEMENT_3D('',#945,#536,#537);
#480=AXIS2_PLACEMENT_3D('',#970,#539,#540);
#481=AXIS2_PLACEMENT_3D('',#995,#542,#543);
#482=AXIS2_PLACEMENT_3D('',#1019,#545,#546);
#483=AXIS2_PLACEMENT_3D('',#1030,#548,#549);
#484=AXIS2_PLACEMENT_3D('',#1036,#550,#551);
#485=AXIS2_PLACEMENT_3D('',#1725,#552,#553);
#486=AXIS2_PLACEMENT_3D('',#1740,#557,#558);
#487=AXIS2_PLACEMENT_3D('',#1741,#559,#560);
#488=AXIS2_PLACEMENT_3D('',#1743,#561,#562);
#489=AXIS2_PLACEMENT_3D('',#1748,#563,#564);
#490=AXIS2_PLACEMENT_3D('',#1749,#565,#566);
#491=AXIS2_PLACEMENT_3D('',#1751,#567,#568);
#492=AXIS2_PLACEMENT_3D('',#1755,#569,#570);
#493=AXIS2_PLACEMENT_3D('',#1759,#573,#574);
#494=AXIS2_PLACEMENT_3D('',#1763,#577,#578);
#495=AXIS2_PLACEMENT_3D('',#1765,#580,#581);
#496=DIRECTION('axis',(0.,0.,1.));
#497=DIRECTION('refdir',(1.,0.,0.));
#498=DIRECTION('center_axis',(0.,1.,-1.01392264970026E-16));
#499=DIRECTION('ref_axis',(1.,0.,-5.93538673971205E-33));
#500=DIRECTION('',(0.,1.,-1.01392264970026E-16));
#501=DIRECTION('center_axis',(-5.04763040961051E-11,1.,2.92213781097928E-11));
#502=DIRECTION('ref_axis',(1.,0.,-5.93538673971205E-33));
#503=DIRECTION('center_axis',(0.,1.,-1.01392264970026E-16));
#504=DIRECTION('ref_axis',(1.,0.,-5.93538673971205E-33));
#505=DIRECTION('',(0.,1.,-1.01392264970026E-16));
#506=DIRECTION('center_axis',(-5.04763040961051E-11,1.,2.92213781097928E-11));
#507=DIRECTION('ref_axis',(1.,0.,-5.93538673971205E-33));
#508=DIRECTION('center_axis',(0.,1.,-1.01392264970026E-16));
#509=DIRECTION('ref_axis',(1.,0.,-5.93538673971205E-33));
#510=DIRECTION('',(0.,1.,-1.01392264970026E-16));
#511=DIRECTION('center_axis',(0.,1.,-1.01392264970026E-16));
#512=DIRECTION('ref_axis',(1.,0.,-5.93538673971205E-33));
#513=DIRECTION('',(0.,1.,-1.01392264970026E-16));
#514=DIRECTION('center_axis',(0.,1.,-1.01392264970026E-16));
#515=DIRECTION('ref_axis',(1.,0.,-5.93538673971205E-33));
#516=DIRECTION('',(0.,1.,-1.01392264970026E-16));
#517=DIRECTION('center_axis',(0.,1.,-1.01392264970026E-16));
#518=DIRECTION('ref_axis',(1.,0.,-5.93538673971205E-33));
#519=DIRECTION('',(0.,1.,-1.01392264970026E-16));
#520=DIRECTION('center_axis',(0.,1.,-1.01392264970026E-16));
#521=DIRECTION('ref_axis',(0.934978704370542,-3.59642269121334E-17,-0.354703851647514));
#522=DIRECTION('',(0.,1.,-1.01392264970026E-16));
#523=DIRECTION('center_axis',(-5.04763040961051E-11,1.,2.92213781097928E-11));
#524=DIRECTION('ref_axis',(1.,0.,-5.93538673971205E-33));
#525=DIRECTION('center_axis',(0.,1.,-1.01392264970026E-16));
#526=DIRECTION('ref_axis',(-0.13075202772565,1.00521822859015E-16,0.991415103397982));
#527=DIRECTION('',(1.22464679914735E-16,1.,-1.01392264970028E-16));
#528=DIRECTION('center_axis',(5.04763040961051E-11,-1.,-2.92213781097928E-11));
#529=DIRECTION('ref_axis',(1.,0.,-1.63421151350551E-14));
#530=DIRECTION('center_axis',(0.,1.,-1.01392264970026E-16));
#531=DIRECTION('ref_axis',(1.,0.,-1.63421151350551E-14));
#532=DIRECTION('',(1.22464679914735E-16,1.,-1.01392264970028E-16));
#533=DIRECTION('center_axis',(0.,1.,-1.01392264970026E-16));
#534=DIRECTION('ref_axis',(1.,0.,-1.63421151350551E-14));
#535=DIRECTION('',(1.22464679914735E-16,1.,-1.01392264970028E-16));
#536=DIRECTION('center_axis',(0.,1.,-1.01392264970026E-16));
#537=DIRECTION('ref_axis',(1.,0.,-1.63421151350551E-14));
#538=DIRECTION('',(1.22464679914735E-16,1.,-1.01392264970028E-16));
#539=DIRECTION('center_axis',(0.,1.,-1.01392264970026E-16));
#540=DIRECTION('ref_axis',(1.,0.,-1.63421151350551E-14));
#541=DIRECTION('',(1.22464679914735E-16,1.,-1.01392264970028E-16));
#542=DIRECTION('center_axis',(0.,1.,-1.01392264970026E-16));
#543=DIRECTION('ref_axis',(1.,0.,-1.63421151350551E-14));
#544=DIRECTION('',(1.22464679914735E-16,1.,-1.01392264970028E-16));
#545=DIRECTION('center_axis',(0.,1.,-1.01392264970026E-16));
#546=DIRECTION('ref_axis',(-0.609016937955231,-8.04200066069678E-17,-0.793157215994178));
#547=DIRECTION('',(1.22464679914735E-16,1.,-1.01392264970028E-16));
#548=DIRECTION('center_axis',(-5.04763040961051E-11,1.,2.92213781097928E-11));
#549=DIRECTION('ref_axis',(1.,0.,-1.63421151350551E-14));
#550=DIRECTION('center_axis',(0.,1.,-1.01392264970026E-16));
#551=DIRECTION('ref_axis',(1.,0.,-1.63421151350551E-14));
#552=DIRECTION('center_axis',(5.04763040961051E-11,-1.,-2.92213781097928E-11));
#553=DIRECTION('ref_axis',(-1.,-5.04763040961051E-11,5.11791273500662E-27));
#554=DIRECTION('',(-1.,5.85388514741902E-17,3.00126966509698E-16));
#555=DIRECTION('',(-2.46716227694479E-16,1.01392264970026E-16,1.));
#556=DIRECTION('',(1.,-5.85388514741902E-17,-3.75155781360594E-16));
#557=DIRECTION('center_axis',(0.,1.,-1.01392264970026E-16));
#558=DIRECTION('ref_axis',(1.,0.,-5.93538673971205E-33));
#559=DIRECTION('center_axis',(7.11805749450483E-17,0.,1.));
#560=DIRECTION('ref_axis',(1.,0.,-5.14907231301076E-17));
#561=DIRECTION('center_axis',(7.11805749450483E-17,0.,1.));
#562=DIRECTION('ref_axis',(1.,0.,-7.11805749450483E-17));
#563=DIRECTION('center_axis',(-3.00126966507988E-16,2.92213475638903E-11,
-1.));
#564=DIRECTION('ref_axis',(1.,0.,-5.14907231301076E-17));
#565=DIRECTION('center_axis',(-7.11805749450483E-17,0.,-1.));
#566=DIRECTION('ref_axis',(1.,0.,-5.14907231301076E-17));
#567=DIRECTION('center_axis',(3.75155781358883E-16,-2.92213475638903E-11,
1.));
#568=DIRECTION('ref_axis',(1.,0.,-5.14907231301076E-17));
#569=DIRECTION('center_axis',(-3.00126966507988E-16,2.92213475638903E-11,
-1.));
#570=DIRECTION('ref_axis',(-1.,5.85388514741902E-17,3.00126966509698E-16));
#571=DIRECTION('',(1.,-5.85388514741902E-17,-3.00126966509698E-16));
#572=DIRECTION('',(-5.04762898145827E-11,1.,2.92213475638903E-11));
#573=DIRECTION('center_axis',(3.75155781358883E-16,-2.92213475638903E-11,
1.));
#574=DIRECTION('ref_axis',(1.,-5.85388514741902E-17,-3.75155781360594E-16));
#575=DIRECTION('',(-5.04762898145827E-11,1.,2.92213475638903E-11));
#576=DIRECTION('',(1.,-5.85388514741902E-17,-3.75155781360594E-16));
#577=DIRECTION('center_axis',(-1.,-5.04762898145827E-11,-2.46716227689361E-16));
#578=DIRECTION('ref_axis',(-2.46716227694479E-16,1.01392264970026E-16,1.));
#579=DIRECTION('',(2.46716227694479E-16,-1.01392264970026E-16,-1.));
#580=DIRECTION('center_axis',(5.04763040961051E-11,-1.,-2.92213781097928E-11));
#581=DIRECTION('ref_axis',(-1.,-5.04763040961051E-11,5.11791273500662E-27));
#582=CARTESIAN_POINT('',(0.,0.,0.));
#583=CARTESIAN_POINT('Origin',(10.4,2.70674095225513,5.06961324850127E-17));
#584=CARTESIAN_POINT('',(9.51311097605397,5.68364474145527,0.000614943959692943));
#585=CARTESIAN_POINT('',(9.5123,5.70674095215429,-1.44768766054529E-16));
#586=CARTESIAN_POINT('',(9.5123,2.70674095225513,1.59408028845323E-16));
#587=CARTESIAN_POINT('',(9.55805993449939,5.70674095212887,0.281332927516199));
#588=CARTESIAN_POINT('Origin',(10.4,5.70674095212887,-2.53480662412263E-16));
#589=CARTESIAN_POINT('Ctrl Pts',(9.55660267442815,5.70674095212887,0.281983846099816));
#590=CARTESIAN_POINT('Ctrl Pts',(9.5267269221733,5.69904221523767,0.191785013958775));
#591=CARTESIAN_POINT('Ctrl Pts',(9.51247811401065,5.69134347834647,0.0962871963246893));
#592=CARTESIAN_POINT('Ctrl Pts',(9.51311097605397,5.68364474145527,0.000614943959692943));
#593=CARTESIAN_POINT('Origin',(10.4,2.70674095225513,5.06961324850127E-17));
#594=CARTESIAN_POINT('',(9.51320500175058,5.23364474145527,-0.000654195996595448));
#595=CARTESIAN_POINT('',(9.51104805647675,5.35483716305498,-0.000415492425775933));
#596=CARTESIAN_POINT('',(9.5123,2.70674095225513,1.59408028845323E-16));
#597=CARTESIAN_POINT('',(10.2226714324665,5.70674095212887,-0.869807949570771));
#598=CARTESIAN_POINT('Ctrl Pts',(9.51104805647675,5.35483716305498,-0.000415492425775933));
#599=CARTESIAN_POINT('Ctrl Pts',(9.51261723962358,5.37681522993445,0.270950685316851));
#600=CARTESIAN_POINT('Ctrl Pts',(9.64599827283739,5.39879329681392,0.543652374229925));
#601=CARTESIAN_POINT('Ctrl Pts',(9.86180360562681,5.42077136369339,0.707776066870806));
#602=CARTESIAN_POINT('Ctrl Pts',(10.0958011425743,5.44460216272968,0.885735245804422));
#603=CARTESIAN_POINT('Ctrl Pts',(10.4267053099085,5.46843296176597,0.936038772132614));
#604=CARTESIAN_POINT('Ctrl Pts',(10.7031756157794,5.49226376080226,0.835804875368175));
#605=CARTESIAN_POINT('Ctrl Pts',(10.9796459216502,5.51609455983855,0.735570978603735));
#606=CARTESIAN_POINT('Ctrl Pts',(11.2016823660578,5.53992535887484,0.484799658746664));
#607=CARTESIAN_POINT('Ctrl Pts',(11.2669915367258,5.56375615791113,0.198057318320375));
#608=CARTESIAN_POINT('Ctrl Pts',(11.3323007073938,5.58758695694742,-0.0886850221059142));
#609=CARTESIAN_POINT('Ctrl Pts',(11.2408826043221,5.61141775598371,-0.411398383101421));
#610=CARTESIAN_POINT('Ctrl Pts',(11.0358304175827,5.63524855502,-0.621430224009863));
#611=CARTESIAN_POINT('Ctrl Pts',(10.8307782308433,5.6590793540563,-0.831462064918304));
#612=CARTESIAN_POINT('Ctrl Pts',(10.5120919604362,5.68291015309258,-0.928812385739681));
#613=CARTESIAN_POINT('Ctrl Pts',(10.2226714324665,5.70674095212887,-0.869807949570773));
#614=CARTESIAN_POINT('Origin',(10.4,5.70674095212887,-2.53480662412263E-16));
#615=CARTESIAN_POINT('Ctrl Pts',(9.51311097605397,5.68364474145527,0.000614943959692943));
#616=CARTESIAN_POINT('Ctrl Pts',(9.51436363217347,5.66840623887645,-0.18875402461131));
#617=CARTESIAN_POINT('Ctrl Pts',(9.57392014805984,5.65316773629763,-0.378806398871911));
#618=CARTESIAN_POINT('Ctrl Pts',(9.68600110246945,5.6379292337188,-0.529802509841567));
#619=CARTESIAN_POINT('Ctrl Pts',(9.86127939418578,5.61409843468251,-0.765938439678902));
#620=CARTESIAN_POINT('Ctrl Pts',(10.1650135815056,5.59026763564623,-0.906556789109456));
#621=CARTESIAN_POINT('Ctrl Pts',(10.4583584369453,5.56643683660994,-0.887240996341669));
#622=CARTESIAN_POINT('Ctrl Pts',(10.751703292385,5.54260603757365,-0.867925203573881));
#623=CARTESIAN_POINT('Ctrl Pts',(11.0346588159444,5.51877523853735,-0.688675268607747));
#624=CARTESIAN_POINT('Ctrl Pts',(11.1774059636096,5.49494443950106,-0.431615901287091));
#625=CARTESIAN_POINT('Ctrl Pts',(11.3201531112749,5.47111364046477,-0.174556533966436));
#626=CARTESIAN_POINT('Ctrl Pts',(11.3226918830458,5.44728284142848,0.160312265708742));
#627=CARTESIAN_POINT('Ctrl Pts',(11.1839459713793,5.42345204239219,0.419548551722663));
#628=CARTESIAN_POINT('Ctrl Pts',(11.0452000597128,5.3996212433559,0.678784837736585));
#629=CARTESIAN_POINT('Ctrl Pts',(10.7651694646088,5.37579044431961,0.86238861008925));
#630=CARTESIAN_POINT('Ctrl Pts',(10.4721198864463,5.35195964528332,0.886234330384242));
#631=CARTESIAN_POINT('Ctrl Pts',(10.1790703082837,5.32812884624703,0.910080050679234));
#632=CARTESIAN_POINT('Ctrl Pts',(9.87300174706259,5.30429804721075,0.774167718916553));
#633=CARTESIAN_POINT('Ctrl Pts',(9.6941789284161,5.28046724817446,0.540771583942033));
#634=CARTESIAN_POINT('Ctrl Pts',(9.57706252210975,5.26485974593473,0.387913482381483));
#635=CARTESIAN_POINT('Ctrl Pts',(9.51452603190625,5.249252243695,0.193241346865574));
#636=CARTESIAN_POINT('Ctrl Pts',(9.51320500175058,5.23364474145527,-0.000654195996595448));
#637=CARTESIAN_POINT('Origin',(10.4,2.70674095225513,5.06961324850127E-17));
#638=CARTESIAN_POINT('',(9.51093818224298,4.78364474145527,-0.000272876725407756));
#639=CARTESIAN_POINT('',(9.51214993418465,4.90483716305498,0.000804675029423519));
#640=CARTESIAN_POINT('',(9.5123,2.70674095225513,1.59408028845323E-16));
#641=CARTESIAN_POINT('Ctrl Pts',(9.51214993418465,4.90483716305498,0.000804675029423519));
#642=CARTESIAN_POINT('Ctrl Pts',(9.51155811467845,4.90999963668042,0.0647458045083744));
#643=CARTESIAN_POINT('Ctrl Pts',(9.51787781952303,4.91516211030586,0.128570913964084));
#644=CARTESIAN_POINT('Ctrl Pts',(9.53154445208691,4.9203245839313,0.19078209506623));
#645=CARTESIAN_POINT('Ctrl Pts',(9.59463180085853,4.94415538296759,0.47795879798432));
#646=CARTESIAN_POINT('Ctrl Pts',(9.81427427271283,4.96798618200388,0.730744424565059));
#647=CARTESIAN_POINT('Ctrl Pts',(10.0898283359604,4.99181698104017,0.833310297572015));
#648=CARTESIAN_POINT('Ctrl Pts',(10.3653823992079,5.01564778007646,0.935876170578971));
#649=CARTESIAN_POINT('Ctrl Pts',(10.6968480538487,5.03947857911275,0.888222290012144));
#650=CARTESIAN_POINT('Ctrl Pts',(10.9323522717087,5.06330937814904,0.712186982605535));
#651=CARTESIAN_POINT('Ctrl Pts',(11.1678564895687,5.08714017718533,0.536151675198926));
#652=CARTESIAN_POINT('Ctrl Pts',(11.3073992706479,5.11097097622162,0.231734940952536));
#653=CARTESIAN_POINT('Ctrl Pts',(11.2870313609347,5.13480177525791,-0.0615848644493601));
#654=CARTESIAN_POINT('Ctrl Pts',(11.2666634512215,5.1586325742942,-0.354904669851256));
#655=CARTESIAN_POINT('Ctrl Pts',(11.0863848507158,5.18246337333049,-0.637127546408658));
#656=CARTESIAN_POINT('Ctrl Pts',(10.8288197441733,5.20629417236678,-0.778926333609094));
#657=CARTESIAN_POINT('Ctrl Pts',(10.5712546376309,5.23012497140307,-0.92072512080953));
#658=CARTESIAN_POINT('Ctrl Pts',(10.2364030250516,5.25395577043936,-0.922099818652999));
#659=CARTESIAN_POINT('Ctrl Pts',(9.97765602594279,5.27778656947565,-0.782443544015469));
#660=CARTESIAN_POINT('Ctrl Pts',(9.718909026834,5.30161736851194,-0.642787269377939));
#661=CARTESIAN_POINT('Ctrl Pts',(9.53626664119572,5.32544816754823,-0.362100022259409));
#662=CARTESIAN_POINT('Ctrl Pts',(9.51349090165704,5.34927896658452,-0.0689489829306239));
#663=CARTESIAN_POINT('Ctrl Pts',(9.51172019539686,5.35113169874134,-0.0461578731343331));
#664=CARTESIAN_POINT('Ctrl Pts',(9.51091577568554,5.35298443089816,-0.0232914280817245));
#665=CARTESIAN_POINT('Ctrl Pts',(9.51104805647675,5.35483716305498,-0.000415492425775933));
#666=CARTESIAN_POINT('Ctrl Pts',(9.51320500175058,5.23364474145527,-0.000654195996595448));
#667=CARTESIAN_POINT('Ctrl Pts',(9.51250897602651,5.22542144465871,-0.102814078596391));
#668=CARTESIAN_POINT('Ctrl Pts',(9.52880658335304,5.21719814786214,-0.204758376267519));
#669=CARTESIAN_POINT('Ctrl Pts',(9.56306836544702,5.20897485106558,-0.300257610279371));
#670=CARTESIAN_POINT('Ctrl Pts',(9.6623576971963,5.18514405202929,-0.577010731339903));
#671=CARTESIAN_POINT('Ctrl Pts',(9.91251343676675,5.16131325299301,-0.799637035274608));
#672=CARTESIAN_POINT('Ctrl Pts',(10.1989198425455,5.13748245395672,-0.866128882546333));
#673=CARTESIAN_POINT('Ctrl Pts',(10.4853262483243,5.11365165492043,-0.932620729818058));
#674=CARTESIAN_POINT('Ctrl Pts',(10.8079833203114,5.08982085588413,-0.842978120426807));
#675=CARTESIAN_POINT('Ctrl Pts',(11.0190455196039,5.06599005684784,-0.63827537057468));
#676=CARTESIAN_POINT('Ctrl Pts',(11.2301077188964,5.04215925781155,-0.433572620722554));
#677=CARTESIAN_POINT('Ctrl Pts',(11.3295750454944,5.01832845877526,-0.113809730409552));
#678=CARTESIAN_POINT('Ctrl Pts',(11.2718729949843,4.99449765973897,0.174497043694471));
#679=CARTESIAN_POINT('Ctrl Pts',(11.2141709444743,4.97066686070268,0.462803817798492));
#680=CARTESIAN_POINT('Ctrl Pts',(10.9992995168564,4.94683606166639,0.719654475693533));
#681=CARTESIAN_POINT('Ctrl Pts',(10.7257124806886,4.9230052626301,0.82735943019961));
#682=CARTESIAN_POINT('Ctrl Pts',(10.4521254445208,4.89917446359381,0.935064384705687));
#683=CARTESIAN_POINT('Ctrl Pts',(10.1198227998032,4.87534366455752,0.8936236358228));
#684=CARTESIAN_POINT('Ctrl Pts',(9.88106692007006,4.85151286552123,0.722025419012017));
#685=CARTESIAN_POINT('Ctrl Pts',(9.6544146560184,4.82889015749925,0.559126292126166));
#686=CARTESIAN_POINT('Ctrl Pts',(9.51206494858471,4.80626744947726,0.278931742880576));
#687=CARTESIAN_POINT('Ctrl Pts',(9.51093818224298,4.78364474145527,-0.000272876725407756));
#688=CARTESIAN_POINT('Origin',(10.4,2.70674095225513,5.06961324850127E-17));
#689=CARTESIAN_POINT('',(9.5123930443095,4.33364474145527,0.000814504593673604));
#690=CARTESIAN_POINT('',(9.51375380969828,4.45483716305498,-5.36822404339346E-5));
#691=CARTESIAN_POINT('',(9.5123,2.70674095225513,1.59408028845323E-16));
#692=CARTESIAN_POINT('Ctrl Pts',(9.51375380969828,4.45483716305498,-5.36822404339346E-5));
#693=CARTESIAN_POINT('Ctrl Pts',(9.51383543839752,4.46701484246268,0.151466556729829));
#694=CARTESIAN_POINT('Ctrl Pts',(9.55066897759569,4.47919252187038,0.303024018843974));
#695=CARTESIAN_POINT('Ctrl Pts',(9.6240294929765,4.49137020127808,0.434145132291782));
#696=CARTESIAN_POINT('Ctrl Pts',(9.76759048195549,4.51520100031437,0.690739250052312));
#697=CARTESIAN_POINT('Ctrl Pts',(10.0510334786132,4.53903179935066,0.869071278260811));
#698=CARTESIAN_POINT('Ctrl Pts',(10.3444841220943,4.56286259838695,0.887428992832048));
#699=CARTESIAN_POINT('Ctrl Pts',(10.6379347655753,4.58669339742324,0.905786707403284));
#700=CARTESIAN_POINT('Ctrl Pts',(10.9413930558796,4.61052419645953,0.764170108337257));
#701=CARTESIAN_POINT('Ctrl Pts',(11.1158137310923,4.63435499549582,0.527468345782291));
#702=CARTESIAN_POINT('Ctrl Pts',(11.290234406305,4.65818579453211,0.290766583227326));
#703=CARTESIAN_POINT('Ctrl Pts',(11.3356174664262,4.6820165935684,-0.0410203428165783));
#704=CARTESIAN_POINT('Ctrl Pts',(11.2311680763834,4.70584739260469,-0.31586693221671));
#705=CARTESIAN_POINT('Ctrl Pts',(11.1267186863406,4.72967819164098,-0.590713521616841));
#706=CARTESIAN_POINT('Ctrl Pts',(10.872436846134,4.75350899067727,-0.808619774373201));
#707=CARTESIAN_POINT('Ctrl Pts',(10.584835533699,4.77733978971356,-0.869740257290242));
#708=CARTESIAN_POINT('Ctrl Pts',(10.297234221264,4.80117058874985,-0.930860740207282));
#709=CARTESIAN_POINT('Ctrl Pts',(9.97631343660071,4.82500138778614,-0.835195453285009));
#710=CARTESIAN_POINT('Ctrl Pts',(9.76911915711353,4.84883218682243,-0.626578920196156));
#711=CARTESIAN_POINT('Ctrl Pts',(9.60680944073167,4.86750051223328,-0.463155053465734));
#712=CARTESIAN_POINT('Ctrl Pts',(9.51429004761243,4.88616883764413,-0.230416615161397));
#713=CARTESIAN_POINT('Ctrl Pts',(9.51214993418465,4.90483716305498,0.000804675029423519));
#714=CARTESIAN_POINT('Ctrl Pts',(9.51093818224298,4.78364474145527,-0.000272876725407756));
#715=CARTESIAN_POINT('Ctrl Pts',(9.51087801100746,4.78243665044097,-0.0151828774101366));
#716=CARTESIAN_POINT('Ctrl Pts',(9.51122057106755,4.78122855942667,-0.030090055071614));
#717=CARTESIAN_POINT('Ctrl Pts',(9.51197453070497,4.78002046841236,-0.044976396290559));
#718=CARTESIAN_POINT('Ctrl Pts',(9.52684713582168,4.75618966937607,-0.33862431004366));
#719=CARTESIAN_POINT('Ctrl Pts',(9.70180146080372,4.73235887033978,-0.624164452811182));
#720=CARTESIAN_POINT('Ctrl Pts',(9.95667310674917,4.70852807130349,-0.770761605667769));
#721=CARTESIAN_POINT('Ctrl Pts',(10.2115447526946,4.6846972722672,-0.917358758524355));
#722=CARTESIAN_POINT('Ctrl Pts',(10.5463337196035,4.66086647323091,-0.925012921470004));
#723=CARTESIAN_POINT('Ctrl Pts',(10.8076387827277,4.63703567419462,-0.790216934450686));
#724=CARTESIAN_POINT('Ctrl Pts',(11.0689438458519,4.61320487515833,-0.655420947431369));
#725=CARTESIAN_POINT('Ctrl Pts',(11.2567650051915,4.58937407612204,-0.378174810447084));
#726=CARTESIAN_POINT('Ctrl Pts',(11.2850421569215,4.56554327708575,-0.0855134150465429));
#727=CARTESIAN_POINT('Ctrl Pts',(11.3133193086516,4.54171247804946,0.207147980353999));
#728=CARTESIAN_POINT('Ctrl Pts',(11.1820524527722,4.51788167901317,0.515224634170801));
#729=CARTESIAN_POINT('Ctrl Pts',(10.9513883820487,4.49405087997688,0.697555035207156));
#730=CARTESIAN_POINT('Ctrl Pts',(10.7207243113252,4.47022008094059,0.87988543624351));
#731=CARTESIAN_POINT('Ctrl Pts',(10.3906630257575,4.4463892819043,0.93646958449942));
#732=CARTESIAN_POINT('Ctrl Pts',(10.1124394604732,4.42255848286801,0.841380478220899));
#733=CARTESIAN_POINT('Ctrl Pts',(9.83421589518897,4.39872768383172,0.746291371942378));
#734=CARTESIAN_POINT('Ctrl Pts',(9.60783005018806,4.37489688479543,0.499529011129425));
#735=CARTESIAN_POINT('Ctrl Pts',(9.53701249496539,4.35106608575914,0.214160541119272));
#736=CARTESIAN_POINT('Ctrl Pts',(9.51975559685896,4.34525897099118,0.144621645088921));
#737=CARTESIAN_POINT('Ctrl Pts',(9.51173641647254,4.33945185622323,0.0727903002597828));
#738=CARTESIAN_POINT('Ctrl Pts',(9.5123930443095,4.33364474145527,0.000814504593673604));
#739=CARTESIAN_POINT('Origin',(10.4,2.70674095225513,5.06961324850127E-17));
#740=CARTESIAN_POINT('',(9.51372180761649,3.88364474145527,-0.000184203121363635));
#741=CARTESIAN_POINT('',(9.51195307662844,4.00483716305498,-0.000779983371347894));
#742=CARTESIAN_POINT('',(9.5123,2.70674095225513,1.59408028845323E-16));
#743=CARTESIAN_POINT('Ctrl Pts',(9.51195307662844,4.00483716305498,-0.000779983371347894));
#744=CARTESIAN_POINT('Ctrl Pts',(9.51413520072492,4.02403004824494,0.236802637403365));
#745=CARTESIAN_POINT('Ctrl Pts',(9.61251628616349,4.0432229334349,0.475979708058527));
#746=CARTESIAN_POINT('Ctrl Pts',(9.78303776048002,4.06241581862486,0.640288848273081));
#747=CARTESIAN_POINT('Ctrl Pts',(9.99476533273348,4.08624661766115,0.844302891056343));
#748=CARTESIAN_POINT('Ctrl Pts',(10.3177109244104,4.11007741669744,0.932893894520732));
#749=CARTESIAN_POINT('Ctrl Pts',(10.6039000384824,4.13390821573373,0.865469231394981));
#750=CARTESIAN_POINT('Ctrl Pts',(10.8900891525543,4.15773901477002,0.79804456826923));
#751=CARTESIAN_POINT('Ctrl Pts',(11.1395217890213,4.18156981380631,0.57460423855334));
#752=CARTESIAN_POINT('Ctrl Pts',(11.2379072763455,4.2054006128426,0.29752917581926));
#753=CARTESIAN_POINT('Ctrl Pts',(11.3362927636696,4.22923141187889,0.0204541130851825));
#754=CARTESIAN_POINT('Ctrl Pts',(11.283631101851,4.25306221091518,-0.310255682667084));
#755=CARTESIAN_POINT('Ctrl Pts',(11.1040519956791,4.27689300995147,-0.543068138818421));
#756=CARTESIAN_POINT('Ctrl Pts',(10.9244728895071,4.30072380898776,-0.775880594969759));
#757=CARTESIAN_POINT('Ctrl Pts',(10.6179763389818,4.32455460802405,-0.910795711520166));
#758=CARTESIAN_POINT('Ctrl Pts',(10.3249998558759,4.34838540706034,-0.885995031799251));
#759=CARTESIAN_POINT('Ctrl Pts',(10.03202337277,4.37221620609663,-0.861194352078336));
#760=CARTESIAN_POINT('Ctrl Pts',(9.75256695708348,4.39604700513292,-0.676677876086101));
#761=CARTESIAN_POINT('Ctrl Pts',(9.61467823989036,4.41987780416921,-0.416991534433705));
#762=CARTESIAN_POINT('Ctrl Pts',(9.54725147361042,4.4315309237978,-0.290006450946658));
#763=CARTESIAN_POINT('Ctrl Pts',(9.51367569719707,4.44318404342639,-0.145047109293262));
#764=CARTESIAN_POINT('Ctrl Pts',(9.51375380969828,4.45483716305498,-5.36822404339346E-5));
#765=CARTESIAN_POINT('Ctrl Pts',(9.5123930443095,4.33364474145527,0.000814504593673604));
#766=CARTESIAN_POINT('Ctrl Pts',(9.51443103620188,4.31562105718694,-0.222578534442972));
#767=CARTESIAN_POINT('Ctrl Pts',(9.60004400533483,4.29759737291861,-0.447363083653818));
#768=CARTESIAN_POINT('Ctrl Pts',(9.7524316973411,4.27957368865027,-0.609317213429878));
#769=CARTESIAN_POINT('Ctrl Pts',(9.95391772038388,4.25574288961398,-0.823451918761528));
#770=CARTESIAN_POINT('Ctrl Pts',(10.2721390319139,4.23191209057769,-0.927746750217475));
#771=CARTESIAN_POINT('Ctrl Pts',(10.5612858107026,4.2080812915414,-0.874413551178362));
#772=CARTESIAN_POINT('Ctrl Pts',(10.8504325894913,4.18425049250511,-0.821080352139248));
#773=CARTESIAN_POINT('Ctrl Pts',(11.1105048355388,4.16041969346882,-0.610119122605075));
#774=CARTESIAN_POINT('Ctrl Pts',(11.2223367802773,4.13658889443253,-0.338192833790688));
#775=CARTESIAN_POINT('Ctrl Pts',(11.3341687250157,4.11275809539624,-0.0662665449762992));
#776=CARTESIAN_POINT('Ctrl Pts',(11.297760368445,4.08892729635995,0.266624803118306));
#777=CARTESIAN_POINT('Ctrl Pts',(11.129794112364,4.06509649732366,0.507949533477498));
#778=CARTESIAN_POINT('Ctrl Pts',(10.9618278562829,4.04126569828737,0.749274263836685));
#779=CARTESIAN_POINT('Ctrl Pts',(10.6623037006914,4.01743489925108,0.899032376460465));
#780=CARTESIAN_POINT('Ctrl Pts',(10.3684643812175,3.99360410021479,0.888604337390514));
#781=CARTESIAN_POINT('Ctrl Pts',(10.0746250617436,3.9697733011785,0.878176298320564));
#782=CARTESIAN_POINT('Ctrl Pts',(9.78647057838712,3.94594250214221,0.70756210755688));
#783=CARTESIAN_POINT('Ctrl Pts',(9.63603405296811,3.92211170310592,0.454937591821148));
#784=CARTESIAN_POINT('Ctrl Pts',(9.55509067593549,3.90928938255571,0.319011284244402));
#785=CARTESIAN_POINT('Ctrl Pts',(9.51401733468195,3.89646706200549,0.159342578509418));
#786=CARTESIAN_POINT('Ctrl Pts',(9.51372180761649,3.88364474145527,-0.000184203121363635));
#787=CARTESIAN_POINT('Origin',(10.4,2.70674095225513,5.06961324850127E-17));
#788=CARTESIAN_POINT('',(9.51171620813285,3.43364474145527,-0.000729425986362494));
#789=CARTESIAN_POINT('',(9.51119556107759,3.55483716305498,0.00050395863621199));
#790=CARTESIAN_POINT('',(9.5123,2.70674095225513,1.59408028845323E-16));
#791=CARTESIAN_POINT('Ctrl Pts',(9.51119556107759,3.55483716305498,0.00050395863621199));
#792=CARTESIAN_POINT('Ctrl Pts',(9.5109963771356,3.55721445499091,0.0298665046755894));
#793=CARTESIAN_POINT('Ctrl Pts',(9.51232513269678,3.55959174692684,0.0592108021527991));
#794=CARTESIAN_POINT('Ctrl Pts',(9.51524108081237,3.56196903886277,0.0883965213389482));
#795=CARTESIAN_POINT('Ctrl Pts',(9.5444715562506,3.58579983789906,0.380964294839115));
#796=CARTESIAN_POINT('Ctrl Pts',(9.73319509217784,3.60963063693535,0.657596927452729));
#797=CARTESIAN_POINT('Ctrl Pts',(9.99493795468218,3.63346143597164,0.791540834616607));
#798=CARTESIAN_POINT('Ctrl Pts',(10.2566808171865,3.65729223500793,0.925484741780484));
#799=CARTESIAN_POINT('Ctrl Pts',(10.591443006268,3.68112303404422,0.916739923494628));
#800=CARTESIAN_POINT('Ctrl Pts',(10.8458356949219,3.70495383308051,0.769313176250105));
#801=CARTESIAN_POINT('Ctrl Pts',(11.1002283835759,3.7287846321168,0.621886429005582));
#802=CARTESIAN_POINT('Ctrl Pts',(11.2742515718025,3.75261543115309,0.335777752802391));
#803=CARTESIAN_POINT('Ctrl Pts',(11.2881673551694,3.77644623018938,0.0420829285388071));
#804=CARTESIAN_POINT('Ctrl Pts',(11.3020831385363,3.80027702922566,-0.251611895724775));
#805=CARTESIAN_POINT('Ctrl Pts',(11.1558915170435,3.82410782826196,-0.552892868048749));
#806=CARTESIAN_POINT('Ctrl Pts',(10.916577883581,3.84793862729825,-0.72371230256644));
#807=CARTESIAN_POINT('Ctrl Pts',(10.6772642501185,3.87176942633454,-0.894531737084132));
#808=CARTESIAN_POINT('Ctrl Pts',(10.3448286046863,3.89560022537083,-0.934889633795539));
#809=CARTESIAN_POINT('Ctrl Pts',(10.0715938025222,3.91943102440712,-0.826293886852494));
#810=CARTESIAN_POINT('Ctrl Pts',(9.79835900035822,3.94326182344341,-0.717698139909448));
#811=CARTESIAN_POINT('Ctrl Pts',(9.58432504146246,3.9670926224797,-0.460148749311947));
#812=CARTESIAN_POINT('Ctrl Pts',(9.52756283842955,3.99092342151599,-0.171655512962128));
#813=CARTESIAN_POINT('Ctrl Pts',(9.51651586484743,3.99556133536232,-0.115509398289182));
#814=CARTESIAN_POINT('Ctrl Pts',(9.51142577166823,4.00019924920865,-0.0581912436187092));
#815=CARTESIAN_POINT('Ctrl Pts',(9.51195307662844,4.00483716305498,-0.000779983371347894));
#816=CARTESIAN_POINT('Ctrl Pts',(9.51372180761649,3.88364474145527,-0.000184203121363635));
#817=CARTESIAN_POINT('Ctrl Pts',(9.51346808573132,3.8726362629692,-0.137144368534308));
#818=CARTESIAN_POINT('Ctrl Pts',(9.5432713394659,3.86162778448312,-0.273999922912432));
#819=CARTESIAN_POINT('Ctrl Pts',(9.60370603154493,3.85061930599705,-0.395636326508412));
#820=CARTESIAN_POINT('Ctrl Pts',(9.73453310302235,3.82678850696076,-0.658950888394464));
#821=CARTESIAN_POINT('Ctrl Pts',(10.0089058134588,3.80295770792447,-0.85094517145879));
#822=CARTESIAN_POINT('Ctrl Pts',(10.3011058826624,3.77912690888818,-0.883647024493356));
#823=CARTESIAN_POINT('Ctrl Pts',(10.5933059518661,3.75529610985189,-0.916348877527921));
#824=CARTESIAN_POINT('Ctrl Pts',(10.9033333798369,3.7314653108156,-0.789758300532726));
#825=CARTESIAN_POINT('Ctrl Pts',(11.0891328079413,3.70763451177931,-0.561879186448409));
#826=CARTESIAN_POINT('Ctrl Pts',(11.2749322360458,3.68380371274302,-0.334000072364093));
#827=CARTESIAN_POINT('Ctrl Pts',(11.3365036642838,3.65997291370673,-0.00483242119065676));
#828=CARTESIAN_POINT('Ctrl Pts',(11.2456349009118,3.63614211467044,0.274797855116243));
#829=CARTESIAN_POINT('Ctrl Pts',(11.1547661375398,3.61231131563415,0.554428131423144));
#830=CARTESIAN_POINT('Ctrl Pts',(10.9114571825577,3.58848051659786,0.784521032863508));
#831=CARTESIAN_POINT('Ctrl Pts',(10.6271928331649,3.56464971756157,0.859648273539592));
#832=CARTESIAN_POINT('Ctrl Pts',(10.3429284837721,3.54081891852528,0.934775514215676));
#833=CARTESIAN_POINT('Ctrl Pts',(10.0177087399685,3.51698811948899,0.85493709412748));
#834=CARTESIAN_POINT('Ctrl Pts',(9.80055010039494,3.4931573204527,0.65671350061301));
#835=CARTESIAN_POINT('Ctrl Pts',(9.61978023932968,3.47331979412022,0.491705783076013));
#836=CARTESIAN_POINT('Ctrl Pts',(9.51389061779982,3.45348226778775,0.244663829383843));
#837=CARTESIAN_POINT('Ctrl Pts',(9.51171620813285,3.43364474145527,-0.000729425986362494));
#838=CARTESIAN_POINT('Origin',(10.4,2.70674095225513,5.06961324850127E-17));
#839=CARTESIAN_POINT('',(9.51138573729611,2.98364474145527,0.000582890779926293));
#840=CARTESIAN_POINT('',(9.51349371795932,3.10483716305498,0.000481002080157506));
#841=CARTESIAN_POINT('',(9.5123,2.70674095225513,1.59408028845323E-16));
#842=CARTESIAN_POINT('',(11.0646114959378,2.70674095225513,0.588475020257743));
#843=CARTESIAN_POINT('Ctrl Pts',(9.51138573729611,2.98364474145527,0.000582890779926293));
#844=CARTESIAN_POINT('Ctrl Pts',(9.5134028001774,2.96283587549743,-0.256513205855498));
#845=CARTESIAN_POINT('Ctrl Pts',(9.63125623999986,2.94202700953958,-0.515153223459542));
#846=CARTESIAN_POINT('Ctrl Pts',(9.82775959306867,2.92121814358174,-0.680460169138742));
#847=CARTESIAN_POINT('Ctrl Pts',(10.0527998199809,2.89738734454545,-0.869773542090651));
#848=CARTESIAN_POINT('Ctrl Pts',(10.3809922792586,2.87355654550916,-0.936677184056401));
#849=CARTESIAN_POINT('Ctrl Pts',(10.6619730471466,2.84972574647287,-0.849865384526101));
#850=CARTESIAN_POINT('Ctrl Pts',(10.9429538150347,2.82589494743658,-0.763053584995802));
#851=CARTESIAN_POINT('Ctrl Pts',(11.1767228915331,2.80206414840029,-0.522526343969453));
#852=CARTESIAN_POINT('Ctrl Pts',(11.2560897130171,2.778233349364,-0.239930020448269));
#853=CARTESIAN_POINT('Ctrl Pts',(11.3354565345011,2.75440255032771,0.0426663030729153));
#854=CARTESIAN_POINT('Ctrl Pts',(11.2604211009707,2.73057175129142,0.367331709088934));
#855=CARTESIAN_POINT('Ctrl Pts',(11.0646114959378,2.70674095225513,0.588475020257743));
#856=CARTESIAN_POINT('',(9.73409920588031,2.70674095234813,0.589409301074604));
#857=CARTESIAN_POINT('Origin',(10.4,2.70674095212887,5.06961324978139E-17));
#858=CARTESIAN_POINT('Ctrl Pts',(9.73409613292287,2.70674095225512,0.589411526452533));
#859=CARTESIAN_POINT('Ctrl Pts',(9.92232140356704,2.72967819172515,0.800863715592446));
#860=CARTESIAN_POINT('Ctrl Pts',(10.2206381474144,2.75261543119517,0.915705322380796));
#861=CARTESIAN_POINT('Ctrl Pts',(10.5018229842885,2.7755526706652,0.883242505523255));
#862=CARTESIAN_POINT('Ctrl Pts',(10.7939618595161,2.79938346970149,0.849515043868813));
#863=CARTESIAN_POINT('Ctrl Pts',(11.0676080222131,2.82321426873777,0.656782611825295));
#864=CARTESIAN_POINT('Ctrl Pts',(11.1975524843072,2.84704506777406,0.393080595459631));
#865=CARTESIAN_POINT('Ctrl Pts',(11.3274969464012,2.87087586681035,0.129378579093965));
#866=CARTESIAN_POINT('Ctrl Pts',(11.3137397078925,2.89470666584665,-0.205293021593848));
#867=CARTESIAN_POINT('Ctrl Pts',(11.162493335979,2.91853746488294,-0.4574453587912));
#868=CARTESIAN_POINT('Ctrl Pts',(11.0112469640655,2.94236826391923,-0.709597695988553));
#869=CARTESIAN_POINT('Ctrl Pts',(10.7225114587473,2.96619906295551,-0.879230769695444));
#870=CARTESIAN_POINT('Ctrl Pts',(10.4286332860253,2.9900298619918,-0.888691435159199));
#871=CARTESIAN_POINT('Ctrl Pts',(10.1347551133033,3.01386066102809,-0.898152100622954));
#872=CARTESIAN_POINT('Ctrl Pts',(9.83573427317755,3.03769146006438,-0.747440357843573));
#873=CARTESIAN_POINT('Ctrl Pts',(9.66855847912315,3.06152225910068,-0.505574829001555));
#874=CARTESIAN_POINT('Ctrl Pts',(9.56727213601839,3.07596056041878,-0.359036419669787));
#875=CARTESIAN_POINT('Ctrl Pts',(9.51438283392626,3.09039886173688,-0.179037719989741));
#876=CARTESIAN_POINT('Ctrl Pts',(9.51349371795932,3.10483716305498,0.000481002080157506));
#877=CARTESIAN_POINT('Origin',(10.4,1.71297926853873,1.51455880437444E-16));
#878=CARTESIAN_POINT('',(9.25839223204179,5.50050263597152,-0.000533582702898529));
#879=CARTESIAN_POINT('',(9.26104146975501,5.53797926853873,0.000789721881339232));
#880=CARTESIAN_POINT('',(9.26,1.71297926853873,1.89210768695031E-14));
#881=CARTESIAN_POINT('',(11.2062332221782,5.70674095212887,0.805970217474689));
#882=CARTESIAN_POINT('Ctrl Pts',(9.26104146975501,5.53797926853873,0.000789721881339286));
#883=CARTESIAN_POINT('Ctrl Pts',(9.26013440674688,5.5465715649962,0.137914016095736));
#884=CARTESIAN_POINT('Ctrl Pts',(9.34654029057396,5.57899466048996,0.654300652241384));
#885=CARTESIAN_POINT('Ctrl Pts',(10.1174348002097,5.63524855502,1.31731232506279));
#886=CARTESIAN_POINT('Ctrl Pts',(10.9380541074846,5.68291015309258,1.07423684454409));
#887=CARTESIAN_POINT('Ctrl Pts',(11.2062332221782,5.70674095212887,0.805970217474683));
#888=CARTESIAN_POINT('',(11.5031245083789,5.70674095211076,0.295567836713519));
#889=CARTESIAN_POINT('Origin',(10.4,5.70674095212887,-2.53480662412263E-16));
#890=CARTESIAN_POINT('Ctrl Pts',(9.25839223204179,5.50050263597153,-0.000533582702898533));
#891=CARTESIAN_POINT('Ctrl Pts',(9.26040740472107,5.522480702851,0.347959649950687));
#892=CARTESIAN_POINT('Ctrl Pts',(9.6174275795021,5.56828956876676,1.07789854975483));
#893=CARTESIAN_POINT('Ctrl Pts',(10.8433143640912,5.63703567415253,1.26425591309891));
#894=CARTESIAN_POINT('Ctrl Pts',(11.4080529032417,5.68380371265885,0.646467265083248));
#895=CARTESIAN_POINT('Ctrl Pts',(11.5031293152709,5.70674095212887,0.295568633490777));
#896=CARTESIAN_POINT('Origin',(10.4,1.71297926853873,1.51455880437444E-16));
#897=CARTESIAN_POINT('',(9.25980728283261,5.05050263597152,0.00103337786817481));
#898=CARTESIAN_POINT('',(9.26116221921332,5.08797926853873,-0.000840130039537083));
#899=CARTESIAN_POINT('',(9.26,1.71297926853873,1.89210768695031E-14));
#900=CARTESIAN_POINT('Ctrl Pts',(9.26116221921332,5.08797926853873,-0.000840130039536993));
#901=CARTESIAN_POINT('Ctrl Pts',(9.26285870944365,5.10358677077846,0.248163946633738));
#902=CARTESIAN_POINT('Ctrl Pts',(9.46579369695786,5.14302507205447,0.879887717215221));
#903=CARTESIAN_POINT('Ctrl Pts',(10.509336838161,5.20629417236679,1.34328186998286));
#904=CARTESIAN_POINT('Ctrl Pts',(11.5881975289976,5.27778656947564,0.635920259702228));
#905=CARTESIAN_POINT('Ctrl Pts',(11.5784165225126,5.34927896658453,-0.654213000283246));
#906=CARTESIAN_POINT('Ctrl Pts',(10.4882870975116,5.42077136369339,-1.34480078622915));
#907=CARTESIAN_POINT('Ctrl Pts',(9.45874278215245,5.48367146434479,-0.868157628049002));
#908=CARTESIAN_POINT('Ctrl Pts',(9.2626501528419,5.52274076595991,-0.242401248233506));
#909=CARTESIAN_POINT('Ctrl Pts',(9.26104146975501,5.53797926853873,0.000789721881339286));
#910=CARTESIAN_POINT('Ctrl Pts',(9.25980728283261,5.05050263597152,0.00103337786817491));
#911=CARTESIAN_POINT('Ctrl Pts',(9.2590472577824,5.05566510959696,0.0831477043365675));
#912=CARTESIAN_POINT('Ctrl Pts',(9.30462731025655,5.08465838225869,0.543478037745916));
#913=CARTESIAN_POINT('Ctrl Pts',(9.92986942526365,5.13748245395671,1.26306664222847));
#914=CARTESIAN_POINT('Ctrl Pts',(11.206891548584,5.20897485106559,1.07947277995681));
#915=CARTESIAN_POINT('Ctrl Pts',(11.7445014520321,5.28046724817445,-0.0933392411343842));
#916=CARTESIAN_POINT('Ctrl Pts',(11.0499505747883,5.35195964528332,-1.18064603152113));
#917=CARTESIAN_POINT('Ctrl Pts',(9.75988353071803,5.42345204239219,-1.18594226518641));
#918=CARTESIAN_POINT('Ctrl Pts',(9.2725430277792,5.4729663726216,-0.436990899372708));
#919=CARTESIAN_POINT('Ctrl Pts',(9.25822235471614,5.49864990381471,-0.029911262828829));
#920=CARTESIAN_POINT('Ctrl Pts',(9.25839223204179,5.50050263597153,-0.000533582702898533));
#921=CARTESIAN_POINT('Origin',(10.4,1.71297926853873,1.51455880437444E-16));
#922=CARTESIAN_POINT('',(9.26186700806133,4.60050263597152,-6.89396801621667E-5));
#923=CARTESIAN_POINT('',(9.25825112961248,4.63797926853873,-0.000350433104604618));
#924=CARTESIAN_POINT('',(9.26,1.71297926853873,1.89210768695031E-14));
#925=CARTESIAN_POINT('Ctrl Pts',(9.25825112961248,4.63797926853873,-0.000350433104604625));
#926=CARTESIAN_POINT('Ctrl Pts',(9.25969814282592,4.66060197656071,0.358209064868607));
#927=CARTESIAN_POINT('Ctrl Pts',(9.63507641164922,4.707055483619,1.09708620571926));
#928=CARTESIAN_POINT('Ctrl Pts',(10.8936893339324,4.77733978971356,1.25404511917424));
#929=CARTESIAN_POINT('Ctrl Pts',(11.7215143676751,4.84883218682243,0.264488681187256));
#930=CARTESIAN_POINT('Ctrl Pts',(11.3383012810862,4.9203245839313,-0.967446752935152));
#931=CARTESIAN_POINT('Ctrl Pts',(10.0952155694766,4.99181698104017,-1.31280861405724));
#932=CARTESIAN_POINT('Ctrl Pts',(9.34185144127994,5.04770187590932,-0.642351595299972));
#933=CARTESIAN_POINT('Ctrl Pts',(9.26026837069981,5.07975597174217,-0.132035653486393));
#934=CARTESIAN_POINT('Ctrl Pts',(9.26116221921332,5.08797926853873,-0.000840130039536993));
#935=CARTESIAN_POINT('Ctrl Pts',(9.26186700806132,4.60050263597152,-6.89396801620799E-5));
#936=CARTESIAN_POINT('Ctrl Pts',(9.26197183707692,4.61268031537922,0.194516024188369));
#937=CARTESIAN_POINT('Ctrl Pts',(9.40184110956431,4.64868879382321,0.770030417521323));
#938=CARTESIAN_POINT('Ctrl Pts',(10.3158535336362,4.70852807130349,1.34509380350909));
#939=CARTESIAN_POINT('Ctrl Pts',(11.4849730028722,4.78002046841236,0.799494199131692));
#940=CARTESIAN_POINT('Ctrl Pts',(11.6598181821155,4.85151286552123,-0.478765671399066));
#941=CARTESIAN_POINT('Ctrl Pts',(10.680158507105,4.9230052626301,-1.31828283308291));
#942=CARTESIAN_POINT('Ctrl Pts',(9.53304242387111,4.98933518611353,-0.9763318143888));
#943=CARTESIAN_POINT('Ctrl Pts',(9.26255565425049,5.03183431056067,-0.295905081991626));
#944=CARTESIAN_POINT('Ctrl Pts',(9.25980728283261,5.05050263597152,0.00103337786817491));
#945=CARTESIAN_POINT('Origin',(10.4,1.71297926853873,1.51455880437444E-16));
#946=CARTESIAN_POINT('',(9.25955447488613,4.15050263597152,-0.00100166840523778));
#947=CARTESIAN_POINT('',(9.26011948914367,4.18797926853873,0.00104600116794866));
#948=CARTESIAN_POINT('',(9.26,1.71297926853873,1.89210768695031E-14));
#949=CARTESIAN_POINT('Ctrl Pts',(9.26011948914367,4.18797926853873,0.00104600116794862));
#950=CARTESIAN_POINT('Ctrl Pts',(9.25927623609181,4.19378638330669,0.0934785876942126));
#951=CARTESIAN_POINT('Ctrl Pts',(9.31183629407317,4.22342429711093,0.564282269263854));
#952=CARTESIAN_POINT('Ctrl Pts',(9.9641387673949,4.27689300995147,1.2752971221596));
#953=CARTESIAN_POINT('Ctrl Pts',(11.2357503441003,4.34838540706033,1.05729803796988));
#954=CARTESIAN_POINT('Ctrl Pts',(11.7414759801344,4.41987780416921,-0.129614382953244));
#955=CARTESIAN_POINT('Ctrl Pts',(11.0178662415502,4.49137020127807,-1.19774752307519));
#956=CARTESIAN_POINT('Ctrl Pts',(9.72804054950521,4.56286259838696,-1.16825868982734));
#957=CARTESIAN_POINT('Ctrl Pts',(9.26729167166055,4.61173228747383,-0.416277849266577));
#958=CARTESIAN_POINT('Ctrl Pts',(9.25817385665033,4.63677117752442,-0.0194981190126714));
#959=CARTESIAN_POINT('Ctrl Pts',(9.25825112961248,4.63797926853873,-0.000350433104604625));
#960=CARTESIAN_POINT('Ctrl Pts',(9.25955447488613,4.15050263597152,-0.00100166840523779));
#961=CARTESIAN_POINT('Ctrl Pts',(9.2623567971459,4.16969552116148,0.304106124411222));
#962=CARTESIAN_POINT('Ctrl Pts',(9.545572659228,4.21271920538773,0.992640307114149));
#963=CARTESIAN_POINT('Ctrl Pts',(10.7090553434039,4.27957368865027,1.31180892610458));
#964=CARTESIAN_POINT('Ctrl Pts',(11.6700327194509,4.35106608575914,0.450970886644919));
#965=CARTESIAN_POINT('Ctrl Pts',(11.4671456141005,4.42255848286801,-0.823139174719007));
#966=CARTESIAN_POINT('Ctrl Pts',(10.2863207827423,4.49405087997688,-1.34292029289225));
#967=CARTESIAN_POINT('Ctrl Pts',(9.39306347175149,4.55336559767805,-0.753129964502603));
#968=CARTESIAN_POINT('Ctrl Pts',(9.26176669460928,4.58884951634293,-0.186272056544225));
#969=CARTESIAN_POINT('Ctrl Pts',(9.26186700806132,4.60050263597152,-6.89396801620799E-5));
#970=CARTESIAN_POINT('Origin',(10.4,1.71297926853873,1.51455880437444E-16));
#971=CARTESIAN_POINT('',(9.25858166005232,3.70050263597152,0.000647192571009425));
#972=CARTESIAN_POINT('',(9.26182591042333,3.73797926853873,-0.00023655689800355));
#973=CARTESIAN_POINT('',(9.26,1.71297926853873,1.89210768695031E-14));
#974=CARTESIAN_POINT('Ctrl Pts',(9.26182591042333,3.73797926853873,-0.000236556898003601));
#975=CARTESIAN_POINT('Ctrl Pts',(9.26220543149422,3.75080158908895,0.204630550299351));
#976=CARTESIAN_POINT('Ctrl Pts',(9.41298516763593,3.78745470867545,0.79077242690487));
#977=CARTESIAN_POINT('Ctrl Pts',(10.3522008352078,3.84793862729825,1.34687524789461));
#978=CARTESIAN_POINT('Ctrl Pts',(11.5061634488417,3.91943102440712,0.769909217508965));
#979=CARTESIAN_POINT('Ctrl Pts',(11.6464322102156,3.99092342151599,-0.512605607863952));
#980=CARTESIAN_POINT('Ctrl Pts',(10.6444641112155,4.06241581862485,-1.32536600552856));
#981=CARTESIAN_POINT('Ctrl Pts',(9.51805187515343,4.12810110096577,-0.956192194556638));
#982=CARTESIAN_POINT('Ctrl Pts',(9.26273671428427,4.1699555842704,-0.285839280460728));
#983=CARTESIAN_POINT('Ctrl Pts',(9.26011948914367,4.18797926853873,0.00104600116794862));
#984=CARTESIAN_POINT('Ctrl Pts',(9.25858166005232,3.70050263597152,0.000647192571009468));
#985=CARTESIAN_POINT('Ctrl Pts',(9.2583258645202,3.70287992790745,0.0383550921822384));
#986=CARTESIAN_POINT('Ctrl Pts',(9.2771379349938,3.72908801887967,0.453801701223299));
#987=CARTESIAN_POINT('Ctrl Pts',(9.78603946833368,3.77912690888818,1.19975408186958));
#988=CARTESIAN_POINT('Ctrl Pts',(11.0757619947035,3.85061930599705,1.16606333213698));
#989=CARTESIAN_POINT('Ctrl Pts',(11.7462129395439,3.92211170310592,0.0637859043855929));
#990=CARTESIAN_POINT('Ctrl Pts',(11.1829873616401,3.99360410021479,-1.09694511436849));
#991=CARTESIAN_POINT('Ctrl Pts',(9.90222820046139,4.06509649732366,-1.25243008311132));
#992=CARTESIAN_POINT('Ctrl Pts',(9.29900179001472,4.11739600924257,-0.526561182660308));
#993=CARTESIAN_POINT('Ctrl Pts',(9.25887730055399,4.14586472212519,-0.0747302216123987));
#994=CARTESIAN_POINT('Ctrl Pts',(9.25955447488613,4.15050263597152,-0.00100166840523779));
#995=CARTESIAN_POINT('Origin',(10.4,1.71297926853873,1.51455880437444E-16));
#996=CARTESIAN_POINT('',(9.26153299366186,3.25050263597152,0.000617711356754036));
#997=CARTESIAN_POINT('',(9.25925028418548,3.28797926853873,-0.000936741719567639));
#998=CARTESIAN_POINT('',(9.26,1.71297926853873,1.89210768695031E-14));
#999=CARTESIAN_POINT('Ctrl Pts',(9.25925028418548,3.28797926853873,-0.000936741719567711));
#1000=CARTESIAN_POINT('Ctrl Pts',(9.26204269943877,3.30781679487121,0.314201605832575));
#1001=CARTESIAN_POINT('Ctrl Pts',(9.56138703797317,3.35148512023997,1.01257609381183));
#1002=CARTESIAN_POINT('Ctrl Pts',(10.7443606842811,3.41898424464502,1.3029851133338));
#1003=CARTESIAN_POINT('Ctrl Pts',(11.681745640954,3.4904766417539,0.416517023972483));
#1004=CARTESIAN_POINT('Ctrl Pts',(11.444532297962,3.56196903886277,-0.851651689571687));
#1005=CARTESIAN_POINT('Ctrl Pts',(10.2501042212916,3.63346143597164,-1.33936124609255));
#1006=CARTESIAN_POINT('Ctrl Pts',(9.38262796683537,3.69213151253029,-0.732338480290787));
#1007=CARTESIAN_POINT('Ctrl Pts',(9.26150007630247,3.72697079005266,-0.176123217448589));
#1008=CARTESIAN_POINT('Ctrl Pts',(9.26182591042333,3.73797926853873,-0.000236556898003601));
#1009=CARTESIAN_POINT('Ctrl Pts',(9.26153299366186,3.25050263597152,0.000617711356754036));
#1010=CARTESIAN_POINT('Ctrl Pts',(9.26079021052058,3.25989513368971,0.150590814143232));
#1011=CARTESIAN_POINT('Ctrl Pts',(9.3581248751795,3.29311843044419,0.680155449239427));
#1012=CARTESIAN_POINT('Ctrl Pts',(10.1598601456229,3.35017252623496,1.32614791942066));
#1013=CARTESIAN_POINT('Ctrl Pts',(11.384533421282,3.42166492334383,0.920355389179066));
#1014=CARTESIAN_POINT('Ctrl Pts',(11.7069841407253,3.4931573204527,-0.328869373694852));
#1015=CARTESIAN_POINT('Ctrl Pts',(10.831703281368,3.56464971756156,-1.27670938969798));
#1016=CARTESIAN_POINT('Ctrl Pts',(9.60306994338505,3.63376482273451,-1.06195675277479));
#1017=CARTESIAN_POINT('Ctrl Pts',(9.26089004766841,3.67904912887116,-0.339641974200197));
#1018=CARTESIAN_POINT('Ctrl Pts',(9.25858166005232,3.70050263597152,0.000647192571009468));
#1019=CARTESIAN_POINT('Origin',(10.4,1.71297926853873,1.51455880437444E-16));
#1020=CARTESIAN_POINT('',(9.26113147172153,2.80050263597152,-0.00138890783463873));
#1021=CARTESIAN_POINT('',(9.25882588770706,2.83797926853873,0.000748558622409357));
#1022=CARTESIAN_POINT('',(9.26,1.71297926853873,1.89210768695031E-14));
#1023=CARTESIAN_POINT('',(10.1051259300036,2.70674095225513,-1.10120356103845));
#1024=CARTESIAN_POINT('Ctrl Pts',(10.1051259300036,2.70674095225513,-1.10120356103845));
#1025=CARTESIAN_POINT('Ctrl Pts',(9.73871065845417,2.73057175129142,-1.00308694913));
#1026=CARTESIAN_POINT('Ctrl Pts',(9.33161111445854,2.76182564586355,-0.616760859489212));
#1027=CARTESIAN_POINT('Ctrl Pts',(9.26022691553027,2.79307954043568,-0.11976390026306));
#1028=CARTESIAN_POINT('Ctrl Pts',(9.26113147172153,2.80050263597152,-0.00138890783463869));
#1029=CARTESIAN_POINT('',(10.6955929294306,2.70674095229958,-1.10311781178395));
#1030=CARTESIAN_POINT('Origin',(10.4,2.70674095212887,5.06961324978139E-17));
#1031=CARTESIAN_POINT('Ctrl Pts',(10.6955946416471,2.70674095225512,-1.10312236923634));
#1032=CARTESIAN_POINT('Ctrl Pts',(10.3441692792121,2.72967819172515,-1.19623312252815));
#1033=CARTESIAN_POINT('Ctrl Pts',(9.57959550242707,2.77342429715302,-1.02769192183837));
#1034=CARTESIAN_POINT('Ctrl Pts',(9.26141623544241,2.81717040258088,-0.329418784133458));
#1035=CARTESIAN_POINT('Ctrl Pts',(9.25882588770706,2.83797926853873,0.000748558622409188));
#1036=CARTESIAN_POINT('Origin',(10.4,1.71297926853873,1.51455880437444E-16));
#1037=CARTESIAN_POINT('Ctrl Pts',(9.25882588770706,2.83797926853873,0.000748558622409188));
#1038=CARTESIAN_POINT('Ctrl Pts',(9.2584497087494,2.84100120161717,0.0486965638869556));
#1039=CARTESIAN_POINT('Ctrl Pts',(9.28298490550794,2.86785393373191,0.474388347555987));
#1040=CARTESIAN_POINT('Ctrl Pts',(9.81865739683334,2.91853746488294,1.21601847354954));
#1041=CARTESIAN_POINT('Ctrl Pts',(11.1069978570777,2.9900298619918,1.14732818962281));
#1042=CARTESIAN_POINT('Ctrl Pts',(11.7474447152574,3.06152225910068,0.0274493302014478));
#1043=CARTESIAN_POINT('Ctrl Pts',(11.1530848571452,3.13301465620954,-1.11770277329231));
#1044=CARTESIAN_POINT('Ctrl Pts',(9.86859494305397,3.20450705331842,-1.23852492910402));
#1045=CARTESIAN_POINT('Ctrl Pts',(9.29237741455326,3.25616192409481,-0.505788322021489));
#1046=CARTESIAN_POINT('Ctrl Pts',(9.25868817399987,3.28398599583491,-0.0643737519654106));
#1047=CARTESIAN_POINT('Ctrl Pts',(9.25925028418548,3.28797926853873,-0.000936741719567711));
#1048=CARTESIAN_POINT('Ctrl Pts',(9.26113147172153,2.80050263597152,-0.00138890783463869));
#1049=CARTESIAN_POINT('Ctrl Pts',(9.26313086533218,2.81691033947197,0.260262281787715));
#1050=CARTESIAN_POINT('Ctrl Pts',(9.48201565813666,2.85714884200871,0.905935732806816));
#1051=CARTESIAN_POINT('Ctrl Pts',(10.5545115403559,2.92121814358174,1.33847259495332));
#1052=CARTESIAN_POINT('Ctrl Pts',(11.6087752290159,2.9927105406906,0.595941427229045));
#1053=CARTESIAN_POINT('Ctrl Pts',(11.5557733638588,3.06420293779948,-0.693432093501289));
#1054=CARTESIAN_POINT('Ctrl Pts',(10.4433756752384,3.13569533490835,-1.34696945080395));
#1055=CARTESIAN_POINT('Ctrl Pts',(9.44270221627152,3.19779523429903,-0.842612493975981));
#1056=CARTESIAN_POINT('Ctrl Pts',(9.26267481207157,3.23606433465342,-0.229923398432238));
#1057=CARTESIAN_POINT('Ctrl Pts',(9.26153299366186,3.25050263597152,0.000617711356754036));
#1058=CARTESIAN_POINT('Ctrl Pts',(11.0646114959378,2.70674095225513,0.588475020257743));
#1059=CARTESIAN_POINT('Ctrl Pts',(11.2604211009707,2.73057175129142,0.367331709088934));
#1060=CARTESIAN_POINT('Ctrl Pts',(11.4104919680315,2.778233349364,-0.281999102943104));
#1061=CARTESIAN_POINT('Ctrl Pts',(10.7091847385362,2.84972574647286,-1.00358082602215));
#1062=CARTESIAN_POINT('Ctrl Pts',(9.72460736070326,2.92121814358174,-0.802869900124902));
#1063=CARTESIAN_POINT('Ctrl Pts',(9.35894337706279,2.9927105406906,0.1322994116893));
#1064=CARTESIAN_POINT('Ctrl Pts',(9.94731769400786,3.06420293779948,0.946894385061337));
#1065=CARTESIAN_POINT('Ctrl Pts',(10.9505280681823,3.13569533490834,0.89340634555102));
#1066=CARTESIAN_POINT('Ctrl Pts',(11.4492339243281,3.20718773201722,0.0213743600173914));
#1067=CARTESIAN_POINT('Ctrl Pts',(10.9864152874454,3.27868012912608,-0.870337501624193));
#1068=CARTESIAN_POINT('Ctrl Pts',(9.9862032727623,3.35017252623496,-0.964419806636526));
#1069=CARTESIAN_POINT('Ctrl Pts',(9.36519639013452,3.42166492334383,-0.174727626782951));
#1070=CARTESIAN_POINT('Ctrl Pts',(9.69248899616485,3.49315732045269,0.775098674039285));
#1071=CARTESIAN_POINT('Ctrl Pts',(10.6681482275757,3.56464971756157,1.01461393430387));
#1072=CARTESIAN_POINT('Ctrl Pts',(11.3980750925218,3.63614211467044,0.324335229982784));
#1073=CARTESIAN_POINT('Ctrl Pts',(11.2133608078078,3.70763451177931,-0.663167723537532));
#1074=CARTESIAN_POINT('Ctrl Pts',(10.2832785238952,3.77912690888818,-1.04293945452312));
#1075=CARTESIAN_POINT('Ctrl Pts',(9.46016039258592,3.85061930599705,-0.466956605330139));
#1076=CARTESIAN_POINT('Ctrl Pts',(9.49831609503069,3.92211170310592,0.536947916793196));
#1077=CARTESIAN_POINT('Ctrl Pts',(10.3627795451,3.99360410021478,1.04879048908425));
#1078=CARTESIAN_POINT('Ctrl Pts',(11.2613520118744,4.06509649732367,0.599516151212901));
#1079=CARTESIAN_POINT('Ctrl Pts',(11.3705770815863,4.13658889443253,-0.399157893070902));
#1080=CARTESIAN_POINT('Ctrl Pts',(10.5903603434438,4.2080812915414,-1.03204158167342));
#1081=CARTESIAN_POINT('Ctrl Pts',(9.6356964088539,4.27957368865027,-0.719157087305582));
#1082=CARTESIAN_POINT('Ctrl Pts',(9.38144420518714,4.35106608575914,0.252766650316473));
#1083=CARTESIAN_POINT('Ctrl Pts',(10.0606017401899,4.42255848286801,0.993053732755329));
#1084=CARTESIAN_POINT('Ctrl Pts',(11.0507855968928,4.49405087997688,0.8233012879876));
#1085=CARTESIAN_POINT('Ctrl Pts',(11.444586164531,4.56554327708575,-0.100928673462802));
#1086=CARTESIAN_POINT('Ctrl Pts',(10.8811226865123,4.63703567419462,-0.932667084415652));
#1087=CARTESIAN_POINT('Ctrl Pts',(9.87675578578576,4.70852807130349,-0.909704595578707));
#1088=CARTESIAN_POINT('Ctrl Pts',(9.35189281083963,4.78002046841236,-0.0530841672761308));
#1089=CARTESIAN_POINT('Ctrl Pts',(9.78752015508556,4.85151286552124,0.852182886939912));
#1090=CARTESIAN_POINT('Ctrl Pts',(10.7844280892385,4.92300526263009,0.976505133588575));
#1091=CARTESIAN_POINT('Ctrl Pts',(11.4290423720923,4.99449765973898,0.205953159903445));
#1092=CARTESIAN_POINT('Ctrl Pts',(11.1306403922985,5.06599005684783,-0.753335511035557));
#1093=CARTESIAN_POINT('Ctrl Pts',(10.1626691763372,5.13748245395672,-1.02226333920931));
#1094=CARTESIAN_POINT('Ctrl Pts',(9.41220195762587,5.20897485106557,-0.354384427405207));
#1095=CARTESIAN_POINT('Ctrl Pts',(9.56693318584148,5.28046724817446,0.638255387153872));
#1096=CARTESIAN_POINT('Ctrl Pts',(10.4851388695048,5.35195964528332,1.04599238244192));
#1097=CARTESIAN_POINT('Ctrl Pts',(11.3252306548168,5.42345204239219,0.49518106538392));
#1098=CARTESIAN_POINT('Ctrl Pts',(11.3176143395039,5.49494443950106,-0.509425333641613));
#1099=CARTESIAN_POINT('Ctrl Pts',(10.4687477688255,5.56643683660994,-1.04717513854001));
#1100=CARTESIAN_POINT('Ctrl Pts',(9.55754520686592,5.6379292337188,-0.625320090248346));
#1101=CARTESIAN_POINT('Ctrl Pts',(9.41707801852752,5.70942163082767,0.369640440484017));
#1102=CARTESIAN_POINT('Ctrl Pts',(10.1799709404791,5.78091402793655,1.0257703078581));
#1103=CARTESIAN_POINT('Ctrl Pts',(10.8189742379071,5.82857562600912,0.836491269212096));
#1104=CARTESIAN_POINT('Ctrl Pts',(11.0278010801119,5.85240642504541,0.627596282501996));
#1105=CARTESIAN_POINT('Ctrl Pts',(11.1275762664778,2.65818579461628,0.644226680958065));
#1106=CARTESIAN_POINT('Ctrl Pts',(11.3419367195261,2.68201659365257,0.402132426374481));
#1107=CARTESIAN_POINT('Ctrl Pts',(11.5062251825313,2.72967819172515,-0.308715476219565));
#1108=CARTESIAN_POINT('Ctrl Pts',(10.7384766575527,2.80117058883402,-1.0986592843622));
#1109=CARTESIAN_POINT('Ctrl Pts',(9.66062119311865,2.87266298594289,-0.878933163164786));
#1110=CARTESIAN_POINT('Ctrl Pts',(9.26031449119028,2.94415538305176,0.144833353925496));
#1111=CARTESIAN_POINT('Ctrl Pts',(9.90443092828302,3.01564778016063,1.0366024145574));
#1112=CARTESIAN_POINT('Ctrl Pts',(11.0026846644808,3.0871401772695,0.978046960241616));
#1113=CARTESIAN_POINT('Ctrl Pts',(11.5486375213045,3.15863257437837,0.0233993500787433));
#1114=CARTESIAN_POINT('Ctrl Pts',(11.0419718106787,3.23012497148724,-0.95279259218023));
#1115=CARTESIAN_POINT('Ctrl Pts',(9.94700049619286,3.30161736859611,-1.05578818079236));
#1116=CARTESIAN_POINT('Ctrl Pts',(9.26715990980368,3.37310976570498,-0.191281184755741));
#1117=CARTESIAN_POINT('Ctrl Pts',(9.6254599599786,3.44460216281385,0.848530912956378));
#1118=CARTESIAN_POINT('Ctrl Pts',(10.6935523798108,3.51609455992272,1.11073766064718));
#1119=CARTESIAN_POINT('Ctrl Pts',(11.4926319419992,3.58758695703159,0.355062494646017));
#1120=CARTESIAN_POINT('Ctrl Pts',(11.2904179711925,3.65907935414046,-0.725995712215584));
#1121=CARTESIAN_POINT('Ctrl Pts',(10.2722204230274,3.73057175124933,-1.14174671837959));
#1122=CARTESIAN_POINT('Ctrl Pts',(9.37112072717696,3.8020641483582,-0.511195706950354));
#1123=CARTESIAN_POINT('Ctrl Pts',(9.41289127086948,3.87355654546707,0.587817940227136));
#1124=CARTESIAN_POINT('Ctrl Pts',(10.3592533084693,3.94504894257594,1.14815207535437));
#1125=CARTESIAN_POINT('Ctrl Pts',(11.3429558241968,4.01654133968482,0.656313839978256));
#1126=CARTESIAN_POINT('Ctrl Pts',(11.4625287911294,4.08803373679368,-0.436973798001919));
#1127=CARTESIAN_POINT('Ctrl Pts',(10.6083949327011,4.15952613390255,-1.12981638962513));
#1128=CARTESIAN_POINT('Ctrl Pts',(9.56328688760192,4.23101853101142,-0.787289464282489));
#1129=CARTESIAN_POINT('Ctrl Pts',(9.2849470300787,4.30251092812029,0.276713564016615));
#1130=CARTESIAN_POINT('Ctrl Pts',(10.0284474159249,4.37400332522917,1.08713486255675));
#1131=CARTESIAN_POINT('Ctrl Pts',(11.1124405126286,4.44549572233803,0.901300204648361));
#1132=CARTESIAN_POINT('Ctrl Pts',(11.5435494363988,4.51698811944691,-0.110490576626283));
#1133=CARTESIAN_POINT('Ctrl Pts',(10.926703871525,4.58848051655577,-1.0210272306355));
#1134=CARTESIAN_POINT('Ctrl Pts',(9.82718404035891,4.65997291366464,-0.995889293661584));
#1135=CARTESIAN_POINT('Ctrl Pts',(9.25259595986702,4.73146531077351,-0.0581133195437011));
#1136=CARTESIAN_POINT('Ctrl Pts',(9.7294942961723,4.80295770788238,0.932918023575764));
#1137=CARTESIAN_POINT('Ctrl Pts',(10.8208485041365,4.87445010499125,1.06901846211713));
#1138=CARTESIAN_POINT('Ctrl Pts',(11.5265330372866,4.94594250210012,0.225465000331381));
#1139=CARTESIAN_POINT('Ctrl Pts',(11.1998606885611,5.017434899209,-0.824705925002088));
#1140=CARTESIAN_POINT('Ctrl Pts',(10.140184640717,5.08892729631786,-1.11911176415862));
#1141=CARTESIAN_POINT('Ctrl Pts',(9.31861874779861,5.16041969342674,-0.387958529404506));
#1142=CARTESIAN_POINT('Ctrl Pts',(9.48800909090991,5.2319120905356,0.698723200671547));
#1143=CARTESIAN_POINT('Ctrl Pts',(10.4932048590569,5.30340448764448,1.1450888782889));
#1144=CARTESIAN_POINT('Ctrl Pts',(11.4128862795437,5.37489688475334,0.542094130156689));
#1145=CARTESIAN_POINT('Ctrl Pts',(11.4045484005068,5.44638928186222,-0.557687889188824));
#1146=CARTESIAN_POINT('Ctrl Pts',(10.4752608783876,5.51788167897108,-1.14638368776973));
#1147=CARTESIAN_POINT('Ctrl Pts',(9.477731702188,5.58937407607996,-0.684562423908237));
#1148=CARTESIAN_POINT('Ctrl Pts',(9.32395676287603,5.66086647318882,0.404659885166574));
#1149=CARTESIAN_POINT('Ctrl Pts',(10.1591255603893,5.7323588702977,1.12295098025967));
#1150=CARTESIAN_POINT('Ctrl Pts',(10.8586675277662,5.78002046837028,0.915739794322761));
#1151=CARTESIAN_POINT('Ctrl Pts',(11.0872784608007,5.80385126740657,0.687054260826225));
#1152=CARTESIAN_POINT('Ctrl Pts',(11.1905410370178,2.60963063697743,0.699978341658388));
#1153=CARTESIAN_POINT('Ctrl Pts',(11.4234523380815,2.63346143601372,0.436933143660027));
#1154=CARTESIAN_POINT('Ctrl Pts',(11.6019583970311,2.6811230340863,-0.335431849496027));
#1155=CARTESIAN_POINT('Ctrl Pts',(10.7677685765691,2.75261543119517,-1.19373774270225));
#1156=CARTESIAN_POINT('Ctrl Pts',(9.59663502553406,2.82410782830404,-0.954996426204669));
#1157=CARTESIAN_POINT('Ctrl Pts',(9.16168560531777,2.89560022541292,0.15736729616169));
#1158=CARTESIAN_POINT('Ctrl Pts',(9.86154416255819,2.96709262252178,1.12631044405347));
#1159=CARTESIAN_POINT('Ctrl Pts',(11.0548412607792,3.03858501963065,1.06268757493221));
#1160=CARTESIAN_POINT('Ctrl Pts',(11.648041118281,3.11007741673952,0.0254243401400953));
#1161=CARTESIAN_POINT('Ctrl Pts',(11.097528333912,3.18156981384839,-1.03524768273627));
#1162=CARTESIAN_POINT('Ctrl Pts',(9.90779771962341,3.25306221095726,-1.14715655494819));
#1163=CARTESIAN_POINT('Ctrl Pts',(9.16912342947285,3.32455460806613,-0.207834742728533));
#1164=CARTESIAN_POINT('Ctrl Pts',(9.55843092379235,3.396047005175,0.921963151873473));
#1165=CARTESIAN_POINT('Ctrl Pts',(10.7189565320459,3.46753940228388,1.20686138699049));
#1166=CARTESIAN_POINT('Ctrl Pts',(11.5871887914766,3.53903179939274,0.385789759309251));
#1167=CARTESIAN_POINT('Ctrl Pts',(11.3674751345772,3.61052419650161,-0.788823700893636));
#1168=CARTESIAN_POINT('Ctrl Pts',(10.2611623221595,3.68201659361049,-1.24055398223607));
#1169=CARTESIAN_POINT('Ctrl Pts',(9.28208106176802,3.75350899071935,-0.555434808570569));
#1170=CARTESIAN_POINT('Ctrl Pts',(9.32746644670824,3.82500138782823,0.638687963661075));
#1171=CARTESIAN_POINT('Ctrl Pts',(10.3557270718385,3.89649378493709,1.24751366162449));
#1172=CARTESIAN_POINT('Ctrl Pts',(11.4245596365193,3.96798618204597,0.71311152874361));
#1173=CARTESIAN_POINT('Ctrl Pts',(11.5544805006725,4.03947857915483,-0.474789702932935));
#1174=CARTESIAN_POINT('Ctrl Pts',(10.6264295219583,4.11097097626371,-1.22759119757685));
#1175=CARTESIAN_POINT('Ctrl Pts',(9.49087736634992,4.18246337337257,-0.855421841259395));
#1176=CARTESIAN_POINT('Ctrl Pts',(9.18844985497027,4.25395577048145,0.300660477716756));
#1177=CARTESIAN_POINT('Ctrl Pts',(9.9962930916599,4.32544816759031,1.18121599235818));
#1178=CARTESIAN_POINT('Ctrl Pts',(11.1740954283644,4.39694056469919,0.979299121309122));
#1179=CARTESIAN_POINT('Ctrl Pts',(11.6425127082666,4.46843296180806,-0.120052479789763));
#1180=CARTESIAN_POINT('Ctrl Pts',(10.9722850565376,4.53992535891692,-1.10938737685534));
#1181=CARTESIAN_POINT('Ctrl Pts',(9.77761229493206,4.6114177560258,-1.08207399174446));
#1182=CARTESIAN_POINT('Ctrl Pts',(9.1532991088944,4.68291015313466,-0.0631424718112729));
#1183=CARTESIAN_POINT('Ctrl Pts',(9.67146843725904,4.75440255024354,1.01365316021162));
#1184=CARTESIAN_POINT('Ctrl Pts',(10.8572689190344,4.8258949473524,1.16153179064569));
#1185=CARTESIAN_POINT('Ctrl Pts',(11.6240237024809,4.89738734446128,0.244976840759319));
#1186=CARTESIAN_POINT('Ctrl Pts',(11.2690809848236,4.96887974157014,-0.89607633896862));
#1187=CARTESIAN_POINT('Ctrl Pts',(10.1177001050968,5.04037213867902,-1.21596018910793));
#1188=CARTESIAN_POINT('Ctrl Pts',(9.22503553797133,5.11186453578788,-0.421532631403805));
#1189=CARTESIAN_POINT('Ctrl Pts',(9.40908499597839,5.18335693289676,0.759191014189223));
#1190=CARTESIAN_POINT('Ctrl Pts',(10.5012708486089,5.25484933000562,1.24418537413588));
#1191=CARTESIAN_POINT('Ctrl Pts',(11.5005419042706,5.32634172711451,0.589007194929459));
#1192=CARTESIAN_POINT('Ctrl Pts',(11.4914824615097,5.39783412422336,-0.605950444736036));
#1193=CARTESIAN_POINT('Ctrl Pts',(10.4817739879496,5.46932652133225,-1.24559223699944));
#1194=CARTESIAN_POINT('Ctrl Pts',(9.39791819751011,5.5408189184411,-0.743804757568129));
#1195=CARTESIAN_POINT('Ctrl Pts',(9.23083550722452,5.61231131554998,0.439679329849131));
#1196=CARTESIAN_POINT('Ctrl Pts',(10.1382801802995,5.68380371265885,1.22013165266123));
#1197=CARTESIAN_POINT('Ctrl Pts',(10.8983608176254,5.73146531073143,0.994988319433426));
#1198=CARTESIAN_POINT('Ctrl Pts',(11.1467558414894,5.75529610976772,0.746512239150454));
#1199=CARTESIAN_POINT('Ctrl Pts',(11.2535058075578,2.56107547933858,0.755730002358711));
#1200=CARTESIAN_POINT('Ctrl Pts',(11.504967956637,2.58490627837487,0.471733860945573));
#1201=CARTESIAN_POINT('Ctrl Pts',(11.6976916115309,2.63256787644746,-0.362148222772489));
#1202=CARTESIAN_POINT('Ctrl Pts',(10.7970604955855,2.70406027355632,-1.2888162010423));
#1203=CARTESIAN_POINT('Ctrl Pts',(9.53264885794944,2.7755526706652,-1.03105968924455));
#1204=CARTESIAN_POINT('Ctrl Pts',(9.06305671944527,2.84704506777406,0.169901238397885));
#1205=CARTESIAN_POINT('Ctrl Pts',(9.81865739683334,2.91853746488294,1.21601847354954));
#1206=CARTESIAN_POINT('Ctrl Pts',(11.1069978570777,2.9900298619918,1.14732818962281));
#1207=CARTESIAN_POINT('Ctrl Pts',(11.7474447152574,3.06152225910068,0.0274493302014478));
#1208=CARTESIAN_POINT('Ctrl Pts',(11.1530848571452,3.13301465620954,-1.11770277329231));
#1209=CARTESIAN_POINT('Ctrl Pts',(9.86859494305397,3.20450705331842,-1.23852492910402));
#1210=CARTESIAN_POINT('Ctrl Pts',(9.07108694914201,3.27599945042728,-0.224388300701322));
#1211=CARTESIAN_POINT('Ctrl Pts',(9.49140188760609,3.34749184753615,0.995395390790566));
#1212=CARTESIAN_POINT('Ctrl Pts',(10.7443606842811,3.41898424464502,1.3029851133338));
#1213=CARTESIAN_POINT('Ctrl Pts',(11.681745640954,3.4904766417539,0.416517023972483));
#1214=CARTESIAN_POINT('Ctrl Pts',(11.444532297962,3.56196903886277,-0.851651689571687));
#1215=CARTESIAN_POINT('Ctrl Pts',(10.2501042212916,3.63346143597164,-1.33936124609255));
#1216=CARTESIAN_POINT('Ctrl Pts',(9.19304139635906,3.70495383308051,-0.599673910190783));
#1217=CARTESIAN_POINT('Ctrl Pts',(9.24204162254702,3.77644623018938,0.689557987095014));
#1218=CARTESIAN_POINT('Ctrl Pts',(10.3522008352078,3.84793862729825,1.34687524789461));
#1219=CARTESIAN_POINT('Ctrl Pts',(11.5061634488417,3.91943102440712,0.769909217508965));
#1220=CARTESIAN_POINT('Ctrl Pts',(11.6464322102156,3.99092342151599,-0.512605607863952));
#1221=CARTESIAN_POINT('Ctrl Pts',(10.6444641112155,4.06241581862485,-1.32536600552856));
#1222=CARTESIAN_POINT('Ctrl Pts',(9.41846784509793,4.13390821573373,-0.923554218236302));
#1223=CARTESIAN_POINT('Ctrl Pts',(9.09195267986184,4.20540061284259,0.324607391416898));
#1224=CARTESIAN_POINT('Ctrl Pts',(9.9641387673949,4.27689300995147,1.2752971221596));
#1225=CARTESIAN_POINT('Ctrl Pts',(11.2357503441003,4.34838540706033,1.05729803796988));
#1226=CARTESIAN_POINT('Ctrl Pts',(11.7414759801344,4.41987780416921,-0.129614382953244));
#1227=CARTESIAN_POINT('Ctrl Pts',(11.0178662415502,4.49137020127807,-1.19774752307519));
#1228=CARTESIAN_POINT('Ctrl Pts',(9.72804054950521,4.56286259838696,-1.16825868982734));
#1229=CARTESIAN_POINT('Ctrl Pts',(9.05400225792178,4.63435499549581,-0.068171624078843));
#1230=CARTESIAN_POINT('Ctrl Pts',(9.61344257834578,4.70584739260469,1.09438829684747));
#1231=CARTESIAN_POINT('Ctrl Pts',(10.8936893339324,4.77733978971356,1.25404511917424));
#1232=CARTESIAN_POINT('Ctrl Pts',(11.7215143676751,4.84883218682243,0.264488681187256));
#1233=CARTESIAN_POINT('Ctrl Pts',(11.3383012810862,4.9203245839313,-0.967446752935152));
#1234=CARTESIAN_POINT('Ctrl Pts',(10.0952155694766,4.99181698104017,-1.31280861405724));
#1235=CARTESIAN_POINT('Ctrl Pts',(9.13145232814407,5.06330937814905,-0.455106733403105));
#1236=CARTESIAN_POINT('Ctrl Pts',(9.33016090104685,5.1348017752579,0.819658827706899));
#1237=CARTESIAN_POINT('Ctrl Pts',(10.509336838161,5.20629417236679,1.34328186998286));
#1238=CARTESIAN_POINT('Ctrl Pts',(11.5881975289976,5.27778656947564,0.635920259702228));
#1239=CARTESIAN_POINT('Ctrl Pts',(11.5784165225126,5.34927896658453,-0.654213000283246));
#1240=CARTESIAN_POINT('Ctrl Pts',(10.4882870975116,5.42077136369339,-1.34480078622915));
#1241=CARTESIAN_POINT('Ctrl Pts',(9.31810469283219,5.49226376080226,-0.80304709122802));
#1242=CARTESIAN_POINT('Ctrl Pts',(9.13771425157303,5.56375615791113,0.474698774531688));
#1243=CARTESIAN_POINT('Ctrl Pts',(10.1174348002097,5.63524855502,1.31731232506279));
#1244=CARTESIAN_POINT('Ctrl Pts',(10.9380541074846,5.68291015309258,1.07423684454409));
#1245=CARTESIAN_POINT('Ctrl Pts',(11.2062332221782,5.70674095212887,0.805970217474683));
#1246=CARTESIAN_POINT('Ctrl Pts',(11.2062332221782,5.70674095212887,0.805970217474683));
#1247=CARTESIAN_POINT('Ctrl Pts',(11.1692720987712,5.70674095212614,0.835686816291048));
#1248=CARTESIAN_POINT('Ctrl Pts',(11.1304460164646,5.70674095212332,0.862788119677698));
#1249=CARTESIAN_POINT('Ctrl Pts',(11.090060037314,5.70674095212047,0.88725487632149));
#1250=CARTESIAN_POINT('Ctrl Pts',(11.0486795340747,5.70674095211755,0.912324138571531));
#1251=CARTESIAN_POINT('Ctrl Pts',(11.005660093544,5.70674095211461,0.934627797676837));
#1252=CARTESIAN_POINT('Ctrl Pts',(10.9613123262641,5.70674095211171,0.954092712619414));
#1253=CARTESIAN_POINT('Ctrl Pts',(10.9169645589842,5.70674095210881,0.973557627561991));
#1254=CARTESIAN_POINT('Ctrl Pts',(10.8712871275137,5.70674095210595,0.990183888113213));
#1255=CARTESIAN_POINT('Ctrl Pts',(10.8245931402365,5.70674095210319,1.00384395181742));
#1256=CARTESIAN_POINT('Ctrl Pts',(10.7798602303855,5.70674095210056,1.01693031333567));
#1257=CARTESIAN_POINT('Ctrl Pts',(10.7344777874645,5.70674095209791,1.02721204590956));
#1258=CARTESIAN_POINT('Ctrl Pts',(10.6887285526416,5.70674095209531,1.0346389839765));
#1259=CARTESIAN_POINT('Ctrl Pts',(10.6435503579422,5.70674095209274,1.04197321929886));
#1260=CARTESIAN_POINT('Ctrl Pts',(10.5980133156018,5.70674095209021,1.0465234010863));
#1261=CARTESIAN_POINT('Ctrl Pts',(10.552395182888,5.70674095208779,1.04819125119018));
#1262=CARTESIAN_POINT('Ctrl Pts',(10.5067770501742,5.70674095208537,1.04985910129406));
#1263=CARTESIAN_POINT('Ctrl Pts',(10.4610767237734,5.70674095208304,1.04864463941118));
#1264=CARTESIAN_POINT('Ctrl Pts',(10.4155943010462,5.70674095208087,1.04439959893912));
#1265=CARTESIAN_POINT('Ctrl Pts',(10.3722138480525,5.70674095207881,1.04035074297207));
#1266=CARTESIAN_POINT('Ctrl Pts',(10.3293017862246,5.7067409520768,1.0335702095812));
#1267=CARTESIAN_POINT('Ctrl Pts',(10.2871014807036,5.7067409520749,1.02398363250783));
#1268=CARTESIAN_POINT('Ctrl Pts',(10.2526961903097,5.70674095207335,1.01616783676841));
#1269=CARTESIAN_POINT('Ctrl Pts',(10.2187639348417,5.70674095207186,1.00648599595896));
#1270=CARTESIAN_POINT('Ctrl Pts',(10.1854477426431,5.70674095207046,0.99487459790837));
#1271=CARTESIAN_POINT('Ctrl Pts',(10.1554528905674,5.70674095206921,0.984420757179991));
#1272=CARTESIAN_POINT('Ctrl Pts',(10.1259574247588,5.70674095206802,0.972402228602256));
#1273=CARTESIAN_POINT('Ctrl Pts',(10.0970520412203,5.70674095206692,0.958895438210505));
#1274=CARTESIAN_POINT('Ctrl Pts',(10.0808888558593,5.7067409520663,0.951342770506136));
#1275=CARTESIAN_POINT('Ctrl Pts',(10.0649103610845,5.70674095206571,0.943324596697686));
#1276=CARTESIAN_POINT('Ctrl Pts',(10.0491340042062,5.70674095206515,0.934853298256137));
#1277=CARTESIAN_POINT('Ctrl Pts',(10.0417421767437,5.70674095206489,0.930884170469152));
#1278=CARTESIAN_POINT('Ctrl Pts',(10.034395296544,5.70674095206463,0.926815729554353));
#1279=CARTESIAN_POINT('Ctrl Pts',(10.0271065811618,5.70674095206438,0.922656117175802));
#1280=CARTESIAN_POINT('Ctrl Pts',(9.98965358841168,5.70674095206309,0.901281989625384));
#1281=CARTESIAN_POINT('Ctrl Pts',(9.95365213801424,5.70674095206193,0.877460755451245));
#1282=CARTESIAN_POINT('Ctrl Pts',(9.91930249844873,5.70674095206093,0.851417785624429));
#1283=CARTESIAN_POINT('Ctrl Pts',(9.88847690479499,5.70674095206002,0.828046652314954));
#1284=CARTESIAN_POINT('Ctrl Pts',(9.85898159766896,5.70674095205924,0.802885113191343));
#1285=CARTESIAN_POINT('Ctrl Pts',(9.83099015520419,5.70674095205859,0.776075774299337));
#1286=CARTESIAN_POINT('Ctrl Pts',(9.80966738123465,5.70674095205809,0.755653480086156));
#1287=CARTESIAN_POINT('Ctrl Pts',(9.78921778062385,5.70674095205768,0.734274550335759));
#1288=CARTESIAN_POINT('Ctrl Pts',(9.76973117170412,5.70674095205735,0.711998162034592));
#1289=CARTESIAN_POINT('Ctrl Pts',(9.76336261677741,5.70674095205724,0.704717859799899));
#1290=CARTESIAN_POINT('Ctrl Pts',(9.75709567335732,5.70674095205714,0.697340050593652));
#1291=CARTESIAN_POINT('Ctrl Pts',(9.75093807356553,5.70674095205705,0.689872008824634));
#1292=CARTESIAN_POINT('Ctrl Pts',(9.724712024973,5.70674095205667,0.658064610983265));
#1293=CARTESIAN_POINT('Ctrl Pts',(9.70054220049058,5.70674095205644,0.62471614256472));
#1294=CARTESIAN_POINT('Ctrl Pts',(9.67864768567357,5.70674095205638,0.590006219668286));
#1295=CARTESIAN_POINT('Ctrl Pts',(9.6594662612755,5.70674095205632,0.559597426988225));
#1296=CARTESIAN_POINT('Ctrl Pts',(9.64203159267607,5.70674095205639,0.528142980945668));
#1297=CARTESIAN_POINT('Ctrl Pts',(9.62652370640319,5.70674095205657,0.495759331614727));
#1298=CARTESIAN_POINT('Ctrl Pts',(9.60957861966657,5.70674095205677,0.460374512748657));
#1299=CARTESIAN_POINT('Ctrl Pts',(9.59500146388404,5.70674095205934,0.424023241020593));
#1300=CARTESIAN_POINT('Ctrl Pts',(9.58300897448051,5.70674095206196,0.386863991622413));
#1301=CARTESIAN_POINT('Ctrl Pts',(9.575358923972,5.70674095206364,0.36315997778601));
#1302=CARTESIAN_POINT('Ctrl Pts',(9.56876158657673,5.70674095206533,0.339127030854929));
#1303=CARTESIAN_POINT('Ctrl Pts',(9.56328440801519,5.70674095206646,0.314806676767998));
#1304=CARTESIAN_POINT('Ctrl Pts',(9.56083287327629,5.70674095206696,0.303921110004681));
#1305=CARTESIAN_POINT('Ctrl Pts',(9.55860588023006,5.70674095206735,0.29297797631618));
#1306=CARTESIAN_POINT('Ctrl Pts',(9.55660267419025,5.70674095206757,0.281983845381577));
#1307=CARTESIAN_POINT('Ctrl Pts',(11.0646114959378,2.70674095225513,0.588475020257743));
#1308=CARTESIAN_POINT('Ctrl Pts',(11.0941733716891,2.70674095225736,0.563207285125522));
#1309=CARTESIAN_POINT('Ctrl Pts',(11.1218006768542,2.70674095224634,0.535955742059556));
#1310=CARTESIAN_POINT('Ctrl Pts',(11.1474830098684,2.70674095223082,0.507019801192502));
#1311=CARTESIAN_POINT('Ctrl Pts',(11.1741850995354,2.70674095221469,0.476934914153584));
#1312=CARTESIAN_POINT('Ctrl Pts',(11.1987854048976,2.70674095219368,0.445028731324066));
#1313=CARTESIAN_POINT('Ctrl Pts',(11.2212491315372,2.70674095217761,0.41158492317735));
#1314=CARTESIAN_POINT('Ctrl Pts',(11.2424355174302,2.70674095216245,0.380042809239861));
#1315=CARTESIAN_POINT('Ctrl Pts',(11.2617216265288,2.70674095215169,0.34713187873307));
#1316=CARTESIAN_POINT('Ctrl Pts',(11.2790519535693,2.70674095215357,0.31305679561335));
#1317=CARTESIAN_POINT('Ctrl Pts',(11.2980485041794,2.70674095215562,0.275705565049884));
#1318=CARTESIAN_POINT('Ctrl Pts',(11.3145690095322,2.70674095215763,0.237203589740112));
#1319=CARTESIAN_POINT('Ctrl Pts',(11.3285877267106,2.70674095215956,0.197859429670702));
#1320=CARTESIAN_POINT('Ctrl Pts',(11.342921432964,2.70674095216153,0.157631238599759));
#1321=CARTESIAN_POINT('Ctrl Pts',(11.3546404077017,2.70674095216341,0.11652167099933));
#1322=CARTESIAN_POINT('Ctrl Pts',(11.3636810848105,2.70674095216515,0.0748195942573696));
#1323=CARTESIAN_POINT('Ctrl Pts',(11.3719332655213,2.70674095216673,0.0367546275356508));
#1324=CARTESIAN_POINT('Ctrl Pts',(11.3779539032678,2.7067409521682,-0.00180513684251512));
#1325=CARTESIAN_POINT('Ctrl Pts',(11.3816613804631,2.7067409521695,-0.0406581970282011));
#1326=CARTESIAN_POINT('Ctrl Pts',(11.3858689931565,2.70674095217099,-0.0847525017546784));
#1327=CARTESIAN_POINT('Ctrl Pts',(11.3870688415073,2.70674095217237,-0.128928819729104));
#1328=CARTESIAN_POINT('Ctrl Pts',(11.3852115307164,2.7067409521736,-0.172874870431049));
#1329=CARTESIAN_POINT('Ctrl Pts',(11.3837878429188,2.70674095217456,-0.206560916106534));
#1330=CARTESIAN_POINT('Ctrl Pts',(11.3805671664129,2.70674095217542,-0.240112634724321));
#1331=CARTESIAN_POINT('Ctrl Pts',(11.375508744731,2.70674095217619,-0.273398721549738));
#1332=CARTESIAN_POINT('Ctrl Pts',(11.3690748027038,2.70674095217717,-0.315736186951454));
#1333=CARTESIAN_POINT('Ctrl Pts',(11.3596698094409,2.70674095217799,-0.357644537963355));
#1334=CARTESIAN_POINT('Ctrl Pts',(11.3474936631691,2.70674095217862,-0.398938043370772));
#1335=CARTESIAN_POINT('Ctrl Pts',(11.3451616458753,2.70674095217874,-0.406846717148453));
#1336=CARTESIAN_POINT('Ctrl Pts',(11.3427278256903,2.70674095217886,-0.414732830801447));
#1337=CARTESIAN_POINT('Ctrl Pts',(11.340193393364,2.70674095217896,-0.422595059683895));
#1338=CARTESIAN_POINT('Ctrl Pts',(11.3267890290355,2.70674095217952,-0.464177618145906));
#1339=CARTESIAN_POINT('Ctrl Pts',(11.3106589404597,2.70674095217994,-0.50482967887496));
#1340=CARTESIAN_POINT('Ctrl Pts',(11.2920604091459,2.70674095218021,-0.544363368596008));
#1341=CARTESIAN_POINT('Ctrl Pts',(11.2725227012383,2.70674095218049,-0.585893404987027));
#1342=CARTESIAN_POINT('Ctrl Pts',(11.2502608971468,2.7067409521806,-0.626190250240477));
#1343=CARTESIAN_POINT('Ctrl Pts',(11.2255145150076,2.70674095218053,-0.66503710690177));
#1344=CARTESIAN_POINT('Ctrl Pts',(11.2069547284033,2.70674095218048,-0.69417224939774));
#1345=CARTESIAN_POINT('Ctrl Pts',(11.1869960712176,2.70674095218032,-0.722491905645351));
#1346=CARTESIAN_POINT('Ctrl Pts',(11.1657203070406,2.70674095218006,-0.749899550773031));
#1347=CARTESIAN_POINT('Ctrl Pts',(11.1591321207471,2.70674095217998,-0.758386516057321));
#1348=CARTESIAN_POINT('Ctrl Pts',(11.1524175310514,2.70674095217989,-0.766785981321125));
#1349=CARTESIAN_POINT('Ctrl Pts',(11.1455786816419,2.70674095217978,-0.775094927297818));
#1350=CARTESIAN_POINT('Ctrl Pts',(11.1389127863157,2.70674095217968,-0.783193740538878));
#1351=CARTESIAN_POINT('Ctrl Pts',(11.1321341078154,2.70674095217958,-0.791200052734));
#1352=CARTESIAN_POINT('Ctrl Pts',(11.1252496029074,2.70674095217946,-0.799106489819068));
#1353=CARTESIAN_POINT('Ctrl Pts',(11.0939563061848,2.70674095217892,-0.835044946545737));
#1354=CARTESIAN_POINT('Ctrl Pts',(11.0604538054346,2.70674095217821,-0.868953728520029));
#1355=CARTESIAN_POINT('Ctrl Pts',(11.0249795011967,2.70674095217732,-0.900599862449295));
#1356=CARTESIAN_POINT('Ctrl Pts',(10.9986937673723,2.70674095217666,-0.924049000379076));
#1357=CARTESIAN_POINT('Ctrl Pts',(10.9713242265727,2.70674095217591,-0.946255725539948));
#1358=CARTESIAN_POINT('Ctrl Pts',(10.9429512993326,2.70674095217507,-0.967116366667767));
#1359=CARTESIAN_POINT('Ctrl Pts',(10.9039241560702,2.70674095217392,-0.995810312236089));
#1360=CARTESIAN_POINT('Ctrl Pts',(10.8631624929828,2.70674095217231,-1.02183878746399));
#1361=CARTESIAN_POINT('Ctrl Pts',(10.8208977030274,2.70674095217055,-1.04495990830546));
#1362=CARTESIAN_POINT('Ctrl Pts',(10.7929254313698,2.70674095216938,-1.06026225037056));
#1363=CARTESIAN_POINT('Ctrl Pts',(10.7642937552764,2.70674095216815,-1.07429069479901));
#1364=CARTESIAN_POINT('Ctrl Pts',(10.7350601713917,2.70674095216694,-1.08696693992287));
#1365=CARTESIAN_POINT('Ctrl Pts',(10.7220222687182,2.7067409521664,-1.09262042568236));
#1366=CARTESIAN_POINT('Ctrl Pts',(10.7088645521164,2.70674095216587,-1.09800484521734));
#1367=CARTESIAN_POINT('Ctrl Pts',(10.6955946430226,2.70674095216535,-1.10312236887191));
#1368=CARTESIAN_POINT('Ctrl Pts',(9.51171620813285,3.43364474145527,-0.000729425986362494));
#1369=CARTESIAN_POINT('Ctrl Pts',(9.51127850180674,3.42965146875146,-0.0501268242277986));
#1370=CARTESIAN_POINT('Ctrl Pts',(9.51504346621132,3.42565819604764,-0.0994574151411967));
#1371=CARTESIAN_POINT('Ctrl Pts',(9.52324630491087,3.42166492334383,-0.148038606621509));
#1372=CARTESIAN_POINT('Ctrl Pts',(9.57219868434378,3.39783412430754,-0.43795835340081));
#1373=CARTESIAN_POINT('Ctrl Pts',(9.77920097855304,3.37400332527125,-0.701189080018667));
#1374=CARTESIAN_POINT('Ctrl Pts',(10.0494041281049,3.35017252623496,-0.817124059158874));
#1375=CARTESIAN_POINT('Ctrl Pts',(10.3196072776567,3.32634172719867,-0.933059038299081));
#1376=CARTESIAN_POINT('Ctrl Pts',(10.6530112825511,3.30251092816238,-0.901698269961637));
#1377=CARTESIAN_POINT('Ctrl Pts',(10.8968497244787,3.27868012912609,-0.737399242185986));
#1378=CARTESIAN_POINT('Ctrl Pts',(11.1406881664063,3.2548493300898,-0.573100214410333));
#1379=CARTESIAN_POINT('Ctrl Pts',(11.2949610453672,3.23101853105351,-0.275862927196471));
#1380=CARTESIAN_POINT('Ctrl Pts',(11.2889798421567,3.20718773201722,0.0180943806660646));
#1381=CARTESIAN_POINT('Ctrl Pts',(11.2829986389462,3.18335693298093,0.3120516885286));
#1382=CARTESIAN_POINT('Ctrl Pts',(11.1167633535643,3.15952613394463,0.602729017039811));
#1383=CARTESIAN_POINT('Ctrl Pts',(10.8664439818442,3.13569533490834,0.756982354547135));
#1384=CARTESIAN_POINT('Ctrl Pts',(10.6161246101242,3.11186453587206,0.911235692054459));
#1385=CARTESIAN_POINT('Ctrl Pts',(10.281721152066,3.08803373683577,0.929065038557898));
#1386=CARTESIAN_POINT('Ctrl Pts',(10.0164570368794,3.06420293779948,0.802213882914279));
#1387=CARTESIAN_POINT('Ctrl Pts',(9.75119292169284,3.04037213876319,0.675362727270659));
#1388=CARTESIAN_POINT('Ctrl Pts',(9.55506814937781,3.0165413397269,0.40383106947998));
#1389=CARTESIAN_POINT('Ctrl Pts',(9.51794976049371,2.99271054069061,0.112203688615607));
#1390=CARTESIAN_POINT('Ctrl Pts',(9.51324285633088,2.98968860761216,0.0752230390170729));
#1391=CARTESIAN_POINT('Ctrl Pts',(9.51109281268144,2.98666667453372,0.0379192454056607));
#1392=CARTESIAN_POINT('Ctrl Pts',(9.51138573729611,2.98364474145527,0.000582890779926293));
#1393=CARTESIAN_POINT('Ctrl Pts',(10.1051259300036,2.70674095225513,-1.10120356103845));
#1394=CARTESIAN_POINT('Ctrl Pts',(9.73871065845417,2.73057175129142,-1.00308694913));
#1395=CARTESIAN_POINT('Ctrl Pts',(9.11789155392082,2.778233349364,-0.41394696956953));
#1396=CARTESIAN_POINT('Ctrl Pts',(9.35775584571408,2.84972574647286,0.855821834704979));
#1397=CARTESIAN_POINT('Ctrl Pts',(10.5545115403559,2.92121814358174,1.33847259495332));
#1398=CARTESIAN_POINT('Ctrl Pts',(11.6087752290159,2.9927105406906,0.595941427229045));
#1399=CARTESIAN_POINT('Ctrl Pts',(11.5557733638588,3.06420293779948,-0.693432093501289));
#1400=CARTESIAN_POINT('Ctrl Pts',(10.4433756752384,3.13569533490835,-1.34696945080395));
#1401=CARTESIAN_POINT('Ctrl Pts',(9.29135216140479,3.20718773201722,-0.766329414411604));
#1402=CARTESIAN_POINT('Ctrl Pts',(9.15523505190613,3.27868012912609,0.516678422666158));
#1403=CARTESIAN_POINT('Ctrl Pts',(10.1598601456229,3.35017252623496,1.32614791942066));
#1404=CARTESIAN_POINT('Ctrl Pts',(11.384533421282,3.42166492334383,0.920355389179066));
#1405=CARTESIAN_POINT('Ctrl Pts',(11.7069841407253,3.4931573204527,-0.328869373694852));
#1406=CARTESIAN_POINT('Ctrl Pts',(10.831703281368,3.56464971756156,-1.27670938969798));
#1407=CARTESIAN_POINT('Ctrl Pts',(9.56080971504145,3.63614211467044,-1.05457009379917));
#1408=CARTESIAN_POINT('Ctrl Pts',(9.05895318595091,3.70763451177931,0.133984561154745));
#1409=CARTESIAN_POINT('Ctrl Pts',(9.78603946833368,3.77912690888818,1.19975408186958));
#1410=CARTESIAN_POINT('Ctrl Pts',(11.0757619947035,3.85061930599705,1.16606333213698));
#1411=CARTESIAN_POINT('Ctrl Pts',(11.7462129395439,3.92211170310592,0.0637859043855929));
#1412=CARTESIAN_POINT('Ctrl Pts',(11.1829873616401,3.99360410021479,-1.09694511436849));
#1413=CARTESIAN_POINT('Ctrl Pts',(9.90222820046139,4.06509649732366,-1.25243008311132));
#1414=CARTESIAN_POINT('Ctrl Pts',(9.07762964303933,4.13658889443253,-0.260181670535629));
#1415=CARTESIAN_POINT('Ctrl Pts',(9.4648580655677,4.2080812915414,0.970498537630764));
#1416=CARTESIAN_POINT('Ctrl Pts',(10.7090553434039,4.27957368865027,1.31180892610458));
#1417=CARTESIAN_POINT('Ctrl Pts',(11.6700327194509,4.35106608575914,0.450970886644919));
#1418=CARTESIAN_POINT('Ctrl Pts',(11.4671456141005,4.42255848286801,-0.823139174719007));
#1419=CARTESIAN_POINT('Ctrl Pts',(10.2863207827423,4.49405087997688,-1.34292029289225));
#1420=CARTESIAN_POINT('Ctrl Pts',(9.20967220591705,4.56554327708575,-0.632042352266538));
#1421=CARTESIAN_POINT('Ctrl Pts',(9.2238460439782,4.63703567419462,0.658042393716286));
#1422=CARTESIAN_POINT('Ctrl Pts',(10.3158535336362,4.70852807130349,1.34509380350909));
#1423=CARTESIAN_POINT('Ctrl Pts',(11.4849730028722,4.78002046841236,0.799494199131692));
#1424=CARTESIAN_POINT('Ctrl Pts',(11.6598181821155,4.85151286552123,-0.478765671399066));
#1425=CARTESIAN_POINT('Ctrl Pts',(10.680158507105,4.9230052626301,-1.31828283308291));
#1426=CARTESIAN_POINT('Ctrl Pts',(9.44376210792907,4.99449765973897,-0.949717685764915));
#1427=CARTESIAN_POINT('Ctrl Pts',(9.08366321399664,5.06599005684784,0.289171359017781));
#1428=CARTESIAN_POINT('Ctrl Pts',(9.92986942526365,5.13748245395671,1.26306664222847));
#1429=CARTESIAN_POINT('Ctrl Pts',(11.206891548584,5.20897485106559,1.07947277995681));
#1430=CARTESIAN_POINT('Ctrl Pts',(11.7445014520321,5.28046724817445,-0.0933392411343842));
#1431=CARTESIAN_POINT('Ctrl Pts',(11.0499505747883,5.35195964528332,-1.18064603152113));
#1432=CARTESIAN_POINT('Ctrl Pts',(9.75988353071803,5.42345204239219,-1.18594226518641));
#1433=CARTESIAN_POINT('Ctrl Pts',(9.056225809773,5.49494443950106,-0.104551722046419));
#1434=CARTESIAN_POINT('Ctrl Pts',(9.58438949169068,5.56643683660994,1.07287615208168));
#1435=CARTESIAN_POINT('Ctrl Pts',(10.8592483992978,5.6379292337188,1.26667817984152));
#1436=CARTESIAN_POINT('Ctrl Pts',(11.7146777559204,5.70942163082768,0.300543321318165));
#1437=CARTESIAN_POINT('Ctrl Pts',(11.3624755338803,5.78091402793654,-0.942759252304267));
#1438=CARTESIAN_POINT('Ctrl Pts',(10.543950473017,5.82857562600912,-1.1927972510344));
#1439=CARTESIAN_POINT('Ctrl Pts',(10.1722715253033,5.85240642504541,-1.11702271320342));
#1440=CARTESIAN_POINT('Ctrl Pts',(10.1268793592025,2.65818579461628,-1.01996564921097));
#1441=CARTESIAN_POINT('Ctrl Pts',(9.78749524935242,2.68201659365257,-0.929087289110847));
#1442=CARTESIAN_POINT('Ctrl Pts',(9.21247516823245,2.72967819172515,-0.383409302779356));
#1443=CARTESIAN_POINT('Ctrl Pts',(9.43464420832413,2.80117058883402,0.792686206372796));
#1444=CARTESIAN_POINT('Ctrl Pts',(10.5431129258436,2.87266298594289,1.23973088860632));
#1445=CARTESIAN_POINT('Ctrl Pts',(11.5196015476473,2.94415538305176,0.551977678079955));
#1446=CARTESIAN_POINT('Ctrl Pts',(11.4705097323671,3.01564778016063,-0.642276269761413));
#1447=CARTESIAN_POINT('Ctrl Pts',(10.4401757679686,3.0871401772695,-1.24760091500341));
#1448=CARTESIAN_POINT('Ctrl Pts',(9.37313925195378,3.15863257437837,-0.709795814629133));
#1449=CARTESIAN_POINT('Ctrl Pts',(9.24706376430498,3.23012497148724,0.478562058327364));
#1450=CARTESIAN_POINT('Ctrl Pts',(10.1775757261081,3.30161736859611,1.22831542817217));
#1451=CARTESIAN_POINT('Ctrl Pts',(11.3119024908173,3.37310976570498,0.852458995994891));
#1452=CARTESIAN_POINT('Ctrl Pts',(11.6105653984139,3.44460216281385,-0.304608045337188));
#1453=CARTESIAN_POINT('Ctrl Pts',(10.7998556971899,3.51609455992272,-1.18252407419482));
#1454=CARTESIAN_POINT('Ctrl Pts',(9.62271840185286,3.58758695703159,-0.976772422844336));
#1455=CARTESIAN_POINT('Ctrl Pts',(9.1578847974084,3.65907935414046,0.124100261511663));
#1456=CARTESIAN_POINT('Ctrl Pts',(9.83133252159082,3.73057175124933,1.11124590793517));
#1457=CARTESIAN_POINT('Ctrl Pts',(11.0259097282521,3.8020641483582,1.08004058982758));
#1458=CARTESIAN_POINT('Ctrl Pts',(11.6469002130389,3.87355654546707,0.0590802951234618));
#1459=CARTESIAN_POINT('Ctrl Pts',(11.1252248729436,3.94504894257594,-1.0160213563699));
#1460=CARTESIAN_POINT('Ctrl Pts',(9.93894978672559,4.01654133968481,-1.16003589890986));
#1461=CARTESIAN_POINT('Ctrl Pts',(9.17518345621512,4.08803373679368,-0.240987566595236));
#1462=CARTESIAN_POINT('Ctrl Pts',(9.53384529073064,4.15952613390255,0.898902987617827));
#1463=CARTESIAN_POINT('Ctrl Pts',(10.6862557342984,4.23101853101142,1.21503425006476));
#1464=CARTESIAN_POINT('Ctrl Pts',(11.5763399547967,4.30251092812029,0.41770189404243));
#1465=CARTESIAN_POINT('Ctrl Pts',(11.3884202227445,4.37400332522916,-0.762414609285789));
#1466=CARTESIAN_POINT('Ctrl Pts',(10.2947071179803,4.44549572233803,-1.24385047128503));
#1467=CARTESIAN_POINT('Ctrl Pts',(9.29748498441038,4.5169881194469,-0.58541536820898));
#1468=CARTESIAN_POINT('Ctrl Pts',(9.3106131910847,4.58848051655577,0.609497336425461));
#1469=CARTESIAN_POINT('Ctrl Pts',(10.3220611808478,4.65997291366465,1.24586363782916));
#1470=CARTESIAN_POINT('Ctrl Pts',(11.4049324506428,4.73146531077351,0.740513969178205));
#1471=CARTESIAN_POINT('Ctrl Pts',(11.5668789635928,4.80295770788239,-0.443446203886204));
#1472=CARTESIAN_POINT('Ctrl Pts',(10.6594906733791,4.87445010499125,-1.22103056443179));
#1473=CARTESIAN_POINT('Ctrl Pts',(9.51430562259852,4.94594250210013,-0.879655179297521));
#1474=CARTESIAN_POINT('Ctrl Pts',(9.18077191899918,5.01743489920899,0.267838629813049));
#1475=CARTESIAN_POINT('Ctrl Pts',(9.96455186503146,5.08892729631787,1.16988777853424));
#1476=CARTESIAN_POINT('Ctrl Pts',(11.1473656018859,5.16041969342673,0.999837989786315));
#1477=CARTESIAN_POINT('Ctrl Pts',(11.6453149852637,5.23191209053561,-0.0864534251875418));
#1478=CARTESIAN_POINT('Ctrl Pts',(11.0020024665956,5.30340448764447,-1.09354749533611));
#1479=CARTESIAN_POINT('Ctrl Pts',(9.80710615796945,5.37489688475334,-1.0984530156231));
#1480=CARTESIAN_POINT('Ctrl Pts',(9.15535862503449,5.44638928186222,-0.0968387397445738));
#1481=CARTESIAN_POINT('Ctrl Pts',(9.64455865287385,5.51788167897108,0.993728007879861));
#1482=CARTESIAN_POINT('Ctrl Pts',(10.8253687586127,5.58937407607996,1.17323288604795));
#1483=CARTESIAN_POINT('Ctrl Pts',(11.6176914407688,5.66086647318882,0.27837166050864));
#1484=CARTESIAN_POINT('Ctrl Pts',(11.291471856337,5.7323588702977,-0.87321008290182));
#1485=CARTESIAN_POINT('Ctrl Pts',(10.5333309688234,5.78002046837028,-1.10480229593616));
#1486=CARTESIAN_POINT('Ctrl Pts',(10.1890714943577,5.80385126740657,-1.03461779199254));
#1487=CARTESIAN_POINT('Ctrl Pts',(10.1486327884013,2.60963063697743,-0.93872773738348));
#1488=CARTESIAN_POINT('Ctrl Pts',(9.83627984025066,2.63346143601372,-0.855087629091695));
#1489=CARTESIAN_POINT('Ctrl Pts',(9.30705878254409,2.6811230340863,-0.352871635989183));
#1490=CARTESIAN_POINT('Ctrl Pts',(9.51153257093417,2.75261543119517,0.729550578040612));
#1491=CARTESIAN_POINT('Ctrl Pts',(10.5317143113314,2.82410782830405,1.14098918225933));
#1492=CARTESIAN_POINT('Ctrl Pts',(11.4304278662786,2.8956002254129,0.508013928930865));
#1493=CARTESIAN_POINT('Ctrl Pts',(11.3852461008754,2.96709262252179,-0.591120446021537));
#1494=CARTESIAN_POINT('Ctrl Pts',(10.4369758606988,3.03858501963065,-1.14823237920287));
#1495=CARTESIAN_POINT('Ctrl Pts',(9.45492634250279,3.11007741673953,-0.653262214846663));
#1496=CARTESIAN_POINT('Ctrl Pts',(9.33889247670382,3.18156981384839,0.440445693988572));
#1497=CARTESIAN_POINT('Ctrl Pts',(10.1952913065933,3.25306221095726,1.13048293692368));
#1498=CARTESIAN_POINT('Ctrl Pts',(11.2392715603525,3.32455460806613,0.784562602810716));
#1499=CARTESIAN_POINT('Ctrl Pts',(11.5141466561025,3.396047005175,-0.280346716979524));
#1500=CARTESIAN_POINT('Ctrl Pts',(10.7680081130118,3.46753940228387,-1.08833875869166));
#1501=CARTESIAN_POINT('Ctrl Pts',(9.68462708866429,3.53903179939275,-0.898974751889502));
#1502=CARTESIAN_POINT('Ctrl Pts',(9.25681640886586,3.61052419650161,0.11421596186858));
#1503=CARTESIAN_POINT('Ctrl Pts',(9.87662557484795,3.68201659361049,1.02273773400075));
#1504=CARTESIAN_POINT('Ctrl Pts',(10.9760574618007,3.75350899071935,0.994017847518176));
#1505=CARTESIAN_POINT('Ctrl Pts',(11.547587486534,3.82500138782823,0.0543746858613318));
#1506=CARTESIAN_POINT('Ctrl Pts',(11.0674623842472,3.89649378493709,-0.935097598371313));
#1507=CARTESIAN_POINT('Ctrl Pts',(9.9756713729898,3.96798618204596,-1.0676417147084));
#1508=CARTESIAN_POINT('Ctrl Pts',(9.27273726939089,4.03947857915483,-0.221793462654845));
#1509=CARTESIAN_POINT('Ctrl Pts',(9.6028325158936,4.1109709762637,0.827307437604891));
#1510=CARTESIAN_POINT('Ctrl Pts',(10.6634561251929,4.18246337337258,1.11825957402494));
#1511=CARTESIAN_POINT('Ctrl Pts',(11.4826471901425,4.25395577048144,0.38443290143994));
#1512=CARTESIAN_POINT('Ctrl Pts',(11.3096948313885,4.32544816759032,-0.701690043852571));
#1513=CARTESIAN_POINT('Ctrl Pts',(10.3030934532184,4.39694056469918,-1.1447806496778));
#1514=CARTESIAN_POINT('Ctrl Pts',(9.38529776290368,4.46843296180806,-0.538788384151422));
#1515=CARTESIAN_POINT('Ctrl Pts',(9.39738033819124,4.53992535891692,0.560952279134636));
#1516=CARTESIAN_POINT('Ctrl Pts',(10.3282688280594,4.61141775602579,1.14663347214924));
#1517=CARTESIAN_POINT('Ctrl Pts',(11.3248918984133,4.68291015313467,0.681533739224716));
#1518=CARTESIAN_POINT('Ctrl Pts',(11.4739397450701,4.75440255024354,-0.408126736373342));
#1519=CARTESIAN_POINT('Ctrl Pts',(10.6388228396532,4.8258949473524,-1.12377829578068));
#1520=CARTESIAN_POINT('Ctrl Pts',(9.58484913726796,4.89738734446128,-0.809592672830125));
#1521=CARTESIAN_POINT('Ctrl Pts',(9.2778806240017,4.96887974157014,0.246505900608314));
#1522=CARTESIAN_POINT('Ctrl Pts',(9.9992343047993,5.04037213867902,1.07670891484002));
#1523=CARTESIAN_POINT('Ctrl Pts',(11.0878396551877,5.11186453578788,0.920203199615814));
#1524=CARTESIAN_POINT('Ctrl Pts',(11.5461285184954,5.18335693289676,-0.0795676092406968));
#1525=CARTESIAN_POINT('Ctrl Pts',(10.9540543584029,5.25484933000563,-1.00644895915109));
#1526=CARTESIAN_POINT('Ctrl Pts',(9.85432878522086,5.3263417271145,-1.01096376605978));
#1527=CARTESIAN_POINT('Ctrl Pts',(9.25449144029597,5.39783412422337,-0.0891257574427283));
#1528=CARTESIAN_POINT('Ctrl Pts',(9.70472781405701,5.46932652133224,0.914579863678046));
#1529=CARTESIAN_POINT('Ctrl Pts',(10.7914891179277,5.5408189184411,1.07978759225438));
#1530=CARTESIAN_POINT('Ctrl Pts',(11.5207051256171,5.61231131554998,0.256199999699116));
#1531=CARTESIAN_POINT('Ctrl Pts',(11.2204681787937,5.68380371265885,-0.803660913499374));
#1532=CARTESIAN_POINT('Ctrl Pts',(10.5227114646298,5.73146531073143,-1.01680734083792));
#1533=CARTESIAN_POINT('Ctrl Pts',(10.2058714634121,5.75529610976772,-0.952212870781656));
#1534=CARTESIAN_POINT('Ctrl Pts',(10.1703862176002,2.56107547933858,-0.857489825555994));
#1535=CARTESIAN_POINT('Ctrl Pts',(9.88506443114891,2.58490627837487,-0.781087969072543));
#1536=CARTESIAN_POINT('Ctrl Pts',(9.40164239685571,2.63256787644745,-0.32233396919901));
#1537=CARTESIAN_POINT('Ctrl Pts',(9.5884209335442,2.70406027355632,0.666414949708429));
#1538=CARTESIAN_POINT('Ctrl Pts',(10.5203156968192,2.7755526706652,1.04224747591233));
#1539=CARTESIAN_POINT('Ctrl Pts',(11.34125418491,2.84704506777406,0.464050179781775));
#1540=CARTESIAN_POINT('Ctrl Pts',(11.2999824693837,2.91853746488294,-0.539964622281661));
#1541=CARTESIAN_POINT('Ctrl Pts',(10.4337759534291,2.9900298619918,-1.04886384340233));
#1542=CARTESIAN_POINT('Ctrl Pts',(9.53671343305179,3.06152225910068,-0.596728615064192));
#1543=CARTESIAN_POINT('Ctrl Pts',(9.43072118910268,3.13301465620954,0.402329329649778));
#1544=CARTESIAN_POINT('Ctrl Pts',(10.2130068870785,3.20450705331842,1.03265044567519));
#1545=CARTESIAN_POINT('Ctrl Pts',(11.1666406298878,3.27599945042728,0.71666620962654));
#1546=CARTESIAN_POINT('Ctrl Pts',(11.4177279137911,3.34749184753616,-0.256085388621859));
#1547=CARTESIAN_POINT('Ctrl Pts',(10.7361605288337,3.41898424464503,-0.994153443188505));
#1548=CARTESIAN_POINT('Ctrl Pts',(9.74653577547569,3.4904766417539,-0.821177080934668));
#1549=CARTESIAN_POINT('Ctrl Pts',(9.35574802032336,3.56196903886277,0.104331662225498));
#1550=CARTESIAN_POINT('Ctrl Pts',(9.92191862810508,3.63346143597164,0.93422956006634));
#1551=CARTESIAN_POINT('Ctrl Pts',(10.9262051953494,3.70495383308051,0.907995105208772));
#1552=CARTESIAN_POINT('Ctrl Pts',(11.448274760029,3.77644623018937,0.0496690765992017));
#1553=CARTESIAN_POINT('Ctrl Pts',(11.0096998955508,3.84793862729825,-0.854173840372725));
#1554=CARTESIAN_POINT('Ctrl Pts',(10.012392959254,3.91943102440711,-0.975247530506946));
#1555=CARTESIAN_POINT('Ctrl Pts',(9.3702910825667,3.99092342151599,-0.202599358714453));
#1556=CARTESIAN_POINT('Ctrl Pts',(9.67181974105651,4.06241581862486,0.755711887591955));
#1557=CARTESIAN_POINT('Ctrl Pts',(10.6406565160874,4.13390821573373,1.02148489798512));
#1558=CARTESIAN_POINT('Ctrl Pts',(11.3889544254882,4.20540061284259,0.351163908837451));
#1559=CARTESIAN_POINT('Ctrl Pts',(11.2309694400325,4.27689300995147,-0.640965478419353));
#1560=CARTESIAN_POINT('Ctrl Pts',(10.3114797884564,4.34838540706033,-1.04571082807057));
#1561=CARTESIAN_POINT('Ctrl Pts',(9.47311054139699,4.41987780416921,-0.492161400093865));
#1562=CARTESIAN_POINT('Ctrl Pts',(9.48414748529776,4.49137020127807,0.512407221843813));
#1563=CARTESIAN_POINT('Ctrl Pts',(10.334476475271,4.56286259838695,1.04740330646931));
#1564=CARTESIAN_POINT('Ctrl Pts',(11.2448513461839,4.63435499549582,0.622553509271229));
#1565=CARTESIAN_POINT('Ctrl Pts',(11.3810005265473,4.70584739260469,-0.372807268860482));
#1566=CARTESIAN_POINT('Ctrl Pts',(10.6181550059273,4.77733978971356,-1.02652602712956));
#1567=CARTESIAN_POINT('Ctrl Pts',(9.65539265193741,4.84883218682243,-0.739530166362732));
#1568=CARTESIAN_POINT('Ctrl Pts',(9.37498932900422,4.9203245839313,0.225173171403582));
#1569=CARTESIAN_POINT('Ctrl Pts',(10.0339167445671,4.99181698104017,0.983530051145799));
#1570=CARTESIAN_POINT('Ctrl Pts',(11.0283137084895,5.06330937814904,0.840568409445317));
#1571=CARTESIAN_POINT('Ctrl Pts',(11.4469420517271,5.13480177525791,-0.0726817932938543));
#1572=CARTESIAN_POINT('Ctrl Pts',(10.9061062502102,5.20629417236678,-0.91935042296606));
#1573=CARTESIAN_POINT('Ctrl Pts',(9.90155141247229,5.27778656947565,-0.923474516496469));
#1574=CARTESIAN_POINT('Ctrl Pts',(9.35362425555745,5.34927896658453,-0.0814127751408827));
#1575=CARTESIAN_POINT('Ctrl Pts',(9.7648969752402,5.42077136369339,0.835431719476231));
#1576=CARTESIAN_POINT('Ctrl Pts',(10.7576094772427,5.49226376080227,0.986342298460806));
#1577=CARTESIAN_POINT('Ctrl Pts',(11.4237188104654,5.56375615791112,0.234028338889593));
#1578=CARTESIAN_POINT('Ctrl Pts',(11.1494645012504,5.63524855502001,-0.734111744096928));
#1579=CARTESIAN_POINT('Ctrl Pts',(10.5120919604362,5.68291015309258,-0.928812385739682));
#1580=CARTESIAN_POINT('Ctrl Pts',(10.2226714324665,5.70674095212887,-0.869807949570771));
#1581=CARTESIAN_POINT('Ctrl Pts',(10.2226714324665,5.70674095212887,-0.869807949570771));
#1582=CARTESIAN_POINT('Ctrl Pts',(10.2593348600375,5.7067409521311,-0.882775413495494));
#1583=CARTESIAN_POINT('Ctrl Pts',(10.2967490310395,5.70674095213335,-0.893075584188828));
#1584=CARTESIAN_POINT('Ctrl Pts',(10.3346494477927,5.70674095213558,-0.90084915952983));
#1585=CARTESIAN_POINT('Ctrl Pts',(10.3740547646522,5.70674095213789,-0.908931397818604));
#1586=CARTESIAN_POINT('Ctrl Pts',(10.4139864785137,5.70674095214018,-0.914282787581377));
#1587=CARTESIAN_POINT('Ctrl Pts',(10.4541815260862,5.70674095214237,-0.917015032182117));
#1588=CARTESIAN_POINT('Ctrl Pts',(10.4920910124348,5.70674095214444,-0.919591916540971));
#1589=CARTESIAN_POINT('Ctrl Pts',(10.5302357910431,5.70674095214644,-0.919838700695561));
#1590=CARTESIAN_POINT('Ctrl Pts',(10.568410864514,5.70674095214831,-0.917809648575046));
#1591=CARTESIAN_POINT('Ctrl Pts',(10.6102562467172,5.70674095215036,-0.915585515029946));
#1592=CARTESIAN_POINT('Ctrl Pts',(10.6518601809322,5.70674095215237,-0.91064169163383));
#1593=CARTESIAN_POINT('Ctrl Pts',(10.6929425748508,5.70674095215429,-0.9031101652647));
#1594=CARTESIAN_POINT('Ctrl Pts',(10.7349480682999,5.70674095215626,-0.895409409505743));
#1595=CARTESIAN_POINT('Ctrl Pts',(10.7764094905605,5.70674095215813,-0.885003541629518));
#1596=CARTESIAN_POINT('Ctrl Pts',(10.817044891776,5.70674095215987,-0.871981946506653));
#1597=CARTESIAN_POINT('Ctrl Pts',(10.8541362267423,5.70674095216145,-0.86009604573907));
#1598=CARTESIAN_POINT('Ctrl Pts',(10.8905402969557,5.70674095216291,-0.846030172754797));
#1599=CARTESIAN_POINT('Ctrl Pts',(10.9260417874651,5.70674095216421,-0.829814396393778));
#1600=CARTESIAN_POINT('Ctrl Pts',(10.9663323859623,5.70674095216569,-0.81141113147989));
#1601=CARTESIAN_POINT('Ctrl Pts',(11.0051901271938,5.70674095216706,-0.790362061860074));
#1602=CARTESIAN_POINT('Ctrl Pts',(11.0423198705749,5.7067409521683,-0.766780551714767));
#1603=CARTESIAN_POINT('Ctrl Pts',(11.0707809992055,5.70674095216924,-0.748704574548373));
#1604=CARTESIAN_POINT('Ctrl Pts',(11.0982273023148,5.7067409521701,-0.72913952505795));
#1605=CARTESIAN_POINT('Ctrl Pts',(11.1245246882977,5.70674095217087,-0.708115759955739));
#1606=CARTESIAN_POINT('Ctrl Pts',(11.1579730455799,5.70674095217184,-0.681375063864814));
#1607=CARTESIAN_POINT('Ctrl Pts',(11.1895642513666,5.70674095217266,-0.652275922082503));
#1608=CARTESIAN_POINT('Ctrl Pts',(11.2192374070252,5.70674095217328,-0.621084316465148));
#1609=CARTESIAN_POINT('Ctrl Pts',(11.2249205045782,5.7067409521734,-0.615110400525902));
#1610=CARTESIAN_POINT('Ctrl Pts',(11.2305331631548,5.70674095217351,-0.609059601031372));
#1611=CARTESIAN_POINT('Ctrl Pts',(11.2360748309563,5.70674095217362,-0.602933611513071));
#1612=CARTESIAN_POINT('Ctrl Pts',(11.2653842079174,5.70674095217417,-0.570533810138826));
#1613=CARTESIAN_POINT('Ctrl Pts',(11.2925248859093,5.70674095217459,-0.536238713008697));
#1614=CARTESIAN_POINT('Ctrl Pts',(11.3174628028874,5.70674095217485,-0.500365068441289));
#1615=CARTESIAN_POINT('Ctrl Pts',(11.343660008838,5.70674095217512,-0.462679913913232));
#1616=CARTESIAN_POINT('Ctrl Pts',(11.3674271915211,5.70674095217523,-0.423252221059729));
#1617=CARTESIAN_POINT('Ctrl Pts',(11.3886963581909,5.70674095217515,-0.382397816330039));
#1618=CARTESIAN_POINT('Ctrl Pts',(11.4046482331932,5.70674095217509,-0.351757012782771));
#1619=CARTESIAN_POINT('Ctrl Pts',(11.419194441078,5.70674095217493,-0.320312495765286));
#1620=CARTESIAN_POINT('Ctrl Pts',(11.43229227077,5.70674095217467,-0.288183336629922));
#1621=CARTESIAN_POINT('Ctrl Pts',(11.4363481033826,5.70674095217458,-0.278234322594727));
#1622=CARTESIAN_POINT('Ctrl Pts',(11.4402649570755,5.70674095217449,-0.268219590060054));
#1623=CARTESIAN_POINT('Ctrl Pts',(11.4440412889354,5.70674095217439,-0.258142505134785));
#1624=CARTESIAN_POINT('Ctrl Pts',(11.4477221169249,5.70674095217429,-0.248320270855034));
#1625=CARTESIAN_POINT('Ctrl Pts',(11.4512664451393,5.70674095217417,-0.238446614074098));
#1626=CARTESIAN_POINT('Ctrl Pts',(11.454671365853,5.70674095217405,-0.22853124650738));
#1627=CARTESIAN_POINT('Ctrl Pts',(11.4701483289147,5.70674095217351,-0.18346124621229));
#1628=CARTESIAN_POINT('Ctrl Pts',(11.4827629399232,5.70674095217279,-0.137492856489335));
#1629=CARTESIAN_POINT('Ctrl Pts',(11.4924321386413,5.7067409521719,-0.0909481578839621));
#1630=CARTESIAN_POINT('Ctrl Pts',(11.4995968161336,5.70674095217124,-0.0564594929798201));
#1631=CARTESIAN_POINT('Ctrl Pts',(11.505143629636,5.70674095217048,-0.021653429629223));
#1632=CARTESIAN_POINT('Ctrl Pts',(11.5090230076011,5.70674095216964,0.0133485507615475));
#1633=CARTESIAN_POINT('Ctrl Pts',(11.5143591173431,5.70674095216848,0.0614940035206518));
#1634=CARTESIAN_POINT('Ctrl Pts',(11.5165196028213,5.70674095216826,0.109808861209229));
#1635=CARTESIAN_POINT('Ctrl Pts',(11.5154106830831,5.70674095216786,0.157971790681246));
#1636=CARTESIAN_POINT('Ctrl Pts',(11.514676762349,5.7067409521676,0.189847652694542));
#1637=CARTESIAN_POINT('Ctrl Pts',(11.5125099119688,5.70674095216726,0.221657628155909));
#1638=CARTESIAN_POINT('Ctrl Pts',(11.5088710691125,5.70674095216651,0.253312772972242));
#1639=CARTESIAN_POINT('Ctrl Pts',(11.5072481795279,5.70674095216618,0.267430668921682));
#1640=CARTESIAN_POINT('Ctrl Pts',(11.5053323648691,5.70674095216577,0.281517793976993));
#1641=CARTESIAN_POINT('Ctrl Pts',(11.5031293154217,5.70674095216524,0.295568632934385));
#1642=CARTESIAN_POINT('Ctrl Pts',(9.51349371795932,3.10483716305498,0.000481002080157506));
#1643=CARTESIAN_POINT('Ctrl Pts',(9.51291532445536,3.11422966077317,0.117262689223631));
#1644=CARTESIAN_POINT('Ctrl Pts',(9.53434261598005,3.12362215849136,0.233841257168949));
#1645=CARTESIAN_POINT('Ctrl Pts',(9.57876751275683,3.13301465620955,0.34087319153502));
#1646=CARTESIAN_POINT('Ctrl Pts',(9.69148308842794,3.15684545524583,0.612436368324917));
#1647=CARTESIAN_POINT('Ctrl Pts',(9.95224498775321,3.18067625428213,0.822543407000055));
#1648=CARTESIAN_POINT('Ctrl Pts',(10.2415648945507,3.20450705331842,0.874932886996183));
#1649=CARTESIAN_POINT('Ctrl Pts',(10.5308848013482,3.2283378523547,0.92732236699231));
#1650=CARTESIAN_POINT('Ctrl Pts',(10.848762715618,3.25216865139099,0.821994288309425));
#1651=CARTESIAN_POINT('Ctrl Pts',(11.0495495534034,3.27599945042728,0.607204982593249));
#1652=CARTESIAN_POINT('Ctrl Pts',(11.2503363911889,3.29983024946358,0.392415676877074));
#1653=CARTESIAN_POINT('Ctrl Pts',(11.33403215249,3.32366104849987,0.0681651441276091));
#1654=CARTESIAN_POINT('Ctrl Pts',(11.262285468981,3.34749184753616,-0.216971464674897));
#1655=CARTESIAN_POINT('Ctrl Pts',(11.1905387854719,3.37132264657245,-0.502108073477406));
#1656=CARTESIAN_POINT('Ctrl Pts',(10.9633496571528,3.39515344560874,-0.748130758332956));
#1657=CARTESIAN_POINT('Ctrl Pts',(10.6848176341003,3.41898424464503,-0.842312707051758));
#1658=CARTESIAN_POINT('Ctrl Pts',(10.4062856110477,3.44281504368132,-0.93649465577056));
#1659=CARTESIAN_POINT('Ctrl Pts',(10.0764106932617,3.4666458427176,-0.878835868352614));
#1660=CARTESIAN_POINT('Ctrl Pts',(9.8463419418433,3.4904766417539,-0.69575501745028));
#1661=CARTESIAN_POINT('Ctrl Pts',(9.63922418701648,3.51193014885426,-0.53093778539725));
#1662=CARTESIAN_POINT('Ctrl Pts',(9.51299306606601,3.53338365595462,-0.264473842541681));
#1663=CARTESIAN_POINT('Ctrl Pts',(9.51119556107759,3.55483716305498,0.00050395863621199));
#1664=CARTESIAN_POINT('Ctrl Pts',(10.1051259300036,2.70674095225513,-1.10120356103845));
#1665=CARTESIAN_POINT('Ctrl Pts',(10.060910054355,2.70674095225239,-1.0840525947327));
#1666=CARTESIAN_POINT('Ctrl Pts',(10.0180266114614,2.70674095223678,-1.06397887675014));
#1667=CARTESIAN_POINT('Ctrl Pts',(9.97664480402122,2.70674095221675,-1.04123697382443));
#1668=CARTESIAN_POINT('Ctrl Pts',(9.93424392735502,2.70674095219622,-1.01793502833786));
#1669=CARTESIAN_POINT('Ctrl Pts',(9.89341866572708,2.70674095217105,-0.99183091564967));
#1670=CARTESIAN_POINT('Ctrl Pts',(9.85438766620789,2.70674095215032,-0.963157063173939));
#1671=CARTESIAN_POINT('Ctrl Pts',(9.81535666668869,2.70674095212959,-0.934483210698208));
#1672=CARTESIAN_POINT('Ctrl Pts',(9.77811918281278,2.7067409521133,-0.903238505057344));
#1673=CARTESIAN_POINT('Ctrl Pts',(9.74294222363537,2.70674095211055,-0.869630336104018));
#1674=CARTESIAN_POINT('Ctrl Pts',(9.70924264844504,2.70674095210791,-0.837433664102337));
#1675=CARTESIAN_POINT('Ctrl Pts',(9.67764718686607,2.70674095210526,-0.803272164569833));
#1676=CARTESIAN_POINT('Ctrl Pts',(9.64834065396474,2.70674095210266,-0.767365616859939));
#1677=CARTESIAN_POINT('Ctrl Pts',(9.61939992546377,2.70674095210008,-0.731907254993067));
#1678=CARTESIAN_POINT('Ctrl Pts',(9.59269083407133,2.70674095209756,-0.694746095526393));
#1679=CARTESIAN_POINT('Ctrl Pts',(9.56843736959902,2.70674095209513,-0.656073545286529));
#1680=CARTESIAN_POINT('Ctrl Pts',(9.54418390512671,2.7067409520927,-0.617400995046665));
#1681=CARTESIAN_POINT('Ctrl Pts',(9.5223854988603,2.70674095209038,-0.577216108381408));
#1682=CARTESIAN_POINT('Ctrl Pts',(9.50332060191305,2.70674095208821,-0.535704645046949));
#1683=CARTESIAN_POINT('Ctrl Pts',(9.48513678716668,2.70674095208614,-0.496111629610599));
#1684=CARTESIAN_POINT('Ctrl Pts',(9.46955287004582,2.70674095208413,-0.455558416256452));
#1685=CARTESIAN_POINT('Ctrl Pts',(9.4567549360726,2.70674095208222,-0.414218583246069));
#1686=CARTESIAN_POINT('Ctrl Pts',(9.44632096992759,2.70674095208066,-0.380514829267254));
#1687=CARTESIAN_POINT('Ctrl Pts',(9.43773956296586,2.70674095207917,-0.346287715284271));
#1688=CARTESIAN_POINT('Ctrl Pts',(9.4311372323846,2.70674095207777,-0.311629351915992));
#1689=CARTESIAN_POINT('Ctrl Pts',(9.42519309733252,2.70674095207651,-0.280426129052632));
#1690=CARTESIAN_POINT('Ctrl Pts',(9.42085371442717,2.70674095207532,-0.248873045665944));
#1691=CARTESIAN_POINT('Ctrl Pts',(9.41809824485123,2.70674095207421,-0.217086859446383));
#1692=CARTESIAN_POINT('Ctrl Pts',(9.41655745337579,2.7067409520736,-0.199312798287727));
#1693=CARTESIAN_POINT('Ctrl Pts',(9.41551214726517,2.70674095207301,-0.181465931381309));
#1694=CARTESIAN_POINT('Ctrl Pts',(9.4149603275179,2.70674095207244,-0.163567559216358));
#1695=CARTESIAN_POINT('Ctrl Pts',(9.414701778841,2.70674095207218,-0.155181486654046));
#1696=CARTESIAN_POINT('Ctrl Pts',(9.41455171147224,2.70674095207192,-0.14678468311527));
#1697=CARTESIAN_POINT('Ctrl Pts',(9.41450968330292,2.70674095207167,-0.138392666156025));
#1698=CARTESIAN_POINT('Ctrl Pts',(9.41429372197418,2.70674095207038,-0.095270370731023));
#1699=CARTESIAN_POINT('Ctrl Pts',(9.41692278775222,2.70674095206921,-0.0521815972521014));
#1700=CARTESIAN_POINT('Ctrl Pts',(9.42230183807914,2.7067409520682,-0.00941246780457348));
#1701=CARTESIAN_POINT('Ctrl Pts',(9.42712903343285,2.70674095206729,0.0289688319423278));
#1702=CARTESIAN_POINT('Ctrl Pts',(9.43417190868357,2.7067409520665,0.067093271282582));
#1703=CARTESIAN_POINT('Ctrl Pts',(9.4433937525729,2.70674095206585,0.104739224827701));
#1704=CARTESIAN_POINT('Ctrl Pts',(9.45041858965771,2.70674095206535,0.133416427969529));
#1705=CARTESIAN_POINT('Ctrl Pts',(9.45870848440014,2.70674095206493,0.161815758089951));
#1706=CARTESIAN_POINT('Ctrl Pts',(9.46825709725072,2.70674095206459,0.189829842009667));
#1707=CARTESIAN_POINT('Ctrl Pts',(9.47137774627333,2.70674095206448,0.198985320922832));
#1708=CARTESIAN_POINT('Ctrl Pts',(9.4746336446131,2.70674095206438,0.208101555160493));
#1709=CARTESIAN_POINT('Ctrl Pts',(9.47802235849737,2.70674095206429,0.217168211281432));
#1710=CARTESIAN_POINT('Ctrl Pts',(9.49245534810034,2.7067409520639,0.25578432287899));
#1711=CARTESIAN_POINT('Ctrl Pts',(9.50925105681273,2.70674095206367,0.293390227233062));
#1712=CARTESIAN_POINT('Ctrl Pts',(9.52836347546111,2.7067409520636,0.329706383386799));
#1713=CARTESIAN_POINT('Ctrl Pts',(9.54510754222312,2.70674095206354,0.361522353639672));
#1714=CARTESIAN_POINT('Ctrl Pts',(9.56363054808487,2.7067409520636,0.392348417139171));
#1715=CARTESIAN_POINT('Ctrl Pts',(9.58392165772177,2.70674095206378,0.421970442168807));
#1716=CARTESIAN_POINT('Ctrl Pts',(9.60609327026291,2.70674095206398,0.454337723869674));
#1717=CARTESIAN_POINT('Ctrl Pts',(9.63028582260979,2.70674095206459,0.485137544495123));
#1718=CARTESIAN_POINT('Ctrl Pts',(9.65647043906504,2.70674095206534,0.514102968612549));
#1719=CARTESIAN_POINT('Ctrl Pts',(9.67317368403062,2.70674095206582,0.532580099083096));
#1720=CARTESIAN_POINT('Ctrl Pts',(9.69068814945802,2.70674095206635,0.550310021491629));
#1721=CARTESIAN_POINT('Ctrl Pts',(9.70901159573393,2.70674095206687,0.567213563488167));
#1722=CARTESIAN_POINT('Ctrl Pts',(9.71721300461491,2.7067409520671,0.574779436051823));
#1723=CARTESIAN_POINT('Ctrl Pts',(9.72557653878246,2.70674095206733,0.582179633555784));
#1724=CARTESIAN_POINT('Ctrl Pts',(9.73409613138356,2.70674095206754,0.589411524723273));
#1725=CARTESIAN_POINT('Origin',(10.6096874048701,5.70674095212887,-2.48966530169672E-5));
#1726=CARTESIAN_POINT('',(10.6868860909549,5.70674095225513,2.24997510334698));
#1727=CARTESIAN_POINT('',(12.1088173718339,5.70674095220454,2.48311331787513E-16));
#1728=CARTESIAN_POINT('Ctrl Pts',(10.6868860910554,5.70674095206702,2.24997510334698));
#1729=CARTESIAN_POINT('Ctrl Pts',(11.3624149325035,5.70674095213194,1.19516108208324));
#1730=CARTESIAN_POINT('Ctrl Pts',(12.1088173718339,5.70674095220454,5.55111512312578E-16));
#1731=CARTESIAN_POINT('',(10.6868542020381,5.70674095225513,-2.25002489665302));
#1732=CARTESIAN_POINT('Ctrl Pts',(12.1088173718339,5.70674095220454,1.94289029309402E-15));
#1733=CARTESIAN_POINT('Ctrl Pts',(11.3623973699415,5.70674095220179,-1.1951892036705));
#1734=CARTESIAN_POINT('Ctrl Pts',(10.6868542020684,5.70674095219852,-2.25002489665302));
#1735=CARTESIAN_POINT('',(8.1096874048701,5.70674095225513,-2.25002489665302));
#1736=CARTESIAN_POINT('',(8.1096874048701,5.70674095225513,-2.25002489665302));
#1737=CARTESIAN_POINT('',(8.1096874048701,5.70674095225513,2.24997510334698));
#1738=CARTESIAN_POINT('',(8.1096874048701,5.70674095225513,2.24997510334698));
#1739=CARTESIAN_POINT('',(8.1096874048701,5.70674095225513,2.24997510334698));
#1740=CARTESIAN_POINT('Origin',(10.4,2.70674095225513,5.06961324850127E-17));
#1741=CARTESIAN_POINT('Origin',(3.20353157423724E-16,0.,-1.74093570419354));
#1742=CARTESIAN_POINT('',(13.1096874050215,2.70674095225513,1.77067937785866E-16));
#1743=CARTESIAN_POINT('Origin',(4.44273961790583E-16,0.,1.11022302462516E-15));
#1744=CARTESIAN_POINT('',(11.8088652481071,2.70674095225512,-2.25002489674068));
#1745=CARTESIAN_POINT('Ctrl Pts',(11.8088652481071,2.70674095225512,-2.25002489674068));
#1746=CARTESIAN_POINT('Ctrl Pts',(12.4268570072468,2.70674095225512,-1.18374142593353));
#1747=CARTESIAN_POINT('Ctrl Pts',(13.1096874050215,2.70674095225513,1.77067937785866E-16));
#1748=CARTESIAN_POINT('Origin',(2.84115895999909E-16,0.,-2.25002489674068));
#1749=CARTESIAN_POINT('Origin',(5.73516673381314E-16,0.,1.81570199019194));
#1750=CARTESIAN_POINT('',(11.8088941072302,2.70674095225513,2.24997510325932));
#1751=CARTESIAN_POINT('Origin',(6.04428483252626E-16,0.,2.24997510325932));
#1752=CARTESIAN_POINT('Ctrl Pts',(13.1096874050215,2.70674095225513,1.77067937785866E-16));
#1753=CARTESIAN_POINT('Ctrl Pts',(12.426872909236,2.70674095225513,1.18371385859579));
#1754=CARTESIAN_POINT('Ctrl Pts',(11.8088941072302,2.70674095225512,2.24997510325932));
#1755=CARTESIAN_POINT('Origin',(11.8088652481071,2.70674095225513,-2.25002489674068));
#1756=CARTESIAN_POINT('',(8.10968740502153,2.70674095225513,-2.25002489674068));
#1757=CARTESIAN_POINT('',(8.10968740502153,2.70674095225513,-2.25002489674068));
#1758=CARTESIAN_POINT('',(8.10968740502153,2.70674095225513,-2.25002489674068));
#1759=CARTESIAN_POINT('Origin',(8.10968740502153,2.70674095225513,2.24997510325932));
#1760=CARTESIAN_POINT('',(8.10968740502153,2.70674095225513,2.24997510325932));
#1761=CARTESIAN_POINT('',(8.10968740502153,2.70674095225513,2.24997510325932));
#1762=CARTESIAN_POINT('',(8.10968740502153,2.70674095225513,2.24997510325932));
#1763=CARTESIAN_POINT('Origin',(8.10968740502153,2.70674095225513,-2.25002489674068));
#1764=CARTESIAN_POINT('',(8.10968740502153,2.70674095225513,2.24997510325932));
#1765=CARTESIAN_POINT('Origin',(10.6096874050215,2.70674095212887,-2.48967406810099E-5));
#1766=UNCERTAINTY_MEASURE_WITH_UNIT(LENGTH_MEASURE(0.01),#1770,
'DISTANCE_ACCURACY_VALUE',
'Maximum model space distance between geometric entities at asserted c
onnectivities');
#1767=UNCERTAINTY_MEASURE_WITH_UNIT(LENGTH_MEASURE(0.01),#1770,
'DISTANCE_ACCURACY_VALUE',
'Maximum model space distance between geometric entities at asserted c
onnectivities');
#1768=(
GEOMETRIC_REPRESENTATION_CONTEXT(3)
GLOBAL_UNCERTAINTY_ASSIGNED_CONTEXT((#1766))
GLOBAL_UNIT_ASSIGNED_CONTEXT((#1770,#1771,#1772))
REPRESENTATION_CONTEXT('','3D')
);
#1769=(
GEOMETRIC_REPRESENTATION_CONTEXT(3)
GLOBAL_UNCERTAINTY_ASSIGNED_CONTEXT((#1767))
GLOBAL_UNIT_ASSIGNED_CONTEXT((#1770,#1771,#1772))
REPRESENTATION_CONTEXT('','3D')
);
#1770=(
LENGTH_UNIT()
NAMED_UNIT(*)
SI_UNIT(.MILLI.,.METRE.)
);
#1771=(
NAMED_UNIT(*)
PLANE_ANGLE_UNIT()
SI_UNIT($,.RADIAN.)
);
#1772=(
NAMED_UNIT(*)
SI_UNIT($,.STERADIAN.)
SOLID_ANGLE_UNIT()
);
#1773=SHAPE_DEFINITION_REPRESENTATION(#1774,#1775);
#1774=PRODUCT_DEFINITION_SHAPE('',$,#1777);
#1775=SHAPE_REPRESENTATION('',(#464),#1768);
#1776=PRODUCT_DEFINITION_CONTEXT('part definition',#1781,'design');
#1777=PRODUCT_DEFINITION('Nut_22mm','Nut_22mm',#1778,#1776);
#1778=PRODUCT_DEFINITION_FORMATION('',$,#1783);
#1779=PRODUCT_RELATED_PRODUCT_CATEGORY('Nut_22mm','Nut_22mm',(#1783));
#1780=APPLICATION_PROTOCOL_DEFINITION('international standard',
'automotive_design',2009,#1781);
#1781=APPLICATION_CONTEXT(
'Core Data for Automotive Mechanical Design Process');
#1782=PRODUCT_CONTEXT('part definition',#1781,'mechanical');
#1783=PRODUCT('Nut_22mm','Nut_22mm',$,(#1782));
#1784=PRESENTATION_STYLE_ASSIGNMENT((#1786));
#1785=PRESENTATION_STYLE_ASSIGNMENT((#1787));
#1786=SURFACE_STYLE_USAGE(.BOTH.,#1788);
#1787=SURFACE_STYLE_USAGE(.BOTH.,#1789);
#1788=SURFACE_SIDE_STYLE('',(#1790));
#1789=SURFACE_SIDE_STYLE('',(#1791));
#1790=SURFACE_STYLE_FILL_AREA(#1792);
#1791=SURFACE_STYLE_FILL_AREA(#1793);
#1792=FILL_AREA_STYLE('ABS (White)',(#1794));
#1793=FILL_AREA_STYLE('Brass - Polished',(#1795));
#1794=FILL_AREA_STYLE_COLOUR('ABS (White)',#1796);
#1795=FILL_AREA_STYLE_COLOUR('Brass - Polished',#1797);
#1796=COLOUR_RGB('ABS (White)',0.964705882352941,0.964705882352941,0.952941176470588);
#1797=COLOUR_RGB('Brass - Polished',0.952941176470588,0.796078431372549,
0.486274509803922);
ENDSEC;
END-ISO-10303-21;
