ISO-10303-21;
HEADER;
/* Generated by software containing ST-Developer
 * from STEP Tools, Inc. (www.steptools.com) 
 */

FILE_DESCRIPTION(
/* description */ (''),
/* implementation_level */ '2;1');

FILE_NAME(
/* name */ '3D_UCF_B_CutterHead_104zz.step',
/* time_stamp */ '2025-09-15T10:04:08-07:00',
/* author */ (''),
/* organization */ (''),
/* preprocessor_version */ 'ST-DEVELOPER v20.1',
/* originating_system */ 'Autodesk Translation Framework v14.17.0.0',
/* authorisation */ '');

FILE_SCHEMA (('AUTOMOTIVE_DESIGN { 1 0 10303 214 3 1 1 }'));
ENDSEC;

DATA;
#10=MECHANICAL_DESIGN_GEOMETRIC_PRESENTATION_REPRESENTATION('',(#13),#2210);
#11=SHAPE_REPRESENTATION_RELATIONSHIP('SRR','None',#2217,#12);
#12=ADVANCED_BREP_SHAPE_REPRESENTATION('',(#14),#2209);
#13=STYLED_ITEM('',(#2226),#14);
#14=MANIFOLD_SOLID_BREP('Body1',#894);
#15=TOROIDAL_SURFACE('',#938,9.02499999999999,0.5);
#16=TOROIDAL_SURFACE('',#940,9.02499999999999,0.5);
#17=TOROIDAL_SURFACE('',#947,9.02499999999999,0.5);
#18=B_SPLINE_SURFACE_WITH_KNOTS('',3,3,((#1327,#1328,#1329,#1330),(#1331,
#1332,#1333,#1334),(#1335,#1336,#1337,#1338),(#1339,#1340,#1341,#1342),
(#1343,#1344,#1345,#1346)),.UNSPECIFIED.,.F.,.F.,.F.,(4,1,4),(4,4),(0.,
0.5,1.),(0.706058338452257,1.1009106101405),.UNSPECIFIED.);
#19=B_SPLINE_SURFACE_WITH_KNOTS('',3,3,((#1437,#1438,#1439,#1440),(#1441,
#1442,#1443,#1444),(#1445,#1446,#1447,#1448),(#1449,#1450,#1451,#1452),
(#1453,#1454,#1455,#1456)),.UNSPECIFIED.,.F.,.F.,.F.,(4,1,4),(4,4),(0.,
0.5,1.),(0.832464365022758,1.18254033179856),.UNSPECIFIED.);
#20=B_SPLINE_SURFACE_WITH_KNOTS('',3,3,((#1574,#1575,#1576,#1577),(#1578,
#1579,#1580,#1581),(#1582,#1583,#1584,#1585),(#1586,#1587,#1588,#1589),
(#1590,#1591,#1592,#1593)),.UNSPECIFIED.,.F.,.F.,.F.,(4,1,4),(4,4),(0.,
0.5,1.),(0.648443064276769,1.04329267336637),.UNSPECIFIED.);
#21=B_SPLINE_SURFACE_WITH_KNOTS('',3,3,((#1636,#1637,#1638,#1639),(#1640,
#1641,#1642,#1643),(#1644,#1645,#1646,#1647),(#1648,#1649,#1650,#1651),
(#1652,#1653,#1654,#1655)),.UNSPECIFIED.,.F.,.F.,.F.,(4,1,4),(4,4),(0.,
0.5,1.),(0.53752350428517,1.23958120386577),.UNSPECIFIED.);
#22=B_SPLINE_SURFACE_WITH_KNOTS('',3,3,((#1733,#1734,#1735,#1736),(#1737,
#1738,#1739,#1740),(#1741,#1742,#1743,#1744),(#1745,#1746,#1747,#1748),
(#1749,#1750,#1751,#1752)),.UNSPECIFIED.,.F.,.F.,.F.,(4,1,4),(4,4),(0.,
0.5,1.),(0.70605833845229,1.1009106101405),.UNSPECIFIED.);
#23=B_SPLINE_SURFACE_WITH_KNOTS('',3,3,((#1797,#1798,#1799,#1800),(#1801,
#1802,#1803,#1804),(#1805,#1806,#1807,#1808),(#1809,#1810,#1811,#1812),
(#1813,#1814,#1815,#1816)),.UNSPECIFIED.,.F.,.F.,.F.,(4,1,4),(4,4),(0.,
0.5,1.),(0.832450179446206,1.18252280817304),.UNSPECIFIED.);
#24=B_SPLINE_SURFACE_WITH_KNOTS('',3,3,((#1900,#1901,#1902,#1903),(#1904,
#1905,#1906,#1907),(#1908,#1909,#1910,#1911),(#1912,#1913,#1914,#1915),
(#1916,#1917,#1918,#1919)),.UNSPECIFIED.,.F.,.F.,.F.,(4,1,4),(4,4),(0.,
0.5,1.),(0.310817743751979,1.0128624264777),.UNSPECIFIED.);
#25=B_SPLINE_SURFACE_WITH_KNOTS('',3,3,((#1924,#1925,#1926,#1927),(#1928,
#1929,#1930,#1931),(#1932,#1933,#1934,#1935),(#1936,#1937,#1938,#1939),
(#1940,#1941,#1942,#1943)),.UNSPECIFIED.,.F.,.F.,.F.,(4,1,4),(4,4),(0.,
0.5,1.),(0.648443064277209,1.04329267336637),.UNSPECIFIED.);
#26=B_SPLINE_SURFACE_WITH_KNOTS('',3,3,((#1998,#1999,#2000,#2001),(#2002,
#2003,#2004,#2005),(#2006,#2007,#2008,#2009),(#2010,#2011,#2012,#2013),
(#2014,#2015,#2016,#2017)),.UNSPECIFIED.,.F.,.F.,.F.,(4,1,4),(4,4),(0.,
0.5,1.),(0.310817743751978,1.0128624264777),.UNSPECIFIED.);
#27=B_SPLINE_SURFACE_WITH_KNOTS('',3,3,((#2031,#2032,#2033,#2034),(#2035,
#2036,#2037,#2038),(#2039,#2040,#2041,#2042),(#2043,#2044,#2045,#2046),
(#2047,#2048,#2049,#2050)),.UNSPECIFIED.,.F.,.F.,.F.,(4,1,4),(4,4),(0.,
0.5,1.),(0.537523504285167,1.23958120386577),.UNSPECIFIED.);
#28=CYLINDRICAL_SURFACE('',#934,9.52499999999999);
#29=CYLINDRICAL_SURFACE('',#943,9.52499999999999);
#30=CYLINDRICAL_SURFACE('',#953,9.52499999999999);
#31=CYLINDRICAL_SURFACE('',#955,1.1);
#32=CYLINDRICAL_SURFACE('',#956,1.5875);
#33=CYLINDRICAL_SURFACE('',#964,3.15);
#34=CYLINDRICAL_SURFACE('',#968,5.1);
#35=CYLINDRICAL_SURFACE('',#969,7.72499999999999);
#36=CYLINDRICAL_SURFACE('',#972,5.1);
#37=FACE_BOUND('',#250,.T.);
#38=FACE_BOUND('',#255,.T.);
#39=FACE_BOUND('',#276,.T.);
#40=FACE_BOUND('',#282,.T.);
#41=FACE_BOUND('',#285,.T.);
#42=FACE_BOUND('',#289,.T.);
#43=ELLIPSE('',#925,1.65773660472042,1.5875);
#44=ELLIPSE('',#926,1.65773660472042,1.5875);
#45=ELLIPSE('',#932,1.65773660472042,1.5875);
#46=ELLIPSE('',#933,1.65773660472042,1.5875);
#47=LINE('',#1180,#104);
#48=LINE('',#1182,#105);
#49=LINE('',#1183,#106);
#50=LINE('',#1186,#107);
#51=LINE('',#1188,#108);
#52=LINE('',#1189,#109);
#53=LINE('',#1192,#110);
#54=LINE('',#1194,#111);
#55=LINE('',#1195,#112);
#56=LINE('',#1198,#113);
#57=LINE('',#1200,#114);
#58=LINE('',#1201,#115);
#59=LINE('',#1219,#116);
#60=LINE('',#1221,#117);
#61=LINE('',#1222,#118);
#62=LINE('',#1225,#119);
#63=LINE('',#1227,#120);
#64=LINE('',#1228,#121);
#65=LINE('',#1230,#122);
#66=LINE('',#1231,#123);
#67=LINE('',#1234,#124);
#68=LINE('',#1236,#125);
#69=LINE('',#1237,#126);
#70=LINE('',#1240,#127);
#71=LINE('',#1242,#128);
#72=LINE('',#1243,#129);
#73=LINE('',#1245,#130);
#74=LINE('',#1246,#131);
#75=LINE('',#1249,#132);
#76=LINE('',#1256,#133);
#77=LINE('',#1260,#134);
#78=LINE('',#1263,#135);
#79=LINE('',#1275,#136);
#80=LINE('',#1294,#137);
#81=LINE('',#1306,#138);
#82=LINE('',#1311,#139);
#83=LINE('',#1318,#140);
#84=LINE('',#1320,#141);
#85=LINE('',#1323,#142);
#86=LINE('',#1796,#143);
#87=LINE('',#1950,#144);
#88=LINE('',#2065,#145);
#89=LINE('',#2067,#146);
#90=LINE('',#2071,#147);
#91=LINE('',#2080,#148);
#92=LINE('',#2085,#149);
#93=LINE('',#2088,#150);
#94=LINE('',#2130,#151);
#95=LINE('',#2131,#152);
#96=LINE('',#2179,#153);
#97=LINE('',#2180,#154);
#98=LINE('',#2183,#155);
#99=LINE('',#2191,#156);
#100=LINE('',#2193,#157);
#101=LINE('',#2199,#158);
#102=LINE('',#2201,#159);
#103=LINE('',#2206,#160);
#104=VECTOR('',#983,10.);
#105=VECTOR('',#984,10.);
#106=VECTOR('',#985,10.);
#107=VECTOR('',#988,10.);
#108=VECTOR('',#989,10.);
#109=VECTOR('',#990,10.);
#110=VECTOR('',#993,10.);
#111=VECTOR('',#994,10.);
#112=VECTOR('',#995,10.);
#113=VECTOR('',#998,10.);
#114=VECTOR('',#999,10.);
#115=VECTOR('',#1000,10.);
#116=VECTOR('',#1009,10.);
#117=VECTOR('',#1010,10.);
#118=VECTOR('',#1011,10.);
#119=VECTOR('',#1014,10.);
#120=VECTOR('',#1015,10.);
#121=VECTOR('',#1016,10.);
#122=VECTOR('',#1019,10.);
#123=VECTOR('',#1020,10.);
#124=VECTOR('',#1023,10.);
#125=VECTOR('',#1024,10.);
#126=VECTOR('',#1025,10.);
#127=VECTOR('',#1028,10.);
#128=VECTOR('',#1029,10.);
#129=VECTOR('',#1030,10.);
#130=VECTOR('',#1033,10.);
#131=VECTOR('',#1034,10.);
#132=VECTOR('',#1037,10.);
#133=VECTOR('',#1038,10.);
#134=VECTOR('',#1043,10.);
#135=VECTOR('',#1046,10.);
#136=VECTOR('',#1049,10.);
#137=VECTOR('',#1054,10.);
#138=VECTOR('',#1057,10.);
#139=VECTOR('',#1062,10.);
#140=VECTOR('',#1065,10.);
#141=VECTOR('',#1066,10.);
#142=VECTOR('',#1069,10.);
#143=VECTOR('',#1078,10.);
#144=VECTOR('',#1085,10.);
#145=VECTOR('',#1088,10.);
#146=VECTOR('',#1091,10.);
#147=VECTOR('',#1096,8.62499999999999);
#148=VECTOR('',#1107,8.62499999999999);
#149=VECTOR('',#1114,9.52499999999999);
#150=VECTOR('',#1117,1.1);
#151=VECTOR('',#1120,1.5875);
#152=VECTOR('',#1121,1.5875);
#153=VECTOR('',#1124,10.);
#154=VECTOR('',#1125,10.);
#155=VECTOR('',#1130,10.);
#156=VECTOR('',#1141,3.15);
#157=VECTOR('',#1142,3.15);
#158=VECTOR('',#1151,5.1);
#159=VECTOR('',#1154,7.72499999999999);
#160=VECTOR('',#1161,5.1);
#161=PLANE('',#911);
#162=PLANE('',#912);
#163=PLANE('',#913);
#164=PLANE('',#914);
#165=PLANE('',#918);
#166=PLANE('',#919);
#167=PLANE('',#920);
#168=PLANE('',#921);
#169=PLANE('',#922);
#170=PLANE('',#923);
#171=PLANE('',#924);
#172=PLANE('',#927);
#173=PLANE('',#928);
#174=PLANE('',#930);
#175=PLANE('',#931);
#176=PLANE('',#936);
#177=PLANE('',#944);
#178=PLANE('',#957);
#179=PLANE('',#958);
#180=PLANE('',#959);
#181=PLANE('',#960);
#182=PLANE('',#961);
#183=PLANE('',#966);
#184=PLANE('',#970);
#185=FACE_OUTER_BOUND('',#235,.T.);
#186=FACE_OUTER_BOUND('',#236,.T.);
#187=FACE_OUTER_BOUND('',#237,.T.);
#188=FACE_OUTER_BOUND('',#238,.T.);
#189=FACE_OUTER_BOUND('',#239,.T.);
#190=FACE_OUTER_BOUND('',#240,.T.);
#191=FACE_OUTER_BOUND('',#241,.T.);
#192=FACE_OUTER_BOUND('',#242,.T.);
#193=FACE_OUTER_BOUND('',#243,.T.);
#194=FACE_OUTER_BOUND('',#244,.T.);
#195=FACE_OUTER_BOUND('',#245,.T.);
#196=FACE_OUTER_BOUND('',#246,.T.);
#197=FACE_OUTER_BOUND('',#247,.T.);
#198=FACE_OUTER_BOUND('',#248,.T.);
#199=FACE_OUTER_BOUND('',#249,.T.);
#200=FACE_OUTER_BOUND('',#251,.T.);
#201=FACE_OUTER_BOUND('',#252,.T.);
#202=FACE_OUTER_BOUND('',#253,.T.);
#203=FACE_OUTER_BOUND('',#254,.T.);
#204=FACE_OUTER_BOUND('',#256,.T.);
#205=FACE_OUTER_BOUND('',#257,.T.);
#206=FACE_OUTER_BOUND('',#258,.T.);
#207=FACE_OUTER_BOUND('',#259,.T.);
#208=FACE_OUTER_BOUND('',#260,.T.);
#209=FACE_OUTER_BOUND('',#261,.T.);
#210=FACE_OUTER_BOUND('',#262,.T.);
#211=FACE_OUTER_BOUND('',#263,.T.);
#212=FACE_OUTER_BOUND('',#264,.T.);
#213=FACE_OUTER_BOUND('',#265,.T.);
#214=FACE_OUTER_BOUND('',#266,.T.);
#215=FACE_OUTER_BOUND('',#267,.T.);
#216=FACE_OUTER_BOUND('',#268,.T.);
#217=FACE_OUTER_BOUND('',#269,.T.);
#218=FACE_OUTER_BOUND('',#270,.T.);
#219=FACE_OUTER_BOUND('',#271,.T.);
#220=FACE_OUTER_BOUND('',#272,.T.);
#221=FACE_OUTER_BOUND('',#273,.T.);
#222=FACE_OUTER_BOUND('',#274,.T.);
#223=FACE_OUTER_BOUND('',#275,.T.);
#224=FACE_OUTER_BOUND('',#277,.T.);
#225=FACE_OUTER_BOUND('',#278,.T.);
#226=FACE_OUTER_BOUND('',#279,.T.);
#227=FACE_OUTER_BOUND('',#280,.T.);
#228=FACE_OUTER_BOUND('',#281,.T.);
#229=FACE_OUTER_BOUND('',#283,.T.);
#230=FACE_OUTER_BOUND('',#284,.T.);
#231=FACE_OUTER_BOUND('',#286,.T.);
#232=FACE_OUTER_BOUND('',#287,.T.);
#233=FACE_OUTER_BOUND('',#288,.T.);
#234=FACE_OUTER_BOUND('',#290,.T.);
#235=EDGE_LOOP('',(#576,#577,#578,#579));
#236=EDGE_LOOP('',(#580,#581,#582,#583));
#237=EDGE_LOOP('',(#584,#585,#586,#587));
#238=EDGE_LOOP('',(#588,#589,#590,#591));
#239=EDGE_LOOP('',(#592,#593,#594,#595));
#240=EDGE_LOOP('',(#596,#597,#598,#599));
#241=EDGE_LOOP('',(#600,#601,#602,#603));
#242=EDGE_LOOP('',(#604,#605,#606,#607));
#243=EDGE_LOOP('',(#608,#609,#610,#611));
#244=EDGE_LOOP('',(#612,#613,#614,#615));
#245=EDGE_LOOP('',(#616,#617,#618,#619));
#246=EDGE_LOOP('',(#620,#621,#622,#623));
#247=EDGE_LOOP('',(#624,#625,#626,#627,#628,#629,#630));
#248=EDGE_LOOP('',(#631,#632,#633,#634,#635));
#249=EDGE_LOOP('',(#636,#637,#638,#639,#640,#641));
#250=EDGE_LOOP('',(#642));
#251=EDGE_LOOP('',(#643,#644,#645,#646,#647));
#252=EDGE_LOOP('',(#648,#649,#650,#651,#652,#653,#654));
#253=EDGE_LOOP('',(#655,#656,#657,#658,#659,#660,#661));
#254=EDGE_LOOP('',(#662,#663,#664,#665,#666,#667,#668,#669,#670,#671,#672,
#673));
#255=EDGE_LOOP('',(#674));
#256=EDGE_LOOP('',(#675,#676,#677,#678,#679,#680));
#257=EDGE_LOOP('',(#681,#682,#683,#684));
#258=EDGE_LOOP('',(#685,#686,#687,#688));
#259=EDGE_LOOP('',(#689,#690,#691,#692,#693,#694));
#260=EDGE_LOOP('',(#695,#696,#697,#698,#699));
#261=EDGE_LOOP('',(#700,#701,#702,#703,#704,#705));
#262=EDGE_LOOP('',(#706,#707,#708,#709,#710));
#263=EDGE_LOOP('',(#711,#712,#713,#714));
#264=EDGE_LOOP('',(#715,#716,#717,#718,#719));
#265=EDGE_LOOP('',(#720,#721,#722,#723,#724,#725));
#266=EDGE_LOOP('',(#726,#727,#728,#729,#730));
#267=EDGE_LOOP('',(#731,#732,#733,#734,#735));
#268=EDGE_LOOP('',(#736,#737,#738,#739,#740,#741,#742));
#269=EDGE_LOOP('',(#743,#744,#745,#746));
#270=EDGE_LOOP('',(#747,#748,#749,#750,#751,#752,#753,#754,#755,#756,#757,
#758,#759,#760,#761,#762));
#271=EDGE_LOOP('',(#763,#764,#765,#766));
#272=EDGE_LOOP('',(#767,#768,#769,#770));
#273=EDGE_LOOP('',(#771,#772,#773,#774));
#274=EDGE_LOOP('',(#775,#776,#777,#778,#779,#780));
#275=EDGE_LOOP('',(#781,#782,#783,#784,#785,#786,#787,#788,#789,#790,#791));
#276=EDGE_LOOP('',(#792,#793));
#277=EDGE_LOOP('',(#794,#795,#796,#797,#798));
#278=EDGE_LOOP('',(#799,#800,#801,#802));
#279=EDGE_LOOP('',(#803,#804,#805,#806,#807));
#280=EDGE_LOOP('',(#808,#809,#810,#811,#812,#813));
#281=EDGE_LOOP('',(#814));
#282=EDGE_LOOP('',(#815));
#283=EDGE_LOOP('',(#816,#817,#818,#819,#820,#821,#822,#823));
#284=EDGE_LOOP('',(#824));
#285=EDGE_LOOP('',(#825));
#286=EDGE_LOOP('',(#826,#827,#828,#829));
#287=EDGE_LOOP('',(#830,#831,#832,#833));
#288=EDGE_LOOP('',(#834));
#289=EDGE_LOOP('',(#835));
#290=EDGE_LOOP('',(#836,#837,#838,#839));
#291=B_SPLINE_CURVE_WITH_KNOTS('',3,(#1168,#1169,#1170,#1171),
 .UNSPECIFIED.,.F.,.F.,(4,4),(-0.307618804990813,0.),.UNSPECIFIED.);
#292=B_SPLINE_CURVE_WITH_KNOTS('',3,(#1174,#1175,#1176,#1177),
 .UNSPECIFIED.,.F.,.F.,(4,4),(-0.307494841843164,0.),.UNSPECIFIED.);
#293=B_SPLINE_CURVE_WITH_KNOTS('',3,(#1207,#1208,#1209,#1210),
 .UNSPECIFIED.,.F.,.F.,(4,4),(-0.30761880508535,0.),.UNSPECIFIED.);
#294=B_SPLINE_CURVE_WITH_KNOTS('',3,(#1213,#1214,#1215,#1216),
 .UNSPECIFIED.,.F.,.F.,(4,4),(-0.307494842048762,0.),.UNSPECIFIED.);
#295=B_SPLINE_CURVE_WITH_KNOTS('',3,(#1251,#1252,#1253,#1254),
 .UNSPECIFIED.,.F.,.F.,(4,4),(0.7070910157202,1.1009106101405),
 .UNSPECIFIED.);
#296=B_SPLINE_CURVE_WITH_KNOTS('',3,(#1265,#1266,#1267,#1268),
 .UNSPECIFIED.,.F.,.F.,(4,4),(0.53752350428517,1.23958120386577),
 .UNSPECIFIED.);
#297=B_SPLINE_CURVE_WITH_KNOTS('',3,(#1269,#1270,#1271,#1272),
 .UNSPECIFIED.,.F.,.F.,(4,4),(2.71050543121376E-20,0.000349859513888658),
 .UNSPECIFIED.);
#298=B_SPLINE_CURVE_WITH_KNOTS('',3,(#1277,#1278,#1279,#1280),
 .UNSPECIFIED.,.F.,.F.,(4,4),(0.133728305534031,0.134542197501909),
 .UNSPECIFIED.);
#299=B_SPLINE_CURVE_WITH_KNOTS('',3,(#1282,#1283,#1284,#1285),
 .UNSPECIFIED.,.F.,.F.,(4,4),(0.832450179446206,1.18252280817304),
 .UNSPECIFIED.);
#300=B_SPLINE_CURVE_WITH_KNOTS('',3,(#1286,#1287,#1288,#1289),
 .UNSPECIFIED.,.F.,.F.,(4,4),(0.,0.000489516012908269),.UNSPECIFIED.);
#301=B_SPLINE_CURVE_WITH_KNOTS('',3,(#1296,#1297,#1298,#1299),
 .UNSPECIFIED.,.F.,.F.,(4,4),(0.0960415138940572,0.0964954241821067),
 .UNSPECIFIED.);
#302=B_SPLINE_CURVE_WITH_KNOTS('',3,(#1300,#1301,#1302,#1303),
 .UNSPECIFIED.,.F.,.F.,(4,4),(-1.01286242622134,-0.310817743751979),
 .UNSPECIFIED.);
#303=B_SPLINE_CURVE_WITH_KNOTS('',3,(#1312,#1313,#1314,#1315),
 .UNSPECIFIED.,.F.,.F.,(4,4),(-1.04329267336637,-0.649475680973854),
 .UNSPECIFIED.);
#304=B_SPLINE_CURVE_WITH_KNOTS('',3,(#1349,#1350,#1351,#1352),
 .UNSPECIFIED.,.F.,.F.,(4,4),(-1.08061897721714,-0.706058338452257),
 .UNSPECIFIED.);
#305=B_SPLINE_CURVE_WITH_KNOTS('',3,(#1353,#1354,#1355,#1356,#1357,#1358,
#1359,#1360,#1361,#1362,#1363,#1364,#1365,#1366,#1367,#1368,#1369,#1370,
#1371,#1372,#1373,#1374,#1375,#1376,#1377,#1378,#1379,#1380,#1381,#1382,
#1383,#1384,#1385,#1386,#1387,#1388,#1389),.UNSPECIFIED.,.F.,.F.,(4,3,3,
3,3,3,3,3,3,3,3,3,4),(-0.0682481453931269,-0.0679320923516875,-0.0600114282951835,
-0.0545398426291927,-0.0465812914669833,-0.0411479504853494,-0.0341456413372727,
-0.0261795554529829,-0.0216147038687604,-0.0136581915519818,-0.00577560682623086,
-0.00208532499802149,-9.31141048658748E-6),.UNSPECIFIED.);
#306=B_SPLINE_CURVE_WITH_KNOTS('',3,(#1391,#1392,#1393,#1394),
 .UNSPECIFIED.,.F.,.F.,(4,4),(0.707091015720199,1.1009106101405),
 .UNSPECIFIED.);
#307=B_SPLINE_CURVE_WITH_KNOTS('',3,(#1396,#1397,#1398,#1399),
 .UNSPECIFIED.,.F.,.F.,(4,4),(0.,0.000349859513888548),.UNSPECIFIED.);
#308=B_SPLINE_CURVE_WITH_KNOTS('',3,(#1400,#1401,#1402,#1403,#1404,#1405,
#1406,#1407,#1408,#1409,#1410,#1411,#1412,#1413,#1414,#1415,#1416,#1417,
#1418,#1419,#1420,#1421,#1422,#1423,#1424,#1425,#1426,#1427,#1428,#1429,
#1430,#1431,#1432,#1433,#1434,#1435,#1436),.UNSPECIFIED.,.F.,.F.,(4,3,3,
3,3,3,3,3,3,3,3,3,4),(0.,0.00756364683497399,0.0154892635299084,0.0184123735791627,
0.0263031019559199,0.0344595743438259,0.0351192136403139,0.0380579554406839,
0.04641009091852,0.0547622263963562,0.0632859571626294,0.0716629007282596,
0.0720040408703036),.UNSPECIFIED.);
#309=B_SPLINE_CURVE_WITH_KNOTS('',3,(#1459,#1460,#1461,#1462),
 .UNSPECIFIED.,.F.,.F.,(4,4),(-1.18254033179856,-0.832464365022758),
 .UNSPECIFIED.);
#310=B_SPLINE_CURVE_WITH_KNOTS('',3,(#1464,#1465,#1466,#1467,#1468,#1469,
#1470,#1471,#1472,#1473,#1474,#1475,#1476,#1477,#1478,#1479,#1480,#1481,
#1482,#1483,#1484,#1485,#1486,#1487,#1488,#1489,#1490,#1491,#1492,#1493,
#1494,#1495,#1496,#1497),.UNSPECIFIED.,.F.,.F.,(4,3,3,3,3,3,3,3,3,3,3,4),
(-0.0694735487539653,-0.0617489715989593,-0.0537590187801826,-0.0504079871730491,
-0.042354074847892,-0.0348560309698052,-0.0307758365640106,-0.0226921932025403,
-0.0154240423602826,-0.00722610640002259,0.,0.000327683508723752),
 .UNSPECIFIED.);
#311=B_SPLINE_CURVE_WITH_KNOTS('',3,(#1499,#1500,#1501,#1502),
 .UNSPECIFIED.,.F.,.F.,(4,4),(0.845512732081445,1.16949196473987),
 .UNSPECIFIED.);
#312=B_SPLINE_CURVE_WITH_KNOTS('',3,(#1503,#1504,#1505,#1506,#1507,#1508,
#1509,#1510,#1511,#1512,#1513,#1514,#1515,#1516,#1517,#1518,#1519,#1520,
#1521,#1522,#1523,#1524,#1525,#1526,#1527,#1528,#1529,#1530,#1531,#1532,
#1533,#1534,#1535,#1536),.UNSPECIFIED.,.F.,.F.,(4,3,3,3,3,3,3,3,3,3,3,4),
(0.,0.00771573713534779,0.0156965463438066,0.0190437597298754,0.0270884551932794,
0.0345779018000122,0.0386534727035625,0.0467278661374876,0.0539877220222342,
0.06217627588881,0.0693941569467142,0.0697213524059522),.UNSPECIFIED.);
#313=B_SPLINE_CURVE_WITH_KNOTS('',3,(#1540,#1541,#1542,#1543,#1544,#1545,
#1546,#1547,#1548,#1549,#1550,#1551,#1552,#1553,#1554,#1555,#1556,#1557,
#1558,#1559,#1560,#1561,#1562,#1563,#1564,#1565,#1566,#1567,#1568,#1569,
#1570,#1571,#1572,#1573),.UNSPECIFIED.,.F.,.F.,(4,3,3,3,3,3,3,3,3,3,3,4),
(-0.000316055428040272,0.,0.00792718524733495,0.0144404279121024,0.0223959930999009,
0.0288804170110477,0.0337884194742444,0.0417529384526738,0.0484133220948387,
0.0563797914213144,0.0642368725454075,0.0679332601955981),.UNSPECIFIED.);
#314=B_SPLINE_CURVE_WITH_KNOTS('',3,(#1595,#1596,#1597,#1598),
 .UNSPECIFIED.,.F.,.F.,(4,4),(0.648443064276769,1.02300086781986),
 .UNSPECIFIED.);
#315=B_SPLINE_CURVE_WITH_KNOTS('',3,(#1599,#1600,#1601,#1602,#1603,#1604,
#1605,#1606,#1607,#1608,#1609,#1610,#1611,#1612,#1613,#1614,#1615,#1616,
#1617,#1618,#1619,#1620,#1621,#1622,#1623,#1624,#1625,#1626,#1627,#1628,
#1629,#1630,#1631,#1632,#1633,#1634,#1635),.UNSPECIFIED.,.F.,.F.,(4,3,3,
3,3,3,3,3,3,3,3,3,4),(-0.00034202438974728,0.,0.00854559127760605,0.0169440223661211,
0.0253175878309807,0.0336911532958404,0.0366374027085543,0.045012251973559,
0.0529232180593863,0.0533871012385637,0.0613570478138582,0.0689719202203469,
0.0718466876123587),.UNSPECIFIED.);
#316=B_SPLINE_CURVE_WITH_KNOTS('',3,(#1658,#1659,#1660,#1661),
 .UNSPECIFIED.,.F.,.F.,(4,4),(-1.22650155304143,-0.557785346726208),
 .UNSPECIFIED.);
#317=B_SPLINE_CURVE_WITH_KNOTS('',3,(#1662,#1663,#1664,#1665,#1666,#1667,
#1668,#1669,#1670,#1671,#1672,#1673,#1674,#1675,#1676,#1677,#1678,#1679,
#1680,#1681,#1682,#1683,#1684,#1685,#1686,#1687,#1688,#1689,#1690,#1691,
#1692,#1693,#1694,#1695,#1696,#1697,#1698),.UNSPECIFIED.,.F.,.F.,(4,3,3,
3,3,3,3,3,3,3,3,3,4),(-0.0720040408703128,-0.0716629007282865,-0.0631363859802867,
-0.0547622263963718,-0.0464100909185291,-0.0380579554406865,-0.0352971842117352,
-0.0268547788954492,-0.0189664761601139,-0.0184123735791632,-0.0104657788116469,
-0.00287542098625975,0.),.UNSPECIFIED.);
#318=B_SPLINE_CURVE_WITH_KNOTS('',3,(#1699,#1700,#1701,#1702,#1703,#1704,
#1705,#1706,#1707,#1708,#1709,#1710,#1711,#1712,#1713,#1714,#1715,#1716,
#1717,#1718,#1719,#1720,#1721,#1722,#1723,#1724,#1725,#1726,#1727,#1728,
#1729,#1730,#1731,#1732),.UNSPECIFIED.,.F.,.F.,(4,3,3,3,3,3,3,3,3,3,3,4),
(0.,0.00772196795163098,0.0157040818778801,0.0190437597298751,0.0270874207670794,
0.0343357164977962,0.038653472703559,0.0467282740787131,0.0539877220222253,
0.0621739204974019,0.0693941569467262,0.069721352405936),.UNSPECIFIED.);
#319=B_SPLINE_CURVE_WITH_KNOTS('',3,(#1754,#1755,#1756,#1757),
 .UNSPECIFIED.,.F.,.F.,(4,4),(-1.08061897721715,-0.70605833845229),
 .UNSPECIFIED.);
#320=B_SPLINE_CURVE_WITH_KNOTS('',3,(#1759,#1760,#1761,#1762,#1763,#1764,
#1765,#1766,#1767,#1768,#1769,#1770,#1771,#1772,#1773,#1774,#1775,#1776,
#1777,#1778,#1779,#1780,#1781,#1782,#1783,#1784,#1785,#1786,#1787,#1788,
#1789,#1790,#1791,#1792,#1793,#1794,#1795),.UNSPECIFIED.,.F.,.F.,(4,3,3,
3,3,3,3,3,3,3,3,3,4),(-0.0682481453937118,-0.0679320923522992,-0.0600114282665124,
-0.0545398426295867,-0.0465812914671178,-0.0411479504856423,-0.034145641337514,
-0.0261795554531356,-0.0216147038689083,-0.0136581915520627,-0.00577560682624678,
-0.00208532499802678,-9.31141048652902E-6),.UNSPECIFIED.);
#321=B_SPLINE_CURVE_WITH_KNOTS('',3,(#1819,#1820,#1821,#1822),
 .UNSPECIFIED.,.F.,.F.,(4,4),(-1.1694746503868,-1.00748649380963),
 .UNSPECIFIED.);
#322=B_SPLINE_CURVE_WITH_KNOTS('',3,(#1823,#1824,#1825,#1826),
 .UNSPECIFIED.,.F.,.F.,(4,4),(-1.00748649380963,-0.845498337232453),
 .UNSPECIFIED.);
#323=B_SPLINE_CURVE_WITH_KNOTS('',3,(#1827,#1828,#1829,#1830,#1831,#1832,
#1833,#1834,#1835,#1836,#1837,#1838,#1839,#1840,#1841,#1842,#1843,#1844,
#1845,#1846,#1847,#1848,#1849,#1850,#1851,#1852,#1853,#1854,#1855,#1856,
#1857,#1858,#1859,#1860),.UNSPECIFIED.,.F.,.F.,(4,3,3,3,3,3,3,3,3,3,3,4),
(-0.0694735487542082,-0.0617489716237807,-0.0537590188030619,-0.050407987173227,
-0.0423540748440367,-0.0348560309699322,-0.0307758365641225,-0.022692193235114,
-0.0154240423603348,-0.00722610648188302,0.,0.00032768350870424),
 .UNSPECIFIED.);
#324=B_SPLINE_CURVE_WITH_KNOTS('',3,(#1866,#1867,#1868,#1869,#1870,#1871,
#1872,#1873,#1874,#1875,#1876,#1877,#1878,#1879,#1880,#1881,#1882,#1883,
#1884,#1885,#1886,#1887,#1888,#1889,#1890,#1891,#1892,#1893,#1894,#1895,
#1896,#1897,#1898,#1899),.UNSPECIFIED.,.F.,.F.,(4,3,3,3,3,3,3,3,3,3,3,4),
(-0.000316055427998598,0.,0.00792718521109788,0.0144404279130637,0.0223959931014181,
0.0288804170131613,0.033788419476753,0.0417529384558281,0.0484133220985143,
0.0563797914256028,0.0642368725502991,0.0679332602008317),.UNSPECIFIED.);
#325=B_SPLINE_CURVE_WITH_KNOTS('',3,(#1920,#1921,#1922,#1923),
 .UNSPECIFIED.,.F.,.F.,(4,4),(0.331078885298201,0.999783234911713),
 .UNSPECIFIED.);
#326=B_SPLINE_CURVE_WITH_KNOTS('',3,(#1946,#1947,#1948,#1949),
 .UNSPECIFIED.,.F.,.F.,(4,4),(-1.04329267336637,-0.649475680973858),
 .UNSPECIFIED.);
#327=B_SPLINE_CURVE_WITH_KNOTS('',3,(#1952,#1953,#1954,#1955),
 .UNSPECIFIED.,.F.,.F.,(4,4),(0.648443064277209,1.02300086781986),
 .UNSPECIFIED.);
#328=B_SPLINE_CURVE_WITH_KNOTS('',3,(#1957,#1958,#1959,#1960,#1961,#1962,
#1963,#1964,#1965,#1966,#1967,#1968,#1969,#1970,#1971,#1972,#1973,#1974,
#1975,#1976,#1977,#1978,#1979,#1980,#1981,#1982,#1983,#1984,#1985,#1986,
#1987,#1988,#1989,#1990,#1991,#1992,#1993),.UNSPECIFIED.,.F.,.F.,(4,3,3,
3,3,3,3,3,3,3,3,3,4),(-0.000342024389744725,0.,0.00854559127461987,0.0169440223660487,
0.0253175878308667,0.0336911532956848,0.0366374027083833,0.0450122519733454,
0.0529232180591269,0.0533871012383076,0.0613570478135784,0.0689719202200424,
0.0718466876120075),.UNSPECIFIED.);
#329=B_SPLINE_CURVE_WITH_KNOTS('',3,(#1994,#1995,#1996,#1997),
 .UNSPECIFIED.,.F.,.F.,(4,4),(0.0960415138938761,0.0964954241819241),
 .UNSPECIFIED.);
#330=B_SPLINE_CURVE_WITH_KNOTS('',3,(#2019,#2020,#2021,#2022),
 .UNSPECIFIED.,.F.,.F.,(4,4),(-1.01286242622134,-0.310817743751978),
 .UNSPECIFIED.);
#331=B_SPLINE_CURVE_WITH_KNOTS('',3,(#2023,#2024,#2025,#2026),
 .UNSPECIFIED.,.F.,.F.,(4,4),(0.3310788852982,0.999783234911712),
 .UNSPECIFIED.);
#332=B_SPLINE_CURVE_WITH_KNOTS('',3,(#2027,#2028,#2029,#2030),
 .UNSPECIFIED.,.F.,.F.,(4,4),(0.133728305533853,0.134542197501729),
 .UNSPECIFIED.);
#333=B_SPLINE_CURVE_WITH_KNOTS('',3,(#2051,#2052,#2053,#2054),
 .UNSPECIFIED.,.F.,.F.,(4,4),(-1.22650155304143,-0.557785346726205),
 .UNSPECIFIED.);
#334=B_SPLINE_CURVE_WITH_KNOTS('',3,(#2056,#2057,#2058,#2059),
 .UNSPECIFIED.,.F.,.F.,(4,4),(0.537523504285167,1.23958120386577),
 .UNSPECIFIED.);
#335=B_SPLINE_CURVE_WITH_KNOTS('',3,(#2060,#2061,#2062,#2063),
 .UNSPECIFIED.,.F.,.F.,(4,4),(0.,0.00048951601290815),.UNSPECIFIED.);
#336=B_SPLINE_CURVE_WITH_KNOTS('',3,(#2090,#2091,#2092,#2093,#2094,#2095,
#2096,#2097,#2098,#2099),.UNSPECIFIED.,.F.,.F.,(4,2,2,2,4),(0.,0.0436470304107522,
0.0872940608215043,0.13035154721206,0.173409033602616),.UNSPECIFIED.);
#337=B_SPLINE_CURVE_WITH_KNOTS('',3,(#2101,#2102,#2103,#2104,#2105,#2106,
#2107,#2108,#2109,#2110),.UNSPECIFIED.,.F.,.F.,(4,2,2,2,4),(0.520227100807847,
0.563284587198402,0.606342073588958,0.64998910399971,0.693636134410462),
 .UNSPECIFIED.);
#338=B_SPLINE_CURVE_WITH_KNOTS('',3,(#2111,#2112,#2113,#2114,#2115,#2116,
#2117,#2118,#2119,#2120,#2121,#2122,#2123,#2124,#2125,#2126,#2127,#2128),
 .UNSPECIFIED.,.F.,.F.,(4,2,2,2,2,2,2,2,4),(0.173409033602616,0.216466519993171,
0.259524006383727,0.303171036794479,0.346818067205231,0.390465097615983,
0.434112128026735,0.477169614417291,0.520227100807847),.UNSPECIFIED.);
#339=B_SPLINE_CURVE_WITH_KNOTS('',3,(#2134,#2135,#2136,#2137,#2138,#2139,
#2140,#2141,#2142,#2143,#2144,#2145,#2146,#2147,#2148,#2149,#2150,#2151,
#2152,#2153,#2154,#2155),.UNSPECIFIED.,.F.,.F.,(4,2,2,2,2,2,2,2,2,2,4),
(0.,0.0237429163281699,0.0356143744922548,0.0474858326563397,0.0555582566519404,
0.0636306806475411,0.0717031046431418,0.0797755286387425,0.0916469868028273,
0.103518444966912,0.127261361295082),.UNSPECIFIED.);
#340=B_SPLINE_CURVE_WITH_KNOTS('',3,(#2156,#2157,#2158,#2159,#2160,#2161,
#2162,#2163,#2164,#2165,#2166,#2167,#2168,#2169,#2170,#2171,#2172,#2173,
#2174,#2175,#2176,#2177),.UNSPECIFIED.,.F.,.F.,(4,2,2,2,2,2,2,2,2,2,4),
(0.127261361295082,0.151004277623252,0.162875735787336,0.174747193951421,
0.182819617947022,0.190892041942623,0.198964465938223,0.207036889933824,
0.218908348097909,0.230779806261994,0.254522722590164),.UNSPECIFIED.);
#341=CIRCLE('',#909,9.52499999999999);
#342=CIRCLE('',#910,6.83881603826596);
#343=CIRCLE('',#916,9.52499999999999);
#344=CIRCLE('',#917,6.83881603826596);
#345=CIRCLE('',#929,1.1);
#346=CIRCLE('',#935,9.52499999999999);
#347=CIRCLE('',#937,5.1);
#348=CIRCLE('',#939,9.12895584540887);
#349=CIRCLE('',#941,9.52499999999999);
#350=CIRCLE('',#942,9.12895584540887);
#351=CIRCLE('',#946,7.72499999999999);
#352=CIRCLE('',#948,9.52499999999999);
#353=CIRCLE('',#949,0.5);
#354=CIRCLE('',#950,9.12895584540887);
#355=CIRCLE('',#952,7.72499999999999);
#356=CIRCLE('',#954,9.52499999999999);
#357=CIRCLE('',#962,5.1);
#358=CIRCLE('',#963,3.15);
#359=CIRCLE('',#965,3.15);
#360=CIRCLE('',#967,5.1);
#361=CIRCLE('',#971,5.1);
#362=VERTEX_POINT('',#1164);
#363=VERTEX_POINT('',#1165);
#364=VERTEX_POINT('',#1167);
#365=VERTEX_POINT('',#1172);
#366=VERTEX_POINT('',#1179);
#367=VERTEX_POINT('',#1181);
#368=VERTEX_POINT('',#1185);
#369=VERTEX_POINT('',#1187);
#370=VERTEX_POINT('',#1191);
#371=VERTEX_POINT('',#1193);
#372=VERTEX_POINT('',#1197);
#373=VERTEX_POINT('',#1199);
#374=VERTEX_POINT('',#1203);
#375=VERTEX_POINT('',#1204);
#376=VERTEX_POINT('',#1206);
#377=VERTEX_POINT('',#1211);
#378=VERTEX_POINT('',#1218);
#379=VERTEX_POINT('',#1220);
#380=VERTEX_POINT('',#1224);
#381=VERTEX_POINT('',#1226);
#382=VERTEX_POINT('',#1233);
#383=VERTEX_POINT('',#1235);
#384=VERTEX_POINT('',#1239);
#385=VERTEX_POINT('',#1241);
#386=VERTEX_POINT('',#1248);
#387=VERTEX_POINT('',#1250);
#388=VERTEX_POINT('',#1255);
#389=VERTEX_POINT('',#1257);
#390=VERTEX_POINT('',#1262);
#391=VERTEX_POINT('',#1264);
#392=VERTEX_POINT('',#1274);
#393=VERTEX_POINT('',#1276);
#394=VERTEX_POINT('',#1281);
#395=VERTEX_POINT('',#1290);
#396=VERTEX_POINT('',#1293);
#397=VERTEX_POINT('',#1295);
#398=VERTEX_POINT('',#1305);
#399=VERTEX_POINT('',#1307);
#400=VERTEX_POINT('',#1310);
#401=VERTEX_POINT('',#1317);
#402=VERTEX_POINT('',#1319);
#403=VERTEX_POINT('',#1321);
#404=VERTEX_POINT('',#1325);
#405=VERTEX_POINT('',#1347);
#406=VERTEX_POINT('',#1348);
#407=VERTEX_POINT('',#1390);
#408=VERTEX_POINT('',#1395);
#409=VERTEX_POINT('',#1457);
#410=VERTEX_POINT('',#1458);
#411=VERTEX_POINT('',#1463);
#412=VERTEX_POINT('',#1498);
#413=VERTEX_POINT('',#1538);
#414=VERTEX_POINT('',#1594);
#415=VERTEX_POINT('',#1656);
#416=VERTEX_POINT('',#1657);
#417=VERTEX_POINT('',#1753);
#418=VERTEX_POINT('',#1758);
#419=VERTEX_POINT('',#1817);
#420=VERTEX_POINT('',#1818);
#421=VERTEX_POINT('',#1862);
#422=VERTEX_POINT('',#1864);
#423=VERTEX_POINT('',#1944);
#424=VERTEX_POINT('',#1945);
#425=VERTEX_POINT('',#1951);
#426=VERTEX_POINT('',#1956);
#427=VERTEX_POINT('',#2018);
#428=VERTEX_POINT('',#2055);
#429=VERTEX_POINT('',#2069);
#430=VERTEX_POINT('',#2073);
#431=VERTEX_POINT('',#2075);
#432=VERTEX_POINT('',#2079);
#433=VERTEX_POINT('',#2083);
#434=VERTEX_POINT('',#2087);
#435=VERTEX_POINT('',#2089);
#436=VERTEX_POINT('',#2100);
#437=VERTEX_POINT('',#2132);
#438=VERTEX_POINT('',#2133);
#439=VERTEX_POINT('',#2186);
#440=VERTEX_POINT('',#2188);
#441=VERTEX_POINT('',#2192);
#442=VERTEX_POINT('',#2196);
#443=VERTEX_POINT('',#2203);
#444=EDGE_CURVE('',#362,#363,#341,.T.);
#445=EDGE_CURVE('',#363,#364,#291,.T.);
#446=EDGE_CURVE('',#364,#365,#342,.T.);
#447=EDGE_CURVE('',#365,#362,#292,.T.);
#448=EDGE_CURVE('',#363,#366,#47,.T.);
#449=EDGE_CURVE('',#366,#367,#48,.T.);
#450=EDGE_CURVE('',#367,#364,#49,.T.);
#451=EDGE_CURVE('',#365,#368,#50,.T.);
#452=EDGE_CURVE('',#368,#369,#51,.T.);
#453=EDGE_CURVE('',#369,#362,#52,.T.);
#454=EDGE_CURVE('',#368,#370,#53,.T.);
#455=EDGE_CURVE('',#370,#371,#54,.T.);
#456=EDGE_CURVE('',#371,#369,#55,.T.);
#457=EDGE_CURVE('',#370,#372,#56,.T.);
#458=EDGE_CURVE('',#372,#373,#57,.T.);
#459=EDGE_CURVE('',#373,#371,#58,.T.);
#460=EDGE_CURVE('',#374,#375,#343,.T.);
#461=EDGE_CURVE('',#375,#376,#293,.T.);
#462=EDGE_CURVE('',#376,#377,#344,.T.);
#463=EDGE_CURVE('',#377,#374,#294,.T.);
#464=EDGE_CURVE('',#378,#376,#59,.T.);
#465=EDGE_CURVE('',#375,#379,#60,.T.);
#466=EDGE_CURVE('',#379,#378,#61,.T.);
#467=EDGE_CURVE('',#380,#374,#62,.T.);
#468=EDGE_CURVE('',#377,#381,#63,.T.);
#469=EDGE_CURVE('',#381,#380,#64,.T.);
#470=EDGE_CURVE('',#372,#378,#65,.T.);
#471=EDGE_CURVE('',#379,#373,#66,.T.);
#472=EDGE_CURVE('',#382,#380,#67,.T.);
#473=EDGE_CURVE('',#381,#383,#68,.T.);
#474=EDGE_CURVE('',#383,#382,#69,.T.);
#475=EDGE_CURVE('',#384,#382,#70,.T.);
#476=EDGE_CURVE('',#383,#385,#71,.T.);
#477=EDGE_CURVE('',#385,#384,#72,.T.);
#478=EDGE_CURVE('',#366,#384,#73,.T.);
#479=EDGE_CURVE('',#385,#367,#74,.T.);
#480=EDGE_CURVE('',#369,#386,#75,.T.);
#481=EDGE_CURVE('',#387,#386,#295,.T.);
#482=EDGE_CURVE('',#388,#387,#76,.T.);
#483=EDGE_CURVE('',#388,#389,#43,.T.);
#484=EDGE_CURVE('',#389,#388,#44,.T.);
#485=EDGE_CURVE('',#362,#388,#77,.T.);
#486=EDGE_CURVE('',#371,#390,#78,.T.);
#487=EDGE_CURVE('',#391,#390,#296,.T.);
#488=EDGE_CURVE('',#386,#391,#297,.T.);
#489=EDGE_CURVE('',#373,#392,#79,.T.);
#490=EDGE_CURVE('',#393,#392,#298,.T.);
#491=EDGE_CURVE('',#394,#393,#299,.T.);
#492=EDGE_CURVE('',#390,#394,#300,.T.);
#493=EDGE_CURVE('',#395,#395,#345,.T.);
#494=EDGE_CURVE('',#379,#396,#80,.T.);
#495=EDGE_CURVE('',#397,#396,#301,.T.);
#496=EDGE_CURVE('',#392,#397,#302,.T.);
#497=EDGE_CURVE('',#398,#375,#81,.T.);
#498=EDGE_CURVE('',#398,#399,#45,.T.);
#499=EDGE_CURVE('',#399,#398,#46,.T.);
#500=EDGE_CURVE('',#400,#398,#82,.T.);
#501=EDGE_CURVE('',#396,#400,#303,.T.);
#502=EDGE_CURVE('',#374,#401,#83,.T.);
#503=EDGE_CURVE('',#401,#402,#84,.T.);
#504=EDGE_CURVE('',#403,#402,#346,.T.);
#505=EDGE_CURVE('',#403,#400,#85,.T.);
#506=EDGE_CURVE('',#404,#404,#347,.T.);
#507=EDGE_CURVE('',#405,#406,#304,.T.);
#508=EDGE_CURVE('',#406,#402,#305,.T.);
#509=EDGE_CURVE('',#401,#407,#306,.T.);
#510=EDGE_CURVE('',#407,#408,#307,.T.);
#511=EDGE_CURVE('',#408,#405,#308,.T.);
#512=EDGE_CURVE('',#409,#410,#309,.T.);
#513=EDGE_CURVE('',#410,#411,#310,.T.);
#514=EDGE_CURVE('',#411,#412,#311,.T.);
#515=EDGE_CURVE('',#409,#412,#312,.T.);
#516=EDGE_CURVE('',#406,#413,#348,.T.);
#517=EDGE_CURVE('',#413,#403,#313,.T.);
#518=EDGE_CURVE('',#413,#414,#314,.T.);
#519=EDGE_CURVE('',#414,#397,#315,.T.);
#520=EDGE_CURVE('',#415,#416,#316,.T.);
#521=EDGE_CURVE('',#416,#391,#317,.T.);
#522=EDGE_CURVE('',#394,#415,#318,.T.);
#523=EDGE_CURVE('',#416,#417,#319,.T.);
#524=EDGE_CURVE('',#417,#418,#320,.T.);
#525=EDGE_CURVE('',#387,#418,#86,.T.);
#526=EDGE_CURVE('',#419,#420,#321,.T.);
#527=EDGE_CURVE('',#420,#415,#322,.T.);
#528=EDGE_CURVE('',#393,#419,#323,.T.);
#529=EDGE_CURVE('',#421,#418,#349,.T.);
#530=EDGE_CURVE('',#417,#422,#350,.T.);
#531=EDGE_CURVE('',#422,#421,#324,.T.);
#532=EDGE_CURVE('',#414,#419,#325,.T.);
#533=EDGE_CURVE('',#423,#424,#326,.T.);
#534=EDGE_CURVE('',#421,#424,#87,.T.);
#535=EDGE_CURVE('',#422,#425,#327,.T.);
#536=EDGE_CURVE('',#425,#426,#328,.T.);
#537=EDGE_CURVE('',#426,#423,#329,.T.);
#538=EDGE_CURVE('',#427,#426,#330,.T.);
#539=EDGE_CURVE('',#425,#411,#331,.T.);
#540=EDGE_CURVE('',#410,#427,#332,.T.);
#541=EDGE_CURVE('',#412,#405,#333,.T.);
#542=EDGE_CURVE('',#408,#428,#334,.T.);
#543=EDGE_CURVE('',#428,#409,#335,.T.);
#544=EDGE_CURVE('',#424,#363,#88,.T.);
#545=EDGE_CURVE('',#366,#423,#89,.T.);
#546=EDGE_CURVE('',#429,#429,#351,.T.);
#547=EDGE_CURVE('',#429,#420,#90,.T.);
#548=EDGE_CURVE('',#430,#430,#352,.T.);
#549=EDGE_CURVE('',#430,#431,#353,.T.);
#550=EDGE_CURVE('',#431,#431,#354,.T.);
#551=EDGE_CURVE('',#431,#432,#91,.T.);
#552=EDGE_CURVE('',#432,#432,#355,.T.);
#553=EDGE_CURVE('',#433,#433,#356,.T.);
#554=EDGE_CURVE('',#433,#430,#92,.T.);
#555=EDGE_CURVE('',#395,#434,#93,.T.);
#556=EDGE_CURVE('',#435,#434,#336,.T.);
#557=EDGE_CURVE('',#436,#435,#337,.T.);
#558=EDGE_CURVE('',#434,#436,#338,.T.);
#559=EDGE_CURVE('',#399,#434,#94,.T.);
#560=EDGE_CURVE('',#436,#389,#95,.T.);
#561=EDGE_CURVE('',#437,#438,#339,.T.);
#562=EDGE_CURVE('',#438,#437,#340,.T.);
#563=EDGE_CURVE('',#382,#428,#96,.T.);
#564=EDGE_CURVE('',#380,#407,#97,.T.);
#565=EDGE_CURVE('',#384,#427,#98,.T.);
#566=EDGE_CURVE('',#439,#439,#357,.T.);
#567=EDGE_CURVE('',#440,#440,#358,.T.);
#568=EDGE_CURVE('',#440,#438,#99,.T.);
#569=EDGE_CURVE('',#437,#441,#100,.T.);
#570=EDGE_CURVE('',#441,#441,#359,.T.);
#571=EDGE_CURVE('',#442,#442,#360,.T.);
#572=EDGE_CURVE('',#442,#404,#101,.T.);
#573=EDGE_CURVE('',#432,#429,#102,.T.);
#574=EDGE_CURVE('',#443,#443,#361,.T.);
#575=EDGE_CURVE('',#443,#439,#103,.T.);
#576=ORIENTED_EDGE('',*,*,#444,.T.);
#577=ORIENTED_EDGE('',*,*,#445,.T.);
#578=ORIENTED_EDGE('',*,*,#446,.T.);
#579=ORIENTED_EDGE('',*,*,#447,.T.);
#580=ORIENTED_EDGE('',*,*,#448,.T.);
#581=ORIENTED_EDGE('',*,*,#449,.T.);
#582=ORIENTED_EDGE('',*,*,#450,.T.);
#583=ORIENTED_EDGE('',*,*,#445,.F.);
#584=ORIENTED_EDGE('',*,*,#451,.T.);
#585=ORIENTED_EDGE('',*,*,#452,.T.);
#586=ORIENTED_EDGE('',*,*,#453,.T.);
#587=ORIENTED_EDGE('',*,*,#447,.F.);
#588=ORIENTED_EDGE('',*,*,#454,.T.);
#589=ORIENTED_EDGE('',*,*,#455,.T.);
#590=ORIENTED_EDGE('',*,*,#456,.T.);
#591=ORIENTED_EDGE('',*,*,#452,.F.);
#592=ORIENTED_EDGE('',*,*,#457,.T.);
#593=ORIENTED_EDGE('',*,*,#458,.T.);
#594=ORIENTED_EDGE('',*,*,#459,.T.);
#595=ORIENTED_EDGE('',*,*,#455,.F.);
#596=ORIENTED_EDGE('',*,*,#460,.T.);
#597=ORIENTED_EDGE('',*,*,#461,.T.);
#598=ORIENTED_EDGE('',*,*,#462,.T.);
#599=ORIENTED_EDGE('',*,*,#463,.T.);
#600=ORIENTED_EDGE('',*,*,#464,.T.);
#601=ORIENTED_EDGE('',*,*,#461,.F.);
#602=ORIENTED_EDGE('',*,*,#465,.T.);
#603=ORIENTED_EDGE('',*,*,#466,.T.);
#604=ORIENTED_EDGE('',*,*,#467,.T.);
#605=ORIENTED_EDGE('',*,*,#463,.F.);
#606=ORIENTED_EDGE('',*,*,#468,.T.);
#607=ORIENTED_EDGE('',*,*,#469,.T.);
#608=ORIENTED_EDGE('',*,*,#470,.T.);
#609=ORIENTED_EDGE('',*,*,#466,.F.);
#610=ORIENTED_EDGE('',*,*,#471,.T.);
#611=ORIENTED_EDGE('',*,*,#458,.F.);
#612=ORIENTED_EDGE('',*,*,#472,.T.);
#613=ORIENTED_EDGE('',*,*,#469,.F.);
#614=ORIENTED_EDGE('',*,*,#473,.T.);
#615=ORIENTED_EDGE('',*,*,#474,.T.);
#616=ORIENTED_EDGE('',*,*,#475,.T.);
#617=ORIENTED_EDGE('',*,*,#474,.F.);
#618=ORIENTED_EDGE('',*,*,#476,.T.);
#619=ORIENTED_EDGE('',*,*,#477,.T.);
#620=ORIENTED_EDGE('',*,*,#478,.T.);
#621=ORIENTED_EDGE('',*,*,#477,.F.);
#622=ORIENTED_EDGE('',*,*,#479,.T.);
#623=ORIENTED_EDGE('',*,*,#449,.F.);
#624=ORIENTED_EDGE('',*,*,#453,.F.);
#625=ORIENTED_EDGE('',*,*,#480,.T.);
#626=ORIENTED_EDGE('',*,*,#481,.F.);
#627=ORIENTED_EDGE('',*,*,#482,.F.);
#628=ORIENTED_EDGE('',*,*,#483,.T.);
#629=ORIENTED_EDGE('',*,*,#484,.T.);
#630=ORIENTED_EDGE('',*,*,#485,.F.);
#631=ORIENTED_EDGE('',*,*,#456,.F.);
#632=ORIENTED_EDGE('',*,*,#486,.T.);
#633=ORIENTED_EDGE('',*,*,#487,.F.);
#634=ORIENTED_EDGE('',*,*,#488,.F.);
#635=ORIENTED_EDGE('',*,*,#480,.F.);
#636=ORIENTED_EDGE('',*,*,#459,.F.);
#637=ORIENTED_EDGE('',*,*,#489,.T.);
#638=ORIENTED_EDGE('',*,*,#490,.F.);
#639=ORIENTED_EDGE('',*,*,#491,.F.);
#640=ORIENTED_EDGE('',*,*,#492,.F.);
#641=ORIENTED_EDGE('',*,*,#486,.F.);
#642=ORIENTED_EDGE('',*,*,#493,.T.);
#643=ORIENTED_EDGE('',*,*,#471,.F.);
#644=ORIENTED_EDGE('',*,*,#494,.T.);
#645=ORIENTED_EDGE('',*,*,#495,.F.);
#646=ORIENTED_EDGE('',*,*,#496,.F.);
#647=ORIENTED_EDGE('',*,*,#489,.F.);
#648=ORIENTED_EDGE('',*,*,#465,.F.);
#649=ORIENTED_EDGE('',*,*,#497,.F.);
#650=ORIENTED_EDGE('',*,*,#498,.T.);
#651=ORIENTED_EDGE('',*,*,#499,.T.);
#652=ORIENTED_EDGE('',*,*,#500,.F.);
#653=ORIENTED_EDGE('',*,*,#501,.F.);
#654=ORIENTED_EDGE('',*,*,#494,.F.);
#655=ORIENTED_EDGE('',*,*,#460,.F.);
#656=ORIENTED_EDGE('',*,*,#502,.T.);
#657=ORIENTED_EDGE('',*,*,#503,.T.);
#658=ORIENTED_EDGE('',*,*,#504,.F.);
#659=ORIENTED_EDGE('',*,*,#505,.T.);
#660=ORIENTED_EDGE('',*,*,#500,.T.);
#661=ORIENTED_EDGE('',*,*,#497,.T.);
#662=ORIENTED_EDGE('',*,*,#462,.F.);
#663=ORIENTED_EDGE('',*,*,#464,.F.);
#664=ORIENTED_EDGE('',*,*,#470,.F.);
#665=ORIENTED_EDGE('',*,*,#457,.F.);
#666=ORIENTED_EDGE('',*,*,#454,.F.);
#667=ORIENTED_EDGE('',*,*,#451,.F.);
#668=ORIENTED_EDGE('',*,*,#446,.F.);
#669=ORIENTED_EDGE('',*,*,#450,.F.);
#670=ORIENTED_EDGE('',*,*,#479,.F.);
#671=ORIENTED_EDGE('',*,*,#476,.F.);
#672=ORIENTED_EDGE('',*,*,#473,.F.);
#673=ORIENTED_EDGE('',*,*,#468,.F.);
#674=ORIENTED_EDGE('',*,*,#506,.T.);
#675=ORIENTED_EDGE('',*,*,#507,.T.);
#676=ORIENTED_EDGE('',*,*,#508,.T.);
#677=ORIENTED_EDGE('',*,*,#503,.F.);
#678=ORIENTED_EDGE('',*,*,#509,.T.);
#679=ORIENTED_EDGE('',*,*,#510,.T.);
#680=ORIENTED_EDGE('',*,*,#511,.T.);
#681=ORIENTED_EDGE('',*,*,#512,.T.);
#682=ORIENTED_EDGE('',*,*,#513,.T.);
#683=ORIENTED_EDGE('',*,*,#514,.T.);
#684=ORIENTED_EDGE('',*,*,#515,.F.);
#685=ORIENTED_EDGE('',*,*,#516,.T.);
#686=ORIENTED_EDGE('',*,*,#517,.T.);
#687=ORIENTED_EDGE('',*,*,#504,.T.);
#688=ORIENTED_EDGE('',*,*,#508,.F.);
#689=ORIENTED_EDGE('',*,*,#518,.T.);
#690=ORIENTED_EDGE('',*,*,#519,.T.);
#691=ORIENTED_EDGE('',*,*,#495,.T.);
#692=ORIENTED_EDGE('',*,*,#501,.T.);
#693=ORIENTED_EDGE('',*,*,#505,.F.);
#694=ORIENTED_EDGE('',*,*,#517,.F.);
#695=ORIENTED_EDGE('',*,*,#520,.T.);
#696=ORIENTED_EDGE('',*,*,#521,.T.);
#697=ORIENTED_EDGE('',*,*,#487,.T.);
#698=ORIENTED_EDGE('',*,*,#492,.T.);
#699=ORIENTED_EDGE('',*,*,#522,.T.);
#700=ORIENTED_EDGE('',*,*,#481,.T.);
#701=ORIENTED_EDGE('',*,*,#488,.T.);
#702=ORIENTED_EDGE('',*,*,#521,.F.);
#703=ORIENTED_EDGE('',*,*,#523,.T.);
#704=ORIENTED_EDGE('',*,*,#524,.T.);
#705=ORIENTED_EDGE('',*,*,#525,.F.);
#706=ORIENTED_EDGE('',*,*,#526,.T.);
#707=ORIENTED_EDGE('',*,*,#527,.T.);
#708=ORIENTED_EDGE('',*,*,#522,.F.);
#709=ORIENTED_EDGE('',*,*,#491,.T.);
#710=ORIENTED_EDGE('',*,*,#528,.T.);
#711=ORIENTED_EDGE('',*,*,#529,.T.);
#712=ORIENTED_EDGE('',*,*,#524,.F.);
#713=ORIENTED_EDGE('',*,*,#530,.T.);
#714=ORIENTED_EDGE('',*,*,#531,.T.);
#715=ORIENTED_EDGE('',*,*,#532,.T.);
#716=ORIENTED_EDGE('',*,*,#528,.F.);
#717=ORIENTED_EDGE('',*,*,#490,.T.);
#718=ORIENTED_EDGE('',*,*,#496,.T.);
#719=ORIENTED_EDGE('',*,*,#519,.F.);
#720=ORIENTED_EDGE('',*,*,#533,.T.);
#721=ORIENTED_EDGE('',*,*,#534,.F.);
#722=ORIENTED_EDGE('',*,*,#531,.F.);
#723=ORIENTED_EDGE('',*,*,#535,.T.);
#724=ORIENTED_EDGE('',*,*,#536,.T.);
#725=ORIENTED_EDGE('',*,*,#537,.T.);
#726=ORIENTED_EDGE('',*,*,#538,.T.);
#727=ORIENTED_EDGE('',*,*,#536,.F.);
#728=ORIENTED_EDGE('',*,*,#539,.T.);
#729=ORIENTED_EDGE('',*,*,#513,.F.);
#730=ORIENTED_EDGE('',*,*,#540,.T.);
#731=ORIENTED_EDGE('',*,*,#541,.T.);
#732=ORIENTED_EDGE('',*,*,#511,.F.);
#733=ORIENTED_EDGE('',*,*,#542,.T.);
#734=ORIENTED_EDGE('',*,*,#543,.T.);
#735=ORIENTED_EDGE('',*,*,#515,.T.);
#736=ORIENTED_EDGE('',*,*,#444,.F.);
#737=ORIENTED_EDGE('',*,*,#485,.T.);
#738=ORIENTED_EDGE('',*,*,#482,.T.);
#739=ORIENTED_EDGE('',*,*,#525,.T.);
#740=ORIENTED_EDGE('',*,*,#529,.F.);
#741=ORIENTED_EDGE('',*,*,#534,.T.);
#742=ORIENTED_EDGE('',*,*,#544,.T.);
#743=ORIENTED_EDGE('',*,*,#448,.F.);
#744=ORIENTED_EDGE('',*,*,#544,.F.);
#745=ORIENTED_EDGE('',*,*,#533,.F.);
#746=ORIENTED_EDGE('',*,*,#545,.F.);
#747=ORIENTED_EDGE('',*,*,#546,.F.);
#748=ORIENTED_EDGE('',*,*,#547,.T.);
#749=ORIENTED_EDGE('',*,*,#526,.F.);
#750=ORIENTED_EDGE('',*,*,#532,.F.);
#751=ORIENTED_EDGE('',*,*,#518,.F.);
#752=ORIENTED_EDGE('',*,*,#516,.F.);
#753=ORIENTED_EDGE('',*,*,#507,.F.);
#754=ORIENTED_EDGE('',*,*,#541,.F.);
#755=ORIENTED_EDGE('',*,*,#514,.F.);
#756=ORIENTED_EDGE('',*,*,#539,.F.);
#757=ORIENTED_EDGE('',*,*,#535,.F.);
#758=ORIENTED_EDGE('',*,*,#530,.F.);
#759=ORIENTED_EDGE('',*,*,#523,.F.);
#760=ORIENTED_EDGE('',*,*,#520,.F.);
#761=ORIENTED_EDGE('',*,*,#527,.F.);
#762=ORIENTED_EDGE('',*,*,#547,.F.);
#763=ORIENTED_EDGE('',*,*,#548,.T.);
#764=ORIENTED_EDGE('',*,*,#549,.T.);
#765=ORIENTED_EDGE('',*,*,#550,.T.);
#766=ORIENTED_EDGE('',*,*,#549,.F.);
#767=ORIENTED_EDGE('',*,*,#550,.F.);
#768=ORIENTED_EDGE('',*,*,#551,.T.);
#769=ORIENTED_EDGE('',*,*,#552,.T.);
#770=ORIENTED_EDGE('',*,*,#551,.F.);
#771=ORIENTED_EDGE('',*,*,#553,.F.);
#772=ORIENTED_EDGE('',*,*,#554,.T.);
#773=ORIENTED_EDGE('',*,*,#548,.F.);
#774=ORIENTED_EDGE('',*,*,#554,.F.);
#775=ORIENTED_EDGE('',*,*,#493,.F.);
#776=ORIENTED_EDGE('',*,*,#555,.T.);
#777=ORIENTED_EDGE('',*,*,#556,.F.);
#778=ORIENTED_EDGE('',*,*,#557,.F.);
#779=ORIENTED_EDGE('',*,*,#558,.F.);
#780=ORIENTED_EDGE('',*,*,#555,.F.);
#781=ORIENTED_EDGE('',*,*,#498,.F.);
#782=ORIENTED_EDGE('',*,*,#499,.F.);
#783=ORIENTED_EDGE('',*,*,#559,.T.);
#784=ORIENTED_EDGE('',*,*,#558,.T.);
#785=ORIENTED_EDGE('',*,*,#560,.T.);
#786=ORIENTED_EDGE('',*,*,#483,.F.);
#787=ORIENTED_EDGE('',*,*,#484,.F.);
#788=ORIENTED_EDGE('',*,*,#560,.F.);
#789=ORIENTED_EDGE('',*,*,#557,.T.);
#790=ORIENTED_EDGE('',*,*,#556,.T.);
#791=ORIENTED_EDGE('',*,*,#559,.F.);
#792=ORIENTED_EDGE('',*,*,#561,.F.);
#793=ORIENTED_EDGE('',*,*,#562,.F.);
#794=ORIENTED_EDGE('',*,*,#472,.F.);
#795=ORIENTED_EDGE('',*,*,#563,.T.);
#796=ORIENTED_EDGE('',*,*,#542,.F.);
#797=ORIENTED_EDGE('',*,*,#510,.F.);
#798=ORIENTED_EDGE('',*,*,#564,.F.);
#799=ORIENTED_EDGE('',*,*,#467,.F.);
#800=ORIENTED_EDGE('',*,*,#564,.T.);
#801=ORIENTED_EDGE('',*,*,#509,.F.);
#802=ORIENTED_EDGE('',*,*,#502,.F.);
#803=ORIENTED_EDGE('',*,*,#478,.F.);
#804=ORIENTED_EDGE('',*,*,#545,.T.);
#805=ORIENTED_EDGE('',*,*,#537,.F.);
#806=ORIENTED_EDGE('',*,*,#538,.F.);
#807=ORIENTED_EDGE('',*,*,#565,.F.);
#808=ORIENTED_EDGE('',*,*,#475,.F.);
#809=ORIENTED_EDGE('',*,*,#565,.T.);
#810=ORIENTED_EDGE('',*,*,#540,.F.);
#811=ORIENTED_EDGE('',*,*,#512,.F.);
#812=ORIENTED_EDGE('',*,*,#543,.F.);
#813=ORIENTED_EDGE('',*,*,#563,.F.);
#814=ORIENTED_EDGE('',*,*,#566,.T.);
#815=ORIENTED_EDGE('',*,*,#567,.F.);
#816=ORIENTED_EDGE('',*,*,#567,.T.);
#817=ORIENTED_EDGE('',*,*,#568,.T.);
#818=ORIENTED_EDGE('',*,*,#562,.T.);
#819=ORIENTED_EDGE('',*,*,#569,.T.);
#820=ORIENTED_EDGE('',*,*,#570,.F.);
#821=ORIENTED_EDGE('',*,*,#569,.F.);
#822=ORIENTED_EDGE('',*,*,#561,.T.);
#823=ORIENTED_EDGE('',*,*,#568,.F.);
#824=ORIENTED_EDGE('',*,*,#571,.F.);
#825=ORIENTED_EDGE('',*,*,#570,.T.);
#826=ORIENTED_EDGE('',*,*,#571,.T.);
#827=ORIENTED_EDGE('',*,*,#572,.T.);
#828=ORIENTED_EDGE('',*,*,#506,.F.);
#829=ORIENTED_EDGE('',*,*,#572,.F.);
#830=ORIENTED_EDGE('',*,*,#552,.F.);
#831=ORIENTED_EDGE('',*,*,#573,.T.);
#832=ORIENTED_EDGE('',*,*,#546,.T.);
#833=ORIENTED_EDGE('',*,*,#573,.F.);
#834=ORIENTED_EDGE('',*,*,#553,.T.);
#835=ORIENTED_EDGE('',*,*,#574,.F.);
#836=ORIENTED_EDGE('',*,*,#574,.T.);
#837=ORIENTED_EDGE('',*,*,#575,.T.);
#838=ORIENTED_EDGE('',*,*,#566,.F.);
#839=ORIENTED_EDGE('',*,*,#575,.F.);
#840=CONICAL_SURFACE('',#908,8.18190801913298,1.0471975511966);
#841=CONICAL_SURFACE('',#915,8.18190801913298,1.0471975511966);
#842=CONICAL_SURFACE('',#945,8.62499999999999,1.36135681655559);
#843=CONICAL_SURFACE('',#951,8.62499999999999,1.36135681655559);
#844=ADVANCED_FACE('',(#185),#840,.T.);
#845=ADVANCED_FACE('',(#186),#161,.T.);
#846=ADVANCED_FACE('',(#187),#162,.T.);
#847=ADVANCED_FACE('',(#188),#163,.T.);
#848=ADVANCED_FACE('',(#189),#164,.T.);
#849=ADVANCED_FACE('',(#190),#841,.T.);
#850=ADVANCED_FACE('',(#191),#165,.T.);
#851=ADVANCED_FACE('',(#192),#166,.T.);
#852=ADVANCED_FACE('',(#193),#167,.T.);
#853=ADVANCED_FACE('',(#194),#168,.T.);
#854=ADVANCED_FACE('',(#195),#169,.T.);
#855=ADVANCED_FACE('',(#196),#170,.T.);
#856=ADVANCED_FACE('',(#197),#171,.T.);
#857=ADVANCED_FACE('',(#198),#172,.T.);
#858=ADVANCED_FACE('',(#199,#37),#173,.T.);
#859=ADVANCED_FACE('',(#200),#174,.F.);
#860=ADVANCED_FACE('',(#201),#175,.F.);
#861=ADVANCED_FACE('',(#202),#28,.T.);
#862=ADVANCED_FACE('',(#203,#38),#176,.T.);
#863=ADVANCED_FACE('',(#204),#18,.F.);
#864=ADVANCED_FACE('',(#205),#19,.F.);
#865=ADVANCED_FACE('',(#206),#15,.T.);
#866=ADVANCED_FACE('',(#207),#20,.F.);
#867=ADVANCED_FACE('',(#208),#21,.F.);
#868=ADVANCED_FACE('',(#209),#22,.F.);
#869=ADVANCED_FACE('',(#210),#23,.F.);
#870=ADVANCED_FACE('',(#211),#16,.T.);
#871=ADVANCED_FACE('',(#212),#24,.F.);
#872=ADVANCED_FACE('',(#213),#25,.F.);
#873=ADVANCED_FACE('',(#214),#26,.F.);
#874=ADVANCED_FACE('',(#215),#27,.F.);
#875=ADVANCED_FACE('',(#216),#29,.T.);
#876=ADVANCED_FACE('',(#217),#177,.F.);
#877=ADVANCED_FACE('',(#218),#842,.T.);
#878=ADVANCED_FACE('',(#219),#17,.T.);
#879=ADVANCED_FACE('',(#220),#843,.T.);
#880=ADVANCED_FACE('',(#221),#30,.T.);
#881=ADVANCED_FACE('',(#222),#31,.F.);
#882=ADVANCED_FACE('',(#223,#39),#32,.F.);
#883=ADVANCED_FACE('',(#224),#178,.T.);
#884=ADVANCED_FACE('',(#225),#179,.T.);
#885=ADVANCED_FACE('',(#226),#180,.F.);
#886=ADVANCED_FACE('',(#227),#181,.F.);
#887=ADVANCED_FACE('',(#228,#40),#182,.T.);
#888=ADVANCED_FACE('',(#229),#33,.F.);
#889=ADVANCED_FACE('',(#230,#41),#183,.T.);
#890=ADVANCED_FACE('',(#231),#34,.F.);
#891=ADVANCED_FACE('',(#232),#35,.T.);
#892=ADVANCED_FACE('',(#233,#42),#184,.T.);
#893=ADVANCED_FACE('',(#234),#36,.F.);
#894=CLOSED_SHELL('',(#844,#845,#846,#847,#848,#849,#850,#851,#852,#853,
#854,#855,#856,#857,#858,#859,#860,#861,#862,#863,#864,#865,#866,#867,#868,
#869,#870,#871,#872,#873,#874,#875,#876,#877,#878,#879,#880,#881,#882,#883,
#884,#885,#886,#887,#888,#889,#890,#891,#892,#893));
#895=DERIVED_UNIT_ELEMENT(#897,1.);
#896=DERIVED_UNIT_ELEMENT(#2212,-3.);
#897=(
MASS_UNIT()
NAMED_UNIT(*)
SI_UNIT(.KILO.,.GRAM.)
);
#898=DERIVED_UNIT((#895,#896));
#899=MEASURE_REPRESENTATION_ITEM('density measure',
POSITIVE_RATIO_MEASURE(7850.),#898);
#900=PROPERTY_DEFINITION_REPRESENTATION(#905,#902);
#901=PROPERTY_DEFINITION_REPRESENTATION(#906,#903);
#902=REPRESENTATION('material name',(#904),#2209);
#903=REPRESENTATION('density',(#899),#2209);
#904=DESCRIPTIVE_REPRESENTATION_ITEM('Steel','Steel');
#905=PROPERTY_DEFINITION('material property','material name',#2219);
#906=PROPERTY_DEFINITION('material property','density of part',#2219);
#907=AXIS2_PLACEMENT_3D('',#1162,#973,#974);
#908=AXIS2_PLACEMENT_3D('',#1163,#975,#976);
#909=AXIS2_PLACEMENT_3D('',#1166,#977,#978);
#910=AXIS2_PLACEMENT_3D('',#1173,#979,#980);
#911=AXIS2_PLACEMENT_3D('',#1178,#981,#982);
#912=AXIS2_PLACEMENT_3D('',#1184,#986,#987);
#913=AXIS2_PLACEMENT_3D('',#1190,#991,#992);
#914=AXIS2_PLACEMENT_3D('',#1196,#996,#997);
#915=AXIS2_PLACEMENT_3D('',#1202,#1001,#1002);
#916=AXIS2_PLACEMENT_3D('',#1205,#1003,#1004);
#917=AXIS2_PLACEMENT_3D('',#1212,#1005,#1006);
#918=AXIS2_PLACEMENT_3D('',#1217,#1007,#1008);
#919=AXIS2_PLACEMENT_3D('',#1223,#1012,#1013);
#920=AXIS2_PLACEMENT_3D('',#1229,#1017,#1018);
#921=AXIS2_PLACEMENT_3D('',#1232,#1021,#1022);
#922=AXIS2_PLACEMENT_3D('',#1238,#1026,#1027);
#923=AXIS2_PLACEMENT_3D('',#1244,#1031,#1032);
#924=AXIS2_PLACEMENT_3D('',#1247,#1035,#1036);
#925=AXIS2_PLACEMENT_3D('',#1258,#1039,#1040);
#926=AXIS2_PLACEMENT_3D('',#1259,#1041,#1042);
#927=AXIS2_PLACEMENT_3D('',#1261,#1044,#1045);
#928=AXIS2_PLACEMENT_3D('',#1273,#1047,#1048);
#929=AXIS2_PLACEMENT_3D('',#1291,#1050,#1051);
#930=AXIS2_PLACEMENT_3D('',#1292,#1052,#1053);
#931=AXIS2_PLACEMENT_3D('',#1304,#1055,#1056);
#932=AXIS2_PLACEMENT_3D('',#1308,#1058,#1059);
#933=AXIS2_PLACEMENT_3D('',#1309,#1060,#1061);
#934=AXIS2_PLACEMENT_3D('',#1316,#1063,#1064);
#935=AXIS2_PLACEMENT_3D('',#1322,#1067,#1068);
#936=AXIS2_PLACEMENT_3D('',#1324,#1070,#1071);
#937=AXIS2_PLACEMENT_3D('',#1326,#1072,#1073);
#938=AXIS2_PLACEMENT_3D('',#1537,#1074,#1075);
#939=AXIS2_PLACEMENT_3D('',#1539,#1076,#1077);
#940=AXIS2_PLACEMENT_3D('',#1861,#1079,#1080);
#941=AXIS2_PLACEMENT_3D('',#1863,#1081,#1082);
#942=AXIS2_PLACEMENT_3D('',#1865,#1083,#1084);
#943=AXIS2_PLACEMENT_3D('',#2064,#1086,#1087);
#944=AXIS2_PLACEMENT_3D('',#2066,#1089,#1090);
#945=AXIS2_PLACEMENT_3D('',#2068,#1092,#1093);
#946=AXIS2_PLACEMENT_3D('',#2070,#1094,#1095);
#947=AXIS2_PLACEMENT_3D('',#2072,#1097,#1098);
#948=AXIS2_PLACEMENT_3D('',#2074,#1099,#1100);
#949=AXIS2_PLACEMENT_3D('',#2076,#1101,#1102);
#950=AXIS2_PLACEMENT_3D('',#2077,#1103,#1104);
#951=AXIS2_PLACEMENT_3D('',#2078,#1105,#1106);
#952=AXIS2_PLACEMENT_3D('',#2081,#1108,#1109);
#953=AXIS2_PLACEMENT_3D('',#2082,#1110,#1111);
#954=AXIS2_PLACEMENT_3D('',#2084,#1112,#1113);
#955=AXIS2_PLACEMENT_3D('',#2086,#1115,#1116);
#956=AXIS2_PLACEMENT_3D('',#2129,#1118,#1119);
#957=AXIS2_PLACEMENT_3D('',#2178,#1122,#1123);
#958=AXIS2_PLACEMENT_3D('',#2181,#1126,#1127);
#959=AXIS2_PLACEMENT_3D('',#2182,#1128,#1129);
#960=AXIS2_PLACEMENT_3D('',#2184,#1131,#1132);
#961=AXIS2_PLACEMENT_3D('',#2185,#1133,#1134);
#962=AXIS2_PLACEMENT_3D('',#2187,#1135,#1136);
#963=AXIS2_PLACEMENT_3D('',#2189,#1137,#1138);
#964=AXIS2_PLACEMENT_3D('',#2190,#1139,#1140);
#965=AXIS2_PLACEMENT_3D('',#2194,#1143,#1144);
#966=AXIS2_PLACEMENT_3D('',#2195,#1145,#1146);
#967=AXIS2_PLACEMENT_3D('',#2197,#1147,#1148);
#968=AXIS2_PLACEMENT_3D('',#2198,#1149,#1150);
#969=AXIS2_PLACEMENT_3D('',#2200,#1152,#1153);
#970=AXIS2_PLACEMENT_3D('',#2202,#1155,#1156);
#971=AXIS2_PLACEMENT_3D('',#2204,#1157,#1158);
#972=AXIS2_PLACEMENT_3D('',#2205,#1159,#1160);
#973=DIRECTION('axis',(0.,0.,1.));
#974=DIRECTION('refdir',(1.,0.,0.));
#975=DIRECTION('center_axis',(-4.90323511626743E-16,0.,1.));
#976=DIRECTION('ref_axis',(1.,0.,4.90021276290581E-16));
#977=DIRECTION('center_axis',(4.90323511626743E-16,0.,-1.));
#978=DIRECTION('ref_axis',(1.,0.,4.89804275569922E-16));
#979=DIRECTION('center_axis',(-4.90323511626743E-16,0.,1.));
#980=DIRECTION('ref_axis',(1.,0.,4.90323511626743E-16));
#981=DIRECTION('center_axis',(0.143998979623831,0.478815511306072,-0.866025403784439));
#982=DIRECTION('ref_axis',(-0.98645639390291,0.,-0.164023726722894));
#983=DIRECTION('',(0.957631022612145,-0.287997959247661,4.69549005849895E-16));
#984=DIRECTION('',(-0.551803608606683,-0.687606704002006,-0.471921389788746));
#985=DIRECTION('',(-0.957631022612145,0.287997959247661,-4.69549005849895E-16));
#986=DIRECTION('center_axis',(-0.14399897962383,0.478815511306072,-0.866025403784439));
#987=DIRECTION('ref_axis',(-0.98645639390291,0.,0.164023726722893));
#988=DIRECTION('',(-0.957631022612145,-0.287997959247661,-4.69549005849895E-16));
#989=DIRECTION('',(-0.551803608606682,0.687606704002006,0.471921389788746));
#990=DIRECTION('',(0.957631022612145,0.287997959247661,4.69549005849895E-16));
#991=DIRECTION('center_axis',(-0.436273043889457,0.244265902604985,-0.866025403784439));
#992=DIRECTION('ref_axis',(-0.893078271264606,0.,0.449901324064536));
#993=DIRECTION('',(-0.488531805209969,-0.872546087778914,-2.39538630271904E-16));
#994=DIRECTION('',(-0.844732647435739,0.220383769384854,0.487706621390289));
#995=DIRECTION('',(0.488531805209969,0.872546087778914,2.39538630271904E-16));
#996=DIRECTION('center_axis',(-0.5,6.34413156928661E-16,-0.866025403784439));
#997=DIRECTION('ref_axis',(-0.866025403784439,0.,0.5));
#998=DIRECTION('',(-1.26882631385732E-15,-1.,-6.22135373854937E-31));
#999=DIRECTION('',(-0.844732647435738,-0.220383769384856,0.487706621390289));
#1000=DIRECTION('',(1.26882631385732E-15,1.,6.22135373854937E-31));
#1001=DIRECTION('center_axis',(-4.90323511626743E-16,0.,1.));
#1002=DIRECTION('ref_axis',(1.,0.,4.90021276290581E-16));
#1003=DIRECTION('center_axis',(4.90323511626743E-16,0.,-1.));
#1004=DIRECTION('ref_axis',(1.,0.,4.89804275569922E-16));
#1005=DIRECTION('center_axis',(-4.90323511626743E-16,0.,1.));
#1006=DIRECTION('ref_axis',(1.,0.,4.90323511626743E-16));
#1007=DIRECTION('center_axis',(-0.14399897962383,-0.478815511306072,-0.866025403784439));
#1008=DIRECTION('ref_axis',(-0.98645639390291,0.,0.164023726722893));
#1009=DIRECTION('',(0.957631022612145,-0.287997959247661,4.69549005849895E-16));
#1010=DIRECTION('',(-0.957631022612145,0.287997959247661,-4.69549005849895E-16));
#1011=DIRECTION('',(0.551803608606683,0.687606704002005,-0.471921389788746));
#1012=DIRECTION('center_axis',(0.143998979623831,-0.478815511306072,-0.866025403784439));
#1013=DIRECTION('ref_axis',(-0.98645639390291,0.,-0.164023726722894));
#1014=DIRECTION('',(-0.957631022612145,-0.287997959247661,-4.69549005849895E-16));
#1015=DIRECTION('',(0.957631022612145,0.287997959247661,4.69549005849895E-16));
#1016=DIRECTION('',(0.551803608606683,-0.687606704002005,0.471921389788746));
#1017=DIRECTION('center_axis',(-0.436273043889457,-0.244265902604985,-0.866025403784439));
#1018=DIRECTION('ref_axis',(-0.893078271264606,0.,0.449901324064536));
#1019=DIRECTION('',(0.488531805209969,-0.872546087778914,2.39538630271904E-16));
#1020=DIRECTION('',(-0.488531805209969,0.872546087778914,-2.39538630271904E-16));
#1021=DIRECTION('center_axis',(0.436273043889457,-0.244265902604984,-0.866025403784439));
#1022=DIRECTION('ref_axis',(-0.893078271264606,0.,-0.449901324064536));
#1023=DIRECTION('',(-0.488531805209969,-0.872546087778914,-2.39538630271904E-16));
#1024=DIRECTION('',(0.488531805209969,0.872546087778914,2.39538630271904E-16));
#1025=DIRECTION('',(0.844732647435738,-0.220383769384857,0.487706621390289));
#1026=DIRECTION('center_axis',(0.5,6.3441315692866E-16,-0.866025403784439));
#1027=DIRECTION('ref_axis',(-0.866025403784439,0.,-0.5));
#1028=DIRECTION('',(1.26882631385732E-15,-1.,6.22135373854937E-31));
#1029=DIRECTION('',(-1.26882631385732E-15,1.,-6.22135373854937E-31));
#1030=DIRECTION('',(0.844732647435739,0.220383769384856,0.487706621390289));
#1031=DIRECTION('center_axis',(0.436273043889457,0.244265902604984,-0.866025403784439));
#1032=DIRECTION('ref_axis',(-0.893078271264606,0.,-0.449901324064536));
#1033=DIRECTION('',(0.488531805209969,-0.872546087778914,2.39538630271904E-16));
#1034=DIRECTION('',(-0.488531805209969,0.872546087778914,-2.39538630271904E-16));
#1035=DIRECTION('center_axis',(-0.287997959247661,0.957631022612145,0.));
#1036=DIRECTION('ref_axis',(-0.957631022612145,-0.287997959247661,0.));
#1037=DIRECTION('',(0.,0.,1.));
#1038=DIRECTION('',(-4.90323511626743E-16,0.,1.));
#1039=DIRECTION('center_axis',(0.287997959247661,-0.957631022612145,0.));
#1040=DIRECTION('ref_axis',(0.957631022612145,0.287997959247661,0.));
#1041=DIRECTION('center_axis',(0.287997959247661,-0.957631022612145,0.));
#1042=DIRECTION('ref_axis',(0.957631022612145,0.287997959247661,0.));
#1043=DIRECTION('',(-4.90323511626743E-16,0.,1.));
#1044=DIRECTION('center_axis',(-0.872546087778914,0.488531805209969,0.));
#1045=DIRECTION('ref_axis',(-0.488531805209969,-0.872546087778914,0.));
#1046=DIRECTION('',(0.,0.,1.));
#1047=DIRECTION('center_axis',(-1.,1.26882631385732E-15,0.));
#1048=DIRECTION('ref_axis',(-1.26882631385732E-15,-1.,0.));
#1049=DIRECTION('',(0.,0.,1.));
#1050=DIRECTION('center_axis',(1.,-1.26882631385732E-15,0.));
#1051=DIRECTION('ref_axis',(0.,1.,0.));
#1052=DIRECTION('center_axis',(0.872546087778914,0.488531805209969,0.));
#1053=DIRECTION('ref_axis',(-0.488531805209969,0.872546087778914,0.));
#1054=DIRECTION('',(0.,0.,1.));
#1055=DIRECTION('center_axis',(0.287997959247661,0.957631022612145,0.));
#1056=DIRECTION('ref_axis',(-0.957631022612145,0.287997959247661,0.));
#1057=DIRECTION('',(4.90323511626743E-16,0.,-1.));
#1058=DIRECTION('center_axis',(0.287997959247661,0.957631022612145,0.));
#1059=DIRECTION('ref_axis',(0.957631022612145,-0.287997959247661,0.));
#1060=DIRECTION('center_axis',(0.287997959247661,0.957631022612145,0.));
#1061=DIRECTION('ref_axis',(0.957631022612145,-0.287997959247661,0.));
#1062=DIRECTION('',(4.90323511626743E-16,0.,-1.));
#1063=DIRECTION('center_axis',(-4.90323511626743E-16,0.,1.));
#1064=DIRECTION('ref_axis',(1.,0.,4.89804275569922E-16));
#1065=DIRECTION('',(-4.90323511626743E-16,0.,1.));
#1066=DIRECTION('',(-4.90323511626743E-16,0.,1.));
#1067=DIRECTION('center_axis',(-4.90323511626743E-16,0.,1.));
#1068=DIRECTION('ref_axis',(-1.83697019872103E-16,-1.,0.));
#1069=DIRECTION('',(4.90323511626743E-16,0.,-1.));
#1070=DIRECTION('center_axis',(4.90323511626743E-16,0.,-1.));
#1071=DIRECTION('ref_axis',(-1.,0.,-4.90323511626743E-16));
#1072=DIRECTION('center_axis',(-4.90323511626743E-16,0.,1.));
#1073=DIRECTION('ref_axis',(1.,0.,4.90323511626743E-16));
#1074=DIRECTION('center_axis',(-4.90323511626743E-16,0.,1.));
#1075=DIRECTION('ref_axis',(1.,0.,5.12858930010571E-16));
#1076=DIRECTION('center_axis',(5.47269994007671E-16,-1.21518349606758E-31,
-1.));
#1077=DIRECTION('ref_axis',(-2.22044604925031E-16,-1.,0.));
#1078=DIRECTION('',(-4.90323511626743E-16,0.,1.));
#1079=DIRECTION('center_axis',(-4.90323511626743E-16,0.,1.));
#1080=DIRECTION('ref_axis',(1.,0.,5.12858930010571E-16));
#1081=DIRECTION('center_axis',(-4.90323511626743E-16,0.,1.));
#1082=DIRECTION('ref_axis',(6.12323399573677E-17,1.,0.));
#1083=DIRECTION('center_axis',(4.86462216895708E-16,-5.40081553807811E-32,
-1.));
#1084=DIRECTION('ref_axis',(1.11022302462516E-16,1.,0.));
#1085=DIRECTION('',(4.90323511626743E-16,0.,-1.));
#1086=DIRECTION('center_axis',(-4.90323511626743E-16,0.,1.));
#1087=DIRECTION('ref_axis',(1.,0.,4.89804275569922E-16));
#1088=DIRECTION('',(4.90323511626743E-16,0.,-1.));
#1089=DIRECTION('center_axis',(-0.287997959247661,-0.957631022612145,0.));
#1090=DIRECTION('ref_axis',(0.957631022612145,-0.287997959247661,0.));
#1091=DIRECTION('',(0.,0.,1.));
#1092=DIRECTION('center_axis',(4.90323511626743E-16,0.,-1.));
#1093=DIRECTION('ref_axis',(1.,0.,4.89804275569922E-16));
#1094=DIRECTION('center_axis',(-4.90323511626743E-16,0.,1.));
#1095=DIRECTION('ref_axis',(1.,0.,4.90323511626743E-16));
#1096=DIRECTION('',(-0.978147600733808,-1.19788532833232E-16,-0.20791169081775));
#1097=DIRECTION('center_axis',(-4.90323511626743E-16,0.,1.));
#1098=DIRECTION('ref_axis',(1.,0.,4.66235390918701E-16));
#1099=DIRECTION('center_axis',(4.90323511626743E-16,0.,-1.));
#1100=DIRECTION('ref_axis',(-1.,1.22464679914735E-16,-4.88090174868016E-16));
#1101=DIRECTION('center_axis',(1.22464679914735E-16,-1.,6.0047311906038E-32));
#1102=DIRECTION('ref_axis',(-1.,-1.22464679914735E-16,-4.66235390918701E-16));
#1103=DIRECTION('center_axis',(-4.86462216895708E-16,1.18414895386748E-31,
1.));
#1104=DIRECTION('ref_axis',(-1.,2.70040776903906E-32,-4.86462216895708E-16));
#1105=DIRECTION('center_axis',(-4.90323511626743E-16,0.,1.));
#1106=DIRECTION('ref_axis',(1.,0.,4.89804275569922E-16));
#1107=DIRECTION('',(0.978147600733807,1.19788532833232E-16,-0.207911690817751));
#1108=DIRECTION('center_axis',(-4.90323511626743E-16,0.,1.));
#1109=DIRECTION('ref_axis',(1.,0.,4.90323511626743E-16));
#1110=DIRECTION('center_axis',(-4.90323511626743E-16,0.,1.));
#1111=DIRECTION('ref_axis',(1.,0.,4.89804275569922E-16));
#1112=DIRECTION('center_axis',(-4.90323511626743E-16,0.,1.));
#1113=DIRECTION('ref_axis',(1.,0.,4.90323511626743E-16));
#1114=DIRECTION('',(4.90323511626742E-16,0.,-1.));
#1115=DIRECTION('center_axis',(1.,0.,0.));
#1116=DIRECTION('ref_axis',(0.,1.,0.));
#1117=DIRECTION('',(1.,0.,0.));
#1118=DIRECTION('center_axis',(0.,1.,0.));
#1119=DIRECTION('ref_axis',(1.,0.,0.));
#1120=DIRECTION('',(0.,1.,0.));
#1121=DIRECTION('',(0.,1.,0.));
#1122=DIRECTION('center_axis',(0.872546087778914,-0.488531805209969,0.));
#1123=DIRECTION('ref_axis',(0.488531805209969,0.872546087778914,0.));
#1124=DIRECTION('',(0.,0.,1.));
#1125=DIRECTION('',(0.,0.,1.));
#1126=DIRECTION('center_axis',(0.287997959247661,-0.957631022612145,0.));
#1127=DIRECTION('ref_axis',(0.957631022612145,0.287997959247661,0.));
#1128=DIRECTION('center_axis',(-0.872546087778914,-0.488531805209969,0.));
#1129=DIRECTION('ref_axis',(0.488531805209969,-0.872546087778914,0.));
#1130=DIRECTION('',(0.,0.,1.));
#1131=DIRECTION('center_axis',(-1.,-1.26882631385732E-15,0.));
#1132=DIRECTION('ref_axis',(1.26882631385732E-15,-1.,0.));
#1133=DIRECTION('center_axis',(-4.90323511626743E-16,0.,1.));
#1134=DIRECTION('ref_axis',(1.,0.,4.90323511626743E-16));
#1135=DIRECTION('center_axis',(-4.90323511626743E-16,0.,1.));
#1136=DIRECTION('ref_axis',(1.,0.,4.90323511626742E-16));
#1137=DIRECTION('center_axis',(-4.90323511626743E-16,0.,1.));
#1138=DIRECTION('ref_axis',(1.,0.,4.90323511626743E-16));
#1139=DIRECTION('center_axis',(-4.90323511626743E-16,0.,1.));
#1140=DIRECTION('ref_axis',(1.,0.,4.89804275569922E-16));
#1141=DIRECTION('',(4.90323511626743E-16,0.,-1.));
#1142=DIRECTION('',(4.90323511626743E-16,0.,-1.));
#1143=DIRECTION('center_axis',(-4.90323511626743E-16,0.,1.));
#1144=DIRECTION('ref_axis',(1.,0.,4.90323511626743E-16));
#1145=DIRECTION('center_axis',(4.90323511626743E-16,0.,-1.));
#1146=DIRECTION('ref_axis',(-1.,0.,-4.90323511626743E-16));
#1147=DIRECTION('center_axis',(-4.90323511626743E-16,0.,1.));
#1148=DIRECTION('ref_axis',(1.,0.,4.90323511626743E-16));
#1149=DIRECTION('center_axis',(-4.90323511626743E-16,0.,1.));
#1150=DIRECTION('ref_axis',(1.,0.,4.89804275569922E-16));
#1151=DIRECTION('',(4.90323511626743E-16,0.,-1.));
#1152=DIRECTION('center_axis',(-4.90323511626743E-16,0.,1.));
#1153=DIRECTION('ref_axis',(1.,0.,4.89804275569922E-16));
#1154=DIRECTION('',(4.90323511626743E-16,0.,-1.));
#1155=DIRECTION('center_axis',(-4.90323511626743E-16,0.,1.));
#1156=DIRECTION('ref_axis',(1.,0.,4.90323511626743E-16));
#1157=DIRECTION('center_axis',(-4.90323511626743E-16,0.,1.));
#1158=DIRECTION('ref_axis',(1.,0.,4.90323511626742E-16));
#1159=DIRECTION('center_axis',(-4.90323511626743E-16,0.,1.));
#1160=DIRECTION('ref_axis',(1.,0.,4.89804275569922E-16));
#1161=DIRECTION('',(4.90323511626742E-16,0.,-1.));
#1162=CARTESIAN_POINT('',(0.,0.,0.));
#1163=CARTESIAN_POINT('Origin',(2.91544611384667E-15,0.,-5.0645654833));
#1164=CARTESIAN_POINT('',(-3.11250012849998,9.00210908343636,-4.2891309666));
#1165=CARTESIAN_POINT('',(3.11250012850004,9.00210908343634,-4.2891309666));
#1166=CARTESIAN_POINT('Origin',(2.53523233858174E-15,0.,-4.2891309666));
#1167=CARTESIAN_POINT('',(2.28213115879184,6.44680402830078,-5.84));
#1168=CARTESIAN_POINT('Ctrl Pts',(3.11250012849989,9.00210908343639,-4.2891309666));
#1169=CARTESIAN_POINT('Ctrl Pts',(2.83957576424365,8.15739825604379,-4.80154258264724));
#1170=CARTESIAN_POINT('Ctrl Pts',(2.55827192729963,7.29086445852147,-5.32741317122204));
#1171=CARTESIAN_POINT('Ctrl Pts',(2.28213115879241,6.44680402830059,-5.83999999999999));
#1172=CARTESIAN_POINT('',(-2.28213115879297,6.4468040283004,-5.84));
#1173=CARTESIAN_POINT('Origin',(3.2956598891116E-15,0.,-5.84));
#1174=CARTESIAN_POINT('Ctrl Pts',(-2.28213115879251,6.44680402830053,-5.84000000000001));
#1175=CARTESIAN_POINT('Ctrl Pts',(-2.55827192738069,7.29086445876888,-5.32741317107177));
#1176=CARTESIAN_POINT('Ctrl Pts',(-2.83957576448907,8.15739825680297,-4.80154258218669));
#1177=CARTESIAN_POINT('Ctrl Pts',(-3.11250012850001,9.00210908343635,-4.2891309666));
#1178=CARTESIAN_POINT('Origin',(6.90737873802196,6.45832215665406,-5.0645654833));
#1179=CARTESIAN_POINT('',(6.87755034755609,7.86980785890483,-4.28913096660001));
#1180=CARTESIAN_POINT('',(7.29418648759355,7.74450870375391,-4.2891309666));
#1181=CARTESIAN_POINT('',(5.06416543298471,5.61013502468066,-5.84));
#1182=CARTESIAN_POINT('',(6.87755034755609,7.86980785890483,-4.28913096660001));
#1183=CARTESIAN_POINT('',(6.52057098845036,5.17213560955421,-5.84));
#1184=CARTESIAN_POINT('Origin',(1.82759085832201,9.08527696329288,-5.0645654833));
#1185=CARTESIAN_POINT('',(-5.0641654329847,5.61013502468065,-5.84));
#1186=CARTESIAN_POINT('',(2.21439860789361,7.79909041619302,-5.84));
#1187=CARTESIAN_POINT('',(-6.87755034755609,7.86980785890483,-4.2891309666));
#1188=CARTESIAN_POINT('',(-5.0641654329847,5.61013502468065,-5.84));
#1189=CARTESIAN_POINT('',(1.44078310875041,10.3714635103927,-4.2891309666));
#1190=CARTESIAN_POINT('Origin',(-5.42561488076399,7.71380702375478,-5.06456548330001));
#1191=CARTESIAN_POINT('',(-7.61779946795223,1.04919679493254,-5.84000000000001));
#1192=CARTESIAN_POINT('',(-4.25370522733124,7.05766387377879,-5.84));
#1193=CARTESIAN_POINT('',(-10.3039834296863,1.75,-4.28913096660001));
#1194=CARTESIAN_POINT('',(-7.61779946795223,1.04919679493254,-5.84000000000001));
#1195=CARTESIAN_POINT('',(-6.59752453419674,8.36995017373078,-4.28913096660001));
#1196=CARTESIAN_POINT('Origin',(-8.96089144881925,0.875000000000011,-5.06456548330001));
#1197=CARTESIAN_POINT('',(-7.61779946795224,-1.04919679493253,-5.84000000000001));
#1198=CARTESIAN_POINT('',(-7.61779946795223,0.875000000000009,-5.84000000000001));
#1199=CARTESIAN_POINT('',(-10.3039834296863,-1.75,-4.28913096660001));
#1200=CARTESIAN_POINT('',(-7.61779946795224,-1.04919679493253,-5.84000000000001));
#1201=CARTESIAN_POINT('',(-10.3039834296863,0.875000000000013,-4.28913096660001));
#1202=CARTESIAN_POINT('Origin',(2.91544611384667E-15,0.,-5.0645654833));
#1203=CARTESIAN_POINT('',(3.11250012850004,-9.00210908343634,-4.2891309666));
#1204=CARTESIAN_POINT('',(-3.11250012849998,-9.00210908343636,-4.2891309666));
#1205=CARTESIAN_POINT('Origin',(2.53523233858174E-15,0.,-4.2891309666));
#1206=CARTESIAN_POINT('',(-2.28213115879302,-6.44680402830036,-5.84));
#1207=CARTESIAN_POINT('Ctrl Pts',(-3.11250012850001,-9.00210908343635,-4.2891309666));
#1208=CARTESIAN_POINT('Ctrl Pts',(-2.83957576450116,-8.15739825684036,-4.80154258216401));
#1209=CARTESIAN_POINT('Ctrl Pts',(-2.55827192738461,-7.2908644587808,-5.32741317106452));
#1210=CARTESIAN_POINT('Ctrl Pts',(-2.28213115879252,-6.44680402830053,-5.84000000000001));
#1211=CARTESIAN_POINT('',(2.28213115879211,-6.44680402830067,-5.84));
#1212=CARTESIAN_POINT('Origin',(3.2956598891116E-15,0.,-5.84));
#1213=CARTESIAN_POINT('Ctrl Pts',(2.28213115879241,-6.44680402830058,-5.84));
#1214=CARTESIAN_POINT('Ctrl Pts',(2.55827192732029,-7.29086445858458,-5.32741317118371));
#1215=CARTESIAN_POINT('Ctrl Pts',(2.83957576430649,-8.15739825623821,-4.8015425825293));
#1216=CARTESIAN_POINT('Ctrl Pts',(3.11250012849992,-9.00210908343638,-4.2891309666));
#1217=CARTESIAN_POINT('Origin',(1.82759085832201,-9.08527696329288,-5.0645654833));
#1218=CARTESIAN_POINT('',(-5.0641654329847,-5.61013502468065,-5.84));
#1219=CARTESIAN_POINT('',(2.21439860789361,-7.79909041619302,-5.84));
#1220=CARTESIAN_POINT('',(-6.87755034755609,-7.86980785890483,-4.28913096660001));
#1221=CARTESIAN_POINT('',(1.44078310875041,-10.3714635103927,-4.2891309666));
#1222=CARTESIAN_POINT('',(-6.87755034755609,-7.86980785890483,-4.28913096660001));
#1223=CARTESIAN_POINT('Origin',(6.90737873802196,-6.45832215665406,-5.0645654833));
#1224=CARTESIAN_POINT('',(6.87755034755609,-7.86980785890483,-4.2891309666));
#1225=CARTESIAN_POINT('',(7.29418648759355,-7.74450870375391,-4.2891309666));
#1226=CARTESIAN_POINT('',(5.06416543298471,-5.61013502468066,-5.84));
#1227=CARTESIAN_POINT('',(6.52057098845036,-5.17213560955421,-5.84));
#1228=CARTESIAN_POINT('',(5.06416543298471,-5.61013502468066,-5.84));
#1229=CARTESIAN_POINT('Origin',(-5.42561488076399,-7.71380702375478,-5.06456548330001));
#1230=CARTESIAN_POINT('',(-4.25370522733124,-7.05766387377879,-5.84));
#1231=CARTESIAN_POINT('',(-6.59752453419674,-8.36995017373078,-4.28913096660001));
#1232=CARTESIAN_POINT('Origin',(7.69888304854779,-3.65361846465047,-5.0645654833));
#1233=CARTESIAN_POINT('',(10.3039834296863,-1.75,-4.28913096660001));
#1234=CARTESIAN_POINT('',(8.87079270198053,-4.30976161462646,-4.28913096660001));
#1235=CARTESIAN_POINT('',(7.61779946795225,-1.04919679493253,-5.84));
#1236=CARTESIAN_POINT('',(6.52697339511505,-2.99747531467448,-5.84));
#1237=CARTESIAN_POINT('',(7.61779946795225,-1.04919679493253,-5.84));
#1238=CARTESIAN_POINT('Origin',(8.96089144881926,0.874999999999999,-5.0645654833));
#1239=CARTESIAN_POINT('',(10.3039834296863,1.75,-4.28913096660001));
#1240=CARTESIAN_POINT('',(10.3039834296863,0.875000000000001,-4.28913096660001));
#1241=CARTESIAN_POINT('',(7.61779946795225,1.04919679493254,-5.84));
#1242=CARTESIAN_POINT('',(7.61779946795225,0.874999999999997,-5.84));
#1243=CARTESIAN_POINT('',(7.61779946795225,1.04919679493254,-5.84));
#1244=CARTESIAN_POINT('Origin',(7.69888304854779,3.65361846465047,-5.0645654833));
#1245=CARTESIAN_POINT('',(8.87079270198053,4.30976161462646,-4.28913096660001));
#1246=CARTESIAN_POINT('',(6.52697339511505,2.99747531467448,-5.84));
#1247=CARTESIAN_POINT('Origin',(-3.1125001285,9.00210908343636,0.));
#1248=CARTESIAN_POINT('',(-6.87755034755609,7.86980785890483,3.10950774983974));
#1249=CARTESIAN_POINT('',(-6.87755034755609,7.86980785890483,0.));
#1250=CARTESIAN_POINT('',(-3.11250012849998,9.00210908343636,3.31631165763239));
#1251=CARTESIAN_POINT('Ctrl Pts',(-3.11250012813555,9.00210908354596,3.31631161599192));
#1252=CARTESIAN_POINT('Ctrl Pts',(-4.36955850675518,8.62406133953062,3.30430503636484));
#1253=CARTESIAN_POINT('Ctrl Pts',(-5.62570592570271,8.2462875575323,3.22955371213741));
#1254=CARTESIAN_POINT('Ctrl Pts',(-6.87755034755609,7.86980785890483,3.10950774983974));
#1255=CARTESIAN_POINT('',(-3.11250012849998,9.00210908343636,3.96905592386501E-15));
#1256=CARTESIAN_POINT('',(-3.11250012849998,9.00210908343636,-1.05935160536904));
#1257=CARTESIAN_POINT('',(-6.2875,8.04725960382219,3.40019027379986E-15));
#1258=CARTESIAN_POINT('Origin',(-4.7,8.52468436295182,3.20577759443522E-15));
#1259=CARTESIAN_POINT('Origin',(-4.7,8.52468436295182,3.20577759443522E-15));
#1260=CARTESIAN_POINT('',(-3.11250012849998,9.00210908343636,-1.05935160536904));
#1261=CARTESIAN_POINT('Origin',(-6.87755034755609,7.86980785890483,0.));
#1262=CARTESIAN_POINT('',(-10.3039834296862,1.75000000000007,3.1130028421156));
#1263=CARTESIAN_POINT('',(-10.3039834296863,1.75,0.));
#1264=CARTESIAN_POINT('',(-6.87755887597029,7.86979262666331,3.11300414574416));
#1265=CARTESIAN_POINT('Ctrl Pts',(-6.87755887597029,7.86979262666331,3.11300414574416));
#1266=CARTESIAN_POINT('Ctrl Pts',(-8.01764347800139,5.83353552194592,3.2872737789372));
#1267=CARTESIAN_POINT('Ctrl Pts',(-9.16389885524526,3.7862570554399,3.28727323153696));
#1268=CARTESIAN_POINT('Ctrl Pts',(-10.3039834296863,1.75,3.11300284211559));
#1269=CARTESIAN_POINT('Ctrl Pts',(-6.87755034755609,7.86980785890483,3.10950774983974));
#1270=CARTESIAN_POINT('Ctrl Pts',(-6.87755034755609,7.86980785890483,3.11067394130543));
#1271=CARTESIAN_POINT('Ctrl Pts',(-6.87755314303399,7.8698026205135,3.11183938824664));
#1272=CARTESIAN_POINT('Ctrl Pts',(-6.87755872936766,7.86979216282563,3.11300407188985));
#1273=CARTESIAN_POINT('Origin',(-10.3039834296863,1.75,0.));
#1274=CARTESIAN_POINT('',(-10.3039834284442,-1.7500000022184,3.11300284249531));
#1275=CARTESIAN_POINT('',(-10.3039834296863,-1.75,0.));
#1276=CARTESIAN_POINT('',(-10.3039834296863,-1.74995130897484,3.11789039378605));
#1277=CARTESIAN_POINT('Ctrl Pts',(-10.3039834296863,-1.74995130897484,3.11789039378605));
#1278=CARTESIAN_POINT('Ctrl Pts',(-10.3039834296863,-1.74998376098284,3.11626274156997));
#1279=CARTESIAN_POINT('Ctrl Pts',(-10.3039834296863,-1.74999999999999,3.11463353912342));
#1280=CARTESIAN_POINT('Ctrl Pts',(-10.3039834296863,-1.74999999999999,3.11300284211559));
#1281=CARTESIAN_POINT('',(-10.3039834296863,1.74995130897485,3.11789039378605));
#1282=CARTESIAN_POINT('Ctrl Pts',(-10.3039834296863,1.74995130897485,3.11789039378605));
#1283=CARTESIAN_POINT('Ctrl Pts',(-10.3039834296863,0.583855502210636,3.16144376149075));
#1284=CARTESIAN_POINT('Ctrl Pts',(-10.3039834296863,-0.583855502210629,
3.16144376149075));
#1285=CARTESIAN_POINT('Ctrl Pts',(-10.3039834296863,-1.74995130897484,3.11789039378605));
#1286=CARTESIAN_POINT('Ctrl Pts',(-10.3039834296862,1.75000000000007,3.11300284211559));
#1287=CARTESIAN_POINT('Ctrl Pts',(-10.3039834296862,1.75000000000007,3.11463454333135));
#1288=CARTESIAN_POINT('Ctrl Pts',(-10.3039831495475,1.74998358377122,3.11626369618385));
#1289=CARTESIAN_POINT('Ctrl Pts',(-10.303982608121,1.74995086111849,3.1178902523803));
#1290=CARTESIAN_POINT('',(-10.3039834296863,-1.1,-1.34711147906209E-16));
#1291=CARTESIAN_POINT('Origin',(-10.3039834296863,0.,0.));
#1292=CARTESIAN_POINT('Origin',(-6.87755034755609,-7.86980785890483,0.));
#1293=CARTESIAN_POINT('',(-6.87755034755609,-7.86980785890483,3.10950774983974));
#1294=CARTESIAN_POINT('',(-6.87755034755609,-7.86980785890483,0.));
#1295=CARTESIAN_POINT('',(-6.87755887597029,-7.86979262666331,3.11300414574416));
#1296=CARTESIAN_POINT('Ctrl Pts',(-6.87755872936814,-7.86979216282548,3.11300407188988));
#1297=CARTESIAN_POINT('Ctrl Pts',(-6.87755314289181,-7.86980262063833,3.11183937736538));
#1298=CARTESIAN_POINT('Ctrl Pts',(-6.87755034755609,-7.86980785890483,3.11067393040813));
#1299=CARTESIAN_POINT('Ctrl Pts',(-6.87755034755609,-7.86980785890483,3.10950774983974));
#1300=CARTESIAN_POINT('Ctrl Pts',(-10.3039834284373,-1.7500000022307,3.1130028423065));
#1301=CARTESIAN_POINT('Ctrl Pts',(-9.1638788583571,-3.78629277103987,3.28727628808178));
#1302=CARTESIAN_POINT('Ctrl Pts',(-8.01766347384212,-5.8334998082167,3.28727683543654));
#1303=CARTESIAN_POINT('Ctrl Pts',(-6.87755887597029,-7.86979262666331,3.11300414574416));
#1304=CARTESIAN_POINT('Origin',(-3.1125001285,-9.00210908343636,0.));
#1305=CARTESIAN_POINT('',(-3.11250012849998,-9.00210908343636,3.96905592386501E-15));
#1306=CARTESIAN_POINT('',(-3.11250012849998,-9.00210908343636,-1.05935160536904));
#1307=CARTESIAN_POINT('',(-6.2875,-8.04725960382219,3.40019027379986E-15));
#1308=CARTESIAN_POINT('Origin',(-4.7,-8.52468436295182,3.20577759443522E-15));
#1309=CARTESIAN_POINT('Origin',(-4.7,-8.52468436295182,3.20577759443522E-15));
#1310=CARTESIAN_POINT('',(-3.11250012849998,-9.00210908343636,3.31631165763239));
#1311=CARTESIAN_POINT('',(-3.11250012849998,-9.00210908343636,-1.05935160536904));
#1312=CARTESIAN_POINT('Ctrl Pts',(-6.87755034755609,-7.86980785890483,3.10950774983974));
#1313=CARTESIAN_POINT('Ctrl Pts',(-5.62572343991139,-8.24628229030908,3.22955203260759));
#1314=CARTESIAN_POINT('Ctrl Pts',(-4.36962364173582,-8.62404175083616,3.30430444046111));
#1315=CARTESIAN_POINT('Ctrl Pts',(-3.11250012813646,-9.00210908354568,3.31631161609493));
#1316=CARTESIAN_POINT('Origin',(9.51595580403393E-16,0.,-1.05935160536903));
#1317=CARTESIAN_POINT('',(3.11250012850003,-9.00210908343635,3.31631165763239));
#1318=CARTESIAN_POINT('',(3.11250012850004,-9.00210908343634,-1.05935160536903));
#1319=CARTESIAN_POINT('',(3.11250032963692,-9.0021090138928,3.31640477266443));
#1320=CARTESIAN_POINT('',(3.11250012850004,-9.00210908343634,-1.05935160536903));
#1321=CARTESIAN_POINT('',(-3.11250012849998,-9.00210908343636,3.31640477266442));
#1322=CARTESIAN_POINT('Origin',(-1.19394065289709E-15,0.,3.31640477266442));
#1323=CARTESIAN_POINT('',(-3.11250012849998,-9.00210908343636,-1.05935160536904));
#1324=CARTESIAN_POINT('Origin',(9.525,0.,-5.84));
#1325=CARTESIAN_POINT('',(-5.1,-6.2456986756515E-16,-5.84));
#1326=CARTESIAN_POINT('Origin',(3.2956598891116E-15,0.,-5.84));
#1327=CARTESIAN_POINT('Ctrl Pts',(3.10261130018577,-9.00508304972045,3.31640477266443));
#1328=CARTESIAN_POINT('Ctrl Pts',(4.36297071514126,-8.62604255201847,3.3046967521037));
#1329=CARTESIAN_POINT('Ctrl Pts',(5.62242332804694,-8.24727476597018,3.229868497735));
#1330=CARTESIAN_POINT('Ctrl Pts',(6.87755034755609,-7.86980785890482,3.10950774983975));
#1331=CARTESIAN_POINT('Ctrl Pts',(3.10357783705938,-9.00479237341552,3.42986220408614));
#1332=CARTESIAN_POINT('Ctrl Pts',(4.36730388545339,-8.6247417675383,3.4182314956819));
#1333=CARTESIAN_POINT('Ctrl Pts',(5.62995398537091,-8.24498926712361,3.34390177684298));
#1334=CARTESIAN_POINT('Ctrl Pts',(6.88763709967151,-7.86677436901563,3.22420624919815));
#1335=CARTESIAN_POINT('Ctrl Pts',(3.08237977041974,-8.92731107402946,3.65631956295409));
#1336=CARTESIAN_POINT('Ctrl Pts',(4.35275835657414,-8.54509024224918,3.64483839839262));
#1337=CARTESIAN_POINT('Ctrl Pts',(5.62154798360093,-8.16243617917939,3.57151984139064));
#1338=CARTESIAN_POINT('Ctrl Pts',(6.88390511420614,-7.78137591155621,3.45310957767634));
#1339=CARTESIAN_POINT('Ctrl Pts',(3.02445477143455,-8.73082353498124,3.78191011459155));
#1340=CARTESIAN_POINT('Ctrl Pts',(4.29848225186586,-8.34715309455832,3.77033224489661));
#1341=CARTESIAN_POINT('Ctrl Pts',(5.57007551028147,-7.96131535594745,3.69632159623227));
#1342=CARTESIAN_POINT('Ctrl Pts',(6.83425419370905,-7.57675197448582,3.57707484907104));
#1343=CARTESIAN_POINT('Ctrl Pts',(2.99269154992716,-8.62447865754325,3.80547857303133));
#1344=CARTESIAN_POINT('Ctrl Pts',(4.26736061359074,-8.24047271596095,3.79377055247061));
#1345=CARTESIAN_POINT('Ctrl Pts',(5.53935004768376,-7.85358220742404,3.71894229810191));
#1346=CARTESIAN_POINT('Ctrl Pts',(6.80356195441742,-7.46783852886158,3.59858155020665));
#1347=CARTESIAN_POINT('',(6.60859246169362,-7.52731133251596,3.61673108310776));
#1348=CARTESIAN_POINT('',(2.99269154992717,-8.62447865754326,3.80547857303133));
#1349=CARTESIAN_POINT('Ctrl Pts',(6.60859579797307,-7.52731768285209,3.61677458854312));
#1350=CARTESIAN_POINT('Ctrl Pts',(5.4086067713585,-7.89333953813293,3.72646651317177));
#1351=CARTESIAN_POINT('Ctrl Pts',(4.20185480649982,-8.26020695118178,3.79437223282681));
#1352=CARTESIAN_POINT('Ctrl Pts',(2.99269154992716,-8.62447865754325,3.80547857303133));
#1353=CARTESIAN_POINT('Ctrl Pts',(2.99269154992716,-8.62447865754325,3.80547857303133));
#1354=CARTESIAN_POINT('Ctrl Pts',(2.99300799714202,-8.6254593744076,3.80525958444938));
#1355=CARTESIAN_POINT('Ctrl Pts',(2.99332420032613,-8.62643939131598,3.80503721601589));
#1356=CARTESIAN_POINT('Ctrl Pts',(2.99364015551641,-8.62741869597821,3.80481147783066));
#1357=CARTESIAN_POINT('Ctrl Pts',(3.00155836730691,-8.65196123226618,3.79915421118385));
#1358=CARTESIAN_POINT('Ctrl Pts',(3.00929975293079,-8.67599112677419,3.79140024901892));
#1359=CARTESIAN_POINT('Ctrl Pts',(3.01680305396654,-8.69931748439351,3.78171429197706));
#1360=CARTESIAN_POINT('Ctrl Pts',(3.02198632573542,-8.71543130554274,3.77502324393696));
#1361=CARTESIAN_POINT('Ctrl Pts',(3.02705595801982,-8.73120934853536,3.76740902806904));
#1362=CARTESIAN_POINT('Ctrl Pts',(3.0319901372761,-8.74658366838299,3.75891248020134));
#1363=CARTESIAN_POINT('Ctrl Pts',(3.03916701806565,-8.76894598135053,3.74655404975081));
#1364=CARTESIAN_POINT('Ctrl Pts',(3.04601960034509,-8.79033662265927,3.73239650145845));
#1365=CARTESIAN_POINT('Ctrl Pts',(3.05248430400924,-8.81055595882062,3.71658472945596));
#1366=CARTESIAN_POINT('Ctrl Pts',(3.05689778815185,-8.82435979642218,3.70578995700777));
#1367=CARTESIAN_POINT('Ctrl Pts',(3.06113038801726,-8.83761740293194,3.69422310379752));
#1368=CARTESIAN_POINT('Ctrl Pts',(3.06515936327419,-8.85025719852282,3.68191912911936));
#1369=CARTESIAN_POINT('Ctrl Pts',(3.07035177258446,-8.86654694668975,3.66606217577558));
#1370=CARTESIAN_POINT('Ctrl Pts',(3.07517644215876,-8.88171790469778,3.64907239453069));
#1371=CARTESIAN_POINT('Ctrl Pts',(3.07959123122185,-8.89563574314921,3.63104421211196));
#1372=CARTESIAN_POINT('Ctrl Pts',(3.08461365855172,-8.91146919095667,3.61053468497623));
#1373=CARTESIAN_POINT('Ctrl Pts',(3.08910605728296,-8.92568232213892,3.58868116086044));
#1374=CARTESIAN_POINT('Ctrl Pts',(3.0930461739737,-8.93820613474797,3.56572774176672));
#1375=CARTESIAN_POINT('Ctrl Pts',(3.09530400149137,-8.94538272644674,3.55257461323719));
#1376=CARTESIAN_POINT('Ctrl Pts',(3.09738024453097,-8.95200384014531,3.53905971153118));
#1377=CARTESIAN_POINT('Ctrl Pts',(3.09926867716788,-8.95804977279694,3.52522582549171));
#1378=CARTESIAN_POINT('Ctrl Pts',(3.10256020532772,-8.96858780162911,3.50111343484087));
#1379=CARTESIAN_POINT('Ctrl Pts',(3.10525656151271,-8.97729977085396,3.47621906996316));
#1380=CARTESIAN_POINT('Ctrl Pts',(3.1073407461835,-8.98412866528435,3.45079128751669));
#1381=CARTESIAN_POINT('Ctrl Pts',(3.10940556574232,-8.99089410933666,3.42559976621413));
#1382=CARTESIAN_POINT('Ctrl Pts',(3.11086963462433,-8.99581167240398,3.39988338686412));
#1383=CARTESIAN_POINT('Ctrl Pts',(3.11170273386591,-8.99878073549778,3.37386774117371));
#1384=CARTESIAN_POINT('Ctrl Pts',(3.11209275453797,-9.00017072113867,3.36168835232086));
#1385=CARTESIAN_POINT('Ctrl Pts',(3.11234428013426,-9.00113297224216,3.34944326261568));
#1386=CARTESIAN_POINT('Ctrl Pts',(3.11245306644846,-9.00165335213,3.33715561268402));
#1387=CARTESIAN_POINT('Ctrl Pts',(3.11251426553214,-9.00194609825839,3.33024304356206));
#1388=CARTESIAN_POINT('Ctrl Pts',(3.11253020488132,-9.00209863097476,3.32332469025864));
#1389=CARTESIAN_POINT('Ctrl Pts',(3.11250032166517,-9.00210901594637,3.31640473105353));
#1390=CARTESIAN_POINT('',(6.87755034755608,-7.86980785890483,3.10950774983975));
#1391=CARTESIAN_POINT('Ctrl Pts',(3.1125001281356,-9.00210908354595,3.31631161599193));
#1392=CARTESIAN_POINT('Ctrl Pts',(4.36955850675521,-8.62406133953061,3.30430503636484));
#1393=CARTESIAN_POINT('Ctrl Pts',(5.62570592570273,-8.2462875575323,3.22955371213741));
#1394=CARTESIAN_POINT('Ctrl Pts',(6.87755034755609,-7.86980785890482,3.10950774983975));
#1395=CARTESIAN_POINT('',(6.87755887597029,-7.86979262666331,3.11300414574416));
#1396=CARTESIAN_POINT('Ctrl Pts',(6.87755034755608,-7.86980785890483,3.10950774983975));
#1397=CARTESIAN_POINT('Ctrl Pts',(6.87755034755608,-7.86980785890483,3.11067394130544));
#1398=CARTESIAN_POINT('Ctrl Pts',(6.87755314303399,-7.8698026205135,3.11183938824664));
#1399=CARTESIAN_POINT('Ctrl Pts',(6.87755872936766,-7.86979216282563,3.11300407188985));
#1400=CARTESIAN_POINT('Ctrl Pts',(6.87755872936766,-7.86979216282563,3.11300407188985));
#1401=CARTESIAN_POINT('Ctrl Pts',(6.87767966659694,-7.86956579782745,3.13821391516188));
#1402=CARTESIAN_POINT('Ctrl Pts',(6.87650220003947,-7.86768256949423,3.16327988942765));
#1403=CARTESIAN_POINT('Ctrl Pts',(6.87410256650858,-7.86428742702327,3.18800858756566));
#1404=CARTESIAN_POINT('Ctrl Pts',(6.87158809485369,-7.86072980482902,3.2139207152843));
#1405=CARTESIAN_POINT('Ctrl Pts',(6.86773174216069,-7.85551199139965,3.23946362714039));
#1406=CARTESIAN_POINT('Ctrl Pts',(6.86260652862653,-7.8487467215264,3.26442401840488));
#1407=CARTESIAN_POINT('Ctrl Pts',(6.86071625765293,-7.84625156826406,3.27362985983614));
#1408=CARTESIAN_POINT('Ctrl Pts',(6.8586532441954,-7.8435454179834,3.28275646263576));
#1409=CARTESIAN_POINT('Ctrl Pts',(6.85642065467467,-7.84063224439301,3.29179293555935));
#1410=CARTESIAN_POINT('Ctrl Pts',(6.85039393751794,-7.83276833878262,3.31618625367689));
#1411=CARTESIAN_POINT('Ctrl Pts',(6.84318621491486,-7.82346614152299,3.33971338677016));
#1412=CARTESIAN_POINT('Ctrl Pts',(6.83490171978073,-7.81285269716877,3.36219163348341));
#1413=CARTESIAN_POINT('Ctrl Pts',(6.82633821935556,-7.80188181315371,3.38542690276288));
#1414=CARTESIAN_POINT('Ctrl Pts',(6.81662422319856,-7.78950958901368,3.40754269720095));
#1415=CARTESIAN_POINT('Ctrl Pts',(6.8058600567632,-7.77582431361777,3.42833428328));
#1416=CARTESIAN_POINT('Ctrl Pts',(6.80498952513666,-7.77471754282213,3.43001576352806));
#1417=CARTESIAN_POINT('Ctrl Pts',(6.80411211702804,-7.77360215819419,3.43168857510385));
#1418=CARTESIAN_POINT('Ctrl Pts',(6.80322788136693,-7.77247819307217,3.43335260494106));
#1419=CARTESIAN_POINT('Ctrl Pts',(6.79928854616887,-7.76747084541444,3.44076598080528));
#1420=CARTESIAN_POINT('Ctrl Pts',(6.79521372125456,-7.76229325751178,3.44800509981809));
#1421=CARTESIAN_POINT('Ctrl Pts',(6.79101029619717,-7.75695498946328,3.45506591359369));
#1422=CARTESIAN_POINT('Ctrl Pts',(6.77906383137137,-7.74178321154371,3.47513330203531));
#1423=CARTESIAN_POINT('Ctrl Pts',(6.76614646704886,-7.72540366647015,3.49364902283948));
#1424=CARTESIAN_POINT('Ctrl Pts',(6.75242575035944,-7.70805222394889,3.51054566336426));
#1425=CARTESIAN_POINT('Ctrl Pts',(6.73870503367002,-7.69070078142762,3.52744230388904));
#1426=CARTESIAN_POINT('Ctrl Pts',(6.72418066492098,-7.67237622662737,3.54272052881223));
#1427=CARTESIAN_POINT('Ctrl Pts',(6.70900451861973,-7.65326912957962,3.55628155386483));
#1428=CARTESIAN_POINT('Ctrl Pts',(6.69351657718432,-7.6337694757016,3.57012119125694));
#1429=CARTESIAN_POINT('Ctrl Pts',(6.67740215352962,-7.61352194149834,3.58212485832993));
#1430=CARTESIAN_POINT('Ctrl Pts',(6.6608153295252,-7.59271858709678,3.59218295630105));
#1431=CARTESIAN_POINT('Ctrl Pts',(6.6445141472814,-7.57227348734219,3.60206784372793));
#1432=CARTESIAN_POINT('Ctrl Pts',(6.62775639471566,-7.55129036500802,3.61007412993289));
#1433=CARTESIAN_POINT('Ctrl Pts',(6.61067865041411,-7.52993048476254,3.61605456429567));
#1434=CARTESIAN_POINT('Ctrl Pts',(6.60998318146757,-7.52906063139372,3.61629810971436));
#1435=CARTESIAN_POINT('Ctrl Pts',(6.6092872212811,-7.52819020409857,3.61653827422418));
#1436=CARTESIAN_POINT('Ctrl Pts',(6.60859077899709,-7.52731921374517,3.61677504733135));
#1437=CARTESIAN_POINT('Ctrl Pts',(9.90632180315417,1.7682180851167,3.60696419415296));
#1438=CARTESIAN_POINT('Ctrl Pts',(9.90842737271175,0.590334478843388,3.65051724397332));
#1439=CARTESIAN_POINT('Ctrl Pts',(9.90842737271175,-0.590334478843383,3.65051724397332));
#1440=CARTESIAN_POINT('Ctrl Pts',(9.90632180315418,-1.7682180851167,3.60696419415296));
#1441=CARTESIAN_POINT('Ctrl Pts',(10.0176361737161,1.76734932988053,3.58370418255358));
#1442=CARTESIAN_POINT('Ctrl Pts',(10.019289660387,0.589997090905669,3.62682352673722));
#1443=CARTESIAN_POINT('Ctrl Pts',(10.019289660387,-0.589997090905665,3.62682352673722));
#1444=CARTESIAN_POINT('Ctrl Pts',(10.0176361737161,-1.76734932988052,3.58370418255358));
#1445=CARTESIAN_POINT('Ctrl Pts',(10.223311218308,1.76266802632545,3.45836718260484));
#1446=CARTESIAN_POINT('Ctrl Pts',(10.2238440132205,0.588347958844022,3.50116376187557));
#1447=CARTESIAN_POINT('Ctrl Pts',(10.2238440132205,-0.588347958844013,3.50116376187557));
#1448=CARTESIAN_POINT('Ctrl Pts',(10.223311218308,-1.76266802632544,3.45836718260484));
#1449=CARTESIAN_POINT('Ctrl Pts',(10.3039834296863,1.75419583234732,3.23153306178623));
#1450=CARTESIAN_POINT('Ctrl Pts',(10.3039758329014,0.585355118490374,3.27482827869256));
#1451=CARTESIAN_POINT('Ctrl Pts',(10.3039758329014,-0.585355118490368,3.27482827869256));
#1452=CARTESIAN_POINT('Ctrl Pts',(10.3039834296863,-1.75419583234731,3.23153306178623));
#1453=CARTESIAN_POINT('Ctrl Pts',(10.3039834296863,1.74995130897485,3.11789039378606));
#1454=CARTESIAN_POINT('Ctrl Pts',(10.3039834296863,0.583864013231228,3.16144344360641));
#1455=CARTESIAN_POINT('Ctrl Pts',(10.3039834296863,-0.583864013231221,3.16144344360641));
#1456=CARTESIAN_POINT('Ctrl Pts',(10.3039834296863,-1.74995130897484,3.11789039378606));
#1457=CARTESIAN_POINT('',(10.3039834296863,-1.74995130897484,3.11789039378606));
#1458=CARTESIAN_POINT('',(10.3039834296863,1.74995130897484,3.11789039378606));
#1459=CARTESIAN_POINT('Ctrl Pts',(10.3039834296863,-1.74995130897484,3.11789039378606));
#1460=CARTESIAN_POINT('Ctrl Pts',(10.3039834296863,-0.583864013231221,3.16144344360641));
#1461=CARTESIAN_POINT('Ctrl Pts',(10.3039834296863,0.583864013231228,3.16144344360641));
#1462=CARTESIAN_POINT('Ctrl Pts',(10.3039834296863,1.74995130897485,3.11789039378606));
#1463=CARTESIAN_POINT('',(9.90654578712426,1.63649727598287,3.61163539815347));
#1464=CARTESIAN_POINT('Ctrl Pts',(10.3039834296863,1.74995130897484,3.11789039378606));
#1465=CARTESIAN_POINT('Ctrl Pts',(10.3039834296863,1.74943862490038,3.14360440723362));
#1466=CARTESIAN_POINT('Ctrl Pts',(10.3019315120724,1.74841305913039,3.16918505139606));
#1467=CARTESIAN_POINT('Ctrl Pts',(10.2979725876598,1.74689514693053,3.19442425111864));
#1468=CARTESIAN_POINT('Ctrl Pts',(10.2938776555184,1.74532508728628,3.22053053641044));
#1469=CARTESIAN_POINT('Ctrl Pts',(10.2877422421098,1.74322830770234,3.24627276855325));
#1470=CARTESIAN_POINT('Ctrl Pts',(10.2796717158278,1.74062808027759,3.27142217288803));
#1471=CARTESIAN_POINT('Ctrl Pts',(10.2762868912524,1.73953753012245,3.28196997595245));
#1472=CARTESIAN_POINT('Ctrl Pts',(10.2725610467073,1.73835842612665,3.29241340581781));
#1473=CARTESIAN_POINT('Ctrl Pts',(10.2684993484539,1.73709248795211,3.30273481713346));
#1474=CARTESIAN_POINT('Ctrl Pts',(10.2587374108002,1.73404991591395,3.32754142941106));
#1475=CARTESIAN_POINT('Ctrl Pts',(10.2471199224112,1.73053188467552,3.35143825951287));
#1476=CARTESIAN_POINT('Ctrl Pts',(10.233776930179,1.7265817888329,3.37420985518779));
#1477=CARTESIAN_POINT('Ctrl Pts',(10.2213548504265,1.72290432243461,3.39540979090243));
#1478=CARTESIAN_POINT('Ctrl Pts',(10.2074363377655,1.71885241168389,3.41563532894129));
#1479=CARTESIAN_POINT('Ctrl Pts',(10.1920874371907,1.71446131865929,3.43470107813089));
#1480=CARTESIAN_POINT('Ctrl Pts',(10.1837350589866,1.71207182701513,3.44507604584921));
#1481=CARTESIAN_POINT('Ctrl Pts',(10.1749584914832,1.70958189899984,3.45510729234091));
#1482=CARTESIAN_POINT('Ctrl Pts',(10.1657860931055,1.70699783728076,3.46477975360074));
#1483=CARTESIAN_POINT('Ctrl Pts',(10.1476138224045,1.70187831813936,3.48394274425163));
#1484=CARTESIAN_POINT('Ctrl Pts',(10.1280047369469,1.69642113339453,3.50157927149907));
#1485=CARTESIAN_POINT('Ctrl Pts',(10.107204524572,1.69068352564717,3.51759999419988));
#1486=CARTESIAN_POINT('Ctrl Pts',(10.0885026751296,1.68552473811576,3.5320045175051));
#1487=CARTESIAN_POINT('Ctrl Pts',(10.0688366037946,1.68013926285199,3.54510281530812));
#1488=CARTESIAN_POINT('Ctrl Pts',(10.0483589916799,1.6745682878263,3.55680511940662));
#1489=CARTESIAN_POINT('Ctrl Pts',(10.0252617615345,1.66828464051517,3.57000445190109));
#1490=CARTESIAN_POINT('Ctrl Pts',(10.0012417870752,1.66179458817477,3.58136604450528));
#1491=CARTESIAN_POINT('Ctrl Pts',(9.97651994818294,1.65515961790615,3.59077051385696));
#1492=CARTESIAN_POINT('Ctrl Pts',(9.95472877548953,1.64931119443047,3.59906012437604));
#1493=CARTESIAN_POINT('Ctrl Pts',(9.93239120376561,1.64335017665894,3.60582890500006));
#1494=CARTESIAN_POINT('Ctrl Pts',(9.90964511146067,1.63731793028162,3.61096427677772));
#1495=CARTESIAN_POINT('Ctrl Pts',(9.90861364044106,1.63704438495182,3.61119715137845));
#1496=CARTESIAN_POINT('Ctrl Pts',(9.90758142237964,1.63677071771082,3.61142664026656));
#1497=CARTESIAN_POINT('Ctrl Pts',(9.90654847028943,1.63649693245141,3.61165273317499));
#1498=CARTESIAN_POINT('',(9.90654578620881,-1.63649727646754,3.61163538590232));
#1499=CARTESIAN_POINT('Ctrl Pts',(9.90654846994012,1.6364971436337,3.61165272594971));
#1500=CARTESIAN_POINT('Ctrl Pts',(9.90835181711644,0.546234955612988,3.64895440004107));
#1501=CARTESIAN_POINT('Ctrl Pts',(9.90835181711644,-0.546234955612985,3.64895440004107));
#1502=CARTESIAN_POINT('Ctrl Pts',(9.90654846994012,-1.6364971436337,3.6116527259497));
#1503=CARTESIAN_POINT('Ctrl Pts',(10.3039834296863,-1.74995130897484,3.11789039378606));
#1504=CARTESIAN_POINT('Ctrl Pts',(10.3039834296863,-1.74943862490204,3.14360440715005));
#1505=CARTESIAN_POINT('Ctrl Pts',(10.3019315120861,-1.74841305914045,3.16918505113983));
#1506=CARTESIAN_POINT('Ctrl Pts',(10.2979725877399,-1.74689514696378,3.19442425060746));
#1507=CARTESIAN_POINT('Ctrl Pts',(10.2938776556131,-1.74532508732273,3.22053053598135));
#1508=CARTESIAN_POINT('Ctrl Pts',(10.2877422422216,-1.74322830774385,3.24627276810846));
#1509=CARTESIAN_POINT('Ctrl Pts',(10.2796717160031,-1.74062808033645,3.27142217234167));
#1510=CARTESIAN_POINT('Ctrl Pts',(10.2762868746059,-1.73953752476025,3.28197002786638));
#1511=CARTESIAN_POINT('Ctrl Pts',(10.2725610098534,-1.73835841446398,3.29241350913862));
#1512=CARTESIAN_POINT('Ctrl Pts',(10.2684992880835,-1.73709246913603,3.30273497054406));
#1513=CARTESIAN_POINT('Ctrl Pts',(10.25873734257,-1.73404989507157,3.32754157955491));
#1514=CARTESIAN_POINT('Ctrl Pts',(10.2471198466823,-1.73053186192578,3.35143840563508));
#1515=CARTESIAN_POINT('Ctrl Pts',(10.2337768473335,-1.72658176431407,3.37420999657434));
#1516=CARTESIAN_POINT('Ctrl Pts',(10.2213547883941,-1.7229043043917,3.39540988105298));
#1517=CARTESIAN_POINT('Ctrl Pts',(10.2074363034755,-1.7188524018909,3.41563537153425));
#1518=CARTESIAN_POINT('Ctrl Pts',(10.1920874371907,-1.71446131867238,3.43470107813042));
#1519=CARTESIAN_POINT('Ctrl Pts',(10.1837349652234,-1.71207180020191,3.44507616231743));
#1520=CARTESIAN_POINT('Ctrl Pts',(10.1749582944877,-1.70958184311745,3.45510751750318));
#1521=CARTESIAN_POINT('Ctrl Pts',(10.1657857843634,-1.70699775030148,3.46478007917467));
#1522=CARTESIAN_POINT('Ctrl Pts',(10.1476134945729,-1.70187822654402,3.48394305542949));
#1523=CARTESIAN_POINT('Ctrl Pts',(10.1280043914368,-1.69642103751724,3.50157956705541));
#1524=CARTESIAN_POINT('Ctrl Pts',(10.1072041627881,-1.69068342585544,3.51760027285234));
#1525=CARTESIAN_POINT('Ctrl Pts',(10.0885022425021,-1.68552461929887,3.53200482425419));
#1526=CARTESIAN_POINT('Ctrl Pts',(10.0688360956718,-1.68013912394462,3.54510314127842));
#1527=CARTESIAN_POINT('Ctrl Pts',(10.0483584047725,-1.674568128157,3.556805454805));
#1528=CARTESIAN_POINT('Ctrl Pts',(10.0252611590897,-1.66828447737637,3.57000475603044));
#1529=CARTESIAN_POINT('Ctrl Pts',(10.0012411717038,-1.66179442227567,3.58136631620957));
#1530=CARTESIAN_POINT('Ctrl Pts',(9.97651932237631,-1.65515944995167,3.59077075192037));
#1531=CARTESIAN_POINT('Ctrl Pts',(9.95472800599921,-1.6493109885704,3.59906038394615));
#1532=CARTESIAN_POINT('Ctrl Pts',(9.93239028579088,-1.64334993205206,3.60582916639347));
#1533=CARTESIAN_POINT('Ctrl Pts',(9.9096440426952,-1.63731764684583,3.610964518071));
#1534=CARTESIAN_POINT('Ctrl Pts',(9.90861292741415,-1.63704419591023,3.61119730990243));
#1535=CARTESIAN_POINT('Ctrl Pts',(9.90758106561237,-1.63677062314919,3.6114267183559));
#1536=CARTESIAN_POINT('Ctrl Pts',(9.90654847028943,-1.63649693245141,3.61165273317499));
#1537=CARTESIAN_POINT('Origin',(-1.19394065289709E-15,0.,3.31640477266442));
#1538=CARTESIAN_POINT('',(-2.99269154992241,-8.62447865754468,3.80547857303137));
#1539=CARTESIAN_POINT('Origin',(-8.74757708355751E-16,0.,3.80547857303133));
#1540=CARTESIAN_POINT('Ctrl Pts',(-2.99269154992241,-8.62447865754468,3.80547857303137));
#1541=CARTESIAN_POINT('Ctrl Pts',(-2.99300799713249,-8.6254593743942,3.80525958445273));
#1542=CARTESIAN_POINT('Ctrl Pts',(-2.9933242003118,-8.62643939129114,3.80503721602197));
#1543=CARTESIAN_POINT('Ctrl Pts',(-2.99364015549875,-8.6274186959381,3.80481147784024));
#1544=CARTESIAN_POINT('Ctrl Pts',(-3.00156482653632,-8.65198125257002,3.7991495963309));
#1545=CARTESIAN_POINT('Ctrl Pts',(-3.00931075133995,-8.67602528298635,3.79138878787459));
#1546=CARTESIAN_POINT('Ctrl Pts',(-3.01681680075015,-8.69936022788834,3.78169654110908));
#1547=CARTESIAN_POINT('Ctrl Pts',(-3.02298402401251,-8.71853300535898,3.77373306439182));
#1548=CARTESIAN_POINT('Ctrl Pts',(-3.02898937553866,-8.73722734026693,3.76446445103426));
#1549=CARTESIAN_POINT('Ctrl Pts',(-3.0347960063786,-8.75532842076709,3.75395915754562));
#1550=CARTESIAN_POINT('Ctrl Pts',(-3.04188848435712,-8.77743788809396,3.74112752337085));
#1551=CARTESIAN_POINT('Ctrl Pts',(-3.04864417241609,-8.79853660885133,3.72652543999302));
#1552=CARTESIAN_POINT('Ctrl Pts',(-3.05499988311849,-8.81842595086584,3.71029811621316));
#1553=CARTESIAN_POINT('Ctrl Pts',(-3.06018029726608,-8.83463736034982,3.69707154539787));
#1554=CARTESIAN_POINT('Ctrl Pts',(-3.06509497445932,-8.85004531080796,3.68276410624348));
#1555=CARTESIAN_POINT('Ctrl Pts',(-3.06970497419928,-8.86452704805176,3.66743431421355));
#1556=CARTESIAN_POINT('Ctrl Pts',(-3.07319424177171,-8.87548814545037,3.65583133173211));
#1557=CARTESIAN_POINT('Ctrl Pts',(-3.07649441928737,-8.88587292325474,3.64369028134975));
#1558=CARTESIAN_POINT('Ctrl Pts',(-3.07959122227511,-8.89563574584223,3.63104421223663));
#1559=CARTESIAN_POINT('Ctrl Pts',(-3.08461659590793,-8.91147848153035,3.61052265418745));
#1560=CARTESIAN_POINT('Ctrl Pts',(-3.08910715819133,-8.92568583715131,3.58867269899286));
#1561=CARTESIAN_POINT('Ctrl Pts',(-3.09304334940088,-8.9381971127375,3.56574426938685));
#1562=CARTESIAN_POINT('Ctrl Pts',(-3.09633501630701,-8.94865975278928,3.54657021281143));
#1563=CARTESIAN_POINT('Ctrl Pts',(-3.09923883032974,-8.95793575478833,3.52664083892527));
#1564=CARTESIAN_POINT('Ctrl Pts',(-3.10173604991141,-8.96596558138982,3.5060900811524));
#1565=CARTESIAN_POINT('Ctrl Pts',(-3.10472296842357,-8.97557003824314,3.4815093677537));
#1566=CARTESIAN_POINT('Ctrl Pts',(-3.10710546807833,-8.98331864701771,3.45623009806039));
#1567=CARTESIAN_POINT('Ctrl Pts',(-3.10886583216498,-8.98915142473116,3.43049950644829));
#1568=CARTESIAN_POINT('Ctrl Pts',(-3.11060202455711,-8.9949041121257,3.40512222356649));
#1569=CARTESIAN_POINT('Ctrl Pts',(-3.11173313538047,-8.99879354447274,3.37930462643458));
#1570=CARTESIAN_POINT('Ctrl Pts',(-3.11222843122659,-9.00071678868445,3.35326996633663));
#1571=CARTESIAN_POINT('Ctrl Pts',(-3.11246144465994,-9.00162158475823,3.34102188151441));
#1572=CARTESIAN_POINT('Ctrl Pts',(-3.11255352895139,-9.00209052547356,3.32872567281746));
#1573=CARTESIAN_POINT('Ctrl Pts',(-3.11250032207552,-9.00210901582316,3.31640473017975));
#1574=CARTESIAN_POINT('Ctrl Pts',(-2.99269154992241,-8.62447865754468,3.80547857303137));
#1575=CARTESIAN_POINT('Ctrl Pts',(-4.26742708763624,-8.24045269003489,3.79376994189699));
#1576=CARTESIAN_POINT('Ctrl Pts',(-5.53936790700736,-7.85357675808351,3.71894059778447));
#1577=CARTESIAN_POINT('Ctrl Pts',(-6.80356195441741,-7.46783852886158,3.59858155020664));
#1578=CARTESIAN_POINT('Ctrl Pts',(-3.0244547714298,-8.73082353498267,3.78191011459159));
#1579=CARTESIAN_POINT('Ctrl Pts',(-4.29854869245276,-8.34713308612866,3.77033164111036));
#1580=CARTESIAN_POINT('Ctrl Pts',(-5.57009336913572,-7.9613099232808,3.69631991165214));
#1581=CARTESIAN_POINT('Ctrl Pts',(-6.83425419370905,-7.57675197448582,3.57707484907103));
#1582=CARTESIAN_POINT('Ctrl Pts',(-3.082379770415,-8.92731107403088,3.65631956295414));
#1583=CARTESIAN_POINT('Ctrl Pts',(-4.35282460687105,-8.54507030941667,3.64483779964956));
#1584=CARTESIAN_POINT('Ctrl Pts',(-5.62156581672239,-8.16243079600067,3.57151816862739));
#1585=CARTESIAN_POINT('Ctrl Pts',(-6.88390511420613,-7.78137591155621,3.45310957767633));
#1586=CARTESIAN_POINT('Ctrl Pts',(-3.10357783705468,-9.00479237341693,3.42986220408618));
#1587=CARTESIAN_POINT('Ctrl Pts',(-4.36736978882018,-8.62472194788316,3.41823088914011));
#1588=CARTESIAN_POINT('Ctrl Pts',(-5.62997175246328,-8.24498392414099,3.34390008592301));
#1589=CARTESIAN_POINT('Ctrl Pts',(-6.88763709967151,-7.86677436901563,3.22420624919814));
#1590=CARTESIAN_POINT('Ctrl Pts',(-3.10261130018108,-9.00508304972186,3.31640477266447));
#1591=CARTESIAN_POINT('Ctrl Pts',(-4.36303644293797,-8.62602278504052,3.30469614153009));
#1592=CARTESIAN_POINT('Ctrl Pts',(-5.62244105902975,-8.2472694335543,3.22986679741756));
#1593=CARTESIAN_POINT('Ctrl Pts',(-6.87755034755609,-7.86980785890483,3.10950774983974));
#1594=CARTESIAN_POINT('',(-6.60859246187099,-7.52731133490265,3.61673111189903));
#1595=CARTESIAN_POINT('Ctrl Pts',(-2.99269154992241,-8.62447865754468,3.80547857303137));
#1596=CARTESIAN_POINT('Ctrl Pts',(-4.20191686536667,-8.26018825536946,3.79437166280724));
#1597=CARTESIAN_POINT('Ctrl Pts',(-5.40862732945926,-7.89333328816506,3.72646503580104));
#1598=CARTESIAN_POINT('Ctrl Pts',(-6.60859580104784,-7.52731768353395,3.61677461993958));
#1599=CARTESIAN_POINT('Ctrl Pts',(-6.60859097129257,-7.52731915671081,3.61677506143251));
#1600=CARTESIAN_POINT('Ctrl Pts',(-6.60928743176648,-7.52819017101038,3.61653828181759));
#1601=CARTESIAN_POINT('Ctrl Pts',(-6.60998341011843,-7.52906062222056,3.61629811061551));
#1602=CARTESIAN_POINT('Ctrl Pts',(-6.61067889720572,-7.52993049947205,3.61605455832092));
#1603=CARTESIAN_POINT('Ctrl Pts',(-6.62805586962343,-7.55166466719742,3.60996932455804));
#1604=CARTESIAN_POINT('Ctrl Pts',(-6.64510156338575,-7.57300880082239,3.60178676302119));
#1605=CARTESIAN_POINT('Ctrl Pts',(-6.66167201995024,-7.59379287652238,3.59166157012117));
#1606=CARTESIAN_POINT('Ctrl Pts',(-6.67795712334932,-7.61421903801716,3.58171073909423));
#1607=CARTESIAN_POINT('Ctrl Pts',(-6.69378346011024,-7.63410532264465,3.56988281959194));
#1608=CARTESIAN_POINT('Ctrl Pts',(-6.70900467401668,-7.65326918128049,3.55628150418875));
#1609=CARTESIAN_POINT('Ctrl Pts',(-6.72418082177058,-7.67237630059305,3.54272045882962));
#1610=CARTESIAN_POINT('Ctrl Pts',(-6.73870519188835,-7.69070087516401,3.52744221027704));
#1611=CARTESIAN_POINT('Ctrl Pts',(-6.75242590933084,-7.70805233432712,3.51054554308682));
#1612=CARTESIAN_POINT('Ctrl Pts',(-6.76614662677333,-7.72540379349023,3.4936488758966));
#1613=CARTESIAN_POINT('Ctrl Pts',(-6.77906399123399,-7.74178335208375,3.47513312538725));
#1614=CARTESIAN_POINT('Ctrl Pts',(-6.79101045485934,-7.75695513957762,3.45506570435952));
#1615=CARTESIAN_POINT('Ctrl Pts',(-6.79521383292904,-7.76229335185782,3.44800495733775));
#1616=CARTESIAN_POINT('Ctrl Pts',(-6.79928861352598,-7.76747088704037,3.44076590871126));
#1617=CARTESIAN_POINT('Ctrl Pts',(-6.80322790727323,-7.77247818531436,3.43335260674371));
#1618=CARTESIAN_POINT('Ctrl Pts',(-6.81442553066565,-7.78671166062318,3.41227995543787));
#1619=CARTESIAN_POINT('Ctrl Pts',(-6.82452956050741,-7.79957340334848,3.38980042563698));
#1620=CARTESIAN_POINT('Ctrl Pts',(-6.8334333053699,-7.81097213286178,3.36613493603591));
#1621=CARTESIAN_POINT('Ctrl Pts',(-6.84184387150849,-7.82173948636844,3.34378027869052));
#1622=CARTESIAN_POINT('Ctrl Pts',(-6.84918335827877,-7.83120149629411,3.32036617247344));
#1623=CARTESIAN_POINT('Ctrl Pts',(-6.85534832672164,-7.83923405282451,3.29607500395079));
#1624=CARTESIAN_POINT('Ctrl Pts',(-6.8557098281021,-7.8397050658234,3.29465061856499));
#1625=CARTESIAN_POINT('Ctrl Pts',(-6.85606728711794,-7.84017114931952,3.29322321934277));
#1626=CARTESIAN_POINT('Ctrl Pts',(-6.85642068145093,-7.84063227278412,3.29179284397311));
#1627=CARTESIAN_POINT('Ctrl Pts',(-6.86249232638297,-7.84855480488361,3.26721765825705));
#1628=CARTESIAN_POINT('Ctrl Pts',(-6.86731084127473,-7.85494970528791,3.24197643657223));
#1629=CARTESIAN_POINT('Ctrl Pts',(-6.87080793501181,-7.85972172527661,3.21628560259081));
#1630=CARTESIAN_POINT('Ctrl Pts',(-6.87414922749725,-7.86428114396177,3.19173933732584));
#1631=CARTESIAN_POINT('Ctrl Pts',(-6.87628416069933,-7.86735917033829,3.16678156325378));
#1632=CARTESIAN_POINT('Ctrl Pts',(-6.87714042812736,-7.86882755227768,3.14160322726956));
#1633=CARTESIAN_POINT('Ctrl Pts',(-6.87746368629238,-7.86938189597421,3.1320978993522));
#1634=CARTESIAN_POINT('Ctrl Pts',(-6.87760457722954,-7.86970634681462,3.12256123921797));
#1635=CARTESIAN_POINT('Ctrl Pts',(-6.87755872936814,-7.86979216282548,3.11300407188988));
#1636=CARTESIAN_POINT('Ctrl Pts',(-6.87755887597029,7.86979262666331,3.11300414574416));
#1637=CARTESIAN_POINT('Ctrl Pts',(-8.01764347800139,5.83353552194592,3.2872737789372));
#1638=CARTESIAN_POINT('Ctrl Pts',(-9.16389885524526,3.7862570554399,3.28727323153696));
#1639=CARTESIAN_POINT('Ctrl Pts',(-10.3039834296863,1.75,3.11300284211559));
#1640=CARTESIAN_POINT('Ctrl Pts',(-6.8733906757118,7.877237273644,3.22725994507419));
#1641=CARTESIAN_POINT('Ctrl Pts',(-8.01591974569185,5.83655392772685,3.4005375555428));
#1642=CARTESIAN_POINT('Ctrl Pts',(-9.16557121941414,3.78320983609008,3.4005370122668));
#1643=CARTESIAN_POINT('Ctrl Pts',(-10.308151648402,1.74255532005364,3.2272586488138));
#1644=CARTESIAN_POINT('Ctrl Pts',(-6.79356779842141,7.85206071610912,3.45529100480474));
#1645=CARTESIAN_POINT('Ctrl Pts',(-7.94281260744587,5.80361102056369,3.6266511652706));
#1646=CARTESIAN_POINT('Ctrl Pts',(-9.09927518762516,3.73810188101254,3.62665063025796));
#1647=CARTESIAN_POINT('Ctrl Pts',(-10.2449665344125,1.68766272306791,3.45528972306487));
#1648=CARTESIAN_POINT('Ctrl Pts',(-6.60723808492624,7.75839521763639,3.57983708966783));
#1649=CARTESIAN_POINT('Ctrl Pts',(-7.76282260765639,5.70733927202269,3.75244235087206));
#1650=CARTESIAN_POINT('Ctrl Pts',(-8.92312437448152,3.63497308455848,3.75244181031196));
#1651=CARTESIAN_POINT('Ctrl Pts',(-10.0677240190081,1.57776689720603,3.57983579827019));
#1652=CARTESIAN_POINT('Ctrl Pts',(-6.50836801646912,7.70494207731177,3.60207794611106));
#1653=CARTESIAN_POINT('Ctrl Pts',(-7.66583577990736,5.65400140838428,3.77634757930411));
#1654=CARTESIAN_POINT('Ctrl Pts',(-8.82695965176332,3.58016687817692,3.77634703190386));
#1655=CARTESIAN_POINT('Ctrl Pts',(-9.970476693353,1.52141541831962,3.60207664248249));
#1656=CARTESIAN_POINT('',(-9.90654847017754,1.63649714380172,3.61165273086071));
#1657=CARTESIAN_POINT('',(-6.60859246169363,7.52731133251595,3.61673108310775));
#1658=CARTESIAN_POINT('Ctrl Pts',(-9.90654578620881,1.63649727646755,3.61163538590231));
#1659=CARTESIAN_POINT('Ctrl Pts',(-8.81671776793504,3.59799912519304,3.77144441252069));
#1660=CARTESIAN_POINT('Ctrl Pts',(-7.71127494987946,5.57254351887473,3.77314307578559));
#1661=CARTESIAN_POINT('Ctrl Pts',(-6.60859246169363,7.52731133251595,3.61673108310775));
#1662=CARTESIAN_POINT('Ctrl Pts',(-6.60859332185405,7.52730980767637,3.61673120511873));
#1663=CARTESIAN_POINT('Ctrl Pts',(-6.60928978890183,7.5281808241086,3.61649462805207));
#1664=CARTESIAN_POINT('Ctrl Pts',(-6.60998576141737,7.52905128804884,3.61625466036487));
#1665=CARTESIAN_POINT('Ctrl Pts',(-6.61068123090904,7.52992118807817,3.61601131250342));
#1666=CARTESIAN_POINT('Ctrl Pts',(-6.62806391370412,7.5516636174074,3.60992903465343));
#1667=CARTESIAN_POINT('Ctrl Pts',(-6.6451068665173,7.57302271618738,3.6017485147616));
#1668=CARTESIAN_POINT('Ctrl Pts',(-6.66167718042218,7.59381888291748,3.59162388168209));
#1669=CARTESIAN_POINT('Ctrl Pts',(-6.67795140935347,7.61424345545135,3.581680159582));
#1670=CARTESIAN_POINT('Ctrl Pts',(-6.69377070720046,7.63412550884294,3.56986038301123));
#1671=CARTESIAN_POINT('Ctrl Pts',(-6.708990004131,7.653281435881,3.55626761910273));
#1672=CARTESIAN_POINT('Ctrl Pts',(-6.72416927419001,7.67238698267913,3.54271060427103));
#1673=CARTESIAN_POINT('Ctrl Pts',(-6.73870034457292,7.6907067268084,3.52743562460164));
#1674=CARTESIAN_POINT('Ctrl Pts',(-6.75243128079252,7.70804982781366,3.51054101613836));
#1675=CARTESIAN_POINT('Ctrl Pts',(-6.76616221701212,7.72539292881893,3.49364640767508));
#1676=CARTESIAN_POINT('Ctrl Pts',(-6.77909413296479,7.74175995065279,3.47513149970851));
#1677=CARTESIAN_POINT('Ctrl Pts',(-6.79103375787928,7.75693538620909,3.45506354403516));
#1678=CARTESIAN_POINT('Ctrl Pts',(-6.79498036207839,7.76195157709606,3.44843014652936));
#1679=CARTESIAN_POINT('Ctrl Pts',(-6.79881070653825,7.76682806397184,3.44163923584315));
#1680=CARTESIAN_POINT('Ctrl Pts',(-6.80251834738267,7.77155752102696,3.43469417502924));
#1681=CARTESIAN_POINT('Ctrl Pts',(-6.81385626863004,7.78602014399499,3.41345626233209));
#1682=CARTESIAN_POINT('Ctrl Pts',(-6.82405043671029,7.79910989168207,3.390778043147));
#1683=CARTESIAN_POINT('Ctrl Pts',(-6.83303532689313,7.8106958191334,3.36688674386144));
#1684=CARTESIAN_POINT('Ctrl Pts',(-6.84143050944486,7.82152132439899,3.3445635084274));
#1685=CARTESIAN_POINT('Ctrl Pts',(-6.84876995273401,7.83103384824324,3.32117994653034));
#1686=CARTESIAN_POINT('Ctrl Pts',(-6.85495682788232,7.83910320478184,3.29691766012541));
#1687=CARTESIAN_POINT('Ctrl Pts',(-6.85539141610779,7.83967002522911,3.29521339040253));
#1688=CARTESIAN_POINT('Ctrl Pts',(-6.85582029840361,7.8402297149483,3.2935047876379));
#1689=CARTESIAN_POINT('Ctrl Pts',(-6.8562434324324,7.84078222425984,3.29179191640096));
#1690=CARTESIAN_POINT('Ctrl Pts',(-6.8623117576393,7.84870596934795,3.26722698189819));
#1691=CARTESIAN_POINT('Ctrl Pts',(-6.86715040259364,7.85508468002286,3.24199637515334));
#1692=CARTESIAN_POINT('Ctrl Pts',(-6.87068298469977,7.85982797498869,3.21631586588898));
#1693=CARTESIAN_POINT('Ctrl Pts',(-6.87405720510708,7.86435863335436,3.19178658508918));
#1694=CARTESIAN_POINT('Ctrl Pts',(-6.87623993843111,7.86739719788019,3.16684577281891));
#1695=CARTESIAN_POINT('Ctrl Pts',(-6.87712329217753,7.8688427291278,3.14168392103432));
#1696=CARTESIAN_POINT('Ctrl Pts',(-6.87745792908914,7.86939033320409,3.13215197032278));
#1697=CARTESIAN_POINT('Ctrl Pts',(-6.87760564784526,7.86970908938674,3.1225884041926));
#1698=CARTESIAN_POINT('Ctrl Pts',(-6.87755887597029,7.86979262666331,3.11300414574416));
#1699=CARTESIAN_POINT('Ctrl Pts',(-10.303982608121,1.74995086111849,3.1178902523803));
#1700=CARTESIAN_POINT('Ctrl Pts',(-10.3039740728589,1.7494331102341,3.14362356168417));
#1701=CARTESIAN_POINT('Ctrl Pts',(-10.3019240546558,1.74836788524132,3.16922371644964));
#1702=CARTESIAN_POINT('Ctrl Pts',(-10.2979656630973,1.74681484767146,3.19448224326996));
#1703=CARTESIAN_POINT('Ctrl Pts',(-10.2938739169798,1.74520948969898,3.22059170655082));
#1704=CARTESIAN_POINT('Ctrl Pts',(-10.2877429126581,1.74308272439051,3.24633739222388));
#1705=CARTESIAN_POINT('Ctrl Pts',(-10.2796720045542,1.74047317005584,3.27149000973456));
#1706=CARTESIAN_POINT('Ctrl Pts',(-10.2762951756478,1.73938134514636,3.28201374322124));
#1707=CARTESIAN_POINT('Ctrl Pts',(-10.2725782095516,1.73820470053246,3.29243355730669));
#1708=CARTESIAN_POINT('Ctrl Pts',(-10.2685261173041,1.73694483127902,3.30273187075631));
#1709=CARTESIAN_POINT('Ctrl Pts',(-10.2587665961842,1.73391041847786,3.32753550341633));
#1710=CARTESIAN_POINT('Ctrl Pts',(-10.24714745982,1.73041928732282,3.35142941697252));
#1711=CARTESIAN_POINT('Ctrl Pts',(-10.2337994879644,1.72650406678996,3.37419729705685));
#1712=CARTESIAN_POINT('Ctrl Pts',(-10.2217713770126,1.72297598720755,3.39471386622223));
#1713=CARTESIAN_POINT('Ctrl Pts',(-10.2083385782946,1.71910299728189,3.41431679175317));
#1714=CARTESIAN_POINT('Ctrl Pts',(-10.1935664322729,1.71489225344652,3.43283728456055));
#1715=CARTESIAN_POINT('Ctrl Pts',(-10.184766774046,1.71238394445894,3.44386980526938));
#1716=CARTESIAN_POINT('Ctrl Pts',(-10.1754913115728,1.70975549247926,3.45451796436914));
#1717=CARTESIAN_POINT('Ctrl Pts',(-10.1657729622939,1.70701750245945,3.4647638739099));
#1718=CARTESIAN_POINT('Ctrl Pts',(-10.1475983048139,1.70189708237933,3.48392514205631));
#1719=CARTESIAN_POINT('Ctrl Pts',(-10.1279910017573,1.6964272088783,3.50156132400415));
#1720=CARTESIAN_POINT('Ctrl Pts',(-10.1071920841063,1.69068102827554,3.51758252507537));
#1721=CARTESIAN_POINT('Ctrl Pts',(-10.0884933380996,1.68551506851732,3.53198598464861));
#1722=CARTESIAN_POINT('Ctrl Pts',(-10.0688303470496,1.68012514341897,3.54508414588553));
#1723=CARTESIAN_POINT('Ctrl Pts',(-10.0483551747212,1.67455309634193,3.55678666409091));
#1724=CARTESIAN_POINT('Ctrl Pts',(-10.0252661153604,1.66826971451447,3.56998314093516));
#1725=CARTESIAN_POINT('Ctrl Pts',(-10.0012537966864,1.66178476275772,3.58134319349356));
#1726=CARTESIAN_POINT('Ctrl Pts',(-9.97653909609165,1.65515670317032,3.59074658066066));
#1727=CARTESIAN_POINT('Ctrl Pts',(-9.95474070180528,1.64931074700809,3.59904037893307));
#1728=CARTESIAN_POINT('Ctrl Pts',(-9.93239496593637,1.64335294626965,3.60581181216384));
#1729=CARTESIAN_POINT('Ctrl Pts',(-9.90964102571478,1.63731868351983,3.61094742512014));
#1730=CARTESIAN_POINT('Ctrl Pts',(-9.90860989799869,1.6370452321744,3.61118015285023));
#1731=CARTESIAN_POINT('Ctrl Pts',(-9.9075780248606,1.63677164877494,3.61140949448316));
#1732=CARTESIAN_POINT('Ctrl Pts',(-9.90654541940454,1.63649793665176,3.61163543968936));
#1733=CARTESIAN_POINT('Ctrl Pts',(-3.10261130018603,9.00508304972037,3.31640477266442));
#1734=CARTESIAN_POINT('Ctrl Pts',(-4.36297071514144,8.62604255201842,3.30469675210369));
#1735=CARTESIAN_POINT('Ctrl Pts',(-5.62242332804702,8.24727476597015,3.22986849773499));
#1736=CARTESIAN_POINT('Ctrl Pts',(-6.87755034755609,7.86980785890483,3.10950774983974));
#1737=CARTESIAN_POINT('Ctrl Pts',(-3.10357783705965,9.00479237341544,3.42986220408614));
#1738=CARTESIAN_POINT('Ctrl Pts',(-4.36730388545358,8.62474176753825,3.41823149568188));
#1739=CARTESIAN_POINT('Ctrl Pts',(-5.629953985371,8.24498926712359,3.34390177684297));
#1740=CARTESIAN_POINT('Ctrl Pts',(-6.88763709967151,7.86677436901563,3.22420624919814));
#1741=CARTESIAN_POINT('Ctrl Pts',(-3.08237977042,8.92731107402938,3.65631956295409));
#1742=CARTESIAN_POINT('Ctrl Pts',(-4.35275835657432,8.54509024224913,3.64483839839261));
#1743=CARTESIAN_POINT('Ctrl Pts',(-5.62154798360101,8.16243617917936,3.57151984139063));
#1744=CARTESIAN_POINT('Ctrl Pts',(-6.88390511420613,7.78137591155621,3.45310957767633));
#1745=CARTESIAN_POINT('Ctrl Pts',(-3.02445477143481,8.73082353498116,3.78191011459154));
#1746=CARTESIAN_POINT('Ctrl Pts',(-4.29848225186604,8.34715309455827,3.7703322448966));
#1747=CARTESIAN_POINT('Ctrl Pts',(-5.57007551028155,7.96131535594743,3.69632159623226));
#1748=CARTESIAN_POINT('Ctrl Pts',(-6.83425419370905,7.57675197448582,3.57707484907103));
#1749=CARTESIAN_POINT('Ctrl Pts',(-2.99269154992743,8.62447865754317,3.80547857303133));
#1750=CARTESIAN_POINT('Ctrl Pts',(-4.26736061359092,8.24047271596089,3.79377055247059));
#1751=CARTESIAN_POINT('Ctrl Pts',(-5.53935004768385,7.85358220742402,3.71894229810189));
#1752=CARTESIAN_POINT('Ctrl Pts',(-6.80356195441741,7.46783852886158,3.59858155020664));
#1753=CARTESIAN_POINT('',(-2.99269154992743,8.62447865754317,3.80547857303133));
#1754=CARTESIAN_POINT('Ctrl Pts',(-6.60859579797307,7.52731768285209,3.61677458854312));
#1755=CARTESIAN_POINT('Ctrl Pts',(-5.40860677135859,7.8933395381329,3.72646651317175));
#1756=CARTESIAN_POINT('Ctrl Pts',(-4.2018548065,8.26020695118173,3.7943722328268));
#1757=CARTESIAN_POINT('Ctrl Pts',(-2.99269154992743,8.62447865754317,3.80547857303133));
#1758=CARTESIAN_POINT('',(-3.11250032963694,9.00210901389279,3.31640477266442));
#1759=CARTESIAN_POINT('Ctrl Pts',(-2.99269154992743,8.62447865754317,3.80547857303133));
#1760=CARTESIAN_POINT('Ctrl Pts',(-2.99300799714224,8.62545937440738,3.8052595844494));
#1761=CARTESIAN_POINT('Ctrl Pts',(-2.99332420032475,8.62643939131658,3.80503721601586));
#1762=CARTESIAN_POINT('Ctrl Pts',(-2.99364015551533,8.62741869597855,3.80481147783066));
#1763=CARTESIAN_POINT('Ctrl Pts',(-3.00155836734325,8.65196123235299,3.79915421116324));
#1764=CARTESIAN_POINT('Ctrl Pts',(-3.00929975299377,8.6759911269481,3.79140024896221));
#1765=CARTESIAN_POINT('Ctrl Pts',(-3.01680305405303,8.69931748464919,3.78171429187037));
#1766=CARTESIAN_POINT('Ctrl Pts',(-3.02198632579146,8.71543130570975,3.77502324385601));
#1767=CARTESIAN_POINT('Ctrl Pts',(-3.02705595804596,8.7312093486172,3.76740902802383));
#1768=CARTESIAN_POINT('Ctrl Pts',(-3.03199013727601,8.74658366838303,3.75891248020133));
#1769=CARTESIAN_POINT('Ctrl Pts',(-3.03916701806576,8.76894598135111,3.74655404975049));
#1770=CARTESIAN_POINT('Ctrl Pts',(-3.04601960034538,8.79033662266036,3.73239650145773));
#1771=CARTESIAN_POINT('Ctrl Pts',(-3.05248430400968,8.81055595882215,3.71658472945477));
#1772=CARTESIAN_POINT('Ctrl Pts',(-3.05689778815212,8.82435979642317,3.70578995700691));
#1773=CARTESIAN_POINT('Ctrl Pts',(-3.06113038801737,8.83761740293242,3.69422310379706));
#1774=CARTESIAN_POINT('Ctrl Pts',(-3.06515936327415,8.85025719852284,3.68191912911935));
#1775=CARTESIAN_POINT('Ctrl Pts',(-3.07035177258443,8.86654694668976,3.66606217577557));
#1776=CARTESIAN_POINT('Ctrl Pts',(-3.07517644215873,8.88171790469779,3.64907239453068));
#1777=CARTESIAN_POINT('Ctrl Pts',(-3.07959123122182,8.89563574314922,3.63104421211195));
#1778=CARTESIAN_POINT('Ctrl Pts',(-3.08461365855173,8.91146919095673,3.61053468497615));
#1779=CARTESIAN_POINT('Ctrl Pts',(-3.08910605728299,8.92568232213903,3.58868116086028));
#1780=CARTESIAN_POINT('Ctrl Pts',(-3.09304617397374,8.93820613474811,3.56572774176646));
#1781=CARTESIAN_POINT('Ctrl Pts',(-3.0953040014914,8.94538272644683,3.55257461323701));
#1782=CARTESIAN_POINT('Ctrl Pts',(-3.09738024453099,8.95200384014535,3.53905971153108));
#1783=CARTESIAN_POINT('Ctrl Pts',(-3.09926867716788,8.95804977279694,3.5252258254917));
#1784=CARTESIAN_POINT('Ctrl Pts',(-3.10256020532773,8.96858780162913,3.50111343484084));
#1785=CARTESIAN_POINT('Ctrl Pts',(-3.10525656151272,8.97729977085399,3.47621906996309));
#1786=CARTESIAN_POINT('Ctrl Pts',(-3.10734074618351,8.98412866528437,3.4507912875166));
#1787=CARTESIAN_POINT('Ctrl Pts',(-3.10940556574232,8.99089410933669,3.42559976621401));
#1788=CARTESIAN_POINT('Ctrl Pts',(-3.11086963462433,8.99581167240401,3.39988338686398));
#1789=CARTESIAN_POINT('Ctrl Pts',(-3.11170273386591,8.9987807354978,3.37386774117355));
#1790=CARTESIAN_POINT('Ctrl Pts',(-3.11209275453797,9.00017072113867,3.36168835232075));
#1791=CARTESIAN_POINT('Ctrl Pts',(-3.11234428013426,9.00113297224216,3.34944326261562));
#1792=CARTESIAN_POINT('Ctrl Pts',(-3.11245306644845,9.00165335213001,3.33715561268402));
#1793=CARTESIAN_POINT('Ctrl Pts',(-3.11251426553214,9.00194609825839,3.33024304356209));
#1794=CARTESIAN_POINT('Ctrl Pts',(-3.11253020488134,9.00209863097476,3.32332469025865));
#1795=CARTESIAN_POINT('Ctrl Pts',(-3.11250032166519,9.00210901594636,3.31640473105353));
#1796=CARTESIAN_POINT('',(-3.11250012849998,9.00210908343636,-1.05935160536904));
#1797=CARTESIAN_POINT('Ctrl Pts',(-10.3039834296863,1.74995130897485,3.11789039378605));
#1798=CARTESIAN_POINT('Ctrl Pts',(-10.3039834296863,0.583855502210636,3.16144376149075));
#1799=CARTESIAN_POINT('Ctrl Pts',(-10.3039834296863,-0.583855502210629,
3.16144376149075));
#1800=CARTESIAN_POINT('Ctrl Pts',(-10.3039834296863,-1.74995130897484,3.11789039378605));
#1801=CARTESIAN_POINT('Ctrl Pts',(-10.3039834296863,1.75419583234732,3.23153306178623));
#1802=CARTESIAN_POINT('Ctrl Pts',(-10.3039758328459,0.585346587373172,3.27482859469503));
#1803=CARTESIAN_POINT('Ctrl Pts',(-10.3039758328459,-0.585346587373162,
3.27482859469503));
#1804=CARTESIAN_POINT('Ctrl Pts',(-10.3039834296863,-1.75419583234732,3.23153306178623));
#1805=CARTESIAN_POINT('Ctrl Pts',(-10.223311218308,1.76266802632545,3.45836718260484));
#1806=CARTESIAN_POINT('Ctrl Pts',(-10.2238440171092,0.588339387734198,3.5011640742386));
#1807=CARTESIAN_POINT('Ctrl Pts',(-10.2238440171092,-0.588339387734198,
3.5011640742386));
#1808=CARTESIAN_POINT('Ctrl Pts',(-10.223311218308,-1.76266802632544,3.45836718260484));
#1809=CARTESIAN_POINT('Ctrl Pts',(-10.0176361737161,1.76734932988053,3.58370418255357));
#1810=CARTESIAN_POINT('Ctrl Pts',(-10.0192896724554,0.589988497664671,3.62682384145604));
#1811=CARTESIAN_POINT('Ctrl Pts',(-10.0192896724554,-0.589988497664663,
3.62682384145604));
#1812=CARTESIAN_POINT('Ctrl Pts',(-10.0176361737161,-1.76734932988053,3.58370418255357));
#1813=CARTESIAN_POINT('Ctrl Pts',(-9.90632180315417,1.7682180851167,3.60696419415295));
#1814=CARTESIAN_POINT('Ctrl Pts',(-9.90842738807985,0.590325881724057,3.65051756185766));
#1815=CARTESIAN_POINT('Ctrl Pts',(-9.90842738807985,-0.590325881724052,
3.65051756185766));
#1816=CARTESIAN_POINT('Ctrl Pts',(-9.90632180315418,-1.7682180851167,3.60696419415295));
#1817=CARTESIAN_POINT('',(-9.90654578712426,-1.63649727598286,3.61163539815346));
#1818=CARTESIAN_POINT('',(-9.90790103774299,-4.43702289761599E-15,3.63962954518658));
#1819=CARTESIAN_POINT('Ctrl Pts',(-9.90654847017755,-1.63649714380171,3.61165273086071));
#1820=CARTESIAN_POINT('Ctrl Pts',(-9.90745015129147,-1.091362643187,3.63030372357456));
#1821=CARTESIAN_POINT('Ctrl Pts',(-9.90790099184843,-0.545681321593504,
3.63962921993148));
#1822=CARTESIAN_POINT('Ctrl Pts',(-9.90790099184843,-4.44089209850063E-15,
3.63962921993148));
#1823=CARTESIAN_POINT('Ctrl Pts',(-9.90790099184843,-4.44089209850063E-15,
3.63962921993148));
#1824=CARTESIAN_POINT('Ctrl Pts',(-9.90790099184843,0.545681321593501,3.63962921993148));
#1825=CARTESIAN_POINT('Ctrl Pts',(-9.90745015129147,1.09136264318701,3.63030372357456));
#1826=CARTESIAN_POINT('Ctrl Pts',(-9.90654847017754,1.63649714380172,3.61165273086071));
#1827=CARTESIAN_POINT('Ctrl Pts',(-10.3039834296863,-1.74995130897484,3.11789039378605));
#1828=CARTESIAN_POINT('Ctrl Pts',(-10.3039834296863,-1.74943862490201,3.14360440715171));
#1829=CARTESIAN_POINT('Ctrl Pts',(-10.3019315120855,-1.74841305918143,3.16918505123326));
#1830=CARTESIAN_POINT('Ctrl Pts',(-10.2979725876976,-1.74689514721533,3.19442425087821));
#1831=CARTESIAN_POINT('Ctrl Pts',(-10.2938776555679,-1.7453250878075,3.22053053617912));
#1832=CARTESIAN_POINT('Ctrl Pts',(-10.2877422421694,-1.7432283086542,3.24627276833203));
#1833=CARTESIAN_POINT('Ctrl Pts',(-10.2796717158965,-1.74062808204984,3.27142217267862));
#1834=CARTESIAN_POINT('Ctrl Pts',(-10.2762868913029,-1.73953753223165,3.28196997581688));
#1835=CARTESIAN_POINT('Ctrl Pts',(-10.2725610467348,-1.73835842864067,3.29241340575502));
#1836=CARTESIAN_POINT('Ctrl Pts',(-10.2684993484539,-1.73709249095504,3.30273481714213));
#1837=CARTESIAN_POINT('Ctrl Pts',(-10.2587374107955,-1.73404992011104,3.32754142943586));
#1838=CARTESIAN_POINT('Ctrl Pts',(-10.2471199223998,-1.73053189055669,3.35143825955446));
#1839=CARTESIAN_POINT('Ctrl Pts',(-10.2337769301593,-1.72658179708343,3.37420985524834));
#1840=CARTESIAN_POINT('Ctrl Pts',(-10.2213548504121,-1.72290433289475,3.39540979095875));
#1841=CARTESIAN_POINT('Ctrl Pts',(-10.2074363377579,-1.71885242494914,3.41563532899728));
#1842=CARTESIAN_POINT('Ctrl Pts',(-10.1920874371916,-1.71446133547738,3.43470107819222));
#1843=CARTESIAN_POINT('Ctrl Pts',(-10.1837350589878,-1.71207184576528,3.44507604591899));
#1844=CARTESIAN_POINT('Ctrl Pts',(-10.1749584914846,-1.7095819199032,3.45510729242046));
#1845=CARTESIAN_POINT('Ctrl Pts',(-10.1657860931073,-1.70699786058123,3.46477975369159));
#1846=CARTESIAN_POINT('Ctrl Pts',(-10.14761382248,-1.70187834620955,3.48394274428786));
#1847=CARTESIAN_POINT('Ctrl Pts',(-10.1280047371079,-1.69642116716524,3.50157927149895));
#1848=CARTESIAN_POINT('Ctrl Pts',(-10.1072045248275,-1.69068356613031,3.51759999418545));
#1849=CARTESIAN_POINT('Ctrl Pts',(-10.0885026753115,-1.68552478459036,3.5320045176001));
#1850=CARTESIAN_POINT('Ctrl Pts',(-10.0688366038939,-1.68013931613205,3.54510281550823));
#1851=CARTESIAN_POINT('Ctrl Pts',(-10.04835899169,-1.67456834875301,3.55680511970793));
#1852=CARTESIAN_POINT('Ctrl Pts',(-10.0252617617778,-1.66828471015756,3.57000445212578));
#1853=CARTESIAN_POINT('Ctrl Pts',(-10.0012417875709,-1.66179466756719,3.58136604470071));
#1854=CARTESIAN_POINT('Ctrl Pts',(-9.97651994894408,-1.65515970801506,3.59077051407646));
#1855=CARTESIAN_POINT('Ctrl Pts',(-9.95472877602029,-1.64931129386088,3.59906012479341));
#1856=CARTESIAN_POINT('Ctrl Pts',(-9.93239120405284,-1.64335028615612,3.60582890559204));
#1857=CARTESIAN_POINT('Ctrl Pts',(-9.90964511149612,-1.63731805050606,3.61096427751845));
#1858=CARTESIAN_POINT('Ctrl Pts',(-9.90861364047684,-1.63704450566582,3.61119715212327));
#1859=CARTESIAN_POINT('Ctrl Pts',(-9.90758142241573,-1.63677083891572,3.6114266410155));
#1860=CARTESIAN_POINT('Ctrl Pts',(-9.90654847032584,-1.63649705414849,3.61165273392807));
#1861=CARTESIAN_POINT('Origin',(-1.19394065289709E-15,0.,3.31640477266442));
#1862=CARTESIAN_POINT('',(3.11250012850004,9.00210908343634,3.31640477266443));
#1863=CARTESIAN_POINT('Origin',(-1.19394065289709E-15,0.,3.31640477266442));
#1864=CARTESIAN_POINT('',(2.99269154992668,8.6244786575434,3.80547857303134));
#1865=CARTESIAN_POINT('Origin',(-1.88827540539168E-15,0.,3.80547857303133));
#1866=CARTESIAN_POINT('Ctrl Pts',(2.99269154992668,8.6244786575434,3.80547857303134));
#1867=CARTESIAN_POINT('Ctrl Pts',(2.99300799713671,8.62545937439279,3.80525958445272));
#1868=CARTESIAN_POINT('Ctrl Pts',(2.99332420031351,8.62643939129076,3.80503721602193));
#1869=CARTESIAN_POINT('Ctrl Pts',(2.99364015549999,8.62741869593773,3.80481147784023));
#1870=CARTESIAN_POINT('Ctrl Pts',(3.00156482649047,8.65198125246088,3.79914959635682));
#1871=CARTESIAN_POINT('Ctrl Pts',(3.00931075125969,8.67602528276781,3.79138878794596));
#1872=CARTESIAN_POINT('Ctrl Pts',(3.01681680064001,8.69936022756682,3.78169654124345));
#1873=CARTESIAN_POINT('Ctrl Pts',(3.02298402394123,8.71853300514998,3.77373306449607));
#1874=CARTESIAN_POINT('Ctrl Pts',(3.02898937550598,8.73722734016497,3.76446445109343));
#1875=CARTESIAN_POINT('Ctrl Pts',(3.03479600637862,8.75532842076707,3.75395915754563));
#1876=CARTESIAN_POINT('Ctrl Pts',(3.04188848435706,8.77743788809372,3.74112752337099));
#1877=CARTESIAN_POINT('Ctrl Pts',(3.04864417241596,8.7985366088509,3.72652543999332));
#1878=CARTESIAN_POINT('Ctrl Pts',(3.05499988311829,8.81842595086524,3.71029811621366));
#1879=CARTESIAN_POINT('Ctrl Pts',(3.06018029726595,8.83463736034943,3.69707154539824));
#1880=CARTESIAN_POINT('Ctrl Pts',(3.06509497445925,8.85004531080776,3.68276410624369));
#1881=CARTESIAN_POINT('Ctrl Pts',(3.06970497419926,8.86452704805174,3.66743431421357));
#1882=CARTESIAN_POINT('Ctrl Pts',(3.0731942417717,8.87548814545036,3.65583133173213));
#1883=CARTESIAN_POINT('Ctrl Pts',(3.07649441928736,8.88587292325474,3.64369028134976));
#1884=CARTESIAN_POINT('Ctrl Pts',(3.07959122227511,8.89563574584223,3.63104421223663));
#1885=CARTESIAN_POINT('Ctrl Pts',(3.08461659590794,8.91147848153037,3.61052265418743));
#1886=CARTESIAN_POINT('Ctrl Pts',(3.08910715819135,8.92568583715134,3.58867269899281));
#1887=CARTESIAN_POINT('Ctrl Pts',(3.09304334940091,8.93819711273754,3.56574426938677));
#1888=CARTESIAN_POINT('Ctrl Pts',(3.09633501630704,8.94865975278931,3.54657021281137));
#1889=CARTESIAN_POINT('Ctrl Pts',(3.09923883032977,8.95793575478833,3.52664083892525));
#1890=CARTESIAN_POINT('Ctrl Pts',(3.10173604991143,8.96596558138982,3.5060900811524));
#1891=CARTESIAN_POINT('Ctrl Pts',(3.10472296842358,8.97557003824311,3.48150936775377));
#1892=CARTESIAN_POINT('Ctrl Pts',(3.10710546807832,8.98331864701766,3.45623009806054));
#1893=CARTESIAN_POINT('Ctrl Pts',(3.10886583216496,8.98915142473111,3.43049950644851));
#1894=CARTESIAN_POINT('Ctrl Pts',(3.11060202455708,8.99490411212565,3.40512222356679));
#1895=CARTESIAN_POINT('Ctrl Pts',(3.11173313538042,8.9987935444727,3.37930462643497));
#1896=CARTESIAN_POINT('Ctrl Pts',(3.11222843122654,9.00071678868443,3.3532699663371));
#1897=CARTESIAN_POINT('Ctrl Pts',(3.11246144465989,9.00162158475823,3.34102188151473));
#1898=CARTESIAN_POINT('Ctrl Pts',(3.11255352895134,9.00209052547358,3.32872567281762));
#1899=CARTESIAN_POINT('Ctrl Pts',(3.11250032207547,9.00210901582317,3.31640473017975));
#1900=CARTESIAN_POINT('Ctrl Pts',(-6.50836801646912,-7.70494207731177,3.60207794611106));
#1901=CARTESIAN_POINT('Ctrl Pts',(-7.66585608105245,-5.65396543637243,3.77635063586708));
#1902=CARTESIAN_POINT('Ctrl Pts',(-8.82693959550989,-3.58020298681327,3.77635008844869));
#1903=CARTESIAN_POINT('Ctrl Pts',(-9.970476693353,-1.52141541831961,3.60207664248249));
#1904=CARTESIAN_POINT('Ctrl Pts',(-6.60723808492624,-7.75839521763639,3.57983708966783));
#1905=CARTESIAN_POINT('Ctrl Pts',(-7.76284287577081,-5.70730329798896,3.75244537824316));
#1906=CARTESIAN_POINT('Ctrl Pts',(-8.92310429924022,-3.63500916609214,3.75244483766511));
#1907=CARTESIAN_POINT('Ctrl Pts',(-10.0677240190081,-1.57776689720602,3.57983579827019));
#1908=CARTESIAN_POINT('Ctrl Pts',(-6.79356779842141,-7.85206071610912,3.45529100480474));
#1909=CARTESIAN_POINT('Ctrl Pts',(-7.94283276436631,-5.80357509224171,3.62665417080353));
#1910=CARTESIAN_POINT('Ctrl Pts',(-9.0992550932364,-3.73813784385866,3.6266536357731));
#1911=CARTESIAN_POINT('Ctrl Pts',(-10.2449665344125,-1.6876627230679,3.45528972306487));
#1912=CARTESIAN_POINT('Ctrl Pts',(-6.8733906757118,-7.877237273644,3.22725994507419));
#1913=CARTESIAN_POINT('Ctrl Pts',(-8.0159397848231,-5.836518135621,3.40054059470642));
#1914=CARTESIAN_POINT('Ctrl Pts',(-9.16555117958806,-3.78324562732241,3.40054005141238));
#1915=CARTESIAN_POINT('Ctrl Pts',(-10.308151648402,-1.74255532005364,3.2272586488138));
#1916=CARTESIAN_POINT('Ctrl Pts',(-6.87755887597029,-7.86979262666331,3.11300414574416));
#1917=CARTESIAN_POINT('Ctrl Pts',(-8.01766347425844,-5.83349980747314,3.28727683550018));
#1918=CARTESIAN_POINT('Ctrl Pts',(-9.1638788591942,-3.78629276954476,3.28727628808178));
#1919=CARTESIAN_POINT('Ctrl Pts',(-10.3039834296863,-1.74999999999999,3.11300284211559));
#1920=CARTESIAN_POINT('Ctrl Pts',(-6.60859246187099,-7.52731133490265,3.61673111189903));
#1921=CARTESIAN_POINT('Ctrl Pts',(-7.71129193920069,-5.57251346161019,3.77314612849482));
#1922=CARTESIAN_POINT('Ctrl Pts',(-8.81669989601943,-3.59803133159623,3.77144745970062));
#1923=CARTESIAN_POINT('Ctrl Pts',(-9.90654578712426,-1.63649727598286,3.61163539815346));
#1924=CARTESIAN_POINT('Ctrl Pts',(2.99269154992668,8.6244786575434,3.80547857303134));
#1925=CARTESIAN_POINT('Ctrl Pts',(4.26742708763908,8.24045269003403,3.79376994189683));
#1926=CARTESIAN_POINT('Ctrl Pts',(5.53936790700877,7.85357675808308,3.71894059778434));
#1927=CARTESIAN_POINT('Ctrl Pts',(6.80356195441741,7.46783852886158,3.59858155020665));
#1928=CARTESIAN_POINT('Ctrl Pts',(3.02445477143407,8.73082353498138,3.78191011459155));
#1929=CARTESIAN_POINT('Ctrl Pts',(4.2985486924556,8.3471330861278,3.77033164111021));
#1930=CARTESIAN_POINT('Ctrl Pts',(5.57009336913713,7.96130992328037,3.69631991165202));
#1931=CARTESIAN_POINT('Ctrl Pts',(6.83425419370905,7.57675197448582,3.57707484907104));
#1932=CARTESIAN_POINT('Ctrl Pts',(3.08237977041926,8.9273110740296,3.6563195629541));
#1933=CARTESIAN_POINT('Ctrl Pts',(4.35282460687388,8.54507030941582,3.6448377996494));
#1934=CARTESIAN_POINT('Ctrl Pts',(5.6215658167238,8.16243079600025,3.57151816862726));
#1935=CARTESIAN_POINT('Ctrl Pts',(6.88390511420613,7.78137591155621,3.45310957767634));
#1936=CARTESIAN_POINT('Ctrl Pts',(3.10357783705891,9.00479237341566,3.42986220408615));
#1937=CARTESIAN_POINT('Ctrl Pts',(4.36736978882299,8.62472194788231,3.41823088913995));
#1938=CARTESIAN_POINT('Ctrl Pts',(5.62997175246468,8.24498392414057,3.34390008592288));
#1939=CARTESIAN_POINT('Ctrl Pts',(6.88763709967151,7.86677436901563,3.22420624919815));
#1940=CARTESIAN_POINT('Ctrl Pts',(3.1026113001853,9.00508304972059,3.31640477266443));
#1941=CARTESIAN_POINT('Ctrl Pts',(4.36303644294078,8.62602278503967,3.30469614152993));
#1942=CARTESIAN_POINT('Ctrl Pts',(5.62244105903115,8.24726943355388,3.22986679741743));
#1943=CARTESIAN_POINT('Ctrl Pts',(6.87755034755609,7.86980785890483,3.10950774983975));
#1944=CARTESIAN_POINT('',(6.87755034755609,7.86980785890483,3.10950774983975));
#1945=CARTESIAN_POINT('',(3.11250012850004,9.00210908343634,3.31631165763239));
#1946=CARTESIAN_POINT('Ctrl Pts',(6.87755034755609,7.86980785890483,3.10950774983975));
#1947=CARTESIAN_POINT('Ctrl Pts',(5.62572343991141,8.24628229030908,3.22955203260759));
#1948=CARTESIAN_POINT('Ctrl Pts',(4.36962364173586,8.62404175083616,3.30430444046111));
#1949=CARTESIAN_POINT('Ctrl Pts',(3.11250012813652,9.00210908354567,3.31631161609493));
#1950=CARTESIAN_POINT('',(3.11250012850004,9.00210908343634,-1.05935160536903));
#1951=CARTESIAN_POINT('',(6.60859246187099,7.52731133490265,3.61673111189904));
#1952=CARTESIAN_POINT('Ctrl Pts',(2.99269154992668,8.6244786575434,3.80547857303134));
#1953=CARTESIAN_POINT('Ctrl Pts',(4.20191686536951,8.2601882553686,3.79437166280709));
#1954=CARTESIAN_POINT('Ctrl Pts',(5.40862732946067,7.89333328816463,3.72646503580092));
#1955=CARTESIAN_POINT('Ctrl Pts',(6.60859580104784,7.52731768353395,3.61677461993959));
#1956=CARTESIAN_POINT('',(6.87755887597029,7.86979262666331,3.11300414574417));
#1957=CARTESIAN_POINT('Ctrl Pts',(6.60859097129257,7.52731915671081,3.61677506143252));
#1958=CARTESIAN_POINT('Ctrl Pts',(6.60928743176648,7.52819017101037,3.61653828181759));
#1959=CARTESIAN_POINT('Ctrl Pts',(6.6099834101185,7.52906062222047,3.61629811061552));
#1960=CARTESIAN_POINT('Ctrl Pts',(6.61067889720576,7.52993049947197,3.61605455832094));
#1961=CARTESIAN_POINT('Ctrl Pts',(6.62805586961688,7.55166466719016,3.60996932456019));
#1962=CARTESIAN_POINT('Ctrl Pts',(6.64510156337341,7.5730088008079,3.60178676302688));
#1963=CARTESIAN_POINT('Ctrl Pts',(6.66167201993265,7.59379287650102,3.59166157013169));
#1964=CARTESIAN_POINT('Ctrl Pts',(6.6779571233379,7.61421903800329,3.58171073910257));
#1965=CARTESIAN_POINT('Ctrl Pts',(6.69378346010487,7.63410532263787,3.56988281959675));
#1966=CARTESIAN_POINT('Ctrl Pts',(6.70900467401667,7.65326918128047,3.55628150418877));
#1967=CARTESIAN_POINT('Ctrl Pts',(6.72418082177057,7.67237630059303,3.54272045882964));
#1968=CARTESIAN_POINT('Ctrl Pts',(6.73870519188834,7.690700875164,3.52744221027706));
#1969=CARTESIAN_POINT('Ctrl Pts',(6.75242590933084,7.70805233432711,3.51054554308684));
#1970=CARTESIAN_POINT('Ctrl Pts',(6.76614662677333,7.72540379349023,3.49364887589661));
#1971=CARTESIAN_POINT('Ctrl Pts',(6.77906399123399,7.74178335208375,3.47513312538726));
#1972=CARTESIAN_POINT('Ctrl Pts',(6.79101045485934,7.75695513957762,3.45506570435953));
#1973=CARTESIAN_POINT('Ctrl Pts',(6.79521383292905,7.76229335185782,3.44800495733775));
#1974=CARTESIAN_POINT('Ctrl Pts',(6.79928861352599,7.76747088704037,3.44076590871126));
#1975=CARTESIAN_POINT('Ctrl Pts',(6.80322790727323,7.77247818531435,3.43335260674372));
#1976=CARTESIAN_POINT('Ctrl Pts',(6.81442553066566,7.78671166062318,3.41227995543787));
#1977=CARTESIAN_POINT('Ctrl Pts',(6.82452956050741,7.79957340334848,3.38980042563698));
#1978=CARTESIAN_POINT('Ctrl Pts',(6.8334333053699,7.81097213286178,3.36613493603592));
#1979=CARTESIAN_POINT('Ctrl Pts',(6.84184387150848,7.82173948636843,3.34378027869054));
#1980=CARTESIAN_POINT('Ctrl Pts',(6.84918335827876,7.8312014962941,3.32036617247348));
#1981=CARTESIAN_POINT('Ctrl Pts',(6.85534832672163,7.83923405282449,3.29607500395085));
#1982=CARTESIAN_POINT('Ctrl Pts',(6.85570982810209,7.83970506582339,3.29465061856503));
#1983=CARTESIAN_POINT('Ctrl Pts',(6.85606728711794,7.84017114931952,3.2932232193428));
#1984=CARTESIAN_POINT('Ctrl Pts',(6.85642068145093,7.84063227278412,3.29179284397312));
#1985=CARTESIAN_POINT('Ctrl Pts',(6.86249232638299,7.84855480488362,3.26721765825701));
#1986=CARTESIAN_POINT('Ctrl Pts',(6.86731084127475,7.85494970528794,3.24197643657213));
#1987=CARTESIAN_POINT('Ctrl Pts',(6.87080793501183,7.85972172527664,3.21628560259065));
#1988=CARTESIAN_POINT('Ctrl Pts',(6.87414922749728,7.8642811439618,3.19173933732564));
#1989=CARTESIAN_POINT('Ctrl Pts',(6.87628416069935,7.86735917033832,3.16678156325352));
#1990=CARTESIAN_POINT('Ctrl Pts',(6.87714042812738,7.8688275522777,3.14160322726925));
#1991=CARTESIAN_POINT('Ctrl Pts',(6.87746368629239,7.86938189597421,3.13209789935199));
#1992=CARTESIAN_POINT('Ctrl Pts',(6.87760457722954,7.86970634681462,3.12256123921787));
#1993=CARTESIAN_POINT('Ctrl Pts',(6.87755872936814,7.86979216282548,3.11300407188989));
#1994=CARTESIAN_POINT('Ctrl Pts',(6.87755872936814,7.86979216282548,3.11300407188989));
#1995=CARTESIAN_POINT('Ctrl Pts',(6.87755314289181,7.86980262063833,3.11183937736539));
#1996=CARTESIAN_POINT('Ctrl Pts',(6.87755034755609,7.86980785890483,3.11067393040813));
#1997=CARTESIAN_POINT('Ctrl Pts',(6.87755034755609,7.86980785890483,3.10950774983975));
#1998=CARTESIAN_POINT('Ctrl Pts',(6.50836801646912,7.70494207731177,3.60207794611107));
#1999=CARTESIAN_POINT('Ctrl Pts',(7.66585608105245,5.65396543637242,3.77635063586709));
#2000=CARTESIAN_POINT('Ctrl Pts',(8.82693959550989,3.58020298681328,3.77635008844869));
#2001=CARTESIAN_POINT('Ctrl Pts',(9.970476693353,1.52141541831962,3.6020766424825));
#2002=CARTESIAN_POINT('Ctrl Pts',(6.60723808492624,7.75839521763639,3.57983708966783));
#2003=CARTESIAN_POINT('Ctrl Pts',(7.76284287577081,5.70730329798896,3.75244537824316));
#2004=CARTESIAN_POINT('Ctrl Pts',(8.92310429924022,3.63500916609215,3.75244483766512));
#2005=CARTESIAN_POINT('Ctrl Pts',(10.0677240190081,1.57776689720603,3.5798357982702));
#2006=CARTESIAN_POINT('Ctrl Pts',(6.79356779842141,7.85206071610911,3.45529100480475));
#2007=CARTESIAN_POINT('Ctrl Pts',(7.94283276436631,5.8035750922417,3.62665417080354));
#2008=CARTESIAN_POINT('Ctrl Pts',(9.09925509323638,3.73813784385867,3.62665363577311));
#2009=CARTESIAN_POINT('Ctrl Pts',(10.2449665344125,1.68766272306791,3.45528972306488));
#2010=CARTESIAN_POINT('Ctrl Pts',(6.8733906757118,7.877237273644,3.2272599450742));
#2011=CARTESIAN_POINT('Ctrl Pts',(8.01593978482311,5.836518135621,3.40054059470642));
#2012=CARTESIAN_POINT('Ctrl Pts',(9.16555117958805,3.78324562732242,3.40054005141239));
#2013=CARTESIAN_POINT('Ctrl Pts',(10.308151648402,1.74255532005364,3.22725864881381));
#2014=CARTESIAN_POINT('Ctrl Pts',(6.87755887597029,7.86979262666331,3.11300414574416));
#2015=CARTESIAN_POINT('Ctrl Pts',(8.01766347425844,5.83349980747313,3.28727683550019));
#2016=CARTESIAN_POINT('Ctrl Pts',(9.16387885919419,3.78629276954478,3.28727628808179));
#2017=CARTESIAN_POINT('Ctrl Pts',(10.3039834296863,1.75,3.1130028421156));
#2018=CARTESIAN_POINT('',(10.3039834284442,1.7500000022184,3.11300284249532));
#2019=CARTESIAN_POINT('Ctrl Pts',(10.3039834284373,1.7500000022307,3.11300284230651));
#2020=CARTESIAN_POINT('Ctrl Pts',(9.16387885835709,3.78629277103988,3.28727628808179));
#2021=CARTESIAN_POINT('Ctrl Pts',(8.01766347384213,5.8334998082167,3.28727683543655));
#2022=CARTESIAN_POINT('Ctrl Pts',(6.87755887597029,7.86979262666331,3.11300414574416));
#2023=CARTESIAN_POINT('Ctrl Pts',(6.60859246187099,7.52731133490265,3.61673111189904));
#2024=CARTESIAN_POINT('Ctrl Pts',(7.71129193920069,5.57251346161018,3.77314612849483));
#2025=CARTESIAN_POINT('Ctrl Pts',(8.81669989601943,3.59803133159624,3.77144745970063));
#2026=CARTESIAN_POINT('Ctrl Pts',(9.90654578712426,1.63649727598287,3.61163539815347));
#2027=CARTESIAN_POINT('Ctrl Pts',(10.3039834296863,1.74995130897484,3.11789039378606));
#2028=CARTESIAN_POINT('Ctrl Pts',(10.3039834296863,1.74998376098284,3.11626274156998));
#2029=CARTESIAN_POINT('Ctrl Pts',(10.3039834296863,1.75,3.11463353912343));
#2030=CARTESIAN_POINT('Ctrl Pts',(10.3039834296863,1.75,3.1130028421156));
#2031=CARTESIAN_POINT('Ctrl Pts',(6.87755887597029,-7.86979262666331,3.11300414574416));
#2032=CARTESIAN_POINT('Ctrl Pts',(8.01764347800138,-5.83353552194593,3.28727377893721));
#2033=CARTESIAN_POINT('Ctrl Pts',(9.16389885524526,-3.7862570554399,3.28727323153697));
#2034=CARTESIAN_POINT('Ctrl Pts',(10.3039834296863,-1.74999999999999,3.1130028421156));
#2035=CARTESIAN_POINT('Ctrl Pts',(6.8733906757118,-7.877237273644,3.2272599450742));
#2036=CARTESIAN_POINT('Ctrl Pts',(8.01591974569185,-5.83655392772686,3.40053755554281));
#2037=CARTESIAN_POINT('Ctrl Pts',(9.16557121941414,-3.78320983609007,3.4005370122668));
#2038=CARTESIAN_POINT('Ctrl Pts',(10.308151648402,-1.74255532005363,3.2272586488138));
#2039=CARTESIAN_POINT('Ctrl Pts',(6.79356779842141,-7.85206071610912,3.45529100480474));
#2040=CARTESIAN_POINT('Ctrl Pts',(7.94281260744586,-5.80361102056369,3.62665116527061));
#2041=CARTESIAN_POINT('Ctrl Pts',(9.09927518762516,-3.73810188101254,3.62665063025796));
#2042=CARTESIAN_POINT('Ctrl Pts',(10.2449665344125,-1.6876627230679,3.45528972306488));
#2043=CARTESIAN_POINT('Ctrl Pts',(6.60723808492624,-7.75839521763639,3.57983708966783));
#2044=CARTESIAN_POINT('Ctrl Pts',(7.76282260765639,-5.70733927202269,3.75244235087207));
#2045=CARTESIAN_POINT('Ctrl Pts',(8.92312437448152,-3.63497308455848,3.75244181031197));
#2046=CARTESIAN_POINT('Ctrl Pts',(10.0677240190081,-1.57776689720602,3.5798357982702));
#2047=CARTESIAN_POINT('Ctrl Pts',(6.50836801646912,-7.70494207731177,3.60207794611107));
#2048=CARTESIAN_POINT('Ctrl Pts',(7.66583577990735,-5.65400140838428,3.77634757930411));
#2049=CARTESIAN_POINT('Ctrl Pts',(8.82695965176332,-3.58016687817692,3.77634703190387));
#2050=CARTESIAN_POINT('Ctrl Pts',(9.970476693353,-1.52141541831961,3.6020766424825));
#2051=CARTESIAN_POINT('Ctrl Pts',(9.90654578620881,-1.63649727646754,3.61163538590232));
#2052=CARTESIAN_POINT('Ctrl Pts',(8.81671776793504,-3.59799912519304,3.7714444125207));
#2053=CARTESIAN_POINT('Ctrl Pts',(7.71127494987946,-5.57254351887474,3.7731430757856));
#2054=CARTESIAN_POINT('Ctrl Pts',(6.60859246169362,-7.52731133251596,3.61673108310776));
#2055=CARTESIAN_POINT('',(10.3039834296862,-1.75000000000007,3.11300284211561));
#2056=CARTESIAN_POINT('Ctrl Pts',(6.87755887597029,-7.86979262666331,3.11300414574416));
#2057=CARTESIAN_POINT('Ctrl Pts',(8.01764347800138,-5.83353552194593,3.28727377893721));
#2058=CARTESIAN_POINT('Ctrl Pts',(9.16389885524526,-3.7862570554399,3.28727323153697));
#2059=CARTESIAN_POINT('Ctrl Pts',(10.3039834296863,-1.74999999999999,3.1130028421156));
#2060=CARTESIAN_POINT('Ctrl Pts',(10.3039834296862,-1.75000000000007,3.1130028421156));
#2061=CARTESIAN_POINT('Ctrl Pts',(10.3039834296862,-1.75000000000007,3.11463454333136));
#2062=CARTESIAN_POINT('Ctrl Pts',(10.3039831495475,-1.74998358377121,3.11626369618386));
#2063=CARTESIAN_POINT('Ctrl Pts',(10.303982608121,-1.74995086111849,3.11789025238031));
#2064=CARTESIAN_POINT('Origin',(9.51595580403393E-16,0.,-1.05935160536903));
#2065=CARTESIAN_POINT('',(3.11250012850004,9.00210908343634,-1.05935160536903));
#2066=CARTESIAN_POINT('Origin',(3.1125001285,9.00210908343636,0.));
#2067=CARTESIAN_POINT('',(6.87755034755609,7.86980785890483,0.));
#2068=CARTESIAN_POINT('Origin',(-1.48626806006842E-15,0.,3.91259769476494));
#2069=CARTESIAN_POINT('',(-7.72499999999999,-9.46039652341329E-16,4.10389860026795));
#2070=CARTESIAN_POINT('Origin',(-1.58006739183204E-15,0.,4.10389860026795));
#2071=CARTESIAN_POINT('',(-8.62499999999999,-1.05625786426459E-15,3.91259769476494));
#2072=CARTESIAN_POINT('Origin',(-2.65926621279408E-15,0.,6.3048920165975));
#2073=CARTESIAN_POINT('',(-9.52499999999999,-1.16647607618785E-15,6.3048920165975));
#2074=CARTESIAN_POINT('Origin',(-2.65926621279408E-15,0.,6.3048920165975));
#2075=CARTESIAN_POINT('',(-9.12895584540887,-1.11797465556375E-15,5.81581821623059));
#2076=CARTESIAN_POINT('Origin',(-9.02499999999999,-1.10524373623049E-15,
6.3048920165975));
#2077=CARTESIAN_POINT('Origin',(-1.66533453693773E-15,-1.11797465556375E-15,
5.8158182162306));
#2078=CARTESIAN_POINT('Origin',(-2.36693880562274E-15,0.,5.70869909449698));
#2079=CARTESIAN_POINT('',(-7.72499999999999,-9.46039652341329E-16,5.51739818899397));
#2080=CARTESIAN_POINT('',(-8.62499999999999,-1.05625786426459E-15,5.70869909449698));
#2081=CARTESIAN_POINT('Origin',(-2.27313947385913E-15,0.,5.51739818899397));
#2082=CARTESIAN_POINT('Origin',(-2.82848077110641E-15,0.,6.64999999999999));
#2083=CARTESIAN_POINT('',(-9.525,-1.16647607618785E-15,7.39999999999999));
#2084=CARTESIAN_POINT('Origin',(-3.19622340482647E-15,0.,7.39999999999999));
#2085=CARTESIAN_POINT('',(-9.525,-1.16647607618785E-15,6.64999999999999));
#2086=CARTESIAN_POINT('Origin',(-7.2125,0.,0.));
#2087=CARTESIAN_POINT('',(-6.2875,-1.1,-1.36744512992177E-16));
#2088=CARTESIAN_POINT('',(-7.2125,-1.1,-1.34711147906209E-16));
#2089=CARTESIAN_POINT('',(-5.84462057032014,5.20417042793042E-17,-1.1));
#2090=CARTESIAN_POINT('Ctrl Pts',(-5.84462057032014,5.20417042793042E-17,
-1.1));
#2091=CARTESIAN_POINT('Ctrl Pts',(-5.84462057032014,-0.145490101369174,
-1.1));
#2092=CARTESIAN_POINT('Ctrl Pts',(-5.87511859104672,-0.294107427814955,
-1.06988858574117));
#2093=CARTESIAN_POINT('Ctrl Pts',(-5.96900248270665,-0.562106811237549,
-0.956659508148981));
#2094=CARTESIAN_POINT('Ctrl Pts',(-6.03015772306452,-0.682214036701423,
-0.873420881908983));
#2095=CARTESIAN_POINT('Ctrl Pts',(-6.13689989679543,-0.872129558637366,
-0.68350535997304));
#2096=CARTESIAN_POINT('Ctrl Pts',(-6.19085561318809,-0.956199474814836,
-0.56315215586175));
#2097=CARTESIAN_POINT('Ctrl Pts',(-6.26645131282931,-1.07025078114361,-0.293293615991931));
#2098=CARTESIAN_POINT('Ctrl Pts',(-6.2875,-1.1,-0.143524954635186));
#2099=CARTESIAN_POINT('Ctrl Pts',(-6.2875,-1.1,-3.46944695195361E-17));
#2100=CARTESIAN_POINT('',(-6.2875,1.1,1.80417854545854E-15));
#2101=CARTESIAN_POINT('Ctrl Pts',(-6.2875,1.1,2.08166817117217E-16));
#2102=CARTESIAN_POINT('Ctrl Pts',(-6.2875,1.1,-0.143524954635186));
#2103=CARTESIAN_POINT('Ctrl Pts',(-6.26645131282931,1.07025078114361,-0.293293615991931));
#2104=CARTESIAN_POINT('Ctrl Pts',(-6.19085561318809,0.956199474814836,-0.56315215586175));
#2105=CARTESIAN_POINT('Ctrl Pts',(-6.13689989679543,0.872129558637366,-0.68350535997304));
#2106=CARTESIAN_POINT('Ctrl Pts',(-6.03015772306452,0.682214036701423,-0.873420881908983));
#2107=CARTESIAN_POINT('Ctrl Pts',(-5.96900248270665,0.562106811237549,-0.956659508148981));
#2108=CARTESIAN_POINT('Ctrl Pts',(-5.87511859104672,0.294107427814955,-1.06988858574117));
#2109=CARTESIAN_POINT('Ctrl Pts',(-5.84462057032014,0.145490101369174,-1.1));
#2110=CARTESIAN_POINT('Ctrl Pts',(-5.84462057032014,-5.20417042793042E-17,
-1.1));
#2111=CARTESIAN_POINT('Ctrl Pts',(-6.2875,-1.1,-1.38777878078145E-16));
#2112=CARTESIAN_POINT('Ctrl Pts',(-6.2875,-1.1,0.143524954635185));
#2113=CARTESIAN_POINT('Ctrl Pts',(-6.26645131282931,-1.07025078114361,0.293293615991931));
#2114=CARTESIAN_POINT('Ctrl Pts',(-6.19085561318809,-0.956199474814837,
0.563152155861749));
#2115=CARTESIAN_POINT('Ctrl Pts',(-6.13689989679543,-0.872129558637366,
0.68350535997304));
#2116=CARTESIAN_POINT('Ctrl Pts',(-6.03015772306452,-0.682214036701423,
0.873420881908983));
#2117=CARTESIAN_POINT('Ctrl Pts',(-5.96900248270666,-0.562106811237549,
0.956659508148981));
#2118=CARTESIAN_POINT('Ctrl Pts',(-5.87511859104673,-0.294107427814955,
1.06988858574117));
#2119=CARTESIAN_POINT('Ctrl Pts',(-5.84462057032014,-0.145490101369174,
1.1));
#2120=CARTESIAN_POINT('Ctrl Pts',(-5.84462057032014,0.145490101369174,1.1));
#2121=CARTESIAN_POINT('Ctrl Pts',(-5.87511859104673,0.294107427814955,1.06988858574117));
#2122=CARTESIAN_POINT('Ctrl Pts',(-5.96900248270666,0.56210681123755,0.956659508148981));
#2123=CARTESIAN_POINT('Ctrl Pts',(-6.03015772306452,0.682214036701423,0.873420881908982));
#2124=CARTESIAN_POINT('Ctrl Pts',(-6.13689989679543,0.872129558637366,0.683505359973039));
#2125=CARTESIAN_POINT('Ctrl Pts',(-6.19085561318809,0.956199474814837,0.563152155861749));
#2126=CARTESIAN_POINT('Ctrl Pts',(-6.26645131282931,1.07025078114361,0.293293615991931));
#2127=CARTESIAN_POINT('Ctrl Pts',(-6.2875,1.1,0.143524954635186));
#2128=CARTESIAN_POINT('Ctrl Pts',(-6.2875,1.1,2.77555756156289E-16));
#2129=CARTESIAN_POINT('Origin',(-4.7,0.,3.20577759443522E-15));
#2130=CARTESIAN_POINT('',(-6.2875,0.,3.40019027379986E-15));
#2131=CARTESIAN_POINT('',(-6.2875,0.,3.40019027379986E-15));
#2132=CARTESIAN_POINT('',(-3.15,0.,-0.343010568350295));
#2133=CARTESIAN_POINT('',(-3.15,-1.92881870865708E-16,0.343010568350303));
#2134=CARTESIAN_POINT('Ctrl Pts',(-3.15,6.08369855802697E-32,-0.343010568350295));
#2135=CARTESIAN_POINT('Ctrl Pts',(-3.15,-0.0791430544272329,-0.343010568350295));
#2136=CARTESIAN_POINT('Ctrl Pts',(-3.14665774907212,-0.16400140606769,-0.329042743718968));
#2137=CARTESIAN_POINT('Ctrl Pts',(-3.13789891570681,-0.278495782342017,
-0.28324677947158));
#2138=CARTESIAN_POINT('Ctrl Pts',(-3.13442416432071,-0.314561803147026,
-0.26397623187302));
#2139=CARTESIAN_POINT('Ctrl Pts',(-3.12725359905266,-0.379262099197002,
-0.217229100572104));
#2140=CARTESIAN_POINT('Ctrl Pts',(-3.12356079558846,-0.407936966683128,
-0.189808262209297));
#2141=CARTESIAN_POINT('Ctrl Pts',(-3.11819578059819,-0.446773871479487,
-0.136119812675718));
#2142=CARTESIAN_POINT('Ctrl Pts',(-3.11610226276344,-0.460959199848037,
-0.110394044005415));
#2143=CARTESIAN_POINT('Ctrl Pts',(-3.11324979552932,-0.479878486124733,
-0.0557893943480766));
#2144=CARTESIAN_POINT('Ctrl Pts',(-3.1125,-0.484606799374495,-0.0269080799853315));
#2145=CARTESIAN_POINT('Ctrl Pts',(-3.1125,-0.484606799374495,0.0269080799853398));
#2146=CARTESIAN_POINT('Ctrl Pts',(-3.11324979552932,-0.479878486124729,
0.0557893943480833));
#2147=CARTESIAN_POINT('Ctrl Pts',(-3.11610226276344,-0.460959199848032,
0.110394044005422));
#2148=CARTESIAN_POINT('Ctrl Pts',(-3.11819578059819,-0.446773871479484,
0.136119812675726));
#2149=CARTESIAN_POINT('Ctrl Pts',(-3.12356079558847,-0.407936966683125,
0.189808262209305));
#2150=CARTESIAN_POINT('Ctrl Pts',(-3.12725359905266,-0.379262099197,0.217229100572113));
#2151=CARTESIAN_POINT('Ctrl Pts',(-3.13442416432071,-0.314561803147025,
0.263976231873028));
#2152=CARTESIAN_POINT('Ctrl Pts',(-3.13789891570681,-0.278495782342013,
0.283246779471585));
#2153=CARTESIAN_POINT('Ctrl Pts',(-3.14665774907212,-0.164001406067687,
0.329042743718973));
#2154=CARTESIAN_POINT('Ctrl Pts',(-3.15,-0.0791430544272323,0.343010568350303));
#2155=CARTESIAN_POINT('Ctrl Pts',(-3.15,0.,0.343010568350303));
#2156=CARTESIAN_POINT('Ctrl Pts',(-3.15,0.,0.343010568350303));
#2157=CARTESIAN_POINT('Ctrl Pts',(-3.15,0.0791430544272323,0.343010568350303));
#2158=CARTESIAN_POINT('Ctrl Pts',(-3.14665774907212,0.164001406067687,0.329042743718973));
#2159=CARTESIAN_POINT('Ctrl Pts',(-3.13789891570681,0.278495782342013,0.283246779471585));
#2160=CARTESIAN_POINT('Ctrl Pts',(-3.13442416432071,0.314561803147023,0.263976231873026));
#2161=CARTESIAN_POINT('Ctrl Pts',(-3.12725359905266,0.379262099196998,0.217229100572111));
#2162=CARTESIAN_POINT('Ctrl Pts',(-3.12356079558847,0.407936966683125,0.189808262209305));
#2163=CARTESIAN_POINT('Ctrl Pts',(-3.11819578059819,0.446773871479484,0.136119812675726));
#2164=CARTESIAN_POINT('Ctrl Pts',(-3.11610226276344,0.460959199848032,0.110394044005422));
#2165=CARTESIAN_POINT('Ctrl Pts',(-3.11324979552932,0.479878486124729,0.0557893943480832));
#2166=CARTESIAN_POINT('Ctrl Pts',(-3.1125,0.484606799374495,0.0269080799853397));
#2167=CARTESIAN_POINT('Ctrl Pts',(-3.1125,0.484606799374495,-0.0269080799853315));
#2168=CARTESIAN_POINT('Ctrl Pts',(-3.11324979552932,0.47987848612473,-0.0557893943480752));
#2169=CARTESIAN_POINT('Ctrl Pts',(-3.11610226276344,0.460959199848033,-0.110394044005414));
#2170=CARTESIAN_POINT('Ctrl Pts',(-3.11819578059819,0.446773871479487,-0.136119812675718));
#2171=CARTESIAN_POINT('Ctrl Pts',(-3.12356079558847,0.407936966683128,-0.189808262209297));
#2172=CARTESIAN_POINT('Ctrl Pts',(-3.12725359905266,0.379262099197,-0.217229100572102));
#2173=CARTESIAN_POINT('Ctrl Pts',(-3.13442416432071,0.314561803147024,-0.263976231873018));
#2174=CARTESIAN_POINT('Ctrl Pts',(-3.13789891570681,0.278495782342017,-0.28324677947158));
#2175=CARTESIAN_POINT('Ctrl Pts',(-3.14665774907212,0.16400140606769,-0.329042743718968));
#2176=CARTESIAN_POINT('Ctrl Pts',(-3.15,0.0791430544272329,-0.343010568350295));
#2177=CARTESIAN_POINT('Ctrl Pts',(-3.15,0.,-0.343010568350295));
#2178=CARTESIAN_POINT('Origin',(6.87755034755609,-7.86980785890483,0.));
#2179=CARTESIAN_POINT('',(10.3039834296863,-1.75,0.));
#2180=CARTESIAN_POINT('',(6.87755034755609,-7.86980785890483,0.));
#2181=CARTESIAN_POINT('Origin',(3.1125001285,-9.00210908343636,0.));
#2182=CARTESIAN_POINT('Origin',(6.87755034755609,7.86980785890483,0.));
#2183=CARTESIAN_POINT('',(10.3039834296863,1.75,0.));
#2184=CARTESIAN_POINT('Origin',(10.3039834296863,1.75,0.));
#2185=CARTESIAN_POINT('Origin',(3.15,0.,3.4));
#2186=CARTESIAN_POINT('',(-5.1,-6.2456986756515E-16,3.4));
#2187=CARTESIAN_POINT('Origin',(-1.2349293583195E-15,0.,3.4));
#2188=CARTESIAN_POINT('',(-3.15,-3.85763741731416E-16,3.4));
#2189=CARTESIAN_POINT('Origin',(-1.2349293583195E-15,0.,3.4));
#2190=CARTESIAN_POINT('Origin',(4.97182421425635E-17,0.,0.779999999999997));
#2191=CARTESIAN_POINT('',(-3.15,-3.85763741731416E-16,0.779999999999995));
#2192=CARTESIAN_POINT('',(-3.15,-3.85763741731416E-16,-1.84000000000001));
#2193=CARTESIAN_POINT('',(-3.15,-3.85763741731416E-16,0.779999999999995));
#2194=CARTESIAN_POINT('Origin',(1.33436584260463E-15,0.,-1.84));
#2195=CARTESIAN_POINT('Origin',(5.1,0.,-1.84));
#2196=CARTESIAN_POINT('',(-5.1,-6.2456986756515E-16,-1.84));
#2197=CARTESIAN_POINT('Origin',(1.33436584260463E-15,0.,-1.84));
#2198=CARTESIAN_POINT('Origin',(2.31501286585811E-15,0.,-3.84));
#2199=CARTESIAN_POINT('',(-5.1,-6.2456986756515E-16,-3.84));
#2200=CARTESIAN_POINT('Origin',(-1.92660343284558E-15,0.,4.81064839463096));
#2201=CARTESIAN_POINT('',(-7.72499999999999,-9.46039652341329E-16,4.81064839463096));
#2202=CARTESIAN_POINT('Origin',(5.09999999999999,0.,7.4));
#2203=CARTESIAN_POINT('',(-5.1,-6.2456986756515E-16,7.4));
#2204=CARTESIAN_POINT('Origin',(-3.19622340482647E-15,0.,7.4));
#2205=CARTESIAN_POINT('Origin',(-2.21557638157299E-15,0.,5.4));
#2206=CARTESIAN_POINT('',(-5.1,-6.2456986756515E-16,5.4));
#2207=UNCERTAINTY_MEASURE_WITH_UNIT(LENGTH_MEASURE(0.01),#2211,
'DISTANCE_ACCURACY_VALUE',
'Maximum model space distance between geometric entities at asserted c
onnectivities');
#2208=UNCERTAINTY_MEASURE_WITH_UNIT(LENGTH_MEASURE(0.01),#2211,
'DISTANCE_ACCURACY_VALUE',
'Maximum model space distance between geometric entities at asserted c
onnectivities');
#2209=(
GEOMETRIC_REPRESENTATION_CONTEXT(3)
GLOBAL_UNCERTAINTY_ASSIGNED_CONTEXT((#2207))
GLOBAL_UNIT_ASSIGNED_CONTEXT((#2211,#2213,#2214))
REPRESENTATION_CONTEXT('','3D')
);
#2210=(
GEOMETRIC_REPRESENTATION_CONTEXT(3)
GLOBAL_UNCERTAINTY_ASSIGNED_CONTEXT((#2208))
GLOBAL_UNIT_ASSIGNED_CONTEXT((#2211,#2213,#2214))
REPRESENTATION_CONTEXT('','3D')
);
#2211=(
LENGTH_UNIT()
NAMED_UNIT(*)
SI_UNIT(.MILLI.,.METRE.)
);
#2212=(
LENGTH_UNIT()
NAMED_UNIT(*)
SI_UNIT($,.METRE.)
);
#2213=(
NAMED_UNIT(*)
PLANE_ANGLE_UNIT()
SI_UNIT($,.RADIAN.)
);
#2214=(
NAMED_UNIT(*)
SI_UNIT($,.STERADIAN.)
SOLID_ANGLE_UNIT()
);
#2215=SHAPE_DEFINITION_REPRESENTATION(#2216,#2217);
#2216=PRODUCT_DEFINITION_SHAPE('',$,#2219);
#2217=SHAPE_REPRESENTATION('',(#907),#2209);
#2218=PRODUCT_DEFINITION_CONTEXT('part definition',#2223,'design');
#2219=PRODUCT_DEFINITION('3D_UCF_B_CutterHead_104zz',
'3D_UCF_B_CutterHead_104zz',#2220,#2218);
#2220=PRODUCT_DEFINITION_FORMATION('',$,#2225);
#2221=PRODUCT_RELATED_PRODUCT_CATEGORY('3D_UCF_B_CutterHead_104zz',
'3D_UCF_B_CutterHead_104zz',(#2225));
#2222=APPLICATION_PROTOCOL_DEFINITION('international standard',
'automotive_design',2009,#2223);
#2223=APPLICATION_CONTEXT(
'Core Data for Automotive Mechanical Design Process');
#2224=PRODUCT_CONTEXT('part definition',#2223,'mechanical');
#2225=PRODUCT('3D_UCF_B_CutterHead_104zz','3D_UCF_B_CutterHead_104zz',$,
(#2224));
#2226=PRESENTATION_STYLE_ASSIGNMENT((#2227));
#2227=SURFACE_STYLE_USAGE(.BOTH.,#2228);
#2228=SURFACE_SIDE_STYLE('',(#2229));
#2229=SURFACE_STYLE_FILL_AREA(#2230);
#2230=FILL_AREA_STYLE('Steel - Satin',(#2231));
#2231=FILL_AREA_STYLE_COLOUR('Steel - Satin',#2232);
#2232=COLOUR_RGB('Steel - Satin',0.627450980392157,0.627450980392157,0.627450980392157);
ENDSEC;
END-ISO-10303-21;
