ISO-10303-21;
HEADER;
/* Generated by software containing ST-Developer
 * from STEP Tools, Inc. (www.steptools.com) 
 */

FILE_DESCRIPTION(
/* description */ (''),
/* implementation_level */ '2;1');

FILE_NAME(
/* name */ 'Cutterhead_Insert_CCW_08.step',
/* time_stamp */ '2026-01-02T23:09:46-08:00',
/* author */ (''),
/* organization */ (''),
/* preprocessor_version */ 'ST-DEVELOPER v20.1',
/* originating_system */ 'Autodesk Translation Framework v14.21.0.0',
/* authorisation */ '');

FILE_SCHEMA (('AUTOMOTIVE_DESIGN { 1 0 10303 214 3 1 1 }'));
ENDSEC;

DATA;
#10=MECHANICAL_DESIGN_GEOMETRIC_PRESENTATION_REPRESENTATION('',(#13),#4183);
#11=SHAPE_REPRESENTATION_RELATIONSHIP('SRR','None',#4190,#12);
#12=ADVANCED_BREP_SHAPE_REPRESENTATION('',(#14),#4182);
#13=STYLED_ITEM('',(#4200),#14);
#14=MANIFOLD_SOLID_BREP('Body1',#1306);
#15=FACE_BOUND('',#188,.T.);
#16=FACE_BOUND('',#192,.T.);
#17=FACE_BOUND('',#198,.T.);
#18=FACE_BOUND('',#211,.T.);
#19=FACE_BOUND('',#220,.T.);
#20=FACE_BOUND('',#222,.T.);
#21=FACE_BOUND('',#225,.T.);
#22=FACE_BOUND('',#229,.T.);
#23=FACE_BOUND('',#236,.T.);
#24=ELLIPSE('',#1360,17.1494788811473,2.69947096854854);
#25=ELLIPSE('',#1385,13.1497735917987,11.);
#26=ELLIPSE('',#1386,13.5707975268798,11.5);
#27=CONICAL_SURFACE('',#1356,12.6293786053181,0.785398163397449);
#28=CONICAL_SURFACE('',#1358,12.6293786053181,0.785398163397449);
#29=CONICAL_SURFACE('',#1364,10.6837572106364,0.785398163397447);
#30=CONICAL_SURFACE('',#1409,9.4000000000101,1.36135681655496);
#31=CONICAL_SURFACE('',#1411,9.32868022837137,1.36135681655422);
#32=CONICAL_SURFACE('',#1414,12.6293786053181,0.785398163397449);
#33=TOROIDAL_SURFACE('',#1352,12.344543648263,1.);
#34=TOROIDAL_SURFACE('',#1381,12.344543648263,1.);
#35=TOROIDAL_SURFACE('',#1388,10.6328816330644,5.);
#36=TOROIDAL_SURFACE('',#1392,9.16228182204393,0.5);
#37=TOROIDAL_SURFACE('',#1399,11.15,0.35);
#38=TOROIDAL_SURFACE('',#1403,9.89000000001142,0.36);
#39=TOROIDAL_SURFACE('',#1431,6.78033008589043,2.);
#40=TOROIDAL_SURFACE('',#1436,12.344543648263,1.);
#41=B_SPLINE_SURFACE_WITH_KNOTS('',3,3,((#2486,#2487,#2488,#2489),(#2490,
#2491,#2492,#2493),(#2494,#2495,#2496,#2497),(#2498,#2499,#2500,#2501)),
 .UNSPECIFIED.,.F.,.F.,.F.,(4,4),(4,4),(0.,0.0217761230400014),(71.7327067506935,
72.5878531027744),.UNSPECIFIED.);
#42=B_SPLINE_SURFACE_WITH_KNOTS('',3,3,((#2552,#2553,#2554,#2555,#2556,
#2557,#2558,#2559,#2560,#2561,#2562,#2563,#2564,#2565,#2566,#2567,#2568,
#2569,#2570,#2571,#2572,#2573,#2574,#2575,#2576,#2577,#2578,#2579,#2580,
#2581,#2582,#2583,#2584,#2585,#2586,#2587,#2588,#2589,#2590,#2591,#2592,
#2593,#2594,#2595,#2596,#2597,#2598,#2599,#2600,#2601,#2602,#2603,#2604,
#2605,#2606,#2607,#2608,#2609,#2610,#2611,#2612,#2613,#2614,#2615),(#2616,
#2617,#2618,#2619,#2620,#2621,#2622,#2623,#2624,#2625,#2626,#2627,#2628,
#2629,#2630,#2631,#2632,#2633,#2634,#2635,#2636,#2637,#2638,#2639,#2640,
#2641,#2642,#2643,#2644,#2645,#2646,#2647,#2648,#2649,#2650,#2651,#2652,
#2653,#2654,#2655,#2656,#2657,#2658,#2659,#2660,#2661,#2662,#2663,#2664,
#2665,#2666,#2667,#2668,#2669,#2670,#2671,#2672,#2673,#2674,#2675,#2676,
#2677,#2678,#2679),(#2680,#2681,#2682,#2683,#2684,#2685,#2686,#2687,#2688,
#2689,#2690,#2691,#2692,#2693,#2694,#2695,#2696,#2697,#2698,#2699,#2700,
#2701,#2702,#2703,#2704,#2705,#2706,#2707,#2708,#2709,#2710,#2711,#2712,
#2713,#2714,#2715,#2716,#2717,#2718,#2719,#2720,#2721,#2722,#2723,#2724,
#2725,#2726,#2727,#2728,#2729,#2730,#2731,#2732,#2733,#2734,#2735,#2736,
#2737,#2738,#2739,#2740,#2741,#2742,#2743),(#2744,#2745,#2746,#2747,#2748,
#2749,#2750,#2751,#2752,#2753,#2754,#2755,#2756,#2757,#2758,#2759,#2760,
#2761,#2762,#2763,#2764,#2765,#2766,#2767,#2768,#2769,#2770,#2771,#2772,
#2773,#2774,#2775,#2776,#2777,#2778,#2779,#2780,#2781,#2782,#2783,#2784,
#2785,#2786,#2787,#2788,#2789,#2790,#2791,#2792,#2793,#2794,#2795,#2796,
#2797,#2798,#2799,#2800,#2801,#2802,#2803,#2804,#2805,#2806,#2807)),
 .UNSPECIFIED.,.F.,.F.,.F.,(4,4),(4,1,1,1,1,1,1,1,1,1,1,1,1,1,1,1,1,1,1,
1,1,1,1,1,1,1,1,1,1,1,1,1,1,1,1,1,1,1,1,1,1,1,1,1,1,1,1,1,1,1,1,1,1,1,1,
1,1,1,1,1,1,4),(0.,0.0526254770366344),(8.30815772716258,9.30768985675984,
10.3072219863571,11.3067541159544,12.3062862455516,13.3058183751489,14.3053505047462,
15.3048826343434,16.3044147639407,17.3039468935379,18.3034790231352,19.3030111527325,
20.3025432823297,21.302075411927,22.3016075415243,23.3011396711215,24.3006718007188,
25.300203930316,26.2997360599133,27.2992681895106,28.2988003191078,29.2983324487051,
30.2978645783024,31.2973967078996,32.2969288374969,33.2964609670941,34.2959930966914,
35.2955252262887,36.2950573558859,37.2945894854832,38.2941216150804,39.2936537446777,
40.293185874275,41.2927180038722,42.2922501334695,43.2917822630668,44.291314392664,
45.2908465222613,46.2903786518585,47.2899107814558,48.2894429110531,49.2889750406503,
50.2885071702476,51.2880392998449,52.2875714294421,53.2871035590394,54.2866356886367,
55.2861678182339,56.2856999478312,57.2852320774284,58.2847642070257,59.284296336623,
60.2838284662202,61.2833605958175,62.2828927254148,63.282424855012,64.2819569846093,
65.2814891142065,66.2810212438038,67.2805533734011,68.2800855029983,69.2796176325956),
 .UNSPECIFIED.);
#43=B_SPLINE_SURFACE_WITH_KNOTS('',3,3,((#3193,#3194,#3195,#3196,#3197,
#3198,#3199,#3200,#3201,#3202,#3203,#3204,#3205,#3206,#3207,#3208,#3209,
#3210,#3211,#3212,#3213,#3214,#3215,#3216,#3217,#3218,#3219,#3220,#3221,
#3222,#3223,#3224,#3225,#3226,#3227,#3228,#3229,#3230,#3231,#3232,#3233,
#3234,#3235,#3236,#3237,#3238,#3239,#3240,#3241,#3242,#3243,#3244,#3245,
#3246,#3247,#3248,#3249,#3250,#3251,#3252,#3253,#3254,#3255),(#3256,#3257,
#3258,#3259,#3260,#3261,#3262,#3263,#3264,#3265,#3266,#3267,#3268,#3269,
#3270,#3271,#3272,#3273,#3274,#3275,#3276,#3277,#3278,#3279,#3280,#3281,
#3282,#3283,#3284,#3285,#3286,#3287,#3288,#3289,#3290,#3291,#3292,#3293,
#3294,#3295,#3296,#3297,#3298,#3299,#3300,#3301,#3302,#3303,#3304,#3305,
#3306,#3307,#3308,#3309,#3310,#3311,#3312,#3313,#3314,#3315,#3316,#3317,
#3318),(#3319,#3320,#3321,#3322,#3323,#3324,#3325,#3326,#3327,#3328,#3329,
#3330,#3331,#3332,#3333,#3334,#3335,#3336,#3337,#3338,#3339,#3340,#3341,
#3342,#3343,#3344,#3345,#3346,#3347,#3348,#3349,#3350,#3351,#3352,#3353,
#3354,#3355,#3356,#3357,#3358,#3359,#3360,#3361,#3362,#3363,#3364,#3365,
#3366,#3367,#3368,#3369,#3370,#3371,#3372,#3373,#3374,#3375,#3376,#3377,
#3378,#3379,#3380,#3381),(#3382,#3383,#3384,#3385,#3386,#3387,#3388,#3389,
#3390,#3391,#3392,#3393,#3394,#3395,#3396,#3397,#3398,#3399,#3400,#3401,
#3402,#3403,#3404,#3405,#3406,#3407,#3408,#3409,#3410,#3411,#3412,#3413,
#3414,#3415,#3416,#3417,#3418,#3419,#3420,#3421,#3422,#3423,#3424,#3425,
#3426,#3427,#3428,#3429,#3430,#3431,#3432,#3433,#3434,#3435,#3436,#3437,
#3438,#3439,#3440,#3441,#3442,#3443,#3444)),.UNSPECIFIED.,.F.,.F.,.F.,(4,
4),(4,1,1,1,1,1,1,1,1,1,1,1,1,1,1,1,1,1,1,1,1,1,1,1,1,1,1,1,1,1,1,1,1,1,
1,1,1,1,1,1,1,1,1,1,1,1,1,1,1,1,1,1,1,1,1,1,1,1,1,1,4),(0.,0.0526254770366344),
(11.6163931973414,12.6089700369381,13.6015468765348,14.5941237161316,15.5867005557283,
16.5792773953251,17.5718542349218,18.5644310745185,19.5570079141153,20.549584753712,
21.5421615933087,22.5347384329055,23.5273152725022,24.5198921120989,25.5124689516957,
26.5050457912924,27.4976226308891,28.4901994704859,29.4827763100826,30.4753531496794,
31.4679299892761,32.4605068288728,33.4530836684696,34.4456605080663,35.438237347663,
36.4308141872598,37.4233910268565,38.4159678664533,39.40854470605,40.4011215456467,
41.3936983852435,42.3862752248402,43.3788520644369,44.3714289040337,45.3640057436304,
46.3565825832271,47.3491594228239,48.3417362624206,49.3343131020173,50.3268899416141,
51.3194667812108,52.3120436208076,53.3046204604043,54.297197300001,55.2897741395978,
56.2823509791945,57.2749278187912,58.267504658388,59.2600814979847,60.2526583375814,
61.2452351771782,62.2378120167749,63.2303888563717,64.2229656959684,65.2155425355651,
66.2081193751619,67.2006962147586,68.1932730543553,69.1858498939521,70.1784267335488,
71.1710035731455),.UNSPECIFIED.);
#44=B_SPLINE_SURFACE_WITH_KNOTS('',3,3,((#3785,#3786,#3787,#3788),(#3789,
#3790,#3791,#3792),(#3793,#3794,#3795,#3796),(#3797,#3798,#3799,#3800),
(#3801,#3802,#3803,#3804),(#3805,#3806,#3807,#3808)),.UNSPECIFIED.,.F.,
 .F.,.F.,(4,1,1,4),(4,4),(0.,0.285714285714286,0.571428571428571,1.),(-0.774574406039735,
-0.371314337163704),.UNSPECIFIED.);
#45=B_SPLINE_SURFACE_WITH_KNOTS('',3,3,((#3934,#3935,#3936,#3937),(#3938,
#3939,#3940,#3941),(#3942,#3943,#3944,#3945),(#3946,#3947,#3948,#3949),
(#3950,#3951,#3952,#3953),(#3954,#3955,#3956,#3957),(#3958,#3959,#3960,
#3961)),.UNSPECIFIED.,.F.,.F.,.F.,(4,1,1,1,4),(4,4),(0.,0.285714285714286,
0.571428571428571,0.785714285714286,1.),(0.740858461216074,1.10538214910595),
 .UNSPECIFIED.);
#46=(
BOUNDED_CURVE()
B_SPLINE_CURVE(2,(#2440,#2441,#2442),.UNSPECIFIED.,.F.,.F.)
B_SPLINE_CURVE_WITH_KNOTS((3,3),(0.268280067625408,0.27708664942422),
 .UNSPECIFIED.)
CURVE()
GEOMETRIC_REPRESENTATION_ITEM()
RATIONAL_B_SPLINE_CURVE((1.00062619860722,1.00051196708498,1.00038956125647))
REPRESENTATION_ITEM('')
);
#47=(
BOUNDED_CURVE()
B_SPLINE_CURVE(2,(#2444,#2445,#2446),.UNSPECIFIED.,.F.,.F.)
B_SPLINE_CURVE_WITH_KNOTS((3,3),(0.013522395522404,0.0635862136714988),
 .UNSPECIFIED.)
CURVE()
GEOMETRIC_REPRESENTATION_ITEM()
RATIONAL_B_SPLINE_CURVE((1.00032854341127,1.00090198994545,1.00121823979806))
REPRESENTATION_ITEM('')
);
#48=(
BOUNDED_CURVE()
B_SPLINE_CURVE(2,(#3113,#3114,#3115),.UNSPECIFIED.,.F.,.F.)
B_SPLINE_CURVE_WITH_KNOTS((3,3),(0.00159762051316657,0.0210759926193034),
 .UNSPECIFIED.)
CURVE()
GEOMETRIC_REPRESENTATION_ITEM()
RATIONAL_B_SPLINE_CURVE((1.00004863502653,1.00034347697385,1.0005983298354))
REPRESENTATION_ITEM('')
);
#49=(
BOUNDED_CURVE()
B_SPLINE_CURVE(2,(#3145,#3146,#3147),.UNSPECIFIED.,.F.,.F.)
B_SPLINE_CURVE_WITH_KNOTS((3,3),(0.186258760160926,0.250289685418583),
 .UNSPECIFIED.)
CURVE()
GEOMETRIC_REPRESENTATION_ITEM()
RATIONAL_B_SPLINE_CURVE((1.00122383793154,1.00082228081681,1.))
REPRESENTATION_ITEM('')
);
#50=(
BOUNDED_CURVE()
B_SPLINE_CURVE(2,(#3619,#3620,#3621),.UNSPECIFIED.,.F.,.F.)
B_SPLINE_CURVE_WITH_KNOTS((3,3),(0.,0.23274986095443),.UNSPECIFIED.)
CURVE()
GEOMETRIC_REPRESENTATION_ITEM()
RATIONAL_B_SPLINE_CURVE((1.,1.00252658687553,1.00000000008583))
REPRESENTATION_ITEM('')
);
#51=(
BOUNDED_CURVE()
B_SPLINE_CURVE(2,(#3629,#3630,#3631,#3632),.UNSPECIFIED.,.F.,.F.)
B_SPLINE_CURVE_WITH_KNOTS((3,1,3),(1239.46578294692,1297.75924976425,1393.99245765362),
 .UNSPECIFIED.)
CURVE()
GEOMETRIC_REPRESENTATION_ITEM()
RATIONAL_B_SPLINE_CURVE((7020.83473785,7178.34571434829,7593.99603652102,
7850.90781145319))
REPRESENTATION_ITEM('')
);
#52=(
BOUNDED_CURVE()
B_SPLINE_CURVE(2,(#3634,#3635,#3636),.UNSPECIFIED.,.F.,.F.)
B_SPLINE_CURVE_WITH_KNOTS((3,3),(0.244132255566957,0.250646964060793),
 .UNSPECIFIED.)
CURVE()
GEOMETRIC_REPRESENTATION_ITEM()
RATIONAL_B_SPLINE_CURVE((1.00536087500823,1.00535822518635,1.00535161647529))
REPRESENTATION_ITEM('')
);
#53=(
BOUNDED_CURVE()
B_SPLINE_CURVE(2,(#3644,#3645,#3646),.UNSPECIFIED.,.F.,.F.)
B_SPLINE_CURVE_WITH_KNOTS((3,3),(1.27198077098839,1.69337891100995),
 .UNSPECIFIED.)
CURVE()
GEOMETRIC_REPRESENTATION_ITEM()
RATIONAL_B_SPLINE_CURVE((1.09962911585383,1.06631776499984,1.))
REPRESENTATION_ITEM('')
);
#54=(
BOUNDED_CURVE()
B_SPLINE_CURVE(2,(#3656,#3657,#3658),.UNSPECIFIED.,.F.,.F.)
B_SPLINE_CURVE_WITH_KNOTS((3,3),(0.438639323870142,0.506656348266243),
 .UNSPECIFIED.)
CURVE()
GEOMETRIC_REPRESENTATION_ITEM()
RATIONAL_B_SPLINE_CURVE((1.1779974874685,1.18838329452948,1.19771012060813))
REPRESENTATION_ITEM('')
);
#55=(
BOUNDED_CURVE()
B_SPLINE_CURVE(2,(#3667,#3668,#3669),.UNSPECIFIED.,.F.,.F.)
B_SPLINE_CURVE_WITH_KNOTS((3,3),(1.66026132057459,1.70196053958054),
 .UNSPECIFIED.)
CURVE()
GEOMETRIC_REPRESENTATION_ITEM()
RATIONAL_B_SPLINE_CURVE((1.13586727449066,1.11236887077109,1.08760438522923))
REPRESENTATION_ITEM('')
);
#56=(
BOUNDED_CURVE()
B_SPLINE_CURVE(2,(#3671,#3672,#3673),.UNSPECIFIED.,.F.,.F.)
B_SPLINE_CURVE_WITH_KNOTS((3,3),(0.,0.200279700859998),.UNSPECIFIED.)
CURVE()
GEOMETRIC_REPRESENTATION_ITEM()
RATIONAL_B_SPLINE_CURVE((1.,1.00352509109316,1.00333766480642))
REPRESENTATION_ITEM('')
);
#57=(
BOUNDED_CURVE()
B_SPLINE_CURVE(2,(#3677,#3678,#3679),.UNSPECIFIED.,.F.,.F.)
B_SPLINE_CURVE_WITH_KNOTS((3,3),(0.,0.220950421492352),.UNSPECIFIED.)
CURVE()
GEOMETRIC_REPRESENTATION_ITEM()
RATIONAL_B_SPLINE_CURVE((1.,1.00207985395909,1.))
REPRESENTATION_ITEM('')
);
#58=(
BOUNDED_CURVE()
B_SPLINE_CURVE(2,(#3682,#3683,#3684),.UNSPECIFIED.,.F.,.F.)
B_SPLINE_CURVE_WITH_KNOTS((3,3),(0.,0.232749874957614),.UNSPECIFIED.)
CURVE()
GEOMETRIC_REPRESENTATION_ITEM()
RATIONAL_B_SPLINE_CURVE((1.,1.0025265871652,1.))
REPRESENTATION_ITEM('')
);
#59=(
BOUNDED_CURVE()
B_SPLINE_CURVE(2,(#4137,#4138,#4139),.UNSPECIFIED.,.F.,.F.)
B_SPLINE_CURVE_WITH_KNOTS((3,3),(4.89895412190957E-9,0.329536427384991),
 .UNSPECIFIED.)
CURVE()
GEOMETRIC_REPRESENTATION_ITEM()
RATIONAL_B_SPLINE_CURVE((1.00000000021036,1.00707520070046,1.))
REPRESENTATION_ITEM('')
);
#60=PLANE('',#1341);
#61=PLANE('',#1346);
#62=PLANE('',#1351);
#63=PLANE('',#1373);
#64=PLANE('',#1374);
#65=PLANE('',#1376);
#66=PLANE('',#1377);
#67=PLANE('',#1378);
#68=PLANE('',#1379);
#69=PLANE('',#1380);
#70=PLANE('',#1384);
#71=PLANE('',#1387);
#72=PLANE('',#1394);
#73=PLANE('',#1402);
#74=PLANE('',#1413);
#75=PLANE('',#1419);
#76=PLANE('',#1421);
#77=PLANE('',#1424);
#78=PLANE('',#1429);
#79=PLANE('',#1435);
#80=PLANE('',#1437);
#81=PLANE('',#1438);
#82=FACE_OUTER_BOUND('',#155,.T.);
#83=FACE_OUTER_BOUND('',#156,.T.);
#84=FACE_OUTER_BOUND('',#157,.T.);
#85=FACE_OUTER_BOUND('',#158,.T.);
#86=FACE_OUTER_BOUND('',#159,.T.);
#87=FACE_OUTER_BOUND('',#160,.T.);
#88=FACE_OUTER_BOUND('',#161,.T.);
#89=FACE_OUTER_BOUND('',#162,.T.);
#90=FACE_OUTER_BOUND('',#163,.T.);
#91=FACE_OUTER_BOUND('',#164,.T.);
#92=FACE_OUTER_BOUND('',#165,.T.);
#93=FACE_OUTER_BOUND('',#166,.T.);
#94=FACE_OUTER_BOUND('',#167,.T.);
#95=FACE_OUTER_BOUND('',#168,.T.);
#96=FACE_OUTER_BOUND('',#169,.T.);
#97=FACE_OUTER_BOUND('',#170,.T.);
#98=FACE_OUTER_BOUND('',#171,.T.);
#99=FACE_OUTER_BOUND('',#172,.T.);
#100=FACE_OUTER_BOUND('',#173,.T.);
#101=FACE_OUTER_BOUND('',#174,.T.);
#102=FACE_OUTER_BOUND('',#175,.T.);
#103=FACE_OUTER_BOUND('',#176,.T.);
#104=FACE_OUTER_BOUND('',#177,.T.);
#105=FACE_OUTER_BOUND('',#178,.T.);
#106=FACE_OUTER_BOUND('',#179,.T.);
#107=FACE_OUTER_BOUND('',#180,.T.);
#108=FACE_OUTER_BOUND('',#181,.T.);
#109=FACE_OUTER_BOUND('',#182,.T.);
#110=FACE_OUTER_BOUND('',#183,.T.);
#111=FACE_OUTER_BOUND('',#184,.T.);
#112=FACE_OUTER_BOUND('',#185,.T.);
#113=FACE_OUTER_BOUND('',#186,.T.);
#114=FACE_OUTER_BOUND('',#187,.T.);
#115=FACE_OUTER_BOUND('',#189,.T.);
#116=FACE_OUTER_BOUND('',#190,.T.);
#117=FACE_OUTER_BOUND('',#191,.T.);
#118=FACE_OUTER_BOUND('',#193,.T.);
#119=FACE_OUTER_BOUND('',#194,.T.);
#120=FACE_OUTER_BOUND('',#195,.T.);
#121=FACE_OUTER_BOUND('',#196,.T.);
#122=FACE_OUTER_BOUND('',#197,.T.);
#123=FACE_OUTER_BOUND('',#199,.T.);
#124=FACE_OUTER_BOUND('',#200,.T.);
#125=FACE_OUTER_BOUND('',#201,.T.);
#126=FACE_OUTER_BOUND('',#202,.T.);
#127=FACE_OUTER_BOUND('',#203,.T.);
#128=FACE_OUTER_BOUND('',#204,.T.);
#129=FACE_OUTER_BOUND('',#205,.T.);
#130=FACE_OUTER_BOUND('',#206,.T.);
#131=FACE_OUTER_BOUND('',#207,.T.);
#132=FACE_OUTER_BOUND('',#208,.T.);
#133=FACE_OUTER_BOUND('',#209,.T.);
#134=FACE_OUTER_BOUND('',#210,.T.);
#135=FACE_OUTER_BOUND('',#212,.T.);
#136=FACE_OUTER_BOUND('',#213,.T.);
#137=FACE_OUTER_BOUND('',#214,.T.);
#138=FACE_OUTER_BOUND('',#215,.T.);
#139=FACE_OUTER_BOUND('',#216,.T.);
#140=FACE_OUTER_BOUND('',#217,.T.);
#141=FACE_OUTER_BOUND('',#218,.T.);
#142=FACE_OUTER_BOUND('',#219,.T.);
#143=FACE_OUTER_BOUND('',#221,.T.);
#144=FACE_OUTER_BOUND('',#223,.T.);
#145=FACE_OUTER_BOUND('',#224,.T.);
#146=FACE_OUTER_BOUND('',#226,.T.);
#147=FACE_OUTER_BOUND('',#227,.T.);
#148=FACE_OUTER_BOUND('',#228,.T.);
#149=FACE_OUTER_BOUND('',#230,.T.);
#150=FACE_OUTER_BOUND('',#231,.T.);
#151=FACE_OUTER_BOUND('',#232,.T.);
#152=FACE_OUTER_BOUND('',#233,.T.);
#153=FACE_OUTER_BOUND('',#234,.T.);
#154=FACE_OUTER_BOUND('',#235,.T.);
#155=EDGE_LOOP('',(#803,#804,#805,#806));
#156=EDGE_LOOP('',(#807,#808,#809,#810));
#157=EDGE_LOOP('',(#811,#812,#813,#814));
#158=EDGE_LOOP('',(#815,#816,#817,#818));
#159=EDGE_LOOP('',(#819,#820,#821,#822));
#160=EDGE_LOOP('',(#823,#824,#825,#826));
#161=EDGE_LOOP('',(#827,#828,#829,#830));
#162=EDGE_LOOP('',(#831,#832,#833,#834));
#163=EDGE_LOOP('',(#835,#836,#837,#838));
#164=EDGE_LOOP('',(#839,#840,#841,#842,#843,#844));
#165=EDGE_LOOP('',(#845,#846,#847,#848));
#166=EDGE_LOOP('',(#849,#850,#851,#852));
#167=EDGE_LOOP('',(#853,#854,#855,#856));
#168=EDGE_LOOP('',(#857,#858,#859,#860));
#169=EDGE_LOOP('',(#861,#862,#863,#864));
#170=EDGE_LOOP('',(#865,#866,#867,#868));
#171=EDGE_LOOP('',(#869,#870,#871,#872));
#172=EDGE_LOOP('',(#873,#874,#875,#876));
#173=EDGE_LOOP('',(#877,#878,#879,#880));
#174=EDGE_LOOP('',(#881,#882,#883,#884,#885));
#175=EDGE_LOOP('',(#886,#887,#888));
#176=EDGE_LOOP('',(#889,#890,#891,#892,#893));
#177=EDGE_LOOP('',(#894,#895,#896,#897));
#178=EDGE_LOOP('',(#898,#899,#900,#901,#902,#903,#904,#905,#906,#907,#908,
#909,#910,#911,#912,#913,#914,#915,#916,#917,#918,#919,#920,#921,#922,#923));
#179=EDGE_LOOP('',(#924,#925,#926,#927,#928,#929,#930));
#180=EDGE_LOOP('',(#931,#932,#933,#934,#935));
#181=EDGE_LOOP('',(#936,#937,#938,#939,#940,#941,#942,#943,#944,#945,#946,
#947,#948,#949,#950,#951,#952,#953,#954,#955,#956,#957,#958,#959,#960,#961));
#182=EDGE_LOOP('',(#962,#963,#964,#965));
#183=EDGE_LOOP('',(#966,#967,#968,#969));
#184=EDGE_LOOP('',(#970,#971,#972,#973,#974));
#185=EDGE_LOOP('',(#975,#976,#977));
#186=EDGE_LOOP('',(#978,#979,#980,#981,#982,#983,#984,#985,#986,#987,#988,
#989,#990,#991));
#187=EDGE_LOOP('',(#992,#993,#994,#995,#996,#997,#998,#999,#1000,#1001,
#1002,#1003,#1004,#1005,#1006,#1007,#1008,#1009,#1010,#1011,#1012,#1013,
#1014));
#188=EDGE_LOOP('',(#1015,#1016));
#189=EDGE_LOOP('',(#1017,#1018,#1019,#1020));
#190=EDGE_LOOP('',(#1021));
#191=EDGE_LOOP('',(#1022,#1023,#1024,#1025,#1026,#1027));
#192=EDGE_LOOP('',(#1028));
#193=EDGE_LOOP('',(#1029,#1030,#1031,#1032));
#194=EDGE_LOOP('',(#1033,#1034,#1035,#1036,#1037));
#195=EDGE_LOOP('',(#1038,#1039,#1040));
#196=EDGE_LOOP('',(#1041,#1042,#1043,#1044));
#197=EDGE_LOOP('',(#1045,#1046,#1047,#1048,#1049,#1050));
#198=EDGE_LOOP('',(#1051));
#199=EDGE_LOOP('',(#1052,#1053,#1054,#1055));
#200=EDGE_LOOP('',(#1056,#1057,#1058,#1059));
#201=EDGE_LOOP('',(#1060,#1061,#1062,#1063,#1064,#1065,#1066,#1067));
#202=EDGE_LOOP('',(#1068,#1069,#1070,#1071));
#203=EDGE_LOOP('',(#1072,#1073,#1074,#1075));
#204=EDGE_LOOP('',(#1076,#1077,#1078,#1079,#1080));
#205=EDGE_LOOP('',(#1081,#1082,#1083,#1084));
#206=EDGE_LOOP('',(#1085,#1086,#1087,#1088));
#207=EDGE_LOOP('',(#1089,#1090,#1091,#1092));
#208=EDGE_LOOP('',(#1093,#1094,#1095,#1096,#1097,#1098,#1099,#1100,#1101,
#1102,#1103,#1104,#1105,#1106,#1107,#1108));
#209=EDGE_LOOP('',(#1109,#1110,#1111,#1112));
#210=EDGE_LOOP('',(#1113));
#211=EDGE_LOOP('',(#1114));
#212=EDGE_LOOP('',(#1115,#1116,#1117,#1118));
#213=EDGE_LOOP('',(#1119,#1120,#1121,#1122));
#214=EDGE_LOOP('',(#1123,#1124,#1125,#1126));
#215=EDGE_LOOP('',(#1127,#1128,#1129,#1130));
#216=EDGE_LOOP('',(#1131,#1132,#1133,#1134,#1135,#1136,#1137));
#217=EDGE_LOOP('',(#1138,#1139,#1140,#1141));
#218=EDGE_LOOP('',(#1142,#1143,#1144,#1145));
#219=EDGE_LOOP('',(#1146));
#220=EDGE_LOOP('',(#1147));
#221=EDGE_LOOP('',(#1148));
#222=EDGE_LOOP('',(#1149));
#223=EDGE_LOOP('',(#1150,#1151,#1152,#1153));
#224=EDGE_LOOP('',(#1154));
#225=EDGE_LOOP('',(#1155));
#226=EDGE_LOOP('',(#1156,#1157,#1158,#1159));
#227=EDGE_LOOP('',(#1160,#1161,#1162,#1163));
#228=EDGE_LOOP('',(#1164));
#229=EDGE_LOOP('',(#1165));
#230=EDGE_LOOP('',(#1166,#1167,#1168,#1169));
#231=EDGE_LOOP('',(#1170,#1171,#1172,#1173));
#232=EDGE_LOOP('',(#1174,#1175,#1176,#1177));
#233=EDGE_LOOP('',(#1178,#1179,#1180,#1181,#1182));
#234=EDGE_LOOP('',(#1183,#1184,#1185,#1186,#1187,#1188));
#235=EDGE_LOOP('',(#1189,#1190,#1191,#1192,#1193,#1194,#1195,#1196,#1197,
#1198,#1199));
#236=EDGE_LOOP('',(#1200));
#237=CIRCLE('',#1321,1.99475);
#238=CIRCLE('',#1340,2.5);
#239=CIRCLE('',#1342,2.4505);
#240=CIRCLE('',#1345,2.4505);
#241=CIRCLE('',#1347,1.99474999999998);
#242=CIRCLE('',#1348,2.5);
#243=CIRCLE('',#1353,13.0516504294496);
#244=CIRCLE('',#1354,13.0516504294496);
#245=CIRCLE('',#1355,13.0516504294496);
#246=CIRCLE('',#1357,11.5);
#247=CIRCLE('',#1359,11.5087572106361);
#248=CIRCLE('',#1361,13.0516504294496);
#249=CIRCLE('',#1362,11.5);
#250=CIRCLE('',#1363,11.5);
#251=CIRCLE('',#1365,13.0516504294496);
#252=CIRCLE('',#1366,9.51583521263721);
#253=CIRCLE('',#1367,13.0516504294496);
#254=CIRCLE('',#1368,11.5087571108508);
#255=CIRCLE('',#1369,8.19454364826352);
#256=CIRCLE('',#1371,0.874999999999999);
#257=CIRCLE('',#1372,0.874999999999999);
#258=CIRCLE('',#1375,0.874999999999999);
#259=CIRCLE('',#1383,6.);
#260=CIRCLE('',#1389,10.6328816330644);
#261=CIRCLE('',#1390,5.);
#262=CIRCLE('',#1391,9.593323178969);
#263=CIRCLE('',#1393,9.16228182204393);
#264=CIRCLE('',#1396,11.5);
#265=CIRCLE('',#1397,11.5);
#266=CIRCLE('',#1398,11.5);
#267=CIRCLE('',#1400,11.15);
#268=CIRCLE('',#1401,0.35);
#269=CIRCLE('',#1404,10.2500000000114);
#270=CIRCLE('',#1405,0.36);
#271=CIRCLE('',#1406,9.96484820870602);
#272=CIRCLE('',#1408,10.2500000000127);
#273=CIRCLE('',#1410,8.5500000000101);
#274=CIRCLE('',#1412,8.55000000001012);
#275=CIRCLE('',#1415,13.0516504294496);
#276=CIRCLE('',#1417,6.54999999999799);
#277=CIRCLE('',#1418,6.54999999999907);
#278=CIRCLE('',#1420,4.50000000000001);
#279=CIRCLE('',#1423,4.5);
#280=CIRCLE('',#1425,6.5500000000007);
#281=CIRCLE('',#1427,6.5500000000007);
#282=CIRCLE('',#1430,6.78033008589043);
#283=CIRCLE('',#1432,2.);
#284=CIRCLE('',#1434,0.874999999999999);
#285=B_SPLINE_CURVE_WITH_KNOTS('',3,(#1739,#1740,#1741,#1742,#1743,#1744,
#1745,#1746,#1747),.UNSPECIFIED.,.F.,.F.,(4,1,1,1,1,1,4),(10.3747553777869,
11.3067541159544,12.3062862455516,13.3058183751489,14.3053505047462,15.3048826343434,
15.7079632679489),.UNSPECIFIED.);
#286=B_SPLINE_CURVE_WITH_KNOTS('',3,(#1750,#1751,#1752,#1753,#1754,#1755,
#1756,#1757),.UNSPECIFIED.,.F.,.F.,(4,1,1,1,1,4),(11.6163931973414,12.6089700369381,
13.6015468765348,14.5941237161316,15.5867005557283,15.7079632679489),
 .UNSPECIFIED.);
#287=B_SPLINE_CURVE_WITH_KNOTS('',3,(#1762,#1763,#1764,#1765,#1766,#1767,
#1768,#1769,#1770,#1771),.UNSPECIFIED.,.F.,.F.,(4,1,1,1,1,1,1,4),(15.7079632679489,
16.3044147639407,17.3039468935379,18.3034790231352,19.3030111527325,20.3025432823297,
21.302075411927,21.9911485751285),.UNSPECIFIED.);
#288=B_SPLINE_CURVE_WITH_KNOTS('',3,(#1772,#1773,#1774,#1775,#1776,#1777,
#1778,#1779,#1780,#1781),.UNSPECIFIED.,.F.,.F.,(4,1,1,1,1,1,1,4),(15.7079632679489,
16.5792773953251,17.5718542349218,18.5644310745185,19.5570079141153,20.549584753712,
21.5421615933087,21.9911485751285),.UNSPECIFIED.);
#289=B_SPLINE_CURVE_WITH_KNOTS('',3,(#1786,#1787,#1788,#1789,#1790,#1791,
#1792,#1793,#1794,#1795),.UNSPECIFIED.,.F.,.F.,(4,1,1,1,1,1,1,4),(21.9911485751285,
22.3016075415243,23.3011396711215,24.3006718007188,25.300203930316,26.2997360599133,
27.2992681895106,28.2743338823081),.UNSPECIFIED.);
#290=B_SPLINE_CURVE_WITH_KNOTS('',3,(#1796,#1797,#1798,#1799,#1800,#1801,
#1802,#1803,#1804,#1805),.UNSPECIFIED.,.F.,.F.,(4,1,1,1,1,1,1,4),(21.9911485751285,
22.5347384329055,23.5273152725022,24.5198921120989,25.5124689516957,26.5050457912924,
27.4976226308891,28.2743338823081),.UNSPECIFIED.);
#291=B_SPLINE_CURVE_WITH_KNOTS('',3,(#1810,#1811,#1812,#1813,#1814,#1815,
#1816,#1817,#1818,#1819,#1820),.UNSPECIFIED.,.F.,.F.,(4,1,1,1,1,1,1,1,4),
(28.2743338823081,28.2988003191078,29.2983324487051,30.2978645783024,31.2973967078996,
32.2969288374969,33.2964609670941,34.2959930966914,34.5575191894877),
 .UNSPECIFIED.);
#292=B_SPLINE_CURVE_WITH_KNOTS('',3,(#1821,#1822,#1823,#1824,#1825,#1826,
#1827,#1828,#1829,#1830,#1831),.UNSPECIFIED.,.F.,.F.,(4,1,1,1,1,1,1,1,4),
(28.2743338823081,28.4901994704859,29.4827763100826,30.4753531496794,31.4679299892761,
32.4605068288728,33.4530836684696,34.4456605080663,34.5575191894877),
 .UNSPECIFIED.);
#293=B_SPLINE_CURVE_WITH_KNOTS('',3,(#1836,#1837,#1838,#1839,#1840,#1841,
#1842,#1843,#1844,#1845),.UNSPECIFIED.,.F.,.F.,(4,1,1,1,1,1,1,4),(34.5575191894877,
35.2955252262887,36.2950573558859,37.2945894854832,38.2941216150804,39.2936537446777,
40.293185874275,40.8407044966673),.UNSPECIFIED.);
#294=B_SPLINE_CURVE_WITH_KNOTS('',3,(#1846,#1847,#1848,#1849,#1850,#1851,
#1852,#1853,#1854,#1855),.UNSPECIFIED.,.F.,.F.,(4,1,1,1,1,1,1,4),(34.5575191894877,
35.438237347663,36.4308141872598,37.4233910268565,38.4159678664533,39.40854470605,
40.4011215456467,40.8407044966673),.UNSPECIFIED.);
#295=B_SPLINE_CURVE_WITH_KNOTS('',3,(#1860,#1861,#1862,#1863,#1864,#1865,
#1866,#1867,#1868,#1869),.UNSPECIFIED.,.F.,.F.,(4,1,1,1,1,1,1,4),(40.8407044966673,
41.2927180038722,42.2922501334695,43.2917822630668,44.291314392664,45.2908465222613,
46.2903786518585,47.1238898038469),.UNSPECIFIED.);
#296=B_SPLINE_CURVE_WITH_KNOTS('',3,(#1870,#1871,#1872,#1873,#1874,#1875,
#1876,#1877,#1878,#1879),.UNSPECIFIED.,.F.,.F.,(4,1,1,1,1,1,1,4),(40.8407044966673,
41.3936983852435,42.3862752248402,43.3788520644369,44.3714289040337,45.3640057436304,
46.3565825832271,47.1238898038469),.UNSPECIFIED.);
#297=B_SPLINE_CURVE_WITH_KNOTS('',3,(#1884,#1885,#1886,#1887,#1888,#1889,
#1890,#1891,#1892,#1893,#1894),.UNSPECIFIED.,.F.,.F.,(4,1,1,1,1,1,1,1,4),
(47.1238898038469,47.2899107814558,48.2894429110531,49.2889750406503,50.2885071702476,
51.2880392998449,52.2875714294421,53.2871035590394,53.4070751110265),
 .UNSPECIFIED.);
#298=B_SPLINE_CURVE_WITH_KNOTS('',3,(#1895,#1896,#1897,#1898,#1899,#1900,
#1901,#1902,#1903,#1904,#1905),.UNSPECIFIED.,.F.,.F.,(4,1,1,1,1,1,1,1,4),
(47.1238898038469,47.3491594228239,48.3417362624206,49.3343131020173,50.3268899416141,
51.3194667812108,52.3120436208076,53.3046204604043,53.4070751110265),
 .UNSPECIFIED.);
#299=B_SPLINE_CURVE_WITH_KNOTS('',3,(#1910,#1911,#1912,#1913,#1914,#1915,
#1916,#1917,#1918,#1919),.UNSPECIFIED.,.F.,.F.,(4,1,1,1,1,1,1,4),(53.4070751110265,
54.2866356886367,55.2861678182339,56.2856999478312,57.2852320774284,58.2847642070257,
59.284296336623,59.690260418206),.UNSPECIFIED.);
#300=B_SPLINE_CURVE_WITH_KNOTS('',3,(#1920,#1921,#1922,#1923,#1924,#1925,
#1926,#1927,#1928,#1929),.UNSPECIFIED.,.F.,.F.,(4,1,1,1,1,1,1,4),(53.4070751110265,
54.297197300001,55.2897741395978,56.2823509791945,57.2749278187912,58.267504658388,
59.2600814979847,59.6902604182061),.UNSPECIFIED.);
#301=B_SPLINE_CURVE_WITH_KNOTS('',3,(#1934,#1935,#1936,#1937,#1938,#1939,
#1940,#1941,#1942,#1943),.UNSPECIFIED.,.F.,.F.,(4,1,1,1,1,1,1,4),(59.690260418206,
60.2838284662202,61.2833605958175,62.2828927254148,63.282424855012,64.2819569846093,
65.2814891142065,65.9734457253856),.UNSPECIFIED.);
#302=B_SPLINE_CURVE_WITH_KNOTS('',3,(#1944,#1945,#1946,#1947,#1948,#1949,
#1950,#1951,#1952,#1953),.UNSPECIFIED.,.F.,.F.,(4,1,1,1,1,1,1,4),(59.6902604182061,
60.2526583375814,61.2452351771782,62.2378120167749,63.2303888563717,64.2229656959684,
65.2155425355651,65.9734457253857),.UNSPECIFIED.);
#303=B_SPLINE_CURVE_WITH_KNOTS('',3,(#1959,#1960,#1961,#1962,#1963,#1964,
#1965,#1966,#1967,#1968,#1969,#1970,#1971,#1972,#1973,#1974,#1975,#1976,
#1977),.UNSPECIFIED.,.F.,.F.,(4,3,3,3,3,3,4),(51.3821026910434,51.9756707390577,
52.9752028686549,53.9747349982522,54.9742671278494,55.9737992574467,56.4186161246742),
 .UNSPECIFIED.);
#304=B_SPLINE_CURVE_WITH_KNOTS('',3,(#1979,#1980,#1981,#1982),
 .UNSPECIFIED.,.F.,.F.,(4,4),(1.36928269171119,1.38289559846276),
 .UNSPECIFIED.);
#305=B_SPLINE_CURVE_WITH_KNOTS('',3,(#1984,#1985,#1986,#1987,#1988,#1989,
#1990,#1991,#1992,#1993,#1994,#1995,#1996,#1997,#1998,#1999),
 .UNSPECIFIED.,.F.,.F.,(4,3,3,3,3,4),(-59.355174109094,-58.5620335362074,
-57.5694566966107,-56.576879857014,-55.5843030174172,-55.3460012305733),
 .UNSPECIFIED.);
#306=B_SPLINE_CURVE_WITH_KNOTS('',3,(#2001,#2002,#2003,#2004,#2005,#2006),
 .UNSPECIFIED.,.F.,.F.,(4,2,4),(-0.0714302178575505,-0.0447509109210502,
-0.0330690336437538),.UNSPECIFIED.);
#307=B_SPLINE_CURVE_WITH_KNOTS('',3,(#2007,#2008,#2009,#2010,#2011,#2012,
#2013),.UNSPECIFIED.,.F.,.F.,(4,3,4),(-55.1821099463346,-54.5917261778205,
-54.3570525280442),.UNSPECIFIED.);
#308=B_SPLINE_CURVE_WITH_KNOTS('',3,(#2018,#2019,#2020,#2021,#2022,#2023,
#2024,#2025,#2026,#2027,#2028,#2029,#2030,#2031,#2032,#2033,#2034,#2035,
#2036,#2037,#2038,#2039),.UNSPECIFIED.,.F.,.F.,(4,3,3,3,3,3,3,4),(45.0989173838638,
45.9784779614741,46.9780100910713,47.9775422206686,48.9770743502659,49.9766064798631,
50.9761386094604,51.3821026910434),.UNSPECIFIED.);
#309=B_SPLINE_CURVE_WITH_KNOTS('',3,(#2040,#2041,#2042,#2043,#2044,#2045,
#2046,#2047,#2048,#2049,#2050,#2051,#2052,#2053,#2054,#2055,#2056,#2057,
#2058,#2059,#2060,#2061),.UNSPECIFIED.,.F.,.F.,(4,3,3,3,3,3,3,4),(-54.3570525280442,
-53.5991493382238,-52.606572498627,-51.6139956590303,-50.6214188194336,
-49.6288419798368,-48.6362651402401,-48.0738672208646),.UNSPECIFIED.);
#310=B_SPLINE_CURVE_WITH_KNOTS('',3,(#2066,#2067,#2068,#2069,#2070,#2071,
#2072,#2073,#2074,#2075,#2076,#2077,#2078,#2079,#2080,#2081,#2082,#2083,
#2084,#2085,#2086,#2087,#2088,#2089,#2090),.UNSPECIFIED.,.F.,.F.,(4,3,3,
3,3,3,3,3,4),(38.8157320766842,38.9817530542932,39.9812851838905,40.9808173134878,
41.980349443085,42.9798815726823,43.9794137022796,44.9789458318768,45.0989173838638),
 .UNSPECIFIED.);
#311=B_SPLINE_CURVE_WITH_KNOTS('',3,(#2091,#2092,#2093,#2094,#2095,#2096,
#2097,#2098,#2099,#2100,#2101,#2102,#2103,#2104,#2105,#2106,#2107,#2108,
#2109,#2110,#2111,#2112),.UNSPECIFIED.,.F.,.F.,(4,3,3,3,3,3,3,4),(-48.0738672208646,
-47.6436883006433,-46.6511114610466,-45.6585346214499,-44.6659577818531,
-43.6733809422564,-42.6808041026597,-41.790681913685),.UNSPECIFIED.);
#312=B_SPLINE_CURVE_WITH_KNOTS('',3,(#2117,#2118,#2119,#2120,#2121,#2122,
#2123,#2124,#2125,#2126,#2127,#2128,#2129,#2130,#2131,#2132,#2133,#2134,
#2135,#2136,#2137,#2138),.UNSPECIFIED.,.F.,.F.,(4,3,3,3,3,3,3,4),(32.5325467695046,
32.9845602767097,33.9840924063069,34.9836245359042,35.9831566655014,36.9826887950987,
37.982220924696,38.8157320766842),.UNSPECIFIED.);
#313=B_SPLINE_CURVE_WITH_KNOTS('',3,(#2139,#2140,#2141,#2142,#2143,#2144,
#2145,#2146,#2147,#2148,#2149,#2150,#2151,#2152,#2153,#2154,#2155,#2156,
#2157,#2158,#2159,#2160,#2161,#2162,#2163),.UNSPECIFIED.,.F.,.F.,(4,3,3,
3,3,3,3,3,4),(-41.790681913685,-41.6882272630629,-40.6956504234662,-39.7030735838695,
-38.7104967442727,-37.717919904676,-36.7253430650793,-35.7327662254825,
-35.5074966065054),.UNSPECIFIED.);
#314=B_SPLINE_CURVE_WITH_KNOTS('',3,(#2168,#2169,#2170,#2171,#2172,#2173,
#2174,#2175,#2176,#2177,#2178,#2179,#2180,#2181,#2182,#2183,#2184,#2185,
#2186,#2187,#2188,#2189),.UNSPECIFIED.,.F.,.F.,(4,3,3,3,3,3,3,4),(26.249361462325,
26.9873674991261,27.9868996287234,28.9864317583206,29.9859638879179,30.9854960175151,
31.9850281471124,32.5325467695046),.UNSPECIFIED.);
#315=B_SPLINE_CURVE_WITH_KNOTS('',3,(#2190,#2191,#2192,#2193,#2194,#2195,
#2196,#2197,#2198,#2199,#2200,#2201,#2202,#2203,#2204,#2205,#2206,#2207,
#2208,#2209,#2210,#2211),.UNSPECIFIED.,.F.,.F.,(4,3,3,3,3,3,3,4),(-35.5074966065054,
-34.7401893858858,-33.747612546289,-32.7550357066923,-31.7624588670956,
-30.7698820274988,-29.7773051879021,-29.2243112993258),.UNSPECIFIED.);
#316=B_SPLINE_CURVE_WITH_KNOTS('',3,(#2216,#2217,#2218,#2219,#2220,#2221,
#2222,#2223,#2224,#2225,#2226,#2227,#2228,#2229,#2230,#2231,#2232,#2233,
#2234,#2235,#2236,#2237,#2238,#2239,#2240),.UNSPECIFIED.,.F.,.F.,(4,3,3,
3,3,3,3,3,4),(19.9661761551454,19.9906425919452,20.9901747215425,21.9897068511398,
22.989238980737,23.9887711103343,24.9883032399316,25.9878353695288,26.249361462325),
 .UNSPECIFIED.);
#317=B_SPLINE_CURVE_WITH_KNOTS('',3,(#2241,#2242,#2243,#2244,#2245,#2246,
#2247,#2248,#2249,#2250,#2251,#2252,#2253,#2254,#2255,#2256,#2257,#2258,
#2259,#2260,#2261,#2262),.UNSPECIFIED.,.F.,.F.,(4,3,3,3,3,3,3,4),(-29.2243112993258,
-28.7847283483053,-27.7921515087086,-26.7995746691119,-25.8069978295151,
-24.8144209899184,-23.8218441503217,-22.9411259921463),.UNSPECIFIED.);
#318=B_SPLINE_CURVE_WITH_KNOTS('',3,(#2267,#2268,#2269,#2270,#2271,#2272,
#2273,#2274,#2275,#2276,#2277,#2278,#2279,#2280,#2281,#2282,#2283,#2284,
#2285,#2286,#2287,#2288),.UNSPECIFIED.,.F.,.F.,(4,3,3,3,3,3,3,4),(13.6829908479658,
13.9934498143617,14.9929819439589,15.9925140735562,16.9920462031535,17.9915783327507,
18.991110462348,19.9661761551454),.UNSPECIFIED.);
#319=B_SPLINE_CURVE_WITH_KNOTS('',3,(#2289,#2290,#2291,#2292,#2293,#2294,
#2295,#2296,#2297,#2298,#2299,#2300,#2301,#2302,#2303,#2304,#2305,#2306,
#2307,#2308,#2309,#2310,#2311,#2312,#2313),.UNSPECIFIED.,.F.,.F.,(4,3,3,
3,3,3,3,3,4),(-22.9411259921463,-22.8292673107249,-21.8366904711282,-20.8441136315315,
-19.8515367919347,-18.858959952338,-17.8663831127413,-16.8738062731445,
-16.6579406849667),.UNSPECIFIED.);
#320=B_SPLINE_CURVE_WITH_KNOTS('',3,(#2318,#2319,#2320,#2321,#2322,#2323,
#2324,#2325,#2326,#2327,#2328,#2329,#2330,#2331,#2332,#2333,#2334,#2335,
#2336,#2337,#2338,#2339),.UNSPECIFIED.,.F.,.F.,(4,3,3,3,3,3,3,4),(7.39980554078625,
7.9962570367781,8.99578916637537,9.99532129597263,10.9948534255699,11.9943855551671,
12.9939176847644,13.6829908479658),.UNSPECIFIED.);
#321=B_SPLINE_CURVE_WITH_KNOTS('',3,(#2340,#2341,#2342,#2343,#2344,#2345,
#2346,#2347,#2348,#2349,#2350,#2351,#2352,#2353,#2354,#2355,#2356,#2357,
#2358,#2359,#2360,#2361),.UNSPECIFIED.,.F.,.F.,(4,3,3,3,3,3,3,4),(-16.6579406849667,
-15.8812294335478,-14.888652593951,-13.8960757543543,-12.9034989147576,
-11.9109220751608,-10.9183452355641,-10.3747553777871),.UNSPECIFIED.);
#322=B_SPLINE_CURVE_WITH_KNOTS('',3,(#2366,#2367,#2368,#2369,#2370,#2371,
#2372,#2373,#2374,#2375,#2376,#2377,#2378,#2379,#2380,#2381,#2382,#2383,
#2384,#2385,#2386,#2387),.UNSPECIFIED.,.F.,.F.,(4,3,3,3,3,3,3,4),(1.11662023360666,
1.99906425919452,2.99859638879179,3.99812851838905,4.99766064798631,5.99719277758358,
6.99672490718084,7.39980554078625),.UNSPECIFIED.);
#323=B_SPLINE_CURVE_WITH_KNOTS('',3,(#2388,#2389,#2390,#2391,#2392,#2393,
#2394,#2395,#2396,#2397,#2398,#2399,#2400,#2401,#2402,#2403,#2404,#2405,
#2406,#2407,#2408,#2409),.UNSPECIFIED.,.F.,.F.,(4,3,3,3,3,3,3,4),(-10.3747553777871,
-9.92576839596737,-8.93319155637063,-7.94061471677389,-6.94803787717716,
-5.95546103758042,-4.96288419798368,-4.0915700706075),.UNSPECIFIED.);
#324=B_SPLINE_CURVE_WITH_KNOTS('',3,(#2413,#2414,#2415,#2416),
 .UNSPECIFIED.,.F.,.F.,(4,4),(0.124202326848862,0.13936140893916),
 .UNSPECIFIED.);
#325=B_SPLINE_CURVE_WITH_KNOTS('',3,(#2418,#2419,#2420,#2421,#2422,#2423,
#2424,#2425,#2426,#2427,#2428,#2429,#2430,#2431),.UNSPECIFIED.,.F.,.F.,
(4,2,2,2,2,2,4),(-0.249012206204829,-0.214524242344549,-0.181012804171228,
-0.139422744595615,-0.0970713981090629,-0.0510188106205294,-0.0373485858125221),
 .UNSPECIFIED.);
#326=B_SPLINE_CURVE_WITH_KNOTS('',3,(#2433,#2434,#2435,#2436),
 .UNSPECIFIED.,.F.,.F.,(4,4),(1.07015620216863,1.08531528425893),
 .UNSPECIFIED.);
#327=B_SPLINE_CURVE_WITH_KNOTS('',3,(#2448,#2449,#2450,#2451,#2452,#2453,
#2454,#2455,#2456,#2457,#2458,#2459,#2460,#2461,#2462,#2463,#2464,#2465,
#2466,#2467,#2468,#2469,#2470,#2471,#2472,#2473,#2474,#2475,#2476,#2477,
#2478,#2479,#2480,#2481,#2482,#2483,#2484),.UNSPECIFIED.,.F.,.F.,(4,3,3,
3,3,3,3,3,3,3,3,3,4),(-0.461788964899769,-0.436153708727067,-0.414091654110504,
-0.403695289913833,-0.398634248267119,-0.393453658182007,-0.368174984581062,
-0.343130545409923,-0.336019301250835,-0.331589032879414,-0.307048841036248,
-0.283095306564043,-0.259657271794559),.UNSPECIFIED.);
#328=B_SPLINE_CURVE_WITH_KNOTS('',3,(#2503,#2504,#2505,#2506),
 .UNSPECIFIED.,.F.,.F.,(4,4),(0.195195259897511,0.232250702425701),
 .UNSPECIFIED.);
#329=B_SPLINE_CURVE_WITH_KNOTS('',3,(#2507,#2508,#2509,#2510),
 .UNSPECIFIED.,.F.,.F.,(4,4),(-60.971459905433,-60.2473385844602),
 .UNSPECIFIED.);
#330=B_SPLINE_CURVE_WITH_KNOTS('',3,(#2513,#2514,#2515,#2516),
 .UNSPECIFIED.,.F.,.F.,(4,4),(0.0930732819444148,0.107839259862474),
 .UNSPECIFIED.);
#331=B_SPLINE_CURVE_WITH_KNOTS('',3,(#2518,#2519,#2520,#2521,#2522,#2523),
 .UNSPECIFIED.,.F.,.F.,(4,2,4),(1.09698234233399,1.10945186726979,1.11452453320314),
 .UNSPECIFIED.);
#332=B_SPLINE_CURVE_WITH_KNOTS('',3,(#2524,#2525,#2526,#2527,#2528,#2529,
#2530),.UNSPECIFIED.,.F.,.F.,(4,3,4),(57.2232325020958,57.9728635166412,
58.0639516309542),.UNSPECIFIED.);
#333=B_SPLINE_CURVE_WITH_KNOTS('',3,(#2533,#2534,#2535,#2536,#2537,#2538,
#2539,#2540,#2541,#2542),.UNSPECIFIED.,.F.,.F.,(4,3,3,4),(-4.0915700706075,
-3.97030735838695,-2.97773051879021,-2.06659765062438),.UNSPECIFIED.);
#334=B_SPLINE_CURVE_WITH_KNOTS('',3,(#2545,#2546,#2547,#2548,#2549,#2550,
#2551),.UNSPECIFIED.,.F.,.F.,(4,3,4),(0.,0.999532129597263,1.11662023360666),
 .UNSPECIFIED.);
#335=B_SPLINE_CURVE_WITH_KNOTS('',3,(#2809,#2810,#2811,#2812,#2813,#2814,
#2815,#2816,#2817,#2818,#2819,#2820,#2821,#2822,#2823,#2824,#2825,#2826,
#2827,#2828,#2829,#2830,#2831,#2832,#2833,#2834,#2835,#2836,#2837,#2838,
#2839,#2840,#2841,#2842,#2843,#2844,#2845,#2846,#2847,#2848,#2849,#2850,
#2851,#2852,#2853,#2854,#2855,#2856,#2857,#2858,#2859,#2860,#2861,#2862,
#2863,#2864,#2865,#2866,#2867,#2868,#2869),.UNSPECIFIED.,.F.,.F.,(4,3,3,
3,3,3,3,3,3,3,3,3,3,3,3,3,3,3,3,3,4),(0.0113955288685073,0.0301206385290798,
0.0413195245564392,0.0600893423129767,0.0788602324412348,0.094326343890468,
0.116455753896221,0.124723939764859,0.12680549585964,0.12751143574113,0.127953606025329,
0.128360565727751,0.128891103885034,0.13001260399632,0.142492989548822,
0.164781156076964,0.178887845049594,0.198167602640463,0.217669478438763,
0.237094560610715,0.252684616071196),.UNSPECIFIED.);
#336=B_SPLINE_CURVE_WITH_KNOTS('',3,(#2871,#2872,#2873,#2874,#2875,#2876,
#2877,#2878,#2879,#2880,#2881,#2882,#2883,#2884,#2885,#2886,#2887,#2888,
#2889,#2890,#2891,#2892,#2893,#2894,#2895,#2896,#2897,#2898,#2899,#2900,
#2901,#2902,#2903,#2904,#2905,#2906,#2907,#2908,#2909,#2910,#2911,#2912,
#2913,#2914,#2915,#2916,#2917,#2918,#2919,#2920,#2921,#2922,#2923,#2924,
#2925,#2926,#2927,#2928),.UNSPECIFIED.,.F.,.F.,(4,3,3,3,3,3,3,3,3,3,3,3,
3,3,3,3,3,3,3,4),(0.,0.00201889393394827,0.0218873203247693,0.0420869918638016,
0.0622866634028339,0.0830589001721967,0.0854960244930248,0.100466743594072,
0.101785513473534,0.102303217193713,0.102678303453074,0.103078294658541,
0.103610719795403,0.104779016661311,0.11873588350617,0.139364108540609,
0.160116136454717,0.162647211759629,0.181971719636129,0.18785184024377),
 .UNSPECIFIED.);
#337=B_SPLINE_CURVE_WITH_KNOTS('',3,(#2929,#2930,#2931,#2932),
 .UNSPECIFIED.,.F.,.F.,(4,4),(0.,0.00737664175723571),.UNSPECIFIED.);
#338=B_SPLINE_CURVE_WITH_KNOTS('',3,(#2933,#2934,#2935,#2936,#2937,#2938,
#2939,#2940,#2941,#2942,#2943,#2944,#2945,#2946,#2947,#2948,#2949,#2950,
#2951,#2952,#2953,#2954,#2955,#2956,#2957,#2958,#2959,#2960,#2961,#2962,
#2963,#2964,#2965,#2966,#2967,#2968,#2969,#2970,#2971,#2972,#2973,#2974,
#2975,#2976,#2977,#2978,#2979,#2980,#2981,#2982,#2983,#2984,#2985,#2986,
#2987,#2988,#2989,#2990,#2991,#2992,#2993,#2994,#2995,#2996,#2997,#2998,
#2999,#3000,#3001,#3002,#3003,#3004,#3005,#3006,#3007,#3008,#3009,#3010,
#3011,#3012,#3013,#3014,#3015,#3016,#3017,#3018,#3019,#3020),
 .UNSPECIFIED.,.F.,.F.,(4,3,3,3,3,3,3,3,3,3,3,3,3,3,3,3,3,3,3,3,3,3,3,3,
3,3,3,3,3,4),(0.,0.0136215535715145,0.0350877126040276,0.0571409419410865,
0.0787779272748099,0.0825419672625072,0.105361714931186,0.128640789860851,
0.153255808101911,0.159564178147873,0.164039889356505,0.188073731942447,
0.212009605320167,0.227100862825088,0.241768869204756,0.246389341043717,
0.250142958243515,0.273648142492199,0.298057996775578,0.318524367791104,
0.329873339684967,0.335511443905811,0.33987179403696,0.365060335581739,
0.389242492911251,0.395555312387705,0.401449516159563,0.427265524456812,
0.452717903420962,0.461788964899789),.UNSPECIFIED.);
#339=B_SPLINE_CURVE_WITH_KNOTS('',3,(#3022,#3023,#3024,#3025,#3026,#3027,
#3028),.UNSPECIFIED.,.F.,.F.,(4,1,1,1,4),(65.9734457253856,66.2810212438038,
67.2805533734011,68.2800855029983,69.2796176325956),.UNSPECIFIED.);
#340=B_SPLINE_CURVE_WITH_KNOTS('',3,(#3029,#3030,#3031,#3032,#3033,#3034,
#3035,#3036,#3037,#3038,#3039,#3040,#3041,#3042,#3043,#3044,#3045,#3046,
#3047,#3048,#3049,#3050,#3051,#3052,#3053,#3054,#3055,#3056,#3057,#3058,
#3059,#3060,#3061,#3062,#3063,#3064,#3065,#3066,#3067,#3068,#3069,#3070,
#3071,#3072,#3073,#3074,#3075,#3076,#3077,#3078,#3079,#3080,#3081,#3082,
#3083,#3084,#3085,#3086,#3087,#3088,#3089,#3090,#3091,#3092,#3093,#3094,
#3095,#3096,#3097,#3098,#3099,#3100,#3101,#3102,#3103,#3104,#3105,#3106,
#3107,#3108,#3109,#3110),.UNSPECIFIED.,.F.,.F.,(4,3,3,3,3,3,3,3,3,3,3,3,
3,3,3,3,3,3,3,3,3,3,3,3,3,3,3,4),(-0.463803050843787,-0.442268040409251,
-0.420169737543123,-0.410943575364975,-0.406484395397412,-0.383674905821729,
-0.367107058680952,-0.358059287395655,-0.352484114896519,-0.329037171334581,
-0.305290893658927,-0.281791419218174,-0.272455969549703,-0.268724405837468,
-0.251132128695516,-0.227911091782293,-0.205071989272826,-0.194464405824366,
-0.18626885734916,-0.181509816073333,-0.157094770494741,-0.132153494570331,
-0.110414688854388,-0.100047457609079,-0.0952199377246389,-0.0913877785165495,
-0.0655799756002177,-0.0451982717065581),.UNSPECIFIED.);
#341=B_SPLINE_CURVE_WITH_KNOTS('',3,(#3119,#3120,#3121,#3122,#3123,#3124,
#3125,#3126,#3127,#3128,#3129,#3130,#3131,#3132,#3133,#3134,#3135,#3136,
#3137,#3138,#3139,#3140,#3141,#3142,#3143),.UNSPECIFIED.,.F.,.F.,(4,3,3,
3,3,3,3,3,4),(-0.135377740645513,-0.112110404782239,-0.0887782399984753,
-0.0801656127169906,-0.0764923911117179,-0.0538303073310988,-0.0312396820444556,
-0.00918650832876962,0.),.UNSPECIFIED.);
#342=B_SPLINE_CURVE_WITH_KNOTS('',3,(#3153,#3154,#3155,#3156,#3157,#3158,
#3159,#3160,#3161,#3162),.UNSPECIFIED.,.F.,.F.,(4,2,2,2,4),(1.44918409807842,
1.47506131246691,1.74060501382603,1.88571335570044,1.96744973026365),
 .UNSPECIFIED.);
#343=B_SPLINE_CURVE_WITH_KNOTS('',3,(#3164,#3165,#3166,#3167,#3168,#3169,
#3170,#3171),.UNSPECIFIED.,.F.,.F.,(4,2,2,4),(1.44550515579621,1.52014319854116,
1.64413452783515,1.66009820833937),.UNSPECIFIED.);
#344=B_SPLINE_CURVE_WITH_KNOTS('',3,(#3173,#3174,#3175,#3176,#3177,#3178,
#3179,#3180),.UNSPECIFIED.,.F.,.F.,(4,2,2,4),(1.61620496806024,1.65360755268488,
1.919151254044,1.9450284684325),.UNSPECIFIED.);
#345=B_SPLINE_CURVE_WITH_KNOTS('',3,(#3181,#3182,#3183,#3184,#3185,#3186,
#3187,#3188,#3189,#3190,#3191,#3192),.UNSPECIFIED.,.F.,.F.,(4,2,2,2,2,4),
(-0.168569938585777,-0.134752178723729,-0.103739889505157,-0.0741991243193015,
-0.0418409038017239,-0.000391244946156122),.UNSPECIFIED.);
#346=B_SPLINE_CURVE_WITH_KNOTS('',3,(#3445,#3446,#3447,#3448,#3449,#3450,
#3451,#3452,#3453,#3454,#3455,#3456,#3457,#3458,#3459,#3460,#3461,#3462,
#3463,#3464,#3465,#3466),.UNSPECIFIED.,.F.,.F.,(4,3,3,3,3,3,3,4),(0.,0.00120999377027575,
0.0183051744890934,0.01948732007334,0.0206244129191286,0.0241912604670048,
0.0294943458058245,0.0402131355704365),.UNSPECIFIED.);
#347=B_SPLINE_CURVE_WITH_KNOTS('',3,(#3468,#3469,#3470,#3471),
 .UNSPECIFIED.,.F.,.F.,(4,4),(0.,0.0119014812050251),.UNSPECIFIED.);
#348=B_SPLINE_CURVE_WITH_KNOTS('',3,(#3472,#3473,#3474,#3475,#3476,#3477,
#3478,#3479,#3480,#3481,#3482,#3483,#3484,#3485,#3486,#3487),
 .UNSPECIFIED.,.F.,.F.,(4,3,3,3,3,4),(0.019234606418144,0.0326374472335089,
0.0457435709415099,0.0488602419395624,0.0616414570745229,0.0721685817573884),
 .UNSPECIFIED.);
#349=B_SPLINE_CURVE_WITH_KNOTS('',3,(#3488,#3489,#3490,#3491,#3492,#3493,
#3494,#3495,#3496),.UNSPECIFIED.,.F.,.F.,(4,1,1,1,1,1,4),(65.9734457253857,
66.2081193751619,67.2006962147586,68.1932730543553,69.1858498939521,70.1784267335488,
70.52125545215),.UNSPECIFIED.);
#350=B_SPLINE_CURVE_WITH_KNOTS('',3,(#3497,#3498,#3499,#3500,#3501,#3502,
#3503,#3504,#3505,#3506,#3507,#3508,#3509,#3510,#3511,#3512,#3513,#3514,
#3515,#3516,#3517,#3518,#3519,#3520,#3521,#3522,#3523,#3524,#3525,#3526,
#3527,#3528,#3529,#3530,#3531,#3532,#3533,#3534,#3535,#3536,#3537,#3538,
#3539,#3540,#3541,#3542,#3543,#3544,#3545,#3546,#3547,#3548,#3549,#3550,
#3551,#3552,#3553,#3554,#3555,#3556,#3557,#3558,#3559,#3560,#3561,#3562,
#3563,#3564,#3565,#3566,#3567,#3568,#3569,#3570,#3571,#3572,#3573,#3574,
#3575,#3576,#3577,#3578,#3579,#3580,#3581,#3582,#3583,#3584,#3585,#3586,
#3587,#3588,#3589,#3590),.UNSPECIFIED.,.F.,.F.,(4,3,3,3,3,3,3,3,3,3,3,3,
3,3,3,3,3,3,3,3,3,3,3,3,3,3,3,3,3,3,3,4),(0.,0.0200029576753557,0.0454250731661594,
0.071332990714764,0.083108074548235,0.0902500143010686,0.0939381086044925,
0.11904310085837,0.144106638812989,0.168733799671107,0.179228126406593,
0.183686543252082,0.187525094544812,0.211657758194195,0.235085885341755,
0.252688413554996,0.26588307838554,0.271001504861705,0.275047640925402,
0.298669206795177,0.32241128642892,0.340605389265154,0.35107687035753,0.355319844534542,
0.359377708113612,0.382455117169798,0.402792100588272,0.408417682665098,
0.413280309583895,0.435489945405936,0.457057097474519,0.463803050843693),
 .UNSPECIFIED.);
#351=B_SPLINE_CURVE_WITH_KNOTS('',3,(#3599,#3600,#3601,#3602,#3603,#3604,
#3605,#3606,#3607,#3608,#3609,#3610,#3611,#3612,#3613),.UNSPECIFIED.,.F.,
 .F.,(4,2,2,3,2,2,4),(-0.0757091674288672,-0.0734601502199378,-0.0357741404220746,
0.,0.0357741404220746,0.0734601502199377,0.0757091674288668),
 .UNSPECIFIED.);
#352=B_SPLINE_CURVE_WITH_KNOTS('',3,(#3648,#3649,#3650,#3651,#3652,#3653,
#3654),.UNSPECIFIED.,.F.,.F.,(4,3,4),(-0.135339790725868,0.,0.139968816488341),
 .UNSPECIFIED.);
#353=B_SPLINE_CURVE_WITH_KNOTS('',3,(#3662,#3663,#3664,#3665),
 .UNSPECIFIED.,.F.,.F.,(4,4),(-1.10538214910595,-0.797152161178176),
 .UNSPECIFIED.);
#354=B_SPLINE_CURVE_WITH_KNOTS('',3,(#3700,#3701,#3702,#3703,#3704,#3705,
#3706,#3707,#3708,#3709,#3710,#3711,#3712,#3713,#3714),.UNSPECIFIED.,.F.,
 .F.,(4,2,2,3,2,2,4),(-0.0743722367859501,-0.0739260007762985,-0.0367657474720424,
0.,0.0367657474720424,0.0739260007762985,0.0743722367859504),
 .UNSPECIFIED.);
#355=B_SPLINE_CURVE_WITH_KNOTS('',3,(#3734,#3735,#3736,#3737,#3738,#3739,
#3740,#3741,#3742,#3743,#3744,#3745,#3746,#3747,#3748),.UNSPECIFIED.,.F.,
 .F.,(4,2,2,3,2,2,4),(-0.0741099753732003,-0.0740245254582149,-0.0369741950197133,
0.,0.0369741950197132,0.0740245254582148,0.0741099753731998),
 .UNSPECIFIED.);
#356=B_SPLINE_CURVE_WITH_KNOTS('',3,(#3766,#3767,#3768,#3769,#3770,#3771,
#3772,#3773,#3774,#3775,#3776,#3777,#3778,#3779,#3780,#3781,#3782,#3783,
#3784),.UNSPECIFIED.,.F.,.F.,(4,2,2,3,2,2,2,2,4),(0.511911218686162,0.540733632590025,
0.550061634993277,0.558081869426574,0.564807865835456,0.572316577890599,
0.593361638564262,0.626712586626477,0.681151437745418),.UNSPECIFIED.);
#357=B_SPLINE_CURVE_WITH_KNOTS('',3,(#3811,#3812,#3813,#3814,#3815,#3816,
#3817,#3818,#3819,#3820,#3821,#3822,#3823,#3824,#3825,#3826,#3827,#3828,
#3829,#3830,#3831,#3832,#3833,#3834,#3835,#3836,#3837,#3838,#3839,#3840,
#3841,#3842,#3843,#3844,#3845,#3846,#3847,#3848,#3849,#3850,#3851,#3852,
#3853,#3854,#3855,#3856,#3857,#3858,#3859),.UNSPECIFIED.,.F.,.F.,(4,3,3,
3,3,3,3,3,3,3,3,3,3,3,3,3,4),(0.,0.00790660131070041,0.0161263227978503,
0.02063113560796,0.0288779626890069,0.0369762370753761,0.0414797011503435,
0.0466150817092441,0.0547089140255493,0.0620139428274563,0.0699769875215948,
0.0773802089776018,0.0818789728418377,0.0898426067335352,0.0947825101545625,
0.102701591783329,0.107645650780393),.UNSPECIFIED.);
#358=B_SPLINE_CURVE_WITH_KNOTS('',3,(#3863,#3864,#3865,#3866,#3867,#3868,
#3869,#3870,#3871,#3872,#3873,#3874,#3875,#3876,#3877,#3878,#3879,#3880,
#3881,#3882,#3883,#3884,#3885,#3886,#3887,#3888,#3889,#3890,#3891,#3892,
#3893,#3894,#3895,#3896,#3897,#3898,#3899,#3900,#3901,#3902,#3903,#3904,
#3905,#3906,#3907,#3908,#3909,#3910,#3911,#3912,#3913,#3914,#3915,#3916,
#3917,#3918,#3919,#3920,#3921,#3922,#3923,#3924,#3925,#3926,#3927,#3928,
#3929),.UNSPECIFIED.,.F.,.F.,(4,3,3,3,3,3,3,3,3,3,3,3,3,3,3,3,3,3,3,3,3,
3,4),(0.,0.00646076258398822,0.0125630241137015,0.0129215251679764,0.0191343527548048,
0.0219306110356663,0.0291057177486106,0.0302809028877199,0.0308505182869867,
0.0366733263574979,0.0404384353316481,0.0470391336736352,0.0539495224120643,
0.0568217248662917,0.0685888265393343,0.0692554388738453,0.0814130278777925,
0.0855000527129591,0.097301289637624,0.109956391266814,0.122512293185791,
0.134248079963607,0.137469735098582),.UNSPECIFIED.);
#359=B_SPLINE_CURVE_WITH_KNOTS('',3,(#3963,#3964,#3965,#3966,#3967,#3968,
#3969,#3970,#3971,#3972,#3973,#3974,#3975,#3976,#3977,#3978,#3979,#3980,
#3981,#3982,#3983,#3984,#3985,#3986,#3987,#3988,#3989,#3990,#3991,#3992,
#3993,#3994,#3995,#3996,#3997,#3998,#3999,#4000,#4001,#4002,#4003,#4004,
#4005,#4006,#4007,#4008,#4009,#4010,#4011,#4012,#4013,#4014,#4015,#4016,
#4017,#4018,#4019,#4020,#4021,#4022,#4023,#4024,#4025,#4026,#4027,#4028,
#4029,#4030,#4031,#4032,#4033,#4034,#4035),.UNSPECIFIED.,.F.,.F.,(4,3,3,
3,3,3,3,3,3,3,3,3,3,3,3,3,3,3,3,3,3,3,3,3,4),(0.,0.00859596696597506,0.0165766923725707,
0.0238211612532679,0.0314402714027409,0.0385626129313953,0.0429680693870078,
0.0447995822190979,0.0527475609244208,0.0598748172847221,0.0675521067546914,
0.0755164603509326,0.0762834777343494,0.0839499587845174,0.0864648263333554,
0.0941441682585134,0.101730595743587,0.10985713959425,0.115344274809466,
0.120610960853849,0.129356964984916,0.136142614971588,0.145767322408485,
0.155446030047652,0.157503735038071),.UNSPECIFIED.);
#360=B_SPLINE_CURVE_WITH_KNOTS('',3,(#4037,#4038,#4039,#4040,#4041,#4042,
#4043,#4044,#4045,#4046,#4047,#4048,#4049,#4050,#4051,#4052,#4053,#4054,
#4055,#4056),.UNSPECIFIED.,.F.,.F.,(4,2,2,2,2,2,2,2,2,4),(-0.000346063854751348,
0.,0.0128406927787201,0.0255841362151716,0.0459870814939064,0.0648498788678545,
0.0829788289221172,0.101487365775611,0.121191620507705,0.12229197076835),
 .UNSPECIFIED.);
#361=B_SPLINE_CURVE_WITH_KNOTS('',3,(#4058,#4059,#4060,#4061,#4062,#4063,
#4064,#4065,#4066,#4067,#4068,#4069,#4070),.UNSPECIFIED.,.F.,.F.,(4,3,3,
3,4),(0.172212407295974,0.179297140170044,0.188138087369109,0.196553596571147,
0.197176799725152),.UNSPECIFIED.);
#362=B_SPLINE_CURVE_WITH_KNOTS('',3,(#4071,#4072,#4073,#4074),
 .UNSPECIFIED.,.F.,.F.,(4,4),(0.767527740381207,1.08556046575577),
 .UNSPECIFIED.);
#363=B_SPLINE_CURVE_WITH_KNOTS('',3,(#4120,#4121,#4122,#4123,#4124,#4125,
#4126,#4127),.UNSPECIFIED.,.F.,.F.,(4,2,2,4),(-0.0840911300758124,-0.0713827336543873,
-0.0313599395904348,0.),.UNSPECIFIED.);
#364=B_SPLINE_CURVE_WITH_KNOTS('',3,(#4129,#4130,#4131,#4132,#4133,#4134,
#4135,#4136),.UNSPECIFIED.,.F.,.F.,(4,2,2,4),(0.,0.0313599395904349,0.0713827336543873,
0.084091130075813),.UNSPECIFIED.);
#365=LINE('',#1737,#419);
#366=LINE('',#1761,#420);
#367=LINE('',#1785,#421);
#368=LINE('',#1809,#422);
#369=LINE('',#1835,#423);
#370=LINE('',#1859,#424);
#371=LINE('',#1883,#425);
#372=LINE('',#1909,#426);
#373=LINE('',#1933,#427);
#374=LINE('',#1957,#428);
#375=LINE('',#2017,#429);
#376=LINE('',#2065,#430);
#377=LINE('',#2116,#431);
#378=LINE('',#2167,#432);
#379=LINE('',#2215,#433);
#380=LINE('',#2266,#434);
#381=LINE('',#2317,#435);
#382=LINE('',#2365,#436);
#383=LINE('',#3149,#437);
#384=LINE('',#3686,#438);
#385=LINE('',#3692,#439);
#386=LINE('',#3698,#440);
#387=LINE('',#3699,#441);
#388=LINE('',#3716,#442);
#389=LINE('',#3717,#443);
#390=LINE('',#3722,#444);
#391=LINE('',#3724,#445);
#392=LINE('',#3725,#446);
#393=LINE('',#3727,#447);
#394=LINE('',#3728,#448);
#395=LINE('',#3731,#449);
#396=LINE('',#3751,#450);
#397=LINE('',#3754,#451);
#398=LINE('',#3757,#452);
#399=LINE('',#3759,#453);
#400=LINE('',#3761,#454);
#401=LINE('',#3763,#455);
#402=LINE('',#3765,#456);
#403=LINE('',#3932,#457);
#404=LINE('',#3933,#458);
#405=LINE('',#4084,#459);
#406=LINE('',#4088,#460);
#407=LINE('',#4089,#461);
#408=LINE('',#4093,#462);
#409=LINE('',#4109,#463);
#410=LINE('',#4112,#464);
#411=LINE('',#4117,#465);
#412=LINE('',#4140,#466);
#413=LINE('',#4147,#467);
#414=LINE('',#4155,#468);
#415=LINE('',#4162,#469);
#416=LINE('',#4165,#470);
#417=LINE('',#4174,#471);
#418=LINE('',#4176,#472);
#419=VECTOR('',#1443,1.99475);
#420=VECTOR('',#1448,1.99475);
#421=VECTOR('',#1451,1.99475);
#422=VECTOR('',#1454,1.99475);
#423=VECTOR('',#1457,1.99475);
#424=VECTOR('',#1460,1.99475);
#425=VECTOR('',#1463,1.99475);
#426=VECTOR('',#1466,1.99475);
#427=VECTOR('',#1469,1.99475);
#428=VECTOR('',#1472,2.49999999999999);
#429=VECTOR('',#1475,2.49999999999999);
#430=VECTOR('',#1478,2.49999999999999);
#431=VECTOR('',#1481,2.49999999999999);
#432=VECTOR('',#1484,2.49999999999999);
#433=VECTOR('',#1487,2.49999999999999);
#434=VECTOR('',#1490,2.49999999999999);
#435=VECTOR('',#1493,2.49999999999999);
#436=VECTOR('',#1496,2.49999999999999);
#437=VECTOR('',#1515,10.);
#438=VECTOR('',#1558,10.6837572106364);
#439=VECTOR('',#1565,0.874999999999999);
#440=VECTOR('',#1572,10.);
#441=VECTOR('',#1573,10.);
#442=VECTOR('',#1574,10.);
#443=VECTOR('',#1575,10.);
#444=VECTOR('',#1580,10.);
#445=VECTOR('',#1581,10.);
#446=VECTOR('',#1582,10.);
#447=VECTOR('',#1585,10.);
#448=VECTOR('',#1586,10.);
#449=VECTOR('',#1591,10.);
#450=VECTOR('',#1598,10.);
#451=VECTOR('',#1601,10.);
#452=VECTOR('',#1604,10.);
#453=VECTOR('',#1605,10.);
#454=VECTOR('',#1606,10.);
#455=VECTOR('',#1607,10.);
#456=VECTOR('',#1608,10.);
#457=VECTOR('',#1615,10.);
#458=VECTOR('',#1616,10.);
#459=VECTOR('',#1631,10.);
#460=VECTOR('',#1636,11.5);
#461=VECTOR('',#1637,10.);
#462=VECTOR('',#1640,10.);
#463=VECTOR('',#1663,10.2500000000114);
#464=VECTOR('',#1666,9.4000000000101);
#465=VECTOR('',#1673,9.32868022837137);
#466=VECTOR('',#1676,10.);
#467=VECTOR('',#1685,6.54999999999853);
#468=VECTOR('',#1696,4.5);
#469=VECTOR('',#1705,6.5500000000007);
#470=VECTOR('',#1710,8.55000000001011);
#471=VECTOR('',#1723,0.874999999999999);
#472=VECTOR('',#1726,10.);
#473=VERTEX_POINT('',#1735);
#474=VERTEX_POINT('',#1736);
#475=VERTEX_POINT('',#1738);
#476=VERTEX_POINT('',#1748);
#477=VERTEX_POINT('',#1759);
#478=VERTEX_POINT('',#1760);
#479=VERTEX_POINT('',#1783);
#480=VERTEX_POINT('',#1784);
#481=VERTEX_POINT('',#1807);
#482=VERTEX_POINT('',#1808);
#483=VERTEX_POINT('',#1833);
#484=VERTEX_POINT('',#1834);
#485=VERTEX_POINT('',#1857);
#486=VERTEX_POINT('',#1858);
#487=VERTEX_POINT('',#1881);
#488=VERTEX_POINT('',#1882);
#489=VERTEX_POINT('',#1907);
#490=VERTEX_POINT('',#1908);
#491=VERTEX_POINT('',#1931);
#492=VERTEX_POINT('',#1932);
#493=VERTEX_POINT('',#1955);
#494=VERTEX_POINT('',#1956);
#495=VERTEX_POINT('',#1958);
#496=VERTEX_POINT('',#1978);
#497=VERTEX_POINT('',#1983);
#498=VERTEX_POINT('',#2000);
#499=VERTEX_POINT('',#2015);
#500=VERTEX_POINT('',#2016);
#501=VERTEX_POINT('',#2063);
#502=VERTEX_POINT('',#2064);
#503=VERTEX_POINT('',#2114);
#504=VERTEX_POINT('',#2115);
#505=VERTEX_POINT('',#2165);
#506=VERTEX_POINT('',#2166);
#507=VERTEX_POINT('',#2213);
#508=VERTEX_POINT('',#2214);
#509=VERTEX_POINT('',#2264);
#510=VERTEX_POINT('',#2265);
#511=VERTEX_POINT('',#2315);
#512=VERTEX_POINT('',#2316);
#513=VERTEX_POINT('',#2363);
#514=VERTEX_POINT('',#2364);
#515=VERTEX_POINT('',#2411);
#516=VERTEX_POINT('',#2412);
#517=VERTEX_POINT('',#2417);
#518=VERTEX_POINT('',#2432);
#519=VERTEX_POINT('',#2439);
#520=VERTEX_POINT('',#2443);
#521=VERTEX_POINT('',#2447);
#522=VERTEX_POINT('',#2502);
#523=VERTEX_POINT('',#2512);
#524=VERTEX_POINT('',#2517);
#525=VERTEX_POINT('',#2532);
#526=VERTEX_POINT('',#2543);
#527=VERTEX_POINT('',#2808);
#528=VERTEX_POINT('',#2870);
#529=VERTEX_POINT('',#3021);
#530=VERTEX_POINT('',#3112);
#531=VERTEX_POINT('',#3116);
#532=VERTEX_POINT('',#3118);
#533=VERTEX_POINT('',#3144);
#534=VERTEX_POINT('',#3148);
#535=VERTEX_POINT('',#3152);
#536=VERTEX_POINT('',#3163);
#537=VERTEX_POINT('',#3172);
#538=VERTEX_POINT('',#3467);
#539=VERTEX_POINT('',#3594);
#540=VERTEX_POINT('',#3596);
#541=VERTEX_POINT('',#3598);
#542=VERTEX_POINT('',#3618);
#543=VERTEX_POINT('',#3622);
#544=VERTEX_POINT('',#3624);
#545=VERTEX_POINT('',#3626);
#546=VERTEX_POINT('',#3628);
#547=VERTEX_POINT('',#3633);
#548=VERTEX_POINT('',#3637);
#549=VERTEX_POINT('',#3641);
#550=VERTEX_POINT('',#3643);
#551=VERTEX_POINT('',#3647);
#552=VERTEX_POINT('',#3655);
#553=VERTEX_POINT('',#3659);
#554=VERTEX_POINT('',#3661);
#555=VERTEX_POINT('',#3666);
#556=VERTEX_POINT('',#3670);
#557=VERTEX_POINT('',#3674);
#558=VERTEX_POINT('',#3676);
#559=VERTEX_POINT('',#3680);
#560=VERTEX_POINT('',#3685);
#561=VERTEX_POINT('',#3689);
#562=VERTEX_POINT('',#3691);
#563=VERTEX_POINT('',#3696);
#564=VERTEX_POINT('',#3697);
#565=VERTEX_POINT('',#3715);
#566=VERTEX_POINT('',#3718);
#567=VERTEX_POINT('',#3721);
#568=VERTEX_POINT('',#3723);
#569=VERTEX_POINT('',#3750);
#570=VERTEX_POINT('',#3752);
#571=VERTEX_POINT('',#3756);
#572=VERTEX_POINT('',#3758);
#573=VERTEX_POINT('',#3760);
#574=VERTEX_POINT('',#3762);
#575=VERTEX_POINT('',#3764);
#576=VERTEX_POINT('',#3809);
#577=VERTEX_POINT('',#3810);
#578=VERTEX_POINT('',#3860);
#579=VERTEX_POINT('',#3862);
#580=VERTEX_POINT('',#3962);
#581=VERTEX_POINT('',#4036);
#582=VERTEX_POINT('',#4057);
#583=VERTEX_POINT('',#4076);
#584=VERTEX_POINT('',#4078);
#585=VERTEX_POINT('',#4086);
#586=VERTEX_POINT('',#4090);
#587=VERTEX_POINT('',#4092);
#588=VERTEX_POINT('',#4096);
#589=VERTEX_POINT('',#4101);
#590=VERTEX_POINT('',#4103);
#591=VERTEX_POINT('',#4107);
#592=VERTEX_POINT('',#4111);
#593=VERTEX_POINT('',#4115);
#594=VERTEX_POINT('',#4119);
#595=VERTEX_POINT('',#4128);
#596=VERTEX_POINT('',#4144);
#597=VERTEX_POINT('',#4146);
#598=VERTEX_POINT('',#4150);
#599=VERTEX_POINT('',#4154);
#600=VERTEX_POINT('',#4158);
#601=VERTEX_POINT('',#4161);
#602=VERTEX_POINT('',#4167);
#603=VERTEX_POINT('',#4172);
#604=EDGE_CURVE('',#473,#474,#365,.T.);
#605=EDGE_CURVE('',#475,#473,#285,.T.);
#606=EDGE_CURVE('',#476,#475,#237,.T.);
#607=EDGE_CURVE('',#476,#474,#286,.T.);
#608=EDGE_CURVE('',#477,#478,#366,.T.);
#609=EDGE_CURVE('',#473,#477,#287,.T.);
#610=EDGE_CURVE('',#474,#478,#288,.T.);
#611=EDGE_CURVE('',#479,#480,#367,.T.);
#612=EDGE_CURVE('',#477,#479,#289,.T.);
#613=EDGE_CURVE('',#478,#480,#290,.T.);
#614=EDGE_CURVE('',#481,#482,#368,.T.);
#615=EDGE_CURVE('',#479,#481,#291,.T.);
#616=EDGE_CURVE('',#480,#482,#292,.T.);
#617=EDGE_CURVE('',#483,#484,#369,.T.);
#618=EDGE_CURVE('',#481,#483,#293,.T.);
#619=EDGE_CURVE('',#482,#484,#294,.T.);
#620=EDGE_CURVE('',#485,#486,#370,.T.);
#621=EDGE_CURVE('',#483,#485,#295,.T.);
#622=EDGE_CURVE('',#484,#486,#296,.T.);
#623=EDGE_CURVE('',#487,#488,#371,.T.);
#624=EDGE_CURVE('',#485,#487,#297,.T.);
#625=EDGE_CURVE('',#486,#488,#298,.T.);
#626=EDGE_CURVE('',#489,#490,#372,.T.);
#627=EDGE_CURVE('',#487,#489,#299,.T.);
#628=EDGE_CURVE('',#488,#490,#300,.T.);
#629=EDGE_CURVE('',#491,#492,#373,.T.);
#630=EDGE_CURVE('',#489,#491,#301,.T.);
#631=EDGE_CURVE('',#490,#492,#302,.T.);
#632=EDGE_CURVE('',#493,#494,#374,.T.);
#633=EDGE_CURVE('',#493,#495,#303,.T.);
#634=EDGE_CURVE('',#495,#496,#304,.T.);
#635=EDGE_CURVE('',#496,#497,#305,.T.);
#636=EDGE_CURVE('',#497,#498,#306,.T.);
#637=EDGE_CURVE('',#498,#494,#307,.T.);
#638=EDGE_CURVE('',#499,#500,#375,.T.);
#639=EDGE_CURVE('',#499,#493,#308,.T.);
#640=EDGE_CURVE('',#494,#500,#309,.T.);
#641=EDGE_CURVE('',#501,#502,#376,.T.);
#642=EDGE_CURVE('',#501,#499,#310,.T.);
#643=EDGE_CURVE('',#500,#502,#311,.T.);
#644=EDGE_CURVE('',#503,#504,#377,.T.);
#645=EDGE_CURVE('',#503,#501,#312,.T.);
#646=EDGE_CURVE('',#502,#504,#313,.T.);
#647=EDGE_CURVE('',#505,#506,#378,.T.);
#648=EDGE_CURVE('',#505,#503,#314,.T.);
#649=EDGE_CURVE('',#504,#506,#315,.T.);
#650=EDGE_CURVE('',#507,#508,#379,.T.);
#651=EDGE_CURVE('',#507,#505,#316,.T.);
#652=EDGE_CURVE('',#506,#508,#317,.T.);
#653=EDGE_CURVE('',#509,#510,#380,.T.);
#654=EDGE_CURVE('',#509,#507,#318,.T.);
#655=EDGE_CURVE('',#508,#510,#319,.T.);
#656=EDGE_CURVE('',#511,#512,#381,.T.);
#657=EDGE_CURVE('',#511,#509,#320,.T.);
#658=EDGE_CURVE('',#510,#512,#321,.T.);
#659=EDGE_CURVE('',#513,#514,#382,.T.);
#660=EDGE_CURVE('',#513,#511,#322,.T.);
#661=EDGE_CURVE('',#512,#514,#323,.T.);
#662=EDGE_CURVE('',#515,#516,#324,.T.);
#663=EDGE_CURVE('',#516,#517,#325,.T.);
#664=EDGE_CURVE('',#517,#518,#326,.T.);
#665=EDGE_CURVE('',#518,#515,#238,.T.);
#666=EDGE_CURVE('',#519,#515,#46,.T.);
#667=EDGE_CURVE('',#518,#520,#47,.T.);
#668=EDGE_CURVE('',#521,#520,#327,.T.);
#669=EDGE_CURVE('',#519,#521,#239,.T.);
#670=EDGE_CURVE('',#520,#522,#328,.T.);
#671=EDGE_CURVE('',#521,#522,#329,.T.);
#672=EDGE_CURVE('',#523,#519,#330,.T.);
#673=EDGE_CURVE('',#522,#524,#331,.T.);
#674=EDGE_CURVE('',#524,#523,#332,.T.);
#675=EDGE_CURVE('',#514,#525,#333,.T.);
#676=EDGE_CURVE('',#525,#526,#240,.T.);
#677=EDGE_CURVE('',#526,#513,#334,.T.);
#678=EDGE_CURVE('',#527,#523,#335,.T.);
#679=EDGE_CURVE('',#524,#528,#336,.T.);
#680=EDGE_CURVE('',#528,#495,#337,.T.);
#681=EDGE_CURVE('',#475,#526,#338,.T.);
#682=EDGE_CURVE('',#491,#529,#339,.T.);
#683=EDGE_CURVE('',#529,#527,#340,.T.);
#684=EDGE_CURVE('',#530,#527,#48,.T.);
#685=EDGE_CURVE('',#531,#529,#241,.T.);
#686=EDGE_CURVE('',#532,#531,#341,.T.);
#687=EDGE_CURVE('',#532,#533,#49,.T.);
#688=EDGE_CURVE('',#533,#534,#383,.T.);
#689=EDGE_CURVE('',#530,#534,#242,.T.);
#690=EDGE_CURVE('',#535,#530,#342,.T.);
#691=EDGE_CURVE('',#534,#536,#343,.T.);
#692=EDGE_CURVE('',#536,#537,#344,.T.);
#693=EDGE_CURVE('',#537,#535,#345,.T.);
#694=EDGE_CURVE('',#498,#497,#346,.T.);
#695=EDGE_CURVE('',#496,#538,#347,.T.);
#696=EDGE_CURVE('',#538,#532,#348,.T.);
#697=EDGE_CURVE('',#492,#531,#349,.T.);
#698=EDGE_CURVE('',#525,#476,#350,.T.);
#699=EDGE_CURVE('',#539,#516,#243,.T.);
#700=EDGE_CURVE('',#540,#539,#244,.T.);
#701=EDGE_CURVE('',#541,#540,#351,.T.);
#702=EDGE_CURVE('',#517,#541,#245,.T.);
#703=EDGE_CURVE('',#538,#533,#246,.T.);
#704=EDGE_CURVE('',#542,#541,#50,.T.);
#705=EDGE_CURVE('',#543,#542,#247,.T.);
#706=EDGE_CURVE('',#544,#543,#24,.T.);
#707=EDGE_CURVE('',#544,#545,#248,.T.);
#708=EDGE_CURVE('',#546,#545,#51,.F.);
#709=EDGE_CURVE('',#546,#547,#52,.T.);
#710=EDGE_CURVE('',#547,#548,#249,.T.);
#711=EDGE_CURVE('',#548,#528,#250,.T.);
#712=EDGE_CURVE('',#535,#549,#251,.T.);
#713=EDGE_CURVE('',#550,#549,#53,.T.);
#714=EDGE_CURVE('',#550,#551,#352,.T.);
#715=EDGE_CURVE('',#551,#552,#54,.T.);
#716=EDGE_CURVE('',#552,#553,#252,.T.);
#717=EDGE_CURVE('',#553,#554,#353,.T.);
#718=EDGE_CURVE('',#554,#555,#55,.T.);
#719=EDGE_CURVE('',#556,#555,#56,.T.);
#720=EDGE_CURVE('',#556,#557,#253,.T.);
#721=EDGE_CURVE('',#558,#557,#57,.T.);
#722=EDGE_CURVE('',#559,#558,#254,.T.);
#723=EDGE_CURVE('',#540,#559,#58,.T.);
#724=EDGE_CURVE('',#539,#560,#384,.T.);
#725=EDGE_CURVE('',#560,#560,#255,.T.);
#726=EDGE_CURVE('',#561,#561,#256,.T.);
#727=EDGE_CURVE('',#561,#562,#385,.T.);
#728=EDGE_CURVE('',#562,#562,#257,.T.);
#729=EDGE_CURVE('',#563,#564,#386,.T.);
#730=EDGE_CURVE('',#564,#558,#387,.T.);
#731=EDGE_CURVE('',#557,#544,#354,.T.);
#732=EDGE_CURVE('',#544,#565,#388,.T.);
#733=EDGE_CURVE('',#563,#565,#389,.T.);
#734=EDGE_CURVE('',#566,#566,#258,.T.);
#735=EDGE_CURVE('',#563,#567,#390,.T.);
#736=EDGE_CURVE('',#568,#567,#391,.T.);
#737=EDGE_CURVE('',#564,#568,#392,.T.);
#738=EDGE_CURVE('',#567,#542,#393,.T.);
#739=EDGE_CURVE('',#565,#543,#394,.T.);
#740=EDGE_CURVE('',#559,#568,#395,.T.);
#741=EDGE_CURVE('',#545,#556,#355,.T.);
#742=EDGE_CURVE('',#569,#550,#396,.T.);
#743=EDGE_CURVE('',#570,#569,#259,.F.);
#744=EDGE_CURVE('',#551,#570,#397,.T.);
#745=EDGE_CURVE('',#571,#570,#398,.T.);
#746=EDGE_CURVE('',#572,#571,#399,.T.);
#747=EDGE_CURVE('',#573,#572,#400,.T.);
#748=EDGE_CURVE('',#573,#574,#401,.F.);
#749=EDGE_CURVE('',#574,#575,#402,.T.);
#750=EDGE_CURVE('',#575,#552,#356,.F.);
#751=EDGE_CURVE('',#576,#577,#357,.T.);
#752=EDGE_CURVE('',#578,#577,#25,.T.);
#753=EDGE_CURVE('',#579,#578,#358,.F.);
#754=EDGE_CURVE('',#576,#579,#26,.T.);
#755=EDGE_CURVE('',#572,#577,#403,.F.);
#756=EDGE_CURVE('',#571,#578,#404,.T.);
#757=EDGE_CURVE('',#554,#580,#359,.F.);
#758=EDGE_CURVE('',#553,#581,#360,.T.);
#759=EDGE_CURVE('',#581,#582,#361,.T.);
#760=EDGE_CURVE('',#580,#582,#362,.T.);
#761=EDGE_CURVE('',#583,#583,#260,.T.);
#762=EDGE_CURVE('',#583,#584,#261,.T.);
#763=EDGE_CURVE('',#584,#584,#262,.T.);
#764=EDGE_CURVE('',#581,#575,#263,.T.);
#765=EDGE_CURVE('',#574,#582,#405,.F.);
#766=EDGE_CURVE('',#585,#585,#264,.T.);
#767=EDGE_CURVE('',#585,#548,#406,.T.);
#768=EDGE_CURVE('',#547,#576,#407,.T.);
#769=EDGE_CURVE('',#586,#579,#265,.T.);
#770=EDGE_CURVE('',#587,#586,#408,.T.);
#771=EDGE_CURVE('',#536,#587,#266,.T.);
#772=EDGE_CURVE('',#588,#588,#267,.T.);
#773=EDGE_CURVE('',#588,#585,#268,.T.);
#774=EDGE_CURVE('',#589,#589,#269,.T.);
#775=EDGE_CURVE('',#589,#590,#270,.T.);
#776=EDGE_CURVE('',#590,#590,#271,.T.);
#777=EDGE_CURVE('',#591,#591,#272,.T.);
#778=EDGE_CURVE('',#591,#589,#409,.T.);
#779=EDGE_CURVE('',#590,#592,#410,.T.);
#780=EDGE_CURVE('',#592,#592,#273,.T.);
#781=EDGE_CURVE('',#593,#593,#274,.T.);
#782=EDGE_CURVE('',#593,#584,#411,.T.);
#783=EDGE_CURVE('',#549,#594,#363,.T.);
#784=EDGE_CURVE('',#594,#595,#364,.T.);
#785=EDGE_CURVE('',#595,#587,#59,.T.);
#786=EDGE_CURVE('',#569,#586,#412,.T.);
#787=EDGE_CURVE('',#595,#537,#275,.T.);
#788=EDGE_CURVE('',#596,#596,#276,.T.);
#789=EDGE_CURVE('',#596,#597,#413,.T.);
#790=EDGE_CURVE('',#597,#597,#277,.T.);
#791=EDGE_CURVE('',#598,#598,#278,.T.);
#792=EDGE_CURVE('',#598,#599,#414,.T.);
#793=EDGE_CURVE('',#599,#599,#279,.T.);
#794=EDGE_CURVE('',#600,#600,#280,.T.);
#795=EDGE_CURVE('',#600,#601,#415,.T.);
#796=EDGE_CURVE('',#601,#601,#281,.T.);
#797=EDGE_CURVE('',#592,#593,#416,.T.);
#798=EDGE_CURVE('',#602,#602,#282,.T.);
#799=EDGE_CURVE('',#560,#602,#283,.T.);
#800=EDGE_CURVE('',#603,#603,#284,.T.);
#801=EDGE_CURVE('',#603,#566,#417,.T.);
#802=EDGE_CURVE('',#580,#573,#418,.F.);
#803=ORIENTED_EDGE('',*,*,#604,.F.);
#804=ORIENTED_EDGE('',*,*,#605,.F.);
#805=ORIENTED_EDGE('',*,*,#606,.F.);
#806=ORIENTED_EDGE('',*,*,#607,.T.);
#807=ORIENTED_EDGE('',*,*,#608,.F.);
#808=ORIENTED_EDGE('',*,*,#609,.F.);
#809=ORIENTED_EDGE('',*,*,#604,.T.);
#810=ORIENTED_EDGE('',*,*,#610,.T.);
#811=ORIENTED_EDGE('',*,*,#611,.F.);
#812=ORIENTED_EDGE('',*,*,#612,.F.);
#813=ORIENTED_EDGE('',*,*,#608,.T.);
#814=ORIENTED_EDGE('',*,*,#613,.T.);
#815=ORIENTED_EDGE('',*,*,#614,.F.);
#816=ORIENTED_EDGE('',*,*,#615,.F.);
#817=ORIENTED_EDGE('',*,*,#611,.T.);
#818=ORIENTED_EDGE('',*,*,#616,.T.);
#819=ORIENTED_EDGE('',*,*,#617,.F.);
#820=ORIENTED_EDGE('',*,*,#618,.F.);
#821=ORIENTED_EDGE('',*,*,#614,.T.);
#822=ORIENTED_EDGE('',*,*,#619,.T.);
#823=ORIENTED_EDGE('',*,*,#620,.F.);
#824=ORIENTED_EDGE('',*,*,#621,.F.);
#825=ORIENTED_EDGE('',*,*,#617,.T.);
#826=ORIENTED_EDGE('',*,*,#622,.T.);
#827=ORIENTED_EDGE('',*,*,#623,.F.);
#828=ORIENTED_EDGE('',*,*,#624,.F.);
#829=ORIENTED_EDGE('',*,*,#620,.T.);
#830=ORIENTED_EDGE('',*,*,#625,.T.);
#831=ORIENTED_EDGE('',*,*,#626,.F.);
#832=ORIENTED_EDGE('',*,*,#627,.F.);
#833=ORIENTED_EDGE('',*,*,#623,.T.);
#834=ORIENTED_EDGE('',*,*,#628,.T.);
#835=ORIENTED_EDGE('',*,*,#629,.F.);
#836=ORIENTED_EDGE('',*,*,#630,.F.);
#837=ORIENTED_EDGE('',*,*,#626,.T.);
#838=ORIENTED_EDGE('',*,*,#631,.T.);
#839=ORIENTED_EDGE('',*,*,#632,.F.);
#840=ORIENTED_EDGE('',*,*,#633,.T.);
#841=ORIENTED_EDGE('',*,*,#634,.T.);
#842=ORIENTED_EDGE('',*,*,#635,.T.);
#843=ORIENTED_EDGE('',*,*,#636,.T.);
#844=ORIENTED_EDGE('',*,*,#637,.T.);
#845=ORIENTED_EDGE('',*,*,#638,.F.);
#846=ORIENTED_EDGE('',*,*,#639,.T.);
#847=ORIENTED_EDGE('',*,*,#632,.T.);
#848=ORIENTED_EDGE('',*,*,#640,.T.);
#849=ORIENTED_EDGE('',*,*,#641,.F.);
#850=ORIENTED_EDGE('',*,*,#642,.T.);
#851=ORIENTED_EDGE('',*,*,#638,.T.);
#852=ORIENTED_EDGE('',*,*,#643,.T.);
#853=ORIENTED_EDGE('',*,*,#644,.F.);
#854=ORIENTED_EDGE('',*,*,#645,.T.);
#855=ORIENTED_EDGE('',*,*,#641,.T.);
#856=ORIENTED_EDGE('',*,*,#646,.T.);
#857=ORIENTED_EDGE('',*,*,#647,.F.);
#858=ORIENTED_EDGE('',*,*,#648,.T.);
#859=ORIENTED_EDGE('',*,*,#644,.T.);
#860=ORIENTED_EDGE('',*,*,#649,.T.);
#861=ORIENTED_EDGE('',*,*,#650,.F.);
#862=ORIENTED_EDGE('',*,*,#651,.T.);
#863=ORIENTED_EDGE('',*,*,#647,.T.);
#864=ORIENTED_EDGE('',*,*,#652,.T.);
#865=ORIENTED_EDGE('',*,*,#653,.F.);
#866=ORIENTED_EDGE('',*,*,#654,.T.);
#867=ORIENTED_EDGE('',*,*,#650,.T.);
#868=ORIENTED_EDGE('',*,*,#655,.T.);
#869=ORIENTED_EDGE('',*,*,#656,.F.);
#870=ORIENTED_EDGE('',*,*,#657,.T.);
#871=ORIENTED_EDGE('',*,*,#653,.T.);
#872=ORIENTED_EDGE('',*,*,#658,.T.);
#873=ORIENTED_EDGE('',*,*,#659,.F.);
#874=ORIENTED_EDGE('',*,*,#660,.T.);
#875=ORIENTED_EDGE('',*,*,#656,.T.);
#876=ORIENTED_EDGE('',*,*,#661,.T.);
#877=ORIENTED_EDGE('',*,*,#662,.T.);
#878=ORIENTED_EDGE('',*,*,#663,.T.);
#879=ORIENTED_EDGE('',*,*,#664,.T.);
#880=ORIENTED_EDGE('',*,*,#665,.T.);
#881=ORIENTED_EDGE('',*,*,#666,.T.);
#882=ORIENTED_EDGE('',*,*,#665,.F.);
#883=ORIENTED_EDGE('',*,*,#667,.T.);
#884=ORIENTED_EDGE('',*,*,#668,.F.);
#885=ORIENTED_EDGE('',*,*,#669,.F.);
#886=ORIENTED_EDGE('',*,*,#670,.T.);
#887=ORIENTED_EDGE('',*,*,#671,.F.);
#888=ORIENTED_EDGE('',*,*,#668,.T.);
#889=ORIENTED_EDGE('',*,*,#672,.T.);
#890=ORIENTED_EDGE('',*,*,#669,.T.);
#891=ORIENTED_EDGE('',*,*,#671,.T.);
#892=ORIENTED_EDGE('',*,*,#673,.T.);
#893=ORIENTED_EDGE('',*,*,#674,.T.);
#894=ORIENTED_EDGE('',*,*,#659,.T.);
#895=ORIENTED_EDGE('',*,*,#675,.T.);
#896=ORIENTED_EDGE('',*,*,#676,.T.);
#897=ORIENTED_EDGE('',*,*,#677,.T.);
#898=ORIENTED_EDGE('',*,*,#678,.T.);
#899=ORIENTED_EDGE('',*,*,#674,.F.);
#900=ORIENTED_EDGE('',*,*,#679,.T.);
#901=ORIENTED_EDGE('',*,*,#680,.T.);
#902=ORIENTED_EDGE('',*,*,#633,.F.);
#903=ORIENTED_EDGE('',*,*,#639,.F.);
#904=ORIENTED_EDGE('',*,*,#642,.F.);
#905=ORIENTED_EDGE('',*,*,#645,.F.);
#906=ORIENTED_EDGE('',*,*,#648,.F.);
#907=ORIENTED_EDGE('',*,*,#651,.F.);
#908=ORIENTED_EDGE('',*,*,#654,.F.);
#909=ORIENTED_EDGE('',*,*,#657,.F.);
#910=ORIENTED_EDGE('',*,*,#660,.F.);
#911=ORIENTED_EDGE('',*,*,#677,.F.);
#912=ORIENTED_EDGE('',*,*,#681,.F.);
#913=ORIENTED_EDGE('',*,*,#605,.T.);
#914=ORIENTED_EDGE('',*,*,#609,.T.);
#915=ORIENTED_EDGE('',*,*,#612,.T.);
#916=ORIENTED_EDGE('',*,*,#615,.T.);
#917=ORIENTED_EDGE('',*,*,#618,.T.);
#918=ORIENTED_EDGE('',*,*,#621,.T.);
#919=ORIENTED_EDGE('',*,*,#624,.T.);
#920=ORIENTED_EDGE('',*,*,#627,.T.);
#921=ORIENTED_EDGE('',*,*,#630,.T.);
#922=ORIENTED_EDGE('',*,*,#682,.T.);
#923=ORIENTED_EDGE('',*,*,#683,.T.);
#924=ORIENTED_EDGE('',*,*,#684,.T.);
#925=ORIENTED_EDGE('',*,*,#683,.F.);
#926=ORIENTED_EDGE('',*,*,#685,.F.);
#927=ORIENTED_EDGE('',*,*,#686,.F.);
#928=ORIENTED_EDGE('',*,*,#687,.T.);
#929=ORIENTED_EDGE('',*,*,#688,.T.);
#930=ORIENTED_EDGE('',*,*,#689,.F.);
#931=ORIENTED_EDGE('',*,*,#690,.T.);
#932=ORIENTED_EDGE('',*,*,#689,.T.);
#933=ORIENTED_EDGE('',*,*,#691,.T.);
#934=ORIENTED_EDGE('',*,*,#692,.T.);
#935=ORIENTED_EDGE('',*,*,#693,.T.);
#936=ORIENTED_EDGE('',*,*,#694,.T.);
#937=ORIENTED_EDGE('',*,*,#635,.F.);
#938=ORIENTED_EDGE('',*,*,#695,.T.);
#939=ORIENTED_EDGE('',*,*,#696,.T.);
#940=ORIENTED_EDGE('',*,*,#686,.T.);
#941=ORIENTED_EDGE('',*,*,#697,.F.);
#942=ORIENTED_EDGE('',*,*,#631,.F.);
#943=ORIENTED_EDGE('',*,*,#628,.F.);
#944=ORIENTED_EDGE('',*,*,#625,.F.);
#945=ORIENTED_EDGE('',*,*,#622,.F.);
#946=ORIENTED_EDGE('',*,*,#619,.F.);
#947=ORIENTED_EDGE('',*,*,#616,.F.);
#948=ORIENTED_EDGE('',*,*,#613,.F.);
#949=ORIENTED_EDGE('',*,*,#610,.F.);
#950=ORIENTED_EDGE('',*,*,#607,.F.);
#951=ORIENTED_EDGE('',*,*,#698,.F.);
#952=ORIENTED_EDGE('',*,*,#675,.F.);
#953=ORIENTED_EDGE('',*,*,#661,.F.);
#954=ORIENTED_EDGE('',*,*,#658,.F.);
#955=ORIENTED_EDGE('',*,*,#655,.F.);
#956=ORIENTED_EDGE('',*,*,#652,.F.);
#957=ORIENTED_EDGE('',*,*,#649,.F.);
#958=ORIENTED_EDGE('',*,*,#646,.F.);
#959=ORIENTED_EDGE('',*,*,#643,.F.);
#960=ORIENTED_EDGE('',*,*,#640,.F.);
#961=ORIENTED_EDGE('',*,*,#637,.F.);
#962=ORIENTED_EDGE('',*,*,#629,.T.);
#963=ORIENTED_EDGE('',*,*,#697,.T.);
#964=ORIENTED_EDGE('',*,*,#685,.T.);
#965=ORIENTED_EDGE('',*,*,#682,.F.);
#966=ORIENTED_EDGE('',*,*,#681,.T.);
#967=ORIENTED_EDGE('',*,*,#676,.F.);
#968=ORIENTED_EDGE('',*,*,#698,.T.);
#969=ORIENTED_EDGE('',*,*,#606,.T.);
#970=ORIENTED_EDGE('',*,*,#663,.F.);
#971=ORIENTED_EDGE('',*,*,#699,.F.);
#972=ORIENTED_EDGE('',*,*,#700,.F.);
#973=ORIENTED_EDGE('',*,*,#701,.F.);
#974=ORIENTED_EDGE('',*,*,#702,.F.);
#975=ORIENTED_EDGE('',*,*,#687,.F.);
#976=ORIENTED_EDGE('',*,*,#696,.F.);
#977=ORIENTED_EDGE('',*,*,#703,.T.);
#978=ORIENTED_EDGE('',*,*,#664,.F.);
#979=ORIENTED_EDGE('',*,*,#702,.T.);
#980=ORIENTED_EDGE('',*,*,#704,.F.);
#981=ORIENTED_EDGE('',*,*,#705,.F.);
#982=ORIENTED_EDGE('',*,*,#706,.F.);
#983=ORIENTED_EDGE('',*,*,#707,.T.);
#984=ORIENTED_EDGE('',*,*,#708,.F.);
#985=ORIENTED_EDGE('',*,*,#709,.T.);
#986=ORIENTED_EDGE('',*,*,#710,.T.);
#987=ORIENTED_EDGE('',*,*,#711,.T.);
#988=ORIENTED_EDGE('',*,*,#679,.F.);
#989=ORIENTED_EDGE('',*,*,#673,.F.);
#990=ORIENTED_EDGE('',*,*,#670,.F.);
#991=ORIENTED_EDGE('',*,*,#667,.F.);
#992=ORIENTED_EDGE('',*,*,#690,.F.);
#993=ORIENTED_EDGE('',*,*,#712,.T.);
#994=ORIENTED_EDGE('',*,*,#713,.F.);
#995=ORIENTED_EDGE('',*,*,#714,.T.);
#996=ORIENTED_EDGE('',*,*,#715,.T.);
#997=ORIENTED_EDGE('',*,*,#716,.T.);
#998=ORIENTED_EDGE('',*,*,#717,.T.);
#999=ORIENTED_EDGE('',*,*,#718,.T.);
#1000=ORIENTED_EDGE('',*,*,#719,.F.);
#1001=ORIENTED_EDGE('',*,*,#720,.T.);
#1002=ORIENTED_EDGE('',*,*,#721,.F.);
#1003=ORIENTED_EDGE('',*,*,#722,.F.);
#1004=ORIENTED_EDGE('',*,*,#723,.F.);
#1005=ORIENTED_EDGE('',*,*,#700,.T.);
#1006=ORIENTED_EDGE('',*,*,#724,.T.);
#1007=ORIENTED_EDGE('',*,*,#725,.T.);
#1008=ORIENTED_EDGE('',*,*,#724,.F.);
#1009=ORIENTED_EDGE('',*,*,#699,.T.);
#1010=ORIENTED_EDGE('',*,*,#662,.F.);
#1011=ORIENTED_EDGE('',*,*,#666,.F.);
#1012=ORIENTED_EDGE('',*,*,#672,.F.);
#1013=ORIENTED_EDGE('',*,*,#678,.F.);
#1014=ORIENTED_EDGE('',*,*,#684,.F.);
#1015=ORIENTED_EDGE('',*,*,#694,.F.);
#1016=ORIENTED_EDGE('',*,*,#636,.F.);
#1017=ORIENTED_EDGE('',*,*,#726,.T.);
#1018=ORIENTED_EDGE('',*,*,#727,.T.);
#1019=ORIENTED_EDGE('',*,*,#728,.F.);
#1020=ORIENTED_EDGE('',*,*,#727,.F.);
#1021=ORIENTED_EDGE('',*,*,#728,.T.);
#1022=ORIENTED_EDGE('',*,*,#729,.T.);
#1023=ORIENTED_EDGE('',*,*,#730,.T.);
#1024=ORIENTED_EDGE('',*,*,#721,.T.);
#1025=ORIENTED_EDGE('',*,*,#731,.T.);
#1026=ORIENTED_EDGE('',*,*,#732,.T.);
#1027=ORIENTED_EDGE('',*,*,#733,.F.);
#1028=ORIENTED_EDGE('',*,*,#734,.T.);
#1029=ORIENTED_EDGE('',*,*,#729,.F.);
#1030=ORIENTED_EDGE('',*,*,#735,.T.);
#1031=ORIENTED_EDGE('',*,*,#736,.F.);
#1032=ORIENTED_EDGE('',*,*,#737,.F.);
#1033=ORIENTED_EDGE('',*,*,#705,.T.);
#1034=ORIENTED_EDGE('',*,*,#738,.F.);
#1035=ORIENTED_EDGE('',*,*,#735,.F.);
#1036=ORIENTED_EDGE('',*,*,#733,.T.);
#1037=ORIENTED_EDGE('',*,*,#739,.T.);
#1038=ORIENTED_EDGE('',*,*,#706,.T.);
#1039=ORIENTED_EDGE('',*,*,#739,.F.);
#1040=ORIENTED_EDGE('',*,*,#732,.F.);
#1041=ORIENTED_EDGE('',*,*,#722,.T.);
#1042=ORIENTED_EDGE('',*,*,#730,.F.);
#1043=ORIENTED_EDGE('',*,*,#737,.T.);
#1044=ORIENTED_EDGE('',*,*,#740,.F.);
#1045=ORIENTED_EDGE('',*,*,#704,.T.);
#1046=ORIENTED_EDGE('',*,*,#701,.T.);
#1047=ORIENTED_EDGE('',*,*,#723,.T.);
#1048=ORIENTED_EDGE('',*,*,#740,.T.);
#1049=ORIENTED_EDGE('',*,*,#736,.T.);
#1050=ORIENTED_EDGE('',*,*,#738,.T.);
#1051=ORIENTED_EDGE('',*,*,#726,.F.);
#1052=ORIENTED_EDGE('',*,*,#731,.F.);
#1053=ORIENTED_EDGE('',*,*,#720,.F.);
#1054=ORIENTED_EDGE('',*,*,#741,.F.);
#1055=ORIENTED_EDGE('',*,*,#707,.F.);
#1056=ORIENTED_EDGE('',*,*,#714,.F.);
#1057=ORIENTED_EDGE('',*,*,#742,.F.);
#1058=ORIENTED_EDGE('',*,*,#743,.F.);
#1059=ORIENTED_EDGE('',*,*,#744,.F.);
#1060=ORIENTED_EDGE('',*,*,#744,.T.);
#1061=ORIENTED_EDGE('',*,*,#745,.F.);
#1062=ORIENTED_EDGE('',*,*,#746,.F.);
#1063=ORIENTED_EDGE('',*,*,#747,.F.);
#1064=ORIENTED_EDGE('',*,*,#748,.T.);
#1065=ORIENTED_EDGE('',*,*,#749,.T.);
#1066=ORIENTED_EDGE('',*,*,#750,.T.);
#1067=ORIENTED_EDGE('',*,*,#715,.F.);
#1068=ORIENTED_EDGE('',*,*,#751,.T.);
#1069=ORIENTED_EDGE('',*,*,#752,.F.);
#1070=ORIENTED_EDGE('',*,*,#753,.F.);
#1071=ORIENTED_EDGE('',*,*,#754,.F.);
#1072=ORIENTED_EDGE('',*,*,#752,.T.);
#1073=ORIENTED_EDGE('',*,*,#755,.F.);
#1074=ORIENTED_EDGE('',*,*,#746,.T.);
#1075=ORIENTED_EDGE('',*,*,#756,.T.);
#1076=ORIENTED_EDGE('',*,*,#757,.F.);
#1077=ORIENTED_EDGE('',*,*,#717,.F.);
#1078=ORIENTED_EDGE('',*,*,#758,.T.);
#1079=ORIENTED_EDGE('',*,*,#759,.T.);
#1080=ORIENTED_EDGE('',*,*,#760,.F.);
#1081=ORIENTED_EDGE('',*,*,#761,.F.);
#1082=ORIENTED_EDGE('',*,*,#762,.T.);
#1083=ORIENTED_EDGE('',*,*,#763,.F.);
#1084=ORIENTED_EDGE('',*,*,#762,.F.);
#1085=ORIENTED_EDGE('',*,*,#764,.F.);
#1086=ORIENTED_EDGE('',*,*,#758,.F.);
#1087=ORIENTED_EDGE('',*,*,#716,.F.);
#1088=ORIENTED_EDGE('',*,*,#750,.F.);
#1089=ORIENTED_EDGE('',*,*,#764,.T.);
#1090=ORIENTED_EDGE('',*,*,#749,.F.);
#1091=ORIENTED_EDGE('',*,*,#765,.T.);
#1092=ORIENTED_EDGE('',*,*,#759,.F.);
#1093=ORIENTED_EDGE('',*,*,#766,.T.);
#1094=ORIENTED_EDGE('',*,*,#767,.T.);
#1095=ORIENTED_EDGE('',*,*,#710,.F.);
#1096=ORIENTED_EDGE('',*,*,#768,.T.);
#1097=ORIENTED_EDGE('',*,*,#754,.T.);
#1098=ORIENTED_EDGE('',*,*,#769,.F.);
#1099=ORIENTED_EDGE('',*,*,#770,.F.);
#1100=ORIENTED_EDGE('',*,*,#771,.F.);
#1101=ORIENTED_EDGE('',*,*,#691,.F.);
#1102=ORIENTED_EDGE('',*,*,#688,.F.);
#1103=ORIENTED_EDGE('',*,*,#703,.F.);
#1104=ORIENTED_EDGE('',*,*,#695,.F.);
#1105=ORIENTED_EDGE('',*,*,#634,.F.);
#1106=ORIENTED_EDGE('',*,*,#680,.F.);
#1107=ORIENTED_EDGE('',*,*,#711,.F.);
#1108=ORIENTED_EDGE('',*,*,#767,.F.);
#1109=ORIENTED_EDGE('',*,*,#772,.F.);
#1110=ORIENTED_EDGE('',*,*,#773,.T.);
#1111=ORIENTED_EDGE('',*,*,#766,.F.);
#1112=ORIENTED_EDGE('',*,*,#773,.F.);
#1113=ORIENTED_EDGE('',*,*,#772,.T.);
#1114=ORIENTED_EDGE('',*,*,#761,.T.);
#1115=ORIENTED_EDGE('',*,*,#774,.F.);
#1116=ORIENTED_EDGE('',*,*,#775,.T.);
#1117=ORIENTED_EDGE('',*,*,#776,.F.);
#1118=ORIENTED_EDGE('',*,*,#775,.F.);
#1119=ORIENTED_EDGE('',*,*,#777,.T.);
#1120=ORIENTED_EDGE('',*,*,#778,.T.);
#1121=ORIENTED_EDGE('',*,*,#774,.T.);
#1122=ORIENTED_EDGE('',*,*,#778,.F.);
#1123=ORIENTED_EDGE('',*,*,#776,.T.);
#1124=ORIENTED_EDGE('',*,*,#779,.T.);
#1125=ORIENTED_EDGE('',*,*,#780,.F.);
#1126=ORIENTED_EDGE('',*,*,#779,.F.);
#1127=ORIENTED_EDGE('',*,*,#781,.T.);
#1128=ORIENTED_EDGE('',*,*,#782,.T.);
#1129=ORIENTED_EDGE('',*,*,#763,.T.);
#1130=ORIENTED_EDGE('',*,*,#782,.F.);
#1131=ORIENTED_EDGE('',*,*,#742,.T.);
#1132=ORIENTED_EDGE('',*,*,#713,.T.);
#1133=ORIENTED_EDGE('',*,*,#783,.T.);
#1134=ORIENTED_EDGE('',*,*,#784,.T.);
#1135=ORIENTED_EDGE('',*,*,#785,.T.);
#1136=ORIENTED_EDGE('',*,*,#770,.T.);
#1137=ORIENTED_EDGE('',*,*,#786,.F.);
#1138=ORIENTED_EDGE('',*,*,#692,.F.);
#1139=ORIENTED_EDGE('',*,*,#771,.T.);
#1140=ORIENTED_EDGE('',*,*,#785,.F.);
#1141=ORIENTED_EDGE('',*,*,#787,.T.);
#1142=ORIENTED_EDGE('',*,*,#788,.F.);
#1143=ORIENTED_EDGE('',*,*,#789,.T.);
#1144=ORIENTED_EDGE('',*,*,#790,.T.);
#1145=ORIENTED_EDGE('',*,*,#789,.F.);
#1146=ORIENTED_EDGE('',*,*,#790,.F.);
#1147=ORIENTED_EDGE('',*,*,#791,.T.);
#1148=ORIENTED_EDGE('',*,*,#777,.F.);
#1149=ORIENTED_EDGE('',*,*,#788,.T.);
#1150=ORIENTED_EDGE('',*,*,#791,.F.);
#1151=ORIENTED_EDGE('',*,*,#792,.T.);
#1152=ORIENTED_EDGE('',*,*,#793,.T.);
#1153=ORIENTED_EDGE('',*,*,#792,.F.);
#1154=ORIENTED_EDGE('',*,*,#794,.T.);
#1155=ORIENTED_EDGE('',*,*,#793,.F.);
#1156=ORIENTED_EDGE('',*,*,#794,.F.);
#1157=ORIENTED_EDGE('',*,*,#795,.T.);
#1158=ORIENTED_EDGE('',*,*,#796,.T.);
#1159=ORIENTED_EDGE('',*,*,#795,.F.);
#1160=ORIENTED_EDGE('',*,*,#780,.T.);
#1161=ORIENTED_EDGE('',*,*,#797,.T.);
#1162=ORIENTED_EDGE('',*,*,#781,.F.);
#1163=ORIENTED_EDGE('',*,*,#797,.F.);
#1164=ORIENTED_EDGE('',*,*,#798,.T.);
#1165=ORIENTED_EDGE('',*,*,#796,.F.);
#1166=ORIENTED_EDGE('',*,*,#725,.F.);
#1167=ORIENTED_EDGE('',*,*,#799,.T.);
#1168=ORIENTED_EDGE('',*,*,#798,.F.);
#1169=ORIENTED_EDGE('',*,*,#799,.F.);
#1170=ORIENTED_EDGE('',*,*,#800,.F.);
#1171=ORIENTED_EDGE('',*,*,#801,.T.);
#1172=ORIENTED_EDGE('',*,*,#734,.F.);
#1173=ORIENTED_EDGE('',*,*,#801,.F.);
#1174=ORIENTED_EDGE('',*,*,#760,.T.);
#1175=ORIENTED_EDGE('',*,*,#765,.F.);
#1176=ORIENTED_EDGE('',*,*,#748,.F.);
#1177=ORIENTED_EDGE('',*,*,#802,.F.);
#1178=ORIENTED_EDGE('',*,*,#693,.F.);
#1179=ORIENTED_EDGE('',*,*,#787,.F.);
#1180=ORIENTED_EDGE('',*,*,#784,.F.);
#1181=ORIENTED_EDGE('',*,*,#783,.F.);
#1182=ORIENTED_EDGE('',*,*,#712,.F.);
#1183=ORIENTED_EDGE('',*,*,#745,.T.);
#1184=ORIENTED_EDGE('',*,*,#743,.T.);
#1185=ORIENTED_EDGE('',*,*,#786,.T.);
#1186=ORIENTED_EDGE('',*,*,#769,.T.);
#1187=ORIENTED_EDGE('',*,*,#753,.T.);
#1188=ORIENTED_EDGE('',*,*,#756,.F.);
#1189=ORIENTED_EDGE('',*,*,#755,.T.);
#1190=ORIENTED_EDGE('',*,*,#751,.F.);
#1191=ORIENTED_EDGE('',*,*,#768,.F.);
#1192=ORIENTED_EDGE('',*,*,#709,.F.);
#1193=ORIENTED_EDGE('',*,*,#708,.T.);
#1194=ORIENTED_EDGE('',*,*,#741,.T.);
#1195=ORIENTED_EDGE('',*,*,#719,.T.);
#1196=ORIENTED_EDGE('',*,*,#718,.F.);
#1197=ORIENTED_EDGE('',*,*,#757,.T.);
#1198=ORIENTED_EDGE('',*,*,#802,.T.);
#1199=ORIENTED_EDGE('',*,*,#747,.T.);
#1200=ORIENTED_EDGE('',*,*,#800,.T.);
#1201=CYLINDRICAL_SURFACE('',#1320,1.99475);
#1202=CYLINDRICAL_SURFACE('',#1322,1.99475);
#1203=CYLINDRICAL_SURFACE('',#1323,1.99475);
#1204=CYLINDRICAL_SURFACE('',#1324,1.99475);
#1205=CYLINDRICAL_SURFACE('',#1325,1.99475);
#1206=CYLINDRICAL_SURFACE('',#1326,1.99475);
#1207=CYLINDRICAL_SURFACE('',#1327,1.99475);
#1208=CYLINDRICAL_SURFACE('',#1328,1.99475);
#1209=CYLINDRICAL_SURFACE('',#1329,1.99475);
#1210=CYLINDRICAL_SURFACE('',#1330,2.4505);
#1211=CYLINDRICAL_SURFACE('',#1331,2.4505);
#1212=CYLINDRICAL_SURFACE('',#1332,2.4505);
#1213=CYLINDRICAL_SURFACE('',#1333,2.4505);
#1214=CYLINDRICAL_SURFACE('',#1334,2.4505);
#1215=CYLINDRICAL_SURFACE('',#1335,2.4505);
#1216=CYLINDRICAL_SURFACE('',#1336,2.4505);
#1217=CYLINDRICAL_SURFACE('',#1337,2.4505);
#1218=CYLINDRICAL_SURFACE('',#1338,2.4505);
#1219=CYLINDRICAL_SURFACE('',#1339,2.5);
#1220=CYLINDRICAL_SURFACE('',#1343,2.4505);
#1221=CYLINDRICAL_SURFACE('',#1344,2.4505);
#1222=CYLINDRICAL_SURFACE('',#1349,2.5);
#1223=CYLINDRICAL_SURFACE('',#1350,1.99475);
#1224=CYLINDRICAL_SURFACE('',#1370,0.874999999999999);
#1225=CYLINDRICAL_SURFACE('',#1382,6.);
#1226=CYLINDRICAL_SURFACE('',#1395,11.5);
#1227=CYLINDRICAL_SURFACE('',#1407,10.2500000000114);
#1228=CYLINDRICAL_SURFACE('',#1416,6.54999999999853);
#1229=CYLINDRICAL_SURFACE('',#1422,4.5);
#1230=CYLINDRICAL_SURFACE('',#1426,6.5500000000007);
#1231=CYLINDRICAL_SURFACE('',#1428,8.55000000001011);
#1232=CYLINDRICAL_SURFACE('',#1433,0.874999999999999);
#1233=ADVANCED_FACE('',(#82),#1201,.F.);
#1234=ADVANCED_FACE('',(#83),#1202,.F.);
#1235=ADVANCED_FACE('',(#84),#1203,.F.);
#1236=ADVANCED_FACE('',(#85),#1204,.F.);
#1237=ADVANCED_FACE('',(#86),#1205,.F.);
#1238=ADVANCED_FACE('',(#87),#1206,.F.);
#1239=ADVANCED_FACE('',(#88),#1207,.F.);
#1240=ADVANCED_FACE('',(#89),#1208,.F.);
#1241=ADVANCED_FACE('',(#90),#1209,.F.);
#1242=ADVANCED_FACE('',(#91),#1210,.F.);
#1243=ADVANCED_FACE('',(#92),#1211,.F.);
#1244=ADVANCED_FACE('',(#93),#1212,.F.);
#1245=ADVANCED_FACE('',(#94),#1213,.F.);
#1246=ADVANCED_FACE('',(#95),#1214,.F.);
#1247=ADVANCED_FACE('',(#96),#1215,.F.);
#1248=ADVANCED_FACE('',(#97),#1216,.F.);
#1249=ADVANCED_FACE('',(#98),#1217,.F.);
#1250=ADVANCED_FACE('',(#99),#1218,.F.);
#1251=ADVANCED_FACE('',(#100),#1219,.F.);
#1252=ADVANCED_FACE('',(#101),#60,.T.);
#1253=ADVANCED_FACE('',(#102),#41,.F.);
#1254=ADVANCED_FACE('',(#103),#1220,.F.);
#1255=ADVANCED_FACE('',(#104),#1221,.F.);
#1256=ADVANCED_FACE('',(#105),#42,.F.);
#1257=ADVANCED_FACE('',(#106),#61,.T.);
#1258=ADVANCED_FACE('',(#107),#1222,.F.);
#1259=ADVANCED_FACE('',(#108),#43,.F.);
#1260=ADVANCED_FACE('',(#109),#1223,.F.);
#1261=ADVANCED_FACE('',(#110),#62,.T.);
#1262=ADVANCED_FACE('',(#111),#33,.T.);
#1263=ADVANCED_FACE('',(#112),#27,.T.);
#1264=ADVANCED_FACE('',(#113),#28,.T.);
#1265=ADVANCED_FACE('',(#114,#15),#29,.T.);
#1266=ADVANCED_FACE('',(#115),#1224,.F.);
#1267=ADVANCED_FACE('',(#116),#63,.F.);
#1268=ADVANCED_FACE('',(#117,#16),#64,.T.);
#1269=ADVANCED_FACE('',(#118),#65,.T.);
#1270=ADVANCED_FACE('',(#119),#66,.T.);
#1271=ADVANCED_FACE('',(#120),#67,.T.);
#1272=ADVANCED_FACE('',(#121),#68,.T.);
#1273=ADVANCED_FACE('',(#122,#17),#69,.F.);
#1274=ADVANCED_FACE('',(#123),#34,.T.);
#1275=ADVANCED_FACE('',(#124),#1225,.T.);
#1276=ADVANCED_FACE('',(#125),#70,.T.);
#1277=ADVANCED_FACE('',(#126),#44,.T.);
#1278=ADVANCED_FACE('',(#127),#71,.T.);
#1279=ADVANCED_FACE('',(#128),#45,.T.);
#1280=ADVANCED_FACE('',(#129),#35,.F.);
#1281=ADVANCED_FACE('',(#130),#36,.T.);
#1282=ADVANCED_FACE('',(#131),#72,.T.);
#1283=ADVANCED_FACE('',(#132),#1226,.T.);
#1284=ADVANCED_FACE('',(#133),#37,.T.);
#1285=ADVANCED_FACE('',(#134,#18),#73,.F.);
#1286=ADVANCED_FACE('',(#135),#38,.T.);
#1287=ADVANCED_FACE('',(#136),#1227,.T.);
#1288=ADVANCED_FACE('',(#137),#30,.T.);
#1289=ADVANCED_FACE('',(#138),#31,.T.);
#1290=ADVANCED_FACE('',(#139),#74,.T.);
#1291=ADVANCED_FACE('',(#140),#32,.T.);
#1292=ADVANCED_FACE('',(#141),#1228,.F.);
#1293=ADVANCED_FACE('',(#142,#19),#75,.F.);
#1294=ADVANCED_FACE('',(#143,#20),#76,.F.);
#1295=ADVANCED_FACE('',(#144),#1229,.F.);
#1296=ADVANCED_FACE('',(#145,#21),#77,.F.);
#1297=ADVANCED_FACE('',(#146),#1230,.F.);
#1298=ADVANCED_FACE('',(#147),#1231,.T.);
#1299=ADVANCED_FACE('',(#148,#22),#78,.F.);
#1300=ADVANCED_FACE('',(#149),#39,.T.);
#1301=ADVANCED_FACE('',(#150),#1232,.F.);
#1302=ADVANCED_FACE('',(#151),#79,.T.);
#1303=ADVANCED_FACE('',(#152),#40,.T.);
#1304=ADVANCED_FACE('',(#153),#80,.T.);
#1305=ADVANCED_FACE('',(#154,#23),#81,.T.);
#1306=CLOSED_SHELL('',(#1233,#1234,#1235,#1236,#1237,#1238,#1239,#1240,
#1241,#1242,#1243,#1244,#1245,#1246,#1247,#1248,#1249,#1250,#1251,#1252,
#1253,#1254,#1255,#1256,#1257,#1258,#1259,#1260,#1261,#1262,#1263,#1264,
#1265,#1266,#1267,#1268,#1269,#1270,#1271,#1272,#1273,#1274,#1275,#1276,
#1277,#1278,#1279,#1280,#1281,#1282,#1283,#1284,#1285,#1286,#1287,#1288,
#1289,#1290,#1291,#1292,#1293,#1294,#1295,#1296,#1297,#1298,#1299,#1300,
#1301,#1302,#1303,#1304,#1305));
#1307=DERIVED_UNIT_ELEMENT(#1309,1.);
#1308=DERIVED_UNIT_ELEMENT(#4185,-3.);
#1309=(
MASS_UNIT()
NAMED_UNIT(*)
SI_UNIT(.KILO.,.GRAM.)
);
#1310=DERIVED_UNIT((#1307,#1308));
#1311=MEASURE_REPRESENTATION_ITEM('density measure',
POSITIVE_RATIO_MEASURE(7850.),#1310);
#1312=PROPERTY_DEFINITION_REPRESENTATION(#1317,#1314);
#1313=PROPERTY_DEFINITION_REPRESENTATION(#1318,#1315);
#1314=REPRESENTATION('material name',(#1316),#4182);
#1315=REPRESENTATION('density',(#1311),#4182);
#1316=DESCRIPTIVE_REPRESENTATION_ITEM('Steel','Steel');
#1317=PROPERTY_DEFINITION('material property','material name',#4192);
#1318=PROPERTY_DEFINITION('material property','density of part',#4192);
#1319=AXIS2_PLACEMENT_3D('',#1733,#1439,#1440);
#1320=AXIS2_PLACEMENT_3D('',#1734,#1441,#1442);
#1321=AXIS2_PLACEMENT_3D('',#1749,#1444,#1445);
#1322=AXIS2_PLACEMENT_3D('',#1758,#1446,#1447);
#1323=AXIS2_PLACEMENT_3D('',#1782,#1449,#1450);
#1324=AXIS2_PLACEMENT_3D('',#1806,#1452,#1453);
#1325=AXIS2_PLACEMENT_3D('',#1832,#1455,#1456);
#1326=AXIS2_PLACEMENT_3D('',#1856,#1458,#1459);
#1327=AXIS2_PLACEMENT_3D('',#1880,#1461,#1462);
#1328=AXIS2_PLACEMENT_3D('',#1906,#1464,#1465);
#1329=AXIS2_PLACEMENT_3D('',#1930,#1467,#1468);
#1330=AXIS2_PLACEMENT_3D('',#1954,#1470,#1471);
#1331=AXIS2_PLACEMENT_3D('',#2014,#1473,#1474);
#1332=AXIS2_PLACEMENT_3D('',#2062,#1476,#1477);
#1333=AXIS2_PLACEMENT_3D('',#2113,#1479,#1480);
#1334=AXIS2_PLACEMENT_3D('',#2164,#1482,#1483);
#1335=AXIS2_PLACEMENT_3D('',#2212,#1485,#1486);
#1336=AXIS2_PLACEMENT_3D('',#2263,#1488,#1489);
#1337=AXIS2_PLACEMENT_3D('',#2314,#1491,#1492);
#1338=AXIS2_PLACEMENT_3D('',#2362,#1494,#1495);
#1339=AXIS2_PLACEMENT_3D('',#2410,#1497,#1498);
#1340=AXIS2_PLACEMENT_3D('',#2437,#1499,#1500);
#1341=AXIS2_PLACEMENT_3D('',#2438,#1501,#1502);
#1342=AXIS2_PLACEMENT_3D('',#2485,#1503,#1504);
#1343=AXIS2_PLACEMENT_3D('',#2511,#1505,#1506);
#1344=AXIS2_PLACEMENT_3D('',#2531,#1507,#1508);
#1345=AXIS2_PLACEMENT_3D('',#2544,#1509,#1510);
#1346=AXIS2_PLACEMENT_3D('',#3111,#1511,#1512);
#1347=AXIS2_PLACEMENT_3D('',#3117,#1513,#1514);
#1348=AXIS2_PLACEMENT_3D('',#3150,#1516,#1517);
#1349=AXIS2_PLACEMENT_3D('',#3151,#1518,#1519);
#1350=AXIS2_PLACEMENT_3D('',#3591,#1520,#1521);
#1351=AXIS2_PLACEMENT_3D('',#3592,#1522,#1523);
#1352=AXIS2_PLACEMENT_3D('',#3593,#1524,#1525);
#1353=AXIS2_PLACEMENT_3D('',#3595,#1526,#1527);
#1354=AXIS2_PLACEMENT_3D('',#3597,#1528,#1529);
#1355=AXIS2_PLACEMENT_3D('',#3614,#1530,#1531);
#1356=AXIS2_PLACEMENT_3D('',#3615,#1532,#1533);
#1357=AXIS2_PLACEMENT_3D('',#3616,#1534,#1535);
#1358=AXIS2_PLACEMENT_3D('',#3617,#1536,#1537);
#1359=AXIS2_PLACEMENT_3D('',#3623,#1538,#1539);
#1360=AXIS2_PLACEMENT_3D('',#3625,#1540,#1541);
#1361=AXIS2_PLACEMENT_3D('',#3627,#1542,#1543);
#1362=AXIS2_PLACEMENT_3D('',#3638,#1544,#1545);
#1363=AXIS2_PLACEMENT_3D('',#3639,#1546,#1547);
#1364=AXIS2_PLACEMENT_3D('',#3640,#1548,#1549);
#1365=AXIS2_PLACEMENT_3D('',#3642,#1550,#1551);
#1366=AXIS2_PLACEMENT_3D('',#3660,#1552,#1553);
#1367=AXIS2_PLACEMENT_3D('',#3675,#1554,#1555);
#1368=AXIS2_PLACEMENT_3D('',#3681,#1556,#1557);
#1369=AXIS2_PLACEMENT_3D('',#3687,#1559,#1560);
#1370=AXIS2_PLACEMENT_3D('',#3688,#1561,#1562);
#1371=AXIS2_PLACEMENT_3D('',#3690,#1563,#1564);
#1372=AXIS2_PLACEMENT_3D('',#3693,#1566,#1567);
#1373=AXIS2_PLACEMENT_3D('',#3694,#1568,#1569);
#1374=AXIS2_PLACEMENT_3D('',#3695,#1570,#1571);
#1375=AXIS2_PLACEMENT_3D('',#3719,#1576,#1577);
#1376=AXIS2_PLACEMENT_3D('',#3720,#1578,#1579);
#1377=AXIS2_PLACEMENT_3D('',#3726,#1583,#1584);
#1378=AXIS2_PLACEMENT_3D('',#3729,#1587,#1588);
#1379=AXIS2_PLACEMENT_3D('',#3730,#1589,#1590);
#1380=AXIS2_PLACEMENT_3D('',#3732,#1592,#1593);
#1381=AXIS2_PLACEMENT_3D('',#3733,#1594,#1595);
#1382=AXIS2_PLACEMENT_3D('',#3749,#1596,#1597);
#1383=AXIS2_PLACEMENT_3D('',#3753,#1599,#1600);
#1384=AXIS2_PLACEMENT_3D('',#3755,#1602,#1603);
#1385=AXIS2_PLACEMENT_3D('',#3861,#1609,#1610);
#1386=AXIS2_PLACEMENT_3D('',#3930,#1611,#1612);
#1387=AXIS2_PLACEMENT_3D('',#3931,#1613,#1614);
#1388=AXIS2_PLACEMENT_3D('',#4075,#1617,#1618);
#1389=AXIS2_PLACEMENT_3D('',#4077,#1619,#1620);
#1390=AXIS2_PLACEMENT_3D('',#4079,#1621,#1622);
#1391=AXIS2_PLACEMENT_3D('',#4080,#1623,#1624);
#1392=AXIS2_PLACEMENT_3D('',#4081,#1625,#1626);
#1393=AXIS2_PLACEMENT_3D('',#4082,#1627,#1628);
#1394=AXIS2_PLACEMENT_3D('',#4083,#1629,#1630);
#1395=AXIS2_PLACEMENT_3D('',#4085,#1632,#1633);
#1396=AXIS2_PLACEMENT_3D('',#4087,#1634,#1635);
#1397=AXIS2_PLACEMENT_3D('',#4091,#1638,#1639);
#1398=AXIS2_PLACEMENT_3D('',#4094,#1641,#1642);
#1399=AXIS2_PLACEMENT_3D('',#4095,#1643,#1644);
#1400=AXIS2_PLACEMENT_3D('',#4097,#1645,#1646);
#1401=AXIS2_PLACEMENT_3D('',#4098,#1647,#1648);
#1402=AXIS2_PLACEMENT_3D('',#4099,#1649,#1650);
#1403=AXIS2_PLACEMENT_3D('',#4100,#1651,#1652);
#1404=AXIS2_PLACEMENT_3D('',#4102,#1653,#1654);
#1405=AXIS2_PLACEMENT_3D('',#4104,#1655,#1656);
#1406=AXIS2_PLACEMENT_3D('',#4105,#1657,#1658);
#1407=AXIS2_PLACEMENT_3D('',#4106,#1659,#1660);
#1408=AXIS2_PLACEMENT_3D('',#4108,#1661,#1662);
#1409=AXIS2_PLACEMENT_3D('',#4110,#1664,#1665);
#1410=AXIS2_PLACEMENT_3D('',#4113,#1667,#1668);
#1411=AXIS2_PLACEMENT_3D('',#4114,#1669,#1670);
#1412=AXIS2_PLACEMENT_3D('',#4116,#1671,#1672);
#1413=AXIS2_PLACEMENT_3D('',#4118,#1674,#1675);
#1414=AXIS2_PLACEMENT_3D('',#4141,#1677,#1678);
#1415=AXIS2_PLACEMENT_3D('',#4142,#1679,#1680);
#1416=AXIS2_PLACEMENT_3D('',#4143,#1681,#1682);
#1417=AXIS2_PLACEMENT_3D('',#4145,#1683,#1684);
#1418=AXIS2_PLACEMENT_3D('',#4148,#1686,#1687);
#1419=AXIS2_PLACEMENT_3D('',#4149,#1688,#1689);
#1420=AXIS2_PLACEMENT_3D('',#4151,#1690,#1691);
#1421=AXIS2_PLACEMENT_3D('',#4152,#1692,#1693);
#1422=AXIS2_PLACEMENT_3D('',#4153,#1694,#1695);
#1423=AXIS2_PLACEMENT_3D('',#4156,#1697,#1698);
#1424=AXIS2_PLACEMENT_3D('',#4157,#1699,#1700);
#1425=AXIS2_PLACEMENT_3D('',#4159,#1701,#1702);
#1426=AXIS2_PLACEMENT_3D('',#4160,#1703,#1704);
#1427=AXIS2_PLACEMENT_3D('',#4163,#1706,#1707);
#1428=AXIS2_PLACEMENT_3D('',#4164,#1708,#1709);
#1429=AXIS2_PLACEMENT_3D('',#4166,#1711,#1712);
#1430=AXIS2_PLACEMENT_3D('',#4168,#1713,#1714);
#1431=AXIS2_PLACEMENT_3D('',#4169,#1715,#1716);
#1432=AXIS2_PLACEMENT_3D('',#4170,#1717,#1718);
#1433=AXIS2_PLACEMENT_3D('',#4171,#1719,#1720);
#1434=AXIS2_PLACEMENT_3D('',#4173,#1721,#1722);
#1435=AXIS2_PLACEMENT_3D('',#4175,#1724,#1725);
#1436=AXIS2_PLACEMENT_3D('',#4177,#1727,#1728);
#1437=AXIS2_PLACEMENT_3D('',#4178,#1729,#1730);
#1438=AXIS2_PLACEMENT_3D('',#4179,#1731,#1732);
#1439=DIRECTION('axis',(0.,0.,1.));
#1440=DIRECTION('refdir',(1.,0.,0.));
#1441=DIRECTION('center_axis',(-0.034899496702501,0.999390827019096,0.));
#1442=DIRECTION('ref_axis',(0.999390827019096,0.034899496702501,-1.20322412993372E-13));
#1443=DIRECTION('',(-0.034899496702503,0.999390827019096,2.43453569008927E-28));
#1444=DIRECTION('center_axis',(0.034899496702501,-0.999390827019096,0.));
#1445=DIRECTION('ref_axis',(0.999390827019096,0.034899496702501,-1.20322412993372E-13));
#1446=DIRECTION('center_axis',(-0.034899496702501,0.999390827019096,0.));
#1447=DIRECTION('ref_axis',(0.999390827019096,0.034899496702501,-1.20322412993372E-13));
#1448=DIRECTION('',(-0.034899496702503,0.999390827019096,2.43453569008927E-28));
#1449=DIRECTION('center_axis',(-0.034899496702501,0.999390827019096,0.));
#1450=DIRECTION('ref_axis',(0.999390827019096,0.034899496702501,-1.20322412993372E-13));
#1451=DIRECTION('',(-0.034899496702503,0.999390827019096,2.43453569008927E-28));
#1452=DIRECTION('center_axis',(-0.034899496702501,0.999390827019096,0.));
#1453=DIRECTION('ref_axis',(0.999390827019096,0.034899496702501,-1.20322412993372E-13));
#1454=DIRECTION('',(-0.034899496702503,0.999390827019096,2.43453569008927E-28));
#1455=DIRECTION('center_axis',(-0.034899496702501,0.999390827019096,0.));
#1456=DIRECTION('ref_axis',(0.999390827019096,0.034899496702501,-1.20322412993372E-13));
#1457=DIRECTION('',(-0.034899496702503,0.999390827019096,2.43453569008927E-28));
#1458=DIRECTION('center_axis',(-0.034899496702501,0.999390827019096,0.));
#1459=DIRECTION('ref_axis',(0.999390827019096,0.034899496702501,-1.20322412993372E-13));
#1460=DIRECTION('',(-0.034899496702503,0.999390827019096,2.43453569008927E-28));
#1461=DIRECTION('center_axis',(-0.034899496702501,0.999390827019096,0.));
#1462=DIRECTION('ref_axis',(0.999390827019096,0.034899496702501,-1.20322412993372E-13));
#1463=DIRECTION('',(-0.034899496702503,0.999390827019096,2.43453569008927E-28));
#1464=DIRECTION('center_axis',(-0.034899496702501,0.999390827019096,0.));
#1465=DIRECTION('ref_axis',(0.999390827019096,0.034899496702501,-1.20322412993372E-13));
#1466=DIRECTION('',(-0.034899496702503,0.999390827019096,2.43453569008927E-28));
#1467=DIRECTION('center_axis',(-0.034899496702501,0.999390827019096,0.));
#1468=DIRECTION('ref_axis',(0.999390827019096,0.034899496702501,-1.20322412993372E-13));
#1469=DIRECTION('',(-0.034899496702503,0.999390827019096,2.43453569008927E-28));
#1470=DIRECTION('center_axis',(-0.034899496702501,0.999390827019096,0.));
#1471=DIRECTION('ref_axis',(0.811296630079193,0.0283311026084266,0.583947880077611));
#1472=DIRECTION('',(0.034899496702501,-0.999390827019096,0.));
#1473=DIRECTION('center_axis',(-0.034899496702501,0.999390827019096,0.));
#1474=DIRECTION('ref_axis',(0.999390827019096,0.0348994967025003,0.));
#1475=DIRECTION('',(0.034899496702501,-0.999390827019096,0.));
#1476=DIRECTION('center_axis',(-0.034899496702501,0.999390827019096,0.));
#1477=DIRECTION('ref_axis',(0.999390827019096,0.0348994967025003,0.));
#1478=DIRECTION('',(0.034899496702501,-0.999390827019096,0.));
#1479=DIRECTION('center_axis',(-0.034899496702501,0.999390827019096,0.));
#1480=DIRECTION('ref_axis',(0.999390827019096,0.0348994967025003,0.));
#1481=DIRECTION('',(0.034899496702501,-0.999390827019096,0.));
#1482=DIRECTION('center_axis',(-0.034899496702501,0.999390827019096,0.));
#1483=DIRECTION('ref_axis',(0.999390827019096,0.0348994967025003,0.));
#1484=DIRECTION('',(0.034899496702501,-0.999390827019096,0.));
#1485=DIRECTION('center_axis',(-0.034899496702501,0.999390827019096,0.));
#1486=DIRECTION('ref_axis',(0.999390827019096,0.0348994967025003,0.));
#1487=DIRECTION('',(0.034899496702501,-0.999390827019096,0.));
#1488=DIRECTION('center_axis',(-0.034899496702501,0.999390827019096,0.));
#1489=DIRECTION('ref_axis',(0.999390827019096,0.0348994967025003,0.));
#1490=DIRECTION('',(0.034899496702501,-0.999390827019096,0.));
#1491=DIRECTION('center_axis',(-0.034899496702501,0.999390827019096,0.));
#1492=DIRECTION('ref_axis',(0.999390827019096,0.0348994967025003,0.));
#1493=DIRECTION('',(0.034899496702501,-0.999390827019096,0.));
#1494=DIRECTION('center_axis',(-0.034899496702501,0.999390827019096,0.));
#1495=DIRECTION('ref_axis',(0.999390827019096,0.0348994967025003,0.));
#1496=DIRECTION('',(0.034899496702501,-0.999390827019096,0.));
#1497=DIRECTION('center_axis',(-0.034899496702501,0.999390827019096,0.));
#1498=DIRECTION('ref_axis',(-0.999390827019096,-0.0348994967025012,1.89882151931499E-15));
#1499=DIRECTION('center_axis',(-0.034899496702501,0.999390827019096,0.));
#1500=DIRECTION('ref_axis',(0.999390827019096,0.034899496702501,0.));
#1501=DIRECTION('center_axis',(0.034899496702501,-0.999390827019096,0.));
#1502=DIRECTION('ref_axis',(0.,0.,-1.));
#1503=DIRECTION('center_axis',(0.034899496702501,-0.999390827019096,0.));
#1504=DIRECTION('ref_axis',(0.999390827019096,0.0348994967025003,0.));
#1505=DIRECTION('center_axis',(-0.034899496702501,0.999390827019096,0.));
#1506=DIRECTION('ref_axis',(-0.999155622892295,-0.0348912831934061,-0.021694229643562));
#1507=DIRECTION('center_axis',(-0.034899496702501,0.999390827019096,0.));
#1508=DIRECTION('ref_axis',(0.999390827019096,0.0348994967025003,0.));
#1509=DIRECTION('center_axis',(-0.034899496702501,0.999390827019096,0.));
#1510=DIRECTION('ref_axis',(0.999390827019096,0.0348994967025003,0.));
#1511=DIRECTION('center_axis',(0.034899496702501,-0.999390827019096,0.));
#1512=DIRECTION('ref_axis',(0.,0.,-1.));
#1513=DIRECTION('center_axis',(0.034899496702501,-0.999390827019096,0.));
#1514=DIRECTION('ref_axis',(0.999390827019096,0.034899496702501,-1.20322412993372E-13));
#1515=DIRECTION('',(-2.00186266620895E-33,0.,-1.));
#1516=DIRECTION('center_axis',(-0.034899496702501,0.999390827019096,0.));
#1517=DIRECTION('ref_axis',(0.999390827019096,0.034899496702501,0.));
#1518=DIRECTION('center_axis',(-0.034899496702501,0.999390827019096,0.));
#1519=DIRECTION('ref_axis',(0.999390827019096,0.0348994967025007,0.));
#1520=DIRECTION('center_axis',(-0.034899496702501,0.999390827019096,0.));
#1521=DIRECTION('ref_axis',(0.999390827019096,0.034899496702501,-1.20322412993372E-13));
#1522=DIRECTION('center_axis',(0.034899496702501,-0.999390827019096,0.));
#1523=DIRECTION('ref_axis',(0.,0.,-1.));
#1524=DIRECTION('center_axis',(-2.00186266620895E-33,0.,-1.));
#1525=DIRECTION('ref_axis',(-0.529620801231834,-0.84823452352669,0.));
#1526=DIRECTION('center_axis',(0.,0.,1.));
#1527=DIRECTION('ref_axis',(-1.,-3.70462126867851E-18,0.));
#1528=DIRECTION('center_axis',(0.,0.,1.));
#1529=DIRECTION('ref_axis',(-1.,-3.70462126867851E-18,0.));
#1530=DIRECTION('center_axis',(0.,0.,-1.));
#1531=DIRECTION('ref_axis',(-1.,-3.70462126867847E-18,0.));
#1532=DIRECTION('center_axis',(2.00186266620895E-33,0.,1.));
#1533=DIRECTION('ref_axis',(1.,7.40924253735697E-18,0.));
#1534=DIRECTION('center_axis',(2.00186266620895E-33,0.,1.));
#1535=DIRECTION('ref_axis',(1.,0.,-2.00186266620895E-33));
#1536=DIRECTION('center_axis',(2.00186266620895E-33,0.,1.));
#1537=DIRECTION('ref_axis',(-0.388503161683954,0.921447390446992,2.7795926412882E-33));
#1538=DIRECTION('center_axis',(6.11487810983291E-17,2.26295949010429E-32,
1.));
#1539=DIRECTION('ref_axis',(1.,7.40924253735697E-18,0.));
#1540=DIRECTION('center_axis',(-0.698291706639335,-2.58419843538595E-16,
0.715813308369386));
#1541=DIRECTION('ref_axis',(0.715813308369386,1.29476007092629E-16,0.698291706639335));
#1542=DIRECTION('center_axis',(0.,0.,-1.));
#1543=DIRECTION('ref_axis',(-1.,-3.70462126867847E-18,0.));
#1544=DIRECTION('center_axis',(2.00186266620895E-33,0.,1.));
#1545=DIRECTION('ref_axis',(1.,0.,-2.00186266620895E-33));
#1546=DIRECTION('center_axis',(2.00186266620895E-33,0.,1.));
#1547=DIRECTION('ref_axis',(1.,0.,-2.00186266620895E-33));
#1548=DIRECTION('center_axis',(-2.00186266620895E-33,0.,-1.));
#1549=DIRECTION('ref_axis',(1.,7.40924253735697E-18,0.));
#1550=DIRECTION('center_axis',(0.,0.,1.));
#1551=DIRECTION('ref_axis',(-1.,-3.70462126867851E-18,0.));
#1552=DIRECTION('center_axis',(2.00186266620895E-33,0.,1.));
#1553=DIRECTION('ref_axis',(1.,7.40924253735697E-18,0.));
#1554=DIRECTION('center_axis',(0.,0.,1.));
#1555=DIRECTION('ref_axis',(-1.,-3.70462126867851E-18,0.));
#1556=DIRECTION('center_axis',(-9.07212673371292E-10,-3.35736132736183E-25,
-1.));
#1557=DIRECTION('ref_axis',(1.,1.96976512429684E-17,-9.07212679347695E-10));
#1558=DIRECTION('',(0.707106781186546,9.18347312651701E-17,0.707106781186549));
#1559=DIRECTION('center_axis',(0.,0.,-1.));
#1560=DIRECTION('ref_axis',(-1.,-3.70462126867848E-18,0.));
#1561=DIRECTION('center_axis',(0.,-1.,3.05452489179816E-30));
#1562=DIRECTION('ref_axis',(1.,0.,2.53315240358954E-46));
#1563=DIRECTION('center_axis',(2.05207900048168E-16,-1.,3.05529137768845E-30));
#1564=DIRECTION('ref_axis',(1.,0.,2.53315240358954E-46));
#1565=DIRECTION('',(0.,1.,-3.05452489179816E-30));
#1566=DIRECTION('center_axis',(0.,-1.,3.05529137768845E-30));
#1567=DIRECTION('ref_axis',(1.,-3.52170046973666E-32,2.53315240358954E-46));
#1568=DIRECTION('center_axis',(-8.29103378515097E-17,1.,-3.05529137768845E-30));
#1569=DIRECTION('ref_axis',(-1.,-8.29103378515097E-17,0.));
#1570=DIRECTION('center_axis',(-2.05207900048168E-16,1.,-3.05529137768845E-30));
#1571=DIRECTION('ref_axis',(-1.,-2.05207900048168E-16,3.73654687291767E-46));
#1572=DIRECTION('',(-2.53315240358954E-46,3.05529137768845E-30,1.));
#1573=DIRECTION('',(1.,2.53832961099631E-16,-9.07212673371292E-10));
#1574=DIRECTION('',(-0.715813308369386,-5.93483232355148E-17,-0.698291706639335));
#1575=DIRECTION('',(1.,2.05207900048168E-16,-6.11487810983291E-17));
#1576=DIRECTION('center_axis',(2.05207900048168E-16,-1.,3.05529137768845E-30));
#1577=DIRECTION('ref_axis',(1.,0.,0.));
#1578=DIRECTION('center_axis',(1.,3.70074341541719E-16,-8.7736970445719E-46));
#1579=DIRECTION('ref_axis',(2.53315240358954E-46,-3.05529137768845E-30,
-1.));
#1580=DIRECTION('',(-3.70074341541719E-16,1.,0.));
#1581=DIRECTION('',(2.53315240358954E-46,-3.05529137768845E-30,-1.));
#1582=DIRECTION('',(-3.70074341541719E-16,1.,0.));
#1583=DIRECTION('center_axis',(6.11487810983291E-17,2.26295949010429E-32,
1.));
#1584=DIRECTION('ref_axis',(1.,2.05207900048168E-16,-6.11487810983291E-17));
#1585=DIRECTION('',(1.,2.05207900048168E-16,-6.11487810983291E-17));
#1586=DIRECTION('',(-3.70074341541719E-16,1.,0.));
#1587=DIRECTION('center_axis',(-0.698291706639335,-2.58419843538595E-16,
0.715813308369386));
#1588=DIRECTION('ref_axis',(0.715813308369386,5.93483232355148E-17,0.698291706639335));
#1589=DIRECTION('center_axis',(-9.07212673371292E-10,-3.35736132736183E-25,
-1.));
#1590=DIRECTION('ref_axis',(-1.,-2.53832961099631E-16,9.07212673371292E-10));
#1591=DIRECTION('',(-1.,-2.53832961099631E-16,9.07212673371292E-10));
#1592=DIRECTION('center_axis',(-2.05207900048168E-16,1.,-3.05529137768845E-30));
#1593=DIRECTION('ref_axis',(-1.,-2.05207900048168E-16,3.73654687291767E-46));
#1594=DIRECTION('center_axis',(-2.00186266620895E-33,0.,-1.));
#1595=DIRECTION('ref_axis',(1.,0.,0.));
#1596=DIRECTION('center_axis',(3.68505479155132E-14,7.95190616258059E-14,
-1.));
#1597=DIRECTION('ref_axis',(0.976552485456878,-0.215279453613191,1.88532605936555E-14));
#1598=DIRECTION('',(-3.68505479155132E-14,-7.95190616258059E-14,1.));
#1599=DIRECTION('center_axis',(2.76915242872851E-12,3.50003333967573E-28,
1.));
#1600=DIRECTION('ref_axis',(0.976552485456878,-0.215279453613191,1.88532605936555E-14));
#1601=DIRECTION('',(3.68505479155132E-14,7.95190616258059E-14,-1.));
#1602=DIRECTION('center_axis',(1.,1.26393668451209E-16,3.68505479155132E-14));
#1603=DIRECTION('ref_axis',(-3.68505479155132E-14,0.,1.));
#1604=DIRECTION('',(1.26393668451209E-16,-1.,0.));
#1605=DIRECTION('',(1.10129106591678E-14,-0.955319003127926,-0.295576728215647));
#1606=DIRECTION('',(3.68505479155132E-14,0.,-1.));
#1607=DIRECTION('',(1.07714181124731E-14,0.95531900312794,-0.295576728215599));
#1608=DIRECTION('',(1.26393668451209E-16,-1.,0.));
#1609=DIRECTION('center_axis',(-0.482962913144598,-0.258819045102521,0.836516303737771));
#1610=DIRECTION('ref_axis',(0.737315856849155,0.395126376818733,0.547942034873121));
#1611=DIRECTION('center_axis',(0.467979346719146,0.250789376055646,-0.847407823838051));
#1612=DIRECTION('ref_axis',(0.746915777901794,0.400270959005646,0.530942539356246));
#1613=DIRECTION('center_axis',(-0.482962913144598,-0.258819045102521,0.836516303737771));
#1614=DIRECTION('ref_axis',(-0.866025403784401,-1.38777878078145E-17,-0.500000000000066));
#1615=DIRECTION('',(-0.866025403784401,-7.18024588157563E-17,-0.500000000000066));
#1616=DIRECTION('',(0.472347490481338,-0.881412416656348,-1.30800220047021E-12));
#1617=DIRECTION('center_axis',(-2.00186266620895E-33,0.,-1.));
#1618=DIRECTION('ref_axis',(1.,0.,0.));
#1619=DIRECTION('center_axis',(2.00186266620895E-33,0.,1.));
#1620=DIRECTION('ref_axis',(-1.,1.22464679914735E-16,2.00186266620895E-33));
#1621=DIRECTION('center_axis',(-1.22464679914735E-16,1.,2.45157470650538E-49));
#1622=DIRECTION('ref_axis',(-1.,-1.22464679914735E-16,0.));
#1623=DIRECTION('center_axis',(0.,0.,-1.));
#1624=DIRECTION('ref_axis',(-1.,-3.70462126867847E-18,0.));
#1625=DIRECTION('center_axis',(-3.01715669870765E-12,-3.81349503441801E-28,
1.));
#1626=DIRECTION('ref_axis',(-1.,0.,-3.01716310978501E-12));
#1627=DIRECTION('center_axis',(3.01715669870765E-12,3.81349503441801E-28,
-1.));
#1628=DIRECTION('ref_axis',(0.905074058171122,-0.425253982022104,2.73075025743752E-12));
#1629=DIRECTION('center_axis',(3.01715669870765E-12,3.81349503441801E-28,
-1.));
#1630=DIRECTION('ref_axis',(1.,8.29103378515097E-17,3.01715669870765E-12));
#1631=DIRECTION('',(-0.472347490481421,0.881412416656303,-1.42514639502377E-12));
#1632=DIRECTION('center_axis',(2.00186266620895E-33,0.,1.));
#1633=DIRECTION('ref_axis',(1.,7.40924253735697E-18,0.));
#1634=DIRECTION('center_axis',(2.00186266620895E-33,0.,1.));
#1635=DIRECTION('ref_axis',(-1.,1.22464679914735E-16,0.));
#1636=DIRECTION('',(2.00186266620895E-33,0.,1.));
#1637=DIRECTION('',(-2.00186266620895E-33,0.,-1.));
#1638=DIRECTION('center_axis',(2.76915242872851E-12,3.50003333967573E-28,
1.));
#1639=DIRECTION('ref_axis',(1.,7.40924253735697E-18,0.));
#1640=DIRECTION('',(-2.00186266620895E-33,0.,-1.));
#1641=DIRECTION('center_axis',(2.00186266620895E-33,0.,1.));
#1642=DIRECTION('ref_axis',(1.,0.,-2.00186266620895E-33));
#1643=DIRECTION('center_axis',(-2.00186266620895E-33,0.,-1.));
#1644=DIRECTION('ref_axis',(1.,0.,0.));
#1645=DIRECTION('center_axis',(-2.00186266620895E-33,0.,-1.));
#1646=DIRECTION('ref_axis',(-1.,1.22464679914735E-16,2.00186266620895E-33));
#1647=DIRECTION('center_axis',(-1.22464679914735E-16,1.,2.45157470650538E-49));
#1648=DIRECTION('ref_axis',(-1.,-1.22464679914735E-16,0.));
#1649=DIRECTION('center_axis',(2.00186266620895E-33,0.,1.));
#1650=DIRECTION('ref_axis',(1.,0.,-2.00186266620895E-33));
#1651=DIRECTION('center_axis',(-2.00186266620895E-33,0.,-1.));
#1652=DIRECTION('ref_axis',(1.,0.,0.));
#1653=DIRECTION('center_axis',(-2.00186266620895E-33,0.,-1.));
#1654=DIRECTION('ref_axis',(-1.,1.22464679914735E-16,0.));
#1655=DIRECTION('center_axis',(-1.22464679914735E-16,1.,2.45157470650538E-49));
#1656=DIRECTION('ref_axis',(-1.,-1.22464679914735E-16,0.));
#1657=DIRECTION('center_axis',(0.,0.,1.));
#1658=DIRECTION('ref_axis',(-1.,-3.70462126867847E-18,0.));
#1659=DIRECTION('center_axis',(2.00186266620895E-33,0.,1.));
#1660=DIRECTION('ref_axis',(1.,7.40924253735697E-18,0.));
#1661=DIRECTION('center_axis',(2.00186266620895E-33,0.,1.));
#1662=DIRECTION('ref_axis',(1.,0.,-2.00186266620895E-33));
#1663=DIRECTION('',(2.00186266620895E-33,0.,1.));
#1664=DIRECTION('center_axis',(-2.00186266620895E-33,0.,-1.));
#1665=DIRECTION('ref_axis',(1.,7.40924253735697E-18,0.));
#1666=DIRECTION('',(0.978147600733678,1.27035865644386E-16,0.207911690818358));
#1667=DIRECTION('center_axis',(2.00186266620895E-33,0.,1.));
#1668=DIRECTION('ref_axis',(1.,0.,-2.00186266620895E-33));
#1669=DIRECTION('center_axis',(2.00186266620895E-33,0.,1.));
#1670=DIRECTION('ref_axis',(1.,7.40924253735697E-18,0.));
#1671=DIRECTION('center_axis',(2.00186266620895E-33,0.,1.));
#1672=DIRECTION('ref_axis',(1.,0.,-2.00186266620895E-33));
#1673=DIRECTION('',(-0.978147600733523,-1.27035865644366E-16,0.20791169081909));
#1674=DIRECTION('center_axis',(0.907309513704012,-0.420463370987521,0.));
#1675=DIRECTION('ref_axis',(0.420463370987521,0.907309513704012,-1.16432716496147E-12));
#1676=DIRECTION('',(-0.420463370987521,-0.907309513704012,1.16432716496147E-12));
#1677=DIRECTION('center_axis',(2.00186266620895E-33,0.,1.));
#1678=DIRECTION('ref_axis',(1.,7.40924253735697E-18,0.));
#1679=DIRECTION('center_axis',(0.,0.,-1.));
#1680=DIRECTION('ref_axis',(-1.,-3.70462126867847E-18,0.));
#1681=DIRECTION('center_axis',(2.00186266620895E-33,0.,1.));
#1682=DIRECTION('ref_axis',(1.,7.40924253735697E-18,0.));
#1683=DIRECTION('center_axis',(2.00186266620895E-33,0.,1.));
#1684=DIRECTION('ref_axis',(1.,0.,-2.00186266620895E-33));
#1685=DIRECTION('',(2.00186266620895E-33,0.,1.));
#1686=DIRECTION('center_axis',(2.00186266620895E-33,0.,1.));
#1687=DIRECTION('ref_axis',(1.,0.,-2.00186266620895E-33));
#1688=DIRECTION('center_axis',(2.00186266620895E-33,0.,1.));
#1689=DIRECTION('ref_axis',(1.,0.,-2.00186266620895E-33));
#1690=DIRECTION('center_axis',(2.00186266620895E-33,0.,1.));
#1691=DIRECTION('ref_axis',(1.,0.,-2.00186266620895E-33));
#1692=DIRECTION('center_axis',(2.00186266620895E-33,0.,1.));
#1693=DIRECTION('ref_axis',(1.,0.,-2.00186266620895E-33));
#1694=DIRECTION('center_axis',(2.00186266620895E-33,0.,1.));
#1695=DIRECTION('ref_axis',(1.,7.40924253735697E-18,0.));
#1696=DIRECTION('',(2.00186266620895E-33,0.,1.));
#1697=DIRECTION('center_axis',(2.00186266620895E-33,0.,1.));
#1698=DIRECTION('ref_axis',(1.,0.,-2.00186266620895E-33));
#1699=DIRECTION('center_axis',(-2.00186266620895E-33,0.,-1.));
#1700=DIRECTION('ref_axis',(-1.,0.,2.00186266620895E-33));
#1701=DIRECTION('center_axis',(2.00186266620895E-33,0.,1.));
#1702=DIRECTION('ref_axis',(1.,0.,-2.00186266620895E-33));
#1703=DIRECTION('center_axis',(2.00186266620895E-33,0.,1.));
#1704=DIRECTION('ref_axis',(1.,7.40924253735697E-18,0.));
#1705=DIRECTION('',(2.00186266620895E-33,0.,1.));
#1706=DIRECTION('center_axis',(2.00186266620895E-33,0.,1.));
#1707=DIRECTION('ref_axis',(1.,0.,-2.00186266620895E-33));
#1708=DIRECTION('center_axis',(2.00186266620895E-33,0.,1.));
#1709=DIRECTION('ref_axis',(1.,7.40924253735697E-18,0.));
#1710=DIRECTION('',(2.00186266620895E-33,0.,1.));
#1711=DIRECTION('center_axis',(-2.00186266620895E-33,0.,-1.));
#1712=DIRECTION('ref_axis',(-1.,0.,2.00186266620895E-33));
#1713=DIRECTION('center_axis',(2.00186266620895E-33,0.,1.));
#1714=DIRECTION('ref_axis',(-1.,1.22464679914735E-16,2.00186266620895E-33));
#1715=DIRECTION('center_axis',(-2.00186266620895E-33,0.,-1.));
#1716=DIRECTION('ref_axis',(1.,0.,0.));
#1717=DIRECTION('center_axis',(-1.22464679914735E-16,1.,2.45157470650538E-49));
#1718=DIRECTION('ref_axis',(-1.,-1.22464679914735E-16,0.));
#1719=DIRECTION('center_axis',(0.,-1.,0.));
#1720=DIRECTION('ref_axis',(1.,0.,0.));
#1721=DIRECTION('center_axis',(-8.29103378515097E-17,1.,-3.05529137768845E-30));
#1722=DIRECTION('ref_axis',(1.,0.,0.));
#1723=DIRECTION('',(0.,1.,0.));
#1724=DIRECTION('center_axis',(-0.48296291314428,-0.258819045102521,-0.836516303737955));
#1725=DIRECTION('ref_axis',(0.866025403784591,0.,-0.499999999999737));
#1726=DIRECTION('',(0.866025403784591,7.1802458815769E-17,-0.499999999999737));
#1727=DIRECTION('center_axis',(-2.00186266620895E-33,0.,-1.));
#1728=DIRECTION('ref_axis',(1.,0.,0.));
#1729=DIRECTION('center_axis',(2.76915242872851E-12,3.50003333967573E-28,
1.));
#1730=DIRECTION('ref_axis',(-1.,-2.74199671071117E-17,2.76915242872851E-12));
#1731=DIRECTION('center_axis',(8.29103378515097E-17,-1.,3.05529137768845E-30));
#1732=DIRECTION('ref_axis',(1.,8.29103378515097E-17,0.));
#1733=CARTESIAN_POINT('',(0.,0.,0.));
#1734=CARTESIAN_POINT('Origin',(-8.24662271179618,1.19196825132047,0.));
#1735=CARTESIAN_POINT('',(-10.1620434602943,-1.03432540392752,-0.00102559593412058));
#1736=CARTESIAN_POINT('',(-10.1724065520491,-0.876500690853578,-0.00142027741288277));
#1737=CARTESIAN_POINT('',(-10.2401575639925,1.12235248027316,2.40257419738789E-13));
#1738=CARTESIAN_POINT('',(-9.35464691297576,-0.326671468524706,1.62253437445174));
#1739=CARTESIAN_POINT('Ctrl Pts',(-9.35716425091219,-0.326759375902516,
1.62485717295618));
#1740=CARTESIAN_POINT('Ctrl Pts',(-8.85231305612832,-0.348708949351259,
1.98152836241202));
#1741=CARTESIAN_POINT('Ctrl Pts',(-7.43349274152752,-0.381189336725292,
2.20827870389464));
#1742=CARTESIAN_POINT('Ctrl Pts',(-5.908050990928,-0.452393740390928,0.607118774213477));
#1743=CARTESIAN_POINT('Ctrl Pts',(-6.43984230445677,-0.59830625891136,-1.59007046623571));
#1744=CARTESIAN_POINT('Ctrl Pts',(-8.57226177084834,-0.800113944199918,
-2.32586385319995));
#1745=CARTESIAN_POINT('Ctrl Pts',(-9.98993048876939,-0.95163236553118,-1.20403618346757));
#1746=CARTESIAN_POINT('Ctrl Pts',(-10.1638672718132,-1.01727139177408,-0.269917323637908));
#1747=CARTESIAN_POINT('Ctrl Pts',(-10.1620434602943,-1.03432540392752,-0.00102559593412054));
#1748=CARTESIAN_POINT('',(-7.03536265013742,-0.24568027739629,1.62253437445174));
#1749=CARTESIAN_POINT('Origin',(-8.19500478155659,-0.286175872960502,0.));
#1750=CARTESIAN_POINT('Ctrl Pts',(-7.03536265013742,-0.245680277396287,
1.62253437445174));
#1751=CARTESIAN_POINT('Ctrl Pts',(-6.49738947303213,-0.269045787358648,
1.23862253177438));
#1752=CARTESIAN_POINT('Ctrl Pts',(-5.84100397767413,-0.330428195323122,
-0.0970392240801283));
#1753=CARTESIAN_POINT('Ctrl Pts',(-6.98532574057293,-0.496844633648097,
-2.02564920435633));
#1754=CARTESIAN_POINT('Ctrl Pts',(-9.21981179243103,-0.701330447815952,
-2.11144538740458));
#1755=CARTESIAN_POINT('Ctrl Pts',(-10.1341094059094,-0.822712004968535,
-0.819530441382265));
#1756=CARTESIAN_POINT('Ctrl Pts',(-10.1731926390154,-0.871378455215475,
-0.0818067732889001));
#1757=CARTESIAN_POINT('Ctrl Pts',(-10.1724065520491,-0.876500690853579,
-0.00142027741288271));
#1758=CARTESIAN_POINT('Origin',(-8.24662271179618,1.19196825132047,0.));
#1759=CARTESIAN_POINT('',(-10.1354362729852,-1.83388389591174,0.00167673872280838));
#1760=CARTESIAN_POINT('',(-10.1393660944326,-1.67583452808831,-0.000502471836636687));
#1761=CARTESIAN_POINT('',(-10.2401575639925,1.12235248027316,2.40257419738789E-13));
#1762=CARTESIAN_POINT('Ctrl Pts',(-10.1620434602943,-1.03432540392752,-0.00102559593412054));
#1763=CARTESIAN_POINT('Ctrl Pts',(-10.1593447071959,-1.05956077921856,0.39686222073954));
#1764=CARTESIAN_POINT('Ctrl Pts',(-9.84857425126855,-1.11648537246917,1.46414343326329));
#1765=CARTESIAN_POINT('Ctrl Pts',(-8.10482773152217,-1.16581665778895,2.35849801898894));
#1766=CARTESIAN_POINT('Ctrl Pts',(-6.14485359551929,-1.22471480941879,1.22526394441393));
#1767=CARTESIAN_POINT('Ctrl Pts',(-6.03579001765087,-1.34824818199908,-1.03353587599853));
#1768=CARTESIAN_POINT('Ctrl Pts',(-7.87376028506872,-1.53977347468325,-2.34290651036536));
#1769=CARTESIAN_POINT('Ctrl Pts',(-9.74965067550861,-1.71943864794372,-1.5873345839678));
#1770=CARTESIAN_POINT('Ctrl Pts',(-10.132825056289,-1.80452971063324,-0.457234034499161));
#1771=CARTESIAN_POINT('Ctrl Pts',(-10.1354362729852,-1.83388389591173,0.00167673872280845));
#1772=CARTESIAN_POINT('Ctrl Pts',(-10.1724065520491,-0.876500690853579,
-0.00142027741288271));
#1773=CARTESIAN_POINT('Ctrl Pts',(-10.1667582479125,-0.913305708599749,
0.576184232863907));
#1774=CARTESIAN_POINT('Ctrl Pts',(-9.59792437193113,-0.972595800083248,
1.81964138297983));
#1775=CARTESIAN_POINT('Ctrl Pts',(-7.48890128086369,-1.02025324628585,2.2532462600607));
#1776=CARTESIAN_POINT('Ctrl Pts',(-5.90681280452354,-1.09146134110642,0.662109746787113));
#1777=CARTESIAN_POINT('Ctrl Pts',(-6.37191840000102,-1.23415902821381,-1.52972031483634));
#1778=CARTESIAN_POINT('Ctrl Pts',(-8.45846110252801,-1.43347854678184,-2.33409080440678));
#1779=CARTESIAN_POINT('Ctrl Pts',(-9.93934529926013,-1.58856327158157,-1.26124144279766));
#1780=CARTESIAN_POINT('Ctrl Pts',(-10.1407102801756,-1.65681425351271,-0.300124061324401));
#1781=CARTESIAN_POINT('Ctrl Pts',(-10.1393660944326,-1.67583452808831,-0.000502471836636674));
#1782=CARTESIAN_POINT('Origin',(-8.24662271179618,1.19196825132047,0.));
#1783=CARTESIAN_POINT('',(-10.1122494790792,-2.63356183066554,0.000303463658385406));
#1784=CARTESIAN_POINT('',(-10.1148267760132,-2.47546523164536,0.00175720198560815));
#1785=CARTESIAN_POINT('',(-10.2401575639925,1.12235248027316,2.40257419738789E-13));
#1786=CARTESIAN_POINT('Ctrl Pts',(-10.1354362729852,-1.83388389591173,0.00167673872280845));
#1787=CARTESIAN_POINT('Ctrl Pts',(-10.1366127454991,-1.84710929853605,0.208437024757485));
#1788=CARTESIAN_POINT('Ctrl Pts',(-10.0098842094024,-1.89831547871883,1.07893943683157));
#1789=CARTESIAN_POINT('Ctrl Pts',(-8.7455511681095,-1.95224295308386,2.27947752719734));
#1790=CARTESIAN_POINT('Ctrl Pts',(-6.54548980640001,-2.00275707404689,1.74426468719174));
#1791=CARTESIAN_POINT('Ctrl Pts',(-5.80384222757787,-2.10420012654571,-0.393244398909799));
#1792=CARTESIAN_POINT('Ctrl Pts',(-7.19781227532085,-2.28022058990433,-2.1695156993011));
#1793=CARTESIAN_POINT('Ctrl Pts',(-9.42449004440174,-2.484280826882,-1.95462026018972));
#1794=CARTESIAN_POINT('Ctrl Pts',(-10.1123300657694,-2.59215634670557,-0.645103347195681));
#1795=CARTESIAN_POINT('Ctrl Pts',(-10.1122494790792,-2.63356183066554,0.000303463658385228));
#1796=CARTESIAN_POINT('Ctrl Pts',(-10.1393660944326,-1.67583452808831,-0.000502471836636674));
#1797=CARTESIAN_POINT('Ctrl Pts',(-10.137738684805,-1.69886243038855,0.362250266686906));
#1798=CARTESIAN_POINT('Ctrl Pts',(-9.86777950770114,-1.75467192816224,1.38851078133188));
#1799=CARTESIAN_POINT('Ctrl Pts',(-8.2235206611501,-1.80464177123937,2.35232065465021));
#1800=CARTESIAN_POINT('Ctrl Pts',(-6.21345674352553,-1.86090463432672,1.35386991246668));
#1801=CARTESIAN_POINT('Ctrl Pts',(-5.94852137482582,-1.97810872920454,-0.872453543837984));
#1802=CARTESIAN_POINT('Ctrl Pts',(-7.66499421881857,-2.16450512354685,-2.30751839471103));
#1803=CARTESIAN_POINT('Ctrl Pts',(-9.64722000639355,-2.35101461065326,-1.69749953508673));
#1804=CARTESIAN_POINT('Ctrl Pts',(-10.1112920596854,-2.44235705387894,-0.514340468013105));
#1805=CARTESIAN_POINT('Ctrl Pts',(-10.1148267760132,-2.47546523164536,0.00175720198560797));
#1806=CARTESIAN_POINT('Origin',(-8.24662271179618,1.19196825132047,0.));
#1807=CARTESIAN_POINT('',(-10.0805120619614,-3.43294117107717,-0.00182833858456556));
#1808=CARTESIAN_POINT('',(-10.0888232398349,-3.27504480359156,-0.00121339289135907));
#1809=CARTESIAN_POINT('',(-10.2401575639925,1.12235248027316,2.40257419738789E-13));
#1810=CARTESIAN_POINT('Ctrl Pts',(-10.1122494790792,-2.63356183066554,0.000303463658385228));
#1811=CARTESIAN_POINT('Ctrl Pts',(-10.1122474569907,-2.63460078082444,0.0164980698931474));
#1812=CARTESIAN_POINT('Ctrl Pts',(-10.1032102502082,-2.67777153426233,0.694261449192963));
#1813=CARTESIAN_POINT('Ctrl Pts',(-9.3368787395441,-2.73694430675794,2.0152670764658));
#1814=CARTESIAN_POINT('Ctrl Pts',(-7.07510168542869,-2.78530326825242,2.1215765156971));
#1815=CARTESIAN_POINT('Ctrl Pts',(-5.76075307676775,-2.86674716010057,0.278988555080054));
#1816=CARTESIAN_POINT('Ctrl Pts',(-6.59712424464873,-3.02329584150665,-1.81988054842459));
#1817=CARTESIAN_POINT('Ctrl Pts',(-8.81183788585748,-3.22797730270452,-2.2469926278835));
#1818=CARTESIAN_POINT('Ctrl Pts',(-9.98376552586387,-3.36490283319945,-1.01289127278354));
#1819=CARTESIAN_POINT('Ctrl Pts',(-10.0824553647169,-3.42190275494948,-0.175797583172939));
#1820=CARTESIAN_POINT('Ctrl Pts',(-10.0805120619614,-3.43294117107717,-0.0018283385845656));
#1821=CARTESIAN_POINT('Ctrl Pts',(-10.1148267760132,-2.47546523164536,0.00175720198560797));
#1822=CARTESIAN_POINT('Ctrl Pts',(-10.115809153464,-2.48466674154236,0.14519239349071));
#1823=CARTESIAN_POINT('Ctrl Pts',(-10.034745016337,-2.53315507128898,0.9467313494049));
#1824=CARTESIAN_POINT('Ctrl Pts',(-8.94944933152514,-2.58872680991535,2.20089429884986));
#1825=CARTESIAN_POINT('Ctrl Pts',(-6.72493516192827,-2.63750090518614,1.90157266910967));
#1826=CARTESIAN_POINT('Ctrl Pts',(-5.75767346022156,-2.73017922408103,-0.122347147175713));
#1827=CARTESIAN_POINT('Ctrl Pts',(-6.92090527299574,-2.89725601589879,-2.03530631434275));
#1828=CARTESIAN_POINT('Ctrl Pts',(-9.15565774249401,-3.10175113357564,-2.102380004104));
#1829=CARTESIAN_POINT('Ctrl Pts',(-10.0539076934982,-3.22217293126197,-0.806844910595063));
#1830=CARTESIAN_POINT('Ctrl Pts',(-10.0895219318825,-3.27031887879976,-0.0753545348321312));
#1831=CARTESIAN_POINT('Ctrl Pts',(-10.0888232398349,-3.27504480359156,-0.00121339289135909));
#1832=CARTESIAN_POINT('Origin',(-8.24662271179618,1.19196825132047,0.));
#1833=CARTESIAN_POINT('',(-10.0499935479472,-4.23236307652311,0.000520642118053277));
#1834=CARTESIAN_POINT('',(-10.0556596575705,-4.07437434121884,-0.000596686452510519));
#1835=CARTESIAN_POINT('',(-10.2401575639925,1.12235248027316,2.40257419738789E-13));
#1836=CARTESIAN_POINT('Ctrl Pts',(-10.0805120619614,-3.43294117107717,-0.0018283385845656));
#1837=CARTESIAN_POINT('Ctrl Pts',(-10.0750282146347,-3.46409071203447,0.489099168308374));
#1838=CARTESIAN_POINT('Ctrl Pts',(-9.64196153714406,-3.52275605042198,1.65181443737662));
#1839=CARTESIAN_POINT('Ctrl Pts',(-7.68849806207818,-3.57077528158637,2.3265406295019));
#1840=CARTESIAN_POINT('Ctrl Pts',(-5.90785962873024,-3.63593597395026,0.928557583515964));
#1841=CARTESIAN_POINT('Ctrl Pts',(-6.11832791524716,-3.77062764511202,-1.32240598717325));
#1842=CARTESIAN_POINT('Ctrl Pts',(-8.1224850832985,-3.96795631224575,-2.35859669623557));
#1843=CARTESIAN_POINT('Ctrl Pts',(-9.78085815172743,-4.134014189944,-1.39856509803628));
#1844=CARTESIAN_POINT('Ctrl Pts',(-10.0499545471283,-4.20911013830218,-0.364891684706194));
#1845=CARTESIAN_POINT('Ctrl Pts',(-10.0499935479472,-4.23236307652311,0.000520642118053243));
#1846=CARTESIAN_POINT('Ctrl Pts',(-10.0888232398349,-3.27504480359156,-0.00121339289135909));
#1847=CARTESIAN_POINT('Ctrl Pts',(-10.0833220953064,-3.3122543230086,0.582536112693274));
#1848=CARTESIAN_POINT('Ctrl Pts',(-9.50387726891312,-3.37157323468278,1.83140666550218));
#1849=CARTESIAN_POINT('Ctrl Pts',(-7.38397568774577,-3.4192501583843,2.24686297150876));
#1850=CARTESIAN_POINT('Ctrl Pts',(-5.81687833785277,-3.49098175487595,0.64078195962015));
#1851=CARTESIAN_POINT('Ctrl Pts',(-6.30257920036334,-3.63439864455602,-1.54644505341067));
#1852=CARTESIAN_POINT('Ctrl Pts',(-8.39658028692495,-3.8339786156337,-2.33115074653577));
#1853=CARTESIAN_POINT('Ctrl Pts',(-9.86163771807546,-3.98811129485665,-1.24855952884618));
#1854=CARTESIAN_POINT('Ctrl Pts',(-10.0571046531197,-4.05575694974336,-0.293922799562042));
#1855=CARTESIAN_POINT('Ctrl Pts',(-10.0556596575705,-4.07437434121884,-0.000596686452510355));
#1856=CARTESIAN_POINT('Origin',(-8.24662271179618,1.19196825132047,0.));
#1857=CARTESIAN_POINT('',(-10.0265876700338,-5.0320333606948,0.00163996272088018));
#1858=CARTESIAN_POINT('',(-10.0308813699049,-4.87399669978593,0.0017696970375701));
#1859=CARTESIAN_POINT('',(-10.2401575639925,1.12235248027316,2.40257419738789E-13));
#1860=CARTESIAN_POINT('Ctrl Pts',(-10.0499935479472,-4.23236307652311,0.000520642118053243));
#1861=CARTESIAN_POINT('Ctrl Pts',(-10.0500257457505,-4.25155994349384,0.302193134465557));
#1862=CARTESIAN_POINT('Ctrl Pts',(-9.84177187905132,-4.30593061969873,1.27003930687761));
#1863=CARTESIAN_POINT('Ctrl Pts',(-8.3336843276487,-4.35735742230348,2.34250646364124));
#1864=CARTESIAN_POINT('Ctrl Pts',(-6.23104676845288,-4.4112736574171,1.50269453499494));
#1865=CARTESIAN_POINT('Ctrl Pts',(-5.79815381857476,-4.52349865914278,-0.717504777815397));
#1866=CARTESIAN_POINT('Ctrl Pts',(-7.42858448914835,-4.70777650940514,-2.27859838291716));
#1867=CARTESIAN_POINT('Ctrl Pts',(-9.49917211122021,-4.90037453503934,-1.7760103864616));
#1868=CARTESIAN_POINT('Ctrl Pts',(-10.0229172633624,-4.9965083124601,-0.551453996551101));
#1869=CARTESIAN_POINT('Ctrl Pts',(-10.0265876700338,-5.0320333606948,0.00163996272088013));
#1870=CARTESIAN_POINT('Ctrl Pts',(-10.0556596575705,-4.07437434121884,-0.000596686452510355));
#1871=CARTESIAN_POINT('Ctrl Pts',(-10.0538418579815,-4.09779495769924,0.368406587065651));
#1872=CARTESIAN_POINT('Ctrl Pts',(-9.77700088313512,-4.15376350054438,1.40112234612458));
#1873=CARTESIAN_POINT('Ctrl Pts',(-8.11760940836659,-4.20360426334384,2.35298519253573));
#1874=CARTESIAN_POINT('Ctrl Pts',(-6.11701713767816,-4.26019788363055,1.33570279857329));
#1875=CARTESIAN_POINT('Ctrl Pts',(-5.87301697466163,-4.37813305200029,-0.892971910016779));
#1876=CARTESIAN_POINT('Ctrl Pts',(-7.60290052570116,-4.56499775855211,-2.31178134750615));
#1877=CARTESIAN_POINT('Ctrl Pts',(-9.57257593688325,-4.75066961411336,-1.68523916839656));
#1878=CARTESIAN_POINT('Ctrl Pts',(-10.0273996113239,-4.84128973408889,-0.508201765970912));
#1879=CARTESIAN_POINT('Ctrl Pts',(-10.0308813699049,-4.87399669978593,0.00176969703757015));
#1880=CARTESIAN_POINT('Origin',(-8.24662271179618,1.19196825132047,0.));
#1881=CARTESIAN_POINT('',(-9.99949925697702,-5.83157504790561,-0.00132158021530732));
#1882=CARTESIAN_POINT('',(-10.0052063459625,-5.67358774363221,-0.00113061996097289));
#1883=CARTESIAN_POINT('',(-10.2401575639925,1.12235248027316,2.40257419738789E-13));
#1884=CARTESIAN_POINT('Ctrl Pts',(-10.0265876700338,-5.0320333606948,0.00163996272088013));
#1885=CARTESIAN_POINT('Ctrl Pts',(-10.0273187514384,-5.03910933469162,0.111806694874251));
#1886=CARTESIAN_POINT('Ctrl Pts',(-9.96714044497112,-5.08650562487567,0.884195354536807));
#1887=CARTESIAN_POINT('Ctrl Pts',(-8.95608345120572,-5.14314381848697,2.1681770134292));
#1888=CARTESIAN_POINT('Ctrl Pts',(-6.70189531848041,-5.19176779095602,1.95475897267836));
#1889=CARTESIAN_POINT('Ctrl Pts',(-5.66044669245185,-5.28274156019195,-0.0543165460213418));
#1890=CARTESIAN_POINT('Ctrl Pts',(-6.78434083218344,-5.44933076502164,-2.01349637443248));
#1891=CARTESIAN_POINT('Ctrl Pts',(-9.03707936793924,-5.65534008479691,-2.12306224414494));
#1892=CARTESIAN_POINT('Ctrl Pts',(-9.96149578893468,-5.77761090976632,-0.822286324330531));
#1893=CARTESIAN_POINT('Ctrl Pts',(-10.0002839482143,-5.82650759547198,-0.0808449337601375));
#1894=CARTESIAN_POINT('Ctrl Pts',(-9.99949925697702,-5.83157504790561,-0.0013215802153074));
#1895=CARTESIAN_POINT('Ctrl Pts',(-10.0308813699049,-4.87399669978593,0.00176969703757015));
#1896=CARTESIAN_POINT('Ctrl Pts',(-10.0319035607664,-4.88359896274198,0.151489488633261));
#1897=CARTESIAN_POINT('Ctrl Pts',(-9.94664934416872,-4.93234033443336,0.959402281395243));
#1898=CARTESIAN_POINT('Ctrl Pts',(-8.84492752741066,-4.98773782263651,2.20864309396117));
#1899=CARTESIAN_POINT('Ctrl Pts',(-6.62332458157001,-5.03661358008102,1.88844429348034));
#1900=CARTESIAN_POINT('Ctrl Pts',(-5.67512660012515,-5.12995761875684,-0.144446065434274));
#1901=CARTESIAN_POINT('Ctrl Pts',(-6.85628506470411,-5.29766042305003,-2.04633358336169));
#1902=CARTESIAN_POINT('Ctrl Pts',(-9.09156892908044,-5.50217409744492,-2.09233462442271));
#1903=CARTESIAN_POINT('Ctrl Pts',(-9.97362991463367,-5.62163120125633,-0.794222977923353));
#1904=CARTESIAN_POINT('Ctrl Pts',(-10.0058201231537,-5.66925821629238,-0.0690259678713658));
#1905=CARTESIAN_POINT('Ctrl Pts',(-10.0052063459625,-5.67358774363221,-0.00113061996097292));
#1906=CARTESIAN_POINT('Origin',(-8.24662271179618,1.19196825132047,0.));
#1907=CARTESIAN_POINT('',(-9.96658182714663,-6.6309131813653,-0.000985877461011224));
#1908=CARTESIAN_POINT('',(-9.97196257263525,-6.47291448092587,-0.000691044281635506));
#1909=CARTESIAN_POINT('',(-10.2401575639925,1.12235248027316,2.40257419738789E-13));
#1910=CARTESIAN_POINT('Ctrl Pts',(-9.99949925697702,-5.83157504790561,-0.0013215802153074));
#1911=CARTESIAN_POINT('Ctrl Pts',(-9.99374636417439,-5.86872661688768,0.581696690523777));
#1912=CARTESIAN_POINT('Ctrl Pts',(-9.41402970034449,-5.92828224820609,1.83493033105913));
#1913=CARTESIAN_POINT('Ctrl Pts',(-7.27999103696035,-5.97600707814311,2.24802759775876));
#1914=CARTESIAN_POINT('Ctrl Pts',(-5.71422781371432,-6.04867137818845,0.613283157359704));
#1915=CARTESIAN_POINT('Ctrl Pts',(-6.23992611269493,-6.19437112395234,-1.58482459736816));
#1916=CARTESIAN_POINT('Ctrl Pts',(-8.37008835284295,-6.39609998516356,-2.32710648249942));
#1917=CARTESIAN_POINT('Ctrl Pts',(-9.79274715776375,-6.5479151161001,-1.20789980047578));
#1918=CARTESIAN_POINT('Ctrl Pts',(-9.96838724784748,-6.61373607506292,-0.271805368264848));
#1919=CARTESIAN_POINT('Ctrl Pts',(-9.96658182714663,-6.6309131813653,-0.000985877461011225));
#1920=CARTESIAN_POINT('Ctrl Pts',(-10.0052063459625,-5.67358774363221,-0.00113061996097292));
#1921=CARTESIAN_POINT('Ctrl Pts',(-9.99987387258425,-5.7112025159197,0.588741634115965));
#1922=CARTESIAN_POINT('Ctrl Pts',(-9.40977106144492,-5.77054860530943,1.84334137563594));
#1923=CARTESIAN_POINT('Ctrl Pts',(-7.2790895500929,-5.81824844829795,2.24016972656144));
#1924=CARTESIAN_POINT('Ctrl Pts',(-5.72715597424975,-5.89050957544781,0.619455310162388));
#1925=CARTESIAN_POINT('Ctrl Pts',(-6.2333901911212,-6.03464350566241,-1.56306298163476));
#1926=CARTESIAN_POINT('Ctrl Pts',(-8.33467499715206,-6.23447782982873,-2.32798917962079));
#1927=CARTESIAN_POINT('Ctrl Pts',(-9.78384812055053,-6.38765645405801,-1.23587777017343));
#1928=CARTESIAN_POINT('Ctrl Pts',(-9.97350046562358,-6.45469969624455,-0.287719848921706));
#1929=CARTESIAN_POINT('Ctrl Pts',(-9.97196257263525,-6.47291448092586,-0.000691044281635571));
#1930=CARTESIAN_POINT('Origin',(-8.24662271179618,1.19196825132047,0.));
#1931=CARTESIAN_POINT('',(-9.9399124063962,-7.43046950010985,0.00148253945040338));
#1932=CARTESIAN_POINT('',(-9.9470030155496,-7.27253050942532,0.00175778659887766));
#1933=CARTESIAN_POINT('',(-10.2401575639925,1.12235248027316,2.40257419738789E-13));
#1934=CARTESIAN_POINT('Ctrl Pts',(-9.96658182714663,-6.6309131813653,-0.000985877461011225));
#1935=CARTESIAN_POINT('Ctrl Pts',(-9.9639420861206,-6.6560281654759,0.394984613065572));
#1936=CARTESIAN_POINT('Ctrl Pts',(-9.655413116795,-6.71290858123603,1.4602559327258));
#1937=CARTESIAN_POINT('Ctrl Pts',(-7.91622362575018,-6.76227654957726,2.35870155865771));
#1938=CARTESIAN_POINT('Ctrl Pts',(-5.95293153573377,-6.82105883569981,1.23101322496257));
#1939=CARTESIAN_POINT('Ctrl Pts',(-5.83746268420864,-6.94436853119519,-1.02731399056821));
#1940=CARTESIAN_POINT('Ctrl Pts',(-7.67145987448649,-7.1357550809684,-2.34228795434329));
#1941=CARTESIAN_POINT('Ctrl Pts',(-9.55186296372494,-7.3157002930708,-1.59084065210262));
#1942=CARTESIAN_POINT('Ctrl Pts',(-9.93729086084542,-7.40099250221239,-0.459263964577103));
#1943=CARTESIAN_POINT('Ctrl Pts',(-9.9399124063962,-7.43046950010985,0.00148253945040326));
#1944=CARTESIAN_POINT('Ctrl Pts',(-9.97196257263525,-6.47291448092586,-0.000691044281635571));
#1945=CARTESIAN_POINT('Ctrl Pts',(-9.96995199569575,-6.49672772821695,0.374558404127643));
#1946=CARTESIAN_POINT('Ctrl Pts',(-9.6861399485661,-6.55285219859789,1.4137280527102));
#1947=CARTESIAN_POINT('Ctrl Pts',(-8.01168445493419,-6.60256627701109,2.3534416276977));
#1948=CARTESIAN_POINT('Ctrl Pts',(-6.02076444919537,-6.65949766023259,1.31741450190393));
#1949=CARTESIAN_POINT('Ctrl Pts',(-5.79767531799268,-6.77816305792414,-0.913403815972395));
#1950=CARTESIAN_POINT('Ctrl Pts',(-7.54090292452539,-6.9654937491619,-2.31585509420961));
#1951=CARTESIAN_POINT('Ctrl Pts',(-9.4977402907717,-7.15031792757113,-1.67293049184243));
#1952=CARTESIAN_POINT('Ctrl Pts',(-9.94357967982315,-7.24022494664342,-0.5020816339679));
#1953=CARTESIAN_POINT('Ctrl Pts',(-9.9470030155496,-7.27253050942531,0.00175778659887754));
#1954=CARTESIAN_POINT('Origin',(-7.95070830463908,-7.28191166209417,0.));
#1955=CARTESIAN_POINT('',(-10.4122263607561,-6.90976320437939,-0.0012111255640084));
#1956=CARTESIAN_POINT('',(-10.4116586778958,-7.02546886972246,0.00215939644568203));
#1957=CARTESIAN_POINT('',(-10.3997155262494,-7.36743287876365,3.00099698131059E-16));
#1958=CARTESIAN_POINT('',(-8.72239128291655,-7.49241255202134,-2.31941937598061));
#1959=CARTESIAN_POINT('Ctrl Pts',(-10.4122263607561,-6.90976320437939,-0.0012111255640084));
#1960=CARTESIAN_POINT('Ctrl Pts',(-10.40918437634,-6.93486414184129,0.485228622291892));
#1961=CARTESIAN_POINT('Ctrl Pts',(-10.2681673922702,-6.95514688614466,0.972817618924605));
#1962=CARTESIAN_POINT('Ctrl Pts',(-9.99751521576028,-6.97090266977481,1.37288626249336));
#1963=CARTESIAN_POINT('Ctrl Pts',(-9.54175357685107,-6.99743444152027,2.04657728179455));
#1964=CARTESIAN_POINT('Ctrl Pts',(-8.71839202046861,-7.01112934128247,2.47209129022443));
#1965=CARTESIAN_POINT('Ctrl Pts',(-7.90490457729379,-7.02516905267592,2.45395885451627));
#1966=CARTESIAN_POINT('Ctrl Pts',(-7.09141713411895,-7.03920876406938,2.43582641880811));
#1967=CARTESIAN_POINT('Ctrl Pts',(-6.28780380415176,-7.05359328709409,1.97404753896186));
#1968=CARTESIAN_POINT('Ctrl Pts',(-5.86252450484196,-7.08118952559428,1.28077510687947));
#1969=CARTESIAN_POINT('Ctrl Pts',(-5.43724520553217,-7.10878576409446,0.587502674797086));
#1970=CARTESIAN_POINT('Ctrl Pts',(-5.39029993687975,-7.14959371807011,-0.337263309521435));
#1971=CARTESIAN_POINT('Ctrl Pts',(-5.74249963505177,-7.20434012142603,-1.068881686084));
#1972=CARTESIAN_POINT('Ctrl Pts',(-6.09469933322378,-7.25908652478195,-1.80050006264658));
#1973=CARTESIAN_POINT('Ctrl Pts',(-6.84604399822025,-7.32777137751815,-2.33897083145318));
#1974=CARTESIAN_POINT('Ctrl Pts',(-7.65089493507924,-7.39832471044041,-2.4367653071338));
#1975=CARTESIAN_POINT('Ctrl Pts',(-8.00907378868243,-7.42972271315952,-2.48028630162342));
#1976=CARTESIAN_POINT('Ctrl Pts',(-8.37784941619055,-7.46149076337753,-2.43653253595937));
#1977=CARTESIAN_POINT('Ctrl Pts',(-8.72239128291655,-7.49241255202134,-2.31941937598061));
#1978=CARTESIAN_POINT('',(-8.63003763676042,-7.60002179883145,-2.34879777485083));
#1979=CARTESIAN_POINT('Ctrl Pts',(-8.72426354628424,-7.49247793289883,-2.32290230063031));
#1980=CARTESIAN_POINT('Ctrl Pts',(-8.69331258656208,-7.5285173222764,-2.33287208332588));
#1981=CARTESIAN_POINT('Ctrl Pts',(-8.66211705654428,-7.56438928932058,-2.34229278455114));
#1982=CARTESIAN_POINT('Ctrl Pts',(-8.63071880519859,-7.60004558575746,-2.35114550429139));
#1983=CARTESIAN_POINT('',(-9.30208123275507,-7.11271518300879,2.04836881043893));
#1984=CARTESIAN_POINT('Ctrl Pts',(-8.63003763676042,-7.60002179883145,-2.34879777485083));
#1985=CARTESIAN_POINT('Ctrl Pts',(-8.00857233747811,-7.54463730253195,-2.52683495111925));
#1986=CARTESIAN_POINT('Ctrl Pts',(-7.31389000352713,-7.48669601104192,-2.45835351908173));
#1987=CARTESIAN_POINT('Ctrl Pts',(-6.75271019999084,-7.43341673064306,-2.14531757780792));
#1988=CARTESIAN_POINT('Ctrl Pts',(-6.05042097802813,-7.36674030333357,-1.75356832692931));
#1989=CARTESIAN_POINT('Ctrl Pts',(-5.55721413783832,-7.30736519368275,-0.978814805602798));
#1990=CARTESIAN_POINT('Ctrl Pts',(-5.50113328816783,-7.26325485998571,-0.173542784497981));
#1991=CARTESIAN_POINT('Ctrl Pts',(-5.44505243849734,-7.21914452628866,0.63172923660683));
#1992=CARTESIAN_POINT('Ctrl Pts',(-5.82609757934616,-7.19029896854539,1.46751975748995));
#1993=CARTESIAN_POINT('Ctrl Pts',(-6.47043713479783,-7.17064785436293,1.95530953608921));
#1994=CARTESIAN_POINT('Ctrl Pts',(-7.1147766902495,-7.15099674018048,2.44309931468847));
#1995=CARTESIAN_POINT('Ctrl Pts',(-8.02241066030402,-7.14054006955884,2.58288835100389));
#1996=CARTESIAN_POINT('Ctrl Pts',(-8.783286888052,-7.12495850564698,2.31104960317115));
#1997=CARTESIAN_POINT('Ctrl Pts',(-8.96596107246389,-7.12121762194519,2.24578547775765));
#1998=CARTESIAN_POINT('Ctrl Pts',(-9.14017609482015,-7.11718133779516,2.15679499843615));
#1999=CARTESIAN_POINT('Ctrl Pts',(-9.30208123275507,-7.11271518300879,2.04836881043893));
#2000=CARTESIAN_POINT('',(-9.6174102309588,-7.10284670832066,1.79847626549635));
#2001=CARTESIAN_POINT('Ctrl Pts',(-9.30415266762956,-7.11278751910856,2.04726699143066));
#2002=CARTESIAN_POINT('Ctrl Pts',(-9.38038381206921,-7.09491150826814,1.9975621350715));
#2003=CARTESIAN_POINT('Ctrl Pts',(-9.45672174859904,-7.08679826564441,1.94136669534802));
#2004=CARTESIAN_POINT('Ctrl Pts',(-9.56022993550751,-7.09263521611259,1.8548432281109));
#2005=CARTESIAN_POINT('Ctrl Pts',(-9.59098024271315,-7.09669112886804,1.82771499102472));
#2006=CARTESIAN_POINT('Ctrl Pts',(-9.62067139142303,-7.1029605905535,1.80010481278201));
#2007=CARTESIAN_POINT('Ctrl Pts',(-9.6174102309588,-7.10284670832066,1.79847626549635));
#2008=CARTESIAN_POINT('Ctrl Pts',(-9.97206296016826,-7.09015951602475,1.46865061847948));
#2009=CARTESIAN_POINT('Ctrl Pts',(-10.2349048963878,-7.07426622018999,1.03764402755874));
#2010=CARTESIAN_POINT('Ctrl Pts',(-10.3473810999751,-7.05312203726653,0.570700997203704));
#2011=CARTESIAN_POINT('Ctrl Pts',(-10.392089648239,-7.04471736416605,0.385094225786499));
#2012=CARTESIAN_POINT('Ctrl Pts',(-10.4130402602628,-7.03548304565054,0.193809460973917));
#2013=CARTESIAN_POINT('Ctrl Pts',(-10.4116586778958,-7.02546886972246,0.00215939644568203));
#2014=CARTESIAN_POINT('Origin',(-7.95070830463908,-7.28191166209417,0.));
#2015=CARTESIAN_POINT('',(-10.4462856690913,-6.11046494619576,-0.00162352791990865));
#2016=CARTESIAN_POINT('',(-10.4359419405305,-6.22582922450038,-0.000848930448800883));
#2017=CARTESIAN_POINT('',(-10.3997155262494,-7.36743287876365,3.00099698131059E-16));
#2018=CARTESIAN_POINT('Ctrl Pts',(-10.4462856690913,-6.11046494619576,-0.00162352791990865));
#2019=CARTESIAN_POINT('Ctrl Pts',(-10.4395160397467,-6.14758100995542,0.714599694261459));
#2020=CARTESIAN_POINT('Ctrl Pts',(-10.1064643796317,-6.17330305412924,1.43523548203608));
#2021=CARTESIAN_POINT('Ctrl Pts',(-9.55450165766939,-6.19138055557311,1.89113801133335));
#2022=CARTESIAN_POINT('Ctrl Pts',(-8.92725154098012,-6.21192381771552,2.40922538086434));
#2023=CARTESIAN_POINT('Ctrl Pts',(-8.01729888216594,-6.22259488954967,2.58543525674571));
#2024=CARTESIAN_POINT('Ctrl Pts',(-7.24190825006132,-6.23796497090088,2.33883315109716));
#2025=CARTESIAN_POINT('Ctrl Pts',(-6.46651761795671,-6.25333505225208,2.09223104544861));
#2026=CARTESIAN_POINT('Ctrl Pts',(-5.82568901256167,-6.27340414312036,1.42281695827013));
#2027=CARTESIAN_POINT('Ctrl Pts',(-5.61307835095377,-6.30842693409585,0.638056603659397));
#2028=CARTESIAN_POINT('Ctrl Pts',(-5.40046768934587,-6.34344972507135,-0.146703750951324));
#2029=CARTESIAN_POINT('Ctrl Pts',(-5.6160749715251,-6.39342621615407,-1.04681037299429));
#2030=CARTESIAN_POINT('Ctrl Pts',(-6.16018949252547,-6.45487443280003,-1.64884277575779));
#2031=CARTESIAN_POINT('Ctrl Pts',(-6.70430401352585,-6.51632264944599,-2.25087517852129));
#2032=CARTESIAN_POINT('Ctrl Pts',(-7.57692577334738,-6.58924259165519,-2.55483336200531));
#2033=CARTESIAN_POINT('Ctrl Pts',(-8.37657878065356,-6.65961440887771,-2.42110399902457));
#2034=CARTESIAN_POINT('Ctrl Pts',(-9.17623178795973,-6.72998622610022,-2.28737463604384));
#2035=CARTESIAN_POINT('Ctrl Pts',(-9.90291604275054,-6.79780991833605,-1.71595772659837));
#2036=CARTESIAN_POINT('Ctrl Pts',(-10.222177309428,-6.85140608631833,-0.969315256789375));
#2037=CARTESIAN_POINT('Ctrl Pts',(-10.3518465847558,-6.87317439017472,-0.666063349670598));
#2038=CARTESIAN_POINT('Ctrl Pts',(-10.4143068912258,-6.89259570512184,-0.333906030797566));
#2039=CARTESIAN_POINT('Ctrl Pts',(-10.4122263607561,-6.90976320437939,-0.0012111255640084));
#2040=CARTESIAN_POINT('Ctrl Pts',(-10.4116586778958,-7.02546886972246,0.00215939644568203));
#2041=CARTESIAN_POINT('Ctrl Pts',(-10.4071967125921,-6.99312703719652,-0.616794607865008));
#2042=CARTESIAN_POINT('Ctrl Pts',(-10.1698021797656,-6.95265102017299,-1.2395588154721));
#2043=CARTESIAN_POINT('Ctrl Pts',(-9.74750248410903,-6.90571797258044,-1.68717033102561));
#2044=CARTESIAN_POINT('Ctrl Pts',(-9.19444385748316,-6.84425279249182,-2.2733782127743));
#2045=CARTESIAN_POINT('Ctrl Pts',(-8.32424609220537,-6.77171286964552,-2.55917385594489));
#2046=CARTESIAN_POINT('Ctrl Pts',(-7.53206074417215,-6.70189720043932,-2.41492568117974));
#2047=CARTESIAN_POINT('Ctrl Pts',(-6.73987539613892,-6.63208153123311,-2.27067750641458));
#2048=CARTESIAN_POINT('Ctrl Pts',(-6.02570246535025,-6.564990115667,-1.69638551371368));
#2049=CARTESIAN_POINT('Ctrl Pts',(-5.71412461045418,-6.51195762994464,-0.952488856214728));
#2050=CARTESIAN_POINT('Ctrl Pts',(-5.40254675555811,-6.45892514422228,-0.208592198715767));
#2051=CARTESIAN_POINT('Ctrl Pts',(-5.49356397655464,-6.41995158834369,0.704909123581257));
#2052=CARTESIAN_POINT('Ctrl Pts',(-5.94653712837382,-6.39361781209151,1.37378197813391));
#2053=CARTESIAN_POINT('Ctrl Pts',(-6.399510280193,-6.36728403583934,2.04265483268657));
#2054=CARTESIAN_POINT('Ctrl Pts',(-7.21443936283482,-6.3535900392136,2.46689921949486));
#2055=CARTESIAN_POINT('Ctrl Pts',(-8.02246515860423,-6.33965497449825,2.45412999304404));
#2056=CARTESIAN_POINT('Ctrl Pts',(-8.83049095437363,-6.3257199097829,2.44136076659322));
#2057=CARTESIAN_POINT('Ctrl Pts',(-9.63161346327064,-6.31154377697795,1.99157792688331));
#2058=CARTESIAN_POINT('Ctrl Pts',(-10.0632085183532,-6.28446346113746,1.30874522515153));
#2059=CARTESIAN_POINT('Ctrl Pts',(-10.3077519645712,-6.26911964826863,0.921849545728373));
#2060=CARTESIAN_POINT('Ctrl Pts',(-10.4336623199487,-6.24963307658045,0.46013554045086));
#2061=CARTESIAN_POINT('Ctrl Pts',(-10.4359419405305,-6.22582922450038,-0.000848930448800883));
#2062=CARTESIAN_POINT('Origin',(-7.95070830463908,-7.28191166209417,0.));
#2063=CARTESIAN_POINT('',(-10.4731841775249,-5.31091662736938,0.00201465278702634));
#2064=CARTESIAN_POINT('',(-10.4704021536102,-5.42654496621891,-0.00138893806993074));
#2065=CARTESIAN_POINT('',(-10.3997155262494,-7.36743287876365,3.00099698131059E-16));
#2066=CARTESIAN_POINT('Ctrl Pts',(-10.4731841775249,-5.31091662736938,0.00201465278702634));
#2067=CARTESIAN_POINT('Ctrl Pts',(-10.4741384761207,-5.31800039628228,0.137351701109873));
#2068=CARTESIAN_POINT('Ctrl Pts',(-10.4636644481474,-5.32468507923739,0.27250698287256));
#2069=CARTESIAN_POINT('Ctrl Pts',(-10.4411240609849,-5.33094839564464,0.405639152844497));
#2070=CARTESIAN_POINT('Ctrl Pts',(-10.3054192753188,-5.36865679898647,1.20716365466561));
#2071=CARTESIAN_POINT('Ctrl Pts',(-9.73234968353849,-5.39109208675017,1.93535718048688));
#2072=CARTESIAN_POINT('Ctrl Pts',(-8.98444848229142,-5.40742212017981,2.2557574978229));
#2073=CARTESIAN_POINT('Ctrl Pts',(-8.23654728104433,-5.42375215360945,2.57615781515892));
#2074=CARTESIAN_POINT('Ctrl Pts',(-7.31381447033051,-5.43397693270503,2.48876492400969));
#2075=CARTESIAN_POINT('Ctrl Pts',(-6.63938496923446,-5.45287265443982,2.03371872211025));
#2076=CARTESIAN_POINT('Ctrl Pts',(-5.96495546813842,-5.47176837617461,1.57867252021081));
#2077=CARTESIAN_POINT('Ctrl Pts',(-5.53882927666015,-5.49933504054859,0.755973007561193));
#2078=CARTESIAN_POINT('Ctrl Pts',(-5.55604790261891,-5.54238364709766,-0.0565105725110817));
#2079=CARTESIAN_POINT('Ctrl Pts',(-5.57326652857769,-5.58543225364672,-0.868994152583368));
#2080=CARTESIAN_POINT('Ctrl Pts',(-6.03382997197351,-5.64396280237086,-1.67126180007831));
#2081=CARTESIAN_POINT('Ctrl Pts',(-6.72551955418851,-5.71056445371223,-2.09482877449048));
#2082=CARTESIAN_POINT('Ctrl Pts',(-7.41720913640351,-5.7771661050536,-2.51839574890265));
#2083=CARTESIAN_POINT('Ctrl Pts',(-8.34002485743767,-5.85183885901218,-2.56326205023206));
#2084=CARTESIAN_POINT('Ctrl Pts',(-9.06943377545734,-5.91975769858457,-2.208820323063));
#2085=CARTESIAN_POINT('Ctrl Pts',(-9.79884269347701,-5.98767653815695,-1.85437859589394));
#2086=CARTESIAN_POINT('Ctrl Pts',(-10.3348448084822,-6.04884146334314,-1.10062884022641));
#2087=CARTESIAN_POINT('Ctrl Pts',(-10.4305720787026,-6.09463165216157,-0.29377153080234));
#2088=CARTESIAN_POINT('Ctrl Pts',(-10.4420620036742,-6.10012774363843,-0.196926296139757));
#2089=CARTESIAN_POINT('Ctrl Pts',(-10.4472090426025,-6.10540233665385,-0.0993159594834792));
#2090=CARTESIAN_POINT('Ctrl Pts',(-10.4462856690913,-6.11046494619576,-0.00162352791990865));
#2091=CARTESIAN_POINT('Ctrl Pts',(-10.4359419405305,-6.22582922450038,-0.000848930448800883));
#2092=CARTESIAN_POINT('Ctrl Pts',(-10.4376856253604,-6.20762162622853,-0.353456568383545));
#2093=CARTESIAN_POINT('Ctrl Pts',(-10.3670961748973,-6.18688809921249,-0.705637374681793));
#2094=CARTESIAN_POINT('Ctrl Pts',(-10.2219370238953,-6.16355054087287,-1.02358187429803));
#2095=CARTESIAN_POINT('Ctrl Pts',(-9.88700287308657,-6.10970243532477,-1.75719370826217));
#2096=CARTESIAN_POINT('Ctrl Pts',(-9.15506697020108,-6.04199072310457,-2.30853481243683));
#2097=CARTESIAN_POINT('Ctrl Pts',(-8.35870184881703,-5.97202909299665,-2.42758994503425));
#2098=CARTESIAN_POINT('Ctrl Pts',(-7.56233672743299,-5.90206746288873,-2.54664507763168));
#2099=CARTESIAN_POINT('Ctrl Pts',(-6.7015423875504,-5.82985591489309,-2.23341423865188));
#2100=CARTESIAN_POINT('Ctrl Pts',(-6.16732794228579,-5.76904878811805,-1.62993738506005));
#2101=CARTESIAN_POINT('Ctrl Pts',(-5.63311349702117,-5.708241661343,-1.02646053146822));
#2102=CARTESIAN_POINT('Ctrl Pts',(-5.42547894637454,-5.65883895578855,-0.132737663264363));
#2103=CARTESIAN_POINT('Ctrl Pts',(-5.63924558852959,-5.62415190415148,0.645958226064686));
#2104=CARTESIAN_POINT('Ctrl Pts',(-5.85301223068465,-5.5894648525144,1.42465411539373));
#2105=CARTESIAN_POINT('Ctrl Pts',(-6.48818006564139,-5.5694934547947,2.08832302584796));
#2106=CARTESIAN_POINT('Ctrl Pts',(-7.25738892374288,-5.55420287274667,2.33601340470955));
#2107=CARTESIAN_POINT('Ctrl Pts',(-8.02659778184437,-5.53891229069865,2.58370378357113));
#2108=CARTESIAN_POINT('Ctrl Pts',(-8.92984766309061,-5.5283025243223,2.41541563084006));
#2109=CARTESIAN_POINT('Ctrl Pts',(-9.55821172377678,-5.50809353356962,1.90746199400945));
#2110=CARTESIAN_POINT('Ctrl Pts',(-10.1217154958356,-5.48997053254025,1.45193977640765));
#2111=CARTESIAN_POINT('Ctrl Pts',(-10.4641525730912,-5.46412771241935,0.723254229552939));
#2112=CARTESIAN_POINT('Ctrl Pts',(-10.4704021536102,-5.42654496621891,-0.00138893806993074));
#2113=CARTESIAN_POINT('Origin',(-7.95070830463908,-7.28191166209417,0.));
#2114=CARTESIAN_POINT('',(-10.4955587845328,-4.51121033042411,0.000639595693524297));
#2115=CARTESIAN_POINT('',(-10.4955643492102,-4.6269360140123,0.00217402811881484));
#2116=CARTESIAN_POINT('',(-10.3997155262494,-7.36743287876365,3.00099698131059E-16));
#2117=CARTESIAN_POINT('Ctrl Pts',(-10.4955587845328,-4.51121033042411,0.000639595693524297));
#2118=CARTESIAN_POINT('Ctrl Pts',(-10.495751305684,-4.53041279600952,0.371236634168386));
#2119=CARTESIAN_POINT('Ctrl Pts',(-10.4162369861843,-4.54683183738565,0.741485117385147));
#2120=CARTESIAN_POINT('Ctrl Pts',(-10.2551394606064,-4.56040193042793,1.07209747773741));
#2121=CARTESIAN_POINT('Ctrl Pts',(-9.89890640507381,-4.59040931689132,1.80317668520931));
#2122=CARTESIAN_POINT('Ctrl Pts',(-9.14374815939435,-4.60648592874515,2.34044335931171));
#2123=CARTESIAN_POINT('Ctrl Pts',(-8.33583197325678,-4.62072019272138,2.43712873871178));
#2124=CARTESIAN_POINT('Ctrl Pts',(-7.52791578711919,-4.63495445669761,2.53381411811185));
#2125=CARTESIAN_POINT('Ctrl Pts',(-6.66724166052351,-4.64734637279625,2.18991820280958));
#2126=CARTESIAN_POINT('Ctrl Pts',(-6.14844071478867,-4.67167676343914,1.56339378060216));
#2127=CARTESIAN_POINT('Ctrl Pts',(-5.62963976905384,-4.69600715408203,0.936869358394763));
#2128=CARTESIAN_POINT('Ctrl Pts',(-5.45271200417984,-4.73227601926916,0.0277164292822342));
#2129=CARTESIAN_POINT('Ctrl Pts',(-5.69824106613601,-4.78329740192625,-0.746487380329965));
#2130=CARTESIAN_POINT('Ctrl Pts',(-5.94377012809219,-4.83431878458334,-1.52069118994217));
#2131=CARTESIAN_POINT('Ctrl Pts',(-6.61175601687854,-4.90009268471039,-2.15994588005405));
#2132=CARTESIAN_POINT('Ctrl Pts',(-7.39471011128664,-4.96988136304482,-2.37063918085209));
#2133=CARTESIAN_POINT('Ctrl Pts',(-8.17766420569472,-5.03967004137926,-2.58133248165012));
#2134=CARTESIAN_POINT('Ctrl Pts',(-9.07558650572454,-5.11347349792109,-2.36346439313432));
#2135=CARTESIAN_POINT('Ctrl Pts',(-9.67537766596359,-5.17686598565198,-1.81710260996596));
#2136=CARTESIAN_POINT('Ctrl Pts',(-10.1755443000513,-5.22972906419781,-1.36149080339552));
#2137=CARTESIAN_POINT('Ctrl Pts',(-10.4683931051351,-5.27535244462545,-0.67744730845916));
#2138=CARTESIAN_POINT('Ctrl Pts',(-10.4731841775249,-5.31091662736938,0.00201465278702634));
#2139=CARTESIAN_POINT('Ctrl Pts',(-10.4704021536102,-5.42654496621891,-0.00138893806993074));
#2140=CARTESIAN_POINT('Ctrl Pts',(-10.471121491468,-5.4222191251388,-0.0847966583628219));
#2141=CARTESIAN_POINT('Ctrl Pts',(-10.4673868760554,-5.4177377485832,-0.168150823516468));
#2142=CARTESIAN_POINT('Ctrl Pts',(-10.4590227577276,-5.41309470622345,-0.251028717889749));
#2143=CARTESIAN_POINT('Ctrl Pts',(-10.3779914908663,-5.36811308475896,-1.05394667202818));
#2144=CARTESIAN_POINT('Ctrl Pts',(-9.86245071701742,-5.30795805695898,-1.81216345937489));
#2145=CARTESIAN_POINT('Ctrl Pts',(-9.14684741695284,-5.2408166917971,-2.18185333350777));
#2146=CARTESIAN_POINT('Ctrl Pts',(-8.43124411688827,-5.17367532663521,-2.55154320764065));
#2147=CARTESIAN_POINT('Ctrl Pts',(-7.51557829060797,-5.09954762411141,-2.5327061685597));
#2148=CARTESIAN_POINT('Ctrl Pts',(-6.81574020315905,-5.03295679230526,-2.13388418470197));
#2149=CARTESIAN_POINT('Ctrl Pts',(-6.11590211571012,-4.96636596049912,-1.73506220084424));
#2150=CARTESIAN_POINT('Ctrl Pts',(-5.63189176709259,-4.90731199941062,-0.956255272209696));
#2151=CARTESIAN_POINT('Ctrl Pts',(-5.58385818841126,-4.86348268260883,-0.150626063269444));
#2152=CARTESIAN_POINT('Ctrl Pts',(-5.53582460972993,-4.81965336580704,0.655003145670808));
#2153=CARTESIAN_POINT('Ctrl Pts',(-5.9237678009848,-4.79104869329194,1.48745463491678));
#2154=CARTESIAN_POINT('Ctrl Pts',(-6.57243529898252,-4.77154871419351,1.9692397362326));
#2155=CARTESIAN_POINT('Ctrl Pts',(-7.22110279698024,-4.75204873509508,2.45102483754841));
#2156=CARTESIAN_POINT('Ctrl Pts',(-8.1304946017208,-4.74165344941331,2.58214355093408));
#2157=CARTESIAN_POINT('Ctrl Pts',(-8.88889888551359,-4.7259855633164,2.30313796429199));
#2158=CARTESIAN_POINT('Ctrl Pts',(-9.64730316930638,-4.71031767721948,2.02413237764989));
#2159=CARTESIAN_POINT('Ctrl Pts',(-10.2547199321514,-4.68937719070742,1.33500249098004));
#2160=CARTESIAN_POINT('Ctrl Pts',(-10.4363728455488,-4.65356870295087,0.54824545860558));
#2161=CARTESIAN_POINT('Ctrl Pts',(-10.4775997621508,-4.64544181133779,0.369687537606203));
#2162=CARTESIAN_POINT('Ctrl Pts',(-10.4968963188954,-4.63654909468325,0.186101011101836));
#2163=CARTESIAN_POINT('Ctrl Pts',(-10.4955643492102,-4.6269360140123,0.00217402811881484));
#2164=CARTESIAN_POINT('Origin',(-7.95070830463908,-7.28191166209417,0.));
#2165=CARTESIAN_POINT('',(-10.5266710853696,-3.71180916047093,-0.00224606777893931));
#2166=CARTESIAN_POINT('',(-10.5196249269402,-3.827288592462,-0.000733014238578216));
#2167=CARTESIAN_POINT('',(-10.3997155262494,-7.36743287876365,3.00099698131059E-16));
#2168=CARTESIAN_POINT('Ctrl Pts',(-10.5266710853696,-3.71180916047093,-0.00224606777893931));
#2169=CARTESIAN_POINT('Ctrl Pts',(-10.5201840677898,-3.74292366995107,0.600845976658356));
#2170=CARTESIAN_POINT('Ctrl Pts',(-10.2944660155207,-3.76638246300338,1.20753364880254));
#2171=CARTESIAN_POINT('Ctrl Pts',(-9.88989168199183,-3.78359545708567,1.6514631563305));
#2172=CARTESIAN_POINT('Ctrl Pts',(-9.34194894845361,-3.80690819407409,2.25270729787415));
#2173=CARTESIAN_POINT('Ctrl Pts',(-8.46592762781165,-3.81876417434709,2.55540185362298));
#2174=CARTESIAN_POINT('Ctrl Pts',(-7.66350786992707,-3.83319037782737,2.42051798689377));
#2175=CARTESIAN_POINT('Ctrl Pts',(-6.8610881120425,-3.84761658130766,2.28563412016456));
#2176=CARTESIAN_POINT('Ctrl Pts',(-6.13226991691531,-3.86461300799522,1.71317183095733));
#2177=CARTESIAN_POINT('Ctrl Pts',(-5.81112244218154,-3.89584560993818,0.96606536948243));
#2178=CARTESIAN_POINT('Ctrl Pts',(-5.48997496744777,-3.92707821188114,0.218958908007532));
#2179=CARTESIAN_POINT('Ctrl Pts',(-5.57649821310741,-3.97254698907949,-0.70279172573502));
#2180=CARTESIAN_POINT('Ctrl Pts',(-6.03027170768716,-4.03084042756617,-1.37582272899619));
#2181=CARTESIAN_POINT('Ctrl Pts',(-6.48404520226691,-4.08913386605285,-2.04885373225736));
#2182=CARTESIAN_POINT('Ctrl Pts',(-7.30506894576677,-4.16025196582785,-2.47316510503713));
#2183=CARTESIAN_POINT('Ctrl Pts',(-8.11556341045737,-4.23100237508464,-2.45386891369375));
#2184=CARTESIAN_POINT('Ctrl Pts',(-8.92605787514796,-4.30175278434143,-2.43457272235036));
#2185=CARTESIAN_POINT('Ctrl Pts',(-9.7260230610293,-4.37213550308001,-1.97166896688381));
#2186=CARTESIAN_POINT('Ctrl Pts',(-10.1473517212771,-4.42929594298579,-1.27777121872984));
#2187=CARTESIAN_POINT('Ctrl Pts',(-10.37814499025,-4.46060699781416,-0.89767144214399));
#2188=CARTESIAN_POINT('Ctrl Pts',(-10.4953255859363,-4.48795061066735,-0.448260219763371));
#2189=CARTESIAN_POINT('Ctrl Pts',(-10.4955587845328,-4.51121033042411,0.000639595693524297));
#2190=CARTESIAN_POINT('Ctrl Pts',(-10.4955643492102,-4.6269360140123,0.00217402811881484));
#2191=CARTESIAN_POINT('Ctrl Pts',(-10.4910274304647,-4.59419220131039,-0.624313035474184));
#2192=CARTESIAN_POINT('Ctrl Pts',(-10.2471580945471,-4.5530907164365,-1.25475007931689));
#2193=CARTESIAN_POINT('Ctrl Pts',(-9.81540279009877,-4.50542810896483,-1.70386868659426));
#2194=CARTESIAN_POINT('Ctrl Pts',(-9.25689075730135,-4.44377249173634,-2.28484162134059));
#2195=CARTESIAN_POINT('Ctrl Pts',(-8.3839776277566,-4.3711377462804,-2.56240331275421));
#2196=CARTESIAN_POINT('Ctrl Pts',(-7.59316673678746,-4.3013700741725,-2.41068889785462));
#2197=CARTESIAN_POINT('Ctrl Pts',(-6.80235584581831,-4.2316024020646,-2.25897448295502));
#2198=CARTESIAN_POINT('Ctrl Pts',(-6.09364719342476,-4.16470180330476,-1.67798396174221));
#2199=CARTESIAN_POINT('Ctrl Pts',(-5.78908292347634,-4.11191423736567,-0.93117693496627));
#2200=CARTESIAN_POINT('Ctrl Pts',(-5.48451865352791,-4.05912667142658,-0.184369908190338));
#2201=CARTESIAN_POINT('Ctrl Pts',(-5.58409876602461,-4.02045213830824,0.728253624148715));
#2202=CARTESIAN_POINT('Ctrl Pts',(-6.04333371913206,-3.99433702897547,1.39284967877584));
#2203=CARTESIAN_POINT('Ctrl Pts',(-6.50256867223952,-3.96822191964269,2.05744573340297));
#2204=CARTESIAN_POINT('Ctrl Pts',(-7.32145846595774,-3.95466623409547,2.47401431031818));
#2205=CARTESIAN_POINT('Ctrl Pts',(-8.12933088476524,-3.94072581333859,2.45365561344127));
#2206=CARTESIAN_POINT('Ctrl Pts',(-8.93720330357274,-3.9267853925817,2.43329691656437));
#2207=CARTESIAN_POINT('Ctrl Pts',(-9.7340583474695,-3.91246023661516,1.97601094589534));
#2208=CARTESIAN_POINT('Ctrl Pts',(-10.1592158167138,-3.88515511532354,1.28916146193974));
#2209=CARTESIAN_POINT('Ctrl Pts',(-10.3960836064863,-3.86994262536938,0.906497317616655));
#2210=CARTESIAN_POINT('Ctrl Pts',(-10.5175789460247,-3.85070124067489,0.452578188546929));
#2211=CARTESIAN_POINT('Ctrl Pts',(-10.5196249269402,-3.827288592462,-0.000733014238578216));
#2212=CARTESIAN_POINT('Origin',(-7.95070830463908,-7.28191166209417,0.));
#2213=CARTESIAN_POINT('',(-10.5592807778871,-2.91246028058747,0.00037279744043012));
#2214=CARTESIAN_POINT('',(-10.5539866273243,-3.02800089404139,-0.00149062252450979));
#2215=CARTESIAN_POINT('',(-10.3997155262494,-7.36743287876365,3.00099698131059E-16));
#2216=CARTESIAN_POINT('Ctrl Pts',(-10.5592807778871,-2.91246028058747,0.00037279744043012));
#2217=CARTESIAN_POINT('Ctrl Pts',(-10.5592865735473,-2.91349950374818,0.020267462224709));
#2218=CARTESIAN_POINT('Ctrl Pts',(-10.5590295932533,-2.91452955057036,0.0401611688417992));
#2219=CARTESIAN_POINT('Ctrl Pts',(-10.5585069844472,-2.9155503214405,0.0600483712100781));
#2220=CARTESIAN_POINT('Ctrl Pts',(-10.5371567446399,-2.95725207351859,0.872504140618741));
#2221=CARTESIAN_POINT('Ctrl Pts',(-10.0724768757044,-2.98347241380903,1.67410442546149));
#2222=CARTESIAN_POINT('Ctrl Pts',(-9.37721673616668,-3.00164071362043,2.09667097811275));
#2223=CARTESIAN_POINT('Ctrl Pts',(-8.68195659662892,-3.01980901343182,2.51923753076401));
#2224=CARTESIAN_POINT('Ctrl Pts',(-7.75611618648886,-3.02992527276417,2.56277035122378));
#2225=CARTESIAN_POINT('Ctrl Pts',(-7.02425776286225,-3.0468155323331,2.20727463190594));
#2226=CARTESIAN_POINT('Ctrl Pts',(-6.29239933923565,-3.06370579190204,1.8517789125881));
#2227=CARTESIAN_POINT('Ctrl Pts',(-5.75452290212249,-3.08737005170756,1.09725465349265));
#2228=CARTESIAN_POINT('Ctrl Pts',(-5.65699728695158,-3.12641170106163,0.290257909069362));
#2229=CARTESIAN_POINT('Ctrl Pts',(-5.55947167178067,-3.1654533504157,-0.516738835353931));
#2230=CARTESIAN_POINT('Ctrl Pts',(-5.90229687855201,-3.21987238931832,-1.37620806510506));
#2231=CARTESIAN_POINT('Ctrl Pts',(-6.52733190534173,-3.2841464122941,-1.89339208054997));
#2232=CARTESIAN_POINT('Ctrl Pts',(-7.15236693213144,-3.34842043526989,-2.41057609599487));
#2233=CARTESIAN_POINT('Ctrl Pts',(-8.05961177893952,-3.42254944231884,-2.58547489713355));
#2234=CARTESIAN_POINT('Ctrl Pts',(-8.83168521611878,-3.49195815973027,-2.3377567546392));
#2235=CARTESIAN_POINT('Ctrl Pts',(-9.60375865329806,-3.56136687714171,-2.09003861214484));
#2236=CARTESIAN_POINT('Ctrl Pts',(-10.2406606808485,-3.62605530491562,-1.41970352601744));
#2237=CARTESIAN_POINT('Ctrl Pts',(-10.4491796214065,-3.6757842656545,-0.634639119284502));
#2238=CARTESIAN_POINT('Ctrl Pts',(-10.5037382915916,-3.68879577415508,-0.429228186702533));
#2239=CARTESIAN_POINT('Ctrl Pts',(-10.5289698800636,-3.70078315839528,-0.215962891372702));
#2240=CARTESIAN_POINT('Ctrl Pts',(-10.5266710853696,-3.71180916047093,-0.00224606777893931));
#2241=CARTESIAN_POINT('Ctrl Pts',(-10.5196249269402,-3.827288592462,-0.000733014238578216));
#2242=CARTESIAN_POINT('Ctrl Pts',(-10.5212513071718,-3.8086775350792,-0.361076736597153));
#2243=CARTESIAN_POINT('Ctrl Pts',(-10.4473989130834,-3.78743070081686,-0.721036316827728));
#2244=CARTESIAN_POINT('Ctrl Pts',(-10.2960199213844,-3.76347657810987,-1.04451515208328));
#2245=CARTESIAN_POINT('Ctrl Pts',(-9.9542066622188,-3.70938824880453,-1.7749292849085));
#2246=CARTESIAN_POINT('Ctrl Pts',(-9.2171202492957,-3.64149667681054,-2.31934455331674));
#2247=CARTESIAN_POINT('Ctrl Pts',(-8.41967118379727,-3.57149719454006,-2.43088699965245));
#2248=CARTESIAN_POINT('Ctrl Pts',(-7.62222211829884,-3.50149771226958,-2.54242944598815));
#2249=CARTESIAN_POINT('Ctrl Pts',(-6.76441040022507,-3.42939031972261,-2.22109907025132));
#2250=CARTESIAN_POINT('Ctrl Pts',(-6.23589138374609,-3.36878208170335,-1.61260835742722));
#2251=CARTESIAN_POINT('Ctrl Pts',(-5.70737236726709,-3.30817384368408,-1.00411764460312));
#2252=CARTESIAN_POINT('Ctrl Pts',(-5.50814605238288,-3.25906476019252,-0.108466594691761));
#2253=CARTESIAN_POINT('Ctrl Pts',(-5.72922153133206,-3.22463293876039,0.668197257509018));
#2254=CARTESIAN_POINT('Ctrl Pts',(-5.95029701028124,-3.19020111732825,1.44486110970979));
#2255=CARTESIAN_POINT('Ctrl Pts',(-6.59167428306381,-3.17044655795554,2.10253776419998));
#2256=CARTESIAN_POINT('Ctrl Pts',(-7.36317707373129,-3.15523608179788,2.34299304534483));
#2257=CARTESIAN_POINT('Ctrl Pts',(-8.13467986439878,-3.14002560564022,2.58344832648969));
#2258=CARTESIAN_POINT('Ctrl Pts',(-9.03630817295118,-3.12935921269761,2.40668223428919));
#2259=CARTESIAN_POINT('Ctrl Pts',(-9.65987065895506,-3.10898254726226,1.8928522290479));
#2260=CARTESIAN_POINT('Ctrl Pts',(-10.2131606232904,-3.09090223495185,1.43692841763274));
#2261=CARTESIAN_POINT('Ctrl Pts',(-10.5475266561164,-3.06517693049298,0.715630903198146));
#2262=CARTESIAN_POINT('Ctrl Pts',(-10.5539866273243,-3.02800089404139,-0.00149062252450979));
#2263=CARTESIAN_POINT('Origin',(-7.95070830463908,-7.28191166209417,0.));
#2264=CARTESIAN_POINT('',(-10.5813862457247,-2.11274458509528,0.00205983117666965));
#2265=CARTESIAN_POINT('',(-10.5795523919099,-2.22840603477431,0.0021586782630778));
#2266=CARTESIAN_POINT('',(-10.3997155262494,-7.36743287876365,3.00099698131059E-16));
#2267=CARTESIAN_POINT('Ctrl Pts',(-10.5813862457247,-2.11274458509528,0.00205983117666965));
#2268=CARTESIAN_POINT('Ctrl Pts',(-10.5829365756527,-2.12598304310818,0.256059621089256));
#2269=CARTESIAN_POINT('Ctrl Pts',(-10.546145874209,-2.13788260280247,0.509497821101877));
#2270=CARTESIAN_POINT('Ctrl Pts',(-10.4686174213081,-2.14835956886852,0.749857967901241));
#2271=CARTESIAN_POINT('Ctrl Pts',(-10.2190121980092,-2.18209048128275,1.52370480566452));
#2272=CARTESIAN_POINT('Ctrl Pts',(-9.54714482192139,-2.20107567439436,2.16199269118845));
#2273=CARTESIAN_POINT('Ctrl Pts',(-8.76092695706837,-2.21606766044653,2.3715540576515));
#2274=CARTESIAN_POINT('Ctrl Pts',(-7.97470909221535,-2.23105964649869,2.58111542411456));
#2275=CARTESIAN_POINT('Ctrl Pts',(-7.07414073859713,-2.24205842549142,2.36195027151672));
#2276=CARTESIAN_POINT('Ctrl Pts',(-6.47217646861222,-2.263484688858,1.81472170653988));
#2277=CARTESIAN_POINT('Ctrl Pts',(-5.87021219862731,-2.28491095222459,1.26749314156303));
#2278=CARTESIAN_POINT('Ctrl Pts',(-5.56685201227571,-2.31676469996502,0.392201164207173));
#2279=CARTESIAN_POINT('Ctrl Pts',(-5.70075054622305,-2.36388785868528,-0.409128896961789));
#2280=CARTESIAN_POINT('Ctrl Pts',(-5.83464908017039,-2.41101101740553,-1.21045895813075));
#2281=CARTESIAN_POINT('Ctrl Pts',(-6.40580633441667,-2.47340358710559,-1.93782710311282));
#2282=CARTESIAN_POINT('Ctrl Pts',(-7.15120743769816,-2.54188088609318,-2.25715028527933));
#2283=CARTESIAN_POINT('Ctrl Pts',(-7.89660854097964,-2.61035818508076,-2.57647346744584));
#2284=CARTESIAN_POINT('Ctrl Pts',(-8.81625349329635,-2.68492021335585,-2.4877516867968));
#2285=CARTESIAN_POINT('Ctrl Pts',(-9.48706566411508,-2.75079280942626,-2.03173516948498));
#2286=CARTESIAN_POINT('Ctrl Pts',(-10.141457768889,-2.8150529833835,-1.58688097399366));
#2287=CARTESIAN_POINT('Ctrl Pts',(-10.5590498023073,-2.87104391663329,-0.79249317072487));
#2288=CARTESIAN_POINT('Ctrl Pts',(-10.5592807778871,-2.91246028058747,0.00037279744043012));
#2289=CARTESIAN_POINT('Ctrl Pts',(-10.5539866273243,-3.02800089404139,-0.00149062252450979));
#2290=CARTESIAN_POINT('Ctrl Pts',(-10.5548070984984,-3.0232792218704,-0.0925711430537664));
#2291=CARTESIAN_POINT('Ctrl Pts',(-10.5503380658506,-3.01837283615571,-0.1835843000578));
#2292=CARTESIAN_POINT('Ctrl Pts',(-10.5403562474763,-3.01327393972142,-0.273977841819571));
#2293=CARTESIAN_POINT('Ctrl Pts',(-10.4517826865384,-2.96802893554404,-1.07608398916371));
#2294=CARTESIAN_POINT('Ctrl Pts',(-9.92913890120716,-2.9076258651174,-1.82940236556992));
#2295=CARTESIAN_POINT('Ctrl Pts',(-9.21009289626605,-2.84036427805209,-2.19232849810523));
#2296=CARTESIAN_POINT('Ctrl Pts',(-8.49104689132493,-2.77310269098678,-2.55525463064054));
#2297=CARTESIAN_POINT('Ctrl Pts',(-7.57559866677395,-2.69898258728281,-2.52778851930494));
#2298=CARTESIAN_POINT('Ctrl Pts',(-6.87953978669406,-2.63252372830605,-2.12238512573824));
#2299=CARTESIAN_POINT('Ctrl Pts',(-6.18348090661419,-2.5660648693293,-1.71698173217154));
#2300=CARTESIAN_POINT('Ctrl Pts',(-5.70681137100541,-2.50726725507977,-0.933641056373766));
#2301=CARTESIAN_POINT('Ctrl Pts',(-5.66635141531353,-2.46370241502061,-0.127581654698528));
#2302=CARTESIAN_POINT('Ctrl Pts',(-5.62589145962166,-2.42013757496145,0.678477746976716));
#2303=CARTESIAN_POINT('Ctrl Pts',(-6.02164108384669,-2.39180550909266,1.50725587452942));
#2304=CARTESIAN_POINT('Ctrl Pts',(-6.67480785914034,-2.37246264821956,1.98292978216075));
#2305=CARTESIAN_POINT('Ctrl Pts',(-7.32797463443398,-2.35311978734646,2.45860368979207));
#2306=CARTESIAN_POINT('Ctrl Pts',(-8.23855856079624,-2.34276613146905,2.58117337750201));
#2307=CARTESIAN_POINT('Ctrl Pts',(-8.99430723670378,-2.32700550950131,2.29505767500431));
#2308=CARTESIAN_POINT('Ctrl Pts',(-9.75005591261133,-2.31124488753358,2.0089419725066));
#2309=CARTESIAN_POINT('Ctrl Pts',(-10.3509693380642,-2.29007729947551,1.31414087980125));
#2310=CARTESIAN_POINT('Ctrl Pts',(-10.5252202083235,-2.25401032667678,0.525723159981543));
#2311=CARTESIAN_POINT('Ctrl Pts',(-10.5631162835677,-2.24616648226453,0.354258092463091));
#2312=CARTESIAN_POINT('Ctrl Pts',(-10.580832269385,-2.23761793360109,0.178365188744773));
#2313=CARTESIAN_POINT('Ctrl Pts',(-10.5795523919099,-2.22840603477431,0.0021586782630778));
#2314=CARTESIAN_POINT('Origin',(-7.95070830463908,-7.28191166209417,0.));
#2315=CARTESIAN_POINT('',(-10.60769358048,-1.31317562202916,-0.00125991870518514));
#2316=CARTESIAN_POINT('',(-10.6033194019558,-1.42874836161457,-0.000617273962236486));
#2317=CARTESIAN_POINT('',(-10.3997155262494,-7.36743287876365,3.00099698131059E-16));
#2318=CARTESIAN_POINT('Ctrl Pts',(-10.60769358048,-1.31317562202916,-0.00125991870518514));
#2319=CARTESIAN_POINT('Ctrl Pts',(-10.6045800770177,-1.33839651391834,0.487535215902645));
#2320=CARTESIAN_POINT('Ctrl Pts',(-10.4621053539855,-1.35875080478284,0.9775303853093));
#2321=CARTESIAN_POINT('Ctrl Pts',(-10.1889814484156,-1.37454272565965,1.37876141017634));
#2322=CARTESIAN_POINT('Ctrl Pts',(-9.73128099697453,-1.4010067925796,2.05114349562814));
#2323=CARTESIAN_POINT('Ctrl Pts',(-8.90667865448273,-1.41465836313609,2.47424937546976));
#2324=CARTESIAN_POINT('Ctrl Pts',(-8.09325015537237,-1.42870013290163,2.45377740836413));
#2325=CARTESIAN_POINT('Ctrl Pts',(-7.27982165626201,-1.44274190266717,2.4333054412585));
#2326=CARTESIAN_POINT('Ctrl Pts',(-6.47756700053308,-1.45717387164177,1.96925562720563));
#2327=CARTESIAN_POINT('Ctrl Pts',(-6.05427849116404,-1.48483963005858,1.27475096415957));
#2328=CARTESIAN_POINT('Ctrl Pts',(-5.630989981795,-1.5125053884754,0.580246301113523));
#2329=CARTESIAN_POINT('Ctrl Pts',(-5.58666761878585,-1.55340493633442,-0.344713210925703));
#2330=CARTESIAN_POINT('Ctrl Pts',(-5.94099224060137,-1.60822554365908,-1.0752810932365));
#2331=CARTESIAN_POINT('Ctrl Pts',(-6.29531686241689,-1.66304615098375,-1.80584897554729));
#2332=CARTESIAN_POINT('Ctrl Pts',(-7.04828846905709,-1.73178781777405,-2.34202522812965));
#2333=CARTESIAN_POINT('Ctrl Pts',(-7.85338239069882,-1.8023496359119,-2.43754651594671));
#2334=CARTESIAN_POINT('Ctrl Pts',(-8.65847631234057,-1.87291145404976,-2.53306780376378));
#2335=CARTESIAN_POINT('Ctrl Pts',(-9.51569254898385,-1.94529342353515,-2.18793412681553));
#2336=CARTESIAN_POINT('Ctrl Pts',(-10.0306291320505,-2.00572272413629,-1.56066439334009));
#2337=CARTESIAN_POINT('Ctrl Pts',(-10.3856242038795,-2.04738242479248,-1.12822732941041));
#2338=CARTESIAN_POINT('Ctrl Pts',(-10.5779452410732,-2.08336142298288,-0.56170046448959));
#2339=CARTESIAN_POINT('Ctrl Pts',(-10.5813862457247,-2.11274458509528,0.00205983117666965));
#2340=CARTESIAN_POINT('Ctrl Pts',(-10.5795523919099,-2.22840603477431,0.0021586782630778));
#2341=CARTESIAN_POINT('Ctrl Pts',(-10.5749472334695,-2.19526047634563,-0.631854275907484));
#2342=CARTESIAN_POINT('Ctrl Pts',(-10.3244121388833,-2.15352685530569,-1.26992733990854));
#2343=CARTESIAN_POINT('Ctrl Pts',(-9.88311205239903,-2.10513157395657,-1.72040688367398));
#2344=CARTESIAN_POINT('Ctrl Pts',(-9.31916471114949,-2.04328615157451,-2.29608486057575));
#2345=CARTESIAN_POINT('Ctrl Pts',(-8.44368171358461,-1.97056166434981,-2.56540646744525));
#2346=CARTESIAN_POINT('Ctrl Pts',(-7.65433167442803,-1.90084500631132,-2.40624378280175));
#2347=CARTESIAN_POINT('Ctrl Pts',(-6.86498163527145,-1.83112834827283,-2.24708109815826));
#2348=CARTESIAN_POINT('Ctrl Pts',(-6.16176455452316,-1.76441951942056,-1.65943412200176));
#2349=CARTESIAN_POINT('Ctrl Pts',(-5.86423246564544,-1.71187752265567,-0.909780276763091));
#2350=CARTESIAN_POINT('Ctrl Pts',(-5.56670037676772,-1.65933552589077,-0.160126431524421));
#2351=CARTESIAN_POINT('Ctrl Pts',(-5.67485327976058,-1.62096036121325,0.751534282796432));
#2352=CARTESIAN_POINT('Ctrl Pts',(-6.14031390796045,-1.59506265724531,1.4117932269745));
#2353=CARTESIAN_POINT('Ctrl Pts',(-6.60577453616033,-1.56916495327736,2.07205217115257));
#2354=CARTESIAN_POINT('Ctrl Pts',(-7.42854288956724,-1.55574471001899,2.48090934518785));
#2355=CARTESIAN_POINT('Ctrl Pts',(-8.23618844398146,-1.54179636698293,2.45296423930546));
#2356=CARTESIAN_POINT('Ctrl Pts',(-9.04383399839568,-1.52784802394686,2.42501913342307));
#2357=CARTESIAN_POINT('Ctrl Pts',(-9.83635675381722,-1.5133715811331,1.96027174762302));
#2358=CARTESIAN_POINT('Ctrl Pts',(-10.2550401204156,-1.48584037919532,1.26946467970482));
#2359=CARTESIAN_POINT('Ctrl Pts',(-10.4843342391413,-1.47076277356443,0.891140603602482));
#2360=CARTESIAN_POINT('Ctrl Pts',(-10.6015041278595,-1.45176970354301,0.445015304432083));
#2361=CARTESIAN_POINT('Ctrl Pts',(-10.6033194019558,-1.42874836161457,-0.000617273962236486));
#2362=CARTESIAN_POINT('Origin',(-7.95070830463908,-7.28191166209417,0.));
#2363=CARTESIAN_POINT('',(-10.6413812054719,-0.513864384377165,-0.00256610186669563));
#2364=CARTESIAN_POINT('',(-10.6375298468193,-0.629455381234808,-0.00174477493458794));
#2365=CARTESIAN_POINT('',(-10.3997155262494,-7.36743287876365,3.00099698131059E-16));
#2366=CARTESIAN_POINT('Ctrl Pts',(-10.6413812054719,-0.513864384377165,
-0.00256610186669563));
#2367=CARTESIAN_POINT('Ctrl Pts',(-10.6345250105891,-0.551099877129034,
0.715399109160493));
#2368=CARTESIAN_POINT('Ctrl Pts',(-10.2995849118458,-0.576878427500239,
1.43985523269501));
#2369=CARTESIAN_POINT('Ctrl Pts',(-9.74464930889983,-0.594974565579961,
1.89608667296377));
#2370=CARTESIAN_POINT('Ctrl Pts',(-9.11608143499709,-0.615471810626479,
2.41285370844487));
#2371=CARTESIAN_POINT('Ctrl Pts',(-8.20526418586551,-0.62611269030144,2.58549439667588));
#2372=CARTESIAN_POINT('Ctrl Pts',(-7.43050069726677,-0.641504671986455,
2.33643057365199));
#2373=CARTESIAN_POINT('Ctrl Pts',(-6.65573720866803,-0.65689665367147,2.08736675062811));
#2374=CARTESIAN_POINT('Ctrl Pts',(-6.01702748060214,-0.677039737366539,
1.41659841634933));
#2375=CARTESIAN_POINT('Ctrl Pts',(-5.80672377674226,-0.71214308908178,0.631349000121024));
#2376=CARTESIAN_POINT('Ctrl Pts',(-5.59642007288238,-0.747246440797022,
-0.153900416107285));
#2377=CARTESIAN_POINT('Ctrl Pts',(-5.81452239322851,-0.797310060532438,
-1.05363091428513));
#2378=CARTESIAN_POINT('Ctrl Pts',(-6.36034659088512,-0.858817980402816,
-1.65414676242623));
#2379=CARTESIAN_POINT('Ctrl Pts',(-6.90617078854172,-0.920325900273193,
-2.25466261056732));
#2380=CARTESIAN_POINT('Ctrl Pts',(-7.7797168635088,-0.993278120278534,-2.55596380867168));
#2381=CARTESIAN_POINT('Ctrl Pts',(-8.57899258135262,-1.0636367622627,-2.41989311616108));
#2382=CARTESIAN_POINT('Ctrl Pts',(-9.37826829919643,-1.13399540424687,-2.28382242365049));
#2383=CARTESIAN_POINT('Ctrl Pts',(-10.103273659917,-1.20176046820987,-1.71037984052494));
#2384=CARTESIAN_POINT('Ctrl Pts',(-10.4203770600821,-1.25528128183308,-0.962829403431185));
#2385=CARTESIAN_POINT('Ctrl Pts',(-10.5482551299031,-1.27686458348743,-0.661365253442169));
#2386=CARTESIAN_POINT('Ctrl Pts',(-10.6097976793997,-1.29613139772743,-0.331586615653656));
#2387=CARTESIAN_POINT('Ctrl Pts',(-10.60769358048,-1.31317562202916,-0.00125991870518514));
#2388=CARTESIAN_POINT('Ctrl Pts',(-10.6033194019558,-1.42874836161457,-0.000617273962236486));
#2389=CARTESIAN_POINT('Ctrl Pts',(-10.6048187574459,-1.40973350568595,-0.368694830066831));
#2390=CARTESIAN_POINT('Ctrl Pts',(-10.5276208223881,-1.38797047981448,-0.736436241924389));
#2391=CARTESIAN_POINT('Ctrl Pts',(-10.3699053031712,-1.36339571794656,-1.06535846664889));
#2392=CARTESIAN_POINT('Ctrl Pts',(-10.0212431415531,-1.3090682196974,-1.79250779504804));
#2393=CARTESIAN_POINT('Ctrl Pts',(-9.27907484054158,-1.24099918426089,-2.32993970180998));
#2394=CARTESIAN_POINT('Ctrl Pts',(-8.48061190373794,-1.17096429682427,-2.43396418301878));
#2395=CARTESIAN_POINT('Ctrl Pts',(-7.68214896693431,-1.10092940938765,-2.53798866422759));
#2396=CARTESIAN_POINT('Ctrl Pts',(-6.82739139433857,-1.02892866995091,-2.20860571988328));
#2397=CARTESIAN_POINT('Ctrl Pts',(-6.30461624483886,-0.96852101218642,-1.59514626793017));
#2398=CARTESIAN_POINT('Ctrl Pts',(-5.78184109533914,-0.908113354421928,
-0.981686815977066));
#2399=CARTESIAN_POINT('Ctrl Pts',(-5.59104836893545,-0.859298778329684,
-0.0841508564151676));
#2400=CARTESIAN_POINT('Ctrl Pts',(-5.81941001216782,-0.82512139536096,0.690395627420329));
#2401=CARTESIAN_POINT('Ctrl Pts',(-6.04777165540019,-0.790944012392236,
1.46494211125583));
#2402=CARTESIAN_POINT('Ctrl Pts',(-6.69528766826861,-0.771403822547032,
2.11649911936492));
#2403=CARTESIAN_POINT('Ctrl Pts',(-7.46902266771175,-0.756271296837485,
2.34973001520699));
#2404=CARTESIAN_POINT('Ctrl Pts',(-8.24275766715488,-0.741138771127938,
2.58296091104907));
#2405=CARTESIAN_POINT('Ctrl Pts',(-9.14271165317273,-0.730413909554048,
2.39786569462412));
#2406=CARTESIAN_POINT('Ctrl Pts',(-9.76140523337501,-0.709867218181517,
1.8781432458563));
#2407=CARTESIAN_POINT('Ctrl Pts',(-10.3045132683824,-0.691830707808177,
1.4219150790678));
#2408=CARTESIAN_POINT('Ctrl Pts',(-10.6308859113088,-0.666225630767276,
0.707827779236812));
#2409=CARTESIAN_POINT('Ctrl Pts',(-10.6375298468193,-0.629455381234808,
-0.00174477493458794));
#2410=CARTESIAN_POINT('Origin',(-7.8198351920047,-11.0296272634158,0.));
#2411=CARTESIAN_POINT('',(-10.3006241488777,-7.86427730376525,0.799215730824396));
#2412=CARTESIAN_POINT('',(-10.325604969036,-7.98294813687081,0.707106781186549));
#2413=CARTESIAN_POINT('Ctrl Pts',(-10.3006241488777,-7.86427730376525,0.799215730824396));
#2414=CARTESIAN_POINT('Ctrl Pts',(-10.3096690934263,-7.90321886584119,0.768395518730382));
#2415=CARTESIAN_POINT('Ctrl Pts',(-10.3179804306662,-7.94279291347444,0.737699466704277));
#2416=CARTESIAN_POINT('Ctrl Pts',(-10.325604969036,-7.98294813687082,0.707106781186551));
#2417=CARTESIAN_POINT('',(-10.325604969036,-7.98294813687081,-0.707106781186546));
#2418=CARTESIAN_POINT('Ctrl Pts',(-10.325604969036,-7.98294813687082,0.707106781186551));
#2419=CARTESIAN_POINT('Ctrl Pts',(-10.3391053413919,-8.05404889623368,0.652937908813757));
#2420=CARTESIAN_POINT('Ctrl Pts',(-10.3534492759065,-8.11731130104408,0.590221398067511));
#2421=CARTESIAN_POINT('Ctrl Pts',(-10.3797503875324,-8.22233522585297,0.448976826477307));
#2422=CARTESIAN_POINT('Ctrl Pts',(-10.3914243613232,-8.26352368474108,0.372426878778137));
#2423=CARTESIAN_POINT('Ctrl Pts',(-10.4106733535415,-8.32895443628348,0.188337927258244));
#2424=CARTESIAN_POINT('Ctrl Pts',(-10.416145102268,-8.34575990617746,0.080481500627596));
#2425=CARTESIAN_POINT('Ctrl Pts',(-10.4139274506579,-8.33867338792454,-0.138672856410164));
#2426=CARTESIAN_POINT('Ctrl Pts',(-10.4060389682492,-8.31413816113536,-0.246896327732158));
#2427=CARTESIAN_POINT('Ctrl Pts',(-10.3796979148024,-8.22196438396324,-0.45725735565848));
#2428=CARTESIAN_POINT('Ctrl Pts',(-10.3611172414262,-8.15259066774419,-0.554014847900181));
#2429=CARTESIAN_POINT('Ctrl Pts',(-10.3369152075088,-8.04040603693783,-0.660784165581262));
#2430=CARTESIAN_POINT('Ctrl Pts',(-10.3312601631329,-8.01273165572729,-0.684415889468845));
#2431=CARTESIAN_POINT('Ctrl Pts',(-10.325604969036,-7.98294813687082,-0.707106781186547));
#2432=CARTESIAN_POINT('',(-10.3006241488777,-7.86427730376525,-0.79921573082439));
#2433=CARTESIAN_POINT('Ctrl Pts',(-10.325604969036,-7.98294813687082,-0.707106781186547));
#2434=CARTESIAN_POINT('Ctrl Pts',(-10.3179802581453,-7.94279200487941,-0.737700158927087));
#2435=CARTESIAN_POINT('Ctrl Pts',(-10.309668986699,-7.90321840634403,-0.768395882398377));
#2436=CARTESIAN_POINT('Ctrl Pts',(-10.3006241488777,-7.86427730376525,-0.79921573082439));
#2437=CARTESIAN_POINT('Origin',(-7.93325855628783,-7.78160707560372,0.));
#2438=CARTESIAN_POINT('Origin',(-5.43478148874009,-7.69435833384747,0.));
#2439=CARTESIAN_POINT('',(-10.226692672224,-7.86169555971084,0.859474281507972));
#2440=CARTESIAN_POINT('Ctrl Pts',(-10.226692672224,-7.86169555971084,0.859474281507972));
#2441=CARTESIAN_POINT('Ctrl Pts',(-10.2635722696817,-7.86298342363262,0.829450821655272));
#2442=CARTESIAN_POINT('Ctrl Pts',(-10.3006241488777,-7.86427730376525,0.799215730824396));
#2443=CARTESIAN_POINT('',(-9.89057157923131,-7.84995795250363,-1.13159418720975));
#2444=CARTESIAN_POINT('Ctrl Pts',(-10.3006241488777,-7.86427730376525,-0.79921573082439));
#2445=CARTESIAN_POINT('Ctrl Pts',(-10.0929345151996,-7.85702462194425,-0.968694717444719));
#2446=CARTESIAN_POINT('Ctrl Pts',(-9.89057157923131,-7.84995795250363,-1.13159418720975));
#2447=CARTESIAN_POINT('',(-10.2491515426938,-7.86247984074956,0.796899944392919));
#2448=CARTESIAN_POINT('Ctrl Pts',(-10.2491515426938,-7.86247984074956,0.796899944392933));
#2449=CARTESIAN_POINT('Ctrl Pts',(-10.269652276467,-7.86319574214807,0.713605807103157));
#2450=CARTESIAN_POINT('Ctrl Pts',(-10.2854631479126,-7.86374786994528,0.629386901355726));
#2451=CARTESIAN_POINT('Ctrl Pts',(-10.2966793828012,-7.86413954949839,0.544595954100765));
#2452=CARTESIAN_POINT('Ctrl Pts',(-10.3063322290626,-7.86447663431762,0.471623696802976));
#2453=CARTESIAN_POINT('Ctrl Pts',(-10.3125810315352,-7.86469484730837,0.398227261800979));
#2454=CARTESIAN_POINT('Ctrl Pts',(-10.3154556889055,-7.86479523255577,0.324634349861047));
#2455=CARTESIAN_POINT('Ctrl Pts',(-10.3168103218026,-7.86484253737891,0.289954954486573));
#2456=CARTESIAN_POINT('Ctrl Pts',(-10.317415294304,-7.86486366348418,0.255232014238244));
#2457=CARTESIAN_POINT('Ctrl Pts',(-10.3172716746886,-7.8648586481767,0.220490019488404));
#2458=CARTESIAN_POINT('Ctrl Pts',(-10.3172017593951,-7.86485620668085,0.203577310488159));
#2459=CARTESIAN_POINT('Ctrl Pts',(-10.3169544212439,-7.86484756944228,0.186660094049556));
#2460=CARTESIAN_POINT('Ctrl Pts',(-10.3165296747018,-7.86483273696619,0.169741247577315));
#2461=CARTESIAN_POINT('Ctrl Pts',(-10.3160948950897,-7.86481755412758,0.152422755771873));
#2462=CARTESIAN_POINT('Ctrl Pts',(-10.3154743589646,-7.8647958845286,0.135109904491593));
#2463=CARTESIAN_POINT('Ctrl Pts',(-10.3146689792835,-7.8647677600504,0.117813168172206));
#2464=CARTESIAN_POINT('Ctrl Pts',(-10.3107391315728,-7.86463052674436,0.0334137957848935));
#2465=CARTESIAN_POINT('Ctrl Pts',(-10.302410934863,-7.86433969970677,-0.0506590161319793));
#2466=CARTESIAN_POINT('Ctrl Pts',(-10.2897389376308,-7.86389718381242,-0.134057227064805));
#2467=CARTESIAN_POINT('Ctrl Pts',(-10.2771843602479,-7.86345876830957,-0.216682662784299));
#2468=CARTESIAN_POINT('Ctrl Pts',(-10.2603657587486,-7.86287144980343,-0.298646801588444));
#2469=CARTESIAN_POINT('Ctrl Pts',(-10.2392900423854,-7.86213546957044,-0.379589876548362));
#2470=CARTESIAN_POINT('Ctrl Pts',(-10.2333056973632,-7.86192649163736,-0.402573260807596));
#2471=CARTESIAN_POINT('Ctrl Pts',(-10.2269778537944,-7.86170551847072,-0.425474145618913));
#2472=CARTESIAN_POINT('Ctrl Pts',(-10.2203060419224,-7.86147253366625,-0.448283830988626));
#2473=CARTESIAN_POINT('Ctrl Pts',(-10.2161495375955,-7.86132738533676,-0.462494147129489));
#2474=CARTESIAN_POINT('Ctrl Pts',(-10.2118620878732,-7.86117766429329,-0.476660215643589));
#2475=CARTESIAN_POINT('Ctrl Pts',(-10.2074452598624,-7.86102342526044,-0.490776324507001));
#2476=CARTESIAN_POINT('Ctrl Pts',(-10.1829795170141,-7.86016906269399,-0.568968431744077));
#2477=CARTESIAN_POINT('Ctrl Pts',(-10.1545365692742,-7.85917581307231,-0.645668013281092));
#2478=CARTESIAN_POINT('Ctrl Pts',(-10.122161475195,-7.85804524987469,-0.720554838203126));
#2479=CARTESIAN_POINT('Ctrl Pts',(-10.0905603395143,-7.85694171389991,-0.793651420077786));
#2480=CARTESIAN_POINT('Ctrl Pts',(-10.0552123765232,-7.85570733583229,-0.865021546947819));
#2481=CARTESIAN_POINT('Ctrl Pts',(-10.0161189782257,-7.8543421642817,-0.934340640067474));
#2482=CARTESIAN_POINT('Ctrl Pts',(-9.97786690191453,-7.85300637234226,-1.00216792946449));
#2483=CARTESIAN_POINT('Ctrl Pts',(-9.93602851027266,-7.85154534351183,-1.06803206573993));
#2484=CARTESIAN_POINT('Ctrl Pts',(-9.89057157922803,-7.84995795250101,-1.13159418720552));
#2485=CARTESIAN_POINT('Origin',(-7.93325855628783,-7.78160707560372,0.));
#2486=CARTESIAN_POINT('Ctrl Pts',(-10.0575622069656,-7.74684241096072,-1.22594072294539));
#2487=CARTESIAN_POINT('Ctrl Pts',(-10.4055356158343,-7.79530957108068,-0.621125263974243));
#2488=CARTESIAN_POINT('Ctrl Pts',(-10.47743515215,-7.83413601913453,0.136355078596394));
#2489=CARTESIAN_POINT('Ctrl Pts',(-10.2491515426938,-7.86247984074956,0.796899944392933));
#2490=CARTESIAN_POINT('Ctrl Pts',(-10.0018986643848,-7.78121425814058,-1.19449187770155));
#2491=CARTESIAN_POINT('Ctrl Pts',(-10.3409130790615,-7.82936856328949,-0.605191645049474));
#2492=CARTESIAN_POINT('Ctrl Pts',(-10.4109356964694,-7.8681294678908,0.132857185358393));
#2493=CARTESIAN_POINT('Ctrl Pts',(-10.1884757144038,-7.89667665505554,0.77645720800531));
#2494=CARTESIAN_POINT('Ctrl Pts',(-9.94623512180401,-7.81558610532044,-1.16304303245771));
#2495=CARTESIAN_POINT('Ctrl Pts',(-10.2762905422888,-7.86342755549829,-0.589258026124704));
#2496=CARTESIAN_POINT('Ctrl Pts',(-10.3444362407888,-7.90212291664706,0.129359292120391));
#2497=CARTESIAN_POINT('Ctrl Pts',(-10.1277998861138,-7.93087346936152,0.756014471617687));
#2498=CARTESIAN_POINT('Ctrl Pts',(-9.89057157922322,-7.8499579525003,-1.13159418721387));
#2499=CARTESIAN_POINT('Ctrl Pts',(-10.211668005516,-7.8974865477071,-0.573324407199936));
#2500=CARTESIAN_POINT('Ctrl Pts',(-10.2779367851082,-7.93611636540333,0.125861398882391));
#2501=CARTESIAN_POINT('Ctrl Pts',(-10.0671240578238,-7.9650702836675,0.735571735230064));
#2502=CARTESIAN_POINT('',(-10.198876224086,-7.76846999907326,-0.93821890833662));
#2503=CARTESIAN_POINT('Ctrl Pts',(-9.89057157923638,-7.84995795249218,-1.13159418722131));
#2504=CARTESIAN_POINT('Ctrl Pts',(-9.99358153073218,-7.82795741531265,-1.06458594433395));
#2505=CARTESIAN_POINT('Ctrl Pts',(-10.0968970206657,-7.80001116129732,-1.00023242772981));
#2506=CARTESIAN_POINT('Ctrl Pts',(-10.198876224086,-7.76846999907326,-0.938218908336612));
#2507=CARTESIAN_POINT('Ctrl Pts',(-10.2491515426938,-7.86247984074956,0.796899944392933));
#2508=CARTESIAN_POINT('Ctrl Pts',(-10.4424576691055,-7.8384788431433,0.237563382156005));
#2509=CARTESIAN_POINT('Ctrl Pts',(-10.4205212697582,-7.80696141091019,-0.391279536951342));
#2510=CARTESIAN_POINT('Ctrl Pts',(-10.197980851538,-7.7684387319749,-0.938078139422545));
#2511=CARTESIAN_POINT('Origin',(-7.95070830463908,-7.28191166209417,0.));
#2512=CARTESIAN_POINT('',(-10.1973188862582,-7.75353647578487,0.951155011599581));
#2513=CARTESIAN_POINT('Ctrl Pts',(-10.193952667065,-7.75341892482037,0.951252535558911));
#2514=CARTESIAN_POINT('Ctrl Pts',(-10.2056747077442,-7.78878916054806,0.92051007690669));
#2515=CARTESIAN_POINT('Ctrl Pts',(-10.2165652957989,-7.82490393107074,0.889926683548272));
#2516=CARTESIAN_POINT('Ctrl Pts',(-10.226692672224,-7.86169555971084,0.859474281507973));
#2517=CARTESIAN_POINT('',(-10.1543254790138,-7.64492618096568,-1.04831967897879));
#2518=CARTESIAN_POINT('Ctrl Pts',(-10.198876224086,-7.76846999907326,-0.938218908336619));
#2519=CARTESIAN_POINT('Ctrl Pts',(-10.189174657291,-7.73842309651539,-0.964143212930654));
#2520=CARTESIAN_POINT('Ctrl Pts',(-10.1788881821524,-7.70890219403254,-0.990176057963919));
#2521=CARTESIAN_POINT('Ctrl Pts',(-10.16352717439,-7.66818358337582,-1.02697496858173));
#2522=CARTESIAN_POINT('Ctrl Pts',(-10.1589805013846,-7.65650499466852,-1.03763650714078));
#2523=CARTESIAN_POINT('Ctrl Pts',(-10.1543254790138,-7.64492618096569,-1.0483196789788));
#2524=CARTESIAN_POINT('Ctrl Pts',(-10.1529747215644,-7.64487901147615,-1.05019432719149));
#2525=CARTESIAN_POINT('Ctrl Pts',(-10.4085563244085,-7.68563883895674,-0.494424493513846));
#2526=CARTESIAN_POINT('Ctrl Pts',(-10.4606233207181,-7.71929177977434,0.161837126474256));
#2527=CARTESIAN_POINT('Ctrl Pts',(-10.2751997655951,-7.74465136778889,0.742895738258063));
#2528=CARTESIAN_POINT('Ctrl Pts',(-10.2526688381686,-7.74773282654283,0.813500518777684));
#2529=CARTESIAN_POINT('Ctrl Pts',(-10.2266314040977,-7.75069183538653,0.882994939974133));
#2530=CARTESIAN_POINT('Ctrl Pts',(-10.1973188862582,-7.75353647578487,0.951155011599548));
#2531=CARTESIAN_POINT('Origin',(-7.95070830463908,-7.28191166209417,0.));
#2532=CARTESIAN_POINT('',(-7.12057123604739,-0.24865582678357,-2.20207516956607));
#2533=CARTESIAN_POINT('Ctrl Pts',(-10.6375298468193,-0.629455381234808,
-0.00174477493458794));
#2534=CARTESIAN_POINT('Ctrl Pts',(-10.6384544980037,-0.624337984365827,
-0.100497555054428));
#2535=CARTESIAN_POINT('Ctrl Pts',(-10.6331863545866,-0.619004330344059,
-0.199162889499546));
#2536=CARTESIAN_POINT('Ctrl Pts',(-10.6214477864331,-0.613444724111557,
-0.297033519793009));
#2537=CARTESIAN_POINT('Ctrl Pts',(-10.5253635849021,-0.567937442585298,
-1.09813815556381));
#2538=CARTESIAN_POINT('Ctrl Pts',(-9.9957620074535,-0.50729140070395,-1.8459977459947));
#2539=CARTESIAN_POINT('Ctrl Pts',(-9.27329165434418,-0.4399102327656,-2.20236113384416));
#2540=CARTESIAN_POINT('Ctrl Pts',(-8.61010220771079,-0.378057896145519,
-2.52948381364847));
#2541=CARTESIAN_POINT('Ctrl Pts',(-7.78439640494569,-0.310530363314324,
-2.52672138859333));
#2542=CARTESIAN_POINT('Ctrl Pts',(-7.11800288637399,-0.248566138036651,
-2.20504795646145));
#2543=CARTESIAN_POINT('',(-9.26943832706576,-0.323695919137425,-2.20207516956608));
#2544=CARTESIAN_POINT('Origin',(-8.19500478155659,-0.2861758729605,0.));
#2545=CARTESIAN_POINT('Ctrl Pts',(-9.26943832706575,-0.323695919137426,
-2.20207516956608));
#2546=CARTESIAN_POINT('Ctrl Pts',(-10.0011925283221,-0.39169665780511,-1.84388001680596));
#2547=CARTESIAN_POINT('Ctrl Pts',(-10.5335233542362,-0.452733378751202,
-1.09317357239285));
#2548=CARTESIAN_POINT('Ctrl Pts',(-10.6265295178564,-0.498428544433285,
-0.287373658820697));
#2549=CARTESIAN_POINT('Ctrl Pts',(-10.6374245306699,-0.503781409192386,
-0.192979910688643));
#2550=CARTESIAN_POINT('Ctrl Pts',(-10.642290927603,-0.508923750045976,-0.0978301445326051));
#2551=CARTESIAN_POINT('Ctrl Pts',(-10.6413812054719,-0.513864384377165,
-0.00256610186669563));
#2552=CARTESIAN_POINT('Ctrl Pts',(-9.07879555447001,-0.0537507538396666,
-1.79252782880716));
#2553=CARTESIAN_POINT('Ctrl Pts',(-9.67418096998239,-0.116989389574517,
-1.50095068905271));
#2554=CARTESIAN_POINT('Ctrl Pts',(-10.5402835472108,-0.232128995792107,
-0.278774251596598));
#2555=CARTESIAN_POINT('Ctrl Pts',(-9.69372950827237,-0.32990863397901,1.82357270845611));
#2556=CARTESIAN_POINT('Ctrl Pts',(-7.46863980419365,-0.379548745967397,
2.24517035732217));
#2557=CARTESIAN_POINT('Ctrl Pts',(-5.908050990928,-0.452393740390928,0.607118774213477));
#2558=CARTESIAN_POINT('Ctrl Pts',(-6.43984230445677,-0.59830625891136,-1.59007046623571));
#2559=CARTESIAN_POINT('Ctrl Pts',(-8.57226177084834,-0.800113944199918,
-2.32586385319995));
#2560=CARTESIAN_POINT('Ctrl Pts',(-10.3419369935224,-0.989254321369155,
-0.925486877860579));
#2561=CARTESIAN_POINT('Ctrl Pts',(-10.119376095034,-1.10882428017815,1.32525118714151));
#2562=CARTESIAN_POINT('Ctrl Pts',(-8.10482773152217,-1.16581665778895,2.35849801898894));
#2563=CARTESIAN_POINT('Ctrl Pts',(-6.14485359551929,-1.22471480941879,1.22526394441393));
#2564=CARTESIAN_POINT('Ctrl Pts',(-6.03579001765087,-1.34824818199908,-1.03353587599853));
#2565=CARTESIAN_POINT('Ctrl Pts',(-7.87376028506872,-1.53977347468325,-2.34290651036536));
#2566=CARTESIAN_POINT('Ctrl Pts',(-9.966301426633,-1.74018857818279,-1.50007190262097));
#2567=CARTESIAN_POINT('Ctrl Pts',(-10.3871127033402,-1.8822255884192,0.720744909794146));
#2568=CARTESIAN_POINT('Ctrl Pts',(-8.7455511681095,-1.95224295308386,2.27947752719734));
#2569=CARTESIAN_POINT('Ctrl Pts',(-6.54548980640001,-2.00275707404689,1.74426468719174));
#2570=CARTESIAN_POINT('Ctrl Pts',(-5.80384222757787,-2.10420012654571,-0.393244398909799));
#2571=CARTESIAN_POINT('Ctrl Pts',(-7.19781227532085,-2.28022058990433,-2.1695156993011));
#2572=CARTESIAN_POINT('Ctrl Pts',(-9.44280762695192,-2.48595951173166,-1.95285244043589));
#2573=CARTESIAN_POINT('Ctrl Pts',(-10.4724774754781,-2.64925833180762,0.0577169827828184));
#2574=CARTESIAN_POINT('Ctrl Pts',(-9.3368787395441,-2.73694430675794,2.0152670764658));
#2575=CARTESIAN_POINT('Ctrl Pts',(-7.07510168542869,-2.78530326825242,2.1215765156971));
#2576=CARTESIAN_POINT('Ctrl Pts',(-5.76075307676775,-2.86674716010057,0.278988555080054));
#2577=CARTESIAN_POINT('Ctrl Pts',(-6.59712424464873,-3.02329584150665,-1.81988054842459));
#2578=CARTESIAN_POINT('Ctrl Pts',(-8.81183788585748,-3.22797730270452,-2.2469926278835));
#2579=CARTESIAN_POINT('Ctrl Pts',(-10.3663601309665,-3.40960437233874,-0.609999059567651));
#2580=CARTESIAN_POINT('Ctrl Pts',(-9.82861427704689,-3.51816782997186,1.58734458982028));
#2581=CARTESIAN_POINT('Ctrl Pts',(-7.68849806207818,-3.57077528158637,2.3265406295019));
#2582=CARTESIAN_POINT('Ctrl Pts',(-5.90785962873024,-3.63593597395026,0.928557583515964));
#2583=CARTESIAN_POINT('Ctrl Pts',(-6.11832791524716,-3.77062764511202,-1.32240598717325));
#2584=CARTESIAN_POINT('Ctrl Pts',(-8.1224850832985,-3.96795631224575,-2.35859669623557));
#2585=CARTESIAN_POINT('Ctrl Pts',(-10.0752161450741,-4.16348914017638,-1.22816135705957));
#2586=CARTESIAN_POINT('Ctrl Pts',(-10.1786465510467,-4.29444296618476,1.03047296252014));
#2587=CARTESIAN_POINT('Ctrl Pts',(-8.3336843276487,-4.35735742230348,2.34250646364124));
#2588=CARTESIAN_POINT('Ctrl Pts',(-6.23104676845288,-4.4112736574171,1.50269453499494));
#2589=CARTESIAN_POINT('Ctrl Pts',(-5.79815381857476,-4.52349865914278,-0.717504777815397));
#2590=CARTESIAN_POINT('Ctrl Pts',(-7.42858448914835,-4.70777650940514,-2.27859838291716));
#2591=CARTESIAN_POINT('Ctrl Pts',(-9.62053198036411,-4.91166295912687,-1.74655304168036));
#2592=CARTESIAN_POINT('Ctrl Pts',(-10.3563755962132,-5.0647011410609,0.389890089578593));
#2593=CARTESIAN_POINT('Ctrl Pts',(-8.95608345120572,-5.14314381848697,2.1681770134292));
#2594=CARTESIAN_POINT('Ctrl Pts',(-6.70189531848041,-5.19176779095602,1.95475897267836));
#2595=CARTESIAN_POINT('Ctrl Pts',(-5.66044669245185,-5.28274156019195,-0.0543165460213418));
#2596=CARTESIAN_POINT('Ctrl Pts',(-6.78434083218344,-5.44933076502164,-2.01349637443248));
#2597=CARTESIAN_POINT('Ctrl Pts',(-9.03707936793924,-5.65534008479691,-2.12306224414494));
#2598=CARTESIAN_POINT('Ctrl Pts',(-10.3451987150073,-5.82836257562656,-0.28236566167055));
#2599=CARTESIAN_POINT('Ctrl Pts',(-9.50296936596997,-5.92629323531262,1.81771380476021));
#2600=CARTESIAN_POINT('Ctrl Pts',(-7.27999103696035,-5.97600707814311,2.24802759775876));
#2601=CARTESIAN_POINT('Ctrl Pts',(-5.71422781371432,-6.04867137818845,0.613283157359704));
#2602=CARTESIAN_POINT('Ctrl Pts',(-6.23992611269493,-6.19437112395234,-1.58482459736816));
#2603=CARTESIAN_POINT('Ctrl Pts',(-8.37008835284295,-6.39609998516356,-2.32710648249942));
#2604=CARTESIAN_POINT('Ctrl Pts',(-10.1438635232175,-6.58538353566137,-0.93167630892291));
#2605=CARTESIAN_POINT('Ctrl Pts',(-9.92774192426524,-6.70517835976516,1.31957395002827));
#2606=CARTESIAN_POINT('Ctrl Pts',(-7.91622362575018,-6.76227654957726,2.35870155865771));
#2607=CARTESIAN_POINT('Ctrl Pts',(-5.95293153573377,-6.82105883569981,1.23101322496257));
#2608=CARTESIAN_POINT('Ctrl Pts',(-5.83746268420864,-6.94436853119519,-1.02731399056821));
#2609=CARTESIAN_POINT('Ctrl Pts',(-7.67145987448649,-7.1357550809684,-2.34228795434329));
#2610=CARTESIAN_POINT('Ctrl Pts',(-9.76678732992924,-7.3362674846926,-1.50495250604803));
#2611=CARTESIAN_POINT('Ctrl Pts',(-10.1932922374732,-7.47850332089905,0.713564872059898));
#2612=CARTESIAN_POINT('Ctrl Pts',(-8.5576019134603,-7.54872571277728,2.27907401896836));
#2613=CARTESIAN_POINT('Ctrl Pts',(-6.35318616030332,-7.59908777504029,1.74607102756236));
#2614=CARTESIAN_POINT('Ctrl Pts',(-5.85932123637548,-7.66673626963374,0.328810583759743));
#2615=CARTESIAN_POINT('Ctrl Pts',(-5.96666158977134,-7.71293199625283,-0.326814423280735));
#2616=CARTESIAN_POINT('Ctrl Pts',(-9.14234314533524,-0.143732475605585,
-1.92904360906014));
#2617=CARTESIAN_POINT('Ctrl Pts',(-9.78318482276229,-0.208558478984714,
-1.61526046497047));
#2618=CARTESIAN_POINT('Ctrl Pts',(-10.7154737581907,-0.326009363760503,
-0.30000521039098));
#2619=CARTESIAN_POINT('Ctrl Pts',(-9.80478590022446,-0.421549399636513,
1.96245281237536));
#2620=CARTESIAN_POINT('Ctrl Pts',(-7.41057551504041,-0.465283687303732,
2.41615859985041));
#2621=CARTESIAN_POINT('Ctrl Pts',(-5.73147324479742,-0.533990100614488,
0.653355876832505));
#2622=CARTESIAN_POINT('Ctrl Pts',(-6.30410310749606,-0.681328732696859,
-1.71116744831147));
#2623=CARTESIAN_POINT('Ctrl Pts',(-8.59926216005751,-0.888819409561237,
-2.50299757105864));
#2624=CARTESIAN_POINT('Ctrl Pts',(-10.5040510025608,-1.08267805830373,-0.995970337706856));
#2625=CARTESIAN_POINT('Ctrl Pts',(-10.2648785098448,-1.20166792745981,1.42617999668985));
#2626=CARTESIAN_POINT('Ctrl Pts',(-8.09724392501176,-1.25331441642349,2.53811709776308));
#2627=CARTESIAN_POINT('Ctrl Pts',(-5.98833984528091,-1.30701181981799,1.3185779006602));
#2628=CARTESIAN_POINT('Ctrl Pts',(-5.87130843035948,-1.4302669493972,-1.11224815832066));
#2629=CARTESIAN_POINT('Ctrl Pts',(-7.84959354861158,-1.62669214464362,-2.52133816714758));
#2630=CARTESIAN_POINT('Ctrl Pts',(-10.1018372129644,-1.83268418312871,-1.61431475170308));
#2631=CARTESIAN_POINT('Ctrl Pts',(-10.5550349935925,-1.97585215500318,0.775635579909625));
#2632=CARTESIAN_POINT('Ctrl Pts',(-8.78879326068419,-2.04151559122457,2.45307854370236));
#2633=CARTESIAN_POINT('Ctrl Pts',(-6.42151733259297,-2.08619045085931,1.87710483110079));
#2634=CARTESIAN_POINT('Ctrl Pts',(-5.62372542702662,-2.18567290026562,-0.423193203656095));
#2635=CARTESIAN_POINT('Ctrl Pts',(-7.12419604643489,-2.36541244553811,-2.3347422155657));
#2636=CARTESIAN_POINT('Ctrl Pts',(-9.54050456650562,-2.57713375503142,-2.10157826233985));
#2637=CARTESIAN_POINT('Ctrl Pts',(-10.6489305215105,-2.7431827989478,0.062112607113879));
#2638=CARTESIAN_POINT('Ctrl Pts',(-9.42718482861906,-2.82786045587178,2.16874628774528));
#2639=CARTESIAN_POINT('Ctrl Pts',(-6.99349304906873,-2.87021602286713,2.28315206769258));
#2640=CARTESIAN_POINT('Ctrl Pts',(-5.57938420618161,-2.9481762105714,0.300235834852435));
#2641=CARTESIAN_POINT('Ctrl Pts',(-6.47979019154027,-3.10696103707808,-1.95847946390179));
#2642=CARTESIAN_POINT('Ctrl Pts',(-8.86351079915419,-3.31754435159228,-2.41811965134642));
#2643=CARTESIAN_POINT('Ctrl Pts',(-10.5367609901106,-3.50331749245567,-0.656455519675115));
#2644=CARTESIAN_POINT('Ctrl Pts',(-9.95839960772978,-3.61046262458161,1.70823397392196));
#2645=CARTESIAN_POINT('Ctrl Pts',(-7.65563414377536,-3.65739023926427,2.50372588945853));
#2646=CARTESIAN_POINT('Ctrl Pts',(-5.73972365974953,-3.71782712752777,0.999274902927339));
#2647=CARTESIAN_POINT('Ctrl Pts',(-5.96655909642046,-3.8530903521673,-1.4231181112747));
#2648=CARTESIAN_POINT('Ctrl Pts',(-8.12368761862121,-4.05576089669812,-2.53822329009602));
#2649=CARTESIAN_POINT('Ctrl Pts',(-10.2254735123529,-4.25649883405712,-1.3216959751788));
#2650=CARTESIAN_POINT('Ctrl Pts',(-10.3371192509489,-4.38773954580233,1.10895197871573));
#2651=CARTESIAN_POINT('Ctrl Pts',(-8.35198618967075,-4.44575912840199,2.52090765356553));
#2652=CARTESIAN_POINT('Ctrl Pts',(-6.08955369027787,-4.49409520124301,1.61713711916573));
#2653=CARTESIAN_POINT('Ctrl Pts',(-5.62403062548512,-4.6051807342473,-0.772148685153701));
#2654=CARTESIAN_POINT('Ctrl Pts',(-7.37897029465386,-4.79380653454923,-2.45213244533341));
#2655=CARTESIAN_POINT('Ctrl Pts',(-9.73819092216087,-5.00353429090557,-1.87956746265975));
#2656=CARTESIAN_POINT('Ctrl Pts',(-10.5304133531752,-5.15854126444818,0.419583436000501));
#2657=CARTESIAN_POINT('Ctrl Pts',(-9.02381566472319,-5.23327167049594,2.33330157772219));
#2658=CARTESIAN_POINT('Ctrl Pts',(-6.59829076552585,-5.27591243123755,2.10362999273905));
#2659=CARTESIAN_POINT('Ctrl Pts',(-5.47786549002852,-5.36412827510216,-0.0584531990437055));
#2660=CARTESIAN_POINT('Ctrl Pts',(-6.68769169324542,-5.53371829371277,-2.16684073214606));
#2661=CARTESIAN_POINT('Ctrl Pts',(-9.11233310478343,-5.74573059418819,-2.28475094661712));
#2662=CARTESIAN_POINT('Ctrl Pts',(-10.5204147845007,-5.92224384659415,-0.303870135966657));
#2663=CARTESIAN_POINT('Ctrl Pts',(-9.61438097724474,-6.0179464055022,1.95614770483446));
#2664=CARTESIAN_POINT('Ctrl Pts',(-7.22244276575749,-6.06176003922335,2.41923344271487));
#2665=CARTESIAN_POINT('Ctrl Pts',(-5.53777201153174,-6.13027199678851,0.65998972860369));
#2666=CARTESIAN_POINT('Ctrl Pts',(-6.10384482636475,-6.27738165171383,-1.70552206325787));
#2667=CARTESIAN_POINT('Ctrl Pts',(-8.39657474628492,-6.48478750139717,-2.50433483682938));
#2668=CARTESIAN_POINT('Ctrl Pts',(-10.3057757813254,-6.67880022729821,-1.00263114499957));
#2669=CARTESIAN_POINT('Ctrl Pts',(-10.0735329939213,-6.79803208709613,1.4200703911404));
#2670=CARTESIAN_POINT('Ctrl Pts',(-7.90915923852882,-6.84979244673306,2.53833613865658));
#2671=CARTESIAN_POINT('Ctrl Pts',(-5.79668451521737,-6.90336516050614,1.32476503634692));
#2672=CARTESIAN_POINT('Ctrl Pts',(-5.67276001221487,-7.02637957814539,-1.10555242499213));
#2673=CARTESIAN_POINT('Ctrl Pts',(-7.6467694707299,-7.2226554640637,-2.52067250298212));
#2674=CARTESIAN_POINT('Ctrl Pts',(-9.90201164974658,-7.42875221298819,-1.61956705333993));
#2675=CARTESIAN_POINT('Ctrl Pts',(-10.361336678165,-7.57213415307036,0.767908723075679));
#2676=CARTESIAN_POINT('Ctrl Pts',(-8.60141329763874,-7.63801823101885,2.45264430499331));
#2677=CARTESIAN_POINT('Ctrl Pts',(-6.22945135527307,-7.68252945142929,1.87904873919066));
#2678=CARTESIAN_POINT('Ctrl Pts',(-5.69820004631886,-7.74887238468909,0.353852221984853));
#2679=CARTESIAN_POINT('Ctrl Pts',(-5.81382800439421,-7.79535752084083,-0.35170403741953));
#2680=CARTESIAN_POINT('Ctrl Pts',(-9.20589073620048,-0.233714197371504,
-2.06555938931312));
#2681=CARTESIAN_POINT('Ctrl Pts',(-9.8921886755422,-0.300127568394912,-1.72957024088823));
#2682=CARTESIAN_POINT('Ctrl Pts',(-10.8906639691705,-0.4198897317289,-0.321236169185361));
#2683=CARTESIAN_POINT('Ctrl Pts',(-9.91584229217657,-0.513190165294015,
2.10133291629462));
#2684=CARTESIAN_POINT('Ctrl Pts',(-7.35251122588717,-0.551018628640068,
2.58714684237865));
#2685=CARTESIAN_POINT('Ctrl Pts',(-5.55489549866683,-0.615586460838048,
0.699592979451531));
#2686=CARTESIAN_POINT('Ctrl Pts',(-6.16836391053535,-0.764351206482357,
-1.83226443038722));
#2687=CARTESIAN_POINT('Ctrl Pts',(-8.62626254926669,-0.977524874922557,
-2.68013128891734));
#2688=CARTESIAN_POINT('Ctrl Pts',(-10.6661650115991,-1.1761017952383,-1.06645379755313));
#2689=CARTESIAN_POINT('Ctrl Pts',(-10.4103809246556,-1.29451157474146,1.52710880623819));
#2690=CARTESIAN_POINT('Ctrl Pts',(-8.08966011850135,-1.34081217505803,2.71773617653723));
#2691=CARTESIAN_POINT('Ctrl Pts',(-5.83182609504252,-1.38930883021718,1.41189185690648));
#2692=CARTESIAN_POINT('Ctrl Pts',(-5.70682684306809,-1.51228571679532,-1.1909604406428));
#2693=CARTESIAN_POINT('Ctrl Pts',(-7.82542681215443,-1.71361081460399,-2.6997698239298));
#2694=CARTESIAN_POINT('Ctrl Pts',(-10.2373729992958,-1.92517978807463,-1.72855760078519));
#2695=CARTESIAN_POINT('Ctrl Pts',(-10.7229572838448,-2.06947872158717,0.830526250025104));
#2696=CARTESIAN_POINT('Ctrl Pts',(-8.83203535325888,-2.13078822936527,2.62667956020738));
#2697=CARTESIAN_POINT('Ctrl Pts',(-6.29754485878593,-2.16962382767174,2.00994497500984));
#2698=CARTESIAN_POINT('Ctrl Pts',(-5.44360862647537,-2.26714567398554,-0.453142008402387));
#2699=CARTESIAN_POINT('Ctrl Pts',(-7.05057981754891,-2.45060430117189,-2.4999687318303));
#2700=CARTESIAN_POINT('Ctrl Pts',(-9.63820150605934,-2.66830799833119,-2.2503040842438));
#2701=CARTESIAN_POINT('Ctrl Pts',(-10.8253835675429,-2.83710726608797,0.0665082314449379));
#2702=CARTESIAN_POINT('Ctrl Pts',(-9.51749091769402,-2.91877660498563,2.32222549902475));
#2703=CARTESIAN_POINT('Ctrl Pts',(-6.91188441270877,-2.95512877748182,2.44472761968808));
#2704=CARTESIAN_POINT('Ctrl Pts',(-5.39801533559547,-3.02960526104224,0.321483114624813));
#2705=CARTESIAN_POINT('Ctrl Pts',(-6.3624561384318,-3.19062623264951,-2.09707837937899));
#2706=CARTESIAN_POINT('Ctrl Pts',(-8.91518371245091,-3.40711140048004,-2.58924667480933));
#2707=CARTESIAN_POINT('Ctrl Pts',(-10.7071618492548,-3.5970306125726,-0.702911979782576));
#2708=CARTESIAN_POINT('Ctrl Pts',(-10.0881849384127,-3.70275741919135,1.82912335802365));
#2709=CARTESIAN_POINT('Ctrl Pts',(-7.62277022547252,-3.74400519694219,2.68091114941517));
#2710=CARTESIAN_POINT('Ctrl Pts',(-5.57158769076882,-3.79971828110528,1.06999222233871));
#2711=CARTESIAN_POINT('Ctrl Pts',(-5.81479027759375,-3.93555305922257,-1.52383023537615));
#2712=CARTESIAN_POINT('Ctrl Pts',(-8.12489015394392,-4.14356548115049,-2.71784988395646));
#2713=CARTESIAN_POINT('Ctrl Pts',(-10.3757308796318,-4.34950852793785,-1.41523059329804));
#2714=CARTESIAN_POINT('Ctrl Pts',(-10.4955919508511,-4.48103612541993,1.18743099491131));
#2715=CARTESIAN_POINT('Ctrl Pts',(-8.37028805169279,-4.53416083450047,2.69930884348983));
#2716=CARTESIAN_POINT('Ctrl Pts',(-5.94806061210286,-4.57691674506896,1.73157970333652));
#2717=CARTESIAN_POINT('Ctrl Pts',(-5.44990743239548,-4.68686280935179,-0.826792592492006));
#2718=CARTESIAN_POINT('Ctrl Pts',(-7.32935610015937,-4.87983655969333,-2.62566650774967));
#2719=CARTESIAN_POINT('Ctrl Pts',(-9.85584986395763,-5.09540562268425,-2.01258188363914));
#2720=CARTESIAN_POINT('Ctrl Pts',(-10.7044511101372,-5.25238138783548,0.449276782422413));
#2721=CARTESIAN_POINT('Ctrl Pts',(-9.09154787824067,-5.3233995225049,2.49842614201518));
#2722=CARTESIAN_POINT('Ctrl Pts',(-6.49468621257126,-5.36005707151909,2.25250101279975));
#2723=CARTESIAN_POINT('Ctrl Pts',(-5.29528428760521,-5.44551499001236,-0.0625898520660736));
#2724=CARTESIAN_POINT('Ctrl Pts',(-6.59104255430735,-5.61810582240389,-2.32018508985965));
#2725=CARTESIAN_POINT('Ctrl Pts',(-9.18758684162765,-5.83612110357947,-2.4464396490893));
#2726=CARTESIAN_POINT('Ctrl Pts',(-10.695630853994,-6.01612511756174,-0.325374610262762));
#2727=CARTESIAN_POINT('Ctrl Pts',(-9.72579258851954,-6.10959957569179,2.09458160490872));
#2728=CARTESIAN_POINT('Ctrl Pts',(-7.1648944945546,-6.14751300030358,2.59043928767098));
#2729=CARTESIAN_POINT('Ctrl Pts',(-5.3613162093492,-6.21187261538857,0.70669629984767));
#2730=CARTESIAN_POINT('Ctrl Pts',(-5.96776354003453,-6.3603921794753,-1.82621952914757));
#2731=CARTESIAN_POINT('Ctrl Pts',(-8.42306113972691,-6.57347501763079,-2.68156319115936));
#2732=CARTESIAN_POINT('Ctrl Pts',(-10.4676880394334,-6.77221691893504,-1.07358598107622));
#2733=CARTESIAN_POINT('Ctrl Pts',(-10.2193240635775,-6.8908858144271,1.52056683225253));
#2734=CARTESIAN_POINT('Ctrl Pts',(-7.90209485130745,-6.93730834388886,2.71797071865546));
#2735=CARTESIAN_POINT('Ctrl Pts',(-5.64043749470098,-6.98567148531247,1.41851684773127));
#2736=CARTESIAN_POINT('Ctrl Pts',(-5.5080573402211,-7.10839062509558,-1.18379085941605));
#2737=CARTESIAN_POINT('Ctrl Pts',(-7.6220790669733,-7.30955584715901,-2.69905705162095));
#2738=CARTESIAN_POINT('Ctrl Pts',(-10.0372359695639,-7.52123694128378,-1.73418160063181));
#2739=CARTESIAN_POINT('Ctrl Pts',(-10.5293811188567,-7.66576498524168,0.822252574091457));
#2740=CARTESIAN_POINT('Ctrl Pts',(-8.6452246818172,-7.72731074926042,2.62621459101826));
#2741=CARTESIAN_POINT('Ctrl Pts',(-6.10571655024282,-7.76597112781827,2.01202645081896));
#2742=CARTESIAN_POINT('Ctrl Pts',(-5.53707885626224,-7.83100849974444,0.378893860209965));
#2743=CARTESIAN_POINT('Ctrl Pts',(-5.66099441901708,-7.87778304542884,-0.376593651558326));
#2744=CARTESIAN_POINT('Ctrl Pts',(-9.26943832706571,-0.323695919137423,
-2.2020751695661));
#2745=CARTESIAN_POINT('Ctrl Pts',(-10.0011925283221,-0.391696657805109,
-1.84388001680599));
#2746=CARTESIAN_POINT('Ctrl Pts',(-11.0658541801504,-0.513770099697295,
-0.342467127979742));
#2747=CARTESIAN_POINT('Ctrl Pts',(-10.0268986841287,-0.604830930951518,
2.24021302021387));
#2748=CARTESIAN_POINT('Ctrl Pts',(-7.29444693673393,-0.636753569976403,
2.75813508490689));
#2749=CARTESIAN_POINT('Ctrl Pts',(-5.37831775253624,-0.697182821061608,
0.74583008207056));
#2750=CARTESIAN_POINT('Ctrl Pts',(-6.03262471357465,-0.847373680267854,
-1.95336141246297));
#2751=CARTESIAN_POINT('Ctrl Pts',(-8.65326293847588,-1.06623034028388,-2.85726500677603));
#2752=CARTESIAN_POINT('Ctrl Pts',(-10.8282790206375,-1.26952553217287,-1.13693725739941));
#2753=CARTESIAN_POINT('Ctrl Pts',(-10.5558833394663,-1.38735522202312,1.62803761578652));
#2754=CARTESIAN_POINT('Ctrl Pts',(-8.08207631199094,-1.42830993369257,2.89735525531138));
#2755=CARTESIAN_POINT('Ctrl Pts',(-5.67531234480414,-1.47160584061637,1.50520581315275));
#2756=CARTESIAN_POINT('Ctrl Pts',(-5.54234525577669,-1.59430448419344,-1.26967272296493));
#2757=CARTESIAN_POINT('Ctrl Pts',(-7.8012600756973,-1.80052948456436,-2.87820148071202));
#2758=CARTESIAN_POINT('Ctrl Pts',(-10.3729087856271,-2.01767539302055,-1.84280044986729));
#2759=CARTESIAN_POINT('Ctrl Pts',(-10.890879574097,-2.16310528817115,0.885416920140584));
#2760=CARTESIAN_POINT('Ctrl Pts',(-8.87527744583358,-2.22006086750597,2.8002805767124));
#2761=CARTESIAN_POINT('Ctrl Pts',(-6.1735723849789,-2.25305720448415,2.14278511891889));
#2762=CARTESIAN_POINT('Ctrl Pts',(-5.26349182592411,-2.34861844770546,-0.483090813148684));
#2763=CARTESIAN_POINT('Ctrl Pts',(-6.97696358866295,-2.53579615680566,-2.66519524809489));
#2764=CARTESIAN_POINT('Ctrl Pts',(-9.73589844561304,-2.75948224163095,-2.39902990614776));
#2765=CARTESIAN_POINT('Ctrl Pts',(-11.0018366135753,-2.93103173322815,0.0709038557759979));
#2766=CARTESIAN_POINT('Ctrl Pts',(-9.60779700676898,-3.00969275409948,2.47570471030423));
#2767=CARTESIAN_POINT('Ctrl Pts',(-6.83027577634882,-3.04004153209652,2.60630317168357));
#2768=CARTESIAN_POINT('Ctrl Pts',(-5.21664646500932,-3.11103431151309,0.342730394397192));
#2769=CARTESIAN_POINT('Ctrl Pts',(-6.24512208532335,-3.27429142822093,-2.23567729485618));
#2770=CARTESIAN_POINT('Ctrl Pts',(-8.96685662574761,-3.4966784493678,-2.76037369827225));
#2771=CARTESIAN_POINT('Ctrl Pts',(-10.877562708399,-3.69074373268953,-0.749368439890038));
#2772=CARTESIAN_POINT('Ctrl Pts',(-10.2179702690956,-3.7950522138011,1.95001274212533));
#2773=CARTESIAN_POINT('Ctrl Pts',(-7.5899063071697,-3.83062015462009,2.85809640937181));
#2774=CARTESIAN_POINT('Ctrl Pts',(-5.40345172178811,-3.88160943468279,1.14070954175009));
#2775=CARTESIAN_POINT('Ctrl Pts',(-5.66302145876706,-4.01801576627785,-1.6245423594776));
#2776=CARTESIAN_POINT('Ctrl Pts',(-8.12609268926663,-4.23137006560286,-2.8974764778169));
#2777=CARTESIAN_POINT('Ctrl Pts',(-10.5259882469106,-4.44251822181859,-1.50876521141727));
#2778=CARTESIAN_POINT('Ctrl Pts',(-10.6540646507533,-4.5743327050375,1.2659100111069));
#2779=CARTESIAN_POINT('Ctrl Pts',(-8.38858991371487,-4.62256254059898,2.87771003341413));
#2780=CARTESIAN_POINT('Ctrl Pts',(-5.80656753392783,-4.65973828889489,1.84602228750731));
#2781=CARTESIAN_POINT('Ctrl Pts',(-5.27578423930584,-4.7685448844563,-0.881436499830308));
#2782=CARTESIAN_POINT('Ctrl Pts',(-7.27974190566489,-4.96586658483743,-2.79920057016592));
#2783=CARTESIAN_POINT('Ctrl Pts',(-9.97350880575437,-5.18727695446293,-2.14559630461853));
#2784=CARTESIAN_POINT('Ctrl Pts',(-10.8784888670992,-5.34622151122277,0.478970128844322));
#2785=CARTESIAN_POINT('Ctrl Pts',(-9.15928009175814,-5.41352737451387,2.66355070630817));
#2786=CARTESIAN_POINT('Ctrl Pts',(-6.3910816596167,-5.44420171180062,2.40137203286045));
#2787=CARTESIAN_POINT('Ctrl Pts',(-5.11270308518186,-5.52690170492258,-0.0667265050884403));
#2788=CARTESIAN_POINT('Ctrl Pts',(-6.49439341536933,-5.70249335109501,-2.47352944757324));
#2789=CARTESIAN_POINT('Ctrl Pts',(-9.26284057847184,-5.92651161297077,-2.60812835156147));
#2790=CARTESIAN_POINT('Ctrl Pts',(-10.8708469234874,-6.11000638852932,-0.346879084558871));
#2791=CARTESIAN_POINT('Ctrl Pts',(-9.83720419979431,-6.20125274588138,2.23301550498298));
#2792=CARTESIAN_POINT('Ctrl Pts',(-7.10734622335174,-6.23326596138381,2.76164513262708));
#2793=CARTESIAN_POINT('Ctrl Pts',(-5.18486040716664,-6.29347323398863,0.753402871091657));
#2794=CARTESIAN_POINT('Ctrl Pts',(-5.83168225370433,-6.44340270723679,-1.94691699503727));
#2795=CARTESIAN_POINT('Ctrl Pts',(-8.4495475331689,-6.66216253386439,-2.85879154548932));
#2796=CARTESIAN_POINT('Ctrl Pts',(-10.6296002975414,-6.86563361057189,-1.14454081715289));
#2797=CARTESIAN_POINT('Ctrl Pts',(-10.3651151332336,-6.98373954175807,1.62106327336467));
#2798=CARTESIAN_POINT('Ctrl Pts',(-7.89503046408608,-7.02482424104466,2.89760529865433));
#2799=CARTESIAN_POINT('Ctrl Pts',(-5.48419047418459,-7.06797781011881,1.51226865911563));
#2800=CARTESIAN_POINT('Ctrl Pts',(-5.34335466822733,-7.19040167204576,-1.26202929383997));
#2801=CARTESIAN_POINT('Ctrl Pts',(-7.5973886632167,-7.39645623025434,-2.87744160025978));
#2802=CARTESIAN_POINT('Ctrl Pts',(-10.1724602893812,-7.61372166957934,-1.8487961479237));
#2803=CARTESIAN_POINT('Ctrl Pts',(-10.6974255595484,-7.75939581741301,0.876596425107236));
#2804=CARTESIAN_POINT('Ctrl Pts',(-8.68903606599562,-7.81660326750199,2.79978487704321));
#2805=CARTESIAN_POINT('Ctrl Pts',(-5.98198174521257,-7.84941280420726,2.14500416244726));
#2806=CARTESIAN_POINT('Ctrl Pts',(-5.37595766620563,-7.9131446147998,0.403935498435075));
#2807=CARTESIAN_POINT('Ctrl Pts',(-5.50816083363995,-7.96020857001685,-0.401483265697121));
#2808=CARTESIAN_POINT('',(-8.28709607117887,-7.79396335390007,2.38657259511107));
#2809=CARTESIAN_POINT('Ctrl Pts',(-8.28709607117887,-7.79396335390007,2.38657259511107));
#2810=CARTESIAN_POINT('Ctrl Pts',(-8.34034663150091,-7.78041512216907,2.35751408090442));
#2811=CARTESIAN_POINT('Ctrl Pts',(-8.39341051222354,-7.76756336220559,2.3277599647395));
#2812=CARTESIAN_POINT('Ctrl Pts',(-8.44619317293266,-7.75548374435736,2.2972310407748));
#2813=CARTESIAN_POINT('Ctrl Pts',(-8.47776078520394,-7.74825931331324,2.27897267293525));
#2814=CARTESIAN_POINT('Ctrl Pts',(-8.50922878833277,-7.74131110022776,2.26043703118136));
#2815=CARTESIAN_POINT('Ctrl Pts',(-8.54058538956117,-7.73465558692918,2.24160416786688));
#2816=CARTESIAN_POINT('Ctrl Pts',(-8.59314041057696,-7.72350065853849,2.21003947371936));
#2817=CARTESIAN_POINT('Ctrl Pts',(-8.64537958243358,-7.71316785775571,2.17763991913695));
#2818=CARTESIAN_POINT('Ctrl Pts',(-8.69733411975495,-7.70373781340218,2.14446642401271));
#2819=CARTESIAN_POINT('Ctrl Pts',(-8.74929162538306,-7.69430723028409,2.11129103359473));
#2820=CARTESIAN_POINT('Ctrl Pts',(-8.8009650363716,-7.68577952674152,2.07734276922368));
#2821=CARTESIAN_POINT('Ctrl Pts',(-8.85243286447826,-7.67823699688175,2.04266188028939));
#2822=CARTESIAN_POINT('Ctrl Pts',(-8.89483933322368,-7.67202239509019,2.01408686388093));
#2823=CARTESIAN_POINT('Ctrl Pts',(-8.93710731675763,-7.66647664501117,1.98501434735384));
#2824=CARTESIAN_POINT('Ctrl Pts',(-8.97930002031797,-7.66164645199306,1.95544841537285));
#2825=CARTESIAN_POINT('Ctrl Pts',(-9.03966667506067,-7.65473571696875,1.91314734771337));
#2826=CARTESIAN_POINT('Ctrl Pts',(-9.09955093239287,-7.64930528354094,1.8700253679479));
#2827=CARTESIAN_POINT('Ctrl Pts',(-9.15907545928033,-7.64543133906113,1.82609656106023));
#2828=CARTESIAN_POINT('Ctrl Pts',(-9.18131553942347,-7.64398392166521,1.80968349174477));
#2829=CARTESIAN_POINT('Ctrl Pts',(-9.20350569964389,-7.64275379821482,1.79315734496969));
#2830=CARTESIAN_POINT('Ctrl Pts',(-9.22565312664928,-7.64174497003214,1.7765171803814));
#2831=CARTESIAN_POINT('Ctrl Pts',(-9.23122884935306,-7.64149099261973,1.77232793783567));
#2832=CARTESIAN_POINT('Ctrl Pts',(-9.23680075901288,-7.64125108271615,1.76813227756577));
#2833=CARTESIAN_POINT('Ctrl Pts',(-9.24236896976153,-7.64102528471183,1.76393018164649));
#2834=CARTESIAN_POINT('Ctrl Pts',(-9.24425737528942,-7.64094870747387,1.76250508092368));
#2835=CARTESIAN_POINT('Ctrl Pts',(-9.24614534376133,-7.64087375380202,1.76107924873351));
#2836=CARTESIAN_POINT('Ctrl Pts',(-9.24803287963687,-7.64080042535954,1.75965268430807));
#2837=CARTESIAN_POINT('Ctrl Pts',(-9.24921515067213,-7.6407544955869,1.75875914590067));
#2838=CARTESIAN_POINT('Ctrl Pts',(-9.25039725010082,-7.64070920350227,1.75786532164731));
#2839=CARTESIAN_POINT('Ctrl Pts',(-9.25157917902036,-7.64066454950737,1.75697121135169));
#2840=CARTESIAN_POINT('Ctrl Pts',(-9.25266698943768,-7.64062345136685,1.75614830019542));
#2841=CARTESIAN_POINT('Ctrl Pts',(-9.25375465423658,-7.64058289378321,1.75532514763428));
#2842=CARTESIAN_POINT('Ctrl Pts',(-9.25484217426992,-7.64054287706573,1.75450175351357));
#2843=CARTESIAN_POINT('Ctrl Pts',(-9.2562599335003,-7.64049070876646,1.75342832536595));
#2844=CARTESIAN_POINT('Ctrl Pts',(-9.25767744446716,-7.64043945977092,1.75235448836745));
#2845=CARTESIAN_POINT('Ctrl Pts',(-9.25909470906429,-7.64038913075442,1.75128024216299));
#2846=CARTESIAN_POINT('Ctrl Pts',(-9.2620906526766,-7.64028274067328,1.74900940222188));
#2847=CARTESIAN_POINT('Ctrl Pts',(-9.26508547777376,-7.64018046217975,1.74673674709279));
#2848=CARTESIAN_POINT('Ctrl Pts',(-9.26807920224127,-7.64008230148851,1.74446227327135));
#2849=CARTESIAN_POINT('Ctrl Pts',(-9.30139425519265,-7.63898994023027,1.71915125463209));
#2850=CARTESIAN_POINT('Ctrl Pts',(-9.33455490408326,-7.63840815416652,1.69362919936592));
#2851=CARTESIAN_POINT('Ctrl Pts',(-9.36758552224085,-7.6383436104191,1.66788970747386));
#2852=CARTESIAN_POINT('Ctrl Pts',(-9.42657343691118,-7.63822834460581,1.62192269153299));
#2853=CARTESIAN_POINT('Ctrl Pts',(-9.48493242870753,-7.63976368058678,1.57543328641093));
#2854=CARTESIAN_POINT('Ctrl Pts',(-9.54280195720589,-7.64294797635955,1.5283619390136));
#2855=CARTESIAN_POINT('Ctrl Pts',(-9.57942890175463,-7.64496338978561,1.49856940958242));
#2856=CARTESIAN_POINT('Ctrl Pts',(-9.61585870497727,-7.64763932488312,1.46854334347416));
#2857=CARTESIAN_POINT('Ctrl Pts',(-9.65211592207188,-7.65097498805446,1.43826865477409));
#2858=CARTESIAN_POINT('Ctrl Pts',(-9.70166903534033,-7.65553387337991,1.39689192488311));
#2859=CARTESIAN_POINT('Ctrl Pts',(-9.75060329459354,-7.6613027470166,1.35531241881851));
#2860=CARTESIAN_POINT('Ctrl Pts',(-9.79900192178878,-7.66822942089571,1.31346185973382));
#2861=CARTESIAN_POINT('Ctrl Pts',(-9.84795813982841,-7.67523589559069,1.27112914877973));
#2862=CARTESIAN_POINT('Ctrl Pts',(-9.89636547645796,-7.6834269725596,1.22851795944905));
#2863=CARTESIAN_POINT('Ctrl Pts',(-9.9442619354016,-7.692746958467,1.18558233940575));
#2864=CARTESIAN_POINT('Ctrl Pts',(-9.99196978978179,-7.70203024454498,1.1428157893533));
#2865=CARTESIAN_POINT('Ctrl Pts',(-10.0391696909265,-7.71243352823023,1.09972653202779));
#2866=CARTESIAN_POINT('Ctrl Pts',(-10.0858664561818,-7.72390062824237,1.05630823683028));
#2867=CARTESIAN_POINT('Ctrl Pts',(-10.123344040766,-7.73310381840536,1.02146186531242));
#2868=CARTESIAN_POINT('Ctrl Pts',(-10.160496684215,-7.74299220836716,0.98640420037521));
#2869=CARTESIAN_POINT('Ctrl Pts',(-10.1973188862582,-7.75353647578487,0.951155011599581));
#2870=CARTESIAN_POINT('',(-8.74678541989654,-7.46475847508457,-2.25632136567839));
#2871=CARTESIAN_POINT('Ctrl Pts',(-10.1529747215644,-7.64487901147615,-1.05019432719152));
#2872=CARTESIAN_POINT('Ctrl Pts',(-10.1484913869499,-7.64315479694324,-1.05487789630711));
#2873=CARTESIAN_POINT('Ctrl Pts',(-10.144003146117,-7.64144003182355,-1.0595595817352));
#2874=CARTESIAN_POINT('Ctrl Pts',(-10.1395099205125,-7.63973480629581,-1.06423932789323));
#2875=CARTESIAN_POINT('Ctrl Pts',(-10.0952909941595,-7.62295326700443,-1.11029384839321));
#2876=CARTESIAN_POINT('Ctrl Pts',(-10.0506759219589,-7.6071372762095,-1.15611486702754));
#2877=CARTESIAN_POINT('Ctrl Pts',(-10.005572102628,-7.59234604339194,-1.20160308457889));
#2878=CARTESIAN_POINT('Ctrl Pts',(-9.95971631527376,-7.57730821207632,-1.24784967881636));
#2879=CARTESIAN_POINT('Ctrl Pts',(-9.91335644279638,-7.56332963119699,-1.29375308072182));
#2880=CARTESIAN_POINT('Ctrl Pts',(-9.86636063795252,-7.55047131524072,-1.33925145431289));
#2881=CARTESIAN_POINT('Ctrl Pts',(-9.81936483310865,-7.53761299928444,-1.38474982790396));
#2882=CARTESIAN_POINT('Ctrl Pts',(-9.77173399984924,-7.52587497981786,-1.42984432965162));
#2883=CARTESIAN_POINT('Ctrl Pts',(-9.72328700024302,-7.51531655005897,-1.47450033257196));
#2884=CARTESIAN_POINT('Ctrl Pts',(-9.67346675714445,-7.50445883871249,-1.52042212214375));
#2885=CARTESIAN_POINT('Ctrl Pts',(-9.62278235985375,-7.49484849928119,-1.56587985790625));
#2886=CARTESIAN_POINT('Ctrl Pts',(-9.57118410352705,-7.48655515432655,-1.61102188845599));
#2887=CARTESIAN_POINT('Ctrl Pts',(-9.56513028434511,-7.48558212898921,-1.61631822422213));
#2888=CARTESIAN_POINT('Ctrl Pts',(-9.55906382971648,-7.48462723065878,-1.62161023343496));
#2889=CARTESIAN_POINT('Ctrl Pts',(-9.55298461391911,-7.48369057019145,-1.6268981681182));
#2890=CARTESIAN_POINT('Ctrl Pts',(-9.5156413272926,-7.47793687078864,-1.65938078875881));
#2891=CARTESIAN_POINT('Ctrl Pts',(-9.47795184868019,-7.47288708182655,-1.69157921515348));
#2892=CARTESIAN_POINT('Ctrl Pts',(-9.43989804599652,-7.46854787389933,-1.723540919009));
#2893=CARTESIAN_POINT('Ctrl Pts',(-9.43654588846558,-7.46816563329509,-1.72635642386594));
#2894=CARTESIAN_POINT('Ctrl Pts',(-9.43319112340375,-7.46778893159708,-1.72916990129692));
#2895=CARTESIAN_POINT('Ctrl Pts',(-9.42983373701631,-7.4674177708027,-1.73198138303282));
#2896=CARTESIAN_POINT('Ctrl Pts',(-9.4285157425353,-7.46727206583399,-1.73308507411383));
#2897=CARTESIAN_POINT('Ctrl Pts',(-9.42719734803538,-7.4671272151978,-1.73418845433007));
#2898=CARTESIAN_POINT('Ctrl Pts',(-9.42587855268639,-7.46698321899896,-1.73529152558355));
#2899=CARTESIAN_POINT('Ctrl Pts',(-9.42492306020094,-7.46687889099536,-1.73609072183067));
#2900=CARTESIAN_POINT('Ctrl Pts',(-9.42396735832442,-7.46677501162183,-1.73688975503628));
#2901=CARTESIAN_POINT('Ctrl Pts',(-9.42301144672252,-7.46667158091297,-1.73768862593632));
#2902=CARTESIAN_POINT('Ctrl Pts',(-9.42199206458197,-7.46656128262054,-1.73854054019962));
#2903=CARTESIAN_POINT('Ctrl Pts',(-9.42097244494864,-7.46645149466073,-1.73939226904624));
#2904=CARTESIAN_POINT('Ctrl Pts',(-9.41995258742498,-7.46634221707312,-1.74024381335938));
#2905=CARTESIAN_POINT('Ctrl Pts',(-9.41859506312394,-7.46619675853867,-1.74137729727423));
#2906=CARTESIAN_POINT('Ctrl Pts',(-9.4172371194678,-7.46605220451427,-1.74251045244501));
#2907=CARTESIAN_POINT('Ctrl Pts',(-9.41587875552657,-7.46590855508504,-1.74364328094061));
#2908=CARTESIAN_POINT('Ctrl Pts',(-9.41289810674531,-7.46559334611697,-1.74612903882353));
#2909=CARTESIAN_POINT('Ctrl Pts',(-9.40991545316009,-7.46528249469715,-1.74861320810731));
#2910=CARTESIAN_POINT('Ctrl Pts',(-9.40693078487367,-7.46497600153857,-1.75109581055319));
#2911=CARTESIAN_POINT('Ctrl Pts',(-9.37127493483649,-7.46131453130096,-1.78075381339226));
#2912=CARTESIAN_POINT('Ctrl Pts',(-9.33535599889836,-7.45827757255377,-1.81016854909006));
#2913=CARTESIAN_POINT('Ctrl Pts',(-9.29915598658165,-7.45586349756516,-1.83937553169837));
#2914=CARTESIAN_POINT('Ctrl Pts',(-9.24565243104737,-7.45229549891127,-1.88254340143004));
#2915=CARTESIAN_POINT('Ctrl Pts',(-9.19173723738344,-7.450102240362,-1.92509770971061));
#2916=CARTESIAN_POINT('Ctrl Pts',(-9.13734324720177,-7.44924504180261,-1.96714528478687));
#2917=CARTESIAN_POINT('Ctrl Pts',(-9.08262280466612,-7.44838269865857,-2.00944521365841));
#2918=CARTESIAN_POINT('Ctrl Pts',(-9.02741658904543,-7.44887245836063,-2.05123174599287));
#2919=CARTESIAN_POINT('Ctrl Pts',(-8.97167678434547,-7.45067565810593,-2.09256572062017));
#2920=CARTESIAN_POINT('Ctrl Pts',(-8.96487833342971,-7.45089559007422,-2.09760712683194));
#2921=CARTESIAN_POINT('Ctrl Pts',(-8.95807198271943,-7.45113506223057,-2.10264174952859));
#2922=CARTESIAN_POINT('Ctrl Pts',(-8.95125767949173,-7.45139400561362,-2.10766965827514));
#2923=CARTESIAN_POINT('Ctrl Pts',(-8.89922734274711,-7.45337115734398,-2.14606005219545));
#2924=CARTESIAN_POINT('Ctrl Pts',(-8.84693797916424,-7.45647518235084,-2.18390900089848));
#2925=CARTESIAN_POINT('Ctrl Pts',(-8.7943431821324,-7.46064225159016,-2.22125381602601));
#2926=CARTESIAN_POINT('Ctrl Pts',(-8.77833947575819,-7.46191022021654,-2.23261721106941));
#2927=CARTESIAN_POINT('Ctrl Pts',(-8.76230772402035,-7.46327662235885,-2.24393364388328));
#2928=CARTESIAN_POINT('Ctrl Pts',(-8.74624727827382,-7.46473968276501,-2.25520348556755));
#2929=CARTESIAN_POINT('Ctrl Pts',(-8.74624727827383,-7.46473968276501,-2.25520348556755));
#2930=CARTESIAN_POINT('Ctrl Pts',(-8.73835939724893,-7.47391596293105,-2.27664689932148));
#2931=CARTESIAN_POINT('Ctrl Pts',(-8.73040589159887,-7.48314240692996,-2.29805450474452));
#2932=CARTESIAN_POINT('Ctrl Pts',(-8.72239128291655,-7.49241255202134,-2.31941937598061));
#2933=CARTESIAN_POINT('Ctrl Pts',(-9.35716425091213,-0.326759375902519,
1.62485717295622));
#2934=CARTESIAN_POINT('Ctrl Pts',(-9.39673675149065,-0.328141278073433,
1.60294654660077));
#2935=CARTESIAN_POINT('Ctrl Pts',(-9.43542442972136,-0.329492281567099,
1.57964457973393));
#2936=CARTESIAN_POINT('Ctrl Pts',(-9.47314563728869,-0.330809535161508,
1.55497154557716));
#2937=CARTESIAN_POINT('Ctrl Pts',(-9.53259035747334,-0.332885390532577,
1.51608939661793));
#2938=CARTESIAN_POINT('Ctrl Pts',(-9.58963616454763,-0.334877474011889,
1.47380515798144));
#2939=CARTESIAN_POINT('Ctrl Pts',(-9.64421199716232,-0.336783304082447,
1.4284723461257));
#2940=CARTESIAN_POINT('Ctrl Pts',(-9.70028040470042,-0.338741256017855,
1.38189974341489));
#2941=CARTESIAN_POINT('Ctrl Pts',(-9.75374246231066,-0.340608192208217,
1.33210911111465));
#2942=CARTESIAN_POINT('Ctrl Pts',(-9.80450099057598,-0.34238071907351,1.2794329375563));
#2943=CARTESIAN_POINT('Ctrl Pts',(-9.85430147624874,-0.344119790354266,
1.22775100121496));
#2944=CARTESIAN_POINT('Ctrl Pts',(-9.90149992789276,-0.345767996604494,
1.17329064238077));
#2945=CARTESIAN_POINT('Ctrl Pts',(-9.94597840783477,-0.347321219349893,
1.11632722696291));
#2946=CARTESIAN_POINT('Ctrl Pts',(-9.95371602814146,-0.347591423005037,
1.10641768687857));
#2947=CARTESIAN_POINT('Ctrl Pts',(-9.96136628037061,-0.347858575699684,
1.09643864837666));
#2948=CARTESIAN_POINT('Ctrl Pts',(-9.96892596711263,-0.348122565777832,
1.08639560955809));
#2949=CARTESIAN_POINT('Ctrl Pts',(-10.014757080616,-0.349723023528032,1.02550900569214));
#2950=CARTESIAN_POINT('Ctrl Pts',(-10.0572950599648,-0.351208482499518,
0.962231033548431));
#2951=CARTESIAN_POINT('Ctrl Pts',(-10.0964523654261,-0.352575885737449,
0.896941242876253));
#2952=CARTESIAN_POINT('Ctrl Pts',(-10.1363978486589,-0.353970812749659,
0.830337266738255));
#2953=CARTESIAN_POINT('Ctrl Pts',(-10.172825847801,-0.355242906510745,0.76163898731689));
#2954=CARTESIAN_POINT('Ctrl Pts',(-10.205613202633,-0.356387866171078,0.691203890657572));
#2955=CARTESIAN_POINT('Ctrl Pts',(-10.2402821634789,-0.357598532961297,
0.616726653296629));
#2956=CARTESIAN_POINT('Ctrl Pts',(-10.2708817826649,-0.358667095209426,
0.540306829282041));
#2957=CARTESIAN_POINT('Ctrl Pts',(-10.2972186065263,-0.359586797364635,
0.462327165815837));
#2958=CARTESIAN_POINT('Ctrl Pts',(-10.3039682432369,-0.35982249987236,0.442342432577499));
#2959=CARTESIAN_POINT('Ctrl Pts',(-10.3104376143251,-0.360048415288885,
0.422255088154902));
#2960=CARTESIAN_POINT('Ctrl Pts',(-10.316622847537,-0.360264408392133,0.402071282860924));
#2961=CARTESIAN_POINT('Ctrl Pts',(-10.3210111946716,-0.360417652850868,
0.387751120453054));
#2962=CARTESIAN_POINT('Ctrl Pts',(-10.3252569509395,-0.36056591792682,0.373380446577166));
#2963=CARTESIAN_POINT('Ctrl Pts',(-10.3293528794763,-0.360708950903106,
0.35898291454394));
#2964=CARTESIAN_POINT('Ctrl Pts',(-10.3513473507695,-0.36147701476523,0.281670504877024));
#2965=CARTESIAN_POINT('Ctrl Pts',(-10.3690668350569,-0.362095792791542,
0.203453624828075));
#2966=CARTESIAN_POINT('Ctrl Pts',(-10.3823924580517,-0.362561133800478,
0.124712886604606));
#2967=CARTESIAN_POINT('Ctrl Pts',(-10.3956637617787,-0.363024577938781,
0.0462931194348071));
#2968=CARTESIAN_POINT('Ctrl Pts',(-10.4045775033772,-0.363335852654452,
-0.0326471974061316));
#2969=CARTESIAN_POINT('Ctrl Pts',(-10.4089739984677,-0.363489381646079,
-0.111760389428738));
#2970=CARTESIAN_POINT('Ctrl Pts',(-10.4117459315609,-0.363586179682673,
-0.161640230201989));
#2971=CARTESIAN_POINT('Ctrl Pts',(-10.4127213270862,-0.363620241244976,
-0.21158930914124));
#2972=CARTESIAN_POINT('Ctrl Pts',(-10.4118499531939,-0.363589812198144,
-0.261523705958824));
#2973=CARTESIAN_POINT('Ctrl Pts',(-10.411003017953,-0.363560236567823,-0.310057637001113));
#2974=CARTESIAN_POINT('Ctrl Pts',(-10.4084114368157,-0.363469736560305,
-0.358577784305406));
#2975=CARTESIAN_POINT('Ctrl Pts',(-10.4041222304088,-0.363319954172067,
-0.407023596022787));
#2976=CARTESIAN_POINT('Ctrl Pts',(-10.4027711158195,-0.363272772210939,
-0.422284191291278));
#2977=CARTESIAN_POINT('Ctrl Pts',(-10.4012514918735,-0.363219705773405,
-0.437537411333477));
#2978=CARTESIAN_POINT('Ctrl Pts',(-10.3995646679351,-0.363160800583481,
-0.452781360243187));
#2979=CARTESIAN_POINT('Ctrl Pts',(-10.3981943119263,-0.363112946697175,
-0.465165365776526));
#2980=CARTESIAN_POINT('Ctrl Pts',(-10.396714077589,-0.363061255775089,-0.477538569803376));
#2981=CARTESIAN_POINT('Ctrl Pts',(-10.3951260477347,-0.363005800550601,
-0.489891988326233));
#2982=CARTESIAN_POINT('Ctrl Pts',(-10.3851817906805,-0.362658539442246,
-0.567249204852331));
#2983=CARTESIAN_POINT('Ctrl Pts',(-10.3710044993354,-0.362163457519162,
-0.643923739291948));
#2984=CARTESIAN_POINT('Ctrl Pts',(-10.3528632665285,-0.361529951710019,
-0.719662985125341));
#2985=CARTESIAN_POINT('Ctrl Pts',(-10.3340238120214,-0.360872063461825,
-0.798317291118693));
#2986=CARTESIAN_POINT('Ctrl Pts',(-10.3109094331433,-0.36006489156508,-0.875963649166641));
#2987=CARTESIAN_POINT('Ctrl Pts',(-10.2837656565708,-0.359117010000253,
-0.9523269208752));
#2988=CARTESIAN_POINT('Ctrl Pts',(-10.2610070363984,-0.358322261471265,
-1.01635348295964));
#2989=CARTESIAN_POINT('Ctrl Pts',(-10.235414681296,-0.357428556737981,-1.07947843319462));
#2990=CARTESIAN_POINT('Ctrl Pts',(-10.207105125399,-0.35643996526209,-1.14153761524898));
#2991=CARTESIAN_POINT('Ctrl Pts',(-10.1914069660156,-0.355891773456816,
-1.17595055110149));
#2992=CARTESIAN_POINT('Ctrl Pts',(-10.1748728522338,-0.355314389480693,
-1.21003570692104));
#2993=CARTESIAN_POINT('Ctrl Pts',(-10.1575195120227,-0.354708397487268,
-1.24376421332462));
#2994=CARTESIAN_POINT('Ctrl Pts',(-10.1488984720197,-0.354407344136543,
-1.26052034208195));
#2995=CARTESIAN_POINT('Ctrl Pts',(-10.1400752096204,-0.354099229024135,
-1.27718843564584));
#2996=CARTESIAN_POINT('Ctrl Pts',(-10.131051581599,-0.353784116990018,-1.29376486866429));
#2997=CARTESIAN_POINT('Ctrl Pts',(-10.1240729632398,-0.353540418266925,
-1.30658461250988));
#2998=CARTESIAN_POINT('Ctrl Pts',(-10.1169786034461,-0.353292677763877,
-1.31934194394693));
#2999=CARTESIAN_POINT('Ctrl Pts',(-10.1097720078907,-0.353041017901668,
-1.33203151317838));
#3000=CARTESIAN_POINT('Ctrl Pts',(-10.0681414905967,-0.351587248203421,
-1.4053356589827));
#3001=CARTESIAN_POINT('Ctrl Pts',(-10.0227475012173,-0.350002055163993,
-1.4764202309298));
#3002=CARTESIAN_POINT('Ctrl Pts',(-9.97383305938377,-0.348293925215907,
-1.54498958697606));
#3003=CARTESIAN_POINT('Ctrl Pts',(-9.92687294754084,-0.346654041974933,
-1.61081931963232));
#3004=CARTESIAN_POINT('Ctrl Pts',(-9.87666742801554,-0.344900826600377,
-1.67433149779912));
#3005=CARTESIAN_POINT('Ctrl Pts',(-9.82338923090094,-0.343040310960002,
-1.73525140594826));
#3006=CARTESIAN_POINT('Ctrl Pts',(-9.80948080925631,-0.342554618173756,
-1.75115471752743));
#3007=CARTESIAN_POINT('Ctrl Pts',(-9.79536278498084,-0.342061605902354,
-1.766881267938));
#3008=CARTESIAN_POINT('Ctrl Pts',(-9.7810378105405,-0.341561366771947,-1.78242592705251));
#3009=CARTESIAN_POINT('Ctrl Pts',(-9.76766275384944,-0.3410942995003,-1.79693978868386));
#3010=CARTESIAN_POINT('Ctrl Pts',(-9.75410541429081,-0.340620866770652,
-1.81129682127538));
#3011=CARTESIAN_POINT('Ctrl Pts',(-9.74038472752469,-0.340141729830824,
-1.82547585186783));
#3012=CARTESIAN_POINT('Ctrl Pts',(-9.68028952601685,-0.338043159151408,
-1.88757855234951));
#3013=CARTESIAN_POINT('Ctrl Pts',(-9.61700059289555,-0.3358330609065,-1.94633956925413));
#3014=CARTESIAN_POINT('Ctrl Pts',(-9.55074377437405,-0.333519321819653,
-2.00144372653855));
#3015=CARTESIAN_POINT('Ctrl Pts',(-9.48542021100396,-0.331238172720825,
-2.05577171859502));
#3016=CARTESIAN_POINT('Ctrl Pts',(-9.41721124612166,-0.328856263180899,
-2.10654599079954));
#3017=CARTESIAN_POINT('Ctrl Pts',(-9.34629151453848,-0.326379691581866,
-2.15343699312656));
#3018=CARTESIAN_POINT('Ctrl Pts',(-9.32101618580952,-0.325497057653493,
-2.17014863982612));
#3019=CARTESIAN_POINT('Ctrl Pts',(-9.29539619305962,-0.324602387792294,
-2.18636673022303));
#3020=CARTESIAN_POINT('Ctrl Pts',(-9.26943832706571,-0.323695919137423,
-2.2020751695661));
#3021=CARTESIAN_POINT('',(-5.96666158977134,-7.71293199625283,-0.326814423280735));
#3022=CARTESIAN_POINT('Ctrl Pts',(-9.9399124063962,-7.43046950010985,0.00148253945040326));
#3023=CARTESIAN_POINT('Ctrl Pts',(-9.94107768644239,-7.44357205995717,0.206284896341141));
#3024=CARTESIAN_POINT('Ctrl Pts',(-9.81584006092391,-7.49470785195717,1.0748220282793));
#3025=CARTESIAN_POINT('Ctrl Pts',(-8.5576019134603,-7.54872571277728,2.27907401896836));
#3026=CARTESIAN_POINT('Ctrl Pts',(-6.35318616030332,-7.59908777504029,1.74607102756236));
#3027=CARTESIAN_POINT('Ctrl Pts',(-5.85932123637548,-7.66673626963374,0.328810583759743));
#3028=CARTESIAN_POINT('Ctrl Pts',(-5.96666158977134,-7.71293199625283,-0.326814423280735));
#3029=CARTESIAN_POINT('Ctrl Pts',(-5.96666158977134,-7.71293199625283,-0.326814423280707));
#3030=CARTESIAN_POINT('Ctrl Pts',(-5.94727605921306,-7.71225503860873,-0.257983594337435));
#3031=CARTESIAN_POINT('Ctrl Pts',(-5.93194670469444,-7.71171972575312,-0.188236010670893));
#3032=CARTESIAN_POINT('Ctrl Pts',(-5.92049799296235,-7.71131992792975,-0.11788039038012));
#3033=CARTESIAN_POINT('Ctrl Pts',(-5.90874981665885,-7.7109096725731,-0.0456844743276947));
#3034=CARTESIAN_POINT('Ctrl Pts',(-5.90108779288828,-7.71064210880717,0.0271523990662925));
#3035=CARTESIAN_POINT('Ctrl Pts',(-5.89737070494864,-7.71051230523605,0.100321599479735));
#3036=CARTESIAN_POINT('Ctrl Pts',(-5.89581880042595,-7.71045811153594,0.130870140403867));
#3037=CARTESIAN_POINT('Ctrl Pts',(-5.89495512524506,-7.71042795133404,0.161476841747901));
#3038=CARTESIAN_POINT('Ctrl Pts',(-5.8947719016413,-7.7104215530248,0.192120013710376));
#3039=CARTESIAN_POINT('Ctrl Pts',(-5.89468334618262,-7.71041846060004,0.206930442566841));
#3040=CARTESIAN_POINT('Ctrl Pts',(-5.89475385082552,-7.71042092267643,0.221744086760762));
#3041=CARTESIAN_POINT('Ctrl Pts',(-5.89498203446613,-7.71042889102474,0.236550741690833));
#3042=CARTESIAN_POINT('Ctrl Pts',(-5.89614923390858,-7.71046965052742,0.312289385059112));
#3043=CARTESIAN_POINT('Ctrl Pts',(-5.90143754328785,-7.71065432236026,0.387904662055916));
#3044=CARTESIAN_POINT('Ctrl Pts',(-5.91068485468088,-7.71097724558983,0.463063002129144));
#3045=CARTESIAN_POINT('Ctrl Pts',(-5.91740171001052,-7.71121180334651,0.517654837056272));
#3046=CARTESIAN_POINT('Ctrl Pts',(-5.92620839135182,-7.71151933943561,0.572006166103726));
#3047=CARTESIAN_POINT('Ctrl Pts',(-5.93705941524575,-7.71189826553976,0.625993227840534));
#3048=CARTESIAN_POINT('Ctrl Pts',(-5.94298520521529,-7.71210519868534,0.655475790228356));
#3049=CARTESIAN_POINT('Ctrl Pts',(-5.94952092121353,-7.71233343091719,0.684849754888872));
#3050=CARTESIAN_POINT('Ctrl Pts',(-5.95666088576674,-7.71258276397353,0.714095045654282));
#3051=CARTESIAN_POINT('Ctrl Pts',(-5.96106048128773,-7.71273640123458,0.732115786416099));
#3052=CARTESIAN_POINT('Ctrl Pts',(-5.96569086648345,-7.71289809784865,0.750092099957204));
#3053=CARTESIAN_POINT('Ctrl Pts',(-5.97054286066332,-7.71306753321898,0.767990961771293));
#3054=CARTESIAN_POINT('Ctrl Pts',(-5.99094840573229,-7.71378011055469,0.843266408915382));
#3055=CARTESIAN_POINT('Ctrl Pts',(-6.01528898828965,-7.71463010242747,0.917259413592384));
#3056=CARTESIAN_POINT('Ctrl Pts',(-6.04340199327481,-7.71561183019428,0.989631624890695));
#3057=CARTESIAN_POINT('Ctrl Pts',(-6.07187390138987,-7.71660609113455,1.06292777203887));
#3058=CARTESIAN_POINT('Ctrl Pts',(-6.10421519206358,-7.71773547389123,1.13456250636367));
#3059=CARTESIAN_POINT('Ctrl Pts',(-6.14030945703895,-7.71899591339841,1.2041876208148));
#3060=CARTESIAN_POINT('Ctrl Pts',(-6.17602858189851,-7.72024325272408,1.27308909749368));
#3061=CARTESIAN_POINT('Ctrl Pts',(-6.21542329046053,-7.72161894626097,1.34002353375435));
#3062=CARTESIAN_POINT('Ctrl Pts',(-6.25842976004913,-7.72312076527212,1.40464130080303));
#3063=CARTESIAN_POINT('Ctrl Pts',(-6.27551459883033,-7.72371738098901,1.43031148817223));
#3064=CARTESIAN_POINT('Ctrl Pts',(-6.29316996465411,-7.72433391994923,1.45561584601137));
#3065=CARTESIAN_POINT('Ctrl Pts',(-6.31139392232185,-7.72497031457418,1.48053136052371));
#3066=CARTESIAN_POINT('Ctrl Pts',(-6.31867839832903,-7.72522469408169,1.49049058403492));
#3067=CARTESIAN_POINT('Ctrl Pts',(-6.32605305646531,-7.72548222281855,1.50038661753254));
#3068=CARTESIAN_POINT('Ctrl Pts',(-6.33351004337636,-7.72574262653957,1.51020818726611));
#3069=CARTESIAN_POINT('Ctrl Pts',(-6.36866564850594,-7.72697028732264,1.55651150406474));
#3070=CARTESIAN_POINT('Ctrl Pts',(-6.4056935121098,-7.72826332881233,1.60121997776162));
#3071=CARTESIAN_POINT('Ctrl Pts',(-6.4445415676554,-7.72961993280524,1.64420122700287));
#3072=CARTESIAN_POINT('Ctrl Pts',(-6.49581930302488,-7.73141059078213,1.70093459739909));
#3073=CARTESIAN_POINT('Ctrl Pts',(-6.55026638581078,-7.7333119248096,1.75466026538419));
#3074=CARTESIAN_POINT('Ctrl Pts',(-6.60751968788772,-7.73531125417407,1.80534966529534));
#3075=CARTESIAN_POINT('Ctrl Pts',(-6.6638313005012,-7.73727769901785,1.85520533733275));
#3076=CARTESIAN_POINT('Ctrl Pts',(-6.7228583132643,-7.73933896772434,1.90212405083996));
#3077=CARTESIAN_POINT('Ctrl Pts',(-6.78429449000518,-7.74148436629076,1.94605337560582));
#3078=CARTESIAN_POINT('Ctrl Pts',(-6.8128284208487,-7.74248079311244,1.96645627795696));
#3079=CARTESIAN_POINT('Ctrl Pts',(-6.84188252983907,-7.74349538495528,1.98621395005117));
#3080=CARTESIAN_POINT('Ctrl Pts',(-6.87142842211191,-7.74452715024877,2.00531900645108));
#3081=CARTESIAN_POINT('Ctrl Pts',(-6.89425593919362,-7.74532430471085,2.02007980627016));
#3082=CARTESIAN_POINT('Ctrl Pts',(-6.91737704584762,-7.74613171154671,2.03445101360043));
#3083=CARTESIAN_POINT('Ctrl Pts',(-6.94077913321249,-7.7469489304452,2.04842861381614));
#3084=CARTESIAN_POINT('Ctrl Pts',(-6.95436840061136,-7.7474234781196,2.0565452123043));
#3085=CARTESIAN_POINT('Ctrl Pts',(-6.9680548539642,-7.74790141960229,2.06453033987563));
#3086=CARTESIAN_POINT('Ctrl Pts',(-6.98181499090481,-7.74838193417257,2.07237147824735));
#3087=CARTESIAN_POINT('Ctrl Pts',(-7.05240785848068,-7.75084709142895,2.11259843566125));
#3088=CARTESIAN_POINT('Ctrl Pts',(-7.12504720495119,-7.75338371330308,2.14910615223648));
#3089=CARTESIAN_POINT('Ctrl Pts',(-7.1993396647528,-7.75597806316679,2.18185985217722));
#3090=CARTESIAN_POINT('Ctrl Pts',(-7.27523338909791,-7.75862833042051,2.2153195098763));
#3091=CARTESIAN_POINT('Ctrl Pts',(-7.35285298165619,-7.76133886632028,2.24486211257008));
#3092=CARTESIAN_POINT('Ctrl Pts',(-7.43181957365042,-7.76409644047686,2.27041448281908));
#3093=CARTESIAN_POINT('Ctrl Pts',(-7.50064682236918,-7.76649994096412,2.29268591809401));
#3094=CARTESIAN_POINT('Ctrl Pts',(-7.57049836032067,-7.76893921041957,2.31192565112337));
#3095=CARTESIAN_POINT('Ctrl Pts',(-7.6411406593634,-7.77140609386081,2.32805886473663));
#3096=CARTESIAN_POINT('Ctrl Pts',(-7.67482995487696,-7.77258254998377,2.33575279044921));
#3097=CARTESIAN_POINT('Ctrl Pts',(-7.70869928503073,-7.77376529305491,2.34273980808404));
#3098=CARTESIAN_POINT('Ctrl Pts',(-7.74272412067163,-7.77495346649732,2.34900960089436));
#3099=CARTESIAN_POINT('Ctrl Pts',(-7.75856784661297,-7.77550674159881,2.35192914119852));
#3100=CARTESIAN_POINT('Ctrl Pts',(-7.77444529648313,-7.77606119436584,2.35469314346526));
#3101=CARTESIAN_POINT('Ctrl Pts',(-7.79035401672947,-7.77661673911848,2.35730045349666));
#3102=CARTESIAN_POINT('Ctrl Pts',(-7.80298260247128,-7.77705773905017,2.35937017612533));
#3103=CARTESIAN_POINT('Ctrl Pts',(-7.81563075465605,-7.77749942225712,2.36134106351547));
#3104=CARTESIAN_POINT('Ctrl Pts',(-7.8282837190523,-7.77794127351018,2.36321073041498));
#3105=CARTESIAN_POINT('Ctrl Pts',(-7.91349552621222,-7.78091693538599,2.37580206397955));
#3106=CARTESIAN_POINT('Ctrl Pts',(-7.99908067756822,-7.78390563472841,2.38383272542038));
#3107=CARTESIAN_POINT('Ctrl Pts',(-8.08463593906678,-7.78689329029401,2.38723378690023));
#3108=CARTESIAN_POINT('Ctrl Pts',(-8.15220317879121,-7.78925279029762,2.38991977408911));
#3109=CARTESIAN_POINT('Ctrl Pts',(-8.21975267856071,-7.79161167080835,2.38971753948855));
#3110=CARTESIAN_POINT('Ctrl Pts',(-8.28709607117735,-7.79396335389871,2.38657259510888));
#3111=CARTESIAN_POINT('Origin',(-5.43478148874009,-7.69435833384747,0.));
#3112=CARTESIAN_POINT('',(-8.14182810851794,-7.78889048486015,2.49127390983651));
#3113=CARTESIAN_POINT('Ctrl Pts',(-8.14182810851794,-7.78889048486015,2.49127390983651));
#3114=CARTESIAN_POINT('Ctrl Pts',(-8.21309141258564,-7.79137905427611,2.43805911902213));
#3115=CARTESIAN_POINT('Ctrl Pts',(-8.28503358587998,-7.79389133032646,2.38393749390241));
#3116=CARTESIAN_POINT('',(-7.60664321952363,-7.77020141671611,-1.96779569448552));
#3117=CARTESIAN_POINT('Origin',(-7.93325855628783,-7.78160707560372,0.));
#3118=CARTESIAN_POINT('',(-8.92974265328295,-7.8164050670593,-1.89130204845505));
#3119=CARTESIAN_POINT('Ctrl Pts',(-8.92974265328031,-7.81640506705699,-1.89130204845154));
#3120=CARTESIAN_POINT('Ctrl Pts',(-8.8580281262511,-7.81390074058939,-1.92016190036073));
#3121=CARTESIAN_POINT('Ctrl Pts',(-8.78473112562743,-7.81134115292617,-1.94476150068455));
#3122=CARTESIAN_POINT('Ctrl Pts',(-8.71021387446481,-7.80873895317516,-1.96514528942009));
#3123=CARTESIAN_POINT('Ctrl Pts',(-8.63548899863132,-7.80612950301088,-1.98558587275502));
#3124=CARTESIAN_POINT('Ctrl Pts',(-8.55953598405493,-7.80347716529666,-2.00178691802581));
#3125=CARTESIAN_POINT('Ctrl Pts',(-8.48272595835726,-7.80079490009462,-2.0137415465068));
#3126=CARTESIAN_POINT('Ctrl Pts',(-8.45437299030024,-7.79980479263269,-2.01815437147824));
#3127=CARTESIAN_POINT('Ctrl Pts',(-8.42590338673885,-7.7988106121692,-2.02198809847801));
#3128=CARTESIAN_POINT('Ctrl Pts',(-8.3973364654739,-7.79781303329662,-2.02524069236188));
#3129=CARTESIAN_POINT('Ctrl Pts',(-8.38515288560251,-7.79738757331235,-2.02662789950981));
#3130=CARTESIAN_POINT('Ctrl Pts',(-8.37295147609056,-7.79696149070331,-2.02790932129474));
#3131=CARTESIAN_POINT('Ctrl Pts',(-8.3607480614645,-7.79653533807414,-2.02908361964692));
#3132=CARTESIAN_POINT('Ctrl Pts',(-8.28545861955647,-7.7939061728281,-2.0363284990744));
#3133=CARTESIAN_POINT('Ctrl Pts',(-8.20995605732887,-7.79126956525652,-2.03951656933299));
#3134=CARTESIAN_POINT('Ctrl Pts',(-8.13458318194195,-7.7886374864492,-2.03870153613515));
#3135=CARTESIAN_POINT('Ctrl Pts',(-8.05944797367398,-7.78601370716056,-2.03788907291478));
#3136=CARTESIAN_POINT('Ctrl Pts',(-7.98444061684239,-7.78339439254246,-2.03309842633366));
#3137=CARTESIAN_POINT('Ctrl Pts',(-7.90991269332492,-7.78079182010461,-2.0243327524193));
#3138=CARTESIAN_POINT('Ctrl Pts',(-7.83715785705344,-7.77825116523776,-2.01577562187884));
#3139=CARTESIAN_POINT('Ctrl Pts',(-7.76485910399042,-7.77572643714751,-2.0034299539239));
#3140=CARTESIAN_POINT('Ctrl Pts',(-7.69336829275154,-7.77322992300745,-1.98725620372911));
#3141=CARTESIAN_POINT('Ctrl Pts',(-7.66358795630911,-7.77218997074316,-1.98051883826927));
#3142=CARTESIAN_POINT('Ctrl Pts',(-7.63394818610541,-7.77115492716009,-1.97311672738051));
#3143=CARTESIAN_POINT('Ctrl Pts',(-7.60447622556394,-7.77012574361955,-1.96504500267545));
#3144=CARTESIAN_POINT('',(-8.4507410148868,-7.79967796125648,-2.2587572106361));
#3145=CARTESIAN_POINT('Ctrl Pts',(-8.92974265328295,-7.8164050670593,-1.89130204845505));
#3146=CARTESIAN_POINT('Ctrl Pts',(-8.68647566392333,-7.80790999659836,-2.07994506351142));
#3147=CARTESIAN_POINT('Ctrl Pts',(-8.4507410148868,-7.79967796125648,-2.2587572106361));
#3148=CARTESIAN_POINT('',(-8.4507410148868,-7.79967796125648,-2.44578930984132));
#3149=CARTESIAN_POINT('',(-8.4507410148868,-7.79967796125648,-3.18717487122964));
#3150=CARTESIAN_POINT('Origin',(-7.93325855628783,-7.78160707560372,0.));
#3151=CARTESIAN_POINT('Origin',(-7.8198351920047,-11.0296272634158,0.));
#3152=CARTESIAN_POINT('',(-5.39053688903881,-11.8864498897048,0.707106781186549));
#3153=CARTESIAN_POINT('Ctrl Pts',(-5.39053688903882,-11.8864498897048,0.707106781186545));
#3154=CARTESIAN_POINT('Ctrl Pts',(-5.40906349149651,-11.8179997275931,0.761794201123526));
#3155=CARTESIAN_POINT('Ctrl Pts',(-5.42942338734706,-11.7492506443376,0.815762737114535));
#3156=CARTESIAN_POINT('Ctrl Pts',(-5.67858368740855,-10.9723477637118,1.41438323255813));
#3157=CARTESIAN_POINT('Ctrl Pts',(-6.09725953458339,-10.2393067869415,1.86788267458957));
#3158=CARTESIAN_POINT('Ctrl Pts',(-6.86003047058476,-9.18817272843191,2.30034195633134));
#3159=CARTESIAN_POINT('Ctrl Pts',(-7.18452354953076,-8.78715899045791,2.42003419624699));
#3160=CARTESIAN_POINT('Ctrl Pts',(-7.73018845674651,-8.19045525901056,2.50019063598282));
#3161=CARTESIAN_POINT('Ctrl Pts',(-7.93420797265852,-7.98158855451606,2.50809251003158));
#3162=CARTESIAN_POINT('Ctrl Pts',(-8.14182810851794,-7.78889048486015,2.49127390983652));
#3163=CARTESIAN_POINT('',(-6.80926694637637,-9.26735580697031,-2.2587572106361));
#3164=CARTESIAN_POINT('Ctrl Pts',(-8.4507410148868,-7.79967796125648,-2.44578930984132));
#3165=CARTESIAN_POINT('Ctrl Pts',(-8.27485925721102,-7.99024110895875,-2.4815945524191));
#3166=CARTESIAN_POINT('Ctrl Pts',(-8.09413336717455,-8.1729372460579,-2.5));
#3167=CARTESIAN_POINT('Ctrl Pts',(-7.61372997520571,-8.62855355301929,-2.5));
#3168=CARTESIAN_POINT('Ctrl Pts',(-7.27141373448707,-8.91917644849748,-2.44674598825358));
#3169=CARTESIAN_POINT('Ctrl Pts',(-6.8946484733172,-9.20416893642724,-2.29678983100319));
#3170=CARTESIAN_POINT('Ctrl Pts',(-6.85182317966892,-9.23608725974313,-2.27841407363013));
#3171=CARTESIAN_POINT('Ctrl Pts',(-6.80926694637637,-9.26735580697031,-2.2587572106361));
#3172=CARTESIAN_POINT('',(-5.39053688903882,-11.8864498897048,-0.707106781186546));
#3173=CARTESIAN_POINT('Ctrl Pts',(-6.80926694637637,-9.26735580697031,-2.2587572106361));
#3174=CARTESIAN_POINT('Ctrl Pts',(-6.73304326880308,-9.36617241660524,-2.22425796603658));
#3175=CARTESIAN_POINT('Ctrl Pts',(-6.65997102214456,-9.46386401405498,-2.18691659978636));
#3176=CARTESIAN_POINT('Ctrl Pts',(-6.09725953458339,-10.2393067869415,-1.86788267458957));
#3177=CARTESIAN_POINT('Ctrl Pts',(-5.67858368740854,-10.9723477637118,-1.41438323255813));
#3178=CARTESIAN_POINT('Ctrl Pts',(-5.42942338734705,-11.7492506443376,-0.815762737114533));
#3179=CARTESIAN_POINT('Ctrl Pts',(-5.40906349149651,-11.8179997275931,-0.761794201123523));
#3180=CARTESIAN_POINT('Ctrl Pts',(-5.39053688903882,-11.8864498897048,-0.707106781186544));
#3181=CARTESIAN_POINT('Ctrl Pts',(-5.39053688903882,-11.8864498897048,-0.707106781186543));
#3182=CARTESIAN_POINT('Ctrl Pts',(-5.36720230482366,-11.9726640822953,-0.638227006336107));
#3183=CARTESIAN_POINT('Ctrl Pts',(-5.34384726783421,-12.0495757111867,-0.557335675614077));
#3184=CARTESIAN_POINT('Ctrl Pts',(-5.30628431668024,-12.1674180932961,-0.380865373826438));
#3185=CARTESIAN_POINT('Ctrl Pts',(-5.2917074393677,-12.210238436008,-0.28784533428344));
#3186=CARTESIAN_POINT('Ctrl Pts',(-5.2753423735756,-12.2579229253849,-0.0932095131941236));
#3187=CARTESIAN_POINT('Ctrl Pts',(-5.27333269117761,-12.2635897821845,0.00416019513145524));
#3188=CARTESIAN_POINT('Ctrl Pts',(-5.28252032097494,-12.2370598309749,0.207726608269276));
#3189=CARTESIAN_POINT('Ctrl Pts',(-5.29472973972432,-12.2019029712966,0.308627536527817));
#3190=CARTESIAN_POINT('Ctrl Pts',(-5.33328136038939,-12.0838767757609,0.520169964410783));
#3191=CARTESIAN_POINT('Ctrl Pts',(-5.36195048081284,-11.9920679749272,0.622724503609537));
#3192=CARTESIAN_POINT('Ctrl Pts',(-5.39053688903882,-11.8864498897048,0.707106781186546));
#3193=CARTESIAN_POINT('Ctrl Pts',(-6.77959672177998,0.0265390386123998,
1.99324250386969));
#3194=CARTESIAN_POINT('Ctrl Pts',(-6.11904615985061,0.00745402525038125,
1.52161650037008));
#3195=CARTESIAN_POINT('Ctrl Pts',(-5.31336495558993,-0.0487148616773941,
-0.119210236174069));
#3196=CARTESIAN_POINT('Ctrl Pts',(-6.72014304369481,-0.224296476836541,
-2.48845889222966));
#3197=CARTESIAN_POINT('Ctrl Pts',(-9.46616043000488,-0.446645358822601,
-2.59385733642561));
#3198=CARTESIAN_POINT('Ctrl Pts',(-11.0549651623507,-0.628583484466644,
-0.350278565132907));
#3199=CARTESIAN_POINT('Ctrl Pts',(-10.0426656391906,-0.719689047980156,
2.21277047819918));
#3200=CARTESIAN_POINT('Ctrl Pts',(-7.34280368113703,-0.751863632701827,
2.76805612747402));
#3201=CARTESIAN_POINT('Ctrl Pts',(-5.40025564253176,-0.810484202237437,
0.813385103146732));
#3202=CARTESIAN_POINT('Ctrl Pts',(-5.97263382174283,-0.956927930514171,
-1.87922277553897));
#3203=CARTESIAN_POINT('Ctrl Pts',(-8.53690653953006,-1.17293014882439,-2.86737160857191));
#3204=CARTESIAN_POINT('Ctrl Pts',(-10.7634114425646,-1.3771372551339,-1.2550758882861));
#3205=CARTESIAN_POINT('Ctrl Pts',(-10.6288795092388,-1.49889513831934,1.49552436182298));
#3206=CARTESIAN_POINT('Ctrl Pts',(-8.25131124297413,-1.54232446676062,2.88976651922313));
#3207=CARTESIAN_POINT('Ctrl Pts',(-5.78300618275343,-1.58258519653573,1.66319499711729));
#3208=CARTESIAN_POINT('Ctrl Pts',(-5.45854747377486,-1.69771069056829,-1.07178714584528));
#3209=CARTESIAN_POINT('Ctrl Pts',(-7.56819871601974,-1.8978371771251,-2.83472807431475));
#3210=CARTESIAN_POINT('Ctrl Pts',(-10.1946477087144,-2.11601063879922,-2.02676325370626));
#3211=CARTESIAN_POINT('Ctrl Pts',(-10.951882763517,-2.26890971141745,0.619339787095905));
#3212=CARTESIAN_POINT('Ctrl Pts',(-9.14914248715849,-2.33241247559164,2.70374306521195));
#3213=CARTESIAN_POINT('Ctrl Pts',(-6.41739070807172,-2.36347344322387,2.33603400208213));
#3214=CARTESIAN_POINT('Ctrl Pts',(-5.23014183539662,-2.44846964083024,-0.15030038057599));
#3215=CARTESIAN_POINT('Ctrl Pts',(-6.66015044222298,-2.62486248357883,-2.50032240796934));
#3216=CARTESIAN_POINT('Ctrl Pts',(-9.40649511587592,-2.84722279469075,-2.58272074197614));
#3217=CARTESIAN_POINT('Ctrl Pts',(-10.9744264718696,-3.02843200597068,-0.322765612757493));
#3218=CARTESIAN_POINT('Ctrl Pts',(-9.93793648150358,-3.11869281975501,2.22991614208869));
#3219=CARTESIAN_POINT('Ctrl Pts',(-7.2330515558464,-3.15069199858282,2.76021441869019));
#3220=CARTESIAN_POINT('Ctrl Pts',(-5.30891973749867,-3.20995567670096,0.787184455219603));
#3221=CARTESIAN_POINT('Ctrl Pts',(-5.9065986821513,-3.35728292717564,-1.89976869451448));
#3222=CARTESIAN_POINT('Ctrl Pts',(-8.48003383637261,-3.57360510481656,-2.86375982172499));
#3223=CARTESIAN_POINT('Ctrl Pts',(-10.6912930751419,-3.77727982079851,-1.23051401650025));
#3224=CARTESIAN_POINT('Ctrl Pts',(-10.5309133913663,-3.89813508064862,1.51872497522632));
#3225=CARTESIAN_POINT('Ctrl Pts',(-8.14034825967596,-3.94111054854825,2.89058288723339));
#3226=CARTESIAN_POINT('Ctrl Pts',(-5.6836788785213,-3.98177760518991,1.64087715648777));
#3227=CARTESIAN_POINT('Ctrl Pts',(-5.38493854103121,-4.09780120454491,-1.09699344052939));
#3228=CARTESIAN_POINT('Ctrl Pts',(-7.51106449821186,-4.29850300082445,-2.83996500416783));
#3229=CARTESIAN_POINT('Ctrl Pts',(-10.1298038868461,-4.51640723719229,-2.00727992992698));
#3230=CARTESIAN_POINT('Ctrl Pts',(-10.8621366949964,-4.66843670419535,0.645872604310206));
#3231=CARTESIAN_POINT('Ctrl Pts',(-9.03988640646137,-4.73125816373154,2.71326226431974));
#3232=CARTESIAN_POINT('Ctrl Pts',(-6.31171099223967,-4.76244402077685,2.31990612416275));
#3233=CARTESIAN_POINT('Ctrl Pts',(-5.14788141847507,-4.84825803832213,-0.177448343575164));
#3234=CARTESIAN_POINT('Ctrl Pts',(-6.59991246432763,-5.02541992158761,-2.51386912947876));
#3235=CARTESIAN_POINT('Ctrl Pts',(-9.34690994316858,-5.24780302915901,-2.5703802467216));
#3236=CARTESIAN_POINT('Ctrl Pts',(-10.8935322647151,-5.42826811255893,-0.295729884681466));
#3237=CARTESIAN_POINT('Ctrl Pts',(-9.83309754433687,-5.51769275794594,2.24712747810897));
#3238=CARTESIAN_POINT('Ctrl Pts',(-7.12334790059815,-5.549522057075,2.75199193630221));
#3239=CARTESIAN_POINT('Ctrl Pts',(-5.2178443957279,-5.6094362502341,0.760985204939496));
#3240=CARTESIAN_POINT('Ctrl Pts',(-5.84074804766781,-5.75764436689745,-1.92018339967208));
#3241=CARTESIAN_POINT('Ctrl Pts',(-8.42313106731557,-5.97427901088437,-2.85987591661148));
#3242=CARTESIAN_POINT('Ctrl Pts',(-10.6189387759721,-6.17741414754497,-1.20585260408752));
#3243=CARTESIAN_POINT('Ctrl Pts',(-10.4327359721676,-6.29736764417299,1.5417950871734));
#3244=CARTESIAN_POINT('Ctrl Pts',(-8.02936844547662,-6.33989604258786,2.89114360630315));
#3245=CARTESIAN_POINT('Ctrl Pts',(-5.58458119755118,-6.38097803246509,1.61841044587828));
#3246=CARTESIAN_POINT('Ctrl Pts',(-5.31152953456157,-6.49789870010088,-1.12209352101278));
#3247=CARTESIAN_POINT('Ctrl Pts',(-7.45404832692758,-6.69917294679922,-2.84496949911548));
#3248=CARTESIAN_POINT('Ctrl Pts',(-10.0646416227609,-6.91679271533812,-1.98758256960372));
#3249=CARTESIAN_POINT('Ctrl Pts',(-10.7724000866829,-7.06796402733096,0.672277791376644));
#3250=CARTESIAN_POINT('Ctrl Pts',(-8.93004463035852,-7.1300833989372,2.7226773873193));
#3251=CARTESIAN_POINT('Ctrl Pts',(-6.20714272019498,-7.16145341080211,2.30331027837306));
#3252=CARTESIAN_POINT('Ctrl Pts',(-5.06400729764852,-7.24799008403193,-0.204061284276279));
#3253=CARTESIAN_POINT('Ctrl Pts',(-6.54362781821793,-7.42611541298438,-2.52832184825583));
#3254=CARTESIAN_POINT('Ctrl Pts',(-8.36637102568917,-7.57407090292073,-2.54581180911724));
#3255=CARTESIAN_POINT('Ctrl Pts',(-9.08166787325513,-7.64120156652556,-2.16770301043171));
#3256=CARTESIAN_POINT('Ctrl Pts',(-6.86485203123246,-0.0642007333904959,
1.86967312739704));
#3257=CARTESIAN_POINT('Ctrl Pts',(-6.24516059757778,-0.0847125789526287,
1.42728517750485));
#3258=CARTESIAN_POINT('Ctrl Pts',(-5.489244629618,-0.14261930622597,-0.111819898809423));
#3259=CARTESIAN_POINT('Ctrl Pts',(-6.8085372759875,-0.315145862440393,-2.33418899627188));
#3260=CARTESIAN_POINT('Ctrl Pts',(-9.38404421748028,-0.531540388487051,
-2.4330533534186));
#3261=CARTESIAN_POINT('Ctrl Pts',(-10.8740789208483,-0.710029388716467,
-0.328563342925268));
#3262=CARTESIAN_POINT('Ctrl Pts',(-9.924262618312,-0.803316914374486,2.07559165136939));
#3263=CARTESIAN_POINT('Ctrl Pts',(-7.39150288104591,-0.841326837229835,
2.59645283833624));
#3264=CARTESIAN_POINT('Ctrl Pts',(-5.56910802986236,-0.904143248527098,
0.762959984360193));
#3265=CARTESIAN_POINT('Ctrl Pts',(-6.10572868116222,-1.04933829641405,-1.76272195530476));
#3266=CARTESIAN_POINT('Ctrl Pts',(-8.51075806052939,-1.2597796148102,-2.68961134051686));
#3267=CARTESIAN_POINT('Ctrl Pts',(-10.5989592540051,-1.45915704915836,-1.17726852433501));
#3268=CARTESIAN_POINT('Ctrl Pts',(-10.4724940849245,-1.58119662995856,1.40281059893095));
#3269=CARTESIAN_POINT('Ctrl Pts',(-8.24204771569945,-1.62976356825353,2.71061789769882));
#3270=CARTESIAN_POINT('Ctrl Pts',(-5.9264897030108,-1.67535834246606,1.56008663556708));
#3271=CARTESIAN_POINT('Ctrl Pts',(-5.62187210745852,-1.79117670344704,-1.00534261184284));
#3272=CARTESIAN_POINT('Ctrl Pts',(-7.60046388361935,-1.98672649259902,-2.65899151444685));
#3273=CARTESIAN_POINT('Ctrl Pts',(-10.0638149725278,-2.19920444997043,-1.90111578681151));
#3274=CARTESIAN_POINT('Ctrl Pts',(-10.7738324543874,-2.35045464860796,0.580944342905084));
#3275=CARTESIAN_POINT('Ctrl Pts',(-9.08257810194738,-2.41785058703288,2.53612680975792));
#3276=CARTESIAN_POINT('Ctrl Pts',(-6.5199055260239,-2.45481593054462,2.19121355775798));
#3277=CARTESIAN_POINT('Ctrl Pts',(-5.40598571033827,-2.54237283524717,-0.140982636109231));
#3278=CARTESIAN_POINT('Ctrl Pts',(-6.74706871914723,-2.71566032768548,-2.34531704342714));
#3279=CARTESIAN_POINT('Ctrl Pts',(-9.32288265808195,-2.93206557431905,-2.42260716268543));
#3280=CARTESIAN_POINT('Ctrl Pts',(-10.7933380123402,-3.10987084861141,-0.302756032669843));
#3281=CARTESIAN_POINT('Ctrl Pts',(-9.82083091007122,-3.20236599408237,2.09167438438525));
#3282=CARTESIAN_POINT('Ctrl Pts',(-7.28335959981285,-3.24021138518331,2.58909726962971));
#3283=CARTESIAN_POINT('Ctrl Pts',(-5.47823927095004,-3.30363103609262,0.738383623353118));
#3284=CARTESIAN_POINT('Ctrl Pts',(-6.03859218822197,-3.4496548329691,-1.78199414747988));
#3285=CARTESIAN_POINT('Ctrl Pts',(-8.45221598655673,-3.66039627508894,-2.68622346332858));
#3286=CARTESIAN_POINT('Ctrl Pts',(-10.5261166577775,-3.85927432419581,-1.15422934493389));
#3287=CARTESIAN_POINT('Ctrl Pts',(-10.3754061475878,-3.98046723902789,1.42457291000707));
#3288=CARTESIAN_POINT('Ctrl Pts',(-8.13276864257282,-4.02860845348011,2.71138365566751));
#3289=CARTESIAN_POINT('Ctrl Pts',(-5.82812496490693,-4.07458436467012,1.53915237051627));
#3290=CARTESIAN_POINT('Ctrl Pts',(-5.54763135224134,-4.19124515369671,-1.02898626369185));
#3291=CARTESIAN_POINT('Ctrl Pts',(-7.54167650737497,-4.38733458673367,-2.6639037852806));
#3292=CARTESIAN_POINT('Ctrl Pts',(-9.99779594258011,-4.59956000919305,-1.88284031514573));
#3293=CARTESIAN_POINT('Ctrl Pts',(-10.684454971423,-4.74999451267711,0.60583228064643));
#3294=CARTESIAN_POINT('Ctrl Pts',(-8.97490011344447,-4.81675138336653,2.54505587420022));
#3295=CARTESIAN_POINT('Ctrl Pts',(-6.41558218868311,-4.85383387387824,2.17608551393528));
#3296=CARTESIAN_POINT('Ctrl Pts',(-5.32362981235842,-4.94215789846703,-0.166447584194867));
#3297=CARTESIAN_POINT('Ctrl Pts',(-6.68536999778646,-5.11616675540841,-2.35802394743973));
#3298=CARTESIAN_POINT('Ctrl Pts',(-9.26179627180586,-5.33259338525431,-2.41103170595531));
#3299=CARTESIAN_POINT('Ctrl Pts',(-10.712263627113,-5.5097006632427,-0.277396361598596));
#3300=CARTESIAN_POINT('Ctrl Pts',(-9.71729622803636,-5.60141147786612,2.1078187182439));
#3301=CARTESIAN_POINT('Ctrl Pts',(-7.17526178376307,-5.63909752081599,2.58138453305529));
#3302=CARTESIAN_POINT('Ctrl Pts',(-5.38761492190184,-5.70312735863866,0.713808573347127));
#3303=CARTESIAN_POINT('Ctrl Pts',(-5.97162876215228,-5.84997741315245,-1.80114326032631));
#3304=CARTESIAN_POINT('Ctrl Pts',(-8.3936457105944,-6.06101195053248,-2.68258033761459));
#3305=CARTESIAN_POINT('Ctrl Pts',(-10.4530527561911,-6.25938387107986,-1.13109679584254));
#3306=CARTESIAN_POINT('Ctrl Pts',(-10.2781200083712,-6.37973092673506,1.44621280995389));
#3307=CARTESIAN_POINT('Ctrl Pts',(-8.02347378196247,-6.42745278739561,2.71190961343466));
#3308=CARTESIAN_POINT('Ctrl Pts',(-5.72997561476592,-6.47381790838758,1.5180784645535));
#3309=CARTESIAN_POINT('Ctrl Pts',(-5.4735781290386,-6.59132015270863,-1.05253028599931));
#3310=CARTESIAN_POINT('Ctrl Pts',(-7.48299985946019,-6.78794654758679,-2.66859803081353));
#3311=CARTESIAN_POINT('Ctrl Pts',(-9.93147821197041,-6.99990513755872,-1.86436407594977));
#3312=CARTESIAN_POINT('Ctrl Pts',(-10.5950863621882,-7.14953468662372,0.630600500562552));
#3313=CARTESIAN_POINT('Ctrl Pts',(-8.86667273922516,-7.21563299472822,2.55388731464424));
#3314=CARTESIAN_POINT('Ctrl Pts',(-6.31230139211588,-7.2528882235379,2.16051851351302));
#3315=CARTESIAN_POINT('Ctrl Pts',(-5.23976025067691,-7.34189010338568,-0.1914106782355));
#3316=CARTESIAN_POINT('Ctrl Pts',(-6.62737952476423,-7.51680267801678,-2.3715806821887));
#3317=CARTESIAN_POINT('Ctrl Pts',(-8.33694102904824,-7.66080577578545,-2.38798636777803));
#3318=CARTESIAN_POINT('Ctrl Pts',(-9.00780251303315,-7.72638472230138,-2.03331810299727));
#3319=CARTESIAN_POINT('Ctrl Pts',(-6.95010734068494,-0.154940505393391,
1.74610375092439));
#3320=CARTESIAN_POINT('Ctrl Pts',(-6.37127503530496,-0.176879183155639,
1.33295385463961));
#3321=CARTESIAN_POINT('Ctrl Pts',(-5.66512430364607,-0.236523750774545,
-0.104429561444774));
#3322=CARTESIAN_POINT('Ctrl Pts',(-6.89693150828021,-0.405995248044245,
-2.1799191003141));
#3323=CARTESIAN_POINT('Ctrl Pts',(-9.30192800495566,-0.616435418151502,
-2.27224937041159));
#3324=CARTESIAN_POINT('Ctrl Pts',(-10.6931926793458,-0.791475292966289,
-0.306848120717631));
#3325=CARTESIAN_POINT('Ctrl Pts',(-9.80585959743342,-0.886944780768817,
1.9384128245396));
#3326=CARTESIAN_POINT('Ctrl Pts',(-7.4402020809548,-0.930790041757843,2.42484954919847));
#3327=CARTESIAN_POINT('Ctrl Pts',(-5.73796041719295,-0.997802294816759,
0.712534865573655));
#3328=CARTESIAN_POINT('Ctrl Pts',(-6.23882354058162,-1.14174866231393,-1.64622113507055));
#3329=CARTESIAN_POINT('Ctrl Pts',(-8.48460958152869,-1.34662908079602,-2.51185107246182));
#3330=CARTESIAN_POINT('Ctrl Pts',(-10.4345070654456,-1.54117684318282,-1.09946116038391));
#3331=CARTESIAN_POINT('Ctrl Pts',(-10.3161086606103,-1.66349812159777,1.31009683603893));
#3332=CARTESIAN_POINT('Ctrl Pts',(-8.23278418842478,-1.71720266974645,2.53146927617452));
#3333=CARTESIAN_POINT('Ctrl Pts',(-6.06997322326816,-1.76813148839639,1.45697827401688));
#3334=CARTESIAN_POINT('Ctrl Pts',(-5.78519674114217,-1.88464271632579,-0.938898077840414));
#3335=CARTESIAN_POINT('Ctrl Pts',(-7.63272905121896,-2.07561580807293,-2.48325495457894));
#3336=CARTESIAN_POINT('Ctrl Pts',(-9.93298223634115,-2.28239826114164,-1.77546831991676));
#3337=CARTESIAN_POINT('Ctrl Pts',(-10.5957821452579,-2.43199958579847,0.54254889871426));
#3338=CARTESIAN_POINT('Ctrl Pts',(-9.01601371673625,-2.50328869847412,2.36851055430389));
#3339=CARTESIAN_POINT('Ctrl Pts',(-6.62242034397609,-2.54615841786538,2.04639311343383));
#3340=CARTESIAN_POINT('Ctrl Pts',(-5.58182958527991,-2.6362760296641,-0.131664891642472));
#3341=CARTESIAN_POINT('Ctrl Pts',(-6.83398699607148,-2.80645817179213,-2.19031167888495));
#3342=CARTESIAN_POINT('Ctrl Pts',(-9.23927020028798,-3.01690835394735,-2.26249358339471));
#3343=CARTESIAN_POINT('Ctrl Pts',(-10.6122495528108,-3.19130969125212,-0.282746452582193));
#3344=CARTESIAN_POINT('Ctrl Pts',(-9.70372533863886,-3.28603916840975,1.95343262668181));
#3345=CARTESIAN_POINT('Ctrl Pts',(-7.33366764377932,-3.32973077178381,2.41798012056924));
#3346=CARTESIAN_POINT('Ctrl Pts',(-5.6475588044014,-3.39730639548429,0.689582791486633));
#3347=CARTESIAN_POINT('Ctrl Pts',(-6.17058569429265,-3.54202673876256,-1.66421960044528));
#3348=CARTESIAN_POINT('Ctrl Pts',(-8.42439813674085,-3.74718744536132,-2.50868710493218));
#3349=CARTESIAN_POINT('Ctrl Pts',(-10.3609402404131,-3.94126882759311,-1.07794467336753));
#3350=CARTESIAN_POINT('Ctrl Pts',(-10.2198989038093,-4.06279939740716,1.33042084478783));
#3351=CARTESIAN_POINT('Ctrl Pts',(-8.12518902546971,-4.11610635841197,2.53218442410162));
#3352=CARTESIAN_POINT('Ctrl Pts',(-5.97257105129254,-4.16739112415034,1.43742758454479));
#3353=CARTESIAN_POINT('Ctrl Pts',(-5.71032416345149,-4.2846891028485,-0.960979086854316));
#3354=CARTESIAN_POINT('Ctrl Pts',(-7.57228851653806,-4.47616617264289,-2.48784256639338));
#3355=CARTESIAN_POINT('Ctrl Pts',(-9.86578799831413,-4.68271278119382,-1.75840070036449));
#3356=CARTESIAN_POINT('Ctrl Pts',(-10.5067732478496,-4.83155232115887,0.565791956982653));
#3357=CARTESIAN_POINT('Ctrl Pts',(-8.90991382042755,-4.90224460300152,2.3768494840807));
#3358=CARTESIAN_POINT('Ctrl Pts',(-6.51945338512657,-4.94522372697963,2.03226490370781));
#3359=CARTESIAN_POINT('Ctrl Pts',(-5.49937820624177,-5.03605775861194,-0.15544682481457));
#3360=CARTESIAN_POINT('Ctrl Pts',(-6.77082753124529,-5.20691358922922,-2.20217876540071));
#3361=CARTESIAN_POINT('Ctrl Pts',(-9.17668260044314,-5.41738374134962,-2.25168316518901));
#3362=CARTESIAN_POINT('Ctrl Pts',(-10.5309949895109,-5.59113321392647,-0.25906283851573));
#3363=CARTESIAN_POINT('Ctrl Pts',(-9.60149491173584,-5.68513019778632,1.96850995837883));
#3364=CARTESIAN_POINT('Ctrl Pts',(-7.22717566692798,-5.72867298455696,2.41077712980836));
#3365=CARTESIAN_POINT('Ctrl Pts',(-5.5573854480758,-5.79681846704324,0.666631941754758));
#3366=CARTESIAN_POINT('Ctrl Pts',(-6.10250947663672,-5.94231045940743,-1.68210312098054));
#3367=CARTESIAN_POINT('Ctrl Pts',(-8.36416035387324,-6.14774489018061,-2.50528475861769));
#3368=CARTESIAN_POINT('Ctrl Pts',(-10.2871667364101,-6.34135359461473,-1.05634098759755));
#3369=CARTESIAN_POINT('Ctrl Pts',(-10.1235040445747,-6.46209420929714,1.35063053273439));
#3370=CARTESIAN_POINT('Ctrl Pts',(-8.01757911844833,-6.51500953220336,2.53267562056618));
#3371=CARTESIAN_POINT('Ctrl Pts',(-5.87537003198064,-6.56665778431008,1.41774648322872));
#3372=CARTESIAN_POINT('Ctrl Pts',(-5.63562672351564,-6.68474160531638,-0.982967050985857));
#3373=CARTESIAN_POINT('Ctrl Pts',(-7.51195139199278,-6.87672014837435,-2.49222656251156));
#3374=CARTESIAN_POINT('Ctrl Pts',(-9.7983148011799,-7.08301755977933,-1.74114558229582));
#3375=CARTESIAN_POINT('Ctrl Pts',(-10.4177726376935,-7.23110534591648,0.588923209748465));
#3376=CARTESIAN_POINT('Ctrl Pts',(-8.80330084809181,-7.30118259051925,2.38509724196917));
#3377=CARTESIAN_POINT('Ctrl Pts',(-6.41746006403676,-7.34432303627366,2.01772674865298));
#3378=CARTESIAN_POINT('Ctrl Pts',(-5.41551320370532,-7.43579012273943,-0.178760072194723));
#3379=CARTESIAN_POINT('Ctrl Pts',(-6.71113123131052,-7.60748994304919,-2.21483951612156));
#3380=CARTESIAN_POINT('Ctrl Pts',(-8.30751103240732,-7.74754064865017,-2.23016092643882));
#3381=CARTESIAN_POINT('Ctrl Pts',(-8.93393715281117,-7.8115678780772,-1.89893319556283));
#3382=CARTESIAN_POINT('Ctrl Pts',(-7.03536265013742,-0.245680277396287,
1.62253437445174));
#3383=CARTESIAN_POINT('Ctrl Pts',(-6.49738947303213,-0.269045787358648,
1.23862253177438));
#3384=CARTESIAN_POINT('Ctrl Pts',(-5.84100397767413,-0.330428195323122,
-0.0970392240801283));
#3385=CARTESIAN_POINT('Ctrl Pts',(-6.98532574057293,-0.496844633648097,
-2.02564920435633));
#3386=CARTESIAN_POINT('Ctrl Pts',(-9.21981179243103,-0.701330447815952,
-2.11144538740458));
#3387=CARTESIAN_POINT('Ctrl Pts',(-10.5123064378434,-0.872921197216111,
-0.285132898509992));
#3388=CARTESIAN_POINT('Ctrl Pts',(-9.68745657655483,-0.970572647163147,
1.80123399770981));
#3389=CARTESIAN_POINT('Ctrl Pts',(-7.48890128086369,-1.02025324628585,2.2532462600607));
#3390=CARTESIAN_POINT('Ctrl Pts',(-5.90681280452354,-1.09146134110642,0.662109746787113));
#3391=CARTESIAN_POINT('Ctrl Pts',(-6.37191840000102,-1.23415902821381,-1.52972031483634));
#3392=CARTESIAN_POINT('Ctrl Pts',(-8.45846110252801,-1.43347854678184,-2.33409080440678));
#3393=CARTESIAN_POINT('Ctrl Pts',(-10.270054876886,-1.62319663720727,-1.0216537964328));
#3394=CARTESIAN_POINT('Ctrl Pts',(-10.1597232362961,-1.74579961323698,1.2173830731469));
#3395=CARTESIAN_POINT('Ctrl Pts',(-8.2235206611501,-1.80464177123937,2.35232065465021));
#3396=CARTESIAN_POINT('Ctrl Pts',(-6.21345674352553,-1.86090463432672,1.35386991246668));
#3397=CARTESIAN_POINT('Ctrl Pts',(-5.94852137482582,-1.97810872920454,-0.872453543837984));
#3398=CARTESIAN_POINT('Ctrl Pts',(-7.66499421881857,-2.16450512354685,-2.30751839471103));
#3399=CARTESIAN_POINT('Ctrl Pts',(-9.80214950015454,-2.36559207231285,-1.64982085302202));
#3400=CARTESIAN_POINT('Ctrl Pts',(-10.4177318361283,-2.51354452298898,0.504153454523438));
#3401=CARTESIAN_POINT('Ctrl Pts',(-8.94944933152514,-2.58872680991535,2.20089429884986));
#3402=CARTESIAN_POINT('Ctrl Pts',(-6.72493516192827,-2.63750090518614,1.90157266910967));
#3403=CARTESIAN_POINT('Ctrl Pts',(-5.75767346022156,-2.73017922408103,-0.122347147175713));
#3404=CARTESIAN_POINT('Ctrl Pts',(-6.92090527299574,-2.89725601589879,-2.03530631434275));
#3405=CARTESIAN_POINT('Ctrl Pts',(-9.15565774249401,-3.10175113357564,-2.102380004104));
#3406=CARTESIAN_POINT('Ctrl Pts',(-10.4311610932814,-3.27274853389284,-0.262736872494543));
#3407=CARTESIAN_POINT('Ctrl Pts',(-9.5866197672065,-3.36971234273711,1.81519086897837));
#3408=CARTESIAN_POINT('Ctrl Pts',(-7.38397568774577,-3.4192501583843,2.24686297150876));
#3409=CARTESIAN_POINT('Ctrl Pts',(-5.81687833785277,-3.49098175487595,0.64078195962015));
#3410=CARTESIAN_POINT('Ctrl Pts',(-6.30257920036334,-3.63439864455602,-1.54644505341067));
#3411=CARTESIAN_POINT('Ctrl Pts',(-8.39658028692495,-3.8339786156337,-2.33115074653577));
#3412=CARTESIAN_POINT('Ctrl Pts',(-10.1957638230487,-4.02326333099042,-1.00166000180117));
#3413=CARTESIAN_POINT('Ctrl Pts',(-10.0643916600308,-4.14513155578643,1.23626877956858));
#3414=CARTESIAN_POINT('Ctrl Pts',(-8.11760940836659,-4.20360426334384,2.35298519253573));
#3415=CARTESIAN_POINT('Ctrl Pts',(-6.11701713767816,-4.26019788363055,1.33570279857329));
#3416=CARTESIAN_POINT('Ctrl Pts',(-5.87301697466163,-4.37813305200029,-0.892971910016779));
#3417=CARTESIAN_POINT('Ctrl Pts',(-7.60290052570116,-4.56499775855211,-2.31178134750615));
#3418=CARTESIAN_POINT('Ctrl Pts',(-9.73378005404816,-4.76586555319459,-1.63396108558325));
#3419=CARTESIAN_POINT('Ctrl Pts',(-10.3290915242762,-4.91311012964062,0.525751633318877));
#3420=CARTESIAN_POINT('Ctrl Pts',(-8.84492752741066,-4.98773782263651,2.20864309396117));
#3421=CARTESIAN_POINT('Ctrl Pts',(-6.62332458157001,-5.03661358008102,1.88844429348034));
#3422=CARTESIAN_POINT('Ctrl Pts',(-5.67512660012515,-5.12995761875684,-0.144446065434274));
#3423=CARTESIAN_POINT('Ctrl Pts',(-6.85628506470411,-5.29766042305003,-2.04633358336169));
#3424=CARTESIAN_POINT('Ctrl Pts',(-9.09156892908044,-5.50217409744492,-2.09233462442271));
#3425=CARTESIAN_POINT('Ctrl Pts',(-10.3497263519089,-5.67256576461025,-0.240729315432859));
#3426=CARTESIAN_POINT('Ctrl Pts',(-9.48569359543532,-5.76884891770651,1.82920119851375));
#3427=CARTESIAN_POINT('Ctrl Pts',(-7.2790895500929,-5.81824844829795,2.24016972656144));
#3428=CARTESIAN_POINT('Ctrl Pts',(-5.72715597424975,-5.89050957544781,0.619455310162388));
#3429=CARTESIAN_POINT('Ctrl Pts',(-6.2333901911212,-6.03464350566241,-1.56306298163476));
#3430=CARTESIAN_POINT('Ctrl Pts',(-8.33467499715206,-6.23447782982873,-2.32798917962079));
#3431=CARTESIAN_POINT('Ctrl Pts',(-10.1212807166292,-6.42332331814961,-0.981585179352566));
#3432=CARTESIAN_POINT('Ctrl Pts',(-9.96888808077821,-6.54445749185923,1.25504825551489));
#3433=CARTESIAN_POINT('Ctrl Pts',(-8.01168445493419,-6.60256627701109,2.3534416276977));
#3434=CARTESIAN_POINT('Ctrl Pts',(-6.02076444919537,-6.65949766023259,1.31741450190393));
#3435=CARTESIAN_POINT('Ctrl Pts',(-5.79767531799268,-6.77816305792414,-0.913403815972395));
#3436=CARTESIAN_POINT('Ctrl Pts',(-7.54090292452539,-6.9654937491619,-2.31585509420961));
#3437=CARTESIAN_POINT('Ctrl Pts',(-9.66515139038939,-7.16612998199995,-1.61792708864188));
#3438=CARTESIAN_POINT('Ctrl Pts',(-10.2404589131988,-7.31267600520922,0.547245918934375));
#3439=CARTESIAN_POINT('Ctrl Pts',(-8.73992895695846,-7.3867321863103,2.21630716929411));
#3440=CARTESIAN_POINT('Ctrl Pts',(-6.52261873595764,-7.43575784900941,1.87493498379293));
#3441=CARTESIAN_POINT('Ctrl Pts',(-5.59126615673372,-7.5296901420932,-0.166109466153944));
#3442=CARTESIAN_POINT('Ctrl Pts',(-6.79488293785682,-7.69817720808159,-2.05809835005443));
#3443=CARTESIAN_POINT('Ctrl Pts',(-8.27808103576639,-7.83427552151488,-2.07233548509961));
#3444=CARTESIAN_POINT('Ctrl Pts',(-8.86007179258918,-7.89675103385302,-1.76454828812838));
#3445=CARTESIAN_POINT('Ctrl Pts',(-9.61741023095878,-7.10284670832065,1.79847626549638));
#3446=CARTESIAN_POINT('Ctrl Pts',(-9.61418582807431,-7.10318421284525,1.80089392503588));
#3447=CARTESIAN_POINT('Ctrl Pts',(-9.61096292300058,-7.10351487034192,1.80331432805663));
#3448=CARTESIAN_POINT('Ctrl Pts',(-9.60774149557343,-7.10383864790462,1.80573751519398));
#3449=CARTESIAN_POINT('Ctrl Pts',(-9.56222813394091,-7.10841308132986,1.83997308156308));
#3450=CARTESIAN_POINT('Ctrl Pts',(-9.51710166377235,-7.11160508330365,1.87469639515495));
#3451=CARTESIAN_POINT('Ctrl Pts',(-9.47227811430895,-7.11333984279376,1.91002576803361));
#3452=CARTESIAN_POINT('Ctrl Pts',(-9.46917852958153,-7.11345980281669,1.91246882276522));
#3453=CARTESIAN_POINT('Ctrl Pts',(-9.46608084777095,-7.11357277699237,1.91491441140574));
#3454=CARTESIAN_POINT('Ctrl Pts',(-9.46298503187381,-7.11367874713715,1.91736257404558));
#3455=CARTESIAN_POINT('Ctrl Pts',(-9.46000720058511,-7.11378067865481,1.91971743478374));
#3456=CARTESIAN_POINT('Ctrl Pts',(-9.45703112733329,-7.11387612866502,1.92207465209173));
#3457=CARTESIAN_POINT('Ctrl Pts',(-9.45405683508018,-7.11396507994777,1.92443421662731));
#3458=CARTESIAN_POINT('Ctrl Pts',(-9.44472703666566,-7.11424410348219,1.93183572918543));
#3459=CARTESIAN_POINT('Ctrl Pts',(-9.43541534906805,-7.11445916237114,1.93925987573004));
#3460=CARTESIAN_POINT('Ctrl Pts',(-9.42612138957583,-7.11460981464033,1.94670718125051));
#3461=CARTESIAN_POINT('Ctrl Pts',(-9.41230340053613,-7.11483380005862,1.95777961879915));
#3462=CARTESIAN_POINT('Ctrl Pts',(-9.39852901485352,-7.11491535165121,1.96889971252258));
#3463=CARTESIAN_POINT('Ctrl Pts',(-9.38479434428159,-7.11485338668096,1.98007098649305));
#3464=CARTESIAN_POINT('Ctrl Pts',(-9.35703332650779,-7.11472814082004,2.00265077343632));
#3465=CARTESIAN_POINT('Ctrl Pts',(-9.32947414998174,-7.11401676463978,2.02540757924083));
#3466=CARTESIAN_POINT('Ctrl Pts',(-9.30208123275504,-7.11271518300879,2.04836881043895));
#3467=CARTESIAN_POINT('',(-8.58054511106694,-7.65615803981039,-2.25730523870445));
#3468=CARTESIAN_POINT('Ctrl Pts',(-8.63003763676042,-7.60002179883145,-2.34879777485083));
#3469=CARTESIAN_POINT('Ctrl Pts',(-8.61352424365993,-7.61876897125033,-2.31796493423269));
#3470=CARTESIAN_POINT('Ctrl Pts',(-8.59693832417427,-7.63747507315671,-2.28716281471551));
#3471=CARTESIAN_POINT('Ctrl Pts',(-8.5802718368218,-7.65614849686347,-2.25636773012677));
#3472=CARTESIAN_POINT('Ctrl Pts',(-8.5802718368218,-7.65614849686347,-2.25636773012677));
#3473=CARTESIAN_POINT('Ctrl Pts',(-8.60840818838416,-7.67207434468155,-2.22514002842719));
#3474=CARTESIAN_POINT('Ctrl Pts',(-8.63689869904898,-7.68753928856875,-2.1939372775734));
#3475=CARTESIAN_POINT('Ctrl Pts',(-8.66571329073304,-7.7024266010114,-2.16283882683237));
#3476=CARTESIAN_POINT('Ctrl Pts',(-8.69388997419956,-7.71698433255809,-2.13242884523565));
#3477=CARTESIAN_POINT('Ctrl Pts',(-8.72237665054262,-7.73098972877257,-2.10211911649339));
#3478=CARTESIAN_POINT('Ctrl Pts',(-8.75119170820232,-7.74433526851487,-2.07196548235952));
#3479=CARTESIAN_POINT('Ctrl Pts',(-8.75804400538157,-7.74750887328122,-2.06479486814247));
#3480=CARTESIAN_POINT('Ctrl Pts',(-8.76491507886985,-7.75064517030126,-2.0576329775677));
#3481=CARTESIAN_POINT('Ctrl Pts',(-8.77180556155567,-7.75374272712166,-2.05048035118983));
#3482=CARTESIAN_POINT('Ctrl Pts',(-8.80000631478875,-7.7664201315214,-2.02120671962464));
#3483=CARTESIAN_POINT('Ctrl Pts',(-8.82858722366947,-7.77848400289101,-1.99201194112217));
#3484=CARTESIAN_POINT('Ctrl Pts',(-8.85752067811801,-7.78983961620547,-1.96292879708887));
#3485=CARTESIAN_POINT('Ctrl Pts',(-8.88135143906442,-7.79919255768635,-1.93897474575843));
#3486=CARTESIAN_POINT('Ctrl Pts',(-8.90542235178578,-7.80806506322104,-1.91509634846784));
#3487=CARTESIAN_POINT('Ctrl Pts',(-8.9297426532823,-7.81640506705576,-1.89130204845316));
#3488=CARTESIAN_POINT('Ctrl Pts',(-9.9470030155496,-7.27253050942531,0.00175778659887754));
#3489=CARTESIAN_POINT('Ctrl Pts',(-9.94806300144243,-7.28253345495705,0.15776430209268));
#3490=CARTESIAN_POINT('Ctrl Pts',(-9.85853837570236,-7.33152506341924,0.972061676327834));
#3491=CARTESIAN_POINT('Ctrl Pts',(-8.73992895695846,-7.3867321863103,2.21630716929411));
#3492=CARTESIAN_POINT('Ctrl Pts',(-6.52261873595764,-7.43575784900941,1.87493498379293));
#3493=CARTESIAN_POINT('Ctrl Pts',(-5.59126615673372,-7.5296901420932,-0.166109466153944));
#3494=CARTESIAN_POINT('Ctrl Pts',(-6.53225079670151,-7.66141291599834,-1.6452617234687));
#3495=CARTESIAN_POINT('Ctrl Pts',(-7.3800997588648,-7.74773137309462,-1.929417992535));
#3496=CARTESIAN_POINT('Ctrl Pts',(-7.60447622556394,-7.77012574361955,-1.96504500267546));
#3497=CARTESIAN_POINT('Ctrl Pts',(-7.11800288637407,-0.248566138036657,
-2.20504795646148));
#3498=CARTESIAN_POINT('Ctrl Pts',(-7.06104744749693,-0.246577210284328,
-2.17096759462057));
#3499=CARTESIAN_POINT('Ctrl Pts',(-7.00571259604114,-0.24464487469178,-2.13450998260646));
#3500=CARTESIAN_POINT('Ctrl Pts',(-6.95216436631167,-0.242774929304706,
-2.09567682327514));
#3501=CARTESIAN_POINT('Ctrl Pts',(-6.88410896657508,-0.240398382377835,
-2.04632306882464));
#3502=CARTESIAN_POINT('Ctrl Pts',(-6.81893782939015,-0.238122556118685,
-1.99313306794152));
#3503=CARTESIAN_POINT('Ctrl Pts',(-6.75679340540997,-0.235952425013676,
-1.93646834387643));
#3504=CARTESIAN_POINT('Ctrl Pts',(-6.69346143710204,-0.233740823946936,
-1.8787207894086));
#3505=CARTESIAN_POINT('Ctrl Pts',(-6.63327243449726,-0.231638977661037,
-1.81736350585213));
#3506=CARTESIAN_POINT('Ctrl Pts',(-6.57642185879989,-0.229653711811635,
-1.75274947925422));
#3507=CARTESIAN_POINT('Ctrl Pts',(-6.55058341410198,-0.228751413440314,
-1.72338256550743));
#3508=CARTESIAN_POINT('Ctrl Pts',(-6.52543523405871,-0.227873219641887,
-1.69334259995503));
#3509=CARTESIAN_POINT('Ctrl Pts',(-6.50099909148111,-0.227019890739667,
-1.66266157016958));
#3510=CARTESIAN_POINT('Ctrl Pts',(-6.48617784175168,-0.226502321294286,
-1.6440526099803));
#3511=CARTESIAN_POINT('Ctrl Pts',(-6.47161857803364,-0.225993900602019,
-1.62520780554871));
#3512=CARTESIAN_POINT('Ctrl Pts',(-6.45732656789899,-0.225494812610533,
-1.60613423210784));
#3513=CARTESIAN_POINT('Ctrl Pts',(-6.44994618063919,-0.225237083808274,
-1.59628464782294));
#3514=CARTESIAN_POINT('Ctrl Pts',(-6.44263653005543,-0.224981825185174,
-1.58637331762832));
#3515=CARTESIAN_POINT('Ctrl Pts',(-6.43540003036252,-0.22472912104747,-1.57640349644265));
#3516=CARTESIAN_POINT('Ctrl Pts',(-6.38614091337975,-0.223008954777948,
-1.50853856050366));
#3517=CARTESIAN_POINT('Ctrl Pts',(-6.34047267497027,-0.221414184751356,
-1.43824936857272));
#3518=CARTESIAN_POINT('Ctrl Pts',(-6.29853599222675,-0.219949723520021,
-1.365887350614));
#3519=CARTESIAN_POINT('Ctrl Pts',(-6.2566685568974,-0.218487680461674,-1.29364481951739));
#3520=CARTESIAN_POINT('Ctrl Pts',(-6.21852003606806,-0.217155504759342,
-1.21933529654126));
#3521=CARTESIAN_POINT('Ctrl Pts',(-6.18427836916695,-0.215959759402475,
-1.14328959965352));
#3522=CARTESIAN_POINT('Ctrl Pts',(-6.15063287824102,-0.214784832969414,
-1.0685679217638));
#3523=CARTESIAN_POINT('Ctrl Pts',(-6.1207592107091,-0.213741621511658,-0.992169079724802));
#3524=CARTESIAN_POINT('Ctrl Pts',(-6.09488548859979,-0.212838091225985,
-0.914402948696111));
#3525=CARTESIAN_POINT('Ctrl Pts',(-6.08385996701236,-0.212453071528104,
-0.881264610392664));
#3526=CARTESIAN_POINT('Ctrl Pts',(-6.07356141564036,-0.212093438189544,
-0.847878022530134));
#3527=CARTESIAN_POINT('Ctrl Pts',(-6.06401042571381,-0.211759910271901,
-0.814267551935949));
#3528=CARTESIAN_POINT('Ctrl Pts',(-6.05995277671422,-0.211618214046507,
-0.799988456948825));
#3529=CARTESIAN_POINT('Ctrl Pts',(-6.05603007714232,-0.211481230358971,
-0.785668958312772));
#3530=CARTESIAN_POINT('Ctrl Pts',(-6.05224400629509,-0.211349017851636,
-0.771310949510257));
#3531=CARTESIAN_POINT('Ctrl Pts',(-6.04898432294814,-0.211235187200861,
-0.758949172861739));
#3532=CARTESIAN_POINT('Ctrl Pts',(-6.04582732010465,-0.211124942232279,
-0.746564002166015));
#3533=CARTESIAN_POINT('Ctrl Pts',(-6.04277551628762,-0.211018370894651,
-0.73416401605988));
#3534=CARTESIAN_POINT('Ctrl Pts',(-6.02358907082322,-0.210348365455222,
-0.656206299427784));
#3535=CARTESIAN_POINT('Ctrl Pts',(-6.00853288296439,-0.20982259178958,-0.577574273084122));
#3536=CARTESIAN_POINT('Ctrl Pts',(-5.997777514919,-0.209447006061268,-0.498568452294354));
#3537=CARTESIAN_POINT('Ctrl Pts',(-5.98733614243948,-0.209082385299733,
-0.421869152053319));
#3538=CARTESIAN_POINT('Ctrl Pts',(-5.98094813535744,-0.20885931117691,-0.344816783982221));
#3539=CARTESIAN_POINT('Ctrl Pts',(-5.9788176630286,-0.208784913443806,-0.267689330492412));
#3540=CARTESIAN_POINT('Ctrl Pts',(-5.97721695038778,-0.208729015326653,
-0.209740260661997));
#3541=CARTESIAN_POINT('Ctrl Pts',(-5.97802062712989,-0.20875708033691,-0.151748799612785));
#3542=CARTESIAN_POINT('Ctrl Pts',(-5.98133409760122,-0.208872789275457,
-0.093837866280795));
#3543=CARTESIAN_POINT('Ctrl Pts',(-5.98381783924137,-0.20895952344475,-0.0504284567867209));
#3544=CARTESIAN_POINT('Ctrl Pts',(-5.98771227023034,-0.209095519971617,
-0.00706437158633193));
#3545=CARTESIAN_POINT('Ctrl Pts',(-5.99299304938428,-0.209279928843188,
0.0361996229022961));
#3546=CARTESIAN_POINT('Ctrl Pts',(-5.99504155006115,-0.209351464063129,
0.0529824345689229));
#3547=CARTESIAN_POINT('Ctrl Pts',(-5.99729870581999,-0.20943028567909,0.069750156989064));
#3548=CARTESIAN_POINT('Ctrl Pts',(-5.99976323701612,-0.209516349004895,
0.0864994800340281));
#3549=CARTESIAN_POINT('Ctrl Pts',(-6.00171145852505,-0.209584382399128,
0.0997398851331942));
#3550=CARTESIAN_POINT('Ctrl Pts',(-6.00378822119964,-0.209656904549777,
0.112961373633885));
#3551=CARTESIAN_POINT('Ctrl Pts',(-6.00599127282394,-0.209733836807727,
0.126155796022317));
#3552=CARTESIAN_POINT('Ctrl Pts',(-6.01885280991481,-0.210182971579787,
0.20318556285553));
#3553=CARTESIAN_POINT('Ctrl Pts',(-6.03602488092309,-0.210782633513162,
0.279366067192997));
#3554=CARTESIAN_POINT('Ctrl Pts',(-6.05728660179656,-0.211525109166783,
0.354406375991379));
#3555=CARTESIAN_POINT('Ctrl Pts',(-6.078656796851,-0.212271372822273,0.429829529437422));
#3556=CARTESIAN_POINT('Ctrl Pts',(-6.10415911420793,-0.213161933368199,
0.504101703018146));
#3557=CARTESIAN_POINT('Ctrl Pts',(-6.1336168769974,-0.214190621112313,0.576904142505253));
#3558=CARTESIAN_POINT('Ctrl Pts',(-6.15619103957224,-0.214978928240058,
0.632694329851547));
#3559=CARTESIAN_POINT('Ctrl Pts',(-6.18108908315597,-0.215848387080841,
0.6876210430272));
#3560=CARTESIAN_POINT('Ctrl Pts',(-6.20824676501519,-0.216796754228977,
0.741526797686448));
#3561=CARTESIAN_POINT('Ctrl Pts',(-6.22387716760559,-0.2173425799149,0.772551855407918));
#3562=CARTESIAN_POINT('Ctrl Pts',(-6.24025629995067,-0.217914551819998,
0.803238472967338));
#3563=CARTESIAN_POINT('Ctrl Pts',(-6.25737352976113,-0.218512298656546,
0.833554314294952));
#3564=CARTESIAN_POINT('Ctrl Pts',(-6.26430931691741,-0.218754501681074,
0.845838090655979));
#3565=CARTESIAN_POINT('Ctrl Pts',(-6.27136629829907,-0.21900093690121,0.858060971356538));
#3566=CARTESIAN_POINT('Ctrl Pts',(-6.27854381389063,-0.219251581268707,
0.870220716096394));
#3567=CARTESIAN_POINT('Ctrl Pts',(-6.28540819201129,-0.219491290634763,
0.881849960878979));
#3568=CARTESIAN_POINT('Ctrl Pts',(-6.29237773379154,-0.219734672396734,
0.893412841992991));
#3569=CARTESIAN_POINT('Ctrl Pts',(-6.29945120653213,-0.219981683507814,
0.904907322881795));
#3570=CARTESIAN_POINT('Ctrl Pts',(-6.33967863673066,-0.221386456325023,
0.970277395628347));
#3571=CARTESIAN_POINT('Ctrl Pts',(-6.38326744990864,-0.222908611222429,
1.03344299849651));
#3572=CARTESIAN_POINT('Ctrl Pts',(-6.43006018979885,-0.224542649706023,
1.09408911980453));
#3573=CARTESIAN_POINT('Ctrl Pts',(-6.47129632566381,-0.225982647301293,
1.14753355806158));
#3574=CARTESIAN_POINT('Ctrl Pts',(-6.51502148354588,-0.227509563460683,
1.19902121287652));
#3575=CARTESIAN_POINT('Ctrl Pts',(-6.56114706131955,-0.229120304129791,
1.24830788835463));
#3576=CARTESIAN_POINT('Ctrl Pts',(-6.57390624090225,-0.229565864498903,
1.26194148545655));
#3577=CARTESIAN_POINT('Ctrl Pts',(-6.58684918290968,-0.230017841993289,
1.27540648943796));
#3578=CARTESIAN_POINT('Ctrl Pts',(-6.59997419826046,-0.23047617762893,1.28869730199618));
#3579=CARTESIAN_POINT('Ctrl Pts',(-6.61131916702686,-0.230872352668112,
1.30018558214848));
#3580=CARTESIAN_POINT('Ctrl Pts',(-6.62280119558187,-0.231273313940579,
1.3115445486406));
#3581=CARTESIAN_POINT('Ctrl Pts',(-6.63440613639593,-0.231678567403712,
1.32275826474093));
#3582=CARTESIAN_POINT('Ctrl Pts',(-6.68741071879975,-0.233529528207843,
1.3739759614631));
#3583=CARTESIAN_POINT('Ctrl Pts',(-6.74303682107309,-0.235472034503053,
1.42222859660517));
#3584=CARTESIAN_POINT('Ctrl Pts',(-6.80115607481826,-0.237501603566119,
1.46720852663852));
#3585=CARTESIAN_POINT('Ctrl Pts',(-6.85759404587183,-0.239472460943861,
1.51088727035303));
#3586=CARTESIAN_POINT('Ctrl Pts',(-6.91638361743806,-0.241525438021043,
1.55148027164191));
#3587=CARTESIAN_POINT('Ctrl Pts',(-6.97742506601382,-0.243657052376199,
1.58866009064347));
#3588=CARTESIAN_POINT('Ctrl Pts',(-6.99651811846551,-0.244323796459757,
1.6002895039504));
#3589=CARTESIAN_POINT('Ctrl Pts',(-7.01583158585204,-0.244998237602449,
1.61158461815805));
#3590=CARTESIAN_POINT('Ctrl Pts',(-7.03536265013742,-0.245680277396287,
1.62253437445174));
#3591=CARTESIAN_POINT('Origin',(-8.24662271179618,1.19196825132047,0.));
#3592=CARTESIAN_POINT('Origin',(-5.69652771400885,-0.19892713120425,0.));
#3593=CARTESIAN_POINT('Origin',(2.07089241331965E-34,1.41424310994388E-16,
2.4980018054066E-15));
#3594=CARTESIAN_POINT('',(-13.0516504294496,-1.55364472475176E-15,0.707106781186546));
#3595=CARTESIAN_POINT('Origin',(0.,-1.50529330297947E-15,0.707106781186549));
#3596=CARTESIAN_POINT('',(11.7441994402578,5.6938,0.707106781186549));
#3597=CARTESIAN_POINT('Origin',(0.,-1.50529330297947E-15,0.707106781186549));
#3598=CARTESIAN_POINT('',(11.7441994402578,5.6938,-0.707106781186546));
#3599=CARTESIAN_POINT('Ctrl Pts',(11.7441994402578,5.6938,-0.707106781186546));
#3600=CARTESIAN_POINT('Ctrl Pts',(11.7498759059381,5.6938,-0.701998956285296));
#3601=CARTESIAN_POINT('Ctrl Pts',(11.7554482253819,5.6938,-0.696873366493493));
#3602=CARTESIAN_POINT('Ctrl Pts',(11.8524585632897,5.6938,-0.605719292253767));
#3603=CARTESIAN_POINT('Ctrl Pts',(11.9405948604361,5.6938,-0.483425553750636));
#3604=CARTESIAN_POINT('Ctrl Pts',(12.0389600174668,5.6938,-0.259184108980243));
#3605=CARTESIAN_POINT('Ctrl Pts',(12.0688643517274,5.6938,-0.119247134740246));
#3606=CARTESIAN_POINT('Ctrl Pts',(12.0688643517274,5.6938,2.4980018054066E-15));
#3607=CARTESIAN_POINT('Ctrl Pts',(12.0688643517274,5.6938,0.119247134740251));
#3608=CARTESIAN_POINT('Ctrl Pts',(12.0389600174668,5.6938,0.259184108980248));
#3609=CARTESIAN_POINT('Ctrl Pts',(11.9405948604361,5.6938,0.483425553750641));
#3610=CARTESIAN_POINT('Ctrl Pts',(11.8524585632897,5.6938,0.605719292253772));
#3611=CARTESIAN_POINT('Ctrl Pts',(11.7554482253819,5.6938,0.696873366493497));
#3612=CARTESIAN_POINT('Ctrl Pts',(11.7498759059381,5.6938,0.701998956285302));
#3613=CARTESIAN_POINT('Ctrl Pts',(11.7441994402578,5.6938,0.70710678118655));
#3614=CARTESIAN_POINT('Origin',(0.,-1.50529330297947E-15,-0.707106781186546));
#3615=CARTESIAN_POINT('Origin',(-2.05377162466938E-33,1.41424310994388E-16,
-1.12937860531805));
#3616=CARTESIAN_POINT('Origin',(-4.31463249067072E-33,1.41424310994388E-16,
-2.2587572106361));
#3617=CARTESIAN_POINT('Origin',(-2.05377162466938E-33,1.41424310994388E-16,
-1.12937860531805));
#3618=CARTESIAN_POINT('',(10.0016065756142,5.6938,-2.25));
#3619=CARTESIAN_POINT('Ctrl Pts',(10.0016065756142,5.6938,-2.25));
#3620=CARTESIAN_POINT('Ctrl Pts',(10.8181678676765,5.6938,-1.54037300565042));
#3621=CARTESIAN_POINT('Ctrl Pts',(11.7441994402578,5.6938,-0.707106781186545));
#3622=CARTESIAN_POINT('',(11.1890235286942,2.69392743177971,-2.25));
#3623=CARTESIAN_POINT('Origin',(-4.29710175763819E-33,1.41424310994388E-16,
-2.25));
#3624=CARTESIAN_POINT('',(12.7706311704845,2.6938,-0.707106781186546));
#3625=CARTESIAN_POINT('Origin',(11.9753388758916,0.,-1.48293199591117));
#3626=CARTESIAN_POINT('',(12.9969388893135,1.1938,-0.707106781186546));
#3627=CARTESIAN_POINT('Origin',(0.,-1.50529330297947E-15,-0.707106781186546));
#3628=CARTESIAN_POINT('',(11.4835999999999,1.1938,-2.21327205842208));
#3629=CARTESIAN_POINT('Ctrl Pts',(12.9969388610555,1.19379999999888,-0.707106752809588));
#3630=CARTESIAN_POINT('Ctrl Pts',(12.6830419857012,1.19379999999888,-1.01968779612545));
#3631=CARTESIAN_POINT('Ctrl Pts',(11.9169041028383,1.19379999999888,-1.78229046030471));
#3632=CARTESIAN_POINT('Ctrl Pts',(11.4835999721056,1.19379999999888,-2.21327203039234));
#3633=CARTESIAN_POINT('',(11.437868750777,1.1938,-2.2587572106361));
#3634=CARTESIAN_POINT('Ctrl Pts',(11.4835999999999,1.1938,-2.21327205842208));
#3635=CARTESIAN_POINT('Ctrl Pts',(11.4606892452294,1.1938,-2.2360600088644));
#3636=CARTESIAN_POINT('Ctrl Pts',(11.437868750777,1.1938,-2.2587572106361));
#3637=CARTESIAN_POINT('',(-11.5,-1.35212579720467E-15,-2.2587572106361));
#3638=CARTESIAN_POINT('Origin',(-4.31463249067072E-33,1.41424310994388E-16,
-2.2587572106361));
#3639=CARTESIAN_POINT('Origin',(-4.31463249067072E-33,1.41424310994388E-16,
-2.2587572106361));
#3640=CARTESIAN_POINT('Origin',(6.362816939924E-33,1.41424310994388E-16,
3.07499999999975));
#3641=CARTESIAN_POINT('',(5.98257367924625,-11.5997582347625,0.707106781186549));
#3642=CARTESIAN_POINT('Origin',(0.,-1.50529330297947E-15,0.707106781186549));
#3643=CARTESIAN_POINT('',(7.81185708222411,-7.65238410111477,2.82330598519179));
#3644=CARTESIAN_POINT('Ctrl Pts',(7.81185708222411,-7.65238410111477,2.82330598519179));
#3645=CARTESIAN_POINT('Ctrl Pts',(6.97790724874293,-9.45194779697776,2.15975259789571));
#3646=CARTESIAN_POINT('Ctrl Pts',(5.98257367924626,-11.5997582347625,0.707106781186549));
#3647=CARTESIAN_POINT('',(8.36799999999982,-5.12960387518966,3.94365354758881));
#3648=CARTESIAN_POINT('Ctrl Pts',(7.81185708222402,-7.65238410111453,2.82330598519123));
#3649=CARTESIAN_POINT('Ctrl Pts',(8.0008998740938,-7.24445243477747,2.97372268875442));
#3650=CARTESIAN_POINT('Ctrl Pts',(8.13813086599814,-6.8258380269821,3.14360208219634));
#3651=CARTESIAN_POINT('Ctrl Pts',(8.22731491274112,-6.42128059686875,3.32220820355837));
#3652=CARTESIAN_POINT('Ctrl Pts',(8.31954932071016,-6.00288609226054,3.50692318863804));
#3653=CARTESIAN_POINT('Ctrl Pts',(8.36799999999982,-5.56586629445313,3.71565255307303));
#3654=CARTESIAN_POINT('Ctrl Pts',(8.36799999999983,-5.1296038751898,3.94365354758908));
#3655=CARTESIAN_POINT('',(8.36799999999981,-4.53075002552906,4.24292199801106));
#3656=CARTESIAN_POINT('Ctrl Pts',(8.36799999999982,-5.12960387518966,3.94365354758881));
#3657=CARTESIAN_POINT('Ctrl Pts',(8.36799999999982,-4.82554142632266,4.10256373025756));
#3658=CARTESIAN_POINT('Ctrl Pts',(8.36799999999981,-4.53075002552906,4.24292199801106));
#3659=CARTESIAN_POINT('',(9.50035714939687,-0.542525414339971,4.24292199814421));
#3660=CARTESIAN_POINT('Origin',(8.70083638476268E-33,1.41424310994388E-16,
4.24292199799891));
#3661=CARTESIAN_POINT('',(10.6081086989462,1.19384234650614,3.08365049751181));
#3662=CARTESIAN_POINT('Ctrl Pts',(9.50035714939687,-0.542525414339969,4.24292199814421));
#3663=CARTESIAN_POINT('Ctrl Pts',(9.95806039940598,0.00318022914646746,
3.81707549358658));
#3664=CARTESIAN_POINT('Ctrl Pts',(10.3327212115178,0.590816193329314,3.42465413742421));
#3665=CARTESIAN_POINT('Ctrl Pts',(10.6081086989462,1.19384234650614,3.08365049751181));
#3666=CARTESIAN_POINT('',(11.5,1.1938,2.19695983998478));
#3667=CARTESIAN_POINT('Ctrl Pts',(10.6081689330602,1.19380000010015,3.08362692792661));
#3668=CARTESIAN_POINT('Ctrl Pts',(11.0363041942912,1.19380000001268,2.65817720910725));
#3669=CARTESIAN_POINT('Ctrl Pts',(11.5,1.1938,2.19695983998478));
#3670=CARTESIAN_POINT('',(12.9969388893135,1.1938,0.707106781186549));
#3671=CARTESIAN_POINT('Ctrl Pts',(12.9969388893135,1.1938,0.707106781186548));
#3672=CARTESIAN_POINT('Ctrl Pts',(12.2031645568375,1.1938,1.49755367116904));
#3673=CARTESIAN_POINT('Ctrl Pts',(11.5,1.1938,2.19695983998478));
#3674=CARTESIAN_POINT('',(12.7706311704845,2.6938,0.707106781186549));
#3675=CARTESIAN_POINT('Origin',(0.,-1.50529330297947E-15,0.707106781186549));
#3676=CARTESIAN_POINT('',(11.1890541168682,2.6938,2.25000008963445));
#3677=CARTESIAN_POINT('Ctrl Pts',(11.1890541126327,2.6938,2.25000009375234));
#3678=CARTESIAN_POINT('Ctrl Pts',(11.9301650321707,2.6938,1.52947657431783));
#3679=CARTESIAN_POINT('Ctrl Pts',(12.7706311704845,2.6938,0.707106781186548));
#3680=CARTESIAN_POINT('',(10.001606471233,5.6938,2.25000009071172));
#3681=CARTESIAN_POINT('Origin',(1.04408903744968E-8,0.,2.2500000997853));
#3682=CARTESIAN_POINT('Ctrl Pts',(11.7441994402578,5.6938,0.707106781186548));
#3683=CARTESIAN_POINT('Ctrl Pts',(10.8181678068134,5.6938,1.54037306041656));
#3684=CARTESIAN_POINT('Ctrl Pts',(10.0016064677342,5.6938,2.25000009375234));
#3685=CARTESIAN_POINT('',(-8.19454364826352,-9.22833215310474E-16,5.5642135623726));
#3686=CARTESIAN_POINT('',(-10.6837572106364,-1.24611714447678E-15,3.07499999999975));
#3687=CARTESIAN_POINT('Origin',(0.,-8.92475534624003E-16,5.5642135623726));
#3688=CARTESIAN_POINT('Origin',(10.4,2.6938,0.));
#3689=CARTESIAN_POINT('',(9.525,5.6938,-1.07156594925402E-16));
#3690=CARTESIAN_POINT('Origin',(10.4,5.6938,-9.16357467539447E-30));
#3691=CARTESIAN_POINT('',(9.525,6.6938,-1.07156594925406E-16));
#3692=CARTESIAN_POINT('',(9.525,2.6938,-1.07156594925393E-16));
#3693=CARTESIAN_POINT('Origin',(10.4,6.6938,-1.22180995671926E-29));
#3694=CARTESIAN_POINT('Origin',(10.4,6.6938,-2.04484434804098E-29));
#3695=CARTESIAN_POINT('Origin',(9.86102779268191,2.6938,4.68761690575192E-8));
#3696=CARTESIAN_POINT('',(6.65,2.6938,-2.25));
#3697=CARTESIAN_POINT('',(6.65,2.6938,2.25000009375234));
#3698=CARTESIAN_POINT('',(6.65,2.6938,-2.25));
#3699=CARTESIAN_POINT('',(6.65,2.6938,2.25000009375234));
#3700=CARTESIAN_POINT('Ctrl Pts',(12.7706311704845,2.6938,0.70710678118655));
#3701=CARTESIAN_POINT('Ctrl Pts',(12.771698742843,2.6938,0.706062195069893));
#3702=CARTESIAN_POINT('Ctrl Pts',(12.7727618257147,2.6938,0.705017366643671));
#3703=CARTESIAN_POINT('Ctrl Pts',(12.8619714665665,2.6938,0.616952009812981));
#3704=CARTESIAN_POINT('Ctrl Pts',(12.9454491992631,2.6938,0.493965754670284));
#3705=CARTESIAN_POINT('Ctrl Pts',(13.0407172525862,2.6938,0.266706396906238));
#3706=CARTESIAN_POINT('Ctrl Pts',(13.0698235160386,2.6938,0.122552491573477));
#3707=CARTESIAN_POINT('Ctrl Pts',(13.0698235160386,2.6938,2.4980018054066E-15));
#3708=CARTESIAN_POINT('Ctrl Pts',(13.0698235160386,2.6938,-0.122552491573472));
#3709=CARTESIAN_POINT('Ctrl Pts',(13.0407172525862,2.6938,-0.266706396906233));
#3710=CARTESIAN_POINT('Ctrl Pts',(12.9454491992631,2.6938,-0.493965754670278));
#3711=CARTESIAN_POINT('Ctrl Pts',(12.8619714665665,2.6938,-0.616952009812975));
#3712=CARTESIAN_POINT('Ctrl Pts',(12.7727618257147,2.6938,-0.705017366643667));
#3713=CARTESIAN_POINT('Ctrl Pts',(12.771698742843,2.6938,-0.706062195069889));
#3714=CARTESIAN_POINT('Ctrl Pts',(12.7706311704845,2.6938,-0.707106781186546));
#3715=CARTESIAN_POINT('',(11.1890235286942,2.6938,-2.25));
#3716=CARTESIAN_POINT('',(12.7706311704845,2.6938,-0.707106781186546));
#3717=CARTESIAN_POINT('',(6.65,2.6938,-2.25));
#3718=CARTESIAN_POINT('',(9.525,2.6938,-1.07156594925393E-16));
#3719=CARTESIAN_POINT('Origin',(10.4,2.6938,0.));
#3720=CARTESIAN_POINT('Origin',(6.65,2.6938,2.25000009375234));
#3721=CARTESIAN_POINT('',(6.65,5.6938,-2.25));
#3722=CARTESIAN_POINT('',(6.65,2.6938,-2.25));
#3723=CARTESIAN_POINT('',(6.65,5.6938,2.25000009375234));
#3724=CARTESIAN_POINT('',(6.65,5.6938,-2.25));
#3725=CARTESIAN_POINT('',(6.65,2.6938,2.25000009375234));
#3726=CARTESIAN_POINT('Origin',(6.65,2.6938,-2.25));
#3727=CARTESIAN_POINT('',(6.65,5.6938,-2.25));
#3728=CARTESIAN_POINT('',(11.1890235286942,2.6938,-2.25));
#3729=CARTESIAN_POINT('Origin',(11.1890235286942,2.6938,-2.25));
#3730=CARTESIAN_POINT('Origin',(11.1890541168682,2.6938,2.25000008963445));
#3731=CARTESIAN_POINT('',(6.65,5.6938,2.25000009375234));
#3732=CARTESIAN_POINT('Origin',(9.86102779268191,5.6938,4.68761690575192E-8));
#3733=CARTESIAN_POINT('Origin',(2.07089241331965E-34,1.41424310994388E-16,
2.4980018054066E-15));
#3734=CARTESIAN_POINT('Ctrl Pts',(12.9969388893135,1.1938,-0.707106781186546));
#3735=CARTESIAN_POINT('Ctrl Pts',(12.9971408831686,1.1938,-0.706905634074603));
#3736=CARTESIAN_POINT('Ctrl Pts',(12.997342709431,1.1938,-0.706704482155391));
#3737=CARTESIAN_POINT('Ctrl Pts',(13.0849816753617,1.1938,-0.619283836804778));
#3738=CARTESIAN_POINT('Ctrl Pts',(13.1674907266644,1.1938,-0.496174583607664));
#3739=CARTESIAN_POINT('Ctrl Pts',(13.2621041581196,1.1938,-0.268286276602783));
#3740=CARTESIAN_POINT('Ctrl Pts',(13.2910378353384,1.1938,-0.123247316732375));
#3741=CARTESIAN_POINT('Ctrl Pts',(13.2910378353384,1.1938,2.4980018054066E-15));
#3742=CARTESIAN_POINT('Ctrl Pts',(13.2910378353384,1.1938,0.12324731673238));
#3743=CARTESIAN_POINT('Ctrl Pts',(13.2621041581196,1.1938,0.268286276602787));
#3744=CARTESIAN_POINT('Ctrl Pts',(13.1674907266644,1.1938,0.496174583607669));
#3745=CARTESIAN_POINT('Ctrl Pts',(13.0849816753617,1.1938,0.619283836804782));
#3746=CARTESIAN_POINT('Ctrl Pts',(12.997342709431,1.1938,0.706704482155395));
#3747=CARTESIAN_POINT('Ctrl Pts',(12.9971408831686,1.1938,0.706905634074606));
#3748=CARTESIAN_POINT('Ctrl Pts',(12.9969388893135,1.1938,0.707106781186549));
#3749=CARTESIAN_POINT('Origin',(2.36800000000009,-5.12960387518908,-3.38936860739089));
#3750=CARTESIAN_POINT('',(7.81185708222417,-7.6523841011142,-3.38936860739282));
#3751=CARTESIAN_POINT('',(7.81185708222417,-7.6523841011142,-3.38936860739089));
#3752=CARTESIAN_POINT('',(8.3680000000001,-5.12960387518908,-3.38936860739436));
#3753=CARTESIAN_POINT('Origin',(2.36800000000009,-5.12960387518908,-3.38936860739572));
#3754=CARTESIAN_POINT('',(8.3680000000001,-5.12960387518908,-3.38936860739067));
#3755=CARTESIAN_POINT('Origin',(8.36800000000009,0.,-3.38936860739436));
#3756=CARTESIAN_POINT('',(8.36800000000009,0.567611392366415,-3.38936860739436));
#3757=CARTESIAN_POINT('',(8.36800000000009,0.,-3.38936860739436));
#3758=CARTESIAN_POINT('',(8.36800000000009,1.1938,-3.19562517793862));
#3759=CARTESIAN_POINT('',(8.3680000000001,0.264478918071186,-3.48315812134178));
#3760=CARTESIAN_POINT('',(8.36799999999985,1.1938,3.21064188329217));
#3761=CARTESIAN_POINT('',(8.36799999999985,1.1938,3.38936860740564));
#3762=CARTESIAN_POINT('',(8.36799999999985,0.616146146994854,3.38936860740564));
#3763=CARTESIAN_POINT('',(8.36799999999985,1.01088621437124,3.26723560551968));
#3764=CARTESIAN_POINT('',(8.36799999999985,-3.73148552008238,3.38936860740564));
#3765=CARTESIAN_POINT('',(8.36799999999985,0.,3.38936860740564));
#3766=CARTESIAN_POINT('Ctrl Pts',(8.36799999999981,-4.53075002555332,4.24292199802416));
#3767=CARTESIAN_POINT('Ctrl Pts',(8.36799999999981,-4.61749421402523,4.20162071176263));
#3768=CARTESIAN_POINT('Ctrl Pts',(8.36799999999982,-4.71342006932116,4.13766811230276));
#3769=CARTESIAN_POINT('Ctrl Pts',(8.36799999999982,-4.78867908791747,4.03516058004841));
#3770=CARTESIAN_POINT('Ctrl Pts',(8.36799999999982,-4.80663887275615,4.00245534820534));
#3771=CARTESIAN_POINT('Ctrl Pts',(8.36799999999983,-4.82526129843195,3.94770847666484));
#3772=CARTESIAN_POINT('Ctrl Pts',(8.36799999999983,-4.8307624665887,3.91610272220854));
#3773=CARTESIAN_POINT('Ctrl Pts',(8.36799999999983,-4.83076246658884,3.88936860743088));
#3774=CARTESIAN_POINT('Ctrl Pts',(8.36799999999983,-4.83076246658896,3.86694861940128));
#3775=CARTESIAN_POINT('Ctrl Pts',(8.36799999999983,-4.82689409188677,3.84032419226678));
#3776=CARTESIAN_POINT('Ctrl Pts',(8.36799999999983,-4.81385807644084,3.79470103389637));
#3777=CARTESIAN_POINT('Ctrl Pts',(8.36799999999983,-4.80149386004562,3.76732918228628));
#3778=CARTESIAN_POINT('Ctrl Pts',(8.36799999999984,-4.75233928348099,3.68582509777404));
#3779=CARTESIAN_POINT('Ctrl Pts',(8.36799999999984,-4.68949483058842,3.62981716975698));
#3780=CARTESIAN_POINT('Ctrl Pts',(8.36799999999984,-4.53765632210999,3.53071106347197));
#3781=CARTESIAN_POINT('Ctrl Pts',(8.36799999999984,-4.41287185789397,3.48353681968687));
#3782=CARTESIAN_POINT('Ctrl Pts',(8.36799999999985,-4.12977743579946,3.40943267552506));
#3783=CARTESIAN_POINT('Ctrl Pts',(8.36799999999985,-3.91294835714552,3.38936860743088));
#3784=CARTESIAN_POINT('Ctrl Pts',(8.36799999999985,-3.73148552008238,3.38936860743088));
#3785=CARTESIAN_POINT('Ctrl Pts',(10.3221207878287,-3.19703199314417,-3.42594116160109));
#3786=CARTESIAN_POINT('Ctrl Pts',(10.7344706707543,-1.77707233692546,-2.74853379910589));
#3787=CARTESIAN_POINT('Ctrl Pts',(10.8565165906,-0.273483101656998,-2.21285842603488));
#3788=CARTESIAN_POINT('Ctrl Pts',(10.6785713415274,1.19439064617352,-1.86143344536371));
#3789=CARTESIAN_POINT('Ctrl Pts',(10.4008730849654,-3.23586088420581,-3.39248720235371));
#3790=CARTESIAN_POINT('Ctrl Pts',(10.8186202854886,-1.80610639525243,-2.7089139565889));
#3791=CARTESIAN_POINT('Ctrl Pts',(10.9440764882079,-0.289585908377548,-2.16730003433055));
#3792=CARTESIAN_POINT('Ctrl Pts',(10.7656251217559,1.19301300443379,-1.81159916575241));
#3793=CARTESIAN_POINT('Ctrl Pts',(10.5841479186383,-3.29917873322549,-3.37132499522115));
#3794=CARTESIAN_POINT('Ctrl Pts',(11.0141788829966,-1.84903923203389,-2.67815166378201));
#3795=CARTESIAN_POINT('Ctrl Pts',(11.1476332175816,-0.306083581039083,-2.12698036439362));
#3796=CARTESIAN_POINT('Ctrl Pts',(10.9690776695881,1.20636950239936,-1.7643692803295));
#3797=CARTESIAN_POINT('Ctrl Pts',(10.8989627697009,-3.32714267293767,-3.50434126541161));
#3798=CARTESIAN_POINT('Ctrl Pts',(11.3438023094824,-1.84753941204071,-2.80940554143307));
#3799=CARTESIAN_POINT('Ctrl Pts',(11.486151678571,-0.270061590524117,-2.25614210120013));
#3800=CARTESIAN_POINT('Ctrl Pts',(11.3071184252434,1.27790681956659,-1.8920067730101));
#3801=CARTESIAN_POINT('Ctrl Pts',(11.0273951238043,-3.26343421208209,-3.71606395738948));
#3802=CARTESIAN_POINT('Ctrl Pts',(11.4676831458177,-1.77620780882909,-3.03190062293742));
#3803=CARTESIAN_POINT('Ctrl Pts',(11.6032140130399,-0.196793628598205,-2.4896354857325));
#3804=CARTESIAN_POINT('Ctrl Pts',(11.4206062296338,1.34943100046144,-2.13329255664942));
#3805=CARTESIAN_POINT('Ctrl Pts',(11.0437659827828,-3.20705985561985,-3.84419931346997));
#3806=CARTESIAN_POINT('Ctrl Pts',(11.4748590422051,-1.72255657866393,-3.16679195097477));
#3807=CARTESIAN_POINT('Ctrl Pts',(11.602452503862,-0.150622378155999,-2.63111657790377));
#3808=CARTESIAN_POINT('Ctrl Pts',(11.4164188343769,1.38397290366682,-2.27969159723259));
#3809=CARTESIAN_POINT('',(11.437868750777,1.1938,-2.32412737529595));
#3810=CARTESIAN_POINT('',(10.6786429273086,1.1938,-1.86157486185573));
#3811=CARTESIAN_POINT('Ctrl Pts',(11.4378489966672,1.19380086916154,-2.32413802723787));
#3812=CARTESIAN_POINT('Ctrl Pts',(11.4378485578042,1.19379567100292,-2.29778301786648));
#3813=CARTESIAN_POINT('Ctrl Pts',(11.4357341385251,1.19378847359988,-2.27155402807232));
#3814=CARTESIAN_POINT('Ctrl Pts',(11.4316756809231,1.19378395377761,-2.24564336230986));
#3815=CARTESIAN_POINT('Ctrl Pts',(11.4274564987682,1.19377925495965,-2.21870657269005));
#3816=CARTESIAN_POINT('Ctrl Pts',(11.4211359906584,1.1937771328241,-2.19211266827171));
#3817=CARTESIAN_POINT('Ctrl Pts',(11.4128494317536,1.19377653142978,-2.16607987888029));
#3818=CARTESIAN_POINT('Ctrl Pts',(11.4083079887419,1.19377620183603,-2.15181262623472));
#3819=CARTESIAN_POINT('Ctrl Pts',(11.4031750894323,1.19377624851758,-2.13771404911943));
#3820=CARTESIAN_POINT('Ctrl Pts',(11.3974667908577,1.19377628707048,-2.12382231307791));
#3821=CARTESIAN_POINT('Ctrl Pts',(11.3870167781144,1.19377635764812,-2.09839112429848));
#3822=CARTESIAN_POINT('Ctrl Pts',(11.3747069626163,1.19377776448715,-2.07381187451596));
#3823=CARTESIAN_POINT('Ctrl Pts',(11.3606693488364,1.19377906774463,-2.05030388519757));
#3824=CARTESIAN_POINT('Ctrl Pts',(11.3468845990167,1.19378034752612,-2.02721935269783));
#3825=CARTESIAN_POINT('Ctrl Pts',(11.3314330275588,1.19378118241811,-2.00516676793818));
#3826=CARTESIAN_POINT('Ctrl Pts',(11.3143976825649,1.19378225178279,-1.98437886034881));
#3827=CARTESIAN_POINT('Ctrl Pts',(11.3049242984185,1.19378284645829,-1.97281866980006));
#3828=CARTESIAN_POINT('Ctrl Pts',(11.2949604439415,1.19378357902573,-1.96165011658305));
#3829=CARTESIAN_POINT('Ctrl Pts',(11.2845158016256,1.19378544101176,-1.95091851898282));
#3830=CARTESIAN_POINT('Ctrl Pts',(11.2726055893532,1.19378756426771,-1.93868108647202));
#3831=CARTESIAN_POINT('Ctrl Pts',(11.2601201486296,1.19379150548293,-1.927062933186));
#3832=CARTESIAN_POINT('Ctrl Pts',(11.2470830266023,1.19379768200896,-1.9161222387205));
#3833=CARTESIAN_POINT('Ctrl Pts',(11.2265353226169,1.19380741678234,-1.89887869748493));
#3834=CARTESIAN_POINT('Ctrl Pts',(11.204618192476,1.19382200565632,-1.88331560789222));
#3835=CARTESIAN_POINT('Ctrl Pts',(11.1815776286284,1.19383048350831,-1.86952595975257));
#3836=CARTESIAN_POINT('Ctrl Pts',(11.1607825372624,1.19383813513125,-1.85708021428965));
#3837=CARTESIAN_POINT('Ctrl Pts',(11.1390711849675,1.19384078219526,-1.84607933456148));
#3838=CARTESIAN_POINT('Ctrl Pts',(11.1166135935182,1.19383973576061,-1.83662522181687));
#3839=CARTESIAN_POINT('Ctrl Pts',(11.0921330871051,1.19383859506614,-1.82631950990658));
#3840=CARTESIAN_POINT('Ctrl Pts',(11.0669512294941,1.19383267255895,-1.81792901490339));
#3841=CARTESIAN_POINT('Ctrl Pts',(11.0413098525188,1.19382403450399,-1.81154721606608));
#3842=CARTESIAN_POINT('Ctrl Pts',(11.0174711325974,1.19381600372728,-1.80561407467418));
#3843=CARTESIAN_POINT('Ctrl Pts',(10.9932341585239,1.19380557223052,-1.80141724788007));
#3844=CARTESIAN_POINT('Ctrl Pts',(10.9687883380787,1.19380601042745,-1.79907029085906));
#3845=CARTESIAN_POINT('Ctrl Pts',(10.9539331869389,1.19380627670944,-1.7976441001798));
#3846=CARTESIAN_POINT('Ctrl Pts',(10.9390008927222,1.1938108081368,-1.79690185430124));
#3847=CARTESIAN_POINT('Ctrl Pts',(10.9240331834534,1.19381708366559,-1.79684440501877));
#3848=CARTESIAN_POINT('Ctrl Pts',(10.8975376036871,1.193828192498,-1.79674270929374));
#3849=CARTESIAN_POINT('Ctrl Pts',(10.871120821801,1.19384167205776,-1.79878518072801));
#3850=CARTESIAN_POINT('Ctrl Pts',(10.8450179808548,1.19384600592569,-1.80292485655072));
#3851=CARTESIAN_POINT('Ctrl Pts',(10.8288261876305,1.19384869425733,-1.80549272933802));
#3852=CARTESIAN_POINT('Ctrl Pts',(10.8127551886621,1.19384817170777,-1.80886856269088));
#3853=CARTESIAN_POINT('Ctrl Pts',(10.7968637177855,1.19384482917315,-1.81305038550134));
#3854=CARTESIAN_POINT('Ctrl Pts',(10.7713883502839,1.19383947080838,-1.8197542000035));
#3855=CARTESIAN_POINT('Ctrl Pts',(10.7465341009646,1.19382572062919,-1.82848483039593));
#3856=CARTESIAN_POINT('Ctrl Pts',(10.7225340403834,1.19381383335857,-1.83919615143786));
#3857=CARTESIAN_POINT('Ctrl Pts',(10.7075502681471,1.19380641187082,-1.84588346767608));
#3858=CARTESIAN_POINT('Ctrl Pts',(10.6928995904757,1.19379999943296,-1.85334377451325));
#3859=CARTESIAN_POINT('Ctrl Pts',(10.6786429270915,1.19380000000883,-1.86157486197834));
#3860=CARTESIAN_POINT('',(10.3441860560746,-3.12000199089134,-3.38936860739984));
#3861=CARTESIAN_POINT('Origin',(-0.2414814565723,-0.129409522551261,-8.57571406552913));
#3862=CARTESIAN_POINT('',(11.2981908031242,-2.14496726692979,-3.38936860740248));
#3863=CARTESIAN_POINT('Ctrl Pts',(10.3441822822739,-3.12000153628607,-3.38937064554934));
#3864=CARTESIAN_POINT('Ctrl Pts',(10.3543558730155,-3.13898362006535,-3.38936982585648));
#3865=CARTESIAN_POINT('Ctrl Pts',(10.3658935332662,-3.15743967601966,-3.3893940285744));
#3866=CARTESIAN_POINT('Ctrl Pts',(10.3789898657047,-3.17463892324932,-3.38942188635452));
#3867=CARTESIAN_POINT('Ctrl Pts',(10.3913594961595,-3.19088380198387,-3.38944819833514));
#3868=CARTESIAN_POINT('Ctrl Pts',(10.4051201306146,-3.206007523203,-3.38947780576352));
#3869=CARTESIAN_POINT('Ctrl Pts',(10.4204013089019,-3.21936360976396,-3.38950064834145));
#3870=CARTESIAN_POINT('Ctrl Pts',(10.4212990610713,-3.22014826494299,-3.38950199031741));
#3871=CARTESIAN_POINT('Ctrl Pts',(10.4222020495843,-3.22092680987479,-3.38950331133827));
#3872=CARTESIAN_POINT('Ctrl Pts',(10.4231102961586,-3.22169910990558,-3.38950461028565));
#3873=CARTESIAN_POINT('Ctrl Pts',(10.4388502202273,-3.23508307873746,-3.38952712105939));
#3874=CARTESIAN_POINT('Ctrl Pts',(10.4559094497358,-3.24636545932676,-3.38953922977467));
#3875=CARTESIAN_POINT('Ctrl Pts',(10.4743331367872,-3.2550868341252,-3.38953526654394));
#3876=CARTESIAN_POINT('Ctrl Pts',(10.4826252367628,-3.25901213482923,-3.38953348278017));
#3877=CARTESIAN_POINT('Ctrl Pts',(10.491193260164,-3.262418274455,-3.38952868880553));
#3878=CARTESIAN_POINT('Ctrl Pts',(10.5000386917113,-3.26526142975057,-3.38952171815764));
#3879=CARTESIAN_POINT('Ctrl Pts',(10.5227357779241,-3.2725568726597,-3.3895038317046));
#3880=CARTESIAN_POINT('Ctrl Pts',(10.5460940447395,-3.27577142248396,-3.38947080094382));
#3881=CARTESIAN_POINT('Ctrl Pts',(10.5697941219291,-3.27534386938455,-3.3894550590814));
#3882=CARTESIAN_POINT('Ctrl Pts',(10.5736758730476,-3.27527384198723,-3.38945248077789));
#3883=CARTESIAN_POINT('Ctrl Pts',(10.5775668635385,-3.27510615843747,-3.38945044199476));
#3884=CARTESIAN_POINT('Ctrl Pts',(10.581465771003,-3.27484280119461,-3.38944917119032));
#3885=CARTESIAN_POINT('Ctrl Pts',(10.5833555819427,-3.27471515123031,-3.38944855522798));
#3886=CARTESIAN_POINT('Ctrl Pts',(10.5852431613286,-3.27456535977109,-3.38944815015171));
#3887=CARTESIAN_POINT('Ctrl Pts',(10.5871282777937,-3.27439391292707,-3.38944796389224));
#3888=CARTESIAN_POINT('Ctrl Pts',(10.6063985984011,-3.27264132325293,-3.38944605988268));
#3889=CARTESIAN_POINT('Ctrl Pts',(10.6254081290304,-3.26862503990465,-3.38946411360365));
#3890=CARTESIAN_POINT('Ctrl Pts',(10.6439263268817,-3.26289303217442,-3.38947761690388));
#3891=CARTESIAN_POINT('Ctrl Pts',(10.6559004520926,-3.2591866359677,-3.3894863483263));
#3892=CARTESIAN_POINT('Ctrl Pts',(10.6676700086051,-3.25476309034254,-3.38949391802453));
#3893=CARTESIAN_POINT('Ctrl Pts',(10.6791815179811,-3.24977238047665,-3.3895007972924));
#3894=CARTESIAN_POINT('Ctrl Pts',(10.6993626073926,-3.24102305328234,-3.38951285749368));
#3895=CARTESIAN_POINT('Ctrl Pts',(10.7190034098112,-3.23043073334643,-3.38952740078968));
#3896=CARTESIAN_POINT('Ctrl Pts',(10.7379277704959,-3.21852509254398,-3.38952633627363));
#3897=CARTESIAN_POINT('Ctrl Pts',(10.7577400209856,-3.20606086499374,-3.3895252218128));
#3898=CARTESIAN_POINT('Ctrl Pts',(10.7767671006058,-3.1921573985859,-3.38950718082617));
#3899=CARTESIAN_POINT('Ctrl Pts',(10.7948533491536,-3.17742761776926,-3.38948503097604));
#3900=CARTESIAN_POINT('Ctrl Pts',(10.8023706350015,-3.17130539885898,-3.38947582471337));
#3901=CARTESIAN_POINT('Ctrl Pts',(10.8097259176141,-3.16504047216578,-3.38946627974154));
#3902=CARTESIAN_POINT('Ctrl Pts',(10.8169101403476,-3.15867694787191,-3.38945880499689));
#3903=CARTESIAN_POINT('Ctrl Pts',(10.8463431210284,-3.1326062796101,-3.38942818177945));
#3904=CARTESIAN_POINT('Ctrl Pts',(10.8756688166891,-3.10238298374271,-3.3893942477743));
#3905=CARTESIAN_POINT('Ctrl Pts',(10.9045336732221,-3.06816912994058,-3.38939927288002));
#3906=CARTESIAN_POINT('Ctrl Pts',(10.9061688821234,-3.06623089760526,-3.38939955755483));
#3907=CARTESIAN_POINT('Ctrl Pts',(10.9078026037171,-3.06427985948777,-3.38939997832806));
#3908=CARTESIAN_POINT('Ctrl Pts',(10.9094347706007,-3.06231604546905,-3.38940054678825));
#3909=CARTESIAN_POINT('Ctrl Pts',(10.9392020178133,-3.02650026096617,-3.38941091429125));
#3910=CARTESIAN_POINT('Ctrl Pts',(10.9684555022236,-2.98643481885499,-3.38946740188864));
#3911=CARTESIAN_POINT('Ctrl Pts',(10.9969095355362,-2.9424035913512,-3.38952452598774));
#3912=CARTESIAN_POINT('Ctrl Pts',(11.0064749469653,-2.92760158412161,-3.38954372943438));
#3913=CARTESIAN_POINT('Ctrl Pts',(11.0159496709258,-2.91235142247289,-3.38956328861367));
#3914=CARTESIAN_POINT('Ctrl Pts',(11.0253218004312,-2.89666400571321,-3.3895822267104));
#3915=CARTESIAN_POINT('Ctrl Pts',(11.0523837159424,-2.85136677132306,-3.38963691024559));
#3916=CARTESIAN_POINT('Ctrl Pts',(11.0783038974246,-2.8029166787544,-3.38968947023551));
#3917=CARTESIAN_POINT('Ctrl Pts',(11.1028852682502,-2.75167072910707,-3.38971432259786));
#3918=CARTESIAN_POINT('Ctrl Pts',(11.1292451954315,-2.69671693866873,-3.38974097312385));
#3919=CARTESIAN_POINT('Ctrl Pts',(11.1540664607247,-2.63854759719899,-3.38973694743489));
#3920=CARTESIAN_POINT('Ctrl Pts',(11.1770669602383,-2.57759239658513,-3.38971290134643));
#3921=CARTESIAN_POINT('Ctrl Pts',(11.1998871654364,-2.51711500629741,-3.38968904374837));
#3922=CARTESIAN_POINT('Ctrl Pts',(11.2209155541327,-2.45389463612993,-3.38964717219623));
#3923=CARTESIAN_POINT('Ctrl Pts',(11.2398294653417,-2.3883495734107,-3.3896149173812));
#3924=CARTESIAN_POINT('Ctrl Pts',(11.2575079746607,-2.32708572431605,-3.38958476935724));
#3925=CARTESIAN_POINT('Ctrl Pts',(11.2733392444793,-2.26379052714121,-3.38956425305141));
#3926=CARTESIAN_POINT('Ctrl Pts',(11.2870153432875,-2.19881165305304,-3.38957041091082));
#3927=CARTESIAN_POINT('Ctrl Pts',(11.2907696441099,-2.1809739462734,-3.38957210133856));
#3928=CARTESIAN_POINT('Ctrl Pts',(11.2943612583328,-2.16300941658769,-3.38957571172236));
#3929=CARTESIAN_POINT('Ctrl Pts',(11.2977831640423,-2.14492540582848,-3.38958133655918));
#3930=CARTESIAN_POINT('Origin',(0.,0.,-8.99397221739802));
#3931=CARTESIAN_POINT('Origin',(11.5155696864442,-0.0337689343552977,-1.7581861222615));
#3932=CARTESIAN_POINT('',(11.5621934403311,1.1938,-1.35145673531948));
#3933=CARTESIAN_POINT('',(8.99147998393977,-0.595818096421859,-3.38936860739609));
#3934=CARTESIAN_POINT('Ctrl Pts',(10.1574356788279,1.34653028256217,2.13025579854567));
#3935=CARTESIAN_POINT('Ctrl Pts',(9.87220213647098,0.649435074092563,2.51061746911086));
#3936=CARTESIAN_POINT('Ctrl Pts',(9.44576321555699,-0.0314520826447541,
2.96748931433884));
#3937=CARTESIAN_POINT('Ctrl Pts',(8.90589737752068,-0.651777830821222,3.47111045568195));
#3938=CARTESIAN_POINT('Ctrl Pts',(10.2667374941486,1.27880713732253,2.088103980106));
#3939=CARTESIAN_POINT('Ctrl Pts',(9.97527140538597,0.569669827169767,2.4758537220807));
#3940=CARTESIAN_POINT('Ctrl Pts',(9.54125536326421,-0.119556420080332,2.9395428601449));
#3941=CARTESIAN_POINT('Ctrl Pts',(8.99387609269714,-0.745932591910458,3.44944750525485));
#3942=CARTESIAN_POINT('Ctrl Pts',(10.5409002202405,1.17381447397083,2.10127702930164));
#3943=CARTESIAN_POINT('Ctrl Pts',(10.2356584969286,0.439845852293971,2.50169669686));
#3944=CARTESIAN_POINT('Ctrl Pts',(9.78563694864965,-0.266519771870495,2.97676689901373));
#3945=CARTESIAN_POINT('Ctrl Pts',(9.22158220495438,-0.905865039715064,3.49654746558296));
#3946=CARTESIAN_POINT('Ctrl Pts',(10.8361746747302,1.20216362468388,2.37465955912734));
#3947=CARTESIAN_POINT('Ctrl Pts',(10.5250812622091,0.45206563932904,2.77633472703612));
#3948=CARTESIAN_POINT('Ctrl Pts',(10.0673961233209,-0.268274786442674,3.2517675227894));
#3949=CARTESIAN_POINT('Ctrl Pts',(9.49454006613551,-0.920459471917221,3.77117319323068));
#3950=CARTESIAN_POINT('Ctrl Pts',(10.8953354883982,1.35075459981701,2.6913494744371));
#3951=CARTESIAN_POINT('Ctrl Pts',(10.5946980660569,0.608328019861136,3.08315376148921));
#3952=CARTESIAN_POINT('Ctrl Pts',(10.1482707436481,-0.110291312423741,3.54966142205124));
#3953=CARTESIAN_POINT('Ctrl Pts',(9.58569070905966,-0.764516147859731,4.06096400107814));
#3954=CARTESIAN_POINT('Ctrl Pts',(10.8127939494301,1.46933653515255,2.84677860401824));
#3955=CARTESIAN_POINT('Ctrl Pts',(10.5242560834546,0.741669499616126,3.23069369742394));
#3956=CARTESIAN_POINT('Ctrl Pts',(10.0917596537082,0.0318472456157843,3.6903778216947));
#3957=CARTESIAN_POINT('Ctrl Pts',(9.54287225532014,-0.617454707827611,4.19620410879619));
#3958=CARTESIAN_POINT('Ctrl Pts',(10.7489623260969,1.52562244262376,2.90206734100793));
#3959=CARTESIAN_POINT('Ctrl Pts',(10.4668039115897,0.806861039111039,3.28242901157311));
#3960=CARTESIAN_POINT('Ctrl Pts',(10.0416532048981,0.102845384923751,3.73930085680109));
#3961=CARTESIAN_POINT('Ctrl Pts',(9.50035714939687,-0.542525414339969,4.24292199814421));
#3962=CARTESIAN_POINT('',(10.0925941731139,1.19380000003721,2.2149469731911));
#3963=CARTESIAN_POINT('Ctrl Pts',(10.0925743143202,1.19380529888912,2.21495679920052));
#3964=CARTESIAN_POINT('Ctrl Pts',(10.1173939959997,1.19380595079064,2.20062890410556));
#3965=CARTESIAN_POINT('Ctrl Pts',(10.1431193332448,1.19384562634678,2.18797133457663));
#3966=CARTESIAN_POINT('Ctrl Pts',(10.1695690688707,1.19388242881332,2.17714041459295));
#3967=CARTESIAN_POINT('Ctrl Pts',(10.1941257101355,1.19391659720658,2.16708469908908));
#3968=CARTESIAN_POINT('Ctrl Pts',(10.2193074716076,1.19394811235388,2.15860385309543));
#3969=CARTESIAN_POINT('Ctrl Pts',(10.2449496999829,1.19396130981412,2.15185676808241));
#3970=CARTESIAN_POINT('Ctrl Pts',(10.2682263215972,1.19397328975142,2.1457321309195));
#3971=CARTESIAN_POINT('Ctrl Pts',(10.2918826703874,1.19397014164392,2.14103645861758));
#3972=CARTESIAN_POINT('Ctrl Pts',(10.3157724310546,1.19395666770983,2.13791276109473));
#3973=CARTESIAN_POINT('Ctrl Pts',(10.3408976294598,1.19394249698322,2.13462752433105));
#3974=CARTESIAN_POINT('Ctrl Pts',(10.3661213060532,1.1939138548813,2.13310271604738));
#3975=CARTESIAN_POINT('Ctrl Pts',(10.3912504919629,1.19387204449464,2.13348057066667));
#3976=CARTESIAN_POINT('Ctrl Pts',(10.4147412462472,1.19383296015967,2.13383378903389));
#3977=CARTESIAN_POINT('Ctrl Pts',(10.4381498727447,1.19378221746905,2.13584992415055));
#3978=CARTESIAN_POINT('Ctrl Pts',(10.4612903688223,1.19374330625528,2.13967165892887));
#3979=CARTESIAN_POINT('Ctrl Pts',(10.4756037020739,1.19371923809494,2.14203555654359));
#3980=CARTESIAN_POINT('Ctrl Pts',(10.4898138712013,1.1937001417062,2.14509076901325));
#3981=CARTESIAN_POINT('Ctrl Pts',(10.5038697097568,1.19369677674241,2.14887604256812));
#3982=CARTESIAN_POINT('Ctrl Pts',(10.5097132469565,1.19369537780125,2.15044972219895));
#3983=CARTESIAN_POINT('Ctrl Pts',(10.5155109455527,1.19369661309973,2.15214458743463));
#3984=CARTESIAN_POINT('Ctrl Pts',(10.52125976633,1.19370113429972,2.15396143496154));
#3985=CARTESIAN_POINT('Ctrl Pts',(10.5462071782828,1.19372075436493,2.16184577254398));
#3986=CARTESIAN_POINT('Ctrl Pts',(10.5702362497713,1.19379965536006,2.17202521555291));
#3987=CARTESIAN_POINT('Ctrl Pts',(10.593149826291,1.19387698281065,2.18438694522234));
#3988=CARTESIAN_POINT('Ctrl Pts',(10.6136973063539,1.19394632529185,2.19547218081209));
#3989=CARTESIAN_POINT('Ctrl Pts',(10.6333479968288,1.19401480068657,2.20831312258867));
#3990=CARTESIAN_POINT('Ctrl Pts',(10.6519357656902,1.1940614308383,2.22284170495251));
#3991=CARTESIAN_POINT('Ctrl Pts',(10.6719580119705,1.1941116595876,2.23849150436436));
#3992=CARTESIAN_POINT('Ctrl Pts',(10.6904193753708,1.19413605595499,2.25584180037699));
#3993=CARTESIAN_POINT('Ctrl Pts',(10.7072198584575,1.19412256001653,2.2746633599361));
#3994=CARTESIAN_POINT('Ctrl Pts',(10.7246485340876,1.19410855944687,2.29418868279227));
#3995=CARTESIAN_POINT('Ctrl Pts',(10.7402907052654,1.19405371838536,2.31529800352576));
#3996=CARTESIAN_POINT('Ctrl Pts',(10.7540234001039,1.19398316159216,2.33777263745512));
#3997=CARTESIAN_POINT('Ctrl Pts',(10.7553459450581,1.19397636652885,2.33993708617044));
#3998=CARTESIAN_POINT('Ctrl Pts',(10.7566507651111,1.19396945466073,2.34211422093364));
#3999=CARTESIAN_POINT('Ctrl Pts',(10.7579377401906,1.19396246680497,2.34430386018317));
#4000=CARTESIAN_POINT('Ctrl Pts',(10.77080129488,1.1938926218902,2.36618971072075));
#4001=CARTESIAN_POINT('Ctrl Pts',(10.7817242003017,1.19381694024747,2.38904842684438));
#4002=CARTESIAN_POINT('Ctrl Pts',(10.7907016590471,1.19376295915676,2.41263920154002));
#4003=CARTESIAN_POINT('Ctrl Pts',(10.793646572042,1.19374525151587,2.42037778112377));
#4004=CARTESIAN_POINT('Ctrl Pts',(10.7963821522228,1.19373013749708,2.42819547719716));
#4005=CARTESIAN_POINT('Ctrl Pts',(10.7989081969062,1.19371932161019,2.43608472015878));
#4006=CARTESIAN_POINT('Ctrl Pts',(10.8066216690734,1.1936862944658,2.46017513170391));
#4007=CARTESIAN_POINT('Ctrl Pts',(10.8123837308106,1.19369054055386,2.48492987360554));
#4008=CARTESIAN_POINT('Ctrl Pts',(10.8163226039753,1.19371028507533,2.51010058963826));
#4009=CARTESIAN_POINT('Ctrl Pts',(10.8202138196456,1.19372979070249,2.53496675835305));
#4010=CARTESIAN_POINT('Ctrl Pts',(10.822302736588,1.1937668312072,2.56008619837637));
#4011=CARTESIAN_POINT('Ctrl Pts',(10.8227320884098,1.19379295136479,2.58524449792139));
#4012=CARTESIAN_POINT('Ctrl Pts',(10.823192007972,1.19382093114927,2.61219394479385));
#4013=CARTESIAN_POINT('Ctrl Pts',(10.8217479930745,1.19383659459584,2.63918848131688));
#4014=CARTESIAN_POINT('Ctrl Pts',(10.8185441981418,1.19383999562946,2.6660044684667));
#4015=CARTESIAN_POINT('Ctrl Pts',(10.8163809592151,1.19384229204619,2.68411092923581));
#4016=CARTESIAN_POINT('Ctrl Pts',(10.8134147496797,1.19383973042381,2.70213682100617));
#4017=CARTESIAN_POINT('Ctrl Pts',(10.8096815930158,1.19383955919808,2.72002056208054));
#4018=CARTESIAN_POINT('Ctrl Pts',(10.8060984183113,1.19383939485145,2.7371858124058));
#4019=CARTESIAN_POINT('Ctrl Pts',(10.8018119480545,1.19383963534672,2.75420107206032));
#4020=CARTESIAN_POINT('Ctrl Pts',(10.7968502994441,1.19384100893172,2.77101763012701));
#4021=CARTESIAN_POINT('Ctrl Pts',(10.7886108488905,1.19384328994487,2.79894367035082));
#4022=CARTESIAN_POINT('Ctrl Pts',(10.7785127391822,1.19384764506666,2.82632165794007));
#4023=CARTESIAN_POINT('Ctrl Pts',(10.7667837199003,1.19384681091864,2.85299430705267));
#4024=CARTESIAN_POINT('Ctrl Pts',(10.75768367623,1.19384616373892,2.87368847302643));
#4025=CARTESIAN_POINT('Ctrl Pts',(10.7476007270649,1.19384299773675,2.8939584573414));
#4026=CARTESIAN_POINT('Ctrl Pts',(10.7366211539073,1.19384105803719,2.91373266099851));
#4027=CARTESIAN_POINT('Ctrl Pts',(10.7210478220039,1.19383830678407,2.94178022097746));
#4028=CARTESIAN_POINT('Ctrl Pts',(10.7036594775155,1.19383163144839,2.96885245846343));
#4029=CARTESIAN_POINT('Ctrl Pts',(10.6846460965906,1.19382568445474,2.99473229272837));
#4030=CARTESIAN_POINT('Ctrl Pts',(10.6655260395489,1.193819704095,3.02075732790402));
#4031=CARTESIAN_POINT('Ctrl Pts',(10.6447621995683,1.19381522783775,3.04557751827405));
#4032=CARTESIAN_POINT('Ctrl Pts',(10.6224999570457,1.19381763834565,3.0689528976765));
#4033=CARTESIAN_POINT('Ctrl Pts',(10.6177669772674,1.19381815082255,3.07392253170643));
#4034=CARTESIAN_POINT('Ctrl Pts',(10.6129661136841,1.19381895301151,3.07882676210016));
#4035=CARTESIAN_POINT('Ctrl Pts',(10.6080985162549,1.19382004919682,3.08366310638478));
#4036=CARTESIAN_POINT('',(9.13724918150345,-0.67682019894661,3.38936860742058));
#4037=CARTESIAN_POINT('Ctrl Pts',(9.50035714955351,-0.542525414153218,4.24292199799847));
#4038=CARTESIAN_POINT('Ctrl Pts',(9.50107479190021,-0.543035152562398,4.24217646127128));
#4039=CARTESIAN_POINT('Ctrl Pts',(9.50179006505544,-0.543544747548427,4.24142854721491));
#4040=CARTESIAN_POINT('Ctrl Pts',(9.52895467059117,-0.562957482414984,4.21283926322629));
#4041=CARTESIAN_POINT('Ctrl Pts',(9.55208636915818,-0.581629759235413,4.18178682114567));
#4042=CARTESIAN_POINT('Ctrl Pts',(9.59049651504095,-0.617583186577545,4.11467791975897));
#4043=CARTESIAN_POINT('Ctrl Pts',(9.60576689361002,-0.634811984942788,4.07877590096084));
#4044=CARTESIAN_POINT('Ctrl Pts',(9.63422888293655,-0.676836963922911,3.98067071828274));
#4045=CARTESIAN_POINT('Ctrl Pts',(9.64046912750671,-0.699685414831448,3.91625794708301));
#4046=CARTESIAN_POINT('Ctrl Pts',(9.62822302626219,-0.734828531139013,3.79098183786849));
#4047=CARTESIAN_POINT('Ctrl Pts',(9.6116568813185,-0.747477981798509,3.73130650841339));
#4048=CARTESIAN_POINT('Ctrl Pts',(9.55830041037446,-0.762089352100887,3.62145618113806));
#4049=CARTESIAN_POINT('Ctrl Pts',(9.52293332212012,-0.764271422009007,3.57229226300697));
#4050=CARTESIAN_POINT('Ctrl Pts',(9.43571364106162,-0.758133716540902,3.48754112724995));
#4051=CARTESIAN_POINT('Ctrl Pts',(9.38476981393128,-0.749681784374022,3.45346257348704));
#4052=CARTESIAN_POINT('Ctrl Pts',(9.27092074259391,-0.722400311906763,3.40407758365637));
#4053=CARTESIAN_POINT('Ctrl Pts',(9.2090804843473,-0.703332548332831,3.39081055408652));
#4054=CARTESIAN_POINT('Ctrl Pts',(9.14410733846367,-0.679382957691357,3.38940561182805));
#4055=CARTESIAN_POINT('Ctrl Pts',(9.1406756557159,-0.678106384721769,3.38936860743314));
#4056=CARTESIAN_POINT('Ctrl Pts',(9.13724918148978,-0.676820198983237,3.38936860743321));
#4057=CARTESIAN_POINT('',(8.99296650338919,-0.550057224857276,3.38936860740994));
#4058=CARTESIAN_POINT('Ctrl Pts',(9.13753005226763,-0.676687394887017,3.389847485702));
#4059=CARTESIAN_POINT('Ctrl Pts',(9.12019882844086,-0.670180704242985,3.38983958321271));
#4060=CARTESIAN_POINT('Ctrl Pts',(9.10348457413109,-0.662059206843549,3.38980734119587));
#4061=CARTESIAN_POINT('Ctrl Pts',(9.08762344089804,-0.652167228090224,3.38975760074127));
#4062=CARTESIAN_POINT('Ctrl Pts',(9.0678277614387,-0.639821424184405,3.38969552156439));
#4063=CARTESIAN_POINT('Ctrl Pts',(9.04992260481598,-0.625064679210682,3.38960566100989));
#4064=CARTESIAN_POINT('Ctrl Pts',(9.03406731453953,-0.60797780519099,3.38952481699212));
#4065=CARTESIAN_POINT('Ctrl Pts',(9.01897500166647,-0.591713174002832,3.38944786329473));
#4066=CARTESIAN_POINT('Ctrl Pts',(9.00610507353701,-0.573731194687282,3.38938236224833));
#4067=CARTESIAN_POINT('Ctrl Pts',(8.99531785736422,-0.554376010702145,3.38937455017159));
#4068=CARTESIAN_POINT('Ctrl Pts',(8.99451901953035,-0.552942679525588,3.3893739716551));
#4069=CARTESIAN_POINT('Ctrl Pts',(8.99373159149066,-0.551501798258032,3.38937371471256));
#4070=CARTESIAN_POINT('Ctrl Pts',(8.99295551114048,-0.550053497562623,3.38937380055871));
#4071=CARTESIAN_POINT('Ctrl Pts',(10.0925743143413,1.19380529893714,2.21495679917345));
#4072=CARTESIAN_POINT('Ctrl Pts',(9.82582232125144,0.587893152389627,2.55643600475348));
#4073=CARTESIAN_POINT('Ctrl Pts',(9.45313342841535,-0.00321157381622524,
2.95449647612133));
#4074=CARTESIAN_POINT('Ctrl Pts',(8.99295551113766,-0.550053497565963,3.38937380056137));
#4075=CARTESIAN_POINT('Origin',(-1.80410751284796E-32,1.41424310994388E-16,
-9.11559253181395));
#4076=CARTESIAN_POINT('',(-10.6328816330644,-1.16072813477012E-15,-4.11559253181395));
#4077=CARTESIAN_POINT('Origin',(-8.03176179743478E-33,1.41424310994388E-16,
-4.11559253181395));
#4078=CARTESIAN_POINT('',(-9.593323178969,-1.03341894143666E-15,-4.22485452814634));
#4079=CARTESIAN_POINT('Origin',(-10.6328816330644,-1.16072813477012E-15,
-9.11559253181395));
#4080=CARTESIAN_POINT('Origin',(0.,-1.06895857052278E-15,-4.22485452814634));
#4081=CARTESIAN_POINT('Origin',(7.99307105162242E-33,1.41424310994388E-16,
3.88936860740564));
#4082=CARTESIAN_POINT('Origin',(1.50857834943E-12,1.41424310994579E-16,
3.38936860738039));
#4083=CARTESIAN_POINT('Origin',(8.36799999999985,0.,3.38936860740564));
#4084=CARTESIAN_POINT('',(8.65352651847915,0.083346410055847,3.3893686074065));
#4085=CARTESIAN_POINT('Origin',(-6.17319714406199E-33,1.41424310994388E-16,
-3.18717487122964));
#4086=CARTESIAN_POINT('',(-11.5,-1.35212579720467E-15,-3.76559253181395));
#4087=CARTESIAN_POINT('Origin',(-7.33110986426165E-33,1.41424310994388E-16,
-3.76559253181395));
#4088=CARTESIAN_POINT('',(-11.5,-1.35212579720467E-15,-3.18717487122964));
#4089=CARTESIAN_POINT('',(11.437868750777,1.1938,-3.18717487122964));
#4090=CARTESIAN_POINT('',(7.20408686496912,-8.96387931879827,-3.38936860739114));
#4091=CARTESIAN_POINT('Origin',(-6.5779612358243E-33,1.41424310994388E-16,
-3.38936860739079));
#4092=CARTESIAN_POINT('',(7.20408686496912,-8.96387931879827,-2.2587572106361));
#4093=CARTESIAN_POINT('',(7.20408686496912,-8.96387931879827,-3.18717487122964));
#4094=CARTESIAN_POINT('Origin',(-4.31463249067072E-33,1.41424310994388E-16,
-2.2587572106361));
#4095=CARTESIAN_POINT('Origin',(-7.33110986426165E-33,1.41424310994388E-16,
-3.76559253181395));
#4096=CARTESIAN_POINT('',(-11.15,-1.22405687005491E-15,-4.11559253181395));
#4097=CARTESIAN_POINT('Origin',(-8.03176179743478E-33,1.41424310994388E-16,
-4.11559253181395));
#4098=CARTESIAN_POINT('Origin',(-11.15,-1.22405687005491E-15,-3.76559253181395));
#4099=CARTESIAN_POINT('Origin',(10.1073604567326,0.,-4.11559253181395));
#4100=CARTESIAN_POINT('Origin',(-1.29882330683691E-32,1.41424310994388E-16,
-6.59152225196838));
#4101=CARTESIAN_POINT('',(-10.2500000000114,-1.11383865813305E-15,-6.59152225196838));
#4102=CARTESIAN_POINT('Origin',(-1.29882330683691E-32,1.41424310994388E-16,
-6.59152225196838));
#4103=CARTESIAN_POINT('',(-9.96484820870602,-1.07891763528372E-15,-6.23938911570426));
#4104=CARTESIAN_POINT('Origin',(-9.89000000001142,-1.06975137336374E-15,
-6.59152225196838));
#4105=CARTESIAN_POINT('Origin',(0.,-1.11583362389684E-15,-6.23938911570426));
#4106=CARTESIAN_POINT('Origin',(-1.39060425554774E-32,1.41424310994388E-16,
-7.05000000001808));
#4107=CARTESIAN_POINT('',(-10.2500000000114,-1.18978339414104E-15,-7.80000000001808));
#4108=CARTESIAN_POINT('Origin',(-1.54074395551341E-32,1.41424310994388E-16,
-7.80000000001808));
#4109=CARTESIAN_POINT('',(-10.2500000000114,-1.18978339414104E-15,-7.05000000001808));
#4110=CARTESIAN_POINT('Origin',(-1.20429628673443E-32,1.41424310994388E-16,
-6.11932692259802));
#4111=CARTESIAN_POINT('',(-8.5500000000101,-9.68997725972313E-16,-5.93865384517796));
#4112=CARTESIAN_POINT('',(-9.4000000000101,-1.07939056005659E-15,-6.11932692259802));
#4113=CARTESIAN_POINT('Origin',(-1.1681280178868E-32,1.41424310994388E-16,
-5.93865384517796));
#4114=CARTESIAN_POINT('Origin',(-8.36309727797369E-33,1.41424310994388E-16,
-4.28110612379595));
#4115=CARTESIAN_POINT('',(-8.55000000001012,-9.68997725972315E-16,-4.44661971577796));
#4116=CARTESIAN_POINT('Origin',(-8.6944327585126E-33,1.41424310994388E-16,
-4.44661971577796));
#4117=CARTESIAN_POINT('',(-9.32868022837137,-1.07012798156548E-15,-4.28110612379595));
#4118=CARTESIAN_POINT('Origin',(5.78540728886166,-12.025219652147,-3.38936860738721));
#4119=CARTESIAN_POINT('',(5.78540728886167,-12.025219652147,2.4980018054066E-15));
#4120=CARTESIAN_POINT('Ctrl Pts',(5.98257367924625,-11.5997582347625,0.707106781186547));
#4121=CARTESIAN_POINT('Ctrl Pts',(5.96642392485614,-11.6346074673311,0.683536920915973));
#4122=CARTESIAN_POINT('Ctrl Pts',(5.95108928062826,-11.6676977899544,0.658661572901727));
#4123=CARTESIAN_POINT('Ctrl Pts',(5.89215182549754,-11.7948777476948,0.552609930561711));
#4124=CARTESIAN_POINT('Ctrl Pts',(5.84614410710301,-11.8941568846744,0.435750495667965));
#4125=CARTESIAN_POINT('Ctrl Pts',(5.79923375444334,-11.9953837981137,0.225585945407006));
#4126=CARTESIAN_POINT('Ctrl Pts',(5.78540728886166,-12.025219652147,0.104533131968119));
#4127=CARTESIAN_POINT('Ctrl Pts',(5.78540728886166,-12.025219652147,2.94902990916057E-15));
#4128=CARTESIAN_POINT('',(5.98257367924626,-11.5997582347625,-0.707106781186546));
#4129=CARTESIAN_POINT('Ctrl Pts',(5.78540728886166,-12.025219652147,2.70616862252382E-15));
#4130=CARTESIAN_POINT('Ctrl Pts',(5.78540728886166,-12.025219652147,-0.104533131968114));
#4131=CARTESIAN_POINT('Ctrl Pts',(5.79923375444334,-11.9953837981137,-0.225585945407001));
#4132=CARTESIAN_POINT('Ctrl Pts',(5.84614410710301,-11.8941568846744,-0.43575049566796));
#4133=CARTESIAN_POINT('Ctrl Pts',(5.89215182549754,-11.7948777476948,-0.552609930561706));
#4134=CARTESIAN_POINT('Ctrl Pts',(5.95108928062826,-11.6676977899544,-0.658661572901723));
#4135=CARTESIAN_POINT('Ctrl Pts',(5.96642392485614,-11.6346074673311,-0.683536920915972));
#4136=CARTESIAN_POINT('Ctrl Pts',(5.98257367924625,-11.5997582347625,-0.707106781186547));
#4137=CARTESIAN_POINT('Ctrl Pts',(5.98257367924626,-11.5997582347625,-0.707106781186545));
#4138=CARTESIAN_POINT('Ctrl Pts',(6.63192974354956,-10.1985257479943,-1.65481355936816));
#4139=CARTESIAN_POINT('Ctrl Pts',(7.20408686496913,-8.96387931879827,-2.2587572106361));
#4140=CARTESIAN_POINT('',(7.72235182221449,-7.84552571471684,-3.38936860739258));
#4141=CARTESIAN_POINT('Origin',(-2.05377162466938E-33,1.41424310994388E-16,
-1.12937860531805));
#4142=CARTESIAN_POINT('Origin',(0.,-1.50529330297947E-15,-0.707106781186546));
#4143=CARTESIAN_POINT('Origin',(-1.14537607893557E-32,1.41424310994388E-16,
-5.82500000001023));
#4144=CARTESIAN_POINT('',(-6.54999999999853,-7.09249881066626E-16,-7.80000000001155));
#4145=CARTESIAN_POINT('Origin',(-1.5407439555121E-32,1.41424310994388E-16,
-7.80000000001155));
#4146=CARTESIAN_POINT('',(-6.54999999999853,-7.09249881066626E-16,-3.85000000000891));
#4147=CARTESIAN_POINT('',(-6.54999999999853,-7.09249881066626E-16,-5.82500000001023));
#4148=CARTESIAN_POINT('Origin',(-7.50008202359034E-33,1.41424310994388E-16,
-3.85000000000891));
#4149=CARTESIAN_POINT('Origin',(4.50000000000001,0.,-3.85000000000891));
#4150=CARTESIAN_POINT('',(-4.5,-4.43008340040028E-16,-3.85000000000891));
#4151=CARTESIAN_POINT('Origin',(-7.50008202359034E-33,1.41424310994388E-16,
-3.85000000000891));
#4152=CARTESIAN_POINT('Origin',(6.54999999999799,0.,-7.80000000001155));
#4153=CARTESIAN_POINT('Origin',(-1.49449402495457E-33,1.41424310994388E-16,
-0.850000000004453));
#4154=CARTESIAN_POINT('',(-4.5,-4.43008340040028E-16,2.15));
#4155=CARTESIAN_POINT('',(-4.5,-4.43008340040028E-16,-0.850000000004453));
#4156=CARTESIAN_POINT('Origin',(4.51109397368121E-33,1.41424310994388E-16,
2.15));
#4157=CARTESIAN_POINT('Origin',(6.5500000000007,0.,2.15));
#4158=CARTESIAN_POINT('',(-6.5500000000007,-7.09249881066907E-16,2.15));
#4159=CARTESIAN_POINT('Origin',(4.51109397368122E-33,1.41424310994388E-16,
2.15));
#4160=CARTESIAN_POINT('Origin',(8.5148193060987E-33,1.41424310994388E-16,
4.14999999999979));
#4161=CARTESIAN_POINT('',(-6.5500000000007,-7.09249881066907E-16,6.14999999999957));
#4162=CARTESIAN_POINT('',(-6.5500000000007,-7.09249881066907E-16,4.14999999999979));
#4163=CARTESIAN_POINT('Origin',(1.25185446385162E-32,1.41424310994388E-16,
6.14999999999957));
#4164=CARTESIAN_POINT('Origin',(-1.01878564686903E-32,1.41424310994388E-16,
-5.19263678047796));
#4165=CARTESIAN_POINT('',(-8.55000000001011,-9.68997725972314E-16,-5.19263678047796));
#4166=CARTESIAN_POINT('Origin',(7.60875721063662,0.,6.1499999999995));
#4167=CARTESIAN_POINT('',(-6.78033008589043,-6.88926642690433E-16,6.1499999999995));
#4168=CARTESIAN_POINT('Origin',(1.2518544638516E-32,1.41424310994388E-16,
6.1499999999995));
#4169=CARTESIAN_POINT('Origin',(8.51481930609813E-33,1.41424310994388E-16,
4.1499999999995));
#4170=CARTESIAN_POINT('Origin',(-6.78033008589043,-6.88926642690433E-16,
4.1499999999995));
#4171=CARTESIAN_POINT('Origin',(10.4,0.,0.));
#4172=CARTESIAN_POINT('',(9.525,1.1938,-1.07156594925397E-16));
#4173=CARTESIAN_POINT('Origin',(10.4,1.1938,0.));
#4174=CARTESIAN_POINT('',(9.525,0.,-1.07156594925393E-16));
#4175=CARTESIAN_POINT('Origin',(8.64437244275569,0.00877396562897573,3.4177265100918));
#4176=CARTESIAN_POINT('',(10.1326958644874,1.1938,2.19179425089317));
#4177=CARTESIAN_POINT('Origin',(2.07089241331965E-34,1.41424310994388E-16,
2.4980018054066E-15));
#4178=CARTESIAN_POINT('Origin',(8.6280000000001,7.12919144784904E-18,-3.38936860739508));
#4179=CARTESIAN_POINT('Origin',(11.063378605318,1.1938,5.66879876373605E-12));
#4180=UNCERTAINTY_MEASURE_WITH_UNIT(LENGTH_MEASURE(0.01),#4184,
'DISTANCE_ACCURACY_VALUE',
'Maximum model space distance between geometric entities at asserted c
onnectivities');
#4181=UNCERTAINTY_MEASURE_WITH_UNIT(LENGTH_MEASURE(0.01),#4184,
'DISTANCE_ACCURACY_VALUE',
'Maximum model space distance between geometric entities at asserted c
onnectivities');
#4182=(
GEOMETRIC_REPRESENTATION_CONTEXT(3)
GLOBAL_UNCERTAINTY_ASSIGNED_CONTEXT((#4180))
GLOBAL_UNIT_ASSIGNED_CONTEXT((#4184,#4186,#4187))
REPRESENTATION_CONTEXT('','3D')
);
#4183=(
GEOMETRIC_REPRESENTATION_CONTEXT(3)
GLOBAL_UNCERTAINTY_ASSIGNED_CONTEXT((#4181))
GLOBAL_UNIT_ASSIGNED_CONTEXT((#4184,#4186,#4187))
REPRESENTATION_CONTEXT('','3D')
);
#4184=(
LENGTH_UNIT()
NAMED_UNIT(*)
SI_UNIT(.MILLI.,.METRE.)
);
#4185=(
LENGTH_UNIT()
NAMED_UNIT(*)
SI_UNIT($,.METRE.)
);
#4186=(
NAMED_UNIT(*)
PLANE_ANGLE_UNIT()
SI_UNIT($,.RADIAN.)
);
#4187=(
NAMED_UNIT(*)
SI_UNIT($,.STERADIAN.)
SOLID_ANGLE_UNIT()
);
#4188=SHAPE_DEFINITION_REPRESENTATION(#4189,#4190);
#4189=PRODUCT_DEFINITION_SHAPE('',$,#4192);
#4190=SHAPE_REPRESENTATION('',(#1319),#4182);
#4191=PRODUCT_DEFINITION_CONTEXT('part definition',#4196,'design');
#4192=PRODUCT_DEFINITION('Cutterhead_Insert_CCW_08',
'Cutterhead_Insert_CCW_08',#4193,#4191);
#4193=PRODUCT_DEFINITION_FORMATION('',$,#4198);
#4194=PRODUCT_RELATED_PRODUCT_CATEGORY('Cutterhead_Insert_CCW_08',
'Cutterhead_Insert_CCW_08',(#4198));
#4195=APPLICATION_PROTOCOL_DEFINITION('international standard',
'automotive_design',2009,#4196);
#4196=APPLICATION_CONTEXT(
'Core Data for Automotive Mechanical Design Process');
#4197=PRODUCT_CONTEXT('part definition',#4196,'mechanical');
#4198=PRODUCT('Cutterhead_Insert_CCW_08','Cutterhead_Insert_CCW_08',$,(#4197));
#4199=PRESENTATION_STYLE_ASSIGNMENT((#4202));
#4200=PRESENTATION_STYLE_ASSIGNMENT((#4203));
#4201=PRESENTATION_STYLE_ASSIGNMENT((#4204));
#4202=SURFACE_STYLE_USAGE(.BOTH.,#4205);
#4203=SURFACE_STYLE_USAGE(.BOTH.,#4206);
#4204=SURFACE_STYLE_USAGE(.BOTH.,#4207);
#4205=SURFACE_SIDE_STYLE('',(#4208));
#4206=SURFACE_SIDE_STYLE('',(#4209));
#4207=SURFACE_SIDE_STYLE('',(#4210));
#4208=SURFACE_STYLE_FILL_AREA(#4211);
#4209=SURFACE_STYLE_FILL_AREA(#4212);
#4210=SURFACE_STYLE_FILL_AREA(#4213);
#4211=FILL_AREA_STYLE('Steel - Satin',(#4214));
#4212=FILL_AREA_STYLE('Paint - Enamel Glossy (Blue)',(#4215));
#4213=FILL_AREA_STYLE('ABS (White)',(#4216));
#4214=FILL_AREA_STYLE_COLOUR('Steel - Satin',#4217);
#4215=FILL_AREA_STYLE_COLOUR('Paint - Enamel Glossy (Blue)',#4218);
#4216=FILL_AREA_STYLE_COLOUR('ABS (White)',#4219);
#4217=COLOUR_RGB('Steel - Satin',0.627450980392157,0.627450980392157,0.627450980392157);
#4218=COLOUR_RGB('Paint - Enamel Glossy (Blue)',0.188235294117647,0.231372549019608,
0.588235294117647);
#4219=COLOUR_RGB('ABS (White)',0.964705882352941,0.964705882352941,0.952941176470588);
ENDSEC;
END-ISO-10303-21;
