ISO-10303-21;
HEADER;
/* Generated by software containing ST-Developer
 * from STEP Tools, Inc. (www.steptools.com) 
 */

FILE_DESCRIPTION(
/* description */ (''),
/* implementation_level */ '2;1');

FILE_NAME(
/* name */ 'Housing_Sq_6201.step',
/* time_stamp */ '2026-03-03T14:17:58-08:00',
/* author */ (''),
/* organization */ (''),
/* preprocessor_version */ 'ST-DEVELOPER v20.1',
/* originating_system */ 'Autodesk Translation Framework v14.24.0.0',
/* authorisation */ '');

FILE_SCHEMA (('AUTOMOTIVE_DESIGN { 1 0 10303 214 3 1 1 }'));
ENDSEC;

DATA;
#10=MECHANICAL_DESIGN_GEOMETRIC_PRESENTATION_REPRESENTATION('',(#13),#7765);
#11=SHAPE_REPRESENTATION_RELATIONSHIP('SRR','None',#7772,#12);
#12=ADVANCED_BREP_SHAPE_REPRESENTATION('',(#14),#7764);
#13=STYLED_ITEM('',(#7781),#14);
#14=MANIFOLD_SOLID_BREP('Body1',#2881);
#15=CONICAL_SURFACE('',#2938,2.5625,0.785398163397444);
#16=CONICAL_SURFACE('',#2942,2.5625,0.785398163397451);
#17=CONICAL_SURFACE('',#2943,8.32145,0.785398163397449);
#18=CONICAL_SURFACE('',#2946,21.1008295344556,0.785398163397448);
#19=CONICAL_SURFACE('',#2949,8.32145,0.785398163397448);
#20=CONICAL_SURFACE('',#2960,3.92502410415,0.785398163397449);
#21=CONICAL_SURFACE('',#2963,25.4972554303056,0.78539816339745);
#22=CONICAL_SURFACE('',#2966,3.92502410415,0.785398163397449);
#23=CONICAL_SURFACE('',#3048,4.5,0.785398163397447);
#24=CONICAL_SURFACE('',#3056,4.5,0.785398163397447);
#25=CYLINDRICAL_SURFACE('',#2926,3.);
#26=CYLINDRICAL_SURFACE('',#2928,1.625);
#27=CYLINDRICAL_SURFACE('',#2929,1.625);
#28=CYLINDRICAL_SURFACE('',#2930,12.);
#29=CYLINDRICAL_SURFACE('',#2932,3.);
#30=CYLINDRICAL_SURFACE('',#2935,3.);
#31=CYLINDRICAL_SURFACE('',#2939,12.);
#32=CYLINDRICAL_SURFACE('',#2941,1.625);
#33=CYLINDRICAL_SURFACE('',#2992,2.5);
#34=CYLINDRICAL_SURFACE('',#2994,2.5);
#35=CYLINDRICAL_SURFACE('',#2997,2.5);
#36=CYLINDRICAL_SURFACE('',#3000,2.5);
#37=CYLINDRICAL_SURFACE('',#3001,3.);
#38=CYLINDRICAL_SURFACE('',#3003,3.);
#39=CYLINDRICAL_SURFACE('',#3007,3.);
#40=CYLINDRICAL_SURFACE('',#3011,3.);
#41=CYLINDRICAL_SURFACE('',#3015,3.);
#42=CYLINDRICAL_SURFACE('',#3027,1.625);
#43=CYLINDRICAL_SURFACE('',#3028,1.625);
#44=CYLINDRICAL_SURFACE('',#3030,1.625);
#45=CYLINDRICAL_SURFACE('',#3031,1.625);
#46=CYLINDRICAL_SURFACE('',#3033,1.625);
#47=CYLINDRICAL_SURFACE('',#3034,1.625);
#48=CYLINDRICAL_SURFACE('',#3036,1.625);
#49=CYLINDRICAL_SURFACE('',#3037,1.625);
#50=CYLINDRICAL_SURFACE('',#3039,1.625);
#51=CYLINDRICAL_SURFACE('',#3041,1.625);
#52=CYLINDRICAL_SURFACE('',#3043,1.625);
#53=CYLINDRICAL_SURFACE('',#3045,1.625);
#54=CYLINDRICAL_SURFACE('',#3046,1.625);
#55=CYLINDRICAL_SURFACE('',#3050,4.8141);
#56=CYLINDRICAL_SURFACE('',#3057,1.99999999999991);
#57=CYLINDRICAL_SURFACE('',#3060,2.);
#58=CYLINDRICAL_SURFACE('',#3062,2.);
#59=CYLINDRICAL_SURFACE('',#3077,4.8141);
#60=CYLINDRICAL_SURFACE('',#3078,24.6081795344556);
#61=CYLINDRICAL_SURFACE('',#3083,16.0500000000001);
#62=CYLINDRICAL_SURFACE('',#3084,16.0500000000001);
#63=(
BOUNDED_SURFACE()
B_SPLINE_SURFACE(1,2,((#4146,#4147,#4148,#4149,#4150,#4151,#4152,#4153,
#4154),(#4155,#4156,#4157,#4158,#4159,#4160,#4161,#4162,#4163)),
 .UNSPECIFIED.,.F.,.T.,.F.)
B_SPLINE_SURFACE_WITH_KNOTS((2,2),(3,2,2,2,3),(-0.991360384615385,0.73076923076923),
(-3.14159265358979,-1.5707963267949,0.,1.5707963267949,3.14159265358979),
 .UNSPECIFIED.)
GEOMETRIC_REPRESENTATION_ITEM()
RATIONAL_B_SPLINE_SURFACE(((1.,0.707106781186548,1.,0.707106781186548,1.,
0.707106781186548,1.,0.707106781186548,1.),(1.,0.707106781186548,1.,0.707106781186548,
1.,0.707106781186548,1.,0.707106781186548,1.)))
REPRESENTATION_ITEM('')
SURFACE()
);
#64=(
BOUNDED_CURVE()
B_SPLINE_CURVE(2,(#4142,#4143,#4144),.UNSPECIFIED.,.F.,.F.)
B_SPLINE_CURVE_WITH_KNOTS((3,3),(5.44252810573738,5.47673243404047),
 .UNSPECIFIED.)
CURVE()
GEOMETRIC_REPRESENTATION_ITEM()
RATIONAL_B_SPLINE_CURVE((1.80434675959032,1.79226039346888,1.77999034139452))
REPRESENTATION_ITEM('')
);
#65=(
BOUNDED_CURVE()
B_SPLINE_CURVE(2,(#7346,#7347,#7348),.UNSPECIFIED.,.F.,.F.)
B_SPLINE_CURVE_WITH_KNOTS((3,3),(3.29897725551421,3.77119223713272),
 .UNSPECIFIED.)
CURVE()
GEOMETRIC_REPRESENTATION_ITEM()
RATIONAL_B_SPLINE_CURVE((3.18567333457967,3.18567333457967,3.14089106147509))
REPRESENTATION_ITEM('')
);
#66=(
BOUNDED_CURVE()
B_SPLINE_CURVE(2,(#7349,#7350,#7351,#7352),.UNSPECIFIED.,.F.,.F.)
B_SPLINE_CURVE_WITH_KNOTS((3,1,3),(5.61820426946406,6.30787230877278,6.52586173196344),
 .UNSPECIFIED.)
CURVE()
GEOMETRIC_REPRESENTATION_ITEM()
RATIONAL_B_SPLINE_CURVE((3.77398444814573,3.2197659374319,2.25628178380258,
2.00711453723211))
REPRESENTATION_ITEM('')
);
#67=B_SPLINE_SURFACE_WITH_KNOTS('',3,3,((#3920,#3921,#3922,#3923,#3924,
#3925,#3926,#3927,#3928,#3929,#3930,#3931,#3932,#3933,#3934,#3935,#3936),
(#3937,#3938,#3939,#3940,#3941,#3942,#3943,#3944,#3945,#3946,#3947,#3948,
#3949,#3950,#3951,#3952,#3953),(#3954,#3955,#3956,#3957,#3958,#3959,#3960,
#3961,#3962,#3963,#3964,#3965,#3966,#3967,#3968,#3969,#3970),(#3971,#3972,
#3973,#3974,#3975,#3976,#3977,#3978,#3979,#3980,#3981,#3982,#3983,#3984,
#3985,#3986,#3987)),.UNSPECIFIED.,.F.,.F.,.F.,(4,4),(4,1,1,1,1,1,1,1,1,
1,1,1,1,1,4),(0.,1.),(-2.56363557651444,-2.19740192272667,-1.83116826893889,
-1.09870096136333,-0.732467307575555,-0.366233653787777,-0.122077884595925,
0.122077884595927,0.366233653787779,0.488311538383705,0.610389422979631,
1.09870096136334,1.83116826893889,2.19740192272667,2.56363557651445),
 .UNSPECIFIED.);
#68=B_SPLINE_SURFACE_WITH_KNOTS('',3,3,((#4045,#4046,#4047,#4048,#4049,
#4050,#4051,#4052,#4053,#4054),(#4055,#4056,#4057,#4058,#4059,#4060,#4061,
#4062,#4063,#4064),(#4065,#4066,#4067,#4068,#4069,#4070,#4071,#4072,#4073,
#4074),(#4075,#4076,#4077,#4078,#4079,#4080,#4081,#4082,#4083,#4084)),
 .UNSPECIFIED.,.F.,.F.,.F.,(4,4),(4,1,1,1,1,1,1,4),(0.,1.),(-3.80740945730447,
-3.61717608481456,-3.42694271232466,-3.23670933983475,-3.04647596734484,
-2.85624259485493,-2.66600922236503,-2.47577584987512),.UNSPECIFIED.);
#69=B_SPLINE_SURFACE_WITH_KNOTS('',3,3,((#4693,#4694,#4695,#4696,#4697,
#4698,#4699,#4700,#4701,#4702,#4703,#4704,#4705,#4706,#4707,#4708,#4709,
#4710,#4711,#4712,#4713),(#4714,#4715,#4716,#4717,#4718,#4719,#4720,#4721,
#4722,#4723,#4724,#4725,#4726,#4727,#4728,#4729,#4730,#4731,#4732,#4733,
#4734),(#4735,#4736,#4737,#4738,#4739,#4740,#4741,#4742,#4743,#4744,#4745,
#4746,#4747,#4748,#4749,#4750,#4751,#4752,#4753,#4754,#4755),(#4756,#4757,
#4758,#4759,#4760,#4761,#4762,#4763,#4764,#4765,#4766,#4767,#4768,#4769,
#4770,#4771,#4772,#4773,#4774,#4775,#4776)),.UNSPECIFIED.,.F.,.T.,.F.,(4,
4),(4,1,1,1,1,1,1,1,1,1,1,1,1,1,1,1,1,1,4),(0.,1.),(-3.14159265358979,-2.91719317833338,
-2.69279370307697,-2.24399475256414,-1.79519580205131,-1.34639685153848,
-1.0471975511966,-0.747998250854713,-0.448798950512828,-0.149599650170943,
0.149599650170943,0.448798950512828,0.747998250854713,1.34639685153848,
1.64559615188037,2.24399475256414,2.69279370307697,2.91719317833338,3.14159265358979),
 .UNSPECIFIED.);
#70=B_SPLINE_SURFACE_WITH_KNOTS('',3,3,((#4812,#4813,#4814,#4815,#4816,
#4817,#4818,#4819,#4820,#4821),(#4822,#4823,#4824,#4825,#4826,#4827,#4828,
#4829,#4830,#4831),(#4832,#4833,#4834,#4835,#4836,#4837,#4838,#4839,#4840,
#4841),(#4842,#4843,#4844,#4845,#4846,#4847,#4848,#4849,#4850,#4851)),
 .UNSPECIFIED.,.F.,.F.,.F.,(4,4),(4,1,1,1,1,2,4),(0.,1.),(-0.359798564620085,
-0.287838851696068,-0.215879138772051,-0.143919425848034,-0.071959712924017,
0.,0.00203552931110079),.UNSPECIFIED.);
#71=B_SPLINE_SURFACE_WITH_KNOTS('',3,3,((#4939,#4940,#4941,#4942,#4943,
#4944),(#4945,#4946,#4947,#4948,#4949,#4950),(#4951,#4952,#4953,#4954,#4955,
#4956),(#4957,#4958,#4959,#4960,#4961,#4962),(#4963,#4964,#4965,#4966,#4967,
#4968)),.UNSPECIFIED.,.F.,.F.,.F.,(4,1,4),(4,1,1,4),(0.,0.571428571428571,
1.),(10.6763293223439,11.2102689663245,11.5662287289782,11.9221884916319),
 .UNSPECIFIED.);
#72=B_SPLINE_SURFACE_WITH_KNOTS('',3,3,((#5013,#5014,#5015,#5016,#5017,
#5018,#5019,#5020),(#5021,#5022,#5023,#5024,#5025,#5026,#5027,#5028),(#5029,
#5030,#5031,#5032,#5033,#5034,#5035,#5036),(#5037,#5038,#5039,#5040,#5041,
#5042,#5043,#5044)),.UNSPECIFIED.,.F.,.F.,.F.,(4,4),(4,2,1,1,4),(0.,1.),
(-0.361802831400309,-0.360296583845793,-0.144118633538317,-0.0720593167691581,
5.45268136991519E-16),.UNSPECIFIED.);
#73=B_SPLINE_SURFACE_WITH_KNOTS('',3,3,((#5087,#5088,#5089,#5090,#5091,
#5092),(#5093,#5094,#5095,#5096,#5097,#5098),(#5099,#5100,#5101,#5102,#5103,
#5104),(#5105,#5106,#5107,#5108,#5109,#5110),(#5111,#5112,#5113,#5114,#5115,
#5116)),.UNSPECIFIED.,.F.,.F.,.F.,(4,1,4),(4,1,1,4),(0.,0.571428571428571,
1.),(11.0854921638899,11.6194230701111,11.9753770075919,12.3313309450727),
 .UNSPECIFIED.);
#74=B_SPLINE_SURFACE_WITH_KNOTS('',3,3,((#5161,#5162,#5163,#5164,#5165,
#5166,#5167,#5168,#5169,#5170,#5171),(#5172,#5173,#5174,#5175,#5176,#5177,
#5178,#5179,#5180,#5181,#5182),(#5183,#5184,#5185,#5186,#5187,#5188,#5189,
#5190,#5191,#5192,#5193),(#5194,#5195,#5196,#5197,#5198,#5199,#5200,#5201,
#5202,#5203,#5204),(#5205,#5206,#5207,#5208,#5209,#5210,#5211,#5212,#5213,
#5214,#5215),(#5216,#5217,#5218,#5219,#5220,#5221,#5222,#5223,#5224,#5225,
#5226)),.UNSPECIFIED.,.F.,.F.,.F.,(4,1,1,4),(4,1,1,1,1,1,1,1,4),(0.,0.285714285714286,
0.571428571428571,1.),(6.64341750135202,6.95026803560903,7.25711856986603,
7.56396910412304,7.87081963838005,8.02424490550855,8.17767017263706,8.48452070689407,
8.79137124115107),.UNSPECIFIED.);
#75=B_SPLINE_SURFACE_WITH_KNOTS('',3,3,((#5362,#5363,#5364,#5365,#5366,
#5367,#5368,#5369,#5370,#5371,#5372,#5373,#5374,#5375),(#5376,#5377,#5378,
#5379,#5380,#5381,#5382,#5383,#5384,#5385,#5386,#5387,#5388,#5389),(#5390,
#5391,#5392,#5393,#5394,#5395,#5396,#5397,#5398,#5399,#5400,#5401,#5402,
#5403),(#5404,#5405,#5406,#5407,#5408,#5409,#5410,#5411,#5412,#5413,#5414,
#5415,#5416,#5417)),.UNSPECIFIED.,.F.,.F.,.F.,(4,4),(4,1,1,1,1,1,1,1,1,
1,1,4),(0.,1.),(10.0326165119888,10.4530682199272,10.8735199278657,11.0837457818349,
11.1888587088196,11.2939716358042,11.5041974897734,11.7144233437426,11.9246491977119,
12.1348750516811,12.5553267596196,12.975778467558),.UNSPECIFIED.);
#76=B_SPLINE_SURFACE_WITH_KNOTS('',3,3,((#5446,#5447,#5448,#5449,#5450,
#5451,#5452,#5453,#5454,#5455,#5456),(#5457,#5458,#5459,#5460,#5461,#5462,
#5463,#5464,#5465,#5466,#5467),(#5468,#5469,#5470,#5471,#5472,#5473,#5474,
#5475,#5476,#5477,#5478),(#5479,#5480,#5481,#5482,#5483,#5484,#5485,#5486,
#5487,#5488,#5489),(#5490,#5491,#5492,#5493,#5494,#5495,#5496,#5497,#5498,
#5499,#5500),(#5501,#5502,#5503,#5504,#5505,#5506,#5507,#5508,#5509,#5510,
#5511)),.UNSPECIFIED.,.F.,.F.,.F.,(4,1,1,4),(4,1,1,1,1,1,1,1,4),(0.,0.285714285714286,
0.571428571428571,1.),(5.68506806832603,5.99191580852717,6.29876354872831,
6.45218741882888,6.60561128892945,6.91245902913059,7.21930676933174,7.52615450953288,
7.83300224973402),.UNSPECIFIED.);
#77=B_SPLINE_SURFACE_WITH_KNOTS('',3,3,((#5755,#5756,#5757,#5758,#5759,
#5760,#5761,#5762,#5763,#5764,#5765,#5766),(#5767,#5768,#5769,#5770,#5771,
#5772,#5773,#5774,#5775,#5776,#5777,#5778),(#5779,#5780,#5781,#5782,#5783,
#5784,#5785,#5786,#5787,#5788,#5789,#5790),(#5791,#5792,#5793,#5794,#5795,
#5796,#5797,#5798,#5799,#5800,#5801,#5802)),.UNSPECIFIED.,.F.,.F.,.F.,(4,
4),(4,1,1,1,1,1,1,1,1,4),(0.,1.),(10.229497957358,10.5937117900786,10.9579256227993,
11.3221394555199,11.5042463718802,11.6863532882405,11.8684602046008,12.0505671209612,
12.4147809536818,12.7789947864024),.UNSPECIFIED.);
#78=B_SPLINE_SURFACE_WITH_KNOTS('',3,3,((#5819,#5820,#5821,#5822,#5823,
#5824,#5825,#5826,#5827,#5828),(#5829,#5830,#5831,#5832,#5833,#5834,#5835,
#5836,#5837,#5838),(#5839,#5840,#5841,#5842,#5843,#5844,#5845,#5846,#5847,
#5848),(#5849,#5850,#5851,#5852,#5853,#5854,#5855,#5856,#5857,#5858),(#5859,
#5860,#5861,#5862,#5863,#5864,#5865,#5866,#5867,#5868),(#5869,#5870,#5871,
#5872,#5873,#5874,#5875,#5876,#5877,#5878)),.UNSPECIFIED.,.F.,.F.,.F.,(4,
1,1,4),(4,1,1,1,1,1,1,4),(0.,0.285714285714286,0.571428571428571,1.),(7.05811066802262,
7.45067670060799,7.84324273319336,8.23580876577873,8.6283747983641,9.02094083094947,
9.41350686353484,9.80607289612021),.UNSPECIFIED.);
#79=B_SPLINE_SURFACE_WITH_KNOTS('',3,3,((#6023,#6024,#6025,#6026,#6027,
#6028,#6029,#6030,#6031,#6032),(#6033,#6034,#6035,#6036,#6037,#6038,#6039,
#6040,#6041,#6042),(#6043,#6044,#6045,#6046,#6047,#6048,#6049,#6050,#6051,
#6052),(#6053,#6054,#6055,#6056,#6057,#6058,#6059,#6060,#6061,#6062),(#6063,
#6064,#6065,#6066,#6067,#6068,#6069,#6070,#6071,#6072),(#6073,#6074,#6075,
#6076,#6077,#6078,#6079,#6080,#6081,#6082)),.UNSPECIFIED.,.F.,.F.,.F.,(4,
1,1,4),(4,1,1,1,1,1,1,4),(0.,0.285714285714286,0.571428571428571,1.),(6.44337860512146,
6.83593697930251,7.22849535348356,7.62105372766461,8.01361210184565,8.4061704760267,
8.79872885020775,9.19128722438879),.UNSPECIFIED.);
#80=B_SPLINE_SURFACE_WITH_KNOTS('',3,3,((#6083,#6084,#6085,#6086,#6087,
#6088,#6089,#6090,#6091,#6092,#6093,#6094),(#6095,#6096,#6097,#6098,#6099,
#6100,#6101,#6102,#6103,#6104,#6105,#6106),(#6107,#6108,#6109,#6110,#6111,
#6112,#6113,#6114,#6115,#6116,#6117,#6118),(#6119,#6120,#6121,#6122,#6123,
#6124,#6125,#6126,#6127,#6128,#6129,#6130)),.UNSPECIFIED.,.F.,.F.,.F.,(4,
4),(4,1,1,1,1,1,1,1,1,4),(0.,1.),(10.229497957358,10.5937117900786,10.9579256227993,
11.1400325391596,11.3221394555199,11.5952998300604,11.6863532882405,12.0505671209612,
12.4147809536818,12.7789947864024),.UNSPECIFIED.);
#81=B_SPLINE_SURFACE_WITH_KNOTS('',3,3,((#6161,#6162,#6163,#6164,#6165,
#6166,#6167,#6168,#6169,#6170,#6171,#6172,#6173,#6174),(#6175,#6176,#6177,
#6178,#6179,#6180,#6181,#6182,#6183,#6184,#6185,#6186,#6187,#6188),(#6189,
#6190,#6191,#6192,#6193,#6194,#6195,#6196,#6197,#6198,#6199,#6200,#6201,
#6202),(#6203,#6204,#6205,#6206,#6207,#6208,#6209,#6210,#6211,#6212,#6213,
#6214,#6215,#6216),(#6217,#6218,#6219,#6220,#6221,#6222,#6223,#6224,#6225,
#6226,#6227,#6228,#6229,#6230),(#6231,#6232,#6233,#6234,#6235,#6236,#6237,
#6238,#6239,#6240,#6241,#6242,#6243,#6244)),.UNSPECIFIED.,.F.,.F.,.F.,(4,
1,1,4),(4,1,1,1,1,1,1,1,1,1,1,4),(0.,0.285714285714286,0.571428571428571,
1.),(6.88821633324958,7.30505298508824,7.7218896369269,8.03451712580589,
8.13872628876556,8.55556294060422,8.76398126652355,8.97239959244288,9.18081791836221,
9.38923624428154,9.59765457020087,9.8060728961202),.UNSPECIFIED.);
#82=B_SPLINE_SURFACE_WITH_KNOTS('',3,3,((#6433,#6434,#6435,#6436),(#6437,
#6438,#6439,#6440),(#6441,#6442,#6443,#6444),(#6445,#6446,#6447,#6448),
(#6449,#6450,#6451,#6452)),.UNSPECIFIED.,.F.,.F.,.F.,(4,1,4),(4,4),(0.,
0.571428571428571,1.),(7.3787541269316,7.66716072381015),.UNSPECIFIED.);
#83=B_SPLINE_SURFACE_WITH_KNOTS('',3,3,((#6478,#6479,#6480,#6481,#6482,
#6483,#6484,#6485,#6486,#6487,#6488,#6489,#6490,#6491),(#6492,#6493,#6494,
#6495,#6496,#6497,#6498,#6499,#6500,#6501,#6502,#6503,#6504,#6505),(#6506,
#6507,#6508,#6509,#6510,#6511,#6512,#6513,#6514,#6515,#6516,#6517,#6518,
#6519),(#6520,#6521,#6522,#6523,#6524,#6525,#6526,#6527,#6528,#6529,#6530,
#6531,#6532,#6533),(#6534,#6535,#6536,#6537,#6538,#6539,#6540,#6541,#6542,
#6543,#6544,#6545,#6546,#6547),(#6548,#6549,#6550,#6551,#6552,#6553,#6554,
#6555,#6556,#6557,#6558,#6559,#6560,#6561)),.UNSPECIFIED.,.F.,.F.,.F.,(4,
1,1,4),(4,1,1,1,1,1,1,1,1,1,1,4),(0.,0.285714285714286,0.571428571428571,
1.),(6.44337860512148,6.65179303121848,6.86020745731548,7.06862188341248,
7.27703630950948,7.48545073560647,7.69386516170347,8.11069401389747,8.21490122694597,
8.52752286609147,8.94435171828546,9.36118057047946),.UNSPECIFIED.);
#84=B_SPLINE_SURFACE_WITH_KNOTS('',3,3,((#6634,#6635,#6636,#6637),(#6638,
#6639,#6640,#6641),(#6642,#6643,#6644,#6645),(#6646,#6647,#6648,#6649),
(#6650,#6651,#6652,#6653)),.UNSPECIFIED.,.F.,.F.,.F.,(4,1,4),(4,4),(0.,
0.571428571428571,1.),(11.0050519128601,11.2934481207461),.UNSPECIFIED.);
#85=B_SPLINE_SURFACE_WITH_KNOTS('',3,3,((#6854,#6855,#6856,#6857,#6858,
#6859,#6860,#6861,#6862,#6863,#6864,#6865,#6866),(#6867,#6868,#6869,#6870,
#6871,#6872,#6873,#6874,#6875,#6876,#6877,#6878,#6879),(#6880,#6881,#6882,
#6883,#6884,#6885,#6886,#6887,#6888,#6889,#6890,#6891,#6892),(#6893,#6894,
#6895,#6896,#6897,#6898,#6899,#6900,#6901,#6902,#6903,#6904,#6905),(#6906,
#6907,#6908,#6909,#6910,#6911,#6912,#6913,#6914,#6915,#6916,#6917,#6918),
(#6919,#6920,#6921,#6922,#6923,#6924,#6925,#6926,#6927,#6928,#6929,#6930,
#6931)),.UNSPECIFIED.,.F.,.F.,.F.,(4,1,1,4),(4,1,1,1,1,1,1,1,1,1,4),(0.,
0.285714285714286,0.571428571428571,1.),(6.23415208914258,6.59946911136827,
6.96478613359396,7.33010315581965,7.5127616669325,7.69542017804534,7.87807868915819,
8.01507257249282,8.06073720027103,8.42605422249672,8.79137124472241),
 .UNSPECIFIED.);
#86=B_SPLINE_SURFACE_WITH_KNOTS('',3,3,((#7072,#7073,#7074,#7075,#7076,
#7077,#7078,#7079,#7080,#7081,#7082,#7083,#7084,#7085),(#7086,#7087,#7088,
#7089,#7090,#7091,#7092,#7093,#7094,#7095,#7096,#7097,#7098,#7099),(#7100,
#7101,#7102,#7103,#7104,#7105,#7106,#7107,#7108,#7109,#7110,#7111,#7112,
#7113),(#7114,#7115,#7116,#7117,#7118,#7119,#7120,#7121,#7122,#7123,#7124,
#7125,#7126,#7127)),.UNSPECIFIED.,.F.,.F.,.F.,(4,4),(4,1,1,1,1,1,1,1,1,
1,1,4),(0.,1.),(10.0326165119888,10.4530682199272,10.8735199278657,11.0837457818349,
11.1888587088195,11.2939716358042,11.5041974897734,11.609310416758,11.7144233437426,
12.1348750516811,12.5553267596195,12.975778467558),.UNSPECIFIED.);
#87=B_SPLINE_SURFACE_WITH_KNOTS('',3,3,((#7136,#7137,#7138,#7139,#7140,
#7141,#7142,#7143,#7144,#7145,#7146,#7147,#7148),(#7149,#7150,#7151,#7152,
#7153,#7154,#7155,#7156,#7157,#7158,#7159,#7160,#7161),(#7162,#7163,#7164,
#7165,#7166,#7167,#7168,#7169,#7170,#7171,#7172,#7173,#7174),(#7175,#7176,
#7177,#7178,#7179,#7180,#7181,#7182,#7183,#7184,#7185,#7186,#7187),(#7188,
#7189,#7190,#7191,#7192,#7193,#7194,#7195,#7196,#7197,#7198,#7199,#7200),
(#7201,#7202,#7203,#7204,#7205,#7206,#7207,#7208,#7209,#7210,#7211,#7212,
#7213)),.UNSPECIFIED.,.F.,.F.,.F.,(4,1,1,4),(4,1,1,1,1,1,1,1,1,1,4),(0.,
0.285714285714286,0.571428571428571,1.),(5.68506806896145,6.05037388889725,
6.23302679886515,6.41567970883305,6.59833261880095,6.78098552876885,6.96363843873675,
7.14629134870465,7.51159716864045,7.87690298857626,8.24220880851206),
 .UNSPECIFIED.);
#88=B_SPLINE_CURVE_WITH_KNOTS('',3,(#3769,#3770,#3771,#3772,#3773,#3774,
#3775,#3776,#3777,#3778,#3779,#3780,#3781,#3782,#3783,#3784,#3785,#3786,
#3787,#3788,#3789,#3790,#3791,#3792,#3793,#3794,#3795,#3796,#3797,#3798,
#3799,#3800,#3801,#3802,#3803,#3804,#3805,#3806,#3807,#3808,#3809,#3810,
#3811,#3812,#3813,#3814,#3815,#3816,#3817,#3818,#3819,#3820,#3821,#3822,
#3823,#3824,#3825,#3826,#3827,#3828,#3829,#3830,#3831,#3832,#3833,#3834,
#3835,#3836,#3837,#3838,#3839,#3840,#3841,#3842,#3843,#3844,#3845,#3846,
#3847,#3848,#3849,#3850,#3851,#3852,#3853),.UNSPECIFIED.,.F.,.F.,(4,3,3,
3,3,3,3,3,3,3,3,3,3,3,3,3,3,3,3,3,3,3,3,3,3,3,3,3,4),(-2.45598766710787,
-2.1974672975662,-1.92655290643127,-1.83125746988321,-1.57143717560227,
-1.42445650593516,-1.24190378112404,-1.09860860620027,-0.931579671572537,
-0.770840275408007,-0.620614525505501,-0.610100879243477,-0.48803310527026,
-0.366006936050203,-0.237449948908547,-0.171167344566562,-0.122105971929643,
0.0118401531421723,0.12183567789477,0.263876952481499,0.365918868117928,
0.528810717673188,0.702926218518352,0.732222779304454,0.925444080591173,
1.0986227902543,1.30756215066394,1.41415255091052,1.57079632677077),
 .UNSPECIFIED.);
#89=B_SPLINE_CURVE_WITH_KNOTS('',3,(#3989,#3990,#3991,#3992,#3993,#3994,
#3995,#3996,#3997,#3998,#3999,#4000,#4001,#4002,#4003,#4004,#4005,#4006,
#4007),.UNSPECIFIED.,.F.,.F.,(4,3,3,3,3,3,4),(1.57079632677077,1.80371802142995,
1.83121221879712,2.04444318839501,2.19744551674902,2.38681739597087,2.45598766710787),
 .UNSPECIFIED.);
#90=B_SPLINE_CURVE_WITH_KNOTS('',3,(#4009,#4010,#4011,#4012),
 .UNSPECIFIED.,.F.,.F.,(4,4),(-0.303822075360352,-0.279443503142298),
 .UNSPECIFIED.);
#91=B_SPLINE_CURVE_WITH_KNOTS('',3,(#4014,#4015,#4016,#4017),
 .UNSPECIFIED.,.F.,.F.,(4,4),(-0.339065845427079,0.),.UNSPECIFIED.);
#92=B_SPLINE_CURVE_WITH_KNOTS('',3,(#4019,#4020,#4021,#4022,#4023,#4024,
#4025,#4026,#4027,#4028,#4029,#4030,#4031,#4032,#4033,#4034,#4035),
 .UNSPECIFIED.,.F.,.F.,(4,1,1,1,1,1,1,1,1,1,1,1,1,1,4),(-2.56363557651444,
-2.19740192272667,-1.83116826893889,-1.09870096136333,-0.732467307575555,
-0.366233653787777,-0.122077884595925,0.122077884595927,0.366233653787779,
0.488311538383705,0.610389422979631,1.09870096136334,1.83116826893889,2.19740192272667,
2.56363557651445),.UNSPECIFIED.);
#93=B_SPLINE_CURVE_WITH_KNOTS('',3,(#4037,#4038,#4039,#4040),
 .UNSPECIFIED.,.F.,.F.,(4,4),(-0.339073185936242,0.),.UNSPECIFIED.);
#94=B_SPLINE_CURVE_WITH_KNOTS('',3,(#4041,#4042,#4043,#4044),
 .UNSPECIFIED.,.F.,.F.,(4,4),(-0.024378286088823,0.),.UNSPECIFIED.);
#95=B_SPLINE_CURVE_WITH_KNOTS('',3,(#4086,#4087,#4088,#4089,#4090,#4091,
#4092),.UNSPECIFIED.,.F.,.F.,(4,1,1,1,4),(2.49655357517084,2.66600922236503,
2.85624259485493,3.04647596734484,3.14173960910834),.UNSPECIFIED.);
#96=B_SPLINE_CURVE_WITH_KNOTS('',3,(#4093,#4094,#4095,#4096,#4097,#4098,
#4099),.UNSPECIFIED.,.F.,.F.,(4,1,1,1,4),(3.14173960910834,3.23670933983475,
3.42694271232466,3.61717608481456,3.78663129142915),.UNSPECIFIED.);
#97=B_SPLINE_CURVE_WITH_KNOTS('',3,(#4101,#4102,#4103,#4104),
 .UNSPECIFIED.,.F.,.F.,(4,4),(3.79793636534039,3.80740945730447),
 .UNSPECIFIED.);
#98=B_SPLINE_CURVE_WITH_KNOTS('',3,(#4106,#4107,#4108,#4109,#4110,#4111,
#4112,#4113,#4114,#4115),.UNSPECIFIED.,.F.,.F.,(4,1,1,1,1,1,1,4),(-3.79793636534039,
-3.61717608481456,-3.42694271232466,-3.23670933983475,-3.04647596734484,
-2.85624259485493,-2.66600922236503,-2.48524913741817),.UNSPECIFIED.);
#99=B_SPLINE_CURVE_WITH_KNOTS('',3,(#4116,#4117,#4118,#4119),
 .UNSPECIFIED.,.F.,.F.,(4,4),(2.47577584987512,2.48524913741817),
 .UNSPECIFIED.);
#100=B_SPLINE_CURVE_WITH_KNOTS('',1,(#4165,#4166),.UNSPECIFIED.,.F.,.F.,
(2,2),(-0.991360384615385,-0.576902012079184),.UNSPECIFIED.);
#101=B_SPLINE_CURVE_WITH_KNOTS('',3,(#4168,#4169,#4170,#4171,#4172),
 .UNSPECIFIED.,.F.,.F.,(4,1,4),(11.2588053769232,11.6194230701111,11.833900789383),
 .UNSPECIFIED.);
#102=B_SPLINE_CURVE_WITH_KNOTS('',3,(#4174,#4175,#4176,#4177,#4178,#4179,
#4180,#4181,#4182),.UNSPECIFIED.,.F.,.F.,(4,1,1,1,1,1,4),(6.40340972154882,
6.45218741882888,6.60561128892945,6.91245902913059,7.21930676933174,7.52615450953288,
7.7358580666147),.UNSPECIFIED.);
#103=B_SPLINE_CURVE_WITH_KNOTS('',3,(#4184,#4185,#4186,#4187,#4188,#4189,
#4190,#4191,#4192,#4193,#4194,#4195,#4196,#4197),.UNSPECIFIED.,.F.,.F.,
(4,1,1,1,1,1,1,1,1,1,1,4),(10.2927594673546,10.4530682199272,10.8735199278657,
11.0837457818349,11.1888587088196,11.2939716358042,11.5041974897734,11.7144233437426,
11.9246491977119,12.1348750516811,12.5553267596196,12.7157551686152),
 .UNSPECIFIED.);
#104=B_SPLINE_CURVE_WITH_KNOTS('',3,(#4199,#4200,#4201,#4202,#4203,#4204,
#4205,#4206,#4207),.UNSPECIFIED.,.F.,.F.,(4,1,1,1,1,1,4),(6.74057965868939,
6.95026803560903,7.25711856986603,7.56396910412304,7.87081963838005,8.02424490550855,
8.07272786510817),.UNSPECIFIED.);
#105=B_SPLINE_CURVE_WITH_KNOTS('',3,(#4209,#4210,#4211,#4212,#4213,#4214),
 .UNSPECIFIED.,.F.,.F.,(4,1,1,4),(11.1736173236249,11.2102689663245,11.5662287289782,
11.7486260419542),.UNSPECIFIED.);
#106=B_SPLINE_CURVE_WITH_KNOTS('',1,(#4216,#4217),.UNSPECIFIED.,.F.,.F.,
(2,2),(0.576909472013242,0.73076923076923),.UNSPECIFIED.);
#107=B_SPLINE_CURVE_WITH_KNOTS('',3,(#4218,#4219,#4220,#4221,#4222,#4223,
#4224,#4225,#4226,#4227,#4228,#4229,#4230,#4231,#4232,#4233,#4234,#4235,
#4236,#4237,#4238),.UNSPECIFIED.,.T.,.F.,(4,1,1,1,1,1,1,1,1,1,1,1,1,1,1,
1,1,1,4),(-3.14159265358979,-2.91719317833338,-2.69279370307697,-2.24399475256414,
-1.79519580205131,-1.34639685153848,-1.0471975511966,-0.747998250854713,
-0.448798950512828,-0.149599650170943,0.149599650170943,0.448798950512828,
0.747998250854713,1.34639685153848,1.64559615188037,2.24399475256414,2.69279370307697,
2.91719317833338,3.14159265358979),.UNSPECIFIED.);
#108=B_SPLINE_CURVE_WITH_KNOTS('',3,(#4240,#4241,#4242,#4243),
 .UNSPECIFIED.,.F.,.F.,(4,4),(10.9587659730897,11.1736173236249),
 .UNSPECIFIED.);
#109=B_SPLINE_CURVE_WITH_KNOTS('',3,(#4245,#4246,#4247,#4248,#4249,#4250,
#4251,#4252,#4253,#4254),.UNSPECIFIED.,.F.,.F.,(4,2,1,1,1,1,4),(-0.00203552258494549,
0.,0.071959712924017,0.143919425848034,0.215879138772051,0.287838851696068,
0.329903471590626),.UNSPECIFIED.);
#110=B_SPLINE_CURVE_WITH_KNOTS('',3,(#4256,#4257,#4258,#4259,#4260,#4261,
#4262,#4263,#4264),.UNSPECIFIED.,.F.,.F.,(4,1,1,1,1,1,4),(7.13591062629891,
7.22849535348356,7.62105372766461,8.01361210184565,8.4061704760267,8.79872885020775,
8.82041690111941),.UNSPECIFIED.);
#111=B_SPLINE_CURVE_WITH_KNOTS('',3,(#4266,#4267,#4268,#4269,#4270,#4271,
#4272,#4273,#4274,#4275,#4276,#4277),.UNSPECIFIED.,.F.,.F.,(4,1,1,1,1,1,
1,1,1,4),(10.455247652096,10.5937117900786,10.9579256227993,11.3221394555199,
11.5042463718802,11.6863532882405,11.8684602046008,12.0505671209612,12.4147809536818,
12.5529624330837),.UNSPECIFIED.);
#112=B_SPLINE_CURVE_WITH_KNOTS('',3,(#4279,#4280,#4281,#4282,#4283,#4284,
#4285,#4286,#4287),.UNSPECIFIED.,.F.,.F.,(4,1,1,1,1,1,4),(7.42903731281777,
7.45067670060799,7.84324273319336,8.23580876577873,8.6283747983641,9.02094083094947,
9.11354195185166),.UNSPECIFIED.);
#113=B_SPLINE_CURVE_WITH_KNOTS('',3,(#4289,#4290,#4291,#4292,#4293,#4294,
#4295,#4296),.UNSPECIFIED.,.F.,.F.,(4,1,1,2,4),(0.0298877605970009,0.0720593167691581,
0.144118633538317,0.360296583845793,0.361802831400309),.UNSPECIFIED.);
#114=B_SPLINE_CURVE_WITH_KNOTS('',3,(#4297,#4298,#4299,#4300,#4301),
 .UNSPECIFIED.,.F.,.F.,(4,1,4),(11.833900789383,11.9753770075919,12.0487484818415),
 .UNSPECIFIED.);
#115=B_SPLINE_CURVE_WITH_KNOTS('',3,(#4304,#4305,#4306,#4307),
 .UNSPECIFIED.,.F.,.F.,(4,4),(7.43509373578351,7.66716072381015),
 .UNSPECIFIED.);
#116=B_SPLINE_CURVE_WITH_KNOTS('',3,(#4309,#4310,#4311,#4312,#4313,#4314,
#4315,#4316,#4317,#4318,#4319),.UNSPECIFIED.,.F.,.F.,(4,1,1,1,1,1,1,1,4),
(6.40340765546354,6.41567970883305,6.59833261880095,6.78098552876885,6.96363843873675,
7.14629134870465,7.51159716864045,7.87690298857626,8.18390119137672),
 .UNSPECIFIED.);
#117=B_SPLINE_CURVE_WITH_KNOTS('',3,(#4321,#4322,#4323,#4324,#4325,#4326,
#4327,#4328,#4329,#4330,#4331,#4332,#4333,#4334),.UNSPECIFIED.,.F.,.F.,
(4,1,1,1,1,1,1,1,1,1,1,4),(10.2927594673546,10.4530682199272,10.8735199278657,
11.0837457818349,11.1888587088195,11.2939716358042,11.5041974897734,11.609310416758,
11.7144233437426,12.1348750516811,12.5553267596195,12.7157551686152),
 .UNSPECIFIED.);
#118=B_SPLINE_CURVE_WITH_KNOTS('',3,(#4336,#4337,#4338,#4339,#4340,#4341,
#4342,#4343,#4344,#4345,#4346,#4347),.UNSPECIFIED.,.F.,.F.,(4,1,1,1,1,1,
1,1,1,4),(6.29246145265625,6.59946911136827,6.96478613359396,7.33010315581965,
7.5127616669325,7.69542017804534,7.87807868915819,8.01507257249282,8.06073720027103,
8.07262290031969),.UNSPECIFIED.);
#119=B_SPLINE_CURVE_WITH_KNOTS('',3,(#4349,#4350,#4351,#4352),
 .UNSPECIFIED.,.F.,.F.,(4,4),(11.0050519128601,11.2371149278687),
 .UNSPECIFIED.);
#120=B_SPLINE_CURVE_WITH_KNOTS('',3,(#4354,#4355,#4356,#4357,#4358,#4359,
#4360,#4361,#4362,#4363,#4364),.UNSPECIFIED.,.F.,.F.,(4,1,1,1,1,1,1,1,4),
(7.13588987241057,7.27703630950948,7.48545073560647,7.69386516170347,8.11069401389747,
8.21490122694597,8.52752286609147,8.94435171828546,9.36118057047946),
 .UNSPECIFIED.);
#121=B_SPLINE_CURVE_WITH_KNOTS('',3,(#4366,#4367,#4368,#4369,#4370,#4371,
#4372,#4373,#4374,#4375,#4376,#4377),.UNSPECIFIED.,.F.,.F.,(4,1,1,1,1,1,
1,1,1,4),(10.4554419399558,10.5937117900786,10.9579256227993,11.1400325391596,
11.3221394555199,11.5952998300604,11.6863532882405,12.0505671209612,12.4147809536818,
12.5530494428294),.UNSPECIFIED.);
#122=B_SPLINE_CURVE_WITH_KNOTS('',3,(#4378,#4379,#4380,#4381,#4382,#4383,
#4384,#4385,#4386,#4387,#4388),.UNSPECIFIED.,.F.,.F.,(4,1,1,1,1,1,1,1,4),
(6.88821633324958,7.30505298508824,7.7218896369269,8.03451712580589,8.13872628876556,
8.55556294060422,8.76398126652355,8.97239959244288,9.11355981366083),
 .UNSPECIFIED.);
#123=B_SPLINE_CURVE_WITH_KNOTS('',3,(#4391,#4392,#4393,#4394,#4395,#4396,
#4397,#4398,#4399,#4400,#4401,#4402,#4403,#4404,#4405,#4406,#4407,#4408,
#4409,#4410,#4411,#4412,#4413,#4414,#4415,#4416),.UNSPECIFIED.,.F.,.F.,
(4,2,2,2,2,2,2,2,2,2,2,2,4),(0.,0.112823502294293,0.225647004588586,0.341071121241438,
0.456495237894289,0.573522885251363,0.690550532608436,0.803558575970886,
0.916566619333335,1.02957466269578,1.14258270605823,1.25961035341531,1.37663800077238),
 .UNSPECIFIED.);
#124=B_SPLINE_CURVE_WITH_KNOTS('',3,(#4417,#4418,#4419,#4420,#4421,#4422,
#4423,#4424,#4425,#4426),.UNSPECIFIED.,.F.,.F.,(4,2,2,2,4),(1.37663800077238,
1.49206211742523,1.60748623407808,1.72030973637238,1.83313323866667),
 .UNSPECIFIED.);
#125=B_SPLINE_CURVE_WITH_KNOTS('',3,(#4429,#4430,#4431,#4432,#4433,#4434,
#4435,#4436,#4437,#4438,#4439,#4440,#4441,#4442,#4443,#4444,#4445,#4446,
#4447,#4448,#4449,#4450,#4451,#4452,#4453,#4454),.UNSPECIFIED.,.F.,.F.,
(4,2,2,2,2,2,2,2,2,2,2,2,4),(0.,0.112823502294293,0.225647004588585,0.341071121241437,
0.456495237894289,0.573522885251363,0.690550532608436,0.803558575970885,
0.916566619333335,1.02957466269578,1.14258270605823,1.25961035341531,1.37663800077238),
 .UNSPECIFIED.);
#126=B_SPLINE_CURVE_WITH_KNOTS('',3,(#4455,#4456,#4457,#4458,#4459,#4460,
#4461,#4462,#4463,#4464),.UNSPECIFIED.,.F.,.F.,(4,2,2,2,4),(1.37663800077238,
1.49206211742523,1.60748623407808,1.72030973637238,1.83313323866667),
 .UNSPECIFIED.);
#127=B_SPLINE_CURVE_WITH_KNOTS('',3,(#4467,#4468,#4469,#4470,#4471,#4472,
#4473,#4474,#4475,#4476,#4477,#4478,#4479,#4480,#4481,#4482,#4483,#4484,
#4485,#4486,#4487,#4488,#4489,#4490,#4491,#4492),.UNSPECIFIED.,.F.,.F.,
(4,2,2,2,2,2,2,2,2,2,2,2,4),(0.,0.113008043362449,0.226016086724898,0.343043734081972,
0.460071381439046,0.575495498091898,0.690919614744749,0.803743117039042,
0.916566619333335,1.02939012162763,1.14221362392192,1.25763774057477,1.37306185722762),
 .UNSPECIFIED.);
#128=B_SPLINE_CURVE_WITH_KNOTS('',3,(#4493,#4494,#4495,#4496,#4497,#4498,
#4499,#4500,#4501,#4502),.UNSPECIFIED.,.F.,.F.,(4,2,2,2,4),(1.37306185722762,
1.4900895045847,1.60711715194177,1.72012519530422,1.83313323866667),
 .UNSPECIFIED.);
#129=B_SPLINE_CURVE_WITH_KNOTS('',3,(#4505,#4506,#4507,#4508,#4509,#4510,
#4511,#4512,#4513,#4514,#4515,#4516,#4517,#4518,#4519,#4520,#4521,#4522,
#4523,#4524,#4525,#4526,#4527,#4528,#4529,#4530),.UNSPECIFIED.,.F.,.F.,
(4,2,2,2,2,2,2,2,2,2,2,2,4),(0.,0.113008043362449,0.226016086724899,0.343043734081972,
0.460071381439046,0.575495498091898,0.690919614744749,0.803743117039042,
0.916566619333335,1.02939012162763,1.14221362392192,1.25763774057477,1.37306185722762),
 .UNSPECIFIED.);
#130=B_SPLINE_CURVE_WITH_KNOTS('',3,(#4531,#4532,#4533,#4534,#4535,#4536,
#4537,#4538,#4539,#4540),.UNSPECIFIED.,.F.,.F.,(4,2,2,2,4),(1.37306185722762,
1.4900895045847,1.60711715194177,1.72012519530422,1.83313323866667),
 .UNSPECIFIED.);
#131=B_SPLINE_CURVE_WITH_KNOTS('',3,(#4543,#4544,#4545,#4546,#4547,#4548,
#4549,#4550,#4551,#4552,#4553,#4554,#4555,#4556,#4557,#4558,#4559,#4560,
#4561,#4562,#4563,#4564,#4565,#4566,#4567,#4568),.UNSPECIFIED.,.F.,.F.,
(4,2,2,2,2,2,2,2,2,2,2,2,4),(0.,0.0611645840876982,0.122329168175396,0.185486549759771,
0.248643931344147,0.311334008500738,0.37402408565733,0.435138129020765,
0.4962521723842,0.557366215747635,0.618480259111071,0.681170336267662,0.743860413424254),
 .UNSPECIFIED.);
#132=B_SPLINE_CURVE_WITH_KNOTS('',3,(#4569,#4570,#4571,#4572,#4573,#4574,
#4575,#4576,#4577,#4578),.UNSPECIFIED.,.F.,.F.,(4,2,2,2,4),(0.743860413424254,
0.807017795008629,0.870175176593005,0.931339760680703,0.992504344768401),
 .UNSPECIFIED.);
#133=B_SPLINE_CURVE_WITH_KNOTS('',3,(#4581,#4582,#4583,#4584,#4585,#4586,
#4587,#4588,#4589,#4590,#4591,#4592,#4593,#4594,#4595,#4596,#4597,#4598,
#4599,#4600,#4601,#4602,#4603,#4604,#4605,#4606),.UNSPECIFIED.,.F.,.F.,
(4,2,2,2,2,2,2,2,2,2,2,2,4),(0.,0.0611140433634352,0.12222808672687,0.184918163883462,
0.247608241040053,0.310765622624428,0.373923004208804,0.435087588296502,
0.4962521723842,0.557416756471898,0.618581340559596,0.681738722143971,0.744896103728346),
 .UNSPECIFIED.);
#134=B_SPLINE_CURVE_WITH_KNOTS('',3,(#4607,#4608,#4609,#4610,#4611,#4612,
#4613,#4614,#4615,#4616),.UNSPECIFIED.,.F.,.F.,(4,2,2,2,4),(0.744896103728346,
0.807586180884938,0.87027625804153,0.931390301404965,0.9925043447684),
 .UNSPECIFIED.);
#135=B_SPLINE_CURVE_WITH_KNOTS('',3,(#4619,#4620,#4621,#4622,#4623,#4624,
#4625,#4626,#4627,#4628,#4629,#4630,#4631,#4632,#4633,#4634,#4635,#4636,
#4637,#4638,#4639,#4640,#4641,#4642,#4643,#4644),.UNSPECIFIED.,.F.,.F.,
(4,2,2,2,2,2,2,2,2,2,2,2,4),(0.,0.0611645840876982,0.122329168175396,0.185486549759772,
0.248643931344147,0.311334008500739,0.374024085657331,0.435138129020766,
0.496252172384201,0.557366215747636,0.618480259111071,0.681170336267663,
0.743860413424255),.UNSPECIFIED.);
#136=B_SPLINE_CURVE_WITH_KNOTS('',3,(#4645,#4646,#4647,#4648,#4649,#4650,
#4651,#4652,#4653,#4654),.UNSPECIFIED.,.F.,.F.,(4,2,2,2,4),(0.743860413424255,
0.80701779500863,0.870175176593005,0.931339760680703,0.992504344768401),
 .UNSPECIFIED.);
#137=B_SPLINE_CURVE_WITH_KNOTS('',3,(#4657,#4658,#4659,#4660,#4661,#4662,
#4663,#4664,#4665,#4666,#4667,#4668,#4669,#4670,#4671,#4672,#4673,#4674,
#4675,#4676,#4677,#4678,#4679,#4680,#4681,#4682),.UNSPECIFIED.,.F.,.F.,
(4,2,2,2,2,2,2,2,2,2,2,2,4),(0.,0.0611140433634351,0.12222808672687,0.184918163883462,
0.247608241040053,0.310765622624428,0.373923004208803,0.435087588296501,
0.4962521723842,0.557416756471898,0.618581340559596,0.681738722143971,0.744896103728346),
 .UNSPECIFIED.);
#138=B_SPLINE_CURVE_WITH_KNOTS('',3,(#4683,#4684,#4685,#4686,#4687,#4688,
#4689,#4690,#4691,#4692),.UNSPECIFIED.,.F.,.F.,(4,2,2,2,4),(0.744896103728346,
0.807586180884938,0.870276258041529,0.931390301404964,0.992504344768399),
 .UNSPECIFIED.);
#139=B_SPLINE_CURVE_WITH_KNOTS('',3,(#4780,#4781,#4782,#4783,#4784,#4785,
#4786,#4787),.UNSPECIFIED.,.F.,.F.,(4,1,1,1,1,4),(-3.14159265358979,-2.91719317833338,
-2.69279370307697,-2.24399475256414,-1.64559615188037,-1.57079632683771),
 .UNSPECIFIED.);
#140=B_SPLINE_CURVE_WITH_KNOTS('',3,(#4788,#4789,#4790,#4791,#4792,#4793,
#4794,#4795,#4796,#4797,#4798,#4799,#4800,#4801,#4802,#4803,#4804),
 .UNSPECIFIED.,.F.,.F.,(4,1,1,1,1,1,1,1,1,1,1,1,1,1,4),(-1.57079632683771,
-1.34639685153848,-0.747998250854713,-0.448798950512828,-0.149599650170943,
0.149599650170943,0.448798950512828,0.747998250854713,1.0471975511966,1.34639685153848,
1.79519580205131,2.24399475256414,2.69279370307697,2.91719317833338,3.14159265358979),
 .UNSPECIFIED.);
#141=B_SPLINE_CURVE_WITH_KNOTS('',3,(#4853,#4854,#4855,#4856,#4857,#4858,
#4859,#4860,#4861,#4862,#4863,#4864,#4865,#4866,#4867,#4868,#4869,#4870,
#4871,#4872,#4873,#4874,#4875,#4876,#4877,#4878,#4879,#4880,#4881,#4882,
#4883,#4884,#4885,#4886),.UNSPECIFIED.,.F.,.F.,(4,3,3,3,3,3,3,3,3,3,3,4),
(-0.000731342285951994,1.69135538907739E-17,0.00997518788311861,0.0200843988438629,
0.0303876906125294,0.0408902389606712,0.0625110397929748,0.0849670433084133,
0.116180088051807,0.132366503843794,0.164731018521971,0.182646293467941),
 .UNSPECIFIED.);
#142=B_SPLINE_CURVE_WITH_KNOTS('',3,(#4887,#4888,#4889,#4890,#4891,#4892,
#4893,#4894,#4895,#4896,#4897,#4898,#4899,#4900,#4901,#4902,#4903,#4904,
#4905,#4906,#4907,#4908,#4909,#4910,#4911,#4912,#4913,#4914,#4915,#4916,
#4917,#4918,#4919,#4920,#4921,#4922,#4923,#4924,#4925,#4926,#4927,#4928,
#4929,#4930,#4931,#4932,#4933,#4934,#4935,#4936,#4937,#4938),
 .UNSPECIFIED.,.F.,.F.,(4,3,3,3,3,3,3,3,3,3,3,3,3,3,3,3,3,4),(0.107948315233511,
0.128799932216561,0.13041481245099,0.134051937627449,0.154752238732753,
0.17498548015137,0.194907652331457,0.214265158993726,0.230670531746928,
0.232906078153226,0.248488951057948,0.264278776193753,0.28041910104906,
0.297099389473753,0.315085436675383,0.334078532145048,0.353714651197067,
0.355070906048938),.UNSPECIFIED.);
#143=B_SPLINE_CURVE_WITH_KNOTS('',3,(#4970,#4971,#4972,#4973,#4974,#4975,
#4976,#4977,#4978,#4979),.UNSPECIFIED.,.F.,.F.,(4,2,2,2,4),(-0.00082201643001008,
0.,0.102213396535314,0.200696270145874,0.316105294433975),.UNSPECIFIED.);
#144=B_SPLINE_CURVE_WITH_KNOTS('',3,(#4981,#4982,#4983,#4984,#4985,#4986,
#4987,#4988),.UNSPECIFIED.,.F.,.F.,(4,2,2,4),(0.600898105952743,0.62002062440638,
0.663708601225914,0.73626422344474),.UNSPECIFIED.);
#145=B_SPLINE_CURVE_WITH_KNOTS('',3,(#4990,#4991,#4992,#4993,#4994,#4995),
 .UNSPECIFIED.,.F.,.F.,(4,1,1,4),(-11.9221884916319,-11.5662287289782,-11.2102689663245,
-10.6763293223439),.UNSPECIFIED.);
#146=B_SPLINE_CURVE_WITH_KNOTS('',3,(#4997,#4998,#4999,#5000,#5001,#5002,
#5003,#5004,#5005,#5006,#5007,#5008),.UNSPECIFIED.,.F.,.F.,(4,2,2,2,2,4),
(0.,0.0535194292742369,0.185957345557216,0.276054721172237,0.330092932629591,
0.348790853800188),.UNSPECIFIED.);
#147=B_SPLINE_CURVE_WITH_KNOTS('',3,(#5009,#5010,#5011,#5012),
 .UNSPECIFIED.,.F.,.F.,(4,4),(0.,0.101314762257953),.UNSPECIFIED.);
#148=B_SPLINE_CURVE_WITH_KNOTS('',3,(#5046,#5047,#5048,#5049,#5050,#5051,
#5052,#5053,#5054,#5055,#5056,#5057,#5058,#5059,#5060,#5061,#5062,#5063,
#5064,#5065,#5066,#5067,#5068,#5069,#5070,#5071,#5072,#5073),
 .UNSPECIFIED.,.F.,.F.,(4,3,3,3,3,3,3,3,3,4),(0.,0.0254323506220861,0.0571470510198901,
0.0743631517213009,0.0976518508879741,0.120107804855348,0.141728562102823,
0.162535399744477,0.182627279301033,0.183358612748776),.UNSPECIFIED.);
#149=B_SPLINE_CURVE_WITH_KNOTS('',3,(#5074,#5075,#5076,#5077,#5078,#5079,
#5080,#5081,#5082,#5083,#5084,#5085,#5086),.UNSPECIFIED.,.F.,.F.,(4,3,3,
3,4),(0.,0.00119736759411329,0.17304459913579,0.230327009649682,0.287609420163574),
 .UNSPECIFIED.);
#150=B_SPLINE_CURVE_WITH_KNOTS('',3,(#5118,#5119,#5120,#5121),
 .UNSPECIFIED.,.F.,.F.,(4,4),(0.18278615626781,0.284124591860354),
 .UNSPECIFIED.);
#151=B_SPLINE_CURVE_WITH_KNOTS('',3,(#5123,#5124,#5125,#5126,#5127,#5128,
#5129,#5130,#5131,#5132),.UNSPECIFIED.,.F.,.F.,(4,2,2,2,4),(1.20130494940094,
1.22087962119077,1.26268726604903,1.3337850230355,1.57274961453792),
 .UNSPECIFIED.);
#152=B_SPLINE_CURVE_WITH_KNOTS('',3,(#5134,#5135,#5136,#5137,#5138,#5139),
 .UNSPECIFIED.,.F.,.F.,(4,1,1,4),(-12.3313309450727,-11.9753770075919,-11.6194230701111,
-11.0854921638899),.UNSPECIFIED.);
#153=B_SPLINE_CURVE_WITH_KNOTS('',3,(#5141,#5142,#5143,#5144,#5145,#5146,
#5147,#5148,#5149,#5150),.UNSPECIFIED.,.F.,.F.,(4,2,2,2,4),(0.,0.019876089701816,
0.0772487554564737,0.112954014233273,0.11700685289166),.UNSPECIFIED.);
#154=B_SPLINE_CURVE_WITH_KNOTS('',3,(#5151,#5152,#5153,#5154,#5155,#5156,
#5157,#5158,#5159,#5160),.UNSPECIFIED.,.F.,.F.,(4,2,2,2,4),(-0.000822444934570304,
0.,0.104595485360442,0.200762232364974,0.316102632786795),.UNSPECIFIED.);
#155=B_SPLINE_CURVE_WITH_KNOTS('',3,(#5228,#5229,#5230,#5231,#5232,#5233,
#5234,#5235),.UNSPECIFIED.,.F.,.F.,(4,2,2,4),(-0.00088484288238418,0.,0.181033207725518,
0.368032282460117),.UNSPECIFIED.);
#156=B_SPLINE_CURVE_WITH_KNOTS('',3,(#5237,#5238,#5239,#5240,#5241,#5242,
#5243,#5244,#5245,#5246),.UNSPECIFIED.,.F.,.F.,(4,2,2,2,4),(0.322112599460785,
0.355855463331195,0.433644750698064,0.507400748951065,0.57857061697114),
 .UNSPECIFIED.);
#157=B_SPLINE_CURVE_WITH_KNOTS('',3,(#5247,#5248,#5249,#5250,#5251,#5252,
#5253,#5254,#5255,#5256,#5257,#5258,#5259,#5260,#5261,#5262,#5263,#5264,
#5265,#5266,#5267,#5268,#5269,#5270,#5271,#5272,#5273,#5274,#5275,#5276,
#5277,#5278,#5279,#5280,#5281,#5282,#5283,#5284,#5285,#5286,#5287,#5288,
#5289,#5290,#5291,#5292,#5293,#5294,#5295,#5296,#5297,#5298,#5299,#5300,
#5301,#5302,#5303,#5304,#5305,#5306,#5307,#5308,#5309,#5310,#5311,#5312,
#5313,#5314,#5315,#5316,#5317,#5318,#5319,#5320,#5321,#5322,#5323,#5324,
#5325,#5326,#5327,#5328,#5329,#5330,#5331,#5332,#5333,#5334,#5335,#5336,
#5337,#5338,#5339,#5340,#5341,#5342,#5343,#5344,#5345,#5346,#5347,#5348,
#5349,#5350,#5351,#5352,#5353,#5354,#5355,#5356,#5357,#5358,#5359,#5360,
#5361),.UNSPECIFIED.,.F.,.F.,(4,3,3,3,3,3,3,3,3,3,3,3,3,3,3,3,3,3,3,3,3,
3,3,3,3,3,3,3,3,3,3,3,3,3,3,3,3,3,4),(-8.79137124115107,-8.72257917441242,
-8.69168443430931,-8.60353987618653,-8.55003210729438,-8.48449170811592,
-8.41645480504616,-8.36493355644278,-8.29033919461114,-8.2195274085767,
-8.19436078029067,-8.17792225797701,-8.12316975094407,-8.06596463630426,
-8.03759921677686,-8.02441298841646,-7.96807545773338,-7.91407273734302,
-7.88183178375802,-7.87082534036183,-7.81414759151769,-7.75553389031796,
-7.71425217560905,-7.65631349701435,-7.5983501312081,-7.56387321558431,
-7.5250679172316,-7.43336283420206,-7.35594604319572,-7.29897267596874,
-7.25704384625284,-7.23817723814389,-7.17364612750461,-7.10648383516014,
-7.08327350064258,-6.95035093830686,-6.80255245499647,-6.69772140758199,
-6.64341750135202),.UNSPECIFIED.);
#158=B_SPLINE_CURVE_WITH_KNOTS('',3,(#5419,#5420,#5421,#5422,#5423,#5424,
#5425,#5426),.UNSPECIFIED.,.F.,.F.,(4,2,2,4),(-0.000886247688748444,0.,
0.156092748111733,0.403242165561395),.UNSPECIFIED.);
#159=B_SPLINE_CURVE_WITH_KNOTS('',3,(#5428,#5429,#5430,#5431,#5432,#5433,
#5434,#5435,#5436),.UNSPECIFIED.,.F.,.F.,(4,1,1,1,1,1,4),(-12.975778467558,
-12.5553267596196,-12.1348750516811,-11.9246491977119,-11.7144233437426,
-11.5041974897734,-11.504158706897),.UNSPECIFIED.);
#160=B_SPLINE_CURVE_WITH_KNOTS('',3,(#5437,#5438,#5439,#5440,#5441,#5442,
#5443,#5444,#5445),.UNSPECIFIED.,.F.,.F.,(4,1,1,1,1,1,4),(-11.504158706897,
-11.2939716358042,-11.1888587088196,-11.0837457818349,-10.8735199278657,
-10.4530682199272,-10.0326165119888),.UNSPECIFIED.);
#161=B_SPLINE_CURVE_WITH_KNOTS('',3,(#5513,#5514,#5515,#5516,#5517),
 .UNSPECIFIED.,.F.,.F.,(4,1,4),(-7.83300224973402,-7.52615450953288,-7.33862694768761),
 .UNSPECIFIED.);
#162=B_SPLINE_CURVE_WITH_KNOTS('',3,(#5519,#5520,#5521,#5522,#5523,#5524,
#5525,#5526,#5527,#5528,#5529,#5530,#5531,#5532,#5533,#5534,#5535,#5536,
#5537,#5538,#5539,#5540,#5541,#5542,#5543,#5544,#5545,#5546,#5547,#5548,
#5549,#5550,#5551,#5552,#5553,#5554,#5555,#5556,#5557,#5558,#5559,#5560,
#5561,#5562,#5563,#5564,#5565,#5566,#5567,#5568,#5569,#5570,#5571,#5572,
#5573,#5574,#5575,#5576,#5577,#5578,#5579,#5580,#5581,#5582,#5583,#5584,
#5585,#5586,#5587,#5588,#5589,#5590,#5591,#5592,#5593,#5594,#5595,#5596,
#5597,#5598,#5599,#5600,#5601,#5602,#5603,#5604,#5605,#5606,#5607,#5608,
#5609,#5610,#5611,#5612,#5613,#5614,#5615,#5616,#5617,#5618,#5619,#5620,
#5621),.UNSPECIFIED.,.F.,.F.,(4,3,3,3,3,3,3,3,3,3,3,3,3,3,3,3,3,3,3,3,3,
3,3,3,3,3,3,3,3,3,3,3,3,3,4),(-7.33870435661295,-7.27640747787075,-7.23826304635798,
-7.21947904468646,-7.15849079154341,-7.10256189498489,-7.09750253840035,
-7.03162717267125,-6.96942281502962,-6.9178992904966,-6.91251565831189,
-6.85712517917045,-6.80120882878125,-6.74817447831502,-6.74529247839204,
-6.69805011206007,-6.65112811824758,-6.60584005629414,-6.58787883247489,
-6.53838933616042,-6.48695916991737,-6.45230289127878,-6.43249716737861,
-6.3549417948606,-6.29878384737001,-6.26657662241685,-6.19628990933606,
-6.12292047463122,-6.0803361463876,-5.99186012897124,-5.9095422329995,-5.82953602732929,
-5.76918638542022,-5.70113846139685,-5.68506806832603),.UNSPECIFIED.);
#163=B_SPLINE_CURVE_WITH_KNOTS('',3,(#5622,#5623,#5624,#5625,#5626,#5627),
 .UNSPECIFIED.,.F.,.F.,(4,2,4),(0.,0.167955724244817,0.176499568552626),
 .UNSPECIFIED.);
#164=B_SPLINE_CURVE_WITH_KNOTS('',3,(#5634,#5635,#5636,#5637),
 .UNSPECIFIED.,.F.,.F.,(4,4),(2.36399208702703,2.42472627266489),
 .UNSPECIFIED.);
#165=B_SPLINE_CURVE_WITH_KNOTS('',3,(#5638,#5639,#5640,#5641,#5642,#5643,
#5644,#5645,#5646,#5647),.UNSPECIFIED.,.F.,.F.,(4,1,1,1,1,1,1,4),(-9.19128722438879,
-8.79872885020775,-8.4061704760267,-8.01361210184565,-7.62105372766461,
-7.22849535348356,-6.83593697930251,-6.44337860512146),.UNSPECIFIED.);
#166=B_SPLINE_CURVE_WITH_KNOTS('',3,(#5648,#5649,#5650,#5651,#5652,#5653,
#5654,#5655,#5656,#5657,#5658,#5659,#5660,#5661,#5662,#5663),
 .UNSPECIFIED.,.F.,.F.,(4,2,2,2,2,2,2,4),(2.42472627266489,2.5049665783357,
2.5852068840065,2.69004463518276,2.79488238635903,3.02015518698977,3.24542798762051,
3.31501365405294),.UNSPECIFIED.);
#167=B_SPLINE_CURVE_WITH_KNOTS('',3,(#5667,#5668,#5669,#5670,#5671,#5672,
#5673,#5674,#5675,#5676,#5677,#5678),.UNSPECIFIED.,.F.,.F.,(4,2,2,2,2,4),
(0.295386042508082,0.430731690086887,0.532604584107987,0.634477478129088,
0.693465414218523,0.752453350307958),.UNSPECIFIED.);
#168=B_SPLINE_CURVE_WITH_KNOTS('',3,(#5679,#5680,#5681,#5682),
 .UNSPECIFIED.,.F.,.F.,(4,4),(0.752453350307958,0.755043528973749),
 .UNSPECIFIED.);
#169=B_SPLINE_CURVE_WITH_KNOTS('',3,(#5686,#5687,#5688,#5689,#5690,#5691,
#5692,#5693,#5694,#5695,#5696,#5697),.UNSPECIFIED.,.F.,.F.,(4,2,2,2,2,4),
(0.,0.0589879360894352,0.11797587217887,0.219848766199971,0.321721660221071,
0.457067307799876),.UNSPECIFIED.);
#170=B_SPLINE_CURVE_WITH_KNOTS('',3,(#5698,#5699,#5700,#5701),
 .UNSPECIFIED.,.F.,.F.,(4,4),(1.50231652195013,1.50490670061592),
 .UNSPECIFIED.);
#171=B_SPLINE_CURVE_WITH_KNOTS('',3,(#5707,#5708,#5709,#5710,#5711,#5712,
#5713,#5714,#5715,#5716,#5717,#5718,#5719,#5720,#5721,#5722,#5723,#5724),
 .UNSPECIFIED.,.F.,.F.,(4,2,2,2,2,2,2,2,4),(1.53443889127685,1.60402455770928,
1.82929735834002,2.05457015897076,2.15940791014703,2.26424566132329,2.34448596699409,
2.42472627266489,2.48546045830276),.UNSPECIFIED.);
#172=B_SPLINE_CURVE_WITH_KNOTS('',3,(#5726,#5727,#5728,#5729,#5730,#5731,
#5732,#5733,#5734,#5735),.UNSPECIFIED.,.F.,.F.,(4,2,2,2,4),(0.264704177966174,
0.318262338631636,0.393816940327503,0.494354052635665,0.546631588545927),
 .UNSPECIFIED.);
#173=B_SPLINE_CURVE_WITH_KNOTS('',3,(#5737,#5738,#5739,#5740,#5741,#5742,
#5743,#5744,#5745,#5746,#5747,#5748),.UNSPECIFIED.,.F.,.F.,(4,1,1,1,1,1,
1,1,1,4),(-12.7789947864024,-12.4147809536818,-12.0505671209612,-11.8684602046008,
-11.6863532882405,-11.5042463718802,-11.3221394555199,-10.9579256227993,
-10.5937117900786,-10.229497957358),.UNSPECIFIED.);
#174=B_SPLINE_CURVE_WITH_KNOTS('',3,(#5749,#5750,#5751,#5752,#5753,#5754),
 .UNSPECIFIED.,.F.,.F.,(4,2,4),(0.,0.12460468204306,0.222860056574046),
 .UNSPECIFIED.);
#175=B_SPLINE_CURVE_WITH_KNOTS('',3,(#5803,#5804,#5805,#5806,#5807,#5808,
#5809,#5810),.UNSPECIFIED.,.F.,.F.,(4,2,2,4),(0.,0.156635521729335,0.277025068192605,
0.277794325527647),.UNSPECIFIED.);
#176=B_SPLINE_CURVE_WITH_KNOTS('',3,(#5811,#5812,#5813,#5814,#5815,#5816,
#5817,#5818),.UNSPECIFIED.,.F.,.F.,(4,2,2,4),(-0.000912757529273179,0.,
0.142846672595585,0.328700674669516),.UNSPECIFIED.);
#177=B_SPLINE_CURVE_WITH_KNOTS('',3,(#5880,#5881,#5882,#5883,#5884,#5885,
#5886,#5887,#5888,#5889,#5890,#5891,#5892,#5893,#5894,#5895,#5896,#5897,
#5898,#5899,#5900,#5901,#5902,#5903,#5904,#5905,#5906,#5907,#5908,#5909,
#5910,#5911,#5912,#5913,#5914,#5915,#5916,#5917,#5918,#5919,#5920,#5921,
#5922,#5923,#5924,#5925,#5926,#5927,#5928,#5929,#5930,#5931,#5932,#5933,
#5934,#5935,#5936,#5937,#5938,#5939,#5940,#5941,#5942,#5943,#5944,#5945,
#5946,#5947,#5948,#5949,#5950,#5951,#5952,#5953,#5954,#5955,#5956,#5957,
#5958,#5959,#5960,#5961,#5962,#5963,#5964,#5965,#5966,#5967,#5968,#5969,
#5970,#5971,#5972,#5973,#5974,#5975,#5976,#5977,#5978,#5979,#5980,#5981,
#5982,#5983,#5984,#5985,#5986,#5987,#5988,#5989,#5990,#5991),
 .UNSPECIFIED.,.F.,.F.,(4,3,3,3,3,3,3,3,3,3,3,3,3,3,3,3,3,3,3,3,3,3,3,3,
3,3,3,3,3,3,3,3,3,3,3,3,3,4),(-9.80607289612021,-9.74201654043991,-9.66538131250032,
-9.5925290837918,-9.54748529899307,-9.47781540468994,-9.41352476324267,
-9.34550935159648,-9.29741680126906,-9.22670027051467,-9.1582710514536,
-9.09002830326451,-9.02806823739291,-9.02115932448291,-8.9590727771503,
-8.89725896110756,-8.88474821537573,-8.82579153686473,-8.76718480225204,
-8.71002402460691,-8.66961425306559,-8.62815535390807,-8.57275731293987,
-8.51668763453655,-8.45961100078476,-8.44067540419425,-8.37612881673834,
-8.31057208636701,-8.244403948413,-8.23579326984036,-8.19772425447004,-8.1427443267048,
-8.12476522547891,-8.02807167596362,-7.97793687498389,-7.94682772243135,
-7.87142474880875,-7.84718335204712),.UNSPECIFIED.);
#178=B_SPLINE_CURVE_WITH_KNOTS('',3,(#5992,#5993,#5994,#5995,#5996,#5997,
#5998,#5999,#6000,#6001,#6002,#6003,#6004,#6005,#6006,#6007,#6008,#6009,
#6010,#6011,#6012,#6013,#6014,#6015,#6016,#6017,#6018,#6019,#6020,#6021,
#6022),.UNSPECIFIED.,.F.,.F.,(4,3,3,3,3,3,3,3,3,3,4),(-7.84718335204711,
-7.84303527307199,-7.76941283891995,-7.74230038066119,-7.62294525878385,
-7.50257775537941,-7.48730257881028,-7.4506369265514,-7.30469940526703,
-7.16089959198823,-7.05811066802262),.UNSPECIFIED.);
#179=B_SPLINE_CURVE_WITH_KNOTS('',3,(#6133,#6134,#6135,#6136,#6137,#6138,
#6139,#6140,#6141,#6142,#6143,#6144),.UNSPECIFIED.,.F.,.F.,(4,1,1,1,1,1,
1,1,1,4),(-12.7789947864024,-12.4147809536818,-12.0505671209612,-11.6863532882405,
-11.5952998300604,-11.3221394555199,-11.1400325391596,-10.9579256227993,
-10.5937117900786,-10.229497957358),.UNSPECIFIED.);
#180=B_SPLINE_CURVE_WITH_KNOTS('',3,(#6145,#6146,#6147,#6148,#6149,#6150,
#6151,#6152),.UNSPECIFIED.,.F.,.F.,(4,2,2,4),(0.,0.15663552172924,0.277025067403431,
0.277794324748856),.UNSPECIFIED.);
#181=B_SPLINE_CURVE_WITH_KNOTS('',3,(#6153,#6154,#6155,#6156,#6157,#6158,
#6159,#6160),.UNSPECIFIED.,.F.,.F.,(4,2,2,4),(-0.000912746784263253,0.,
0.142846672055338,0.328700672691905),.UNSPECIFIED.);
#182=B_SPLINE_CURVE_WITH_KNOTS('',3,(#6247,#6248,#6249,#6250,#6251,#6252,
#6253,#6254,#6255,#6256,#6257,#6258,#6259,#6260,#6261,#6262,#6263,#6264,
#6265,#6266,#6267,#6268,#6269,#6270,#6271,#6272,#6273,#6274,#6275,#6276,
#6277,#6278,#6279,#6280,#6281,#6282,#6283,#6284,#6285,#6286,#6287,#6288,
#6289,#6290,#6291,#6292,#6293,#6294,#6295,#6296,#6297,#6298,#6299,#6300,
#6301,#6302,#6303,#6304,#6305,#6306,#6307,#6308,#6309,#6310,#6311,#6312,
#6313,#6314,#6315,#6316,#6317,#6318,#6319,#6320,#6321,#6322,#6323,#6324,
#6325,#6326,#6327,#6328,#6329,#6330,#6331,#6332,#6333,#6334,#6335,#6336,
#6337,#6338,#6339,#6340,#6341,#6342,#6343,#6344,#6345,#6346,#6347,#6348,
#6349,#6350,#6351,#6352,#6353,#6354,#6355,#6356,#6357,#6358,#6359,#6360,
#6361,#6362,#6363,#6364,#6365,#6366,#6367,#6368,#6369,#6370,#6371,#6372,
#6373,#6374,#6375,#6376,#6377,#6378,#6379),.UNSPECIFIED.,.F.,.F.,(4,3,3,
3,3,3,3,3,3,3,3,3,3,3,3,3,3,3,3,3,3,3,3,3,3,3,3,3,3,3,3,3,3,3,3,3,3,3,3,
3,3,3,3,3,4),(-9.8060728961202,-9.74915173843125,-9.71488566105838,-9.61210635312624,
-9.59764130460939,-9.5474852989931,-9.44560968623404,-9.38923185781221,
-9.29741680126909,-9.20113071718408,-9.18081474997929,-9.09002830326454,
-9.00188249331647,-8.97238729593456,-8.88474821537576,-8.76407086804341,
-8.66961425306562,-8.59990318499243,-8.55555106230017,-8.48512329450302,
-8.44067540419428,-8.36515444224608,-8.28664669372876,-8.20447265774248,
-8.19772425447006,-8.14231745568323,-8.13856934687465,-8.12476522547892,
-8.05794916093342,-8.03443230163069,-7.96539033463704,-7.95235898904777,
-7.8651435414743,-7.77342808582694,-7.74230038066119,-7.72174029381883,
-7.61206917563721,-7.49847257858371,-7.48730257881028,-7.3798290719572,
-7.30491920538332,-7.2020210653522,-7.1087098439388,-7.03104052151371,-7.01300874917943),
 .UNSPECIFIED.);
#183=B_SPLINE_CURVE_WITH_KNOTS('',3,(#6381,#6382,#6383,#6384),
 .UNSPECIFIED.,.F.,.F.,(4,4),(-7.01333717948198,-7.00561147409339),
 .UNSPECIFIED.);
#184=B_SPLINE_CURVE_WITH_KNOTS('',3,(#6385,#6386,#6387,#6388,#6389,#6390,
#6391,#6392,#6393,#6394,#6395,#6396,#6397,#6398,#6399,#6400,#6401,#6402,
#6403,#6404,#6405,#6406,#6407,#6408,#6409,#6410,#6411,#6412,#6413,#6414,
#6415,#6416,#6417,#6418,#6419,#6420,#6421,#6422,#6423,#6424),
 .UNSPECIFIED.,.F.,.F.,(4,3,3,3,3,3,3,3,3,3,3,3,3,4),(-0.290166903088702,
-0.261064753823955,-0.232175638612847,-0.20296697232128,-0.173758306029713,
-0.166369297034536,-0.138645788461651,-0.111327860197925,-0.0871439549287065,
-0.0830051141901204,-0.0559166781376681,-0.027958339068834,0.,0.000849769467625714),
 .UNSPECIFIED.);
#185=B_SPLINE_CURVE_WITH_KNOTS('',3,(#6425,#6426,#6427,#6428,#6429,#6430,
#6431,#6432),.UNSPECIFIED.,.F.,.F.,(4,2,2,4),(0.264724477519659,0.31695426483128,
0.416980497159941,0.527241154620393),.UNSPECIFIED.);
#186=B_SPLINE_CURVE_WITH_KNOTS('',3,(#6455,#6456,#6457,#6458),
 .UNSPECIFIED.,.F.,.F.,(4,4),(-7.52175217006877,-7.50254122257038),
 .UNSPECIFIED.);
#187=B_SPLINE_CURVE_WITH_KNOTS('',3,(#6460,#6461,#6462,#6463,#6464,#6465,
#6466,#6467),.UNSPECIFIED.,.F.,.F.,(4,2,2,4),(0.,0.117509429538359,0.216024804364651,
0.226696269944104),.UNSPECIFIED.);
#188=B_SPLINE_CURVE_WITH_KNOTS('',3,(#6468,#6469,#6470,#6471,#6472,#6473),
 .UNSPECIFIED.,.F.,.F.,(4,2,4),(0.123994294655138,0.213760912186015,0.214685976022383),
 .UNSPECIFIED.);
#189=B_SPLINE_CURVE_WITH_KNOTS('',3,(#6474,#6475,#6476,#6477),
 .UNSPECIFIED.,.F.,.F.,(4,4),(-0.047241562622983,0.),.UNSPECIFIED.);
#190=B_SPLINE_CURVE_WITH_KNOTS('',3,(#6564,#6565,#6566,#6567,#6568,#6569),
 .UNSPECIFIED.,.F.,.F.,(4,1,1,4),(-9.23606655252349,-8.94435171828546,-8.52752286609147,
-8.40217360475291),.UNSPECIFIED.);
#191=B_SPLINE_CURVE_WITH_KNOTS('',3,(#6571,#6572,#6573,#6574,#6575,#6576,
#6577,#6578,#6579,#6580,#6581,#6582),.UNSPECIFIED.,.F.,.F.,(4,1,1,1,1,1,
1,1,1,4),(-8.40217360475291,-8.21490122694597,-8.11069401389747,-7.69386516170347,
-7.48545073560647,-7.27703630950948,-7.06862188341248,-6.86020745731548,
-6.65179303121848,-6.44337860512148),.UNSPECIFIED.);
#192=B_SPLINE_CURVE_WITH_KNOTS('',3,(#6583,#6584,#6585,#6586,#6587,#6588),
 .UNSPECIFIED.,.F.,.F.,(4,2,4),(0.,0.124604682043056,0.222860056573933),
 .UNSPECIFIED.);
#193=B_SPLINE_CURVE_WITH_KNOTS('',3,(#6590,#6591,#6592,#6593,#6594,#6595,
#6596,#6597,#6598,#6599,#6600,#6601,#6602,#6603,#6604,#6605,#6606,#6607,
#6608,#6609,#6610,#6611,#6612,#6613,#6614,#6615,#6616,#6617,#6618,#6619,
#6620,#6621,#6622,#6623,#6624,#6625,#6626,#6627,#6628,#6629),
 .UNSPECIFIED.,.F.,.F.,(4,3,3,3,3,3,3,3,3,3,3,3,3,4),(-0.29038722436834,
-0.289539292888492,-0.262781070651726,-0.234747391730671,-0.206713712809616,
-0.202583824148613,-0.175419640419384,-0.147816803249266,-0.123529840712172,
-0.116156813530196,-0.0871176101476468,-0.0582098256770463,-0.0291049128385231,
0.),.UNSPECIFIED.);
#194=B_SPLINE_CURVE_WITH_KNOTS('',3,(#6630,#6631,#6632,#6633),
 .UNSPECIFIED.,.F.,.F.,(4,4),(-9.24379147793807,-9.2360665525198),
 .UNSPECIFIED.);
#195=B_SPLINE_CURVE_WITH_KNOTS('',3,(#6655,#6656,#6657,#6658,#6659,#6660),
 .UNSPECIFIED.,.F.,.F.,(4,2,4),(-0.000925720747458129,0.,0.0898303586410493),
 .UNSPECIFIED.);
#196=B_SPLINE_CURVE_WITH_KNOTS('',3,(#6662,#6663,#6664,#6665,#6666,#6667),
 .UNSPECIFIED.,.F.,.F.,(4,2,4),(0.0762604680415583,0.180237576132019,0.303758120034099),
 .UNSPECIFIED.);
#197=B_SPLINE_CURVE_WITH_KNOTS('',3,(#6669,#6670,#6671,#6672),
 .UNSPECIFIED.,.F.,.F.,(4,4),(-11.1696704955664,-11.1504599195544),
 .UNSPECIFIED.);
#198=B_SPLINE_CURVE_WITH_KNOTS('',3,(#6673,#6674,#6675,#6676,#6677,#6678),
 .UNSPECIFIED.,.F.,.F.,(4,2,4),(-0.368690118224725,-0.305827203702614,-0.304977959204604),
 .UNSPECIFIED.);
#199=B_SPLINE_CURVE_WITH_KNOTS('',3,(#6685,#6686,#6687,#6688,#6689,#6690,
#6691,#6692,#6693,#6694,#6695,#6696,#6697,#6698,#6699,#6700,#6701,#6702),
 .UNSPECIFIED.,.F.,.F.,(4,2,2,2,2,2,2,2,4),(1.28353963045276,1.37875175707854,
1.60402455770928,1.82929735834002,2.05457015897076,2.15940791014703,2.26424566132329,
2.34448596699409,2.4247262726649),.UNSPECIFIED.);
#200=B_SPLINE_CURVE_WITH_KNOTS('',3,(#6704,#6705,#6706,#6707),
 .UNSPECIFIED.,.F.,.F.,(4,4),(2.4247262726649,2.48546045830276),
 .UNSPECIFIED.);
#201=B_SPLINE_CURVE_WITH_KNOTS('',3,(#6714,#6715,#6716,#6717,#6718,#6719,
#6720,#6721,#6722,#6723,#6724,#6725,#6726,#6727,#6728,#6729,#6730,#6731,
#6732,#6733),.UNSPECIFIED.,.F.,.F.,(4,2,2,2,2,2,2,2,2,4),(2.36399208702703,
2.42472627266489,2.5049665783357,2.5852068840065,2.69004463518276,2.79488238635903,
3.02015518698977,3.24542798762051,3.47070078825125,3.56591291487703),
 .UNSPECIFIED.);
#202=B_SPLINE_CURVE_WITH_KNOTS('',3,(#6735,#6736,#6737,#6738),
 .UNSPECIFIED.,.F.,.F.,(4,4),(2.10386501476491,2.12227922368527),
 .UNSPECIFIED.);
#203=B_SPLINE_CURVE_WITH_KNOTS('',3,(#6745,#6746,#6747,#6748,#6749,#6750,
#6751,#6752,#6753),.UNSPECIFIED.,.F.,.F.,(4,1,1,1,1,1,4),(-12.975778467558,
-12.5553267596195,-12.1348750516811,-11.7144233437426,-11.609310416758,
-11.5041974897734,-11.5041938336849),.UNSPECIFIED.);
#204=B_SPLINE_CURVE_WITH_KNOTS('',3,(#6755,#6756,#6757,#6758,#6759,#6760),
 .UNSPECIFIED.,.F.,.F.,(4,2,4),(0.,0.167955724245807,0.17637885388825),
 .UNSPECIFIED.);
#205=B_SPLINE_CURVE_WITH_KNOTS('',3,(#6762,#6763,#6764,#6765),
 .UNSPECIFIED.,.F.,.F.,(4,4),(0.749863171642169,0.752453350307957),
 .UNSPECIFIED.);
#206=B_SPLINE_CURVE_WITH_KNOTS('',3,(#6767,#6768,#6769,#6770,#6771,#6772,
#6773,#6774,#6775,#6776,#6777,#6778,#6779,#6780,#6781,#6782,#6783,#6784),
 .UNSPECIFIED.,.F.,.F.,(4,2,2,2,2,2,2,2,4),(0.752453350307957,0.786326752486806,
0.820200154665655,0.887946959023353,0.981072302610794,1.07419764619823,
1.19402135954533,1.31384507289242,1.34617776258685),.UNSPECIFIED.);
#207=B_SPLINE_CURVE_WITH_KNOTS('',3,(#6785,#6786,#6787,#6788,#6789,#6790,
#6791,#6792,#6793,#6794),.UNSPECIFIED.,.F.,.F.,(4,2,2,2,4),(0.397506410819621,
0.432574109012605,0.51673620938832,0.608532185545749,0.673824531780851),
 .UNSPECIFIED.);
#208=B_SPLINE_CURVE_WITH_KNOTS('',3,(#6795,#6796,#6797,#6798),
 .UNSPECIFIED.,.F.,.F.,(4,4),(1.62512025063705,1.64353469081078),
 .UNSPECIFIED.);
#209=B_SPLINE_CURVE_WITH_KNOTS('',3,(#6800,#6801,#6802,#6803,#6804,#6805,
#6806,#6807,#6808,#6809),.UNSPECIFIED.,.F.,.F.,(4,2,2,2,4),(0.,0.053777589297048,
0.188238781007281,0.26555593363078,0.307571723613807),.UNSPECIFIED.);
#210=B_SPLINE_CURVE_WITH_KNOTS('',3,(#6811,#6812,#6813,#6814,#6815,#6816,
#6817,#6818,#6819,#6820,#6821,#6822,#6823,#6824,#6825,#6826,#6827,#6828),
 .UNSPECIFIED.,.F.,.F.,(4,2,2,2,2,2,2,2,4),(0.91105845828407,0.943391147978503,
1.06321486132559,1.18303857467268,1.27616391826012,1.36928926184756,1.43703606620526,
1.47090946838411,1.50478287056296),.UNSPECIFIED.);
#211=B_SPLINE_CURVE_WITH_KNOTS('',3,(#6830,#6831,#6832,#6833),
 .UNSPECIFIED.,.F.,.F.,(4,4),(0.,0.00259017866578636),.UNSPECIFIED.);
#212=B_SPLINE_CURVE_WITH_KNOTS('',3,(#6835,#6836,#6837,#6838,#6839,#6840,
#6841,#6842,#6843,#6844),.UNSPECIFIED.,.F.,.F.,(4,2,2,2,4),(0.322112599460343,
0.355855463330795,0.433644750696995,0.507400748949291,0.578570616969721),
 .UNSPECIFIED.);
#213=B_SPLINE_CURVE_WITH_KNOTS('',3,(#6845,#6846,#6847,#6848,#6849,#6850,
#6851,#6852,#6853),.UNSPECIFIED.,.F.,.F.,(4,1,1,1,1,1,4),(-11.5041938336849,
-11.2939716358042,-11.1888587088195,-11.0837457818349,-10.8735199278657,
-10.4530682199272,-10.0326165119888),.UNSPECIFIED.);
#214=B_SPLINE_CURVE_WITH_KNOTS('',3,(#6932,#6933,#6934,#6935,#6936,#6937,
#6938,#6939),.UNSPECIFIED.,.F.,.F.,(4,2,2,4),(-0.000884842911982732,0.,
0.181033227236457,0.368032341448593),.UNSPECIFIED.);
#215=B_SPLINE_CURVE_WITH_KNOTS('',3,(#6941,#6942,#6943,#6944,#6945,#6946,
#6947,#6948,#6949,#6950,#6951,#6952,#6953,#6954,#6955,#6956,#6957,#6958,
#6959,#6960,#6961,#6962,#6963,#6964,#6965,#6966,#6967,#6968,#6969,#6970,
#6971,#6972,#6973,#6974,#6975,#6976,#6977,#6978,#6979,#6980,#6981,#6982,
#6983,#6984,#6985,#6986,#6987,#6988,#6989,#6990,#6991,#6992,#6993,#6994,
#6995,#6996,#6997,#6998,#6999,#7000,#7001,#7002,#7003,#7004,#7005,#7006,
#7007,#7008,#7009,#7010,#7011,#7012,#7013,#7014,#7015,#7016,#7017,#7018,
#7019,#7020,#7021,#7022,#7023,#7024,#7025,#7026,#7027,#7028,#7029,#7030,
#7031,#7032,#7033,#7034,#7035,#7036,#7037,#7038,#7039,#7040,#7041,#7042,
#7043,#7044,#7045,#7046,#7047,#7048,#7049),.UNSPECIFIED.,.F.,.F.,(4,3,3,
3,3,3,3,3,3,3,3,3,3,3,3,3,3,3,3,3,3,3,3,3,3,3,3,3,3,3,3,3,3,3,3,3,4),(-8.79137124472241,
-8.73103646155175,-8.68554809487768,-8.61544038188172,-8.55003211203976,
-8.49487501229366,-8.44181267418923,-8.42604932988116,-8.3745579215179,
-8.36493356180874,-8.30813432031849,-8.25124755287903,-8.1987811957835,
-8.19436078543956,-8.15462542342423,-8.11515713222506,-8.07586161281943,
-8.06112682532354,-8.03759922185837,-8.01538102039719,-7.93838211012936,
-7.88183178888778,-7.87832945060223,-7.81879846369751,-7.7567997767175,
-7.71425218093134,-7.69550271035881,-7.62790554297313,-7.55698337528046,
-7.52506792289391,-7.51282128848601,-7.41385211972615,-7.35594604824108,
-7.33005431084934,-7.27286831263702,-7.23817723818711,-7.13773570534425),
 .UNSPECIFIED.);
#216=B_SPLINE_CURVE_WITH_KNOTS('',3,(#7050,#7051,#7052,#7053,#7054,#7055,
#7056,#7057,#7058,#7059,#7060,#7061,#7062,#7063,#7064,#7065,#7066,#7067,
#7068,#7069,#7070,#7071),.UNSPECIFIED.,.F.,.F.,(4,3,3,3,3,3,3,4),(-7.13773570534425,
-7.08327349957325,-6.96476691052034,-6.84226512890957,-6.80255244552189,
-6.67168953645351,-6.59936692748966,-6.59674293458349),.UNSPECIFIED.);
#217=B_SPLINE_CURVE_WITH_KNOTS('',3,(#7128,#7129,#7130,#7131,#7132,#7133,
#7134,#7135),.UNSPECIFIED.,.F.,.F.,(4,2,2,4),(-0.000886247693745338,0.,
0.156092748311315,0.403242166405922),.UNSPECIFIED.);
#218=B_SPLINE_CURVE_WITH_KNOTS('',3,(#7214,#7215,#7216,#7217,#7218,#7219,
#7220,#7221,#7222,#7223,#7224,#7225,#7226,#7227,#7228,#7229,#7230,#7231,
#7232,#7233,#7234,#7235,#7236,#7237,#7238,#7239,#7240,#7241,#7242,#7243,
#7244,#7245,#7246,#7247,#7248,#7249,#7250,#7251,#7252,#7253,#7254,#7255,
#7256,#7257,#7258,#7259,#7260,#7261,#7262,#7263,#7264,#7265,#7266,#7267,
#7268,#7269,#7270,#7271,#7272,#7273,#7274,#7275,#7276,#7277,#7278,#7279,
#7280,#7281,#7282,#7283,#7284,#7285,#7286,#7287,#7288,#7289,#7290,#7291,
#7292,#7293,#7294,#7295,#7296,#7297,#7298,#7299,#7300,#7301,#7302,#7303,
#7304,#7305,#7306,#7307,#7308,#7309,#7310,#7311,#7312,#7313,#7314,#7315,
#7316,#7317,#7318,#7319,#7320,#7321,#7322,#7323,#7324,#7325,#7326,#7327,
#7328,#7329,#7330,#7331,#7332,#7333,#7334),.UNSPECIFIED.,.F.,.F.,(4,3,3,
3,3,3,3,3,3,3,3,3,3,3,3,3,3,3,3,3,3,3,3,3,3,3,3,3,3,3,3,3,3,3,3,3,3,3,3,
3,4),(-7.8796511304587,-7.87704213178898,-7.77939658026768,-7.67955243004065,
-7.58551067558417,-7.57970827981363,-7.51189766157112,-7.42304564058382,
-7.35350704504896,-7.23826304632307,-7.16786992499087,-7.14634112278636,
-7.09750253831315,-6.98415096687039,-6.96364041681816,-6.91789929005288,
-6.84945213668155,-6.78100498331023,-6.74529247808802,-6.62412823148029,
-6.59831419092105,-6.58787883221693,-6.52570146894798,-6.46326845097246,
-6.43249716709835,-6.41565140693103,-6.34574200935512,-6.27688233212079,
-6.26657662203187,-6.2330663425719,-6.14410666305863,-6.08033614581581,
-6.05035808806312,-5.99416496620855,-5.934979107292,-5.90954223279721,-5.83847619852762,
-5.79010913600644,-5.75710271296973,-5.68944344860955,-5.68506806896145),
 .UNSPECIFIED.);
#219=B_SPLINE_CURVE_WITH_KNOTS('',3,(#7644,#7645,#7646,#7647,#7648,#7649,
#7650,#7651),.UNSPECIFIED.,.F.,.F.,(4,2,2,4),(-0.451343294185132,-0.378345703298214,
-0.189172851649107,0.),.UNSPECIFIED.);
#220=B_SPLINE_CURVE_WITH_KNOTS('',3,(#7652,#7653,#7654,#7655,#7656,#7657,
#7658,#7659),.UNSPECIFIED.,.F.,.F.,(4,2,2,4),(0.,0.189172851649107,0.378345703298214,
0.451343294185061),.UNSPECIFIED.);
#221=B_SPLINE_CURVE_WITH_KNOTS('',3,(#7666,#7667,#7668,#7669,#7670,#7671,
#7672,#7673),.UNSPECIFIED.,.F.,.F.,(4,2,2,4),(4.0102734849097,4.19944633655881,
4.38861918820792,4.46161677909476),.UNSPECIFIED.);
#222=B_SPLINE_CURVE_WITH_KNOTS('',3,(#7674,#7675,#7676,#7677,#7678,#7679,
#7680,#7681),.UNSPECIFIED.,.F.,.F.,(4,2,2,4),(3.55893019072458,3.63192778161149,
3.82110063326059,4.0102734849097),.UNSPECIFIED.);
#223=FACE_BOUND('',#494,.T.);
#224=FACE_BOUND('',#495,.T.);
#225=FACE_BOUND('',#496,.T.);
#226=FACE_BOUND('',#497,.T.);
#227=FACE_BOUND('',#498,.T.);
#228=FACE_BOUND('',#499,.T.);
#229=FACE_BOUND('',#500,.T.);
#230=FACE_BOUND('',#501,.T.);
#231=FACE_BOUND('',#507,.T.);
#232=FACE_BOUND('',#508,.T.);
#233=FACE_BOUND('',#514,.T.);
#234=FACE_BOUND('',#520,.T.);
#235=FACE_BOUND('',#521,.T.);
#236=FACE_BOUND('',#522,.T.);
#237=FACE_BOUND('',#523,.T.);
#238=FACE_BOUND('',#524,.T.);
#239=FACE_BOUND('',#525,.T.);
#240=FACE_BOUND('',#526,.T.);
#241=FACE_BOUND('',#527,.T.);
#242=FACE_BOUND('',#528,.T.);
#243=FACE_BOUND('',#564,.T.);
#244=FACE_BOUND('',#574,.T.);
#245=FACE_BOUND('',#575,.T.);
#246=FACE_BOUND('',#586,.T.);
#247=FACE_BOUND('',#592,.T.);
#248=FACE_BOUND('',#606,.T.);
#249=FACE_BOUND('',#609,.T.);
#250=FACE_BOUND('',#612,.T.);
#251=FACE_BOUND('',#615,.T.);
#252=FACE_BOUND('',#617,.T.);
#253=FACE_BOUND('',#619,.T.);
#254=FACE_BOUND('',#621,.T.);
#255=FACE_BOUND('',#623,.T.);
#256=FACE_BOUND('',#640,.T.);
#257=FACE_BOUND('',#642,.T.);
#258=FACE_BOUND('',#648,.T.);
#259=FACE_BOUND('',#651,.T.);
#260=FACE_BOUND('',#655,.T.);
#261=FACE_BOUND('',#658,.T.);
#262=FACE_BOUND('',#667,.T.);
#263=FACE_BOUND('',#669,.T.);
#264=FACE_BOUND('',#673,.T.);
#265=FACE_BOUND('',#674,.T.);
#266=FACE_BOUND('',#675,.T.);
#267=FACE_BOUND('',#676,.T.);
#268=FACE_BOUND('',#677,.T.);
#269=FACE_BOUND('',#678,.T.);
#270=FACE_BOUND('',#679,.T.);
#271=FACE_BOUND('',#680,.T.);
#272=FACE_BOUND('',#682,.T.);
#273=FACE_BOUND('',#683,.T.);
#274=CIRCLE('',#2900,1.625);
#275=CIRCLE('',#2901,1.625);
#276=CIRCLE('',#2902,1.625);
#277=CIRCLE('',#2903,1.625);
#278=CIRCLE('',#2904,1.625);
#279=CIRCLE('',#2905,1.625);
#280=CIRCLE('',#2906,1.625);
#281=CIRCLE('',#2907,1.625);
#282=CIRCLE('',#2913,2.5);
#283=CIRCLE('',#2914,2.5);
#284=CIRCLE('',#2915,2.5);
#285=CIRCLE('',#2916,2.5);
#286=CIRCLE('',#2922,16.0500000000001);
#287=CIRCLE('',#2927,3.);
#288=CIRCLE('',#2931,12.);
#289=CIRCLE('',#2933,3.);
#290=CIRCLE('',#2934,3.);
#291=CIRCLE('',#2936,3.);
#292=CIRCLE('',#2937,3.);
#293=CIRCLE('',#2940,12.);
#294=CIRCLE('',#2944,11.8288);
#295=CIRCLE('',#2945,4.8141);
#296=CIRCLE('',#2947,17.5934795344556);
#297=CIRCLE('',#2948,24.6081795344556);
#298=CIRCLE('',#2950,11.8288);
#299=CIRCLE('',#2951,4.8141);
#300=CIRCLE('',#2954,16.0500000000001);
#301=CIRCLE('',#2958,5.00000000000003);
#302=CIRCLE('',#2961,4.8141);
#303=CIRCLE('',#2962,3.0359482083);
#304=CIRCLE('',#2964,26.3863313261556);
#305=CIRCLE('',#2965,24.6081795344556);
#306=CIRCLE('',#2967,4.8141);
#307=CIRCLE('',#2968,3.0359482083);
#308=CIRCLE('',#2975,4.99999999999996);
#309=CIRCLE('',#2982,2.5);
#310=CIRCLE('',#2983,2.5);
#311=CIRCLE('',#2989,2.5);
#312=CIRCLE('',#2990,2.5);
#313=CIRCLE('',#3002,3.);
#314=CIRCLE('',#3004,3.);
#315=CIRCLE('',#3006,1.625);
#316=CIRCLE('',#3008,3.);
#317=CIRCLE('',#3010,1.625);
#318=CIRCLE('',#3012,3.);
#319=CIRCLE('',#3014,1.625);
#320=CIRCLE('',#3016,3.);
#321=CIRCLE('',#3018,1.625);
#322=CIRCLE('',#3020,1.625);
#323=CIRCLE('',#3022,1.625);
#324=CIRCLE('',#3024,1.625);
#325=CIRCLE('',#3026,1.625);
#326=CIRCLE('',#3029,1.625);
#327=CIRCLE('',#3032,1.625);
#328=CIRCLE('',#3035,1.625);
#329=CIRCLE('',#3038,1.625);
#330=CIRCLE('',#3040,1.625);
#331=CIRCLE('',#3042,1.625);
#332=CIRCLE('',#3044,1.625);
#333=CIRCLE('',#3047,1.625);
#334=CIRCLE('',#3049,4.);
#335=CIRCLE('',#3052,2.);
#336=CIRCLE('',#3054,4.);
#337=CIRCLE('',#3055,2.);
#338=CIRCLE('',#3058,1.99999999999991);
#339=CIRCLE('',#3059,1.99999999999991);
#340=CIRCLE('',#3061,2.);
#341=CIRCLE('',#3063,2.);
#342=CIRCLE('',#3080,16.0500000000001);
#343=CIRCLE('',#3082,16.0500000000001);
#344=FACE_OUTER_BOUND('',#489,.T.);
#345=FACE_OUTER_BOUND('',#490,.T.);
#346=FACE_OUTER_BOUND('',#491,.T.);
#347=FACE_OUTER_BOUND('',#492,.T.);
#348=FACE_OUTER_BOUND('',#493,.T.);
#349=FACE_OUTER_BOUND('',#502,.T.);
#350=FACE_OUTER_BOUND('',#503,.T.);
#351=FACE_OUTER_BOUND('',#504,.T.);
#352=FACE_OUTER_BOUND('',#505,.T.);
#353=FACE_OUTER_BOUND('',#506,.T.);
#354=FACE_OUTER_BOUND('',#509,.T.);
#355=FACE_OUTER_BOUND('',#510,.T.);
#356=FACE_OUTER_BOUND('',#511,.T.);
#357=FACE_OUTER_BOUND('',#512,.T.);
#358=FACE_OUTER_BOUND('',#513,.T.);
#359=FACE_OUTER_BOUND('',#515,.T.);
#360=FACE_OUTER_BOUND('',#516,.T.);
#361=FACE_OUTER_BOUND('',#517,.T.);
#362=FACE_OUTER_BOUND('',#518,.T.);
#363=FACE_OUTER_BOUND('',#519,.T.);
#364=FACE_OUTER_BOUND('',#529,.T.);
#365=FACE_OUTER_BOUND('',#530,.T.);
#366=FACE_OUTER_BOUND('',#531,.T.);
#367=FACE_OUTER_BOUND('',#532,.T.);
#368=FACE_OUTER_BOUND('',#533,.T.);
#369=FACE_OUTER_BOUND('',#534,.T.);
#370=FACE_OUTER_BOUND('',#535,.T.);
#371=FACE_OUTER_BOUND('',#536,.T.);
#372=FACE_OUTER_BOUND('',#537,.T.);
#373=FACE_OUTER_BOUND('',#538,.T.);
#374=FACE_OUTER_BOUND('',#539,.T.);
#375=FACE_OUTER_BOUND('',#540,.T.);
#376=FACE_OUTER_BOUND('',#541,.T.);
#377=FACE_OUTER_BOUND('',#542,.T.);
#378=FACE_OUTER_BOUND('',#543,.T.);
#379=FACE_OUTER_BOUND('',#544,.T.);
#380=FACE_OUTER_BOUND('',#545,.T.);
#381=FACE_OUTER_BOUND('',#546,.T.);
#382=FACE_OUTER_BOUND('',#547,.T.);
#383=FACE_OUTER_BOUND('',#548,.T.);
#384=FACE_OUTER_BOUND('',#549,.T.);
#385=FACE_OUTER_BOUND('',#550,.T.);
#386=FACE_OUTER_BOUND('',#551,.T.);
#387=FACE_OUTER_BOUND('',#552,.T.);
#388=FACE_OUTER_BOUND('',#553,.T.);
#389=FACE_OUTER_BOUND('',#554,.T.);
#390=FACE_OUTER_BOUND('',#555,.T.);
#391=FACE_OUTER_BOUND('',#556,.T.);
#392=FACE_OUTER_BOUND('',#557,.T.);
#393=FACE_OUTER_BOUND('',#558,.T.);
#394=FACE_OUTER_BOUND('',#559,.T.);
#395=FACE_OUTER_BOUND('',#560,.T.);
#396=FACE_OUTER_BOUND('',#561,.T.);
#397=FACE_OUTER_BOUND('',#562,.T.);
#398=FACE_OUTER_BOUND('',#563,.T.);
#399=FACE_OUTER_BOUND('',#565,.T.);
#400=FACE_OUTER_BOUND('',#566,.T.);
#401=FACE_OUTER_BOUND('',#567,.T.);
#402=FACE_OUTER_BOUND('',#568,.T.);
#403=FACE_OUTER_BOUND('',#569,.T.);
#404=FACE_OUTER_BOUND('',#570,.T.);
#405=FACE_OUTER_BOUND('',#571,.T.);
#406=FACE_OUTER_BOUND('',#572,.T.);
#407=FACE_OUTER_BOUND('',#573,.T.);
#408=FACE_OUTER_BOUND('',#576,.T.);
#409=FACE_OUTER_BOUND('',#577,.T.);
#410=FACE_OUTER_BOUND('',#578,.T.);
#411=FACE_OUTER_BOUND('',#579,.T.);
#412=FACE_OUTER_BOUND('',#580,.T.);
#413=FACE_OUTER_BOUND('',#581,.T.);
#414=FACE_OUTER_BOUND('',#582,.T.);
#415=FACE_OUTER_BOUND('',#583,.T.);
#416=FACE_OUTER_BOUND('',#584,.T.);
#417=FACE_OUTER_BOUND('',#585,.T.);
#418=FACE_OUTER_BOUND('',#587,.T.);
#419=FACE_OUTER_BOUND('',#588,.T.);
#420=FACE_OUTER_BOUND('',#589,.T.);
#421=FACE_OUTER_BOUND('',#590,.T.);
#422=FACE_OUTER_BOUND('',#591,.T.);
#423=FACE_OUTER_BOUND('',#593,.T.);
#424=FACE_OUTER_BOUND('',#594,.T.);
#425=FACE_OUTER_BOUND('',#595,.T.);
#426=FACE_OUTER_BOUND('',#596,.T.);
#427=FACE_OUTER_BOUND('',#597,.T.);
#428=FACE_OUTER_BOUND('',#598,.T.);
#429=FACE_OUTER_BOUND('',#599,.T.);
#430=FACE_OUTER_BOUND('',#600,.T.);
#431=FACE_OUTER_BOUND('',#601,.T.);
#432=FACE_OUTER_BOUND('',#602,.T.);
#433=FACE_OUTER_BOUND('',#603,.T.);
#434=FACE_OUTER_BOUND('',#604,.T.);
#435=FACE_OUTER_BOUND('',#605,.T.);
#436=FACE_OUTER_BOUND('',#607,.T.);
#437=FACE_OUTER_BOUND('',#608,.T.);
#438=FACE_OUTER_BOUND('',#610,.T.);
#439=FACE_OUTER_BOUND('',#611,.T.);
#440=FACE_OUTER_BOUND('',#613,.T.);
#441=FACE_OUTER_BOUND('',#614,.T.);
#442=FACE_OUTER_BOUND('',#616,.T.);
#443=FACE_OUTER_BOUND('',#618,.T.);
#444=FACE_OUTER_BOUND('',#620,.T.);
#445=FACE_OUTER_BOUND('',#622,.T.);
#446=FACE_OUTER_BOUND('',#624,.T.);
#447=FACE_OUTER_BOUND('',#625,.T.);
#448=FACE_OUTER_BOUND('',#626,.T.);
#449=FACE_OUTER_BOUND('',#627,.T.);
#450=FACE_OUTER_BOUND('',#628,.T.);
#451=FACE_OUTER_BOUND('',#629,.T.);
#452=FACE_OUTER_BOUND('',#630,.T.);
#453=FACE_OUTER_BOUND('',#631,.T.);
#454=FACE_OUTER_BOUND('',#632,.T.);
#455=FACE_OUTER_BOUND('',#633,.T.);
#456=FACE_OUTER_BOUND('',#634,.T.);
#457=FACE_OUTER_BOUND('',#635,.T.);
#458=FACE_OUTER_BOUND('',#636,.T.);
#459=FACE_OUTER_BOUND('',#637,.T.);
#460=FACE_OUTER_BOUND('',#638,.T.);
#461=FACE_OUTER_BOUND('',#639,.T.);
#462=FACE_OUTER_BOUND('',#641,.T.);
#463=FACE_OUTER_BOUND('',#643,.T.);
#464=FACE_OUTER_BOUND('',#644,.T.);
#465=FACE_OUTER_BOUND('',#645,.T.);
#466=FACE_OUTER_BOUND('',#646,.T.);
#467=FACE_OUTER_BOUND('',#647,.T.);
#468=FACE_OUTER_BOUND('',#649,.T.);
#469=FACE_OUTER_BOUND('',#650,.T.);
#470=FACE_OUTER_BOUND('',#652,.T.);
#471=FACE_OUTER_BOUND('',#653,.T.);
#472=FACE_OUTER_BOUND('',#654,.T.);
#473=FACE_OUTER_BOUND('',#656,.T.);
#474=FACE_OUTER_BOUND('',#657,.T.);
#475=FACE_OUTER_BOUND('',#659,.T.);
#476=FACE_OUTER_BOUND('',#660,.T.);
#477=FACE_OUTER_BOUND('',#661,.T.);
#478=FACE_OUTER_BOUND('',#662,.T.);
#479=FACE_OUTER_BOUND('',#663,.T.);
#480=FACE_OUTER_BOUND('',#664,.T.);
#481=FACE_OUTER_BOUND('',#665,.T.);
#482=FACE_OUTER_BOUND('',#666,.T.);
#483=FACE_OUTER_BOUND('',#668,.T.);
#484=FACE_OUTER_BOUND('',#670,.T.);
#485=FACE_OUTER_BOUND('',#671,.T.);
#486=FACE_OUTER_BOUND('',#672,.T.);
#487=FACE_OUTER_BOUND('',#681,.T.);
#488=FACE_OUTER_BOUND('',#684,.T.);
#489=EDGE_LOOP('',(#1817,#1818,#1819,#1820));
#490=EDGE_LOOP('',(#1821,#1822,#1823,#1824));
#491=EDGE_LOOP('',(#1825,#1826,#1827,#1828));
#492=EDGE_LOOP('',(#1829,#1830,#1831,#1832));
#493=EDGE_LOOP('',(#1833,#1834,#1835,#1836,#1837,#1838,#1839,#1840));
#494=EDGE_LOOP('',(#1841));
#495=EDGE_LOOP('',(#1842));
#496=EDGE_LOOP('',(#1843));
#497=EDGE_LOOP('',(#1844));
#498=EDGE_LOOP('',(#1845));
#499=EDGE_LOOP('',(#1846));
#500=EDGE_LOOP('',(#1847));
#501=EDGE_LOOP('',(#1848));
#502=EDGE_LOOP('',(#1849,#1850,#1851,#1852));
#503=EDGE_LOOP('',(#1853,#1854,#1855,#1856));
#504=EDGE_LOOP('',(#1857,#1858,#1859,#1860));
#505=EDGE_LOOP('',(#1861,#1862,#1863,#1864));
#506=EDGE_LOOP('',(#1865,#1866,#1867,#1868,#1869,#1870,#1871,#1872,#1873,
#1874,#1875,#1876,#1877));
#507=EDGE_LOOP('',(#1878,#1879,#1880,#1881));
#508=EDGE_LOOP('',(#1882,#1883,#1884,#1885));
#509=EDGE_LOOP('',(#1886,#1887,#1888,#1889));
#510=EDGE_LOOP('',(#1890,#1891,#1892,#1893));
#511=EDGE_LOOP('',(#1894,#1895,#1896,#1897));
#512=EDGE_LOOP('',(#1898,#1899,#1900,#1901));
#513=EDGE_LOOP('',(#1902,#1903,#1904,#1905,#1906,#1907,#1908,#1909,#1910,
#1911,#1912,#1913,#1914,#1915,#1916,#1917,#1918,#1919,#1920,#1921));
#514=EDGE_LOOP('',(#1922));
#515=EDGE_LOOP('',(#1923,#1924,#1925,#1926,#1927,#1928,#1929));
#516=EDGE_LOOP('',(#1930,#1931,#1932,#1933,#1934,#1935,#1936));
#517=EDGE_LOOP('',(#1937,#1938,#1939,#1940,#1941,#1942,#1943,#1944,#1945,
#1946,#1947,#1948,#1949,#1950));
#518=EDGE_LOOP('',(#1951,#1952,#1953,#1954,#1955,#1956));
#519=EDGE_LOOP('',(#1957,#1958,#1959,#1960,#1961,#1962,#1963,#1964,#1965,
#1966,#1967,#1968,#1969,#1970,#1971,#1972,#1973,#1974,#1975,#1976));
#520=EDGE_LOOP('',(#1977,#1978,#1979,#1980,#1981,#1982,#1983,#1984));
#521=EDGE_LOOP('',(#1985,#1986));
#522=EDGE_LOOP('',(#1987,#1988));
#523=EDGE_LOOP('',(#1989,#1990));
#524=EDGE_LOOP('',(#1991,#1992));
#525=EDGE_LOOP('',(#1993,#1994));
#526=EDGE_LOOP('',(#1995,#1996));
#527=EDGE_LOOP('',(#1997,#1998));
#528=EDGE_LOOP('',(#1999,#2000));
#529=EDGE_LOOP('',(#2001,#2002,#2003,#2004,#2005));
#530=EDGE_LOOP('',(#2006,#2007,#2008,#2009,#2010,#2011,#2012,#2013,#2014,
#2015,#2016));
#531=EDGE_LOOP('',(#2017,#2018,#2019));
#532=EDGE_LOOP('',(#2020,#2021,#2022,#2023,#2024,#2025,#2026,#2027));
#533=EDGE_LOOP('',(#2028,#2029,#2030));
#534=EDGE_LOOP('',(#2031,#2032,#2033,#2034,#2035,#2036,#2037,#2038));
#535=EDGE_LOOP('',(#2039,#2040,#2041,#2042,#2043));
#536=EDGE_LOOP('',(#2044,#2045,#2046,#2047,#2048));
#537=EDGE_LOOP('',(#2049,#2050,#2051,#2052,#2053,#2054));
#538=EDGE_LOOP('',(#2055,#2056,#2057,#2058,#2059,#2060,#2061));
#539=EDGE_LOOP('',(#2062,#2063,#2064,#2065,#2066,#2067,#2068));
#540=EDGE_LOOP('',(#2069,#2070,#2071,#2072,#2073,#2074,#2075,#2076));
#541=EDGE_LOOP('',(#2077,#2078,#2079,#2080,#2081,#2082,#2083,#2084,#2085,
#2086,#2087,#2088,#2089,#2090,#2091,#2092,#2093,#2094,#2095));
#542=EDGE_LOOP('',(#2096,#2097,#2098,#2099));
#543=EDGE_LOOP('',(#2100,#2101,#2102,#2103,#2104,#2105,#2106));
#544=EDGE_LOOP('',(#2107,#2108,#2109,#2110,#2111,#2112));
#545=EDGE_LOOP('',(#2113,#2114,#2115,#2116));
#546=EDGE_LOOP('',(#2117,#2118,#2119,#2120,#2121,#2122));
#547=EDGE_LOOP('',(#2123,#2124,#2125,#2126,#2127,#2128));
#548=EDGE_LOOP('',(#2129,#2130,#2131,#2132,#2133,#2134,#2135));
#549=EDGE_LOOP('',(#2136,#2137,#2138,#2139,#2140,#2141));
#550=EDGE_LOOP('',(#2142,#2143,#2144,#2145,#2146,#2147,#2148,#2149,#2150));
#551=EDGE_LOOP('',(#2151,#2152,#2153,#2154,#2155,#2156,#2157,#2158,#2159));
#552=EDGE_LOOP('',(#2160,#2161,#2162));
#553=EDGE_LOOP('',(#2163,#2164,#2165,#2166,#2167,#2168,#2169,#2170,#2171,
#2172,#2173,#2174,#2175,#2176,#2177,#2178,#2179,#2180,#2181,#2182,#2183,
#2184,#2185));
#554=EDGE_LOOP('',(#2186,#2187,#2188,#2189,#2190,#2191,#2192));
#555=EDGE_LOOP('',(#2193,#2194,#2195,#2196,#2197));
#556=EDGE_LOOP('',(#2198,#2199,#2200,#2201,#2202,#2203));
#557=EDGE_LOOP('',(#2204,#2205,#2206,#2207,#2208,#2209));
#558=EDGE_LOOP('',(#2210,#2211,#2212));
#559=EDGE_LOOP('',(#2213,#2214,#2215,#2216,#2217,#2218));
#560=EDGE_LOOP('',(#2219,#2220,#2221,#2222));
#561=EDGE_LOOP('',(#2223,#2224,#2225,#2226));
#562=EDGE_LOOP('',(#2227,#2228,#2229,#2230));
#563=EDGE_LOOP('',(#2231,#2232,#2233,#2234,#2235,#2236,#2237,#2238,#2239,
#2240,#2241,#2242,#2243,#2244));
#564=EDGE_LOOP('',(#2245));
#565=EDGE_LOOP('',(#2246,#2247,#2248,#2249));
#566=EDGE_LOOP('',(#2250,#2251,#2252,#2253,#2254));
#567=EDGE_LOOP('',(#2255,#2256,#2257,#2258,#2259,#2260,#2261,#2262));
#568=EDGE_LOOP('',(#2263,#2264,#2265,#2266,#2267));
#569=EDGE_LOOP('',(#2268,#2269,#2270,#2271));
#570=EDGE_LOOP('',(#2272,#2273,#2274,#2275));
#571=EDGE_LOOP('',(#2276,#2277,#2278,#2279));
#572=EDGE_LOOP('',(#2280,#2281,#2282,#2283,#2284));
#573=EDGE_LOOP('',(#2285,#2286,#2287,#2288,#2289,#2290));
#574=EDGE_LOOP('',(#2291,#2292,#2293,#2294));
#575=EDGE_LOOP('',(#2295,#2296,#2297,#2298));
#576=EDGE_LOOP('',(#2299,#2300,#2301,#2302,#2303));
#577=EDGE_LOOP('',(#2304,#2305,#2306,#2307,#2308,#2309));
#578=EDGE_LOOP('',(#2310,#2311,#2312,#2313,#2314));
#579=EDGE_LOOP('',(#2315,#2316,#2317,#2318,#2319,#2320,#2321,#2322));
#580=EDGE_LOOP('',(#2323,#2324,#2325,#2326));
#581=EDGE_LOOP('',(#2327,#2328,#2329,#2330));
#582=EDGE_LOOP('',(#2331,#2332,#2333,#2334));
#583=EDGE_LOOP('',(#2335,#2336,#2337,#2338));
#584=EDGE_LOOP('',(#2339,#2340,#2341,#2342));
#585=EDGE_LOOP('',(#2343,#2344,#2345,#2346));
#586=EDGE_LOOP('',(#2347,#2348,#2349,#2350));
#587=EDGE_LOOP('',(#2351,#2352,#2353,#2354));
#588=EDGE_LOOP('',(#2355,#2356,#2357,#2358));
#589=EDGE_LOOP('',(#2359,#2360,#2361,#2362));
#590=EDGE_LOOP('',(#2363,#2364,#2365,#2366));
#591=EDGE_LOOP('',(#2367,#2368,#2369,#2370));
#592=EDGE_LOOP('',(#2371,#2372,#2373,#2374));
#593=EDGE_LOOP('',(#2375,#2376,#2377,#2378));
#594=EDGE_LOOP('',(#2379,#2380,#2381,#2382));
#595=EDGE_LOOP('',(#2383,#2384,#2385,#2386));
#596=EDGE_LOOP('',(#2387,#2388,#2389,#2390));
#597=EDGE_LOOP('',(#2391,#2392,#2393,#2394));
#598=EDGE_LOOP('',(#2395,#2396,#2397,#2398));
#599=EDGE_LOOP('',(#2399,#2400,#2401,#2402));
#600=EDGE_LOOP('',(#2403,#2404,#2405,#2406));
#601=EDGE_LOOP('',(#2407,#2408,#2409,#2410));
#602=EDGE_LOOP('',(#2411,#2412,#2413,#2414));
#603=EDGE_LOOP('',(#2415,#2416,#2417,#2418,#2419,#2420,#2421));
#604=EDGE_LOOP('',(#2422,#2423,#2424,#2425,#2426));
#605=EDGE_LOOP('',(#2427));
#606=EDGE_LOOP('',(#2428));
#607=EDGE_LOOP('',(#2429,#2430,#2431,#2432,#2433));
#608=EDGE_LOOP('',(#2434));
#609=EDGE_LOOP('',(#2435));
#610=EDGE_LOOP('',(#2436,#2437,#2438,#2439,#2440));
#611=EDGE_LOOP('',(#2441));
#612=EDGE_LOOP('',(#2442));
#613=EDGE_LOOP('',(#2443,#2444,#2445,#2446,#2447));
#614=EDGE_LOOP('',(#2448));
#615=EDGE_LOOP('',(#2449));
#616=EDGE_LOOP('',(#2450));
#617=EDGE_LOOP('',(#2451));
#618=EDGE_LOOP('',(#2452));
#619=EDGE_LOOP('',(#2453));
#620=EDGE_LOOP('',(#2454));
#621=EDGE_LOOP('',(#2455));
#622=EDGE_LOOP('',(#2456));
#623=EDGE_LOOP('',(#2457));
#624=EDGE_LOOP('',(#2458,#2459,#2460,#2461,#2462));
#625=EDGE_LOOP('',(#2463,#2464,#2465,#2466));
#626=EDGE_LOOP('',(#2467,#2468,#2469,#2470,#2471));
#627=EDGE_LOOP('',(#2472,#2473,#2474,#2475));
#628=EDGE_LOOP('',(#2476,#2477,#2478,#2479,#2480));
#629=EDGE_LOOP('',(#2481,#2482,#2483,#2484));
#630=EDGE_LOOP('',(#2485,#2486,#2487,#2488,#2489));
#631=EDGE_LOOP('',(#2490,#2491,#2492,#2493));
#632=EDGE_LOOP('',(#2494,#2495,#2496,#2497));
#633=EDGE_LOOP('',(#2498,#2499,#2500,#2501));
#634=EDGE_LOOP('',(#2502,#2503,#2504,#2505));
#635=EDGE_LOOP('',(#2506,#2507,#2508,#2509,#2510,#2511,#2512));
#636=EDGE_LOOP('',(#2513,#2514,#2515,#2516));
#637=EDGE_LOOP('',(#2517,#2518,#2519,#2520,#2521,#2522));
#638=EDGE_LOOP('',(#2523,#2524,#2525,#2526,#2527,#2528,#2529));
#639=EDGE_LOOP('',(#2530));
#640=EDGE_LOOP('',(#2531));
#641=EDGE_LOOP('',(#2532));
#642=EDGE_LOOP('',(#2533));
#643=EDGE_LOOP('',(#2534,#2535,#2536,#2537,#2538,#2539));
#644=EDGE_LOOP('',(#2540,#2541,#2542,#2543));
#645=EDGE_LOOP('',(#2544,#2545,#2546,#2547));
#646=EDGE_LOOP('',(#2548,#2549,#2550,#2551));
#647=EDGE_LOOP('',(#2552,#2553,#2554,#2555));
#648=EDGE_LOOP('',(#2556));
#649=EDGE_LOOP('',(#2557,#2558,#2559,#2560));
#650=EDGE_LOOP('',(#2561,#2562,#2563,#2564));
#651=EDGE_LOOP('',(#2565));
#652=EDGE_LOOP('',(#2566,#2567,#2568,#2569));
#653=EDGE_LOOP('',(#2570,#2571,#2572,#2573));
#654=EDGE_LOOP('',(#2574,#2575,#2576,#2577));
#655=EDGE_LOOP('',(#2578));
#656=EDGE_LOOP('',(#2579,#2580,#2581,#2582));
#657=EDGE_LOOP('',(#2583,#2584,#2585,#2586));
#658=EDGE_LOOP('',(#2587));
#659=EDGE_LOOP('',(#2588,#2589,#2590,#2591));
#660=EDGE_LOOP('',(#2592,#2593,#2594,#2595));
#661=EDGE_LOOP('',(#2596,#2597,#2598,#2599,#2600));
#662=EDGE_LOOP('',(#2601,#2602,#2603,#2604,#2605));
#663=EDGE_LOOP('',(#2606,#2607,#2608,#2609));
#664=EDGE_LOOP('',(#2610,#2611,#2612,#2613,#2614,#2615,#2616));
#665=EDGE_LOOP('',(#2617,#2618,#2619,#2620));
#666=EDGE_LOOP('',(#2621));
#667=EDGE_LOOP('',(#2622));
#668=EDGE_LOOP('',(#2623));
#669=EDGE_LOOP('',(#2624));
#670=EDGE_LOOP('',(#2625,#2626,#2627,#2628));
#671=EDGE_LOOP('',(#2629,#2630,#2631,#2632));
#672=EDGE_LOOP('',(#2633,#2634,#2635,#2636));
#673=EDGE_LOOP('',(#2637));
#674=EDGE_LOOP('',(#2638));
#675=EDGE_LOOP('',(#2639));
#676=EDGE_LOOP('',(#2640));
#677=EDGE_LOOP('',(#2641));
#678=EDGE_LOOP('',(#2642));
#679=EDGE_LOOP('',(#2643));
#680=EDGE_LOOP('',(#2644));
#681=EDGE_LOOP('',(#2645,#2646,#2647,#2648));
#682=EDGE_LOOP('',(#2649,#2650,#2651,#2652));
#683=EDGE_LOOP('',(#2653,#2654,#2655,#2656));
#684=EDGE_LOOP('',(#2657,#2658,#2659,#2660));
#685=LINE('',#3694,#899);
#686=LINE('',#3696,#900);
#687=LINE('',#3698,#901);
#688=LINE('',#3699,#902);
#689=LINE('',#3703,#903);
#690=LINE('',#3705,#904);
#691=LINE('',#3707,#905);
#692=LINE('',#3708,#906);
#693=LINE('',#3710,#907);
#694=LINE('',#3711,#908);
#695=LINE('',#3713,#909);
#696=LINE('',#3716,#910);
#697=LINE('',#3718,#911);
#698=LINE('',#3720,#912);
#699=LINE('',#3722,#913);
#700=LINE('',#3723,#914);
#701=LINE('',#3743,#915);
#702=LINE('',#3745,#916);
#703=LINE('',#3747,#917);
#704=LINE('',#3748,#918);
#705=LINE('',#3751,#919);
#706=LINE('',#3753,#920);
#707=LINE('',#3754,#921);
#708=LINE('',#3757,#922);
#709=LINE('',#3758,#923);
#710=LINE('',#3761,#924);
#711=LINE('',#3762,#925);
#712=LINE('',#3765,#926);
#713=LINE('',#3767,#927);
#714=LINE('',#3855,#928);
#715=LINE('',#3857,#929);
#716=LINE('',#3859,#930);
#717=LINE('',#3861,#931);
#718=LINE('',#3863,#932);
#719=LINE('',#3865,#933);
#720=LINE('',#3866,#934);
#721=LINE('',#3869,#935);
#722=LINE('',#3873,#936);
#723=LINE('',#3877,#937);
#724=LINE('',#3881,#938);
#725=LINE('',#3886,#939);
#726=LINE('',#3888,#940);
#727=LINE('',#3890,#941);
#728=LINE('',#3891,#942);
#729=LINE('',#3895,#943);
#730=LINE('',#3896,#944);
#731=LINE('',#3897,#945);
#732=LINE('',#3901,#946);
#733=LINE('',#3902,#947);
#734=LINE('',#3903,#948);
#735=LINE('',#3905,#949);
#736=LINE('',#3907,#950);
#737=LINE('',#3909,#951);
#738=LINE('',#3911,#952);
#739=LINE('',#3913,#953);
#740=LINE('',#3914,#954);
#741=LINE('',#3916,#955);
#742=LINE('',#3917,#956);
#743=LINE('',#4122,#957);
#744=LINE('',#4124,#958);
#745=LINE('',#4126,#959);
#746=LINE('',#4128,#960);
#747=LINE('',#4130,#961);
#748=LINE('',#4132,#962);
#749=LINE('',#4134,#963);
#750=LINE('',#4135,#964);
#751=LINE('',#4138,#965);
#752=LINE('',#4140,#966);
#753=LINE('',#4145,#967);
#754=LINE('',#4778,#968);
#755=LINE('',#4807,#969);
#756=LINE('',#4809,#970);
#757=LINE('',#4810,#971);
#758=LINE('',#4811,#972);
#759=LINE('',#5632,#973);
#760=LINE('',#5666,#974);
#761=LINE('',#5684,#975);
#762=LINE('',#5704,#976);
#763=LINE('',#6683,#977);
#764=LINE('',#6711,#978);
#765=LINE('',#6743,#979);
#766=LINE('',#7336,#980);
#767=LINE('',#7342,#981);
#768=LINE('',#7357,#982);
#769=LINE('',#7363,#983);
#770=LINE('',#7368,#984);
#771=LINE('',#7369,#985);
#772=LINE('',#7370,#986);
#773=LINE('',#7372,#987);
#774=LINE('',#7373,#988);
#775=LINE('',#7375,#989);
#776=LINE('',#7377,#990);
#777=LINE('',#7378,#991);
#778=LINE('',#7379,#992);
#779=LINE('',#7384,#993);
#780=LINE('',#7386,#994);
#781=LINE('',#7387,#995);
#782=LINE('',#7390,#996);
#783=LINE('',#7392,#997);
#784=LINE('',#7393,#998);
#785=LINE('',#7395,#999);
#786=LINE('',#7397,#1000);
#787=LINE('',#7401,#1001);
#788=LINE('',#7402,#1002);
#789=LINE('',#7405,#1003);
#790=LINE('',#7407,#1004);
#791=LINE('',#7408,#1005);
#792=LINE('',#7413,#1006);
#793=LINE('',#7418,#1007);
#794=LINE('',#7425,#1008);
#795=LINE('',#7430,#1009);
#796=LINE('',#7431,#1010);
#797=LINE('',#7433,#1011);
#798=LINE('',#7434,#1012);
#799=LINE('',#7436,#1013);
#800=LINE('',#7439,#1014);
#801=LINE('',#7441,#1015);
#802=LINE('',#7443,#1016);
#803=LINE('',#7444,#1017);
#804=LINE('',#7447,#1018);
#805=LINE('',#7449,#1019);
#806=LINE('',#7451,#1020);
#807=LINE('',#7452,#1021);
#808=LINE('',#7454,#1022);
#809=LINE('',#7455,#1023);
#810=LINE('',#7458,#1024);
#811=LINE('',#7461,#1025);
#812=LINE('',#7464,#1026);
#813=LINE('',#7469,#1027);
#814=LINE('',#7471,#1028);
#815=LINE('',#7473,#1029);
#816=LINE('',#7474,#1030);
#817=LINE('',#7477,#1031);
#818=LINE('',#7479,#1032);
#819=LINE('',#7480,#1033);
#820=LINE('',#7483,#1034);
#821=LINE('',#7485,#1035);
#822=LINE('',#7486,#1036);
#823=LINE('',#7488,#1037);
#824=LINE('',#7489,#1038);
#825=LINE('',#7493,#1039);
#826=LINE('',#7497,#1040);
#827=LINE('',#7502,#1041);
#828=LINE('',#7504,#1042);
#829=LINE('',#7506,#1043);
#830=LINE('',#7507,#1044);
#831=LINE('',#7510,#1045);
#832=LINE('',#7512,#1046);
#833=LINE('',#7513,#1047);
#834=LINE('',#7516,#1048);
#835=LINE('',#7518,#1049);
#836=LINE('',#7519,#1050);
#837=LINE('',#7521,#1051);
#838=LINE('',#7522,#1052);
#839=LINE('',#7526,#1053);
#840=LINE('',#7530,#1054);
#841=LINE('',#7533,#1055);
#842=LINE('',#7534,#1056);
#843=LINE('',#7536,#1057);
#844=LINE('',#7538,#1058);
#845=LINE('',#7539,#1059);
#846=LINE('',#7541,#1060);
#847=LINE('',#7544,#1061);
#848=LINE('',#7545,#1062);
#849=LINE('',#7547,#1063);
#850=LINE('',#7551,#1064);
#851=LINE('',#7552,#1065);
#852=LINE('',#7554,#1066);
#853=LINE('',#7559,#1067);
#854=LINE('',#7563,#1068);
#855=LINE('',#7570,#1069);
#856=LINE('',#7577,#1070);
#857=LINE('',#7584,#1071);
#858=LINE('',#7601,#1072);
#859=LINE('',#7604,#1073);
#860=LINE('',#7607,#1074);
#861=LINE('',#7610,#1075);
#862=LINE('',#7613,#1076);
#863=LINE('',#7616,#1077);
#864=LINE('',#7619,#1078);
#865=LINE('',#7622,#1079);
#866=LINE('',#7626,#1080);
#867=LINE('',#7630,#1081);
#868=LINE('',#7634,#1082);
#869=LINE('',#7637,#1083);
#870=LINE('',#7640,#1084);
#871=LINE('',#7661,#1085);
#872=LINE('',#7664,#1086);
#873=LINE('',#7691,#1087);
#874=LINE('',#7696,#1088);
#875=LINE('',#7700,#1089);
#876=LINE('',#7705,#1090);
#877=LINE('',#7708,#1091);
#878=LINE('',#7710,#1092);
#879=LINE('',#7711,#1093);
#880=LINE('',#7714,#1094);
#881=LINE('',#7715,#1095);
#882=LINE('',#7718,#1096);
#883=LINE('',#7719,#1097);
#884=LINE('',#7721,#1098);
#885=LINE('',#7725,#1099);
#886=LINE('',#7727,#1100);
#887=LINE('',#7728,#1101);
#888=LINE('',#7731,#1102);
#889=LINE('',#7732,#1103);
#890=LINE('',#7735,#1104);
#891=LINE('',#7736,#1105);
#892=LINE('',#7738,#1106);
#893=LINE('',#7743,#1107);
#894=LINE('',#7745,#1108);
#895=LINE('',#7754,#1109);
#896=LINE('',#7756,#1110);
#897=LINE('',#7758,#1111);
#898=LINE('',#7760,#1112);
#899=VECTOR('',#3092,10.);
#900=VECTOR('',#3093,10.);
#901=VECTOR('',#3094,10.);
#902=VECTOR('',#3095,10.);
#903=VECTOR('',#3098,10.);
#904=VECTOR('',#3099,10.);
#905=VECTOR('',#3100,10.);
#906=VECTOR('',#3101,10.);
#907=VECTOR('',#3104,10.);
#908=VECTOR('',#3105,10.);
#909=VECTOR('',#3108,10.);
#910=VECTOR('',#3111,10.);
#911=VECTOR('',#3112,10.);
#912=VECTOR('',#3113,10.);
#913=VECTOR('',#3114,10.);
#914=VECTOR('',#3115,10.);
#915=VECTOR('',#3134,10.);
#916=VECTOR('',#3135,10.);
#917=VECTOR('',#3136,10.);
#918=VECTOR('',#3137,10.);
#919=VECTOR('',#3140,10.);
#920=VECTOR('',#3141,10.);
#921=VECTOR('',#3142,10.);
#922=VECTOR('',#3145,10.);
#923=VECTOR('',#3146,10.);
#924=VECTOR('',#3149,10.);
#925=VECTOR('',#3150,10.);
#926=VECTOR('',#3153,10.);
#927=VECTOR('',#3154,10.);
#928=VECTOR('',#3155,10.);
#929=VECTOR('',#3156,10.);
#930=VECTOR('',#3157,10.);
#931=VECTOR('',#3158,10.);
#932=VECTOR('',#3159,10.);
#933=VECTOR('',#3160,10.);
#934=VECTOR('',#3161,10.);
#935=VECTOR('',#3162,10.);
#936=VECTOR('',#3165,10.);
#937=VECTOR('',#3168,10.);
#938=VECTOR('',#3171,10.);
#939=VECTOR('',#3176,10.);
#940=VECTOR('',#3177,10.);
#941=VECTOR('',#3178,10.);
#942=VECTOR('',#3179,10.);
#943=VECTOR('',#3182,10.);
#944=VECTOR('',#3183,10.);
#945=VECTOR('',#3184,10.);
#946=VECTOR('',#3187,10.);
#947=VECTOR('',#3188,10.);
#948=VECTOR('',#3189,10.);
#949=VECTOR('',#3192,10.);
#950=VECTOR('',#3195,10.);
#951=VECTOR('',#3196,10.);
#952=VECTOR('',#3197,10.);
#953=VECTOR('',#3198,10.);
#954=VECTOR('',#3199,10.);
#955=VECTOR('',#3200,10.);
#956=VECTOR('',#3201,10.);
#957=VECTOR('',#3206,10.);
#958=VECTOR('',#3207,10.);
#959=VECTOR('',#3208,10.);
#960=VECTOR('',#3209,10.);
#961=VECTOR('',#3210,10.);
#962=VECTOR('',#3211,10.);
#963=VECTOR('',#3212,10.);
#964=VECTOR('',#3213,10.);
#965=VECTOR('',#3216,10.);
#966=VECTOR('',#3217,10.);
#967=VECTOR('',#3218,10.);
#968=VECTOR('',#3219,10.);
#969=VECTOR('',#3222,10.);
#970=VECTOR('',#3223,10.);
#971=VECTOR('',#3224,10.);
#972=VECTOR('',#3225,10.);
#973=VECTOR('',#3230,3.);
#974=VECTOR('',#3233,1.625);
#975=VECTOR('',#3236,1.625);
#976=VECTOR('',#3239,12.);
#977=VECTOR('',#3246,3.);
#978=VECTOR('',#3253,3.);
#979=VECTOR('',#3262,12.);
#980=VECTOR('',#3265,1.625);
#981=VECTOR('',#3272,10.);
#982=VECTOR('',#3279,10.);
#983=VECTOR('',#3286,10.);
#984=VECTOR('',#3291,10.);
#985=VECTOR('',#3292,10.);
#986=VECTOR('',#3293,10.);
#987=VECTOR('',#3296,10.);
#988=VECTOR('',#3297,10.);
#989=VECTOR('',#3298,10.);
#990=VECTOR('',#3299,10.);
#991=VECTOR('',#3300,10.);
#992=VECTOR('',#3301,10.);
#993=VECTOR('',#3306,10.);
#994=VECTOR('',#3307,10.);
#995=VECTOR('',#3308,10.);
#996=VECTOR('',#3311,10.);
#997=VECTOR('',#3312,10.);
#998=VECTOR('',#3313,10.);
#999=VECTOR('',#3316,10.);
#1000=VECTOR('',#3317,10.);
#1001=VECTOR('',#3320,10.);
#1002=VECTOR('',#3321,10.);
#1003=VECTOR('',#3324,10.);
#1004=VECTOR('',#3325,10.);
#1005=VECTOR('',#3326,10.);
#1006=VECTOR('',#3331,10.);
#1007=VECTOR('',#3336,10.);
#1008=VECTOR('',#3345,10.);
#1009=VECTOR('',#3350,10.);
#1010=VECTOR('',#3351,10.);
#1011=VECTOR('',#3352,10.);
#1012=VECTOR('',#3353,10.);
#1013=VECTOR('',#3356,10.);
#1014=VECTOR('',#3357,10.);
#1015=VECTOR('',#3358,10.);
#1016=VECTOR('',#3359,10.);
#1017=VECTOR('',#3360,10.);
#1018=VECTOR('',#3361,10.);
#1019=VECTOR('',#3362,10.);
#1020=VECTOR('',#3363,10.);
#1021=VECTOR('',#3364,10.);
#1022=VECTOR('',#3367,10.);
#1023=VECTOR('',#3368,10.);
#1024=VECTOR('',#3373,10.);
#1025=VECTOR('',#3376,10.);
#1026=VECTOR('',#3379,10.);
#1027=VECTOR('',#3384,10.);
#1028=VECTOR('',#3385,10.);
#1029=VECTOR('',#3386,10.);
#1030=VECTOR('',#3387,10.);
#1031=VECTOR('',#3390,10.);
#1032=VECTOR('',#3391,10.);
#1033=VECTOR('',#3392,10.);
#1034=VECTOR('',#3395,10.);
#1035=VECTOR('',#3396,10.);
#1036=VECTOR('',#3397,10.);
#1037=VECTOR('',#3400,10.);
#1038=VECTOR('',#3401,10.);
#1039=VECTOR('',#3404,10.);
#1040=VECTOR('',#3407,10.);
#1041=VECTOR('',#3412,10.);
#1042=VECTOR('',#3413,10.);
#1043=VECTOR('',#3414,10.);
#1044=VECTOR('',#3415,10.);
#1045=VECTOR('',#3418,10.);
#1046=VECTOR('',#3419,10.);
#1047=VECTOR('',#3420,10.);
#1048=VECTOR('',#3423,10.);
#1049=VECTOR('',#3424,10.);
#1050=VECTOR('',#3425,10.);
#1051=VECTOR('',#3428,10.);
#1052=VECTOR('',#3429,10.);
#1053=VECTOR('',#3432,10.);
#1054=VECTOR('',#3435,10.);
#1055=VECTOR('',#3440,10.);
#1056=VECTOR('',#3441,10.);
#1057=VECTOR('',#3444,10.);
#1058=VECTOR('',#3447,10.);
#1059=VECTOR('',#3448,10.);
#1060=VECTOR('',#3451,10.);
#1061=VECTOR('',#3454,10.);
#1062=VECTOR('',#3455,10.);
#1063=VECTOR('',#3458,10.);
#1064=VECTOR('',#3463,10.);
#1065=VECTOR('',#3464,10.);
#1066=VECTOR('',#3467,10.);
#1067=VECTOR('',#3474,3.);
#1068=VECTOR('',#3479,3.);
#1069=VECTOR('',#3488,3.);
#1070=VECTOR('',#3497,3.);
#1071=VECTOR('',#3506,3.);
#1072=VECTOR('',#3529,1.625);
#1073=VECTOR('',#3532,1.625);
#1074=VECTOR('',#3537,1.625);
#1075=VECTOR('',#3540,1.625);
#1076=VECTOR('',#3545,1.625);
#1077=VECTOR('',#3548,1.625);
#1078=VECTOR('',#3553,1.625);
#1079=VECTOR('',#3556,1.625);
#1080=VECTOR('',#3561,1.625);
#1081=VECTOR('',#3566,1.625);
#1082=VECTOR('',#3571,1.625);
#1083=VECTOR('',#3576,1.625);
#1084=VECTOR('',#3579,1.625);
#1085=VECTOR('',#3584,4.5);
#1086=VECTOR('',#3589,10.);
#1087=VECTOR('',#3602,4.5);
#1088=VECTOR('',#3607,1.99999999999991);
#1089=VECTOR('',#3612,2.);
#1090=VECTOR('',#3619,2.);
#1091=VECTOR('',#3622,10.);
#1092=VECTOR('',#3623,10.);
#1093=VECTOR('',#3624,10.);
#1094=VECTOR('',#3627,10.);
#1095=VECTOR('',#3628,10.);
#1096=VECTOR('',#3631,10.);
#1097=VECTOR('',#3632,10.);
#1098=VECTOR('',#3635,10.);
#1099=VECTOR('',#3640,10.);
#1100=VECTOR('',#3641,10.);
#1101=VECTOR('',#3642,10.);
#1102=VECTOR('',#3645,10.);
#1103=VECTOR('',#3646,10.);
#1104=VECTOR('',#3649,10.);
#1105=VECTOR('',#3650,10.);
#1106=VECTOR('',#3653,10.);
#1107=VECTOR('',#3662,10.);
#1108=VECTOR('',#3665,10.);
#1109=VECTOR('',#3678,16.0500000000001);
#1110=VECTOR('',#3681,16.0500000000001);
#1111=VECTOR('',#3684,10.);
#1112=VECTOR('',#3687,10.);
#1113=VERTEX_POINT('',#3692);
#1114=VERTEX_POINT('',#3693);
#1115=VERTEX_POINT('',#3695);
#1116=VERTEX_POINT('',#3697);
#1117=VERTEX_POINT('',#3701);
#1118=VERTEX_POINT('',#3702);
#1119=VERTEX_POINT('',#3704);
#1120=VERTEX_POINT('',#3706);
#1121=VERTEX_POINT('',#3715);
#1122=VERTEX_POINT('',#3717);
#1123=VERTEX_POINT('',#3719);
#1124=VERTEX_POINT('',#3721);
#1125=VERTEX_POINT('',#3724);
#1126=VERTEX_POINT('',#3726);
#1127=VERTEX_POINT('',#3728);
#1128=VERTEX_POINT('',#3730);
#1129=VERTEX_POINT('',#3732);
#1130=VERTEX_POINT('',#3734);
#1131=VERTEX_POINT('',#3736);
#1132=VERTEX_POINT('',#3738);
#1133=VERTEX_POINT('',#3741);
#1134=VERTEX_POINT('',#3742);
#1135=VERTEX_POINT('',#3744);
#1136=VERTEX_POINT('',#3746);
#1137=VERTEX_POINT('',#3750);
#1138=VERTEX_POINT('',#3752);
#1139=VERTEX_POINT('',#3756);
#1140=VERTEX_POINT('',#3760);
#1141=VERTEX_POINT('',#3764);
#1142=VERTEX_POINT('',#3766);
#1143=VERTEX_POINT('',#3768);
#1144=VERTEX_POINT('',#3854);
#1145=VERTEX_POINT('',#3856);
#1146=VERTEX_POINT('',#3858);
#1147=VERTEX_POINT('',#3860);
#1148=VERTEX_POINT('',#3862);
#1149=VERTEX_POINT('',#3864);
#1150=VERTEX_POINT('',#3867);
#1151=VERTEX_POINT('',#3868);
#1152=VERTEX_POINT('',#3870);
#1153=VERTEX_POINT('',#3872);
#1154=VERTEX_POINT('',#3875);
#1155=VERTEX_POINT('',#3876);
#1156=VERTEX_POINT('',#3878);
#1157=VERTEX_POINT('',#3880);
#1158=VERTEX_POINT('',#3884);
#1159=VERTEX_POINT('',#3885);
#1160=VERTEX_POINT('',#3887);
#1161=VERTEX_POINT('',#3889);
#1162=VERTEX_POINT('',#3893);
#1163=VERTEX_POINT('',#3894);
#1164=VERTEX_POINT('',#3899);
#1165=VERTEX_POINT('',#3900);
#1166=VERTEX_POINT('',#3908);
#1167=VERTEX_POINT('',#3910);
#1168=VERTEX_POINT('',#3912);
#1169=VERTEX_POINT('',#3915);
#1170=VERTEX_POINT('',#3918);
#1171=VERTEX_POINT('',#3988);
#1172=VERTEX_POINT('',#4008);
#1173=VERTEX_POINT('',#4013);
#1174=VERTEX_POINT('',#4018);
#1175=VERTEX_POINT('',#4036);
#1176=VERTEX_POINT('',#4085);
#1177=VERTEX_POINT('',#4100);
#1178=VERTEX_POINT('',#4105);
#1179=VERTEX_POINT('',#4121);
#1180=VERTEX_POINT('',#4123);
#1181=VERTEX_POINT('',#4125);
#1182=VERTEX_POINT('',#4127);
#1183=VERTEX_POINT('',#4129);
#1184=VERTEX_POINT('',#4131);
#1185=VERTEX_POINT('',#4133);
#1186=VERTEX_POINT('',#4137);
#1187=VERTEX_POINT('',#4139);
#1188=VERTEX_POINT('',#4141);
#1189=VERTEX_POINT('',#4164);
#1190=VERTEX_POINT('',#4167);
#1191=VERTEX_POINT('',#4173);
#1192=VERTEX_POINT('',#4183);
#1193=VERTEX_POINT('',#4198);
#1194=VERTEX_POINT('',#4208);
#1195=VERTEX_POINT('',#4215);
#1196=VERTEX_POINT('',#4239);
#1197=VERTEX_POINT('',#4244);
#1198=VERTEX_POINT('',#4255);
#1199=VERTEX_POINT('',#4265);
#1200=VERTEX_POINT('',#4278);
#1201=VERTEX_POINT('',#4288);
#1202=VERTEX_POINT('',#4302);
#1203=VERTEX_POINT('',#4303);
#1204=VERTEX_POINT('',#4308);
#1205=VERTEX_POINT('',#4320);
#1206=VERTEX_POINT('',#4335);
#1207=VERTEX_POINT('',#4348);
#1208=VERTEX_POINT('',#4353);
#1209=VERTEX_POINT('',#4365);
#1210=VERTEX_POINT('',#4389);
#1211=VERTEX_POINT('',#4390);
#1212=VERTEX_POINT('',#4427);
#1213=VERTEX_POINT('',#4428);
#1214=VERTEX_POINT('',#4465);
#1215=VERTEX_POINT('',#4466);
#1216=VERTEX_POINT('',#4503);
#1217=VERTEX_POINT('',#4504);
#1218=VERTEX_POINT('',#4541);
#1219=VERTEX_POINT('',#4542);
#1220=VERTEX_POINT('',#4579);
#1221=VERTEX_POINT('',#4580);
#1222=VERTEX_POINT('',#4617);
#1223=VERTEX_POINT('',#4618);
#1224=VERTEX_POINT('',#4655);
#1225=VERTEX_POINT('',#4656);
#1226=VERTEX_POINT('',#4777);
#1227=VERTEX_POINT('',#4779);
#1228=VERTEX_POINT('',#4806);
#1229=VERTEX_POINT('',#4808);
#1230=VERTEX_POINT('',#4852);
#1231=VERTEX_POINT('',#4969);
#1232=VERTEX_POINT('',#4980);
#1233=VERTEX_POINT('',#4989);
#1234=VERTEX_POINT('',#4996);
#1235=VERTEX_POINT('',#5045);
#1236=VERTEX_POINT('',#5117);
#1237=VERTEX_POINT('',#5122);
#1238=VERTEX_POINT('',#5133);
#1239=VERTEX_POINT('',#5140);
#1240=VERTEX_POINT('',#5227);
#1241=VERTEX_POINT('',#5236);
#1242=VERTEX_POINT('',#5418);
#1243=VERTEX_POINT('',#5427);
#1244=VERTEX_POINT('',#5512);
#1245=VERTEX_POINT('',#5518);
#1246=VERTEX_POINT('',#5629);
#1247=VERTEX_POINT('',#5631);
#1248=VERTEX_POINT('',#5633);
#1249=VERTEX_POINT('',#5665);
#1250=VERTEX_POINT('',#5685);
#1251=VERTEX_POINT('',#5703);
#1252=VERTEX_POINT('',#5706);
#1253=VERTEX_POINT('',#5725);
#1254=VERTEX_POINT('',#5736);
#1255=VERTEX_POINT('',#5879);
#1256=VERTEX_POINT('',#6131);
#1257=VERTEX_POINT('',#6132);
#1258=VERTEX_POINT('',#6245);
#1259=VERTEX_POINT('',#6246);
#1260=VERTEX_POINT('',#6380);
#1261=VERTEX_POINT('',#6453);
#1262=VERTEX_POINT('',#6454);
#1263=VERTEX_POINT('',#6459);
#1264=VERTEX_POINT('',#6562);
#1265=VERTEX_POINT('',#6563);
#1266=VERTEX_POINT('',#6570);
#1267=VERTEX_POINT('',#6589);
#1268=VERTEX_POINT('',#6654);
#1269=VERTEX_POINT('',#6661);
#1270=VERTEX_POINT('',#6668);
#1271=VERTEX_POINT('',#6680);
#1272=VERTEX_POINT('',#6682);
#1273=VERTEX_POINT('',#6684);
#1274=VERTEX_POINT('',#6709);
#1275=VERTEX_POINT('',#6712);
#1276=VERTEX_POINT('',#6740);
#1277=VERTEX_POINT('',#6742);
#1278=VERTEX_POINT('',#6744);
#1279=VERTEX_POINT('',#6754);
#1280=VERTEX_POINT('',#6761);
#1281=VERTEX_POINT('',#6766);
#1282=VERTEX_POINT('',#6799);
#1283=VERTEX_POINT('',#6810);
#1284=VERTEX_POINT('',#6829);
#1285=VERTEX_POINT('',#6834);
#1286=VERTEX_POINT('',#6940);
#1287=VERTEX_POINT('',#7339);
#1288=VERTEX_POINT('',#7341);
#1289=VERTEX_POINT('',#7343);
#1290=VERTEX_POINT('',#7345);
#1291=VERTEX_POINT('',#7354);
#1292=VERTEX_POINT('',#7356);
#1293=VERTEX_POINT('',#7360);
#1294=VERTEX_POINT('',#7362);
#1295=VERTEX_POINT('',#7366);
#1296=VERTEX_POINT('',#7367);
#1297=VERTEX_POINT('',#7374);
#1298=VERTEX_POINT('',#7376);
#1299=VERTEX_POINT('',#7380);
#1300=VERTEX_POINT('',#7383);
#1301=VERTEX_POINT('',#7385);
#1302=VERTEX_POINT('',#7389);
#1303=VERTEX_POINT('',#7391);
#1304=VERTEX_POINT('',#7396);
#1305=VERTEX_POINT('',#7398);
#1306=VERTEX_POINT('',#7400);
#1307=VERTEX_POINT('',#7404);
#1308=VERTEX_POINT('',#7406);
#1309=VERTEX_POINT('',#7410);
#1310=VERTEX_POINT('',#7412);
#1311=VERTEX_POINT('',#7416);
#1312=VERTEX_POINT('',#7417);
#1313=VERTEX_POINT('',#7422);
#1314=VERTEX_POINT('',#7424);
#1315=VERTEX_POINT('',#7428);
#1316=VERTEX_POINT('',#7429);
#1317=VERTEX_POINT('',#7432);
#1318=VERTEX_POINT('',#7437);
#1319=VERTEX_POINT('',#7438);
#1320=VERTEX_POINT('',#7440);
#1321=VERTEX_POINT('',#7442);
#1322=VERTEX_POINT('',#7445);
#1323=VERTEX_POINT('',#7446);
#1324=VERTEX_POINT('',#7448);
#1325=VERTEX_POINT('',#7450);
#1326=VERTEX_POINT('',#7460);
#1327=VERTEX_POINT('',#7462);
#1328=VERTEX_POINT('',#7467);
#1329=VERTEX_POINT('',#7468);
#1330=VERTEX_POINT('',#7470);
#1331=VERTEX_POINT('',#7472);
#1332=VERTEX_POINT('',#7476);
#1333=VERTEX_POINT('',#7478);
#1334=VERTEX_POINT('',#7482);
#1335=VERTEX_POINT('',#7484);
#1336=VERTEX_POINT('',#7491);
#1337=VERTEX_POINT('',#7492);
#1338=VERTEX_POINT('',#7494);
#1339=VERTEX_POINT('',#7496);
#1340=VERTEX_POINT('',#7500);
#1341=VERTEX_POINT('',#7501);
#1342=VERTEX_POINT('',#7503);
#1343=VERTEX_POINT('',#7505);
#1344=VERTEX_POINT('',#7509);
#1345=VERTEX_POINT('',#7511);
#1346=VERTEX_POINT('',#7515);
#1347=VERTEX_POINT('',#7517);
#1348=VERTEX_POINT('',#7524);
#1349=VERTEX_POINT('',#7525);
#1350=VERTEX_POINT('',#7527);
#1351=VERTEX_POINT('',#7529);
#1352=VERTEX_POINT('',#7543);
#1353=VERTEX_POINT('',#7550);
#1354=VERTEX_POINT('',#7557);
#1355=VERTEX_POINT('',#7561);
#1356=VERTEX_POINT('',#7565);
#1357=VERTEX_POINT('',#7568);
#1358=VERTEX_POINT('',#7572);
#1359=VERTEX_POINT('',#7575);
#1360=VERTEX_POINT('',#7579);
#1361=VERTEX_POINT('',#7582);
#1362=VERTEX_POINT('',#7586);
#1363=VERTEX_POINT('',#7589);
#1364=VERTEX_POINT('',#7592);
#1365=VERTEX_POINT('',#7595);
#1366=VERTEX_POINT('',#7598);
#1367=VERTEX_POINT('',#7603);
#1368=VERTEX_POINT('',#7609);
#1369=VERTEX_POINT('',#7615);
#1370=VERTEX_POINT('',#7621);
#1371=VERTEX_POINT('',#7625);
#1372=VERTEX_POINT('',#7629);
#1373=VERTEX_POINT('',#7633);
#1374=VERTEX_POINT('',#7639);
#1375=VERTEX_POINT('',#7643);
#1376=VERTEX_POINT('',#7660);
#1377=VERTEX_POINT('',#7665);
#1378=VERTEX_POINT('',#7683);
#1379=VERTEX_POINT('',#7686);
#1380=VERTEX_POINT('',#7688);
#1381=VERTEX_POINT('',#7693);
#1382=VERTEX_POINT('',#7695);
#1383=VERTEX_POINT('',#7699);
#1384=VERTEX_POINT('',#7703);
#1385=VERTEX_POINT('',#7707);
#1386=VERTEX_POINT('',#7709);
#1387=VERTEX_POINT('',#7713);
#1388=VERTEX_POINT('',#7717);
#1389=VERTEX_POINT('',#7724);
#1390=VERTEX_POINT('',#7726);
#1391=VERTEX_POINT('',#7730);
#1392=VERTEX_POINT('',#7734);
#1393=VERTEX_POINT('',#7748);
#1394=VERTEX_POINT('',#7751);
#1395=EDGE_CURVE('',#1113,#1114,#685,.T.);
#1396=EDGE_CURVE('',#1115,#1113,#686,.T.);
#1397=EDGE_CURVE('',#1116,#1115,#687,.T.);
#1398=EDGE_CURVE('',#1114,#1116,#688,.T.);
#1399=EDGE_CURVE('',#1117,#1118,#689,.T.);
#1400=EDGE_CURVE('',#1117,#1119,#690,.T.);
#1401=EDGE_CURVE('',#1119,#1120,#691,.T.);
#1402=EDGE_CURVE('',#1118,#1120,#692,.T.);
#1403=EDGE_CURVE('',#1114,#1117,#693,.T.);
#1404=EDGE_CURVE('',#1119,#1116,#694,.T.);
#1405=EDGE_CURVE('',#1120,#1115,#695,.T.);
#1406=EDGE_CURVE('',#1121,#1118,#696,.T.);
#1407=EDGE_CURVE('',#1122,#1121,#697,.T.);
#1408=EDGE_CURVE('',#1123,#1122,#698,.T.);
#1409=EDGE_CURVE('',#1124,#1123,#699,.T.);
#1410=EDGE_CURVE('',#1113,#1124,#700,.T.);
#1411=EDGE_CURVE('',#1125,#1125,#274,.T.);
#1412=EDGE_CURVE('',#1126,#1126,#275,.T.);
#1413=EDGE_CURVE('',#1127,#1127,#276,.T.);
#1414=EDGE_CURVE('',#1128,#1128,#277,.T.);
#1415=EDGE_CURVE('',#1129,#1129,#278,.T.);
#1416=EDGE_CURVE('',#1130,#1130,#279,.T.);
#1417=EDGE_CURVE('',#1131,#1131,#280,.T.);
#1418=EDGE_CURVE('',#1132,#1132,#281,.T.);
#1419=EDGE_CURVE('',#1133,#1134,#701,.T.);
#1420=EDGE_CURVE('',#1135,#1133,#702,.T.);
#1421=EDGE_CURVE('',#1136,#1135,#703,.T.);
#1422=EDGE_CURVE('',#1136,#1134,#704,.T.);
#1423=EDGE_CURVE('',#1134,#1137,#705,.T.);
#1424=EDGE_CURVE('',#1138,#1136,#706,.T.);
#1425=EDGE_CURVE('',#1137,#1138,#707,.T.);
#1426=EDGE_CURVE('',#1135,#1139,#708,.T.);
#1427=EDGE_CURVE('',#1138,#1139,#709,.T.);
#1428=EDGE_CURVE('',#1140,#1133,#710,.T.);
#1429=EDGE_CURVE('',#1139,#1140,#711,.T.);
#1430=EDGE_CURVE('',#1141,#1137,#712,.T.);
#1431=EDGE_CURVE('',#1142,#1141,#713,.T.);
#1432=EDGE_CURVE('',#1143,#1142,#88,.T.);
#1433=EDGE_CURVE('',#1144,#1143,#714,.T.);
#1434=EDGE_CURVE('',#1145,#1144,#715,.T.);
#1435=EDGE_CURVE('',#1145,#1146,#716,.T.);
#1436=EDGE_CURVE('',#1146,#1147,#717,.T.);
#1437=EDGE_CURVE('',#1147,#1148,#718,.T.);
#1438=EDGE_CURVE('',#1148,#1149,#719,.T.);
#1439=EDGE_CURVE('',#1140,#1149,#720,.T.);
#1440=EDGE_CURVE('',#1150,#1151,#721,.T.);
#1441=EDGE_CURVE('',#1151,#1152,#282,.T.);
#1442=EDGE_CURVE('',#1152,#1153,#722,.T.);
#1443=EDGE_CURVE('',#1153,#1150,#283,.T.);
#1444=EDGE_CURVE('',#1154,#1155,#723,.T.);
#1445=EDGE_CURVE('',#1155,#1156,#284,.T.);
#1446=EDGE_CURVE('',#1156,#1157,#724,.T.);
#1447=EDGE_CURVE('',#1157,#1154,#285,.T.);
#1448=EDGE_CURVE('',#1158,#1159,#725,.T.);
#1449=EDGE_CURVE('',#1160,#1159,#726,.T.);
#1450=EDGE_CURVE('',#1160,#1161,#727,.T.);
#1451=EDGE_CURVE('',#1161,#1158,#728,.T.);
#1452=EDGE_CURVE('',#1162,#1163,#729,.T.);
#1453=EDGE_CURVE('',#1159,#1162,#730,.T.);
#1454=EDGE_CURVE('',#1158,#1163,#731,.T.);
#1455=EDGE_CURVE('',#1164,#1165,#732,.T.);
#1456=EDGE_CURVE('',#1161,#1164,#733,.T.);
#1457=EDGE_CURVE('',#1165,#1160,#734,.T.);
#1458=EDGE_CURVE('',#1163,#1164,#735,.T.);
#1459=EDGE_CURVE('',#1141,#1124,#736,.T.);
#1460=EDGE_CURVE('',#1149,#1166,#737,.T.);
#1461=EDGE_CURVE('',#1166,#1167,#738,.T.);
#1462=EDGE_CURVE('',#1168,#1167,#739,.T.);
#1463=EDGE_CURVE('',#1168,#1165,#740,.T.);
#1464=EDGE_CURVE('',#1162,#1169,#741,.T.);
#1465=EDGE_CURVE('',#1121,#1169,#742,.T.);
#1466=EDGE_CURVE('',#1170,#1170,#286,.T.);
#1467=EDGE_CURVE('',#1142,#1171,#89,.T.);
#1468=EDGE_CURVE('',#1171,#1172,#90,.T.);
#1469=EDGE_CURVE('',#1172,#1173,#91,.T.);
#1470=EDGE_CURVE('',#1173,#1174,#92,.T.);
#1471=EDGE_CURVE('',#1174,#1175,#93,.T.);
#1472=EDGE_CURVE('',#1175,#1143,#94,.T.);
#1473=EDGE_CURVE('',#1174,#1176,#95,.T.);
#1474=EDGE_CURVE('',#1176,#1173,#96,.T.);
#1475=EDGE_CURVE('',#1177,#1172,#97,.T.);
#1476=EDGE_CURVE('',#1177,#1178,#98,.T.);
#1477=EDGE_CURVE('',#1175,#1178,#99,.T.);
#1478=EDGE_CURVE('',#1171,#1179,#743,.T.);
#1479=EDGE_CURVE('',#1179,#1180,#744,.T.);
#1480=EDGE_CURVE('',#1180,#1181,#745,.T.);
#1481=EDGE_CURVE('',#1181,#1182,#746,.T.);
#1482=EDGE_CURVE('',#1182,#1183,#747,.T.);
#1483=EDGE_CURVE('',#1183,#1184,#748,.T.);
#1484=EDGE_CURVE('',#1184,#1185,#749,.T.);
#1485=EDGE_CURVE('',#1185,#1144,#750,.T.);
#1486=EDGE_CURVE('',#1186,#1142,#751,.T.);
#1487=EDGE_CURVE('',#1186,#1187,#752,.T.);
#1488=EDGE_CURVE('',#1187,#1188,#64,.F.);
#1489=EDGE_CURVE('',#1188,#1179,#753,.T.);
#1490=EDGE_CURVE('',#1176,#1189,#100,.T.);
#1491=EDGE_CURVE('',#1190,#1189,#101,.T.);
#1492=EDGE_CURVE('',#1191,#1190,#102,.T.);
#1493=EDGE_CURVE('',#1192,#1191,#103,.T.);
#1494=EDGE_CURVE('',#1193,#1192,#104,.T.);
#1495=EDGE_CURVE('',#1194,#1193,#105,.T.);
#1496=EDGE_CURVE('',#1194,#1195,#106,.T.);
#1497=EDGE_CURVE('',#1195,#1195,#107,.T.);
#1498=EDGE_CURVE('',#1196,#1194,#108,.T.);
#1499=EDGE_CURVE('',#1197,#1196,#109,.T.);
#1500=EDGE_CURVE('',#1198,#1197,#110,.T.);
#1501=EDGE_CURVE('',#1199,#1198,#111,.T.);
#1502=EDGE_CURVE('',#1200,#1199,#112,.T.);
#1503=EDGE_CURVE('',#1201,#1200,#113,.T.);
#1504=EDGE_CURVE('',#1189,#1201,#114,.T.);
#1505=EDGE_CURVE('',#1202,#1203,#115,.T.);
#1506=EDGE_CURVE('',#1204,#1202,#116,.T.);
#1507=EDGE_CURVE('',#1205,#1204,#117,.T.);
#1508=EDGE_CURVE('',#1206,#1205,#118,.T.);
#1509=EDGE_CURVE('',#1207,#1206,#119,.T.);
#1510=EDGE_CURVE('',#1208,#1207,#120,.T.);
#1511=EDGE_CURVE('',#1209,#1208,#121,.T.);
#1512=EDGE_CURVE('',#1203,#1209,#122,.T.);
#1513=EDGE_CURVE('',#1210,#1211,#123,.T.);
#1514=EDGE_CURVE('',#1211,#1210,#124,.T.);
#1515=EDGE_CURVE('',#1212,#1213,#125,.T.);
#1516=EDGE_CURVE('',#1213,#1212,#126,.T.);
#1517=EDGE_CURVE('',#1214,#1215,#127,.T.);
#1518=EDGE_CURVE('',#1215,#1214,#128,.T.);
#1519=EDGE_CURVE('',#1216,#1217,#129,.T.);
#1520=EDGE_CURVE('',#1217,#1216,#130,.T.);
#1521=EDGE_CURVE('',#1218,#1219,#131,.T.);
#1522=EDGE_CURVE('',#1219,#1218,#132,.T.);
#1523=EDGE_CURVE('',#1220,#1221,#133,.T.);
#1524=EDGE_CURVE('',#1221,#1220,#134,.T.);
#1525=EDGE_CURVE('',#1222,#1223,#135,.T.);
#1526=EDGE_CURVE('',#1223,#1222,#136,.T.);
#1527=EDGE_CURVE('',#1224,#1225,#137,.T.);
#1528=EDGE_CURVE('',#1225,#1224,#138,.T.);
#1529=EDGE_CURVE('',#1226,#1195,#754,.T.);
#1530=EDGE_CURVE('',#1226,#1227,#139,.T.);
#1531=EDGE_CURVE('',#1227,#1226,#140,.T.);
#1532=EDGE_CURVE('',#1228,#1168,#755,.T.);
#1533=EDGE_CURVE('',#1229,#1228,#756,.T.);
#1534=EDGE_CURVE('',#1227,#1229,#757,.T.);
#1535=EDGE_CURVE('',#1169,#1227,#758,.T.);
#1536=EDGE_CURVE('',#1196,#1230,#141,.T.);
#1537=EDGE_CURVE('',#1197,#1230,#142,.F.);
#1538=EDGE_CURVE('',#1193,#1231,#143,.T.);
#1539=EDGE_CURVE('',#1231,#1232,#144,.T.);
#1540=EDGE_CURVE('',#1232,#1233,#145,.T.);
#1541=EDGE_CURVE('',#1233,#1234,#146,.T.);
#1542=EDGE_CURVE('',#1234,#1230,#147,.T.);
#1543=EDGE_CURVE('',#1235,#1201,#148,.T.);
#1544=EDGE_CURVE('',#1235,#1200,#149,.F.);
#1545=EDGE_CURVE('',#1235,#1236,#150,.T.);
#1546=EDGE_CURVE('',#1236,#1237,#151,.T.);
#1547=EDGE_CURVE('',#1237,#1238,#152,.T.);
#1548=EDGE_CURVE('',#1238,#1239,#153,.T.);
#1549=EDGE_CURVE('',#1190,#1239,#154,.T.);
#1550=EDGE_CURVE('',#1192,#1240,#155,.T.);
#1551=EDGE_CURVE('',#1240,#1241,#156,.T.);
#1552=EDGE_CURVE('',#1241,#1231,#157,.T.);
#1553=EDGE_CURVE('',#1191,#1242,#158,.T.);
#1554=EDGE_CURVE('',#1242,#1243,#159,.T.);
#1555=EDGE_CURVE('',#1243,#1240,#160,.T.);
#1556=EDGE_CURVE('',#1239,#1244,#161,.T.);
#1557=EDGE_CURVE('',#1244,#1245,#162,.T.);
#1558=EDGE_CURVE('',#1245,#1242,#163,.T.);
#1559=EDGE_CURVE('',#1246,#1246,#287,.T.);
#1560=EDGE_CURVE('',#1246,#1247,#759,.T.);
#1561=EDGE_CURVE('',#1248,#1247,#164,.T.);
#1562=EDGE_CURVE('',#1234,#1248,#165,.T.);
#1563=EDGE_CURVE('',#1247,#1233,#166,.T.);
#1564=EDGE_CURVE('',#1126,#1249,#760,.T.);
#1565=EDGE_CURVE('',#1232,#1249,#167,.T.);
#1566=EDGE_CURVE('',#1249,#1241,#168,.T.);
#1567=EDGE_CURVE('',#1128,#1244,#761,.T.);
#1568=EDGE_CURVE('',#1250,#1238,#169,.T.);
#1569=EDGE_CURVE('',#1245,#1250,#170,.T.);
#1570=EDGE_CURVE('',#1243,#1251,#762,.T.);
#1571=EDGE_CURVE('',#1251,#1251,#288,.T.);
#1572=EDGE_CURVE('',#1237,#1252,#171,.T.);
#1573=EDGE_CURVE('',#1253,#1252,#172,.T.);
#1574=EDGE_CURVE('',#1254,#1253,#173,.T.);
#1575=EDGE_CURVE('',#1248,#1254,#174,.T.);
#1576=EDGE_CURVE('',#1253,#1199,#175,.T.);
#1577=EDGE_CURVE('',#1198,#1254,#176,.T.);
#1578=EDGE_CURVE('',#1252,#1255,#177,.T.);
#1579=EDGE_CURVE('',#1255,#1236,#178,.T.);
#1580=EDGE_CURVE('',#1256,#1257,#179,.T.);
#1581=EDGE_CURVE('',#1257,#1209,#180,.T.);
#1582=EDGE_CURVE('',#1208,#1256,#181,.T.);
#1583=EDGE_CURVE('',#1258,#1259,#182,.T.);
#1584=EDGE_CURVE('',#1259,#1260,#183,.T.);
#1585=EDGE_CURVE('',#1260,#1203,#184,.T.);
#1586=EDGE_CURVE('',#1257,#1258,#185,.T.);
#1587=EDGE_CURVE('',#1261,#1262,#186,.T.);
#1588=EDGE_CURVE('',#1262,#1263,#187,.T.);
#1589=EDGE_CURVE('',#1263,#1202,#188,.T.);
#1590=EDGE_CURVE('',#1260,#1261,#189,.T.);
#1591=EDGE_CURVE('',#1264,#1265,#190,.T.);
#1592=EDGE_CURVE('',#1265,#1266,#191,.T.);
#1593=EDGE_CURVE('',#1266,#1256,#192,.T.);
#1594=EDGE_CURVE('',#1207,#1267,#193,.T.);
#1595=EDGE_CURVE('',#1267,#1264,#194,.T.);
#1596=EDGE_CURVE('',#1206,#1268,#195,.T.);
#1597=EDGE_CURVE('',#1268,#1269,#196,.T.);
#1598=EDGE_CURVE('',#1269,#1270,#197,.T.);
#1599=EDGE_CURVE('',#1270,#1267,#198,.T.);
#1600=EDGE_CURVE('',#1271,#1271,#289,.T.);
#1601=EDGE_CURVE('',#1271,#1272,#763,.T.);
#1602=EDGE_CURVE('',#1273,#1272,#199,.T.);
#1603=EDGE_CURVE('',#1261,#1273,#290,.T.);
#1604=EDGE_CURVE('',#1272,#1258,#200,.T.);
#1605=EDGE_CURVE('',#1274,#1274,#291,.T.);
#1606=EDGE_CURVE('',#1274,#1265,#764,.T.);
#1607=EDGE_CURVE('',#1275,#1270,#292,.T.);
#1608=EDGE_CURVE('',#1266,#1275,#201,.T.);
#1609=EDGE_CURVE('',#1269,#1275,#202,.T.);
#1610=EDGE_CURVE('',#1276,#1276,#293,.T.);
#1611=EDGE_CURVE('',#1276,#1277,#765,.T.);
#1612=EDGE_CURVE('',#1278,#1277,#203,.T.);
#1613=EDGE_CURVE('',#1279,#1278,#204,.T.);
#1614=EDGE_CURVE('',#1279,#1280,#205,.T.);
#1615=EDGE_CURVE('',#1280,#1281,#206,.T.);
#1616=EDGE_CURVE('',#1263,#1281,#207,.T.);
#1617=EDGE_CURVE('',#1273,#1262,#208,.T.);
#1618=EDGE_CURVE('',#1282,#1268,#209,.T.);
#1619=EDGE_CURVE('',#1282,#1283,#210,.T.);
#1620=EDGE_CURVE('',#1283,#1284,#211,.T.);
#1621=EDGE_CURVE('',#1285,#1284,#212,.T.);
#1622=EDGE_CURVE('',#1277,#1285,#213,.T.);
#1623=EDGE_CURVE('',#1205,#1285,#214,.T.);
#1624=EDGE_CURVE('',#1284,#1286,#215,.T.);
#1625=EDGE_CURVE('',#1286,#1282,#216,.T.);
#1626=EDGE_CURVE('',#1204,#1278,#217,.T.);
#1627=EDGE_CURVE('',#1281,#1279,#218,.T.);
#1628=EDGE_CURVE('',#1127,#1280,#766,.T.);
#1629=EDGE_CURVE('',#1187,#1287,#294,.T.);
#1630=EDGE_CURVE('',#1287,#1288,#767,.T.);
#1631=EDGE_CURVE('',#1288,#1289,#295,.T.);
#1632=EDGE_CURVE('',#1289,#1290,#65,.T.);
#1633=EDGE_CURVE('',#1290,#1188,#66,.T.);
#1634=EDGE_CURVE('',#1287,#1291,#296,.T.);
#1635=EDGE_CURVE('',#1291,#1292,#768,.T.);
#1636=EDGE_CURVE('',#1292,#1288,#297,.T.);
#1637=EDGE_CURVE('',#1291,#1293,#298,.T.);
#1638=EDGE_CURVE('',#1293,#1294,#769,.T.);
#1639=EDGE_CURVE('',#1294,#1292,#299,.T.);
#1640=EDGE_CURVE('',#1295,#1296,#770,.T.);
#1641=EDGE_CURVE('',#1296,#1294,#771,.T.);
#1642=EDGE_CURVE('',#1293,#1295,#772,.T.);
#1643=EDGE_CURVE('',#1123,#1186,#773,.T.);
#1644=EDGE_CURVE('',#1229,#1122,#774,.T.);
#1645=EDGE_CURVE('',#1297,#1228,#775,.T.);
#1646=EDGE_CURVE('',#1297,#1298,#776,.T.);
#1647=EDGE_CURVE('',#1298,#1146,#777,.T.);
#1648=EDGE_CURVE('',#1295,#1145,#778,.T.);
#1649=EDGE_CURVE('',#1299,#1299,#300,.T.);
#1650=EDGE_CURVE('',#1300,#1182,#779,.T.);
#1651=EDGE_CURVE('',#1301,#1300,#780,.T.);
#1652=EDGE_CURVE('',#1183,#1301,#781,.T.);
#1653=EDGE_CURVE('',#1181,#1302,#782,.T.);
#1654=EDGE_CURVE('',#1303,#1302,#783,.T.);
#1655=EDGE_CURVE('',#1303,#1300,#784,.T.);
#1656=EDGE_CURVE('',#1290,#1180,#785,.T.);
#1657=EDGE_CURVE('',#1304,#1289,#786,.T.);
#1658=EDGE_CURVE('',#1304,#1305,#301,.T.);
#1659=EDGE_CURVE('',#1306,#1305,#787,.T.);
#1660=EDGE_CURVE('',#1302,#1306,#788,.T.);
#1661=EDGE_CURVE('',#1306,#1307,#789,.T.);
#1662=EDGE_CURVE('',#1307,#1308,#790,.T.);
#1663=EDGE_CURVE('',#1308,#1303,#791,.T.);
#1664=EDGE_CURVE('',#1306,#1309,#302,.T.);
#1665=EDGE_CURVE('',#1309,#1310,#792,.T.);
#1666=EDGE_CURVE('',#1310,#1307,#303,.T.);
#1667=EDGE_CURVE('',#1311,#1312,#793,.T.);
#1668=EDGE_CURVE('',#1312,#1310,#304,.T.);
#1669=EDGE_CURVE('',#1309,#1311,#305,.T.);
#1670=EDGE_CURVE('',#1311,#1313,#306,.T.);
#1671=EDGE_CURVE('',#1313,#1314,#794,.T.);
#1672=EDGE_CURVE('',#1314,#1312,#307,.T.);
#1673=EDGE_CURVE('',#1315,#1316,#795,.T.);
#1674=EDGE_CURVE('',#1316,#1314,#796,.T.);
#1675=EDGE_CURVE('',#1313,#1317,#797,.T.);
#1676=EDGE_CURVE('',#1317,#1315,#798,.T.);
#1677=EDGE_CURVE('',#1308,#1316,#799,.T.);
#1678=EDGE_CURVE('',#1318,#1319,#800,.T.);
#1679=EDGE_CURVE('',#1319,#1320,#801,.T.);
#1680=EDGE_CURVE('',#1320,#1321,#802,.T.);
#1681=EDGE_CURVE('',#1321,#1318,#803,.T.);
#1682=EDGE_CURVE('',#1322,#1323,#804,.T.);
#1683=EDGE_CURVE('',#1323,#1324,#805,.T.);
#1684=EDGE_CURVE('',#1324,#1325,#806,.T.);
#1685=EDGE_CURVE('',#1325,#1322,#807,.T.);
#1686=EDGE_CURVE('',#1301,#1315,#808,.T.);
#1687=EDGE_CURVE('',#1317,#1184,#809,.T.);
#1688=EDGE_CURVE('',#1185,#1296,#810,.T.);
#1689=EDGE_CURVE('',#1326,#1313,#811,.T.);
#1690=EDGE_CURVE('',#1326,#1327,#308,.T.);
#1691=EDGE_CURVE('',#1294,#1327,#812,.T.);
#1692=EDGE_CURVE('',#1328,#1329,#813,.T.);
#1693=EDGE_CURVE('',#1328,#1330,#814,.T.);
#1694=EDGE_CURVE('',#1330,#1331,#815,.T.);
#1695=EDGE_CURVE('',#1329,#1331,#816,.T.);
#1696=EDGE_CURVE('',#1332,#1328,#817,.T.);
#1697=EDGE_CURVE('',#1332,#1333,#818,.T.);
#1698=EDGE_CURVE('',#1333,#1330,#819,.T.);
#1699=EDGE_CURVE('',#1334,#1332,#820,.T.);
#1700=EDGE_CURVE('',#1334,#1335,#821,.T.);
#1701=EDGE_CURVE('',#1335,#1333,#822,.T.);
#1702=EDGE_CURVE('',#1329,#1334,#823,.T.);
#1703=EDGE_CURVE('',#1331,#1335,#824,.T.);
#1704=EDGE_CURVE('',#1336,#1337,#825,.T.);
#1705=EDGE_CURVE('',#1338,#1336,#309,.T.);
#1706=EDGE_CURVE('',#1339,#1338,#826,.T.);
#1707=EDGE_CURVE('',#1337,#1339,#310,.T.);
#1708=EDGE_CURVE('',#1340,#1341,#827,.T.);
#1709=EDGE_CURVE('',#1340,#1342,#828,.T.);
#1710=EDGE_CURVE('',#1342,#1343,#829,.T.);
#1711=EDGE_CURVE('',#1341,#1343,#830,.T.);
#1712=EDGE_CURVE('',#1344,#1340,#831,.T.);
#1713=EDGE_CURVE('',#1344,#1345,#832,.T.);
#1714=EDGE_CURVE('',#1345,#1342,#833,.T.);
#1715=EDGE_CURVE('',#1346,#1344,#834,.T.);
#1716=EDGE_CURVE('',#1346,#1347,#835,.T.);
#1717=EDGE_CURVE('',#1347,#1345,#836,.T.);
#1718=EDGE_CURVE('',#1341,#1346,#837,.T.);
#1719=EDGE_CURVE('',#1343,#1347,#838,.T.);
#1720=EDGE_CURVE('',#1348,#1349,#839,.T.);
#1721=EDGE_CURVE('',#1350,#1348,#311,.T.);
#1722=EDGE_CURVE('',#1351,#1350,#840,.T.);
#1723=EDGE_CURVE('',#1349,#1351,#312,.T.);
#1724=EDGE_CURVE('',#1338,#1155,#841,.T.);
#1725=EDGE_CURVE('',#1339,#1154,#842,.T.);
#1726=EDGE_CURVE('',#1336,#1156,#843,.T.);
#1727=EDGE_CURVE('',#1350,#1151,#844,.T.);
#1728=EDGE_CURVE('',#1351,#1150,#845,.T.);
#1729=EDGE_CURVE('',#1348,#1152,#846,.T.);
#1730=EDGE_CURVE('',#1352,#1148,#847,.T.);
#1731=EDGE_CURVE('',#1166,#1352,#848,.T.);
#1732=EDGE_CURVE('',#1349,#1153,#849,.T.);
#1733=EDGE_CURVE('',#1353,#1298,#850,.T.);
#1734=EDGE_CURVE('',#1147,#1353,#851,.T.);
#1735=EDGE_CURVE('',#1337,#1157,#852,.T.);
#1736=EDGE_CURVE('',#1354,#1354,#313,.T.);
#1737=EDGE_CURVE('',#1354,#1255,#853,.T.);
#1738=EDGE_CURVE('',#1355,#1355,#314,.T.);
#1739=EDGE_CURVE('',#1355,#1211,#854,.T.);
#1740=EDGE_CURVE('',#1356,#1356,#315,.T.);
#1741=EDGE_CURVE('',#1357,#1357,#316,.T.);
#1742=EDGE_CURVE('',#1357,#1213,#855,.T.);
#1743=EDGE_CURVE('',#1358,#1358,#317,.T.);
#1744=EDGE_CURVE('',#1359,#1359,#318,.T.);
#1745=EDGE_CURVE('',#1359,#1215,#856,.T.);
#1746=EDGE_CURVE('',#1360,#1360,#319,.T.);
#1747=EDGE_CURVE('',#1361,#1361,#320,.T.);
#1748=EDGE_CURVE('',#1361,#1217,#857,.T.);
#1749=EDGE_CURVE('',#1362,#1362,#321,.T.);
#1750=EDGE_CURVE('',#1363,#1363,#322,.T.);
#1751=EDGE_CURVE('',#1364,#1364,#323,.T.);
#1752=EDGE_CURVE('',#1365,#1365,#324,.T.);
#1753=EDGE_CURVE('',#1366,#1366,#325,.T.);
#1754=EDGE_CURVE('',#1132,#1219,#858,.T.);
#1755=EDGE_CURVE('',#1356,#1367,#859,.T.);
#1756=EDGE_CURVE('',#1367,#1367,#326,.T.);
#1757=EDGE_CURVE('',#1131,#1221,#860,.T.);
#1758=EDGE_CURVE('',#1360,#1368,#861,.T.);
#1759=EDGE_CURVE('',#1368,#1368,#327,.T.);
#1760=EDGE_CURVE('',#1130,#1223,#862,.T.);
#1761=EDGE_CURVE('',#1358,#1369,#863,.T.);
#1762=EDGE_CURVE('',#1369,#1369,#328,.T.);
#1763=EDGE_CURVE('',#1129,#1225,#864,.T.);
#1764=EDGE_CURVE('',#1362,#1370,#865,.T.);
#1765=EDGE_CURVE('',#1370,#1370,#329,.T.);
#1766=EDGE_CURVE('',#1363,#1371,#866,.T.);
#1767=EDGE_CURVE('',#1371,#1371,#330,.T.);
#1768=EDGE_CURVE('',#1365,#1372,#867,.T.);
#1769=EDGE_CURVE('',#1372,#1372,#331,.T.);
#1770=EDGE_CURVE('',#1364,#1373,#868,.T.);
#1771=EDGE_CURVE('',#1373,#1373,#332,.T.);
#1772=EDGE_CURVE('',#1125,#1286,#869,.T.);
#1773=EDGE_CURVE('',#1366,#1374,#870,.T.);
#1774=EDGE_CURVE('',#1374,#1374,#333,.T.);
#1775=EDGE_CURVE('',#1327,#1375,#219,.T.);
#1776=EDGE_CURVE('',#1375,#1326,#220,.T.);
#1777=EDGE_CURVE('',#1375,#1376,#871,.T.);
#1778=EDGE_CURVE('',#1376,#1376,#334,.T.);
#1779=EDGE_CURVE('',#1288,#1309,#872,.T.);
#1780=EDGE_CURVE('',#1377,#1305,#221,.T.);
#1781=EDGE_CURVE('',#1304,#1377,#222,.T.);
#1782=EDGE_CURVE('',#1378,#1378,#335,.T.);
#1783=EDGE_CURVE('',#1379,#1379,#336,.T.);
#1784=EDGE_CURVE('',#1380,#1380,#337,.T.);
#1785=EDGE_CURVE('',#1379,#1377,#873,.T.);
#1786=EDGE_CURVE('',#1381,#1381,#338,.T.);
#1787=EDGE_CURVE('',#1381,#1382,#874,.T.);
#1788=EDGE_CURVE('',#1382,#1382,#339,.T.);
#1789=EDGE_CURVE('',#1378,#1383,#875,.T.);
#1790=EDGE_CURVE('',#1383,#1383,#340,.T.);
#1791=EDGE_CURVE('',#1384,#1384,#341,.T.);
#1792=EDGE_CURVE('',#1384,#1380,#876,.T.);
#1793=EDGE_CURVE('',#1320,#1385,#877,.T.);
#1794=EDGE_CURVE('',#1385,#1386,#878,.T.);
#1795=EDGE_CURVE('',#1321,#1386,#879,.T.);
#1796=EDGE_CURVE('',#1319,#1387,#880,.T.);
#1797=EDGE_CURVE('',#1387,#1385,#881,.T.);
#1798=EDGE_CURVE('',#1318,#1388,#882,.T.);
#1799=EDGE_CURVE('',#1388,#1387,#883,.T.);
#1800=EDGE_CURVE('',#1386,#1388,#884,.T.);
#1801=EDGE_CURVE('',#1324,#1389,#885,.T.);
#1802=EDGE_CURVE('',#1389,#1390,#886,.T.);
#1803=EDGE_CURVE('',#1325,#1390,#887,.T.);
#1804=EDGE_CURVE('',#1323,#1391,#888,.T.);
#1805=EDGE_CURVE('',#1391,#1389,#889,.T.);
#1806=EDGE_CURVE('',#1322,#1392,#890,.T.);
#1807=EDGE_CURVE('',#1392,#1391,#891,.T.);
#1808=EDGE_CURVE('',#1390,#1392,#892,.T.);
#1809=EDGE_CURVE('',#1167,#1297,#893,.T.);
#1810=EDGE_CURVE('',#1311,#1292,#894,.T.);
#1811=EDGE_CURVE('',#1393,#1393,#342,.T.);
#1812=EDGE_CURVE('',#1394,#1394,#343,.T.);
#1813=EDGE_CURVE('',#1394,#1299,#895,.T.);
#1814=EDGE_CURVE('',#1170,#1393,#896,.T.);
#1815=EDGE_CURVE('',#1298,#1166,#897,.T.);
#1816=EDGE_CURVE('',#1353,#1352,#898,.T.);
#1817=ORIENTED_EDGE('',*,*,#1395,.F.);
#1818=ORIENTED_EDGE('',*,*,#1396,.F.);
#1819=ORIENTED_EDGE('',*,*,#1397,.F.);
#1820=ORIENTED_EDGE('',*,*,#1398,.F.);
#1821=ORIENTED_EDGE('',*,*,#1399,.F.);
#1822=ORIENTED_EDGE('',*,*,#1400,.T.);
#1823=ORIENTED_EDGE('',*,*,#1401,.T.);
#1824=ORIENTED_EDGE('',*,*,#1402,.F.);
#1825=ORIENTED_EDGE('',*,*,#1400,.F.);
#1826=ORIENTED_EDGE('',*,*,#1403,.F.);
#1827=ORIENTED_EDGE('',*,*,#1398,.T.);
#1828=ORIENTED_EDGE('',*,*,#1404,.F.);
#1829=ORIENTED_EDGE('',*,*,#1401,.F.);
#1830=ORIENTED_EDGE('',*,*,#1404,.T.);
#1831=ORIENTED_EDGE('',*,*,#1397,.T.);
#1832=ORIENTED_EDGE('',*,*,#1405,.F.);
#1833=ORIENTED_EDGE('',*,*,#1395,.T.);
#1834=ORIENTED_EDGE('',*,*,#1403,.T.);
#1835=ORIENTED_EDGE('',*,*,#1399,.T.);
#1836=ORIENTED_EDGE('',*,*,#1406,.F.);
#1837=ORIENTED_EDGE('',*,*,#1407,.F.);
#1838=ORIENTED_EDGE('',*,*,#1408,.F.);
#1839=ORIENTED_EDGE('',*,*,#1409,.F.);
#1840=ORIENTED_EDGE('',*,*,#1410,.F.);
#1841=ORIENTED_EDGE('',*,*,#1411,.T.);
#1842=ORIENTED_EDGE('',*,*,#1412,.T.);
#1843=ORIENTED_EDGE('',*,*,#1413,.T.);
#1844=ORIENTED_EDGE('',*,*,#1414,.T.);
#1845=ORIENTED_EDGE('',*,*,#1415,.T.);
#1846=ORIENTED_EDGE('',*,*,#1416,.T.);
#1847=ORIENTED_EDGE('',*,*,#1417,.T.);
#1848=ORIENTED_EDGE('',*,*,#1418,.T.);
#1849=ORIENTED_EDGE('',*,*,#1419,.F.);
#1850=ORIENTED_EDGE('',*,*,#1420,.F.);
#1851=ORIENTED_EDGE('',*,*,#1421,.F.);
#1852=ORIENTED_EDGE('',*,*,#1422,.T.);
#1853=ORIENTED_EDGE('',*,*,#1423,.F.);
#1854=ORIENTED_EDGE('',*,*,#1422,.F.);
#1855=ORIENTED_EDGE('',*,*,#1424,.F.);
#1856=ORIENTED_EDGE('',*,*,#1425,.F.);
#1857=ORIENTED_EDGE('',*,*,#1426,.T.);
#1858=ORIENTED_EDGE('',*,*,#1427,.F.);
#1859=ORIENTED_EDGE('',*,*,#1424,.T.);
#1860=ORIENTED_EDGE('',*,*,#1421,.T.);
#1861=ORIENTED_EDGE('',*,*,#1428,.F.);
#1862=ORIENTED_EDGE('',*,*,#1429,.F.);
#1863=ORIENTED_EDGE('',*,*,#1426,.F.);
#1864=ORIENTED_EDGE('',*,*,#1420,.T.);
#1865=ORIENTED_EDGE('',*,*,#1428,.T.);
#1866=ORIENTED_EDGE('',*,*,#1419,.T.);
#1867=ORIENTED_EDGE('',*,*,#1423,.T.);
#1868=ORIENTED_EDGE('',*,*,#1430,.F.);
#1869=ORIENTED_EDGE('',*,*,#1431,.F.);
#1870=ORIENTED_EDGE('',*,*,#1432,.F.);
#1871=ORIENTED_EDGE('',*,*,#1433,.F.);
#1872=ORIENTED_EDGE('',*,*,#1434,.F.);
#1873=ORIENTED_EDGE('',*,*,#1435,.T.);
#1874=ORIENTED_EDGE('',*,*,#1436,.T.);
#1875=ORIENTED_EDGE('',*,*,#1437,.T.);
#1876=ORIENTED_EDGE('',*,*,#1438,.T.);
#1877=ORIENTED_EDGE('',*,*,#1439,.F.);
#1878=ORIENTED_EDGE('',*,*,#1440,.T.);
#1879=ORIENTED_EDGE('',*,*,#1441,.T.);
#1880=ORIENTED_EDGE('',*,*,#1442,.T.);
#1881=ORIENTED_EDGE('',*,*,#1443,.T.);
#1882=ORIENTED_EDGE('',*,*,#1444,.T.);
#1883=ORIENTED_EDGE('',*,*,#1445,.T.);
#1884=ORIENTED_EDGE('',*,*,#1446,.T.);
#1885=ORIENTED_EDGE('',*,*,#1447,.T.);
#1886=ORIENTED_EDGE('',*,*,#1448,.T.);
#1887=ORIENTED_EDGE('',*,*,#1449,.F.);
#1888=ORIENTED_EDGE('',*,*,#1450,.T.);
#1889=ORIENTED_EDGE('',*,*,#1451,.T.);
#1890=ORIENTED_EDGE('',*,*,#1452,.F.);
#1891=ORIENTED_EDGE('',*,*,#1453,.F.);
#1892=ORIENTED_EDGE('',*,*,#1448,.F.);
#1893=ORIENTED_EDGE('',*,*,#1454,.T.);
#1894=ORIENTED_EDGE('',*,*,#1455,.F.);
#1895=ORIENTED_EDGE('',*,*,#1456,.F.);
#1896=ORIENTED_EDGE('',*,*,#1450,.F.);
#1897=ORIENTED_EDGE('',*,*,#1457,.F.);
#1898=ORIENTED_EDGE('',*,*,#1458,.F.);
#1899=ORIENTED_EDGE('',*,*,#1454,.F.);
#1900=ORIENTED_EDGE('',*,*,#1451,.F.);
#1901=ORIENTED_EDGE('',*,*,#1456,.T.);
#1902=ORIENTED_EDGE('',*,*,#1396,.T.);
#1903=ORIENTED_EDGE('',*,*,#1410,.T.);
#1904=ORIENTED_EDGE('',*,*,#1459,.F.);
#1905=ORIENTED_EDGE('',*,*,#1430,.T.);
#1906=ORIENTED_EDGE('',*,*,#1425,.T.);
#1907=ORIENTED_EDGE('',*,*,#1427,.T.);
#1908=ORIENTED_EDGE('',*,*,#1429,.T.);
#1909=ORIENTED_EDGE('',*,*,#1439,.T.);
#1910=ORIENTED_EDGE('',*,*,#1460,.T.);
#1911=ORIENTED_EDGE('',*,*,#1461,.T.);
#1912=ORIENTED_EDGE('',*,*,#1462,.F.);
#1913=ORIENTED_EDGE('',*,*,#1463,.T.);
#1914=ORIENTED_EDGE('',*,*,#1457,.T.);
#1915=ORIENTED_EDGE('',*,*,#1449,.T.);
#1916=ORIENTED_EDGE('',*,*,#1453,.T.);
#1917=ORIENTED_EDGE('',*,*,#1464,.T.);
#1918=ORIENTED_EDGE('',*,*,#1465,.F.);
#1919=ORIENTED_EDGE('',*,*,#1406,.T.);
#1920=ORIENTED_EDGE('',*,*,#1402,.T.);
#1921=ORIENTED_EDGE('',*,*,#1405,.T.);
#1922=ORIENTED_EDGE('',*,*,#1466,.T.);
#1923=ORIENTED_EDGE('',*,*,#1432,.T.);
#1924=ORIENTED_EDGE('',*,*,#1467,.T.);
#1925=ORIENTED_EDGE('',*,*,#1468,.T.);
#1926=ORIENTED_EDGE('',*,*,#1469,.T.);
#1927=ORIENTED_EDGE('',*,*,#1470,.T.);
#1928=ORIENTED_EDGE('',*,*,#1471,.T.);
#1929=ORIENTED_EDGE('',*,*,#1472,.T.);
#1930=ORIENTED_EDGE('',*,*,#1473,.T.);
#1931=ORIENTED_EDGE('',*,*,#1474,.T.);
#1932=ORIENTED_EDGE('',*,*,#1469,.F.);
#1933=ORIENTED_EDGE('',*,*,#1475,.F.);
#1934=ORIENTED_EDGE('',*,*,#1476,.T.);
#1935=ORIENTED_EDGE('',*,*,#1477,.F.);
#1936=ORIENTED_EDGE('',*,*,#1471,.F.);
#1937=ORIENTED_EDGE('',*,*,#1476,.F.);
#1938=ORIENTED_EDGE('',*,*,#1475,.T.);
#1939=ORIENTED_EDGE('',*,*,#1468,.F.);
#1940=ORIENTED_EDGE('',*,*,#1478,.T.);
#1941=ORIENTED_EDGE('',*,*,#1479,.T.);
#1942=ORIENTED_EDGE('',*,*,#1480,.T.);
#1943=ORIENTED_EDGE('',*,*,#1481,.T.);
#1944=ORIENTED_EDGE('',*,*,#1482,.T.);
#1945=ORIENTED_EDGE('',*,*,#1483,.T.);
#1946=ORIENTED_EDGE('',*,*,#1484,.T.);
#1947=ORIENTED_EDGE('',*,*,#1485,.T.);
#1948=ORIENTED_EDGE('',*,*,#1433,.T.);
#1949=ORIENTED_EDGE('',*,*,#1472,.F.);
#1950=ORIENTED_EDGE('',*,*,#1477,.T.);
#1951=ORIENTED_EDGE('',*,*,#1467,.F.);
#1952=ORIENTED_EDGE('',*,*,#1486,.F.);
#1953=ORIENTED_EDGE('',*,*,#1487,.T.);
#1954=ORIENTED_EDGE('',*,*,#1488,.T.);
#1955=ORIENTED_EDGE('',*,*,#1489,.T.);
#1956=ORIENTED_EDGE('',*,*,#1478,.F.);
#1957=ORIENTED_EDGE('',*,*,#1470,.F.);
#1958=ORIENTED_EDGE('',*,*,#1474,.F.);
#1959=ORIENTED_EDGE('',*,*,#1490,.T.);
#1960=ORIENTED_EDGE('',*,*,#1491,.F.);
#1961=ORIENTED_EDGE('',*,*,#1492,.F.);
#1962=ORIENTED_EDGE('',*,*,#1493,.F.);
#1963=ORIENTED_EDGE('',*,*,#1494,.F.);
#1964=ORIENTED_EDGE('',*,*,#1495,.F.);
#1965=ORIENTED_EDGE('',*,*,#1496,.T.);
#1966=ORIENTED_EDGE('',*,*,#1497,.F.);
#1967=ORIENTED_EDGE('',*,*,#1496,.F.);
#1968=ORIENTED_EDGE('',*,*,#1498,.F.);
#1969=ORIENTED_EDGE('',*,*,#1499,.F.);
#1970=ORIENTED_EDGE('',*,*,#1500,.F.);
#1971=ORIENTED_EDGE('',*,*,#1501,.F.);
#1972=ORIENTED_EDGE('',*,*,#1502,.F.);
#1973=ORIENTED_EDGE('',*,*,#1503,.F.);
#1974=ORIENTED_EDGE('',*,*,#1504,.F.);
#1975=ORIENTED_EDGE('',*,*,#1490,.F.);
#1976=ORIENTED_EDGE('',*,*,#1473,.F.);
#1977=ORIENTED_EDGE('',*,*,#1505,.F.);
#1978=ORIENTED_EDGE('',*,*,#1506,.F.);
#1979=ORIENTED_EDGE('',*,*,#1507,.F.);
#1980=ORIENTED_EDGE('',*,*,#1508,.F.);
#1981=ORIENTED_EDGE('',*,*,#1509,.F.);
#1982=ORIENTED_EDGE('',*,*,#1510,.F.);
#1983=ORIENTED_EDGE('',*,*,#1511,.F.);
#1984=ORIENTED_EDGE('',*,*,#1512,.F.);
#1985=ORIENTED_EDGE('',*,*,#1513,.F.);
#1986=ORIENTED_EDGE('',*,*,#1514,.F.);
#1987=ORIENTED_EDGE('',*,*,#1515,.F.);
#1988=ORIENTED_EDGE('',*,*,#1516,.F.);
#1989=ORIENTED_EDGE('',*,*,#1517,.F.);
#1990=ORIENTED_EDGE('',*,*,#1518,.F.);
#1991=ORIENTED_EDGE('',*,*,#1519,.F.);
#1992=ORIENTED_EDGE('',*,*,#1520,.F.);
#1993=ORIENTED_EDGE('',*,*,#1521,.F.);
#1994=ORIENTED_EDGE('',*,*,#1522,.F.);
#1995=ORIENTED_EDGE('',*,*,#1523,.F.);
#1996=ORIENTED_EDGE('',*,*,#1524,.F.);
#1997=ORIENTED_EDGE('',*,*,#1525,.F.);
#1998=ORIENTED_EDGE('',*,*,#1526,.F.);
#1999=ORIENTED_EDGE('',*,*,#1527,.F.);
#2000=ORIENTED_EDGE('',*,*,#1528,.F.);
#2001=ORIENTED_EDGE('',*,*,#1529,.T.);
#2002=ORIENTED_EDGE('',*,*,#1497,.T.);
#2003=ORIENTED_EDGE('',*,*,#1529,.F.);
#2004=ORIENTED_EDGE('',*,*,#1530,.T.);
#2005=ORIENTED_EDGE('',*,*,#1531,.T.);
#2006=ORIENTED_EDGE('',*,*,#1455,.T.);
#2007=ORIENTED_EDGE('',*,*,#1463,.F.);
#2008=ORIENTED_EDGE('',*,*,#1532,.F.);
#2009=ORIENTED_EDGE('',*,*,#1533,.F.);
#2010=ORIENTED_EDGE('',*,*,#1534,.F.);
#2011=ORIENTED_EDGE('',*,*,#1530,.F.);
#2012=ORIENTED_EDGE('',*,*,#1531,.F.);
#2013=ORIENTED_EDGE('',*,*,#1535,.F.);
#2014=ORIENTED_EDGE('',*,*,#1464,.F.);
#2015=ORIENTED_EDGE('',*,*,#1452,.T.);
#2016=ORIENTED_EDGE('',*,*,#1458,.T.);
#2017=ORIENTED_EDGE('',*,*,#1536,.T.);
#2018=ORIENTED_EDGE('',*,*,#1537,.F.);
#2019=ORIENTED_EDGE('',*,*,#1499,.T.);
#2020=ORIENTED_EDGE('',*,*,#1536,.F.);
#2021=ORIENTED_EDGE('',*,*,#1498,.T.);
#2022=ORIENTED_EDGE('',*,*,#1495,.T.);
#2023=ORIENTED_EDGE('',*,*,#1538,.T.);
#2024=ORIENTED_EDGE('',*,*,#1539,.T.);
#2025=ORIENTED_EDGE('',*,*,#1540,.T.);
#2026=ORIENTED_EDGE('',*,*,#1541,.T.);
#2027=ORIENTED_EDGE('',*,*,#1542,.T.);
#2028=ORIENTED_EDGE('',*,*,#1543,.T.);
#2029=ORIENTED_EDGE('',*,*,#1503,.T.);
#2030=ORIENTED_EDGE('',*,*,#1544,.F.);
#2031=ORIENTED_EDGE('',*,*,#1543,.F.);
#2032=ORIENTED_EDGE('',*,*,#1545,.T.);
#2033=ORIENTED_EDGE('',*,*,#1546,.T.);
#2034=ORIENTED_EDGE('',*,*,#1547,.T.);
#2035=ORIENTED_EDGE('',*,*,#1548,.T.);
#2036=ORIENTED_EDGE('',*,*,#1549,.F.);
#2037=ORIENTED_EDGE('',*,*,#1491,.T.);
#2038=ORIENTED_EDGE('',*,*,#1504,.T.);
#2039=ORIENTED_EDGE('',*,*,#1494,.T.);
#2040=ORIENTED_EDGE('',*,*,#1550,.T.);
#2041=ORIENTED_EDGE('',*,*,#1551,.T.);
#2042=ORIENTED_EDGE('',*,*,#1552,.T.);
#2043=ORIENTED_EDGE('',*,*,#1538,.F.);
#2044=ORIENTED_EDGE('',*,*,#1493,.T.);
#2045=ORIENTED_EDGE('',*,*,#1553,.T.);
#2046=ORIENTED_EDGE('',*,*,#1554,.T.);
#2047=ORIENTED_EDGE('',*,*,#1555,.T.);
#2048=ORIENTED_EDGE('',*,*,#1550,.F.);
#2049=ORIENTED_EDGE('',*,*,#1492,.T.);
#2050=ORIENTED_EDGE('',*,*,#1549,.T.);
#2051=ORIENTED_EDGE('',*,*,#1556,.T.);
#2052=ORIENTED_EDGE('',*,*,#1557,.T.);
#2053=ORIENTED_EDGE('',*,*,#1558,.T.);
#2054=ORIENTED_EDGE('',*,*,#1553,.F.);
#2055=ORIENTED_EDGE('',*,*,#1559,.F.);
#2056=ORIENTED_EDGE('',*,*,#1560,.T.);
#2057=ORIENTED_EDGE('',*,*,#1561,.F.);
#2058=ORIENTED_EDGE('',*,*,#1562,.F.);
#2059=ORIENTED_EDGE('',*,*,#1541,.F.);
#2060=ORIENTED_EDGE('',*,*,#1563,.F.);
#2061=ORIENTED_EDGE('',*,*,#1560,.F.);
#2062=ORIENTED_EDGE('',*,*,#1412,.F.);
#2063=ORIENTED_EDGE('',*,*,#1564,.T.);
#2064=ORIENTED_EDGE('',*,*,#1565,.F.);
#2065=ORIENTED_EDGE('',*,*,#1539,.F.);
#2066=ORIENTED_EDGE('',*,*,#1552,.F.);
#2067=ORIENTED_EDGE('',*,*,#1566,.F.);
#2068=ORIENTED_EDGE('',*,*,#1564,.F.);
#2069=ORIENTED_EDGE('',*,*,#1414,.F.);
#2070=ORIENTED_EDGE('',*,*,#1567,.T.);
#2071=ORIENTED_EDGE('',*,*,#1556,.F.);
#2072=ORIENTED_EDGE('',*,*,#1548,.F.);
#2073=ORIENTED_EDGE('',*,*,#1568,.F.);
#2074=ORIENTED_EDGE('',*,*,#1569,.F.);
#2075=ORIENTED_EDGE('',*,*,#1557,.F.);
#2076=ORIENTED_EDGE('',*,*,#1567,.F.);
#2077=ORIENTED_EDGE('',*,*,#1540,.F.);
#2078=ORIENTED_EDGE('',*,*,#1565,.T.);
#2079=ORIENTED_EDGE('',*,*,#1566,.T.);
#2080=ORIENTED_EDGE('',*,*,#1551,.F.);
#2081=ORIENTED_EDGE('',*,*,#1555,.F.);
#2082=ORIENTED_EDGE('',*,*,#1570,.T.);
#2083=ORIENTED_EDGE('',*,*,#1571,.T.);
#2084=ORIENTED_EDGE('',*,*,#1570,.F.);
#2085=ORIENTED_EDGE('',*,*,#1554,.F.);
#2086=ORIENTED_EDGE('',*,*,#1558,.F.);
#2087=ORIENTED_EDGE('',*,*,#1569,.T.);
#2088=ORIENTED_EDGE('',*,*,#1568,.T.);
#2089=ORIENTED_EDGE('',*,*,#1547,.F.);
#2090=ORIENTED_EDGE('',*,*,#1572,.T.);
#2091=ORIENTED_EDGE('',*,*,#1573,.F.);
#2092=ORIENTED_EDGE('',*,*,#1574,.F.);
#2093=ORIENTED_EDGE('',*,*,#1575,.F.);
#2094=ORIENTED_EDGE('',*,*,#1561,.T.);
#2095=ORIENTED_EDGE('',*,*,#1563,.T.);
#2096=ORIENTED_EDGE('',*,*,#1574,.T.);
#2097=ORIENTED_EDGE('',*,*,#1576,.T.);
#2098=ORIENTED_EDGE('',*,*,#1501,.T.);
#2099=ORIENTED_EDGE('',*,*,#1577,.T.);
#2100=ORIENTED_EDGE('',*,*,#1545,.F.);
#2101=ORIENTED_EDGE('',*,*,#1544,.T.);
#2102=ORIENTED_EDGE('',*,*,#1502,.T.);
#2103=ORIENTED_EDGE('',*,*,#1576,.F.);
#2104=ORIENTED_EDGE('',*,*,#1573,.T.);
#2105=ORIENTED_EDGE('',*,*,#1578,.T.);
#2106=ORIENTED_EDGE('',*,*,#1579,.T.);
#2107=ORIENTED_EDGE('',*,*,#1542,.F.);
#2108=ORIENTED_EDGE('',*,*,#1562,.T.);
#2109=ORIENTED_EDGE('',*,*,#1575,.T.);
#2110=ORIENTED_EDGE('',*,*,#1577,.F.);
#2111=ORIENTED_EDGE('',*,*,#1500,.T.);
#2112=ORIENTED_EDGE('',*,*,#1537,.T.);
#2113=ORIENTED_EDGE('',*,*,#1580,.T.);
#2114=ORIENTED_EDGE('',*,*,#1581,.T.);
#2115=ORIENTED_EDGE('',*,*,#1511,.T.);
#2116=ORIENTED_EDGE('',*,*,#1582,.T.);
#2117=ORIENTED_EDGE('',*,*,#1583,.T.);
#2118=ORIENTED_EDGE('',*,*,#1584,.T.);
#2119=ORIENTED_EDGE('',*,*,#1585,.T.);
#2120=ORIENTED_EDGE('',*,*,#1512,.T.);
#2121=ORIENTED_EDGE('',*,*,#1581,.F.);
#2122=ORIENTED_EDGE('',*,*,#1586,.T.);
#2123=ORIENTED_EDGE('',*,*,#1587,.T.);
#2124=ORIENTED_EDGE('',*,*,#1588,.T.);
#2125=ORIENTED_EDGE('',*,*,#1589,.T.);
#2126=ORIENTED_EDGE('',*,*,#1505,.T.);
#2127=ORIENTED_EDGE('',*,*,#1585,.F.);
#2128=ORIENTED_EDGE('',*,*,#1590,.T.);
#2129=ORIENTED_EDGE('',*,*,#1591,.T.);
#2130=ORIENTED_EDGE('',*,*,#1592,.T.);
#2131=ORIENTED_EDGE('',*,*,#1593,.T.);
#2132=ORIENTED_EDGE('',*,*,#1582,.F.);
#2133=ORIENTED_EDGE('',*,*,#1510,.T.);
#2134=ORIENTED_EDGE('',*,*,#1594,.T.);
#2135=ORIENTED_EDGE('',*,*,#1595,.T.);
#2136=ORIENTED_EDGE('',*,*,#1509,.T.);
#2137=ORIENTED_EDGE('',*,*,#1596,.T.);
#2138=ORIENTED_EDGE('',*,*,#1597,.T.);
#2139=ORIENTED_EDGE('',*,*,#1598,.T.);
#2140=ORIENTED_EDGE('',*,*,#1599,.T.);
#2141=ORIENTED_EDGE('',*,*,#1594,.F.);
#2142=ORIENTED_EDGE('',*,*,#1600,.F.);
#2143=ORIENTED_EDGE('',*,*,#1601,.T.);
#2144=ORIENTED_EDGE('',*,*,#1602,.F.);
#2145=ORIENTED_EDGE('',*,*,#1603,.F.);
#2146=ORIENTED_EDGE('',*,*,#1590,.F.);
#2147=ORIENTED_EDGE('',*,*,#1584,.F.);
#2148=ORIENTED_EDGE('',*,*,#1583,.F.);
#2149=ORIENTED_EDGE('',*,*,#1604,.F.);
#2150=ORIENTED_EDGE('',*,*,#1601,.F.);
#2151=ORIENTED_EDGE('',*,*,#1605,.F.);
#2152=ORIENTED_EDGE('',*,*,#1606,.T.);
#2153=ORIENTED_EDGE('',*,*,#1591,.F.);
#2154=ORIENTED_EDGE('',*,*,#1595,.F.);
#2155=ORIENTED_EDGE('',*,*,#1599,.F.);
#2156=ORIENTED_EDGE('',*,*,#1607,.F.);
#2157=ORIENTED_EDGE('',*,*,#1608,.F.);
#2158=ORIENTED_EDGE('',*,*,#1592,.F.);
#2159=ORIENTED_EDGE('',*,*,#1606,.F.);
#2160=ORIENTED_EDGE('',*,*,#1598,.F.);
#2161=ORIENTED_EDGE('',*,*,#1609,.T.);
#2162=ORIENTED_EDGE('',*,*,#1607,.T.);
#2163=ORIENTED_EDGE('',*,*,#1610,.F.);
#2164=ORIENTED_EDGE('',*,*,#1611,.T.);
#2165=ORIENTED_EDGE('',*,*,#1612,.F.);
#2166=ORIENTED_EDGE('',*,*,#1613,.F.);
#2167=ORIENTED_EDGE('',*,*,#1614,.T.);
#2168=ORIENTED_EDGE('',*,*,#1615,.T.);
#2169=ORIENTED_EDGE('',*,*,#1616,.F.);
#2170=ORIENTED_EDGE('',*,*,#1588,.F.);
#2171=ORIENTED_EDGE('',*,*,#1617,.F.);
#2172=ORIENTED_EDGE('',*,*,#1602,.T.);
#2173=ORIENTED_EDGE('',*,*,#1604,.T.);
#2174=ORIENTED_EDGE('',*,*,#1586,.F.);
#2175=ORIENTED_EDGE('',*,*,#1580,.F.);
#2176=ORIENTED_EDGE('',*,*,#1593,.F.);
#2177=ORIENTED_EDGE('',*,*,#1608,.T.);
#2178=ORIENTED_EDGE('',*,*,#1609,.F.);
#2179=ORIENTED_EDGE('',*,*,#1597,.F.);
#2180=ORIENTED_EDGE('',*,*,#1618,.F.);
#2181=ORIENTED_EDGE('',*,*,#1619,.T.);
#2182=ORIENTED_EDGE('',*,*,#1620,.T.);
#2183=ORIENTED_EDGE('',*,*,#1621,.F.);
#2184=ORIENTED_EDGE('',*,*,#1622,.F.);
#2185=ORIENTED_EDGE('',*,*,#1611,.F.);
#2186=ORIENTED_EDGE('',*,*,#1596,.F.);
#2187=ORIENTED_EDGE('',*,*,#1508,.T.);
#2188=ORIENTED_EDGE('',*,*,#1623,.T.);
#2189=ORIENTED_EDGE('',*,*,#1621,.T.);
#2190=ORIENTED_EDGE('',*,*,#1624,.T.);
#2191=ORIENTED_EDGE('',*,*,#1625,.T.);
#2192=ORIENTED_EDGE('',*,*,#1618,.T.);
#2193=ORIENTED_EDGE('',*,*,#1612,.T.);
#2194=ORIENTED_EDGE('',*,*,#1622,.T.);
#2195=ORIENTED_EDGE('',*,*,#1623,.F.);
#2196=ORIENTED_EDGE('',*,*,#1507,.T.);
#2197=ORIENTED_EDGE('',*,*,#1626,.T.);
#2198=ORIENTED_EDGE('',*,*,#1589,.F.);
#2199=ORIENTED_EDGE('',*,*,#1616,.T.);
#2200=ORIENTED_EDGE('',*,*,#1627,.T.);
#2201=ORIENTED_EDGE('',*,*,#1613,.T.);
#2202=ORIENTED_EDGE('',*,*,#1626,.F.);
#2203=ORIENTED_EDGE('',*,*,#1506,.T.);
#2204=ORIENTED_EDGE('',*,*,#1413,.F.);
#2205=ORIENTED_EDGE('',*,*,#1628,.T.);
#2206=ORIENTED_EDGE('',*,*,#1614,.F.);
#2207=ORIENTED_EDGE('',*,*,#1627,.F.);
#2208=ORIENTED_EDGE('',*,*,#1615,.F.);
#2209=ORIENTED_EDGE('',*,*,#1628,.F.);
#2210=ORIENTED_EDGE('',*,*,#1587,.F.);
#2211=ORIENTED_EDGE('',*,*,#1603,.T.);
#2212=ORIENTED_EDGE('',*,*,#1617,.T.);
#2213=ORIENTED_EDGE('',*,*,#1488,.F.);
#2214=ORIENTED_EDGE('',*,*,#1629,.T.);
#2215=ORIENTED_EDGE('',*,*,#1630,.T.);
#2216=ORIENTED_EDGE('',*,*,#1631,.T.);
#2217=ORIENTED_EDGE('',*,*,#1632,.T.);
#2218=ORIENTED_EDGE('',*,*,#1633,.T.);
#2219=ORIENTED_EDGE('',*,*,#1630,.F.);
#2220=ORIENTED_EDGE('',*,*,#1634,.T.);
#2221=ORIENTED_EDGE('',*,*,#1635,.T.);
#2222=ORIENTED_EDGE('',*,*,#1636,.T.);
#2223=ORIENTED_EDGE('',*,*,#1635,.F.);
#2224=ORIENTED_EDGE('',*,*,#1637,.T.);
#2225=ORIENTED_EDGE('',*,*,#1638,.T.);
#2226=ORIENTED_EDGE('',*,*,#1639,.T.);
#2227=ORIENTED_EDGE('',*,*,#1640,.T.);
#2228=ORIENTED_EDGE('',*,*,#1641,.T.);
#2229=ORIENTED_EDGE('',*,*,#1638,.F.);
#2230=ORIENTED_EDGE('',*,*,#1642,.T.);
#2231=ORIENTED_EDGE('',*,*,#1642,.F.);
#2232=ORIENTED_EDGE('',*,*,#1637,.F.);
#2233=ORIENTED_EDGE('',*,*,#1634,.F.);
#2234=ORIENTED_EDGE('',*,*,#1629,.F.);
#2235=ORIENTED_EDGE('',*,*,#1487,.F.);
#2236=ORIENTED_EDGE('',*,*,#1643,.F.);
#2237=ORIENTED_EDGE('',*,*,#1408,.T.);
#2238=ORIENTED_EDGE('',*,*,#1644,.F.);
#2239=ORIENTED_EDGE('',*,*,#1533,.T.);
#2240=ORIENTED_EDGE('',*,*,#1645,.F.);
#2241=ORIENTED_EDGE('',*,*,#1646,.T.);
#2242=ORIENTED_EDGE('',*,*,#1647,.T.);
#2243=ORIENTED_EDGE('',*,*,#1435,.F.);
#2244=ORIENTED_EDGE('',*,*,#1648,.F.);
#2245=ORIENTED_EDGE('',*,*,#1649,.T.);
#2246=ORIENTED_EDGE('',*,*,#1482,.F.);
#2247=ORIENTED_EDGE('',*,*,#1650,.F.);
#2248=ORIENTED_EDGE('',*,*,#1651,.F.);
#2249=ORIENTED_EDGE('',*,*,#1652,.F.);
#2250=ORIENTED_EDGE('',*,*,#1481,.F.);
#2251=ORIENTED_EDGE('',*,*,#1653,.T.);
#2252=ORIENTED_EDGE('',*,*,#1654,.F.);
#2253=ORIENTED_EDGE('',*,*,#1655,.T.);
#2254=ORIENTED_EDGE('',*,*,#1650,.T.);
#2255=ORIENTED_EDGE('',*,*,#1480,.F.);
#2256=ORIENTED_EDGE('',*,*,#1656,.F.);
#2257=ORIENTED_EDGE('',*,*,#1632,.F.);
#2258=ORIENTED_EDGE('',*,*,#1657,.F.);
#2259=ORIENTED_EDGE('',*,*,#1658,.T.);
#2260=ORIENTED_EDGE('',*,*,#1659,.F.);
#2261=ORIENTED_EDGE('',*,*,#1660,.F.);
#2262=ORIENTED_EDGE('',*,*,#1653,.F.);
#2263=ORIENTED_EDGE('',*,*,#1654,.T.);
#2264=ORIENTED_EDGE('',*,*,#1660,.T.);
#2265=ORIENTED_EDGE('',*,*,#1661,.T.);
#2266=ORIENTED_EDGE('',*,*,#1662,.T.);
#2267=ORIENTED_EDGE('',*,*,#1663,.T.);
#2268=ORIENTED_EDGE('',*,*,#1661,.F.);
#2269=ORIENTED_EDGE('',*,*,#1664,.T.);
#2270=ORIENTED_EDGE('',*,*,#1665,.T.);
#2271=ORIENTED_EDGE('',*,*,#1666,.T.);
#2272=ORIENTED_EDGE('',*,*,#1667,.T.);
#2273=ORIENTED_EDGE('',*,*,#1668,.T.);
#2274=ORIENTED_EDGE('',*,*,#1665,.F.);
#2275=ORIENTED_EDGE('',*,*,#1669,.T.);
#2276=ORIENTED_EDGE('',*,*,#1667,.F.);
#2277=ORIENTED_EDGE('',*,*,#1670,.T.);
#2278=ORIENTED_EDGE('',*,*,#1671,.T.);
#2279=ORIENTED_EDGE('',*,*,#1672,.T.);
#2280=ORIENTED_EDGE('',*,*,#1673,.T.);
#2281=ORIENTED_EDGE('',*,*,#1674,.T.);
#2282=ORIENTED_EDGE('',*,*,#1671,.F.);
#2283=ORIENTED_EDGE('',*,*,#1675,.T.);
#2284=ORIENTED_EDGE('',*,*,#1676,.T.);
#2285=ORIENTED_EDGE('',*,*,#1662,.F.);
#2286=ORIENTED_EDGE('',*,*,#1666,.F.);
#2287=ORIENTED_EDGE('',*,*,#1668,.F.);
#2288=ORIENTED_EDGE('',*,*,#1672,.F.);
#2289=ORIENTED_EDGE('',*,*,#1674,.F.);
#2290=ORIENTED_EDGE('',*,*,#1677,.F.);
#2291=ORIENTED_EDGE('',*,*,#1678,.T.);
#2292=ORIENTED_EDGE('',*,*,#1679,.T.);
#2293=ORIENTED_EDGE('',*,*,#1680,.T.);
#2294=ORIENTED_EDGE('',*,*,#1681,.T.);
#2295=ORIENTED_EDGE('',*,*,#1682,.T.);
#2296=ORIENTED_EDGE('',*,*,#1683,.T.);
#2297=ORIENTED_EDGE('',*,*,#1684,.T.);
#2298=ORIENTED_EDGE('',*,*,#1685,.T.);
#2299=ORIENTED_EDGE('',*,*,#1483,.F.);
#2300=ORIENTED_EDGE('',*,*,#1652,.T.);
#2301=ORIENTED_EDGE('',*,*,#1686,.T.);
#2302=ORIENTED_EDGE('',*,*,#1676,.F.);
#2303=ORIENTED_EDGE('',*,*,#1687,.T.);
#2304=ORIENTED_EDGE('',*,*,#1663,.F.);
#2305=ORIENTED_EDGE('',*,*,#1677,.T.);
#2306=ORIENTED_EDGE('',*,*,#1673,.F.);
#2307=ORIENTED_EDGE('',*,*,#1686,.F.);
#2308=ORIENTED_EDGE('',*,*,#1651,.T.);
#2309=ORIENTED_EDGE('',*,*,#1655,.F.);
#2310=ORIENTED_EDGE('',*,*,#1485,.F.);
#2311=ORIENTED_EDGE('',*,*,#1688,.T.);
#2312=ORIENTED_EDGE('',*,*,#1640,.F.);
#2313=ORIENTED_EDGE('',*,*,#1648,.T.);
#2314=ORIENTED_EDGE('',*,*,#1434,.T.);
#2315=ORIENTED_EDGE('',*,*,#1688,.F.);
#2316=ORIENTED_EDGE('',*,*,#1484,.F.);
#2317=ORIENTED_EDGE('',*,*,#1687,.F.);
#2318=ORIENTED_EDGE('',*,*,#1675,.F.);
#2319=ORIENTED_EDGE('',*,*,#1689,.F.);
#2320=ORIENTED_EDGE('',*,*,#1690,.T.);
#2321=ORIENTED_EDGE('',*,*,#1691,.F.);
#2322=ORIENTED_EDGE('',*,*,#1641,.F.);
#2323=ORIENTED_EDGE('',*,*,#1489,.F.);
#2324=ORIENTED_EDGE('',*,*,#1633,.F.);
#2325=ORIENTED_EDGE('',*,*,#1656,.T.);
#2326=ORIENTED_EDGE('',*,*,#1479,.F.);
#2327=ORIENTED_EDGE('',*,*,#1692,.F.);
#2328=ORIENTED_EDGE('',*,*,#1693,.T.);
#2329=ORIENTED_EDGE('',*,*,#1694,.T.);
#2330=ORIENTED_EDGE('',*,*,#1695,.F.);
#2331=ORIENTED_EDGE('',*,*,#1696,.F.);
#2332=ORIENTED_EDGE('',*,*,#1697,.T.);
#2333=ORIENTED_EDGE('',*,*,#1698,.T.);
#2334=ORIENTED_EDGE('',*,*,#1693,.F.);
#2335=ORIENTED_EDGE('',*,*,#1699,.F.);
#2336=ORIENTED_EDGE('',*,*,#1700,.T.);
#2337=ORIENTED_EDGE('',*,*,#1701,.T.);
#2338=ORIENTED_EDGE('',*,*,#1697,.F.);
#2339=ORIENTED_EDGE('',*,*,#1702,.F.);
#2340=ORIENTED_EDGE('',*,*,#1695,.T.);
#2341=ORIENTED_EDGE('',*,*,#1703,.T.);
#2342=ORIENTED_EDGE('',*,*,#1700,.F.);
#2343=ORIENTED_EDGE('',*,*,#1703,.F.);
#2344=ORIENTED_EDGE('',*,*,#1694,.F.);
#2345=ORIENTED_EDGE('',*,*,#1698,.F.);
#2346=ORIENTED_EDGE('',*,*,#1701,.F.);
#2347=ORIENTED_EDGE('',*,*,#1704,.F.);
#2348=ORIENTED_EDGE('',*,*,#1705,.F.);
#2349=ORIENTED_EDGE('',*,*,#1706,.F.);
#2350=ORIENTED_EDGE('',*,*,#1707,.F.);
#2351=ORIENTED_EDGE('',*,*,#1708,.F.);
#2352=ORIENTED_EDGE('',*,*,#1709,.T.);
#2353=ORIENTED_EDGE('',*,*,#1710,.T.);
#2354=ORIENTED_EDGE('',*,*,#1711,.F.);
#2355=ORIENTED_EDGE('',*,*,#1712,.F.);
#2356=ORIENTED_EDGE('',*,*,#1713,.T.);
#2357=ORIENTED_EDGE('',*,*,#1714,.T.);
#2358=ORIENTED_EDGE('',*,*,#1709,.F.);
#2359=ORIENTED_EDGE('',*,*,#1715,.F.);
#2360=ORIENTED_EDGE('',*,*,#1716,.T.);
#2361=ORIENTED_EDGE('',*,*,#1717,.T.);
#2362=ORIENTED_EDGE('',*,*,#1713,.F.);
#2363=ORIENTED_EDGE('',*,*,#1718,.F.);
#2364=ORIENTED_EDGE('',*,*,#1711,.T.);
#2365=ORIENTED_EDGE('',*,*,#1719,.T.);
#2366=ORIENTED_EDGE('',*,*,#1716,.F.);
#2367=ORIENTED_EDGE('',*,*,#1719,.F.);
#2368=ORIENTED_EDGE('',*,*,#1710,.F.);
#2369=ORIENTED_EDGE('',*,*,#1714,.F.);
#2370=ORIENTED_EDGE('',*,*,#1717,.F.);
#2371=ORIENTED_EDGE('',*,*,#1720,.F.);
#2372=ORIENTED_EDGE('',*,*,#1721,.F.);
#2373=ORIENTED_EDGE('',*,*,#1722,.F.);
#2374=ORIENTED_EDGE('',*,*,#1723,.F.);
#2375=ORIENTED_EDGE('',*,*,#1706,.T.);
#2376=ORIENTED_EDGE('',*,*,#1724,.T.);
#2377=ORIENTED_EDGE('',*,*,#1444,.F.);
#2378=ORIENTED_EDGE('',*,*,#1725,.F.);
#2379=ORIENTED_EDGE('',*,*,#1705,.T.);
#2380=ORIENTED_EDGE('',*,*,#1726,.T.);
#2381=ORIENTED_EDGE('',*,*,#1445,.F.);
#2382=ORIENTED_EDGE('',*,*,#1724,.F.);
#2383=ORIENTED_EDGE('',*,*,#1722,.T.);
#2384=ORIENTED_EDGE('',*,*,#1727,.T.);
#2385=ORIENTED_EDGE('',*,*,#1440,.F.);
#2386=ORIENTED_EDGE('',*,*,#1728,.F.);
#2387=ORIENTED_EDGE('',*,*,#1721,.T.);
#2388=ORIENTED_EDGE('',*,*,#1729,.T.);
#2389=ORIENTED_EDGE('',*,*,#1441,.F.);
#2390=ORIENTED_EDGE('',*,*,#1727,.F.);
#2391=ORIENTED_EDGE('',*,*,#1438,.F.);
#2392=ORIENTED_EDGE('',*,*,#1730,.F.);
#2393=ORIENTED_EDGE('',*,*,#1731,.F.);
#2394=ORIENTED_EDGE('',*,*,#1460,.F.);
#2395=ORIENTED_EDGE('',*,*,#1720,.T.);
#2396=ORIENTED_EDGE('',*,*,#1732,.T.);
#2397=ORIENTED_EDGE('',*,*,#1442,.F.);
#2398=ORIENTED_EDGE('',*,*,#1729,.F.);
#2399=ORIENTED_EDGE('',*,*,#1723,.T.);
#2400=ORIENTED_EDGE('',*,*,#1728,.T.);
#2401=ORIENTED_EDGE('',*,*,#1443,.F.);
#2402=ORIENTED_EDGE('',*,*,#1732,.F.);
#2403=ORIENTED_EDGE('',*,*,#1436,.F.);
#2404=ORIENTED_EDGE('',*,*,#1647,.F.);
#2405=ORIENTED_EDGE('',*,*,#1733,.F.);
#2406=ORIENTED_EDGE('',*,*,#1734,.F.);
#2407=ORIENTED_EDGE('',*,*,#1704,.T.);
#2408=ORIENTED_EDGE('',*,*,#1735,.T.);
#2409=ORIENTED_EDGE('',*,*,#1446,.F.);
#2410=ORIENTED_EDGE('',*,*,#1726,.F.);
#2411=ORIENTED_EDGE('',*,*,#1707,.T.);
#2412=ORIENTED_EDGE('',*,*,#1725,.T.);
#2413=ORIENTED_EDGE('',*,*,#1447,.F.);
#2414=ORIENTED_EDGE('',*,*,#1735,.F.);
#2415=ORIENTED_EDGE('',*,*,#1736,.F.);
#2416=ORIENTED_EDGE('',*,*,#1737,.T.);
#2417=ORIENTED_EDGE('',*,*,#1578,.F.);
#2418=ORIENTED_EDGE('',*,*,#1572,.F.);
#2419=ORIENTED_EDGE('',*,*,#1546,.F.);
#2420=ORIENTED_EDGE('',*,*,#1579,.F.);
#2421=ORIENTED_EDGE('',*,*,#1737,.F.);
#2422=ORIENTED_EDGE('',*,*,#1738,.F.);
#2423=ORIENTED_EDGE('',*,*,#1739,.T.);
#2424=ORIENTED_EDGE('',*,*,#1514,.T.);
#2425=ORIENTED_EDGE('',*,*,#1513,.T.);
#2426=ORIENTED_EDGE('',*,*,#1739,.F.);
#2427=ORIENTED_EDGE('',*,*,#1738,.T.);
#2428=ORIENTED_EDGE('',*,*,#1740,.F.);
#2429=ORIENTED_EDGE('',*,*,#1741,.F.);
#2430=ORIENTED_EDGE('',*,*,#1742,.T.);
#2431=ORIENTED_EDGE('',*,*,#1516,.T.);
#2432=ORIENTED_EDGE('',*,*,#1515,.T.);
#2433=ORIENTED_EDGE('',*,*,#1742,.F.);
#2434=ORIENTED_EDGE('',*,*,#1741,.T.);
#2435=ORIENTED_EDGE('',*,*,#1743,.F.);
#2436=ORIENTED_EDGE('',*,*,#1744,.F.);
#2437=ORIENTED_EDGE('',*,*,#1745,.T.);
#2438=ORIENTED_EDGE('',*,*,#1518,.T.);
#2439=ORIENTED_EDGE('',*,*,#1517,.T.);
#2440=ORIENTED_EDGE('',*,*,#1745,.F.);
#2441=ORIENTED_EDGE('',*,*,#1744,.T.);
#2442=ORIENTED_EDGE('',*,*,#1746,.F.);
#2443=ORIENTED_EDGE('',*,*,#1747,.F.);
#2444=ORIENTED_EDGE('',*,*,#1748,.T.);
#2445=ORIENTED_EDGE('',*,*,#1520,.T.);
#2446=ORIENTED_EDGE('',*,*,#1519,.T.);
#2447=ORIENTED_EDGE('',*,*,#1748,.F.);
#2448=ORIENTED_EDGE('',*,*,#1747,.T.);
#2449=ORIENTED_EDGE('',*,*,#1749,.F.);
#2450=ORIENTED_EDGE('',*,*,#1736,.T.);
#2451=ORIENTED_EDGE('',*,*,#1750,.F.);
#2452=ORIENTED_EDGE('',*,*,#1559,.T.);
#2453=ORIENTED_EDGE('',*,*,#1751,.F.);
#2454=ORIENTED_EDGE('',*,*,#1600,.T.);
#2455=ORIENTED_EDGE('',*,*,#1752,.F.);
#2456=ORIENTED_EDGE('',*,*,#1605,.T.);
#2457=ORIENTED_EDGE('',*,*,#1753,.F.);
#2458=ORIENTED_EDGE('',*,*,#1418,.F.);
#2459=ORIENTED_EDGE('',*,*,#1754,.T.);
#2460=ORIENTED_EDGE('',*,*,#1522,.T.);
#2461=ORIENTED_EDGE('',*,*,#1521,.T.);
#2462=ORIENTED_EDGE('',*,*,#1754,.F.);
#2463=ORIENTED_EDGE('',*,*,#1740,.T.);
#2464=ORIENTED_EDGE('',*,*,#1755,.T.);
#2465=ORIENTED_EDGE('',*,*,#1756,.F.);
#2466=ORIENTED_EDGE('',*,*,#1755,.F.);
#2467=ORIENTED_EDGE('',*,*,#1417,.F.);
#2468=ORIENTED_EDGE('',*,*,#1757,.T.);
#2469=ORIENTED_EDGE('',*,*,#1524,.T.);
#2470=ORIENTED_EDGE('',*,*,#1523,.T.);
#2471=ORIENTED_EDGE('',*,*,#1757,.F.);
#2472=ORIENTED_EDGE('',*,*,#1746,.T.);
#2473=ORIENTED_EDGE('',*,*,#1758,.T.);
#2474=ORIENTED_EDGE('',*,*,#1759,.F.);
#2475=ORIENTED_EDGE('',*,*,#1758,.F.);
#2476=ORIENTED_EDGE('',*,*,#1416,.F.);
#2477=ORIENTED_EDGE('',*,*,#1760,.T.);
#2478=ORIENTED_EDGE('',*,*,#1526,.T.);
#2479=ORIENTED_EDGE('',*,*,#1525,.T.);
#2480=ORIENTED_EDGE('',*,*,#1760,.F.);
#2481=ORIENTED_EDGE('',*,*,#1743,.T.);
#2482=ORIENTED_EDGE('',*,*,#1761,.T.);
#2483=ORIENTED_EDGE('',*,*,#1762,.F.);
#2484=ORIENTED_EDGE('',*,*,#1761,.F.);
#2485=ORIENTED_EDGE('',*,*,#1415,.F.);
#2486=ORIENTED_EDGE('',*,*,#1763,.T.);
#2487=ORIENTED_EDGE('',*,*,#1528,.T.);
#2488=ORIENTED_EDGE('',*,*,#1527,.T.);
#2489=ORIENTED_EDGE('',*,*,#1763,.F.);
#2490=ORIENTED_EDGE('',*,*,#1749,.T.);
#2491=ORIENTED_EDGE('',*,*,#1764,.T.);
#2492=ORIENTED_EDGE('',*,*,#1765,.F.);
#2493=ORIENTED_EDGE('',*,*,#1764,.F.);
#2494=ORIENTED_EDGE('',*,*,#1750,.T.);
#2495=ORIENTED_EDGE('',*,*,#1766,.T.);
#2496=ORIENTED_EDGE('',*,*,#1767,.F.);
#2497=ORIENTED_EDGE('',*,*,#1766,.F.);
#2498=ORIENTED_EDGE('',*,*,#1752,.T.);
#2499=ORIENTED_EDGE('',*,*,#1768,.T.);
#2500=ORIENTED_EDGE('',*,*,#1769,.F.);
#2501=ORIENTED_EDGE('',*,*,#1768,.F.);
#2502=ORIENTED_EDGE('',*,*,#1751,.T.);
#2503=ORIENTED_EDGE('',*,*,#1770,.T.);
#2504=ORIENTED_EDGE('',*,*,#1771,.F.);
#2505=ORIENTED_EDGE('',*,*,#1770,.F.);
#2506=ORIENTED_EDGE('',*,*,#1411,.F.);
#2507=ORIENTED_EDGE('',*,*,#1772,.T.);
#2508=ORIENTED_EDGE('',*,*,#1624,.F.);
#2509=ORIENTED_EDGE('',*,*,#1620,.F.);
#2510=ORIENTED_EDGE('',*,*,#1619,.F.);
#2511=ORIENTED_EDGE('',*,*,#1625,.F.);
#2512=ORIENTED_EDGE('',*,*,#1772,.F.);
#2513=ORIENTED_EDGE('',*,*,#1753,.T.);
#2514=ORIENTED_EDGE('',*,*,#1773,.T.);
#2515=ORIENTED_EDGE('',*,*,#1774,.F.);
#2516=ORIENTED_EDGE('',*,*,#1773,.F.);
#2517=ORIENTED_EDGE('',*,*,#1775,.F.);
#2518=ORIENTED_EDGE('',*,*,#1690,.F.);
#2519=ORIENTED_EDGE('',*,*,#1776,.F.);
#2520=ORIENTED_EDGE('',*,*,#1777,.T.);
#2521=ORIENTED_EDGE('',*,*,#1778,.T.);
#2522=ORIENTED_EDGE('',*,*,#1777,.F.);
#2523=ORIENTED_EDGE('',*,*,#1631,.F.);
#2524=ORIENTED_EDGE('',*,*,#1779,.T.);
#2525=ORIENTED_EDGE('',*,*,#1664,.F.);
#2526=ORIENTED_EDGE('',*,*,#1659,.T.);
#2527=ORIENTED_EDGE('',*,*,#1780,.F.);
#2528=ORIENTED_EDGE('',*,*,#1781,.F.);
#2529=ORIENTED_EDGE('',*,*,#1657,.T.);
#2530=ORIENTED_EDGE('',*,*,#1778,.F.);
#2531=ORIENTED_EDGE('',*,*,#1782,.T.);
#2532=ORIENTED_EDGE('',*,*,#1783,.T.);
#2533=ORIENTED_EDGE('',*,*,#1784,.F.);
#2534=ORIENTED_EDGE('',*,*,#1783,.F.);
#2535=ORIENTED_EDGE('',*,*,#1785,.T.);
#2536=ORIENTED_EDGE('',*,*,#1780,.T.);
#2537=ORIENTED_EDGE('',*,*,#1658,.F.);
#2538=ORIENTED_EDGE('',*,*,#1781,.T.);
#2539=ORIENTED_EDGE('',*,*,#1785,.F.);
#2540=ORIENTED_EDGE('',*,*,#1786,.F.);
#2541=ORIENTED_EDGE('',*,*,#1787,.T.);
#2542=ORIENTED_EDGE('',*,*,#1788,.F.);
#2543=ORIENTED_EDGE('',*,*,#1787,.F.);
#2544=ORIENTED_EDGE('',*,*,#1782,.F.);
#2545=ORIENTED_EDGE('',*,*,#1789,.T.);
#2546=ORIENTED_EDGE('',*,*,#1790,.F.);
#2547=ORIENTED_EDGE('',*,*,#1789,.F.);
#2548=ORIENTED_EDGE('',*,*,#1791,.F.);
#2549=ORIENTED_EDGE('',*,*,#1792,.T.);
#2550=ORIENTED_EDGE('',*,*,#1784,.T.);
#2551=ORIENTED_EDGE('',*,*,#1792,.F.);
#2552=ORIENTED_EDGE('',*,*,#1680,.F.);
#2553=ORIENTED_EDGE('',*,*,#1793,.T.);
#2554=ORIENTED_EDGE('',*,*,#1794,.T.);
#2555=ORIENTED_EDGE('',*,*,#1795,.F.);
#2556=ORIENTED_EDGE('',*,*,#1788,.T.);
#2557=ORIENTED_EDGE('',*,*,#1679,.F.);
#2558=ORIENTED_EDGE('',*,*,#1796,.T.);
#2559=ORIENTED_EDGE('',*,*,#1797,.T.);
#2560=ORIENTED_EDGE('',*,*,#1793,.F.);
#2561=ORIENTED_EDGE('',*,*,#1796,.F.);
#2562=ORIENTED_EDGE('',*,*,#1678,.F.);
#2563=ORIENTED_EDGE('',*,*,#1798,.T.);
#2564=ORIENTED_EDGE('',*,*,#1799,.T.);
#2565=ORIENTED_EDGE('',*,*,#1791,.T.);
#2566=ORIENTED_EDGE('',*,*,#1681,.F.);
#2567=ORIENTED_EDGE('',*,*,#1795,.T.);
#2568=ORIENTED_EDGE('',*,*,#1800,.T.);
#2569=ORIENTED_EDGE('',*,*,#1798,.F.);
#2570=ORIENTED_EDGE('',*,*,#1800,.F.);
#2571=ORIENTED_EDGE('',*,*,#1794,.F.);
#2572=ORIENTED_EDGE('',*,*,#1797,.F.);
#2573=ORIENTED_EDGE('',*,*,#1799,.F.);
#2574=ORIENTED_EDGE('',*,*,#1684,.F.);
#2575=ORIENTED_EDGE('',*,*,#1801,.T.);
#2576=ORIENTED_EDGE('',*,*,#1802,.T.);
#2577=ORIENTED_EDGE('',*,*,#1803,.F.);
#2578=ORIENTED_EDGE('',*,*,#1786,.T.);
#2579=ORIENTED_EDGE('',*,*,#1683,.F.);
#2580=ORIENTED_EDGE('',*,*,#1804,.T.);
#2581=ORIENTED_EDGE('',*,*,#1805,.T.);
#2582=ORIENTED_EDGE('',*,*,#1801,.F.);
#2583=ORIENTED_EDGE('',*,*,#1804,.F.);
#2584=ORIENTED_EDGE('',*,*,#1682,.F.);
#2585=ORIENTED_EDGE('',*,*,#1806,.T.);
#2586=ORIENTED_EDGE('',*,*,#1807,.T.);
#2587=ORIENTED_EDGE('',*,*,#1790,.T.);
#2588=ORIENTED_EDGE('',*,*,#1685,.F.);
#2589=ORIENTED_EDGE('',*,*,#1803,.T.);
#2590=ORIENTED_EDGE('',*,*,#1808,.T.);
#2591=ORIENTED_EDGE('',*,*,#1806,.F.);
#2592=ORIENTED_EDGE('',*,*,#1808,.F.);
#2593=ORIENTED_EDGE('',*,*,#1802,.F.);
#2594=ORIENTED_EDGE('',*,*,#1805,.F.);
#2595=ORIENTED_EDGE('',*,*,#1807,.F.);
#2596=ORIENTED_EDGE('',*,*,#1459,.T.);
#2597=ORIENTED_EDGE('',*,*,#1409,.T.);
#2598=ORIENTED_EDGE('',*,*,#1643,.T.);
#2599=ORIENTED_EDGE('',*,*,#1486,.T.);
#2600=ORIENTED_EDGE('',*,*,#1431,.T.);
#2601=ORIENTED_EDGE('',*,*,#1465,.T.);
#2602=ORIENTED_EDGE('',*,*,#1535,.T.);
#2603=ORIENTED_EDGE('',*,*,#1534,.T.);
#2604=ORIENTED_EDGE('',*,*,#1644,.T.);
#2605=ORIENTED_EDGE('',*,*,#1407,.T.);
#2606=ORIENTED_EDGE('',*,*,#1462,.T.);
#2607=ORIENTED_EDGE('',*,*,#1809,.T.);
#2608=ORIENTED_EDGE('',*,*,#1645,.T.);
#2609=ORIENTED_EDGE('',*,*,#1532,.T.);
#2610=ORIENTED_EDGE('',*,*,#1639,.F.);
#2611=ORIENTED_EDGE('',*,*,#1691,.T.);
#2612=ORIENTED_EDGE('',*,*,#1775,.T.);
#2613=ORIENTED_EDGE('',*,*,#1776,.T.);
#2614=ORIENTED_EDGE('',*,*,#1689,.T.);
#2615=ORIENTED_EDGE('',*,*,#1670,.F.);
#2616=ORIENTED_EDGE('',*,*,#1810,.T.);
#2617=ORIENTED_EDGE('',*,*,#1636,.F.);
#2618=ORIENTED_EDGE('',*,*,#1810,.F.);
#2619=ORIENTED_EDGE('',*,*,#1669,.F.);
#2620=ORIENTED_EDGE('',*,*,#1779,.F.);
#2621=ORIENTED_EDGE('',*,*,#1811,.F.);
#2622=ORIENTED_EDGE('',*,*,#1610,.T.);
#2623=ORIENTED_EDGE('',*,*,#1812,.F.);
#2624=ORIENTED_EDGE('',*,*,#1571,.F.);
#2625=ORIENTED_EDGE('',*,*,#1812,.T.);
#2626=ORIENTED_EDGE('',*,*,#1813,.T.);
#2627=ORIENTED_EDGE('',*,*,#1649,.F.);
#2628=ORIENTED_EDGE('',*,*,#1813,.F.);
#2629=ORIENTED_EDGE('',*,*,#1466,.F.);
#2630=ORIENTED_EDGE('',*,*,#1814,.T.);
#2631=ORIENTED_EDGE('',*,*,#1811,.T.);
#2632=ORIENTED_EDGE('',*,*,#1814,.F.);
#2633=ORIENTED_EDGE('',*,*,#1809,.F.);
#2634=ORIENTED_EDGE('',*,*,#1461,.F.);
#2635=ORIENTED_EDGE('',*,*,#1815,.F.);
#2636=ORIENTED_EDGE('',*,*,#1646,.F.);
#2637=ORIENTED_EDGE('',*,*,#1756,.T.);
#2638=ORIENTED_EDGE('',*,*,#1759,.T.);
#2639=ORIENTED_EDGE('',*,*,#1762,.T.);
#2640=ORIENTED_EDGE('',*,*,#1765,.T.);
#2641=ORIENTED_EDGE('',*,*,#1767,.T.);
#2642=ORIENTED_EDGE('',*,*,#1769,.T.);
#2643=ORIENTED_EDGE('',*,*,#1771,.T.);
#2644=ORIENTED_EDGE('',*,*,#1774,.T.);
#2645=ORIENTED_EDGE('',*,*,#1731,.T.);
#2646=ORIENTED_EDGE('',*,*,#1816,.F.);
#2647=ORIENTED_EDGE('',*,*,#1733,.T.);
#2648=ORIENTED_EDGE('',*,*,#1815,.T.);
#2649=ORIENTED_EDGE('',*,*,#1692,.T.);
#2650=ORIENTED_EDGE('',*,*,#1702,.T.);
#2651=ORIENTED_EDGE('',*,*,#1699,.T.);
#2652=ORIENTED_EDGE('',*,*,#1696,.T.);
#2653=ORIENTED_EDGE('',*,*,#1708,.T.);
#2654=ORIENTED_EDGE('',*,*,#1718,.T.);
#2655=ORIENTED_EDGE('',*,*,#1715,.T.);
#2656=ORIENTED_EDGE('',*,*,#1712,.T.);
#2657=ORIENTED_EDGE('',*,*,#1730,.T.);
#2658=ORIENTED_EDGE('',*,*,#1437,.F.);
#2659=ORIENTED_EDGE('',*,*,#1734,.T.);
#2660=ORIENTED_EDGE('',*,*,#1816,.T.);
#2661=PLANE('',#2895);
#2662=PLANE('',#2896);
#2663=PLANE('',#2897);
#2664=PLANE('',#2898);
#2665=PLANE('',#2899);
#2666=PLANE('',#2908);
#2667=PLANE('',#2909);
#2668=PLANE('',#2910);
#2669=PLANE('',#2911);
#2670=PLANE('',#2912);
#2671=PLANE('',#2917);
#2672=PLANE('',#2918);
#2673=PLANE('',#2919);
#2674=PLANE('',#2920);
#2675=PLANE('',#2921);
#2676=PLANE('',#2923);
#2677=PLANE('',#2924);
#2678=PLANE('',#2925);
#2679=PLANE('',#2952);
#2680=PLANE('',#2953);
#2681=PLANE('',#2955);
#2682=PLANE('',#2956);
#2683=PLANE('',#2957);
#2684=PLANE('',#2959);
#2685=PLANE('',#2969);
#2686=PLANE('',#2970);
#2687=PLANE('',#2971);
#2688=PLANE('',#2972);
#2689=PLANE('',#2973);
#2690=PLANE('',#2974);
#2691=PLANE('',#2976);
#2692=PLANE('',#2977);
#2693=PLANE('',#2978);
#2694=PLANE('',#2979);
#2695=PLANE('',#2980);
#2696=PLANE('',#2981);
#2697=PLANE('',#2984);
#2698=PLANE('',#2985);
#2699=PLANE('',#2986);
#2700=PLANE('',#2987);
#2701=PLANE('',#2988);
#2702=PLANE('',#2991);
#2703=PLANE('',#2993);
#2704=PLANE('',#2995);
#2705=PLANE('',#2996);
#2706=PLANE('',#2998);
#2707=PLANE('',#2999);
#2708=PLANE('',#3005);
#2709=PLANE('',#3009);
#2710=PLANE('',#3013);
#2711=PLANE('',#3017);
#2712=PLANE('',#3019);
#2713=PLANE('',#3021);
#2714=PLANE('',#3023);
#2715=PLANE('',#3025);
#2716=PLANE('',#3051);
#2717=PLANE('',#3053);
#2718=PLANE('',#3064);
#2719=PLANE('',#3065);
#2720=PLANE('',#3066);
#2721=PLANE('',#3067);
#2722=PLANE('',#3068);
#2723=PLANE('',#3069);
#2724=PLANE('',#3070);
#2725=PLANE('',#3071);
#2726=PLANE('',#3072);
#2727=PLANE('',#3073);
#2728=PLANE('',#3074);
#2729=PLANE('',#3075);
#2730=PLANE('',#3076);
#2731=PLANE('',#3079);
#2732=PLANE('',#3081);
#2733=PLANE('',#3085);
#2734=PLANE('',#3086);
#2735=PLANE('',#3087);
#2736=ADVANCED_FACE('',(#344),#2661,.T.);
#2737=ADVANCED_FACE('',(#345),#2662,.F.);
#2738=ADVANCED_FACE('',(#346),#2663,.T.);
#2739=ADVANCED_FACE('',(#347),#2664,.T.);
#2740=ADVANCED_FACE('',(#348,#223,#224,#225,#226,#227,#228,#229,#230),#2665,
 .T.);
#2741=ADVANCED_FACE('',(#349),#2666,.T.);
#2742=ADVANCED_FACE('',(#350),#2667,.T.);
#2743=ADVANCED_FACE('',(#351),#2668,.F.);
#2744=ADVANCED_FACE('',(#352),#2669,.F.);
#2745=ADVANCED_FACE('',(#353,#231,#232),#2670,.T.);
#2746=ADVANCED_FACE('',(#354),#2671,.F.);
#2747=ADVANCED_FACE('',(#355),#2672,.F.);
#2748=ADVANCED_FACE('',(#356),#2673,.T.);
#2749=ADVANCED_FACE('',(#357),#2674,.T.);
#2750=ADVANCED_FACE('',(#358,#233),#2675,.T.);
#2751=ADVANCED_FACE('',(#359),#67,.T.);
#2752=ADVANCED_FACE('',(#360),#68,.T.);
#2753=ADVANCED_FACE('',(#361),#2676,.T.);
#2754=ADVANCED_FACE('',(#362),#2677,.T.);
#2755=ADVANCED_FACE('',(#363,#234,#235,#236,#237,#238,#239,#240,#241,#242),
#63,.T.);
#2756=ADVANCED_FACE('',(#364),#69,.T.);
#2757=ADVANCED_FACE('',(#365),#2678,.T.);
#2758=ADVANCED_FACE('',(#366),#70,.F.);
#2759=ADVANCED_FACE('',(#367),#71,.F.);
#2760=ADVANCED_FACE('',(#368),#72,.F.);
#2761=ADVANCED_FACE('',(#369),#73,.F.);
#2762=ADVANCED_FACE('',(#370),#74,.F.);
#2763=ADVANCED_FACE('',(#371),#75,.F.);
#2764=ADVANCED_FACE('',(#372),#76,.F.);
#2765=ADVANCED_FACE('',(#373),#25,.F.);
#2766=ADVANCED_FACE('',(#374),#26,.F.);
#2767=ADVANCED_FACE('',(#375),#27,.F.);
#2768=ADVANCED_FACE('',(#376),#28,.F.);
#2769=ADVANCED_FACE('',(#377),#77,.F.);
#2770=ADVANCED_FACE('',(#378),#78,.F.);
#2771=ADVANCED_FACE('',(#379),#79,.F.);
#2772=ADVANCED_FACE('',(#380),#80,.F.);
#2773=ADVANCED_FACE('',(#381),#81,.F.);
#2774=ADVANCED_FACE('',(#382),#82,.F.);
#2775=ADVANCED_FACE('',(#383),#83,.F.);
#2776=ADVANCED_FACE('',(#384),#84,.F.);
#2777=ADVANCED_FACE('',(#385),#29,.F.);
#2778=ADVANCED_FACE('',(#386),#30,.F.);
#2779=ADVANCED_FACE('',(#387),#15,.F.);
#2780=ADVANCED_FACE('',(#388),#31,.F.);
#2781=ADVANCED_FACE('',(#389),#85,.F.);
#2782=ADVANCED_FACE('',(#390),#86,.F.);
#2783=ADVANCED_FACE('',(#391),#87,.F.);
#2784=ADVANCED_FACE('',(#392),#32,.F.);
#2785=ADVANCED_FACE('',(#393),#16,.F.);
#2786=ADVANCED_FACE('',(#394),#17,.T.);
#2787=ADVANCED_FACE('',(#395),#18,.F.);
#2788=ADVANCED_FACE('',(#396),#19,.T.);
#2789=ADVANCED_FACE('',(#397),#2679,.T.);
#2790=ADVANCED_FACE('',(#398,#243),#2680,.F.);
#2791=ADVANCED_FACE('',(#399),#2681,.T.);
#2792=ADVANCED_FACE('',(#400),#2682,.T.);
#2793=ADVANCED_FACE('',(#401),#2683,.T.);
#2794=ADVANCED_FACE('',(#402),#2684,.T.);
#2795=ADVANCED_FACE('',(#403),#20,.T.);
#2796=ADVANCED_FACE('',(#404),#21,.F.);
#2797=ADVANCED_FACE('',(#405),#22,.T.);
#2798=ADVANCED_FACE('',(#406),#2685,.T.);
#2799=ADVANCED_FACE('',(#407,#244,#245),#2686,.F.);
#2800=ADVANCED_FACE('',(#408),#2687,.T.);
#2801=ADVANCED_FACE('',(#409),#2688,.T.);
#2802=ADVANCED_FACE('',(#410),#2689,.T.);
#2803=ADVANCED_FACE('',(#411),#2690,.T.);
#2804=ADVANCED_FACE('',(#412),#2691,.T.);
#2805=ADVANCED_FACE('',(#413),#2692,.F.);
#2806=ADVANCED_FACE('',(#414),#2693,.F.);
#2807=ADVANCED_FACE('',(#415),#2694,.F.);
#2808=ADVANCED_FACE('',(#416),#2695,.F.);
#2809=ADVANCED_FACE('',(#417,#246),#2696,.T.);
#2810=ADVANCED_FACE('',(#418),#2697,.F.);
#2811=ADVANCED_FACE('',(#419),#2698,.F.);
#2812=ADVANCED_FACE('',(#420),#2699,.F.);
#2813=ADVANCED_FACE('',(#421),#2700,.F.);
#2814=ADVANCED_FACE('',(#422,#247),#2701,.T.);
#2815=ADVANCED_FACE('',(#423),#2702,.F.);
#2816=ADVANCED_FACE('',(#424),#33,.F.);
#2817=ADVANCED_FACE('',(#425),#2703,.F.);
#2818=ADVANCED_FACE('',(#426),#34,.F.);
#2819=ADVANCED_FACE('',(#427),#2704,.F.);
#2820=ADVANCED_FACE('',(#428),#2705,.F.);
#2821=ADVANCED_FACE('',(#429),#35,.F.);
#2822=ADVANCED_FACE('',(#430),#2706,.F.);
#2823=ADVANCED_FACE('',(#431),#2707,.F.);
#2824=ADVANCED_FACE('',(#432),#36,.F.);
#2825=ADVANCED_FACE('',(#433),#37,.F.);
#2826=ADVANCED_FACE('',(#434),#38,.F.);
#2827=ADVANCED_FACE('',(#435,#248),#2708,.F.);
#2828=ADVANCED_FACE('',(#436),#39,.F.);
#2829=ADVANCED_FACE('',(#437,#249),#2709,.F.);
#2830=ADVANCED_FACE('',(#438),#40,.F.);
#2831=ADVANCED_FACE('',(#439,#250),#2710,.F.);
#2832=ADVANCED_FACE('',(#440),#41,.F.);
#2833=ADVANCED_FACE('',(#441,#251),#2711,.F.);
#2834=ADVANCED_FACE('',(#442,#252),#2712,.F.);
#2835=ADVANCED_FACE('',(#443,#253),#2713,.F.);
#2836=ADVANCED_FACE('',(#444,#254),#2714,.F.);
#2837=ADVANCED_FACE('',(#445,#255),#2715,.F.);
#2838=ADVANCED_FACE('',(#446),#42,.F.);
#2839=ADVANCED_FACE('',(#447),#43,.F.);
#2840=ADVANCED_FACE('',(#448),#44,.F.);
#2841=ADVANCED_FACE('',(#449),#45,.F.);
#2842=ADVANCED_FACE('',(#450),#46,.F.);
#2843=ADVANCED_FACE('',(#451),#47,.F.);
#2844=ADVANCED_FACE('',(#452),#48,.F.);
#2845=ADVANCED_FACE('',(#453),#49,.F.);
#2846=ADVANCED_FACE('',(#454),#50,.F.);
#2847=ADVANCED_FACE('',(#455),#51,.F.);
#2848=ADVANCED_FACE('',(#456),#52,.F.);
#2849=ADVANCED_FACE('',(#457),#53,.F.);
#2850=ADVANCED_FACE('',(#458),#54,.F.);
#2851=ADVANCED_FACE('',(#459),#23,.T.);
#2852=ADVANCED_FACE('',(#460),#55,.T.);
#2853=ADVANCED_FACE('',(#461,#256),#2716,.T.);
#2854=ADVANCED_FACE('',(#462,#257),#2717,.T.);
#2855=ADVANCED_FACE('',(#463),#24,.T.);
#2856=ADVANCED_FACE('',(#464),#56,.F.);
#2857=ADVANCED_FACE('',(#465),#57,.F.);
#2858=ADVANCED_FACE('',(#466),#58,.F.);
#2859=ADVANCED_FACE('',(#467,#258),#2718,.F.);
#2860=ADVANCED_FACE('',(#468),#2719,.F.);
#2861=ADVANCED_FACE('',(#469,#259),#2720,.F.);
#2862=ADVANCED_FACE('',(#470),#2721,.F.);
#2863=ADVANCED_FACE('',(#471),#2722,.F.);
#2864=ADVANCED_FACE('',(#472,#260),#2723,.F.);
#2865=ADVANCED_FACE('',(#473),#2724,.F.);
#2866=ADVANCED_FACE('',(#474,#261),#2725,.F.);
#2867=ADVANCED_FACE('',(#475),#2726,.F.);
#2868=ADVANCED_FACE('',(#476),#2727,.F.);
#2869=ADVANCED_FACE('',(#477),#2728,.T.);
#2870=ADVANCED_FACE('',(#478),#2729,.T.);
#2871=ADVANCED_FACE('',(#479),#2730,.T.);
#2872=ADVANCED_FACE('',(#480),#59,.T.);
#2873=ADVANCED_FACE('',(#481),#60,.F.);
#2874=ADVANCED_FACE('',(#482,#262),#2731,.T.);
#2875=ADVANCED_FACE('',(#483,#263),#2732,.F.);
#2876=ADVANCED_FACE('',(#484),#61,.F.);
#2877=ADVANCED_FACE('',(#485),#62,.F.);
#2878=ADVANCED_FACE('',(#486,#264,#265,#266,#267,#268,#269,#270,#271),#2733,
 .T.);
#2879=ADVANCED_FACE('',(#487,#272,#273),#2734,.T.);
#2880=ADVANCED_FACE('',(#488),#2735,.T.);
#2881=CLOSED_SHELL('',(#2736,#2737,#2738,#2739,#2740,#2741,#2742,#2743,
#2744,#2745,#2746,#2747,#2748,#2749,#2750,#2751,#2752,#2753,#2754,#2755,
#2756,#2757,#2758,#2759,#2760,#2761,#2762,#2763,#2764,#2765,#2766,#2767,
#2768,#2769,#2770,#2771,#2772,#2773,#2774,#2775,#2776,#2777,#2778,#2779,
#2780,#2781,#2782,#2783,#2784,#2785,#2786,#2787,#2788,#2789,#2790,#2791,
#2792,#2793,#2794,#2795,#2796,#2797,#2798,#2799,#2800,#2801,#2802,#2803,
#2804,#2805,#2806,#2807,#2808,#2809,#2810,#2811,#2812,#2813,#2814,#2815,
#2816,#2817,#2818,#2819,#2820,#2821,#2822,#2823,#2824,#2825,#2826,#2827,
#2828,#2829,#2830,#2831,#2832,#2833,#2834,#2835,#2836,#2837,#2838,#2839,
#2840,#2841,#2842,#2843,#2844,#2845,#2846,#2847,#2848,#2849,#2850,#2851,
#2852,#2853,#2854,#2855,#2856,#2857,#2858,#2859,#2860,#2861,#2862,#2863,
#2864,#2865,#2866,#2867,#2868,#2869,#2870,#2871,#2872,#2873,#2874,#2875,
#2876,#2877,#2878,#2879,#2880));
#2882=DERIVED_UNIT_ELEMENT(#2884,1.);
#2883=DERIVED_UNIT_ELEMENT(#7767,-3.);
#2884=(
MASS_UNIT()
NAMED_UNIT(*)
SI_UNIT(.KILO.,.GRAM.)
);
#2885=DERIVED_UNIT((#2882,#2883));
#2886=MEASURE_REPRESENTATION_ITEM('density measure',
POSITIVE_RATIO_MEASURE(7850.),#2885);
#2887=PROPERTY_DEFINITION_REPRESENTATION(#2892,#2889);
#2888=PROPERTY_DEFINITION_REPRESENTATION(#2893,#2890);
#2889=REPRESENTATION('material name',(#2891),#7764);
#2890=REPRESENTATION('density',(#2886),#7764);
#2891=DESCRIPTIVE_REPRESENTATION_ITEM('Steel','Steel');
#2892=PROPERTY_DEFINITION('material property','material name',#7774);
#2893=PROPERTY_DEFINITION('material property','density of part',#7774);
#2894=AXIS2_PLACEMENT_3D('',#3690,#3088,#3089);
#2895=AXIS2_PLACEMENT_3D('',#3691,#3090,#3091);
#2896=AXIS2_PLACEMENT_3D('',#3700,#3096,#3097);
#2897=AXIS2_PLACEMENT_3D('',#3709,#3102,#3103);
#2898=AXIS2_PLACEMENT_3D('',#3712,#3106,#3107);
#2899=AXIS2_PLACEMENT_3D('',#3714,#3109,#3110);
#2900=AXIS2_PLACEMENT_3D('',#3725,#3116,#3117);
#2901=AXIS2_PLACEMENT_3D('',#3727,#3118,#3119);
#2902=AXIS2_PLACEMENT_3D('',#3729,#3120,#3121);
#2903=AXIS2_PLACEMENT_3D('',#3731,#3122,#3123);
#2904=AXIS2_PLACEMENT_3D('',#3733,#3124,#3125);
#2905=AXIS2_PLACEMENT_3D('',#3735,#3126,#3127);
#2906=AXIS2_PLACEMENT_3D('',#3737,#3128,#3129);
#2907=AXIS2_PLACEMENT_3D('',#3739,#3130,#3131);
#2908=AXIS2_PLACEMENT_3D('',#3740,#3132,#3133);
#2909=AXIS2_PLACEMENT_3D('',#3749,#3138,#3139);
#2910=AXIS2_PLACEMENT_3D('',#3755,#3143,#3144);
#2911=AXIS2_PLACEMENT_3D('',#3759,#3147,#3148);
#2912=AXIS2_PLACEMENT_3D('',#3763,#3151,#3152);
#2913=AXIS2_PLACEMENT_3D('',#3871,#3163,#3164);
#2914=AXIS2_PLACEMENT_3D('',#3874,#3166,#3167);
#2915=AXIS2_PLACEMENT_3D('',#3879,#3169,#3170);
#2916=AXIS2_PLACEMENT_3D('',#3882,#3172,#3173);
#2917=AXIS2_PLACEMENT_3D('',#3883,#3174,#3175);
#2918=AXIS2_PLACEMENT_3D('',#3892,#3180,#3181);
#2919=AXIS2_PLACEMENT_3D('',#3898,#3185,#3186);
#2920=AXIS2_PLACEMENT_3D('',#3904,#3190,#3191);
#2921=AXIS2_PLACEMENT_3D('',#3906,#3193,#3194);
#2922=AXIS2_PLACEMENT_3D('',#3919,#3202,#3203);
#2923=AXIS2_PLACEMENT_3D('',#4120,#3204,#3205);
#2924=AXIS2_PLACEMENT_3D('',#4136,#3214,#3215);
#2925=AXIS2_PLACEMENT_3D('',#4805,#3220,#3221);
#2926=AXIS2_PLACEMENT_3D('',#5628,#3226,#3227);
#2927=AXIS2_PLACEMENT_3D('',#5630,#3228,#3229);
#2928=AXIS2_PLACEMENT_3D('',#5664,#3231,#3232);
#2929=AXIS2_PLACEMENT_3D('',#5683,#3234,#3235);
#2930=AXIS2_PLACEMENT_3D('',#5702,#3237,#3238);
#2931=AXIS2_PLACEMENT_3D('',#5705,#3240,#3241);
#2932=AXIS2_PLACEMENT_3D('',#6679,#3242,#3243);
#2933=AXIS2_PLACEMENT_3D('',#6681,#3244,#3245);
#2934=AXIS2_PLACEMENT_3D('',#6703,#3247,#3248);
#2935=AXIS2_PLACEMENT_3D('',#6708,#3249,#3250);
#2936=AXIS2_PLACEMENT_3D('',#6710,#3251,#3252);
#2937=AXIS2_PLACEMENT_3D('',#6713,#3254,#3255);
#2938=AXIS2_PLACEMENT_3D('',#6734,#3256,#3257);
#2939=AXIS2_PLACEMENT_3D('',#6739,#3258,#3259);
#2940=AXIS2_PLACEMENT_3D('',#6741,#3260,#3261);
#2941=AXIS2_PLACEMENT_3D('',#7335,#3263,#3264);
#2942=AXIS2_PLACEMENT_3D('',#7337,#3266,#3267);
#2943=AXIS2_PLACEMENT_3D('',#7338,#3268,#3269);
#2944=AXIS2_PLACEMENT_3D('',#7340,#3270,#3271);
#2945=AXIS2_PLACEMENT_3D('',#7344,#3273,#3274);
#2946=AXIS2_PLACEMENT_3D('',#7353,#3275,#3276);
#2947=AXIS2_PLACEMENT_3D('',#7355,#3277,#3278);
#2948=AXIS2_PLACEMENT_3D('',#7358,#3280,#3281);
#2949=AXIS2_PLACEMENT_3D('',#7359,#3282,#3283);
#2950=AXIS2_PLACEMENT_3D('',#7361,#3284,#3285);
#2951=AXIS2_PLACEMENT_3D('',#7364,#3287,#3288);
#2952=AXIS2_PLACEMENT_3D('',#7365,#3289,#3290);
#2953=AXIS2_PLACEMENT_3D('',#7371,#3294,#3295);
#2954=AXIS2_PLACEMENT_3D('',#7381,#3302,#3303);
#2955=AXIS2_PLACEMENT_3D('',#7382,#3304,#3305);
#2956=AXIS2_PLACEMENT_3D('',#7388,#3309,#3310);
#2957=AXIS2_PLACEMENT_3D('',#7394,#3314,#3315);
#2958=AXIS2_PLACEMENT_3D('',#7399,#3318,#3319);
#2959=AXIS2_PLACEMENT_3D('',#7403,#3322,#3323);
#2960=AXIS2_PLACEMENT_3D('',#7409,#3327,#3328);
#2961=AXIS2_PLACEMENT_3D('',#7411,#3329,#3330);
#2962=AXIS2_PLACEMENT_3D('',#7414,#3332,#3333);
#2963=AXIS2_PLACEMENT_3D('',#7415,#3334,#3335);
#2964=AXIS2_PLACEMENT_3D('',#7419,#3337,#3338);
#2965=AXIS2_PLACEMENT_3D('',#7420,#3339,#3340);
#2966=AXIS2_PLACEMENT_3D('',#7421,#3341,#3342);
#2967=AXIS2_PLACEMENT_3D('',#7423,#3343,#3344);
#2968=AXIS2_PLACEMENT_3D('',#7426,#3346,#3347);
#2969=AXIS2_PLACEMENT_3D('',#7427,#3348,#3349);
#2970=AXIS2_PLACEMENT_3D('',#7435,#3354,#3355);
#2971=AXIS2_PLACEMENT_3D('',#7453,#3365,#3366);
#2972=AXIS2_PLACEMENT_3D('',#7456,#3369,#3370);
#2973=AXIS2_PLACEMENT_3D('',#7457,#3371,#3372);
#2974=AXIS2_PLACEMENT_3D('',#7459,#3374,#3375);
#2975=AXIS2_PLACEMENT_3D('',#7463,#3377,#3378);
#2976=AXIS2_PLACEMENT_3D('',#7465,#3380,#3381);
#2977=AXIS2_PLACEMENT_3D('',#7466,#3382,#3383);
#2978=AXIS2_PLACEMENT_3D('',#7475,#3388,#3389);
#2979=AXIS2_PLACEMENT_3D('',#7481,#3393,#3394);
#2980=AXIS2_PLACEMENT_3D('',#7487,#3398,#3399);
#2981=AXIS2_PLACEMENT_3D('',#7490,#3402,#3403);
#2982=AXIS2_PLACEMENT_3D('',#7495,#3405,#3406);
#2983=AXIS2_PLACEMENT_3D('',#7498,#3408,#3409);
#2984=AXIS2_PLACEMENT_3D('',#7499,#3410,#3411);
#2985=AXIS2_PLACEMENT_3D('',#7508,#3416,#3417);
#2986=AXIS2_PLACEMENT_3D('',#7514,#3421,#3422);
#2987=AXIS2_PLACEMENT_3D('',#7520,#3426,#3427);
#2988=AXIS2_PLACEMENT_3D('',#7523,#3430,#3431);
#2989=AXIS2_PLACEMENT_3D('',#7528,#3433,#3434);
#2990=AXIS2_PLACEMENT_3D('',#7531,#3436,#3437);
#2991=AXIS2_PLACEMENT_3D('',#7532,#3438,#3439);
#2992=AXIS2_PLACEMENT_3D('',#7535,#3442,#3443);
#2993=AXIS2_PLACEMENT_3D('',#7537,#3445,#3446);
#2994=AXIS2_PLACEMENT_3D('',#7540,#3449,#3450);
#2995=AXIS2_PLACEMENT_3D('',#7542,#3452,#3453);
#2996=AXIS2_PLACEMENT_3D('',#7546,#3456,#3457);
#2997=AXIS2_PLACEMENT_3D('',#7548,#3459,#3460);
#2998=AXIS2_PLACEMENT_3D('',#7549,#3461,#3462);
#2999=AXIS2_PLACEMENT_3D('',#7553,#3465,#3466);
#3000=AXIS2_PLACEMENT_3D('',#7555,#3468,#3469);
#3001=AXIS2_PLACEMENT_3D('',#7556,#3470,#3471);
#3002=AXIS2_PLACEMENT_3D('',#7558,#3472,#3473);
#3003=AXIS2_PLACEMENT_3D('',#7560,#3475,#3476);
#3004=AXIS2_PLACEMENT_3D('',#7562,#3477,#3478);
#3005=AXIS2_PLACEMENT_3D('',#7564,#3480,#3481);
#3006=AXIS2_PLACEMENT_3D('',#7566,#3482,#3483);
#3007=AXIS2_PLACEMENT_3D('',#7567,#3484,#3485);
#3008=AXIS2_PLACEMENT_3D('',#7569,#3486,#3487);
#3009=AXIS2_PLACEMENT_3D('',#7571,#3489,#3490);
#3010=AXIS2_PLACEMENT_3D('',#7573,#3491,#3492);
#3011=AXIS2_PLACEMENT_3D('',#7574,#3493,#3494);
#3012=AXIS2_PLACEMENT_3D('',#7576,#3495,#3496);
#3013=AXIS2_PLACEMENT_3D('',#7578,#3498,#3499);
#3014=AXIS2_PLACEMENT_3D('',#7580,#3500,#3501);
#3015=AXIS2_PLACEMENT_3D('',#7581,#3502,#3503);
#3016=AXIS2_PLACEMENT_3D('',#7583,#3504,#3505);
#3017=AXIS2_PLACEMENT_3D('',#7585,#3507,#3508);
#3018=AXIS2_PLACEMENT_3D('',#7587,#3509,#3510);
#3019=AXIS2_PLACEMENT_3D('',#7588,#3511,#3512);
#3020=AXIS2_PLACEMENT_3D('',#7590,#3513,#3514);
#3021=AXIS2_PLACEMENT_3D('',#7591,#3515,#3516);
#3022=AXIS2_PLACEMENT_3D('',#7593,#3517,#3518);
#3023=AXIS2_PLACEMENT_3D('',#7594,#3519,#3520);
#3024=AXIS2_PLACEMENT_3D('',#7596,#3521,#3522);
#3025=AXIS2_PLACEMENT_3D('',#7597,#3523,#3524);
#3026=AXIS2_PLACEMENT_3D('',#7599,#3525,#3526);
#3027=AXIS2_PLACEMENT_3D('',#7600,#3527,#3528);
#3028=AXIS2_PLACEMENT_3D('',#7602,#3530,#3531);
#3029=AXIS2_PLACEMENT_3D('',#7605,#3533,#3534);
#3030=AXIS2_PLACEMENT_3D('',#7606,#3535,#3536);
#3031=AXIS2_PLACEMENT_3D('',#7608,#3538,#3539);
#3032=AXIS2_PLACEMENT_3D('',#7611,#3541,#3542);
#3033=AXIS2_PLACEMENT_3D('',#7612,#3543,#3544);
#3034=AXIS2_PLACEMENT_3D('',#7614,#3546,#3547);
#3035=AXIS2_PLACEMENT_3D('',#7617,#3549,#3550);
#3036=AXIS2_PLACEMENT_3D('',#7618,#3551,#3552);
#3037=AXIS2_PLACEMENT_3D('',#7620,#3554,#3555);
#3038=AXIS2_PLACEMENT_3D('',#7623,#3557,#3558);
#3039=AXIS2_PLACEMENT_3D('',#7624,#3559,#3560);
#3040=AXIS2_PLACEMENT_3D('',#7627,#3562,#3563);
#3041=AXIS2_PLACEMENT_3D('',#7628,#3564,#3565);
#3042=AXIS2_PLACEMENT_3D('',#7631,#3567,#3568);
#3043=AXIS2_PLACEMENT_3D('',#7632,#3569,#3570);
#3044=AXIS2_PLACEMENT_3D('',#7635,#3572,#3573);
#3045=AXIS2_PLACEMENT_3D('',#7636,#3574,#3575);
#3046=AXIS2_PLACEMENT_3D('',#7638,#3577,#3578);
#3047=AXIS2_PLACEMENT_3D('',#7641,#3580,#3581);
#3048=AXIS2_PLACEMENT_3D('',#7642,#3582,#3583);
#3049=AXIS2_PLACEMENT_3D('',#7662,#3585,#3586);
#3050=AXIS2_PLACEMENT_3D('',#7663,#3587,#3588);
#3051=AXIS2_PLACEMENT_3D('',#7682,#3590,#3591);
#3052=AXIS2_PLACEMENT_3D('',#7684,#3592,#3593);
#3053=AXIS2_PLACEMENT_3D('',#7685,#3594,#3595);
#3054=AXIS2_PLACEMENT_3D('',#7687,#3596,#3597);
#3055=AXIS2_PLACEMENT_3D('',#7689,#3598,#3599);
#3056=AXIS2_PLACEMENT_3D('',#7690,#3600,#3601);
#3057=AXIS2_PLACEMENT_3D('',#7692,#3603,#3604);
#3058=AXIS2_PLACEMENT_3D('',#7694,#3605,#3606);
#3059=AXIS2_PLACEMENT_3D('',#7697,#3608,#3609);
#3060=AXIS2_PLACEMENT_3D('',#7698,#3610,#3611);
#3061=AXIS2_PLACEMENT_3D('',#7701,#3613,#3614);
#3062=AXIS2_PLACEMENT_3D('',#7702,#3615,#3616);
#3063=AXIS2_PLACEMENT_3D('',#7704,#3617,#3618);
#3064=AXIS2_PLACEMENT_3D('',#7706,#3620,#3621);
#3065=AXIS2_PLACEMENT_3D('',#7712,#3625,#3626);
#3066=AXIS2_PLACEMENT_3D('',#7716,#3629,#3630);
#3067=AXIS2_PLACEMENT_3D('',#7720,#3633,#3634);
#3068=AXIS2_PLACEMENT_3D('',#7722,#3636,#3637);
#3069=AXIS2_PLACEMENT_3D('',#7723,#3638,#3639);
#3070=AXIS2_PLACEMENT_3D('',#7729,#3643,#3644);
#3071=AXIS2_PLACEMENT_3D('',#7733,#3647,#3648);
#3072=AXIS2_PLACEMENT_3D('',#7737,#3651,#3652);
#3073=AXIS2_PLACEMENT_3D('',#7739,#3654,#3655);
#3074=AXIS2_PLACEMENT_3D('',#7740,#3656,#3657);
#3075=AXIS2_PLACEMENT_3D('',#7741,#3658,#3659);
#3076=AXIS2_PLACEMENT_3D('',#7742,#3660,#3661);
#3077=AXIS2_PLACEMENT_3D('',#7744,#3663,#3664);
#3078=AXIS2_PLACEMENT_3D('',#7746,#3666,#3667);
#3079=AXIS2_PLACEMENT_3D('',#7747,#3668,#3669);
#3080=AXIS2_PLACEMENT_3D('',#7749,#3670,#3671);
#3081=AXIS2_PLACEMENT_3D('',#7750,#3672,#3673);
#3082=AXIS2_PLACEMENT_3D('',#7752,#3674,#3675);
#3083=AXIS2_PLACEMENT_3D('',#7753,#3676,#3677);
#3084=AXIS2_PLACEMENT_3D('',#7755,#3679,#3680);
#3085=AXIS2_PLACEMENT_3D('',#7757,#3682,#3683);
#3086=AXIS2_PLACEMENT_3D('',#7759,#3685,#3686);
#3087=AXIS2_PLACEMENT_3D('',#7761,#3688,#3689);
#3088=DIRECTION('axis',(0.,0.,1.));
#3089=DIRECTION('refdir',(1.,0.,0.));
#3090=DIRECTION('center_axis',(-5.34378146472727E-24,1.,0.));
#3091=DIRECTION('ref_axis',(0.,0.,1.));
#3092=DIRECTION('',(0.,0.,-1.));
#3093=DIRECTION('',(-1.,-5.34378146472727E-24,0.));
#3094=DIRECTION('',(0.,0.,1.));
#3095=DIRECTION('',(1.,5.34378146472727E-24,0.));
#3096=DIRECTION('center_axis',(-5.34378146472727E-24,1.,0.));
#3097=DIRECTION('ref_axis',(0.,0.,1.));
#3098=DIRECTION('',(0.,0.,1.));
#3099=DIRECTION('',(1.,5.34378146472727E-24,0.));
#3100=DIRECTION('',(0.,0.,1.));
#3101=DIRECTION('',(1.,5.34378146472727E-24,0.));
#3102=DIRECTION('center_axis',(0.,0.,1.));
#3103=DIRECTION('ref_axis',(1.,0.,0.));
#3104=DIRECTION('',(0.,1.,0.));
#3105=DIRECTION('',(5.34378146472727E-24,-1.,0.));
#3106=DIRECTION('center_axis',(-1.,-5.34378146472727E-24,0.));
#3107=DIRECTION('ref_axis',(0.,0.,1.));
#3108=DIRECTION('',(5.34378146472727E-24,-1.,0.));
#3109=DIRECTION('center_axis',(-1.,0.,0.));
#3110=DIRECTION('ref_axis',(0.,-1.,0.));
#3111=DIRECTION('',(0.,-1.,0.));
#3112=DIRECTION('',(0.,0.,1.));
#3113=DIRECTION('',(0.,1.,0.));
#3114=DIRECTION('',(0.,0.,-1.));
#3115=DIRECTION('',(0.,-1.,0.));
#3116=DIRECTION('center_axis',(1.,0.,0.));
#3117=DIRECTION('ref_axis',(0.,1.,0.));
#3118=DIRECTION('center_axis',(1.,0.,0.));
#3119=DIRECTION('ref_axis',(0.,1.,0.));
#3120=DIRECTION('center_axis',(1.,0.,0.));
#3121=DIRECTION('ref_axis',(0.,1.,0.));
#3122=DIRECTION('center_axis',(1.,0.,0.));
#3123=DIRECTION('ref_axis',(0.,1.,0.));
#3124=DIRECTION('center_axis',(1.,0.,0.));
#3125=DIRECTION('ref_axis',(0.,1.,0.));
#3126=DIRECTION('center_axis',(1.,0.,0.));
#3127=DIRECTION('ref_axis',(0.,1.,0.));
#3128=DIRECTION('center_axis',(1.,0.,0.));
#3129=DIRECTION('ref_axis',(0.,1.,0.));
#3130=DIRECTION('center_axis',(1.,0.,0.));
#3131=DIRECTION('ref_axis',(0.,1.,0.));
#3132=DIRECTION('center_axis',(0.,0.,1.));
#3133=DIRECTION('ref_axis',(1.,0.,0.));
#3134=DIRECTION('',(-1.,4.65470866421098E-17,0.));
#3135=DIRECTION('',(0.,-1.,0.));
#3136=DIRECTION('',(1.,0.,0.));
#3137=DIRECTION('',(0.,-1.,0.));
#3138=DIRECTION('center_axis',(1.,0.,0.));
#3139=DIRECTION('ref_axis',(0.,0.,1.));
#3140=DIRECTION('',(0.,0.,1.));
#3141=DIRECTION('',(0.,0.,-1.));
#3142=DIRECTION('',(0.,1.,0.));
#3143=DIRECTION('center_axis',(0.,1.,0.));
#3144=DIRECTION('ref_axis',(0.,0.,1.));
#3145=DIRECTION('',(0.,0.,1.));
#3146=DIRECTION('',(1.,0.,0.));
#3147=DIRECTION('center_axis',(1.,0.,0.));
#3148=DIRECTION('ref_axis',(0.,0.,1.));
#3149=DIRECTION('',(0.,0.,-1.));
#3150=DIRECTION('',(0.,-1.,0.));
#3151=DIRECTION('center_axis',(-4.65470866421098E-17,-1.,0.));
#3152=DIRECTION('ref_axis',(1.,-4.65470866421098E-17,0.));
#3153=DIRECTION('',(1.,-4.65470866421098E-17,0.));
#3154=DIRECTION('',(0.,0.,1.));
#3155=DIRECTION('',(-1.,4.65470866421098E-17,0.));
#3156=DIRECTION('',(0.,0.,1.));
#3157=DIRECTION('',(1.,-4.65470866421098E-17,0.));
#3158=DIRECTION('',(0.892978943411137,-4.15655682485378E-17,0.450098441037435));
#3159=DIRECTION('',(0.,0.,1.));
#3160=DIRECTION('',(-0.892978943411137,4.15655682485378E-17,0.450098441037435));
#3161=DIRECTION('',(1.,-4.65470866421098E-17,0.));
#3162=DIRECTION('',(-1.,4.65470866421098E-17,0.));
#3163=DIRECTION('center_axis',(4.65470866421098E-17,1.,0.));
#3164=DIRECTION('ref_axis',(0.,0.,-1.));
#3165=DIRECTION('',(1.,-4.65470866421098E-17,0.));
#3166=DIRECTION('center_axis',(4.65470866421098E-17,1.,0.));
#3167=DIRECTION('ref_axis',(0.,0.,1.));
#3168=DIRECTION('',(-1.,4.65470866421098E-17,0.));
#3169=DIRECTION('center_axis',(4.65470866421098E-17,1.,0.));
#3170=DIRECTION('ref_axis',(0.,0.,-1.));
#3171=DIRECTION('',(1.,-4.65470866421098E-17,0.));
#3172=DIRECTION('center_axis',(4.65470866421098E-17,1.,0.));
#3173=DIRECTION('ref_axis',(0.,0.,1.));
#3174=DIRECTION('center_axis',(0.,-1.,0.));
#3175=DIRECTION('ref_axis',(0.,0.,-1.));
#3176=DIRECTION('',(0.,0.,1.));
#3177=DIRECTION('',(-1.,0.,0.));
#3178=DIRECTION('',(0.,0.,-1.));
#3179=DIRECTION('',(-1.,0.,0.));
#3180=DIRECTION('center_axis',(-1.,0.,0.));
#3181=DIRECTION('ref_axis',(0.,0.,1.));
#3182=DIRECTION('',(0.,0.,-1.));
#3183=DIRECTION('',(0.,1.,0.));
#3184=DIRECTION('',(0.,1.,0.));
#3185=DIRECTION('center_axis',(-1.,0.,0.));
#3186=DIRECTION('ref_axis',(0.,0.,1.));
#3187=DIRECTION('',(0.,0.,1.));
#3188=DIRECTION('',(0.,1.,0.));
#3189=DIRECTION('',(0.,-1.,0.));
#3190=DIRECTION('center_axis',(0.,0.,1.));
#3191=DIRECTION('ref_axis',(1.,0.,0.));
#3192=DIRECTION('',(1.,-5.76907275208259E-16,0.));
#3193=DIRECTION('center_axis',(0.,0.,1.));
#3194=DIRECTION('ref_axis',(1.,0.,0.));
#3195=DIRECTION('',(-0.707106781186548,0.707106781186548,0.));
#3196=DIRECTION('',(0.,1.,0.));
#3197=DIRECTION('',(2.01858731750029E-16,1.,0.));
#3198=DIRECTION('',(0.707106781186547,-0.707106781186548,0.));
#3199=DIRECTION('',(-1.,5.76907275208259E-16,0.));
#3200=DIRECTION('',(-1.,5.76907275208259E-16,0.));
#3201=DIRECTION('',(0.707106781186548,0.707106781186547,0.));
#3202=DIRECTION('center_axis',(2.46519032881565E-32,0.,-1.));
#3203=DIRECTION('ref_axis',(1.,0.,0.));
#3204=DIRECTION('center_axis',(0.,-0.707106781186548,0.707106781186548));
#3205=DIRECTION('ref_axis',(1.,0.,0.));
#3206=DIRECTION('',(-1.,4.65470866421098E-17,0.));
#3207=DIRECTION('',(0.577350269189626,-0.577350269189626,-0.577350269189626));
#3208=DIRECTION('',(1.54459336809553E-16,-0.707106781186548,-0.707106781186548));
#3209=DIRECTION('',(0.577350269189626,-0.577350269189626,-0.577350269189626));
#3210=DIRECTION('',(1.,0.,0.));
#3211=DIRECTION('',(0.577350269189625,0.577350269189626,0.577350269189626));
#3212=DIRECTION('',(-1.54459336809553E-16,0.707106781186548,0.707106781186548));
#3213=DIRECTION('',(0.577350269189626,0.577350269189626,0.577350269189626));
#3214=DIRECTION('center_axis',(-4.65470866421098E-17,-1.,0.));
#3215=DIRECTION('ref_axis',(1.,-4.65470866421098E-17,0.));
#3216=DIRECTION('',(0.,0.,1.));
#3217=DIRECTION('',(1.,-4.65470866421098E-17,0.));
#3218=DIRECTION('',(0.,0.,1.));
#3219=DIRECTION('',(-2.7002372927895E-15,-0.707106781186551,0.707106781186544));
#3220=DIRECTION('center_axis',(5.76907275208259E-16,1.,0.));
#3221=DIRECTION('ref_axis',(-1.,5.76907275208259E-16,0.));
#3222=DIRECTION('',(0.,0.,1.));
#3223=DIRECTION('',(1.,-5.76907275208259E-16,0.));
#3224=DIRECTION('',(0.,0.,-1.));
#3225=DIRECTION('',(0.,0.,-1.));
#3226=DIRECTION('center_axis',(-1.,0.,0.));
#3227=DIRECTION('ref_axis',(0.,1.,0.));
#3228=DIRECTION('center_axis',(-1.,2.01858731750029E-16,0.));
#3229=DIRECTION('ref_axis',(0.,1.,0.));
#3230=DIRECTION('',(-1.,0.,0.));
#3231=DIRECTION('center_axis',(1.,0.,0.));
#3232=DIRECTION('ref_axis',(0.,1.,0.));
#3233=DIRECTION('',(1.,0.,0.));
#3234=DIRECTION('center_axis',(1.,0.,0.));
#3235=DIRECTION('ref_axis',(0.,1.,0.));
#3236=DIRECTION('',(1.,0.,0.));
#3237=DIRECTION('center_axis',(0.,0.,1.));
#3238=DIRECTION('ref_axis',(1.,0.,0.));
#3239=DIRECTION('',(0.,0.,-1.));
#3240=DIRECTION('center_axis',(0.,0.,-1.));
#3241=DIRECTION('ref_axis',(1.,0.,0.));
#3242=DIRECTION('center_axis',(-1.,0.,0.));
#3243=DIRECTION('ref_axis',(0.,1.,0.));
#3244=DIRECTION('center_axis',(-1.,2.01858731750029E-16,0.));
#3245=DIRECTION('ref_axis',(0.,1.,0.));
#3246=DIRECTION('',(-1.,0.,0.));
#3247=DIRECTION('center_axis',(1.,-2.01858731750029E-16,0.));
#3248=DIRECTION('ref_axis',(0.,1.,0.));
#3249=DIRECTION('center_axis',(-1.,0.,0.));
#3250=DIRECTION('ref_axis',(0.,1.,0.));
#3251=DIRECTION('center_axis',(-1.,2.01858731750029E-16,0.));
#3252=DIRECTION('ref_axis',(0.,1.,0.));
#3253=DIRECTION('',(-1.,0.,0.));
#3254=DIRECTION('center_axis',(1.,-2.01858731750029E-16,0.));
#3255=DIRECTION('ref_axis',(0.,-1.,0.));
#3256=DIRECTION('center_axis',(1.,0.,0.));
#3257=DIRECTION('ref_axis',(-8.36975229207436E-17,-1.,0.));
#3258=DIRECTION('center_axis',(0.,0.,1.));
#3259=DIRECTION('ref_axis',(1.,0.,0.));
#3260=DIRECTION('center_axis',(0.,0.,-1.));
#3261=DIRECTION('ref_axis',(1.,0.,0.));
#3262=DIRECTION('',(0.,0.,-1.));
#3263=DIRECTION('center_axis',(1.,0.,0.));
#3264=DIRECTION('ref_axis',(0.,1.,0.));
#3265=DIRECTION('',(1.,0.,0.));
#3266=DIRECTION('center_axis',(1.,0.,0.));
#3267=DIRECTION('ref_axis',(8.36975229207436E-17,1.,0.));
#3268=DIRECTION('center_axis',(0.,0.,1.));
#3269=DIRECTION('ref_axis',(-0.65811367723416,0.752918579819446,0.));
#3270=DIRECTION('center_axis',(0.,0.,-1.));
#3271=DIRECTION('ref_axis',(-0.65811367723416,0.752918579819446,0.));
#3272=DIRECTION('',(-0.0945916368177024,-0.700751326965671,-0.707106781186547));
#3273=DIRECTION('center_axis',(0.,0.,1.));
#3274=DIRECTION('ref_axis',(-0.658113677234161,0.752918579819446,0.));
#3275=DIRECTION('center_axis',(0.,0.,-1.));
#3276=DIRECTION('ref_axis',(-0.355572828447083,-0.934648577632332,0.));
#3277=DIRECTION('center_axis',(0.,0.,1.));
#3278=DIRECTION('ref_axis',(-0.355572828447083,-0.934648577632332,0.));
#3279=DIRECTION('',(0.0945916368177018,-0.700751326965671,-0.707106781186547));
#3280=DIRECTION('center_axis',(0.,0.,-1.));
#3281=DIRECTION('ref_axis',(-0.355572828447083,-0.934648577632332,0.));
#3282=DIRECTION('center_axis',(0.,0.,1.));
#3283=DIRECTION('ref_axis',(0.65811367723416,0.752918579819446,0.));
#3284=DIRECTION('center_axis',(0.,0.,-1.));
#3285=DIRECTION('ref_axis',(0.65811367723416,0.752918579819446,0.));
#3286=DIRECTION('',(-0.707106781186547,-4.47657764033751E-16,-0.707106781186547));
#3287=DIRECTION('center_axis',(0.,0.,1.));
#3288=DIRECTION('ref_axis',(0.658113677234161,0.752918579819446,0.));
#3289=DIRECTION('center_axis',(0.707106781186548,1.54459336809553E-16,-0.707106781186547));
#3290=DIRECTION('ref_axis',(-0.707106781186547,0.,-0.707106781186548));
#3291=DIRECTION('',(-0.577350269189626,-0.577350269189626,-0.577350269189626));
#3292=DIRECTION('',(-2.18438488951224E-16,1.,0.));
#3293=DIRECTION('',(2.18438488951224E-16,-1.,0.));
#3294=DIRECTION('center_axis',(0.,0.,1.));
#3295=DIRECTION('ref_axis',(1.,0.,0.));
#3296=DIRECTION('',(0.707106781186548,-0.707106781186548,0.));
#3297=DIRECTION('',(-0.707106781186548,-0.707106781186547,0.));
#3298=DIRECTION('',(-0.707106781186547,0.707106781186548,0.));
#3299=DIRECTION('',(-2.01858731750029E-16,-1.,0.));
#3300=DIRECTION('',(0.,-1.,0.));
#3301=DIRECTION('',(0.707106781186548,0.707106781186547,0.));
#3302=DIRECTION('center_axis',(-2.46519032881565E-32,0.,1.));
#3303=DIRECTION('ref_axis',(1.,0.,0.));
#3304=DIRECTION('center_axis',(0.,-1.,0.));
#3305=DIRECTION('ref_axis',(1.,0.,0.));
#3306=DIRECTION('',(0.,0.,1.));
#3307=DIRECTION('',(-1.,0.,0.));
#3308=DIRECTION('',(0.,0.,-1.));
#3309=DIRECTION('center_axis',(-0.707106781186548,-0.707106781186547,0.));
#3310=DIRECTION('ref_axis',(0.,0.,1.));
#3311=DIRECTION('',(0.,0.,-1.));
#3312=DIRECTION('',(-0.577350269189626,0.577350269189626,0.577350269189625));
#3313=DIRECTION('',(0.577350269189625,-0.577350269189626,0.577350269189626));
#3314=DIRECTION('center_axis',(-1.,-2.18438488951224E-16,0.));
#3315=DIRECTION('ref_axis',(2.18438488951224E-16,-1.,-1.39423054349626E-16));
#3316=DIRECTION('',(0.,0.,1.));
#3317=DIRECTION('',(0.,0.,1.));
#3318=DIRECTION('center_axis',(1.,2.18438488951224E-16,0.));
#3319=DIRECTION('ref_axis',(0.,-1.,2.30200400968121E-15));
#3320=DIRECTION('',(0.,0.,1.));
#3321=DIRECTION('',(-2.18438488951224E-16,1.,4.28486342810069E-17));
#3322=DIRECTION('center_axis',(-0.707106781186547,-1.24160776944871E-16,
-0.707106781186548));
#3323=DIRECTION('ref_axis',(-0.707106781186548,0.,0.707106781186547));
#3324=DIRECTION('',(0.707106781186548,0.,-0.707106781186547));
#3325=DIRECTION('',(2.18438488951224E-16,-1.,-4.28486342810069E-17));
#3326=DIRECTION('',(-0.577350269189626,-0.577350269189626,0.577350269189626));
#3327=DIRECTION('center_axis',(0.,0.,1.));
#3328=DIRECTION('ref_axis',(-0.658113677234161,0.752918579819446,1.24769097354469E-17));
#3329=DIRECTION('center_axis',(0.,4.28486342810069E-17,-1.));
#3330=DIRECTION('ref_axis',(-0.658113677234161,0.752918579819446,0.));
#3331=DIRECTION('',(-0.0945916368177015,-0.700751326965669,-0.707106781186549));
#3332=DIRECTION('center_axis',(0.,-4.28486342810069E-17,1.));
#3333=DIRECTION('ref_axis',(-0.65811367723416,0.752918579819446,3.22615328700585E-17));
#3334=DIRECTION('center_axis',(0.,4.28486342810069E-17,-1.));
#3335=DIRECTION('ref_axis',(-0.355572828447083,-0.934648577632332,-2.07224411346626E-17));
#3336=DIRECTION('',(0.0945916368177028,-0.700751326965671,-0.707106781186547));
#3337=DIRECTION('center_axis',(0.,4.28486342810069E-17,-1.));
#3338=DIRECTION('ref_axis',(-0.355572828447083,-0.934648577632332,-4.00484150842311E-17));
#3339=DIRECTION('center_axis',(0.,-4.28486342810069E-17,1.));
#3340=DIRECTION('ref_axis',(-0.355572828447083,-0.934648577632332,0.));
#3341=DIRECTION('center_axis',(0.,0.,1.));
#3342=DIRECTION('ref_axis',(0.658113677234161,0.752918579819446,1.24769097354469E-17));
#3343=DIRECTION('center_axis',(0.,4.28486342810069E-17,-1.));
#3344=DIRECTION('ref_axis',(0.658113677234161,0.752918579819446,0.));
#3345=DIRECTION('',(-0.707106781186547,0.,-0.707106781186547));
#3346=DIRECTION('center_axis',(0.,-4.28486342810069E-17,1.));
#3347=DIRECTION('ref_axis',(0.65811367723416,0.752918579819446,3.22615328700585E-17));
#3348=DIRECTION('center_axis',(0.707106781186548,1.84757896674235E-16,-0.707106781186548));
#3349=DIRECTION('ref_axis',(-0.707106781186548,0.,-0.707106781186548));
#3350=DIRECTION('',(-0.577350269189626,0.577350269189626,-0.577350269189626));
#3351=DIRECTION('',(-2.18438488951224E-16,1.,4.28486342810069E-17));
#3352=DIRECTION('',(2.18438488951224E-16,-1.,-4.28486342810069E-17));
#3353=DIRECTION('',(-0.577350269189625,-0.577350269189627,-0.577350269189625));
#3354=DIRECTION('center_axis',(0.,-4.28486342810069E-17,1.));
#3355=DIRECTION('ref_axis',(1.,0.,0.));
#3356=DIRECTION('',(1.,0.,0.));
#3357=DIRECTION('',(-3.03205736380388E-14,-1.,-4.28486342810069E-17));
#3358=DIRECTION('',(1.,-1.26882631385732E-14,-5.43674746885905E-31));
#3359=DIRECTION('',(3.01674394277456E-14,1.,4.28486342810069E-17));
#3360=DIRECTION('',(-1.,1.26882631385732E-14,5.43674746885905E-31));
#3361=DIRECTION('',(-1.225073682345E-15,1.,4.28486342810069E-17));
#3362=DIRECTION('',(-1.,-2.53765262771464E-15,-1.08734949377181E-31));
#3363=DIRECTION('',(6.125368411725E-16,-1.,-4.28486342810069E-17));
#3364=DIRECTION('',(1.,3.80647894157196E-15,1.63102424065771E-31));
#3365=DIRECTION('center_axis',(0.707106781186549,-0.707106781186546,0.));
#3366=DIRECTION('ref_axis',(0.,0.,-1.));
#3367=DIRECTION('',(0.577350269189625,0.577350269189626,-0.577350269189626));
#3368=DIRECTION('',(0.,0.,1.));
#3369=DIRECTION('center_axis',(0.,-0.707106781186548,-0.707106781186548));
#3370=DIRECTION('ref_axis',(-1.,0.,0.));
#3371=DIRECTION('center_axis',(0.707106781186547,-0.707106781186548,0.));
#3372=DIRECTION('ref_axis',(0.,0.,-1.));
#3373=DIRECTION('',(0.,0.,-1.));
#3374=DIRECTION('center_axis',(1.,2.18438488951224E-16,0.));
#3375=DIRECTION('ref_axis',(-2.18438488951224E-16,1.,4.28486342810069E-17));
#3376=DIRECTION('',(0.,0.,-1.));
#3377=DIRECTION('center_axis',(-1.,-2.18438488951224E-16,0.));
#3378=DIRECTION('ref_axis',(0.,-1.,-5.12337337805998E-15));
#3379=DIRECTION('',(0.,0.,-1.));
#3380=DIRECTION('center_axis',(-0.707106781186547,-0.707106781186548,0.));
#3381=DIRECTION('ref_axis',(0.,0.,1.));
#3382=DIRECTION('center_axis',(0.,0.,1.));
#3383=DIRECTION('ref_axis',(-1.,0.,0.));
#3384=DIRECTION('',(-1.,0.,0.));
#3385=DIRECTION('',(0.,-1.,0.));
#3386=DIRECTION('',(-1.,0.,0.));
#3387=DIRECTION('',(0.,-1.,0.));
#3388=DIRECTION('center_axis',(1.,0.,0.));
#3389=DIRECTION('ref_axis',(0.,0.,1.));
#3390=DIRECTION('',(0.,0.,1.));
#3391=DIRECTION('',(0.,-1.,0.));
#3392=DIRECTION('',(0.,0.,1.));
#3393=DIRECTION('center_axis',(4.67462326157961E-16,0.,-1.));
#3394=DIRECTION('ref_axis',(1.,0.,4.67462326157961E-16));
#3395=DIRECTION('',(1.,0.,4.67462326157961E-16));
#3396=DIRECTION('',(0.,-1.,0.));
#3397=DIRECTION('',(1.,0.,4.67462326157961E-16));
#3398=DIRECTION('center_axis',(-1.,0.,0.));
#3399=DIRECTION('ref_axis',(0.,0.,-1.));
#3400=DIRECTION('',(0.,0.,-1.));
#3401=DIRECTION('',(0.,0.,-1.));
#3402=DIRECTION('center_axis',(0.,1.,0.));
#3403=DIRECTION('ref_axis',(0.,0.,1.));
#3404=DIRECTION('',(1.,0.,0.));
#3405=DIRECTION('center_axis',(0.,1.,0.));
#3406=DIRECTION('ref_axis',(0.,0.,-1.));
#3407=DIRECTION('',(-1.,0.,0.));
#3408=DIRECTION('center_axis',(0.,1.,0.));
#3409=DIRECTION('ref_axis',(0.,0.,1.));
#3410=DIRECTION('center_axis',(0.,0.,-1.));
#3411=DIRECTION('ref_axis',(1.,0.,0.));
#3412=DIRECTION('',(1.,0.,0.));
#3413=DIRECTION('',(0.,-1.,0.));
#3414=DIRECTION('',(1.,0.,0.));
#3415=DIRECTION('',(0.,-1.,0.));
#3416=DIRECTION('center_axis',(-1.,0.,0.));
#3417=DIRECTION('ref_axis',(0.,0.,-1.));
#3418=DIRECTION('',(0.,0.,-1.));
#3419=DIRECTION('',(0.,-1.,0.));
#3420=DIRECTION('',(0.,0.,-1.));
#3421=DIRECTION('center_axis',(4.67462326157961E-16,0.,1.));
#3422=DIRECTION('ref_axis',(-1.,0.,4.67462326157961E-16));
#3423=DIRECTION('',(-1.,0.,4.67462326157961E-16));
#3424=DIRECTION('',(0.,-1.,0.));
#3425=DIRECTION('',(-1.,0.,4.67462326157961E-16));
#3426=DIRECTION('center_axis',(1.,0.,1.11022302462516E-15));
#3427=DIRECTION('ref_axis',(-1.11022302462516E-15,0.,1.));
#3428=DIRECTION('',(-1.11022302462516E-15,0.,1.));
#3429=DIRECTION('',(-1.11022302462516E-15,0.,1.));
#3430=DIRECTION('center_axis',(0.,1.,0.));
#3431=DIRECTION('ref_axis',(0.,0.,1.));
#3432=DIRECTION('',(1.,0.,0.));
#3433=DIRECTION('center_axis',(0.,1.,0.));
#3434=DIRECTION('ref_axis',(0.,0.,-1.));
#3435=DIRECTION('',(-1.,0.,0.));
#3436=DIRECTION('center_axis',(0.,1.,0.));
#3437=DIRECTION('ref_axis',(0.,0.,1.));
#3438=DIRECTION('center_axis',(0.,0.,-1.));
#3439=DIRECTION('ref_axis',(1.,0.,0.));
#3440=DIRECTION('',(0.,-1.,0.));
#3441=DIRECTION('',(0.,-1.,0.));
#3442=DIRECTION('center_axis',(0.,-1.,0.));
#3443=DIRECTION('ref_axis',(0.,0.,-1.));
#3444=DIRECTION('',(0.,-1.,0.));
#3445=DIRECTION('center_axis',(0.,0.,-1.));
#3446=DIRECTION('ref_axis',(1.,0.,0.));
#3447=DIRECTION('',(0.,-1.,0.));
#3448=DIRECTION('',(0.,-1.,0.));
#3449=DIRECTION('center_axis',(0.,-1.,0.));
#3450=DIRECTION('ref_axis',(0.,0.,-1.));
#3451=DIRECTION('',(0.,-1.,0.));
#3452=DIRECTION('center_axis',(-0.450098441037435,0.,-0.892978943411137));
#3453=DIRECTION('ref_axis',(0.892978943411137,0.,-0.450098441037435));
#3454=DIRECTION('',(0.,-1.,0.));
#3455=DIRECTION('',(0.892978943411137,0.,-0.450098441037435));
#3456=DIRECTION('center_axis',(0.,0.,1.));
#3457=DIRECTION('ref_axis',(-1.,0.,0.));
#3458=DIRECTION('',(0.,-1.,0.));
#3459=DIRECTION('center_axis',(0.,-1.,0.));
#3460=DIRECTION('ref_axis',(0.,0.,1.));
#3461=DIRECTION('center_axis',(-0.450098441037435,0.,0.892978943411137));
#3462=DIRECTION('ref_axis',(-0.892978943411137,0.,-0.450098441037435));
#3463=DIRECTION('',(-0.892978943411137,0.,-0.450098441037435));
#3464=DIRECTION('',(0.,1.,0.));
#3465=DIRECTION('center_axis',(0.,0.,1.));
#3466=DIRECTION('ref_axis',(-1.,0.,0.));
#3467=DIRECTION('',(0.,-1.,0.));
#3468=DIRECTION('center_axis',(0.,-1.,0.));
#3469=DIRECTION('ref_axis',(0.,0.,1.));
#3470=DIRECTION('center_axis',(-1.,0.,0.));
#3471=DIRECTION('ref_axis',(0.,1.,0.));
#3472=DIRECTION('center_axis',(-1.,2.01858731750029E-16,0.));
#3473=DIRECTION('ref_axis',(0.,1.,0.));
#3474=DIRECTION('',(-1.,0.,0.));
#3475=DIRECTION('center_axis',(-1.,0.,0.));
#3476=DIRECTION('ref_axis',(0.,1.,0.));
#3477=DIRECTION('center_axis',(-1.,2.01858731750029E-16,0.));
#3478=DIRECTION('ref_axis',(0.,1.,0.));
#3479=DIRECTION('',(-1.,0.,0.));
#3480=DIRECTION('center_axis',(1.,-2.01858731750029E-16,0.));
#3481=DIRECTION('ref_axis',(0.,0.,-1.));
#3482=DIRECTION('center_axis',(-1.,2.01858731750029E-16,0.));
#3483=DIRECTION('ref_axis',(0.,1.,0.));
#3484=DIRECTION('center_axis',(-1.,0.,0.));
#3485=DIRECTION('ref_axis',(0.,1.,0.));
#3486=DIRECTION('center_axis',(-1.,2.01858731750029E-16,0.));
#3487=DIRECTION('ref_axis',(0.,1.,0.));
#3488=DIRECTION('',(-1.,0.,0.));
#3489=DIRECTION('center_axis',(1.,-2.01858731750029E-16,0.));
#3490=DIRECTION('ref_axis',(0.,0.,-1.));
#3491=DIRECTION('center_axis',(-1.,2.01858731750029E-16,0.));
#3492=DIRECTION('ref_axis',(0.,1.,0.));
#3493=DIRECTION('center_axis',(-1.,0.,0.));
#3494=DIRECTION('ref_axis',(0.,1.,0.));
#3495=DIRECTION('center_axis',(-1.,2.01858731750029E-16,0.));
#3496=DIRECTION('ref_axis',(0.,1.,0.));
#3497=DIRECTION('',(-1.,0.,0.));
#3498=DIRECTION('center_axis',(1.,-2.01858731750029E-16,0.));
#3499=DIRECTION('ref_axis',(0.,0.,-1.));
#3500=DIRECTION('center_axis',(-1.,2.01858731750029E-16,0.));
#3501=DIRECTION('ref_axis',(0.,1.,0.));
#3502=DIRECTION('center_axis',(-1.,0.,0.));
#3503=DIRECTION('ref_axis',(0.,1.,0.));
#3504=DIRECTION('center_axis',(-1.,2.01858731750029E-16,0.));
#3505=DIRECTION('ref_axis',(0.,1.,0.));
#3506=DIRECTION('',(-1.,0.,0.));
#3507=DIRECTION('center_axis',(1.,-2.01858731750029E-16,0.));
#3508=DIRECTION('ref_axis',(0.,0.,-1.));
#3509=DIRECTION('center_axis',(-1.,2.01858731750029E-16,0.));
#3510=DIRECTION('ref_axis',(0.,1.,0.));
#3511=DIRECTION('center_axis',(1.,-2.01858731750029E-16,0.));
#3512=DIRECTION('ref_axis',(0.,0.,-1.));
#3513=DIRECTION('center_axis',(-1.,2.01858731750029E-16,0.));
#3514=DIRECTION('ref_axis',(0.,1.,0.));
#3515=DIRECTION('center_axis',(1.,-2.01858731750029E-16,0.));
#3516=DIRECTION('ref_axis',(0.,0.,-1.));
#3517=DIRECTION('center_axis',(-1.,2.01858731750029E-16,0.));
#3518=DIRECTION('ref_axis',(0.,1.,0.));
#3519=DIRECTION('center_axis',(1.,-2.01858731750029E-16,0.));
#3520=DIRECTION('ref_axis',(0.,0.,-1.));
#3521=DIRECTION('center_axis',(-1.,2.01858731750029E-16,0.));
#3522=DIRECTION('ref_axis',(0.,1.,0.));
#3523=DIRECTION('center_axis',(1.,-2.01858731750029E-16,0.));
#3524=DIRECTION('ref_axis',(0.,0.,-1.));
#3525=DIRECTION('center_axis',(-1.,2.01858731750029E-16,0.));
#3526=DIRECTION('ref_axis',(0.,1.,0.));
#3527=DIRECTION('center_axis',(1.,0.,0.));
#3528=DIRECTION('ref_axis',(0.,1.,0.));
#3529=DIRECTION('',(1.,0.,0.));
#3530=DIRECTION('center_axis',(1.,0.,0.));
#3531=DIRECTION('ref_axis',(0.,1.,0.));
#3532=DIRECTION('',(1.,0.,0.));
#3533=DIRECTION('center_axis',(-1.,2.01858731750029E-16,0.));
#3534=DIRECTION('ref_axis',(0.,1.,0.));
#3535=DIRECTION('center_axis',(1.,0.,0.));
#3536=DIRECTION('ref_axis',(0.,1.,0.));
#3537=DIRECTION('',(1.,0.,0.));
#3538=DIRECTION('center_axis',(1.,0.,0.));
#3539=DIRECTION('ref_axis',(0.,1.,0.));
#3540=DIRECTION('',(1.,0.,0.));
#3541=DIRECTION('center_axis',(-1.,2.01858731750029E-16,0.));
#3542=DIRECTION('ref_axis',(0.,1.,0.));
#3543=DIRECTION('center_axis',(1.,0.,0.));
#3544=DIRECTION('ref_axis',(0.,1.,0.));
#3545=DIRECTION('',(1.,0.,0.));
#3546=DIRECTION('center_axis',(1.,0.,0.));
#3547=DIRECTION('ref_axis',(0.,1.,0.));
#3548=DIRECTION('',(1.,0.,0.));
#3549=DIRECTION('center_axis',(-1.,2.01858731750029E-16,0.));
#3550=DIRECTION('ref_axis',(0.,1.,0.));
#3551=DIRECTION('center_axis',(1.,0.,0.));
#3552=DIRECTION('ref_axis',(0.,1.,0.));
#3553=DIRECTION('',(1.,0.,0.));
#3554=DIRECTION('center_axis',(1.,0.,0.));
#3555=DIRECTION('ref_axis',(0.,1.,0.));
#3556=DIRECTION('',(1.,0.,0.));
#3557=DIRECTION('center_axis',(-1.,2.01858731750029E-16,0.));
#3558=DIRECTION('ref_axis',(0.,1.,0.));
#3559=DIRECTION('center_axis',(1.,0.,0.));
#3560=DIRECTION('ref_axis',(0.,1.,0.));
#3561=DIRECTION('',(1.,0.,0.));
#3562=DIRECTION('center_axis',(-1.,2.01858731750029E-16,0.));
#3563=DIRECTION('ref_axis',(0.,1.,0.));
#3564=DIRECTION('center_axis',(1.,0.,0.));
#3565=DIRECTION('ref_axis',(0.,1.,0.));
#3566=DIRECTION('',(1.,0.,0.));
#3567=DIRECTION('center_axis',(-1.,2.01858731750029E-16,0.));
#3568=DIRECTION('ref_axis',(0.,1.,0.));
#3569=DIRECTION('center_axis',(1.,0.,0.));
#3570=DIRECTION('ref_axis',(0.,1.,0.));
#3571=DIRECTION('',(1.,0.,0.));
#3572=DIRECTION('center_axis',(-1.,2.01858731750029E-16,0.));
#3573=DIRECTION('ref_axis',(0.,1.,0.));
#3574=DIRECTION('center_axis',(1.,0.,0.));
#3575=DIRECTION('ref_axis',(0.,1.,0.));
#3576=DIRECTION('',(1.,0.,0.));
#3577=DIRECTION('center_axis',(1.,0.,0.));
#3578=DIRECTION('ref_axis',(0.,1.,0.));
#3579=DIRECTION('',(1.,0.,0.));
#3580=DIRECTION('center_axis',(-1.,2.01858731750029E-16,0.));
#3581=DIRECTION('ref_axis',(0.,1.,0.));
#3582=DIRECTION('center_axis',(-1.,5.43674746885908E-32,-1.26882631385732E-15));
#3583=DIRECTION('ref_axis',(0.,-1.,-5.12337337805998E-15));
#3584=DIRECTION('',(0.707106781186548,-0.707106781186547,-2.63898076187684E-15));
#3585=DIRECTION('center_axis',(-1.,5.43674746885908E-32,-1.26882631385732E-15));
#3586=DIRECTION('ref_axis',(-1.26882631385732E-15,0.,1.));
#3587=DIRECTION('center_axis',(0.,0.,-1.));
#3588=DIRECTION('ref_axis',(-0.658113677234161,0.752918579819446,0.));
#3589=DIRECTION('',(0.,0.,-1.));
#3590=DIRECTION('center_axis',(1.,-5.43674746885908E-32,1.26882631385732E-15));
#3591=DIRECTION('ref_axis',(1.26882631385732E-15,0.,-1.));
#3592=DIRECTION('center_axis',(-1.,5.43674746885908E-32,-1.26882631385732E-15));
#3593=DIRECTION('ref_axis',(-1.26882631385732E-15,0.,1.));
#3594=DIRECTION('center_axis',(-1.,5.43674746885908E-32,-1.26882631385732E-15));
#3595=DIRECTION('ref_axis',(-1.26882631385732E-15,0.,1.));
#3596=DIRECTION('center_axis',(-1.,5.43674746885908E-32,-1.26882631385732E-15));
#3597=DIRECTION('ref_axis',(-1.26882631385732E-15,0.,1.));
#3598=DIRECTION('center_axis',(-1.,5.43674746885908E-32,-1.26882631385732E-15));
#3599=DIRECTION('ref_axis',(-1.26882631385732E-15,0.,1.));
#3600=DIRECTION('center_axis',(1.,-5.43674746885908E-32,1.26882631385732E-15));
#3601=DIRECTION('ref_axis',(0.,-1.,2.30200400968121E-15));
#3602=DIRECTION('',(0.707106781186548,0.707106781186547,-8.17162560511309E-16));
#3603=DIRECTION('center_axis',(-1.,0.,0.));
#3604=DIRECTION('ref_axis',(0.,-1.,-2.55609742674627E-15));
#3605=DIRECTION('center_axis',(-1.,-6.125368411725E-16,0.));
#3606=DIRECTION('ref_axis',(0.,-1.,-2.55609742674627E-15));
#3607=DIRECTION('',(-1.,0.,0.));
#3608=DIRECTION('center_axis',(1.,-3.01674394277456E-14,0.));
#3609=DIRECTION('ref_axis',(0.,-1.,-2.55609742674627E-15));
#3610=DIRECTION('center_axis',(-1.,0.,0.));
#3611=DIRECTION('ref_axis',(0.,-1.,-7.6682922802381E-15));
#3612=DIRECTION('',(-1.,0.,0.));
#3613=DIRECTION('center_axis',(1.,1.225073682345E-15,0.));
#3614=DIRECTION('ref_axis',(0.,-1.,-7.6682922802381E-15));
#3615=DIRECTION('center_axis',(-1.,0.,0.));
#3616=DIRECTION('ref_axis',(0.,-1.,-1.96271419716393E-15));
#3617=DIRECTION('center_axis',(-1.,3.03205736380388E-14,0.));
#3618=DIRECTION('ref_axis',(0.,-1.,-1.96271419716393E-15));
#3619=DIRECTION('',(-1.,0.,0.));
#3620=DIRECTION('center_axis',(1.,-3.01674394277456E-14,0.));
#3621=DIRECTION('ref_axis',(3.01674394277456E-14,1.,4.28486342810069E-17));
#3622=DIRECTION('',(0.,0.,1.));
#3623=DIRECTION('',(3.01674394277456E-14,1.,4.28486342810069E-17));
#3624=DIRECTION('',(0.,0.,1.));
#3625=DIRECTION('center_axis',(-1.26882631385732E-14,-1.,0.));
#3626=DIRECTION('ref_axis',(1.,-1.26882631385732E-14,-5.43674746885905E-31));
#3627=DIRECTION('',(0.,0.,1.));
#3628=DIRECTION('',(1.,-1.26882631385732E-14,-5.43674746885905E-31));
#3629=DIRECTION('center_axis',(-1.,3.03205736380388E-14,0.));
#3630=DIRECTION('ref_axis',(-3.03205736380388E-14,-1.,-4.28486342810069E-17));
#3631=DIRECTION('',(0.,0.,1.));
#3632=DIRECTION('',(-3.03205736380388E-14,-1.,-4.28486342810069E-17));
#3633=DIRECTION('center_axis',(1.26882631385732E-14,1.,0.));
#3634=DIRECTION('ref_axis',(-1.,1.26882631385732E-14,5.43674746885905E-31));
#3635=DIRECTION('',(-1.,1.26882631385732E-14,5.43674746885905E-31));
#3636=DIRECTION('center_axis',(0.,0.,1.));
#3637=DIRECTION('ref_axis',(1.,0.,0.));
#3638=DIRECTION('center_axis',(-1.,-6.125368411725E-16,0.));
#3639=DIRECTION('ref_axis',(6.125368411725E-16,-1.,-4.28486342810069E-17));
#3640=DIRECTION('',(0.,0.,1.));
#3641=DIRECTION('',(6.125368411725E-16,-1.,-4.28486342810069E-17));
#3642=DIRECTION('',(0.,0.,1.));
#3643=DIRECTION('center_axis',(-2.53765262771464E-15,1.,0.));
#3644=DIRECTION('ref_axis',(-1.,-2.53765262771464E-15,-1.08734949377181E-31));
#3645=DIRECTION('',(0.,0.,1.));
#3646=DIRECTION('',(-1.,-2.53765262771464E-15,-1.08734949377181E-31));
#3647=DIRECTION('center_axis',(1.,1.225073682345E-15,0.));
#3648=DIRECTION('ref_axis',(-1.225073682345E-15,1.,4.28486342810069E-17));
#3649=DIRECTION('',(0.,0.,1.));
#3650=DIRECTION('',(-1.225073682345E-15,1.,4.28486342810069E-17));
#3651=DIRECTION('center_axis',(3.80647894157196E-15,-1.,0.));
#3652=DIRECTION('ref_axis',(1.,3.80647894157196E-15,1.63102424065771E-31));
#3653=DIRECTION('',(1.,3.80647894157196E-15,1.63102424065771E-31));
#3654=DIRECTION('center_axis',(0.,0.,1.));
#3655=DIRECTION('ref_axis',(1.,0.,0.));
#3656=DIRECTION('center_axis',(-0.707106781186548,-0.707106781186548,0.));
#3657=DIRECTION('ref_axis',(0.,0.,1.));
#3658=DIRECTION('center_axis',(-0.707106781186547,0.707106781186548,0.));
#3659=DIRECTION('ref_axis',(0.,0.,1.));
#3660=DIRECTION('center_axis',(0.707106781186548,0.707106781186547,0.));
#3661=DIRECTION('ref_axis',(0.,0.,-1.));
#3662=DIRECTION('',(0.,0.,-1.));
#3663=DIRECTION('center_axis',(0.,0.,-1.));
#3664=DIRECTION('ref_axis',(0.658113677234161,0.752918579819446,0.));
#3665=DIRECTION('',(0.,0.,1.));
#3666=DIRECTION('center_axis',(0.,0.,-1.));
#3667=DIRECTION('ref_axis',(-0.355572828447083,-0.934648577632332,0.));
#3668=DIRECTION('center_axis',(0.,0.,1.));
#3669=DIRECTION('ref_axis',(1.,0.,0.));
#3670=DIRECTION('center_axis',(0.,0.,-1.));
#3671=DIRECTION('ref_axis',(1.,0.,0.));
#3672=DIRECTION('center_axis',(0.,0.,1.));
#3673=DIRECTION('ref_axis',(1.,0.,0.));
#3674=DIRECTION('center_axis',(0.,0.,1.));
#3675=DIRECTION('ref_axis',(1.,0.,0.));
#3676=DIRECTION('center_axis',(0.,0.,1.));
#3677=DIRECTION('ref_axis',(1.,0.,0.));
#3678=DIRECTION('',(0.,0.,-1.));
#3679=DIRECTION('center_axis',(0.,0.,1.));
#3680=DIRECTION('ref_axis',(1.,0.,0.));
#3681=DIRECTION('',(0.,0.,-1.));
#3682=DIRECTION('center_axis',(1.,-2.01858731750029E-16,0.));
#3683=DIRECTION('ref_axis',(2.01858731750029E-16,1.,0.));
#3684=DIRECTION('',(0.,0.,1.));
#3685=DIRECTION('center_axis',(0.,1.,0.));
#3686=DIRECTION('ref_axis',(-1.,0.,0.));
#3687=DIRECTION('',(0.,0.,1.));
#3688=DIRECTION('center_axis',(1.,0.,0.));
#3689=DIRECTION('ref_axis',(0.,1.,-1.11022302462516E-15));
#3690=CARTESIAN_POINT('',(0.,0.,0.));
#3691=CARTESIAN_POINT('Origin',(-24.,-0.42,70.));
#3692=CARTESIAN_POINT('',(-24.,-0.42,80.));
#3693=CARTESIAN_POINT('',(-24.,-0.42,70.));
#3694=CARTESIAN_POINT('',(-24.,-0.419999999999998,35.));
#3695=CARTESIAN_POINT('',(-23.5,-0.42,80.));
#3696=CARTESIAN_POINT('',(-0.148388551975007,-0.42,80.));
#3697=CARTESIAN_POINT('',(-23.5,-0.42,70.));
#3698=CARTESIAN_POINT('',(-23.5,-0.42,70.));
#3699=CARTESIAN_POINT('',(-24.,-0.42,70.));
#3700=CARTESIAN_POINT('Origin',(-24.,0.42,70.));
#3701=CARTESIAN_POINT('',(-24.,0.42,70.));
#3702=CARTESIAN_POINT('',(-24.,0.42,80.));
#3703=CARTESIAN_POINT('',(-24.,0.419999999999998,35.));
#3704=CARTESIAN_POINT('',(-23.5,0.42,70.));
#3705=CARTESIAN_POINT('',(-24.,0.42,70.));
#3706=CARTESIAN_POINT('',(-23.5,0.42,80.));
#3707=CARTESIAN_POINT('',(-23.5,0.42,70.));
#3708=CARTESIAN_POINT('',(-0.148388551975007,0.42,80.));
#3709=CARTESIAN_POINT('Origin',(-23.75,-1.26914809787273E-22,70.));
#3710=CARTESIAN_POINT('',(-24.,10.5,70.));
#3711=CARTESIAN_POINT('',(-23.5,-1.25578864421091E-22,70.));
#3712=CARTESIAN_POINT('Origin',(-23.5,-1.25578864421091E-22,75.));
#3713=CARTESIAN_POINT('',(-23.5,-5.08254305345,80.));
#3714=CARTESIAN_POINT('Origin',(-24.,21.,0.));
#3715=CARTESIAN_POINT('',(-24.,13.,80.));
#3716=CARTESIAN_POINT('',(-24.,-23.,80.));
#3717=CARTESIAN_POINT('',(-24.,13.,0.));
#3718=CARTESIAN_POINT('',(-24.,13.,0.));
#3719=CARTESIAN_POINT('',(-24.,-15.,0.));
#3720=CARTESIAN_POINT('',(-24.,-23.,0.));
#3721=CARTESIAN_POINT('',(-24.,-15.,80.));
#3722=CARTESIAN_POINT('',(-24.,-15.,0.));
#3723=CARTESIAN_POINT('',(-24.,-23.,80.));
#3724=CARTESIAN_POINT('',(-24.,-11.625,65.25));
#3725=CARTESIAN_POINT('Origin',(-24.,-10.,65.25));
#3726=CARTESIAN_POINT('',(-24.,8.375,14.75));
#3727=CARTESIAN_POINT('Origin',(-24.,10.,14.75));
#3728=CARTESIAN_POINT('',(-24.,8.375,65.25));
#3729=CARTESIAN_POINT('Origin',(-24.,10.,65.25));
#3730=CARTESIAN_POINT('',(-24.,-11.625,14.75));
#3731=CARTESIAN_POINT('Origin',(-24.,-10.,14.75));
#3732=CARTESIAN_POINT('',(-24.,-11.625,50.25));
#3733=CARTESIAN_POINT('Origin',(-24.,-10.,50.25));
#3734=CARTESIAN_POINT('',(-24.,8.375,29.75));
#3735=CARTESIAN_POINT('Origin',(-24.,10.,29.75));
#3736=CARTESIAN_POINT('',(-24.,8.375,50.25));
#3737=CARTESIAN_POINT('Origin',(-24.,10.,50.25));
#3738=CARTESIAN_POINT('',(-24.,-11.625,29.75));
#3739=CARTESIAN_POINT('Origin',(-24.,-10.,29.75));
#3740=CARTESIAN_POINT('Origin',(0.,-12.23855,70.));
#3741=CARTESIAN_POINT('',(0.5,-23.,70.));
#3742=CARTESIAN_POINT('',(-0.5,-23.,70.));
#3743=CARTESIAN_POINT('',(-12.,-23.,70.));
#3744=CARTESIAN_POINT('',(0.5,-22.5,70.));
#3745=CARTESIAN_POINT('',(0.5,0.,70.));
#3746=CARTESIAN_POINT('',(-0.5,-22.5,70.));
#3747=CARTESIAN_POINT('',(0.,-22.5,70.));
#3748=CARTESIAN_POINT('',(-0.5,0.,70.));
#3749=CARTESIAN_POINT('Origin',(-0.5,0.,70.));
#3750=CARTESIAN_POINT('',(-0.499999999999998,-23.,80.));
#3751=CARTESIAN_POINT('',(-0.499999999999998,-23.,35.));
#3752=CARTESIAN_POINT('',(-0.5,-22.5,80.));
#3753=CARTESIAN_POINT('',(-0.5,-22.5,72.5));
#3754=CARTESIAN_POINT('',(-0.499999999999998,-5.08254305345,80.));
#3755=CARTESIAN_POINT('Origin',(0.,-22.5,75.));
#3756=CARTESIAN_POINT('',(0.5,-22.5,80.));
#3757=CARTESIAN_POINT('',(0.5,-22.5,72.5));
#3758=CARTESIAN_POINT('',(11.851611448025,-22.5,80.));
#3759=CARTESIAN_POINT('Origin',(0.5,0.,70.));
#3760=CARTESIAN_POINT('',(0.499999999999998,-23.,80.));
#3761=CARTESIAN_POINT('',(0.499999999999998,-23.,35.));
#3762=CARTESIAN_POINT('',(0.499999999999998,-5.08254305345,80.));
#3763=CARTESIAN_POINT('Origin',(-24.,-23.,0.));
#3764=CARTESIAN_POINT('',(-16.,-23.,80.));
#3765=CARTESIAN_POINT('',(-24.,-23.,80.));
#3766=CARTESIAN_POINT('',(-16.0000000000001,-23.,40.0000000006532));
#3767=CARTESIAN_POINT('',(-16.,-23.,0.));
#3768=CARTESIAN_POINT('',(10.5345130205765,-23.,18.7753700000008));
#3769=CARTESIAN_POINT('Ctrl Pts',(10.5342816223677,-23.,18.7755223005448));
#3770=CARTESIAN_POINT('Ctrl Pts',(11.5565209494836,-23.,20.3292160149955));
#3771=CARTESIAN_POINT('Ctrl Pts',(12.4490781837567,-23.,22.0964963146314));
#3772=CARTESIAN_POINT('Ctrl Pts',(13.2021731586527,-23.,24.0264694096327));
#3773=CARTESIAN_POINT('Ctrl Pts',(13.9913731236398,-23.,26.0489695587159));
#3774=CARTESIAN_POINT('Ctrl Pts',(14.6274173857571,-23.,28.2501346508216));
#3775=CARTESIAN_POINT('Ctrl Pts',(15.090366547349,-23.,30.5553376129651));
#3776=CARTESIAN_POINT('Ctrl Pts',(15.2532111355181,-23.,31.3662038120219));
#3777=CARTESIAN_POINT('Ctrl Pts',(15.39463858999,-23.,32.1899431959415));
#3778=CARTESIAN_POINT('Ctrl Pts',(15.5137816581139,-23.,33.0233092083282));
#3779=CARTESIAN_POINT('Ctrl Pts',(15.8386218408427,-23.,35.2954579116171));
#3780=CARTESIAN_POINT('Ctrl Pts',(15.9978077948867,-23.,37.6391638823344));
#3781=CARTESIAN_POINT('Ctrl Pts',(15.9952864244639,-23.,39.9832509518233));
#3782=CARTESIAN_POINT('Ctrl Pts',(15.9938600820212,-23.,41.3093039769921));
#3783=CARTESIAN_POINT('Ctrl Pts',(15.9406845322238,-23.,42.6354798612539));
#3784=CARTESIAN_POINT('Ctrl Pts',(15.8364745509552,-23.,43.948900705432));
#3785=CARTESIAN_POINT('Ctrl Pts',(15.70704381645,-23.,45.5801938167742));
#3786=CARTESIAN_POINT('Ctrl Pts',(15.4989071463463,-23.,47.1916105803065));
#3787=CARTESIAN_POINT('Ctrl Pts',(15.2134507421803,-22.9999965501473,48.7586458905335));
#3788=CARTESIAN_POINT('Ctrl Pts',(14.9893810910131,-22.9999938421776,49.9886938075012));
#3789=CARTESIAN_POINT('Ctrl Pts',(14.7176697776174,-22.9999890085809,51.1913972278752));
#3790=CARTESIAN_POINT('Ctrl Pts',(14.3989647909214,-22.9999803808416,52.3549030123277));
#3791=CARTESIAN_POINT('Ctrl Pts',(14.0274731868483,-22.9999703241031,53.7111184725741));
#3792=CARTESIAN_POINT('Ctrl Pts',(13.5921323053378,-22.9999551123019,55.0140784086));
#3793=CARTESIAN_POINT('Ctrl Pts',(13.0972175148625,-22.9999321029642,56.2492939953176));
#3794=CARTESIAN_POINT('Ctrl Pts',(12.6209389302497,-22.9999099600518,57.4379970663426));
#3795=CARTESIAN_POINT('Ctrl Pts',(12.0894879320664,-22.999880595785,58.5639625365658));
#3796=CARTESIAN_POINT('Ctrl Pts',(11.5066500895556,-22.9998416551002,59.6142357016623));
#3797=CARTESIAN_POINT('Ctrl Pts',(10.9619345185631,-22.9998052614487,60.5958125745007));
#3798=CARTESIAN_POINT('Ctrl Pts',(10.3723339740622,-22.9997605031585,61.5112754499979));
#3799=CARTESIAN_POINT('Ctrl Pts',(9.74092445610485,-22.9997054577191,62.3500033241281));
#3800=CARTESIAN_POINT('Ctrl Pts',(9.69673485264082,-22.9997016053284,62.4087022368273));
#3801=CARTESIAN_POINT('Ctrl Pts',(9.65234046479246,-22.9996977025514,62.4670252812077));
#3802=CARTESIAN_POINT('Ctrl Pts',(9.60774234509318,-22.999693748729,62.5249688067509));
#3803=CARTESIAN_POINT('Ctrl Pts',(9.08993976172631,-22.9996478432183,63.1977170620137));
#3804=CARTESIAN_POINT('Ctrl Pts',(8.54467422129847,-22.9995950567046,63.8193076104031));
#3805=CARTESIAN_POINT('Ctrl Pts',(7.97202237641146,-22.9995343577605,64.3843626863616));
#3806=CARTESIAN_POINT('Ctrl Pts',(7.39956571029995,-22.9994736795046,64.9492251727758));
#3807=CARTESIAN_POINT('Ctrl Pts',(6.79974117092314,-22.9994050942111,65.4575911101388));
#3808=CARTESIAN_POINT('Ctrl Pts',(6.17346460267805,-22.9993275715067,65.9033197058266));
#3809=CARTESIAN_POINT('Ctrl Pts',(5.51366982877335,-22.9992458998016,66.3729036132028));
#3810=CARTESIAN_POINT('Ctrl Pts',(4.82451452243189,-22.9991543084284,66.7729671758343));
#3811=CARTESIAN_POINT('Ctrl Pts',(4.11306823513994,-22.9990515925659,67.0933155105872));
#3812=CARTESIAN_POINT('Ctrl Pts',(3.74625415665515,-22.9989986333684,67.258483677609));
#3813=CARTESIAN_POINT('Ctrl Pts',(3.37351463686646,-22.9989427169222,67.4024601864444));
#3814=CARTESIAN_POINT('Ctrl Pts',(2.9958203205138,-22.9988836780943,67.5238425060752));
#3815=CARTESIAN_POINT('Ctrl Pts',(2.71625674902502,-22.9988399784544,67.6136878474594));
#3816=CARTESIAN_POINT('Ctrl Pts',(2.43403138741126,-22.998798147557,67.6911410572666));
#3817=CARTESIAN_POINT('Ctrl Pts',(2.14954074513113,-22.9987581652475,67.7556465301295));
#3818=CARTESIAN_POINT('Ctrl Pts',(1.37283155204304,-22.9986490065524,67.9317577490278));
#3819=CARTESIAN_POINT('Ctrl Pts',(0.579241499861081,-22.9985536269638,68.0113604386734));
#3820=CARTESIAN_POINT('Ctrl Pts',(-0.212579249210531,-22.9984716163336,
67.9942893515104));
#3821=CARTESIAN_POINT('Ctrl Pts',(-0.862816340857866,-22.9984042698366,
67.9802707064052));
#3822=CARTESIAN_POINT('Ctrl Pts',(-1.5118616306936,-22.9983459387872,67.9010590306118));
#3823=CARTESIAN_POINT('Ctrl Pts',(-2.14941048943888,-22.9982963960549,67.7565513586288));
#3824=CARTESIAN_POINT('Ctrl Pts',(-2.97270082521552,-22.9982324196991,67.5699432765073));
#3825=CARTESIAN_POINT('Ctrl Pts',(-3.77682186043971,-22.998183098309,67.2744541617615));
#3826=CARTESIAN_POINT('Ctrl Pts',(-4.55199395250325,-22.998147942789,66.8843752293554));
#3827=CARTESIAN_POINT('Ctrl Pts',(-5.10887465814465,-22.998122687196,66.6041439963709));
#3828=CARTESIAN_POINT('Ctrl Pts',(-5.65081529648503,-22.9981047425113,66.2750942663508));
#3829=CARTESIAN_POINT('Ctrl Pts',(-6.17419217621195,-22.9980939273981,65.9025084329849));
#3830=CARTESIAN_POINT('Ctrl Pts',(-7.00967068934508,-22.9980766629848,65.3077411245066));
#3831=CARTESIAN_POINT('Ctrl Pts',(-7.79784595160171,-22.9980775664797,64.6020347871261));
#3832=CARTESIAN_POINT('Ctrl Pts',(-8.53718293764995,-22.9980959002361,63.7987105637734));
#3833=CARTESIAN_POINT('Ctrl Pts',(-9.32746207052623,-22.9981154972337,62.9400353146924));
#3834=CARTESIAN_POINT('Ctrl Pts',(-10.0619409297874,-22.9981550092201,61.9698261370298));
#3835=CARTESIAN_POINT('Ctrl Pts',(-10.7387228589408,-22.9982135353243,60.9042969100422));
#3836=CARTESIAN_POINT('Ctrl Pts',(-10.8525977456116,-22.9982233828884,60.7250116561947));
#3837=CARTESIAN_POINT('Ctrl Pts',(-10.9648391149507,-22.9982337687653,60.5430276670161));
#3838=CARTESIAN_POINT('Ctrl Pts',(-11.0754378758098,-22.9982446886633,60.3584220535601));
#3839=CARTESIAN_POINT('Ctrl Pts',(-11.8048762781502,-22.9983167092984,59.1408819771927));
#3840=CARTESIAN_POINT('Ctrl Pts',(-12.4628655962722,-22.9984119591871,57.8093088971021));
#3841=CARTESIAN_POINT('Ctrl Pts',(-13.0416435715151,-22.9985292071671,56.3862343363734));
#3842=CARTESIAN_POINT('Ctrl Pts',(-13.5603856680983,-22.9986342931682,55.1107734294223));
#3843=CARTESIAN_POINT('Ctrl Pts',(-14.0154969083192,-22.9987570502859,53.7618076470417));
#3844=CARTESIAN_POINT('Ctrl Pts',(-14.401367460371,-22.998896592112,52.3555308326156));
#3845=CARTESIAN_POINT('Ctrl Pts',(-14.8669186040622,-22.9990649487186,50.6588639690234));
#3846=CARTESIAN_POINT('Ctrl Pts',(-15.2316824468273,-22.9992577376796,48.8787717896424));
#3847=CARTESIAN_POINT('Ctrl Pts',(-15.4940781394761,-22.9994734022731,47.0521244618783));
#3848=CARTESIAN_POINT('Ctrl Pts',(-15.6279392839133,-22.9995834235506,46.1202604540916));
#3849=CARTESIAN_POINT('Ctrl Pts',(-15.7351579923449,-22.9996993982788,45.1762801817742));
#3850=CARTESIAN_POINT('Ctrl Pts',(-15.81551917953,-22.9998211197751,44.2250798789475));
#3851=CARTESIAN_POINT('Ctrl Pts',(-15.9336168671658,-23.,42.8272090886183));
#3852=CARTESIAN_POINT('Ctrl Pts',(-15.9935266844917,-23.,41.413660210526));
#3853=CARTESIAN_POINT('Ctrl Pts',(-15.9947121160485,-23.,39.9999978221522));
#3854=CARTESIAN_POINT('',(25.08,-23.,18.77537));
#3855=CARTESIAN_POINT('',(-12.,-23.,18.77537));
#3856=CARTESIAN_POINT('',(25.08,-23.,0.));
#3857=CARTESIAN_POINT('',(25.08,-23.,-2.22044604925031E-15));
#3858=CARTESIAN_POINT('',(29.8843,-23.,-8.88178419700125E-15));
#3859=CARTESIAN_POINT('',(-24.,-23.,0.));
#3860=CARTESIAN_POINT('',(71.4064457921,-23.,20.9288844126178));
#3861=CARTESIAN_POINT('',(29.1613955240137,-23.,-0.36437385233016));
#3862=CARTESIAN_POINT('',(71.4064457921,-23.,59.0711155873822));
#3863=CARTESIAN_POINT('',(71.4064457921,-23.,0.));
#3864=CARTESIAN_POINT('',(29.8843,-23.,80.));
#3865=CARTESIAN_POINT('',(24.477459840308,-23.,82.7252717936659));
#3866=CARTESIAN_POINT('',(-24.,-23.,80.));
#3867=CARTESIAN_POINT('',(65.0966257322,-23.,31.7512038252));
#3868=CARTESIAN_POINT('',(63.0966257322,-23.,31.7512038252));
#3869=CARTESIAN_POINT('',(19.5483128661,-23.,31.7512038252));
#3870=CARTESIAN_POINT('',(63.0966257322,-23.,36.7512038252));
#3871=CARTESIAN_POINT('Origin',(63.0966257322,-23.,34.2512038252));
#3872=CARTESIAN_POINT('',(65.0966257322,-23.,36.7512038252));
#3873=CARTESIAN_POINT('',(20.5483128661,-23.,36.7512038252));
#3874=CARTESIAN_POINT('Origin',(65.0966257322,-23.,34.2512038252));
#3875=CARTESIAN_POINT('',(45.0966257322,-23.,31.7512038252));
#3876=CARTESIAN_POINT('',(43.0966257322,-23.,31.7512038252));
#3877=CARTESIAN_POINT('',(9.5483128661,-23.,31.7512038252));
#3878=CARTESIAN_POINT('',(43.0966257322,-23.,36.7512038252));
#3879=CARTESIAN_POINT('Origin',(43.0966257322,-23.,34.2512038252));
#3880=CARTESIAN_POINT('',(45.0966257322,-23.,36.7512038252));
#3881=CARTESIAN_POINT('',(10.5483128661,-23.,36.7512038252));
#3882=CARTESIAN_POINT('Origin',(45.0966257322,-23.,34.2512038252));
#3883=CARTESIAN_POINT('Origin',(0.,20.5,75.));
#3884=CARTESIAN_POINT('',(-0.42,20.5,70.));
#3885=CARTESIAN_POINT('',(-0.42,20.5,80.));
#3886=CARTESIAN_POINT('',(-0.42,20.5,72.5));
#3887=CARTESIAN_POINT('',(0.42,20.5,80.));
#3888=CARTESIAN_POINT('',(11.851611448025,20.5,80.));
#3889=CARTESIAN_POINT('',(0.42,20.5,70.));
#3890=CARTESIAN_POINT('',(0.42,20.5,72.5));
#3891=CARTESIAN_POINT('',(0.,20.5,70.));
#3892=CARTESIAN_POINT('Origin',(-0.42,0.,70.));
#3893=CARTESIAN_POINT('',(-0.42,21.,80.));
#3894=CARTESIAN_POINT('',(-0.42,21.,70.));
#3895=CARTESIAN_POINT('',(-0.419999999999998,21.,35.));
#3896=CARTESIAN_POINT('',(-0.419999999999998,-5.08254305345,80.));
#3897=CARTESIAN_POINT('',(-0.42,0.,70.));
#3898=CARTESIAN_POINT('Origin',(0.42,0.,70.));
#3899=CARTESIAN_POINT('',(0.42,21.,70.));
#3900=CARTESIAN_POINT('',(0.42,21.,80.));
#3901=CARTESIAN_POINT('',(0.419999999999998,21.,35.));
#3902=CARTESIAN_POINT('',(0.42,0.,70.));
#3903=CARTESIAN_POINT('',(0.419999999999998,-5.08254305345,80.));
#3904=CARTESIAN_POINT('Origin',(0.,14.7814,70.));
#3905=CARTESIAN_POINT('',(14.94215,21.,70.));
#3906=CARTESIAN_POINT('Origin',(23.70322289605,-10.1650861069,80.));
#3907=CARTESIAN_POINT('',(-11.2829227492625,-27.7170772507375,80.));
#3908=CARTESIAN_POINT('',(29.8843,-15.,80.));
#3909=CARTESIAN_POINT('',(29.8843,-5.08254305345,80.));
#3910=CARTESIAN_POINT('',(29.8843,13.,80.));
#3911=CARTESIAN_POINT('',(29.8843,21.,80.));
#3912=CARTESIAN_POINT('',(21.8843,21.,80.));
#3913=CARTESIAN_POINT('',(32.1303022507375,10.7539977492625,80.));
#3914=CARTESIAN_POINT('',(-24.,21.,80.));
#3915=CARTESIAN_POINT('',(-16.,21.,80.));
#3916=CARTESIAN_POINT('',(-24.,21.,80.));
#3917=CARTESIAN_POINT('',(-15.8654658027125,21.1345341972875,80.));
#3918=CARTESIAN_POINT('',(-16.0500000000001,-1.96555811263151E-15,80.));
#3919=CARTESIAN_POINT('Origin',(-4.44089209850063E-15,0.,80.));
#3920=CARTESIAN_POINT('Ctrl Pts',(-9.19073199026115,-23.,16.9496448477229));
#3921=CARTESIAN_POINT('Ctrl Pts',(-10.7890048261453,-23.,18.8856744291232));
#3922=CARTESIAN_POINT('Ctrl Pts',(-13.4830287228873,-23.,23.6998986676558));
#3923=CARTESIAN_POINT('Ctrl Pts',(-16.6225508129919,-23.,35.9402614041419));
#3924=CARTESIAN_POINT('Ctrl Pts',(-15.8387776795205,-23.,49.8930249981236));
#3925=CARTESIAN_POINT('Ctrl Pts',(-11.3337933763863,-23.,60.769612123673));
#3926=CARTESIAN_POINT('Ctrl Pts',(-6.96060612404404,-23.,65.8324660235698));
#3927=CARTESIAN_POINT('Ctrl Pts',(-2.20594839490231,-23.,68.0797722110721));
#3928=CARTESIAN_POINT('Ctrl Pts',(2.20642658050743,-23.,68.0766827805962));
#3929=CARTESIAN_POINT('Ctrl Pts',(5.60035881989389,-23.,66.474981289997));
#3930=CARTESIAN_POINT('Ctrl Pts',(7.99963314868018,-23.,64.4412982267785));
#3931=CARTESIAN_POINT('Ctrl Pts',(11.271139447063,-23.,60.7115238001563));
#3932=CARTESIAN_POINT('Ctrl Pts',(15.7618242075359,-23.,51.0545489558646));
#3933=CARTESIAN_POINT('Ctrl Pts',(16.6298840901869,-23.,35.9411939004062));
#3934=CARTESIAN_POINT('Ctrl Pts',(13.4818983053489,-23.,23.6998425036818));
#3935=CARTESIAN_POINT('Ctrl Pts',(10.7890048261452,-23.,18.8856744291232));
#3936=CARTESIAN_POINT('Ctrl Pts',(9.19073199026099,-23.,16.9496448477229));
#3937=CARTESIAN_POINT('Ctrl Pts',(-8.67661983325179,-22.3333333333333,17.3740657878986));
#3938=CARTESIAN_POINT('Ctrl Pts',(-10.2193019687533,-22.3333333333333,19.2427569036908));
#3939=CARTESIAN_POINT('Ctrl Pts',(-12.8516859953398,-22.3333333333333,23.9355952574002));
#3940=CARTESIAN_POINT('Ctrl Pts',(-15.9479976815006,-22.3333333333333,35.9849839706281));
#3941=CARTESIAN_POINT('Ctrl Pts',(-15.1703968989701,-22.3333333333333,49.774044417212));
#3942=CARTESIAN_POINT('Ctrl Pts',(-10.7449547227122,-22.3333333333333,60.4357325713417));
#3943=CARTESIAN_POINT('Ctrl Pts',(-6.51486194211044,-22.3333333333333,65.3093560101433));
#3944=CARTESIAN_POINT('Ctrl Pts',(-2.0444040629818,-22.3333333333333,67.4078466891203));
#3945=CARTESIAN_POINT('Ctrl Pts',(2.04473594844742,-22.3333333333333,67.405954421055));
#3946=CARTESIAN_POINT('Ctrl Pts',(5.23570089208681,-22.3333333333333,65.9087083817169));
#3947=CARTESIAN_POINT('Ctrl Pts',(7.52785291108809,-22.3333333333333,63.9668173906912));
#3948=CARTESIAN_POINT('Ctrl Pts',(10.6818878709428,-22.3333333333333,60.3750697231634));
#3949=CARTESIAN_POINT('Ctrl Pts',(15.0949066364541,-22.3333333333333,50.92352284225));
#3950=CARTESIAN_POINT('Ctrl Pts',(15.9550670346967,-22.3333333333333,35.9852143091943));
#3951=CARTESIAN_POINT('Ctrl Pts',(12.8507918550495,-22.3333333333333,23.9357957237666));
#3952=CARTESIAN_POINT('Ctrl Pts',(10.2193019687532,-22.3333333333333,19.2427569036908));
#3953=CARTESIAN_POINT('Ctrl Pts',(8.67661983325163,-22.3333333333333,17.3740657878986));
#3954=CARTESIAN_POINT('Ctrl Pts',(-8.16250767624243,-21.6666666666667,17.7984867280743));
#3955=CARTESIAN_POINT('Ctrl Pts',(-9.64959911136134,-21.6666666666667,19.5998393782584));
#3956=CARTESIAN_POINT('Ctrl Pts',(-12.2203432677922,-21.6666666666667,24.1712918471446));
#3957=CARTESIAN_POINT('Ctrl Pts',(-15.2734445500094,-21.6666666666667,36.0297065371143));
#3958=CARTESIAN_POINT('Ctrl Pts',(-14.5020161184197,-21.6666666666667,49.6550638363004));
#3959=CARTESIAN_POINT('Ctrl Pts',(-10.1561160690381,-21.6666666666667,60.1018530190105));
#3960=CARTESIAN_POINT('Ctrl Pts',(-6.06911776017682,-21.6666666666667,64.7862459967167));
#3961=CARTESIAN_POINT('Ctrl Pts',(-1.88285973106129,-21.6666666666667,66.7359211671686));
#3962=CARTESIAN_POINT('Ctrl Pts',(1.88304531638741,-21.6666666666667,66.7352260615138));
#3963=CARTESIAN_POINT('Ctrl Pts',(4.87104296427973,-21.6666666666667,65.3424354734368));
#3964=CARTESIAN_POINT('Ctrl Pts',(7.056072673496,-21.6666666666667,63.492336554604));
#3965=CARTESIAN_POINT('Ctrl Pts',(10.0926362948227,-21.6666666666667,60.0386156461703));
#3966=CARTESIAN_POINT('Ctrl Pts',(14.4279890653722,-21.6666666666667,50.7924967286354));
#3967=CARTESIAN_POINT('Ctrl Pts',(15.2802499792066,-21.6666666666667,36.0292347179825));
#3968=CARTESIAN_POINT('Ctrl Pts',(12.21968540475,-21.6666666666667,24.1717489438514));
#3969=CARTESIAN_POINT('Ctrl Pts',(9.64959911136117,-21.6666666666667,19.5998393782584));
#3970=CARTESIAN_POINT('Ctrl Pts',(8.16250767624227,-21.6666666666667,17.7984867280743));
#3971=CARTESIAN_POINT('Ctrl Pts',(-7.64839551923306,-21.,18.22290766825));
#3972=CARTESIAN_POINT('Ctrl Pts',(-9.07989625396933,-21.,19.956921852826));
#3973=CARTESIAN_POINT('Ctrl Pts',(-11.5890005402446,-21.,24.406988436889));
#3974=CARTESIAN_POINT('Ctrl Pts',(-14.5988914185182,-21.,36.0744291036006));
#3975=CARTESIAN_POINT('Ctrl Pts',(-13.8336353378693,-21.,49.5360832553888));
#3976=CARTESIAN_POINT('Ctrl Pts',(-9.56727741536395,-21.,59.7679734666793));
#3977=CARTESIAN_POINT('Ctrl Pts',(-5.62337357824322,-21.,64.2631359832902));
#3978=CARTESIAN_POINT('Ctrl Pts',(-1.72131539914077,-21.,66.0639956452168));
#3979=CARTESIAN_POINT('Ctrl Pts',(1.7213546843274,-21.,66.0644977019726));
#3980=CARTESIAN_POINT('Ctrl Pts',(4.50638503647265,-21.,64.7761625651567));
#3981=CARTESIAN_POINT('Ctrl Pts',(6.58429243590391,-21.,63.0178557185167));
#3982=CARTESIAN_POINT('Ctrl Pts',(9.50338471870259,-21.,59.7021615691773));
#3983=CARTESIAN_POINT('Ctrl Pts',(13.7610714942904,-21.,50.6614706150209));
#3984=CARTESIAN_POINT('Ctrl Pts',(14.6054329237164,-21.,36.0732551267705));
#3985=CARTESIAN_POINT('Ctrl Pts',(11.5885789544506,-21.,24.4077021639362));
#3986=CARTESIAN_POINT('Ctrl Pts',(9.07989625396917,-21.,19.956921852826));
#3987=CARTESIAN_POINT('Ctrl Pts',(7.64839551923291,-21.,18.22290766825));
#3988=CARTESIAN_POINT('',(-10.5345130205767,-23.,18.7753700000008));
#3989=CARTESIAN_POINT('Ctrl Pts',(-15.9947121160485,-23.,39.9999978221522));
#3990=CARTESIAN_POINT('Ctrl Pts',(-15.9962889390772,-22.9998143200239,37.8979504412135));
#3991=CARTESIAN_POINT('Ctrl Pts',(-15.8681231613769,-22.9997263565362,35.796403027946));
#3992=CARTESIAN_POINT('Ctrl Pts',(-15.6080408103693,-22.9996975411128,33.7465621154924));
#3993=CARTESIAN_POINT('Ctrl Pts',(-15.5773405550719,-22.9996941397253,33.5045978334585));
#3994=CARTESIAN_POINT('Ctrl Pts',(-15.5448021724545,-22.9996915624811,33.2633540119751));
#3995=CARTESIAN_POINT('Ctrl Pts',(-15.5104220400448,-22.9996897459458,33.0229148810515));
#3996=CARTESIAN_POINT('Ctrl Pts',(-15.2437872708705,-22.9996756578247,31.1581916330353));
#3997=CARTESIAN_POINT('Ctrl Pts',(-14.8663783527343,-22.9997073245342,29.341866111074));
#3998=CARTESIAN_POINT('Ctrl Pts',(-14.3872028984344,-22.9997551555326,27.6101389581236));
#3999=CARTESIAN_POINT('Ctrl Pts',(-14.0433740431032,-22.9997894763169,26.3675507591629));
#4000=CARTESIAN_POINT('Ctrl Pts',(-13.64714807151,-22.9998321195689,25.1685198071759));
#4001=CARTESIAN_POINT('Ctrl Pts',(-13.2018438567709,-22.999872153375,24.02643439126));
#4002=CARTESIAN_POINT('Ctrl Pts',(-12.6506882183062,-22.9999217034516,22.6128685732063));
#4003=CARTESIAN_POINT('Ctrl Pts',(-12.0243488542739,-22.9999672560767,21.2865366213733));
#4004=CARTESIAN_POINT('Ctrl Pts',(-11.326886527945,-22.9999880836733,20.0674427399668));
#4005=CARTESIAN_POINT('Ctrl Pts',(-11.0721303391263,-22.9999956911941,19.6221545870222));
#4006=CARTESIAN_POINT('Ctrl Pts',(-10.8078851333113,-23.,19.1911741858979));
#4007=CARTESIAN_POINT('Ctrl Pts',(-10.5343486798162,-23.,18.7754781656604));
#4008=CARTESIAN_POINT('',(-10.4475264812273,-22.8389670923372,18.9363968441628));
#4009=CARTESIAN_POINT('Ctrl Pts',(-10.5342032935606,-22.9999999999997,18.7752572235164));
#4010=CARTESIAN_POINT('Ctrl Pts',(-10.5052381083976,-22.9463061077884,18.8289637724224));
#4011=CARTESIAN_POINT('Ctrl Pts',(-10.4762132175922,-22.8926285556751,18.8826514318377));
#4012=CARTESIAN_POINT('Ctrl Pts',(-10.4471312490676,-22.8389670923372,18.9363251150689));
#4013=CARTESIAN_POINT('',(-7.64839551925472,-21.,18.2229076682762));
#4014=CARTESIAN_POINT('Ctrl Pts',(-10.4475264812251,-22.8389670923357,18.9363968441622));
#4015=CARTESIAN_POINT('Ctrl Pts',(-9.541657080699,-22.1984512961072,18.7205461144016));
#4016=CARTESIAN_POINT('Ctrl Pts',(-8.59301141889996,-21.5648425784618,18.4799091222874));
#4017=CARTESIAN_POINT('Ctrl Pts',(-7.64839551923461,-20.999999999988,18.2229076682707));
#4018=CARTESIAN_POINT('',(7.64839551925457,-21.,18.2229076682762));
#4019=CARTESIAN_POINT('Ctrl Pts',(-7.64839551923306,-21.,18.22290766825));
#4020=CARTESIAN_POINT('Ctrl Pts',(-9.07989625396933,-21.,19.956921852826));
#4021=CARTESIAN_POINT('Ctrl Pts',(-11.5890005402446,-21.,24.406988436889));
#4022=CARTESIAN_POINT('Ctrl Pts',(-14.5988914185182,-21.,36.0744291036006));
#4023=CARTESIAN_POINT('Ctrl Pts',(-13.8336353378693,-21.,49.5360832553888));
#4024=CARTESIAN_POINT('Ctrl Pts',(-9.56727741536395,-21.,59.7679734666793));
#4025=CARTESIAN_POINT('Ctrl Pts',(-5.62337357824322,-21.,64.2631359832902));
#4026=CARTESIAN_POINT('Ctrl Pts',(-1.72131539914077,-21.,66.0639956452168));
#4027=CARTESIAN_POINT('Ctrl Pts',(1.7213546843274,-21.,66.0644977019726));
#4028=CARTESIAN_POINT('Ctrl Pts',(4.50638503647265,-21.,64.7761625651567));
#4029=CARTESIAN_POINT('Ctrl Pts',(6.58429243590391,-21.,63.0178557185167));
#4030=CARTESIAN_POINT('Ctrl Pts',(9.50338471870259,-21.,59.7021615691773));
#4031=CARTESIAN_POINT('Ctrl Pts',(13.7610714942904,-21.,50.6614706150209));
#4032=CARTESIAN_POINT('Ctrl Pts',(14.6054329237164,-21.,36.0732551267705));
#4033=CARTESIAN_POINT('Ctrl Pts',(11.5885789544506,-21.,24.4077021639362));
#4034=CARTESIAN_POINT('Ctrl Pts',(9.07989625396917,-21.,19.956921852826));
#4035=CARTESIAN_POINT('Ctrl Pts',(7.64839551923291,-21.,18.22290766825));
#4036=CARTESIAN_POINT('',(10.4475264812272,-22.8389670923373,18.9363968441627));
#4037=CARTESIAN_POINT('Ctrl Pts',(7.64839551923445,-20.999999999988,18.2229076682707));
#4038=CARTESIAN_POINT('Ctrl Pts',(8.5930114188998,-21.5648425784618,18.4799091222874));
#4039=CARTESIAN_POINT('Ctrl Pts',(9.54165708069882,-22.1984512961072,18.7205461144016));
#4040=CARTESIAN_POINT('Ctrl Pts',(10.447526481225,-22.8389670923357,18.9363968441622));
#4041=CARTESIAN_POINT('Ctrl Pts',(10.4470339226393,-22.8389670923373,18.9363284878198));
#4042=CARTESIAN_POINT('Ctrl Pts',(10.4761144006137,-22.8926289830207,18.8826500431646));
#4043=CARTESIAN_POINT('Ctrl Pts',(10.5051393247586,-22.9463065412703,18.8289606833258));
#4044=CARTESIAN_POINT('Ctrl Pts',(10.5341051943397,-22.9999999999997,18.7752541530162));
#4045=CARTESIAN_POINT('Ctrl Pts',(-7.89408216931655,-20.6795315160367,18.5274233397955));
#4046=CARTESIAN_POINT('Ctrl Pts',(-7.14897636136529,-21.6719124230105,17.582653427623));
#4047=CARTESIAN_POINT('Ctrl Pts',(-5.56973809818913,-23.3942012084011,15.9745663123179));
#4048=CARTESIAN_POINT('Ctrl Pts',(-3.11986054733914,-25.079866570344,14.5215613919885));
#4049=CARTESIAN_POINT('Ctrl Pts',(-0.93562184888961,-25.8074846912864,13.9758362113241));
#4050=CARTESIAN_POINT('Ctrl Pts',(0.9388122404031,-25.8089009783186,13.9739722631977));
#4051=CARTESIAN_POINT('Ctrl Pts',(3.11862574833321,-25.0818462757967,14.5195791474301));
#4052=CARTESIAN_POINT('Ctrl Pts',(5.56913333982875,-23.3947836254478,15.9746816560259));
#4053=CARTESIAN_POINT('Ctrl Pts',(7.14897636136513,-21.6719124230105,17.582653427623));
#4054=CARTESIAN_POINT('Ctrl Pts',(7.89408216931638,-20.6795315160367,18.5274233397955));
#4055=CARTESIAN_POINT('Ctrl Pts',(-8.7452302732868,-21.3993433748035,18.6637478412513));
#4056=CARTESIAN_POINT('Ctrl Pts',(-8.00087920775528,-22.4221313902509,17.6727004890048));
#4057=CARTESIAN_POINT('Ctrl Pts',(-6.40795078194856,-24.2165797961712,15.9543865298081));
#4058=CARTESIAN_POINT('Ctrl Pts',(-3.82997427207584,-26.0503030219309,14.2757702651241));
#4059=CARTESIAN_POINT('Ctrl Pts',(-1.2522019468097,-26.9515606868514,13.4957745603889));
#4060=CARTESIAN_POINT('Ctrl Pts',(1.25331658608954,-26.9517606911437,13.4952761153672));
#4061=CARTESIAN_POINT('Ctrl Pts',(3.82951701308835,-26.0510245625769,14.275047031741));
#4062=CARTESIAN_POINT('Ctrl Pts',(6.40776012989485,-24.2166661785825,15.9547653212332));
#4063=CARTESIAN_POINT('Ctrl Pts',(8.00087920775512,-22.422131390251,17.6727004890047));
#4064=CARTESIAN_POINT('Ctrl Pts',(8.74523027328664,-21.3993433748036,18.6637478412513));
#4065=CARTESIAN_POINT('Ctrl Pts',(-9.59637837725705,-22.1191552335704,18.800072342707));
#4066=CARTESIAN_POINT('Ctrl Pts',(-8.85278205414527,-23.1723503574914,17.7627475503865));
#4067=CARTESIAN_POINT('Ctrl Pts',(-7.246163465708,-25.0389583839414,15.9342067472983));
#4068=CARTESIAN_POINT('Ctrl Pts',(-4.54008799681254,-27.0207394735178,14.0299791382597));
#4069=CARTESIAN_POINT('Ctrl Pts',(-1.56878204472978,-28.0956366824164,13.0157129094538));
#4070=CARTESIAN_POINT('Ctrl Pts',(1.56782093177598,-28.0946204039687,13.0165799675368));
#4071=CARTESIAN_POINT('Ctrl Pts',(4.54040827784348,-27.0202028493571,14.0305149160519));
#4072=CARTESIAN_POINT('Ctrl Pts',(7.24638691996094,-25.0385487317173,15.9348489864406));
#4073=CARTESIAN_POINT('Ctrl Pts',(8.85278205414511,-23.1723503574914,17.7627475503865));
#4074=CARTESIAN_POINT('Ctrl Pts',(9.59637837725689,-22.1191552335704,18.800072342707));
#4075=CARTESIAN_POINT('Ctrl Pts',(-10.4475264812273,-22.8389670923372,18.9363968441628));
#4076=CARTESIAN_POINT('Ctrl Pts',(-9.70468490053525,-23.9225693247318,17.8527946117682));
#4077=CARTESIAN_POINT('Ctrl Pts',(-8.08437614946743,-25.8613369717115,15.9140269647885));
#4078=CARTESIAN_POINT('Ctrl Pts',(-5.25020172154924,-27.9911759251047,13.7841880113953));
#4079=CARTESIAN_POINT('Ctrl Pts',(-1.88536214264987,-29.2397126779814,12.5356512585186));
#4080=CARTESIAN_POINT('Ctrl Pts',(1.88232527746242,-29.2374801167937,12.5378838197063));
#4081=CARTESIAN_POINT('Ctrl Pts',(5.25129954259862,-27.9893811361373,13.7859828003627));
#4082=CARTESIAN_POINT('Ctrl Pts',(8.08501371002704,-25.8604312848521,15.9149326516479));
#4083=CARTESIAN_POINT('Ctrl Pts',(9.7046849005351,-23.9225693247318,17.8527946117682));
#4084=CARTESIAN_POINT('Ctrl Pts',(10.4475264812272,-22.8389670923373,18.9363968441627));
#4085=CARTESIAN_POINT('',(-4.40290592467613E-6,-25.7778860589907,13.997641576111));
#4086=CARTESIAN_POINT('Ctrl Pts',(7.64837264408665,-20.9999913039176,18.2229163370951));
#4087=CARTESIAN_POINT('Ctrl Pts',(6.97626174523532,-21.8583044205159,17.4089295311631));
#4088=CARTESIAN_POINT('Ctrl Pts',(5.47991665314415,-23.4562052429183,15.9217051114708));
#4089=CARTESIAN_POINT('Ctrl Pts',(3.11862574833321,-25.0818462757967,14.5195791474301));
#4090=CARTESIAN_POINT('Ctrl Pts',(1.30155318883629,-25.6879124114545,14.0647662499026));
#4091=CARTESIAN_POINT('Ctrl Pts',(0.32572039733643,-25.7781689136926,13.9973353913236));
#4092=CARTESIAN_POINT('Ctrl Pts',(-4.40290592465531E-6,-25.7778860589907,
13.997641576111));
#4093=CARTESIAN_POINT('Ctrl Pts',(-4.40290592465531E-6,-25.7778860589907,
13.997641576111));
#4094=CARTESIAN_POINT('Ctrl Pts',(-0.324724264516119,-25.777604076963,13.9979468162454));
#4095=CARTESIAN_POINT('Ctrl Pts',(-1.30022407434143,-25.6860276424927,14.0669309325634));
#4096=CARTESIAN_POINT('Ctrl Pts',(-3.11986054733914,-25.079866570344,14.5215613919885));
#4097=CARTESIAN_POINT('Ctrl Pts',(-5.48054245836437,-23.455573255521,15.9216650138459));
#4098=CARTESIAN_POINT('Ctrl Pts',(-6.97632358305237,-21.8582436795293,17.408917804142));
#4099=CARTESIAN_POINT('Ctrl Pts',(-7.64837776965228,-20.999987842047,18.2229084922635));
#4100=CARTESIAN_POINT('',(-10.3360524796218,-22.99999696825,18.77536696825));
#4101=CARTESIAN_POINT('Ctrl Pts',(-10.3360514018592,-22.9999965915282,18.7753673449718));
#4102=CARTESIAN_POINT('Ctrl Pts',(-10.3733766791243,-22.9466046023706,18.8287593341294));
#4103=CARTESIAN_POINT('Ctrl Pts',(-10.4105350400489,-22.8929274646189,18.8824364718811));
#4104=CARTESIAN_POINT('Ctrl Pts',(-10.4475264812273,-22.8389670923372,18.9363968441628));
#4105=CARTESIAN_POINT('',(10.3360524796216,-22.99999696825,18.77536696825));
#4106=CARTESIAN_POINT('Ctrl Pts',(-10.3360514018592,-22.9999965915282,18.7753673449718));
#4107=CARTESIAN_POINT('Ctrl Pts',(-9.6238311875167,-24.0187928804861,17.7565710560139));
#4108=CARTESIAN_POINT('Ctrl Pts',(-8.03733148594616,-25.8966903204433,15.8786736160567));
#4109=CARTESIAN_POINT('Ctrl Pts',(-5.25020172154924,-27.9911759251047,13.7841880113953));
#4110=CARTESIAN_POINT('Ctrl Pts',(-1.88536214264987,-29.2397126779814,12.5356512585186));
#4111=CARTESIAN_POINT('Ctrl Pts',(1.88232527746242,-29.2374801167937,12.5378838197063));
#4112=CARTESIAN_POINT('Ctrl Pts',(5.25129954259862,-27.9893811361373,13.7859828003627));
#4113=CARTESIAN_POINT('Ctrl Pts',(8.0379757152884,-25.8957706049058,15.8795933315942));
#4114=CARTESIAN_POINT('Ctrl Pts',(9.62386105914688,-24.0187499528574,17.7566139836426));
#4115=CARTESIAN_POINT('Ctrl Pts',(10.3360514120538,-22.9999965950921,18.7753673414079));
#4116=CARTESIAN_POINT('Ctrl Pts',(10.4475264812272,-22.8389670923373,18.9363968441627));
#4117=CARTESIAN_POINT('Ctrl Pts',(10.4105342763331,-22.8929285786707,18.8824353578293));
#4118=CARTESIAN_POINT('Ctrl Pts',(10.3733759353326,-22.9466056957882,18.8287582407118));
#4119=CARTESIAN_POINT('Ctrl Pts',(10.3360514120538,-22.9999965950921,18.7753673414079));
#4120=CARTESIAN_POINT('Origin',(-4.37500000000001,-35.55276807515,6.22259586135));
#4121=CARTESIAN_POINT('',(-13.75,-23.,18.77537));
#4122=CARTESIAN_POINT('',(-12.,-23.,18.77537));
#4123=CARTESIAN_POINT('',(-8.75000000000001,-28.,13.77537));
#4124=CARTESIAN_POINT('',(-8.36654333333334,-28.3834566666667,13.3919133333333));
#4125=CARTESIAN_POINT('',(-8.75000000000001,-39.3301722138,2.4451917227));
#4126=CARTESIAN_POINT('',(-8.75000000000001,-33.9702250217,7.8051389148));
#4127=CARTESIAN_POINT('',(-6.75000000000001,-41.3301722138,0.445191722699998));
#4128=CARTESIAN_POINT('',(-8.53910275910001,-39.5410694547,2.2342944818));
#4129=CARTESIAN_POINT('',(6.75,-41.3301722138,0.445191722699998));
#4130=CARTESIAN_POINT('',(-4.37500000000001,-41.3301722138,0.445191722699998));
#4131=CARTESIAN_POINT('',(8.75,-39.3301722138,2.4451917227));
#4132=CARTESIAN_POINT('',(7.08076942576667,-40.9994027880333,0.775961148466672));
#4133=CARTESIAN_POINT('',(8.75,-39.33,2.4453639365));
#4134=CARTESIAN_POINT('',(8.74999999999999,-38.55276807515,3.22259586135));
#4135=CARTESIAN_POINT('',(11.9198766666667,-36.1601233333333,5.61524666666667));
#4136=CARTESIAN_POINT('Origin',(-24.,-23.,0.));
#4137=CARTESIAN_POINT('',(-16.,-23.,0.));
#4138=CARTESIAN_POINT('',(-16.,-23.,0.));
#4139=CARTESIAN_POINT('',(-14.0354842690898,-23.,0.));
#4140=CARTESIAN_POINT('',(-24.,-23.,0.));
#4141=CARTESIAN_POINT('',(-13.75,-23.,-0.242796985950941));
#4142=CARTESIAN_POINT('Ctrl Pts',(-13.75,-23.,-0.242796985950941));
#4143=CARTESIAN_POINT('Ctrl Pts',(-13.891261987135,-23.,-0.12313887208199));
#4144=CARTESIAN_POINT('Ctrl Pts',(-14.0354842690898,-23.,-4.98979347834152E-15));
#4145=CARTESIAN_POINT('',(-13.75,-23.,-4.71310875424496E-16));
#4146=CARTESIAN_POINT('Ctrl Pts',(-5.0331839868377E-14,-25.77537,14.));
#4147=CARTESIAN_POINT('Ctrl Pts',(-14.0000000000001,-25.77537,14.));
#4148=CARTESIAN_POINT('Ctrl Pts',(-14.0000000000001,-25.77537,40.));
#4149=CARTESIAN_POINT('Ctrl Pts',(-14.0000000000002,-25.77537,66.));
#4150=CARTESIAN_POINT('Ctrl Pts',(-1.76014594559443E-13,-25.77537,66.));
#4151=CARTESIAN_POINT('Ctrl Pts',(13.9999999999998,-25.77537,66.));
#4152=CARTESIAN_POINT('Ctrl Pts',(13.9999999999999,-25.77537,40.));
#4153=CARTESIAN_POINT('Ctrl Pts',(14.,-25.77537,14.));
#4154=CARTESIAN_POINT('Ctrl Pts',(-5.0331839868377E-14,-25.77537,14.));
#4155=CARTESIAN_POINT('Ctrl Pts',(-5.0331839868377E-14,19.,14.));
#4156=CARTESIAN_POINT('Ctrl Pts',(-14.0000000000001,19.,14.));
#4157=CARTESIAN_POINT('Ctrl Pts',(-14.0000000000001,19.,40.));
#4158=CARTESIAN_POINT('Ctrl Pts',(-14.0000000000002,19.,66.));
#4159=CARTESIAN_POINT('Ctrl Pts',(-1.76014594559443E-13,19.,66.));
#4160=CARTESIAN_POINT('Ctrl Pts',(13.9999999999998,19.,66.));
#4161=CARTESIAN_POINT('Ctrl Pts',(13.9999999999999,19.,40.));
#4162=CARTESIAN_POINT('Ctrl Pts',(14.,19.,14.));
#4163=CARTESIAN_POINT('Ctrl Pts',(-5.0331839868377E-14,19.,14.));
#4164=CARTESIAN_POINT('',(1.08092559392842E-6,-14.9994523140588,14.0005221095003));
#4165=CARTESIAN_POINT('Ctrl Pts',(-5.0331839868377E-14,-25.77537,14.));
#4166=CARTESIAN_POINT('Ctrl Pts',(-5.0331839868377E-14,-14.9994523140588,
14.));
#4167=CARTESIAN_POINT('',(-3.95185799870401,-13.9978920965684,15.0576991840982));
#4168=CARTESIAN_POINT('Ctrl Pts',(-3.95166034847603,-13.9986013555028,15.0581231677978));
#4169=CARTESIAN_POINT('Ctrl Pts',(-3.18446217497606,-14.3846091630375,14.6394586433999));
#4170=CARTESIAN_POINT('Ctrl Pts',(-1.88381258722071,-14.8632089038194,14.1392650449668));
#4171=CARTESIAN_POINT('Ctrl Pts',(-0.511669560993871,-14.9987308629641,
14.0008246395865));
#4172=CARTESIAN_POINT('Ctrl Pts',(1.08092559400474E-6,-14.9994523140588,
14.0005221095003));
#4173=CARTESIAN_POINT('',(-9.43200352968173,-8.97947137512727,20.7858106955446));
#4174=CARTESIAN_POINT('Ctrl Pts',(-9.43222989692463,-8.97949589178769,20.7865551962358));
#4175=CARTESIAN_POINT('Ctrl Pts',(-9.45081055554068,-9.13711289837625,20.8181255260497));
#4176=CARTESIAN_POINT('Ctrl Pts',(-9.51010930312516,-9.80104935716207,20.91986938435));
#4177=CARTESIAN_POINT('Ctrl Pts',(-9.46975018628224,-11.5342893592428,20.8509403613267));
#4178=CARTESIAN_POINT('Ctrl Pts',(-8.74638676779373,-13.7217958157565,19.62464102245));
#4179=CARTESIAN_POINT('Ctrl Pts',(-7.17807892958353,-14.7431340457146,17.5645284440601));
#4180=CARTESIAN_POINT('Ctrl Pts',(-5.50526881939706,-14.5893546911936,16.0207816393147));
#4181=CARTESIAN_POINT('Ctrl Pts',(-4.40506308742887,-14.1849787700449,15.3051895333726));
#4182=CARTESIAN_POINT('Ctrl Pts',(-3.95196115368963,-13.9975219295521,15.0574779041488));
#4183=CARTESIAN_POINT('',(-9.4322014680924,8.97890451914119,20.786024933387));
#4184=CARTESIAN_POINT('Ctrl Pts',(-9.4322014680924,8.97890451914119,20.786024933387));
#4185=CARTESIAN_POINT('Ctrl Pts',(-9.63099680855695,8.67807252619811,21.1225317563015));
#4186=CARTESIAN_POINT('Ctrl Pts',(-10.3164068049919,7.56173888740503,22.3536189053522));
#4187=CARTESIAN_POINT('Ctrl Pts',(-11.0842705594024,5.90673236383291,24.0555521363156));
#4188=CARTESIAN_POINT('Ctrl Pts',(-11.6237451394256,4.1130536628019,25.4965342897331));
#4189=CARTESIAN_POINT('Ctrl Pts',(-11.8688709731111,2.97051948848477,26.206553773177));
#4190=CARTESIAN_POINT('Ctrl Pts',(-12.0630749424658,1.7448717998008,26.7985110035584));
#4191=CARTESIAN_POINT('Ctrl Pts',(-12.1822971101088,-0.000989241841176359,
27.1896894652414));
#4192=CARTESIAN_POINT('Ctrl Pts',(-12.0388717365098,-2.09240556287379,26.7190196474436));
#4193=CARTESIAN_POINT('Ctrl Pts',(-11.7004562004228,-3.85433649091949,25.7007760399628));
#4194=CARTESIAN_POINT('Ctrl Pts',(-11.0841789345089,-5.90915126656923,24.0562279284037));
#4195=CARTESIAN_POINT('Ctrl Pts',(-10.3165325879527,-7.56244489899189,22.3542365025646));
#4196=CARTESIAN_POINT('Ctrl Pts',(-9.63097645773754,-8.67849797332428,21.1226518299615));
#4197=CARTESIAN_POINT('Ctrl Pts',(-9.43200352968173,-8.97947137512727,20.7858106955446));
#4198=CARTESIAN_POINT('',(-3.95189557598097,13.9976428518506,15.0575063781607));
#4199=CARTESIAN_POINT('Ctrl Pts',(-3.95189560378949,13.997643072015,15.0575063308929));
#4200=CARTESIAN_POINT('Ctrl Pts',(-4.40492956175004,14.1852618552491,15.3052588330143));
#4201=CARTESIAN_POINT('Ctrl Pts',(-5.50545968251449,14.5905592340251,16.0213382379427));
#4202=CARTESIAN_POINT('Ctrl Pts',(-7.17853107434803,14.7433479913515,17.5662610096571));
#4203=CARTESIAN_POINT('Ctrl Pts',(-8.74678710229363,13.7267933319229,19.6250135711009));
#4204=CARTESIAN_POINT('Ctrl Pts',(-9.46899208675908,11.5299520553526,20.8487271111017));
#4205=CARTESIAN_POINT('Ctrl Pts',(-9.50980468325411,9.79957655398614,20.9187855167061));
#4206=CARTESIAN_POINT('Ctrl Pts',(-9.45085594988798,9.13628614093922,20.8175921459487));
#4207=CARTESIAN_POINT('Ctrl Pts',(-9.4324730737255,8.97950975474759,20.7863422786559));
#4208=CARTESIAN_POINT('',(-1.71526027053712E-6,14.9996462723443,14.0003751174292));
#4209=CARTESIAN_POINT('Ctrl Pts',(-1.71526027041569E-6,14.9996462723443,
14.0003751174292));
#4210=CARTESIAN_POINT('Ctrl Pts',(-0.0872487762734372,14.9998868004375,
14.0002029704539));
#4211=CARTESIAN_POINT('Ctrl Pts',(-1.02189666439255,14.9860517828088,14.0149376550511));
#4212=CARTESIAN_POINT('Ctrl Pts',(-2.38517735664555,14.7022579876119,14.3006274855231));
#4213=CARTESIAN_POINT('Ctrl Pts',(-3.56482251697097,14.1929567138001,14.8457341014711));
#4214=CARTESIAN_POINT('Ctrl Pts',(-3.9519845412142,13.99834720349,15.0573551586631));
#4215=CARTESIAN_POINT('',(-5.20463453871833E-14,19.,14.));
#4216=CARTESIAN_POINT('Ctrl Pts',(-5.0331839868377E-14,14.9996462723443,
14.));
#4217=CARTESIAN_POINT('Ctrl Pts',(-5.0331839868377E-14,19.,14.));
#4218=CARTESIAN_POINT('Ctrl Pts',(-5.20463453871833E-14,19.,14.));
#4219=CARTESIAN_POINT('Ctrl Pts',(1.04719755119655,19.,14.));
#4220=CARTESIAN_POINT('Ctrl Pts',(3.14112638643919,19.,14.4393769690993));
#4221=CARTESIAN_POINT('Ctrl Pts',(7.12149037512342,19.,17.0201405611255));
#4222=CARTESIAN_POINT('Ctrl Pts',(11.3195981628924,19.,23.2333134509874));
#4223=CARTESIAN_POINT('Ctrl Pts',(14.1157471552733,19.,34.0179736486615));
#4224=CARTESIAN_POINT('Ctrl Pts',(14.1149898308319,19.,44.652422223245));
#4225=CARTESIAN_POINT('Ctrl Pts',(12.3060902983132,19.,53.1956382960634));
#4226=CARTESIAN_POINT('Ctrl Pts',(9.66610663363121,19.,59.3458661565334));
#4227=CARTESIAN_POINT('Ctrl Pts',(6.16525992012281,19.,63.7775737959495));
#4228=CARTESIAN_POINT('Ctrl Pts',(2.11875693185363,19.,66.0961807652145));
#4229=CARTESIAN_POINT('Ctrl Pts',(-2.11894493670932,19.,66.0966081012164));
#4230=CARTESIAN_POINT('Ctrl Pts',(-6.16305999573742,19.,63.7759540278049));
#4231=CARTESIAN_POINT('Ctrl Pts',(-10.8402936266938,19.,57.8746836307783));
#4232=CARTESIAN_POINT('Ctrl Pts',(-13.7530312358973,19.,48.4991957364837));
#4233=CARTESIAN_POINT('Ctrl Pts',(-14.2815085191315,19.,35.4042868199164));
#4234=CARTESIAN_POINT('Ctrl Pts',(-11.8913885253539,19.,24.0602643342306));
#4235=CARTESIAN_POINT('Ctrl Pts',(-7.11762147985293,19.,17.0207781808676));
#4236=CARTESIAN_POINT('Ctrl Pts',(-3.14231116328734,19.,14.4392111379511));
#4237=CARTESIAN_POINT('Ctrl Pts',(-1.04719755119665,19.,14.));
#4238=CARTESIAN_POINT('Ctrl Pts',(-5.20463453871833E-14,19.,14.));
#4239=CARTESIAN_POINT('',(1.52617919243482,14.845426533472,14.1575987638761));
#4240=CARTESIAN_POINT('Ctrl Pts',(1.52593349759399,14.8447394563461,14.1581384602854));
#4241=CARTESIAN_POINT('Ctrl Pts',(1.02268846375883,14.9441798449671,14.0555761110534));
#4242=CARTESIAN_POINT('Ctrl Pts',(0.511439178195393,14.9982363004615,14.0013842402788));
#4243=CARTESIAN_POINT('Ctrl Pts',(-1.71526027041569E-6,14.9996462723443,
14.0003751174292));
#4244=CARTESIAN_POINT('',(3.79384190654875,15.483553302135,14.9730189299042));
#4245=CARTESIAN_POINT('Ctrl Pts',(3.79440521782964,15.4835376331907,14.9731488489714));
#4246=CARTESIAN_POINT('Ctrl Pts',(3.78991136656595,15.4821699555935,14.9707989628464));
#4247=CARTESIAN_POINT('Ctrl Pts',(3.78541658691193,15.4808012464244,14.9684531053328));
#4248=CARTESIAN_POINT('Ctrl Pts',(3.62199919625777,15.4310129772355,14.8833274389916));
#4249=CARTESIAN_POINT('Ctrl Pts',(3.30166903647136,15.3315951889228,14.7277355475159));
#4250=CARTESIAN_POINT('Ctrl Pts',(2.81513684491373,15.1818974867669,14.5254307856817));
#4251=CARTESIAN_POINT('Ctrl Pts',(2.32240377113437,15.0387796183559,14.3545514020763));
#4252=CARTESIAN_POINT('Ctrl Pts',(1.89176977165631,14.9275520619301,14.2347758467586));
#4253=CARTESIAN_POINT('Ctrl Pts',(1.62572469793683,14.8687156819859,14.1752343011784));
#4254=CARTESIAN_POINT('Ctrl Pts',(1.52728368446058,14.8485152072269,14.1551726226582));
#4255=CARTESIAN_POINT('',(10.0077968651971,8.04384632361307,21.8197943534224));
#4256=CARTESIAN_POINT('Ctrl Pts',(10.0077968651971,8.04384632361307,21.8197943534224));
#4257=CARTESIAN_POINT('Ctrl Pts',(10.0548044253023,8.33036228779688,21.9096094714374));
#4258=CARTESIAN_POINT('Ctrl Pts',(10.2459080629766,9.87932774505537,22.2809121170771));
#4259=CARTESIAN_POINT('Ctrl Pts',(10.0444499358029,12.9790315176686,21.8517655145634));
#4260=CARTESIAN_POINT('Ctrl Pts',(8.63914498125108,15.5995813348308,19.3809737330086));
#4261=CARTESIAN_POINT('Ctrl Pts',(6.46863039871227,16.2049006419459,16.76247932541));
#4262=CARTESIAN_POINT('Ctrl Pts',(4.755257377515,15.7749230791943,15.4858522433632));
#4263=CARTESIAN_POINT('Ctrl Pts',(3.8417608584117,15.4981630841152,14.9980935213187));
#4264=CARTESIAN_POINT('Ctrl Pts',(3.79384190654875,15.483553302135,14.9730189299042));
#4265=CARTESIAN_POINT('',(10.0081619845285,-8.04215108587373,21.8209404491099));
#4266=CARTESIAN_POINT('Ctrl Pts',(10.0080521462097,-8.04192541004634,21.8199590375625));
#4267=CARTESIAN_POINT('Ctrl Pts',(10.163280237288,-7.76869876753697,22.1147857826007));
#4268=CARTESIAN_POINT('Ctrl Pts',(10.701110509143,-6.75469758241254,23.1866402568717));
#4269=CARTESIAN_POINT('Ctrl Pts',(11.4676562184872,-4.85658434830668,25.0003604993107));
#4270=CARTESIAN_POINT('Ctrl Pts',(12.0257532611043,-2.42250611358718,26.6750630167833));
#4271=CARTESIAN_POINT('Ctrl Pts',(12.1711182566262,0.00142334969577281,
27.1535549169205));
#4272=CARTESIAN_POINT('Ctrl Pts',(12.0624679068024,1.81634022817161,26.7963134644519));
#4273=CARTESIAN_POINT('Ctrl Pts',(11.7989176867765,3.3981853012271,25.990700707697));
#4274=CARTESIAN_POINT('Ctrl Pts',(11.3095718754589,5.25551380543959,24.6315792927309));
#4275=CARTESIAN_POINT('Ctrl Pts',(10.6998594498692,6.75612004976111,23.1829044985431));
#4276=CARTESIAN_POINT('Ctrl Pts',(10.1628859966638,7.76861349464125,22.1127175677401));
#4277=CARTESIAN_POINT('Ctrl Pts',(10.0082197705259,8.04102345225799,21.8191047604191));
#4278=CARTESIAN_POINT('',(3.79387555588148,-15.483498270772,14.9730608796127));
#4279=CARTESIAN_POINT('Ctrl Pts',(3.79387555588148,-15.483498270772,14.9730608796127));
#4280=CARTESIAN_POINT('Ctrl Pts',(3.84168125048951,-15.4980740577946,14.9980776847688));
#4281=CARTESIAN_POINT('Ctrl Pts',(4.7549888738779,-15.7747960557445,15.4857397542554));
#4282=CARTESIAN_POINT('Ctrl Pts',(6.46842029808244,-16.2051191452823,16.7622262003171));
#4283=CARTESIAN_POINT('Ctrl Pts',(8.63915751598114,-15.5988947651817,19.3811942933317));
#4284=CARTESIAN_POINT('Ctrl Pts',(10.0442923761845,-12.9799489340869,21.8517062801902));
#4285=CARTESIAN_POINT('Ctrl Pts',(10.2469291761449,-9.87473134935324,22.2840184024386));
#4286=CARTESIAN_POINT('Ctrl Pts',(10.0552986370174,-8.32815051615087,21.9111304696231));
#4287=CARTESIAN_POINT('Ctrl Pts',(10.0081619845285,-8.04215108587373,21.8209404491099));
#4288=CARTESIAN_POINT('',(1.52747341325492,-14.8495205762572,14.1549443456478));
#4289=CARTESIAN_POINT('Ctrl Pts',(1.52728415038453,-14.8485098763392,14.1551754326522));
#4290=CARTESIAN_POINT('Ctrl Pts',(1.62601715003763,-14.8687659347645,14.1752983159638));
#4291=CARTESIAN_POINT('Ctrl Pts',(1.89269319370316,-14.92773898344,14.2349998599244));
#4292=CARTESIAN_POINT('Ctrl Pts',(2.65753601469605,-15.125506796913,14.4478903062762));
#4293=CARTESIAN_POINT('Ctrl Pts',(3.30679842570686,-15.3350949678656,14.7189391257602));
#4294=CARTESIAN_POINT('Ctrl Pts',(3.78775521084846,-15.4815129745715,14.9696737111707));
#4295=CARTESIAN_POINT('Ctrl Pts',(3.79107989542724,-15.4825255901268,14.9714099999065));
#4296=CARTESIAN_POINT('Ctrl Pts',(3.79440525971926,-15.4835376441444,14.973148870876));
#4297=CARTESIAN_POINT('Ctrl Pts',(1.08092559400474E-6,-14.9994523140588,
14.0005221095003));
#4298=CARTESIAN_POINT('Ctrl Pts',(0.337515055025094,-14.999928205787,14.0003225511843));
#4299=CARTESIAN_POINT('Ctrl Pts',(0.850028494194264,-14.9677310550749,14.0339353458047));
#4300=CARTESIAN_POINT('Ctrl Pts',(1.35585967612598,-14.8841493527962,14.1197236444152));
#4301=CARTESIAN_POINT('Ctrl Pts',(1.52757255834108,-14.8500500299754,14.1548232910484));
#4302=CARTESIAN_POINT('',(-0.939569132249717,12.8164741491631,65.9414701331474));
#4303=CARTESIAN_POINT('',(0.0455582652287589,14.6839025745481,65.9998623352381));
#4304=CARTESIAN_POINT('Ctrl Pts',(-0.940283320715063,12.817388292325,65.9411228771566));
#4305=CARTESIAN_POINT('Ctrl Pts',(-0.631271309276559,13.4577239198087,65.9793978384148));
#4306=CARTESIAN_POINT('Ctrl Pts',(-0.294426845683839,14.0727773517122,66.0019170268738));
#4307=CARTESIAN_POINT('Ctrl Pts',(0.0455582652287584,14.6839025745481,65.9998623352381));
#4308=CARTESIAN_POINT('',(-9.4325586929193,8.97938873606729,59.2118444369368));
#4309=CARTESIAN_POINT('Ctrl Pts',(-9.43247409003091,8.97921721816471,59.2123507305861));
#4310=CARTESIAN_POINT('Ctrl Pts',(-9.4371534849861,9.01873596316585,59.2044335337415));
#4311=CARTESIAN_POINT('Ctrl Pts',(-9.50709991198636,9.64901726787506,59.0860020971721));
#4312=CARTESIAN_POINT('Ctrl Pts',(-9.50640538413612,10.9424928005337,59.0871343655402));
#4313=CARTESIAN_POINT('Ctrl Pts',(-9.13490725987917,12.621813857178,59.7174805024332));
#4314=CARTESIAN_POINT('Ctrl Pts',(-8.45348966518374,13.8254076698448,60.7521211382813));
#4315=CARTESIAN_POINT('Ctrl Pts',(-7.24906088989223,14.7092613385272,62.3261151157467));
#4316=CARTESIAN_POINT('Ctrl Pts',(-5.40121092400638,14.6437596671088,64.1388000868168));
#4317=CARTESIAN_POINT('Ctrl Pts',(-3.17590094424556,13.6684865770132,65.4364075705748));
#4318=CARTESIAN_POINT('Ctrl Pts',(-1.65776973643662,12.977705655597,65.8519764393842));
#4319=CARTESIAN_POINT('Ctrl Pts',(-0.939569132249717,12.8164741491631,65.9414701331474));
#4320=CARTESIAN_POINT('',(-9.43232219631924,-8.97942443087683,59.2134475958945));
#4321=CARTESIAN_POINT('Ctrl Pts',(-9.43232219631923,-8.97942443087683,59.2134475958945));
#4322=CARTESIAN_POINT('Ctrl Pts',(-9.63114910299795,-8.67872436344519,58.8768039275664));
#4323=CARTESIAN_POINT('Ctrl Pts',(-10.3166483090839,-7.56274244486878,57.6453356666762));
#4324=CARTESIAN_POINT('Ctrl Pts',(-11.0841422895794,-5.90592915610959,55.9450751413118));
#4325=CARTESIAN_POINT('Ctrl Pts',(-11.6238768759239,-4.11215439042532,54.5029446308598));
#4326=CARTESIAN_POINT('Ctrl Pts',(-11.8688859987237,-2.97019706386906,53.7934120987561));
#4327=CARTESIAN_POINT('Ctrl Pts',(-12.0636171878245,-1.74211170428552,53.199246427189));
#4328=CARTESIAN_POINT('Ctrl Pts',(-12.1577099575804,-0.351947485851981,
52.8916641428535));
#4329=CARTESIAN_POINT('Ctrl Pts',(-12.1116873397325,1.05153920744572,53.0410182846073));
#4330=CARTESIAN_POINT('Ctrl Pts',(-11.9151182917298,3.0460244666995,53.66727789907));
#4331=CARTESIAN_POINT('Ctrl Pts',(-11.2830627136447,5.46913631686331,55.5127353276154));
#4332=CARTESIAN_POINT('Ctrl Pts',(-10.3171624515877,7.56218120766585,57.6430640137532));
#4333=CARTESIAN_POINT('Ctrl Pts',(-9.63162403019931,8.67838288153767,58.8746086874669));
#4334=CARTESIAN_POINT('Ctrl Pts',(-9.4325586929193,8.97938873606728,59.2118444369368));
#4335=CARTESIAN_POINT('',(-0.939600110928942,-12.8165184676583,65.9414514770679));
#4336=CARTESIAN_POINT('Ctrl Pts',(-0.939567970741504,-12.8164775714427,
65.9414669054885));
#4337=CARTESIAN_POINT('Ctrl Pts',(-1.6577227983053,-12.9777139824419,65.8519628422518));
#4338=CARTESIAN_POINT('Ctrl Pts',(-3.17533820815303,-13.6684858596331,65.4362886069259));
#4339=CARTESIAN_POINT('Ctrl Pts',(-5.40357363575593,-14.6433535041432,64.136694094189));
#4340=CARTESIAN_POINT('Ctrl Pts',(-7.24842150566066,-14.7089138801497,62.3275491659311));
#4341=CARTESIAN_POINT('Ctrl Pts',(-8.45374935303592,-13.8247603458201,60.7523026388304));
#4342=CARTESIAN_POINT('Ctrl Pts',(-9.13512322294084,-12.6223906239539,59.7168443872033));
#4343=CARTESIAN_POINT('Ctrl Pts',(-9.47606348631995,-11.0791960248067,59.1387662371162));
#4344=CARTESIAN_POINT('Ctrl Pts',(-9.50713241591335,-9.84747609085134,59.0859412151506));
#4345=CARTESIAN_POINT('Ctrl Pts',(-9.45879312398534,-9.20310025002639,59.1678565634398));
#4346=CARTESIAN_POINT('Ctrl Pts',(-9.43816551337545,-9.01690274708801,59.2028642172612));
#4347=CARTESIAN_POINT('Ctrl Pts',(-9.43363913755734,-8.97864352245816,59.2105419888166));
#4348=CARTESIAN_POINT('',(0.0455582652287703,-14.6839025745481,65.9998623352381));
#4349=CARTESIAN_POINT('Ctrl Pts',(0.0455582652287703,-14.6839025745481,
65.9998623352381));
#4350=CARTESIAN_POINT('Ctrl Pts',(-0.294424856533644,-14.0727809272213,
66.0019170148524));
#4351=CARTESIAN_POINT('Ctrl Pts',(-0.631253829399261,-13.4577664546538,
65.9794011251362));
#4352=CARTESIAN_POINT('Ctrl Pts',(-0.940284101825728,-12.8173887998331,
65.9411231373761));
#4353=CARTESIAN_POINT('',(10.0081585895646,-8.04129064218519,58.1809780208872));
#4354=CARTESIAN_POINT('Ctrl Pts',(10.0081585895646,-8.04129064218519,58.1809780208872));
#4355=CARTESIAN_POINT('Ctrl Pts',(10.079475705468,-8.48000715678236,58.045785641428));
#4356=CARTESIAN_POINT('Ctrl Pts',(10.1951848814076,-9.62070360266052,57.8185697685218));
#4357=CARTESIAN_POINT('Ctrl Pts',(10.1306122487083,-11.5059236037075,57.9461718434795));
#4358=CARTESIAN_POINT('Ctrl Pts',(9.59844226820424,-14.0376157359394,58.9673446266823));
#4359=CARTESIAN_POINT('Ctrl Pts',(8.59912999744531,-15.3942620969927,60.60317885346));
#4360=CARTESIAN_POINT('Ctrl Pts',(7.1476890763405,-16.0208452969667,62.4059653689379));
#4361=CARTESIAN_POINT('Ctrl Pts',(5.495074911361,-16.053033184321,64.0632060926671));
#4362=CARTESIAN_POINT('Ctrl Pts',(3.00024988881766,-15.2020062722673,65.5847425236471));
#4363=CARTESIAN_POINT('Ctrl Pts',(1.03953319762693,-14.6906254179478,65.9938552722399));
#4364=CARTESIAN_POINT('Ctrl Pts',(0.0455582652287708,-14.6839025745481,
65.9998623352381));
#4365=CARTESIAN_POINT('',(10.0081574197787,8.04129104608399,58.1809787113456));
#4366=CARTESIAN_POINT('Ctrl Pts',(10.0081866588411,8.04093744128224,58.1809575410257));
#4367=CARTESIAN_POINT('Ctrl Pts',(10.1631049725341,7.76812595902099,57.8868436560569));
#4368=CARTESIAN_POINT('Ctrl Pts',(10.7008145901899,6.75465706218342,56.8149020747504));
#4369=CARTESIAN_POINT('Ctrl Pts',(11.3110585416149,5.25557187630451,55.3622524586821));
#4370=CARTESIAN_POINT('Ctrl Pts',(11.7985672300077,3.3967581304284,54.011158019037));
#4371=CARTESIAN_POINT('Ctrl Pts',(12.1115444619302,1.55420838853935,53.0473610385173));
#4372=CARTESIAN_POINT('Ctrl Pts',(12.1678022176673,-0.326162132001414,52.8606897898603));
#4373=CARTESIAN_POINT('Ctrl Pts',(11.966507125373,-2.66455195235568,53.5067256293384));
#4374=CARTESIAN_POINT('Ctrl Pts',(11.4689424272302,-4.859075270131,54.9942673118369));
#4375=CARTESIAN_POINT('Ctrl Pts',(10.6998913665366,-6.75594077385838,56.8168807883614));
#4376=CARTESIAN_POINT('Ctrl Pts',(10.1629218202233,-7.76859414736213,57.886793929462));
#4377=CARTESIAN_POINT('Ctrl Pts',(10.0081293493961,-8.04122131450932,58.1806657690135));
#4378=CARTESIAN_POINT('Ctrl Pts',(0.0455582652287589,14.6839025745481,65.9998623352381));
#4379=CARTESIAN_POINT('Ctrl Pts',(1.03955576395445,14.6906255705773,65.9938551358609));
#4380=CARTESIAN_POINT('Ctrl Pts',(2.9998563162496,15.2018851578594,65.5848622407366));
#4381=CARTESIAN_POINT('Ctrl Pts',(5.4948116006525,16.0529649406151,64.0634387422635));
#4382=CARTESIAN_POINT('Ctrl Pts',(7.14748206425522,16.0208858660929,62.4061912848308));
#4383=CARTESIAN_POINT('Ctrl Pts',(8.59900017499995,15.3943755204065,60.6033721593738));
#4384=CARTESIAN_POINT('Ctrl Pts',(9.59834986437824,14.0378582952601,58.9675117688961));
#4385=CARTESIAN_POINT('Ctrl Pts',(10.1305952060204,11.5061278682974,57.9462057761432));
#4386=CARTESIAN_POINT('Ctrl Pts',(10.1951919161228,9.62079541084906,57.8185551485617));
#4387=CARTESIAN_POINT('Ctrl Pts',(10.0794815000952,8.48004666877213,58.0457733077831));
#4388=CARTESIAN_POINT('Ctrl Pts',(10.0081574197787,8.04129104608399,58.1809787113456));
#4389=CARTESIAN_POINT('',(13.4447010084679,-10.,32.75));
#4390=CARTESIAN_POINT('',(12.8661607216751,-13.,29.75));
#4391=CARTESIAN_POINT('Ctrl Pts',(13.4447010084679,-10.,32.75));
#4392=CARTESIAN_POINT('Ctrl Pts',(13.4447010084679,-9.62392165901902,32.75));
#4393=CARTESIAN_POINT('Ctrl Pts',(13.4331680679629,-9.22306573717099,32.674917083025));
#4394=CARTESIAN_POINT('Ctrl Pts',(13.3839821773537,-8.48650460311692,32.3707056929949));
#4395=CARTESIAN_POINT('Ctrl Pts',(13.3460513605666,-8.15080806626735,32.1416012054157));
#4396=CARTESIAN_POINT('Ctrl Pts',(13.2518591943565,-7.61512198105453,31.6096016397402));
#4397=CARTESIAN_POINT('Ctrl Pts',(13.1888020354033,-7.38211576807907,31.2692490499561));
#4398=CARTESIAN_POINT('Ctrl Pts',(13.0394019127145,-7.07460077750532,30.5268364327736));
#4399=CARTESIAN_POINT('Ctrl Pts',(12.9527516428316,-7.,30.1248763917567));
#4400=CARTESIAN_POINT('Ctrl Pts',(12.7783668352734,-7.,29.3699156341916));
#4401=CARTESIAN_POINT('Ctrl Pts',(12.6785813882584,-7.07647874469091,28.9655043574051));
#4402=CARTESIAN_POINT('Ctrl Pts',(12.4830768143811,-7.38715393281031,28.2217836262886));
#4403=CARTESIAN_POINT('Ctrl Pts',(12.3876209107836,-7.62132543350333,27.8823945837772));
#4404=CARTESIAN_POINT('Ctrl Pts',(12.2337314367447,-8.15615709290157,27.3549163026604));
#4405=CARTESIAN_POINT('Ctrl Pts',(12.1642095823427,-8.48944284391501,27.1278615684451));
#4406=CARTESIAN_POINT('Ctrl Pts',(12.0699369793064,-9.22296469893099,26.825344695533));
#4407=CARTESIAN_POINT('Ctrl Pts',(12.0456325410336,-9.62330652212517,26.75));
#4408=CARTESIAN_POINT('Ctrl Pts',(12.0456325410336,-10.3766934778748,26.75));
#4409=CARTESIAN_POINT('Ctrl Pts',(12.0699369793064,-10.777035301069,26.825344695533));
#4410=CARTESIAN_POINT('Ctrl Pts',(12.1642095823427,-11.510557156085,27.127861568445));
#4411=CARTESIAN_POINT('Ctrl Pts',(12.2337314367447,-11.8438429070984,27.3549163026604));
#4412=CARTESIAN_POINT('Ctrl Pts',(12.3876209107836,-12.3786745664967,27.8823945837772));
#4413=CARTESIAN_POINT('Ctrl Pts',(12.4830768143811,-12.6128460671897,28.2217836262886));
#4414=CARTESIAN_POINT('Ctrl Pts',(12.6785813882584,-12.9235212553091,28.9655043574051));
#4415=CARTESIAN_POINT('Ctrl Pts',(12.7783668352734,-13.,29.3699156341916));
#4416=CARTESIAN_POINT('Ctrl Pts',(12.8661607216751,-13.,29.75));
#4417=CARTESIAN_POINT('Ctrl Pts',(12.8661607216751,-13.,29.75));
#4418=CARTESIAN_POINT('Ctrl Pts',(12.9527516428316,-13.,30.1248763917567));
#4419=CARTESIAN_POINT('Ctrl Pts',(13.0394019127145,-12.9253992224947,30.5268364327736));
#4420=CARTESIAN_POINT('Ctrl Pts',(13.1888020354033,-12.6178842319209,31.2692490499561));
#4421=CARTESIAN_POINT('Ctrl Pts',(13.2518591943565,-12.3848780189455,31.6096016397402));
#4422=CARTESIAN_POINT('Ctrl Pts',(13.3460513605666,-11.8491919337326,32.1416012054157));
#4423=CARTESIAN_POINT('Ctrl Pts',(13.3839821773537,-11.5134953968831,32.3707056929949));
#4424=CARTESIAN_POINT('Ctrl Pts',(13.4331680679629,-10.776934262829,32.674917083025));
#4425=CARTESIAN_POINT('Ctrl Pts',(13.4447010084679,-10.376078340981,32.75));
#4426=CARTESIAN_POINT('Ctrl Pts',(13.4447010084679,-10.,32.75));
#4427=CARTESIAN_POINT('',(13.4447010084679,10.,32.75));
#4428=CARTESIAN_POINT('',(12.8661607216751,7.,29.75));
#4429=CARTESIAN_POINT('Ctrl Pts',(13.4447010084679,10.,32.75));
#4430=CARTESIAN_POINT('Ctrl Pts',(13.4447010084679,10.376078340981,32.75));
#4431=CARTESIAN_POINT('Ctrl Pts',(13.4331680679629,10.776934262829,32.6749170830251));
#4432=CARTESIAN_POINT('Ctrl Pts',(13.3839821773537,11.5134953968831,32.3707056929949));
#4433=CARTESIAN_POINT('Ctrl Pts',(13.3460513605666,11.8491919337326,32.1416012054157));
#4434=CARTESIAN_POINT('Ctrl Pts',(13.2518591943565,12.3848780189455,31.6096016397402));
#4435=CARTESIAN_POINT('Ctrl Pts',(13.1888020354033,12.6178842319209,31.2692490499561));
#4436=CARTESIAN_POINT('Ctrl Pts',(13.0394019127145,12.9253992224947,30.5268364327736));
#4437=CARTESIAN_POINT('Ctrl Pts',(12.9527516428316,13.,30.1248763917567));
#4438=CARTESIAN_POINT('Ctrl Pts',(12.7783668352734,13.,29.3699156341916));
#4439=CARTESIAN_POINT('Ctrl Pts',(12.6785813882584,12.9235212553091,28.9655043574051));
#4440=CARTESIAN_POINT('Ctrl Pts',(12.4830768143811,12.6128460671897,28.2217836262886));
#4441=CARTESIAN_POINT('Ctrl Pts',(12.3876209107836,12.3786745664967,27.8823945837772));
#4442=CARTESIAN_POINT('Ctrl Pts',(12.2337314367448,11.8438429070984,27.3549163026604));
#4443=CARTESIAN_POINT('Ctrl Pts',(12.1642095823427,11.510557156085,27.1278615684451));
#4444=CARTESIAN_POINT('Ctrl Pts',(12.0699369793064,10.777035301069,26.825344695533));
#4445=CARTESIAN_POINT('Ctrl Pts',(12.0456325410336,10.3766934778748,26.75));
#4446=CARTESIAN_POINT('Ctrl Pts',(12.0456325410336,9.62330652212517,26.75));
#4447=CARTESIAN_POINT('Ctrl Pts',(12.0699369793064,9.22296469893099,26.825344695533));
#4448=CARTESIAN_POINT('Ctrl Pts',(12.1642095823427,8.48944284391501,27.1278615684451));
#4449=CARTESIAN_POINT('Ctrl Pts',(12.2337314367448,8.15615709290157,27.3549163026604));
#4450=CARTESIAN_POINT('Ctrl Pts',(12.3876209107836,7.62132543350333,27.8823945837772));
#4451=CARTESIAN_POINT('Ctrl Pts',(12.4830768143811,7.38715393281031,28.2217836262886));
#4452=CARTESIAN_POINT('Ctrl Pts',(12.6785813882584,7.07647874469091,28.9655043574051));
#4453=CARTESIAN_POINT('Ctrl Pts',(12.7783668352734,7.,29.3699156341916));
#4454=CARTESIAN_POINT('Ctrl Pts',(12.8661607216751,7.,29.75));
#4455=CARTESIAN_POINT('Ctrl Pts',(12.8661607216751,7.,29.75));
#4456=CARTESIAN_POINT('Ctrl Pts',(12.9527516428316,7.,30.1248763917567));
#4457=CARTESIAN_POINT('Ctrl Pts',(13.0394019127145,7.07460077750532,30.5268364327736));
#4458=CARTESIAN_POINT('Ctrl Pts',(13.1888020354033,7.38211576807907,31.2692490499561));
#4459=CARTESIAN_POINT('Ctrl Pts',(13.2518591943565,7.61512198105453,31.6096016397402));
#4460=CARTESIAN_POINT('Ctrl Pts',(13.3460513605666,8.15080806626735,32.1416012054157));
#4461=CARTESIAN_POINT('Ctrl Pts',(13.3839821773537,8.48650460311692,32.3707056929949));
#4462=CARTESIAN_POINT('Ctrl Pts',(13.4331680679629,9.22306573717099,32.6749170830251));
#4463=CARTESIAN_POINT('Ctrl Pts',(13.4447010084679,9.62392165901903,32.75));
#4464=CARTESIAN_POINT('Ctrl Pts',(13.4447010084679,10.,32.75));
#4465=CARTESIAN_POINT('',(12.0456325410335,10.,53.25));
#4466=CARTESIAN_POINT('',(12.866160721675,7.,50.25));
#4467=CARTESIAN_POINT('Ctrl Pts',(12.0456325410335,10.,53.25));
#4468=CARTESIAN_POINT('Ctrl Pts',(12.0456325410335,10.3766934778748,53.25));
#4469=CARTESIAN_POINT('Ctrl Pts',(12.0699369793064,10.777035301069,53.174655304467));
#4470=CARTESIAN_POINT('Ctrl Pts',(12.1642095823426,11.510557156085,52.8721384315549));
#4471=CARTESIAN_POINT('Ctrl Pts',(12.2337314367447,11.8438429070984,52.6450836973396));
#4472=CARTESIAN_POINT('Ctrl Pts',(12.3876209107836,12.3786745664967,52.1176054162228));
#4473=CARTESIAN_POINT('Ctrl Pts',(12.483076814381,12.6128460671897,51.7782163737114));
#4474=CARTESIAN_POINT('Ctrl Pts',(12.6785813882584,12.9235212553091,51.0344956425949));
#4475=CARTESIAN_POINT('Ctrl Pts',(12.7783668352734,13.,50.6300843658084));
#4476=CARTESIAN_POINT('Ctrl Pts',(12.9527516428315,13.,49.8751236082433));
#4477=CARTESIAN_POINT('Ctrl Pts',(13.0394019127145,12.9253992224947,49.4731635672264));
#4478=CARTESIAN_POINT('Ctrl Pts',(13.1888020354032,12.6178842319209,48.7307509500438));
#4479=CARTESIAN_POINT('Ctrl Pts',(13.2518591943565,12.3848780189455,48.3903983602598));
#4480=CARTESIAN_POINT('Ctrl Pts',(13.3460513605665,11.8491919337326,47.8583987945843));
#4481=CARTESIAN_POINT('Ctrl Pts',(13.3839821773537,11.5134953968831,47.6292943070051));
#4482=CARTESIAN_POINT('Ctrl Pts',(13.4331680679629,10.776934262829,47.3250829169749));
#4483=CARTESIAN_POINT('Ctrl Pts',(13.4447010084679,10.376078340981,47.25));
#4484=CARTESIAN_POINT('Ctrl Pts',(13.4447010084679,9.62392165901902,47.25));
#4485=CARTESIAN_POINT('Ctrl Pts',(13.4331680679629,9.22306573717099,47.3250829169749));
#4486=CARTESIAN_POINT('Ctrl Pts',(13.3839821773537,8.48650460311692,47.6292943070051));
#4487=CARTESIAN_POINT('Ctrl Pts',(13.3460513605665,8.15080806626735,47.8583987945843));
#4488=CARTESIAN_POINT('Ctrl Pts',(13.2518591943565,7.61512198105453,48.3903983602598));
#4489=CARTESIAN_POINT('Ctrl Pts',(13.1888020354032,7.38211576807907,48.7307509500438));
#4490=CARTESIAN_POINT('Ctrl Pts',(13.0394019127145,7.07460077750532,49.4731635672264));
#4491=CARTESIAN_POINT('Ctrl Pts',(12.9527516428316,7.,49.8751236082433));
#4492=CARTESIAN_POINT('Ctrl Pts',(12.866160721675,7.,50.25));
#4493=CARTESIAN_POINT('Ctrl Pts',(12.866160721675,7.,50.25));
#4494=CARTESIAN_POINT('Ctrl Pts',(12.7783668352734,7.,50.6300843658084));
#4495=CARTESIAN_POINT('Ctrl Pts',(12.6785813882584,7.0764787446909,51.0344956425949));
#4496=CARTESIAN_POINT('Ctrl Pts',(12.483076814381,7.38715393281029,51.7782163737113));
#4497=CARTESIAN_POINT('Ctrl Pts',(12.3876209107836,7.62132543350333,52.1176054162228));
#4498=CARTESIAN_POINT('Ctrl Pts',(12.2337314367447,8.15615709290157,52.6450836973396));
#4499=CARTESIAN_POINT('Ctrl Pts',(12.1642095823426,8.48944284391501,52.8721384315549));
#4500=CARTESIAN_POINT('Ctrl Pts',(12.0699369793064,9.22296469893099,53.174655304467));
#4501=CARTESIAN_POINT('Ctrl Pts',(12.0456325410335,9.62330652212517,53.25));
#4502=CARTESIAN_POINT('Ctrl Pts',(12.0456325410335,10.,53.25));
#4503=CARTESIAN_POINT('',(12.0456325410335,-10.,53.25));
#4504=CARTESIAN_POINT('',(12.866160721675,-13.,50.25));
#4505=CARTESIAN_POINT('Ctrl Pts',(12.0456325410335,-10.,53.25));
#4506=CARTESIAN_POINT('Ctrl Pts',(12.0456325410335,-9.62330652212517,53.25));
#4507=CARTESIAN_POINT('Ctrl Pts',(12.0699369793064,-9.22296469893099,53.174655304467));
#4508=CARTESIAN_POINT('Ctrl Pts',(12.1642095823426,-8.48944284391501,52.8721384315549));
#4509=CARTESIAN_POINT('Ctrl Pts',(12.2337314367447,-8.15615709290157,52.6450836973396));
#4510=CARTESIAN_POINT('Ctrl Pts',(12.3876209107836,-7.62132543350333,52.1176054162228));
#4511=CARTESIAN_POINT('Ctrl Pts',(12.483076814381,-7.3871539328103,51.7782163737114));
#4512=CARTESIAN_POINT('Ctrl Pts',(12.6785813882584,-7.0764787446909,51.0344956425949));
#4513=CARTESIAN_POINT('Ctrl Pts',(12.7783668352734,-7.,50.6300843658084));
#4514=CARTESIAN_POINT('Ctrl Pts',(12.9527516428315,-7.,49.8751236082433));
#4515=CARTESIAN_POINT('Ctrl Pts',(13.0394019127145,-7.07460077750532,49.4731635672264));
#4516=CARTESIAN_POINT('Ctrl Pts',(13.1888020354032,-7.38211576807907,48.7307509500438));
#4517=CARTESIAN_POINT('Ctrl Pts',(13.2518591943565,-7.61512198105453,48.3903983602598));
#4518=CARTESIAN_POINT('Ctrl Pts',(13.3460513605665,-8.15080806626735,47.8583987945843));
#4519=CARTESIAN_POINT('Ctrl Pts',(13.3839821773537,-8.48650460311692,47.6292943070051));
#4520=CARTESIAN_POINT('Ctrl Pts',(13.4331680679629,-9.22306573717099,47.3250829169749));
#4521=CARTESIAN_POINT('Ctrl Pts',(13.4447010084679,-9.62392165901902,47.25));
#4522=CARTESIAN_POINT('Ctrl Pts',(13.4447010084679,-10.376078340981,47.25));
#4523=CARTESIAN_POINT('Ctrl Pts',(13.4331680679629,-10.776934262829,47.3250829169749));
#4524=CARTESIAN_POINT('Ctrl Pts',(13.3839821773537,-11.5134953968831,47.6292943070051));
#4525=CARTESIAN_POINT('Ctrl Pts',(13.3460513605665,-11.8491919337326,47.8583987945843));
#4526=CARTESIAN_POINT('Ctrl Pts',(13.2518591943565,-12.3848780189455,48.3903983602598));
#4527=CARTESIAN_POINT('Ctrl Pts',(13.1888020354032,-12.6178842319209,48.7307509500438));
#4528=CARTESIAN_POINT('Ctrl Pts',(13.0394019127145,-12.9253992224947,49.4731635672264));
#4529=CARTESIAN_POINT('Ctrl Pts',(12.9527516428316,-13.,49.8751236082433));
#4530=CARTESIAN_POINT('Ctrl Pts',(12.866160721675,-13.,50.25));
#4531=CARTESIAN_POINT('Ctrl Pts',(12.866160721675,-13.,50.25));
#4532=CARTESIAN_POINT('Ctrl Pts',(12.7783668352734,-13.,50.6300843658083));
#4533=CARTESIAN_POINT('Ctrl Pts',(12.6785813882584,-12.9235212553091,51.0344956425949));
#4534=CARTESIAN_POINT('Ctrl Pts',(12.483076814381,-12.6128460671897,51.7782163737114));
#4535=CARTESIAN_POINT('Ctrl Pts',(12.3876209107836,-12.3786745664967,52.1176054162228));
#4536=CARTESIAN_POINT('Ctrl Pts',(12.2337314367447,-11.8438429070984,52.6450836973396));
#4537=CARTESIAN_POINT('Ctrl Pts',(12.1642095823426,-11.510557156085,52.8721384315549));
#4538=CARTESIAN_POINT('Ctrl Pts',(12.0699369793064,-10.777035301069,53.174655304467));
#4539=CARTESIAN_POINT('Ctrl Pts',(12.0456325410335,-10.3766934778748,53.25));
#4540=CARTESIAN_POINT('Ctrl Pts',(12.0456325410335,-10.,53.25));
#4541=CARTESIAN_POINT('',(-12.4544695940785,-10.,28.125));
#4542=CARTESIAN_POINT('',(-12.8661607216752,-11.625,29.75));
#4543=CARTESIAN_POINT('Ctrl Pts',(-12.4544695940785,-10.,28.125));
#4544=CARTESIAN_POINT('Ctrl Pts',(-12.4544695940785,-9.79611805304101,28.125));
#4545=CARTESIAN_POINT('Ctrl Pts',(-12.4658083624947,-9.57922215211337,28.1657479547193));
#4546=CARTESIAN_POINT('Ctrl Pts',(-12.5105767786146,-9.18146132950027,28.3298228869787));
#4547=CARTESIAN_POINT('Ctrl Pts',(-12.5438855897147,-9.0005627873258,28.453101302728));
#4548=CARTESIAN_POINT('Ctrl Pts',(-12.6191700166601,-8.71066753847046,28.7395027522534));
#4549=CARTESIAN_POINT('Ctrl Pts',(-12.6665630263905,-8.58397648915871,28.9235125386926));
#4550=CARTESIAN_POINT('Ctrl Pts',(-12.7664101573941,-8.41614714527824,29.3261907799808));
#4551=CARTESIAN_POINT('Ctrl Pts',(-12.8187801914376,-8.375,29.5448763914533));
#4552=CARTESIAN_POINT('Ctrl Pts',(-12.913190681148,-8.375,29.9536058893488));
#4553=CARTESIAN_POINT('Ctrl Pts',(-12.9617107204445,-8.41560100866343,30.1715812494078));
#4554=CARTESIAN_POINT('Ctrl Pts',(-13.0480592297223,-8.58251194161535,30.5738801673835));
#4555=CARTESIAN_POINT('Ctrl Pts',(-13.0859749557089,-8.70886399893801,30.7581675095302));
#4556=CARTESIAN_POINT('Ctrl Pts',(-13.1438310968908,-8.99899984373954,31.0458808607389));
#4557=CARTESIAN_POINT('Ctrl Pts',(-13.1679379671586,-9.18059698233051,31.169754709891));
#4558=CARTESIAN_POINT('Ctrl Pts',(-13.1995991848177,-9.5792392958849,31.3343248401824));
#4559=CARTESIAN_POINT('Ctrl Pts',(-13.2072374311259,-9.79628652212188,31.375));
#4560=CARTESIAN_POINT('Ctrl Pts',(-13.2072374311259,-10.2037134778781,31.375));
#4561=CARTESIAN_POINT('Ctrl Pts',(-13.1995991848177,-10.4207607041151,31.3343248401824));
#4562=CARTESIAN_POINT('Ctrl Pts',(-13.1679379671586,-10.8194030176695,31.169754709891));
#4563=CARTESIAN_POINT('Ctrl Pts',(-13.1438310968908,-11.0010001562605,31.0458808607389));
#4564=CARTESIAN_POINT('Ctrl Pts',(-13.0859749557089,-11.291136001062,30.7581675095302));
#4565=CARTESIAN_POINT('Ctrl Pts',(-13.0480592297223,-11.4174880583847,30.5738801673835));
#4566=CARTESIAN_POINT('Ctrl Pts',(-12.9617107204445,-11.5843989913366,30.1715812494078));
#4567=CARTESIAN_POINT('Ctrl Pts',(-12.913190681148,-11.625,29.9536058893488));
#4568=CARTESIAN_POINT('Ctrl Pts',(-12.8661607216752,-11.625,29.75));
#4569=CARTESIAN_POINT('Ctrl Pts',(-12.8661607216752,-11.625,29.75));
#4570=CARTESIAN_POINT('Ctrl Pts',(-12.8187801914376,-11.625,29.5448763914533));
#4571=CARTESIAN_POINT('Ctrl Pts',(-12.7664101573941,-11.5838528547218,29.3261907799808));
#4572=CARTESIAN_POINT('Ctrl Pts',(-12.6665630263905,-11.4160235108413,28.9235125386926));
#4573=CARTESIAN_POINT('Ctrl Pts',(-12.6191700166601,-11.2893324615295,28.7395027522534));
#4574=CARTESIAN_POINT('Ctrl Pts',(-12.5438855897147,-10.9994372126742,28.453101302728));
#4575=CARTESIAN_POINT('Ctrl Pts',(-12.5105767786146,-10.8185386704997,28.3298228869787));
#4576=CARTESIAN_POINT('Ctrl Pts',(-12.4658083624947,-10.4207778478866,28.1657479547193));
#4577=CARTESIAN_POINT('Ctrl Pts',(-12.4544695940785,-10.203881946959,28.125));
#4578=CARTESIAN_POINT('Ctrl Pts',(-12.4544695940785,-10.,28.125));
#4579=CARTESIAN_POINT('',(-13.2072374311259,10.,48.625));
#4580=CARTESIAN_POINT('',(-12.8661607216753,8.375,50.25));
#4581=CARTESIAN_POINT('Ctrl Pts',(-13.2072374311259,10.,48.625));
#4582=CARTESIAN_POINT('Ctrl Pts',(-13.2072374311259,10.2037134778781,48.625));
#4583=CARTESIAN_POINT('Ctrl Pts',(-13.1995991848177,10.4207607041151,48.6656751598176));
#4584=CARTESIAN_POINT('Ctrl Pts',(-13.1679379671587,10.8194030176695,48.830245290109));
#4585=CARTESIAN_POINT('Ctrl Pts',(-13.1438310968908,11.0010001562605,48.9541191392611));
#4586=CARTESIAN_POINT('Ctrl Pts',(-13.085974955709,11.291136001062,49.2418324904698));
#4587=CARTESIAN_POINT('Ctrl Pts',(-13.0480592297223,11.4174880583847,49.4261198326164));
#4588=CARTESIAN_POINT('Ctrl Pts',(-12.9617107204445,11.5843989913366,49.8284187505922));
#4589=CARTESIAN_POINT('Ctrl Pts',(-12.913190681148,11.625,50.0463941106511));
#4590=CARTESIAN_POINT('Ctrl Pts',(-12.8187801914376,11.625,50.4551236085467));
#4591=CARTESIAN_POINT('Ctrl Pts',(-12.7664101573941,11.5838528547218,50.6738092200192));
#4592=CARTESIAN_POINT('Ctrl Pts',(-12.6665630263906,11.4160235108413,51.0764874613073));
#4593=CARTESIAN_POINT('Ctrl Pts',(-12.6191700166602,11.2893324615295,51.2604972477466));
#4594=CARTESIAN_POINT('Ctrl Pts',(-12.5438855897148,10.9994372126742,51.546898697272));
#4595=CARTESIAN_POINT('Ctrl Pts',(-12.5105767786146,10.8185386704997,51.6701771130212));
#4596=CARTESIAN_POINT('Ctrl Pts',(-12.4658083624948,10.4207778478866,51.8342520452806));
#4597=CARTESIAN_POINT('Ctrl Pts',(-12.4544695940785,10.203881946959,51.875));
#4598=CARTESIAN_POINT('Ctrl Pts',(-12.4544695940785,9.79611805304101,51.875));
#4599=CARTESIAN_POINT('Ctrl Pts',(-12.4658083624948,9.57922215211336,51.8342520452806));
#4600=CARTESIAN_POINT('Ctrl Pts',(-12.5105767786146,9.18146132950027,51.6701771130212));
#4601=CARTESIAN_POINT('Ctrl Pts',(-12.5438855897148,9.0005627873258,51.546898697272));
#4602=CARTESIAN_POINT('Ctrl Pts',(-12.6191700166602,8.71066753847046,51.2604972477466));
#4603=CARTESIAN_POINT('Ctrl Pts',(-12.6665630263906,8.58397648915871,51.0764874613073));
#4604=CARTESIAN_POINT('Ctrl Pts',(-12.7664101573941,8.41614714527824,50.6738092200192));
#4605=CARTESIAN_POINT('Ctrl Pts',(-12.8187801914376,8.375,50.4551236085467));
#4606=CARTESIAN_POINT('Ctrl Pts',(-12.8661607216753,8.375,50.25));
#4607=CARTESIAN_POINT('Ctrl Pts',(-12.8661607216753,8.375,50.25));
#4608=CARTESIAN_POINT('Ctrl Pts',(-12.913190681148,8.375,50.0463941106511));
#4609=CARTESIAN_POINT('Ctrl Pts',(-12.9617107204445,8.41560100866342,49.8284187505922));
#4610=CARTESIAN_POINT('Ctrl Pts',(-13.0480592297223,8.58251194161534,49.4261198326164));
#4611=CARTESIAN_POINT('Ctrl Pts',(-13.085974955709,8.70886399893801,49.2418324904698));
#4612=CARTESIAN_POINT('Ctrl Pts',(-13.1438310968908,8.99899984373953,48.9541191392611));
#4613=CARTESIAN_POINT('Ctrl Pts',(-13.1679379671587,9.1805969823305,48.830245290109));
#4614=CARTESIAN_POINT('Ctrl Pts',(-13.1995991848177,9.5792392958849,48.6656751598176));
#4615=CARTESIAN_POINT('Ctrl Pts',(-13.2072374311259,9.79628652212188,48.625));
#4616=CARTESIAN_POINT('Ctrl Pts',(-13.2072374311259,10.,48.625));
#4617=CARTESIAN_POINT('',(-12.4544695940785,10.,28.125));
#4618=CARTESIAN_POINT('',(-12.8661607216752,8.375,29.75));
#4619=CARTESIAN_POINT('Ctrl Pts',(-12.4544695940785,10.,28.125));
#4620=CARTESIAN_POINT('Ctrl Pts',(-12.4544695940785,10.203881946959,28.125));
#4621=CARTESIAN_POINT('Ctrl Pts',(-12.4658083624947,10.4207778478866,28.1657479547193));
#4622=CARTESIAN_POINT('Ctrl Pts',(-12.5105767786146,10.8185386704997,28.3298228869788));
#4623=CARTESIAN_POINT('Ctrl Pts',(-12.5438855897148,10.9994372126742,28.453101302728));
#4624=CARTESIAN_POINT('Ctrl Pts',(-12.6191700166601,11.2893324615295,28.7395027522534));
#4625=CARTESIAN_POINT('Ctrl Pts',(-12.6665630263905,11.4160235108413,28.9235125386926));
#4626=CARTESIAN_POINT('Ctrl Pts',(-12.7664101573941,11.5838528547218,29.3261907799808));
#4627=CARTESIAN_POINT('Ctrl Pts',(-12.8187801914376,11.625,29.5448763914533));
#4628=CARTESIAN_POINT('Ctrl Pts',(-12.913190681148,11.625,29.9536058893489));
#4629=CARTESIAN_POINT('Ctrl Pts',(-12.9617107204445,11.5843989913366,30.1715812494078));
#4630=CARTESIAN_POINT('Ctrl Pts',(-13.0480592297223,11.4174880583847,30.5738801673835));
#4631=CARTESIAN_POINT('Ctrl Pts',(-13.0859749557089,11.291136001062,30.7581675095302));
#4632=CARTESIAN_POINT('Ctrl Pts',(-13.1438310968908,11.0010001562605,31.0458808607389));
#4633=CARTESIAN_POINT('Ctrl Pts',(-13.1679379671586,10.8194030176695,31.169754709891));
#4634=CARTESIAN_POINT('Ctrl Pts',(-13.1995991848177,10.4207607041151,31.3343248401824));
#4635=CARTESIAN_POINT('Ctrl Pts',(-13.2072374311259,10.2037134778781,31.375));
#4636=CARTESIAN_POINT('Ctrl Pts',(-13.2072374311259,9.79628652212189,31.375));
#4637=CARTESIAN_POINT('Ctrl Pts',(-13.1995991848177,9.5792392958849,31.3343248401824));
#4638=CARTESIAN_POINT('Ctrl Pts',(-13.1679379671586,9.18059698233051,31.169754709891));
#4639=CARTESIAN_POINT('Ctrl Pts',(-13.1438310968908,8.99899984373954,31.0458808607389));
#4640=CARTESIAN_POINT('Ctrl Pts',(-13.0859749557089,8.70886399893802,30.7581675095302));
#4641=CARTESIAN_POINT('Ctrl Pts',(-13.0480592297223,8.58251194161535,30.5738801673835));
#4642=CARTESIAN_POINT('Ctrl Pts',(-12.9617107204445,8.41560100866343,30.1715812494078));
#4643=CARTESIAN_POINT('Ctrl Pts',(-12.913190681148,8.375,29.9536058893489));
#4644=CARTESIAN_POINT('Ctrl Pts',(-12.8661607216752,8.375,29.75));
#4645=CARTESIAN_POINT('Ctrl Pts',(-12.8661607216752,8.375,29.75));
#4646=CARTESIAN_POINT('Ctrl Pts',(-12.8187801914376,8.375,29.5448763914533));
#4647=CARTESIAN_POINT('Ctrl Pts',(-12.7664101573941,8.41614714527824,29.3261907799808));
#4648=CARTESIAN_POINT('Ctrl Pts',(-12.6665630263905,8.58397648915871,28.9235125386926));
#4649=CARTESIAN_POINT('Ctrl Pts',(-12.6191700166601,8.71066753847046,28.7395027522534));
#4650=CARTESIAN_POINT('Ctrl Pts',(-12.5438855897148,9.0005627873258,28.453101302728));
#4651=CARTESIAN_POINT('Ctrl Pts',(-12.5105767786146,9.18146132950027,28.3298228869788));
#4652=CARTESIAN_POINT('Ctrl Pts',(-12.4658083624947,9.57922215211337,28.1657479547193));
#4653=CARTESIAN_POINT('Ctrl Pts',(-12.4544695940785,9.79611805304101,28.125));
#4654=CARTESIAN_POINT('Ctrl Pts',(-12.4544695940785,10.,28.125));
#4655=CARTESIAN_POINT('',(-13.2072374311259,-10.,48.625));
#4656=CARTESIAN_POINT('',(-12.8661607216753,-11.625,50.25));
#4657=CARTESIAN_POINT('Ctrl Pts',(-13.2072374311259,-10.,48.625));
#4658=CARTESIAN_POINT('Ctrl Pts',(-13.2072374311259,-9.79628652212188,48.625));
#4659=CARTESIAN_POINT('Ctrl Pts',(-13.1995991848177,-9.5792392958849,48.6656751598176));
#4660=CARTESIAN_POINT('Ctrl Pts',(-13.1679379671587,-9.18059698233051,48.830245290109));
#4661=CARTESIAN_POINT('Ctrl Pts',(-13.1438310968908,-8.99899984373954,48.9541191392611));
#4662=CARTESIAN_POINT('Ctrl Pts',(-13.085974955709,-8.70886399893801,49.2418324904698));
#4663=CARTESIAN_POINT('Ctrl Pts',(-13.0480592297223,-8.58251194161534,49.4261198326164));
#4664=CARTESIAN_POINT('Ctrl Pts',(-12.9617107204445,-8.41560100866342,49.8284187505922));
#4665=CARTESIAN_POINT('Ctrl Pts',(-12.913190681148,-8.375,50.0463941106511));
#4666=CARTESIAN_POINT('Ctrl Pts',(-12.8187801914376,-8.375,50.4551236085467));
#4667=CARTESIAN_POINT('Ctrl Pts',(-12.7664101573941,-8.41614714527824,50.6738092200192));
#4668=CARTESIAN_POINT('Ctrl Pts',(-12.6665630263906,-8.58397648915871,51.0764874613073));
#4669=CARTESIAN_POINT('Ctrl Pts',(-12.6191700166602,-8.71066753847046,51.2604972477466));
#4670=CARTESIAN_POINT('Ctrl Pts',(-12.5438855897148,-9.0005627873258,51.546898697272));
#4671=CARTESIAN_POINT('Ctrl Pts',(-12.5105767786146,-9.18146132950027,51.6701771130212));
#4672=CARTESIAN_POINT('Ctrl Pts',(-12.4658083624948,-9.57922215211337,51.8342520452806));
#4673=CARTESIAN_POINT('Ctrl Pts',(-12.4544695940785,-9.79611805304101,51.875));
#4674=CARTESIAN_POINT('Ctrl Pts',(-12.4544695940785,-10.203881946959,51.875));
#4675=CARTESIAN_POINT('Ctrl Pts',(-12.4658083624948,-10.4207778478866,51.8342520452806));
#4676=CARTESIAN_POINT('Ctrl Pts',(-12.5105767786146,-10.8185386704997,51.6701771130212));
#4677=CARTESIAN_POINT('Ctrl Pts',(-12.5438855897148,-10.9994372126742,51.546898697272));
#4678=CARTESIAN_POINT('Ctrl Pts',(-12.6191700166602,-11.2893324615295,51.2604972477466));
#4679=CARTESIAN_POINT('Ctrl Pts',(-12.6665630263906,-11.4160235108413,51.0764874613073));
#4680=CARTESIAN_POINT('Ctrl Pts',(-12.7664101573941,-11.5838528547218,50.6738092200192));
#4681=CARTESIAN_POINT('Ctrl Pts',(-12.8187801914376,-11.625,50.4551236085467));
#4682=CARTESIAN_POINT('Ctrl Pts',(-12.8661607216753,-11.625,50.25));
#4683=CARTESIAN_POINT('Ctrl Pts',(-12.8661607216753,-11.625,50.25));
#4684=CARTESIAN_POINT('Ctrl Pts',(-12.913190681148,-11.625,50.0463941106511));
#4685=CARTESIAN_POINT('Ctrl Pts',(-12.9617107204445,-11.5843989913366,49.8284187505922));
#4686=CARTESIAN_POINT('Ctrl Pts',(-13.0480592297223,-11.4174880583847,49.4261198326164));
#4687=CARTESIAN_POINT('Ctrl Pts',(-13.085974955709,-11.291136001062,49.2418324904698));
#4688=CARTESIAN_POINT('Ctrl Pts',(-13.1438310968908,-11.0010001562605,48.9541191392611));
#4689=CARTESIAN_POINT('Ctrl Pts',(-13.1679379671587,-10.8194030176695,48.830245290109));
#4690=CARTESIAN_POINT('Ctrl Pts',(-13.1995991848177,-10.4207607041151,48.6656751598176));
#4691=CARTESIAN_POINT('Ctrl Pts',(-13.2072374311259,-10.2037134778781,48.625));
#4692=CARTESIAN_POINT('Ctrl Pts',(-13.2072374311259,-10.,48.625));
#4693=CARTESIAN_POINT('Ctrl Pts',(-4.44089209850063E-14,21.,12.));
#4694=CARTESIAN_POINT('Ctrl Pts',(1.32502547294259,21.,12.));
#4695=CARTESIAN_POINT('Ctrl Pts',(3.96952463728464,21.,12.5647470048171));
#4696=CARTESIAN_POINT('Ctrl Pts',(8.67311821985642,21.,15.6635832148733));
#4697=CARTESIAN_POINT('Ctrl Pts',(13.2021056412322,21.,22.4786343513551));
#4698=CARTESIAN_POINT('Ctrl Pts',(16.1217125208122,21.,33.7808498374565));
#4699=CARTESIAN_POINT('Ctrl Pts',(16.1197415657758,21.,44.836451063835));
#4700=CARTESIAN_POINT('Ctrl Pts',(14.2325108116644,21.,53.7778226022587));
#4701=CARTESIAN_POINT('Ctrl Pts',(11.4264133598731,21.,60.3371219350316));
#4702=CARTESIAN_POINT('Ctrl Pts',(7.57318345315971,21.,65.2577044565029));
#4703=CARTESIAN_POINT('Ctrl Pts',(2.73085130051572,21.,68.1177433262592));
#4704=CARTESIAN_POINT('Ctrl Pts',(-2.72939106866226,21.,68.1108618379219));
#4705=CARTESIAN_POINT('Ctrl Pts',(-7.57267328034818,21.,65.2574528855616));
#4706=CARTESIAN_POINT('Ctrl Pts',(-12.7149046866525,21.,58.6988571197951));
#4707=CARTESIAN_POINT('Ctrl Pts',(-15.7405630595331,21.,48.844753991616));
#4708=CARTESIAN_POINT('Ctrl Pts',(-16.2916110344039,21.,35.2171345406842));
#4709=CARTESIAN_POINT('Ctrl Pts',(-13.8149159839964,21.,23.3830106503281));
#4710=CARTESIAN_POINT('Ctrl Pts',(-8.67036147213095,21.,15.6650567650661));
#4711=CARTESIAN_POINT('Ctrl Pts',(-3.9703896328003,21.,12.5643102651752));
#4712=CARTESIAN_POINT('Ctrl Pts',(-1.32502547294268,21.,12.));
#4713=CARTESIAN_POINT('Ctrl Pts',(-4.88498130835069E-14,21.,12.));
#4714=CARTESIAN_POINT('Ctrl Pts',(-4.69547291190653E-14,20.3333333333333,
12.6666666666667));
#4715=CARTESIAN_POINT('Ctrl Pts',(1.23241616569391,20.3333333333333,12.6666666666667));
#4716=CARTESIAN_POINT('Ctrl Pts',(3.69339188700283,20.3333333333333,13.1896236595779));
#4717=CARTESIAN_POINT('Ctrl Pts',(8.15590893827875,20.3333333333333,16.1157689969574));
#4718=CARTESIAN_POINT('Ctrl Pts',(12.5746031484523,20.3333333333333,22.7301940512325));
#4719=CARTESIAN_POINT('Ctrl Pts',(15.4530573989659,20.3333333333333,33.8598911078582));
#4720=CARTESIAN_POINT('Ctrl Pts',(15.4514909874612,20.3333333333333,44.7751081169717));
#4721=CARTESIAN_POINT('Ctrl Pts',(13.5903706405473,20.3333333333333,53.5837611668602));
#4722=CARTESIAN_POINT('Ctrl Pts',(10.8396444511258,20.3333333333333,60.0067033421989));
#4723=CARTESIAN_POINT('Ctrl Pts',(7.10387560881407,20.3333333333333,64.7643275696518));
#4724=CARTESIAN_POINT('Ctrl Pts',(2.52681984429503,20.3333333333333,67.4438891392443));
#4725=CARTESIAN_POINT('Ctrl Pts',(-2.52590902467794,20.3333333333333,67.4394439256867));
#4726=CARTESIAN_POINT('Ctrl Pts',(-7.10280218547792,20.3333333333333,64.7636199329761));
#4727=CARTESIAN_POINT('Ctrl Pts',(-12.0900343333329,20.3333333333333,58.4241326234562));
#4728=CARTESIAN_POINT('Ctrl Pts',(-15.0780524516545,20.3333333333333,48.7295679065719));
#4729=CARTESIAN_POINT('Ctrl Pts',(-15.6215768626465,20.3333333333333,35.2795186337616));
#4730=CARTESIAN_POINT('Ctrl Pts',(-13.1737401644489,20.3333333333333,23.6087618782956));
#4731=CARTESIAN_POINT('Ctrl Pts',(-8.15278147470495,20.3333333333333,16.1169639036666));
#4732=CARTESIAN_POINT('Ctrl Pts',(-3.69436347629598,20.3333333333333,13.1892772227672));
#4733=CARTESIAN_POINT('Ctrl Pts',(-1.23241616569401,20.3333333333333,12.6666666666667));
#4734=CARTESIAN_POINT('Ctrl Pts',(-4.9915323851399E-14,20.3333333333333,
12.6666666666667));
#4735=CARTESIAN_POINT('Ctrl Pts',(-4.95005372531243E-14,19.6666666666667,
13.3333333333333));
#4736=CARTESIAN_POINT('Ctrl Pts',(1.13980685844523,19.6666666666667,13.3333333333333));
#4737=CARTESIAN_POINT('Ctrl Pts',(3.417259136721,19.6666666666666,13.8145003143386));
#4738=CARTESIAN_POINT('Ctrl Pts',(7.63869965670109,19.6666666666667,16.5679547790415));
#4739=CARTESIAN_POINT('Ctrl Pts',(11.9471006556724,19.6666666666666,22.98175375111));
#4740=CARTESIAN_POINT('Ctrl Pts',(14.7844022771196,19.6666666666667,33.9389323782599));
#4741=CARTESIAN_POINT('Ctrl Pts',(14.7832404091465,19.6666666666666,44.7137651701083));
#4742=CARTESIAN_POINT('Ctrl Pts',(12.9482304694303,19.6666666666667,53.3896997314618));
#4743=CARTESIAN_POINT('Ctrl Pts',(10.2528755423785,19.6666666666666,59.6762847493661));
#4744=CARTESIAN_POINT('Ctrl Pts',(6.63456776446844,19.6666666666666,64.2709506828006));
#4745=CARTESIAN_POINT('Ctrl Pts',(2.32278838807433,19.6666666666666,66.7700349522294));
#4746=CARTESIAN_POINT('Ctrl Pts',(-2.32242698069363,19.6666666666667,66.7680260134516));
#4747=CARTESIAN_POINT('Ctrl Pts',(-6.63293109060768,19.6666666666666,64.2697869803905));
#4748=CARTESIAN_POINT('Ctrl Pts',(-11.4651639800134,19.6666666666667,58.1494081271171));
#4749=CARTESIAN_POINT('Ctrl Pts',(-14.4155418437759,19.6666666666667,48.6143818215278));
#4750=CARTESIAN_POINT('Ctrl Pts',(-14.951542690889,19.6666666666667,35.341902726839));
#4751=CARTESIAN_POINT('Ctrl Pts',(-12.5325643449014,19.6666666666667,23.8345131062631));
#4752=CARTESIAN_POINT('Ctrl Pts',(-7.63520147727894,19.6666666666667,16.5688710422671));
#4753=CARTESIAN_POINT('Ctrl Pts',(-3.41833731979166,19.6666666666667,13.8142441803592));
#4754=CARTESIAN_POINT('Ctrl Pts',(-1.13980685844533,19.6666666666667,13.3333333333333));
#4755=CARTESIAN_POINT('Ctrl Pts',(-5.09808346192912E-14,19.6666666666667,
13.3333333333333));
#4756=CARTESIAN_POINT('Ctrl Pts',(-5.20463453871833E-14,19.,14.));
#4757=CARTESIAN_POINT('Ctrl Pts',(1.04719755119655,19.,14.));
#4758=CARTESIAN_POINT('Ctrl Pts',(3.14112638643919,19.,14.4393769690993));
#4759=CARTESIAN_POINT('Ctrl Pts',(7.12149037512342,19.,17.0201405611255));
#4760=CARTESIAN_POINT('Ctrl Pts',(11.3195981628924,19.,23.2333134509874));
#4761=CARTESIAN_POINT('Ctrl Pts',(14.1157471552733,19.,34.0179736486615));
#4762=CARTESIAN_POINT('Ctrl Pts',(14.1149898308319,19.,44.652422223245));
#4763=CARTESIAN_POINT('Ctrl Pts',(12.3060902983132,19.,53.1956382960634));
#4764=CARTESIAN_POINT('Ctrl Pts',(9.66610663363121,19.,59.3458661565334));
#4765=CARTESIAN_POINT('Ctrl Pts',(6.16525992012281,19.,63.7775737959495));
#4766=CARTESIAN_POINT('Ctrl Pts',(2.11875693185363,19.,66.0961807652145));
#4767=CARTESIAN_POINT('Ctrl Pts',(-2.11894493670932,19.,66.0966081012164));
#4768=CARTESIAN_POINT('Ctrl Pts',(-6.16305999573742,19.,63.7759540278049));
#4769=CARTESIAN_POINT('Ctrl Pts',(-10.8402936266938,19.,57.8746836307783));
#4770=CARTESIAN_POINT('Ctrl Pts',(-13.7530312358973,19.,48.4991957364837));
#4771=CARTESIAN_POINT('Ctrl Pts',(-14.2815085191315,19.,35.4042868199164));
#4772=CARTESIAN_POINT('Ctrl Pts',(-11.8913885253539,19.,24.0602643342306));
#4773=CARTESIAN_POINT('Ctrl Pts',(-7.11762147985293,19.,17.0207781808676));
#4774=CARTESIAN_POINT('Ctrl Pts',(-3.14231116328734,19.,14.4392111379511));
#4775=CARTESIAN_POINT('Ctrl Pts',(-1.04719755119665,19.,14.));
#4776=CARTESIAN_POINT('Ctrl Pts',(-5.20463453871833E-14,19.,14.));
#4777=CARTESIAN_POINT('',(-4.88498130835069E-14,21.,12.));
#4778=CARTESIAN_POINT('',(-4.44089209850063E-14,21.,12.));
#4779=CARTESIAN_POINT('',(-16.0000000000001,21.,39.9999999988406));
#4780=CARTESIAN_POINT('Ctrl Pts',(-4.88498130835069E-14,21.,12.));
#4781=CARTESIAN_POINT('Ctrl Pts',(-1.32502547294268,21.,12.));
#4782=CARTESIAN_POINT('Ctrl Pts',(-3.9703896328003,21.,12.5643102651752));
#4783=CARTESIAN_POINT('Ctrl Pts',(-8.67036147213095,21.,15.6650567650661));
#4784=CARTESIAN_POINT('Ctrl Pts',(-13.8149159839964,21.,23.3830106503281));
#4785=CARTESIAN_POINT('Ctrl Pts',(-15.8788285259239,21.,33.2447805585818));
#4786=CARTESIAN_POINT('Ctrl Pts',(-16.002436715769,21.,39.323367609169));
#4787=CARTESIAN_POINT('Ctrl Pts',(-16.0024836475481,21.,39.9988971993542));
#4788=CARTESIAN_POINT('Ctrl Pts',(-16.0024836475481,21.,39.9988971993542));
#4789=CARTESIAN_POINT('Ctrl Pts',(-16.0026244428854,21.,42.0254859714567));
#4790=CARTESIAN_POINT('Ctrl Pts',(-15.5514594113363,21.,49.4606354367747));
#4791=CARTESIAN_POINT('Ctrl Pts',(-12.7149046866525,21.,58.6988571197951));
#4792=CARTESIAN_POINT('Ctrl Pts',(-7.57267328034818,21.,65.2574528855616));
#4793=CARTESIAN_POINT('Ctrl Pts',(-2.72939106866226,21.,68.1108618379219));
#4794=CARTESIAN_POINT('Ctrl Pts',(2.73085130051572,21.,68.1177433262592));
#4795=CARTESIAN_POINT('Ctrl Pts',(7.57318345315971,21.,65.2577044565029));
#4796=CARTESIAN_POINT('Ctrl Pts',(11.4264133598731,21.,60.3371219350316));
#4797=CARTESIAN_POINT('Ctrl Pts',(14.2325108116644,21.,53.7778226022587));
#4798=CARTESIAN_POINT('Ctrl Pts',(16.1197415657758,21.,44.836451063835));
#4799=CARTESIAN_POINT('Ctrl Pts',(16.1217125208122,21.,33.7808498374565));
#4800=CARTESIAN_POINT('Ctrl Pts',(13.2021056412322,21.,22.4786343513551));
#4801=CARTESIAN_POINT('Ctrl Pts',(8.67311821985642,21.,15.6635832148733));
#4802=CARTESIAN_POINT('Ctrl Pts',(3.96952463728464,21.,12.5647470048171));
#4803=CARTESIAN_POINT('Ctrl Pts',(1.32502547294259,21.,12.));
#4804=CARTESIAN_POINT('Ctrl Pts',(-4.44089209850063E-14,21.,12.));
#4805=CARTESIAN_POINT('Origin',(29.8843,21.,0.));
#4806=CARTESIAN_POINT('',(21.8843,21.,0.));
#4807=CARTESIAN_POINT('',(21.8843,21.,0.));
#4808=CARTESIAN_POINT('',(-16.,21.,0.));
#4809=CARTESIAN_POINT('',(-24.,21.,0.));
#4810=CARTESIAN_POINT('',(-16.,21.,0.));
#4811=CARTESIAN_POINT('',(-16.,21.,0.));
#4812=CARTESIAN_POINT('Ctrl Pts',(1.62239849624645,13.1222816529768,13.6330067727509));
#4813=CARTESIAN_POINT('Ctrl Pts',(1.77776918831063,13.3468518579887,13.7994817532269));
#4814=CARTESIAN_POINT('Ctrl Pts',(2.083301776231,13.7129001756156,14.0259243777247));
#4815=CARTESIAN_POINT('Ctrl Pts',(2.51913500676031,14.1922873469268,14.2922121003164));
#4816=CARTESIAN_POINT('Ctrl Pts',(2.94151979647176,14.6319940718261,14.5233243602516));
#4817=CARTESIAN_POINT('Ctrl Pts',(3.35929559536722,15.0549535871951,14.7453886973893));
#4818=CARTESIAN_POINT('Ctrl Pts',(3.64017892314241,15.3324106567713,14.8925032941911));
#4819=CARTESIAN_POINT('Ctrl Pts',(3.7863580562499,15.475653665023,14.9689401445631));
#4820=CARTESIAN_POINT('Ctrl Pts',(3.79038088212087,15.4795955725344,14.9710444778631));
#4821=CARTESIAN_POINT('Ctrl Pts',(3.79440526237792,15.4835376467487,14.9731488722662));
#4822=CARTESIAN_POINT('Ctrl Pts',(1.50087208507927,13.6144942844945,13.9580720056487));
#4823=CARTESIAN_POINT('Ctrl Pts',(1.66151935648186,13.80116239564,14.0394835385735));
#4824=CARTESIAN_POINT('Ctrl Pts',(1.97992901169741,14.0912172766978,14.1671486964705));
#4825=CARTESIAN_POINT('Ctrl Pts',(2.44245406246321,14.4682333060024,14.3503293169406));
#4826=CARTESIAN_POINT('Ctrl Pts',(2.89370001721012,14.8139242492602,14.5385769422789));
#4827=CARTESIAN_POINT('Ctrl Pts',(3.33870121046026,15.1473664872379,14.7419278804511));
#4828=CARTESIAN_POINT('Ctrl Pts',(3.63408285168334,15.3652940855673,14.8894907787194));
#4829=CARTESIAN_POINT('Ctrl Pts',(3.78604365467789,15.4773692523821,14.96877932007));
#4830=CARTESIAN_POINT('Ctrl Pts',(3.79022438683756,15.4804537032359,14.9709626446919));
#4831=CARTESIAN_POINT('Ctrl Pts',(3.79440526237792,15.4835376467487,14.9731488722662));
#4832=CARTESIAN_POINT('Ctrl Pts',(1.39286213525824,14.2105082330613,14.1286101973596));
#4833=CARTESIAN_POINT('Ctrl Pts',(1.55999809955663,14.3196657288174,14.1590820397561));
#4834=CARTESIAN_POINT('Ctrl Pts',(1.89072611762379,14.5004267387506,14.2317974522659));
#4835=CARTESIAN_POINT('Ctrl Pts',(2.37611096451821,14.7535604194304,14.3711350770993));
#4836=CARTESIAN_POINT('Ctrl Pts',(2.85140462468678,14.9979485677543,14.5392234396101));
#4837=CARTESIAN_POINT('Ctrl Pts',(3.31950495182011,15.2395022136804,14.7359882547469));
#4838=CARTESIAN_POINT('Ctrl Pts',(3.62802376388806,15.3981557651616,14.8864291816805));
#4839=CARTESIAN_POINT('Ctrl Pts',(3.78572982232881,15.4790852131987,14.9686170257467));
#4840=CARTESIAN_POINT('Ctrl Pts',(3.79006789155425,15.4813118339375,14.9708808115208));
#4841=CARTESIAN_POINT('Ctrl Pts',(3.79440526237792,15.4835376467487,14.9731488722662));
#4842=CARTESIAN_POINT('Ctrl Pts',(1.31694630467457,14.8078093946227,14.1152888633464));
#4843=CARTESIAN_POINT('Ctrl Pts',(1.48608091990727,14.8385071452093,14.1449677680675));
#4844=CARTESIAN_POINT('Ctrl Pts',(1.8225496220212,14.9096733340343,14.2155231127158));
#4845=CARTESIAN_POINT('Ctrl Pts',(2.32240377113437,15.0387796183559,14.3545514020763));
#4846=CARTESIAN_POINT('Ctrl Pts',(2.81513684491373,15.1818974867669,14.5254307856817));
#4847=CARTESIAN_POINT('Ctrl Pts',(3.30166903647136,15.3315951889228,14.7277355475159));
#4848=CARTESIAN_POINT('Ctrl Pts',(3.62199919625777,15.4310129772355,14.8833274389916));
#4849=CARTESIAN_POINT('Ctrl Pts',(3.78541660176655,15.4808012509502,14.9684531130707));
#4850=CARTESIAN_POINT('Ctrl Pts',(3.78991139627094,15.482169964639,14.9707989783497));
#4851=CARTESIAN_POINT('Ctrl Pts',(3.79440526237792,15.4835376467487,14.9731488722662));
#4852=CARTESIAN_POINT('',(1.62239849624646,13.1222816529768,13.6330067727509));
#4853=CARTESIAN_POINT('Ctrl Pts',(1.52726916567978,14.8485122279286,14.1551696638334));
#4854=CARTESIAN_POINT('Ctrl Pts',(1.52727523482834,14.8460790300327,14.155168735629));
#4855=CARTESIAN_POINT('Ctrl Pts',(1.52728179547704,14.8436458248143,14.1551649324325));
#4856=CARTESIAN_POINT('Ctrl Pts',(1.5272888473523,14.8412126173988,14.1551582552835));
#4857=CARTESIAN_POINT('Ctrl Pts',(1.52738503183658,14.8080247358901,14.155067181901));
#4858=CARTESIAN_POINT('Ctrl Pts',(1.5275725793081,14.7748384110347,14.1544414898883));
#4859=CARTESIAN_POINT('Ctrl Pts',(1.52785085509448,14.7416661499487,14.1532837466839));
#4860=CARTESIAN_POINT('Ctrl Pts',(1.52813286969538,14.7080481981574,14.1521104484535));
#4861=CARTESIAN_POINT('Ctrl Pts',(1.52850803504768,14.674448539827,14.150390837784));
#4862=CARTESIAN_POINT('Ctrl Pts',(1.52897583413246,14.6408803670949,14.1481274994607));
#4863=CARTESIAN_POINT('Ctrl Pts',(1.5294526142173,14.6066677387163,14.1458207086333));
#4864=CARTESIAN_POINT('Ctrl Pts',(1.53002556259295,14.5724918833219,14.1429493840729));
#4865=CARTESIAN_POINT('Ctrl Pts',(1.53069427241045,14.5383669792882,14.139516228943));
#4866=CARTESIAN_POINT('Ctrl Pts',(1.53137591448628,14.5035821296949,14.1360166796195));
#4867=CARTESIAN_POINT('Ctrl Pts',(1.53215697347687,14.4688545356068,14.1319337904435));
#4868=CARTESIAN_POINT('Ctrl Pts',(1.53303715465397,14.4341994552417,14.1272704525787));
#4869=CARTESIAN_POINT('Ctrl Pts',(1.53484911697924,14.3628576660335,14.1176703921126));
#4870=CARTESIAN_POINT('Ctrl Pts',(1.53708022690119,14.291851247277,14.1056145818025));
#4871=CARTESIAN_POINT('Ctrl Pts',(1.53972947281462,14.2213164679053,14.0911296372438));
#4872=CARTESIAN_POINT('Ctrl Pts',(1.5424810580129,14.1480569588883,14.0760851452079));
#4873=CARTESIAN_POINT('Ctrl Pts',(1.5456821386039,14.0753484888866,14.0584288448096));
#4874=CARTESIAN_POINT('Ctrl Pts',(1.54933344436409,14.0033477531442,14.0381942160042));
#4875=CARTESIAN_POINT('Ctrl Pts',(1.55440862926893,13.9032692959628,14.0100688029566));
#4876=CARTESIAN_POINT('Ctrl Pts',(1.56034852221917,13.8046934005673,13.9770015225431));
#4877=CARTESIAN_POINT('Ctrl Pts',(1.56715293860628,13.7080357769243,13.9391021159887));
#4878=CARTESIAN_POINT('Ctrl Pts',(1.57068156305702,13.6579112056557,13.9194482963181));
#4879=CARTESIAN_POINT('Ctrl Pts',(1.5744431423494,13.608303168504,13.8984948045899));
#4880=CARTESIAN_POINT('Ctrl Pts',(1.57844040963344,13.5592744466812,13.8762563761183));
#4881=CARTESIAN_POINT('Ctrl Pts',(1.58643289032523,13.4612421949786,13.8317909457265));
#4882=CARTESIAN_POINT('Ctrl Pts',(1.59535030161497,13.365720521981,13.7822796986714));
#4883=CARTESIAN_POINT('Ctrl Pts',(1.6051941930866,13.2731675108787,13.7278635888408));
#4884=CARTESIAN_POINT('Ctrl Pts',(1.61064324813984,13.2219350837139,13.697741723001));
#4885=CARTESIAN_POINT('Ctrl Pts',(1.61637673373617,13.1716125988293,13.6661163370202));
#4886=CARTESIAN_POINT('Ctrl Pts',(1.62239849624645,13.1222816529768,13.6330067727509));
#4887=CARTESIAN_POINT('Ctrl Pts',(1.62238909660973,13.1223722937363,13.632908225002));
#4888=CARTESIAN_POINT('Ctrl Pts',(1.65950154208145,13.1760153866058,13.6727161696741));
#4889=CARTESIAN_POINT('Ctrl Pts',(1.69922995394449,13.2306576122403,13.7116268543823));
#4890=CARTESIAN_POINT('Ctrl Pts',(1.74128684109432,13.2862671849546,13.7497883026905));
#4891=CARTESIAN_POINT('Ctrl Pts',(1.7445439906878,13.2905739396727,13.7527437650242));
#4892=CARTESIAN_POINT('Ctrl Pts',(1.74781512867144,13.2948865093578,13.7556947359311));
#4893=CARTESIAN_POINT('Ctrl Pts',(1.75110013289236,13.2992048856112,13.7586412851789));
#4894=CARTESIAN_POINT('Ctrl Pts',(1.75849880636792,13.3089309783938,13.7652776711007));
#4895=CARTESIAN_POINT('Ctrl Pts',(1.76596781573498,13.3186865245335,13.7718916274531));
#4896=CARTESIAN_POINT('Ctrl Pts',(1.77350578015661,13.3284713289568,13.7784841189223));
#4897=CARTESIAN_POINT('Ctrl Pts',(1.81639055321768,13.3841387603309,13.81598993412));
#4898=CARTESIAN_POINT('Ctrl Pts',(1.86182764742512,13.4410861102861,13.8530327084548));
#4899=CARTESIAN_POINT('Ctrl Pts',(1.90958141730507,13.4992935871921,13.8897493476832));
#4900=CARTESIAN_POINT('Ctrl Pts',(1.95625772166002,13.556187732191,13.9256375515218));
#4901=CARTESIAN_POINT('Ctrl Pts',(2.00514715996568,13.6142863094621,13.961214446584));
#4902=CARTESIAN_POINT('Ctrl Pts',(2.05607746834879,13.673580278566,13.9966159226455));
#4903=CARTESIAN_POINT('Ctrl Pts',(2.10622476565033,13.7319626522691,14.0314731304914));
#4904=CARTESIAN_POINT('Ctrl Pts',(2.15835051605355,13.7915045692777,14.066160365526));
#4905=CARTESIAN_POINT('Ctrl Pts',(2.21233961377402,13.8521981640652,14.1008125497289));
#4906=CARTESIAN_POINT('Ctrl Pts',(2.26479846762625,13.9111714855903,14.1344825672603));
#4907=CARTESIAN_POINT('Ctrl Pts',(2.31901659815294,13.9712327647997,14.1681194341735));
#4908=CARTESIAN_POINT('Ctrl Pts',(2.37493579035826,14.0323662473804,14.2018516457144));
#4909=CARTESIAN_POINT('Ctrl Pts',(2.42232697602033,14.0841765133892,14.2304394960906));
#4910=CARTESIAN_POINT('Ctrl Pts',(2.47094071748372,14.136756994344,14.2590958145028));
#4911=CARTESIAN_POINT('Ctrl Pts',(2.52076882106821,14.1900876888538,14.2879026570098));
#4912=CARTESIAN_POINT('Ctrl Pts',(2.52755885501482,14.1973550179325,14.2918281413137));
#4913=CARTESIAN_POINT('Ctrl Pts',(2.53437147713117,14.2046362585564,14.2957564277167));
#4914=CARTESIAN_POINT('Ctrl Pts',(2.54120669555593,14.2119313373177,14.2996877572132));
#4915=CARTESIAN_POINT('Ctrl Pts',(2.58885157503496,14.2627816725627,14.3270910834008));
#4916=CARTESIAN_POINT('Ctrl Pts',(2.63781479222795,14.3143221056225,14.3547057716439));
#4917=CARTESIAN_POINT('Ctrl Pts',(2.6878193037763,14.3664918874172,14.3825373332141));
#4918=CARTESIAN_POINT('Ctrl Pts',(2.73848791271493,14.4193545230139,14.4107385187808));
#4919=CARTESIAN_POINT('Ctrl Pts',(2.79022591156761,14.4728636166594,14.4391623038294));
#4920=CARTESIAN_POINT('Ctrl Pts',(2.84278429151066,14.5269240866512,14.4677937464062));
#4921=CARTESIAN_POINT('Ctrl Pts',(2.89650935298876,14.5821845813048,14.4970607446339));
#4922=CARTESIAN_POINT('Ctrl Pts',(2.95109197290839,14.6380214098863,14.5265446259299));
#4923=CARTESIAN_POINT('Ctrl Pts',(3.00630237451923,14.6942960431906,14.5562092419707));
#4924=CARTESIAN_POINT('Ctrl Pts',(3.06335980249343,14.7524533060044,14.5868662675265));
#4925=CARTESIAN_POINT('Ctrl Pts',(3.12108822400803,14.8110782668445,14.6177162361242));
#4926=CARTESIAN_POINT('Ctrl Pts',(3.17926574965487,14.8699763031273,14.6486993240979));
#4927=CARTESIAN_POINT('Ctrl Pts',(3.24199750199131,14.9334849687866,14.682107816119));
#4928=CARTESIAN_POINT('Ctrl Pts',(3.30525215698859,14.9973113154467,14.7156711583399));
#4929=CARTESIAN_POINT('Ctrl Pts',(3.36877841791335,15.061160635231,14.7492915677662));
#4930=CARTESIAN_POINT('Ctrl Pts',(3.43586154768882,15.128584912102,14.7847944016465));
#4931=CARTESIAN_POINT('Ctrl Pts',(3.50324899366435,15.1960343301735,14.8203609796486));
#4932=CARTESIAN_POINT('Ctrl Pts',(3.57065630919118,15.2631096427113,14.8558504999192));
#4933=CARTESIAN_POINT('Ctrl Pts',(3.64034574316343,15.3324558335178,14.8925415409475));
#4934=CARTESIAN_POINT('Ctrl Pts',(3.71005839371012,15.4014009005358,14.9291504634808));
#4935=CARTESIAN_POINT('Ctrl Pts',(3.77946485555618,15.4694630900305,14.9654924879501));
#4936=CARTESIAN_POINT('Ctrl Pts',(3.78425871784539,15.4741641042424,14.9680026095725));
#4937=CARTESIAN_POINT('Ctrl Pts',(3.78905110648459,15.4788608959245,14.9705114456957));
#4938=CARTESIAN_POINT('Ctrl Pts',(3.79384190654875,15.483553302135,14.9730189299042));
#4939=CARTESIAN_POINT('Ctrl Pts',(3.45133847381084,14.2337920058212,14.8024473155793));
#4940=CARTESIAN_POINT('Ctrl Pts',(2.286545133652,14.7462579348004,14.2521863647398));
#4941=CARTESIAN_POINT('Ctrl Pts',(0.157116990574412,15.2314867556895,13.767862923394));
#4942=CARTESIAN_POINT('Ctrl Pts',(-2.79667431139273,14.6165967711337,14.3868610072839));
#4943=CARTESIAN_POINT('Ctrl Pts',(-4.31538601512516,13.8392478285505,15.2260667534988));
#4944=CARTESIAN_POINT('Ctrl Pts',(-5.02203209420274,13.3879718129215,15.7303903288239));
#4945=CARTESIAN_POINT('Ctrl Pts',(3.23778000638805,13.4481783707766,14.7015599896543));
#4946=CARTESIAN_POINT('Ctrl Pts',(2.10456861756153,13.8945581387592,14.2041336611262));
#4947=CARTESIAN_POINT('Ctrl Pts',(0.148340587919691,14.291316690958,13.8145305925358));
#4948=CARTESIAN_POINT('Ctrl Pts',(-2.57213256571451,13.7852236798603,14.3189925934043));
#4949=CARTESIAN_POINT('Ctrl Pts',(-4.08198044151901,13.1034604544537,15.0871858202104));
#4950=CARTESIAN_POINT('Ctrl Pts',(-4.79102534974766,12.697930101124,15.5655239965294));
#4951=CARTESIAN_POINT('Ctrl Pts',(3.1325121574332,12.0831901717699,13.9636544542751));
#4952=CARTESIAN_POINT('Ctrl Pts',(2.00913318721937,12.4192911001745,13.4468779548406));
#4953=CARTESIAN_POINT('Ctrl Pts',(0.146139952667968,12.6694527215255,13.0592905181245));
#4954=CARTESIAN_POINT('Ctrl Pts',(-2.45787993290399,12.3433277582195,13.5638798415634));
#4955=CARTESIAN_POINT('Ctrl Pts',(-3.97221949938372,11.8244356958391,14.3621407532879));
#4956=CARTESIAN_POINT('Ctrl Pts',(-4.68508696128211,11.496266713977,14.8631882979099));
#4957=CARTESIAN_POINT('Ctrl Pts',(3.54739775486362,11.4664428354684,12.6513309133995));
#4958=CARTESIAN_POINT('Ctrl Pts',(2.35610579082659,11.8334640539365,11.9861194511255));
#4959=CARTESIAN_POINT('Ctrl Pts',(0.161953988319488,12.1524359406308,11.385116825108));
#4960=CARTESIAN_POINT('Ctrl Pts',(-2.87912109310748,11.7444151037049,12.1503865551885));
#4961=CARTESIAN_POINT('Ctrl Pts',(-4.43104718351219,11.183288187549,13.1637161963848));
#4962=CARTESIAN_POINT('Ctrl Pts',(-5.14348959088498,10.8459623945483,13.7604720643656));
#4963=CARTESIAN_POINT('Ctrl Pts',(3.78622050155731,11.387033604657,12.0898989155387));
#4964=CARTESIAN_POINT('Ctrl Pts',(2.5532301351215,11.7970063478403,11.3618014625192));
#4965=CARTESIAN_POINT('Ctrl Pts',(0.1713205352072,12.1851894045516,10.6702853654666));
#4966=CARTESIAN_POINT('Ctrl Pts',(-3.1184198134394,11.6932774169069,11.5460302126627));
#4967=CARTESIAN_POINT('Ctrl Pts',(-4.69733608790121,11.0713982628404,12.6510994923114));
#4968=CARTESIAN_POINT('Ctrl Pts',(-5.41182177009815,10.7103774503372,13.2884977324505));
#4969=CARTESIAN_POINT('',(-4.55642748942113,11.3086923645757,13.7866987517389));
#4970=CARTESIAN_POINT('Ctrl Pts',(-3.95185413772499,13.9979754519042,15.0573304459145));
#4971=CARTESIAN_POINT('Ctrl Pts',(-3.95179101938587,13.9952363413588,15.0572959550437));
#4972=CARTESIAN_POINT('Ctrl Pts',(-3.95172949514434,13.9924972313738,15.0572585288823));
#4973=CARTESIAN_POINT('Ctrl Pts',(-3.94421755959593,13.6491652855114,15.0521994944428));
#4974=CARTESIAN_POINT('Ctrl Pts',(-3.96142578186268,13.3094149441812,15.001813589011));
#4975=CARTESIAN_POINT('Ctrl Pts',(-4.04242688357201,12.6718177451157,14.8166094286585));
#4976=CARTESIAN_POINT('Ctrl Pts',(-4.10427434852691,12.3745579251901,14.68540432612));
#4977=CARTESIAN_POINT('Ctrl Pts',(-4.28417120672193,11.7904846064347,14.3188248273035));
#4978=CARTESIAN_POINT('Ctrl Pts',(-4.40861766214294,11.5189553086606,14.0723513551939));
#4979=CARTESIAN_POINT('Ctrl Pts',(-4.55642748942114,11.3086923645757,13.7866987517389));
#4980=CARTESIAN_POINT('',(-5.41182177009815,10.7103774503372,13.2884977324505));
#4981=CARTESIAN_POINT('Ctrl Pts',(-4.55642748942113,11.3086923645757,13.7866987517389));
#4982=CARTESIAN_POINT('Ctrl Pts',(-4.57740008475044,11.2788583561052,13.746167776449));
#4983=CARTESIAN_POINT('Ctrl Pts',(-4.6035757429957,11.2484792532125,13.7088288756825));
#4984=CARTESIAN_POINT('Ctrl Pts',(-4.70251947825621,11.1485438663724,13.5956605189371));
#4985=CARTESIAN_POINT('Ctrl Pts',(-4.79193425304896,11.0788839929824,13.5320186645261));
#4986=CARTESIAN_POINT('Ctrl Pts',(-5.04317740061462,10.9068999984219,13.3946274493996));
#4987=CARTESIAN_POINT('Ctrl Pts',(-5.22977314888123,10.8023643757361,13.3332088758952));
#4988=CARTESIAN_POINT('Ctrl Pts',(-5.41182177009816,10.7103774503372,13.2884977324505));
#4989=CARTESIAN_POINT('',(3.78622050155731,11.387033604657,12.0898989155387));
#4990=CARTESIAN_POINT('Ctrl Pts',(-5.41182177009815,10.7103774503372,13.2884977324505));
#4991=CARTESIAN_POINT('Ctrl Pts',(-4.69733608790121,11.0713982628404,12.6510994923114));
#4992=CARTESIAN_POINT('Ctrl Pts',(-3.1184198134394,11.6932774169069,11.5460302126627));
#4993=CARTESIAN_POINT('Ctrl Pts',(0.1713205352072,12.1851894045516,10.6702853654666));
#4994=CARTESIAN_POINT('Ctrl Pts',(2.5532301351215,11.7970063478403,11.3618014625192));
#4995=CARTESIAN_POINT('Ctrl Pts',(3.78622050155731,11.387033604657,12.0898989155387));
#4996=CARTESIAN_POINT('',(1.74990701874512,12.398416197451,12.9478901965184));
#4997=CARTESIAN_POINT('Ctrl Pts',(3.78622050155731,11.387033604657,12.0898989155387));
#4998=CARTESIAN_POINT('Ctrl Pts',(3.61918054811539,11.4425748560714,12.1188593120464));
#4999=CARTESIAN_POINT('Ctrl Pts',(3.45209375778572,11.5009007464474,12.1514910018067));
#5000=CARTESIAN_POINT('Ctrl Pts',(2.88297573273178,11.7097027689121,12.2787168214992));
#5001=CARTESIAN_POINT('Ctrl Pts',(2.52659380121466,11.8577344062617,12.3875225161168));
#5002=CARTESIAN_POINT('Ctrl Pts',(2.07930649493929,12.0841161267291,12.5886368801436));
#5003=CARTESIAN_POINT('Ctrl Pts',(1.96057738355874,12.1593303861764,12.6650682230449));
#5004=CARTESIAN_POINT('Ctrl Pts',(1.83377215085487,12.2647219175305,12.7816236634188));
#5005=CARTESIAN_POINT('Ctrl Pts',(1.7925339435785,12.3076447508261,12.8316782993807));
#5006=CARTESIAN_POINT('Ctrl Pts',(1.75995372105069,12.3677822885093,12.9076570617731));
#5007=CARTESIAN_POINT('Ctrl Pts',(1.75377753394194,12.383139670163,12.9275587658711));
#5008=CARTESIAN_POINT('Ctrl Pts',(1.74990701874515,12.398416197451,12.9478901965184));
#5009=CARTESIAN_POINT('Ctrl Pts',(1.74990701874516,12.398416197451,12.9478901965184));
#5010=CARTESIAN_POINT('Ctrl Pts',(1.69909305883233,12.5989736958079,13.2148108645321));
#5011=CARTESIAN_POINT('Ctrl Pts',(1.65638179611974,12.8438866941796,13.4461557886217));
#5012=CARTESIAN_POINT('Ctrl Pts',(1.62239849624646,13.1222816529768,13.6330067727509));
#5013=CARTESIAN_POINT('Ctrl Pts',(3.79440525971926,-15.4835376441444,14.973148870876));
#5014=CARTESIAN_POINT('Ctrl Pts',(3.79142730467836,-15.4806205938127,14.9715916641719));
#5015=CARTESIAN_POINT('Ctrl Pts',(3.78845132369497,-15.4777083577722,14.9700416108498));
#5016=CARTESIAN_POINT('Ctrl Pts',(3.35809063696574,-15.0552783675226,14.7436436769743));
#5017=CARTESIAN_POINT('Ctrl Pts',(2.8112077299026,-14.5120560737056,14.4681488505799));
#5018=CARTESIAN_POINT('Ctrl Pts',(2.08422081953992,-13.714277552202,14.0272168609076));
#5019=CARTESIAN_POINT('Ctrl Pts',(1.77798424640013,-13.3471626993617,13.799712181442));
#5020=CARTESIAN_POINT('Ctrl Pts',(1.62239849624644,-13.1222816529768,13.6330067727508));
#5021=CARTESIAN_POINT('Ctrl Pts',(3.79440525971926,-15.4835376441444,14.973148870876));
#5022=CARTESIAN_POINT('Ctrl Pts',(3.79131040602758,-15.4812565732571,14.9715796592497));
#5023=CARTESIAN_POINT('Ctrl Pts',(3.78822026873716,-15.4789769830485,14.969871743972));
#5024=CARTESIAN_POINT('Ctrl Pts',(3.34077945314846,-15.148328653434,14.7376389243674));
#5025=CARTESIAN_POINT('Ctrl Pts',(2.75229911616628,-14.7190025917942,14.4742301711734));
#5026=CARTESIAN_POINT('Ctrl Pts',(1.98082709432394,-14.0921657728477,14.168170770866));
#5027=CARTESIAN_POINT('Ctrl Pts',(1.66156659571193,-13.8009068703857,14.0424682104112));
#5028=CARTESIAN_POINT('Ctrl Pts',(1.50087208507926,-13.6144942844945,13.9580720056487));
#5029=CARTESIAN_POINT('Ctrl Pts',(3.79440525971926,-15.4835376441444,14.973148870876));
#5030=CARTESIAN_POINT('Ctrl Pts',(3.79119325513315,-15.4818639210123,14.971472701905));
#5031=CARTESIAN_POINT('Ctrl Pts',(3.78798953326499,-15.4802704310029,14.969792468714));
#5032=CARTESIAN_POINT('Ctrl Pts',(3.32365879046203,-15.2408815270316,14.7279188404814));
#5033=CARTESIAN_POINT('Ctrl Pts',(2.7014128943189,-14.9213859683965,14.4652617990338));
#5034=CARTESIAN_POINT('Ctrl Pts',(1.89163967657347,-14.501027099062,14.2325899264801));
#5035=CARTESIAN_POINT('Ctrl Pts',(1.56024195442857,-14.3180603899362,14.1597235289529));
#5036=CARTESIAN_POINT('Ctrl Pts',(1.39286213525823,-14.2105082330613,14.1286101973596));
#5037=CARTESIAN_POINT('Ctrl Pts',(3.79440525971926,-15.4835376441444,14.973148870876));
#5038=CARTESIAN_POINT('Ctrl Pts',(3.79107989542724,-15.4825255901268,14.9714099999065));
#5039=CARTESIAN_POINT('Ctrl Pts',(3.78775521084846,-15.4815129745715,14.9696737111707));
#5040=CARTESIAN_POINT('Ctrl Pts',(3.30679842570686,-15.3350949678656,14.7189391257602));
#5041=CARTESIAN_POINT('Ctrl Pts',(2.65753601469605,-15.125506796913,14.4478903062762));
#5042=CARTESIAN_POINT('Ctrl Pts',(1.82350787684811,-14.9098495184894,14.2157424483595));
#5043=CARTESIAN_POINT('Ctrl Pts',(1.48631502948518,-14.8385496358457,14.1450088484569));
#5044=CARTESIAN_POINT('Ctrl Pts',(1.31694630467455,-14.8078093946227,14.1152888633463));
#5045=CARTESIAN_POINT('',(1.62239849624644,-13.1222816529768,13.6330067727508));
#5046=CARTESIAN_POINT('Ctrl Pts',(1.62239849624644,-13.1222816529768,13.6330067727508));
#5047=CARTESIAN_POINT('Ctrl Pts',(1.61384988959304,-13.19231278609,13.6800097292642));
#5048=CARTESIAN_POINT('Ctrl Pts',(1.60587397435933,-13.2643619382924,13.724085394508));
#5049=CARTESIAN_POINT('Ctrl Pts',(1.59846832331666,-13.33820259738,13.7651443039502));
#5050=CARTESIAN_POINT('Ctrl Pts',(1.58923331364103,-13.4302835227705,13.8163456667723));
#5051=CARTESIAN_POINT('Ctrl Pts',(1.58090138409815,-13.525009754201,13.8627776545386));
#5052=CARTESIAN_POINT('Ctrl Pts',(1.57345925128658,-13.6219313109051,13.9042801536583));
#5053=CARTESIAN_POINT('Ctrl Pts',(1.56941934214949,-13.6745444921562,13.9268094916386));
#5054=CARTESIAN_POINT('Ctrl Pts',(1.56564204883192,-13.7278054843011,13.9478862021692));
#5055=CARTESIAN_POINT('Ctrl Pts',(1.56212849955226,-13.7816477232558,13.967484714486));
#5056=CARTESIAN_POINT('Ctrl Pts',(1.55737562353228,-13.8544816202703,13.9939961682337));
#5057=CARTESIAN_POINT('Ctrl Pts',(1.55310841515345,-13.9282999513197,14.0177735361086));
#5058=CARTESIAN_POINT('Ctrl Pts',(1.54932471770929,-14.0029331944782,14.0387687274415));
#5059=CARTESIAN_POINT('Ctrl Pts',(1.54567631575158,-14.0748977409222,14.0590131836361));
#5060=CARTESIAN_POINT('Ctrl Pts',(1.54247968322261,-14.1475757679548,14.0766584353903));
#5061=CARTESIAN_POINT('Ctrl Pts',(1.53973372767891,-14.2208196221925,14.0916723351911));
#5062=CARTESIAN_POINT('Ctrl Pts',(1.53708990153334,-14.2913393424701,14.106127828082));
#5063=CARTESIAN_POINT('Ctrl Pts',(1.53486531743407,-14.3623445015194,14.1181361694204));
#5064=CARTESIAN_POINT('Ctrl Pts',(1.53306022474874,-14.4337076952072,14.1276771459772));
#5065=CARTESIAN_POINT('Ctrl Pts',(1.53132308529513,-14.5023844010068,14.1368589497359));
#5066=CARTESIAN_POINT('Ctrl Pts',(1.52997472786011,-14.5713578352288,14.1437510767029));
#5067=CARTESIAN_POINT('Ctrl Pts',(1.5290170055335,-14.6405182669289,14.1483404921487));
#5068=CARTESIAN_POINT('Ctrl Pts',(1.52809219216366,-14.7073022293805,14.1527722075281));
#5069=CARTESIAN_POINT('Ctrl Pts',(1.52753204013676,-14.7742296271234,14.1550548728739));
#5070=CARTESIAN_POINT('Ctrl Pts',(1.52734022818842,-14.8412037962528,14.1551780296306));
#5071=CARTESIAN_POINT('Ctrl Pts',(1.52733324633821,-14.843641619448,14.1551825124693));
#5072=CARTESIAN_POINT('Ctrl Pts',(1.52732675293667,-14.8460794839058,14.1551841333657));
#5073=CARTESIAN_POINT('Ctrl Pts',(1.52732074821477,-14.8485173848207,14.1551828917875));
#5074=CARTESIAN_POINT('Ctrl Pts',(3.79440525971926,-15.4835376441444,14.973148870876));
#5075=CARTESIAN_POINT('Ctrl Pts',(3.79142730467836,-15.4806205938127,14.9715916641719));
#5076=CARTESIAN_POINT('Ctrl Pts',(3.78845132369497,-15.4777083577722,14.9700416108498));
#5077=CARTESIAN_POINT('Ctrl Pts',(3.78547347900843,-15.474785388875,14.9684750693296));
#5078=CARTESIAN_POINT('Ctrl Pts',(3.35809063696574,-15.0552783675226,14.7436436769743));
#5079=CARTESIAN_POINT('Ctrl Pts',(2.94792845666839,-14.6478616471598,14.5370225571785));
#5080=CARTESIAN_POINT('Ctrl Pts',(2.51824380193084,-14.1870071323925,14.286947881877));
#5081=CARTESIAN_POINT('Ctrl Pts',(2.37501558368499,-14.0333889608034,14.2035896567765));
#5082=CARTESIAN_POINT('Ctrl Pts',(2.22961820161245,-13.8738332565027,14.1154032588421));
#5083=CARTESIAN_POINT('Ctrl Pts',(2.08036036729124,-13.7022766911423,14.0144338900084));
#5084=CARTESIAN_POINT('Ctrl Pts',(1.93110253297003,-13.5307201257819,13.9134645211748));
#5085=CARTESIAN_POINT('Ctrl Pts',(1.77798424640014,-13.3471626993617,13.799712181442));
#5086=CARTESIAN_POINT('Ctrl Pts',(1.62239849624645,-13.1222816529768,13.6330067727508));
#5087=CARTESIAN_POINT('Ctrl Pts',(-5.02203209420274,-13.3879718129215,15.7303903288239));
#5088=CARTESIAN_POINT('Ctrl Pts',(-3.96190775496155,-14.0649849628545,14.9737941870138));
#5089=CARTESIAN_POINT('Ctrl Pts',(-1.98266177994178,-14.9655400238624,14.0311167083082));
#5090=CARTESIAN_POINT('Ctrl Pts',(1.02793512392693,-15.0762890347097,13.9239979983121));
#5091=CARTESIAN_POINT('Ctrl Pts',(2.67490775292945,-14.5753927661846,14.4356530594627));
#5092=CARTESIAN_POINT('Ctrl Pts',(3.45133847381084,-14.2337920058212,14.8024473155793));
#5093=CARTESIAN_POINT('Ctrl Pts',(-4.79102534974765,-12.697930101124,15.5655239965294));
#5094=CARTESIAN_POINT('Ctrl Pts',(-3.72730223985731,-13.3063147091969,14.8479116611352));
#5095=CARTESIAN_POINT('Ctrl Pts',(-1.79376744385206,-14.0762688472124,14.0211345696639));
#5096=CARTESIAN_POINT('Ctrl Pts',(0.926972172166499,-14.1633182069855,13.9424064801342));
#5097=CARTESIAN_POINT('Ctrl Pts',(2.48240125789898,-13.7457272604315,14.3699843620054));
#5098=CARTESIAN_POINT('Ctrl Pts',(3.23778000638805,-13.4481783707766,14.7015599896543));
#5099=CARTESIAN_POINT('Ctrl Pts',(-4.68508696128211,-11.496266713977,14.8631882979099));
#5100=CARTESIAN_POINT('Ctrl Pts',(-3.61562918123177,-11.9885922717869,14.1115069217617));
#5101=CARTESIAN_POINT('Ctrl Pts',(-1.69457424305992,-12.5375487466998,13.2633182339705));
#5102=CARTESIAN_POINT('Ctrl Pts',(0.872793921638745,-12.5865672006426,13.1878220237748));
#5103=CARTESIAN_POINT('Ctrl Pts',(2.3836875259778,-12.3072291296974,13.6191803435837));
#5104=CARTESIAN_POINT('Ctrl Pts',(3.1325121574332,-12.0831901717699,13.9636544542751));
#5105=CARTESIAN_POINT('Ctrl Pts',(-5.14348959088497,-10.8459623945483,13.7604720643656));
#5106=CARTESIAN_POINT('Ctrl Pts',(-4.07466948598977,-11.352025180435,12.8652071800586));
#5107=CARTESIAN_POINT('Ctrl Pts',(-2.04107652329221,-11.9799025309777,11.7117328186535));
#5108=CARTESIAN_POINT('Ctrl Pts',(1.05824534758605,-12.0492752361131,11.5788915922254));
#5109=CARTESIAN_POINT('Ctrl Pts',(2.75330351811997,-11.7110927140427,12.2079126713948));
#5110=CARTESIAN_POINT('Ctrl Pts',(3.54739775486363,-11.4664428354684,12.6513309133995));
#5111=CARTESIAN_POINT('Ctrl Pts',(-5.41182177009814,-10.7103774503372,13.2884977324505));
#5112=CARTESIAN_POINT('Ctrl Pts',(-4.3399363041446,-11.2519879702836,12.3322603624746));
#5113=CARTESIAN_POINT('Ctrl Pts',(-2.23620236403363,-11.9724320190899,11.0486797084797));
#5114=CARTESIAN_POINT('Ctrl Pts',(1.16248253432062,-12.0610312277678,10.8917261656512));
#5115=CARTESIAN_POINT('Ctrl Pts',(2.96433084435764,-11.6603142129477,11.6045619799388));
#5116=CARTESIAN_POINT('Ctrl Pts',(3.78622050155732,-11.387033604657,12.0898989155387));
#5117=CARTESIAN_POINT('',(1.74990701874516,-12.398416197451,12.9478901965184));
#5118=CARTESIAN_POINT('Ctrl Pts',(1.62239849624645,-13.1222816529768,13.6330067727508));
#5119=CARTESIAN_POINT('Ctrl Pts',(1.65638179611937,-12.8438866941826,13.4461557886237));
#5120=CARTESIAN_POINT('Ctrl Pts',(1.69909305883176,-12.5989736958101,13.214810864535));
#5121=CARTESIAN_POINT('Ctrl Pts',(1.74990701874515,-12.398416197451,12.9478901965184));
#5122=CARTESIAN_POINT('',(3.7862205015573,-11.387033604657,12.0898989155387));
#5123=CARTESIAN_POINT('Ctrl Pts',(1.74990701874515,-12.398416197451,12.9478901965184));
#5124=CARTESIAN_POINT('Ctrl Pts',(1.75465128648564,-12.3796910583121,12.9229690308249));
#5125=CARTESIAN_POINT('Ctrl Pts',(1.76281094642118,-12.3610396872606,12.8989527989856));
#5126=CARTESIAN_POINT('Ctrl Pts',(1.79777089779309,-12.3027864281061,12.8261476585113));
#5127=CARTESIAN_POINT('Ctrl Pts',(1.83456293960964,-12.2646102146053,12.7816630817719));
#5128=CARTESIAN_POINT('Ctrl Pts',(1.9481485199169,-12.1688097768749,12.6752976856762));
#5129=CARTESIAN_POINT('Ctrl Pts',(2.04442395940172,-12.1081402277094,12.61399700733));
#5130=CARTESIAN_POINT('Ctrl Pts',(2.52445303913257,-11.8460541732394,12.3691397413655));
#5131=CARTESIAN_POINT('Ctrl Pts',(3.12279754641302,-11.6076235915824,12.2049192531129));
#5132=CARTESIAN_POINT('Ctrl Pts',(3.7862205015573,-11.387033604657,12.0898989155387));
#5133=CARTESIAN_POINT('',(-5.41182177009814,-10.7103774503372,13.2884977324505));
#5134=CARTESIAN_POINT('Ctrl Pts',(3.78622050155732,-11.387033604657,12.0898989155387));
#5135=CARTESIAN_POINT('Ctrl Pts',(2.96433084435764,-11.6603142129477,11.6045619799388));
#5136=CARTESIAN_POINT('Ctrl Pts',(1.16248253432062,-12.0610312277678,10.8917261656512));
#5137=CARTESIAN_POINT('Ctrl Pts',(-2.23620236403363,-11.9724320190899,11.0486797084797));
#5138=CARTESIAN_POINT('Ctrl Pts',(-4.3399363041446,-11.2519879702836,12.3322603624746));
#5139=CARTESIAN_POINT('Ctrl Pts',(-5.41182177009814,-10.7103774503372,13.2884977324505));
#5140=CARTESIAN_POINT('',(-4.55642748942116,-11.3086923645757,13.7866987517389));
#5141=CARTESIAN_POINT('Ctrl Pts',(-5.41182177009814,-10.7103774503372,13.2884977324505));
#5142=CARTESIAN_POINT('Ctrl Pts',(-5.3540598018746,-10.7395638612331,13.3026840725042));
#5143=CARTESIAN_POINT('Ctrl Pts',(-5.29672742070438,-10.7695525368694,13.3183405010097));
#5144=CARTESIAN_POINT('Ctrl Pts',(-5.07845728085597,-10.8884312558885,13.3855934875393));
#5145=CARTESIAN_POINT('Ctrl Pts',(-4.91363762874308,-10.9886498558878,13.4530536986961));
#5146=CARTESIAN_POINT('Ctrl Pts',(-4.69819050114005,-11.1538878270994,13.6026214202166));
#5147=CARTESIAN_POINT('Ctrl Pts',(-4.62403547516225,-11.2209476174048,13.6722997784466));
#5148=CARTESIAN_POINT('Ctrl Pts',(-4.56706258992675,-11.2939767212868,13.7669446887094));
#5149=CARTESIAN_POINT('Ctrl Pts',(-4.56157837834673,-11.301365104338,13.7767443064981));
#5150=CARTESIAN_POINT('Ctrl Pts',(-4.55642748942114,-11.3086923645757,13.7866987517389));
#5151=CARTESIAN_POINT('Ctrl Pts',(-3.95185413768799,-13.9979754519228,15.0573304458943));
#5152=CARTESIAN_POINT('Ctrl Pts',(-3.95179098644625,-13.9952349135211,15.0572959370439));
#5153=CARTESIAN_POINT('Ctrl Pts',(-3.95172943100375,-13.992494375757,15.0572584898635));
#5154=CARTESIAN_POINT('Ctrl Pts',(-3.94404400793339,-13.6412234682116,15.0520820815372));
#5155=CARTESIAN_POINT('Ctrl Pts',(-3.96224165978133,-13.2935938131887,14.9994397149788));
#5156=CARTESIAN_POINT('Ctrl Pts',(-4.04545613498097,-12.6572511910644,14.8101851122103));
#5157=CARTESIAN_POINT('Ctrl Pts',(-4.10636498104346,-12.3676409825425,14.6811371857648));
#5158=CARTESIAN_POINT('Ctrl Pts',(-4.28431745722363,-11.7901651061431,14.3185352411185));
#5159=CARTESIAN_POINT('Ctrl Pts',(-4.40870499925942,-11.5188310695652,14.0721825702412));
#5160=CARTESIAN_POINT('Ctrl Pts',(-4.55642748942114,-11.3086923645757,13.7866987517389));
#5161=CARTESIAN_POINT('Ctrl Pts',(-3.31830530066708,13.7247398068692,14.7408874239154));
#5162=CARTESIAN_POINT('Ctrl Pts',(-3.98910204160514,14.0218380793662,15.0448217983584));
#5163=CARTESIAN_POINT('Ctrl Pts',(-5.3080327823866,14.5725297519118,15.8390332178191));
#5164=CARTESIAN_POINT('Ctrl Pts',(-7.17853107434803,14.7433479913515,17.5662610096571));
#5165=CARTESIAN_POINT('Ctrl Pts',(-8.74678710229363,13.7267933319229,19.6250135711009));
#5166=CARTESIAN_POINT('Ctrl Pts',(-9.46899208675908,11.5299520553526,20.8487271111017));
#5167=CARTESIAN_POINT('Ctrl Pts',(-9.51822314870548,9.4426498297107,20.9332365518719));
#5168=CARTESIAN_POINT('Ctrl Pts',(-9.22033356900647,7.46359605882939,20.4218704879082));
#5169=CARTESIAN_POINT('Ctrl Pts',(-8.24702139008953,5.73664277754343,18.8968725839543));
#5170=CARTESIAN_POINT('Ctrl Pts',(-7.10629693200921,5.38698103981984,17.562548626324));
#5171=CARTESIAN_POINT('Ctrl Pts',(-6.50104210821821,5.37558933435309,16.9731920629531));
#5172=CARTESIAN_POINT('Ctrl Pts',(-3.39398167342865,13.4512506414009,14.7751759790196));
#5173=CARTESIAN_POINT('Ctrl Pts',(-4.06749602201191,13.7149681250252,15.0877395449343));
#5174=CARTESIAN_POINT('Ctrl Pts',(-5.370256875126,14.1876822105187,15.8906246772773));
#5175=CARTESIAN_POINT('Ctrl Pts',(-7.14428922672776,14.2476361586981,17.5463066904605));
#5176=CARTESIAN_POINT('Ctrl Pts',(-8.55417241285831,13.2174922110205,19.3614114097064));
#5177=CARTESIAN_POINT('Ctrl Pts',(-9.16959782242549,11.2949284065538,20.3395718128504));
#5178=CARTESIAN_POINT('Ctrl Pts',(-9.21173833291682,9.52887124153123,20.4052141494439));
#5179=CARTESIAN_POINT('Ctrl Pts',(-8.95797612027318,7.83766917765828,20.0020841173539));
#5180=CARTESIAN_POINT('Ctrl Pts',(-8.11423596817395,6.26769963566866,18.7403641379506));
#5181=CARTESIAN_POINT('Ctrl Pts',(-7.06743880690173,5.86997194512971,17.5244374510148));
#5182=CARTESIAN_POINT('Ctrl Pts',(-6.49743488253676,5.82762804869959,16.9696795884592));
#5183=CARTESIAN_POINT('Ctrl Pts',(-3.57930793590309,12.9045344987267,14.7685790284123));
#5184=CARTESIAN_POINT('Ctrl Pts',(-4.27240832081929,13.1016285848118,15.0832033604632));
#5185=CARTESIAN_POINT('Ctrl Pts',(-5.58203026314755,13.4190562860205,15.8701909471763));
#5186=CARTESIAN_POINT('Ctrl Pts',(-7.25200551760968,13.259258980879,17.3415763930069));
#5187=CARTESIAN_POINT('Ctrl Pts',(-8.44174302018222,12.2040705029858,18.6517311833927));
#5188=CARTESIAN_POINT('Ctrl Pts',(-8.89292448019057,10.8275796596789,19.1407717411478));
#5189=CARTESIAN_POINT('Ctrl Pts',(-8.92403437559418,9.70035833657853,19.1689537980949));
#5190=CARTESIAN_POINT('Ctrl Pts',(-8.73869167961659,8.58166792899593,18.9808618268499));
#5191=CARTESIAN_POINT('Ctrl Pts',(-8.08864581728147,7.32499896777156,18.2482619767899));
#5192=CARTESIAN_POINT('Ctrl Pts',(-7.16493903837693,6.83303238119838,17.2864562499071));
#5193=CARTESIAN_POINT('Ctrl Pts',(-6.63569585271908,6.7293951380866,16.8132918134465));
#5194=CARTESIAN_POINT('Ctrl Pts',(-3.99602726224795,12.0246144468462,14.4965517215616));
#5195=CARTESIAN_POINT('Ctrl Pts',(-4.76370445340842,12.1325052896987,14.7622611902208));
#5196=CARTESIAN_POINT('Ctrl Pts',(-6.20264384667168,12.2582898644084,15.4072045455838));
#5197=CARTESIAN_POINT('Ctrl Pts',(-8.00072663945917,11.9096799960269,16.4711977399909));
#5198=CARTESIAN_POINT('Ctrl Pts',(-9.23958527830508,10.9842338266538,17.116166375295));
#5199=CARTESIAN_POINT('Ctrl Pts',(-9.68578110387273,10.2956572937124,17.1024267478235));
#5200=CARTESIAN_POINT('Ctrl Pts',(-9.71646664293152,9.8946289870761,17.0941269477704));
#5201=CARTESIAN_POINT('Ctrl Pts',(-9.53397578404894,9.44531439193404,17.1220053000672));
#5202=CARTESIAN_POINT('Ctrl Pts',(-8.87782044318645,8.65443200469767,16.9706196174773));
#5203=CARTESIAN_POINT('Ctrl Pts',(-7.90310546556928,8.14390808874479,16.3973973754843));
#5204=CARTESIAN_POINT('Ctrl Pts',(-7.33522506881895,7.99692165704647,16.0746557133435));
#5205=CARTESIAN_POINT('Ctrl Pts',(-4.34620003389442,11.5302024568509,14.08763116199));
#5206=CARTESIAN_POINT('Ctrl Pts',(-5.19075489496109,11.6207044033079,14.2793086467095));
#5207=CARTESIAN_POINT('Ctrl Pts',(-6.79399553759723,11.7486547937515,14.7492203698606));
#5208=CARTESIAN_POINT('Ctrl Pts',(-8.88855861659825,11.5788167669079,15.557936102995));
#5209=CARTESIAN_POINT('Ctrl Pts',(-10.4870160072855,10.9819211345064,16.1866798502035));
#5210=CARTESIAN_POINT('Ctrl Pts',(-11.1607754756591,10.3514318243527,16.3685377903683));
#5211=CARTESIAN_POINT('Ctrl Pts',(-11.2070085575158,9.87339994920015,16.3783753572408));
#5212=CARTESIAN_POINT('Ctrl Pts',(-10.9291900197922,9.38644439883121,16.3104268365093));
#5213=CARTESIAN_POINT('Ctrl Pts',(-9.99532342482093,8.7680725032563,16.0064053837754));
#5214=CARTESIAN_POINT('Ctrl Pts',(-8.79109575153962,8.46295256111993,15.5159378458046));
#5215=CARTESIAN_POINT('Ctrl Pts',(-8.12084886969143,8.38296205292096,15.2616759074316));
#5216=CARTESIAN_POINT('Ctrl Pts',(-4.55642748942113,11.3086923645757,13.7866987517389));
#5217=CARTESIAN_POINT('Ctrl Pts',(-5.44724079498239,11.4130782441016,13.9285121291759));
#5218=CARTESIAN_POINT('Ctrl Pts',(-7.14844547618748,11.6065645074285,14.2909839246659));
#5219=CARTESIAN_POINT('Ctrl Pts',(-9.4226149455289,11.6665817266911,15.0328520829403));
#5220=CARTESIAN_POINT('Ctrl Pts',(-11.2417095402513,11.3094138733783,15.8739972204621));
#5221=CARTESIAN_POINT('Ctrl Pts',(-12.0567022293327,10.5375507221509,16.3595861422035));
#5222=CARTESIAN_POINT('Ctrl Pts',(-12.1125152942251,9.80417426449293,16.393111922237));
#5223=CARTESIAN_POINT('Ctrl Pts',(-11.7760355905625,9.10883104769684,16.1903854724864));
#5224=CARTESIAN_POINT('Ctrl Pts',(-10.6694902398543,8.50206367859634,15.5802838402395));
#5225=CARTESIAN_POINT('Ctrl Pts',(-9.32671540051436,8.37920955453129,15.0266374117143));
#5226=CARTESIAN_POINT('Ctrl Pts',(-8.59394592982857,8.37520706342135,14.7759405713921));
#5227=CARTESIAN_POINT('',(-8.65770760153897,8.30927789198642,17.4297389319971));
#5228=CARTESIAN_POINT('Ctrl Pts',(-9.43223897176755,8.97948291701768,20.78661463154));
#5229=CARTESIAN_POINT('Ctrl Pts',(-9.43084126668676,8.97841275994414,20.7842480739896));
#5230=CARTESIAN_POINT('Ctrl Pts',(-9.42944584805769,8.97734339790421,20.7818798109224));
#5231=CARTESIAN_POINT('Ctrl Pts',(-9.1430257237097,8.75765332247342,20.2946295031488));
#5232=CARTESIAN_POINT('Ctrl Pts',(-8.94576009340428,8.56444582835514,19.7247474783651));
#5233=CARTESIAN_POINT('Ctrl Pts',(-8.69422619350934,8.31617001935841,18.4161088611949));
#5234=CARTESIAN_POINT('Ctrl Pts',(-8.66489739487475,8.30178661185044,17.8210977993957));
#5235=CARTESIAN_POINT('Ctrl Pts',(-8.65770760153898,8.30927789198642,17.4297389319971));
#5236=CARTESIAN_POINT('',(-8.59394592982858,8.37520706342136,14.7759405713921));
#5237=CARTESIAN_POINT('Ctrl Pts',(-8.65770760153898,8.30927789198642,17.4297389319971));
#5238=CARTESIAN_POINT('Ctrl Pts',(-8.65567294169822,8.31139787042484,17.3189871852317));
#5239=CARTESIAN_POINT('Ctrl Pts',(-8.6535205937111,8.31363916772194,17.2028537217521));
#5240=CARTESIAN_POINT('Ctrl Pts',(-8.64468513777982,8.32282992341871,16.7900977309319));
#5241=CARTESIAN_POINT('Ctrl Pts',(-8.63793977434746,8.3298381738911,16.5559352720259));
#5242=CARTESIAN_POINT('Ctrl Pts',(-8.61843336049324,8.35001754458268,15.9859357473116));
#5243=CARTESIAN_POINT('Ctrl Pts',(-8.60912404084977,8.35961038238238,15.7473706700254));
#5244=CARTESIAN_POINT('Ctrl Pts',(-8.59525342457839,8.37387090903399,15.2705748486718));
#5245=CARTESIAN_POINT('Ctrl Pts',(-8.59020900044182,8.37904159179184,15.0161170315521));
#5246=CARTESIAN_POINT('Ctrl Pts',(-8.59394592982858,8.37520706342135,14.7759405713921));
#5247=CARTESIAN_POINT('Ctrl Pts',(-8.59394592982857,8.37520706342135,14.7759405713921));
#5248=CARTESIAN_POINT('Ctrl Pts',(-8.75822371560308,8.37610437206128,14.8321436795678));
#5249=CARTESIAN_POINT('Ctrl Pts',(-8.91916902033504,8.37988392445475,14.8895728315259));
#5250=CARTESIAN_POINT('Ctrl Pts',(-9.07643386030716,8.38690969894141,14.9478275276119));
#5251=CARTESIAN_POINT('Ctrl Pts',(-9.1470620095784,8.39006499703141,14.973989900407));
#5252=CARTESIAN_POINT('Ctrl Pts',(-9.21694739871432,8.39387545620579,15.0003190161355));
#5253=CARTESIAN_POINT('Ctrl Pts',(-9.28605596013914,8.39837635968392,15.0267794068096));
#5254=CARTESIAN_POINT('Ctrl Pts',(-9.48322685683428,8.41121770895274,15.1022724983825));
#5255=CARTESIAN_POINT('Ctrl Pts',(-9.6741490896879,8.42968271750317,15.1788646309248));
#5256=CARTESIAN_POINT('Ctrl Pts',(-9.85744478429148,8.45461348676498,15.255583405912));
#5257=CARTESIAN_POINT('Ctrl Pts',(-9.96871363485525,8.46974760131924,15.3021552030725));
#5258=CARTESIAN_POINT('Ctrl Pts',(-10.0771714338715,8.48726501772329,15.3487732121442));
#5259=CARTESIAN_POINT('Ctrl Pts',(-10.1825042341515,8.50735808282229,15.3952135158066));
#5260=CARTESIAN_POINT('Ctrl Pts',(-10.3115238871827,8.53196960250576,15.452097144166));
#5261=CARTESIAN_POINT('Ctrl Pts',(-10.4357760653677,8.56034902607353,15.5084981635174));
#5262=CARTESIAN_POINT('Ctrl Pts',(-10.5547703264722,8.59281439696379,15.564081930106));
#5263=CARTESIAN_POINT('Ctrl Pts',(-10.6782972062305,8.62651640854858,15.6217829418033));
#5264=CARTESIAN_POINT('Ctrl Pts',(-10.7961584198968,8.66462163523373,15.6786044037071));
#5265=CARTESIAN_POINT('Ctrl Pts',(-10.9076036681918,8.70693175833883,15.7337638969902));
#5266=CARTESIAN_POINT('Ctrl Pts',(-10.9919960800156,8.73897128795561,15.7755336695408));
#5267=CARTESIAN_POINT('Ctrl Pts',(-11.0727087000662,8.77342298141238,15.8163501877516));
#5268=CARTESIAN_POINT('Ctrl Pts',(-11.1494015912323,8.81020904709729,15.8558621390596));
#5269=CARTESIAN_POINT('Ctrl Pts',(-11.2604403845193,8.86346926823801,15.9130689978302));
#5270=CARTESIAN_POINT('Ctrl Pts',(-11.3633659517645,8.92173386256291,15.9676545610932));
#5271=CARTESIAN_POINT('Ctrl Pts',(-11.4570135272539,8.98471534107111,16.0183957362675));
#5272=CARTESIAN_POINT('Ctrl Pts',(-11.54591236512,9.04450311685932,16.0665638973905));
#5273=CARTESIAN_POINT('Ctrl Pts',(-11.6264497020503,9.10854109933754,16.1112665342004));
#5274=CARTESIAN_POINT('Ctrl Pts',(-11.6976600185761,9.17654913604128,16.1514606473595));
#5275=CARTESIAN_POINT('Ctrl Pts',(-11.7229682852715,9.20071930708249,16.1657457030233));
#5276=CARTESIAN_POINT('Ctrl Pts',(-11.7470987893187,9.22539063957455,16.1794613951276));
#5277=CARTESIAN_POINT('Ctrl Pts',(-11.7700094062956,9.25054959008234,16.1925614057952));
#5278=CARTESIAN_POINT('Ctrl Pts',(-11.7849743306436,9.26698309736865,16.2011181665667));
#5279=CARTESIAN_POINT('Ctrl Pts',(-11.7994302976734,9.2836064704124,16.2094029203143));
#5280=CARTESIAN_POINT('Ctrl Pts',(-11.8133662185923,9.30041789967101,16.217406100279));
#5281=CARTESIAN_POINT('Ctrl Pts',(-11.8597832014309,9.35641246421596,16.2440626426945));
#5282=CARTESIAN_POINT('Ctrl Pts',(-11.9004336881799,9.4144928230822,16.2675984946612));
#5283=CARTESIAN_POINT('Ctrl Pts',(-11.935125657919,9.47413263008415,16.2878222247545));
#5284=CARTESIAN_POINT('Ctrl Pts',(-11.9713716348349,9.53644396853283,16.308951865407));
#5285=CARTESIAN_POINT('Ctrl Pts',(-12.0011130743462,9.60045946092662,16.3264654922351));
#5286=CARTESIAN_POINT('Ctrl Pts',(-12.0240925549694,9.66556835699771,16.3401042563613));
#5287=CARTESIAN_POINT('Ctrl Pts',(-12.0354870362584,9.69785290294523,16.3468671003607));
#5288=CARTESIAN_POINT('Ctrl Pts',(-12.0452183854256,9.73040593926542,16.3526766563037));
#5289=CARTESIAN_POINT('Ctrl Pts',(-12.0532523260109,9.76315022170425,16.3574989014621));
#5290=CARTESIAN_POINT('Ctrl Pts',(-12.0569870627769,9.77837205141554,16.3597406178522));
#5291=CARTESIAN_POINT('Ctrl Pts',(-12.0603590331687,9.79363659627729,16.3617691788603));
#5292=CARTESIAN_POINT('Ctrl Pts',(-12.0633671432347,9.80893629877757,16.3635810265024));
#5293=CARTESIAN_POINT('Ctrl Pts',(-12.0762191497756,9.8743035467497,16.3713220589905));
#5294=CARTESIAN_POINT('Ctrl Pts',(-12.0824327119721,9.94031122542164,16.3751088706756));
#5295=CARTESIAN_POINT('Ctrl Pts',(-12.0820270321501,10.0062992708534,16.3749323045238));
#5296=CARTESIAN_POINT('Ctrl Pts',(-12.0816381650179,10.0695525573101,16.3747630558468));
#5297=CARTESIAN_POINT('Ctrl Pts',(-12.0751673623774,10.1327885661341,16.3709525947915));
#5298=CARTESIAN_POINT('Ctrl Pts',(-12.0625916078095,10.1954353594693,16.3634696705888));
#5299=CARTESIAN_POINT('Ctrl Pts',(-12.0550835727255,10.2328370374138,16.359002180615));
#5300=CARTESIAN_POINT('Ctrl Pts',(-12.0453987301194,10.270028844294,16.3532252051485));
#5301=CARTESIAN_POINT('Ctrl Pts',(-12.0335248484219,10.3068887981415,16.3461269164603));
#5302=CARTESIAN_POINT('Ctrl Pts',(-12.029471332869,10.3194720796669,16.3437036967981));
#5303=CARTESIAN_POINT('Ctrl Pts',(-12.0251615065798,10.3320118881113,16.3411273586481));
#5304=CARTESIAN_POINT('Ctrl Pts',(-12.0205950545424,10.3445024502459,16.3383979007304));
#5305=CARTESIAN_POINT('Ctrl Pts',(-11.9970800813247,10.4088226777801,16.3243425401774));
#5306=CARTESIAN_POINT('Ctrl Pts',(-11.9667563852335,10.4718365181496,16.3062246093073));
#5307=CARTESIAN_POINT('Ctrl Pts',(-11.9300130089757,10.5331330520735,16.2845407062072));
#5308=CARTESIAN_POINT('Ctrl Pts',(-11.8920145824156,10.5965233030496,16.2621161420162));
#5309=CARTESIAN_POINT('Ctrl Pts',(-11.8471505692794,10.6580762568243,16.2358781577806));
#5310=CARTESIAN_POINT('Ctrl Pts',(-11.7958991804601,10.7173497134576,16.2064032233123));
#5311=CARTESIAN_POINT('Ctrl Pts',(-11.7598027530316,10.7590960948745,16.1856439842456));
#5312=CARTESIAN_POINT('Ctrl Pts',(-11.7205389603606,10.7997119956671,16.1632796934631));
#5313=CARTESIAN_POINT('Ctrl Pts',(-11.6782875980287,10.8390492207853,16.1395177969083));
#5314=CARTESIAN_POINT('Ctrl Pts',(-11.6189880238807,10.8942588180367,16.1061680948188));
#5315=CARTESIAN_POINT('Ctrl Pts',(-11.5535790862149,10.9470460938993,16.0700111601901));
#5316=CARTESIAN_POINT('Ctrl Pts',(-11.4825048753911,10.9970857952376,16.031520987386));
#5317=CARTESIAN_POINT('Ctrl Pts',(-11.4114003804096,11.0471468180959,15.9930144142244));
#5318=CARTESIAN_POINT('Ctrl Pts',(-11.3346257724695,11.094459210534,15.9521723980178));
#5319=CARTESIAN_POINT('Ctrl Pts',(-11.2525874590199,11.1386917745945,15.9094348334619));
#5320=CARTESIAN_POINT('Ctrl Pts',(-11.2037906375901,11.1650015369371,15.8840143047079));
#5321=CARTESIAN_POINT('Ctrl Pts',(-11.1531308167477,11.190221486094,15.8579224666926));
#5322=CARTESIAN_POINT('Ctrl Pts',(-11.1006872654047,11.2142780346873,15.8312470991172));
#5323=CARTESIAN_POINT('Ctrl Pts',(-11.0416597213302,11.2413547475721,15.8012227892652));
#5324=CARTESIAN_POINT('Ctrl Pts',(-10.9803725414378,11.2669576887128,15.770459221973));
#5325=CARTESIAN_POINT('Ctrl Pts',(-10.9169439515904,11.2911409902331,15.7390463283884));
#5326=CARTESIAN_POINT('Ctrl Pts',(-10.7670488510415,11.3482912188872,15.6648110528807));
#5327=CARTESIAN_POINT('Ctrl Pts',(-10.6053590754782,11.3971155994362,15.5874539934146));
#5328=CARTESIAN_POINT('Ctrl Pts',(-10.4337845747795,11.4383233805754,15.5086695865457));
#5329=CARTESIAN_POINT('Ctrl Pts',(-10.2889425788529,11.4731107017892,15.4421603401698));
#5330=CARTESIAN_POINT('Ctrl Pts',(-10.1370572591904,11.5024711913012,15.3746343152929));
#5331=CARTESIAN_POINT('Ctrl Pts',(-9.97928830884707,11.5268537216226,15.3070958451222));
#5332=CARTESIAN_POINT('Ctrl Pts',(-9.86318134770749,11.5447975660505,15.2573922341488));
#5333=CARTESIAN_POINT('Ctrl Pts',(-9.74377476681045,11.5600517969062,15.2076739255685));
#5334=CARTESIAN_POINT('Ctrl Pts',(-9.62139968588427,11.5728145454526,15.1582301621777));
#5335=CARTESIAN_POINT('Ctrl Pts',(-9.53133929136376,11.5822071289799,15.1218426492637));
#5336=CARTESIAN_POINT('Ctrl Pts',(-9.43967015196284,11.5902495405771,15.0856033777056));
#5337=CARTESIAN_POINT('Ctrl Pts',(-9.34651146330381,11.5970083088445,15.0496262163231));
#5338=CARTESIAN_POINT('Ctrl Pts',(-9.3045930867886,11.6000495344896,15.0334376651693));
#5339=CARTESIAN_POINT('Ctrl Pts',(-9.2623729943535,11.6028307195753,15.0173021979417));
#5340=CARTESIAN_POINT('Ctrl Pts',(-9.21985338552093,11.6053586301961,15.0012203061273));
#5341=CARTESIAN_POINT('Ctrl Pts',(-9.07441984674867,11.6140050640975,14.9462140043072));
#5342=CARTESIAN_POINT('Ctrl Pts',(-8.92564637041541,11.6196799409887,14.8918650185923));
#5343=CARTESIAN_POINT('Ctrl Pts',(-8.77384048389194,11.6226415563736,14.8384150951315));
#5344=CARTESIAN_POINT('Ctrl Pts',(-8.61584488720534,11.6257239282144,14.7827858126087));
#5345=CARTESIAN_POINT('Ctrl Pts',(-8.45456472361145,11.6258674246412,14.7281314038836));
#5346=CARTESIAN_POINT('Ctrl Pts',(-8.29038550096792,11.623403981765,14.6747216425503));
#5347=CARTESIAN_POINT('Ctrl Pts',(-8.23364749299696,11.6225526508883,14.6562639874618));
#5348=CARTESIAN_POINT('Ctrl Pts',(-8.17656356811459,11.6213903064186,14.6379548872804));
#5349=CARTESIAN_POINT('Ctrl Pts',(-8.11915058799758,11.6199316310454,14.6198050881951));
#5350=CARTESIAN_POINT('Ctrl Pts',(-7.79035392965085,11.6115779871939,14.5158635530797));
#5351=CARTESIAN_POINT('Ctrl Pts',(-7.45057747304925,11.5934840748623,14.4168322024942));
#5352=CARTESIAN_POINT('Ctrl Pts',(-7.1021682095032,11.5681972609929,14.3240160067806));
#5353=CARTESIAN_POINT('Ctrl Pts',(-6.71476700523405,11.5400804938168,14.2208123616503));
#5354=CARTESIAN_POINT('Ctrl Pts',(-6.3166920800443,11.5030700291051,14.1252917988623));
#5355=CARTESIAN_POINT('Ctrl Pts',(-5.90851069103518,11.4605891602058,14.0381351351202));
#5356=CARTESIAN_POINT('Ctrl Pts',(-5.61899430638418,11.4304581745417,13.9763163387117));
#5357=CARTESIAN_POINT('Ctrl Pts',(-5.32464768603044,11.3975991972375,13.9187508008407));
#5358=CARTESIAN_POINT('Ctrl Pts',(-5.02540906235793,11.363207764203,13.8656330853881));
#5359=CARTESIAN_POINT('Ctrl Pts',(-4.8703993914534,11.3453925348346,13.8381173874129));
#5360=CARTESIAN_POINT('Ctrl Pts',(-4.71407636668556,11.3271657266222,13.8117957272718));
#5361=CARTESIAN_POINT('Ctrl Pts',(-4.55642748942113,11.3086923645757,13.7866987517389));
#5362=CARTESIAN_POINT('Ctrl Pts',(-8.38714712717553,10.386597364983,19.1821191660836));
#5363=CARTESIAN_POINT('Ctrl Pts',(-8.9925546348581,9.65833651155358,20.0233519128986));
#5364=CARTESIAN_POINT('Ctrl Pts',(-10.0638684958785,8.10604449713563,21.7938798397921));
#5365=CARTESIAN_POINT('Ctrl Pts',(-11.0842705594024,5.90673236383291,24.0555521363156));
#5366=CARTESIAN_POINT('Ctrl Pts',(-11.6237451394256,4.1130536628019,25.4965342897331));
#5367=CARTESIAN_POINT('Ctrl Pts',(-11.8688709731111,2.97051948848477,26.206553773177));
#5368=CARTESIAN_POINT('Ctrl Pts',(-12.0630749424658,1.7448717998008,26.7985110035584));
#5369=CARTESIAN_POINT('Ctrl Pts',(-12.1822971101088,-0.000989241841176359,
27.1896894652414));
#5370=CARTESIAN_POINT('Ctrl Pts',(-12.0388717365098,-2.09240556287379,26.7190196474436));
#5371=CARTESIAN_POINT('Ctrl Pts',(-11.7004562004228,-3.85433649091949,25.7007760399628));
#5372=CARTESIAN_POINT('Ctrl Pts',(-11.0841789345089,-5.90915126656923,24.0562279284037));
#5373=CARTESIAN_POINT('Ctrl Pts',(-10.064220075098,-8.10585485952203,21.7948203919596));
#5374=CARTESIAN_POINT('Ctrl Pts',(-8.9927897225574,-9.658053718284,20.0236785746405));
#5375=CARTESIAN_POINT('Ctrl Pts',(-8.38714712717554,-10.386597364983,19.1821191660836));
#5376=CARTESIAN_POINT('Ctrl Pts',(-8.10010679392559,9.57919668184824,18.783267607551));
#5377=CARTESIAN_POINT('Ctrl Pts',(-8.73847050022921,8.92865506687167,19.621877215928));
#5378=CARTESIAN_POINT('Ctrl Pts',(-9.86666718047455,7.5199995693477,21.4090295551304));
#5379=CARTESIAN_POINT('Ctrl Pts',(-10.9417520130389,5.49410898029744,23.7091512519831));
#5380=CARTESIAN_POINT('Ctrl Pts',(-11.5090704021233,3.8302611735321,25.1781710388412));
#5381=CARTESIAN_POINT('Ctrl Pts',(-11.7668019991725,2.76787085536792,25.9024440198504));
#5382=CARTESIAN_POINT('Ctrl Pts',(-11.9708818070145,1.62678009108899,26.5065175837832));
#5383=CARTESIAN_POINT('Ctrl Pts',(-12.095969201148,-0.000922467402815632,
26.9059122220685));
#5384=CARTESIAN_POINT('Ctrl Pts',(-11.9455216681859,-1.95081370445206,26.4253402299443));
#5385=CARTESIAN_POINT('Ctrl Pts',(-11.589696279946,-3.59024157020701,25.3863996997935));
#5386=CARTESIAN_POINT('Ctrl Pts',(-10.9421791578974,-5.49654642016642,23.7096373779107));
#5387=CARTESIAN_POINT('Ctrl Pts',(-9.86672190531753,-7.51968521751582,21.4101357431971));
#5388=CARTESIAN_POINT('Ctrl Pts',(-8.73871838525397,-8.92840245300478,19.6222028590708));
#5389=CARTESIAN_POINT('Ctrl Pts',(-8.1001067939256,-9.57919668184824,18.783267607551));
#5390=CARTESIAN_POINT('Ctrl Pts',(-8.20392628675863,8.78208744168256,18.1108440852995));
#5391=CARTESIAN_POINT('Ctrl Pts',(-8.82231158905658,8.20449481804088,19.0137245126474));
#5392=CARTESIAN_POINT('Ctrl Pts',(-9.90951387854224,6.93582961488164,20.9080631260924));
#5393=CARTESIAN_POINT('Ctrl Pts',(-10.941707865637,5.08186943115326,23.306018734195));
#5394=CARTESIAN_POINT('Ctrl Pts',(-11.4858016656445,3.54758906483429,24.8272890600961));
#5395=CARTESIAN_POINT('Ctrl Pts',(-11.7328989624206,2.56524563098465,25.5756017035392));
#5396=CARTESIAN_POINT('Ctrl Pts',(-11.9285223363075,1.50868194487079,26.1989171063449));
#5397=CARTESIAN_POINT('Ctrl Pts',(-12.0483971213691,-0.000857576241638892,
26.6103369971341));
#5398=CARTESIAN_POINT('Ctrl Pts',(-11.9042174038822,-1.80919586815837,26.1152961535448));
#5399=CARTESIAN_POINT('Ctrl Pts',(-11.5631264944937,-3.32623482224483,25.0429350563181));
#5400=CARTESIAN_POINT('Ctrl Pts',(-10.9421220173323,-5.0842039112919,23.3065483634906));
#5401=CARTESIAN_POINT('Ctrl Pts',(-9.90957782558798,-6.93548421593494,20.9091817154221));
#5402=CARTESIAN_POINT('Ctrl Pts',(-8.82255171620425,-8.20427053122695,19.0140751129946));
#5403=CARTESIAN_POINT('Ctrl Pts',(-8.20392628675864,-8.78208744168255,18.1108440852995));
#5404=CARTESIAN_POINT('Ctrl Pts',(-8.65770760153897,8.30927789198643,17.4297389319971));
#5405=CARTESIAN_POINT('Ctrl Pts',(-9.21686917986946,7.72666920924287,18.4009546513333));
#5406=CARTESIAN_POINT('Ctrl Pts',(-10.1846753952341,6.4848355977085,20.4054093148203));
#5407=CARTESIAN_POINT('Ctrl Pts',(-11.084948504098,4.72538589106634,22.9024607945838));
#5408=CARTESIAN_POINT('Ctrl Pts',(-11.5562426965865,3.29044293024151,24.4762432772945));
#5409=CARTESIAN_POINT('Ctrl Pts',(-11.769577183658,2.37641559078783,25.2486991402341));
#5410=CARTESIAN_POINT('Ctrl Pts',(-11.9382300155242,1.39589743984063,25.8913100515899));
#5411=CARTESIAN_POINT('Ctrl Pts',(-12.0414714237191,-0.000791393472955901,
26.3147556630968));
#5412=CARTESIAN_POINT('Ctrl Pts',(-11.9172611155524,-1.67392445029901,25.8052551217898));
#5413=CARTESIAN_POINT('Ctrl Pts',(-11.6232636666844,-3.0834691927356,24.6993365449519));
#5414=CARTESIAN_POINT('Ctrl Pts',(-11.0848309302109,-4.72732101325538,22.9031369943018));
#5415=CARTESIAN_POINT('Ctrl Pts',(-10.1850358777793,-6.48468388761762,20.4064606901262));
#5416=CARTESIAN_POINT('Ctrl Pts',(-9.21708630966603,-7.72644297462721,18.4013317871733));
#5417=CARTESIAN_POINT('Ctrl Pts',(-8.65770760153897,-8.30927789198643,17.4297389319971));
#5418=CARTESIAN_POINT('',(-8.65770760153897,-8.30927789198643,17.4297389319971));
#5419=CARTESIAN_POINT('Ctrl Pts',(-9.43223897176592,-8.979482917004,20.7866146315373));
#5420=CARTESIAN_POINT('Ctrl Pts',(-9.43083904764147,-8.97841106091305,20.7842443167604));
#5421=CARTESIAN_POINT('Ctrl Pts',(-9.42944141592218,-8.97734000138941,20.7818722888178));
#5422=CARTESIAN_POINT('Ctrl Pts',(-9.18228776989932,-8.78776757875877,20.3614179236401));
#5423=CARTESIAN_POINT('Ctrl Pts',(-9.00993945947733,-8.62612890466045,19.8952851993387));
#5424=CARTESIAN_POINT('Ctrl Pts',(-8.702292194732,-8.32607190992969,18.6160146194229));
#5425=CARTESIAN_POINT('Ctrl Pts',(-8.66621627436876,-8.30041242829692,17.8928877884686));
#5426=CARTESIAN_POINT('Ctrl Pts',(-8.65770760153897,-8.30927789198642,17.4297389319971));
#5427=CARTESIAN_POINT('',(-12.0001214494047,-2.06472582962459E-7,26.1451498925779));
#5428=CARTESIAN_POINT('Ctrl Pts',(-8.65770760153897,-8.30927789198643,17.4297389319971));
#5429=CARTESIAN_POINT('Ctrl Pts',(-9.21708630966603,-7.72644297462721,18.4013317871733));
#5430=CARTESIAN_POINT('Ctrl Pts',(-10.1850358777793,-6.48468388761762,20.4064606901262));
#5431=CARTESIAN_POINT('Ctrl Pts',(-11.0848309302109,-4.72732101325538,22.9031369943018));
#5432=CARTESIAN_POINT('Ctrl Pts',(-11.6232636666844,-3.0834691927356,24.6993365449519));
#5433=CARTESIAN_POINT('Ctrl Pts',(-11.9172611155524,-1.67392445029901,25.8052551217898));
#5434=CARTESIAN_POINT('Ctrl Pts',(-12.0000756258504,-0.55839952479615,26.1449534805464));
#5435=CARTESIAN_POINT('Ctrl Pts',(-12.0001214423612,-0.000103183091689774,
26.1451498621276));
#5436=CARTESIAN_POINT('Ctrl Pts',(-12.0001214494047,-2.06472583045712E-7,
26.1451498925779));
#5437=CARTESIAN_POINT('Ctrl Pts',(-12.0001214494047,-2.06472583045712E-7,
26.1451498925779));
#5438=CARTESIAN_POINT('Ctrl Pts',(-12.0001596225235,0.558090269408813,26.1453149205878));
#5439=CARTESIAN_POINT('Ctrl Pts',(-11.9382144588222,1.39598788379308,25.8912507765315));
#5440=CARTESIAN_POINT('Ctrl Pts',(-11.769577183658,2.37641559078783,25.2486991402341));
#5441=CARTESIAN_POINT('Ctrl Pts',(-11.5562426965865,3.29044293024151,24.4762432772945));
#5442=CARTESIAN_POINT('Ctrl Pts',(-11.084948504098,4.72538589106634,22.9024607945838));
#5443=CARTESIAN_POINT('Ctrl Pts',(-10.1846753952341,6.4848355977085,20.4054093148203));
#5444=CARTESIAN_POINT('Ctrl Pts',(-9.21686917986946,7.72666920924287,18.4009546513333));
#5445=CARTESIAN_POINT('Ctrl Pts',(-8.65770760153897,8.30927789198643,17.4297389319971));
#5446=CARTESIAN_POINT('Ctrl Pts',(-6.50104210821821,-5.37558933435309,16.9731920629531));
#5447=CARTESIAN_POINT('Ctrl Pts',(-7.10628974003656,-5.38698090445729,17.5625416232633));
#5448=CARTESIAN_POINT('Ctrl Pts',(-8.24703503969267,-5.73158526112161,18.8954774249178));
#5449=CARTESIAN_POINT('Ctrl Pts',(-9.22010569671165,-7.4681838749359,20.4224190098616));
#5450=CARTESIAN_POINT('Ctrl Pts',(-9.51840599865765,-9.44474412288372,20.9340392463815));
#5451=CARTESIAN_POINT('Ctrl Pts',(-9.46975018628224,-11.5342893592428,20.8509403613267));
#5452=CARTESIAN_POINT('Ctrl Pts',(-8.74638676779373,-13.7217958157565,19.62464102245));
#5453=CARTESIAN_POINT('Ctrl Pts',(-7.17807892958353,-14.7431340457146,17.5645284440601));
#5454=CARTESIAN_POINT('Ctrl Pts',(-5.30791156699566,-14.5712118842488,15.8386512074548));
#5455=CARTESIAN_POINT('Ctrl Pts',(-3.98945098219768,-14.021992626401,15.0449799014532));
#5456=CARTESIAN_POINT('Ctrl Pts',(-3.31830530066709,-13.7247398068692,14.7408874239154));
#5457=CARTESIAN_POINT('Ctrl Pts',(-6.49743488253676,-5.82762804869959,16.9696795884592));
#5458=CARTESIAN_POINT('Ctrl Pts',(-7.06743203379978,-5.86997144197611,17.524430859075));
#5459=CARTESIAN_POINT('Ctrl Pts',(-8.1143599448003,-6.26412515730635,18.7401280242774));
#5460=CARTESIAN_POINT('Ctrl Pts',(-8.95779100778095,-7.84062821664827,20.0018484051972));
#5461=CARTESIAN_POINT('Ctrl Pts',(-9.21180636425683,-9.52988970011809,20.4056438819855));
#5462=CARTESIAN_POINT('Ctrl Pts',(-9.16999174222993,-11.2973453527976,20.3411506640063));
#5463=CARTESIAN_POINT('Ctrl Pts',(-8.55388102695968,-13.2142410587978,19.3607437220436));
#5464=CARTESIAN_POINT('Ctrl Pts',(-7.14399419338112,-14.2478586824417,17.5450488921583));
#5465=CARTESIAN_POINT('Ctrl Pts',(-5.37018729478986,-14.18693474162,15.8903966768165));
#5466=CARTESIAN_POINT('Ctrl Pts',(-4.06784637627205,-13.7151053077653,15.0879021368332));
#5467=CARTESIAN_POINT('Ctrl Pts',(-3.39398167342866,-13.4512506414009,14.7751759790196));
#5468=CARTESIAN_POINT('Ctrl Pts',(-6.63569590456451,-6.72939500431943,16.8132917623381));
#5469=CARTESIAN_POINT('Ctrl Pts',(-7.16493280146206,-6.83303101595616,17.2864505763971));
#5470=CARTESIAN_POINT('Ctrl Pts',(-8.08909421316132,-7.32442086278805,18.2502242365987));
#5471=CARTESIAN_POINT('Ctrl Pts',(-8.73841223081425,-8.58137235125134,18.979301097317));
#5472=CARTESIAN_POINT('Ctrl Pts',(-8.92390134396238,-9.69907010612715,19.1686297221428));
#5473=CARTESIAN_POINT('Ctrl Pts',(-8.89277408464911,-10.8262307544573,19.1409443752539));
#5474=CARTESIAN_POINT('Ctrl Pts',(-8.44151843266239,-12.2043987366439,18.6505617495114));
#5475=CARTESIAN_POINT('Ctrl Pts',(-7.25204505727894,-13.2602755204121,17.341167595648));
#5476=CARTESIAN_POINT('Ctrl Pts',(-5.58206042306334,-13.4194694783362,15.8702361572924));
#5477=CARTESIAN_POINT('Ctrl Pts',(-4.27276886768342,-13.101731126259,15.0833670037802));
#5478=CARTESIAN_POINT('Ctrl Pts',(-3.57930794008084,-12.9045345141433,14.768579007844));
#5479=CARTESIAN_POINT('Ctrl Pts',(-7.33522513898932,-7.99692136853778,16.0746556458864));
#5480=CARTESIAN_POINT('Ctrl Pts',(-7.90309878787064,-8.14390605366201,16.3973934730322));
#5481=CARTESIAN_POINT('Ctrl Pts',(-8.8784715486933,-8.65626753251949,16.9740724530521));
#5482=CARTESIAN_POINT('Ctrl Pts',(-9.53339636747961,-9.44224682091846,17.1189664766573));
#5483=CARTESIAN_POINT('Ctrl Pts',(-9.71629932380934,-9.89267569079011,17.0933511876065));
#5484=CARTESIAN_POINT('Ctrl Pts',(-9.68566684999867,-10.2910256806716,17.1019429773218));
#5485=CARTESIAN_POINT('Ctrl Pts',(-9.23927587198748,-10.986905090681,17.114761357018));
#5486=CARTESIAN_POINT('Ctrl Pts',(-8.00089947316008,-11.911656634127,16.4716121580174));
#5487=CARTESIAN_POINT('Ctrl Pts',(-6.20276299764301,-12.2593218313171,15.4077883995912));
#5488=CARTESIAN_POINT('Ctrl Pts',(-4.76410379534243,-12.1325614466897,14.762399372926));
#5489=CARTESIAN_POINT('Ctrl Pts',(-3.99602726751616,-12.0246144802869,14.4965516853194));
#5490=CARTESIAN_POINT('Ctrl Pts',(-8.12084886969142,-8.38296205292096,15.2616759074316));
#5491=CARTESIAN_POINT('Ctrl Pts',(-8.7910877872954,-8.46295161062846,15.5159348245236));
#5492=CARTESIAN_POINT('Ctrl Pts',(-9.99548581984664,-8.76877265162859,16.0076727293558));
#5493=CARTESIAN_POINT('Ctrl Pts',(-10.9291355366706,-9.38560026142959,16.3102242145093));
#5494=CARTESIAN_POINT('Ctrl Pts',(-11.2070166809926,-9.87125053021032,16.3779397767483));
#5495=CARTESIAN_POINT('Ctrl Pts',(-11.1609593526863,-10.3504075792782,16.3676684421377));
#5496=CARTESIAN_POINT('Ctrl Pts',(-10.486762503502,-10.983455453678,16.1861183613715));
#5497=CARTESIAN_POINT('Ctrl Pts',(-8.88830187369942,-11.5790363661589,15.5580178427321));
#5498=CARTESIAN_POINT('Ctrl Pts',(-6.79386599374206,-11.7492820455852,14.7489770187827));
#5499=CARTESIAN_POINT('Ctrl Pts',(-5.19119422248859,-11.6207514813584,14.2794083550877));
#5500=CARTESIAN_POINT('Ctrl Pts',(-4.34620003389443,-11.5302024568509,14.08763116199));
#5501=CARTESIAN_POINT('Ctrl Pts',(-8.59394592982857,-8.37520706342135,14.7759405713921));
#5502=CARTESIAN_POINT('Ctrl Pts',(-9.32670669334215,-8.37920950697148,15.0266344327957));
#5503=CARTESIAN_POINT('Ctrl Pts',(-10.669470910715,-8.50028671336693,15.5797967342082));
#5504=CARTESIAN_POINT('Ctrl Pts',(-11.77582677977,-9.11044298308574,16.1905719452395));
#5505=CARTESIAN_POINT('Ctrl Pts',(-12.1127020400142,-9.80491009722931,16.3934097720802));
#5506=CARTESIAN_POINT('Ctrl Pts',(-12.0574655375919,-10.539074639734,16.3604240345128));
#5507=CARTESIAN_POINT('Ctrl Pts',(-11.2413277596417,-11.3076579893198,15.8738275774763));
#5508=CARTESIAN_POINT('Ctrl Pts',(-9.42219718239078,-11.6665065566024,15.0322352970765));
#5509=CARTESIAN_POINT('Ctrl Pts',(-7.14829174572287,-11.6061014728442,14.2908240772983));
#5510=CARTESIAN_POINT('Ctrl Pts',(-5.44770418560985,-11.4131325444111,13.9285858988306));
#5511=CARTESIAN_POINT('Ctrl Pts',(-4.55642748942114,-11.3086923645757,13.7866987517389));
#5512=CARTESIAN_POINT('',(-8.51765343668112,-11.6248236953203,14.7500001714838));
#5513=CARTESIAN_POINT('Ctrl Pts',(-4.55642748942114,-11.3086923645757,13.7866987517389));
#5514=CARTESIAN_POINT('Ctrl Pts',(-5.44770418560985,-11.4131325444111,13.9285858988306));
#5515=CARTESIAN_POINT('Ctrl Pts',(-6.81764826298212,-11.5685827234105,14.2203944824221));
#5516=CARTESIAN_POINT('Ctrl Pts',(-8.06776431263389,-11.6249397800113,14.5978871062481));
#5517=CARTESIAN_POINT('Ctrl Pts',(-8.51795565473002,-11.6248232240345,14.7496837634193));
#5518=CARTESIAN_POINT('',(-8.59394592982857,-8.37520706342136,14.7759405713921));
#5519=CARTESIAN_POINT('Ctrl Pts',(-8.51765343668112,-11.6248236953203,14.7500001714838));
#5520=CARTESIAN_POINT('Ctrl Pts',(-8.66732266024614,-11.6247753056248,14.8005702448772));
#5521=CARTESIAN_POINT('Ctrl Pts',(-8.81438530466218,-11.6223384600768,14.8521030469826));
#5522=CARTESIAN_POINT('Ctrl Pts',(-8.95850317575055,-11.6172605851875,14.904369815315));
#5523=CARTESIAN_POINT('Ctrl Pts',(-9.04674667003936,-11.6141513981005,14.9363728017454));
#5524=CARTESIAN_POINT('Ctrl Pts',(-9.13388677692865,-11.6100527243855,14.9686508196864));
#5525=CARTESIAN_POINT('Ctrl Pts',(-9.21985270625892,-11.6049135482619,15.0011515423928));
#5526=CARTESIAN_POINT('Ctrl Pts',(-9.26218612417058,-11.6023827911089,15.0171563327496));
#5527=CARTESIAN_POINT('Ctrl Pts',(-9.304222109243,-11.5996000260185,15.0332141355222));
#5528=CARTESIAN_POINT('Ctrl Pts',(-9.34595853657848,-11.5965585486878,15.0493243511622));
#5529=CARTESIAN_POINT('Ctrl Pts',(-9.48146916099902,-11.5866834223639,15.1016313050701));
#5530=CARTESIAN_POINT('Ctrl Pts',(-9.61382498196571,-11.5740843675709,15.1544905027509));
#5531=CARTESIAN_POINT('Ctrl Pts',(-9.7426573990237,-11.5585641822232,15.2075472202501));
#5532=CARTESIAN_POINT('Ctrl Pts',(-9.86080236228602,-11.5443314932028,15.2562025515937));
#5533=CARTESIAN_POINT('Ctrl Pts',(-9.97598435770126,-11.5276417611538,15.3050249209757));
#5534=CARTESIAN_POINT('Ctrl Pts',(-10.0878833746263,-11.5083093148278,15.3537350001599));
#5535=CARTESIAN_POINT('Ctrl Pts',(-10.0980058169221,-11.5065604918466,15.3581413388331));
#5536=CARTESIAN_POINT('Ctrl Pts',(-10.1081013676119,-11.5047900216001,15.3625467493631));
#5537=CARTESIAN_POINT('Ctrl Pts',(-10.1181697734773,-11.5029977538178,15.3669510187853));
#5538=CARTESIAN_POINT('Ctrl Pts',(-10.2492654785558,-11.4796615264394,15.4242968203927));
#5539=CARTESIAN_POINT('Ctrl Pts',(-10.3759353906718,-11.4526192364357,15.4814687054841));
#5540=CARTESIAN_POINT('Ctrl Pts',(-10.4974082491202,-11.4216307729255,15.5377896834314));
#5541=CARTESIAN_POINT('Ctrl Pts',(-10.612111841989,-11.3923691901531,15.5909720865374));
#5542=CARTESIAN_POINT('Ctrl Pts',(-10.7221811440869,-11.3595893116867,15.6433949430071));
#5543=CARTESIAN_POINT('Ctrl Pts',(-10.82700093842,-11.3231179457372,15.6944952912923));
#5544=CARTESIAN_POINT('Ctrl Pts',(-10.9138225928767,-11.2929089155423,15.7368214264433));
#5545=CARTESIAN_POINT('Ctrl Pts',(-10.9970431653464,-11.2601678550164,15.7782401555934));
#5546=CARTESIAN_POINT('Ctrl Pts',(-11.0763346544184,-11.2248099736755,15.8184411193577));
#5547=CARTESIAN_POINT('Ctrl Pts',(-11.0846197283998,-11.2211154704424,15.8226416705494));
#5548=CARTESIAN_POINT('Ctrl Pts',(-11.0928603927054,-11.2173929368201,15.8268283349503));
#5549=CARTESIAN_POINT('Ctrl Pts',(-11.1010564258951,-11.2136422344223,15.8310008579128));
#5550=CARTESIAN_POINT('Ctrl Pts',(-11.1853828044174,-11.1750524504618,15.8739306194923));
#5551=CARTESIAN_POINT('Ctrl Pts',(-11.2649878046441,-11.1334835721444,15.9153642157253));
#5552=CARTESIAN_POINT('Ctrl Pts',(-11.3396389415364,-11.0892278740253,15.9549243160076));
#5553=CARTESIAN_POINT('Ctrl Pts',(-11.4149988082883,-11.0445520170712,15.9948599956245));
#5554=CARTESIAN_POINT('Ctrl Pts',(-11.4853108518336,-10.9971374601416,16.0328871653659));
#5555=CARTESIAN_POINT('Ctrl Pts',(-11.5502922846085,-10.947256396491,16.0686010474564));
#5556=CARTESIAN_POINT('Ctrl Pts',(-11.6119244915674,-10.8999462663974,16.1024741905731));
#5557=CARTESIAN_POINT('Ctrl Pts',(-11.6687614345667,-10.8504166500768,16.1342666780524));
#5558=CARTESIAN_POINT('Ctrl Pts',(-11.7205194985631,-10.7988840849042,16.1636111286083));
#5559=CARTESIAN_POINT('Ctrl Pts',(-11.7233321423523,-10.796083695203,16.1652057687519));
#5560=CARTESIAN_POINT('Ctrl Pts',(-11.7261297769244,-10.7932773880254,16.1667931733685));
#5561=CARTESIAN_POINT('Ctrl Pts',(-11.7289123529384,-10.7904651972857,16.1683732812627));
#5562=CARTESIAN_POINT('Ctrl Pts',(-11.7745249410427,-10.7443671581911,16.1942747517621));
#5563=CARTESIAN_POINT('Ctrl Pts',(-11.8160575177451,-10.696602532983,16.218260440025));
#5564=CARTESIAN_POINT('Ctrl Pts',(-11.8532683327106,-10.6474326730795,16.2399836384257));
#5565=CARTESIAN_POINT('Ctrl Pts',(-11.8902268037851,-10.5985962569284,16.2615595216866));
#5566=CARTESIAN_POINT('Ctrl Pts',(-11.9229218421837,-10.5483743345917,16.2809034027159));
#5567=CARTESIAN_POINT('Ctrl Pts',(-11.9511575502297,-10.4970284267071,16.2977059771168));
#5568=CARTESIAN_POINT('Ctrl Pts',(-11.9784100259109,-10.4474705015552,16.3139234471904));
#5569=CARTESIAN_POINT('Ctrl Pts',(-12.0015085095412,-10.3968660786419,16.3277737840231));
#5570=CARTESIAN_POINT('Ctrl Pts',(-12.0203141598559,-10.3454459093422,16.3390057045282));
#5571=CARTESIAN_POINT('Ctrl Pts',(-12.0277724718216,-10.3250526946675,16.3434602788555));
#5572=CARTESIAN_POINT('Ctrl Pts',(-12.0345559722636,-10.3045310803748,16.3475032865589));
#5573=CARTESIAN_POINT('Ctrl Pts',(-12.040670873719,-10.2839081130877,16.3511357694701));
#5574=CARTESIAN_POINT('Ctrl Pts',(-12.0575195804713,-10.2270845762388,16.3611445389982));
#5575=CARTESIAN_POINT('Ctrl Pts',(-12.0692130835146,-10.1695475710393,16.3680294691659));
#5576=CARTESIAN_POINT('Ctrl Pts',(-12.0757904943208,-10.1117355647674,16.371840620577));
#5577=CARTESIAN_POINT('Ctrl Pts',(-12.0826258302285,-10.0516565315416,16.3758012216186));
#5578=CARTESIAN_POINT('Ctrl Pts',(-12.0839359321642,-9.99127955591419,16.3764418389568));
#5579=CARTESIAN_POINT('Ctrl Pts',(-12.0797175172985,-9.93110139340793,16.3737873230967));
#5580=CARTESIAN_POINT('Ctrl Pts',(-12.0768749334284,-9.89055026709192,16.37199857443));
#5581=CARTESIAN_POINT('Ctrl Pts',(-12.0715209986497,-9.85008957000112,16.3687129311076));
#5582=CARTESIAN_POINT('Ctrl Pts',(-12.0636435503574,-9.80987528118701,16.3639320382555));
#5583=CARTESIAN_POINT('Ctrl Pts',(-12.0591416657915,-9.78689320889356,16.3611998048033));
#5584=CARTESIAN_POINT('Ctrl Pts',(-12.053815438985,-9.76399168534033,16.3579791422498));
#5585=CARTESIAN_POINT('Ctrl Pts',(-12.0476667950372,-9.7411947566417,16.3542814851367));
#5586=CARTESIAN_POINT('Ctrl Pts',(-12.0235898981633,-9.65192640642132,16.3398021772209));
#5587=CARTESIAN_POINT('Ctrl Pts',(-11.9869495940055,-9.56420328162416,16.3179987577316));
#5588=CARTESIAN_POINT('Ctrl Pts',(-11.9382813846363,-9.47961505873615,16.2895458746721));
#5589=CARTESIAN_POINT('Ctrl Pts',(-11.903040670067,-9.41836461502042,16.268943104536));
#5590=CARTESIAN_POINT('Ctrl Pts',(-11.8614938501343,-9.3587560353845,16.2448542556265));
#5591=CARTESIAN_POINT('Ctrl Pts',(-11.813840975412,-9.30137980025264,16.2175241948616));
#5592=CARTESIAN_POINT('Ctrl Pts',(-11.786511506932,-9.26847387340823,16.2018500925418));
#5593=CARTESIAN_POINT('Ctrl Pts',(-11.7571735409933,-9.23630211219832,16.1851096227662));
#5594=CARTESIAN_POINT('Ctrl Pts',(-11.7259123717944,-9.20488855837832,16.1673860169719));
#5595=CARTESIAN_POINT('Ctrl Pts',(-11.6576902622132,-9.13633389564641,16.1287073044457));
#5596=CARTESIAN_POINT('Ctrl Pts',(-11.5802556405028,-9.07167014926224,16.0855051038503));
#5597=CARTESIAN_POINT('Ctrl Pts',(-11.4944955883862,-9.01111834837861,16.0387671752843));
#5598=CARTESIAN_POINT('Ctrl Pts',(-11.4049741657978,-8.94791079169452,15.989979356821));
#5599=CARTESIAN_POINT('Ctrl Pts',(-11.3063808904978,-8.88918339746038,15.9373387521732));
#5600=CARTESIAN_POINT('Ctrl Pts',(-11.1996771107775,-8.83518893192429,15.8819363763315));
#5601=CARTESIAN_POINT('Ctrl Pts',(-11.1377452068625,-8.80385002284073,15.8497803025139));
#5602=CARTESIAN_POINT('Ctrl Pts',(-11.0730802027195,-8.77410557777477,15.8166932621811));
#5603=CARTESIAN_POINT('Ctrl Pts',(-11.0058635056728,-8.74600601245632,15.7828842101105));
#5604=CARTESIAN_POINT('Ctrl Pts',(-10.8662096493397,-8.68762449669575,15.7126402869772));
#5605=CARTESIAN_POINT('Ctrl Pts',(-10.7151202096915,-8.63617609908164,15.6390784580091));
#5606=CARTESIAN_POINT('Ctrl Pts',(-10.5544089279101,-8.59226164600424,15.5640248157899));
#5607=CARTESIAN_POINT('Ctrl Pts',(-10.4048834976129,-8.55140373348011,15.4941950687816));
#5608=CARTESIAN_POINT('Ctrl Pts',(-10.2470306719582,-8.51706666784964,15.4230727513804));
#5609=CARTESIAN_POINT('Ctrl Pts',(-10.0820348889714,-8.48861952814279,15.3514016124276));
#5610=CARTESIAN_POINT('Ctrl Pts',(-9.92167259602734,-8.46097125454141,15.2817431764825));
#5611=CARTESIAN_POINT('Ctrl Pts',(-9.75454684828325,-8.43901557875174,15.211889459661));
#5612=CARTESIAN_POINT('Ctrl Pts',(-9.58166598113959,-8.4220596327117,15.14255872832));
#5613=CARTESIAN_POINT('Ctrl Pts',(-9.45125986654322,-8.40926955895211,15.0902617249229));
#5614=CARTESIAN_POINT('Ctrl Pts',(-9.3175783080031,-8.39932464437554,15.0382613843652));
#5615=CARTESIAN_POINT('Ctrl Pts',(-9.18104039302609,-8.39193792690182,14.9868566990361));
#5616=CARTESIAN_POINT('Ctrl Pts',(-9.02708551656365,-8.38360894973589,14.9288947623772));
#5617=CARTESIAN_POINT('Ctrl Pts',(-8.86947025009231,-8.37852618148293,14.8716593335162));
#5618=CARTESIAN_POINT('Ctrl Pts',(-8.70852626874346,-8.37630568919385,14.8155232072554));
#5619=CARTESIAN_POINT('Ctrl Pts',(-8.67051727611392,-8.37578129136087,14.8022659385374));
#5620=CARTESIAN_POINT('Ctrl Pts',(-8.63232246631152,-8.37541668152397,14.7890700436527));
#5621=CARTESIAN_POINT('Ctrl Pts',(-8.59394592982857,-8.37520706342135,14.7759405713921));
#5622=CARTESIAN_POINT('Ctrl Pts',(-8.59394592982857,-8.37520706342136,14.7759405713921));
#5623=CARTESIAN_POINT('Ctrl Pts',(-8.58523729428529,-8.38414314612532,15.3356539192066));
#5624=CARTESIAN_POINT('Ctrl Pts',(-8.62569401405381,-8.34260443494354,15.7892681702584));
#5625=CARTESIAN_POINT('Ctrl Pts',(-8.65523031044977,-8.31185854862857,17.2952115266933));
#5626=CARTESIAN_POINT('Ctrl Pts',(-8.65649880940663,-8.31053737192787,17.3639412800005));
#5627=CARTESIAN_POINT('Ctrl Pts',(-8.65770760153898,-8.30927789198642,17.4297389319971));
#5628=CARTESIAN_POINT('Origin',(24.8843,10.,14.75));
#5629=CARTESIAN_POINT('',(24.8843,7.,14.75));
#5630=CARTESIAN_POINT('Origin',(24.8843,10.,14.75));
#5631=CARTESIAN_POINT('',(9.74679434480897,7.,14.75));
#5632=CARTESIAN_POINT('',(24.8843,7.,14.75));
#5633=CARTESIAN_POINT('',(9.69908675250374,7.06595472440962,15.3756023663524));
#5634=CARTESIAN_POINT('Ctrl Pts',(9.69908675250373,7.06595472440962,15.3756023663524));
#5635=CARTESIAN_POINT('Ctrl Pts',(9.73157449218017,7.02136041015143,15.1664571583023));
#5636=CARTESIAN_POINT('Ctrl Pts',(9.74679434480897,7.,14.9524472854595));
#5637=CARTESIAN_POINT('Ctrl Pts',(9.74679434480897,7.,14.75));
#5638=CARTESIAN_POINT('Ctrl Pts',(1.74990701874512,12.398416197451,12.9478901965184));
#5639=CARTESIAN_POINT('Ctrl Pts',(3.03070832905881,12.4788613332774,13.0549541037228));
#5640=CARTESIAN_POINT('Ctrl Pts',(5.45604374617552,12.7886359514005,13.4960558836899));
#5641=CARTESIAN_POINT('Ctrl Pts',(8.58652012246691,13.102450320973,14.6758109566543));
#5642=CARTESIAN_POINT('Ctrl Pts',(11.1256952170722,12.7997906674154,16.2152185787241));
#5643=CARTESIAN_POINT('Ctrl Pts',(12.7043069081635,11.4895157588344,17.6055194883354));
#5644=CARTESIAN_POINT('Ctrl Pts',(13.0039430959714,9.4099681438633,17.924284534338));
#5645=CARTESIAN_POINT('Ctrl Pts',(11.9819721727713,7.6532856561269,16.9137327444554));
#5646=CARTESIAN_POINT('Ctrl Pts',(10.5417586525068,7.17033483309772,15.8651401002768));
#5647=CARTESIAN_POINT('Ctrl Pts',(9.69908675250373,7.06595472440962,15.3756023663524));
#5648=CARTESIAN_POINT('Ctrl Pts',(9.74679434480897,7.,14.75));
#5649=CARTESIAN_POINT('Ctrl Pts',(9.74679434480897,7.,14.4825323144306));
#5650=CARTESIAN_POINT('Ctrl Pts',(9.71960486647498,7.03836005084081,14.1952064628247));
#5651=CARTESIAN_POINT('Ctrl Pts',(9.60565860708997,7.19309074229029,13.6543875120003));
#5652=CARTESIAN_POINT('Ctrl Pts',(9.51861835814086,7.30908992978849,13.400847964765));
#5653=CARTESIAN_POINT('Ctrl Pts',(9.28418029279144,7.60591224511059,12.9134733116595));
#5654=CARTESIAN_POINT('Ctrl Pts',(9.10397329343768,7.8242451935397,12.6615751321475));
#5655=CARTESIAN_POINT('Ctrl Pts',(8.67675901899177,8.29548056199784,12.2620210627049));
#5656=CARTESIAN_POINT('Ctrl Pts',(8.4294714874656,8.5472648396749,12.1133475693272));
#5657=CARTESIAN_POINT('Ctrl Pts',(7.65981497671903,9.26515509620991,11.7922972865278));
#5658=CARTESIAN_POINT('Ctrl Pts',(7.07847978453783,9.71845356906864,11.7365511614426));
#5659=CARTESIAN_POINT('Ctrl Pts',(5.82417101735273,10.5181865246938,11.7681171991879));
#5660=CARTESIAN_POINT('Ctrl Pts',(5.15131692473289,10.8645682087977,11.8612466333063));
#5661=CARTESIAN_POINT('Ctrl Pts',(4.22958788759385,11.2323380833102,12.0131813391344));
#5662=CARTESIAN_POINT('Ctrl Pts',(4.00911587203713,11.3129202709554,12.051254638072));
#5663=CARTESIAN_POINT('Ctrl Pts',(3.78622050155731,11.387033604657,12.0898989155387));
#5664=CARTESIAN_POINT('Origin',(0.,10.,14.75));
#5665=CARTESIAN_POINT('',(-8.59414771806955,8.375,14.75));
#5666=CARTESIAN_POINT('',(0.,8.375,14.75));
#5667=CARTESIAN_POINT('Ctrl Pts',(-5.41182177009815,10.7103774503372,13.2884977324505));
#5668=CARTESIAN_POINT('Ctrl Pts',(-5.83826218033203,10.4949023649395,13.1837639628391));
#5669=CARTESIAN_POINT('Ctrl Pts',(-6.25728944854746,10.2493837389036,13.125));
#5670=CARTESIAN_POINT('Ctrl Pts',(-6.91622984188053,9.81229213012465,13.125));
#5671=CARTESIAN_POINT('Ctrl Pts',(-7.21611988062109,9.59429375790953,13.1587163849712));
#5672=CARTESIAN_POINT('Ctrl Pts',(-7.76382367060533,9.15674064561273,13.3408528228225));
#5673=CARTESIAN_POINT('Ctrl Pts',(-8.01193474207684,8.93747289337385,13.4890679514103));
#5674=CARTESIAN_POINT('Ctrl Pts',(-8.31576492887622,8.65282395535746,13.8269667632634));
#5675=CARTESIAN_POINT('Ctrl Pts',(-8.41823625401884,8.55236736316747,13.9865933340503));
#5676=CARTESIAN_POINT('Ctrl Pts',(-8.55739659022023,8.41312377436295,14.3496816281509));
#5677=CARTESIAN_POINT('Ctrl Pts',(-8.59414771806955,8.375,14.5533735463685));
#5678=CARTESIAN_POINT('Ctrl Pts',(-8.59414771806955,8.375,14.75));
#5679=CARTESIAN_POINT('Ctrl Pts',(-8.59414771806955,8.375,14.75));
#5680=CARTESIAN_POINT('Ctrl Pts',(-8.59414771806955,8.375,14.758633928886));
#5681=CARTESIAN_POINT('Ctrl Pts',(-8.59408065517971,8.37506881939058,14.7672816285593));
#5682=CARTESIAN_POINT('Ctrl Pts',(-8.59394592982857,8.37520706342136,14.7759405713921));
#5683=CARTESIAN_POINT('Origin',(0.,-10.,14.75));
#5684=CARTESIAN_POINT('',(0.,-11.625,14.75));
#5685=CARTESIAN_POINT('',(-8.59414771806955,-8.375,14.75));
#5686=CARTESIAN_POINT('Ctrl Pts',(-8.59414771806955,-8.375,14.75));
#5687=CARTESIAN_POINT('Ctrl Pts',(-8.59414771806955,-8.375,14.5533735463685));
#5688=CARTESIAN_POINT('Ctrl Pts',(-8.55739659022023,-8.41312377436295,14.3496816281509));
#5689=CARTESIAN_POINT('Ctrl Pts',(-8.41823625401884,-8.55236736316747,13.9865933340503));
#5690=CARTESIAN_POINT('Ctrl Pts',(-8.31576492887622,-8.65282395535746,13.8269667632634));
#5691=CARTESIAN_POINT('Ctrl Pts',(-8.01193474207684,-8.93747289337385,13.4890679514103));
#5692=CARTESIAN_POINT('Ctrl Pts',(-7.76382367060533,-9.15674064561273,13.3408528228225));
#5693=CARTESIAN_POINT('Ctrl Pts',(-7.21611988062109,-9.59429375790953,13.1587163849712));
#5694=CARTESIAN_POINT('Ctrl Pts',(-6.91622984188053,-9.81229213012465,13.125));
#5695=CARTESIAN_POINT('Ctrl Pts',(-6.25728944854746,-10.2493837389036,13.125));
#5696=CARTESIAN_POINT('Ctrl Pts',(-5.83826218033202,-10.4949023649395,13.1837639628391));
#5697=CARTESIAN_POINT('Ctrl Pts',(-5.41182177009814,-10.7103774503372,13.2884977324505));
#5698=CARTESIAN_POINT('Ctrl Pts',(-8.59394592982857,-8.37520706342136,14.7759405713921));
#5699=CARTESIAN_POINT('Ctrl Pts',(-8.59408065517971,-8.37506881939058,14.7672816285593));
#5700=CARTESIAN_POINT('Ctrl Pts',(-8.59414771806955,-8.375,14.758633928886));
#5701=CARTESIAN_POINT('Ctrl Pts',(-8.59414771806955,-8.375,14.75));
#5702=CARTESIAN_POINT('Origin',(0.,0.,9.99999999999999));
#5703=CARTESIAN_POINT('',(-12.,-1.46957615897682E-15,9.99999999999999));
#5704=CARTESIAN_POINT('',(-12.,-1.46957615897682E-15,9.99999999999999));
#5705=CARTESIAN_POINT('Origin',(0.,0.,9.99999999999999));
#5706=CARTESIAN_POINT('',(9.69908675250374,-7.06595472440962,15.3756023663524));
#5707=CARTESIAN_POINT('Ctrl Pts',(3.7862205015573,-11.387033604657,12.0898989155387));
#5708=CARTESIAN_POINT('Ctrl Pts',(4.00911587203713,-11.3129202709554,12.051254638072));
#5709=CARTESIAN_POINT('Ctrl Pts',(4.22958788759385,-11.2323380833102,12.0131813391344));
#5710=CARTESIAN_POINT('Ctrl Pts',(5.15131692473289,-10.8645682087977,11.8612466333063));
#5711=CARTESIAN_POINT('Ctrl Pts',(5.82417101735273,-10.5181865246938,11.7681171991879));
#5712=CARTESIAN_POINT('Ctrl Pts',(7.07847978453783,-9.71845356906864,11.7365511614426));
#5713=CARTESIAN_POINT('Ctrl Pts',(7.65981497671903,-9.2651550962099,11.7922972865278));
#5714=CARTESIAN_POINT('Ctrl Pts',(8.4294714874656,-8.5472648396749,12.1133475693272));
#5715=CARTESIAN_POINT('Ctrl Pts',(8.67675901899177,-8.29548056199783,12.2620210627049));
#5716=CARTESIAN_POINT('Ctrl Pts',(9.10397329343768,-7.8242451935397,12.6615751321475));
#5717=CARTESIAN_POINT('Ctrl Pts',(9.28418029279144,-7.60591224511059,12.9134733116595));
#5718=CARTESIAN_POINT('Ctrl Pts',(9.51861835814086,-7.30908992978849,13.400847964765));
#5719=CARTESIAN_POINT('Ctrl Pts',(9.60565860708997,-7.19309074229029,13.6543875120003));
#5720=CARTESIAN_POINT('Ctrl Pts',(9.71960486647498,-7.03836005084081,14.1952064628247));
#5721=CARTESIAN_POINT('Ctrl Pts',(9.74679434480897,-7.,14.4825323144306));
#5722=CARTESIAN_POINT('Ctrl Pts',(9.74679434480897,-7.,14.9524472854595));
#5723=CARTESIAN_POINT('Ctrl Pts',(9.73157449218017,-7.02136041015143,15.1664571583023));
#5724=CARTESIAN_POINT('Ctrl Pts',(9.69908675250373,-7.06595472440962,15.3756023663524));
#5725=CARTESIAN_POINT('',(9.3949752652319,-7.46555019845697,18.8115688498935));
#5726=CARTESIAN_POINT('Ctrl Pts',(9.3949752652319,-7.46555019845697,18.8115688498935));
#5727=CARTESIAN_POINT('Ctrl Pts',(9.40434613669247,-7.45375748348683,18.60161803633));
#5728=CARTESIAN_POINT('Ctrl Pts',(9.41796096591909,-7.43657919617929,18.3805419058483));
#5729=CARTESIAN_POINT('Ctrl Pts',(9.45734556738475,-7.38647450948368,17.8146638341426));
#5730=CARTESIAN_POINT('Ctrl Pts',(9.48979758071092,-7.3447611889559,17.4019407739346));
#5731=CARTESIAN_POINT('Ctrl Pts',(9.54962486203817,-7.26689809796931,16.6758594831965));
#5732=CARTESIAN_POINT('Ctrl Pts',(9.58560069427609,-7.21947768751726,16.2734580208031));
#5733=CARTESIAN_POINT('Ctrl Pts',(9.64714646944519,-7.13679258598767,15.7399219392376));
#5734=CARTESIAN_POINT('Ctrl Pts',(9.671101389391,-7.10436884892886,15.5557627791379));
#5735=CARTESIAN_POINT('Ctrl Pts',(9.69908675250373,-7.06595472440962,15.3756023663524));
#5736=CARTESIAN_POINT('',(9.3949752652319,7.46555019845696,18.8115688498935));
#5737=CARTESIAN_POINT('Ctrl Pts',(9.3949752652319,7.46555019845696,18.8115688498935));
#5738=CARTESIAN_POINT('Ctrl Pts',(9.8210609582298,6.92934530529157,19.672640919697));
#5739=CARTESIAN_POINT('Ctrl Pts',(10.5695324034236,5.80131322788502,21.4148239424309));
#5740=CARTESIAN_POINT('Ctrl Pts',(11.2821680526054,4.20441104435168,23.5329935859658));
#5741=CARTESIAN_POINT('Ctrl Pts',(11.7088724720715,2.71854824098168,25.0145077395138));
#5742=CARTESIAN_POINT('Ctrl Pts',(11.9376942123924,1.45307218253729,25.8889284761596));
#5743=CARTESIAN_POINT('Ctrl Pts',(12.0317921620611,0.00113867975660897,
26.2756264182565));
#5744=CARTESIAN_POINT('Ctrl Pts',(11.9058981339301,-1.93800489086974,25.7576956876414));
#5745=CARTESIAN_POINT('Ctrl Pts',(11.421111083049,-3.88526747864536,23.9387090772997));
#5746=CARTESIAN_POINT('Ctrl Pts',(10.5721281053074,-5.79919240408872,21.4254469832255));
#5747=CARTESIAN_POINT('Ctrl Pts',(9.82086626160821,-6.92959032004541,19.6722474593539));
#5748=CARTESIAN_POINT('Ctrl Pts',(9.3949752652319,-7.46555019845697,18.8115688498935));
#5749=CARTESIAN_POINT('Ctrl Pts',(9.69908675250374,7.06595472440962,15.3756023663524));
#5750=CARTESIAN_POINT('Ctrl Pts',(9.63670243027677,7.15158659963027,15.7772117790469));
#5751=CARTESIAN_POINT('Ctrl Pts',(9.5904788216387,7.2130310685652,16.2243963049305));
#5752=CARTESIAN_POINT('Ctrl Pts',(9.51308975651388,7.31466302546474,17.1046614251835));
#5753=CARTESIAN_POINT('Ctrl Pts',(9.42892648065998,7.42282450233382,18.0509047717881));
#5754=CARTESIAN_POINT('Ctrl Pts',(9.3949752652319,7.46555019845697,18.8115688498935));
#5755=CARTESIAN_POINT('Ctrl Pts',(9.19234365850394,-9.33193774807121,20.3896954134898));
#5756=CARTESIAN_POINT('Ctrl Pts',(9.66138230055961,-8.66198790005676,21.1479955976448));
#5757=CARTESIAN_POINT('Ctrl Pts',(10.5014922185976,-7.2489905051109,22.7143243467966));
#5758=CARTESIAN_POINT('Ctrl Pts',(11.4676562184872,-4.85658434830668,25.0003604993107));
#5759=CARTESIAN_POINT('Ctrl Pts',(12.0257532611043,-2.42250611358718,26.6750630167833));
#5760=CARTESIAN_POINT('Ctrl Pts',(12.1711182566262,0.00142334969577281,
27.1535549169205));
#5761=CARTESIAN_POINT('Ctrl Pts',(12.0624679068024,1.81634022817161,26.7963134644519));
#5762=CARTESIAN_POINT('Ctrl Pts',(11.7989176867765,3.3981853012271,25.990700707697));
#5763=CARTESIAN_POINT('Ctrl Pts',(11.3095718754589,5.25551380543959,24.6315792927309));
#5764=CARTESIAN_POINT('Ctrl Pts',(10.4985237512124,7.25164153485627,22.7045315155222));
#5765=CARTESIAN_POINT('Ctrl Pts',(9.6615967221834,8.66168163161448,21.1483422555579));
#5766=CARTESIAN_POINT('Ctrl Pts',(9.19234365850394,9.3319377480712,20.3896954134898));
#5767=CARTESIAN_POINT('Ctrl Pts',(8.94779472016736,-8.62968926464773,19.9943303233923));
#5768=CARTESIAN_POINT('Ctrl Pts',(9.44314738005223,-8.02363546479735,20.7572693842549));
#5769=CARTESIAN_POINT('Ctrl Pts',(10.3278454274688,-6.73240183379515,22.3442830057812));
#5770=CARTESIAN_POINT('Ctrl Pts',(11.3458559504314,-4.52264685839376,24.6713437499344));
#5771=CARTESIAN_POINT('Ctrl Pts',(11.9315771670662,-2.25852370933074,26.3805360757407));
#5772=CARTESIAN_POINT('Ctrl Pts',(12.0843595749248,0.00131217291001151,
26.8689770401722));
#5773=CARTESIAN_POINT('Ctrl Pts',(11.9703035420486,1.693455354582,26.5042587899487));
#5774=CARTESIAN_POINT('Ctrl Pts',(11.6933439414673,3.16605637880389,25.68214243498));
#5775=CARTESIAN_POINT('Ctrl Pts',(11.1790341564535,4.89102886291467,24.2960575389208));
#5776=CARTESIAN_POINT('Ctrl Pts',(10.3246429200406,6.73482864672368,22.3343319274807));
#5777=CARTESIAN_POINT('Ctrl Pts',(9.44337383116342,8.02335840651638,20.7576181628365));
#5778=CARTESIAN_POINT('Ctrl Pts',(8.94779472016736,8.62968926464773,19.9943303233923));
#5779=CARTESIAN_POINT('Ctrl Pts',(9.02341907861822,-7.93313277309439,19.4053560224263));
#5780=CARTESIAN_POINT('Ctrl Pts',(9.50142571996228,-7.38846470225537,20.2161227040937));
#5781=CARTESIAN_POINT('Ctrl Pts',(10.3524944995981,-6.21694199289995,21.8853975982367));
#5782=CARTESIAN_POINT('Ctrl Pts',(11.3294235852702,-4.18866376822571,24.305050616848));
#5783=CARTESIAN_POINT('Ctrl Pts',(11.8908479420138,-2.09457592058842,26.0691325188207));
#5784=CARTESIAN_POINT('Ctrl Pts',(12.037275502435,0.00121682470621514,26.5722948351244));
#5785=CARTESIAN_POINT('Ctrl Pts',(11.9279678107905,1.57053978813509,26.1965925828641));
#5786=CARTESIAN_POINT('Ctrl Pts',(11.6624917287664,2.93396386142783,25.348362263463));
#5787=CARTESIAN_POINT('Ctrl Pts',(11.1693256463795,4.52673551881105,23.9146516422972));
#5788=CARTESIAN_POINT('Ctrl Pts',(10.3494186179659,6.21916526040699,21.8751200871196));
#5789=CARTESIAN_POINT('Ctrl Pts',(9.50164424131859,7.38821570654007,20.2164933471342));
#5790=CARTESIAN_POINT('Ctrl Pts',(9.02341907861822,7.93313277309439,19.4053560224263));
#5791=CARTESIAN_POINT('Ctrl Pts',(9.3949752652319,-7.46555019845697,18.8115688498935));
#5792=CARTESIAN_POINT('Ctrl Pts',(9.82086626160821,-6.92959032004541,19.6722474593539));
#5793=CARTESIAN_POINT('Ctrl Pts',(10.5721281053074,-5.79919240408872,21.4254469832255));
#5794=CARTESIAN_POINT('Ctrl Pts',(11.421111083049,-3.88526747864536,23.9387090772997));
#5795=CARTESIAN_POINT('Ctrl Pts',(11.9058981339301,-1.93800489086974,25.7576956876414));
#5796=CARTESIAN_POINT('Ctrl Pts',(12.0317921620611,0.00113867975660897,
26.2756264182565));
#5797=CARTESIAN_POINT('Ctrl Pts',(11.9376942123924,1.45307218253729,25.8889284761596));
#5798=CARTESIAN_POINT('Ctrl Pts',(11.7088724720715,2.71854824098168,25.0145077395138));
#5799=CARTESIAN_POINT('Ctrl Pts',(11.2821680526054,4.20441104435168,23.5329935859658));
#5800=CARTESIAN_POINT('Ctrl Pts',(10.5695324034236,5.80131322788502,21.4148239424309));
#5801=CARTESIAN_POINT('Ctrl Pts',(9.8210609582298,6.92934530529157,19.672640919697));
#5802=CARTESIAN_POINT('Ctrl Pts',(9.3949752652319,7.46555019845696,18.8115688498935));
#5803=CARTESIAN_POINT('Ctrl Pts',(9.3949752652319,-7.46555019845697,18.8115688498935));
#5804=CARTESIAN_POINT('Ctrl Pts',(9.37173095798581,-7.49480185249843,19.3323487194685));
#5805=CARTESIAN_POINT('Ctrl Pts',(9.40864096108232,-7.56268204100886,19.9178727204384));
#5806=CARTESIAN_POINT('Ctrl Pts',(9.64016979221591,-7.77989979581648,20.9683690789408));
#5807=CARTESIAN_POINT('Ctrl Pts',(9.7924726539142,-7.90092272238325,21.4078425015507));
#5808=CARTESIAN_POINT('Ctrl Pts',(10.0054618686091,-8.03944273471818,21.8141413793107));
#5809=CARTESIAN_POINT('Ctrl Pts',(10.0068165890646,-8.04032287755091,21.8167195474336));
#5810=CARTESIAN_POINT('Ctrl Pts',(10.0081737278773,-8.04120367329334,21.8192962188526));
#5811=CARTESIAN_POINT('Ctrl Pts',(10.0081737277612,8.04120367349779,21.819296218632));
#5812=CARTESIAN_POINT('Ctrl Pts',(10.0068165818767,8.04032287316573,21.8167195337866));
#5813=CARTESIAN_POINT('Ctrl Pts',(10.0054618763652,8.03944273976124,21.8141413941042));
#5814=CARTESIAN_POINT('Ctrl Pts',(9.79247273481684,7.90092277508401,21.4078426562145));
#5815=CARTESIAN_POINT('Ctrl Pts',(9.64016990967094,7.77989988862996,20.9683694163891));
#5816=CARTESIAN_POINT('Ctrl Pts',(9.40864098395872,7.56268208508591,19.917873078555));
#5817=CARTESIAN_POINT('Ctrl Pts',(9.37173095064862,7.49480186173188,19.3323488838556));
#5818=CARTESIAN_POINT('Ctrl Pts',(9.3949752652319,7.46555019845697,18.8115688498935));
#5819=CARTESIAN_POINT('Ctrl Pts',(1.25522449362383,-14.796832394902,14.1047141873856));
#5820=CARTESIAN_POINT('Ctrl Pts',(2.17896650173009,-14.9577173760682,14.2591478654906));
#5821=CARTESIAN_POINT('Ctrl Pts',(3.96721017033778,-15.5769478309539,14.8988537993466));
#5822=CARTESIAN_POINT('Ctrl Pts',(6.46842029808244,-16.2051191452823,16.7622262003171));
#5823=CARTESIAN_POINT('Ctrl Pts',(8.63915751598114,-15.5988947651817,19.3811942933317));
#5824=CARTESIAN_POINT('Ctrl Pts',(10.0442923761845,-12.9799489340869,21.8517062801902));
#5825=CARTESIAN_POINT('Ctrl Pts',(10.3161802091107,-8.81352467135455,22.4317608709101));
#5826=CARTESIAN_POINT('Ctrl Pts',(9.39531614360567,-5.31422185042819,20.6083503424652));
#5827=CARTESIAN_POINT('Ctrl Pts',(8.13864090455663,-4.34067248354032,18.7870258029555));
#5828=CARTESIAN_POINT('Ctrl Pts',(7.42529712395108,-4.13190944881924,17.9582128382288));
#5829=CARTESIAN_POINT('Ctrl Pts',(1.28767958523983,-14.5312453840091,14.110140117058));
#5830=CARTESIAN_POINT('Ctrl Pts',(2.23288280601354,-14.6780493824186,14.2722082648301));
#5831=CARTESIAN_POINT('Ctrl Pts',(4.04410487359127,-15.2402973663852,14.9413699888012));
#5832=CARTESIAN_POINT('Ctrl Pts',(6.48288384519879,-15.7500262885759,16.7917367448803));
#5833=CARTESIAN_POINT('Ctrl Pts',(8.51274902086433,-15.0726901884658,19.2282310130197));
#5834=CARTESIAN_POINT('Ctrl Pts',(9.7890823270544,-12.642961125705,21.3750888491753));
#5835=CARTESIAN_POINT('Ctrl Pts',(10.0357004482541,-8.95282314688495,21.8626465137629));
#5836=CARTESIAN_POINT('Ctrl Pts',(9.20151496197024,-5.79969212799096,20.3106510622832));
#5837=CARTESIAN_POINT('Ctrl Pts',(8.04545255622603,-4.838919994191,18.6710075657827));
#5838=CARTESIAN_POINT('Ctrl Pts',(7.3745322184594,-4.61344861259439,17.8992306013767));
#5839=CARTESIAN_POINT('Ctrl Pts',(1.36447765307593,-14.000271018903,14.0497348114366));
#5840=CARTESIAN_POINT('Ctrl Pts',(2.3627005452594,-14.1189668566437,14.2195014698838));
#5841=CARTESIAN_POINT('Ctrl Pts',(4.24965619594045,-14.567595751914,14.9177518205385));
#5842=CARTESIAN_POINT('Ctrl Pts',(6.65051502662389,-14.8418741289205,16.6982600143918));
#5843=CARTESIAN_POINT('Ctrl Pts',(8.50104423821783,-14.0248531411321,18.7545035150499));
#5844=CARTESIAN_POINT('Ctrl Pts',(9.58906014590995,-11.9726906663323,20.265738820087));
#5845=CARTESIAN_POINT('Ctrl Pts',(9.79715759509164,-9.22978243582731,20.5735703956455));
#5846=CARTESIAN_POINT('Ctrl Pts',(9.09300034124914,-6.76573307710565,19.5509719786461));
#5847=CARTESIAN_POINT('Ctrl Pts',(8.07610349959563,-5.83160774955406,18.2748464737997));
#5848=CARTESIAN_POINT('Ctrl Pts',(7.45772738501404,-5.57331571493797,17.6229615057947));
#5849=CARTESIAN_POINT('Ctrl Pts',(1.5308559005676,-13.1366077955505,13.7034814908303));
#5850=CARTESIAN_POINT('Ctrl Pts',(2.64927987223169,-13.2177404041734,13.8605296220408));
#5851=CARTESIAN_POINT('Ctrl Pts',(4.75150510870778,-13.5163883765762,14.5044697603965));
#5852=CARTESIAN_POINT('Ctrl Pts',(7.36269972026198,-13.5468201701999,16.0263749750486));
#5853=CARTESIAN_POINT('Ctrl Pts',(9.31314798491933,-12.6945724183302,17.5388745275104));
#5854=CARTESIAN_POINT('Ctrl Pts',(10.4224455134649,-11.1930685212979,18.3774222580916));
#5855=CARTESIAN_POINT('Ctrl Pts',(10.6316045792764,-9.54664983810534,18.5117329016989));
#5856=CARTESIAN_POINT('Ctrl Pts',(9.92024335936364,-7.93703936661975,18.0163835207673));
#5857=CARTESIAN_POINT('Ctrl Pts',(8.8657932139925,-7.12957981782366,17.1793547413431));
#5858=CARTESIAN_POINT('Ctrl Pts',(8.21098325577956,-6.86999987409137,16.6981669904863));
#5859=CARTESIAN_POINT('Ctrl Pts',(1.66773951170807,-12.6344488450642,13.2620245095713));
#5860=CARTESIAN_POINT('Ctrl Pts',(2.88758752345172,-12.7085318399487,13.3899877669964));
#5861=CARTESIAN_POINT('Ctrl Pts',(5.19155238950364,-12.9870819897359,13.9149311639196));
#5862=CARTESIAN_POINT('Ctrl Pts',(8.12705803661533,-13.1188456844029,15.1996887240646));
#5863=CARTESIAN_POINT('Ctrl Pts',(10.4432142569872,-12.5546865939471,16.6212268146966));
#5864=CARTESIAN_POINT('Ctrl Pts',(11.842552746732,-11.2422000379835,17.6539475821924));
#5865=CARTESIAN_POINT('Ctrl Pts',(12.1084841795526,-9.51515124725774,17.865978587905));
#5866=CARTESIAN_POINT('Ctrl Pts',(11.2038697424909,-7.95627017247452,17.1653955905495));
#5867=CARTESIAN_POINT('Ctrl Pts',(9.91059553288243,-7.34228070618951,16.2893124246126));
#5868=CARTESIAN_POINT('Ctrl Pts',(9.13932097514357,-7.16421350520443,15.8364313642623));
#5869=CARTESIAN_POINT('Ctrl Pts',(1.74990701874515,-12.398416197451,12.9478901965184));
#5870=CARTESIAN_POINT('Ctrl Pts',(3.03066621301203,-12.4788586880341,13.0549505831857));
#5871=CARTESIAN_POINT('Ctrl Pts',(5.4554408491739,-12.7884739154769,13.4959387253905));
#5872=CARTESIAN_POINT('Ctrl Pts',(8.58629168115319,-13.1025595726411,14.6756601533504));
#5873=CARTESIAN_POINT('Ctrl Pts',(11.1256701082384,-12.7994473825908,16.2153279163434));
#5874=CARTESIAN_POINT('Ctrl Pts',(12.7041543029684,-11.4899744670435,17.6054784691178));
#5875=CARTESIAN_POINT('Ctrl Pts',(13.0052557464396,-9.40676233567713,17.9265031570339));
#5876=CARTESIAN_POINT('Ctrl Pts',(11.9805330765181,-7.65711092521415,16.911314033566));
#5877=CARTESIAN_POINT('Ctrl Pts',(10.5417700248717,-7.17033624177015,15.8651467068834));
#5878=CARTESIAN_POINT('Ctrl Pts',(9.69908675250374,-7.06595472440962,15.3756023663524));
#5879=CARTESIAN_POINT('',(8.5176232111586,-12.9997167136459,14.7500317248286));
#5880=CARTESIAN_POINT('Ctrl Pts',(9.69908675250377,-7.06595472440963,15.3756023663525));
#5881=CARTESIAN_POINT('Ctrl Pts',(9.83659029315689,-7.08298701718967,15.4554830075577));
#5882=CARTESIAN_POINT('Ctrl Pts',(9.97061381111459,-7.1036934932713,15.5361400688643));
#5883=CARTESIAN_POINT('Ctrl Pts',(10.1010229012778,-7.12820639917565,15.6171028910053));
#5884=CARTESIAN_POINT('Ctrl Pts',(10.2570406803712,-7.1575329525128,15.7139645413992));
#5885=CARTESIAN_POINT('Ctrl Pts',(10.4079289267528,-7.19231620913695,15.8112923091131));
#5886=CARTESIAN_POINT('Ctrl Pts',(10.5533073921707,-7.23281751031089,15.9082347246717));
#5887=CARTESIAN_POINT('Ctrl Pts',(10.6915094370614,-7.27131951696562,16.000391702862));
#5888=CARTESIAN_POINT('Ctrl Pts',(10.8247323693236,-7.31498910799404,16.0922012109904));
#5889=CARTESIAN_POINT('Ctrl Pts',(10.9526167186707,-7.36408239935248,16.1829230801886));
#5890=CARTESIAN_POINT('Ctrl Pts',(11.0316862984657,-7.39443627719826,16.2390154801761));
#5891=CARTESIAN_POINT('Ctrl Pts',(11.1087143798845,-7.4268641548442,16.2946918780657));
#5892=CARTESIAN_POINT('Ctrl Pts',(11.1836088976757,-7.46143276785957,16.3497736868374));
#5893=CARTESIAN_POINT('Ctrl Pts',(11.2994493662713,-7.51490055760567,16.4349695426539));
#5894=CARTESIAN_POINT('Ctrl Pts',(11.410104512009,-7.57345169901827,16.5186749973658));
#5895=CARTESIAN_POINT('Ctrl Pts',(11.5151270151298,-7.63722150226885,16.6001058954916));
#5896=CARTESIAN_POINT('Ctrl Pts',(11.61204067001,-7.69606760210801,16.6752494668505));
#5897=CARTESIAN_POINT('Ctrl Pts',(11.704158046804,-7.75935725675925,16.7484557839773));
#5898=CARTESIAN_POINT('Ctrl Pts',(11.7911555785328,-7.82717259607226,16.8191225947432));
#5899=CARTESIAN_POINT('Ctrl Pts',(11.8831934366025,-7.89891691399267,16.8938835881906));
#5900=CARTESIAN_POINT('Ctrl Pts',(11.9695006353165,-7.97572586672014,16.9658014668471));
#5901=CARTESIAN_POINT('Ctrl Pts',(12.0499049171732,-8.05691442820048,17.0341655710729));
#5902=CARTESIAN_POINT('Ctrl Pts',(12.1067574286576,-8.11432149057798,17.0825046760418));
#5903=CARTESIAN_POINT('Ctrl Pts',(12.1606594334461,-8.17391773050123,17.1290675611781));
#5904=CARTESIAN_POINT('Ctrl Pts',(12.2115613297638,-8.23545716041743,17.1736133625059));
#5905=CARTESIAN_POINT('Ctrl Pts',(12.2864087955751,-8.32594633095733,17.2391146617327));
#5906=CARTESIAN_POINT('Ctrl Pts',(12.3548237596846,-8.42084712854272,17.3004123651943));
#5907=CARTESIAN_POINT('Ctrl Pts',(12.4166369825174,-8.5195727778087,17.3567740622771));
#5908=CARTESIAN_POINT('Ctrl Pts',(12.4764508693269,-8.61510516618381,17.4113127518196));
#5909=CARTESIAN_POINT('Ctrl Pts',(12.5300831036014,-8.71421960823441,17.4612299014244));
#5910=CARTESIAN_POINT('Ctrl Pts',(12.5773460060919,-8.81639346852768,17.5058301997481));
#5911=CARTESIAN_POINT('Ctrl Pts',(12.6244801163097,-8.91828890318517,17.5503089614441));
#5912=CARTESIAN_POINT('Ctrl Pts',(12.6652796630519,-9.02322763808897,17.5895002320162));
#5913=CARTESIAN_POINT('Ctrl Pts',(12.6995232738007,-9.13069193495392,17.6226766037084));
#5914=CARTESIAN_POINT('Ctrl Pts',(12.7306142898277,-9.2282626672191,17.652798634693));
#5915=CARTESIAN_POINT('Ctrl Pts',(12.756393441371,-9.32775998592257,17.6779092981872));
#5916=CARTESIAN_POINT('Ctrl Pts',(12.7766863001731,-9.42864950427192,17.6974751105268));
#5917=CARTESIAN_POINT('Ctrl Pts',(12.7789490736577,-9.43989928081754,17.6996568140412));
#5918=CARTESIAN_POINT('Ctrl Pts',(12.7811436718014,-9.45116635293416,17.7017696093326));
#5919=CARTESIAN_POINT('Ctrl Pts',(12.7832698823713,-9.46244996955658,17.703812783583));
#5920=CARTESIAN_POINT('Ctrl Pts',(12.8023769510094,-9.56384953945093,17.7221736511263));
#5921=CARTESIAN_POINT('Ctrl Pts',(12.8159580906924,-9.66658552546386,17.7349093651062));
#5922=CARTESIAN_POINT('Ctrl Pts',(12.8240415458602,-9.76982879496799,17.7422211425116));
#5923=CARTESIAN_POINT('Ctrl Pts',(12.8320894923511,-9.87261854158717,17.7495008010351));
#5924=CARTESIAN_POINT('Ctrl Pts',(12.8346879579399,-9.97591032165749,17.7514041168947));
#5925=CARTESIAN_POINT('Ctrl Pts',(12.8319034532567,-10.0788887460086,17.7481634183734));
#5926=CARTESIAN_POINT('Ctrl Pts',(12.8313398862047,-10.0997309616393,17.747507520424));
#5927=CARTESIAN_POINT('Ctrl Pts',(12.8305559414103,-10.1205603737499,17.7466410159323));
#5928=CARTESIAN_POINT('Ctrl Pts',(12.8295523632488,-10.1413702832733,17.7455659970285));
#5929=CARTESIAN_POINT('Ctrl Pts',(12.8248230180684,-10.2394366313485,17.7404999885537));
#5930=CARTESIAN_POINT('Ctrl Pts',(12.8151058844946,-10.3371969622383,17.7307994696871));
#5931=CARTESIAN_POINT('Ctrl Pts',(12.8004918907954,-10.4341209142105,17.7166248994568));
#5932=CARTESIAN_POINT('Ctrl Pts',(12.7859646400752,-10.5304695633256,17.7025344639587));
#5933=CARTESIAN_POINT('Ctrl Pts',(12.7665985474785,-10.6259925377025,17.6840230283707));
#5934=CARTESIAN_POINT('Ctrl Pts',(12.742446005575,-10.7201753141537,17.6612134384449));
#5935=CARTESIAN_POINT('Ctrl Pts',(12.7188893599704,-10.8120343944848,17.6389666112408));
#5936=CARTESIAN_POINT('Ctrl Pts',(12.6907794833829,-10.9026194152062,17.6126310476148));
#5937=CARTESIAN_POINT('Ctrl Pts',(12.6581298911522,-10.9914471826974,17.5822874380124));
#5938=CARTESIAN_POINT('Ctrl Pts',(12.6350482848949,-11.0542439104313,17.5608360445518));
#5939=CARTESIAN_POINT('Ctrl Pts',(12.6096971135742,-11.1161623221188,17.537380833385));
#5940=CARTESIAN_POINT('Ctrl Pts',(12.5820703014025,-11.1770263411355,17.5119401153669));
#5941=CARTESIAN_POINT('Ctrl Pts',(12.5537262356931,-11.2394705255614,17.4858388996811));
#5942=CARTESIAN_POINT('Ctrl Pts',(12.5230035816594,-11.3007865534949,17.4576535568622));
#5943=CARTESIAN_POINT('Ctrl Pts',(12.4898938782565,-11.3607122452731,17.4274374221491));
#5944=CARTESIAN_POINT('Ctrl Pts',(12.4456521655523,-11.4407859084827,17.3870621419861));
#5945=CARTESIAN_POINT('Ctrl Pts',(12.3971470118419,-11.5183761188515,17.3430594934339));
#5946=CARTESIAN_POINT('Ctrl Pts',(12.3445167814062,-11.5932780137359,17.2958965809447));
#5947=CARTESIAN_POINT('Ctrl Pts',(12.2912484700499,-11.6690880078181,17.2481618724673));
#5948=CARTESIAN_POINT('Ctrl Pts',(12.2337544847098,-11.7421436713233,17.1971901888188));
#5949=CARTESIAN_POINT('Ctrl Pts',(12.1722159138916,-11.8122502046825,17.1435000710547));
#5950=CARTESIAN_POINT('Ctrl Pts',(12.1095721718866,-11.8836157812668,17.0888457324713));
#5951=CARTESIAN_POINT('Ctrl Pts',(12.042737307466,-11.9519248718637,17.0313749653619));
#5952=CARTESIAN_POINT('Ctrl Pts',(11.9719406018602,-12.0169971353688,16.9716631793582));
#5953=CARTESIAN_POINT('Ctrl Pts',(11.9484532696689,-12.0385853414344,16.9518533514629));
#5954=CARTESIAN_POINT('Ctrl Pts',(11.9245301899303,-12.0598175262442,16.9317970629696));
#5955=CARTESIAN_POINT('Ctrl Pts',(11.9001806237224,-12.0806878379639,16.91151582933));
#5956=CARTESIAN_POINT('Ctrl Pts',(11.8171792037652,-12.1518293725973,16.8423823106378));
#5957=CARTESIAN_POINT('Ctrl Pts',(11.7291723206945,-12.2188881439895,16.7705218748313));
#5958=CARTESIAN_POINT('Ctrl Pts',(11.6363821246658,-12.281776413427,16.6965638481456));
#5959=CARTESIAN_POINT('Ctrl Pts',(11.5421397781387,-12.3456488733901,16.6214483911504));
#5960=CARTESIAN_POINT('Ctrl Pts',(11.4429631289816,-12.4052197610759,16.5441684608328));
#5961=CARTESIAN_POINT('Ctrl Pts',(11.3390465022423,-12.4603702272491,16.4653567049929));
#5962=CARTESIAN_POINT('Ctrl Pts',(11.2341607085969,-12.516035048135,16.3858099200439));
#5963=CARTESIAN_POINT('Ctrl Pts',(11.1244459409358,-12.5671970845563,16.3047016749073));
#5964=CARTESIAN_POINT('Ctrl Pts',(11.0100653024148,-12.6136996478399,16.2226680104603));
#5965=CARTESIAN_POINT('Ctrl Pts',(10.9951805717318,-12.6197511801578,16.2119926984668));
#5966=CARTESIAN_POINT('Ctrl Pts',(10.9802167777315,-12.6257237525367,16.2013017067995));
#5967=CARTESIAN_POINT('Ctrl Pts',(10.9651742371647,-12.6316169707164,16.1905964328736));
#5968=CARTESIAN_POINT('Ctrl Pts',(10.8986690595283,-12.6576717132746,16.143266918226));
#5969=CARTESIAN_POINT('Ctrl Pts',(10.8306249330139,-12.6821756439131,16.095658238095));
#5970=CARTESIAN_POINT('Ctrl Pts',(10.7610751347433,-12.7051866885313,16.0478289432426));
#5971=CARTESIAN_POINT('Ctrl Pts',(10.6606301180332,-12.7384196355513,15.9787530517212));
#5972=CARTESIAN_POINT('Ctrl Pts',(10.5571457286287,-12.7685003649524,15.9092881515582));
#5973=CARTESIAN_POINT('Ctrl Pts',(10.4507671774025,-12.7955569265438,15.8397842546328));
#5974=CARTESIAN_POINT('Ctrl Pts',(10.4159801047653,-12.8044047493665,15.81705563986));
#5975=CARTESIAN_POINT('Ctrl Pts',(10.3808838243665,-12.8129294471497,15.7943229989006));
#5976=CARTESIAN_POINT('Ctrl Pts',(10.3454842343253,-12.8211363018516,15.7715989265351));
#5977=CARTESIAN_POINT('Ctrl Pts',(10.1551014132113,-12.8652736534084,15.64938640941));
#5978=CARTESIAN_POINT('Ctrl Pts',(9.95628285925478,-12.9002763470079,15.5272753903952));
#5979=CARTESIAN_POINT('Ctrl Pts',(9.74992726991976,-12.9271820835009,15.4064856031824));
#5980=CARTESIAN_POINT('Ctrl Pts',(9.64293361362909,-12.9411324840297,15.3438571034257));
#5981=CARTESIAN_POINT('Ctrl Pts',(9.53391313743329,-12.9529055091233,15.2815835371873));
#5982=CARTESIAN_POINT('Ctrl Pts',(9.42298751515107,-12.9626420348288,15.2198337364458));
#5983=CARTESIAN_POINT('Ctrl Pts',(9.35415704134588,-12.968683647792,15.1815173587239));
#5984=CARTESIAN_POINT('Ctrl Pts',(9.28459507722708,-12.9739409642438,15.143403762591));
#5985=CARTESIAN_POINT('Ctrl Pts',(9.21432325898538,-12.9784476398776,15.1055294389336));
#5986=CARTESIAN_POINT('Ctrl Pts',(9.04399704876984,-12.9893710085991,15.0137289110059));
#5987=CARTESIAN_POINT('Ctrl Pts',(8.8694796282131,-12.9958885942831,14.9233200959688));
#5988=CARTESIAN_POINT('Ctrl Pts',(8.69099331519276,-12.9984541651848,14.8348017084393));
#5989=CARTESIAN_POINT('Ctrl Pts',(8.63361152608583,-12.9992789737986,14.8063438207763));
#5990=CARTESIAN_POINT('Ctrl Pts',(8.57581926107875,-12.999695039361,14.7780814693459));
#5991=CARTESIAN_POINT('Ctrl Pts',(8.5176232111586,-12.9997167136459,14.7500317248286));
#5992=CARTESIAN_POINT('Ctrl Pts',(8.51762321115857,-12.9997167136459,14.7500317248286));
#5993=CARTESIAN_POINT('Ctrl Pts',(8.50765863727138,-12.9997204335785,14.7452385860658));
#5994=CARTESIAN_POINT('Ctrl Pts',(8.49768237713988,-12.9997126364214,14.7404514851613));
#5995=CARTESIAN_POINT('Ctrl Pts',(8.48769452477141,-12.9996933905999,14.7356705430187));
#5996=CARTESIAN_POINT('Ctrl Pts',(8.31042451430907,-12.9993518049554,14.6508156981162));
#5997=CARTESIAN_POINT('Ctrl Pts',(8.12949995660759,-12.9954004013768,14.5679018743162));
#5998=CARTESIAN_POINT('Ctrl Pts',(7.9451527746672,-12.9883290219769,14.4872140953147));
#5999=CARTESIAN_POINT('Ctrl Pts',(7.87726442877038,-12.9857248907631,14.457499728147));
#6000=CARTESIAN_POINT('Ctrl Pts',(7.80891224757462,-12.9826980176127,14.4280871342206));
#6001=CARTESIAN_POINT('Ctrl Pts',(7.74010896189616,-12.9792740956739,14.3989900638569));
#6002=CARTESIAN_POINT('Ctrl Pts',(7.43722146754443,-12.9642012234024,14.2708982343961));
#6003=CARTESIAN_POINT('Ctrl Pts',(7.12567772912572,-12.9414397000619,14.1489855348542));
#6004=CARTESIAN_POINT('Ctrl Pts',(6.80592249856977,-12.9132058609678,14.0340606473522));
#6005=CARTESIAN_POINT('Ctrl Pts',(6.483455073652,-12.8847325397576,13.9181609559936));
#6006=CARTESIAN_POINT('Ctrl Pts',(6.15263647974312,-12.8506950711213,13.8093691527152));
#6007=CARTESIAN_POINT('Ctrl Pts',(5.81396161060514,-12.813384350724,13.708485027846));
#6008=CARTESIAN_POINT('Ctrl Pts',(5.77098224923856,-12.8086494528,13.6956823794832));
#6009=CARTESIAN_POINT('Ctrl Pts',(5.72787641282525,-12.8038618460553,13.6830070333837));
#6010=CARTESIAN_POINT('Ctrl Pts',(5.68464515434064,-12.7990262138358,13.6704605804408));
#6011=CARTESIAN_POINT('Ctrl Pts',(5.58087533648381,-12.7874190413353,13.6403447988912));
#6012=CARTESIAN_POINT('Ctrl Pts',(5.4763411124425,-12.7755284543978,13.6109543019845));
#6013=CARTESIAN_POINT('Ctrl Pts',(5.37105566212998,-12.7634177181436,13.5823119278326));
#6014=CARTESIAN_POINT('Ctrl Pts',(4.95199595094764,-12.7152142710215,13.4683088532953));
#6015=CARTESIAN_POINT('Ctrl Pts',(4.52103228900582,-12.66352069582,13.3661599004334));
#6016=CARTESIAN_POINT('Ctrl Pts',(4.07911280030173,-12.6134575057448,13.2773233804019));
#6017=CARTESIAN_POINT('Ctrl Pts',(3.64366659427712,-12.5641276464899,13.1897881469647));
#6018=CARTESIAN_POINT('Ctrl Pts',(3.19758362560144,-12.516383105809,13.115178753817));
#6019=CARTESIAN_POINT('Ctrl Pts',(2.7418028779151,-12.4751327153096,13.0548579585562));
#6020=CARTESIAN_POINT('Ctrl Pts',(2.41600820857095,-12.4456467016916,13.0117403112086));
#6021=CARTESIAN_POINT('Ctrl Pts',(2.0852591595576,-12.4194791432023,12.9759227338024));
#6022=CARTESIAN_POINT('Ctrl Pts',(1.74990701874516,-12.398416197451,12.9478901965184));
#6023=CARTESIAN_POINT('Ctrl Pts',(7.42529712395108,4.13190944881924,17.9582128382288));
#6024=CARTESIAN_POINT('Ctrl Pts',(8.13863127768253,4.34066966619543,18.7870146177762));
#6025=CARTESIAN_POINT('Ctrl Pts',(9.39688319923772,5.30657131225428,20.6129034994772));
#6026=CARTESIAN_POINT('Ctrl Pts',(10.3147607774917,8.81993628772639,22.427582340426));
#6027=CARTESIAN_POINT('Ctrl Pts',(10.0444499358029,12.9790315176686,21.8517655145634));
#6028=CARTESIAN_POINT('Ctrl Pts',(8.63914498125108,15.5995813348308,19.3809737330086));
#6029=CARTESIAN_POINT('Ctrl Pts',(6.46863039871227,16.2049006419459,16.76247932541));
#6030=CARTESIAN_POINT('Ctrl Pts',(3.96765769191019,15.5772719028009,14.8990150070956));
#6031=CARTESIAN_POINT('Ctrl Pts',(2.17899687774593,14.9577226665549,14.2591529438348));
#6032=CARTESIAN_POINT('Ctrl Pts',(1.2552244936238,14.796832394902,14.1047141873856));
#6033=CARTESIAN_POINT('Ctrl Pts',(7.3745322184594,4.61344861259438,17.8992306013767));
#6034=CARTESIAN_POINT('Ctrl Pts',(8.04544350187412,4.83891695135994,18.6709971503282));
#6035=CARTESIAN_POINT('Ctrl Pts',(9.20245789946625,5.7941664897761,20.3142246625443));
#6036=CARTESIAN_POINT('Ctrl Pts',(10.034874936388,8.957463464584,21.8594356767808));
#6037=CARTESIAN_POINT('Ctrl Pts',(9.78916446887938,12.642224773956,21.3751656506284));
#6038=CARTESIAN_POINT('Ctrl Pts',(8.51279724673726,15.073171172041,19.2280846039925));
#6039=CARTESIAN_POINT('Ctrl Pts',(6.48306041358105,15.7498450319562,16.7919782086568));
#6040=CARTESIAN_POINT('Ctrl Pts',(4.04456659667479,15.2405639939692,14.941552706926));
#6041=CARTESIAN_POINT('Ctrl Pts',(2.23291388775255,14.678054209871,14.2722135942236));
#6042=CARTESIAN_POINT('Ctrl Pts',(1.2876795852398,14.5312453840091,14.110140117058));
#6043=CARTESIAN_POINT('Ctrl Pts',(7.45772738480487,5.57331571542044,17.6229615058718));
#6044=CARTESIAN_POINT('Ctrl Pts',(8.07609515414093,5.83160426427698,18.2748376764152));
#6045=CARTESIAN_POINT('Ctrl Pts',(9.09293763134815,6.76452907365823,19.5526185678422));
#6046=CARTESIAN_POINT('Ctrl Pts',(9.79726234251474,9.23088537888852,20.5723593945622));
#6047=CARTESIAN_POINT('Ctrl Pts',(9.5890369385405,11.9723077034262,20.2658208594451));
#6048=CARTESIAN_POINT('Ctrl Pts',(8.50118776462811,14.0249254405269,18.7545171076573));
#6049=CARTESIAN_POINT('Ctrl Pts',(6.65064575669394,14.8417656484853,16.6984689506448));
#6050=CARTESIAN_POINT('Ctrl Pts',(4.25015061486034,14.5677482795387,14.9179715620534));
#6051=CARTESIAN_POINT('Ctrl Pts',(2.36273337047585,14.1189707597663,14.2195070524753));
#6052=CARTESIAN_POINT('Ctrl Pts',(1.3644776530726,14.0002710188724,14.0497348114793));
#6053=CARTESIAN_POINT('Ctrl Pts',(8.2109832554892,6.86999987512224,16.6981669905164));
#6054=CARTESIAN_POINT('Ctrl Pts',(8.8657843767666,7.1295763157141,17.1793482475423));
#6055=CARTESIAN_POINT('Ctrl Pts',(9.91995246037784,7.9387270928589,18.0163660824712));
#6056=CARTESIAN_POINT('Ctrl Pts',(10.6318241828817,9.54495870114281,18.5117140319316));
#6057=CARTESIAN_POINT('Ctrl Pts',(10.4224300070242,11.1930600732252,18.3775860710514));
#6058=CARTESIAN_POINT('Ctrl Pts',(9.31330727906541,12.6943152083548,17.5389423504316));
#6059=CARTESIAN_POINT('Ctrl Pts',(7.36283715137387,13.5467893049254,16.0265566892057));
#6060=CARTESIAN_POINT('Ctrl Pts',(4.7520528929449,13.516428545961,14.5046801354376));
#6061=CARTESIAN_POINT('Ctrl Pts',(2.64931665009841,13.2177430720443,13.8605347864323));
#6062=CARTESIAN_POINT('Ctrl Pts',(1.5308559005634,13.1366077954845,13.7034814909048));
#6063=CARTESIAN_POINT('Ctrl Pts',(9.13932097514357,7.16421350520442,15.8364313642623));
#6064=CARTESIAN_POINT('Ctrl Pts',(9.91058512420817,7.3422783030978,16.2893063127924));
#6065=CARTESIAN_POINT('Ctrl Pts',(11.2045517732519,7.95611632977591,17.1661738996514));
#6066=CARTESIAN_POINT('Ctrl Pts',(12.1079780522347,9.5157647920812,17.8659054741184));
#6067=CARTESIAN_POINT('Ctrl Pts',(11.8425992452191,11.2419063909633,17.6538671164244));
#6068=CARTESIAN_POINT('Ctrl Pts',(10.4433204746592,12.5547325969261,16.6213370247303));
#6069=CARTESIAN_POINT('Ctrl Pts',(8.12724104713025,13.118760403289,15.1997981505594));
#6070=CARTESIAN_POINT('Ctrl Pts',(5.19214101242592,12.9871768577745,13.9151162312943));
#6071=CARTESIAN_POINT('Ctrl Pts',(2.88762763651602,12.7085342760685,13.3899919748963));
#6072=CARTESIAN_POINT('Ctrl Pts',(1.66773951170804,12.6344488450642,13.2620245095713));
#6073=CARTESIAN_POINT('Ctrl Pts',(9.69908675250373,7.06595472440962,15.3756023663524));
#6074=CARTESIAN_POINT('Ctrl Pts',(10.5417586525068,7.17033483309772,15.8651401002768));
#6075=CARTESIAN_POINT('Ctrl Pts',(11.9819721727713,7.6532856561269,16.9137327444554));
#6076=CARTESIAN_POINT('Ctrl Pts',(13.0039430959714,9.4099681438633,17.924284534338));
#6077=CARTESIAN_POINT('Ctrl Pts',(12.7043069081635,11.4895157588344,17.6055194883354));
#6078=CARTESIAN_POINT('Ctrl Pts',(11.1256952170722,12.7997906674154,16.2152185787241));
#6079=CARTESIAN_POINT('Ctrl Pts',(8.58652012246691,13.102450320973,14.6758109566543));
#6080=CARTESIAN_POINT('Ctrl Pts',(5.45604374617552,12.7886359514005,13.4960558836899));
#6081=CARTESIAN_POINT('Ctrl Pts',(3.03070832905881,12.4788613332774,13.0549541037228));
#6082=CARTESIAN_POINT('Ctrl Pts',(1.74990701874512,12.398416197451,12.9478901965184));
#6083=CARTESIAN_POINT('Ctrl Pts',(9.1923436585039,9.33193774807126,59.6103045865101));
#6084=CARTESIAN_POINT('Ctrl Pts',(9.66138230055957,8.66198790005682,58.8520044023551));
#6085=CARTESIAN_POINT('Ctrl Pts',(10.4994081599796,7.24941886222087,57.2943381639332));
#6086=CARTESIAN_POINT('Ctrl Pts',(11.3110585416149,5.25557187630451,55.3622524586821));
#6087=CARTESIAN_POINT('Ctrl Pts',(11.7985672300077,3.3967581304284,54.011158019037));
#6088=CARTESIAN_POINT('Ctrl Pts',(12.1115444619302,1.55420838853935,53.0473610385173));
#6089=CARTESIAN_POINT('Ctrl Pts',(12.1678022176673,-0.326162132001414,52.8606897898603));
#6090=CARTESIAN_POINT('Ctrl Pts',(11.966507125373,-2.66455195235568,53.5067256293384));
#6091=CARTESIAN_POINT('Ctrl Pts',(11.4689424272302,-4.859075270131,54.9942673118369));
#6092=CARTESIAN_POINT('Ctrl Pts',(10.4994018348667,-7.25044848071988,57.2920311925414));
#6093=CARTESIAN_POINT('Ctrl Pts',(9.66159672218337,-8.66168163161453,58.851657744442));
#6094=CARTESIAN_POINT('Ctrl Pts',(9.19234365850389,-9.33193774807127,59.6103045865101));
#6095=CARTESIAN_POINT('Ctrl Pts',(8.94779472016732,8.62968926464778,60.0056696766076));
#6096=CARTESIAN_POINT('Ctrl Pts',(9.44314738005219,8.0236354647974,59.242730615745));
#6097=CARTESIAN_POINT('Ctrl Pts',(10.3258788161837,6.73290805613243,57.6646781584603));
#6098=CARTESIAN_POINT('Ctrl Pts',(11.1808669426338,4.89115216639785,55.6977434441483));
#6099=CARTESIAN_POINT('Ctrl Pts',(11.6933022744979,3.1647980677708,54.3198801866774));
#6100=CARTESIAN_POINT('Ctrl Pts',(12.0221928556974,1.44948807419456,53.3362932698793));
#6101=CARTESIAN_POINT('Ctrl Pts',(12.0811554672828,-0.304331919336027,53.1456815851681));
#6102=CARTESIAN_POINT('Ctrl Pts',(11.8696394077452,-2.48364950271985,53.8051022470203));
#6103=CARTESIAN_POINT('Ctrl Pts',(11.3475200448556,-4.52506103014412,55.3232935558006));
#6104=CARTESIAN_POINT('Ctrl Pts',(10.3259722025185,-6.73384328879411,57.6623491427319));
#6105=CARTESIAN_POINT('Ctrl Pts',(9.44337383116338,-8.02335840651643,59.2423818371634));
#6106=CARTESIAN_POINT('Ctrl Pts',(8.94779472016732,-8.62968926464778,60.0056696766076));
#6107=CARTESIAN_POINT('Ctrl Pts',(9.02341907861818,7.93313277309443,60.5946439775736));
#6108=CARTESIAN_POINT('Ctrl Pts',(9.50142571996224,7.38846470225542,59.7838772959062));
#6109=CARTESIAN_POINT('Ctrl Pts',(10.3506149865257,6.21746736404775,58.1237682779352));
#6110=CARTESIAN_POINT('Ctrl Pts',(11.1710882542195,4.52688298087569,56.0789622532889));
#6111=CARTESIAN_POINT('Ctrl Pts',(11.6624616661513,2.93282940303039,54.6536711317689));
#6112=CARTESIAN_POINT('Ctrl Pts',(11.9777104337817,1.3446960248774,53.6390139804922));
#6113=CARTESIAN_POINT('Ctrl Pts',(12.0342160871812,-0.282462419223887,53.4427008252714));
#6114=CARTESIAN_POINT('Ctrl Pts',(11.8314888473264,-2.30277794607931,54.122347794884));
#6115=CARTESIAN_POINT('Ctrl Pts',(11.3310277920954,-4.19094495881564,55.6894089879169));
#6116=CARTESIAN_POINT('Ctrl Pts',(10.3507043529562,-6.21829471443926,58.1214107713095));
#6117=CARTESIAN_POINT('Ctrl Pts',(9.50164424131854,-7.38821570654012,59.7835066528657));
#6118=CARTESIAN_POINT('Ctrl Pts',(9.02341907861818,-7.93313277309443,60.5946439775737));
#6119=CARTESIAN_POINT('Ctrl Pts',(9.39497526523187,7.46555019845701,61.1884311501064));
#6120=CARTESIAN_POINT('Ctrl Pts',(9.82086626160817,6.92959032004546,60.327752540646));
#6121=CARTESIAN_POINT('Ctrl Pts',(10.570334578323,5.79953508977669,58.58387056199));
#6122=CARTESIAN_POINT('Ctrl Pts',(11.2834398215501,4.2044575010436,56.4603836815171));
#6123=CARTESIAN_POINT('Ctrl Pts',(11.7085744754489,2.71740650434273,54.9874788899895));
#6124=CARTESIAN_POINT('Ctrl Pts',(11.9802382809436,1.24336671083148,53.9416662979206));
#6125=CARTESIAN_POINT('Ctrl Pts',(12.0289555973316,-0.260929705601113,53.7396594306908));
#6126=CARTESIAN_POINT('Ctrl Pts',(11.8544698112775,-2.13164156188457,54.4395867485659));
#6127=CARTESIAN_POINT('Ctrl Pts',(11.422222109851,-3.88726021610476,56.0555139927332));
#6128=CARTESIAN_POINT('Ctrl Pts',(10.5703020671297,-5.80035878457592,58.581466674144));
#6129=CARTESIAN_POINT('Ctrl Pts',(9.82106095822977,-6.92934530529162,60.327359080303));
#6130=CARTESIAN_POINT('Ctrl Pts',(9.39497526523187,-7.46555019845701,61.1884311501064));
#6131=CARTESIAN_POINT('',(9.39497526523188,-7.46555019845699,61.1884311501064));
#6132=CARTESIAN_POINT('',(9.39497526523187,7.46555019845701,61.1884311501064));
#6133=CARTESIAN_POINT('Ctrl Pts',(9.39497526523187,-7.46555019845701,61.1884311501064));
#6134=CARTESIAN_POINT('Ctrl Pts',(9.82106095822977,-6.92934530529162,60.327359080303));
#6135=CARTESIAN_POINT('Ctrl Pts',(10.5703020671297,-5.80035878457592,58.581466674144));
#6136=CARTESIAN_POINT('Ctrl Pts',(11.422222109851,-3.88726021610476,56.0555139927332));
#6137=CARTESIAN_POINT('Ctrl Pts',(11.8544698112775,-2.13164156188457,54.4395867485659));
#6138=CARTESIAN_POINT('Ctrl Pts',(12.0289555973316,-0.260929705601113,53.7396594306908));
#6139=CARTESIAN_POINT('Ctrl Pts',(11.9802382809436,1.24336671083148,53.9416662979206));
#6140=CARTESIAN_POINT('Ctrl Pts',(11.7085744754489,2.71740650434273,54.9874788899895));
#6141=CARTESIAN_POINT('Ctrl Pts',(11.2834398215501,4.2044575010436,56.4603836815171));
#6142=CARTESIAN_POINT('Ctrl Pts',(10.570334578323,5.79953508977669,58.58387056199));
#6143=CARTESIAN_POINT('Ctrl Pts',(9.82086626160817,6.92959032004546,60.327752540646));
#6144=CARTESIAN_POINT('Ctrl Pts',(9.39497526523187,7.46555019845701,61.1884311501064));
#6145=CARTESIAN_POINT('Ctrl Pts',(9.39497526523186,7.46555019845701,61.1884311501064));
#6146=CARTESIAN_POINT('Ctrl Pts',(9.37173095798578,7.49480185249846,60.6676512805318));
#6147=CARTESIAN_POINT('Ctrl Pts',(9.40864096108221,7.56268204100885,60.0821272795619));
#6148=CARTESIAN_POINT('Ctrl Pts',(9.64016979155649,7.77989979519793,59.0316309240509));
#6149=CARTESIAN_POINT('Ctrl Pts',(9.79247265258205,7.90092272155262,58.59215750099));
#6150=CARTESIAN_POINT('Ctrl Pts',(10.0054618686454,8.03944273474095,58.1858586206199));
#6151=CARTESIAN_POINT('Ctrl Pts',(10.0068165890289,8.04032287752779,58.1832804526342));
#6152=CARTESIAN_POINT('Ctrl Pts',(10.0081737278773,8.04120367329341,58.1807037811474));
#6153=CARTESIAN_POINT('Ctrl Pts',(10.008173727817,-8.04120367292272,58.1807037812618));
#6154=CARTESIAN_POINT('Ctrl Pts',(10.0068165979092,-8.04032288295963,58.1832804357747));
#6155=CARTESIAN_POINT('Ctrl Pts',(10.0054618604457,-8.03944272940843,58.1858586362638));
#6156=CARTESIAN_POINT('Ctrl Pts',(9.79247273561997,-7.90092277558518,58.5921573422534));
#6157=CARTESIAN_POINT('Ctrl Pts',(9.64016991006851,-7.77989988900306,59.0316305818068));
#6158=CARTESIAN_POINT('Ctrl Pts',(9.4086409839587,-7.56268208508598,60.0821269214449));
#6159=CARTESIAN_POINT('Ctrl Pts',(9.37173095064858,-7.49480186173194,60.6676511161442));
#6160=CARTESIAN_POINT('Ctrl Pts',(9.39497526523187,-7.46555019845701,61.1884311501064));
#6161=CARTESIAN_POINT('Ctrl Pts',(0.0455582652287589,14.6839025745481,65.9998623352381));
#6162=CARTESIAN_POINT('Ctrl Pts',(1.03955576395445,14.6906255705773,65.9938551358609));
#6163=CARTESIAN_POINT('Ctrl Pts',(2.9998563162496,15.2018851578594,65.5848622407366));
#6164=CARTESIAN_POINT('Ctrl Pts',(5.4948116006525,16.0529649406151,64.0634387422635));
#6165=CARTESIAN_POINT('Ctrl Pts',(7.14748206425522,16.0208858660929,62.4061912848308));
#6166=CARTESIAN_POINT('Ctrl Pts',(8.59900017499995,15.3943755204065,60.6033721593738));
#6167=CARTESIAN_POINT('Ctrl Pts',(9.59834986437824,14.0378582952601,58.9675117688961));
#6168=CARTESIAN_POINT('Ctrl Pts',(10.1305952060204,11.5061278682974,57.9462057761432));
#6169=CARTESIAN_POINT('Ctrl Pts',(10.2029780749728,9.39354702659672,57.8031687912367));
#6170=CARTESIAN_POINT('Ctrl Pts',(9.94227404789164,7.36710689643968,58.3152811197433));
#6171=CARTESIAN_POINT('Ctrl Pts',(9.36520376292073,5.72216575019068,59.3544188998229));
#6172=CARTESIAN_POINT('Ctrl Pts',(8.51288514597797,4.61646905533459,60.6823041482781));
#6173=CARTESIAN_POINT('Ctrl Pts',(7.80402045765275,4.24274441312796,61.6017597618686));
#6174=CARTESIAN_POINT('Ctrl Pts',(7.42529712395106,4.13190944881926,62.0417871617711));
#6175=CARTESIAN_POINT('Ctrl Pts',(0.0467964099386664,14.4279854265543,65.9998548525411));
#6176=CARTESIAN_POINT('Ctrl Pts',(1.06779748852023,14.434144243721,65.9935204234657));
#6177=CARTESIAN_POINT('Ctrl Pts',(3.07769237741039,14.9055828759031,65.5581862388597));
#6178=CARTESIAN_POINT('Ctrl Pts',(5.54266117975127,15.6432928795279,64.0151532251808));
#6179=CARTESIAN_POINT('Ctrl Pts',(7.11627115738139,15.5408366309929,62.4340882225982));
#6180=CARTESIAN_POINT('Ctrl Pts',(8.47282202858488,14.8935870650582,60.770950714525));
#6181=CARTESIAN_POINT('Ctrl Pts',(9.38424324792571,13.6131760199641,59.3310828594232));
#6182=CARTESIAN_POINT('Ctrl Pts',(9.86785189937319,11.340529363512,58.4576370932554));
#6183=CARTESIAN_POINT('Ctrl Pts',(9.93360811485045,9.46070277168113,58.3353839513455));
#6184=CARTESIAN_POINT('Ctrl Pts',(9.69673646807624,7.65148797465948,58.7724018820707));
#6185=CARTESIAN_POINT('Ctrl Pts',(9.17191943738989,6.15559981045165,59.6707232404759));
#6186=CARTESIAN_POINT('Ctrl Pts',(8.39066241228941,5.11170002135155,60.8486685478243));
#6187=CARTESIAN_POINT('Ctrl Pts',(7.73073240394574,4.73315425188674,61.6910231405344));
#6188=CARTESIAN_POINT('Ctrl Pts',(7.37453221845938,4.6134486125944,62.1007693986232));
#6189=CARTESIAN_POINT('Ctrl Pts',(0.049670933723716,13.9163212466947,66.0658710043373));
#6190=CARTESIAN_POINT('Ctrl Pts',(1.13338437481408,13.9213536012382,66.0591916495599));
#6191=CARTESIAN_POINT('Ctrl Pts',(3.26189793405724,14.3133145110359,65.5942357654359));
#6192=CARTESIAN_POINT('Ctrl Pts',(5.73977039550176,14.8254272360633,64.0560790320168));
#6193=CARTESIAN_POINT('Ctrl Pts',(7.2254185391999,14.5837427165511,62.6469227377793));
#6194=CARTESIAN_POINT('Ctrl Pts',(8.45968453921019,13.8963501199428,61.2717843183796));
#6195=CARTESIAN_POINT('Ctrl Pts',(9.24491435680297,12.7682361396517,60.2187115337963));
#6196=CARTESIAN_POINT('Ctrl Pts',(9.65622479931412,11.0112590115255,59.6341175106495));
#6197=CARTESIAN_POINT('Ctrl Pts',(9.71212328687231,9.59420404228925,59.5524241014451));
#6198=CARTESIAN_POINT('Ctrl Pts',(9.51078522127461,8.21703654173552,59.8429563718783));
#6199=CARTESIAN_POINT('Ctrl Pts',(9.06262947238987,7.01813900545277,60.4652101873027));
#6200=CARTESIAN_POINT('Ctrl Pts',(8.38167328466053,6.0978234878623,61.3458413326361));
#6201=CARTESIAN_POINT('Ctrl Pts',(7.78609638176733,5.71029190504531,62.0309676444058));
#6202=CARTESIAN_POINT('Ctrl Pts',(7.457792596183,5.57316136143089,62.3770617087058));
#6203=CARTESIAN_POINT('Ctrl Pts',(0.0557656062906858,13.0787323940447,66.4037911816567));
#6204=CARTESIAN_POINT('Ctrl Pts',(1.27245511209162,13.0822333636183,66.397577787385));
#6205=CARTESIAN_POINT('Ctrl Pts',(3.65980769084476,13.3619802245359,65.9602344870336));
#6206=CARTESIAN_POINT('Ctrl Pts',(6.3789517800901,13.6142163678137,64.5995549261449));
#6207=CARTESIAN_POINT('Ctrl Pts',(7.96746935461382,13.2732206335012,63.4905341278561));
#6208=CARTESIAN_POINT('Ctrl Pts',(9.2669154846438,12.6243896702079,62.5048367730553));
#6209=CARTESIAN_POINT('Ctrl Pts',(10.0724457193736,11.7518027763453,61.8788580158086));
#6210=CARTESIAN_POINT('Ctrl Pts',(10.4896493288167,10.6227646677714,61.5853109590047));
#6211=CARTESIAN_POINT('Ctrl Pts',(10.5462437607085,9.75134550751584,61.5442451443424));
#6212=CARTESIAN_POINT('Ctrl Pts',(10.3423885410635,8.88978836258677,61.6879640685579));
#6213=CARTESIAN_POINT('Ctrl Pts',(9.88579083459513,8.07400066838416,62.023225654081));
#6214=CARTESIAN_POINT('Ctrl Pts',(9.18331866245225,7.36115241239018,62.5665323312769));
#6215=CARTESIAN_POINT('Ctrl Pts',(8.55872213405228,7.00749156421391,63.0463745864523));
#6216=CARTESIAN_POINT('Ctrl Pts',(8.21107515505296,6.86967725318293,63.30184331569));
#6217=CARTESIAN_POINT('Ctrl Pts',(0.0607166061022704,12.5818569197227,66.8252365009969));
#6218=CARTESIAN_POINT('Ctrl Pts',(1.38542188596392,12.58501567255,66.8201837839968));
#6219=CARTESIAN_POINT('Ctrl Pts',(3.98634721560911,12.8333770546576,66.4656160480041));
#6220=CARTESIAN_POINT('Ctrl Pts',(7.01070587840107,13.127749162412,65.3384513136625));
#6221=CARTESIAN_POINT('Ctrl Pts',(8.84679851917694,12.9398102322216,64.3489431462762));
#6222=CARTESIAN_POINT('Ctrl Pts',(10.3939317221617,12.4757702818443,63.3972427193593));
#6223=CARTESIAN_POINT('Ctrl Pts',(11.4002981520922,11.7484544045097,62.6770777895799));
#6224=CARTESIAN_POINT('Ctrl Pts',(11.9271552812401,10.6381351518855,62.2761126140132));
#6225=CARTESIAN_POINT('Ctrl Pts',(11.998420968272,9.74387051862215,62.2202929263102));
#6226=CARTESIAN_POINT('Ctrl Pts',(11.7410690206752,8.87434467016473,62.4196580720844));
#6227=CARTESIAN_POINT('Ctrl Pts',(11.1662258034182,8.11297932379546,62.8457636380294));
#6228=CARTESIAN_POINT('Ctrl Pts',(10.2976485631302,7.51788494649939,63.4497405582272));
#6229=CARTESIAN_POINT('Ctrl Pts',(9.54880049910912,7.2587516589159,63.9231282904098));
#6230=CARTESIAN_POINT('Ctrl Pts',(9.13932097514355,7.16421350520444,64.1635686357376));
#6231=CARTESIAN_POINT('Ctrl Pts',(0.0636883601806982,12.341951287274,67.1249037756737));
#6232=CARTESIAN_POINT('Ctrl Pts',(1.45324090470066,12.3453127852887,67.1207049124015));
#6233=CARTESIAN_POINT('Ctrl Pts',(4.182132691935,12.6009425789297,66.8296853760955));
#6234=CARTESIAN_POINT('Ctrl Pts',(7.38980456129361,13.0264824703076,65.8358664652871));
#6235=CARTESIAN_POINT('Ctrl Pts',(9.37640154536148,13.0104429330465,64.8363479435133));
#6236=CARTESIAN_POINT('Ctrl Pts',(11.0747801164347,12.6971877602032,63.7806508242528));
#6237=CARTESIAN_POINT('Ctrl Pts',(12.2045319421482,12.01892914763,62.8536853996127));
#6238=CARTESIAN_POINT('Ctrl Pts',(12.7993944213485,10.7530639341488,62.2834047995385));
#6239=CARTESIAN_POINT('Ctrl Pts',(12.879813334422,9.6967735132983,62.2037340428123));
#6240=CARTESIAN_POINT('Ctrl Pts',(12.5893289578627,8.68355344821988,62.4891351165665));
#6241=CARTESIAN_POINT('Ctrl Pts',(11.9413881732351,7.86108287509535,63.0726210756484));
#6242=CARTESIAN_POINT('Ctrl Pts',(10.9709976996316,7.3082345276673,63.8291334604135));
#6243=CARTESIAN_POINT('Ctrl Pts',(10.1464780760741,7.12137220656398,64.3644922841072));
#6244=CARTESIAN_POINT('Ctrl Pts',(9.69908675250372,7.06595472440963,64.6243976336475));
#6245=CARTESIAN_POINT('',(9.69908675250373,7.06595472440963,64.6243976336475));
#6246=CARTESIAN_POINT('',(1.30607700945012,12.3756104630922,67.0838363258168));
#6247=CARTESIAN_POINT('Ctrl Pts',(9.69908675250372,7.06595472440963,64.6243976336475));
#6248=CARTESIAN_POINT('Ctrl Pts',(9.82127385848534,7.08108980059124,64.5534148478482));
#6249=CARTESIAN_POINT('Ctrl Pts',(9.9408005541783,7.09905455294065,64.4818759723029));
#6250=CARTESIAN_POINT('Ctrl Pts',(10.0575255365865,7.12000416151252,64.4100706073136));
#6251=CARTESIAN_POINT('Ctrl Pts',(10.1277930336112,7.13261565673504,64.3668443573144));
#6252=CARTESIAN_POINT('Ctrl Pts',(10.1970483905172,7.14630967525613,64.3235193971962));
#6253=CARTESIAN_POINT('Ctrl Pts',(10.2652533157248,7.16112048818035,64.2801624777742));
#6254=CARTESIAN_POINT('Ctrl Pts',(10.469830423694,7.20554474735946,64.1501156643101));
#6255=CARTESIAN_POINT('Ctrl Pts',(10.6649358681539,7.26001591771998,64.0197927893282));
#6256=CARTESIAN_POINT('Ctrl Pts',(10.8493670233645,7.32540232000695,63.8911147288921));
#6257=CARTESIAN_POINT('Ctrl Pts',(10.875323664461,7.33460473146946,63.873004717989));
#6258=CARTESIAN_POINT('Ctrl Pts',(10.9010689339223,7.34402328476631,63.8549272824446));
#6259=CARTESIAN_POINT('Ctrl Pts',(10.9265995393428,7.35366033862948,63.8368877688761));
#6260=CARTESIAN_POINT('Ctrl Pts',(11.0151241777058,7.38707579016582,63.7743376887431));
#6261=CARTESIAN_POINT('Ctrl Pts',(11.1010677598124,7.42311840306262,63.7122436183652));
#6262=CARTESIAN_POINT('Ctrl Pts',(11.1842935274693,7.4617749407119,63.650905291456));
#6263=CARTESIAN_POINT('Ctrl Pts',(11.353339606263,7.54029312436256,63.5263164299087));
#6264=CARTESIAN_POINT('Ctrl Pts',(11.5113135456393,7.62967426130843,63.4047242528486));
#6265=CARTESIAN_POINT('Ctrl Pts',(11.6570579847882,7.72984305260337,63.2886515759466));
#6266=CARTESIAN_POINT('Ctrl Pts',(11.7377127633092,7.78527632830011,63.2244171111359));
#6267=CARTESIAN_POINT('Ctrl Pts',(11.8146228541736,7.84401269012808,63.1618728875166));
#6268=CARTESIAN_POINT('Ctrl Pts',(11.8875970582242,7.90603499104261,63.1014442881604));
#6269=CARTESIAN_POINT('Ctrl Pts',(12.0064404202097,8.00704244778241,63.0030322807805));
#6270=CARTESIAN_POINT('Ctrl Pts',(12.114843387366,8.11676555044686,62.9102328136008));
#6271=CARTESIAN_POINT('Ctrl Pts',(12.212302770254,8.23403334217015,62.8248461124526));
#6272=CARTESIAN_POINT('Ctrl Pts',(12.3145080368948,8.35701160825692,62.7353014190652));
#6273=CARTESIAN_POINT('Ctrl Pts',(12.4047150646491,8.48838120497488,62.6538411737659));
#6274=CARTESIAN_POINT('Ctrl Pts',(12.4823141658447,8.62680051914444,62.5825580397074));
#6275=CARTESIAN_POINT('Ctrl Pts',(12.4986872566189,8.65600642437884,62.567517591988));
#6276=CARTESIAN_POINT('Ctrl Pts',(12.5144991832341,8.68552609529756,62.552930122404));
#6277=CARTESIAN_POINT('Ctrl Pts',(12.52974443341,8.71534680897887,62.5388151131869));
#6278=CARTESIAN_POINT('Ctrl Pts',(12.5978712461185,8.84860734274193,62.4757390351814));
#6279=CARTESIAN_POINT('Ctrl Pts',(12.6546793769276,8.98787993889776,62.4221001314022));
#6280=CARTESIAN_POINT('Ctrl Pts',(12.6999927014903,9.13107669490294,62.378819213413));
#6281=CARTESIAN_POINT('Ctrl Pts',(12.7439880316255,9.27010839508249,62.3367971747772));
#6282=CARTESIAN_POINT('Ctrl Pts',(12.7771959466288,9.41302585022007,62.304483527056));
#6283=CARTESIAN_POINT('Ctrl Pts',(12.7993970873322,9.55791518075852,62.2827758933218));
#6284=CARTESIAN_POINT('Ctrl Pts',(12.8068259943618,9.60639779615773,62.2755121227346));
#6285=CARTESIAN_POINT('Ctrl Pts',(12.8130227856773,9.65510102001344,62.2694356512815));
#6286=CARTESIAN_POINT('Ctrl Pts',(12.8179801726269,9.70395270918385,62.2645793158268));
#6287=CARTESIAN_POINT('Ctrl Pts',(12.8327100565675,9.8491057341731,62.2501496861949));
#6288=CARTESIAN_POINT('Ctrl Pts',(12.8364949513268,9.99556958730987,62.2464948912258));
#6289=CARTESIAN_POINT('Ctrl Pts',(12.8293998244447,10.1414198359539,62.2534086939327));
#6290=CARTESIAN_POINT('Ctrl Pts',(12.8196299696532,10.3422528547613,62.2629288687831));
#6291=CARTESIAN_POINT('Ctrl Pts',(12.7892205652208,10.5418132351858,62.2924782218603));
#6292=CARTESIAN_POINT('Ctrl Pts',(12.7384003282818,10.7352437890278,62.3414102990507));
#6293=CARTESIAN_POINT('Ctrl Pts',(12.698622294875,10.8866458189289,62.379710431407));
#6294=CARTESIAN_POINT('Ctrl Pts',(12.6463397727159,11.0342928494768,62.4298844599549));
#6295=CARTESIAN_POINT('Ctrl Pts',(12.5818594427493,11.1760501270249,62.490281360375));
#6296=CARTESIAN_POINT('Ctrl Pts',(12.5342715350867,11.2806701287829,62.5348556068435));
#6297=CARTESIAN_POINT('Ctrl Pts',(12.4800231509344,11.3823141885657,62.5850996512101));
#6298=CARTESIAN_POINT('Ctrl Pts',(12.4191736842048,11.4800297522785,62.6403817735736));
#6299=CARTESIAN_POINT('Ctrl Pts',(12.3804595590488,11.5421991149138,62.675553799215));
#6300=CARTESIAN_POINT('Ctrl Pts',(12.3390741162525,11.6027781201647,62.7127643397269));
#6301=CARTESIAN_POINT('Ctrl Pts',(12.2950401470719,11.6615218762608,62.7518427325011));
#6302=CARTESIAN_POINT('Ctrl Pts',(12.22511758264,11.7548024536658,62.8138962218299));
#6303=CARTESIAN_POINT('Ctrl Pts',(12.1485148340373,11.8434539964423,62.8806610062541));
#6304=CARTESIAN_POINT('Ctrl Pts',(12.0655756843701,11.9273013141894,62.9512968891042));
#6305=CARTESIAN_POINT('Ctrl Pts',(12.0132316964514,11.9802184589246,62.9958761235594));
#6306=CARTESIAN_POINT('Ctrl Pts',(11.9583646669087,12.0312224595962,63.0419965303477));
#6307=CARTESIAN_POINT('Ctrl Pts',(11.9010684928543,12.0802741489543,63.0894411496968));
#6308=CARTESIAN_POINT('Ctrl Pts',(11.8037171416321,12.1636173794154,63.1700538237208));
#6309=CARTESIAN_POINT('Ctrl Pts',(11.6995151717289,12.2412431886696,63.2544040684616));
#6310=CARTESIAN_POINT('Ctrl Pts',(11.5888381715702,12.3131165917603,63.3415330994829));
#6311=CARTESIAN_POINT('Ctrl Pts',(11.4737839949422,12.3878325237263,63.4321080058337));
#6312=CARTESIAN_POINT('Ctrl Pts',(11.3517322710419,12.4563321496828,63.5256865967828));
#6313=CARTESIAN_POINT('Ctrl Pts',(11.223063481483,12.518545558599,63.6212165243409));
#6314=CARTESIAN_POINT('Ctrl Pts',(11.08838589942,12.5836643143864,63.7212076698416));
#6315=CARTESIAN_POINT('Ctrl Pts',(10.9464585398845,12.6418962359818,63.8233375315834));
#6316=CARTESIAN_POINT('Ctrl Pts',(10.797676855739,12.693125703684,63.9264131292149));
#6317=CARTESIAN_POINT('Ctrl Pts',(10.7854584123814,12.6973328367929,63.9348780377716));
#6318=CARTESIAN_POINT('Ctrl Pts',(10.7731937213486,12.7014927235944,63.9433493275655));
#6319=CARTESIAN_POINT('Ctrl Pts',(10.7608829909877,12.7056052892576,63.9518263389186));
#6320=CARTESIAN_POINT('Ctrl Pts',(10.6598075020921,12.7393709207712,64.0214256268386));
#6321=CARTESIAN_POINT('Ctrl Pts',(10.5555738162491,12.7699507862022,64.0914117313361));
#6322=CARTESIAN_POINT('Ctrl Pts',(10.4484534189759,12.7973299315672,64.1615213745107));
#6323=CARTESIAN_POINT('Ctrl Pts',(10.4412070356188,12.7991820511294,64.1662640879846));
#6324=CARTESIAN_POINT('Ctrl Pts',(10.4339474295332,12.8010195113745,64.1710073754704));
#6325=CARTESIAN_POINT('Ctrl Pts',(10.4266746791967,12.80284230207,64.1757511589348));
#6326=CARTESIAN_POINT('Ctrl Pts',(10.3998894566609,12.8095555607623,64.1932223066956));
#6327=CARTESIAN_POINT('Ctrl Pts',(10.372925953268,12.8160698491052,64.2107001775189));
#6328=CARTESIAN_POINT('Ctrl Pts',(10.3457882227893,12.8223905852221,64.2281830126688));
#6329=CARTESIAN_POINT('Ctrl Pts',(10.2144335136192,12.8529848331465,64.3128051489369));
#6330=CARTESIAN_POINT('Ctrl Pts',(10.0790033014287,12.8790017754545,64.39743662126));
#6331=CARTESIAN_POINT('Ctrl Pts',(9.93976569835698,12.9009831332392,64.4815495412086));
#6332=CARTESIAN_POINT('Ctrl Pts',(9.89075905387171,12.9087197831275,64.5111542735051));
#6333=CARTESIAN_POINT('Ctrl Pts',(9.84128107005641,12.9159568224458,64.5406945856162));
#6334=CARTESIAN_POINT('Ctrl Pts',(9.79134444807567,12.9227189012574,64.5701469885244));
#6335=CARTESIAN_POINT('Ctrl Pts',(9.644738025756,12.942571349074,64.6566148201042));
#6336=CARTESIAN_POINT('Ctrl Pts',(9.49417584075494,12.958327200077,64.7423251488924));
#6337=CARTESIAN_POINT('Ctrl Pts',(9.33993624289521,12.9703154274076,64.8268544982116));
#6338=CARTESIAN_POINT('Ctrl Pts',(9.31082424636933,12.9725781487661,64.8428090141587));
#6339=CARTESIAN_POINT('Ctrl Pts',(9.28158134535276,12.9747067581386,64.8587214542282));
#6340=CARTESIAN_POINT('Ctrl Pts',(9.2522095524132,12.9767036173683,64.874588974967));
#6341=CARTESIAN_POINT('Ctrl Pts',(9.05563168946644,12.9900680830919,64.9807862140499));
#6342=CARTESIAN_POINT('Ctrl Pts',(8.85339982128469,12.9975442506487,65.0850482852119));
#6343=CARTESIAN_POINT('Ctrl Pts',(8.64597036158925,12.9998416027261,65.1868371559444));
#6344=CARTESIAN_POINT('Ctrl Pts',(8.42783827673553,13.0022574900308,65.2938779717495));
#6345=CARTESIAN_POINT('Ctrl Pts',(8.20395815233928,12.9989460066663,65.3981847412672));
#6346=CARTESIAN_POINT('Ctrl Pts',(7.9748209987605,12.9906920593623,65.4991214897063));
#6347=CARTESIAN_POINT('Ctrl Pts',(7.8970531491786,12.9878907164881,65.5333788493151));
#6348=CARTESIAN_POINT('Ctrl Pts',(7.81867944523415,12.9845197577965,65.5672478704927));
#6349=CARTESIAN_POINT('Ctrl Pts',(7.7397182095918,12.9806090273394,65.6007031295863));
#6350=CARTESIAN_POINT('Ctrl Pts',(7.68756371078304,12.978025960024,65.622800583563));
#6351=CARTESIAN_POINT('Ctrl Pts',(7.63514579577857,12.9752075290146,65.6447163571522));
#6352=CARTESIAN_POINT('Ctrl Pts',(7.58247374587139,12.9721625406051,65.6664417088202));
#6353=CARTESIAN_POINT('Ctrl Pts',(7.30151177063605,12.9559200370454,65.7823285544638));
#6354=CARTESIAN_POINT('Ctrl Pts',(7.01331678014653,12.9332287413306,65.8927942336438));
#6355=CARTESIAN_POINT('Ctrl Pts',(6.71821437419915,12.9060345975057,65.997246692281));
#6356=CARTESIAN_POINT('Ctrl Pts',(6.41254931257001,12.8778670885981,66.1054378373317));
#6357=CARTESIAN_POINT('Ctrl Pts',(6.09947316383699,12.8448706006454,66.2071774654287));
#6358=CARTESIAN_POINT('Ctrl Pts',(5.77937830071006,12.8092233324055,66.3018471189574));
#6359=CARTESIAN_POINT('Ctrl Pts',(5.74790324211374,12.8057181219636,66.3111560246456));
#6360=CARTESIAN_POINT('Ctrl Pts',(5.71636034641296,12.8021872789875,66.3203966043495));
#6361=CARTESIAN_POINT('Ctrl Pts',(5.68475000374488,12.7986328704877,66.3295682919971));
#6362=CARTESIAN_POINT('Ctrl Pts',(5.38060725994212,12.7644336982401,66.4178147964948));
#6363=CARTESIAN_POINT('Ctrl Pts',(5.07042980749819,12.7280738493597,66.4996380172771));
#6364=CARTESIAN_POINT('Ctrl Pts',(4.75395236235665,12.6913510549529,66.57463082828));
#6365=CARTESIAN_POINT('Ctrl Pts',(4.5333651322256,12.6657549828624,66.626901398309));
#6366=CARTESIAN_POINT('Ctrl Pts',(4.30971651892123,12.639981793982,66.6758529752657));
#6367=CARTESIAN_POINT('Ctrl Pts',(4.08290652482732,12.6146369167425,66.7213373018167));
#6368=CARTESIAN_POINT('Ctrl Pts',(3.77135442094368,12.5798225345184,66.7838157551463));
#6369=CARTESIAN_POINT('Ctrl Pts',(3.45383798676233,12.5458149600491,66.8397538422054));
#6370=CARTESIAN_POINT('Ctrl Pts',(3.13117853508165,12.5142600483192,66.8886689975086));
#6371=CARTESIAN_POINT('Ctrl Pts',(2.83858094752765,12.4856450767151,66.9330267758473));
#6372=CARTESIAN_POINT('Ctrl Pts',(2.54175300381459,12.4590462442263,66.9716092762801));
#6373=CARTESIAN_POINT('Ctrl Pts',(2.24129711615609,12.4357131059502,67.0040243795202));
#6374=CARTESIAN_POINT('Ctrl Pts',(1.99120709633224,12.4162913363869,67.0310056907373));
#6375=CARTESIAN_POINT('Ctrl Pts',(1.73860312419878,12.3991322318144,67.0537136133483));
#6376=CARTESIAN_POINT('Ctrl Pts',(1.4838333672421,12.3849756611627,67.0719019457649));
#6377=CARTESIAN_POINT('Ctrl Pts',(1.42468581565204,12.3816890603394,67.0761245636408));
#6378=CARTESIAN_POINT('Ctrl Pts',(1.3654303816028,12.3785641746515,67.0801037787742));
#6379=CARTESIAN_POINT('Ctrl Pts',(1.30607700945012,12.3756104630922,67.0838363258168));
#6380=CARTESIAN_POINT('',(1.22990141047298,12.3703759791446,67.0889990540004));
#6381=CARTESIAN_POINT('Ctrl Pts',(1.30619910223471,12.3756165392694,67.0838286474287));
#6382=CARTESIAN_POINT('Ctrl Pts',(1.28084772000719,12.3743548284651,67.0854230642704));
#6383=CARTESIAN_POINT('Ctrl Pts',(1.25548009299958,12.3731244247787,67.0869723798214));
#6384=CARTESIAN_POINT('Ctrl Pts',(1.23009669173413,12.3719260348537,67.0884763816144));
#6385=CARTESIAN_POINT('Ctrl Pts',(1.2271145169515,12.3717853924887,67.0886528668275));
#6386=CARTESIAN_POINT('Ctrl Pts',(1.19486467367234,12.4277831688326,67.0164973576378));
#6387=CARTESIAN_POINT('Ctrl Pts',(1.16121465875655,12.4869084638554,66.9477599431046));
#6388=CARTESIAN_POINT('Ctrl Pts',(1.12638617959901,12.5488231837541,66.8824889132967));
#6389=CARTESIAN_POINT('Ctrl Pts',(1.09181265247369,12.6102846744551,66.8176956816038));
#6390=CARTESIAN_POINT('Ctrl Pts',(1.05607787512074,12.674495216171,66.7563178600036));
#6391=CARTESIAN_POINT('Ctrl Pts',(1.01938122792678,12.7411754923604,66.6984023902673));
#6392=CARTESIAN_POINT('Ctrl Pts',(0.982278668223055,12.808593338882,66.6398463003252));
#6393=CARTESIAN_POINT('Ctrl Pts',(0.944192932233824,12.8785359459463,66.5848290546343));
#6394=CARTESIAN_POINT('Ctrl Pts',(0.905311223727688,12.9507645678074,66.5334058960526));
#6395=CARTESIAN_POINT('Ctrl Pts',(0.866429515221553,13.0229931896686,66.4819827374709));
#6396=CARTESIAN_POINT('Ctrl Pts',(0.826751924289838,13.0975079336471,66.4341530035723));
#6397=CARTESIAN_POINT('Ctrl Pts',(0.786445610731975,13.1741181254063,66.38998752018));
#6398=CARTESIAN_POINT('Ctrl Pts',(0.776249194693373,13.193498448711,66.3788148377027));
#6399=CARTESIAN_POINT('Ctrl Pts',(0.766020512961614,13.2129967529299,66.3678862213327));
#6400=CARTESIAN_POINT('Ctrl Pts',(0.755762978372622,13.2326086146721,66.3572024514911));
#6401=CARTESIAN_POINT('Ctrl Pts',(0.717276782415877,13.3061921787868,66.3171170239339));
#6402=CARTESIAN_POINT('Ctrl Pts',(0.678386700013409,13.3813710910917,66.2804778358355));
#6403=CARTESIAN_POINT('Ctrl Pts',(0.639250137760914,13.4578767072038,66.2472366422736));
#6404=CARTESIAN_POINT('Ctrl Pts',(0.600686122773713,13.5332630865009,66.2144817498423));
#6405=CARTESIAN_POINT('Ctrl Pts',(0.561882759819019,13.609937748346,66.1850256075948));
#6406=CARTESIAN_POINT('Ctrl Pts',(0.522962085105421,13.6876832063842,66.1588333959896));
#6407=CARTESIAN_POINT('Ctrl Pts',(0.48850654729154,13.7565093916702,66.1356460606201));
#6408=CARTESIAN_POINT('Ctrl Pts',(0.453958704978313,13.8261753886826,66.1150165670602));
#6409=CARTESIAN_POINT('Ctrl Pts',(0.419384156947162,13.8965553906613,66.0969339074347));
#6410=CARTESIAN_POINT('Ctrl Pts',(0.413467058516758,13.9086002451266,66.0938392356898));
#6411=CARTESIAN_POINT('Ctrl Pts',(0.407549505895275,13.9206646965884,66.0908195604346));
#6412=CARTESIAN_POINT('Ctrl Pts',(0.40163204885935,13.9327479169499,66.0878748757332));
#6413=CARTESIAN_POINT('Ctrl Pts',(0.362902687998379,14.0118317867448,66.0686021111438));
#6414=CARTESIAN_POINT('Ctrl Pts',(0.324180683815474,14.091717326655,66.0525403601986));
#6415=CARTESIAN_POINT('Ctrl Pts',(0.285594246468914,14.1721817733133,66.0396367957784));
#6416=CARTESIAN_POINT('Ctrl Pts',(0.245768665667405,14.2552302105985,66.0263188534448));
#6417=CARTESIAN_POINT('Ctrl Pts',(0.2060876653099,14.3388954248455,66.0163643881429));
#6418=CARTESIAN_POINT('Ctrl Pts',(0.166647900813869,14.4229624529371,66.0097392565213));
#6419=CARTESIAN_POINT('Ctrl Pts',(0.127208136317838,14.5070294810287,66.0031141248998));
#6420=CARTESIAN_POINT('Ctrl Pts',(0.0880095253470889,14.5914987643858,65.9998177048252));
#6421=CARTESIAN_POINT('Ctrl Pts',(0.0491048148937903,14.6761805280977,65.999850142542));
#6422=CARTESIAN_POINT('Ctrl Pts',(0.04792233996176,14.6787543568609,65.9998511284583));
#6423=CARTESIAN_POINT('Ctrl Pts',(0.0467401559751097,14.681328374262,65.9998551925105));
#6424=CARTESIAN_POINT('Ctrl Pts',(0.0455582652287589,14.6839025745481,65.9998623352381));
#6425=CARTESIAN_POINT('Ctrl Pts',(9.39497526523186,7.46555019845701,61.1884311501064));
#6426=CARTESIAN_POINT('Ctrl Pts',(9.40410803433319,7.45405712192158,61.3930473708047));
#6427=CARTESIAN_POINT('Ctrl Pts',(9.41727003696372,7.43745091940685,61.6081678366287));
#6428=CARTESIAN_POINT('Ctrl Pts',(9.4632490124432,7.37897731774171,62.2726162017496));
#6429=CARTESIAN_POINT('Ctrl Pts',(9.51161563676115,7.3166455669991,62.8821393610359));
#6430=CARTESIAN_POINT('Ctrl Pts',(9.59345942841925,7.2090609575036,63.8052393509413));
#6431=CARTESIAN_POINT('Ctrl Pts',(9.63864166714504,7.14892470504524,64.2352723796637));
#6432=CARTESIAN_POINT('Ctrl Pts',(9.69908675250373,7.06595472440963,64.6243976336475));
#6433=CARTESIAN_POINT('Ctrl Pts',(-1.16006814123156,12.3462437542612,65.9105867900383));
#6434=CARTESIAN_POINT('Ctrl Pts',(-0.794639714303923,13.1588556095925,65.967015380816));
#6435=CARTESIAN_POINT('Ctrl Pts',(-0.376966065618422,13.9244126217397,66.0024158506145));
#6436=CARTESIAN_POINT('Ctrl Pts',(0.0455582652287584,14.6839025745481,65.9998623352381));
#6437=CARTESIAN_POINT('Ctrl Pts',(-0.776692760336708,12.1012205447575,65.9697867068719));
#6438=CARTESIAN_POINT('Ctrl Pts',(-0.369177086333258,12.8495541419551,66.0135237569675));
#6439=CARTESIAN_POINT('Ctrl Pts',(0.0909525963902692,13.5723294761423,66.0287133695931));
#6440=CARTESIAN_POINT('Ctrl Pts',(0.549766503680824,14.2917589387658,65.9968151651799));
#6441=CARTESIAN_POINT('Ctrl Pts',(-0.134932391175081,11.672752315088,66.2587934831815));
#6442=CARTESIAN_POINT('Ctrl Pts',(0.345807037272032,12.3090640086066,66.3386627477082));
#6443=CARTESIAN_POINT('Ctrl Pts',(0.889698630988296,12.9566971724599,66.3783223364134));
#6444=CARTESIAN_POINT('Ctrl Pts',(1.43187829680251,13.6074426349276,66.3613882713573));
#6445=CARTESIAN_POINT('Ctrl Pts',(0.341486878238291,11.3213509384306,66.8190337860917));
#6446=CARTESIAN_POINT('Ctrl Pts',(0.849684275019571,11.887889555016,67.0123069852532));
#6447=CARTESIAN_POINT('Ctrl Pts',(1.43078880518087,12.5142779048552,67.162135700774));
#6448=CARTESIAN_POINT('Ctrl Pts',(2.01691009895209,13.1566055624021,67.2443032507516));
#6449=CARTESIAN_POINT('Ctrl Pts',(0.503425556184572,11.1937068925067,67.0945316273068));
#6450=CARTESIAN_POINT('Ctrl Pts',(1.01068720308188,11.7425247806382,67.3435786433052));
#6451=CARTESIAN_POINT('Ctrl Pts',(1.5943434759073,12.373898681703,67.5458448685201));
#6452=CARTESIAN_POINT('Ctrl Pts',(2.18500870374035,13.027892938108,67.6740503774963));
#6453=CARTESIAN_POINT('',(1.3063290473,12.0628462469858,67.4282252779032));
#6454=CARTESIAN_POINT('',(1.19381078667709,11.9404696643647,67.3882535576766));
#6455=CARTESIAN_POINT('Ctrl Pts',(1.30584312603165,12.0636338290375,67.4271530859694));
#6456=CARTESIAN_POINT('Ctrl Pts',(1.26814416263228,12.0226050459379,67.4141006803893));
#6457=CARTESIAN_POINT('Ctrl Pts',(1.23063151568587,11.981810706747,67.4007806951372));
#6458=CARTESIAN_POINT('Ctrl Pts',(1.19332569211904,11.9412685254413,67.3872011927919));
#6459=CARTESIAN_POINT('',(-0.606160289297616,11.9846806258523,66.0744352827582));
#6460=CARTESIAN_POINT('Ctrl Pts',(1.19381078667709,11.9404696643647,67.3882535576766));
#6461=CARTESIAN_POINT('Ctrl Pts',(0.970867384383429,11.9627595948245,67.0669642819266));
#6462=CARTESIAN_POINT('Ctrl Pts',(0.688399187034473,11.9845678024361,66.7934889997335));
#6463=CARTESIAN_POINT('Ctrl Pts',(0.0965090498711836,12.0026502437994,66.3807358482723));
#6464=CARTESIAN_POINT('Ctrl Pts',(-0.198323769089606,12.0023066234836,66.2288368683551));
#6465=CARTESIAN_POINT('Ctrl Pts',(-0.539082806279772,11.9879314680476,66.0986774363922));
#6466=CARTESIAN_POINT('Ctrl Pts',(-0.572548582818821,11.9863806362538,66.0863564983382));
#6467=CARTESIAN_POINT('Ctrl Pts',(-0.606160289297615,11.9846806258523,66.0744352827582));
#6468=CARTESIAN_POINT('Ctrl Pts',(-0.606160289297621,11.9846806258523,66.0744352827582));
#6469=CARTESIAN_POINT('Ctrl Pts',(-0.718078116775561,12.2521512402543,65.9994842733491));
#6470=CARTESIAN_POINT('Ctrl Pts',(-0.82856857932598,12.5291082368743,65.9558585769515));
#6471=CARTESIAN_POINT('Ctrl Pts',(-0.937264568888731,12.8110700196942,65.9416724746407));
#6472=CARTESIAN_POINT('Ctrl Pts',(-0.93837300639309,12.8139463208555,65.9415309169833));
#6473=CARTESIAN_POINT('Ctrl Pts',(-0.939481171279115,12.8168228771213,65.9413924998645));
#6474=CARTESIAN_POINT('Ctrl Pts',(1.23021049608289,12.3702196655361,67.0890374485328));
#6475=CARTESIAN_POINT('Ctrl Pts',(1.28260348280744,12.279624359468,67.2058000387775));
#6476=CARTESIAN_POINT('Ctrl Pts',(1.30632904729998,12.1771826535114,67.3199451888381));
#6477=CARTESIAN_POINT('Ctrl Pts',(1.30632904729999,12.0628462469858,67.4282252779032));
#6478=CARTESIAN_POINT('Ctrl Pts',(7.42529712395105,-4.13190944881925,62.0417871617711));
#6479=CARTESIAN_POINT('Ctrl Pts',(7.8040156484902,-4.24274300570646,61.6017653494918));
#6480=CARTESIAN_POINT('Ctrl Pts',(8.51286285331755,-4.61644990226732,60.6823344580842));
#6481=CARTESIAN_POINT('Ctrl Pts',(9.36517513673338,-5.72213544798637,59.3544659574243));
#6482=CARTESIAN_POINT('Ctrl Pts',(9.94225463031951,-7.36700705754185,58.3153202718057));
#6483=CARTESIAN_POINT('Ctrl Pts',(10.202969583041,-9.39342658748998,57.803186408113));
#6484=CARTESIAN_POINT('Ctrl Pts',(10.1306122487083,-11.5059236037075,57.9461718434795));
#6485=CARTESIAN_POINT('Ctrl Pts',(9.59844226820424,-14.0376157359394,58.9673446266823));
#6486=CARTESIAN_POINT('Ctrl Pts',(8.59912999744531,-15.3942620969927,60.60317885346));
#6487=CARTESIAN_POINT('Ctrl Pts',(7.1476890763405,-16.0208452969667,62.4059653689379));
#6488=CARTESIAN_POINT('Ctrl Pts',(5.495074911361,-16.053033184321,64.0632060926671));
#6489=CARTESIAN_POINT('Ctrl Pts',(3.00024988881766,-15.2020062722673,65.5847425236471));
#6490=CARTESIAN_POINT('Ctrl Pts',(1.03953319762693,-14.6906254179478,65.9938552722399));
#6491=CARTESIAN_POINT('Ctrl Pts',(0.0455582652287708,-14.6839025745481,
65.9998623352381));
#6492=CARTESIAN_POINT('Ctrl Pts',(7.37453221845938,-4.6134486125944,62.1007693986232));
#6493=CARTESIAN_POINT('Ctrl Pts',(7.73072788079007,-4.73315273182228,61.6910283436371));
#6494=CARTESIAN_POINT('Ctrl Pts',(8.39064173769266,-5.11168152498046,60.8486960738462));
#6495=CARTESIAN_POINT('Ctrl Pts',(9.17189333377052,-6.15557070741246,59.6707645962467));
#6496=CARTESIAN_POINT('Ctrl Pts',(9.69671888677226,-7.65139850974923,58.7724351044854));
#6497=CARTESIAN_POINT('Ctrl Pts',(9.93360042000722,-9.4605954093269,58.3353989235049));
#6498=CARTESIAN_POINT('Ctrl Pts',(9.86786741844235,-11.3403475644649,58.4576080103648));
#6499=CARTESIAN_POINT('Ctrl Pts',(9.38432729178814,-13.6129549565989,59.3309387892909));
#6500=CARTESIAN_POINT('Ctrl Pts',(8.47294114873704,-14.8934763699674,60.7707767035688));
#6501=CARTESIAN_POINT('Ctrl Pts',(7.11646690896994,-15.540789631617,62.4338763442288));
#6502=CARTESIAN_POINT('Ctrl Pts',(5.54291462813368,-15.6433462312069,64.0149233477292));
#6503=CARTESIAN_POINT('Ctrl Pts',(3.07809218777717,-14.905693310216,65.5580603406757));
#6504=CARTESIAN_POINT('Ctrl Pts',(1.06777430914124,-14.4341441038998,65.9935205672737));
#6505=CARTESIAN_POINT('Ctrl Pts',(0.0467964099386784,-14.4279854265543,
65.9998548525411));
#6506=CARTESIAN_POINT('Ctrl Pts',(7.45779259620423,-5.57316136137944,62.3770617087131));
#6507=CARTESIAN_POINT('Ctrl Pts',(7.78609221287122,-5.71029016366182,62.0309720392377));
#6508=CARTESIAN_POINT('Ctrl Pts',(8.38165477566651,-6.09780630877589,61.3458632261103));
#6509=CARTESIAN_POINT('Ctrl Pts',(9.06260698614398,-7.01811229793196,60.4652402755736));
#6510=CARTESIAN_POINT('Ctrl Pts',(9.51077040166411,-8.21696770732561,59.8429780344422));
#6511=CARTESIAN_POINT('Ctrl Pts',(9.71211678112457,-9.59412268387394,59.5524338985314));
#6512=CARTESIAN_POINT('Ctrl Pts',(9.65623805310836,-11.0111219017042,59.634097875781));
#6513=CARTESIAN_POINT('Ctrl Pts',(9.24498608736578,-12.7680579146623,60.2186126277144));
#6514=CARTESIAN_POINT('Ctrl Pts',(8.4597888121601,-13.8962449920451,61.2716489740846));
#6515=CARTESIAN_POINT('Ctrl Pts',(7.225600793802,-14.5836830670963,62.6467407423243));
#6516=CARTESIAN_POINT('Ctrl Pts',(5.74001482475591,-14.8254510140925,64.0558596947146));
#6517=CARTESIAN_POINT('Ctrl Pts',(3.26231622676395,-14.3134036295188,65.594103377272));
#6518=CARTESIAN_POINT('Ctrl Pts',(1.13335977170142,-13.9213534869933,66.0591918012024));
#6519=CARTESIAN_POINT('Ctrl Pts',(0.0496709337237388,-13.9163212466973,
66.0658710043411));
#6520=CARTESIAN_POINT('Ctrl Pts',(8.2110751550833,-6.8696772530775,63.3018433156936));
#6521=CARTESIAN_POINT('Ctrl Pts',(8.55871771953859,-7.00748981409373,63.046377830488));
#6522=CARTESIAN_POINT('Ctrl Pts',(9.18329931345604,-7.36113824126157,62.5665472247562));
#6523=CARTESIAN_POINT('Ctrl Pts',(9.88576775253926,-8.07397909226135,62.0232434309189));
#6524=CARTESIAN_POINT('Ctrl Pts',(10.3423735843889,-8.88974455926236,61.6879743332543));
#6525=CARTESIAN_POINT('Ctrl Pts',(10.5462371883426,-9.75129500856039,61.544249901659));
#6526=CARTESIAN_POINT('Ctrl Pts',(10.4896627228237,-10.6226801732045,61.5853009817485));
#6527=CARTESIAN_POINT('Ctrl Pts',(10.0725187751466,-11.7516804856508,61.8788057538171));
#6528=CARTESIAN_POINT('Ctrl Pts',(9.26702336676714,-12.6243008190487,62.5047478371304));
#6529=CARTESIAN_POINT('Ctrl Pts',(7.96766315630327,-13.2731560481306,63.4903971001119));
#6530=CARTESIAN_POINT('Ctrl Pts',(6.37921529023099,-13.6142107088114,64.5993690653929));
#6531=CARTESIAN_POINT('Ctrl Pts',(3.66027449463264,-13.3620407360668,65.9601115427527));
#6532=CARTESIAN_POINT('Ctrl Pts',(1.27242749007657,-13.0822332841426,66.3975779284517));
#6533=CARTESIAN_POINT('Ctrl Pts',(0.0557656062907132,-13.0787323940502,
66.4037911816633));
#6534=CARTESIAN_POINT('Ctrl Pts',(9.13932097514355,-7.16421350520443,64.1635686357376));
#6535=CARTESIAN_POINT('Ctrl Pts',(9.54879529939362,-7.25875045843705,63.9231313436062));
#6536=CARTESIAN_POINT('Ctrl Pts',(10.2976252220994,-7.51787364110668,63.4497556253206));
#6537=CARTESIAN_POINT('Ctrl Pts',(11.1661969873508,-8.11296196314138,62.8457841820978));
#6538=CARTESIAN_POINT('Ctrl Pts',(11.7410499948473,-8.87430115134164,62.4196728877449));
#6539=CARTESIAN_POINT('Ctrl Pts',(11.9984126919863,-9.7438191588637,62.2202995915495));
#6540=CARTESIAN_POINT('Ctrl Pts',(11.9271721194661,-10.6380487027669,62.276098981718));
#6541=CARTESIAN_POINT('Ctrl Pts',(11.4003902720913,-11.7483412137158,62.6770100656651));
#6542=CARTESIAN_POINT('Ctrl Pts',(10.3940643430941,-12.4757014728259,63.3971498631929));
#6543=CARTESIAN_POINT('Ctrl Pts',(8.84702518886079,-12.9397683274758,64.3488164487834));
#6544=CARTESIAN_POINT('Ctrl Pts',(7.0110051875759,-13.1277588053441,65.3382939612847));
#6545=CARTESIAN_POINT('Ctrl Pts',(3.98685778766733,-12.8334324088019,66.4655161566424));
#6546=CARTESIAN_POINT('Ctrl Pts',(1.38539181170996,-12.5850156008381,66.8201838987066));
#6547=CARTESIAN_POINT('Ctrl Pts',(0.0607166061022856,-12.5818569197227,
66.8252365009969));
#6548=CARTESIAN_POINT('Ctrl Pts',(9.69908675250372,-7.06595472440962,64.6243976336475));
#6549=CARTESIAN_POINT('Ctrl Pts',(10.1464723949412,-7.12137150285323,64.364495584477));
#6550=CARTESIAN_POINT('Ctrl Pts',(10.9709719000323,-7.30822495113362,63.8291510009883));
#6551=CARTESIAN_POINT('Ctrl Pts',(11.9413557955356,-7.86106772399321,63.0726477358312));
#6552=CARTESIAN_POINT('Ctrl Pts',(12.5893073836638,-8.6835035287709,62.489156872614));
#6553=CARTESIAN_POINT('Ctrl Pts',(12.8798039577478,-9.69671329374501,62.2037438421004));
#6554=CARTESIAN_POINT('Ctrl Pts',(12.7994133291251,-10.7529618018537,62.2833858236911));
#6555=CARTESIAN_POINT('Ctrl Pts',(12.2046358260297,-12.0188078679697,62.8535917162583));
#6556=CARTESIAN_POINT('Ctrl Pts',(11.0749279123907,-12.6971310484963,63.7805396943422));
#6557=CARTESIAN_POINT('Ctrl Pts',(9.37664823279814,-13.0104226484834,64.8362138690447));
#6558=CARTESIAN_POINT('Ctrl Pts',(7.39012550517487,-13.0265165921605,65.8357203921417));
#6559=CARTESIAN_POINT('Ctrl Pts',(4.18266953178453,-12.6010031361337,66.8296022103642));
#6560=CARTESIAN_POINT('Ctrl Pts',(1.4532093582452,-12.3453127089739,67.1207050077266));
#6561=CARTESIAN_POINT('Ctrl Pts',(0.0636883601807142,-12.341951287274,67.1249037756737));
#6562=CARTESIAN_POINT('',(1.30619841897752,-12.3756211250574,67.0838216155718));
#6563=CARTESIAN_POINT('',(8.51733968280557,-13.0006096602431,65.2493458278485));
#6564=CARTESIAN_POINT('Ctrl Pts',(1.30619841897752,-12.3756211250574,67.0838216155719));
#6565=CARTESIAN_POINT('Ctrl Pts',(2.26353886724359,-12.4232711095608,67.0236046561449));
#6566=CARTESIAN_POINT('Ctrl Pts',(4.53275671298656,-12.6474470491974,66.7211220668872));
#6567=CARTESIAN_POINT('Ctrl Pts',(6.86611021148889,-12.9569987061857,65.9980949585226));
#6568=CARTESIAN_POINT('Ctrl Pts',(8.21586588187328,-13.0008895125403,65.3942524610838));
#6569=CARTESIAN_POINT('Ctrl Pts',(8.51733968280557,-13.0006096602431,65.2493458278485));
#6570=CARTESIAN_POINT('',(9.69908675250373,-7.06595472440963,64.6243976336475));
#6571=CARTESIAN_POINT('Ctrl Pts',(8.51733968280557,-13.0006096602431,65.2493458278485));
#6572=CARTESIAN_POINT('Ctrl Pts',(8.9677429396273,-13.0001915596132,65.0328546457214));
#6573=CARTESIAN_POINT('Ctrl Pts',(9.63200256139454,-12.9633159397764,64.6774820810259));
#6574=CARTESIAN_POINT('Ctrl Pts',(11.0749279123907,-12.6971310484963,63.7805396943422));
#6575=CARTESIAN_POINT('Ctrl Pts',(12.2046358260297,-12.0188078679697,62.8535917162583));
#6576=CARTESIAN_POINT('Ctrl Pts',(12.7994133291251,-10.7529618018537,62.2833858236911));
#6577=CARTESIAN_POINT('Ctrl Pts',(12.8798039577478,-9.69671329374501,62.2037438421004));
#6578=CARTESIAN_POINT('Ctrl Pts',(12.5893073836638,-8.6835035287709,62.489156872614));
#6579=CARTESIAN_POINT('Ctrl Pts',(11.9413557955356,-7.86106772399321,63.0726477358312));
#6580=CARTESIAN_POINT('Ctrl Pts',(10.9709719000323,-7.30822495113362,63.8291510009883));
#6581=CARTESIAN_POINT('Ctrl Pts',(10.1464723949412,-7.12137150285323,64.364495584477));
#6582=CARTESIAN_POINT('Ctrl Pts',(9.69908675250372,-7.06595472440962,64.6243976336475));
#6583=CARTESIAN_POINT('Ctrl Pts',(9.69908675250373,-7.06595472440963,64.6243976336475));
#6584=CARTESIAN_POINT('Ctrl Pts',(9.63670243027677,-7.15158659963028,64.222788220953));
#6585=CARTESIAN_POINT('Ctrl Pts',(9.59047882163868,-7.21303106856523,63.7756036950693));
#6586=CARTESIAN_POINT('Ctrl Pts',(9.5130897565139,-7.31466302546472,62.8953385748169));
#6587=CARTESIAN_POINT('Ctrl Pts',(9.42892648065996,-7.42282450233386,61.949095228212));
#6588=CARTESIAN_POINT('Ctrl Pts',(9.39497526523186,-7.46555019845701,61.1884311501064));
#6589=CARTESIAN_POINT('',(1.2299460358227,-12.370356811734,67.0890030287926));
#6590=CARTESIAN_POINT('Ctrl Pts',(0.0455582652287707,-14.6839025745481,
65.9998623352381));
#6591=CARTESIAN_POINT('Ctrl Pts',(0.0467401559788584,-14.6813283742538,
65.9998551925105));
#6592=CARTESIAN_POINT('Ctrl Pts',(0.0479223403460785,-14.6787543569446,
65.9998511283623));
#6593=CARTESIAN_POINT('Ctrl Pts',(0.0491048160335033,-14.6761805283724,
65.9998501422541));
#6594=CARTESIAN_POINT('Ctrl Pts',(0.0864202689746799,-14.5949580728184,
65.999819023579));
#6595=CARTESIAN_POINT('Ctrl Pts',(0.124006204151306,-14.5139313277891,66.0028504828836));
#6596=CARTESIAN_POINT('Ctrl Pts',(0.16181680248446,-14.4332673073666,66.0089437097599));
#6597=CARTESIAN_POINT('Ctrl Pts',(0.201429679756562,-14.348758357968,66.0153273762206));
#6598=CARTESIAN_POINT('Ctrl Pts',(0.241289559073443,-14.2646469210606,66.025071982241));
#6599=CARTESIAN_POINT('Ctrl Pts',(0.281300031380635,-14.1811499798381,66.0382110326128));
#6600=CARTESIAN_POINT('Ctrl Pts',(0.321310503687828,-14.0976530386156,66.0513500829847));
#6601=CARTESIAN_POINT('Ctrl Pts',(0.361471637182457,-14.0147703222511,66.0678843091879));
#6602=CARTESIAN_POINT('Ctrl Pts',(0.40164115529986,-13.9327497365417,66.0878723085782));
#6603=CARTESIAN_POINT('Ctrl Pts',(0.407558881541151,-13.9206665601651,66.0908169171781));
#6604=CARTESIAN_POINT('Ctrl Pts',(0.413476707701624,-13.9086021527138,66.0938365152641));
#6605=CARTESIAN_POINT('Ctrl Pts',(0.419394083758086,-13.8965573422132,66.0969311088844));
#6606=CARTESIAN_POINT('Ctrl Pts',(0.458315397039593,-13.8173330646893,66.1172856793266));
#6607=CARTESIAN_POINT('Ctrl Pts',(0.497203560271776,-13.739012867728,66.1408669692236));
#6608=CARTESIAN_POINT('Ctrl Pts',(0.535963335642368,-13.6617782626855,66.1676920106464));
#6609=CARTESIAN_POINT('Ctrl Pts',(0.575349012715137,-13.5832964556068,66.1949502289627));
#6610=CARTESIAN_POINT('Ctrl Pts',(0.614602132002314,-13.5059353717405,66.2255584246429));
#6611=CARTESIAN_POINT('Ctrl Pts',(0.653592435074238,-13.429925601987,66.2595546221449));
#6612=CARTESIAN_POINT('Ctrl Pts',(0.68789890959284,-13.3630467366342,66.2894669231901));
#6613=CARTESIAN_POINT('Ctrl Pts',(0.722001457020246,-13.2972146213036,66.3220026731894));
#6614=CARTESIAN_POINT('Ctrl Pts',(0.755792297680904,-13.2326127716909,66.3571948717527));
#6615=CARTESIAN_POINT('Ctrl Pts',(0.766050508698948,-13.2130009658724,66.3678785064891));
#6616=CARTESIAN_POINT('Ctrl Pts',(0.776279870509899,-13.1935027165921,66.3788069910073));
#6617=CARTESIAN_POINT('Ctrl Pts',(0.786476969345856,-13.1741224473955,66.3899795453557));
#6618=CARTESIAN_POINT('Ctrl Pts',(0.826638984173792,-13.0977918487257,66.4339834626097));
#6619=CARTESIAN_POINT('Ctrl Pts',(0.866176877539596,-13.0235414572974,66.4816250253293));
#6620=CARTESIAN_POINT('Ctrl Pts',(0.904925308303028,-12.9515597974396,66.5328341646747));
#6621=CARTESIAN_POINT('Ctrl Pts',(0.943498380378291,-12.8799038955337,66.5838115535383));
#6622=CARTESIAN_POINT('Ctrl Pts',(0.981289017214308,-12.810496169191,66.6383249539183));
#6623=CARTESIAN_POINT('Ctrl Pts',(1.01811466613483,-12.7435692173449,66.6963203966624));
#6624=CARTESIAN_POINT('Ctrl Pts',(1.0551914370352,-12.6761858762933,66.7547113227403));
#6625=CARTESIAN_POINT('Ctrl Pts',(1.09128997947007,-12.6113170254978,66.8166324505165));
#6626=CARTESIAN_POINT('Ctrl Pts',(1.12620517630996,-12.549249807367,66.8820354442713));
#6627=CARTESIAN_POINT('Ctrl Pts',(1.16112037314984,-12.4871825892362,66.9474384380261));
#6628=CARTESIAN_POINT('Ctrl Pts',(1.1948521772231,-12.4279167429205,67.0163237241802));
#6629=CARTESIAN_POINT('Ctrl Pts',(1.22717735807545,-12.3717926177259,67.0886426828993));
#6630=CARTESIAN_POINT('Ctrl Pts',(1.23009609636359,-12.3719302848092,67.0884699249781));
#6631=CARTESIAN_POINT('Ctrl Pts',(1.25547940617069,-12.3731287860735,67.0869657333935));
#6632=CARTESIAN_POINT('Ctrl Pts',(1.28084700491082,-12.3743593017535,67.0854162260107));
#6633=CARTESIAN_POINT('Ctrl Pts',(1.30619841901379,-12.3756211250592,67.0838216155696));
#6634=CARTESIAN_POINT('Ctrl Pts',(0.0455582652287703,-14.6839025745481,
65.9998623352381));
#6635=CARTESIAN_POINT('Ctrl Pts',(-0.376955606953247,-13.9244314212515,
66.0024157874078));
#6636=CARTESIAN_POINT('Ctrl Pts',(-0.794598128156725,-13.1589480856938,
65.9670218024502));
#6637=CARTESIAN_POINT('Ctrl Pts',(-1.16006814123157,-12.3462437542612,65.9105867900383));
#6638=CARTESIAN_POINT('Ctrl Pts',(0.549766503680833,-14.2917589387658,65.9968151651799));
#6639=CARTESIAN_POINT('Ctrl Pts',(0.0909639533244892,-13.5723472840443,
66.0287125800229));
#6640=CARTESIAN_POINT('Ctrl Pts',(-0.369130710612176,-12.8496393031217,
66.0135287342908));
#6641=CARTESIAN_POINT('Ctrl Pts',(-0.776692760336727,-12.1012205447574,
65.9697867068719));
#6642=CARTESIAN_POINT('Ctrl Pts',(1.43187829680251,-13.6074426349276,66.3613882713573));
#6643=CARTESIAN_POINT('Ctrl Pts',(0.889712051459429,-12.9567132802398,66.3783219172477));
#6644=CARTESIAN_POINT('Ctrl Pts',(0.345861745934956,-12.3091364215602,66.3386718369162));
#6645=CARTESIAN_POINT('Ctrl Pts',(-0.134932391175109,-11.672752315088,66.2587934831815));
#6646=CARTESIAN_POINT('Ctrl Pts',(2.01691009895209,-13.156605562402,67.2443032507516));
#6647=CARTESIAN_POINT('Ctrl Pts',(1.43080331333084,-12.5142938042707,67.1621377346519));
#6648=CARTESIAN_POINT('Ctrl Pts',(0.849742108428755,-11.8879540277186,67.0123289799507));
#6649=CARTESIAN_POINT('Ctrl Pts',(0.341486878238259,-11.3213509384306,66.8190337860916));
#6650=CARTESIAN_POINT('Ctrl Pts',(2.18500870374035,-13.027892938108,67.6740503774962));
#6651=CARTESIAN_POINT('Ctrl Pts',(1.59435809653241,-12.3739148698996,67.5458480419669));
#6652=CARTESIAN_POINT('Ctrl Pts',(1.01074493000172,-11.7425872367029,67.3436069851229));
#6653=CARTESIAN_POINT('Ctrl Pts',(0.50342555618454,-11.1937068925066,67.0945316273067));
#6654=CARTESIAN_POINT('',(-0.606160289297614,-11.9846806258523,66.0744352827582));
#6655=CARTESIAN_POINT('Ctrl Pts',(-0.939481171278741,-12.8168228771212,
65.9413924998645));
#6656=CARTESIAN_POINT('Ctrl Pts',(-0.938373006339363,-12.8139463207169,
65.94153091699));
#6657=CARTESIAN_POINT('Ctrl Pts',(-0.937264568793563,-12.8110700194474,
65.9416724746529));
#6658=CARTESIAN_POINT('Ctrl Pts',(-0.828568579292983,-12.5291082367924,
65.9558585769827));
#6659=CARTESIAN_POINT('Ctrl Pts',(-0.718078116756427,-12.2521512402086,
65.9994842733619));
#6660=CARTESIAN_POINT('Ctrl Pts',(-0.606160289297614,-11.9846806258523,
66.0744352827582));
#6661=CARTESIAN_POINT('',(1.19381078667708,-11.9404696643647,67.3882535576766));
#6662=CARTESIAN_POINT('Ctrl Pts',(-0.606160289297617,-11.9846806258523,
66.0744352827582));
#6663=CARTESIAN_POINT('Ctrl Pts',(-0.279853283001235,-12.0011845574556,
66.1901680608538));
#6664=CARTESIAN_POINT('Ctrl Pts',(0.0338890489210384,-12.0033840627447,
66.3438839574751));
#6665=CARTESIAN_POINT('Ctrl Pts',(0.661640963843462,-11.986596101483,66.7678377488871));
#6666=CARTESIAN_POINT('Ctrl Pts',(0.960297488931821,-11.9638163752996,67.0517317429976));
#6667=CARTESIAN_POINT('Ctrl Pts',(1.19381078667708,-11.9404696643647,67.3882535576766));
#6668=CARTESIAN_POINT('',(1.3063290473,-12.0628462469858,67.4282252779032));
#6669=CARTESIAN_POINT('Ctrl Pts',(1.19332532566008,-11.9412681046208,67.3872034562333));
#6670=CARTESIAN_POINT('Ctrl Pts',(1.23063133035312,-11.9818104776167,67.400783075294));
#6671=CARTESIAN_POINT('Ctrl Pts',(1.26814396954059,-12.0226048034472,67.4141030770636));
#6672=CARTESIAN_POINT('Ctrl Pts',(1.30584277349143,-12.0636334082747,67.4271554208766));
#6673=CARTESIAN_POINT('Ctrl Pts',(1.30632904729999,-12.0628462469858,67.4282252779032));
#6674=CARTESIAN_POINT('Ctrl Pts',(1.30632904729999,-12.1753889564364,67.3216438750654));
#6675=CARTESIAN_POINT('Ctrl Pts',(1.28334662583248,-12.2766859247172,67.2091066911067));
#6676=CARTESIAN_POINT('Ctrl Pts',(1.23160363651115,-12.3677997866264,67.0921531093117));
#6677=CARTESIAN_POINT('Ctrl Pts',(1.23090935177261,-12.3690112395793,67.0905949127211));
#6678=CARTESIAN_POINT('Ctrl Pts',(1.23021049608286,-12.3702196655361,67.0890374485327));
#6679=CARTESIAN_POINT('Origin',(24.8843,10.,65.25));
#6680=CARTESIAN_POINT('',(24.8843,7.,65.25));
#6681=CARTESIAN_POINT('Origin',(24.8843,10.,65.25));
#6682=CARTESIAN_POINT('',(9.74679434480897,7.,65.25));
#6683=CARTESIAN_POINT('',(24.8843,7.,65.25));
#6684=CARTESIAN_POINT('',(1.30632904729831,11.9286841026238,67.5478637105551));
#6685=CARTESIAN_POINT('Ctrl Pts',(1.30632904729827,11.9286841026236,67.5478637105553));
#6686=CARTESIAN_POINT('Ctrl Pts',(1.62536077766346,11.8937464336569,67.5771882202768));
#6687=CARTESIAN_POINT('Ctrl Pts',(1.94374834064409,11.8459031320612,67.6160789524994));
#6688=CARTESIAN_POINT('Ctrl Pts',(3.00767250448923,11.6418960356603,67.7671442114097));
#6689=CARTESIAN_POINT('Ctrl Pts',(3.7429091303961,11.4265229014625,67.9065961759179));
#6690=CARTESIAN_POINT('Ctrl Pts',(5.15131692473289,10.8645682087977,68.1387533666937));
#6691=CARTESIAN_POINT('Ctrl Pts',(5.82417101735273,10.5181865246938,68.2318828008121));
#6692=CARTESIAN_POINT('Ctrl Pts',(7.07847978453784,9.71845356906864,68.2634488385574));
#6693=CARTESIAN_POINT('Ctrl Pts',(7.65981497671904,9.2651550962099,68.2077027134722));
#6694=CARTESIAN_POINT('Ctrl Pts',(8.4294714874656,8.5472648396749,67.8866524306728));
#6695=CARTESIAN_POINT('Ctrl Pts',(8.67675901899178,8.29548056199783,67.7379789372951));
#6696=CARTESIAN_POINT('Ctrl Pts',(9.10397329343768,7.8242451935397,67.3384248678525));
#6697=CARTESIAN_POINT('Ctrl Pts',(9.28418029279144,7.60591224511058,67.0865266883404));
#6698=CARTESIAN_POINT('Ctrl Pts',(9.51861835814086,7.30908992978849,66.599152035235));
#6699=CARTESIAN_POINT('Ctrl Pts',(9.60565860708997,7.19309074229029,66.3456124879997));
#6700=CARTESIAN_POINT('Ctrl Pts',(9.71960486647498,7.03836005084081,65.8047935371753));
#6701=CARTESIAN_POINT('Ctrl Pts',(9.74679434480897,7.,65.5174676855693));
#6702=CARTESIAN_POINT('Ctrl Pts',(9.74679434480897,7.,65.25));
#6703=CARTESIAN_POINT('Origin',(1.30632904729998,10.,65.25));
#6704=CARTESIAN_POINT('Ctrl Pts',(9.74679434480897,7.,65.25));
#6705=CARTESIAN_POINT('Ctrl Pts',(9.74679434480897,7.,65.0475527145404));
#6706=CARTESIAN_POINT('Ctrl Pts',(9.73157449218017,7.02136041015143,64.8335428416977));
#6707=CARTESIAN_POINT('Ctrl Pts',(9.69908675250373,7.06595472440963,64.6243976336475));
#6708=CARTESIAN_POINT('Origin',(24.8843,-10.,65.25));
#6709=CARTESIAN_POINT('',(24.8843,-13.,65.25));
#6710=CARTESIAN_POINT('Origin',(24.8843,-10.,65.25));
#6711=CARTESIAN_POINT('',(24.8843,-13.,65.25));
#6712=CARTESIAN_POINT('',(1.30632904729832,-11.9286841026238,67.5478637105551));
#6713=CARTESIAN_POINT('Origin',(1.30632904729999,-10.,65.25));
#6714=CARTESIAN_POINT('Ctrl Pts',(9.69908675250373,-7.06595472440963,64.6243976336475));
#6715=CARTESIAN_POINT('Ctrl Pts',(9.73157449218017,-7.02136041015143,64.8335428416977));
#6716=CARTESIAN_POINT('Ctrl Pts',(9.74679434480897,-7.,65.0475527145404));
#6717=CARTESIAN_POINT('Ctrl Pts',(9.74679434480897,-7.,65.5174676855693));
#6718=CARTESIAN_POINT('Ctrl Pts',(9.71960486647498,-7.03836005084081,65.8047935371753));
#6719=CARTESIAN_POINT('Ctrl Pts',(9.60565860708997,-7.19309074229029,66.3456124879997));
#6720=CARTESIAN_POINT('Ctrl Pts',(9.51861835814086,-7.30908992978849,66.599152035235));
#6721=CARTESIAN_POINT('Ctrl Pts',(9.28418029279144,-7.60591224511058,67.0865266883404));
#6722=CARTESIAN_POINT('Ctrl Pts',(9.10397329343768,-7.8242451935397,67.3384248678525));
#6723=CARTESIAN_POINT('Ctrl Pts',(8.67675901899178,-8.29548056199783,67.7379789372951));
#6724=CARTESIAN_POINT('Ctrl Pts',(8.4294714874656,-8.5472648396749,67.8866524306728));
#6725=CARTESIAN_POINT('Ctrl Pts',(7.65981497671904,-9.2651550962099,68.2077027134722));
#6726=CARTESIAN_POINT('Ctrl Pts',(7.07847978453784,-9.71845356906864,68.2634488385574));
#6727=CARTESIAN_POINT('Ctrl Pts',(5.82417101735273,-10.5181865246938,68.2318828008121));
#6728=CARTESIAN_POINT('Ctrl Pts',(5.15131692473289,-10.8645682087977,68.1387533666937));
#6729=CARTESIAN_POINT('Ctrl Pts',(3.7429091303961,-11.4265229014625,67.9065961759179));
#6730=CARTESIAN_POINT('Ctrl Pts',(3.00767250448923,-11.6418960356603,67.7671442114097));
#6731=CARTESIAN_POINT('Ctrl Pts',(1.9437483406441,-11.8459031320612,67.6160789524994));
#6732=CARTESIAN_POINT('Ctrl Pts',(1.62536077766347,-11.8937464336569,67.5771882202768));
#6733=CARTESIAN_POINT('Ctrl Pts',(1.30632904729828,-11.9286841026236,67.5478637105553));
#6734=CARTESIAN_POINT('Origin',(0.868829047299989,-10.,65.25));
#6735=CARTESIAN_POINT('Ctrl Pts',(1.19381078667708,-11.9404696643647,67.3882535576766));
#6736=CARTESIAN_POINT('Ctrl Pts',(1.23097230933625,-11.9367542471452,67.4418079512047));
#6737=CARTESIAN_POINT('Ctrl Pts',(1.26851827818764,-11.9328248197023,67.4950240047092));
#6738=CARTESIAN_POINT('Ctrl Pts',(1.30632904729825,-11.9286841026236,67.547863710553));
#6739=CARTESIAN_POINT('Origin',(0.,0.,9.99999999999999));
#6740=CARTESIAN_POINT('',(-12.,-1.46957615897682E-15,70.));
#6741=CARTESIAN_POINT('Origin',(0.,0.,70.));
#6742=CARTESIAN_POINT('',(-12.0001029744045,-1.68240063882151E-6,53.8549483151346));
#6743=CARTESIAN_POINT('',(-12.,-1.46957615897682E-15,9.99999999999999));
#6744=CARTESIAN_POINT('',(-8.657707601539,8.3092778919864,62.5702610680029));
#6745=CARTESIAN_POINT('Ctrl Pts',(-8.657707601539,8.3092778919864,62.5702610680029));
#6746=CARTESIAN_POINT('Ctrl Pts',(-9.21708630966607,7.72644297462718,61.5986682128267));
#6747=CARTESIAN_POINT('Ctrl Pts',(-10.1868799644428,6.48455822089864,59.5839534550482));
#6748=CARTESIAN_POINT('Ctrl Pts',(-11.2603573663901,4.37530905349065,56.6203950472102));
#6749=CARTESIAN_POINT('Ctrl Pts',(-11.8098739267902,2.43681957335961,54.6137149772898));
#6750=CARTESIAN_POINT('Ctrl Pts',(-11.9803173496133,0.841231365956563,53.9350217382184));
#6751=CARTESIAN_POINT('Ctrl Pts',(-12.0002497218257,0.279826925287312,53.8541531081765));
#6752=CARTESIAN_POINT('Ctrl Pts',(-12.0001029795206,8.05005479351251E-6,
53.8549482874274));
#6753=CARTESIAN_POINT('Ctrl Pts',(-12.0001029744045,-1.68240063882151E-6,
53.8549483151346));
#6754=CARTESIAN_POINT('',(-8.59394592982858,8.37520706342135,65.2240594286079));
#6755=CARTESIAN_POINT('Ctrl Pts',(-8.59394592982858,8.37520706342135,65.2240594286079));
#6756=CARTESIAN_POINT('Ctrl Pts',(-8.58523729428525,8.38414314612536,64.6643460807901));
#6757=CARTESIAN_POINT('Ctrl Pts',(-8.62569401405406,8.34260443494327,64.2107318297208));
#6758=CARTESIAN_POINT('Ctrl Pts',(-8.65521010947023,8.31187957689197,62.7058184443834));
#6759=CARTESIAN_POINT('Ctrl Pts',(-8.65648104940387,8.31055587665391,62.6370254424426));
#6760=CARTESIAN_POINT('Ctrl Pts',(-8.65770760153901,8.30927789198639,62.5702610680029));
#6761=CARTESIAN_POINT('',(-8.59414771806955,8.375,65.25));
#6762=CARTESIAN_POINT('Ctrl Pts',(-8.59394592982857,8.37520706342135,65.2240594286079));
#6763=CARTESIAN_POINT('Ctrl Pts',(-8.59408065517971,8.37506881939058,65.2327183714407));
#6764=CARTESIAN_POINT('Ctrl Pts',(-8.59414771806955,8.375,65.241366071114));
#6765=CARTESIAN_POINT('Ctrl Pts',(-8.59414771806955,8.375,65.25));
#6766=CARTESIAN_POINT('',(-4.14688926109364,11.2606984244441,66.275311079367));
#6767=CARTESIAN_POINT('Ctrl Pts',(-8.59414771806955,8.375,65.25));
#6768=CARTESIAN_POINT('Ctrl Pts',(-8.59414771806955,8.375,65.3629113405962));
#6769=CARTESIAN_POINT('Ctrl Pts',(-8.58253797412659,8.3869638788314,65.4768539627631));
#6770=CARTESIAN_POINT('Ctrl Pts',(-8.53650346946486,8.43380963831141,65.6976969967534));
#6771=CARTESIAN_POINT('Ctrl Pts',(-8.50206004326261,8.46869738119809,65.8045922738005));
#6772=CARTESIAN_POINT('Ctrl Pts',(-8.36982845816121,8.60008231055964,66.1033429364455));
#6773=CARTESIAN_POINT('Ctrl Pts',(-8.24116455046909,8.72457632527542,66.2726733641317));
#6774=CARTESIAN_POINT('Ctrl Pts',(-7.91337802732742,9.02466786276102,66.5727649016173));
#6775=CARTESIAN_POINT('Ctrl Pts',(-7.67791898845061,9.22795541433262,66.695914277032));
#6776=CARTESIAN_POINT('Ctrl Pts',(-7.16724016958888,9.62996731253417,66.8468081063271));
#6777=CARTESIAN_POINT('Ctrl Pts',(-6.89193109067592,9.82841009824863,66.875));
#6778=CARTESIAN_POINT('Ctrl Pts',(-6.30040593252445,10.2207834989774,66.875));
#6779=CARTESIAN_POINT('Ctrl Pts',(-5.92713368548719,10.4427626952593,66.8281944073537));
#6780=CARTESIAN_POINT('Ctrl Pts',(-5.1701659924857,10.8375084462761,66.6590126166326));
#6781=CARTESIAN_POINT('Ctrl Pts',(-4.78636971479269,11.0104949070131,66.5376021318432));
#6782=CARTESIAN_POINT('Ctrl Pts',(-4.34440851301062,11.1864352005042,66.361661838352));
#6783=CARTESIAN_POINT('Ctrl Pts',(-4.24636617134044,11.2240639552323,66.3203566141917));
#6784=CARTESIAN_POINT('Ctrl Pts',(-4.14689078435222,11.2606969954197,66.2753136523716));
#6785=CARTESIAN_POINT('Ctrl Pts',(-0.606160289297622,11.9846806258523,66.0744352827582));
#6786=CARTESIAN_POINT('Ctrl Pts',(-0.763368803295801,11.9767293452717,66.0694100124019));
#6787=CARTESIAN_POINT('Ctrl Pts',(-0.91997072104764,11.9657141375827,66.0627286463539));
#6788=CARTESIAN_POINT('Ctrl Pts',(-1.45174616304635,11.917821901801,66.0374238784661));
#6789=CARTESIAN_POINT('Ctrl Pts',(-1.82068335351074,11.8668741592818,66.0151302346287));
#6790=CARTESIAN_POINT('Ctrl Pts',(-2.58322249355836,11.7256404434943,65.9963701848947));
#6791=CARTESIAN_POINT('Ctrl Pts',(-2.98334347115568,11.6299987342817,66.0019385808021));
#6792=CARTESIAN_POINT('Ctrl Pts',(-3.63465173119308,11.4397920017031,66.0976481069601));
#6793=CARTESIAN_POINT('Ctrl Pts',(-3.9013381938474,11.3511247704546,66.1641261888815));
#6794=CARTESIAN_POINT('Ctrl Pts',(-4.14689078435222,11.2606969954197,66.2753136523716));
#6795=CARTESIAN_POINT('Ctrl Pts',(1.30632904729824,11.9286841026236,67.547863710553));
#6796=CARTESIAN_POINT('Ctrl Pts',(1.26851901267236,11.9328247392677,67.4950250311352));
#6797=CARTESIAN_POINT('Ctrl Pts',(1.23097299129527,11.9367541789628,67.4418089339928));
#6798=CARTESIAN_POINT('Ctrl Pts',(1.19381078667709,11.9404696643647,67.3882535576766));
#6799=CARTESIAN_POINT('',(-4.14689078435222,-11.2606969954197,66.2753136523716));
#6800=CARTESIAN_POINT('Ctrl Pts',(-4.14689078435222,-11.2606969954197,66.2753136523716));
#6801=CARTESIAN_POINT('Ctrl Pts',(-3.99207243537106,-11.3177107650736,66.2052111155197));
#6802=CARTESIAN_POINT('Ctrl Pts',(-3.82903161988621,-11.3740564586021,66.1529993846885));
#6803=CARTESIAN_POINT('Ctrl Pts',(-3.24552469017965,-11.5610613797834,66.016559965233));
#6804=CARTESIAN_POINT('Ctrl Pts',(-2.76096003890893,-11.6929918527774,65.9917858630085));
#6805=CARTESIAN_POINT('Ctrl Pts',(-1.84603848397463,-11.8620201606882,66.014629667107));
#6806=CARTESIAN_POINT('Ctrl Pts',(-1.50843812612279,-11.9097784128363,66.0341141812059));
#6807=CARTESIAN_POINT('Ctrl Pts',(-0.980301762088221,-11.9613509230514,
66.0600754716399));
#6808=CARTESIAN_POINT('Ctrl Pts',(-0.793757970339666,-11.9751923242311,
66.068438603307));
#6809=CARTESIAN_POINT('Ctrl Pts',(-0.606160289297634,-11.9846806258523,
66.0744352827582));
#6810=CARTESIAN_POINT('',(-8.59414771806955,-8.375,65.25));
#6811=CARTESIAN_POINT('Ctrl Pts',(-4.14689078435222,-11.2606969954197,66.2753136523716));
#6812=CARTESIAN_POINT('Ctrl Pts',(-4.24636617134044,-11.2240639552323,66.3203566141917));
#6813=CARTESIAN_POINT('Ctrl Pts',(-4.34440851301062,-11.1864352005042,66.3616618383521));
#6814=CARTESIAN_POINT('Ctrl Pts',(-4.7863697147927,-11.0104949070131,66.5376021318432));
#6815=CARTESIAN_POINT('Ctrl Pts',(-5.17016599248571,-10.8375084462761,66.6590126166326));
#6816=CARTESIAN_POINT('Ctrl Pts',(-5.92713368548719,-10.4427626952593,66.8281944073537));
#6817=CARTESIAN_POINT('Ctrl Pts',(-6.30040593252445,-10.2207834989774,66.875));
#6818=CARTESIAN_POINT('Ctrl Pts',(-6.89193109067592,-9.82841009824863,66.875));
#6819=CARTESIAN_POINT('Ctrl Pts',(-7.16724016958888,-9.62996731253417,66.8468081063271));
#6820=CARTESIAN_POINT('Ctrl Pts',(-7.6779189884506,-9.22795541433262,66.695914277032));
#6821=CARTESIAN_POINT('Ctrl Pts',(-7.91337802732742,-9.02466786276103,66.5727649016173));
#6822=CARTESIAN_POINT('Ctrl Pts',(-8.24116455046909,-8.72457632527542,66.2726733641317));
#6823=CARTESIAN_POINT('Ctrl Pts',(-8.36982845816122,-8.60008231055963,66.1033429364455));
#6824=CARTESIAN_POINT('Ctrl Pts',(-8.50206004326261,-8.46869738119808,65.8045922738004));
#6825=CARTESIAN_POINT('Ctrl Pts',(-8.53650346946487,-8.43380963831141,65.6976969967534));
#6826=CARTESIAN_POINT('Ctrl Pts',(-8.58253797412659,-8.3869638788314,65.4768539627631));
#6827=CARTESIAN_POINT('Ctrl Pts',(-8.59414771806956,-8.375,65.3629113405961));
#6828=CARTESIAN_POINT('Ctrl Pts',(-8.59414771806955,-8.375,65.25));
#6829=CARTESIAN_POINT('',(-8.59394592982857,-8.37520706342136,65.2240594286079));
#6830=CARTESIAN_POINT('Ctrl Pts',(-8.59414771806955,-8.375,65.25));
#6831=CARTESIAN_POINT('Ctrl Pts',(-8.59414771806955,-8.375,65.241366071114));
#6832=CARTESIAN_POINT('Ctrl Pts',(-8.59408065517971,-8.37506881939058,65.2327183714407));
#6833=CARTESIAN_POINT('Ctrl Pts',(-8.59394592982857,-8.37520706342136,65.2240594286079));
#6834=CARTESIAN_POINT('',(-8.65770760153901,-8.30927789198638,62.5702610680029));
#6835=CARTESIAN_POINT('Ctrl Pts',(-8.65770760153901,-8.30927789198638,62.5702610680029));
#6836=CARTESIAN_POINT('Ctrl Pts',(-8.65567294169825,-8.31139787042481,62.6810128147687));
#6837=CARTESIAN_POINT('Ctrl Pts',(-8.65352059371112,-8.31363916772192,62.7971462782488));
#6838=CARTESIAN_POINT('Ctrl Pts',(-8.64468513777986,-8.32282992341867,63.2099022690675));
#6839=CARTESIAN_POINT('Ctrl Pts',(-8.63793977434754,-8.32983817389102,63.4440647279721));
#6840=CARTESIAN_POINT('Ctrl Pts',(-8.61843336049343,-8.35001754458249,64.0140642526837));
#6841=CARTESIAN_POINT('Ctrl Pts',(-8.60912404084999,-8.35961038238216,64.2526293299693));
#6842=CARTESIAN_POINT('Ctrl Pts',(-8.5952534245785,-8.37387090903387,64.7294251513231));
#6843=CARTESIAN_POINT('Ctrl Pts',(-8.59020900044178,-8.37904159179188,64.9838829684456));
#6844=CARTESIAN_POINT('Ctrl Pts',(-8.59394592982857,-8.37520706342136,65.2240594286079));
#6845=CARTESIAN_POINT('Ctrl Pts',(-12.0001029744045,-1.68240063882151E-6,
53.8549483151346));
#6846=CARTESIAN_POINT('Ctrl Pts',(-11.9998088016529,-0.559610173700065,
53.8565414585736));
#6847=CARTESIAN_POINT('Ctrl Pts',(-11.9386952023495,-1.39369790659981,54.106286405355));
#6848=CARTESIAN_POINT('Ctrl Pts',(-11.7695860780716,-2.37615765109524,54.7512675210219));
#6849=CARTESIAN_POINT('Ctrl Pts',(-11.5563552257665,-3.28972351234025,55.5231998576596));
#6850=CARTESIAN_POINT('Ctrl Pts',(-11.0848145182417,-4.72474332488766,57.0982236599002));
#6851=CARTESIAN_POINT('Ctrl Pts',(-10.1850545154501,-6.48611381699691,59.5928564449721));
#6852=CARTESIAN_POINT('Ctrl Pts',(-9.21686917986951,-7.72666920924281,61.5990453486667));
#6853=CARTESIAN_POINT('Ctrl Pts',(-8.65770760153902,-8.30927789198638,62.5702610680029));
#6854=CARTESIAN_POINT('Ctrl Pts',(-0.527585475963491,-12.7424351661393,
65.9815316874916));
#6855=CARTESIAN_POINT('Ctrl Pts',(-1.39392777253552,-12.8574507882709,65.9208569056563));
#6856=CARTESIAN_POINT('Ctrl Pts',(-3.05012447672145,-13.6137040291726,65.5093181783402));
#6857=CARTESIAN_POINT('Ctrl Pts',(-5.40357363575593,-14.6433535041432,64.136694094189));
#6858=CARTESIAN_POINT('Ctrl Pts',(-7.24842150566066,-14.7089138801497,62.3275491659311));
#6859=CARTESIAN_POINT('Ctrl Pts',(-8.45374935303592,-13.8247603458201,60.7523026388304));
#6860=CARTESIAN_POINT('Ctrl Pts',(-9.13512322294084,-12.6223906239539,59.7168443872033));
#6861=CARTESIAN_POINT('Ctrl Pts',(-9.47606348631995,-11.0791960248067,59.1387662371162));
#6862=CARTESIAN_POINT('Ctrl Pts',(-9.50713241591335,-9.84747609085134,59.0859412151506));
#6863=CARTESIAN_POINT('Ctrl Pts',(-9.37097442325292,-8.03245320768069,59.3166733782892));
#6864=CARTESIAN_POINT('Ctrl Pts',(-8.56853360264692,-5.88719571735885,60.6815189778779));
#6865=CARTESIAN_POINT('Ctrl Pts',(-7.22162058285059,-5.38915158520351,62.3251569352615));
#6866=CARTESIAN_POINT('Ctrl Pts',(-6.50104210821822,-5.37558933435309,63.0268079370469));
#6867=CARTESIAN_POINT('Ctrl Pts',(-0.544761555247902,-12.5609531618565,
65.9803287508839));
#6868=CARTESIAN_POINT('Ctrl Pts',(-1.43883633694444,-12.6667090595161,65.9157282339065));
#6869=CARTESIAN_POINT('Ctrl Pts',(-3.13888354885885,-13.3614773786026,65.476969744712));
#6870=CARTESIAN_POINT('Ctrl Pts',(-5.46877094878505,-14.2549498301913,64.0768503792855));
#6871=CARTESIAN_POINT('Ctrl Pts',(-7.20532171277152,-14.2067741652634,62.3605081893931));
#6872=CARTESIAN_POINT('Ctrl Pts',(-8.28996528732537,-13.3358122597841,60.9750288457002));
#6873=CARTESIAN_POINT('Ctrl Pts',(-8.88482622576219,-12.2454050708586,60.1118627229927));
#6874=CARTESIAN_POINT('Ctrl Pts',(-9.1755898700945,-10.9161533329141,59.651191092682));
#6875=CARTESIAN_POINT('Ctrl Pts',(-9.20214910259265,-9.87136872825239,59.6095646603978));
#6876=CARTESIAN_POINT('Ctrl Pts',(-9.08574256634696,-8.32927771330687,59.7920786862947));
#6877=CARTESIAN_POINT('Ctrl Pts',(-8.40318851763221,-6.43234697829359,60.8861877750174));
#6878=CARTESIAN_POINT('Ctrl Pts',(-7.17604584474401,-5.87804003898904,62.3698604553742));
#6879=CARTESIAN_POINT('Ctrl Pts',(-6.49743488253677,-5.82762804869959,63.0303204115409));
#6880=CARTESIAN_POINT('Ctrl Pts',(-0.581442557647909,-12.1980214214499,
66.0112189953009));
#6881=CARTESIAN_POINT('Ctrl Pts',(-1.53510091030438,-12.2852667401936,65.9428553106184));
#6882=CARTESIAN_POINT('Ctrl Pts',(-3.33639642952015,-12.8571988917677,65.4776399006577));
#6883=CARTESIAN_POINT('Ctrl Pts',(-5.68794580850317,-13.479240222569,64.0839851464132));
#6884=CARTESIAN_POINT('Ctrl Pts',(-7.30044669926871,-13.2058417508589,62.5916119176683));
#6885=CARTESIAN_POINT('Ctrl Pts',(-8.2172455274965,-12.3625970853055,61.5991524556186));
#6886=CARTESIAN_POINT('Ctrl Pts',(-8.68389690617073,-11.4956269545385,61.0832895515906));
#6887=CARTESIAN_POINT('Ctrl Pts',(-8.89745039484542,-10.592053284479,60.8564290697879));
#6888=CARTESIAN_POINT('Ctrl Pts',(-8.91704858064083,-9.91898666057814,60.8370854884856));
#6889=CARTESIAN_POINT('Ctrl Pts',(-8.83112586191409,-8.91966296324813,60.9236938006894));
#6890=CARTESIAN_POINT('Ctrl Pts',(-8.33267202880979,-7.51717793479536,61.4782476122084));
#6891=CARTESIAN_POINT('Ctrl Pts',(-7.26582610307463,-6.8526555101075,62.6234340014284));
#6892=CARTESIAN_POINT('Ctrl Pts',(-6.63574232275504,-6.72927150122206,63.1867539362279));
#6893=CARTESIAN_POINT('Ctrl Pts',(-0.651652854605875,-11.5838417189342,
66.1796634783667));
#6894=CARTESIAN_POINT('Ctrl Pts',(-1.72024364236067,-11.6424811935426,66.1189159757599));
#6895=CARTESIAN_POINT('Ctrl Pts',(-3.73407604923849,-12.0249962311085,65.7049973535956));
#6896=CARTESIAN_POINT('Ctrl Pts',(-6.32108820712069,-12.3025021289778,64.5423167960074));
#6897=CARTESIAN_POINT('Ctrl Pts',(-8.04990781653634,-11.8534982099573,63.4973486265463));
#6898=CARTESIAN_POINT('Ctrl Pts',(-9.00519008395268,-11.1554709459221,63.0166827293628));
#6899=CARTESIAN_POINT('Ctrl Pts',(-9.47917706702068,-10.6149406611595,62.8882116738075));
#6900=CARTESIAN_POINT('Ctrl Pts',(-9.69046403469179,-10.2196533678218,62.8998117719351));
#6901=CARTESIAN_POINT('Ctrl Pts',(-9.7098548170978,-9.97212406325312,62.9026740613383));
#6902=CARTESIAN_POINT('Ctrl Pts',(-9.62486787316506,-9.59664003625845,62.8927572982526));
#6903=CARTESIAN_POINT('Ctrl Pts',(-9.13206970017137,-8.84243590538141,62.8902244289966));
#6904=CARTESIAN_POINT('Ctrl Pts',(-8.01137199465159,-8.17165450127213,63.5411699640025));
#6905=CARTESIAN_POINT('Ctrl Pts',(-7.33528917138562,-7.99666166423627,63.9254059675243));
#6906=CARTESIAN_POINT('Ctrl Pts',(-0.705104565425509,-11.1822255407227,
66.3974804681564));
#6907=CARTESIAN_POINT('Ctrl Pts',(-1.86164560820387,-11.2270501389962,66.3540293801389));
#6908=CARTESIAN_POINT('Ctrl Pts',(-4.04727076778311,-11.5206411540959,66.0573874860428));
#6909=CARTESIAN_POINT('Ctrl Pts',(-6.91920709553665,-11.7789035289128,65.2186333582526));
#6910=CARTESIAN_POINT('Ctrl Pts',(-8.9557422072635,-11.545680250163,64.4104147871713));
#6911=CARTESIAN_POINT('Ctrl Pts',(-10.187047974226,-11.0799293624358,63.9351846224033));
#6912=CARTESIAN_POINT('Ctrl Pts',(-10.8488112981815,-10.6541943546504,63.7151345001919));
#6913=CARTESIAN_POINT('Ctrl Pts',(-11.1671956457034,-10.253722897983,63.6314870371195));
#6914=CARTESIAN_POINT('Ctrl Pts',(-11.1963120444209,-9.96645463976754,63.6245117268223));
#6915=CARTESIAN_POINT('Ctrl Pts',(-11.0686279531447,-9.53791275421962,63.6563028788152));
#6916=CARTESIAN_POINT('Ctrl Pts',(-10.3226927336488,-8.88286352249737,63.8619361674709));
#6917=CARTESIAN_POINT('Ctrl Pts',(-8.91880281696312,-8.47819374066209,64.4356157579825));
#6918=CARTESIAN_POINT('Ctrl Pts',(-8.12084886969143,-8.38296205292095,64.7383240925684));
#6919=CARTESIAN_POINT('Ctrl Pts',(-0.737178807276944,-10.9635583016165,
66.5585031140146));
#6920=CARTESIAN_POINT('Ctrl Pts',(-1.9464991666772,-11.003969195879,66.5287452538878));
#6921=CARTESIAN_POINT('Ctrl Pts',(-4.2348295706143,-11.2696797940336,66.3261724555034));
#6922=CARTESIAN_POINT('Ctrl Pts',(-7.27761128740215,-11.6314485284827,65.6948493364883));
#6923=CARTESIAN_POINT('Ctrl Pts',(-9.50061969033042,-11.6544832551877,64.9243284563349));
#6924=CARTESIAN_POINT('Ctrl Pts',(-10.9015410150956,-11.3438347160989,64.2805665435324));
#6925=CARTESIAN_POINT('Ctrl Pts',(-11.6797684307909,-10.9213804894974,63.8648544008511));
#6926=CARTESIAN_POINT('Ctrl Pts',(-12.0647516381701,-10.3791769816888,63.6354630865701));
#6927=CARTESIAN_POINT('Ctrl Pts',(-12.0999154643872,-9.94641051840722,63.6144910586287));
#6928=CARTESIAN_POINT('Ctrl Pts',(-11.9458592607168,-9.30869977567176,63.7061015056238));
#6929=CARTESIAN_POINT('Ctrl Pts',(-11.0419338492397,-8.55496065745035,64.2473879910191));
#6930=CARTESIAN_POINT('Ctrl Pts',(-9.46633535439637,-8.37997217858502,64.9255954764117));
#6931=CARTESIAN_POINT('Ctrl Pts',(-8.59394592982857,-8.37520706342136,65.2240594286079));
#6932=CARTESIAN_POINT('Ctrl Pts',(-9.4322389717676,-8.97948291701759,59.21338536846));
#6933=CARTESIAN_POINT('Ctrl Pts',(-9.43084126664006,-8.97841275990826,59.2157519260896));
#6934=CARTESIAN_POINT('Ctrl Pts',(-9.42944584810451,-8.97734339793903,59.218120188998));
#6935=CARTESIAN_POINT('Ctrl Pts',(-9.14302569298238,-8.75765329895412,59.7053705491237));
#6936=CARTESIAN_POINT('Ctrl Pts',(-8.94576008061906,-8.56444581573541,60.2752525881521));
#6937=CARTESIAN_POINT('Ctrl Pts',(-8.69422619350924,-8.31617001935821,61.5838911388057));
#6938=CARTESIAN_POINT('Ctrl Pts',(-8.66489739487477,-8.30178661185042,62.1789022006054));
#6939=CARTESIAN_POINT('Ctrl Pts',(-8.65770760153901,-8.30927789198639,62.5702610680029));
#6940=CARTESIAN_POINT('',(-8.51702774552285,-11.6247643679662,65.249347058531));
#6941=CARTESIAN_POINT('Ctrl Pts',(-8.59394592982857,-8.37520706342136,65.2240594286079));
#6942=CARTESIAN_POINT('Ctrl Pts',(-8.73802743594344,-8.37599405710819,65.1747659198349));
#6943=CARTESIAN_POINT('Ctrl Pts',(-8.87948630125351,-8.37903399730482,65.1244738701691));
#6944=CARTESIAN_POINT('Ctrl Pts',(-9.01811843539457,-8.38453862528215,65.0734893051228));
#6945=CARTESIAN_POINT('Ctrl Pts',(-9.12263773618959,-8.38868874437894,65.0350503737525));
#6946=CARTESIAN_POINT('Ctrl Pts',(-9.22554742323383,-8.39424001080779,64.9962182866405));
#6947=CARTESIAN_POINT('Ctrl Pts',(-9.32675842855221,-8.40129373691983,64.9571160811267));
#6948=CARTESIAN_POINT('Ctrl Pts',(-9.4827471490032,-8.41216510122619,64.8968508660375));
#6949=CARTESIAN_POINT('Ctrl Pts',(-9.63470875943038,-8.42660571558572,64.8359403873627));
#6950=CARTESIAN_POINT('Ctrl Pts',(-9.78205969598108,-8.44500567309972,64.7749160703561));
#6951=CARTESIAN_POINT('Ctrl Pts',(-9.91953344041675,-8.46217224914002,64.7179823205144));
#6952=CARTESIAN_POINT('Ctrl Pts',(-10.0529941066796,-8.48278513606844,64.6609490810577));
#6953=CARTESIAN_POINT('Ctrl Pts',(-10.1819353235909,-8.50718520927896,64.6042550321673));
#6954=CARTESIAN_POINT('Ctrl Pts',(-10.2906681119638,-8.52776115900422,64.556446409233));
#6955=CARTESIAN_POINT('Ctrl Pts',(-10.3961118508917,-8.55104537766461,64.5088562565825));
#6956=CARTESIAN_POINT('Ctrl Pts',(-10.4978226756433,-8.57719358978095,64.461859287156));
#6957=CARTESIAN_POINT('Ctrl Pts',(-10.5956707169053,-8.60234874258141,64.4166471731568));
#6958=CARTESIAN_POINT('Ctrl Pts',(-10.6900637890614,-8.63015427033465,64.37198461392));
#6959=CARTESIAN_POINT('Ctrl Pts',(-10.7806437239719,-8.6607194500522,64.3281940516777));
#6960=CARTESIAN_POINT('Ctrl Pts',(-10.8075525024465,-8.66979951453743,64.3151850940116));
#6961=CARTESIAN_POINT('Ctrl Pts',(-10.8341250315659,-8.67912293276393,64.3022529839124));
#6962=CARTESIAN_POINT('Ctrl Pts',(-10.860352622821,-8.68869209400976,64.2894058649623));
#6963=CARTESIAN_POINT('Ctrl Pts',(-10.9460257886995,-8.71995002885998,64.2474403889044));
#6964=CARTESIAN_POINT('Ctrl Pts',(-11.028015237091,-8.75383119826842,64.206383763651));
#6965=CARTESIAN_POINT('Ctrl Pts',(-11.1060192741832,-8.790063311447,64.1666371924));
#6966=CARTESIAN_POINT('Ctrl Pts',(-11.1205991611121,-8.79683552648904,64.1592080831353));
#6967=CARTESIAN_POINT('Ctrl Pts',(-11.1350399324645,-8.80368983517295,64.1518246662968));
#6968=CARTESIAN_POINT('Ctrl Pts',(-11.1493397853465,-8.81062441135522,64.1444894525744));
#6969=CARTESIAN_POINT('Ctrl Pts',(-11.2337319757534,-8.85154959278154,64.101199863636));
#6970=CARTESIAN_POINT('Ctrl Pts',(-11.3132085187959,-8.89537066023765,64.0594791826884));
#6971=CARTESIAN_POINT('Ctrl Pts',(-11.3874920981413,-8.94186223317309,64.0197679918817));
#6972=CARTESIAN_POINT('Ctrl Pts',(-11.4618901462827,-8.98842544824573,63.979995607306));
#6973=CARTESIAN_POINT('Ctrl Pts',(-11.5310798586395,-9.03766769330821,63.9422382169587));
#6974=CARTESIAN_POINT('Ctrl Pts',(-11.5947360076035,-9.08938588084268,63.906954778202));
#6975=CARTESIAN_POINT('Ctrl Pts',(-11.6534457285666,-9.13708528472257,63.8744130539893));
#6976=CARTESIAN_POINT('Ctrl Pts',(-11.7074483649479,-9.18689121293397,63.8439754420472));
#6977=CARTESIAN_POINT('Ctrl Pts',(-11.7564463527398,-9.23865873014441,63.8160224163672));
#6978=CARTESIAN_POINT('Ctrl Pts',(-11.7605745450531,-9.24302026163288,63.8136673101486));
#6979=CARTESIAN_POINT('Ctrl Pts',(-11.764667185715,-9.24739572441624,63.8113298550419));
#6980=CARTESIAN_POINT('Ctrl Pts',(-11.7687240818844,-9.25178503559201,63.8090102868962));
#6981=CARTESIAN_POINT('Ctrl Pts',(-11.8051917908543,-9.29124084512017,63.7881595348578));
#6982=CARTESIAN_POINT('Ctrl Pts',(-11.8386708724521,-9.33187113554768,63.7687282558591));
#6983=CARTESIAN_POINT('Ctrl Pts',(-11.8690165603417,-9.37350609457713,63.7509462607559));
#6984=CARTESIAN_POINT('Ctrl Pts',(-11.8991582876474,-9.41486121514721,63.7332837826699));
#6985=CARTESIAN_POINT('Ctrl Pts',(-11.9262085146415,-9.45720701906078,63.7172485718836));
#6986=CARTESIAN_POINT('Ctrl Pts',(-11.9500664621208,-9.50037291859132,63.7030354964789));
#6987=CARTESIAN_POINT('Ctrl Pts',(-11.9738199718287,-9.54334986010885,63.6888846385772));
#6988=CARTESIAN_POINT('Ctrl Pts',(-11.9944090526765,-9.58713923416863,63.6765399367715));
#6989=CARTESIAN_POINT('Ctrl Pts',(-12.0117760367274,-9.63157617019622,63.6661634039552));
#6990=CARTESIAN_POINT('Ctrl Pts',(-12.0182881995212,-9.64823885386192,63.6622724767374));
#6991=CARTESIAN_POINT('Ctrl Pts',(-12.024347742973,-9.66499266158793,63.6586579842902));
#6992=CARTESIAN_POINT('Ctrl Pts',(-12.0299531581316,-9.68182924487146,63.6553274123015));
#6993=CARTESIAN_POINT('Ctrl Pts',(-12.038903540697,-9.70871286672985,63.6500093595585));
#6994=CARTESIAN_POINT('Ctrl Pts',(-12.046695914081,-9.73580728197227,63.6454152551272));
#6995=CARTESIAN_POINT('Ctrl Pts',(-12.0533799803259,-9.76299855459925,63.6415213020903));
#6996=CARTESIAN_POINT('Ctrl Pts',(-12.0596920524683,-9.78867652788313,63.6378440625795));
#6997=CARTESIAN_POINT('Ctrl Pts',(-12.064950897752,-9.81450899116822,63.6347816961671));
#6998=CARTESIAN_POINT('Ctrl Pts',(-12.0691780494672,-9.8404095533474,63.6323219226581));
#6999=CARTESIAN_POINT('Ctrl Pts',(-12.0838275734704,-9.93016997192159,63.6237973856908));
#7000=CARTESIAN_POINT('Ctrl Pts',(-12.0860846038676,-10.0207442683746,63.622512780525));
#7001=CARTESIAN_POINT('Ctrl Pts',(-12.0759403158318,-10.1106097158545,63.6285876984657));
#7002=CARTESIAN_POINT('Ctrl Pts',(-12.0684900448449,-10.1766096099548,63.633049301362));
#7003=CARTESIAN_POINT('Ctrl Pts',(-12.0543514535654,-10.2422282028055,63.6414790563881));
#7004=CARTESIAN_POINT('Ctrl Pts',(-12.0335248254712,-10.3068794828281,63.653921186911));
#7005=CARTESIAN_POINT('Ctrl Pts',(-12.032234967247,-10.310883538831,63.6546917669737));
#7006=CARTESIAN_POINT('Ctrl Pts',(-12.0309194098485,-10.314883359257,63.6554776379337));
#7007=CARTESIAN_POINT('Ctrl Pts',(-12.0295781525508,-10.3188788159265,63.6562788003517));
#7008=CARTESIAN_POINT('Ctrl Pts',(-12.0067801347382,-10.3867915814208,63.6698965566981));
#7009=CARTESIAN_POINT('Ctrl Pts',(-11.9765608638618,-10.453443650243,63.6879298365556));
#7010=CARTESIAN_POINT('Ctrl Pts',(-11.9392949342083,-10.5182937211285,63.7098773845276));
#7011=CARTESIAN_POINT('Ctrl Pts',(-11.9004842437136,-10.5858319806889,63.7327347102237));
#7012=CARTESIAN_POINT('Ctrl Pts',(-11.8540305005946,-10.6514163906099,63.7598378866832));
#7013=CARTESIAN_POINT('Ctrl Pts',(-11.8003074841537,-10.7144292011025,63.7906491304365));
#7014=CARTESIAN_POINT('Ctrl Pts',(-11.7634392003355,-10.7576727554548,63.8117938418609));
#7015=CARTESIAN_POINT('Ctrl Pts',(-11.7231463264831,-10.7997050530568,63.8346855090767));
#7016=CARTESIAN_POINT('Ctrl Pts',(-11.6795375139777,-10.8403223933969,63.8591562007986));
#7017=CARTESIAN_POINT('Ctrl Pts',(-11.6603203964963,-10.8582212573249,63.8699397129067));
#7018=CARTESIAN_POINT('Ctrl Pts',(-11.6404620420133,-10.8758475294921,63.8810312802366));
#7019=CARTESIAN_POINT('Ctrl Pts',(-11.6199731191299,-10.893181428322,63.8924156546486));
#7020=CARTESIAN_POINT('Ctrl Pts',(-11.546104732055,-10.9556750574682,63.9334595582474));
#7021=CARTESIAN_POINT('Ctrl Pts',(-11.4640367264986,-11.0143672780087,63.9783114390554));
#7022=CARTESIAN_POINT('Ctrl Pts',(-11.3745033873124,-11.0690353905549,64.0261226159084));
#7023=CARTESIAN_POINT('Ctrl Pts',(-11.2805660413935,-11.1263925431605,64.0762855507399));
#7024=CARTESIAN_POINT('Ctrl Pts',(-11.1784111180669,-11.1793193070673,64.1297055005022));
#7025=CARTESIAN_POINT('Ctrl Pts',(-11.0689343483346,-11.2275794491194,64.1853771456905));
#7026=CARTESIAN_POINT('Ctrl Pts',(-11.019669065765,-11.2492968375741,64.2104297603961));
#7027=CARTESIAN_POINT('Ctrl Pts',(-10.9689216641387,-11.2700695435346,64.2359380833795));
#7028=CARTESIAN_POINT('Ctrl Pts',(-10.916776442695,-11.2898778684666,64.2618095304132));
#7029=CARTESIAN_POINT('Ctrl Pts',(-10.8967672178404,-11.2974787418848,64.2717369520769));
#7030=CARTESIAN_POINT('Ctrl Pts',(-10.8765500567722,-11.3049385374137,64.2817190159303));
#7031=CARTESIAN_POINT('Ctrl Pts',(-10.8561291763151,-11.3122563184927,64.2917508435323));
#7032=CARTESIAN_POINT('Ctrl Pts',(-10.6911011778566,-11.3713937669078,64.3728214140943));
#7033=CARTESIAN_POINT('Ctrl Pts',(-10.5127726555908,-11.4212590606984,64.4571405718351));
#7034=CARTESIAN_POINT('Ctrl Pts',(-10.3232858222005,-11.4625404375133,64.5426095977571));
#7035=CARTESIAN_POINT('Ctrl Pts',(-10.2124185869063,-11.48669384192,64.5926168433146));
#7036=CARTESIAN_POINT('Ctrl Pts',(-10.0977305358636,-11.5079081106893,64.6430180985164));
#7037=CARTESIAN_POINT('Ctrl Pts',(-9.97964448556014,-11.5263161775305,64.6933941262315));
#7038=CARTESIAN_POINT('Ctrl Pts',(-9.9268442709078,-11.534547038653,64.7159189297104));
#7039=CARTESIAN_POINT('Ctrl Pts',(-9.8733555568508,-11.5422248567937,64.7384612003843));
#7040=CARTESIAN_POINT('Ctrl Pts',(-9.81921888270064,-11.5493557270439,64.7609747071951));
#7041=CARTESIAN_POINT('Ctrl Pts',(-9.69964947318859,-11.5651053821254,64.810699348719));
#7042=CARTESIAN_POINT('Ctrl Pts',(-9.5769167026047,-11.5781844495411,64.860284101275));
#7043=CARTESIAN_POINT('Ctrl Pts',(-9.45130150376675,-11.5887653582674,64.9094821316223));
#7044=CARTESIAN_POINT('Ctrl Pts',(-9.37509882564352,-11.5951841164223,64.9393274187017));
#7045=CARTESIAN_POINT('Ctrl Pts',(-9.29783617250459,-11.6006842675633,64.9690301700766));
#7046=CARTESIAN_POINT('Ctrl Pts',(-9.21958283005596,-11.6053108133824,64.9985346706534));
#7047=CARTESIAN_POINT('Ctrl Pts',(-8.99301487878174,-11.6187061135053,65.0839594466424));
#7048=CARTESIAN_POINT('Ctrl Pts',(-8.75834402365827,-11.6248007069123,65.1678451052828));
#7049=CARTESIAN_POINT('Ctrl Pts',(-8.51702774552285,-11.6247643679662,65.2493470585309));
#7050=CARTESIAN_POINT('Ctrl Pts',(-8.51702774552285,-11.6247643679662,65.2493470585309));
#7051=CARTESIAN_POINT('Ctrl Pts',(-8.38617931635494,-11.6247446639742,65.2935396950122));
#7052=CARTESIAN_POINT('Ctrl Pts',(-8.25336643049933,-11.6229229487867,65.3370358300574));
#7053=CARTESIAN_POINT('Ctrl Pts',(-8.11875762019188,-11.6194818668493,65.3797214663924));
#7054=CARTESIAN_POINT('Ctrl Pts',(-7.82585668567819,-11.6119942728879,65.4726029259662));
#7055=CARTESIAN_POINT('Ctrl Pts',(-7.52379204078429,-11.5968339404641,65.5617204965513));
#7056=CARTESIAN_POINT('Ctrl Pts',(-7.21492243508185,-11.5758102041424,65.6457696718398));
#7057=CARTESIAN_POINT('Ctrl Pts',(-6.89563996069494,-11.5540776981601,65.7326523827341));
#7058=CARTESIAN_POINT('Ctrl Pts',(-6.5690877739263,-11.5260776882256,65.8141206609692));
#7059=CARTESIAN_POINT('Ctrl Pts',(-6.23536926208321,-11.4936180485071,65.8899879550547));
#7060=CARTESIAN_POINT('Ctrl Pts',(-6.12718424283555,-11.483095267711,65.9145826490247));
#7061=CARTESIAN_POINT('Ctrl Pts',(-6.01824585637119,-11.472103771565,65.9385883829829));
#7062=CARTESIAN_POINT('Ctrl Pts',(-5.90855700408933,-11.4607052132278,65.9619977787754));
#7063=CARTESIAN_POINT('Ctrl Pts',(-5.54710567223527,-11.4231442030932,66.0391374070155));
#7064=CARTESIAN_POINT('Ctrl Pts',(-5.17814872631999,-11.381313081882,66.1095012292582));
#7065=CARTESIAN_POINT('Ctrl Pts',(-4.80148199553629,-11.3375340196949,66.1728981737544));
#7066=CARTESIAN_POINT('Ctrl Pts',(-4.59331360867942,-11.3133391120782,66.2079350872615));
#7067=CARTESIAN_POINT('Ctrl Pts',(-4.38279035720747,-11.2885483273465,66.240844377726));
#7068=CARTESIAN_POINT('Ctrl Pts',(-4.16987722063365,-11.2635469754115,66.2715950836232));
#7069=CARTESIAN_POINT('Ctrl Pts',(-4.16215235329267,-11.262639881889,66.2727107739348));
#7070=CARTESIAN_POINT('Ctrl Pts',(-4.15442433993007,-11.2617325106735,66.2738236227831));
#7071=CARTESIAN_POINT('Ctrl Pts',(-4.14669317967513,-11.2608248980286,66.2749336245643));
#7072=CARTESIAN_POINT('Ctrl Pts',(-8.38714712717559,-10.386597364983,60.8178808339164));
#7073=CARTESIAN_POINT('Ctrl Pts',(-8.99255463485816,-9.65833651155352,59.9766480871014));
#7074=CARTESIAN_POINT('Ctrl Pts',(-10.0642316127941,-8.10764227124613,58.2045246056792));
#7075=CARTESIAN_POINT('Ctrl Pts',(-11.0841422895794,-5.90592915610959,55.9450751413118));
#7076=CARTESIAN_POINT('Ctrl Pts',(-11.6238768759239,-4.11215439042532,54.5029446308598));
#7077=CARTESIAN_POINT('Ctrl Pts',(-11.8688859987237,-2.97019706386906,53.7934120987561));
#7078=CARTESIAN_POINT('Ctrl Pts',(-12.0636171878245,-1.74211170428552,53.199246427189));
#7079=CARTESIAN_POINT('Ctrl Pts',(-12.1577099575804,-0.351947485851981,
52.8916641428535));
#7080=CARTESIAN_POINT('Ctrl Pts',(-12.1116873397325,1.05153920744572,53.0410182846073));
#7081=CARTESIAN_POINT('Ctrl Pts',(-11.9151182917298,3.0460244666995,53.66727789907));
#7082=CARTESIAN_POINT('Ctrl Pts',(-11.2830627136447,5.46913631686331,55.5127353276154));
#7083=CARTESIAN_POINT('Ctrl Pts',(-10.0663399306698,8.10569777612329,58.1962623432607));
#7084=CARTESIAN_POINT('Ctrl Pts',(-8.99278972255744,9.65805371828397,59.9763214253596));
#7085=CARTESIAN_POINT('Ctrl Pts',(-8.38714712717558,10.386597364983,60.8178808339164));
#7086=CARTESIAN_POINT('Ctrl Pts',(-8.10010679392565,-9.57919668184819,61.216732392449));
#7087=CARTESIAN_POINT('Ctrl Pts',(-8.73847050022926,-8.92865506687161,60.378122784072));
#7088=CARTESIAN_POINT('Ctrl Pts',(-9.8671183222794,-7.52155747992502,58.5894446693923));
#7089=CARTESIAN_POINT('Ctrl Pts',(-10.9422178699623,-5.49357289435231,56.2917508859055));
#7090=CARTESIAN_POINT('Ctrl Pts',(-11.5094001505595,-3.82946751441084,54.8213874143092));
#7091=CARTESIAN_POINT('Ctrl Pts',(-11.7670947239072,-2.76763567441809,54.0976405262857));
#7092=CARTESIAN_POINT('Ctrl Pts',(-11.9716717684179,-1.62424482718086,53.4912873799731));
#7093=CARTESIAN_POINT('Ctrl Pts',(-12.0703895351165,-0.328135750077402,
53.1772422772241));
#7094=CARTESIAN_POINT('Ctrl Pts',(-12.022096041326,0.980389629088042,53.329731589694));
#7095=CARTESIAN_POINT('Ctrl Pts',(-11.8154431985301,2.83897686748721,53.9688923170779));
#7096=CARTESIAN_POINT('Ctrl Pts',(-11.1524116371529,5.09146632917828,55.8523438603671));
#7097=CARTESIAN_POINT('Ctrl Pts',(-9.86949703417742,7.51979414137784,58.581085102531));
#7098=CARTESIAN_POINT('Ctrl Pts',(-8.73871838525401,8.92840245300474,60.3777971409293));
#7099=CARTESIAN_POINT('Ctrl Pts',(-8.10010679392563,9.57919668184821,61.216732392449));
#7100=CARTESIAN_POINT('Ctrl Pts',(-8.20392628675869,-8.78208744168251,61.8891559147005));
#7101=CARTESIAN_POINT('Ctrl Pts',(-8.82231158905664,-8.20449481804082,60.9862754873526));
#7102=CARTESIAN_POINT('Ctrl Pts',(-9.90996688734366,-6.93730446033359,59.0903272658424));
#7103=CARTESIAN_POINT('Ctrl Pts',(-10.9421608740149,-5.08146283441955,56.6948385028568));
#7104=CARTESIAN_POINT('Ctrl Pts',(-11.4861222919861,-3.54686996096089,55.1722335997585));
#7105=CARTESIAN_POINT('Ctrl Pts',(-11.7331853999106,-2.56505529416756,54.424452589664));
#7106=CARTESIAN_POINT('Ctrl Pts',(-11.9292851315399,-1.50634010828065,53.7988036409143));
#7107=CARTESIAN_POINT('Ctrl Pts',(-12.0238886099697,-0.304326777689429,
53.4752832307295));
#7108=CARTESIAN_POINT('Ctrl Pts',(-11.9776070185292,0.909235156552957,53.6323959745651));
#7109=CARTESIAN_POINT('Ctrl Pts',(-11.7795331743911,2.63197769872428,54.2912842901003));
#7110=CARTESIAN_POINT('Ctrl Pts',(-11.143980907743,4.71362805252939,56.2363963105059));
#7111=CARTESIAN_POINT('Ctrl Pts',(-9.91225165666308,6.93567886246743,59.0817149312177));
#7112=CARTESIAN_POINT('Ctrl Pts',(-8.82255171620429,8.20427053122692,60.9859248870054));
#7113=CARTESIAN_POINT('Ctrl Pts',(-8.20392628675867,8.78208744168252,61.8891559147005));
#7114=CARTESIAN_POINT('Ctrl Pts',(-8.65770760153902,-8.30927789198638,62.5702610680029));
#7115=CARTESIAN_POINT('Ctrl Pts',(-9.21686917986951,-7.72666920924281,61.5990453486667));
#7116=CARTESIAN_POINT('Ctrl Pts',(-10.1850545154501,-6.48611381699691,59.5928564449721));
#7117=CARTESIAN_POINT('Ctrl Pts',(-11.0848145182417,-4.72474332488766,57.0982236599002));
#7118=CARTESIAN_POINT('Ctrl Pts',(-11.5563552257665,-3.28972351234025,55.5231998576596));
#7119=CARTESIAN_POINT('Ctrl Pts',(-11.7695860780716,-2.37615765109524,54.7512675210219));
#7120=CARTESIAN_POINT('Ctrl Pts',(-11.9386966728711,-1.39368936342839,54.1062807967952));
#7121=CARTESIAN_POINT('Ctrl Pts',(-12.0201814007527,-0.281557988681611,
53.7732872908974));
#7122=CARTESIAN_POINT('Ctrl Pts',(-11.9803173496133,0.841231365956563,53.9350217382184));
#7123=CARTESIAN_POINT('Ctrl Pts',(-11.8098739267902,2.43681957335961,54.6137149772898));
#7124=CARTESIAN_POINT('Ctrl Pts',(-11.2603573663901,4.37530905349065,56.6203950472102));
#7125=CARTESIAN_POINT('Ctrl Pts',(-10.1868799644428,6.48455822089864,59.5839534550482));
#7126=CARTESIAN_POINT('Ctrl Pts',(-9.21708630966607,7.72644297462718,61.5986682128267));
#7127=CARTESIAN_POINT('Ctrl Pts',(-8.657707601539,8.3092778919864,62.5702610680029));
#7128=CARTESIAN_POINT('Ctrl Pts',(-9.43223897176598,8.97948291700391,59.2133853684627));
#7129=CARTESIAN_POINT('Ctrl Pts',(-9.43083904763363,8.97841106090693,59.215755683253));
#7130=CARTESIAN_POINT('Ctrl Pts',(-9.42944141593064,8.97734000139562,59.2181277111679));
#7131=CARTESIAN_POINT('Ctrl Pts',(-9.18228776958435,8.78776757852413,59.6385820768956));
#7132=CARTESIAN_POINT('Ctrl Pts',(-9.0099394593189,8.62612890450584,60.1047148013203));
#7133=CARTESIAN_POINT('Ctrl Pts',(-8.702292194732,8.3260719099296,61.3839853805773));
#7134=CARTESIAN_POINT('Ctrl Pts',(-8.66621627436879,8.30041242829689,62.1071122115318));
#7135=CARTESIAN_POINT('Ctrl Pts',(-8.65770760153901,8.3092778919864,62.5702610680029));
#7136=CARTESIAN_POINT('Ctrl Pts',(-6.50104210821823,5.37558933435309,63.0268079370469));
#7137=CARTESIAN_POINT('Ctrl Pts',(-7.22159648564535,5.38915113166187,62.3251803995042));
#7138=CARTESIAN_POINT('Ctrl Pts',(-8.22942734388295,5.77468390919091,61.0976199574815));
#7139=CARTESIAN_POINT('Ctrl Pts',(-9.13803436726523,7.38562638741241,59.7108583925009));
#7140=CARTESIAN_POINT('Ctrl Pts',(-9.50741331554739,9.06534040324791,59.0854911645458));
#7141=CARTESIAN_POINT('Ctrl Pts',(-9.50640538413612,10.9424928005337,59.0871343655402));
#7142=CARTESIAN_POINT('Ctrl Pts',(-9.13490725987917,12.621813857178,59.7174805024332));
#7143=CARTESIAN_POINT('Ctrl Pts',(-8.45348966518374,13.8254076698448,60.7521211382813));
#7144=CARTESIAN_POINT('Ctrl Pts',(-7.24906088989223,14.7092613385272,62.3261151157467));
#7145=CARTESIAN_POINT('Ctrl Pts',(-5.40121092400638,14.6437596671088,64.1388000868168));
#7146=CARTESIAN_POINT('Ctrl Pts',(-3.05085151143254,13.6136819215434,65.5093255376597));
#7147=CARTESIAN_POINT('Ctrl Pts',(-1.39386689970566,12.8574427067927,65.92086116892));
#7148=CARTESIAN_POINT('Ctrl Pts',(-0.527585475963499,12.7424351661393,65.9815316874916));
#7149=CARTESIAN_POINT('Ctrl Pts',(-6.49743488253678,5.82762804869959,63.0303204115409));
#7150=CARTESIAN_POINT('Ctrl Pts',(-7.17602315099418,5.87803835313786,62.3698825421276));
#7151=CARTESIAN_POINT('Ctrl Pts',(-8.09473935098424,6.30061411063327,61.2619306939278));
#7152=CARTESIAN_POINT('Ctrl Pts',(-8.88710372277238,7.76223011675223,60.1072798178287));
#7153=CARTESIAN_POINT('Ctrl Pts',(-9.20227672164652,9.20954232769719,59.6092638316986));
#7154=CARTESIAN_POINT('Ctrl Pts',(-9.20140562826193,10.7971852565871,59.6104290666702));
#7155=CARTESIAN_POINT('Ctrl Pts',(-8.88457734654296,12.2447497140438,60.1123432096591));
#7156=CARTESIAN_POINT('Ctrl Pts',(-8.28955364322101,13.3358764982083,60.9749513141065));
#7157=CARTESIAN_POINT('Ctrl Pts',(-7.20584609977173,14.2064915558911,62.3590401989861));
#7158=CARTESIAN_POINT('Ctrl Pts',(-5.46657262812433,14.255780560369,64.0788537086488));
#7159=CARTESIAN_POINT('Ctrl Pts',(-3.13960504429366,13.3614249769417,65.4767242107255));
#7160=CARTESIAN_POINT('Ctrl Pts',(-1.43877351551429,12.6667016286649,65.9157327730088));
#7161=CARTESIAN_POINT('Ctrl Pts',(-0.544761555247911,12.5609531618565,65.9803287508839));
#7162=CARTESIAN_POINT('Ctrl Pts',(-6.63574232069044,6.72927150686936,63.1867539341977));
#7163=CARTESIAN_POINT('Ctrl Pts',(-7.26580503008064,6.85265138961187,62.6234528376463));
#7164=CARTESIAN_POINT('Ctrl Pts',(-8.0653705096985,7.34788665081364,61.7685005395261));
#7165=CARTESIAN_POINT('Ctrl Pts',(-8.68521087512972,8.51138128176067,61.0815865981028));
#7166=CARTESIAN_POINT('Ctrl Pts',(-8.91700733872364,9.49628032563485,60.8373339971913));
#7167=CARTESIAN_POINT('Ctrl Pts',(-8.91634599147635,10.5082196018799,60.8375080325901));
#7168=CARTESIAN_POINT('Ctrl Pts',(-8.68366978198821,11.4946628409984,61.0836590875215));
#7169=CARTESIAN_POINT('Ctrl Pts',(-8.21669847906737,12.3613542785718,61.5995469047866));
#7170=CARTESIAN_POINT('Ctrl Pts',(-7.30079212467065,13.2042507836923,62.5900047669759));
#7171=CARTESIAN_POINT('Ctrl Pts',(-5.68598256926154,13.4808286428826,64.0859535530829));
#7172=CARTESIAN_POINT('Ctrl Pts',(-3.33712861782634,12.8571041514081,65.476808934892));
#7173=CARTESIAN_POINT('Ctrl Pts',(-1.53503390227918,12.2852606098965,65.9428601139703));
#7174=CARTESIAN_POINT('Ctrl Pts',(-0.581442557643544,12.1980214213735,66.0112189951346));
#7175=CARTESIAN_POINT('Ctrl Pts',(-7.3352891684878,7.99666167584511,63.9254059647337));
#7176=CARTESIAN_POINT('Ctrl Pts',(-8.01134938254868,8.17164866086282,63.5411828106296));
#7177=CARTESIAN_POINT('Ctrl Pts',(-8.85134130422178,8.66260713780816,63.0556922874428));
#7178=CARTESIAN_POINT('Ctrl Pts',(-9.48049137362731,9.38973075948313,62.8889570596665));
#7179=CARTESIAN_POINT('Ctrl Pts',(-9.7099971955153,9.82199966306545,62.9025958625852));
#7180=CARTESIAN_POINT('Ctrl Pts',(-9.70931160370781,10.1800344834326,62.9021067227866));
#7181=CARTESIAN_POINT('Ctrl Pts',(-9.4791194549026,10.6145741514396,62.8879005959727));
#7182=CARTESIAN_POINT('Ctrl Pts',(-9.00481215028077,11.1540163408754,63.0168037454291));
#7183=CARTESIAN_POINT('Ctrl Pts',(-8.05018892022001,11.8513170842257,63.4961331322425));
#7184=CARTESIAN_POINT('Ctrl Pts',(-6.31906555092635,12.3051764976018,64.5440610414886));
#7185=CARTESIAN_POINT('Ctrl Pts',(-3.73478676779405,12.024652570554,65.7038203641882));
#7186=CARTESIAN_POINT('Ctrl Pts',(-1.72016855870102,11.64247707313,66.1189202438379));
#7187=CARTESIAN_POINT('Ctrl Pts',(-0.651652854600225,11.5838417187762,66.1796634780713));
#7188=CARTESIAN_POINT('Ctrl Pts',(-8.12084886969144,8.38296205292094,64.7383240925684));
#7189=CARTESIAN_POINT('Ctrl Pts',(-8.9187761322082,8.47819055597422,64.4356258809949));
#7190=CARTESIAN_POINT('Ctrl Pts',(-9.97022184036248,8.77914878299626,64.0063025632008));
#7191=CARTESIAN_POINT('Ctrl Pts',(-10.8511389478879,9.34995615903445,63.7152128432525));
#7192=CARTESIAN_POINT('Ctrl Pts',(-11.196253968048,9.78678236977646,63.6254441513553));
#7193=CARTESIAN_POINT('Ctrl Pts',(-11.1953345368419,10.2150738352469,63.6253208080273));
#7194=CARTESIAN_POINT('Ctrl Pts',(-10.8484158747431,10.6529975872843,63.7158202138021));
#7195=CARTESIAN_POINT('Ctrl Pts',(-10.1863737856429,11.0784324474458,63.9361140600962));
#7196=CARTESIAN_POINT('Ctrl Pts',(-8.95627920659213,11.5442044831805,64.4095722549765));
#7197=CARTESIAN_POINT('Ctrl Pts',(-6.91683369422284,11.779745800293,65.2193076286491));
#7198=CARTESIAN_POINT('Ctrl Pts',(-4.04799628577869,11.520531254126,66.0567726506761));
#7199=CARTESIAN_POINT('Ctrl Pts',(-1.86156434479745,11.2270469894327,66.3540324331939));
#7200=CARTESIAN_POINT('Ctrl Pts',(-0.705104565425521,11.1822255407227,66.3974804681564));
#7201=CARTESIAN_POINT('Ctrl Pts',(-8.59394592982858,8.37520706342135,65.2240594286079));
#7202=CARTESIAN_POINT('Ctrl Pts',(-9.46630618040949,8.37997201923255,64.9256054574857));
#7203=CARTESIAN_POINT('Ctrl Pts',(-10.6456602423238,8.51542948160761,64.4189182383299));
#7204=CARTESIAN_POINT('Ctrl Pts',(-11.6830095627636,9.08143629828003,63.8625535526161));
#7205=CARTESIAN_POINT('Ctrl Pts',(-12.1002207316601,9.67160608762769,63.614305376443));
#7206=CARTESIAN_POINT('Ctrl Pts',(-12.0990788164061,10.3311461191064,63.614971339179));
#7207=CARTESIAN_POINT('Ctrl Pts',(-11.6795416750326,10.9211778417111,63.8650937159286));
#7208=CARTESIAN_POINT('Ctrl Pts',(-10.9012152599852,11.3440621542698,64.2805009484266));
#7209=CARTESIAN_POINT('Ctrl Pts',(-9.50119754009595,11.6546053351582,64.9238132653591));
#7210=CARTESIAN_POINT('Ctrl Pts',(-7.27510828593121,11.6315912343896,65.6955577449766));
#7211=CARTESIAN_POINT('Ctrl Pts',(-4.23542450390549,11.2696720264882,66.32616138267));
#7212=CARTESIAN_POINT('Ctrl Pts',(-1.94641419477544,11.0039663564407,66.5287473447994));
#7213=CARTESIAN_POINT('Ctrl Pts',(-0.737178807276957,10.9635583016165,66.5585031140146));
#7214=CARTESIAN_POINT('Ctrl Pts',(-4.14672119432602,11.2608560940005,66.2750271902239));
#7215=CARTESIAN_POINT('Ctrl Pts',(-4.15441246246662,11.2617594732086,66.2739233583846));
#7216=CARTESIAN_POINT('Ctrl Pts',(-4.16210067638303,11.2626626359274,66.2728166869638));
#7217=CARTESIAN_POINT('Ctrl Pts',(-4.16978583268324,11.2635655456347,66.2717071820756));
#7218=CARTESIAN_POINT('Ctrl Pts',(-4.45741393083817,11.2973582483183,66.2301823557166));
#7219=CARTESIAN_POINT('Ctrl Pts',(-4.74075609988631,11.3307975451858,66.1846856232153));
#7220=CARTESIAN_POINT('Ctrl Pts',(-5.0197506089052,11.3628887690004,66.1353303050956));
#7221=CARTESIAN_POINT('Ctrl Pts',(-5.3050269910548,11.3957025625793,66.0848636968369));
#7222=CARTESIAN_POINT('Ctrl Pts',(-5.58575746996048,11.427105380886,66.0303625858429));
#7223=CARTESIAN_POINT('Ctrl Pts',(-5.8619158550986,11.4560341878612,65.9719884540629));
#7224=CARTESIAN_POINT('Ctrl Pts',(-6.12202542573649,11.4832818108425,65.917006707461));
#7225=CARTESIAN_POINT('Ctrl Pts',(-6.37807904824882,11.5083333797282,65.8585898770376));
#7226=CARTESIAN_POINT('Ctrl Pts',(-6.63008946428902,11.5303207623839,65.7969022451689));
#7227=CARTESIAN_POINT('Ctrl Pts',(-6.6456385592694,11.5316773884578,65.7930961054778));
#7228=CARTESIAN_POINT('Ctrl Pts',(-6.66117227324984,11.5330223595697,65.7892775212745));
#7229=CARTESIAN_POINT('Ctrl Pts',(-6.67669061366982,11.5343554761269,65.7854465337694));
#7230=CARTESIAN_POINT('Ctrl Pts',(-6.8580481596886,11.5499351541615,65.7406750908216));
#7231=CARTESIAN_POINT('Ctrl Pts',(-7.03696033161937,11.5638872588012,65.6942362187362));
#7232=CARTESIAN_POINT('Ctrl Pts',(-7.21357819681928,11.575915636015,65.6461454684726));
#7233=CARTESIAN_POINT('Ctrl Pts',(-7.44499998107958,11.5916763775087,65.5831323230026));
#7234=CARTESIAN_POINT('Ctrl Pts',(-7.67248318722523,11.6041357563247,65.5172841425717));
#7235=CARTESIAN_POINT('Ctrl Pts',(-7.89534108708494,11.6125475633424,65.4491201841847));
#7236=CARTESIAN_POINT('Ctrl Pts',(-8.06975721389774,11.6191309279009,65.395772765863));
#7237=CARTESIAN_POINT('Ctrl Pts',(-8.24134013946011,11.6232348524833,65.341006096005));
#7238=CARTESIAN_POINT('Ctrl Pts',(-8.40974554418712,11.6244871994477,65.2850605018574));
#7239=CARTESIAN_POINT('Ctrl Pts',(-8.68883821349565,11.6265626723684,65.1923437316799));
#7240=CARTESIAN_POINT('Ctrl Pts',(-8.95943422842128,11.6208059928016,65.0963525483923));
#7241=CARTESIAN_POINT('Ctrl Pts',(-9.2193955816029,11.6054514262767,64.9983374096621));
#7242=CARTESIAN_POINT('Ctrl Pts',(-9.37818468366903,11.5960725789932,64.9384679880063));
#7243=CARTESIAN_POINT('Ctrl Pts',(-9.53291357470526,11.5831098947646,64.8778501272312));
#7244=CARTESIAN_POINT('Ctrl Pts',(-9.68300901477749,11.5661885311083,64.8168487215476));
#7245=CARTESIAN_POINT('Ctrl Pts',(-9.72891371370204,11.5610133565417,64.7981922509677));
#7246=CARTESIAN_POINT('Ctrl Pts',(-9.77438528070945,11.5554681502001,64.7794999125647));
#7247=CARTESIAN_POINT('Ctrl Pts',(-9.81940805120032,11.549542867005,64.760782111852));
#7248=CARTESIAN_POINT('Ctrl Pts',(-9.92154324474004,11.5361012253799,64.7183203491131));
#7249=CARTESIAN_POINT('Ctrl Pts',(-10.0213680487697,11.5207030489133,64.6757278510965));
#7250=CARTESIAN_POINT('Ctrl Pts',(-10.1186049337141,11.5032851443721,64.6332822465156));
#7251=CARTESIAN_POINT('Ctrl Pts',(-10.344286202521,11.46285918051,64.5347684170921));
#7252=CARTESIAN_POINT('Ctrl Pts',(-10.556389352957,11.4114368411093,64.4367577427234));
#7253=CARTESIAN_POINT('Ctrl Pts',(-10.7516264458503,11.3480125861146,64.3424750709087));
#7254=CARTESIAN_POINT('Ctrl Pts',(-10.7869538799111,11.336536200388,64.3254149681267));
#7255=CARTESIAN_POINT('Ctrl Pts',(-10.8217291967778,11.3246669414968,64.3084769086417));
#7256=CARTESIAN_POINT('Ctrl Pts',(-10.8559330660506,11.3123989705303,64.2916799596181));
#7257=CARTESIAN_POINT('Ctrl Pts',(-10.9322120305974,11.2850398400484,64.2542206339247));
#7258=CARTESIAN_POINT('Ctrl Pts',(-11.0056488237177,11.2556976801316,64.2174631675095));
#7259=CARTESIAN_POINT('Ctrl Pts',(-11.0760147636755,11.2244346613511,64.1816660814758));
#7260=CARTESIAN_POINT('Ctrl Pts',(-11.1813105581829,11.1776525903214,64.1280992191951));
#7261=CARTESIAN_POINT('Ctrl Pts',(-11.279835447369,11.1265162824632,64.0766251989918));
#7262=CARTESIAN_POINT('Ctrl Pts',(-11.3707328600333,11.0712505809662,64.0281532217574));
#7263=CARTESIAN_POINT('Ctrl Pts',(-11.4616302726976,11.0159848794692,63.979681244523));
#7264=CARTESIAN_POINT('Ctrl Pts',(-11.54489947615,10.9565900410569,63.9342121518592));
#7265=CARTESIAN_POINT('Ctrl Pts',(-11.6197275477908,10.8933152573479,63.8926381939369));
#7266=CARTESIAN_POINT('Ctrl Pts',(-11.6587693160401,10.8603014513335,63.8709468581212));
#7267=CARTESIAN_POINT('Ctrl Pts',(-11.6955139902406,10.8262318394411,63.8503155143207));
#7268=CARTESIAN_POINT('Ctrl Pts',(-11.7298860234834,10.7912371119987,63.83085045941));
#7269=CARTESIAN_POINT('Ctrl Pts',(-11.846502359591,10.6725081189075,63.7648100430697));
#7270=CARTESIAN_POINT('Ctrl Pts',(-11.9359894757469,10.5429003357211,63.7120624205111));
#7271=CARTESIAN_POINT('Ctrl Pts',(-11.9954467301307,10.407130513168,63.6767233423149));
#7272=CARTESIAN_POINT('Ctrl Pts',(-12.0081140971072,10.3782047549164,63.6691943523412));
#7273=CARTESIAN_POINT('Ctrl Pts',(-12.0194182386105,10.3489992690137,63.6624556229131));
#7274=CARTESIAN_POINT('Ctrl Pts',(-12.0293308182543,10.319559617135,63.6565471285912));
#7275=CARTESIAN_POINT('Ctrl Pts',(-12.0333379911736,10.3076586004471,63.6541586122522));
#7276=CARTESIAN_POINT('Ctrl Pts',(-12.0371177549204,10.2957193163203,63.6519057733052));
#7277=CARTESIAN_POINT('Ctrl Pts',(-12.0406700875311,10.2837460567987,63.6497886217496));
#7278=CARTESIAN_POINT('Ctrl Pts',(-12.0618360753466,10.2124053652239,63.637173923482));
#7279=CARTESIAN_POINT('Ctrl Pts',(-12.0748976942875,10.1399296463253,63.6293867012851));
#7280=CARTESIAN_POINT('Ctrl Pts',(-12.0798785993191,10.0671845317258,63.6264060262389));
#7281=CARTESIAN_POINT('Ctrl Pts',(-12.0848799843412,9.99414031098947,63.623413095549));
#7282=CARTESIAN_POINT('Ctrl Pts',(-12.0817340583509,9.92082365926106,63.6252663918932));
#7283=CARTESIAN_POINT('Ctrl Pts',(-12.0704195012086,9.84811047299257,63.6319706724809));
#7284=CARTESIAN_POINT('Ctrl Pts',(-12.0648429095104,9.81227241536518,63.635275002911));
#7285=CARTESIAN_POINT('Ctrl Pts',(-12.0572813058032,9.77658102152841,63.6397581224804));
#7286=CARTESIAN_POINT('Ctrl Pts',(-12.0477281253537,9.74114202581206,63.6454228232368));
#7287=CARTESIAN_POINT('Ctrl Pts',(-12.0424982302559,9.72174092363995,63.6485239674969));
#7288=CARTESIAN_POINT('Ctrl Pts',(-12.0366794830657,9.7024185674559,63.6519787452615));
#7289=CARTESIAN_POINT('Ctrl Pts',(-12.0302708213405,9.68319350331376,63.6557871812153));
#7290=CARTESIAN_POINT('Ctrl Pts',(-12.0036750681048,9.60341006586803,63.6715920757755));
#7291=CARTESIAN_POINT('Ctrl Pts',(-11.9669165043436,9.52530081914712,63.6934899400338));
#7292=CARTESIAN_POINT('Ctrl Pts',(-11.920482260648,9.44980548429353,63.7207240622297));
#7293=CARTESIAN_POINT('Ctrl Pts',(-11.8747452475372,9.37544374508571,63.7475492521069));
#7294=CARTESIAN_POINT('Ctrl Pts',(-11.8196209048916,9.30361932890098,63.7795519934502));
#7295=CARTESIAN_POINT('Ctrl Pts',(-11.7556142057983,9.23523684218479,63.8159782432197));
#7296=CARTESIAN_POINT('Ctrl Pts',(-11.7460348044549,9.22500254961241,63.821429886109));
#7297=CARTESIAN_POINT('Ctrl Pts',(-11.7362565215779,9.21484534205511,63.8269805501005));
#7298=CARTESIAN_POINT('Ctrl Pts',(-11.726281127279,9.2047682340463,63.8326276438579));
#7299=CARTESIAN_POINT('Ctrl Pts',(-11.693844910095,9.17200128226811,63.8509898613386));
#7300=CARTESIAN_POINT('Ctrl Pts',(-11.6593378731526,9.14006812725991,63.8703787706564));
#7301=CARTESIAN_POINT('Ctrl Pts',(-11.622815853281,9.10906478832447,63.890713181584));
#7302=CARTESIAN_POINT('Ctrl Pts',(-11.5258609118327,9.02676027938022,63.9446949062476));
#7303=CARTESIAN_POINT('Ctrl Pts',(-11.4147091229483,8.95100605482907,64.0053393652051));
#7304=CARTESIAN_POINT('Ctrl Pts',(-11.2910519670736,8.88229250594138,64.0705713691983));
#7305=CARTESIAN_POINT('Ctrl Pts',(-11.2024086532257,8.83303537531621,64.1173327633287));
#7306=CARTESIAN_POINT('Ctrl Pts',(-11.1073378882737,8.7873970390866,64.1664519789591));
#7307=CARTESIAN_POINT('Ctrl Pts',(-11.0064500458917,8.74556792547892,64.2171643894997));
#7308=CARTESIAN_POINT('Ctrl Pts',(-10.9590234027305,8.72590436247691,64.2410039259766));
#7309=CARTESIAN_POINT('Ctrl Pts',(-10.910285714424,8.70706433942762,64.2652180960745));
#7310=CARTESIAN_POINT('Ctrl Pts',(-10.8603131598148,8.68907903682434,64.2897195408247));
#7311=CARTESIAN_POINT('Ctrl Pts',(-10.7666408520989,8.655366035498,64.3356468881473));
#7312=CARTESIAN_POINT('Ctrl Pts',(-10.6686272340851,8.62465809894706,64.3825842425988));
#7313=CARTESIAN_POINT('Ctrl Pts',(-10.5666918268992,8.59685022728151,64.4301870336815));
#7314=CARTESIAN_POINT('Ctrl Pts',(-10.4593275369436,8.56756136211709,64.4803250574123));
#7315=CARTESIAN_POINT('Ctrl Pts',(-10.3476128198866,8.54148981260944,64.5312007437892));
#7316=CARTESIAN_POINT('Ctrl Pts',(-10.2320840804782,8.51847898472632,64.5824003022685));
#7317=CARTESIAN_POINT('Ctrl Pts',(-10.1824321856056,8.50858940043036,64.6044048277931));
#7318=CARTESIAN_POINT('Ctrl Pts',(-10.1320763393064,8.49926474248684,64.6264690908199));
#7319=CARTESIAN_POINT('Ctrl Pts',(-10.0810613517782,8.49049074866915,64.6485600680923));
#7320=CARTESIAN_POINT('Ctrl Pts',(-9.93853468826528,8.46597779423929,64.710278269682));
#7321=CARTESIAN_POINT('Ctrl Pts',(-9.79084845320413,8.44574670189682,64.7722361868993));
#7322=CARTESIAN_POINT('Ctrl Pts',(-9.63859725727001,8.42943247068069,64.8339038561637));
#7323=CARTESIAN_POINT('Ctrl Pts',(-9.53497612252742,8.41832911519834,64.8758744549948));
#7324=CARTESIAN_POINT('Ctrl Pts',(-9.42923942171261,8.40904080374578,64.9177109051646));
#7325=CARTESIAN_POINT('Ctrl Pts',(-9.32156397643469,8.40146047472714,64.9592476321479));
#7326=CARTESIAN_POINT('Ctrl Pts',(-9.24808460613073,8.39628754229534,64.987592929772));
#7327=CARTESIAN_POINT('Ctrl Pts',(-9.17370563785521,8.39191027400652,65.015797407512));
#7328=CARTESIAN_POINT('Ctrl Pts',(-9.09846778956534,8.38829557645352,65.0438134081364));
#7329=CARTESIAN_POINT('Ctrl Pts',(-8.94423909711737,8.38088587389202,65.1012428966469));
#7330=CARTESIAN_POINT('Ctrl Pts',(-8.78639608443999,8.37667794146121,65.1578845261472));
#7331=CARTESIAN_POINT('Ctrl Pts',(-8.62525019737294,8.3754151328097,65.2133200168478));
#7332=CARTESIAN_POINT('Ctrl Pts',(-8.61482923815448,8.37533346968011,65.216904911246));
#7333=CARTESIAN_POINT('Ctrl Pts',(-8.60439445563327,8.37526413475595,65.2204847540205));
#7334=CARTESIAN_POINT('Ctrl Pts',(-8.59394592982858,8.37520706342135,65.2240594286079));
#7335=CARTESIAN_POINT('Origin',(0.,10.,65.25));
#7336=CARTESIAN_POINT('',(0.,8.375,65.25));
#7337=CARTESIAN_POINT('Origin',(0.868829047299987,10.,65.25));
#7338=CARTESIAN_POINT('Origin',(-3.93590000000001,-29.1578329817846,-3.50735000000001));
#7339=CARTESIAN_POINT('',(-2.35352859109953,-17.4353498760474,-8.88178419700125E-15));
#7340=CARTESIAN_POINT('Origin',(-3.93590000000001,-29.1578329817846,-8.88178419700125E-15));
#7341=CARTESIAN_POINT('',(-3.29190448062461,-24.3870019660155,-7.01470000000001));
#7342=CARTESIAN_POINT('',(-2.35352859109953,-17.4353498760474,-8.88178419700125E-15));
#7343=CARTESIAN_POINT('',(-8.75000000000001,-29.1578329817846,-7.01470000000001));
#7344=CARTESIAN_POINT('Origin',(-3.93590000000001,-29.1578329817846,-7.01470000000001));
#7345=CARTESIAN_POINT('',(-8.75000000000001,-28.,-6.8774228154474));
#7346=CARTESIAN_POINT('Ctrl Pts',(-8.75000000000001,-29.1578329817846,-7.0147));
#7347=CARTESIAN_POINT('Ctrl Pts',(-8.75000000000001,-28.587054549531,-7.0147));
#7348=CARTESIAN_POINT('Ctrl Pts',(-8.75000000000001,-28.0000000000004,-6.87742281544748));
#7349=CARTESIAN_POINT('Ctrl Pts',(-8.75000000009426,-27.9999999999058,-6.87742281533373));
#7350=CARTESIAN_POINT('Ctrl Pts',(-9.82560256177478,-26.9243974382252,-5.5801218475369));
#7351=CARTESIAN_POINT('Ctrl Pts',(-12.6147650836365,-24.1352349163635,-1.80777983471712));
#7352=CARTESIAN_POINT('Ctrl Pts',(-13.75,-23.,-0.242796985950951));
#7353=CARTESIAN_POINT('Origin',(-4.44089209850063E-15,0.,-3.50735000000001));
#7354=CARTESIAN_POINT('',(2.35352859109953,-17.4353498760474,-8.88178419700125E-15));
#7355=CARTESIAN_POINT('Origin',(-4.44089209850063E-15,0.,-8.88178419700125E-15));
#7356=CARTESIAN_POINT('',(3.29190448062459,-24.3870019660155,-7.01470000000001));
#7357=CARTESIAN_POINT('',(2.35352859109953,-17.4353498760474,-8.88178419700125E-15));
#7358=CARTESIAN_POINT('Origin',(-4.44089209850063E-15,0.,-7.01470000000001));
#7359=CARTESIAN_POINT('Origin',(3.93589999999999,-29.1578329817846,-3.50735000000001));
#7360=CARTESIAN_POINT('',(15.7647,-29.1578329817846,-8.88178419700125E-15));
#7361=CARTESIAN_POINT('Origin',(3.93589999999999,-29.1578329817846,-8.88178419700125E-15));
#7362=CARTESIAN_POINT('',(8.74999999999999,-29.1578329817846,-7.01470000000001));
#7363=CARTESIAN_POINT('',(15.7647,-29.1578329817846,-8.88178419700125E-15));
#7364=CARTESIAN_POINT('Origin',(3.93589999999999,-29.1578329817846,-7.01470000000001));
#7365=CARTESIAN_POINT('Origin',(12.25735,-25.74762916035,-3.50735000000001));
#7366=CARTESIAN_POINT('',(15.7647,-32.3153,-8.88178419700125E-15));
#7367=CARTESIAN_POINT('',(8.75,-39.33,-7.01470000000001));
#7368=CARTESIAN_POINT('',(16.073628473275,-32.006371526725,0.308928473274991));
#7369=CARTESIAN_POINT('',(8.74999999999999,-25.74762916035,-7.01470000000001));
#7370=CARTESIAN_POINT('',(15.7647,-25.74762916035,-8.88178419700125E-15));
#7371=CARTESIAN_POINT('Origin',(23.70322289605,-10.1650861069,-8.88178419700125E-15));
#7372=CARTESIAN_POINT('',(-11.2829227492625,-27.7170772507375,-8.88178419700125E-15));
#7373=CARTESIAN_POINT('',(-15.8654658027125,21.1345341972875,-8.88178419700125E-15));
#7374=CARTESIAN_POINT('',(29.8843,13.,0.));
#7375=CARTESIAN_POINT('',(32.1303022507375,10.7539977492625,-8.88178419700125E-15));
#7376=CARTESIAN_POINT('',(29.8843,-15.,-8.88178419700125E-15));
#7377=CARTESIAN_POINT('',(29.8843,21.,0.));
#7378=CARTESIAN_POINT('',(29.8843,-5.08254305345,-8.88178419700125E-15));
#7379=CARTESIAN_POINT('',(23.8620341972875,-24.2179658027125,-8.88178419700125E-15));
#7380=CARTESIAN_POINT('',(-16.0500000000001,-1.96555811263151E-15,-8.88178419700125E-15));
#7381=CARTESIAN_POINT('Origin',(-4.44089209850063E-15,0.,-8.88178419700125E-15));
#7382=CARTESIAN_POINT('Origin',(-8.75,-41.3301722138,-4.44089209850063E-15));
#7383=CARTESIAN_POINT('',(-6.75000000000001,-41.3301722138,-32.));
#7384=CARTESIAN_POINT('',(-6.75000000000001,-41.3301722138,-3.1630678000993E-15));
#7385=CARTESIAN_POINT('',(6.75,-41.3301722138,-32.));
#7386=CARTESIAN_POINT('',(-4.37500000000001,-41.3301722138,-32.));
#7387=CARTESIAN_POINT('',(6.75,-41.3301722138,-4.44089209850063E-15));
#7388=CARTESIAN_POINT('Origin',(-7.75000000000001,-40.3301722138,-3.1630678000993E-15));
#7389=CARTESIAN_POINT('',(-8.75000000000001,-39.3301722138,-32.2218482083));
#7390=CARTESIAN_POINT('',(-8.75000000000001,-39.3301722138,-3.1630678000993E-15));
#7391=CARTESIAN_POINT('',(-7.86092410415001,-40.21924810965,-33.11092410415));
#7392=CARTESIAN_POINT('',(-15.448554262825,-32.631617950975,-25.523293945475));
#7393=CARTESIAN_POINT('',(-8.75,-39.3301722138,-34.));
#7394=CARTESIAN_POINT('Origin',(-8.75000000000001,-23.,-1.88524350169798E-15));
#7395=CARTESIAN_POINT('',(-8.75000000000001,-28.,-9.42621750848991E-16));
#7396=CARTESIAN_POINT('',(-8.75000000000001,-29.1578329817846,-23.5876758366419));
#7397=CARTESIAN_POINT('',(-8.75000000000001,-29.1578329817846,-8.88178419700125E-15));
#7398=CARTESIAN_POINT('',(-8.75,-29.1578329817841,-30.8407241633577));
#7399=CARTESIAN_POINT('Origin',(-8.74999999999998,-32.5999722138,-27.2142));
#7400=CARTESIAN_POINT('',(-8.75000000000001,-29.1578329817846,-32.2218482083));
#7401=CARTESIAN_POINT('',(-8.75000000000001,-29.1578329817846,-8.88178419700125E-15));
#7402=CARTESIAN_POINT('',(-8.75000000000001,-27.58254305345,-32.2218482083));
#7403=CARTESIAN_POINT('Origin',(-7.86092410415001,-27.58254305345,-33.11092410415));
#7404=CARTESIAN_POINT('',(-6.97184820830001,-29.1578329817846,-34.));
#7405=CARTESIAN_POINT('',(-8.75000000000001,-29.1578329817846,-32.2218482083));
#7406=CARTESIAN_POINT('',(-6.9718482083,-39.3301722138,-34.));
#7407=CARTESIAN_POINT('',(-6.97184820830001,-27.58254305345,-34.));
#7408=CARTESIAN_POINT('',(-5.21079394547501,-37.569117950975,-35.761054262825));
#7409=CARTESIAN_POINT('Origin',(-3.93590000000001,-29.1578329817846,-33.11092410415));
#7410=CARTESIAN_POINT('',(-3.29190448062461,-24.3870019660155,-32.2218482083));
#7411=CARTESIAN_POINT('Origin',(-3.93590000000001,-29.1578329817846,-32.2218482083));
#7412=CARTESIAN_POINT('',(-3.52977278137119,-26.1491717835489,-34.));
#7413=CARTESIAN_POINT('',(-3.29190448062461,-24.3870019660155,-32.2218482083));
#7414=CARTESIAN_POINT('Origin',(-3.93590000000001,-29.1578329817846,-34.));
#7415=CARTESIAN_POINT('Origin',(-4.44089209850063E-15,3.80956879093351E-17,
-33.11092410415));
#7416=CARTESIAN_POINT('',(3.29190448062459,-24.3870019660155,-32.2218482083));
#7417=CARTESIAN_POINT('',(3.52977278137118,-26.1491717835489,-34.));
#7418=CARTESIAN_POINT('',(3.29190448062459,-24.3870019660155,-32.2218482083));
#7419=CARTESIAN_POINT('Origin',(-4.44089209850063E-15,7.61913758186702E-17,
-34.));
#7420=CARTESIAN_POINT('Origin',(-4.44089209850063E-15,0.,-32.2218482083));
#7421=CARTESIAN_POINT('Origin',(3.93589999999999,-29.1578329817846,-33.11092410415));
#7422=CARTESIAN_POINT('',(8.74999999999999,-29.1578329817846,-32.2218482083));
#7423=CARTESIAN_POINT('Origin',(3.93589999999999,-29.1578329817846,-32.2218482083));
#7424=CARTESIAN_POINT('',(6.97184820829999,-29.1578329817846,-34.));
#7425=CARTESIAN_POINT('',(8.74999999999999,-29.1578329817846,-32.2218482083));
#7426=CARTESIAN_POINT('Origin',(3.93589999999999,-29.1578329817846,-34.));
#7427=CARTESIAN_POINT('Origin',(7.86092410414999,-36.74762916035,-33.11092410415));
#7428=CARTESIAN_POINT('',(7.86092410415,-40.21924810965,-33.11092410415));
#7429=CARTESIAN_POINT('',(6.97184820829999,-39.3301722138,-34.));
#7430=CARTESIAN_POINT('',(5.27997496329166,-37.6382989687917,-35.6918732450083));
#7431=CARTESIAN_POINT('',(6.97184820829999,-36.74762916035,-34.));
#7432=CARTESIAN_POINT('',(8.75,-39.3301722138,-32.2218482083));
#7433=CARTESIAN_POINT('',(8.74999999999999,-36.74762916035,-32.2218482083));
#7434=CARTESIAN_POINT('',(13.921039911675,-34.159132302125,-27.050808296625));
#7435=CARTESIAN_POINT('Origin',(-6.66133814775094E-15,-32.1650861069,-34.));
#7436=CARTESIAN_POINT('',(-4.37500000000001,-39.3301722138,-34.));
#7437=CARTESIAN_POINT('',(-6.24999999999979,-28.9749722138,-34.));
#7438=CARTESIAN_POINT('',(-6.25000000000001,-36.2249722138,-34.));
#7439=CARTESIAN_POINT('',(-6.24999999999984,-30.5700291603499,-34.));
#7440=CARTESIAN_POINT('',(-2.75000000000001,-36.2249722138,-34.));
#7441=CARTESIAN_POINT('',(-3.12500000000003,-36.2249722138,-34.));
#7442=CARTESIAN_POINT('',(-2.74999999999979,-28.9749722138,-34.));
#7443=CARTESIAN_POINT('',(-2.74999999999994,-34.19502916035,-34.));
#7444=CARTESIAN_POINT('',(-1.37499999999988,-28.9749722138,-34.));
#7445=CARTESIAN_POINT('',(6.25,-36.2249722138,-34.));
#7446=CARTESIAN_POINT('',(6.24999999999999,-28.9749722138,-34.));
#7447=CARTESIAN_POINT('',(6.25,-34.19502916035,-34.));
#7448=CARTESIAN_POINT('',(2.74999999999999,-28.9749722138,-34.));
#7449=CARTESIAN_POINT('',(3.12499999999999,-28.9749722138,-34.));
#7450=CARTESIAN_POINT('',(2.75,-36.2249722138,-34.));
#7451=CARTESIAN_POINT('',(2.74999999999999,-30.57002916035,-34.));
#7452=CARTESIAN_POINT('',(1.375,-36.2249722138,-34.));
#7453=CARTESIAN_POINT('Origin',(7.75,-40.3301722138,-4.44089209850063E-15));
#7454=CARTESIAN_POINT('',(6.75,-41.3301722138,-32.));
#7455=CARTESIAN_POINT('',(8.75,-39.3301722138,-4.44089209850063E-15));
#7456=CARTESIAN_POINT('Origin',(-4.37500000000001,-40.3301722138,-33.));
#7457=CARTESIAN_POINT('Origin',(16.915,-31.165,-2.22044604925031E-15));
#7458=CARTESIAN_POINT('',(8.75,-39.33,-2.22044604925031E-15));
#7459=CARTESIAN_POINT('Origin',(8.75,-41.3301722138,-4.44089209850063E-15));
#7460=CARTESIAN_POINT('',(8.75,-29.1578329817841,-30.8407241633576));
#7461=CARTESIAN_POINT('',(8.74999999999999,-29.1578329817846,-8.88178419700125E-15));
#7462=CARTESIAN_POINT('',(8.74999999999999,-29.1578329817846,-23.5876758366419));
#7463=CARTESIAN_POINT('Origin',(8.75000000000003,-32.5999722138,-27.2142));
#7464=CARTESIAN_POINT('',(8.74999999999999,-29.1578329817846,-8.88178419700125E-15));
#7465=CARTESIAN_POINT('Origin',(-11.25,-25.5,-9.42621750848991E-16));
#7466=CARTESIAN_POINT('Origin',(48.8466257322,-15.,38.2512038252));
#7467=CARTESIAN_POINT('',(48.8466257322,-15.,38.2512038252));
#7468=CARTESIAN_POINT('',(39.3466257322,-15.,38.2512038252));
#7469=CARTESIAN_POINT('',(60.12653576215,-15.,38.2512038252));
#7470=CARTESIAN_POINT('',(48.8466257322,-18.75,38.2512038252));
#7471=CARTESIAN_POINT('',(48.8466257322,-15.,38.2512038252));
#7472=CARTESIAN_POINT('',(39.3466257322,-18.75,38.2512038252));
#7473=CARTESIAN_POINT('',(51.4716257322,-18.75,38.2512038252));
#7474=CARTESIAN_POINT('',(39.3466257322,-15.,38.2512038252));
#7475=CARTESIAN_POINT('Origin',(48.8466257322,-15.,30.2512038252001));
#7476=CARTESIAN_POINT('',(48.8466257322,-15.,30.2512038252001));
#7477=CARTESIAN_POINT('',(48.8466257322,-15.,15.1256019126));
#7478=CARTESIAN_POINT('',(48.8466257322,-18.75,30.2512038252001));
#7479=CARTESIAN_POINT('',(48.8466257322,-15.,30.2512038252001));
#7480=CARTESIAN_POINT('',(48.8466257322,-18.75,32.2512038252));
#7481=CARTESIAN_POINT('Origin',(39.3466257322,-15.,30.2512038252));
#7482=CARTESIAN_POINT('',(39.3466257322,-15.,30.2512038252));
#7483=CARTESIAN_POINT('',(55.37653576215,-15.,30.2512038252001));
#7484=CARTESIAN_POINT('',(39.3466257322,-18.75,30.2512038252));
#7485=CARTESIAN_POINT('',(39.3466257322,-15.,30.2512038252));
#7486=CARTESIAN_POINT('',(46.7216257322,-18.75,30.2512038252001));
#7487=CARTESIAN_POINT('Origin',(39.3466257322,-15.,38.2512038252));
#7488=CARTESIAN_POINT('',(39.3466257322,-15.,19.1256019126));
#7489=CARTESIAN_POINT('',(39.3466257322,-18.75,36.2512038252));
#7490=CARTESIAN_POINT('Origin',(54.0966257322,-18.75,34.2512038252));
#7491=CARTESIAN_POINT('',(43.0966257322,-18.75,36.7512038252));
#7492=CARTESIAN_POINT('',(45.0966257322,-18.75,36.7512038252));
#7493=CARTESIAN_POINT('',(49.5966257322,-18.75,36.7512038252));
#7494=CARTESIAN_POINT('',(43.0966257322,-18.75,31.7512038252));
#7495=CARTESIAN_POINT('Origin',(43.0966257322,-18.75,34.2512038252));
#7496=CARTESIAN_POINT('',(45.0966257322,-18.75,31.7512038252));
#7497=CARTESIAN_POINT('',(48.5966257322,-18.75,31.7512038252));
#7498=CARTESIAN_POINT('Origin',(45.0966257322,-18.75,34.2512038252));
#7499=CARTESIAN_POINT('Origin',(59.3466257322,-15.,30.2512038252));
#7500=CARTESIAN_POINT('',(59.3466257322,-15.,30.2512038252));
#7501=CARTESIAN_POINT('',(68.8466257322,-15.,30.2512038252));
#7502=CARTESIAN_POINT('',(65.37653576215,-15.,30.2512038252));
#7503=CARTESIAN_POINT('',(59.3466257322,-18.75,30.2512038252));
#7504=CARTESIAN_POINT('',(59.3466257322,-15.,30.2512038252));
#7505=CARTESIAN_POINT('',(68.8466257322,-18.75,30.2512038252));
#7506=CARTESIAN_POINT('',(56.7216257322,-18.75,30.2512038252));
#7507=CARTESIAN_POINT('',(68.8466257322,-15.,30.2512038252));
#7508=CARTESIAN_POINT('Origin',(59.3466257322,-15.,38.2512038252));
#7509=CARTESIAN_POINT('',(59.3466257322,-15.,38.2512038252));
#7510=CARTESIAN_POINT('',(59.3466257322,-15.,19.1256019126));
#7511=CARTESIAN_POINT('',(59.3466257322,-18.75,38.2512038252));
#7512=CARTESIAN_POINT('',(59.3466257322,-15.,38.2512038252));
#7513=CARTESIAN_POINT('',(59.3466257322,-18.75,36.2512038252));
#7514=CARTESIAN_POINT('Origin',(68.8466257322,-15.,38.2512038252));
#7515=CARTESIAN_POINT('',(68.8466257322,-15.,38.2512038252));
#7516=CARTESIAN_POINT('',(70.12653576215,-15.,38.2512038252));
#7517=CARTESIAN_POINT('',(68.8466257322,-18.75,38.2512038252));
#7518=CARTESIAN_POINT('',(68.8466257322,-15.,38.2512038252));
#7519=CARTESIAN_POINT('',(61.4716257322,-18.75,38.2512038252));
#7520=CARTESIAN_POINT('Origin',(68.8466257322,-15.,30.2512038252));
#7521=CARTESIAN_POINT('',(68.8466257322,-15.,15.1256019126));
#7522=CARTESIAN_POINT('',(68.8466257322,-18.75,32.2512038252));
#7523=CARTESIAN_POINT('Origin',(54.0966257322,-18.75,34.2512038252));
#7524=CARTESIAN_POINT('',(63.0966257322,-18.75,36.7512038252));
#7525=CARTESIAN_POINT('',(65.0966257322,-18.75,36.7512038252));
#7526=CARTESIAN_POINT('',(59.5966257322,-18.75,36.7512038252));
#7527=CARTESIAN_POINT('',(63.0966257322,-18.75,31.7512038252));
#7528=CARTESIAN_POINT('Origin',(63.0966257322,-18.75,34.2512038252));
#7529=CARTESIAN_POINT('',(65.0966257322,-18.75,31.7512038252));
#7530=CARTESIAN_POINT('',(58.5966257322,-18.75,31.7512038252));
#7531=CARTESIAN_POINT('Origin',(65.0966257322,-18.75,34.2512038252));
#7532=CARTESIAN_POINT('Origin',(43.0966257322,0.,31.7512038252));
#7533=CARTESIAN_POINT('',(43.0966257322,0.,31.7512038252));
#7534=CARTESIAN_POINT('',(45.0966257322,0.,31.7512038252));
#7535=CARTESIAN_POINT('Origin',(43.0966257322,0.,34.2512038252));
#7536=CARTESIAN_POINT('',(43.0966257322,0.,36.7512038252));
#7537=CARTESIAN_POINT('Origin',(63.0966257322,0.,31.7512038252));
#7538=CARTESIAN_POINT('',(63.0966257322,0.,31.7512038252));
#7539=CARTESIAN_POINT('',(65.0966257322,0.,31.7512038252));
#7540=CARTESIAN_POINT('Origin',(63.0966257322,0.,34.2512038252));
#7541=CARTESIAN_POINT('',(63.0966257322,0.,36.7512038252));
#7542=CARTESIAN_POINT('Origin',(29.8843,0.,80.));
#7543=CARTESIAN_POINT('',(71.4064457921,-15.,59.0711155873822));
#7544=CARTESIAN_POINT('',(71.4064457921,-11.5,59.0711155873822));
#7545=CARTESIAN_POINT('',(62.5165532783574,-15.,63.5519902943948));
#7546=CARTESIAN_POINT('Origin',(65.0966257322,0.,36.7512038252));
#7547=CARTESIAN_POINT('',(65.0966257322,0.,36.7512038252));
#7548=CARTESIAN_POINT('Origin',(65.0966257322,0.,34.2512038252));
#7549=CARTESIAN_POINT('Origin',(71.4064457921,0.,20.9288844126178));
#7550=CARTESIAN_POINT('',(71.4064457921,-15.,20.9288844126178));
#7551=CARTESIAN_POINT('',(67.2004889620631,-15.,18.8089076469409));
#7552=CARTESIAN_POINT('',(71.4064457921,-11.5,20.9288844126178));
#7553=CARTESIAN_POINT('Origin',(45.0966257322,0.,36.7512038252));
#7554=CARTESIAN_POINT('',(45.0966257322,0.,36.7512038252));
#7555=CARTESIAN_POINT('Origin',(45.0966257322,0.,34.2512038252));
#7556=CARTESIAN_POINT('Origin',(24.8843,-10.,14.75));
#7557=CARTESIAN_POINT('',(24.8843,-13.,14.75));
#7558=CARTESIAN_POINT('Origin',(24.8843,-10.,14.75));
#7559=CARTESIAN_POINT('',(24.8843,-13.,14.75));
#7560=CARTESIAN_POINT('Origin',(24.8843,-10.,29.75));
#7561=CARTESIAN_POINT('',(24.8843,-13.,29.75));
#7562=CARTESIAN_POINT('Origin',(24.8843,-10.,29.75));
#7563=CARTESIAN_POINT('',(24.8843,-13.,29.75));
#7564=CARTESIAN_POINT('Origin',(24.8843,1.00929365875014E-15,40.));
#7565=CARTESIAN_POINT('',(24.8843,-11.625,29.75));
#7566=CARTESIAN_POINT('Origin',(24.8843,-10.,29.75));
#7567=CARTESIAN_POINT('Origin',(24.8843,10.,29.75));
#7568=CARTESIAN_POINT('',(24.8843,7.,29.75));
#7569=CARTESIAN_POINT('Origin',(24.8843,10.,29.75));
#7570=CARTESIAN_POINT('',(24.8843,7.,29.75));
#7571=CARTESIAN_POINT('Origin',(24.8843,1.00929365875014E-15,40.));
#7572=CARTESIAN_POINT('',(24.8843,8.375,29.75));
#7573=CARTESIAN_POINT('Origin',(24.8843,10.,29.75));
#7574=CARTESIAN_POINT('Origin',(24.8843,10.,50.25));
#7575=CARTESIAN_POINT('',(24.8843,7.,50.25));
#7576=CARTESIAN_POINT('Origin',(24.8843,10.,50.25));
#7577=CARTESIAN_POINT('',(24.8843,7.,50.25));
#7578=CARTESIAN_POINT('Origin',(24.8843,1.00929365875014E-15,40.));
#7579=CARTESIAN_POINT('',(24.8843,8.375,50.25));
#7580=CARTESIAN_POINT('Origin',(24.8843,10.,50.25));
#7581=CARTESIAN_POINT('Origin',(24.8843,-10.,50.25));
#7582=CARTESIAN_POINT('',(24.8843,-13.,50.25));
#7583=CARTESIAN_POINT('Origin',(24.8843,-10.,50.25));
#7584=CARTESIAN_POINT('',(24.8843,-13.,50.25));
#7585=CARTESIAN_POINT('Origin',(24.8843,1.00929365875014E-15,40.));
#7586=CARTESIAN_POINT('',(24.8843,-11.625,50.25));
#7587=CARTESIAN_POINT('Origin',(24.8843,-10.,50.25));
#7588=CARTESIAN_POINT('Origin',(24.8843,1.00929365875014E-15,40.));
#7589=CARTESIAN_POINT('',(24.8843,-11.625,14.75));
#7590=CARTESIAN_POINT('Origin',(24.8843,-10.,14.75));
#7591=CARTESIAN_POINT('Origin',(24.8843,1.00929365875014E-15,40.));
#7592=CARTESIAN_POINT('',(24.8843,8.375,14.75));
#7593=CARTESIAN_POINT('Origin',(24.8843,10.,14.75));
#7594=CARTESIAN_POINT('Origin',(24.8843,1.00929365875014E-15,40.));
#7595=CARTESIAN_POINT('',(24.8843,8.375,65.25));
#7596=CARTESIAN_POINT('Origin',(24.8843,10.,65.25));
#7597=CARTESIAN_POINT('Origin',(24.8843,1.00929365875014E-15,40.));
#7598=CARTESIAN_POINT('',(24.8843,-11.625,65.25));
#7599=CARTESIAN_POINT('Origin',(24.8843,-10.,65.25));
#7600=CARTESIAN_POINT('Origin',(0.,-10.,29.75));
#7601=CARTESIAN_POINT('',(0.,-11.625,29.75));
#7602=CARTESIAN_POINT('Origin',(0.,-10.,29.75));
#7603=CARTESIAN_POINT('',(29.8843,-11.625,29.75));
#7604=CARTESIAN_POINT('',(0.,-11.625,29.75));
#7605=CARTESIAN_POINT('Origin',(29.8843,-10.,29.75));
#7606=CARTESIAN_POINT('Origin',(-1.97215226305253E-30,10.,50.25));
#7607=CARTESIAN_POINT('',(-1.97215226305253E-30,8.375,50.25));
#7608=CARTESIAN_POINT('Origin',(-1.97215226305253E-30,10.,50.25));
#7609=CARTESIAN_POINT('',(29.8843,8.375,50.25));
#7610=CARTESIAN_POINT('',(-1.97215226305253E-30,8.375,50.25));
#7611=CARTESIAN_POINT('Origin',(29.8843,10.,50.25));
#7612=CARTESIAN_POINT('Origin',(0.,10.,29.75));
#7613=CARTESIAN_POINT('',(0.,8.375,29.75));
#7614=CARTESIAN_POINT('Origin',(0.,10.,29.75));
#7615=CARTESIAN_POINT('',(29.8843,8.375,29.75));
#7616=CARTESIAN_POINT('',(0.,8.375,29.75));
#7617=CARTESIAN_POINT('Origin',(29.8843,10.,29.75));
#7618=CARTESIAN_POINT('Origin',(-1.97215226305253E-30,-10.,50.25));
#7619=CARTESIAN_POINT('',(-1.97215226305253E-30,-11.625,50.25));
#7620=CARTESIAN_POINT('Origin',(-1.97215226305253E-30,-10.,50.25));
#7621=CARTESIAN_POINT('',(29.8843,-11.625,50.25));
#7622=CARTESIAN_POINT('',(-1.97215226305253E-30,-11.625,50.25));
#7623=CARTESIAN_POINT('Origin',(29.8843,-10.,50.25));
#7624=CARTESIAN_POINT('Origin',(0.,-10.,14.75));
#7625=CARTESIAN_POINT('',(29.8843,-11.625,14.75));
#7626=CARTESIAN_POINT('',(0.,-11.625,14.75));
#7627=CARTESIAN_POINT('Origin',(29.8843,-10.,14.75));
#7628=CARTESIAN_POINT('Origin',(0.,10.,65.25));
#7629=CARTESIAN_POINT('',(29.8843,8.375,65.25));
#7630=CARTESIAN_POINT('',(0.,8.375,65.25));
#7631=CARTESIAN_POINT('Origin',(29.8843,10.,65.25));
#7632=CARTESIAN_POINT('Origin',(0.,10.,14.75));
#7633=CARTESIAN_POINT('',(29.8843,8.375,14.75));
#7634=CARTESIAN_POINT('',(0.,8.375,14.75));
#7635=CARTESIAN_POINT('Origin',(29.8843,10.,14.75));
#7636=CARTESIAN_POINT('Origin',(0.,-10.,65.25));
#7637=CARTESIAN_POINT('',(0.,-11.625,65.25));
#7638=CARTESIAN_POINT('Origin',(0.,-10.,65.25));
#7639=CARTESIAN_POINT('',(29.8843,-11.625,65.25));
#7640=CARTESIAN_POINT('',(0.,-11.625,65.25));
#7641=CARTESIAN_POINT('Origin',(29.8843,-10.,65.25));
#7642=CARTESIAN_POINT('Origin',(9.25,-32.5999722138,-27.2142));
#7643=CARTESIAN_POINT('',(8.32075835852361,-27.1707305723236,-27.2142));
#7644=CARTESIAN_POINT('Ctrl Pts',(8.74999999999999,-29.1578329817844,-23.587675836642));
#7645=CARTESIAN_POINT('Ctrl Pts',(8.74999999999999,-28.9844037330967,-23.7522873472776));
#7646=CARTESIAN_POINT('Ctrl Pts',(8.74058432138605,-28.8173838941642,-23.921592691729));
#7647=CARTESIAN_POINT('Ctrl Pts',(8.68130380749945,-28.2482934524914,-24.5451582704226));
#7648=CARTESIAN_POINT('Ctrl Pts',(8.58983280449332,-27.8944968069124,-25.0209916915417));
#7649=CARTESIAN_POINT('Ctrl Pts',(8.41041579760551,-27.3595255807987,-26.0423801961929));
#7650=CARTESIAN_POINT('Ctrl Pts',(8.32075835852361,-27.1707305723236,-26.5836238278363));
#7651=CARTESIAN_POINT('Ctrl Pts',(8.32075835852361,-27.1707305723236,-27.2142));
#7652=CARTESIAN_POINT('Ctrl Pts',(8.32075835852361,-27.1707305723236,-27.2142));
#7653=CARTESIAN_POINT('Ctrl Pts',(8.32075835852361,-27.1707305723236,-27.8447761721637));
#7654=CARTESIAN_POINT('Ctrl Pts',(8.41041579760551,-27.3595255807987,-28.3860198038071));
#7655=CARTESIAN_POINT('Ctrl Pts',(8.58983280449332,-27.8944968069124,-29.4074083084583));
#7656=CARTESIAN_POINT('Ctrl Pts',(8.68130380749946,-28.2482934524914,-29.8832417295774));
#7657=CARTESIAN_POINT('Ctrl Pts',(8.74058432138604,-28.8173838941641,-30.5068073082708));
#7658=CARTESIAN_POINT('Ctrl Pts',(8.74999999999997,-28.9844037330964,-30.676112652722));
#7659=CARTESIAN_POINT('Ctrl Pts',(8.74999999999999,-29.1578329817839,-30.8407241633575));
#7660=CARTESIAN_POINT('',(9.75,-28.5999722138,-27.2142));
#7661=CARTESIAN_POINT('',(9.25,-28.0999722138,-27.2142));
#7662=CARTESIAN_POINT('Origin',(9.75,-32.5999722138,-27.2142));
#7663=CARTESIAN_POINT('Origin',(-3.93590000000001,-29.1578329817846,-8.88178419700125E-15));
#7664=CARTESIAN_POINT('',(-3.29190448062461,-24.3870019660155,-8.88178419700125E-15));
#7665=CARTESIAN_POINT('',(-8.32075835852363,-27.1707305723236,-27.2142));
#7666=CARTESIAN_POINT('Ctrl Pts',(-8.32075835852363,-27.1707305723236,-27.2142));
#7667=CARTESIAN_POINT('Ctrl Pts',(-8.32075835852363,-27.1707305723236,-27.8447761721637));
#7668=CARTESIAN_POINT('Ctrl Pts',(-8.41041579760553,-27.3595255807987,-28.3860198038071));
#7669=CARTESIAN_POINT('Ctrl Pts',(-8.58983280449334,-27.8944968069124,-29.4074083084583));
#7670=CARTESIAN_POINT('Ctrl Pts',(-8.68130380749948,-28.2482934524914,-29.8832417295774));
#7671=CARTESIAN_POINT('Ctrl Pts',(-8.74058432138606,-28.8173838941641,-30.5068073082708));
#7672=CARTESIAN_POINT('Ctrl Pts',(-8.74999999999998,-28.9844037330964,-30.6761126527221));
#7673=CARTESIAN_POINT('Ctrl Pts',(-8.75000000000001,-29.1578329817839,-30.8407241633575));
#7674=CARTESIAN_POINT('Ctrl Pts',(-8.75000000000001,-29.1578329817844,-23.5876758366421));
#7675=CARTESIAN_POINT('Ctrl Pts',(-8.75,-28.9844037330967,-23.7522873472777));
#7676=CARTESIAN_POINT('Ctrl Pts',(-8.74058432138607,-28.8173838941643,-23.9215926917291));
#7677=CARTESIAN_POINT('Ctrl Pts',(-8.68130380749948,-28.2482934524914,-24.5451582704226));
#7678=CARTESIAN_POINT('Ctrl Pts',(-8.58983280449334,-27.8944968069124,-25.0209916915417));
#7679=CARTESIAN_POINT('Ctrl Pts',(-8.41041579760553,-27.3595255807987,-26.0423801961929));
#7680=CARTESIAN_POINT('Ctrl Pts',(-8.32075835852363,-27.1707305723236,-26.5836238278363));
#7681=CARTESIAN_POINT('Ctrl Pts',(-8.32075835852363,-27.1707305723236,-27.2142));
#7682=CARTESIAN_POINT('Origin',(9.75,-36.5999722138,-27.2142));
#7683=CARTESIAN_POINT('',(9.75,-30.5999722138,-27.2142));
#7684=CARTESIAN_POINT('Origin',(9.75,-32.5999722138,-27.2142));
#7685=CARTESIAN_POINT('Origin',(-9.75,-34.5999722138,-27.2142));
#7686=CARTESIAN_POINT('',(-9.75,-28.5999722138,-27.2142));
#7687=CARTESIAN_POINT('Origin',(-9.75,-32.5999722138,-27.2142));
#7688=CARTESIAN_POINT('',(-9.75000000000001,-30.5999722138,-27.2142));
#7689=CARTESIAN_POINT('Origin',(-9.75,-32.5999722138,-27.2142));
#7690=CARTESIAN_POINT('Origin',(-9.25000000000001,-32.5999722138,-27.2142));
#7691=CARTESIAN_POINT('',(-9.25000000000001,-28.0999722138,-27.2142));
#7692=CARTESIAN_POINT('Origin',(1.88737914186277E-14,-32.5999722138,-27.2142));
#7693=CARTESIAN_POINT('',(2.74999999999999,-30.5999722138001,-27.2142));
#7694=CARTESIAN_POINT('Origin',(2.74999999999999,-32.5999722138,-27.2142));
#7695=CARTESIAN_POINT('',(-2.75000000000001,-30.5999722138001,-27.2142));
#7696=CARTESIAN_POINT('',(1.88737914186277E-14,-30.5999722138001,-27.2142));
#7697=CARTESIAN_POINT('Origin',(-2.75000000000001,-32.5999722138,-27.2142));
#7698=CARTESIAN_POINT('Origin',(8.,-32.5999722138,-27.2142));
#7699=CARTESIAN_POINT('',(6.25,-30.5999722138,-27.2142));
#7700=CARTESIAN_POINT('',(8.,-30.5999722138,-27.2142));
#7701=CARTESIAN_POINT('Origin',(6.25,-32.5999722138,-27.2142));
#7702=CARTESIAN_POINT('Origin',(-7.99999999999998,-32.5999722138,-27.2142));
#7703=CARTESIAN_POINT('',(-6.24999999999979,-30.5999722138,-27.2142));
#7704=CARTESIAN_POINT('Origin',(-6.24999999999979,-32.5999722138,-27.2142));
#7705=CARTESIAN_POINT('',(-7.99999999999998,-30.5999722138,-27.2142));
#7706=CARTESIAN_POINT('Origin',(-2.75000000000001,-36.2249722138,-34.));
#7707=CARTESIAN_POINT('',(-2.75000000000001,-36.2249722138,-23.5735));
#7708=CARTESIAN_POINT('',(-2.75000000000001,-36.2249722138,-34.));
#7709=CARTESIAN_POINT('',(-2.74999999999979,-28.9749722138,-23.5735));
#7710=CARTESIAN_POINT('',(-2.74999999999984,-30.7874722138,-23.5735));
#7711=CARTESIAN_POINT('',(-2.74999999999979,-28.9749722138,-34.));
#7712=CARTESIAN_POINT('Origin',(-6.25000000000001,-36.2249722138,-34.));
#7713=CARTESIAN_POINT('',(-6.25000000000001,-36.2249722138,-23.5735));
#7714=CARTESIAN_POINT('',(-6.25000000000001,-36.2249722138,-34.));
#7715=CARTESIAN_POINT('',(-1.37500000000003,-36.2249722138,-23.5735));
#7716=CARTESIAN_POINT('Origin',(-6.24999999999979,-28.9749722138,-34.));
#7717=CARTESIAN_POINT('',(-6.24999999999979,-28.9749722138,-23.5735));
#7718=CARTESIAN_POINT('',(-6.24999999999979,-28.9749722138,-34.));
#7719=CARTESIAN_POINT('',(-6.24999999999995,-34.4124722137999,-23.5735));
#7720=CARTESIAN_POINT('Origin',(-2.74999999999979,-28.9749722138,-34.));
#7721=CARTESIAN_POINT('',(-3.12499999999987,-28.9749722138,-23.5735));
#7722=CARTESIAN_POINT('Origin',(-3.33066907387547E-15,-32.5999722138,-23.5735));
#7723=CARTESIAN_POINT('Origin',(2.74999999999999,-28.9749722138,-34.));
#7724=CARTESIAN_POINT('',(2.74999999999999,-28.9749722138,-23.5735));
#7725=CARTESIAN_POINT('',(2.74999999999999,-28.9749722138,-34.));
#7726=CARTESIAN_POINT('',(2.75,-36.2249722138,-23.5735));
#7727=CARTESIAN_POINT('',(2.74999999999999,-34.4124722138,-23.5735));
#7728=CARTESIAN_POINT('',(2.75,-36.2249722138,-34.));
#7729=CARTESIAN_POINT('Origin',(6.24999999999999,-28.9749722138,-34.));
#7730=CARTESIAN_POINT('',(6.24999999999999,-28.9749722138,-23.5735));
#7731=CARTESIAN_POINT('',(6.24999999999999,-28.9749722138,-34.));
#7732=CARTESIAN_POINT('',(1.37499999999999,-28.9749722138,-23.5735));
#7733=CARTESIAN_POINT('Origin',(6.25,-36.2249722138,-34.));
#7734=CARTESIAN_POINT('',(6.25,-36.2249722138,-23.5735));
#7735=CARTESIAN_POINT('',(6.25,-36.2249722138,-34.));
#7736=CARTESIAN_POINT('',(6.24999999999999,-30.7874722138,-23.5735));
#7737=CARTESIAN_POINT('Origin',(2.75,-36.2249722138,-34.));
#7738=CARTESIAN_POINT('',(3.125,-36.2249722138,-23.5735));
#7739=CARTESIAN_POINT('Origin',(-3.33066907387547E-15,-32.5999722138,-23.5735));
#7740=CARTESIAN_POINT('Origin',(-20.,-19.,0.));
#7741=CARTESIAN_POINT('Origin',(-20.,17.,0.));
#7742=CARTESIAN_POINT('Origin',(25.8843,17.,0.));
#7743=CARTESIAN_POINT('',(29.8843,13.,0.));
#7744=CARTESIAN_POINT('Origin',(3.93589999999999,-29.1578329817846,-8.88178419700125E-15));
#7745=CARTESIAN_POINT('',(3.29190448062459,-24.3870019660155,-8.88178419700125E-15));
#7746=CARTESIAN_POINT('Origin',(-4.44089209850063E-15,0.,-8.88178419700125E-15));
#7747=CARTESIAN_POINT('Origin',(-4.44089209850063E-15,0.,70.));
#7748=CARTESIAN_POINT('',(-16.0500000000001,-1.96555811263151E-15,70.));
#7749=CARTESIAN_POINT('Origin',(-4.44089209850063E-15,0.,70.));
#7750=CARTESIAN_POINT('Origin',(-4.44089209850063E-15,0.,9.99999999999999));
#7751=CARTESIAN_POINT('',(-16.0500000000001,-1.96555811263151E-15,9.99999999999999));
#7752=CARTESIAN_POINT('Origin',(-4.44089209850063E-15,0.,9.99999999999999));
#7753=CARTESIAN_POINT('Origin',(-4.44089209850063E-15,0.,-8.88178419700125E-15));
#7754=CARTESIAN_POINT('',(-16.0500000000001,-1.96555811263151E-15,-8.88178419700125E-15));
#7755=CARTESIAN_POINT('Origin',(-4.44089209850063E-15,0.,-8.88178419700125E-15));
#7756=CARTESIAN_POINT('',(-16.0500000000001,-1.96555811263151E-15,-8.88178419700125E-15));
#7757=CARTESIAN_POINT('Origin',(29.8843,-15.,0.));
#7758=CARTESIAN_POINT('',(29.8843,-15.,-8.88178419700125E-15));
#7759=CARTESIAN_POINT('Origin',(71.4064457921,-15.,-8.88178419700125E-15));
#7760=CARTESIAN_POINT('',(71.4064457921,-15.,-8.88178419700125E-15));
#7761=CARTESIAN_POINT('Origin',(71.4064457921,-23.,0.));
#7762=UNCERTAINTY_MEASURE_WITH_UNIT(LENGTH_MEASURE(0.01),#7766,
'DISTANCE_ACCURACY_VALUE',
'Maximum model space distance between geometric entities at asserted c
onnectivities');
#7763=UNCERTAINTY_MEASURE_WITH_UNIT(LENGTH_MEASURE(0.01),#7766,
'DISTANCE_ACCURACY_VALUE',
'Maximum model space distance between geometric entities at asserted c
onnectivities');
#7764=(
GEOMETRIC_REPRESENTATION_CONTEXT(3)
GLOBAL_UNCERTAINTY_ASSIGNED_CONTEXT((#7762))
GLOBAL_UNIT_ASSIGNED_CONTEXT((#7766,#7768,#7769))
REPRESENTATION_CONTEXT('','3D')
);
#7765=(
GEOMETRIC_REPRESENTATION_CONTEXT(3)
GLOBAL_UNCERTAINTY_ASSIGNED_CONTEXT((#7763))
GLOBAL_UNIT_ASSIGNED_CONTEXT((#7766,#7768,#7769))
REPRESENTATION_CONTEXT('','3D')
);
#7766=(
LENGTH_UNIT()
NAMED_UNIT(*)
SI_UNIT(.MILLI.,.METRE.)
);
#7767=(
LENGTH_UNIT()
NAMED_UNIT(*)
SI_UNIT($,.METRE.)
);
#7768=(
NAMED_UNIT(*)
PLANE_ANGLE_UNIT()
SI_UNIT($,.RADIAN.)
);
#7769=(
NAMED_UNIT(*)
SI_UNIT($,.STERADIAN.)
SOLID_ANGLE_UNIT()
);
#7770=SHAPE_DEFINITION_REPRESENTATION(#7771,#7772);
#7771=PRODUCT_DEFINITION_SHAPE('',$,#7774);
#7772=SHAPE_REPRESENTATION('',(#2894),#7764);
#7773=PRODUCT_DEFINITION_CONTEXT('part definition',#7778,'design');
#7774=PRODUCT_DEFINITION('Housing_Sq_6201','Housing_Sq_6201',#7775,#7773);
#7775=PRODUCT_DEFINITION_FORMATION('',$,#7780);
#7776=PRODUCT_RELATED_PRODUCT_CATEGORY('Housing_Sq_6201',
'Housing_Sq_6201',(#7780));
#7777=APPLICATION_PROTOCOL_DEFINITION('international standard',
'automotive_design',2009,#7778);
#7778=APPLICATION_CONTEXT(
'Core Data for Automotive Mechanical Design Process');
#7779=PRODUCT_CONTEXT('part definition',#7778,'mechanical');
#7780=PRODUCT('Housing_Sq_6201','Housing_Sq_6201',$,(#7779));
#7781=PRESENTATION_STYLE_ASSIGNMENT((#7782));
#7782=SURFACE_STYLE_USAGE(.BOTH.,#7783);
#7783=SURFACE_SIDE_STYLE('',(#7784));
#7784=SURFACE_STYLE_FILL_AREA(#7785);
#7785=FILL_AREA_STYLE('Paint - Enamel Glossy (Yellow)',(#7786));
#7786=FILL_AREA_STYLE_COLOUR('Paint - Enamel Glossy (Yellow)',#7787);
#7787=COLOUR_RGB('Paint - Enamel Glossy (Yellow)',0.909803921568627,0.67843137254902,
0.137254901960784);
ENDSEC;
END-ISO-10303-21;
