ISO-10303-21;
HEADER;
/* Generated by software containing ST-Developer
 * from STEP Tools, Inc. (www.steptools.com) 
 */

FILE_DESCRIPTION(
/* description */ (''),
/* implementation_level */ '2;1');

FILE_NAME(
/* name */ 'Cutterhead_Round_08.step',
/* time_stamp */ '2026-01-22T18:28:46-08:00',
/* author */ (''),
/* organization */ (''),
/* preprocessor_version */ 'ST-DEVELOPER v20.1',
/* originating_system */ 'Autodesk Translation Framework v14.21.0.0',
/* authorisation */ '');

FILE_SCHEMA (('AUTOMOTIVE_DESIGN { 1 0 10303 214 3 1 1 }'));
ENDSEC;

DATA;
#10=MECHANICAL_DESIGN_GEOMETRIC_PRESENTATION_REPRESENTATION('',(#13,#14),
#1862);
#11=SHAPE_REPRESENTATION_RELATIONSHIP('SRR','None',#1869,#12);
#12=ADVANCED_BREP_SHAPE_REPRESENTATION('',(#15,#16),#1861);
#13=STYLED_ITEM('',(#1879),#15);
#14=STYLED_ITEM('',(#1880),#16);
#15=MANIFOLD_SOLID_BREP('Body1',#1010);
#16=MANIFOLD_SOLID_BREP('Body2',#1011);
#17=B_SPLINE_CURVE_WITH_KNOTS('',3,(#1398,#1399,#1400,#1401,#1402,#1403,
#1404,#1405,#1406,#1407,#1408,#1409,#1410,#1411,#1412,#1413,#1414,#1415,
#1416,#1417,#1418,#1419,#1420,#1421,#1422,#1423,#1424,#1425,#1426,#1427,
#1428,#1429,#1430,#1431),.UNSPECIFIED.,.T.,.F.,(4,2,2,2,2,2,2,2,2,2,2,2,
2,2,2,2,4),(0.,0.0600637729625373,0.120127545925075,0.19345376092477,0.266779975924465,
0.334573576047575,0.402367176170685,0.461588526629245,0.520809877087805,
0.580031227546364,0.639252578004924,0.707046178128034,0.774839778251144,
0.848165993250839,0.921492208250534,0.981555981213072,1.04161975417561),
 .UNSPECIFIED.);
#18=B_SPLINE_CURVE_WITH_KNOTS('',3,(#1433,#1434,#1435,#1436,#1437,#1438,
#1439,#1440,#1441,#1442,#1443,#1444,#1445,#1446,#1447,#1448,#1449,#1450,
#1451,#1452,#1453,#1454,#1455,#1456,#1457,#1458,#1459,#1460,#1461,#1462,
#1463,#1464,#1465,#1466),.UNSPECIFIED.,.T.,.F.,(4,2,2,2,2,2,2,2,2,2,2,2,
2,2,2,2,4),(0.,0.0600637729625373,0.120127545925075,0.19345376092477,0.266779975924465,
0.334573576047575,0.402367176170685,0.461588526629245,0.520809877087805,
0.580031227546364,0.639252578004924,0.707046178128034,0.774839778251144,
0.848165993250839,0.921492208250535,0.981555981213072,1.04161975417561),
 .UNSPECIFIED.);
#19=B_SPLINE_CURVE_WITH_KNOTS('',3,(#1469,#1470,#1471,#1472,#1473,#1474,
#1475,#1476,#1477,#1478,#1479,#1480,#1481,#1482,#1483,#1484,#1485,#1486),
 .UNSPECIFIED.,.F.,.F.,(4,2,2,2,2,2,2,2,4),(0.,0.0428679312049303,0.0857358624098606,
0.136026713183613,0.186317563957366,0.239767354122205,0.293217144287045,
0.336549629859351,0.379882115431656),.UNSPECIFIED.);
#20=B_SPLINE_CURVE_WITH_KNOTS('',3,(#1487,#1488,#1489,#1490,#1491,#1492,
#1493,#1494,#1495,#1496,#1497,#1498,#1499,#1500,#1501,#1502,#1503,#1504),
 .UNSPECIFIED.,.F.,.F.,(4,2,2,2,2,2,2,2,4),(0.379882115431656,0.423214601003962,
0.466547086576268,0.519996876741107,0.573446666905946,0.623737517679699,
0.674028368453452,0.716896299658382,0.759764230863313),.UNSPECIFIED.);
#21=B_SPLINE_CURVE_WITH_KNOTS('',3,(#1507,#1508,#1509,#1510,#1511,#1512,
#1513,#1514,#1515,#1516,#1517,#1518,#1519,#1520,#1521,#1522,#1523,#1524),
 .UNSPECIFIED.,.F.,.F.,(4,2,2,2,2,2,2,2,4),(0.,0.0428679312049303,0.0857358624098606,
0.136026713183613,0.186317563957366,0.239767354122205,0.293217144287045,
0.336549629859351,0.379882115431656),.UNSPECIFIED.);
#22=B_SPLINE_CURVE_WITH_KNOTS('',3,(#1525,#1526,#1527,#1528,#1529,#1530,
#1531,#1532,#1533,#1534,#1535,#1536,#1537,#1538,#1539,#1540,#1541,#1542),
 .UNSPECIFIED.,.F.,.F.,(4,2,2,2,2,2,2,2,4),(0.379882115431656,0.423214601003962,
0.466547086576268,0.519996876741107,0.573446666905946,0.623737517679699,
0.674028368453452,0.716896299658382,0.759764230863313),.UNSPECIFIED.);
#23=B_SPLINE_CURVE_WITH_KNOTS('',3,(#1568,#1569,#1570,#1571,#1572,#1573,
#1574,#1575,#1576,#1577,#1578,#1579,#1580,#1581,#1582,#1583,#1584,#1585,
#1586,#1587,#1588,#1589,#1590,#1591,#1592,#1593),.UNSPECIFIED.,.F.,.F.,
(4,2,2,2,2,2,2,2,2,2,2,2,4),(0.,0.0459917652777042,0.0919835305554084,0.137182015051008,
0.182380499546608,0.227578984042208,0.272777468537808,0.318769233815512,
0.364760999093216,0.410752764370921,0.456744529648625,0.501943014144225,
0.547141498639825),.UNSPECIFIED.);
#24=B_SPLINE_CURVE_WITH_KNOTS('',3,(#1594,#1595,#1596,#1597,#1598,#1599,
#1600,#1601,#1602,#1603),.UNSPECIFIED.,.F.,.F.,(4,2,2,2,4),(0.547141498639825,
0.592339983135424,0.637538467631024,0.683530232908728,0.729521998186433),
 .UNSPECIFIED.);
#25=B_SPLINE_CURVE_WITH_KNOTS('',3,(#1609,#1610,#1611,#1612,#1613,#1614,
#1615,#1616,#1617,#1618,#1619,#1620,#1621,#1622,#1623,#1624,#1625,#1626,
#1627,#1628,#1629,#1630,#1631,#1632,#1633,#1634),.UNSPECIFIED.,.F.,.F.,
(4,2,2,2,2,2,2,2,2,2,2,2,4),(0.,0.0459917652777042,0.0919835305554085,0.137182015051008,
0.182380499546608,0.227578984042208,0.272777468537808,0.318769233815512,
0.364760999093216,0.410752764370921,0.456744529648625,0.501943014144225,
0.547141498639825),.UNSPECIFIED.);
#26=B_SPLINE_CURVE_WITH_KNOTS('',3,(#1635,#1636,#1637,#1638,#1639,#1640,
#1641,#1642,#1643,#1644),.UNSPECIFIED.,.F.,.F.,(4,2,2,2,4),(0.547141498639825,
0.592339983135424,0.637538467631024,0.683530232908728,0.729521998186433),
 .UNSPECIFIED.);
#27=CYLINDRICAL_SURFACE('',#1038,11.2499999999911);
#28=CYLINDRICAL_SURFACE('',#1051,10.3500000000052);
#29=CYLINDRICAL_SURFACE('',#1053,1.15);
#30=CYLINDRICAL_SURFACE('',#1054,1.15);
#31=CYLINDRICAL_SURFACE('',#1055,1.5875);
#32=CYLINDRICAL_SURFACE('',#1061,3.65);
#33=CYLINDRICAL_SURFACE('',#1067,6.55000000000165);
#34=CYLINDRICAL_SURFACE('',#1068,8.55000000000568);
#35=CYLINDRICAL_SURFACE('',#1071,6.54999999999948);
#36=FACE_BOUND('',#355,.T.);
#37=FACE_BOUND('',#358,.T.);
#38=FACE_BOUND('',#359,.T.);
#39=FACE_BOUND('',#360,.T.);
#40=FACE_BOUND('',#361,.T.);
#41=FACE_BOUND('',#370,.T.);
#42=FACE_BOUND('',#371,.T.);
#43=FACE_BOUND('',#373,.T.);
#44=FACE_BOUND('',#378,.T.);
#45=FACE_BOUND('',#382,.T.);
#46=FACE_BOUND('',#407,.T.);
#47=PLANE('',#1032);
#48=PLANE('',#1056);
#49=PLANE('',#1065);
#50=PLANE('',#1069);
#51=PLANE('',#1072);
#52=PLANE('',#1073);
#53=PLANE('',#1074);
#54=PLANE('',#1075);
#55=PLANE('',#1076);
#56=PLANE('',#1077);
#57=PLANE('',#1078);
#58=PLANE('',#1079);
#59=PLANE('',#1080);
#60=PLANE('',#1081);
#61=PLANE('',#1082);
#62=PLANE('',#1083);
#63=PLANE('',#1084);
#64=PLANE('',#1085);
#65=PLANE('',#1086);
#66=PLANE('',#1087);
#67=PLANE('',#1088);
#68=PLANE('',#1089);
#69=PLANE('',#1090);
#70=PLANE('',#1091);
#71=PLANE('',#1092);
#72=PLANE('',#1093);
#73=PLANE('',#1094);
#74=PLANE('',#1095);
#75=PLANE('',#1096);
#76=PLANE('',#1097);
#77=PLANE('',#1098);
#78=PLANE('',#1099);
#79=PLANE('',#1100);
#80=PLANE('',#1101);
#81=PLANE('',#1102);
#82=PLANE('',#1103);
#83=PLANE('',#1104);
#84=LINE('',#1383,#188);
#85=LINE('',#1396,#189);
#86=LINE('',#1550,#190);
#87=LINE('',#1559,#191);
#88=LINE('',#1564,#192);
#89=LINE('',#1604,#193);
#90=LINE('',#1607,#194);
#91=LINE('',#1646,#195);
#92=LINE('',#1654,#196);
#93=LINE('',#1658,#197);
#94=LINE('',#1662,#198);
#95=LINE('',#1668,#199);
#96=LINE('',#1670,#200);
#97=LINE('',#1675,#201);
#98=LINE('',#1679,#202);
#99=LINE('',#1681,#203);
#100=LINE('',#1683,#204);
#101=LINE('',#1684,#205);
#102=LINE('',#1688,#206);
#103=LINE('',#1690,#207);
#104=LINE('',#1692,#208);
#105=LINE('',#1693,#209);
#106=LINE('',#1697,#210);
#107=LINE('',#1699,#211);
#108=LINE('',#1701,#212);
#109=LINE('',#1702,#213);
#110=LINE('',#1706,#214);
#111=LINE('',#1708,#215);
#112=LINE('',#1710,#216);
#113=LINE('',#1711,#217);
#114=LINE('',#1715,#218);
#115=LINE('',#1717,#219);
#116=LINE('',#1719,#220);
#117=LINE('',#1720,#221);
#118=LINE('',#1723,#222);
#119=LINE('',#1725,#223);
#120=LINE('',#1726,#224);
#121=LINE('',#1729,#225);
#122=LINE('',#1730,#226);
#123=LINE('',#1733,#227);
#124=LINE('',#1734,#228);
#125=LINE('',#1738,#229);
#126=LINE('',#1739,#230);
#127=LINE('',#1740,#231);
#128=LINE('',#1743,#232);
#129=LINE('',#1744,#233);
#130=LINE('',#1747,#234);
#131=LINE('',#1748,#235);
#132=LINE('',#1751,#236);
#133=LINE('',#1753,#237);
#134=LINE('',#1754,#238);
#135=LINE('',#1756,#239);
#136=LINE('',#1758,#240);
#137=LINE('',#1759,#241);
#138=LINE('',#1762,#242);
#139=LINE('',#1764,#243);
#140=LINE('',#1765,#244);
#141=LINE('',#1768,#245);
#142=LINE('',#1769,#246);
#143=LINE('',#1772,#247);
#144=LINE('',#1773,#248);
#145=LINE('',#1775,#249);
#146=LINE('',#1779,#250);
#147=LINE('',#1780,#251);
#148=LINE('',#1781,#252);
#149=LINE('',#1784,#253);
#150=LINE('',#1785,#254);
#151=LINE('',#1788,#255);
#152=LINE('',#1789,#256);
#153=LINE('',#1792,#257);
#154=LINE('',#1794,#258);
#155=LINE('',#1795,#259);
#156=LINE('',#1798,#260);
#157=LINE('',#1799,#261);
#158=LINE('',#1802,#262);
#159=LINE('',#1803,#263);
#160=LINE('',#1806,#264);
#161=LINE('',#1808,#265);
#162=LINE('',#1809,#266);
#163=LINE('',#1811,#267);
#164=LINE('',#1813,#268);
#165=LINE('',#1814,#269);
#166=LINE('',#1817,#270);
#167=LINE('',#1819,#271);
#168=LINE('',#1820,#272);
#169=LINE('',#1823,#273);
#170=LINE('',#1825,#274);
#171=LINE('',#1827,#275);
#172=LINE('',#1828,#276);
#173=LINE('',#1831,#277);
#174=LINE('',#1832,#278);
#175=LINE('',#1835,#279);
#176=LINE('',#1837,#280);
#177=LINE('',#1838,#281);
#178=LINE('',#1841,#282);
#179=LINE('',#1843,#283);
#180=LINE('',#1845,#284);
#181=LINE('',#1846,#285);
#182=LINE('',#1849,#286);
#183=LINE('',#1850,#287);
#184=LINE('',#1852,#288);
#185=LINE('',#1853,#289);
#186=LINE('',#1855,#290);
#187=LINE('',#1856,#291);
#188=VECTOR('',#1121,9.66249999998674);
#189=VECTOR('',#1138,11.2499999999911);
#190=VECTOR('',#1149,9.9000000000028);
#191=VECTOR('',#1160,9.45000000000497);
#192=VECTOR('',#1167,10.3500000000052);
#193=VECTOR('',#1170,1.15);
#194=VECTOR('',#1173,1.15);
#195=VECTOR('',#1176,1.5875);
#196=VECTOR('',#1185,4.10000000000001);
#197=VECTOR('',#1190,3.65);
#198=VECTOR('',#1195,4.10000000000082);
#199=VECTOR('',#1204,6.55000000000165);
#200=VECTOR('',#1207,8.55000000000568);
#201=VECTOR('',#1214,6.54999999999948);
#202=VECTOR('',#1217,10.);
#203=VECTOR('',#1218,10.);
#204=VECTOR('',#1219,10.);
#205=VECTOR('',#1220,10.);
#206=VECTOR('',#1223,10.);
#207=VECTOR('',#1224,10.);
#208=VECTOR('',#1225,10.);
#209=VECTOR('',#1226,10.);
#210=VECTOR('',#1229,10.);
#211=VECTOR('',#1230,10.);
#212=VECTOR('',#1231,10.);
#213=VECTOR('',#1232,10.);
#214=VECTOR('',#1235,10.);
#215=VECTOR('',#1236,10.);
#216=VECTOR('',#1237,10.);
#217=VECTOR('',#1238,10.);
#218=VECTOR('',#1241,10.);
#219=VECTOR('',#1242,10.);
#220=VECTOR('',#1243,10.);
#221=VECTOR('',#1244,10.);
#222=VECTOR('',#1247,10.);
#223=VECTOR('',#1248,10.);
#224=VECTOR('',#1249,10.);
#225=VECTOR('',#1252,10.);
#226=VECTOR('',#1253,10.);
#227=VECTOR('',#1256,10.);
#228=VECTOR('',#1257,10.);
#229=VECTOR('',#1260,10.);
#230=VECTOR('',#1261,10.);
#231=VECTOR('',#1262,10.);
#232=VECTOR('',#1265,10.);
#233=VECTOR('',#1266,10.);
#234=VECTOR('',#1269,10.);
#235=VECTOR('',#1270,10.);
#236=VECTOR('',#1273,10.);
#237=VECTOR('',#1274,10.);
#238=VECTOR('',#1275,10.);
#239=VECTOR('',#1276,10.);
#240=VECTOR('',#1277,10.);
#241=VECTOR('',#1278,10.);
#242=VECTOR('',#1281,10.);
#243=VECTOR('',#1282,10.);
#244=VECTOR('',#1283,10.);
#245=VECTOR('',#1286,10.);
#246=VECTOR('',#1287,10.);
#247=VECTOR('',#1290,10.);
#248=VECTOR('',#1291,10.);
#249=VECTOR('',#1294,10.);
#250=VECTOR('',#1297,10.);
#251=VECTOR('',#1298,10.);
#252=VECTOR('',#1299,10.);
#253=VECTOR('',#1302,10.);
#254=VECTOR('',#1303,10.);
#255=VECTOR('',#1306,10.);
#256=VECTOR('',#1307,10.);
#257=VECTOR('',#1310,10.);
#258=VECTOR('',#1311,10.);
#259=VECTOR('',#1312,10.);
#260=VECTOR('',#1315,10.);
#261=VECTOR('',#1316,10.);
#262=VECTOR('',#1319,10.);
#263=VECTOR('',#1320,10.);
#264=VECTOR('',#1323,10.);
#265=VECTOR('',#1324,10.);
#266=VECTOR('',#1325,10.);
#267=VECTOR('',#1326,10.);
#268=VECTOR('',#1327,10.);
#269=VECTOR('',#1328,10.);
#270=VECTOR('',#1331,10.);
#271=VECTOR('',#1332,10.);
#272=VECTOR('',#1333,10.);
#273=VECTOR('',#1336,10.);
#274=VECTOR('',#1337,10.);
#275=VECTOR('',#1338,10.);
#276=VECTOR('',#1339,10.);
#277=VECTOR('',#1342,10.);
#278=VECTOR('',#1343,10.);
#279=VECTOR('',#1346,10.);
#280=VECTOR('',#1347,10.);
#281=VECTOR('',#1348,10.);
#282=VECTOR('',#1351,10.);
#283=VECTOR('',#1352,10.);
#284=VECTOR('',#1353,10.);
#285=VECTOR('',#1354,10.);
#286=VECTOR('',#1357,10.);
#287=VECTOR('',#1358,10.);
#288=VECTOR('',#1361,10.);
#289=VECTOR('',#1362,10.);
#290=VECTOR('',#1365,10.);
#291=VECTOR('',#1366,10.);
#292=CONICAL_SURFACE('',#1030,9.66249999998674,0.785398163398831);
#293=CONICAL_SURFACE('',#1043,9.9000000000028,1.36135681655385);
#294=CONICAL_SURFACE('',#1049,9.45000000000497,1.36135681655553);
#295=CONICAL_SURFACE('',#1059,4.10000000000001,0.698131700797735);
#296=CONICAL_SURFACE('',#1063,4.10000000000082,0.872664625997165);
#297=FACE_OUTER_BOUND('',#352,.T.);
#298=FACE_OUTER_BOUND('',#353,.T.);
#299=FACE_OUTER_BOUND('',#354,.T.);
#300=FACE_OUTER_BOUND('',#356,.T.);
#301=FACE_OUTER_BOUND('',#357,.T.);
#302=FACE_OUTER_BOUND('',#362,.T.);
#303=FACE_OUTER_BOUND('',#363,.T.);
#304=FACE_OUTER_BOUND('',#364,.T.);
#305=FACE_OUTER_BOUND('',#365,.T.);
#306=FACE_OUTER_BOUND('',#366,.T.);
#307=FACE_OUTER_BOUND('',#367,.T.);
#308=FACE_OUTER_BOUND('',#368,.T.);
#309=FACE_OUTER_BOUND('',#369,.T.);
#310=FACE_OUTER_BOUND('',#372,.T.);
#311=FACE_OUTER_BOUND('',#374,.T.);
#312=FACE_OUTER_BOUND('',#375,.T.);
#313=FACE_OUTER_BOUND('',#376,.T.);
#314=FACE_OUTER_BOUND('',#377,.T.);
#315=FACE_OUTER_BOUND('',#379,.T.);
#316=FACE_OUTER_BOUND('',#380,.T.);
#317=FACE_OUTER_BOUND('',#381,.T.);
#318=FACE_OUTER_BOUND('',#383,.T.);
#319=FACE_OUTER_BOUND('',#384,.T.);
#320=FACE_OUTER_BOUND('',#385,.T.);
#321=FACE_OUTER_BOUND('',#386,.T.);
#322=FACE_OUTER_BOUND('',#387,.T.);
#323=FACE_OUTER_BOUND('',#388,.T.);
#324=FACE_OUTER_BOUND('',#389,.T.);
#325=FACE_OUTER_BOUND('',#390,.T.);
#326=FACE_OUTER_BOUND('',#391,.T.);
#327=FACE_OUTER_BOUND('',#392,.T.);
#328=FACE_OUTER_BOUND('',#393,.T.);
#329=FACE_OUTER_BOUND('',#394,.T.);
#330=FACE_OUTER_BOUND('',#395,.T.);
#331=FACE_OUTER_BOUND('',#396,.T.);
#332=FACE_OUTER_BOUND('',#397,.T.);
#333=FACE_OUTER_BOUND('',#398,.T.);
#334=FACE_OUTER_BOUND('',#399,.T.);
#335=FACE_OUTER_BOUND('',#400,.T.);
#336=FACE_OUTER_BOUND('',#401,.T.);
#337=FACE_OUTER_BOUND('',#402,.T.);
#338=FACE_OUTER_BOUND('',#403,.T.);
#339=FACE_OUTER_BOUND('',#404,.T.);
#340=FACE_OUTER_BOUND('',#405,.T.);
#341=FACE_OUTER_BOUND('',#406,.T.);
#342=FACE_OUTER_BOUND('',#408,.T.);
#343=FACE_OUTER_BOUND('',#409,.T.);
#344=FACE_OUTER_BOUND('',#410,.T.);
#345=FACE_OUTER_BOUND('',#411,.T.);
#346=FACE_OUTER_BOUND('',#412,.T.);
#347=FACE_OUTER_BOUND('',#413,.T.);
#348=FACE_OUTER_BOUND('',#414,.T.);
#349=FACE_OUTER_BOUND('',#415,.T.);
#350=FACE_OUTER_BOUND('',#416,.T.);
#351=FACE_OUTER_BOUND('',#417,.T.);
#352=EDGE_LOOP('',(#673,#674,#675,#676,#677));
#353=EDGE_LOOP('',(#678,#679,#680,#681,#682));
#354=EDGE_LOOP('',(#683));
#355=EDGE_LOOP('',(#684));
#356=EDGE_LOOP('',(#685,#686,#687,#688,#689));
#357=EDGE_LOOP('',(#690,#691,#692,#693,#694));
#358=EDGE_LOOP('',(#695));
#359=EDGE_LOOP('',(#696));
#360=EDGE_LOOP('',(#697,#698));
#361=EDGE_LOOP('',(#699,#700));
#362=EDGE_LOOP('',(#701,#702,#703,#704));
#363=EDGE_LOOP('',(#705,#706,#707,#708));
#364=EDGE_LOOP('',(#709,#710,#711,#712));
#365=EDGE_LOOP('',(#713,#714,#715,#716));
#366=EDGE_LOOP('',(#717,#718,#719,#720));
#367=EDGE_LOOP('',(#721,#722,#723,#724,#725,#726));
#368=EDGE_LOOP('',(#727,#728,#729,#730,#731,#732));
#369=EDGE_LOOP('',(#733,#734,#735,#736));
#370=EDGE_LOOP('',(#737,#738));
#371=EDGE_LOOP('',(#739,#740));
#372=EDGE_LOOP('',(#741));
#373=EDGE_LOOP('',(#742));
#374=EDGE_LOOP('',(#743,#744,#745,#746));
#375=EDGE_LOOP('',(#747,#748,#749,#750));
#376=EDGE_LOOP('',(#751,#752,#753,#754));
#377=EDGE_LOOP('',(#755));
#378=EDGE_LOOP('',(#756));
#379=EDGE_LOOP('',(#757,#758,#759,#760));
#380=EDGE_LOOP('',(#761,#762,#763,#764));
#381=EDGE_LOOP('',(#765));
#382=EDGE_LOOP('',(#766));
#383=EDGE_LOOP('',(#767,#768,#769,#770));
#384=EDGE_LOOP('',(#771,#772,#773,#774));
#385=EDGE_LOOP('',(#775,#776,#777,#778));
#386=EDGE_LOOP('',(#779,#780,#781,#782));
#387=EDGE_LOOP('',(#783,#784,#785,#786));
#388=EDGE_LOOP('',(#787,#788,#789,#790));
#389=EDGE_LOOP('',(#791,#792,#793,#794));
#390=EDGE_LOOP('',(#795,#796,#797,#798));
#391=EDGE_LOOP('',(#799,#800,#801,#802));
#392=EDGE_LOOP('',(#803,#804,#805,#806));
#393=EDGE_LOOP('',(#807,#808,#809,#810));
#394=EDGE_LOOP('',(#811,#812,#813,#814));
#395=EDGE_LOOP('',(#815,#816,#817,#818,#819,#820,#821,#822,#823,#824,#825,
#826));
#396=EDGE_LOOP('',(#827,#828,#829,#830));
#397=EDGE_LOOP('',(#831,#832,#833,#834));
#398=EDGE_LOOP('',(#835,#836,#837,#838));
#399=EDGE_LOOP('',(#839,#840,#841,#842));
#400=EDGE_LOOP('',(#843,#844,#845,#846));
#401=EDGE_LOOP('',(#847,#848,#849,#850));
#402=EDGE_LOOP('',(#851,#852,#853,#854));
#403=EDGE_LOOP('',(#855,#856,#857,#858));
#404=EDGE_LOOP('',(#859,#860,#861,#862));
#405=EDGE_LOOP('',(#863,#864,#865,#866));
#406=EDGE_LOOP('',(#867,#868,#869,#870,#871,#872,#873,#874,#875,#876,#877,
#878));
#407=EDGE_LOOP('',(#879,#880,#881,#882));
#408=EDGE_LOOP('',(#883,#884,#885,#886));
#409=EDGE_LOOP('',(#887,#888,#889,#890,#891,#892,#893,#894,#895,#896));
#410=EDGE_LOOP('',(#897,#898,#899,#900));
#411=EDGE_LOOP('',(#901,#902,#903,#904));
#412=EDGE_LOOP('',(#905,#906,#907,#908,#909,#910,#911,#912,#913,#914));
#413=EDGE_LOOP('',(#915,#916,#917,#918));
#414=EDGE_LOOP('',(#919,#920,#921,#922,#923,#924));
#415=EDGE_LOOP('',(#925,#926,#927,#928,#929,#930));
#416=EDGE_LOOP('',(#931,#932,#933,#934,#935,#936,#937,#938,#939,#940));
#417=EDGE_LOOP('',(#941,#942,#943,#944,#945,#946,#947,#948,#949,#950));
#418=CIRCLE('',#1026,8.44111652349896);
#419=CIRCLE('',#1027,1.25);
#420=CIRCLE('',#1028,7.55723304701699);
#421=CIRCLE('',#1029,8.44111652349896);
#422=CIRCLE('',#1031,10.5154238072045);
#423=CIRCLE('',#1033,6.55000000000165);
#424=CIRCLE('',#1035,2.508);
#425=CIRCLE('',#1036,11.2499999999911);
#426=CIRCLE('',#1037,11.2499999999911);
#427=CIRCLE('',#1039,11.2499999999911);
#428=CIRCLE('',#1041,10.2202851980564);
#429=CIRCLE('',#1042,1.3);
#430=CIRCLE('',#1044,8.55000000000569);
#431=CIRCLE('',#1046,10.3500000000052);
#432=CIRCLE('',#1047,0.4);
#433=CIRCLE('',#1048,10.0331646763324);
#434=CIRCLE('',#1050,8.55000000000567);
#435=CIRCLE('',#1052,10.3500000000062);
#436=CIRCLE('',#1057,6.55000000000001);
#437=CIRCLE('',#1058,4.55000000000001);
#438=CIRCLE('',#1060,3.65);
#439=CIRCLE('',#1062,3.65);
#440=CIRCLE('',#1064,4.55000000000165);
#441=CIRCLE('',#1066,6.55000000000165);
#442=CIRCLE('',#1070,6.54999999999894);
#443=VERTEX_POINT('',#1373);
#444=VERTEX_POINT('',#1374);
#445=VERTEX_POINT('',#1376);
#446=VERTEX_POINT('',#1381);
#447=VERTEX_POINT('',#1385);
#448=VERTEX_POINT('',#1388);
#449=VERTEX_POINT('',#1390);
#450=VERTEX_POINT('',#1394);
#451=VERTEX_POINT('',#1397);
#452=VERTEX_POINT('',#1432);
#453=VERTEX_POINT('',#1467);
#454=VERTEX_POINT('',#1468);
#455=VERTEX_POINT('',#1505);
#456=VERTEX_POINT('',#1506);
#457=VERTEX_POINT('',#1544);
#458=VERTEX_POINT('',#1548);
#459=VERTEX_POINT('',#1552);
#460=VERTEX_POINT('',#1554);
#461=VERTEX_POINT('',#1558);
#462=VERTEX_POINT('',#1562);
#463=VERTEX_POINT('',#1566);
#464=VERTEX_POINT('',#1567);
#465=VERTEX_POINT('',#1606);
#466=VERTEX_POINT('',#1608);
#467=VERTEX_POINT('',#1648);
#468=VERTEX_POINT('',#1650);
#469=VERTEX_POINT('',#1653);
#470=VERTEX_POINT('',#1657);
#471=VERTEX_POINT('',#1661);
#472=VERTEX_POINT('',#1665);
#473=VERTEX_POINT('',#1672);
#474=VERTEX_POINT('',#1677);
#475=VERTEX_POINT('',#1678);
#476=VERTEX_POINT('',#1680);
#477=VERTEX_POINT('',#1682);
#478=VERTEX_POINT('',#1686);
#479=VERTEX_POINT('',#1687);
#480=VERTEX_POINT('',#1689);
#481=VERTEX_POINT('',#1691);
#482=VERTEX_POINT('',#1695);
#483=VERTEX_POINT('',#1696);
#484=VERTEX_POINT('',#1698);
#485=VERTEX_POINT('',#1700);
#486=VERTEX_POINT('',#1704);
#487=VERTEX_POINT('',#1705);
#488=VERTEX_POINT('',#1707);
#489=VERTEX_POINT('',#1709);
#490=VERTEX_POINT('',#1713);
#491=VERTEX_POINT('',#1714);
#492=VERTEX_POINT('',#1716);
#493=VERTEX_POINT('',#1718);
#494=VERTEX_POINT('',#1722);
#495=VERTEX_POINT('',#1724);
#496=VERTEX_POINT('',#1728);
#497=VERTEX_POINT('',#1732);
#498=VERTEX_POINT('',#1736);
#499=VERTEX_POINT('',#1737);
#500=VERTEX_POINT('',#1742);
#501=VERTEX_POINT('',#1746);
#502=VERTEX_POINT('',#1750);
#503=VERTEX_POINT('',#1752);
#504=VERTEX_POINT('',#1755);
#505=VERTEX_POINT('',#1757);
#506=VERTEX_POINT('',#1761);
#507=VERTEX_POINT('',#1763);
#508=VERTEX_POINT('',#1767);
#509=VERTEX_POINT('',#1771);
#510=VERTEX_POINT('',#1777);
#511=VERTEX_POINT('',#1778);
#512=VERTEX_POINT('',#1783);
#513=VERTEX_POINT('',#1787);
#514=VERTEX_POINT('',#1791);
#515=VERTEX_POINT('',#1793);
#516=VERTEX_POINT('',#1797);
#517=VERTEX_POINT('',#1801);
#518=VERTEX_POINT('',#1805);
#519=VERTEX_POINT('',#1807);
#520=VERTEX_POINT('',#1810);
#521=VERTEX_POINT('',#1812);
#522=VERTEX_POINT('',#1816);
#523=VERTEX_POINT('',#1818);
#524=VERTEX_POINT('',#1822);
#525=VERTEX_POINT('',#1824);
#526=VERTEX_POINT('',#1826);
#527=VERTEX_POINT('',#1830);
#528=VERTEX_POINT('',#1834);
#529=VERTEX_POINT('',#1836);
#530=VERTEX_POINT('',#1840);
#531=VERTEX_POINT('',#1842);
#532=VERTEX_POINT('',#1844);
#533=VERTEX_POINT('',#1848);
#534=EDGE_CURVE('',#443,#444,#418,.T.);
#535=EDGE_CURVE('',#444,#445,#419,.T.);
#536=EDGE_CURVE('',#445,#445,#420,.T.);
#537=EDGE_CURVE('',#444,#443,#421,.T.);
#538=EDGE_CURVE('',#446,#446,#422,.T.);
#539=EDGE_CURVE('',#446,#443,#84,.T.);
#540=EDGE_CURVE('',#447,#447,#423,.T.);
#541=EDGE_CURVE('',#446,#448,#424,.T.);
#542=EDGE_CURVE('',#448,#449,#425,.T.);
#543=EDGE_CURVE('',#449,#448,#426,.T.);
#544=EDGE_CURVE('',#450,#450,#427,.T.);
#545=EDGE_CURVE('',#450,#449,#85,.T.);
#546=EDGE_CURVE('',#451,#451,#17,.T.);
#547=EDGE_CURVE('',#452,#452,#18,.T.);
#548=EDGE_CURVE('',#453,#454,#19,.T.);
#549=EDGE_CURVE('',#454,#453,#20,.T.);
#550=EDGE_CURVE('',#455,#456,#21,.T.);
#551=EDGE_CURVE('',#456,#455,#22,.T.);
#552=EDGE_CURVE('',#457,#457,#428,.T.);
#553=EDGE_CURVE('',#457,#450,#429,.T.);
#554=EDGE_CURVE('',#458,#458,#430,.T.);
#555=EDGE_CURVE('',#458,#457,#86,.T.);
#556=EDGE_CURVE('',#459,#459,#431,.T.);
#557=EDGE_CURVE('',#459,#460,#432,.T.);
#558=EDGE_CURVE('',#460,#460,#433,.T.);
#559=EDGE_CURVE('',#460,#461,#87,.T.);
#560=EDGE_CURVE('',#461,#461,#434,.T.);
#561=EDGE_CURVE('',#462,#462,#435,.T.);
#562=EDGE_CURVE('',#462,#459,#88,.T.);
#563=EDGE_CURVE('',#463,#464,#23,.T.);
#564=EDGE_CURVE('',#464,#463,#24,.T.);
#565=EDGE_CURVE('',#464,#456,#89,.T.);
#566=EDGE_CURVE('',#454,#465,#90,.T.);
#567=EDGE_CURVE('',#466,#465,#25,.T.);
#568=EDGE_CURVE('',#465,#466,#26,.T.);
#569=EDGE_CURVE('',#451,#452,#91,.T.);
#570=EDGE_CURVE('',#467,#467,#436,.T.);
#571=EDGE_CURVE('',#468,#468,#437,.T.);
#572=EDGE_CURVE('',#468,#469,#92,.T.);
#573=EDGE_CURVE('',#469,#469,#438,.T.);
#574=EDGE_CURVE('',#469,#470,#93,.T.);
#575=EDGE_CURVE('',#470,#470,#439,.T.);
#576=EDGE_CURVE('',#470,#471,#94,.T.);
#577=EDGE_CURVE('',#471,#471,#440,.T.);
#578=EDGE_CURVE('',#472,#472,#441,.T.);
#579=EDGE_CURVE('',#472,#447,#95,.T.);
#580=EDGE_CURVE('',#461,#458,#96,.T.);
#581=EDGE_CURVE('',#473,#473,#442,.T.);
#582=EDGE_CURVE('',#473,#467,#97,.T.);
#583=EDGE_CURVE('',#474,#475,#98,.T.);
#584=EDGE_CURVE('',#475,#476,#99,.T.);
#585=EDGE_CURVE('',#476,#477,#100,.T.);
#586=EDGE_CURVE('',#477,#474,#101,.T.);
#587=EDGE_CURVE('',#478,#479,#102,.T.);
#588=EDGE_CURVE('',#478,#480,#103,.T.);
#589=EDGE_CURVE('',#480,#481,#104,.T.);
#590=EDGE_CURVE('',#481,#479,#105,.T.);
#591=EDGE_CURVE('',#482,#483,#106,.T.);
#592=EDGE_CURVE('',#484,#482,#107,.T.);
#593=EDGE_CURVE('',#484,#485,#108,.T.);
#594=EDGE_CURVE('',#485,#483,#109,.T.);
#595=EDGE_CURVE('',#486,#487,#110,.T.);
#596=EDGE_CURVE('',#487,#488,#111,.T.);
#597=EDGE_CURVE('',#488,#489,#112,.T.);
#598=EDGE_CURVE('',#489,#486,#113,.T.);
#599=EDGE_CURVE('',#490,#491,#114,.T.);
#600=EDGE_CURVE('',#491,#492,#115,.T.);
#601=EDGE_CURVE('',#492,#493,#116,.T.);
#602=EDGE_CURVE('',#493,#490,#117,.T.);
#603=EDGE_CURVE('',#494,#490,#118,.T.);
#604=EDGE_CURVE('',#493,#495,#119,.T.);
#605=EDGE_CURVE('',#494,#495,#120,.T.);
#606=EDGE_CURVE('',#496,#492,#121,.T.);
#607=EDGE_CURVE('',#495,#496,#122,.T.);
#608=EDGE_CURVE('',#491,#497,#123,.T.);
#609=EDGE_CURVE('',#496,#497,#124,.T.);
#610=EDGE_CURVE('',#498,#499,#125,.T.);
#611=EDGE_CURVE('',#498,#485,#126,.T.);
#612=EDGE_CURVE('',#484,#499,#127,.T.);
#613=EDGE_CURVE('',#500,#498,#128,.T.);
#614=EDGE_CURVE('',#483,#500,#129,.T.);
#615=EDGE_CURVE('',#501,#500,#130,.T.);
#616=EDGE_CURVE('',#501,#482,#131,.T.);
#617=EDGE_CURVE('',#502,#497,#132,.T.);
#618=EDGE_CURVE('',#503,#502,#133,.T.);
#619=EDGE_CURVE('',#501,#503,#134,.T.);
#620=EDGE_CURVE('',#504,#499,#135,.T.);
#621=EDGE_CURVE('',#505,#504,#136,.T.);
#622=EDGE_CURVE('',#494,#505,#137,.T.);
#623=EDGE_CURVE('',#506,#475,#138,.T.);
#624=EDGE_CURVE('',#474,#507,#139,.T.);
#625=EDGE_CURVE('',#506,#507,#140,.T.);
#626=EDGE_CURVE('',#508,#477,#141,.T.);
#627=EDGE_CURVE('',#507,#508,#142,.T.);
#628=EDGE_CURVE('',#509,#506,#143,.T.);
#629=EDGE_CURVE('',#476,#509,#144,.T.);
#630=EDGE_CURVE('',#508,#509,#145,.T.);
#631=EDGE_CURVE('',#510,#511,#146,.T.);
#632=EDGE_CURVE('',#510,#478,#147,.T.);
#633=EDGE_CURVE('',#479,#511,#148,.T.);
#634=EDGE_CURVE('',#512,#481,#149,.T.);
#635=EDGE_CURVE('',#511,#512,#150,.T.);
#636=EDGE_CURVE('',#512,#513,#151,.T.);
#637=EDGE_CURVE('',#480,#513,#152,.T.);
#638=EDGE_CURVE('',#514,#487,#153,.T.);
#639=EDGE_CURVE('',#486,#515,#154,.T.);
#640=EDGE_CURVE('',#514,#515,#155,.T.);
#641=EDGE_CURVE('',#516,#514,#156,.T.);
#642=EDGE_CURVE('',#488,#516,#157,.T.);
#643=EDGE_CURVE('',#517,#516,#158,.T.);
#644=EDGE_CURVE('',#517,#489,#159,.T.);
#645=EDGE_CURVE('',#513,#518,#160,.T.);
#646=EDGE_CURVE('',#519,#518,#161,.T.);
#647=EDGE_CURVE('',#517,#519,#162,.T.);
#648=EDGE_CURVE('',#520,#515,#163,.T.);
#649=EDGE_CURVE('',#521,#520,#164,.T.);
#650=EDGE_CURVE('',#521,#510,#165,.T.);
#651=EDGE_CURVE('',#504,#522,#166,.T.);
#652=EDGE_CURVE('',#522,#523,#167,.T.);
#653=EDGE_CURVE('',#523,#505,#168,.T.);
#654=EDGE_CURVE('',#524,#523,#169,.T.);
#655=EDGE_CURVE('',#524,#525,#170,.T.);
#656=EDGE_CURVE('',#526,#525,#171,.T.);
#657=EDGE_CURVE('',#502,#526,#172,.T.);
#658=EDGE_CURVE('',#527,#503,#173,.T.);
#659=EDGE_CURVE('',#526,#527,#174,.T.);
#660=EDGE_CURVE('',#528,#521,#175,.T.);
#661=EDGE_CURVE('',#520,#529,#176,.T.);
#662=EDGE_CURVE('',#529,#528,#177,.T.);
#663=EDGE_CURVE('',#530,#528,#178,.T.);
#664=EDGE_CURVE('',#530,#531,#179,.T.);
#665=EDGE_CURVE('',#532,#531,#180,.T.);
#666=EDGE_CURVE('',#518,#532,#181,.T.);
#667=EDGE_CURVE('',#532,#533,#182,.T.);
#668=EDGE_CURVE('',#533,#519,#183,.T.);
#669=EDGE_CURVE('',#525,#533,#184,.T.);
#670=EDGE_CURVE('',#531,#527,#185,.T.);
#671=EDGE_CURVE('',#522,#530,#186,.T.);
#672=EDGE_CURVE('',#529,#524,#187,.T.);
#673=ORIENTED_EDGE('',*,*,#534,.T.);
#674=ORIENTED_EDGE('',*,*,#535,.T.);
#675=ORIENTED_EDGE('',*,*,#536,.T.);
#676=ORIENTED_EDGE('',*,*,#535,.F.);
#677=ORIENTED_EDGE('',*,*,#537,.T.);
#678=ORIENTED_EDGE('',*,*,#538,.F.);
#679=ORIENTED_EDGE('',*,*,#539,.T.);
#680=ORIENTED_EDGE('',*,*,#537,.F.);
#681=ORIENTED_EDGE('',*,*,#534,.F.);
#682=ORIENTED_EDGE('',*,*,#539,.F.);
#683=ORIENTED_EDGE('',*,*,#536,.F.);
#684=ORIENTED_EDGE('',*,*,#540,.T.);
#685=ORIENTED_EDGE('',*,*,#538,.T.);
#686=ORIENTED_EDGE('',*,*,#541,.T.);
#687=ORIENTED_EDGE('',*,*,#542,.T.);
#688=ORIENTED_EDGE('',*,*,#543,.T.);
#689=ORIENTED_EDGE('',*,*,#541,.F.);
#690=ORIENTED_EDGE('',*,*,#544,.F.);
#691=ORIENTED_EDGE('',*,*,#545,.T.);
#692=ORIENTED_EDGE('',*,*,#542,.F.);
#693=ORIENTED_EDGE('',*,*,#543,.F.);
#694=ORIENTED_EDGE('',*,*,#545,.F.);
#695=ORIENTED_EDGE('',*,*,#546,.T.);
#696=ORIENTED_EDGE('',*,*,#547,.T.);
#697=ORIENTED_EDGE('',*,*,#548,.T.);
#698=ORIENTED_EDGE('',*,*,#549,.T.);
#699=ORIENTED_EDGE('',*,*,#550,.T.);
#700=ORIENTED_EDGE('',*,*,#551,.T.);
#701=ORIENTED_EDGE('',*,*,#552,.T.);
#702=ORIENTED_EDGE('',*,*,#553,.T.);
#703=ORIENTED_EDGE('',*,*,#544,.T.);
#704=ORIENTED_EDGE('',*,*,#553,.F.);
#705=ORIENTED_EDGE('',*,*,#554,.F.);
#706=ORIENTED_EDGE('',*,*,#555,.T.);
#707=ORIENTED_EDGE('',*,*,#552,.F.);
#708=ORIENTED_EDGE('',*,*,#555,.F.);
#709=ORIENTED_EDGE('',*,*,#556,.T.);
#710=ORIENTED_EDGE('',*,*,#557,.T.);
#711=ORIENTED_EDGE('',*,*,#558,.T.);
#712=ORIENTED_EDGE('',*,*,#557,.F.);
#713=ORIENTED_EDGE('',*,*,#558,.F.);
#714=ORIENTED_EDGE('',*,*,#559,.T.);
#715=ORIENTED_EDGE('',*,*,#560,.T.);
#716=ORIENTED_EDGE('',*,*,#559,.F.);
#717=ORIENTED_EDGE('',*,*,#561,.F.);
#718=ORIENTED_EDGE('',*,*,#562,.T.);
#719=ORIENTED_EDGE('',*,*,#556,.F.);
#720=ORIENTED_EDGE('',*,*,#562,.F.);
#721=ORIENTED_EDGE('',*,*,#563,.F.);
#722=ORIENTED_EDGE('',*,*,#564,.F.);
#723=ORIENTED_EDGE('',*,*,#565,.T.);
#724=ORIENTED_EDGE('',*,*,#550,.F.);
#725=ORIENTED_EDGE('',*,*,#551,.F.);
#726=ORIENTED_EDGE('',*,*,#565,.F.);
#727=ORIENTED_EDGE('',*,*,#548,.F.);
#728=ORIENTED_EDGE('',*,*,#549,.F.);
#729=ORIENTED_EDGE('',*,*,#566,.T.);
#730=ORIENTED_EDGE('',*,*,#567,.F.);
#731=ORIENTED_EDGE('',*,*,#568,.F.);
#732=ORIENTED_EDGE('',*,*,#566,.F.);
#733=ORIENTED_EDGE('',*,*,#546,.F.);
#734=ORIENTED_EDGE('',*,*,#569,.T.);
#735=ORIENTED_EDGE('',*,*,#547,.F.);
#736=ORIENTED_EDGE('',*,*,#569,.F.);
#737=ORIENTED_EDGE('',*,*,#563,.T.);
#738=ORIENTED_EDGE('',*,*,#564,.T.);
#739=ORIENTED_EDGE('',*,*,#567,.T.);
#740=ORIENTED_EDGE('',*,*,#568,.T.);
#741=ORIENTED_EDGE('',*,*,#570,.T.);
#742=ORIENTED_EDGE('',*,*,#571,.F.);
#743=ORIENTED_EDGE('',*,*,#571,.T.);
#744=ORIENTED_EDGE('',*,*,#572,.T.);
#745=ORIENTED_EDGE('',*,*,#573,.F.);
#746=ORIENTED_EDGE('',*,*,#572,.F.);
#747=ORIENTED_EDGE('',*,*,#573,.T.);
#748=ORIENTED_EDGE('',*,*,#574,.T.);
#749=ORIENTED_EDGE('',*,*,#575,.F.);
#750=ORIENTED_EDGE('',*,*,#574,.F.);
#751=ORIENTED_EDGE('',*,*,#575,.T.);
#752=ORIENTED_EDGE('',*,*,#576,.T.);
#753=ORIENTED_EDGE('',*,*,#577,.F.);
#754=ORIENTED_EDGE('',*,*,#576,.F.);
#755=ORIENTED_EDGE('',*,*,#578,.F.);
#756=ORIENTED_EDGE('',*,*,#577,.T.);
#757=ORIENTED_EDGE('',*,*,#578,.T.);
#758=ORIENTED_EDGE('',*,*,#579,.T.);
#759=ORIENTED_EDGE('',*,*,#540,.F.);
#760=ORIENTED_EDGE('',*,*,#579,.F.);
#761=ORIENTED_EDGE('',*,*,#560,.F.);
#762=ORIENTED_EDGE('',*,*,#580,.T.);
#763=ORIENTED_EDGE('',*,*,#554,.T.);
#764=ORIENTED_EDGE('',*,*,#580,.F.);
#765=ORIENTED_EDGE('',*,*,#561,.T.);
#766=ORIENTED_EDGE('',*,*,#581,.F.);
#767=ORIENTED_EDGE('',*,*,#581,.T.);
#768=ORIENTED_EDGE('',*,*,#582,.T.);
#769=ORIENTED_EDGE('',*,*,#570,.F.);
#770=ORIENTED_EDGE('',*,*,#582,.F.);
#771=ORIENTED_EDGE('',*,*,#583,.T.);
#772=ORIENTED_EDGE('',*,*,#584,.T.);
#773=ORIENTED_EDGE('',*,*,#585,.T.);
#774=ORIENTED_EDGE('',*,*,#586,.T.);
#775=ORIENTED_EDGE('',*,*,#587,.F.);
#776=ORIENTED_EDGE('',*,*,#588,.T.);
#777=ORIENTED_EDGE('',*,*,#589,.T.);
#778=ORIENTED_EDGE('',*,*,#590,.T.);
#779=ORIENTED_EDGE('',*,*,#591,.F.);
#780=ORIENTED_EDGE('',*,*,#592,.F.);
#781=ORIENTED_EDGE('',*,*,#593,.T.);
#782=ORIENTED_EDGE('',*,*,#594,.T.);
#783=ORIENTED_EDGE('',*,*,#595,.T.);
#784=ORIENTED_EDGE('',*,*,#596,.T.);
#785=ORIENTED_EDGE('',*,*,#597,.T.);
#786=ORIENTED_EDGE('',*,*,#598,.T.);
#787=ORIENTED_EDGE('',*,*,#599,.T.);
#788=ORIENTED_EDGE('',*,*,#600,.T.);
#789=ORIENTED_EDGE('',*,*,#601,.T.);
#790=ORIENTED_EDGE('',*,*,#602,.T.);
#791=ORIENTED_EDGE('',*,*,#603,.T.);
#792=ORIENTED_EDGE('',*,*,#602,.F.);
#793=ORIENTED_EDGE('',*,*,#604,.T.);
#794=ORIENTED_EDGE('',*,*,#605,.F.);
#795=ORIENTED_EDGE('',*,*,#601,.F.);
#796=ORIENTED_EDGE('',*,*,#606,.F.);
#797=ORIENTED_EDGE('',*,*,#607,.F.);
#798=ORIENTED_EDGE('',*,*,#604,.F.);
#799=ORIENTED_EDGE('',*,*,#608,.T.);
#800=ORIENTED_EDGE('',*,*,#609,.F.);
#801=ORIENTED_EDGE('',*,*,#606,.T.);
#802=ORIENTED_EDGE('',*,*,#600,.F.);
#803=ORIENTED_EDGE('',*,*,#610,.F.);
#804=ORIENTED_EDGE('',*,*,#611,.T.);
#805=ORIENTED_EDGE('',*,*,#593,.F.);
#806=ORIENTED_EDGE('',*,*,#612,.T.);
#807=ORIENTED_EDGE('',*,*,#613,.F.);
#808=ORIENTED_EDGE('',*,*,#614,.F.);
#809=ORIENTED_EDGE('',*,*,#594,.F.);
#810=ORIENTED_EDGE('',*,*,#611,.F.);
#811=ORIENTED_EDGE('',*,*,#615,.F.);
#812=ORIENTED_EDGE('',*,*,#616,.T.);
#813=ORIENTED_EDGE('',*,*,#591,.T.);
#814=ORIENTED_EDGE('',*,*,#614,.T.);
#815=ORIENTED_EDGE('',*,*,#609,.T.);
#816=ORIENTED_EDGE('',*,*,#617,.F.);
#817=ORIENTED_EDGE('',*,*,#618,.F.);
#818=ORIENTED_EDGE('',*,*,#619,.F.);
#819=ORIENTED_EDGE('',*,*,#615,.T.);
#820=ORIENTED_EDGE('',*,*,#613,.T.);
#821=ORIENTED_EDGE('',*,*,#610,.T.);
#822=ORIENTED_EDGE('',*,*,#620,.F.);
#823=ORIENTED_EDGE('',*,*,#621,.F.);
#824=ORIENTED_EDGE('',*,*,#622,.F.);
#825=ORIENTED_EDGE('',*,*,#605,.T.);
#826=ORIENTED_EDGE('',*,*,#607,.T.);
#827=ORIENTED_EDGE('',*,*,#623,.T.);
#828=ORIENTED_EDGE('',*,*,#583,.F.);
#829=ORIENTED_EDGE('',*,*,#624,.T.);
#830=ORIENTED_EDGE('',*,*,#625,.F.);
#831=ORIENTED_EDGE('',*,*,#586,.F.);
#832=ORIENTED_EDGE('',*,*,#626,.F.);
#833=ORIENTED_EDGE('',*,*,#627,.F.);
#834=ORIENTED_EDGE('',*,*,#624,.F.);
#835=ORIENTED_EDGE('',*,*,#628,.F.);
#836=ORIENTED_EDGE('',*,*,#629,.F.);
#837=ORIENTED_EDGE('',*,*,#584,.F.);
#838=ORIENTED_EDGE('',*,*,#623,.F.);
#839=ORIENTED_EDGE('',*,*,#629,.T.);
#840=ORIENTED_EDGE('',*,*,#630,.F.);
#841=ORIENTED_EDGE('',*,*,#626,.T.);
#842=ORIENTED_EDGE('',*,*,#585,.F.);
#843=ORIENTED_EDGE('',*,*,#631,.F.);
#844=ORIENTED_EDGE('',*,*,#632,.T.);
#845=ORIENTED_EDGE('',*,*,#587,.T.);
#846=ORIENTED_EDGE('',*,*,#633,.T.);
#847=ORIENTED_EDGE('',*,*,#590,.F.);
#848=ORIENTED_EDGE('',*,*,#634,.F.);
#849=ORIENTED_EDGE('',*,*,#635,.F.);
#850=ORIENTED_EDGE('',*,*,#633,.F.);
#851=ORIENTED_EDGE('',*,*,#636,.F.);
#852=ORIENTED_EDGE('',*,*,#634,.T.);
#853=ORIENTED_EDGE('',*,*,#589,.F.);
#854=ORIENTED_EDGE('',*,*,#637,.T.);
#855=ORIENTED_EDGE('',*,*,#638,.T.);
#856=ORIENTED_EDGE('',*,*,#595,.F.);
#857=ORIENTED_EDGE('',*,*,#639,.T.);
#858=ORIENTED_EDGE('',*,*,#640,.F.);
#859=ORIENTED_EDGE('',*,*,#641,.F.);
#860=ORIENTED_EDGE('',*,*,#642,.F.);
#861=ORIENTED_EDGE('',*,*,#596,.F.);
#862=ORIENTED_EDGE('',*,*,#638,.F.);
#863=ORIENTED_EDGE('',*,*,#642,.T.);
#864=ORIENTED_EDGE('',*,*,#643,.F.);
#865=ORIENTED_EDGE('',*,*,#644,.T.);
#866=ORIENTED_EDGE('',*,*,#597,.F.);
#867=ORIENTED_EDGE('',*,*,#636,.T.);
#868=ORIENTED_EDGE('',*,*,#645,.T.);
#869=ORIENTED_EDGE('',*,*,#646,.F.);
#870=ORIENTED_EDGE('',*,*,#647,.F.);
#871=ORIENTED_EDGE('',*,*,#643,.T.);
#872=ORIENTED_EDGE('',*,*,#641,.T.);
#873=ORIENTED_EDGE('',*,*,#640,.T.);
#874=ORIENTED_EDGE('',*,*,#648,.F.);
#875=ORIENTED_EDGE('',*,*,#649,.F.);
#876=ORIENTED_EDGE('',*,*,#650,.T.);
#877=ORIENTED_EDGE('',*,*,#631,.T.);
#878=ORIENTED_EDGE('',*,*,#635,.T.);
#879=ORIENTED_EDGE('',*,*,#625,.T.);
#880=ORIENTED_EDGE('',*,*,#627,.T.);
#881=ORIENTED_EDGE('',*,*,#630,.T.);
#882=ORIENTED_EDGE('',*,*,#628,.T.);
#883=ORIENTED_EDGE('',*,*,#651,.T.);
#884=ORIENTED_EDGE('',*,*,#652,.T.);
#885=ORIENTED_EDGE('',*,*,#653,.T.);
#886=ORIENTED_EDGE('',*,*,#621,.T.);
#887=ORIENTED_EDGE('',*,*,#653,.F.);
#888=ORIENTED_EDGE('',*,*,#654,.F.);
#889=ORIENTED_EDGE('',*,*,#655,.T.);
#890=ORIENTED_EDGE('',*,*,#656,.F.);
#891=ORIENTED_EDGE('',*,*,#657,.F.);
#892=ORIENTED_EDGE('',*,*,#617,.T.);
#893=ORIENTED_EDGE('',*,*,#608,.F.);
#894=ORIENTED_EDGE('',*,*,#599,.F.);
#895=ORIENTED_EDGE('',*,*,#603,.F.);
#896=ORIENTED_EDGE('',*,*,#622,.T.);
#897=ORIENTED_EDGE('',*,*,#658,.T.);
#898=ORIENTED_EDGE('',*,*,#618,.T.);
#899=ORIENTED_EDGE('',*,*,#657,.T.);
#900=ORIENTED_EDGE('',*,*,#659,.T.);
#901=ORIENTED_EDGE('',*,*,#660,.T.);
#902=ORIENTED_EDGE('',*,*,#649,.T.);
#903=ORIENTED_EDGE('',*,*,#661,.T.);
#904=ORIENTED_EDGE('',*,*,#662,.T.);
#905=ORIENTED_EDGE('',*,*,#660,.F.);
#906=ORIENTED_EDGE('',*,*,#663,.F.);
#907=ORIENTED_EDGE('',*,*,#664,.T.);
#908=ORIENTED_EDGE('',*,*,#665,.F.);
#909=ORIENTED_EDGE('',*,*,#666,.F.);
#910=ORIENTED_EDGE('',*,*,#645,.F.);
#911=ORIENTED_EDGE('',*,*,#637,.F.);
#912=ORIENTED_EDGE('',*,*,#588,.F.);
#913=ORIENTED_EDGE('',*,*,#632,.F.);
#914=ORIENTED_EDGE('',*,*,#650,.F.);
#915=ORIENTED_EDGE('',*,*,#666,.T.);
#916=ORIENTED_EDGE('',*,*,#667,.T.);
#917=ORIENTED_EDGE('',*,*,#668,.T.);
#918=ORIENTED_EDGE('',*,*,#646,.T.);
#919=ORIENTED_EDGE('',*,*,#659,.F.);
#920=ORIENTED_EDGE('',*,*,#656,.T.);
#921=ORIENTED_EDGE('',*,*,#669,.T.);
#922=ORIENTED_EDGE('',*,*,#667,.F.);
#923=ORIENTED_EDGE('',*,*,#665,.T.);
#924=ORIENTED_EDGE('',*,*,#670,.T.);
#925=ORIENTED_EDGE('',*,*,#652,.F.);
#926=ORIENTED_EDGE('',*,*,#671,.T.);
#927=ORIENTED_EDGE('',*,*,#663,.T.);
#928=ORIENTED_EDGE('',*,*,#662,.F.);
#929=ORIENTED_EDGE('',*,*,#672,.T.);
#930=ORIENTED_EDGE('',*,*,#654,.T.);
#931=ORIENTED_EDGE('',*,*,#651,.F.);
#932=ORIENTED_EDGE('',*,*,#620,.T.);
#933=ORIENTED_EDGE('',*,*,#612,.F.);
#934=ORIENTED_EDGE('',*,*,#592,.T.);
#935=ORIENTED_EDGE('',*,*,#616,.F.);
#936=ORIENTED_EDGE('',*,*,#619,.T.);
#937=ORIENTED_EDGE('',*,*,#658,.F.);
#938=ORIENTED_EDGE('',*,*,#670,.F.);
#939=ORIENTED_EDGE('',*,*,#664,.F.);
#940=ORIENTED_EDGE('',*,*,#671,.F.);
#941=ORIENTED_EDGE('',*,*,#661,.F.);
#942=ORIENTED_EDGE('',*,*,#648,.T.);
#943=ORIENTED_EDGE('',*,*,#639,.F.);
#944=ORIENTED_EDGE('',*,*,#598,.F.);
#945=ORIENTED_EDGE('',*,*,#644,.F.);
#946=ORIENTED_EDGE('',*,*,#647,.T.);
#947=ORIENTED_EDGE('',*,*,#668,.F.);
#948=ORIENTED_EDGE('',*,*,#669,.F.);
#949=ORIENTED_EDGE('',*,*,#655,.F.);
#950=ORIENTED_EDGE('',*,*,#672,.F.);
#951=TOROIDAL_SURFACE('',#1025,7.55723304701699,1.25);
#952=TOROIDAL_SURFACE('',#1034,8.74199999999113,2.508);
#953=TOROIDAL_SURFACE('',#1040,9.94999999999113,1.3);
#954=TOROIDAL_SURFACE('',#1045,9.95000000000525,0.4);
#955=ADVANCED_FACE('',(#297),#951,.T.);
#956=ADVANCED_FACE('',(#298),#292,.T.);
#957=ADVANCED_FACE('',(#299,#36),#47,.T.);
#958=ADVANCED_FACE('',(#300),#952,.T.);
#959=ADVANCED_FACE('',(#301,#37,#38,#39,#40),#27,.T.);
#960=ADVANCED_FACE('',(#302),#953,.T.);
#961=ADVANCED_FACE('',(#303),#293,.T.);
#962=ADVANCED_FACE('',(#304),#954,.T.);
#963=ADVANCED_FACE('',(#305),#294,.T.);
#964=ADVANCED_FACE('',(#306),#28,.T.);
#965=ADVANCED_FACE('',(#307),#29,.F.);
#966=ADVANCED_FACE('',(#308),#30,.F.);
#967=ADVANCED_FACE('',(#309,#41,#42),#31,.F.);
#968=ADVANCED_FACE('',(#310,#43),#48,.T.);
#969=ADVANCED_FACE('',(#311),#295,.F.);
#970=ADVANCED_FACE('',(#312),#32,.F.);
#971=ADVANCED_FACE('',(#313),#296,.F.);
#972=ADVANCED_FACE('',(#314,#44),#49,.T.);
#973=ADVANCED_FACE('',(#315),#33,.F.);
#974=ADVANCED_FACE('',(#316),#34,.T.);
#975=ADVANCED_FACE('',(#317,#45),#50,.T.);
#976=ADVANCED_FACE('',(#318),#35,.F.);
#977=ADVANCED_FACE('',(#319),#51,.F.);
#978=ADVANCED_FACE('',(#320),#52,.F.);
#979=ADVANCED_FACE('',(#321),#53,.F.);
#980=ADVANCED_FACE('',(#322),#54,.F.);
#981=ADVANCED_FACE('',(#323),#55,.F.);
#982=ADVANCED_FACE('',(#324),#56,.T.);
#983=ADVANCED_FACE('',(#325),#57,.T.);
#984=ADVANCED_FACE('',(#326),#58,.T.);
#985=ADVANCED_FACE('',(#327),#59,.T.);
#986=ADVANCED_FACE('',(#328),#60,.T.);
#987=ADVANCED_FACE('',(#329),#61,.T.);
#988=ADVANCED_FACE('',(#330),#62,.T.);
#989=ADVANCED_FACE('',(#331),#63,.T.);
#990=ADVANCED_FACE('',(#332),#64,.T.);
#991=ADVANCED_FACE('',(#333),#65,.T.);
#992=ADVANCED_FACE('',(#334),#66,.T.);
#993=ADVANCED_FACE('',(#335),#67,.T.);
#994=ADVANCED_FACE('',(#336),#68,.T.);
#995=ADVANCED_FACE('',(#337),#69,.T.);
#996=ADVANCED_FACE('',(#338),#70,.T.);
#997=ADVANCED_FACE('',(#339),#71,.T.);
#998=ADVANCED_FACE('',(#340),#72,.T.);
#999=ADVANCED_FACE('',(#341,#46),#73,.T.);
#1000=ADVANCED_FACE('',(#342),#74,.T.);
#1001=ADVANCED_FACE('',(#343),#75,.T.);
#1002=ADVANCED_FACE('',(#344),#76,.T.);
#1003=ADVANCED_FACE('',(#345),#77,.T.);
#1004=ADVANCED_FACE('',(#346),#78,.T.);
#1005=ADVANCED_FACE('',(#347),#79,.T.);
#1006=ADVANCED_FACE('',(#348),#80,.T.);
#1007=ADVANCED_FACE('',(#349),#81,.T.);
#1008=ADVANCED_FACE('',(#350),#82,.T.);
#1009=ADVANCED_FACE('',(#351),#83,.T.);
#1010=CLOSED_SHELL('',(#955,#956,#957,#958,#959,#960,#961,#962,#963,#964,
#965,#966,#967,#968,#969,#970,#971,#972,#973,#974,#975,#976));
#1011=CLOSED_SHELL('',(#977,#978,#979,#980,#981,#982,#983,#984,#985,#986,
#987,#988,#989,#990,#991,#992,#993,#994,#995,#996,#997,#998,#999,#1000,
#1001,#1002,#1003,#1004,#1005,#1006,#1007,#1008,#1009));
#1012=DERIVED_UNIT_ELEMENT(#1014,1.);
#1013=DERIVED_UNIT_ELEMENT(#1864,-3.);
#1014=(
MASS_UNIT()
NAMED_UNIT(*)
SI_UNIT(.KILO.,.GRAM.)
);
#1015=DERIVED_UNIT((#1012,#1013));
#1016=MEASURE_REPRESENTATION_ITEM('density measure',
POSITIVE_RATIO_MEASURE(7850.),#1015);
#1017=PROPERTY_DEFINITION_REPRESENTATION(#1022,#1019);
#1018=PROPERTY_DEFINITION_REPRESENTATION(#1023,#1020);
#1019=REPRESENTATION('material name',(#1021),#1861);
#1020=REPRESENTATION('density',(#1016),#1861);
#1021=DESCRIPTIVE_REPRESENTATION_ITEM('Steel','Steel');
#1022=PROPERTY_DEFINITION('material property','material name',#1871);
#1023=PROPERTY_DEFINITION('material property','density of part',#1871);
#1024=AXIS2_PLACEMENT_3D('',#1371,#1105,#1106);
#1025=AXIS2_PLACEMENT_3D('',#1372,#1107,#1108);
#1026=AXIS2_PLACEMENT_3D('',#1375,#1109,#1110);
#1027=AXIS2_PLACEMENT_3D('',#1377,#1111,#1112);
#1028=AXIS2_PLACEMENT_3D('',#1378,#1113,#1114);
#1029=AXIS2_PLACEMENT_3D('',#1379,#1115,#1116);
#1030=AXIS2_PLACEMENT_3D('',#1380,#1117,#1118);
#1031=AXIS2_PLACEMENT_3D('',#1382,#1119,#1120);
#1032=AXIS2_PLACEMENT_3D('',#1384,#1122,#1123);
#1033=AXIS2_PLACEMENT_3D('',#1386,#1124,#1125);
#1034=AXIS2_PLACEMENT_3D('',#1387,#1126,#1127);
#1035=AXIS2_PLACEMENT_3D('',#1389,#1128,#1129);
#1036=AXIS2_PLACEMENT_3D('',#1391,#1130,#1131);
#1037=AXIS2_PLACEMENT_3D('',#1392,#1132,#1133);
#1038=AXIS2_PLACEMENT_3D('',#1393,#1134,#1135);
#1039=AXIS2_PLACEMENT_3D('',#1395,#1136,#1137);
#1040=AXIS2_PLACEMENT_3D('',#1543,#1139,#1140);
#1041=AXIS2_PLACEMENT_3D('',#1545,#1141,#1142);
#1042=AXIS2_PLACEMENT_3D('',#1546,#1143,#1144);
#1043=AXIS2_PLACEMENT_3D('',#1547,#1145,#1146);
#1044=AXIS2_PLACEMENT_3D('',#1549,#1147,#1148);
#1045=AXIS2_PLACEMENT_3D('',#1551,#1150,#1151);
#1046=AXIS2_PLACEMENT_3D('',#1553,#1152,#1153);
#1047=AXIS2_PLACEMENT_3D('',#1555,#1154,#1155);
#1048=AXIS2_PLACEMENT_3D('',#1556,#1156,#1157);
#1049=AXIS2_PLACEMENT_3D('',#1557,#1158,#1159);
#1050=AXIS2_PLACEMENT_3D('',#1560,#1161,#1162);
#1051=AXIS2_PLACEMENT_3D('',#1561,#1163,#1164);
#1052=AXIS2_PLACEMENT_3D('',#1563,#1165,#1166);
#1053=AXIS2_PLACEMENT_3D('',#1565,#1168,#1169);
#1054=AXIS2_PLACEMENT_3D('',#1605,#1171,#1172);
#1055=AXIS2_PLACEMENT_3D('',#1645,#1174,#1175);
#1056=AXIS2_PLACEMENT_3D('',#1647,#1177,#1178);
#1057=AXIS2_PLACEMENT_3D('',#1649,#1179,#1180);
#1058=AXIS2_PLACEMENT_3D('',#1651,#1181,#1182);
#1059=AXIS2_PLACEMENT_3D('',#1652,#1183,#1184);
#1060=AXIS2_PLACEMENT_3D('',#1655,#1186,#1187);
#1061=AXIS2_PLACEMENT_3D('',#1656,#1188,#1189);
#1062=AXIS2_PLACEMENT_3D('',#1659,#1191,#1192);
#1063=AXIS2_PLACEMENT_3D('',#1660,#1193,#1194);
#1064=AXIS2_PLACEMENT_3D('',#1663,#1196,#1197);
#1065=AXIS2_PLACEMENT_3D('',#1664,#1198,#1199);
#1066=AXIS2_PLACEMENT_3D('',#1666,#1200,#1201);
#1067=AXIS2_PLACEMENT_3D('',#1667,#1202,#1203);
#1068=AXIS2_PLACEMENT_3D('',#1669,#1205,#1206);
#1069=AXIS2_PLACEMENT_3D('',#1671,#1208,#1209);
#1070=AXIS2_PLACEMENT_3D('',#1673,#1210,#1211);
#1071=AXIS2_PLACEMENT_3D('',#1674,#1212,#1213);
#1072=AXIS2_PLACEMENT_3D('',#1676,#1215,#1216);
#1073=AXIS2_PLACEMENT_3D('',#1685,#1221,#1222);
#1074=AXIS2_PLACEMENT_3D('',#1694,#1227,#1228);
#1075=AXIS2_PLACEMENT_3D('',#1703,#1233,#1234);
#1076=AXIS2_PLACEMENT_3D('',#1712,#1239,#1240);
#1077=AXIS2_PLACEMENT_3D('',#1721,#1245,#1246);
#1078=AXIS2_PLACEMENT_3D('',#1727,#1250,#1251);
#1079=AXIS2_PLACEMENT_3D('',#1731,#1254,#1255);
#1080=AXIS2_PLACEMENT_3D('',#1735,#1258,#1259);
#1081=AXIS2_PLACEMENT_3D('',#1741,#1263,#1264);
#1082=AXIS2_PLACEMENT_3D('',#1745,#1267,#1268);
#1083=AXIS2_PLACEMENT_3D('',#1749,#1271,#1272);
#1084=AXIS2_PLACEMENT_3D('',#1760,#1279,#1280);
#1085=AXIS2_PLACEMENT_3D('',#1766,#1284,#1285);
#1086=AXIS2_PLACEMENT_3D('',#1770,#1288,#1289);
#1087=AXIS2_PLACEMENT_3D('',#1774,#1292,#1293);
#1088=AXIS2_PLACEMENT_3D('',#1776,#1295,#1296);
#1089=AXIS2_PLACEMENT_3D('',#1782,#1300,#1301);
#1090=AXIS2_PLACEMENT_3D('',#1786,#1304,#1305);
#1091=AXIS2_PLACEMENT_3D('',#1790,#1308,#1309);
#1092=AXIS2_PLACEMENT_3D('',#1796,#1313,#1314);
#1093=AXIS2_PLACEMENT_3D('',#1800,#1317,#1318);
#1094=AXIS2_PLACEMENT_3D('',#1804,#1321,#1322);
#1095=AXIS2_PLACEMENT_3D('',#1815,#1329,#1330);
#1096=AXIS2_PLACEMENT_3D('',#1821,#1334,#1335);
#1097=AXIS2_PLACEMENT_3D('',#1829,#1340,#1341);
#1098=AXIS2_PLACEMENT_3D('',#1833,#1344,#1345);
#1099=AXIS2_PLACEMENT_3D('',#1839,#1349,#1350);
#1100=AXIS2_PLACEMENT_3D('',#1847,#1355,#1356);
#1101=AXIS2_PLACEMENT_3D('',#1851,#1359,#1360);
#1102=AXIS2_PLACEMENT_3D('',#1854,#1363,#1364);
#1103=AXIS2_PLACEMENT_3D('',#1857,#1367,#1368);
#1104=AXIS2_PLACEMENT_3D('',#1858,#1369,#1370);
#1105=DIRECTION('axis',(0.,0.,1.));
#1106=DIRECTION('refdir',(1.,0.,0.));
#1107=DIRECTION('center_axis',(0.,0.,1.));
#1108=DIRECTION('ref_axis',(1.,0.,0.));
#1109=DIRECTION('center_axis',(0.,0.,-1.));
#1110=DIRECTION('ref_axis',(-1.,-6.12323399573677E-17,0.));
#1111=DIRECTION('center_axis',(1.22464679914735E-16,-1.,0.));
#1112=DIRECTION('ref_axis',(-1.,-1.22464679914735E-16,0.));
#1113=DIRECTION('center_axis',(0.,0.,1.));
#1114=DIRECTION('ref_axis',(-1.,0.,0.));
#1115=DIRECTION('center_axis',(0.,0.,-1.));
#1116=DIRECTION('ref_axis',(-1.,-6.12323399573677E-17,0.));
#1117=DIRECTION('center_axis',(0.,0.,1.));
#1118=DIRECTION('ref_axis',(-1.,0.,0.));
#1119=DIRECTION('center_axis',(0.,0.,1.));
#1120=DIRECTION('ref_axis',(-1.,-6.12323399573677E-17,0.));
#1121=DIRECTION('',(-0.707106781187525,-8.65956056236691E-17,-0.70710678118557));
#1122=DIRECTION('center_axis',(0.,0.,-1.));
#1123=DIRECTION('ref_axis',(-1.,0.,0.));
#1124=DIRECTION('center_axis',(0.,0.,1.));
#1125=DIRECTION('ref_axis',(1.,0.,0.));
#1126=DIRECTION('center_axis',(0.,0.,-1.));
#1127=DIRECTION('ref_axis',(-1.,0.,0.));
#1128=DIRECTION('center_axis',(-1.22464679914735E-16,-1.,0.));
#1129=DIRECTION('ref_axis',(1.,-1.22464679914735E-16,0.));
#1130=DIRECTION('center_axis',(0.,0.,-1.));
#1131=DIRECTION('ref_axis',(-1.,0.,0.));
#1132=DIRECTION('center_axis',(0.,0.,-1.));
#1133=DIRECTION('ref_axis',(-1.,0.,0.));
#1134=DIRECTION('center_axis',(0.,0.,1.));
#1135=DIRECTION('ref_axis',(1.,0.,0.));
#1136=DIRECTION('center_axis',(0.,0.,1.));
#1137=DIRECTION('ref_axis',(-1.,1.22464679914735E-16,0.));
#1138=DIRECTION('',(0.,0.,-1.));
#1139=DIRECTION('center_axis',(0.,0.,1.));
#1140=DIRECTION('ref_axis',(1.,0.,0.));
#1141=DIRECTION('center_axis',(0.,0.,-1.));
#1142=DIRECTION('ref_axis',(-1.,0.,0.));
#1143=DIRECTION('center_axis',(1.22464679914735E-16,-1.,0.));
#1144=DIRECTION('ref_axis',(-1.,-1.22464679914735E-16,0.));
#1145=DIRECTION('center_axis',(0.,0.,-1.));
#1146=DIRECTION('ref_axis',(1.,0.,0.));
#1147=DIRECTION('center_axis',(0.,0.,1.));
#1148=DIRECTION('ref_axis',(1.,0.,0.));
#1149=DIRECTION('',(-0.978147600733446,-1.19788532833188E-16,-0.20791169081945));
#1150=DIRECTION('center_axis',(0.,0.,1.));
#1151=DIRECTION('ref_axis',(1.,0.,0.));
#1152=DIRECTION('center_axis',(0.,0.,-1.));
#1153=DIRECTION('ref_axis',(-1.,1.22464679914735E-16,0.));
#1154=DIRECTION('center_axis',(1.22464679914735E-16,-1.,0.));
#1155=DIRECTION('ref_axis',(-1.,-1.22464679914735E-16,0.));
#1156=DIRECTION('center_axis',(0.,0.,1.));
#1157=DIRECTION('ref_axis',(-1.,0.,0.));
#1158=DIRECTION('center_axis',(0.,0.,1.));
#1159=DIRECTION('ref_axis',(1.,0.,0.));
#1160=DIRECTION('',(0.978147600733795,1.19788532833231E-16,-0.207911690817807));
#1161=DIRECTION('center_axis',(0.,0.,1.));
#1162=DIRECTION('ref_axis',(1.,0.,0.));
#1163=DIRECTION('center_axis',(0.,0.,1.));
#1164=DIRECTION('ref_axis',(1.,0.,0.));
#1165=DIRECTION('center_axis',(0.,0.,1.));
#1166=DIRECTION('ref_axis',(1.,0.,0.));
#1167=DIRECTION('',(0.,0.,-1.));
#1168=DIRECTION('center_axis',(1.,0.,0.));
#1169=DIRECTION('ref_axis',(0.,1.,0.));
#1170=DIRECTION('',(1.,0.,0.));
#1171=DIRECTION('center_axis',(-1.,0.,0.));
#1172=DIRECTION('ref_axis',(0.,-1.,0.));
#1173=DIRECTION('',(-1.,0.,0.));
#1174=DIRECTION('center_axis',(0.,1.,0.));
#1175=DIRECTION('ref_axis',(1.,0.,0.));
#1176=DIRECTION('',(0.,1.,0.));
#1177=DIRECTION('center_axis',(0.,0.,1.));
#1178=DIRECTION('ref_axis',(1.,0.,0.));
#1179=DIRECTION('center_axis',(0.,0.,1.));
#1180=DIRECTION('ref_axis',(1.,0.,0.));
#1181=DIRECTION('center_axis',(0.,0.,1.));
#1182=DIRECTION('ref_axis',(1.,0.,0.));
#1183=DIRECTION('center_axis',(0.,0.,1.));
#1184=DIRECTION('ref_axis',(1.,0.,0.));
#1185=DIRECTION('',(0.642787609686542,7.87187788734201E-17,-0.766044443118976));
#1186=DIRECTION('center_axis',(0.,0.,1.));
#1187=DIRECTION('ref_axis',(1.,0.,0.));
#1188=DIRECTION('center_axis',(0.,0.,1.));
#1189=DIRECTION('ref_axis',(1.,0.,0.));
#1190=DIRECTION('',(0.,0.,-1.));
#1191=DIRECTION('center_axis',(0.,0.,1.));
#1192=DIRECTION('ref_axis',(1.,0.,0.));
#1193=DIRECTION('center_axis',(0.,0.,-1.));
#1194=DIRECTION('ref_axis',(1.,0.,0.));
#1195=DIRECTION('',(-0.766044443118978,-9.38133875270273E-17,-0.642787609686539));
#1196=DIRECTION('center_axis',(0.,0.,1.));
#1197=DIRECTION('ref_axis',(1.,0.,0.));
#1198=DIRECTION('center_axis',(0.,0.,-1.));
#1199=DIRECTION('ref_axis',(-1.,0.,0.));
#1200=DIRECTION('center_axis',(0.,0.,1.));
#1201=DIRECTION('ref_axis',(1.,0.,0.));
#1202=DIRECTION('center_axis',(0.,0.,1.));
#1203=DIRECTION('ref_axis',(1.,0.,0.));
#1204=DIRECTION('',(0.,0.,-1.));
#1205=DIRECTION('center_axis',(0.,0.,1.));
#1206=DIRECTION('ref_axis',(1.,0.,0.));
#1207=DIRECTION('',(0.,0.,-1.));
#1208=DIRECTION('center_axis',(0.,0.,1.));
#1209=DIRECTION('ref_axis',(1.,0.,0.));
#1210=DIRECTION('center_axis',(0.,0.,1.));
#1211=DIRECTION('ref_axis',(1.,0.,0.));
#1212=DIRECTION('center_axis',(0.,0.,1.));
#1213=DIRECTION('ref_axis',(1.,0.,0.));
#1214=DIRECTION('',(0.,0.,-1.));
#1215=DIRECTION('center_axis',(2.00186266620895E-33,-1.25016413859151E-48,
1.));
#1216=DIRECTION('ref_axis',(-1.,6.24500451351648E-16,2.00186266620895E-33));
#1217=DIRECTION('',(-6.24500451351648E-16,-1.,0.));
#1218=DIRECTION('',(-1.,6.24500451351648E-16,2.00186266620895E-33));
#1219=DIRECTION('',(6.24500451351648E-16,1.,0.));
#1220=DIRECTION('',(1.,-6.24500451351648E-16,-2.00186266620895E-33));
#1221=DIRECTION('center_axis',(2.00186266620895E-33,-1.25016413859151E-48,
1.));
#1222=DIRECTION('ref_axis',(-1.,6.24500451351648E-16,2.00186266620895E-33));
#1223=DIRECTION('',(6.24500451351648E-16,1.,0.));
#1224=DIRECTION('',(-1.,6.24500451351648E-16,0.));
#1225=DIRECTION('',(6.24500451351648E-16,1.,0.));
#1226=DIRECTION('',(1.,-6.24500451351648E-16,-2.00186266620895E-33));
#1227=DIRECTION('center_axis',(2.00186266620895E-33,-1.25016413859151E-48,
1.));
#1228=DIRECTION('ref_axis',(-1.,6.24500451351648E-16,2.00186266620895E-33));
#1229=DIRECTION('',(-6.24500451351648E-16,-1.,0.));
#1230=DIRECTION('',(-1.,6.24500451351648E-16,0.));
#1231=DIRECTION('',(-6.24500451351648E-16,-1.,0.));
#1232=DIRECTION('',(-1.,6.24500451351648E-16,2.00186266620895E-33));
#1233=DIRECTION('center_axis',(2.00186266620895E-33,-1.25016413859151E-48,
1.));
#1234=DIRECTION('ref_axis',(-1.,6.24500451351648E-16,2.00186266620895E-33));
#1235=DIRECTION('',(-6.24500451351648E-16,-1.,0.));
#1236=DIRECTION('',(-1.,6.24500451351648E-16,2.00186266620895E-33));
#1237=DIRECTION('',(6.24500451351648E-16,1.,0.));
#1238=DIRECTION('',(1.,-6.24500451351648E-16,-2.00186266620895E-33));
#1239=DIRECTION('center_axis',(2.00186266620895E-33,-1.25016413859151E-48,
1.));
#1240=DIRECTION('ref_axis',(-1.,6.24500451351648E-16,2.00186266620895E-33));
#1241=DIRECTION('',(-1.,6.24500451351648E-16,2.00186266620895E-33));
#1242=DIRECTION('',(6.24500451351648E-16,1.,0.));
#1243=DIRECTION('',(1.,-6.24500451351648E-16,-2.00186266620895E-33));
#1244=DIRECTION('',(-6.24500451351648E-16,-1.,0.));
#1245=DIRECTION('center_axis',(1.,-6.24500451351648E-16,0.));
#1246=DIRECTION('ref_axis',(0.,0.,1.));
#1247=DIRECTION('',(5.19995057338096E-16,0.832657616519949,-0.553788130652253));
#1248=DIRECTION('',(3.58198743385906E-16,0.573576436351059,0.819152044288983));
#1249=DIRECTION('',(6.24500451351648E-16,1.,-5.50139716272268E-17));
#1250=DIRECTION('center_axis',(5.11560821384095E-16,0.819152044288983,-0.573576436351059));
#1251=DIRECTION('ref_axis',(-3.58198743385906E-16,-0.573576436351059,-0.819152044288983));
#1252=DIRECTION('',(-3.58198743385906E-16,-0.573576436351059,-0.819152044288983));
#1253=DIRECTION('',(-1.,6.24500451351648E-16,0.));
#1254=DIRECTION('center_axis',(-1.,6.24500451351648E-16,0.));
#1255=DIRECTION('ref_axis',(0.,0.,-1.));
#1256=DIRECTION('',(-5.19995057338096E-16,-0.832657616519949,0.553788130652253));
#1257=DIRECTION('',(-6.24500451351648E-16,-1.,5.50139716272268E-17));
#1258=DIRECTION('center_axis',(1.,-6.24500451351648E-16,0.));
#1259=DIRECTION('ref_axis',(0.,0.,1.));
#1260=DIRECTION('',(6.24500451351648E-16,1.,-5.50139716272268E-17));
#1261=DIRECTION('',(-3.58198743385909E-16,-0.573576436351063,-0.81915204428898));
#1262=DIRECTION('',(-5.11560821384101E-16,-0.819152044288992,0.573576436351046));
#1263=DIRECTION('center_axis',(-5.11560821384093E-16,-0.81915204428898,
0.573576436351063));
#1264=DIRECTION('ref_axis',(3.58198743385909E-16,0.573576436351063,0.81915204428898));
#1265=DIRECTION('',(1.,-6.24500451351648E-16,0.));
#1266=DIRECTION('',(3.58198743385909E-16,0.573576436351063,0.81915204428898));
#1267=DIRECTION('center_axis',(-1.,6.24500451351648E-16,0.));
#1268=DIRECTION('ref_axis',(0.,0.,-1.));
#1269=DIRECTION('',(-6.24500451351648E-16,-1.,5.50139716272268E-17));
#1270=DIRECTION('',(5.11560821384101E-16,0.819152044288992,-0.573576436351046));
#1271=DIRECTION('center_axis',(-3.43562501118499E-32,-5.50139716272268E-17,
-1.));
#1272=DIRECTION('ref_axis',(-6.24500451351648E-16,-1.,5.50139716272268E-17));
#1273=DIRECTION('',(1.,-6.24500451351648E-16,0.));
#1274=DIRECTION('',(-6.24500451351648E-16,-1.,5.50139716272268E-17));
#1275=DIRECTION('',(-1.,6.24500451351648E-16,0.));
#1276=DIRECTION('',(-1.,6.24500451351648E-16,0.));
#1277=DIRECTION('',(6.24500451351648E-16,1.,-5.50139716272268E-17));
#1278=DIRECTION('',(1.,-6.24500451351648E-16,0.));
#1279=DIRECTION('center_axis',(1.,-6.24500451351648E-16,0.));
#1280=DIRECTION('ref_axis',(0.,0.,1.));
#1281=DIRECTION('',(-3.58198743385898E-16,-0.573576436351046,-0.819152044288992));
#1282=DIRECTION('',(3.58198743385898E-16,0.573576436351046,0.819152044288992));
#1283=DIRECTION('',(6.24500451351648E-16,1.,-5.50139716272268E-17));
#1284=DIRECTION('center_axis',(5.11560821384101E-16,0.819152044288992,-0.573576436351046));
#1285=DIRECTION('ref_axis',(-3.58198743385898E-16,-0.573576436351046,-0.819152044288992));
#1286=DIRECTION('',(-3.58198743385898E-16,-0.573576436351046,-0.819152044288992));
#1287=DIRECTION('',(-1.,6.24500451351648E-16,0.));
#1288=DIRECTION('center_axis',(-5.11560821384101E-16,-0.819152044288992,
0.573576436351046));
#1289=DIRECTION('ref_axis',(3.58198743385898E-16,0.573576436351046,0.819152044288992));
#1290=DIRECTION('',(1.,-6.24500451351648E-16,0.));
#1291=DIRECTION('',(3.58198743385898E-16,0.573576436351046,0.819152044288992));
#1292=DIRECTION('center_axis',(-1.,6.24500451351648E-16,0.));
#1293=DIRECTION('ref_axis',(0.,0.,-1.));
#1294=DIRECTION('',(-6.24500451351648E-16,-1.,5.50139716272268E-17));
#1295=DIRECTION('center_axis',(1.,-6.24500451351648E-16,0.));
#1296=DIRECTION('ref_axis',(0.,0.,1.));
#1297=DIRECTION('',(6.24500451351648E-16,1.,-5.50139716272268E-17));
#1298=DIRECTION('',(-3.58198743385898E-16,-0.573576436351046,-0.819152044288992));
#1299=DIRECTION('',(3.61761353587533E-16,0.579281172342709,0.815127795728533));
#1300=DIRECTION('center_axis',(5.09047676341743E-16,0.815127795728533,-0.579281172342709));
#1301=DIRECTION('ref_axis',(-3.61761353587534E-16,-0.579281172342709,-0.815127795728533));
#1302=DIRECTION('',(-3.61761353587533E-16,-0.579281172342709,-0.815127795728533));
#1303=DIRECTION('',(-1.,6.24500451351648E-16,0.));
#1304=DIRECTION('center_axis',(-1.,6.24500451351648E-16,0.));
#1305=DIRECTION('ref_axis',(0.,0.,-1.));
#1306=DIRECTION('',(-6.24500451351648E-16,-1.,5.50139716272268E-17));
#1307=DIRECTION('',(3.58198743385898E-16,0.573576436351046,0.819152044288992));
#1308=DIRECTION('center_axis',(1.,-6.24500451351648E-16,0.));
#1309=DIRECTION('ref_axis',(0.,0.,1.));
#1310=DIRECTION('',(5.11560821384107E-16,0.819152044289003,-0.573576436351031));
#1311=DIRECTION('',(5.19995057338096E-16,0.832657616519949,0.553788130652253));
#1312=DIRECTION('',(6.24500451351648E-16,1.,-5.50139716272268E-17));
#1313=DIRECTION('center_axis',(-3.58198743385889E-16,-0.573576436351031,
-0.819152044289003));
#1314=DIRECTION('ref_axis',(-5.11560821384107E-16,-0.819152044289003,0.573576436351031));
#1315=DIRECTION('',(1.,-6.24500451351648E-16,0.));
#1316=DIRECTION('',(-5.11560821384107E-16,-0.819152044289003,0.573576436351031));
#1317=DIRECTION('center_axis',(-1.,6.24500451351648E-16,0.));
#1318=DIRECTION('ref_axis',(0.,0.,-1.));
#1319=DIRECTION('',(-6.24500451351648E-16,-1.,5.50139716272268E-17));
#1320=DIRECTION('',(-5.19995057338096E-16,-0.832657616519949,-0.553788130652253));
#1321=DIRECTION('center_axis',(-3.43562501118499E-32,-5.50139716272268E-17,
-1.));
#1322=DIRECTION('ref_axis',(-6.24500451351648E-16,-1.,5.50139716272268E-17));
#1323=DIRECTION('',(-1.,6.24500451351648E-16,0.));
#1324=DIRECTION('',(-6.24500451351648E-16,-1.,5.50139716272268E-17));
#1325=DIRECTION('',(-1.,6.24500451351648E-16,0.));
#1326=DIRECTION('',(-1.,6.24500451351648E-16,0.));
#1327=DIRECTION('',(6.24500451351648E-16,1.,-5.50139716272268E-17));
#1328=DIRECTION('',(-1.,6.24500451351648E-16,0.));
#1329=DIRECTION('center_axis',(0.707106781186548,-4.80489256402426E-16,
-0.707106781186548));
#1330=DIRECTION('ref_axis',(0.707106781186548,-4.4158850400481E-16,0.707106781186548));
#1331=DIRECTION('',(0.497542812164523,-0.71056477546163,0.497542812164523));
#1332=DIRECTION('',(-6.24500451351648E-16,-1.,5.50139716272268E-17));
#1333=DIRECTION('',(-0.484460983345807,0.728419598329992,-0.484460983345807));
#1334=DIRECTION('center_axis',(-3.45840937545517E-16,-0.553788130652253,
-0.83265761651995));
#1335=DIRECTION('ref_axis',(-5.19995057338096E-16,-0.832657616519949,0.553788130652253));
#1336=DIRECTION('',(5.19995057338096E-16,0.832657616519949,-0.553788130652253));
#1337=DIRECTION('',(-1.,6.24500451351648E-16,0.));
#1338=DIRECTION('',(-5.19995057338096E-16,-0.832657616519949,0.553788130652253));
#1339=DIRECTION('',(-0.484460983345808,-0.728419598329991,0.484460983345807));
#1340=DIRECTION('center_axis',(-0.707106781186548,4.02687751607194E-16,
-0.707106781186548));
#1341=DIRECTION('ref_axis',(0.707106781186548,-4.4158850400481E-16,-0.707106781186548));
#1342=DIRECTION('',(0.497542812164523,0.710564775461629,-0.497542812164523));
#1343=DIRECTION('',(6.24500451351648E-16,1.,-5.50139716272268E-17));
#1344=DIRECTION('center_axis',(0.707106781186548,-4.80489256402426E-16,
-0.707106781186548));
#1345=DIRECTION('ref_axis',(0.707106781186548,-4.4158850400481E-16,0.707106781186548));
#1346=DIRECTION('',(-0.633687274224642,-0.443712606279658,-0.633687274224642));
#1347=DIRECTION('',(0.484460983345808,0.728419598329991,0.484460983345807));
#1348=DIRECTION('',(-6.24500451351648E-16,-1.,5.50139716272268E-17));
#1349=DIRECTION('center_axis',(-5.11560821384101E-16,-0.819152044288992,
0.573576436351046));
#1350=DIRECTION('ref_axis',(3.58198743385898E-16,0.573576436351046,0.819152044288992));
#1351=DIRECTION('',(-3.58198743385898E-16,-0.573576436351046,-0.819152044288992));
#1352=DIRECTION('',(-1.,6.24500451351648E-16,0.));
#1353=DIRECTION('',(3.58198743385898E-16,0.573576436351046,0.819152044288992));
#1354=DIRECTION('',(-0.633687274224642,0.443712606279658,0.633687274224642));
#1355=DIRECTION('center_axis',(-0.707106781186548,4.02687751607194E-16,
-0.707106781186548));
#1356=DIRECTION('ref_axis',(0.707106781186548,-4.4158850400481E-16,-0.707106781186548));
#1357=DIRECTION('',(6.24500451351648E-16,1.,-5.50139716272268E-17));
#1358=DIRECTION('',(0.484460983345807,-0.728419598329992,-0.484460983345807));
#1359=DIRECTION('center_axis',(-1.,6.24500451351648E-16,0.));
#1360=DIRECTION('ref_axis',(0.,0.,-1.));
#1361=DIRECTION('',(-5.19995057338096E-16,-0.832657616519949,-0.553788130652253));
#1362=DIRECTION('',(5.11560821384101E-16,0.819152044288992,-0.573576436351046));
#1363=DIRECTION('center_axis',(1.,-6.24500451351648E-16,0.));
#1364=DIRECTION('ref_axis',(0.,0.,1.));
#1365=DIRECTION('',(-5.11560821384101E-16,-0.819152044288992,0.573576436351046));
#1366=DIRECTION('',(5.19995057338096E-16,0.832657616519949,0.553788130652253));
#1367=DIRECTION('center_axis',(3.58198743385898E-16,0.573576436351046,0.819152044288992));
#1368=DIRECTION('ref_axis',(5.11560821384101E-16,0.819152044288992,-0.573576436351046));
#1369=DIRECTION('center_axis',(3.45840937545517E-16,0.553788130652253,-0.83265761651995));
#1370=DIRECTION('ref_axis',(-5.19995057338096E-16,-0.832657616519949,-0.553788130652253));
#1371=CARTESIAN_POINT('',(0.,0.,0.));
#1372=CARTESIAN_POINT('Origin',(0.,0.,-4.9));
#1373=CARTESIAN_POINT('',(8.44111652349896,0.,-5.78388347648441));
#1374=CARTESIAN_POINT('',(-8.44111652349896,-1.03373863317328E-15,-5.78388347648441));
#1375=CARTESIAN_POINT('Origin',(0.,5.16869316586641E-16,-5.78388347648441));
#1376=CARTESIAN_POINT('',(-7.55723304701699,-9.25494126143996E-16,-6.15));
#1377=CARTESIAN_POINT('Origin',(-7.55723304701699,-9.25494126143996E-16,
-4.9));
#1378=CARTESIAN_POINT('Origin',(0.,0.,-6.15));
#1379=CARTESIAN_POINT('Origin',(0.,5.16869316586641E-16,-5.78388347648441));
#1380=CARTESIAN_POINT('Origin',(0.,0.,-4.5625));
#1381=CARTESIAN_POINT('',(10.5154238072045,2.57553602143418E-15,-3.70957619278456));
#1382=CARTESIAN_POINT('Origin',(0.,6.43884005358546E-16,-3.70957619278456));
#1383=CARTESIAN_POINT('',(9.66249999998674,1.18331496967451E-15,-4.5625));
#1384=CARTESIAN_POINT('Origin',(11.2499999999824,0.,-6.15));
#1385=CARTESIAN_POINT('',(-6.55000000000165,-8.02143653441718E-16,-6.15));
#1386=CARTESIAN_POINT('Origin',(0.,0.,-6.15));
#1387=CARTESIAN_POINT('Origin',(0.,0.,-1.93615238556625));
#1388=CARTESIAN_POINT('',(11.2499999999911,-1.37772764903969E-15,-1.93615238556625));
#1389=CARTESIAN_POINT('Origin',(8.74199999999113,-1.07058623181353E-15,
-1.93615238556625));
#1390=CARTESIAN_POINT('',(-11.2499999999911,-1.37772764903969E-15,-1.93615238556625));
#1391=CARTESIAN_POINT('Origin',(0.,0.,-1.93615238556625));
#1392=CARTESIAN_POINT('Origin',(0.,0.,-1.93615238556625));
#1393=CARTESIAN_POINT('Origin',(0.,0.,-1.14926932845015));
#1394=CARTESIAN_POINT('',(-11.2499999999911,-1.37772764903969E-15,2.79874209994993));
#1395=CARTESIAN_POINT('Origin',(0.,0.,2.79874209994993));
#1396=CARTESIAN_POINT('',(-11.2499999999911,-1.37772764903969E-15,-1.14926932845015));
#1397=CARTESIAN_POINT('',(-7.3375,-8.52781295232256,0.));
#1398=CARTESIAN_POINT('Ctrl Pts',(-7.3375,-8.52781295232256,0.));
#1399=CARTESIAN_POINT('Ctrl Pts',(-7.3375,-8.52781295232256,0.200212576541791));
#1400=CARTESIAN_POINT('Ctrl Pts',(-7.29732518689929,-8.56277969945903,0.407927289068287));
#1401=CARTESIAN_POINT('Ctrl Pts',(-7.14667698713694,-8.68891010750307,0.780969762518307));
#1402=CARTESIAN_POINT('Ctrl Pts',(-7.03652611758336,-8.77912134757518,0.946748979049687));
#1403=CARTESIAN_POINT('Ctrl Pts',(-6.76990733710463,-8.98695658174837,1.23557021573547));
#1404=CARTESIAN_POINT('Ctrl Pts',(-6.58564773222777,-9.12426205055702,1.36768597299541));
#1405=CARTESIAN_POINT('Ctrl Pts',(-6.18085565745724,-9.4031876174454,1.54377313953157));
#1406=CARTESIAN_POINT('Ctrl Pts',(-5.96008318652915,-9.54461365882289,1.5875));
#1407=CARTESIAN_POINT('Ctrl Pts',(-5.55576802525257,-9.78504001051378,1.5875));
#1408=CARTESIAN_POINT('Ctrl Pts',(-5.3427999370781,-9.9029197759609,1.54966450237706));
#1409=CARTESIAN_POINT('Ctrl Pts',(-4.94174677703121,-10.1090291267448,1.38347346059324));
#1410=CARTESIAN_POINT('Ctrl Pts',(-4.75392403422221,-10.1975253533932,1.25481589744677));
#1411=CARTESIAN_POINT('Ctrl Pts',(-4.47398780801456,-10.3231001682634,0.963062606830526));
#1412=CARTESIAN_POINT('Ctrl Pts',(-4.3574979135318,-10.3721650138501,0.78981202099808));
#1413=CARTESIAN_POINT('Ctrl Pts',(-4.20169930153694,-10.4362501836791,0.406977008088043));
#1414=CARTESIAN_POINT('Ctrl Pts',(-4.1625,-10.4516072328518,0.197404501528533));
#1415=CARTESIAN_POINT('Ctrl Pts',(-4.1625,-10.4516072328518,-0.197404501528533));
#1416=CARTESIAN_POINT('Ctrl Pts',(-4.20169930153694,-10.4362501836791,-0.406977008088042));
#1417=CARTESIAN_POINT('Ctrl Pts',(-4.3574979135318,-10.3721650138501,-0.789812020998079));
#1418=CARTESIAN_POINT('Ctrl Pts',(-4.47398780801456,-10.3231001682634,-0.963062606830526));
#1419=CARTESIAN_POINT('Ctrl Pts',(-4.75392403422221,-10.1975253533932,-1.25481589744677));
#1420=CARTESIAN_POINT('Ctrl Pts',(-4.94174677703121,-10.1090291267448,-1.38347346059324));
#1421=CARTESIAN_POINT('Ctrl Pts',(-5.3427999370781,-9.9029197759609,-1.54966450237706));
#1422=CARTESIAN_POINT('Ctrl Pts',(-5.55576802525257,-9.78504001051378,-1.5875));
#1423=CARTESIAN_POINT('Ctrl Pts',(-5.96008318652915,-9.54461365882289,-1.5875));
#1424=CARTESIAN_POINT('Ctrl Pts',(-6.18085565745724,-9.4031876174454,-1.54377313953157));
#1425=CARTESIAN_POINT('Ctrl Pts',(-6.58564773222777,-9.12426205055702,-1.36768597299541));
#1426=CARTESIAN_POINT('Ctrl Pts',(-6.76990733710463,-8.98695658174837,-1.23557021573547));
#1427=CARTESIAN_POINT('Ctrl Pts',(-7.03652611758336,-8.77912134757518,-0.946748979049688));
#1428=CARTESIAN_POINT('Ctrl Pts',(-7.14667698713694,-8.68891010750307,-0.780969762518307));
#1429=CARTESIAN_POINT('Ctrl Pts',(-7.29732518689929,-8.56277969945903,-0.407927289068287));
#1430=CARTESIAN_POINT('Ctrl Pts',(-7.3375,-8.52781295232256,-0.20021257654179));
#1431=CARTESIAN_POINT('Ctrl Pts',(-7.3375,-8.52781295232256,6.93889390390723E-16));
#1432=CARTESIAN_POINT('',(-7.3375,8.52781295232256,-1.73472347597681E-17));
#1433=CARTESIAN_POINT('Ctrl Pts',(-7.3375,8.52781295232256,-1.73472347597681E-17));
#1434=CARTESIAN_POINT('Ctrl Pts',(-7.3375,8.52781295232256,-0.200212576541791));
#1435=CARTESIAN_POINT('Ctrl Pts',(-7.29732518689929,8.56277969945903,-0.407927289068288));
#1436=CARTESIAN_POINT('Ctrl Pts',(-7.14667698713694,8.68891010750307,-0.780969762518308));
#1437=CARTESIAN_POINT('Ctrl Pts',(-7.03652611758336,8.77912134757518,-0.946748979049688));
#1438=CARTESIAN_POINT('Ctrl Pts',(-6.76990733710463,8.98695658174837,-1.23557021573547));
#1439=CARTESIAN_POINT('Ctrl Pts',(-6.58564773222777,9.12426205055702,-1.36768597299541));
#1440=CARTESIAN_POINT('Ctrl Pts',(-6.18085565745724,9.4031876174454,-1.54377313953157));
#1441=CARTESIAN_POINT('Ctrl Pts',(-5.96008318652915,9.54461365882289,-1.5875));
#1442=CARTESIAN_POINT('Ctrl Pts',(-5.55576802525257,9.78504001051378,-1.5875));
#1443=CARTESIAN_POINT('Ctrl Pts',(-5.3427999370781,9.9029197759609,-1.54966450237706));
#1444=CARTESIAN_POINT('Ctrl Pts',(-4.9417467770312,10.1090291267448,-1.38347346059324));
#1445=CARTESIAN_POINT('Ctrl Pts',(-4.75392403422221,10.1975253533932,-1.25481589744677));
#1446=CARTESIAN_POINT('Ctrl Pts',(-4.47398780801456,10.3231001682634,-0.963062606830526));
#1447=CARTESIAN_POINT('Ctrl Pts',(-4.3574979135318,10.3721650138501,-0.789812020998079));
#1448=CARTESIAN_POINT('Ctrl Pts',(-4.20169930153694,10.4362501836791,-0.406977008088042));
#1449=CARTESIAN_POINT('Ctrl Pts',(-4.1625,10.4516072328518,-0.197404501528533));
#1450=CARTESIAN_POINT('Ctrl Pts',(-4.1625,10.4516072328518,0.197404501528533));
#1451=CARTESIAN_POINT('Ctrl Pts',(-4.20169930153694,10.4362501836791,0.406977008088042));
#1452=CARTESIAN_POINT('Ctrl Pts',(-4.3574979135318,10.3721650138501,0.789812020998079));
#1453=CARTESIAN_POINT('Ctrl Pts',(-4.47398780801456,10.3231001682634,0.963062606830526));
#1454=CARTESIAN_POINT('Ctrl Pts',(-4.75392403422221,10.1975253533932,1.25481589744677));
#1455=CARTESIAN_POINT('Ctrl Pts',(-4.9417467770312,10.1090291267448,1.38347346059324));
#1456=CARTESIAN_POINT('Ctrl Pts',(-5.3427999370781,9.9029197759609,1.54966450237706));
#1457=CARTESIAN_POINT('Ctrl Pts',(-5.55576802525257,9.78504001051378,1.5875));
#1458=CARTESIAN_POINT('Ctrl Pts',(-5.96008318652915,9.54461365882289,1.5875));
#1459=CARTESIAN_POINT('Ctrl Pts',(-6.18085565745724,9.4031876174454,1.54377313953157));
#1460=CARTESIAN_POINT('Ctrl Pts',(-6.58564773222777,9.12426205055702,1.36768597299541));
#1461=CARTESIAN_POINT('Ctrl Pts',(-6.76990733710463,8.98695658174837,1.23557021573547));
#1462=CARTESIAN_POINT('Ctrl Pts',(-7.03652611758336,8.77912134757518,0.946748979049687));
#1463=CARTESIAN_POINT('Ctrl Pts',(-7.14667698713694,8.68891010750307,0.780969762518307));
#1464=CARTESIAN_POINT('Ctrl Pts',(-7.29732518689929,8.56277969945903,0.407927289068287));
#1465=CARTESIAN_POINT('Ctrl Pts',(-7.3375,8.52781295232256,0.20021257654179));
#1466=CARTESIAN_POINT('Ctrl Pts',(-7.3375,8.52781295232256,-7.45931094670027E-16));
#1467=CARTESIAN_POINT('',(10.1508620323498,4.85,3.46944695195361E-17));
#1468=CARTESIAN_POINT('',(8.6856203002319,7.15,-1.39806129990045E-16));
#1469=CARTESIAN_POINT('Ctrl Pts',(10.1508620323498,4.85,3.46944695195361E-17));
#1470=CARTESIAN_POINT('Ctrl Pts',(10.1508620323498,4.85,0.142893104016434));
#1471=CARTESIAN_POINT('Ctrl Pts',(10.1374509449444,4.87836631382836,0.294233263479456));
#1472=CARTESIAN_POINT('Ctrl Pts',(10.0828834569154,4.99017343003292,0.569987296621506));
#1473=CARTESIAN_POINT('Ctrl Pts',(10.0415645116452,5.07349727293572,0.694416390985963));
#1474=CARTESIAN_POINT('Ctrl Pts',(9.93741124534412,5.27497383613738,0.906519481845249));
#1475=CARTESIAN_POINT('Ctrl Pts',(9.86439011858035,5.41151030732272,1.00057467054037));
#1476=CARTESIAN_POINT('Ctrl Pts',(9.69866868565456,5.70319752605053,1.12222013341723));
#1477=CARTESIAN_POINT('Ctrl Pts',(9.60583911225784,5.85819569786272,1.15));
#1478=CARTESIAN_POINT('Ctrl Pts',(9.42141130614464,6.15071151267269,1.15));
#1479=CARTESIAN_POINT('Ctrl Pts',(9.3154258038491,6.31011228009136,1.11890672226404));
#1480=CARTESIAN_POINT('Ctrl Pts',(9.10952086546692,6.60388556070382,0.991687494306679));
#1481=CARTESIAN_POINT('Ctrl Pts',(9.00970726813298,6.73839055008169,0.895696248295283));
#1482=CARTESIAN_POINT('Ctrl Pts',(8.86093380974521,6.93241193964259,0.685225792217087));
#1483=CARTESIAN_POINT('Ctrl Pts',(8.79754179259991,7.01217917580609,0.564994316576454));
#1484=CARTESIAN_POINT('Ctrl Pts',(8.70961558451503,7.12109505814734,0.294738806404603));
#1485=CARTESIAN_POINT('Ctrl Pts',(8.6856203002319,7.15,0.144441618574353));
#1486=CARTESIAN_POINT('Ctrl Pts',(8.6856203002319,7.15,1.38777878078145E-16));
#1487=CARTESIAN_POINT('Ctrl Pts',(8.6856203002319,7.15,-1.38777878078145E-16));
#1488=CARTESIAN_POINT('Ctrl Pts',(8.6856203002319,7.15,-0.144441618574353));
#1489=CARTESIAN_POINT('Ctrl Pts',(8.70961558451503,7.12109505814734,-0.294738806404603));
#1490=CARTESIAN_POINT('Ctrl Pts',(8.79754179259991,7.01217917580609,-0.564994316576454));
#1491=CARTESIAN_POINT('Ctrl Pts',(8.86093380974521,6.93241193964259,-0.685225792217087));
#1492=CARTESIAN_POINT('Ctrl Pts',(9.00970726813298,6.73839055008169,-0.895696248295284));
#1493=CARTESIAN_POINT('Ctrl Pts',(9.10952086546692,6.60388556070382,-0.991687494306679));
#1494=CARTESIAN_POINT('Ctrl Pts',(9.3154258038491,6.31011228009136,-1.11890672226404));
#1495=CARTESIAN_POINT('Ctrl Pts',(9.42141130614464,6.15071151267269,-1.15));
#1496=CARTESIAN_POINT('Ctrl Pts',(9.60583911225784,5.85819569786272,-1.15));
#1497=CARTESIAN_POINT('Ctrl Pts',(9.69866868565456,5.70319752605053,-1.12222013341723));
#1498=CARTESIAN_POINT('Ctrl Pts',(9.86439011858035,5.41151030732273,-1.00057467054037));
#1499=CARTESIAN_POINT('Ctrl Pts',(9.93741124534412,5.27497383613738,-0.90651948184525));
#1500=CARTESIAN_POINT('Ctrl Pts',(10.0415645116452,5.07349727293572,-0.694416390985963));
#1501=CARTESIAN_POINT('Ctrl Pts',(10.0828834569154,4.99017343003292,-0.569987296621506));
#1502=CARTESIAN_POINT('Ctrl Pts',(10.1374509449444,4.87836631382836,-0.294233263479456));
#1503=CARTESIAN_POINT('Ctrl Pts',(10.1508620323498,4.85,-0.142893104016434));
#1504=CARTESIAN_POINT('Ctrl Pts',(10.1508620323498,4.85,3.46944695195361E-17));
#1505=CARTESIAN_POINT('',(10.1508620323498,-4.85,3.46944695195361E-17));
#1506=CARTESIAN_POINT('',(8.6856203002319,-7.15,-1.83754866716687E-17));
#1507=CARTESIAN_POINT('Ctrl Pts',(10.1508620323498,-4.85,1.04083408558608E-16));
#1508=CARTESIAN_POINT('Ctrl Pts',(10.1508620323498,-4.85,-0.142893104016434));
#1509=CARTESIAN_POINT('Ctrl Pts',(10.1374509449444,-4.87836631382836,-0.294233263479456));
#1510=CARTESIAN_POINT('Ctrl Pts',(10.0828834569153,-4.99017343003292,-0.569987296621506));
#1511=CARTESIAN_POINT('Ctrl Pts',(10.0415645116452,-5.07349727293572,-0.694416390985964));
#1512=CARTESIAN_POINT('Ctrl Pts',(9.93741124534412,-5.27497383613738,-0.906519481845249));
#1513=CARTESIAN_POINT('Ctrl Pts',(9.86439011858035,-5.41151030732272,-1.00057467054037));
#1514=CARTESIAN_POINT('Ctrl Pts',(9.69866868565456,-5.70319752605053,-1.12222013341723));
#1515=CARTESIAN_POINT('Ctrl Pts',(9.60583911225784,-5.85819569786272,-1.15));
#1516=CARTESIAN_POINT('Ctrl Pts',(9.42141130614464,-6.15071151267269,-1.15));
#1517=CARTESIAN_POINT('Ctrl Pts',(9.3154258038491,-6.31011228009136,-1.11890672226404));
#1518=CARTESIAN_POINT('Ctrl Pts',(9.10952086546692,-6.60388556070382,-0.991687494306679));
#1519=CARTESIAN_POINT('Ctrl Pts',(9.00970726813298,-6.73839055008169,-0.895696248295284));
#1520=CARTESIAN_POINT('Ctrl Pts',(8.86093380974521,-6.93241193964259,-0.685225792217087));
#1521=CARTESIAN_POINT('Ctrl Pts',(8.79754179259991,-7.01217917580609,-0.564994316576454));
#1522=CARTESIAN_POINT('Ctrl Pts',(8.70961558451503,-7.12109505814734,-0.294738806404603));
#1523=CARTESIAN_POINT('Ctrl Pts',(8.6856203002319,-7.15,-0.144441618574353));
#1524=CARTESIAN_POINT('Ctrl Pts',(8.6856203002319,-7.15,-1.38777878078145E-16));
#1525=CARTESIAN_POINT('Ctrl Pts',(8.6856203002319,-7.15,1.38777878078145E-16));
#1526=CARTESIAN_POINT('Ctrl Pts',(8.6856203002319,-7.15,0.144441618574353));
#1527=CARTESIAN_POINT('Ctrl Pts',(8.70961558451503,-7.12109505814734,0.294738806404603));
#1528=CARTESIAN_POINT('Ctrl Pts',(8.79754179259991,-7.01217917580609,0.564994316576454));
#1529=CARTESIAN_POINT('Ctrl Pts',(8.86093380974521,-6.93241193964259,0.685225792217087));
#1530=CARTESIAN_POINT('Ctrl Pts',(9.00970726813298,-6.73839055008169,0.895696248295283));
#1531=CARTESIAN_POINT('Ctrl Pts',(9.10952086546692,-6.60388556070382,0.991687494306679));
#1532=CARTESIAN_POINT('Ctrl Pts',(9.3154258038491,-6.31011228009136,1.11890672226404));
#1533=CARTESIAN_POINT('Ctrl Pts',(9.42141130614464,-6.15071151267269,1.15));
#1534=CARTESIAN_POINT('Ctrl Pts',(9.60583911225784,-5.85819569786272,1.15));
#1535=CARTESIAN_POINT('Ctrl Pts',(9.69866868565456,-5.70319752605053,1.12222013341723));
#1536=CARTESIAN_POINT('Ctrl Pts',(9.86439011858035,-5.41151030732273,1.00057467054037));
#1537=CARTESIAN_POINT('Ctrl Pts',(9.93741124534412,-5.27497383613738,0.906519481845249));
#1538=CARTESIAN_POINT('Ctrl Pts',(10.0415645116452,-5.07349727293572,0.694416390985963));
#1539=CARTESIAN_POINT('Ctrl Pts',(10.0828834569154,-4.99017343003292,0.569987296621506));
#1540=CARTESIAN_POINT('Ctrl Pts',(10.1374509449444,-4.87836631382836,0.294233263479456));
#1541=CARTESIAN_POINT('Ctrl Pts',(10.1508620323498,-4.85,0.142893104016434));
#1542=CARTESIAN_POINT('Ctrl Pts',(10.1508620323498,-4.85,6.93889390390723E-17));
#1543=CARTESIAN_POINT('Origin',(0.,0.,2.79874209994993));
#1544=CARTESIAN_POINT('',(-10.2202851980564,-1.25162395541729E-15,4.07033398090341));
#1545=CARTESIAN_POINT('Origin',(0.,-1.25162395541729E-15,4.07033398090341));
#1546=CARTESIAN_POINT('Origin',(-9.94999999999113,-1.21852356515053E-15,
2.79874209994993));
#1547=CARTESIAN_POINT('Origin',(0.,0.,4.13841270135606));
#1548=CARTESIAN_POINT('',(-8.55000000000569,-1.04707301327168E-15,4.42536405961242));
#1549=CARTESIAN_POINT('Origin',(0.,0.,4.42536405961242));
#1550=CARTESIAN_POINT('',(-9.9000000000028,-1.21240033115622E-15,4.13841270135606));
#1551=CARTESIAN_POINT('Origin',(0.,0.,6.62391361329644));
#1552=CARTESIAN_POINT('',(-10.3500000000052,-1.26750943711815E-15,6.62391361329644));
#1553=CARTESIAN_POINT('Origin',(0.,0.,6.62391361329644));
#1554=CARTESIAN_POINT('',(-10.0331646763324,-1.22870830061887E-15,6.23265457300293));
#1555=CARTESIAN_POINT('Origin',(-9.95000000000525,-1.21852356515226E-15,
6.62391361329644));
#1556=CARTESIAN_POINT('Origin',(0.,-1.22870830061887E-15,6.23265457300293));
#1557=CARTESIAN_POINT('Origin',(0.,0.,6.10869909451534));
#1558=CARTESIAN_POINT('',(-8.55000000000567,-1.04707301327168E-15,5.91739818901242));
#1559=CARTESIAN_POINT('',(-9.45000000000497,-1.15729122519486E-15,6.10869909451534));
#1560=CARTESIAN_POINT('Origin',(0.,0.,5.91739818901242));
#1561=CARTESIAN_POINT('Origin',(0.,0.,7.05000000001825));
#1562=CARTESIAN_POINT('',(-10.3500000000052,-1.26750943711815E-15,7.80000000001825));
#1563=CARTESIAN_POINT('Origin',(0.,0.,7.80000000001825));
#1564=CARTESIAN_POINT('',(-10.3500000000052,-1.26750943711815E-15,7.05000000001825));
#1565=CARTESIAN_POINT('Origin',(5.2,-6.,0.));
#1566=CARTESIAN_POINT('',(-4.65562517846946,-6.,-1.15));
#1567=CARTESIAN_POINT('',(-4.1625,-7.15,-2.09195069029118E-16));
#1568=CARTESIAN_POINT('Ctrl Pts',(-4.65562517846946,-6.,-1.15));
#1569=CARTESIAN_POINT('Ctrl Pts',(-4.65562517846946,-5.84669411574099,-1.15));
#1570=CARTESIAN_POINT('Ctrl Pts',(-4.62034889073664,-5.69147571361877,-1.11819252517302));
#1571=CARTESIAN_POINT('Ctrl Pts',(-4.51436964611206,-5.41190206943554,-0.999841610549105));
#1572=CARTESIAN_POINT('Ctrl Pts',(-4.44615610025845,-5.28671144782921,-0.913057044558275));
#1573=CARTESIAN_POINT('Ctrl Pts',(-4.32803719282339,-5.0886657910942,-0.715011387823257));
#1574=CARTESIAN_POINT('Ctrl Pts',(-4.26872053100026,-5.00081269076235,-0.589557342155687));
#1575=CARTESIAN_POINT('Ctrl Pts',(-4.18564902166989,-4.88134883057534,-0.307526922725508));
#1576=CARTESIAN_POINT('Ctrl Pts',(-4.1625,-4.85,-0.150661614985333));
#1577=CARTESIAN_POINT('Ctrl Pts',(-4.1625,-4.85,0.150661614985333));
#1578=CARTESIAN_POINT('Ctrl Pts',(-4.18564902166989,-4.88134883057534,0.307526922725508));
#1579=CARTESIAN_POINT('Ctrl Pts',(-4.26872053100026,-5.00081269076235,0.589557342155687));
#1580=CARTESIAN_POINT('Ctrl Pts',(-4.32803719282339,-5.0886657910942,0.715011387823258));
#1581=CARTESIAN_POINT('Ctrl Pts',(-4.44615610025845,-5.28671144782921,0.913057044558275));
#1582=CARTESIAN_POINT('Ctrl Pts',(-4.51436964611206,-5.41190206943554,0.999841610549105));
#1583=CARTESIAN_POINT('Ctrl Pts',(-4.62034889073664,-5.69147571361877,1.11819252517302));
#1584=CARTESIAN_POINT('Ctrl Pts',(-4.65562517846946,-5.84669411574099,1.15));
#1585=CARTESIAN_POINT('Ctrl Pts',(-4.65562517846946,-6.15330588425901,1.15));
#1586=CARTESIAN_POINT('Ctrl Pts',(-4.62034889073664,-6.30852428638123,1.11819252517302));
#1587=CARTESIAN_POINT('Ctrl Pts',(-4.51436964611206,-6.58809793056446,0.999841610549105));
#1588=CARTESIAN_POINT('Ctrl Pts',(-4.44615610025845,-6.71328855217079,0.913057044558275));
#1589=CARTESIAN_POINT('Ctrl Pts',(-4.32803719282339,-6.9113342089058,0.715011387823257));
#1590=CARTESIAN_POINT('Ctrl Pts',(-4.26872053100026,-6.99918730923765,0.589557342155687));
#1591=CARTESIAN_POINT('Ctrl Pts',(-4.18564902166989,-7.11865116942466,0.307526922725508));
#1592=CARTESIAN_POINT('Ctrl Pts',(-4.1625,-7.15,0.150661614985333));
#1593=CARTESIAN_POINT('Ctrl Pts',(-4.1625,-7.15,-1.38777878078145E-16));
#1594=CARTESIAN_POINT('Ctrl Pts',(-4.1625,-7.15,-3.12250225675825E-16));
#1595=CARTESIAN_POINT('Ctrl Pts',(-4.1625,-7.15,-0.150661614985333));
#1596=CARTESIAN_POINT('Ctrl Pts',(-4.18564902166989,-7.11865116942466,-0.307526922725508));
#1597=CARTESIAN_POINT('Ctrl Pts',(-4.26872053100026,-6.99918730923765,-0.589557342155687));
#1598=CARTESIAN_POINT('Ctrl Pts',(-4.32803719282339,-6.9113342089058,-0.715011387823258));
#1599=CARTESIAN_POINT('Ctrl Pts',(-4.44615610025845,-6.71328855217079,-0.913057044558275));
#1600=CARTESIAN_POINT('Ctrl Pts',(-4.51436964611206,-6.58809793056446,-0.999841610549106));
#1601=CARTESIAN_POINT('Ctrl Pts',(-4.62034889073664,-6.30852428638123,-1.11819252517302));
#1602=CARTESIAN_POINT('Ctrl Pts',(-4.65562517846946,-6.15330588425901,-1.15));
#1603=CARTESIAN_POINT('Ctrl Pts',(-4.65562517846946,-6.,-1.15));
#1604=CARTESIAN_POINT('',(5.2,-7.15,-1.40834381901946E-16));
#1605=CARTESIAN_POINT('Origin',(5.2,6.,0.));
#1606=CARTESIAN_POINT('',(-4.1625,7.15,-1.22458895230277E-16));
#1607=CARTESIAN_POINT('',(5.2,7.15,-1.40834381901946E-16));
#1608=CARTESIAN_POINT('',(-4.65562517846946,6.,1.15));
#1609=CARTESIAN_POINT('Ctrl Pts',(-4.65562517846946,6.,1.15));
#1610=CARTESIAN_POINT('Ctrl Pts',(-4.65562517846946,5.84669411574099,1.15));
#1611=CARTESIAN_POINT('Ctrl Pts',(-4.62034889073664,5.69147571361877,1.11819252517302));
#1612=CARTESIAN_POINT('Ctrl Pts',(-4.51436964611206,5.41190206943554,0.999841610549105));
#1613=CARTESIAN_POINT('Ctrl Pts',(-4.44615610025845,5.28671144782921,0.913057044558275));
#1614=CARTESIAN_POINT('Ctrl Pts',(-4.32803719282339,5.0886657910942,0.715011387823258));
#1615=CARTESIAN_POINT('Ctrl Pts',(-4.26872053100026,5.00081269076235,0.589557342155687));
#1616=CARTESIAN_POINT('Ctrl Pts',(-4.18564902166989,4.88134883057534,0.307526922725508));
#1617=CARTESIAN_POINT('Ctrl Pts',(-4.1625,4.85,0.150661614985333));
#1618=CARTESIAN_POINT('Ctrl Pts',(-4.1625,4.85,-0.150661614985333));
#1619=CARTESIAN_POINT('Ctrl Pts',(-4.18564902166989,4.88134883057534,-0.307526922725508));
#1620=CARTESIAN_POINT('Ctrl Pts',(-4.26872053100026,5.00081269076235,-0.589557342155687));
#1621=CARTESIAN_POINT('Ctrl Pts',(-4.32803719282339,5.0886657910942,-0.715011387823258));
#1622=CARTESIAN_POINT('Ctrl Pts',(-4.44615610025845,5.28671144782921,-0.913057044558275));
#1623=CARTESIAN_POINT('Ctrl Pts',(-4.51436964611206,5.41190206943554,-0.999841610549105));
#1624=CARTESIAN_POINT('Ctrl Pts',(-4.62034889073664,5.69147571361876,-1.11819252517302));
#1625=CARTESIAN_POINT('Ctrl Pts',(-4.65562517846946,5.84669411574098,-1.15));
#1626=CARTESIAN_POINT('Ctrl Pts',(-4.65562517846946,6.15330588425901,-1.15));
#1627=CARTESIAN_POINT('Ctrl Pts',(-4.62034889073664,6.30852428638123,-1.11819252517302));
#1628=CARTESIAN_POINT('Ctrl Pts',(-4.51436964611206,6.58809793056446,-0.999841610549105));
#1629=CARTESIAN_POINT('Ctrl Pts',(-4.44615610025845,6.71328855217079,-0.913057044558275));
#1630=CARTESIAN_POINT('Ctrl Pts',(-4.32803719282339,6.9113342089058,-0.715011387823258));
#1631=CARTESIAN_POINT('Ctrl Pts',(-4.26872053100026,6.99918730923765,-0.589557342155687));
#1632=CARTESIAN_POINT('Ctrl Pts',(-4.18564902166989,7.11865116942466,-0.307526922725508));
#1633=CARTESIAN_POINT('Ctrl Pts',(-4.1625,7.15,-0.150661614985333));
#1634=CARTESIAN_POINT('Ctrl Pts',(-4.1625,7.15,-2.08166817117217E-16));
#1635=CARTESIAN_POINT('Ctrl Pts',(-4.1625,7.15,-1.73472347597681E-16));
#1636=CARTESIAN_POINT('Ctrl Pts',(-4.1625,7.15,0.150661614985333));
#1637=CARTESIAN_POINT('Ctrl Pts',(-4.18564902166989,7.11865116942466,0.307526922725508));
#1638=CARTESIAN_POINT('Ctrl Pts',(-4.26872053100026,6.99918730923765,0.589557342155687));
#1639=CARTESIAN_POINT('Ctrl Pts',(-4.32803719282339,6.9113342089058,0.715011387823257));
#1640=CARTESIAN_POINT('Ctrl Pts',(-4.44615610025845,6.71328855217079,0.913057044558275));
#1641=CARTESIAN_POINT('Ctrl Pts',(-4.51436964611206,6.58809793056446,0.999841610549105));
#1642=CARTESIAN_POINT('Ctrl Pts',(-4.62034889073664,6.30852428638123,1.11819252517302));
#1643=CARTESIAN_POINT('Ctrl Pts',(-4.65562517846946,6.15330588425901,1.15));
#1644=CARTESIAN_POINT('Ctrl Pts',(-4.65562517846946,6.,1.15));
#1645=CARTESIAN_POINT('Origin',(-5.75,0.,0.));
#1646=CARTESIAN_POINT('',(-7.3375,0.,1.94412679364642E-16));
#1647=CARTESIAN_POINT('Origin',(4.55000000000001,0.,3.8476309574));
#1648=CARTESIAN_POINT('',(-6.54999999999948,-8.02143653441452E-16,3.8476309574));
#1649=CARTESIAN_POINT('Origin',(0.,0.,3.8476309574));
#1650=CARTESIAN_POINT('',(-4.55000000000001,-5.57214293612047E-16,3.8476309574));
#1651=CARTESIAN_POINT('Origin',(0.,0.,3.8476309574));
#1652=CARTESIAN_POINT('Origin',(0.,0.,3.3113418407326));
#1653=CARTESIAN_POINT('',(-3.65,-4.46996081688784E-16,2.7750527240652));
#1654=CARTESIAN_POINT('',(-4.10000000000001,-5.02105187650416E-16,3.3113418407326));
#1655=CARTESIAN_POINT('Origin',(0.,0.,2.7750527240652));
#1656=CARTESIAN_POINT('Origin',(0.,0.,0.690121196063066));
#1657=CARTESIAN_POINT('',(-3.65,-4.46996081688784E-16,-1.39481033193907));
#1658=CARTESIAN_POINT('',(-3.65,-4.46996081688784E-16,0.690121196063066));
#1659=CARTESIAN_POINT('Origin',(0.,0.,-1.39481033193907));
#1660=CARTESIAN_POINT('Origin',(0.,0.,-1.77240516596953));
#1661=CARTESIAN_POINT('',(-4.55000000000165,-5.57214293612247E-16,-2.15));
#1662=CARTESIAN_POINT('',(-4.10000000000082,-5.02105187650516E-16,-1.77240516596953));
#1663=CARTESIAN_POINT('Origin',(0.,0.,-2.15));
#1664=CARTESIAN_POINT('Origin',(6.55000000000165,0.,-2.15));
#1665=CARTESIAN_POINT('',(-6.55000000000165,-8.02143653441718E-16,-2.15));
#1666=CARTESIAN_POINT('Origin',(0.,0.,-2.15));
#1667=CARTESIAN_POINT('Origin',(0.,0.,-4.15));
#1668=CARTESIAN_POINT('',(-6.55000000000165,-8.02143653441718E-16,-4.15));
#1669=CARTESIAN_POINT('Origin',(0.,0.,5.17138112431242));
#1670=CARTESIAN_POINT('',(-8.55000000000568,-1.04707301327168E-15,5.17138112431242));
#1671=CARTESIAN_POINT('Origin',(6.54999999999894,0.,7.80000000001155));
#1672=CARTESIAN_POINT('',(-6.54999999999948,-8.02143653441452E-16,7.80000000001155));
#1673=CARTESIAN_POINT('Origin',(0.,0.,7.80000000001155));
#1674=CARTESIAN_POINT('Origin',(0.,0.,5.82381547870578));
#1675=CARTESIAN_POINT('',(-6.54999999999948,-8.02143653441452E-16,5.82381547870578));
#1676=CARTESIAN_POINT('Origin',(0.0118084570118271,-7.37438673365255E-18,
7.80000000001155));
#1677=CARTESIAN_POINT('',(0.307999999999995,-7.98173290724023,7.80000000001808));
#1678=CARTESIAN_POINT('',(0.307999999999995,-8.47004274274482,7.80000000001808));
#1679=CARTESIAN_POINT('',(0.307999999999998,-4.0866861298134,7.80000000001155));
#1680=CARTESIAN_POINT('',(-0.308000000000005,-8.47004274274482,7.80000000001808));
#1681=CARTESIAN_POINT('',(-3.274999999999,-8.47004274274939,7.80000000001155));
#1682=CARTESIAN_POINT('',(-0.308000000000005,-7.98173290724023,7.80000000001808));
#1683=CARTESIAN_POINT('',(-0.308000000000003,-4.0866861298134,7.80000000001155));
#1684=CARTESIAN_POINT('',(-3.274999999999,-7.9817329072448,7.80000000001155));
#1685=CARTESIAN_POINT('Origin',(0.0118084570118271,-7.37438673365255E-18,
7.80000000001155));
#1686=CARTESIAN_POINT('',(0.307999999999994,-10.2500000000127,7.80000000001808));
#1687=CARTESIAN_POINT('',(0.307999999999994,-9.88961881703468,7.80000000001808));
#1688=CARTESIAN_POINT('',(0.307999999999994,-10.2500000000127,7.80000000001808));
#1689=CARTESIAN_POINT('',(-0.308000000000006,-10.2500000000127,7.80000000001808));
#1690=CARTESIAN_POINT('',(-6.40112962636235E-15,-10.2500000000127,7.80000000001808));
#1691=CARTESIAN_POINT('',(-0.308000000000006,-9.88961881703468,7.80000000001808));
#1692=CARTESIAN_POINT('',(-0.308000000000004,-5.00825484141006,7.80000000001155));
#1693=CARTESIAN_POINT('',(-3.274999999999,-9.88961881703932,7.80000000001155));
#1694=CARTESIAN_POINT('Origin',(0.0118084570118271,-7.37438673365255E-18,
7.80000000001155));
#1695=CARTESIAN_POINT('',(-0.307999999999994,10.2500000000127,7.80000000001808));
#1696=CARTESIAN_POINT('',(-0.307999999999995,8.85859579320856,7.80000000001808));
#1697=CARTESIAN_POINT('',(-0.308000000000006,-10.2500000000127,7.80000000001808));
#1698=CARTESIAN_POINT('',(0.308000000000006,10.2500000000127,7.80000000001808));
#1699=CARTESIAN_POINT('',(6.40112962636235E-15,10.2500000000127,7.80000000001808));
#1700=CARTESIAN_POINT('',(0.308000000000006,8.85859579320856,7.80000000001808));
#1701=CARTESIAN_POINT('',(0.308000000000003,4.77714894830532,7.80000000001155));
#1702=CARTESIAN_POINT('',(-3.27499999999899,8.85859579320399,7.80000000001155));
#1703=CARTESIAN_POINT('Origin',(0.0118084570118271,-7.37438673365255E-18,
7.80000000001155));
#1704=CARTESIAN_POINT('',(0.307999999999996,-6.54999999999799,7.80000000001155));
#1705=CARTESIAN_POINT('',(0.307999999999996,-6.94999999999799,7.80000000001808));
#1706=CARTESIAN_POINT('',(0.307999999999998,-3.37217178380295,7.80000000001155));
#1707=CARTESIAN_POINT('',(-0.308000000000004,-6.94999999999799,7.80000000001808));
#1708=CARTESIAN_POINT('',(-3.274999999999,-6.94999999998866,7.80000000001155));
#1709=CARTESIAN_POINT('',(-0.308000000000004,-6.54999999999799,7.80000000001155));
#1710=CARTESIAN_POINT('',(-0.308000000000003,-3.37217178380295,7.80000000001155));
#1711=CARTESIAN_POINT('',(-3.274999999999,-6.54999999999799,7.80000000001155));
#1712=CARTESIAN_POINT('Origin',(0.0118084570118271,-7.37438673365255E-18,
7.80000000001155));
#1713=CARTESIAN_POINT('',(0.308000000000004,6.54999999999799,7.80000000001155));
#1714=CARTESIAN_POINT('',(-0.307999999999996,6.54999999999799,7.80000000001155));
#1715=CARTESIAN_POINT('',(-3.27499999999899,6.54999999999799,7.80000000001155));
#1716=CARTESIAN_POINT('',(-0.307999999999995,7.25207681452555,7.80000000001808));
#1717=CARTESIAN_POINT('',(-0.307999999999998,3.42039321986487,7.80000000001155));
#1718=CARTESIAN_POINT('',(0.308000000000005,7.25207681452555,7.80000000001808));
#1719=CARTESIAN_POINT('',(-3.27499999999899,7.25207681452098,7.80000000001155));
#1720=CARTESIAN_POINT('',(0.308000000000003,3.42039321986487,7.80000000001155));
#1721=CARTESIAN_POINT('Origin',(0.308000000000004,6.84078643972975,7.87500000001482));
#1722=CARTESIAN_POINT('',(0.308000000000004,6.32446493420248,7.95000000001808));
#1723=CARTESIAN_POINT('',(0.308000000000004,6.54999999999799,7.80000000001155));
#1724=CARTESIAN_POINT('',(0.308000000000005,7.35710794525701,7.95000000001808));
#1725=CARTESIAN_POINT('',(0.308000000000005,7.25207681452555,7.80000000001808));
#1726=CARTESIAN_POINT('',(0.308000000000005,8.43828211936558,7.95000000001808));
#1727=CARTESIAN_POINT('Origin',(4.5945172324558E-15,7.35710794525701,7.95000000001808));
#1728=CARTESIAN_POINT('',(-0.307999999999995,7.35710794525701,7.95000000001808));
#1729=CARTESIAN_POINT('',(-0.307999999999995,7.25207681452555,7.80000000001808));
#1730=CARTESIAN_POINT('',(4.5945172324558E-15,7.35710794525701,7.95000000001808));
#1731=CARTESIAN_POINT('Origin',(-0.307999999999996,6.84078643972975,7.87500000001482));
#1732=CARTESIAN_POINT('',(-0.307999999999996,6.32446493420248,7.95000000001808));
#1733=CARTESIAN_POINT('',(-0.307999999999996,6.54999999999799,7.80000000001155));
#1734=CARTESIAN_POINT('',(-0.307999999999995,8.43828211936558,7.95000000001808));
#1735=CARTESIAN_POINT('Origin',(0.308000000000006,9.55429789661065,7.87500000001808));
#1736=CARTESIAN_POINT('',(0.308000000000006,8.96362692394002,7.95000000001808));
#1737=CARTESIAN_POINT('',(0.308000000000006,10.0357777990014,7.95000000001808));
#1738=CARTESIAN_POINT('',(0.308000000000006,9.79503784780603,7.95000000001808));
#1739=CARTESIAN_POINT('',(0.308000000000006,8.96362692394002,7.95000000001808));
#1740=CARTESIAN_POINT('',(0.308000000000006,10.2500000000127,7.80000000001808));
#1741=CARTESIAN_POINT('Origin',(5.53219707120056E-15,8.85859579320856,7.80000000001808));
#1742=CARTESIAN_POINT('',(-0.307999999999994,8.96362692394002,7.95000000001808));
#1743=CARTESIAN_POINT('',(5.59778905974833E-15,8.96362692394002,7.95000000001808));
#1744=CARTESIAN_POINT('',(-0.307999999999994,8.96362692394002,7.95000000001808));
#1745=CARTESIAN_POINT('Origin',(-0.307999999999994,9.55429789661065,7.87500000001808));
#1746=CARTESIAN_POINT('',(-0.307999999999994,10.0357777990014,7.95000000001808));
#1747=CARTESIAN_POINT('',(-0.307999999999994,9.79503784780603,7.95000000001808));
#1748=CARTESIAN_POINT('',(-0.307999999999994,10.2500000000127,7.80000000001808));
#1749=CARTESIAN_POINT('Origin',(6.26734776514124E-15,10.0357777990014,7.95000000001808));
#1750=CARTESIAN_POINT('',(-0.336799999999996,6.32446493420248,7.95000000001808));
#1751=CARTESIAN_POINT('',(3.94963120596712E-15,6.32446493420248,7.95000000001808));
#1752=CARTESIAN_POINT('',(-0.336799999999994,10.0357777990014,7.95000000001808));
#1753=CARTESIAN_POINT('',(-0.336799999999997,4.99059113193074,7.95000000001808));
#1754=CARTESIAN_POINT('',(6.26734776514124E-15,10.0357777990014,7.95000000001808));
#1755=CARTESIAN_POINT('',(0.336800000000006,10.0357777990014,7.95000000001808));
#1756=CARTESIAN_POINT('',(6.26734776514124E-15,10.0357777990014,7.95000000001808));
#1757=CARTESIAN_POINT('',(0.336800000000004,6.32446493420248,7.95000000001808));
#1758=CARTESIAN_POINT('',(0.336800000000003,4.99059113193074,7.95000000001808));
#1759=CARTESIAN_POINT('',(3.94963120596712E-15,6.32446493420248,7.95000000001808));
#1760=CARTESIAN_POINT('Origin',(0.307999999999995,-8.1733722596268,7.87500000001808));
#1761=CARTESIAN_POINT('',(0.307999999999995,-8.36501161201337,7.95000000001808));
#1762=CARTESIAN_POINT('',(0.307999999999995,-8.47004274274482,7.80000000001808));
#1763=CARTESIAN_POINT('',(0.307999999999995,-7.87670177650878,7.95000000001808));
#1764=CARTESIAN_POINT('',(0.307999999999995,-7.98173290724023,7.80000000001808));
#1765=CARTESIAN_POINT('',(0.307999999999995,-7.24891859691464,7.95000000001808));
#1766=CARTESIAN_POINT('Origin',(-4.91900381459206E-15,-7.87670177650878,
7.95000000001808));
#1767=CARTESIAN_POINT('',(-0.308000000000005,-7.87670177650878,7.95000000001808));
#1768=CARTESIAN_POINT('',(-0.308000000000005,-7.98173290724023,7.80000000001808));
#1769=CARTESIAN_POINT('',(-4.91900381459206E-15,-7.87670177650877,7.95000000001808));
#1770=CARTESIAN_POINT('Origin',(-5.28954551581189E-15,-8.47004274274482,
7.80000000001808));
#1771=CARTESIAN_POINT('',(-0.308000000000005,-8.36501161201337,7.95000000001808));
#1772=CARTESIAN_POINT('',(-5.22395352726412E-15,-8.36501161201337,7.95000000001808));
#1773=CARTESIAN_POINT('',(-0.308000000000005,-8.47004274274482,7.80000000001808));
#1774=CARTESIAN_POINT('Origin',(-0.308000000000005,-8.1733722596268,7.87500000001808));
#1775=CARTESIAN_POINT('',(-0.308000000000004,-7.24891859691464,7.95000000001808));
#1776=CARTESIAN_POINT('Origin',(0.307999999999994,-10.0165096828201,7.87500000001808));
#1777=CARTESIAN_POINT('',(0.307999999999994,-10.1449688692813,7.95000000001808));
#1778=CARTESIAN_POINT('',(0.307999999999994,-9.7830193656275,7.95000000001808));
#1779=CARTESIAN_POINT('',(0.307999999999995,-8.1704873085113,7.95000000001808));
#1780=CARTESIAN_POINT('',(0.307999999999998,-3.50570646909246,17.4318493630856));
#1781=CARTESIAN_POINT('',(0.307999999999994,-9.7830193656275,7.95000000001808));
#1782=CARTESIAN_POINT('Origin',(-6.10950000941629E-15,-9.7830193656275,
7.95000000001808));
#1783=CARTESIAN_POINT('',(-0.308000000000006,-9.7830193656275,7.95000000001808));
#1784=CARTESIAN_POINT('',(-0.308000000000006,-9.7830193656275,7.95000000001808));
#1785=CARTESIAN_POINT('',(-6.10950000941629E-15,-9.7830193656275,7.95000000001808));
#1786=CARTESIAN_POINT('Origin',(-0.308000000000006,-10.0165096828201,7.87500000001808));
#1787=CARTESIAN_POINT('',(-0.308000000000006,-10.1449688692813,7.95000000001808));
#1788=CARTESIAN_POINT('',(-0.308000000000005,-8.1704873085113,7.95000000001808));
#1789=CARTESIAN_POINT('',(-0.308000000000002,-3.50570646909246,17.4318493630856));
#1790=CARTESIAN_POINT('Origin',(0.307999999999996,-6.7443435676059,7.87500000001482));
#1791=CARTESIAN_POINT('',(0.307999999999996,-7.16422220100932,7.95000000001808));
#1792=CARTESIAN_POINT('',(0.307999999999996,-6.94999999999799,7.80000000001808));
#1793=CARTESIAN_POINT('',(0.307999999999996,-6.32446493420248,7.95000000001808));
#1794=CARTESIAN_POINT('',(0.308,-1.92346139016308E-16,12.1563070628489));
#1795=CARTESIAN_POINT('',(0.307999999999996,-6.53440425090419,7.95000000001808));
#1796=CARTESIAN_POINT('Origin',(-4.3402781368927E-15,-6.94999999999799,
7.80000000001808));
#1797=CARTESIAN_POINT('',(-0.308000000000004,-7.16422220100932,7.95000000001808));
#1798=CARTESIAN_POINT('',(-4.47405999811382E-15,-7.16422220100932,7.95000000001808));
#1799=CARTESIAN_POINT('',(-0.308000000000004,-6.94999999999799,7.80000000001808));
#1800=CARTESIAN_POINT('Origin',(-0.308000000000004,-6.7443435676059,7.87500000001482));
#1801=CARTESIAN_POINT('',(-0.308000000000004,-6.32446493420248,7.95000000001808));
#1802=CARTESIAN_POINT('',(-0.308000000000004,-6.53440425090419,7.95000000001808));
#1803=CARTESIAN_POINT('',(-0.308,1.92346139016308E-16,12.1563070628489));
#1804=CARTESIAN_POINT('Origin',(-3.94963120596712E-15,-6.32446493420248,
7.95000000001808));
#1805=CARTESIAN_POINT('',(-0.336800000000006,-10.1449688692813,7.95000000001808));
#1806=CARTESIAN_POINT('',(-6.33553763781458E-15,-10.1449688692813,7.95000000001808));
#1807=CARTESIAN_POINT('',(-0.336800000000004,-6.32446493420248,7.95000000001808));
#1808=CARTESIAN_POINT('',(-0.336800000000002,-3.18953023467121,7.95000000001808));
#1809=CARTESIAN_POINT('',(-3.94963120596712E-15,-6.32446493420248,7.95000000001808));
#1810=CARTESIAN_POINT('',(0.336799999999996,-6.32446493420248,7.95000000001808));
#1811=CARTESIAN_POINT('',(-3.94963120596712E-15,-6.32446493420248,7.95000000001808));
#1812=CARTESIAN_POINT('',(0.336799999999994,-10.1449688692813,7.95000000001808));
#1813=CARTESIAN_POINT('',(0.336799999999998,-3.18953023467121,7.95000000001808));
#1814=CARTESIAN_POINT('',(-6.33553763781458E-15,-10.1449688692813,7.95000000001808));
#1815=CARTESIAN_POINT('Origin',(1.1684,4.99059113193074,8.78160000001808));
#1816=CARTESIAN_POINT('',(2.,7.66048203418794,9.61320000001808));
#1817=CARTESIAN_POINT('',(4.9601171835081,3.43299657883776,12.5733171835262));
#1818=CARTESIAN_POINT('',(2.,3.8237321247707,9.61320000001808));
#1819=CARTESIAN_POINT('',(2.,4.99059113193074,9.61320000001808));
#1820=CARTESIAN_POINT('',(0.72781060765753,5.73655424672952,8.34101060767561));
#1821=CARTESIAN_POINT('Origin',(3.94963120596712E-15,6.32446493420248,7.95000000001808));
#1822=CARTESIAN_POINT('',(2.,-1.2490009027033E-15,12.1563070628489));
#1823=CARTESIAN_POINT('',(2.,6.54999999999799,7.80000000001155));
#1824=CARTESIAN_POINT('',(-2.,1.2490009027033E-15,12.1563070628489));
#1825=CARTESIAN_POINT('',(0.,0.,12.1563070628489));
#1826=CARTESIAN_POINT('',(-2.,3.8237321247707,9.61320000001808));
#1827=CARTESIAN_POINT('',(-2.,6.54999999999799,7.80000000001155));
#1828=CARTESIAN_POINT('',(-0.727810607657522,5.73655424672952,8.34101060767561));
#1829=CARTESIAN_POINT('Origin',(-1.1684,4.99059113193075,8.78160000001808));
#1830=CARTESIAN_POINT('',(-2.,7.66048203418794,9.61320000001808));
#1831=CARTESIAN_POINT('',(-4.96011718350809,3.43299657883777,12.5733171835262));
#1832=CARTESIAN_POINT('',(-2.,4.99059113193075,9.61320000001808));
#1833=CARTESIAN_POINT('Origin',(1.1684,-3.18953023467121,8.78160000001808));
#1834=CARTESIAN_POINT('',(1.99999999999999,-8.98038369173089,9.61320000001808));
#1835=CARTESIAN_POINT('',(1.58096214156987,-9.27379715899891,9.19416214158796));
#1836=CARTESIAN_POINT('',(2.,-3.8237321247707,9.61320000001808));
#1837=CARTESIAN_POINT('',(2.65513784222089,-2.83868841581079,10.268337842239));
#1838=CARTESIAN_POINT('',(2.,-3.18953023467121,9.61320000001808));
#1839=CARTESIAN_POINT('Origin',(-6.33553763781458E-15,-10.1449688692813,
7.95000000001808));
#1840=CARTESIAN_POINT('',(2.,-3.50570646909246,17.4318493630856));
#1841=CARTESIAN_POINT('',(2.,-3.50570646909246,17.4318493630856));
#1842=CARTESIAN_POINT('',(-2.,-3.50570646909246,17.4318493630856));
#1843=CARTESIAN_POINT('',(-2.18931527225463E-15,-3.50570646909246,17.4318493630856));
#1844=CARTESIAN_POINT('',(-2.00000000000001,-8.98038369173089,9.61320000001808));
#1845=CARTESIAN_POINT('',(-2.,-3.50570646909246,17.4318493630856));
#1846=CARTESIAN_POINT('',(-1.58096214156988,-9.27379715899891,9.19416214158796));
#1847=CARTESIAN_POINT('Origin',(-1.1684,-3.1895302346712,8.78160000001808));
#1848=CARTESIAN_POINT('',(-2.,-3.8237321247707,9.61320000001808));
#1849=CARTESIAN_POINT('',(-2.,-3.1895302346712,9.61320000001808));
#1850=CARTESIAN_POINT('',(-2.6551378422209,-2.83868841581079,10.268337842239));
#1851=CARTESIAN_POINT('Origin',(-2.,-0.0545955351399284,12.6909246815518));
#1852=CARTESIAN_POINT('',(-2.,1.2490009027033E-15,12.1563070628489));
#1853=CARTESIAN_POINT('',(-1.99999999999999,10.2500000000127,7.80000000001808));
#1854=CARTESIAN_POINT('Origin',(2.,-0.0545955351399309,12.6909246815518));
#1855=CARTESIAN_POINT('',(2.00000000000001,10.2500000000127,7.80000000001808));
#1856=CARTESIAN_POINT('',(2.,-1.2490009027033E-15,12.1563070628489));
#1857=CARTESIAN_POINT('Origin',(-2.18931527225463E-15,-3.50570646909246,
17.4318493630856));
#1858=CARTESIAN_POINT('Origin',(0.,0.,12.1563070628489));
#1859=UNCERTAINTY_MEASURE_WITH_UNIT(LENGTH_MEASURE(0.01),#1863,
'DISTANCE_ACCURACY_VALUE',
'Maximum model space distance between geometric entities at asserted c
onnectivities');
#1860=UNCERTAINTY_MEASURE_WITH_UNIT(LENGTH_MEASURE(0.01),#1863,
'DISTANCE_ACCURACY_VALUE',
'Maximum model space distance between geometric entities at asserted c
onnectivities');
#1861=(
GEOMETRIC_REPRESENTATION_CONTEXT(3)
GLOBAL_UNCERTAINTY_ASSIGNED_CONTEXT((#1859))
GLOBAL_UNIT_ASSIGNED_CONTEXT((#1863,#1865,#1866))
REPRESENTATION_CONTEXT('','3D')
);
#1862=(
GEOMETRIC_REPRESENTATION_CONTEXT(3)
GLOBAL_UNCERTAINTY_ASSIGNED_CONTEXT((#1860))
GLOBAL_UNIT_ASSIGNED_CONTEXT((#1863,#1865,#1866))
REPRESENTATION_CONTEXT('','3D')
);
#1863=(
LENGTH_UNIT()
NAMED_UNIT(*)
SI_UNIT(.MILLI.,.METRE.)
);
#1864=(
LENGTH_UNIT()
NAMED_UNIT(*)
SI_UNIT($,.METRE.)
);
#1865=(
NAMED_UNIT(*)
PLANE_ANGLE_UNIT()
SI_UNIT($,.RADIAN.)
);
#1866=(
NAMED_UNIT(*)
SI_UNIT($,.STERADIAN.)
SOLID_ANGLE_UNIT()
);
#1867=SHAPE_DEFINITION_REPRESENTATION(#1868,#1869);
#1868=PRODUCT_DEFINITION_SHAPE('',$,#1871);
#1869=SHAPE_REPRESENTATION('',(#1024),#1861);
#1870=PRODUCT_DEFINITION_CONTEXT('part definition',#1875,'design');
#1871=PRODUCT_DEFINITION('Cutterhead_Round_08','Cutterhead_Round_08',#1872,
#1870);
#1872=PRODUCT_DEFINITION_FORMATION('',$,#1877);
#1873=PRODUCT_RELATED_PRODUCT_CATEGORY('Cutterhead_Round_08',
'Cutterhead_Round_08',(#1877));
#1874=APPLICATION_PROTOCOL_DEFINITION('international standard',
'automotive_design',2009,#1875);
#1875=APPLICATION_CONTEXT(
'Core Data for Automotive Mechanical Design Process');
#1876=PRODUCT_CONTEXT('part definition',#1875,'mechanical');
#1877=PRODUCT('Cutterhead_Round_08','Cutterhead_Round_08',$,(#1876));
#1878=PRESENTATION_STYLE_ASSIGNMENT((#1881));
#1879=PRESENTATION_STYLE_ASSIGNMENT((#1882));
#1880=PRESENTATION_STYLE_ASSIGNMENT((#1883));
#1881=SURFACE_STYLE_USAGE(.BOTH.,#1884);
#1882=SURFACE_STYLE_USAGE(.BOTH.,#1885);
#1883=SURFACE_STYLE_USAGE(.BOTH.,#1886);
#1884=SURFACE_SIDE_STYLE('',(#1887));
#1885=SURFACE_SIDE_STYLE('',(#1888));
#1886=SURFACE_SIDE_STYLE('',(#1889));
#1887=SURFACE_STYLE_FILL_AREA(#1890);
#1888=SURFACE_STYLE_FILL_AREA(#1891);
#1889=SURFACE_STYLE_FILL_AREA(#1892);
#1890=FILL_AREA_STYLE('Steel - Satin',(#1893));
#1891=FILL_AREA_STYLE('Paint - Enamel Glossy (Red)',(#1894));
#1892=FILL_AREA_STYLE('Brass - Polished',(#1895));
#1893=FILL_AREA_STYLE_COLOUR('Steel - Satin',#1896);
#1894=FILL_AREA_STYLE_COLOUR('Paint - Enamel Glossy (Red)',#1897);
#1895=FILL_AREA_STYLE_COLOUR('Brass - Polished',#1898);
#1896=COLOUR_RGB('Steel - Satin',0.627450980392157,0.627450980392157,0.627450980392157);
#1897=COLOUR_RGB('Paint - Enamel Glossy (Red)',0.768627450980392,0.207843137254902,
0.152941176470588);
#1898=COLOUR_RGB('Brass - Polished',0.952941176470588,0.796078431372549,
0.486274509803922);
ENDSEC;
END-ISO-10303-21;
