ISO-10303-21;
HEADER;
/* Generated by software containing ST-Developer
 * from STEP Tools, Inc. (www.steptools.com) 
 */

FILE_DESCRIPTION(
/* description */ (''),
/* implementation_level */ '2;1');

FILE_NAME(
/* name */ 'Cutterhead_Insert_CCW_08.step',
/* time_stamp */ '2026-01-21T18:39:06-08:00',
/* author */ (''),
/* organization */ (''),
/* preprocessor_version */ 'ST-DEVELOPER v20.1',
/* originating_system */ 'Autodesk Translation Framework v14.21.0.0',
/* authorisation */ '');

FILE_SCHEMA (('AUTOMOTIVE_DESIGN { 1 0 10303 214 3 1 1 }'));
ENDSEC;

DATA;
#10=MECHANICAL_DESIGN_GEOMETRIC_PRESENTATION_REPRESENTATION('',(#13,#14),
#2589);
#11=SHAPE_REPRESENTATION_RELATIONSHIP('SRR','None',#2596,#12);
#12=ADVANCED_BREP_SHAPE_REPRESENTATION('',(#15,#16),#2588);
#13=STYLED_ITEM('',(#2606),#15);
#14=STYLED_ITEM('',(#2608),#16);
#15=MANIFOLD_SOLID_BREP('Body1',#1341);
#16=MANIFOLD_SOLID_BREP('Body3',#1342);
#17=B_SPLINE_SURFACE_WITH_KNOTS('',3,3,((#1997,#1998,#1999,#2000),(#2001,
#2002,#2003,#2004),(#2005,#2006,#2007,#2008),(#2009,#2010,#2011,#2012),
(#2013,#2014,#2015,#2016),(#2017,#2018,#2019,#2020)),.UNSPECIFIED.,.F.,
 .F.,.F.,(4,1,1,4),(4,4),(0.,0.285714285714286,0.571428571428571,1.),(-0.774574406039735,
-0.371314337163704),.UNSPECIFIED.);
#18=B_SPLINE_SURFACE_WITH_KNOTS('',3,3,((#2146,#2147,#2148,#2149),(#2150,
#2151,#2152,#2153),(#2154,#2155,#2156,#2157),(#2158,#2159,#2160,#2161),
(#2162,#2163,#2164,#2165),(#2166,#2167,#2168,#2169),(#2170,#2171,#2172,
#2173)),.UNSPECIFIED.,.F.,.F.,.F.,(4,1,1,1,4),(4,4),(0.,0.285714285714286,
0.571428571428571,0.785714285714286,1.),(0.740858461216074,1.10538214910595),
 .UNSPECIFIED.);
#19=TOROIDAL_SURFACE('',#1376,12.344543648263,1.);
#20=TOROIDAL_SURFACE('',#1384,10.6328816330644,5.);
#21=TOROIDAL_SURFACE('',#1388,9.16228182204393,0.5);
#22=TOROIDAL_SURFACE('',#1396,11.15,0.35);
#23=TOROIDAL_SURFACE('',#1400,9.89000000001142,0.36);
#24=TOROIDAL_SURFACE('',#1428,6.78033008589043,2.);
#25=TOROIDAL_SURFACE('',#1433,12.344543648263,1.);
#26=CONICAL_SURFACE('',#1370,10.6837572106364,0.785398163397447);
#27=CONICAL_SURFACE('',#1406,9.4000000000101,1.36135681655496);
#28=CONICAL_SURFACE('',#1408,9.32868022837137,1.36135681655422);
#29=CONICAL_SURFACE('',#1411,12.6293786053181,0.785398163397449);
#30=ELLIPSE('',#1366,17.1494788811473,2.69947096854854);
#31=ELLIPSE('',#1381,13.1497735917987,11.);
#32=ELLIPSE('',#1382,13.5707975268798,11.5);
#33=FACE_BOUND('',#195,.T.);
#34=FACE_BOUND('',#201,.T.);
#35=FACE_BOUND('',#215,.T.);
#36=FACE_BOUND('',#224,.T.);
#37=FACE_BOUND('',#226,.T.);
#38=FACE_BOUND('',#229,.T.);
#39=FACE_BOUND('',#233,.T.);
#40=FACE_BOUND('',#240,.T.);
#41=FACE_BOUND('',#264,.T.);
#42=B_SPLINE_CURVE_WITH_KNOTS('',3,(#1841,#1842,#1843,#1844,#1845,#1846,
#1847,#1848,#1849,#1850,#1851,#1852,#1853,#1854,#1855),.UNSPECIFIED.,.F.,
 .F.,(4,2,2,3,2,2,4),(-0.0743722367859501,-0.0739260007762985,-0.0367657474720424,
0.,0.0367657474720424,0.0739260007762985,0.0743722367859504),
 .UNSPECIFIED.);
#43=B_SPLINE_CURVE_WITH_KNOTS('',3,(#1885,#1886,#1887,#1888,#1889,#1890,
#1891,#1892,#1893,#1894,#1895,#1896,#1897,#1898,#1899),.UNSPECIFIED.,.F.,
 .F.,(4,2,2,3,2,2,4),(-0.0757091674288672,-0.0734601502199378,-0.0357741404220746,
0.,0.0357741404220746,0.0734601502199377,0.0757091674288668),
 .UNSPECIFIED.);
#44=B_SPLINE_CURVE_WITH_KNOTS('',3,(#1916,#1917,#1918,#1919,#1920,#1921,
#1922),.UNSPECIFIED.,.F.,.F.,(4,3,4),(-0.135339790725868,0.,0.139968816488341),
 .UNSPECIFIED.);
#45=B_SPLINE_CURVE_WITH_KNOTS('',3,(#1930,#1931,#1932,#1933),
 .UNSPECIFIED.,.F.,.F.,(4,4),(-1.10538214910595,-0.797152161178176),
 .UNSPECIFIED.);
#46=B_SPLINE_CURVE_WITH_KNOTS('',3,(#1945,#1946,#1947,#1948,#1949,#1950,
#1951,#1952,#1953,#1954,#1955,#1956,#1957,#1958,#1959),.UNSPECIFIED.,.F.,
 .F.,(4,2,2,3,2,2,4),(-0.0741099753732003,-0.0740245254582149,-0.0369741950197133,
0.,0.0369741950197132,0.0740245254582148,0.0741099753731998),
 .UNSPECIFIED.);
#47=B_SPLINE_CURVE_WITH_KNOTS('',3,(#1978,#1979,#1980,#1981,#1982,#1983,
#1984,#1985,#1986,#1987,#1988,#1989,#1990,#1991,#1992,#1993,#1994,#1995,
#1996),.UNSPECIFIED.,.F.,.F.,(4,2,2,3,2,2,2,2,4),(0.511911218686162,0.540733632590025,
0.550061634993277,0.558081869426574,0.564807865835456,0.572316577890599,
0.593361638564262,0.626712586626477,0.681151437745418),.UNSPECIFIED.);
#48=B_SPLINE_CURVE_WITH_KNOTS('',3,(#2023,#2024,#2025,#2026,#2027,#2028,
#2029,#2030,#2031,#2032,#2033,#2034,#2035,#2036,#2037,#2038,#2039,#2040,
#2041,#2042,#2043,#2044,#2045,#2046,#2047,#2048,#2049,#2050,#2051,#2052,
#2053,#2054,#2055,#2056,#2057,#2058,#2059,#2060,#2061,#2062,#2063,#2064,
#2065,#2066,#2067,#2068,#2069,#2070,#2071),.UNSPECIFIED.,.F.,.F.,(4,3,3,
3,3,3,3,3,3,3,3,3,3,3,3,3,4),(0.,0.00790660131070041,0.0161263227978503,
0.02063113560796,0.0288779626890069,0.0369762370753761,0.0414797011503435,
0.0466150817092441,0.0547089140255493,0.0620139428274563,0.0699769875215948,
0.0773802089776018,0.0818789728418377,0.0898426067335352,0.0947825101545625,
0.102701591783329,0.107645650780393),.UNSPECIFIED.);
#49=B_SPLINE_CURVE_WITH_KNOTS('',3,(#2075,#2076,#2077,#2078,#2079,#2080,
#2081,#2082,#2083,#2084,#2085,#2086,#2087,#2088,#2089,#2090,#2091,#2092,
#2093,#2094,#2095,#2096,#2097,#2098,#2099,#2100,#2101,#2102,#2103,#2104,
#2105,#2106,#2107,#2108,#2109,#2110,#2111,#2112,#2113,#2114,#2115,#2116,
#2117,#2118,#2119,#2120,#2121,#2122,#2123,#2124,#2125,#2126,#2127,#2128,
#2129,#2130,#2131,#2132,#2133,#2134,#2135,#2136,#2137,#2138,#2139,#2140,
#2141),.UNSPECIFIED.,.F.,.F.,(4,3,3,3,3,3,3,3,3,3,3,3,3,3,3,3,3,3,3,3,3,
3,4),(0.,0.00646076258398822,0.0125630241137015,0.0129215251679764,0.0191343527548048,
0.0219306110356663,0.0291057177486106,0.0302809028877199,0.0308505182869867,
0.0366733263574979,0.0404384353316481,0.0470391336736352,0.0539495224120643,
0.0568217248662917,0.0685888265393343,0.0692554388738453,0.0814130278777925,
0.0855000527129591,0.097301289637624,0.109956391266814,0.122512293185791,
0.134248079963607,0.137469735098582),.UNSPECIFIED.);
#50=B_SPLINE_CURVE_WITH_KNOTS('',3,(#2175,#2176,#2177,#2178,#2179,#2180,
#2181,#2182,#2183,#2184,#2185,#2186,#2187,#2188,#2189,#2190,#2191,#2192,
#2193,#2194,#2195,#2196,#2197,#2198,#2199,#2200,#2201,#2202,#2203,#2204,
#2205,#2206,#2207,#2208,#2209,#2210,#2211,#2212,#2213,#2214,#2215,#2216,
#2217,#2218,#2219,#2220,#2221,#2222,#2223,#2224,#2225,#2226,#2227,#2228,
#2229,#2230,#2231,#2232,#2233,#2234,#2235,#2236,#2237,#2238,#2239,#2240,
#2241,#2242,#2243,#2244,#2245,#2246,#2247),.UNSPECIFIED.,.F.,.F.,(4,3,3,
3,3,3,3,3,3,3,3,3,3,3,3,3,3,3,3,3,3,3,3,3,4),(0.,0.00859596696597522,0.0165766923725715,
0.0238211612532679,0.0314402714027411,0.0385626129313955,0.0429680693870078,
0.0447995822190979,0.0527475609244207,0.0598748172847221,0.0675521067546913,
0.075516460350902,0.0762834777343494,0.0839499587845174,0.0864648263333554,
0.0941441682585134,0.101730595743587,0.109857139594249,0.115344274809466,
0.120610960853849,0.129356964984916,0.136142614971588,0.145767322408485,
0.155446030047643,0.157503735038071),.UNSPECIFIED.);
#51=B_SPLINE_CURVE_WITH_KNOTS('',3,(#2249,#2250,#2251,#2252,#2253,#2254,
#2255,#2256,#2257,#2258,#2259,#2260,#2261,#2262,#2263,#2264,#2265,#2266,
#2267,#2268),.UNSPECIFIED.,.F.,.F.,(4,2,2,2,2,2,2,2,2,4),(-0.000346063854751348,
0.,0.0128406927787201,0.0255841362151716,0.0459870814939064,0.0648498788678545,
0.0829788289221172,0.101487365775611,0.121191620507705,0.12229197076835),
 .UNSPECIFIED.);
#52=B_SPLINE_CURVE_WITH_KNOTS('',3,(#2270,#2271,#2272,#2273,#2274,#2275,
#2276,#2277,#2278,#2279,#2280,#2281,#2282),.UNSPECIFIED.,.F.,.F.,(4,3,3,
3,4),(0.172212407295974,0.179297140170044,0.188138087369109,0.196553596571147,
0.197176799725152),.UNSPECIFIED.);
#53=B_SPLINE_CURVE_WITH_KNOTS('',3,(#2283,#2284,#2285,#2286),
 .UNSPECIFIED.,.F.,.F.,(4,4),(0.767527740381207,1.08556046575577),
 .UNSPECIFIED.);
#54=B_SPLINE_CURVE_WITH_KNOTS('',3,(#2335,#2336,#2337,#2338,#2339,#2340,
#2341,#2342),.UNSPECIFIED.,.F.,.F.,(4,2,2,4),(-0.0840911300758124,-0.0713827336543873,
-0.0313599395904348,0.),.UNSPECIFIED.);
#55=B_SPLINE_CURVE_WITH_KNOTS('',3,(#2344,#2345,#2346,#2347,#2348,#2349,
#2350,#2351),.UNSPECIFIED.,.F.,.F.,(4,2,2,4),(0.,0.0313599395904349,0.0713827336543873,
0.084091130075813),.UNSPECIFIED.);
#56=(
BOUNDED_CURVE()
B_SPLINE_CURVE(2,(#1837,#1838,#1839),.UNSPECIFIED.,.F.,.F.)
B_SPLINE_CURVE_WITH_KNOTS((3,3),(0.,0.220950421492352),.UNSPECIFIED.)
CURVE()
GEOMETRIC_REPRESENTATION_ITEM()
RATIONAL_B_SPLINE_CURVE((1.,1.00207985395909,1.))
REPRESENTATION_ITEM('')
);
#57=(
BOUNDED_CURVE()
B_SPLINE_CURVE(2,(#1881,#1882,#1883),.UNSPECIFIED.,.F.,.F.)
B_SPLINE_CURVE_WITH_KNOTS((3,3),(0.,0.23274986095443),.UNSPECIFIED.)
CURVE()
GEOMETRIC_REPRESENTATION_ITEM()
RATIONAL_B_SPLINE_CURVE((1.,1.00252658687553,1.00000000008583))
REPRESENTATION_ITEM('')
);
#58=(
BOUNDED_CURVE()
B_SPLINE_CURVE(2,(#1900,#1901,#1902),.UNSPECIFIED.,.F.,.F.)
B_SPLINE_CURVE_WITH_KNOTS((3,3),(0.,0.232749874957614),.UNSPECIFIED.)
CURVE()
GEOMETRIC_REPRESENTATION_ITEM()
RATIONAL_B_SPLINE_CURVE((1.,1.0025265871652,1.))
REPRESENTATION_ITEM('')
);
#59=(
BOUNDED_CURVE()
B_SPLINE_CURVE(2,(#1912,#1913,#1914),.UNSPECIFIED.,.F.,.F.)
B_SPLINE_CURVE_WITH_KNOTS((3,3),(1.27198077098839,1.69337891100995),
 .UNSPECIFIED.)
CURVE()
GEOMETRIC_REPRESENTATION_ITEM()
RATIONAL_B_SPLINE_CURVE((1.09962911585383,1.06631776499984,1.))
REPRESENTATION_ITEM('')
);
#60=(
BOUNDED_CURVE()
B_SPLINE_CURVE(2,(#1924,#1925,#1926),.UNSPECIFIED.,.F.,.F.)
B_SPLINE_CURVE_WITH_KNOTS((3,3),(0.438639323870142,0.506656348266243),
 .UNSPECIFIED.)
CURVE()
GEOMETRIC_REPRESENTATION_ITEM()
RATIONAL_B_SPLINE_CURVE((1.1779974874685,1.18838329452948,1.19771012060813))
REPRESENTATION_ITEM('')
);
#61=(
BOUNDED_CURVE()
B_SPLINE_CURVE(2,(#1935,#1936,#1937),.UNSPECIFIED.,.F.,.F.)
B_SPLINE_CURVE_WITH_KNOTS((3,3),(1.66026132057459,1.70196053958054),
 .UNSPECIFIED.)
CURVE()
GEOMETRIC_REPRESENTATION_ITEM()
RATIONAL_B_SPLINE_CURVE((1.13586727449066,1.11236887077109,1.08760438522923))
REPRESENTATION_ITEM('')
);
#62=(
BOUNDED_CURVE()
B_SPLINE_CURVE(2,(#1939,#1940,#1941),.UNSPECIFIED.,.F.,.F.)
B_SPLINE_CURVE_WITH_KNOTS((3,3),(0.,0.200279700859998),.UNSPECIFIED.)
CURVE()
GEOMETRIC_REPRESENTATION_ITEM()
RATIONAL_B_SPLINE_CURVE((1.,1.00352509109316,1.00333766480642))
REPRESENTATION_ITEM('')
);
#63=(
BOUNDED_CURVE()
B_SPLINE_CURVE(2,(#2352,#2353,#2354),.UNSPECIFIED.,.F.,.F.)
B_SPLINE_CURVE_WITH_KNOTS((3,3),(4.89895412190957E-9,0.329536427384991),
 .UNSPECIFIED.)
CURVE()
GEOMETRIC_REPRESENTATION_ITEM()
RATIONAL_B_SPLINE_CURVE((1.00000000021036,1.00707520070046,1.))
REPRESENTATION_ITEM('')
);
#64=(
BOUNDED_CURVE()
B_SPLINE_CURVE(2,(#2358,#2359,#2360,#2361),.UNSPECIFIED.,.F.,.F.)
B_SPLINE_CURVE_WITH_KNOTS((3,1,3),(1239.46578294692,1297.75924976425,1393.99245765362),
 .UNSPECIFIED.)
CURVE()
GEOMETRIC_REPRESENTATION_ITEM()
RATIONAL_B_SPLINE_CURVE((7020.83473785,7178.34571434829,7593.99603652102,
7850.90781145319))
REPRESENTATION_ITEM('')
);
#65=(
BOUNDED_CURVE()
B_SPLINE_CURVE(2,(#2362,#2363,#2364),.UNSPECIFIED.,.F.,.F.)
B_SPLINE_CURVE_WITH_KNOTS((3,3),(0.244132255566957,0.250646964060793),
 .UNSPECIFIED.)
CURVE()
GEOMETRIC_REPRESENTATION_ITEM()
RATIONAL_B_SPLINE_CURVE((1.00536087500823,1.00535822518635,1.00535161647529))
REPRESENTATION_ITEM('')
);
#66=PLANE('',#1359);
#67=PLANE('',#1360);
#68=PLANE('',#1362);
#69=PLANE('',#1363);
#70=PLANE('',#1365);
#71=PLANE('',#1367);
#72=PLANE('',#1369);
#73=PLANE('',#1380);
#74=PLANE('',#1383);
#75=PLANE('',#1390);
#76=PLANE('',#1399);
#77=PLANE('',#1410);
#78=PLANE('',#1416);
#79=PLANE('',#1418);
#80=PLANE('',#1421);
#81=PLANE('',#1426);
#82=PLANE('',#1432);
#83=PLANE('',#1434);
#84=PLANE('',#1435);
#85=PLANE('',#1436);
#86=PLANE('',#1437);
#87=PLANE('',#1438);
#88=PLANE('',#1439);
#89=PLANE('',#1440);
#90=PLANE('',#1441);
#91=PLANE('',#1442);
#92=PLANE('',#1443);
#93=PLANE('',#1444);
#94=PLANE('',#1445);
#95=PLANE('',#1446);
#96=PLANE('',#1447);
#97=PLANE('',#1448);
#98=PLANE('',#1449);
#99=PLANE('',#1450);
#100=PLANE('',#1451);
#101=PLANE('',#1452);
#102=PLANE('',#1453);
#103=PLANE('',#1454);
#104=PLANE('',#1455);
#105=PLANE('',#1456);
#106=PLANE('',#1457);
#107=PLANE('',#1458);
#108=PLANE('',#1459);
#109=PLANE('',#1460);
#110=PLANE('',#1461);
#111=PLANE('',#1462);
#112=PLANE('',#1463);
#113=PLANE('',#1464);
#114=PLANE('',#1465);
#115=PLANE('',#1466);
#116=PLANE('',#1467);
#117=PLANE('',#1468);
#118=FACE_OUTER_BOUND('',#192,.T.);
#119=FACE_OUTER_BOUND('',#193,.T.);
#120=FACE_OUTER_BOUND('',#194,.T.);
#121=FACE_OUTER_BOUND('',#196,.T.);
#122=FACE_OUTER_BOUND('',#197,.T.);
#123=FACE_OUTER_BOUND('',#198,.T.);
#124=FACE_OUTER_BOUND('',#199,.T.);
#125=FACE_OUTER_BOUND('',#200,.T.);
#126=FACE_OUTER_BOUND('',#202,.T.);
#127=FACE_OUTER_BOUND('',#203,.T.);
#128=FACE_OUTER_BOUND('',#204,.T.);
#129=FACE_OUTER_BOUND('',#205,.T.);
#130=FACE_OUTER_BOUND('',#206,.T.);
#131=FACE_OUTER_BOUND('',#207,.T.);
#132=FACE_OUTER_BOUND('',#208,.T.);
#133=FACE_OUTER_BOUND('',#209,.T.);
#134=FACE_OUTER_BOUND('',#210,.T.);
#135=FACE_OUTER_BOUND('',#211,.T.);
#136=FACE_OUTER_BOUND('',#212,.T.);
#137=FACE_OUTER_BOUND('',#213,.T.);
#138=FACE_OUTER_BOUND('',#214,.T.);
#139=FACE_OUTER_BOUND('',#216,.T.);
#140=FACE_OUTER_BOUND('',#217,.T.);
#141=FACE_OUTER_BOUND('',#218,.T.);
#142=FACE_OUTER_BOUND('',#219,.T.);
#143=FACE_OUTER_BOUND('',#220,.T.);
#144=FACE_OUTER_BOUND('',#221,.T.);
#145=FACE_OUTER_BOUND('',#222,.T.);
#146=FACE_OUTER_BOUND('',#223,.T.);
#147=FACE_OUTER_BOUND('',#225,.T.);
#148=FACE_OUTER_BOUND('',#227,.T.);
#149=FACE_OUTER_BOUND('',#228,.T.);
#150=FACE_OUTER_BOUND('',#230,.T.);
#151=FACE_OUTER_BOUND('',#231,.T.);
#152=FACE_OUTER_BOUND('',#232,.T.);
#153=FACE_OUTER_BOUND('',#234,.T.);
#154=FACE_OUTER_BOUND('',#235,.T.);
#155=FACE_OUTER_BOUND('',#236,.T.);
#156=FACE_OUTER_BOUND('',#237,.T.);
#157=FACE_OUTER_BOUND('',#238,.T.);
#158=FACE_OUTER_BOUND('',#239,.T.);
#159=FACE_OUTER_BOUND('',#241,.T.);
#160=FACE_OUTER_BOUND('',#242,.T.);
#161=FACE_OUTER_BOUND('',#243,.T.);
#162=FACE_OUTER_BOUND('',#244,.T.);
#163=FACE_OUTER_BOUND('',#245,.T.);
#164=FACE_OUTER_BOUND('',#246,.T.);
#165=FACE_OUTER_BOUND('',#247,.T.);
#166=FACE_OUTER_BOUND('',#248,.T.);
#167=FACE_OUTER_BOUND('',#249,.T.);
#168=FACE_OUTER_BOUND('',#250,.T.);
#169=FACE_OUTER_BOUND('',#251,.T.);
#170=FACE_OUTER_BOUND('',#252,.T.);
#171=FACE_OUTER_BOUND('',#253,.T.);
#172=FACE_OUTER_BOUND('',#254,.T.);
#173=FACE_OUTER_BOUND('',#255,.T.);
#174=FACE_OUTER_BOUND('',#256,.T.);
#175=FACE_OUTER_BOUND('',#257,.T.);
#176=FACE_OUTER_BOUND('',#258,.T.);
#177=FACE_OUTER_BOUND('',#259,.T.);
#178=FACE_OUTER_BOUND('',#260,.T.);
#179=FACE_OUTER_BOUND('',#261,.T.);
#180=FACE_OUTER_BOUND('',#262,.T.);
#181=FACE_OUTER_BOUND('',#263,.T.);
#182=FACE_OUTER_BOUND('',#265,.T.);
#183=FACE_OUTER_BOUND('',#266,.T.);
#184=FACE_OUTER_BOUND('',#267,.T.);
#185=FACE_OUTER_BOUND('',#268,.T.);
#186=FACE_OUTER_BOUND('',#269,.T.);
#187=FACE_OUTER_BOUND('',#270,.T.);
#188=FACE_OUTER_BOUND('',#271,.T.);
#189=FACE_OUTER_BOUND('',#272,.T.);
#190=FACE_OUTER_BOUND('',#273,.T.);
#191=FACE_OUTER_BOUND('',#274,.T.);
#192=EDGE_LOOP('',(#878,#879,#880,#881));
#193=EDGE_LOOP('',(#882));
#194=EDGE_LOOP('',(#883,#884,#885,#886,#887,#888));
#195=EDGE_LOOP('',(#889));
#196=EDGE_LOOP('',(#890,#891,#892,#893));
#197=EDGE_LOOP('',(#894,#895,#896,#897,#898));
#198=EDGE_LOOP('',(#899,#900,#901));
#199=EDGE_LOOP('',(#902,#903,#904,#905));
#200=EDGE_LOOP('',(#906,#907,#908,#909,#910,#911));
#201=EDGE_LOOP('',(#912));
#202=EDGE_LOOP('',(#913,#914,#915,#916,#917,#918,#919,#920,#921,#922,#923,
#924,#925,#926,#927,#928));
#203=EDGE_LOOP('',(#929,#930,#931,#932));
#204=EDGE_LOOP('',(#933,#934,#935,#936));
#205=EDGE_LOOP('',(#937,#938,#939,#940,#941,#942,#943,#944));
#206=EDGE_LOOP('',(#945,#946,#947,#948));
#207=EDGE_LOOP('',(#949,#950,#951,#952));
#208=EDGE_LOOP('',(#953,#954,#955,#956,#957));
#209=EDGE_LOOP('',(#958,#959,#960,#961));
#210=EDGE_LOOP('',(#962,#963,#964,#965));
#211=EDGE_LOOP('',(#966,#967,#968,#969));
#212=EDGE_LOOP('',(#970,#971,#972,#973,#974,#975,#976,#977,#978));
#213=EDGE_LOOP('',(#979,#980,#981,#982));
#214=EDGE_LOOP('',(#983));
#215=EDGE_LOOP('',(#984));
#216=EDGE_LOOP('',(#985,#986,#987,#988));
#217=EDGE_LOOP('',(#989,#990,#991,#992));
#218=EDGE_LOOP('',(#993,#994,#995,#996));
#219=EDGE_LOOP('',(#997,#998,#999,#1000));
#220=EDGE_LOOP('',(#1001,#1002,#1003,#1004,#1005,#1006,#1007));
#221=EDGE_LOOP('',(#1008,#1009,#1010,#1011,#1012,#1013,#1014,#1015,#1016,
#1017));
#222=EDGE_LOOP('',(#1018,#1019,#1020,#1021));
#223=EDGE_LOOP('',(#1022));
#224=EDGE_LOOP('',(#1023));
#225=EDGE_LOOP('',(#1024));
#226=EDGE_LOOP('',(#1025));
#227=EDGE_LOOP('',(#1026,#1027,#1028,#1029));
#228=EDGE_LOOP('',(#1030));
#229=EDGE_LOOP('',(#1031));
#230=EDGE_LOOP('',(#1032,#1033,#1034,#1035));
#231=EDGE_LOOP('',(#1036,#1037,#1038,#1039));
#232=EDGE_LOOP('',(#1040));
#233=EDGE_LOOP('',(#1041));
#234=EDGE_LOOP('',(#1042,#1043,#1044,#1045));
#235=EDGE_LOOP('',(#1046,#1047,#1048,#1049));
#236=EDGE_LOOP('',(#1050,#1051,#1052,#1053));
#237=EDGE_LOOP('',(#1054,#1055,#1056,#1057,#1058,#1059));
#238=EDGE_LOOP('',(#1060,#1061,#1062,#1063,#1064,#1065));
#239=EDGE_LOOP('',(#1066,#1067,#1068,#1069,#1070,#1071,#1072,#1073,#1074,
#1075,#1076));
#240=EDGE_LOOP('',(#1077));
#241=EDGE_LOOP('',(#1078,#1079,#1080,#1081));
#242=EDGE_LOOP('',(#1082,#1083,#1084,#1085));
#243=EDGE_LOOP('',(#1086,#1087,#1088,#1089));
#244=EDGE_LOOP('',(#1090,#1091,#1092,#1093));
#245=EDGE_LOOP('',(#1094,#1095,#1096,#1097));
#246=EDGE_LOOP('',(#1098,#1099,#1100,#1101));
#247=EDGE_LOOP('',(#1102,#1103,#1104,#1105));
#248=EDGE_LOOP('',(#1106,#1107,#1108,#1109));
#249=EDGE_LOOP('',(#1110,#1111,#1112,#1113));
#250=EDGE_LOOP('',(#1114,#1115,#1116,#1117));
#251=EDGE_LOOP('',(#1118,#1119,#1120,#1121));
#252=EDGE_LOOP('',(#1122,#1123,#1124,#1125,#1126,#1127,#1128,#1129,#1130,
#1131,#1132,#1133));
#253=EDGE_LOOP('',(#1134,#1135,#1136,#1137));
#254=EDGE_LOOP('',(#1138,#1139,#1140,#1141));
#255=EDGE_LOOP('',(#1142,#1143,#1144,#1145));
#256=EDGE_LOOP('',(#1146,#1147,#1148,#1149));
#257=EDGE_LOOP('',(#1150,#1151,#1152,#1153));
#258=EDGE_LOOP('',(#1154,#1155,#1156,#1157));
#259=EDGE_LOOP('',(#1158,#1159,#1160,#1161));
#260=EDGE_LOOP('',(#1162,#1163,#1164,#1165));
#261=EDGE_LOOP('',(#1166,#1167,#1168,#1169));
#262=EDGE_LOOP('',(#1170,#1171,#1172,#1173));
#263=EDGE_LOOP('',(#1174,#1175,#1176,#1177,#1178,#1179,#1180,#1181,#1182,
#1183,#1184,#1185));
#264=EDGE_LOOP('',(#1186,#1187,#1188,#1189));
#265=EDGE_LOOP('',(#1190,#1191,#1192,#1193));
#266=EDGE_LOOP('',(#1194,#1195,#1196,#1197,#1198,#1199,#1200,#1201,#1202,
#1203));
#267=EDGE_LOOP('',(#1204,#1205,#1206,#1207));
#268=EDGE_LOOP('',(#1208,#1209,#1210,#1211));
#269=EDGE_LOOP('',(#1212,#1213,#1214,#1215,#1216,#1217,#1218,#1219,#1220,
#1221));
#270=EDGE_LOOP('',(#1222,#1223,#1224,#1225));
#271=EDGE_LOOP('',(#1226,#1227,#1228,#1229,#1230,#1231));
#272=EDGE_LOOP('',(#1232,#1233,#1234,#1235,#1236,#1237));
#273=EDGE_LOOP('',(#1238,#1239,#1240,#1241,#1242,#1243,#1244,#1245,#1246,
#1247));
#274=EDGE_LOOP('',(#1248,#1249,#1250,#1251,#1252,#1253,#1254,#1255,#1256,
#1257));
#275=LINE('',#1827,#400);
#276=LINE('',#1833,#401);
#277=LINE('',#1835,#402);
#278=LINE('',#1857,#403);
#279=LINE('',#1858,#404);
#280=LINE('',#1863,#405);
#281=LINE('',#1865,#406);
#282=LINE('',#1866,#407);
#283=LINE('',#1871,#408);
#284=LINE('',#1872,#409);
#285=LINE('',#1878,#410);
#286=LINE('',#1907,#411);
#287=LINE('',#1963,#412);
#288=LINE('',#1966,#413);
#289=LINE('',#1969,#414);
#290=LINE('',#1971,#415);
#291=LINE('',#1973,#416);
#292=LINE('',#1975,#417);
#293=LINE('',#1977,#418);
#294=LINE('',#2144,#419);
#295=LINE('',#2145,#420);
#296=LINE('',#2296,#421);
#297=LINE('',#2301,#422);
#298=LINE('',#2304,#423);
#299=LINE('',#2308,#424);
#300=LINE('',#2324,#425);
#301=LINE('',#2327,#426);
#302=LINE('',#2332,#427);
#303=LINE('',#2355,#428);
#304=LINE('',#2370,#429);
#305=LINE('',#2378,#430);
#306=LINE('',#2385,#431);
#307=LINE('',#2388,#432);
#308=LINE('',#2397,#433);
#309=LINE('',#2399,#434);
#310=LINE('',#2406,#435);
#311=LINE('',#2408,#436);
#312=LINE('',#2410,#437);
#313=LINE('',#2411,#438);
#314=LINE('',#2415,#439);
#315=LINE('',#2417,#440);
#316=LINE('',#2419,#441);
#317=LINE('',#2420,#442);
#318=LINE('',#2424,#443);
#319=LINE('',#2426,#444);
#320=LINE('',#2428,#445);
#321=LINE('',#2429,#446);
#322=LINE('',#2433,#447);
#323=LINE('',#2435,#448);
#324=LINE('',#2437,#449);
#325=LINE('',#2438,#450);
#326=LINE('',#2442,#451);
#327=LINE('',#2444,#452);
#328=LINE('',#2446,#453);
#329=LINE('',#2447,#454);
#330=LINE('',#2450,#455);
#331=LINE('',#2452,#456);
#332=LINE('',#2453,#457);
#333=LINE('',#2456,#458);
#334=LINE('',#2457,#459);
#335=LINE('',#2460,#460);
#336=LINE('',#2461,#461);
#337=LINE('',#2465,#462);
#338=LINE('',#2466,#463);
#339=LINE('',#2467,#464);
#340=LINE('',#2470,#465);
#341=LINE('',#2471,#466);
#342=LINE('',#2474,#467);
#343=LINE('',#2475,#468);
#344=LINE('',#2478,#469);
#345=LINE('',#2480,#470);
#346=LINE('',#2481,#471);
#347=LINE('',#2483,#472);
#348=LINE('',#2485,#473);
#349=LINE('',#2486,#474);
#350=LINE('',#2489,#475);
#351=LINE('',#2491,#476);
#352=LINE('',#2492,#477);
#353=LINE('',#2495,#478);
#354=LINE('',#2496,#479);
#355=LINE('',#2499,#480);
#356=LINE('',#2500,#481);
#357=LINE('',#2502,#482);
#358=LINE('',#2506,#483);
#359=LINE('',#2507,#484);
#360=LINE('',#2508,#485);
#361=LINE('',#2511,#486);
#362=LINE('',#2512,#487);
#363=LINE('',#2515,#488);
#364=LINE('',#2516,#489);
#365=LINE('',#2519,#490);
#366=LINE('',#2521,#491);
#367=LINE('',#2522,#492);
#368=LINE('',#2525,#493);
#369=LINE('',#2526,#494);
#370=LINE('',#2529,#495);
#371=LINE('',#2530,#496);
#372=LINE('',#2533,#497);
#373=LINE('',#2535,#498);
#374=LINE('',#2536,#499);
#375=LINE('',#2538,#500);
#376=LINE('',#2540,#501);
#377=LINE('',#2541,#502);
#378=LINE('',#2544,#503);
#379=LINE('',#2546,#504);
#380=LINE('',#2547,#505);
#381=LINE('',#2550,#506);
#382=LINE('',#2552,#507);
#383=LINE('',#2554,#508);
#384=LINE('',#2555,#509);
#385=LINE('',#2558,#510);
#386=LINE('',#2559,#511);
#387=LINE('',#2562,#512);
#388=LINE('',#2564,#513);
#389=LINE('',#2565,#514);
#390=LINE('',#2568,#515);
#391=LINE('',#2570,#516);
#392=LINE('',#2572,#517);
#393=LINE('',#2573,#518);
#394=LINE('',#2576,#519);
#395=LINE('',#2577,#520);
#396=LINE('',#2579,#521);
#397=LINE('',#2580,#522);
#398=LINE('',#2582,#523);
#399=LINE('',#2583,#524);
#400=VECTOR('',#1475,0.874999999999999);
#401=VECTOR('',#1482,10.);
#402=VECTOR('',#1483,10.);
#403=VECTOR('',#1484,10.);
#404=VECTOR('',#1485,10.);
#405=VECTOR('',#1490,10.);
#406=VECTOR('',#1491,10.);
#407=VECTOR('',#1492,10.);
#408=VECTOR('',#1497,10.);
#409=VECTOR('',#1498,10.);
#410=VECTOR('',#1507,10.);
#411=VECTOR('',#1514,10.6837572106364);
#412=VECTOR('',#1529,10.);
#413=VECTOR('',#1532,10.);
#414=VECTOR('',#1535,10.);
#415=VECTOR('',#1536,10.);
#416=VECTOR('',#1537,10.);
#417=VECTOR('',#1538,10.);
#418=VECTOR('',#1539,10.);
#419=VECTOR('',#1546,10.);
#420=VECTOR('',#1547,10.);
#421=VECTOR('',#1562,10.);
#422=VECTOR('',#1567,11.5);
#423=VECTOR('',#1570,10.);
#424=VECTOR('',#1573,10.);
#425=VECTOR('',#1596,10.2500000000114);
#426=VECTOR('',#1599,9.4000000000101);
#427=VECTOR('',#1606,9.32868022837137);
#428=VECTOR('',#1609,10.);
#429=VECTOR('',#1618,6.54999999999853);
#430=VECTOR('',#1629,4.5);
#431=VECTOR('',#1638,6.5500000000007);
#432=VECTOR('',#1643,8.55000000001011);
#433=VECTOR('',#1656,0.874999999999999);
#434=VECTOR('',#1659,10.);
#435=VECTOR('',#1668,10.);
#436=VECTOR('',#1669,10.);
#437=VECTOR('',#1670,10.);
#438=VECTOR('',#1671,10.);
#439=VECTOR('',#1674,10.);
#440=VECTOR('',#1675,10.);
#441=VECTOR('',#1676,10.);
#442=VECTOR('',#1677,10.);
#443=VECTOR('',#1680,10.);
#444=VECTOR('',#1681,10.);
#445=VECTOR('',#1682,10.);
#446=VECTOR('',#1683,10.);
#447=VECTOR('',#1686,10.);
#448=VECTOR('',#1687,10.);
#449=VECTOR('',#1688,10.);
#450=VECTOR('',#1689,10.);
#451=VECTOR('',#1692,10.);
#452=VECTOR('',#1693,10.);
#453=VECTOR('',#1694,10.);
#454=VECTOR('',#1695,10.);
#455=VECTOR('',#1698,10.);
#456=VECTOR('',#1699,10.);
#457=VECTOR('',#1700,10.);
#458=VECTOR('',#1703,10.);
#459=VECTOR('',#1704,10.);
#460=VECTOR('',#1707,10.);
#461=VECTOR('',#1708,10.);
#462=VECTOR('',#1711,10.);
#463=VECTOR('',#1712,10.);
#464=VECTOR('',#1713,10.);
#465=VECTOR('',#1716,10.);
#466=VECTOR('',#1717,10.);
#467=VECTOR('',#1720,10.);
#468=VECTOR('',#1721,10.);
#469=VECTOR('',#1724,10.);
#470=VECTOR('',#1725,10.);
#471=VECTOR('',#1726,10.);
#472=VECTOR('',#1727,10.);
#473=VECTOR('',#1728,10.);
#474=VECTOR('',#1729,10.);
#475=VECTOR('',#1732,10.);
#476=VECTOR('',#1733,10.);
#477=VECTOR('',#1734,10.);
#478=VECTOR('',#1737,10.);
#479=VECTOR('',#1738,10.);
#480=VECTOR('',#1741,10.);
#481=VECTOR('',#1742,10.);
#482=VECTOR('',#1745,10.);
#483=VECTOR('',#1748,10.);
#484=VECTOR('',#1749,10.);
#485=VECTOR('',#1750,10.);
#486=VECTOR('',#1753,10.);
#487=VECTOR('',#1754,10.);
#488=VECTOR('',#1757,10.);
#489=VECTOR('',#1758,10.);
#490=VECTOR('',#1761,10.);
#491=VECTOR('',#1762,10.);
#492=VECTOR('',#1763,10.);
#493=VECTOR('',#1766,10.);
#494=VECTOR('',#1767,10.);
#495=VECTOR('',#1770,10.);
#496=VECTOR('',#1771,10.);
#497=VECTOR('',#1774,10.);
#498=VECTOR('',#1775,10.);
#499=VECTOR('',#1776,10.);
#500=VECTOR('',#1777,10.);
#501=VECTOR('',#1778,10.);
#502=VECTOR('',#1779,10.);
#503=VECTOR('',#1782,10.);
#504=VECTOR('',#1783,10.);
#505=VECTOR('',#1784,10.);
#506=VECTOR('',#1787,10.);
#507=VECTOR('',#1788,10.);
#508=VECTOR('',#1789,10.);
#509=VECTOR('',#1790,10.);
#510=VECTOR('',#1793,10.);
#511=VECTOR('',#1794,10.);
#512=VECTOR('',#1797,10.);
#513=VECTOR('',#1798,10.);
#514=VECTOR('',#1799,10.);
#515=VECTOR('',#1802,10.);
#516=VECTOR('',#1803,10.);
#517=VECTOR('',#1804,10.);
#518=VECTOR('',#1805,10.);
#519=VECTOR('',#1808,10.);
#520=VECTOR('',#1809,10.);
#521=VECTOR('',#1812,10.);
#522=VECTOR('',#1813,10.);
#523=VECTOR('',#1816,10.);
#524=VECTOR('',#1817,10.);
#525=CIRCLE('',#1357,0.874999999999999);
#526=CIRCLE('',#1358,0.874999999999999);
#527=CIRCLE('',#1361,0.874999999999999);
#528=CIRCLE('',#1364,11.5087572106361);
#529=CIRCLE('',#1368,11.5087571108508);
#530=CIRCLE('',#1371,13.0516504294496);
#531=CIRCLE('',#1372,8.19454364826352);
#532=CIRCLE('',#1373,13.0516504294496);
#533=CIRCLE('',#1374,9.51583521263721);
#534=CIRCLE('',#1375,13.0516504294496);
#535=CIRCLE('',#1377,13.0516504294496);
#536=CIRCLE('',#1379,6.);
#537=CIRCLE('',#1385,10.6328816330644);
#538=CIRCLE('',#1386,5.);
#539=CIRCLE('',#1387,9.593323178969);
#540=CIRCLE('',#1389,9.16228182204393);
#541=CIRCLE('',#1392,11.5);
#542=CIRCLE('',#1393,11.5);
#543=CIRCLE('',#1394,11.5);
#544=CIRCLE('',#1395,11.5);
#545=CIRCLE('',#1397,11.15);
#546=CIRCLE('',#1398,0.35);
#547=CIRCLE('',#1401,10.2500000000114);
#548=CIRCLE('',#1402,0.36);
#549=CIRCLE('',#1403,9.96484820870602);
#550=CIRCLE('',#1405,10.2500000000127);
#551=CIRCLE('',#1407,8.5500000000101);
#552=CIRCLE('',#1409,8.55000000001012);
#553=CIRCLE('',#1412,13.0516504294496);
#554=CIRCLE('',#1414,6.54999999999799);
#555=CIRCLE('',#1415,6.54999999999907);
#556=CIRCLE('',#1417,4.50000000000001);
#557=CIRCLE('',#1420,4.5);
#558=CIRCLE('',#1422,6.5500000000007);
#559=CIRCLE('',#1424,6.5500000000007);
#560=CIRCLE('',#1427,6.78033008589043);
#561=CIRCLE('',#1429,2.);
#562=CIRCLE('',#1431,0.874999999999999);
#563=VERTEX_POINT('',#1824);
#564=VERTEX_POINT('',#1826);
#565=VERTEX_POINT('',#1831);
#566=VERTEX_POINT('',#1832);
#567=VERTEX_POINT('',#1834);
#568=VERTEX_POINT('',#1836);
#569=VERTEX_POINT('',#1840);
#570=VERTEX_POINT('',#1856);
#571=VERTEX_POINT('',#1859);
#572=VERTEX_POINT('',#1862);
#573=VERTEX_POINT('',#1864);
#574=VERTEX_POINT('',#1868);
#575=VERTEX_POINT('',#1869);
#576=VERTEX_POINT('',#1876);
#577=VERTEX_POINT('',#1880);
#578=VERTEX_POINT('',#1884);
#579=VERTEX_POINT('',#1904);
#580=VERTEX_POINT('',#1906);
#581=VERTEX_POINT('',#1909);
#582=VERTEX_POINT('',#1911);
#583=VERTEX_POINT('',#1915);
#584=VERTEX_POINT('',#1923);
#585=VERTEX_POINT('',#1927);
#586=VERTEX_POINT('',#1929);
#587=VERTEX_POINT('',#1934);
#588=VERTEX_POINT('',#1938);
#589=VERTEX_POINT('',#1944);
#590=VERTEX_POINT('',#1962);
#591=VERTEX_POINT('',#1964);
#592=VERTEX_POINT('',#1968);
#593=VERTEX_POINT('',#1970);
#594=VERTEX_POINT('',#1972);
#595=VERTEX_POINT('',#1974);
#596=VERTEX_POINT('',#1976);
#597=VERTEX_POINT('',#2021);
#598=VERTEX_POINT('',#2022);
#599=VERTEX_POINT('',#2072);
#600=VERTEX_POINT('',#2074);
#601=VERTEX_POINT('',#2174);
#602=VERTEX_POINT('',#2248);
#603=VERTEX_POINT('',#2269);
#604=VERTEX_POINT('',#2288);
#605=VERTEX_POINT('',#2290);
#606=VERTEX_POINT('',#2298);
#607=VERTEX_POINT('',#2300);
#608=VERTEX_POINT('',#2302);
#609=VERTEX_POINT('',#2305);
#610=VERTEX_POINT('',#2307);
#611=VERTEX_POINT('',#2311);
#612=VERTEX_POINT('',#2316);
#613=VERTEX_POINT('',#2318);
#614=VERTEX_POINT('',#2322);
#615=VERTEX_POINT('',#2326);
#616=VERTEX_POINT('',#2330);
#617=VERTEX_POINT('',#2334);
#618=VERTEX_POINT('',#2343);
#619=VERTEX_POINT('',#2357);
#620=VERTEX_POINT('',#2367);
#621=VERTEX_POINT('',#2369);
#622=VERTEX_POINT('',#2373);
#623=VERTEX_POINT('',#2377);
#624=VERTEX_POINT('',#2381);
#625=VERTEX_POINT('',#2384);
#626=VERTEX_POINT('',#2390);
#627=VERTEX_POINT('',#2395);
#628=VERTEX_POINT('',#2404);
#629=VERTEX_POINT('',#2405);
#630=VERTEX_POINT('',#2407);
#631=VERTEX_POINT('',#2409);
#632=VERTEX_POINT('',#2413);
#633=VERTEX_POINT('',#2414);
#634=VERTEX_POINT('',#2416);
#635=VERTEX_POINT('',#2418);
#636=VERTEX_POINT('',#2422);
#637=VERTEX_POINT('',#2423);
#638=VERTEX_POINT('',#2425);
#639=VERTEX_POINT('',#2427);
#640=VERTEX_POINT('',#2431);
#641=VERTEX_POINT('',#2432);
#642=VERTEX_POINT('',#2434);
#643=VERTEX_POINT('',#2436);
#644=VERTEX_POINT('',#2440);
#645=VERTEX_POINT('',#2441);
#646=VERTEX_POINT('',#2443);
#647=VERTEX_POINT('',#2445);
#648=VERTEX_POINT('',#2449);
#649=VERTEX_POINT('',#2451);
#650=VERTEX_POINT('',#2455);
#651=VERTEX_POINT('',#2459);
#652=VERTEX_POINT('',#2463);
#653=VERTEX_POINT('',#2464);
#654=VERTEX_POINT('',#2469);
#655=VERTEX_POINT('',#2473);
#656=VERTEX_POINT('',#2477);
#657=VERTEX_POINT('',#2479);
#658=VERTEX_POINT('',#2482);
#659=VERTEX_POINT('',#2484);
#660=VERTEX_POINT('',#2488);
#661=VERTEX_POINT('',#2490);
#662=VERTEX_POINT('',#2494);
#663=VERTEX_POINT('',#2498);
#664=VERTEX_POINT('',#2504);
#665=VERTEX_POINT('',#2505);
#666=VERTEX_POINT('',#2510);
#667=VERTEX_POINT('',#2514);
#668=VERTEX_POINT('',#2518);
#669=VERTEX_POINT('',#2520);
#670=VERTEX_POINT('',#2524);
#671=VERTEX_POINT('',#2528);
#672=VERTEX_POINT('',#2532);
#673=VERTEX_POINT('',#2534);
#674=VERTEX_POINT('',#2537);
#675=VERTEX_POINT('',#2539);
#676=VERTEX_POINT('',#2543);
#677=VERTEX_POINT('',#2545);
#678=VERTEX_POINT('',#2549);
#679=VERTEX_POINT('',#2551);
#680=VERTEX_POINT('',#2553);
#681=VERTEX_POINT('',#2557);
#682=VERTEX_POINT('',#2561);
#683=VERTEX_POINT('',#2563);
#684=VERTEX_POINT('',#2567);
#685=VERTEX_POINT('',#2569);
#686=VERTEX_POINT('',#2571);
#687=VERTEX_POINT('',#2575);
#688=EDGE_CURVE('',#563,#563,#525,.T.);
#689=EDGE_CURVE('',#563,#564,#275,.T.);
#690=EDGE_CURVE('',#564,#564,#526,.T.);
#691=EDGE_CURVE('',#565,#566,#276,.T.);
#692=EDGE_CURVE('',#566,#567,#277,.T.);
#693=EDGE_CURVE('',#567,#568,#56,.T.);
#694=EDGE_CURVE('',#568,#569,#42,.T.);
#695=EDGE_CURVE('',#569,#570,#278,.T.);
#696=EDGE_CURVE('',#565,#570,#279,.T.);
#697=EDGE_CURVE('',#571,#571,#527,.T.);
#698=EDGE_CURVE('',#565,#572,#280,.T.);
#699=EDGE_CURVE('',#573,#572,#281,.T.);
#700=EDGE_CURVE('',#566,#573,#282,.T.);
#701=EDGE_CURVE('',#574,#575,#528,.T.);
#702=EDGE_CURVE('',#572,#575,#283,.T.);
#703=EDGE_CURVE('',#570,#574,#284,.T.);
#704=EDGE_CURVE('',#569,#574,#30,.T.);
#705=EDGE_CURVE('',#576,#567,#529,.T.);
#706=EDGE_CURVE('',#576,#573,#285,.T.);
#707=EDGE_CURVE('',#575,#577,#57,.T.);
#708=EDGE_CURVE('',#577,#578,#43,.T.);
#709=EDGE_CURVE('',#578,#576,#58,.T.);
#710=EDGE_CURVE('',#578,#579,#530,.T.);
#711=EDGE_CURVE('',#579,#580,#286,.T.);
#712=EDGE_CURVE('',#580,#580,#531,.T.);
#713=EDGE_CURVE('',#579,#581,#532,.T.);
#714=EDGE_CURVE('',#582,#581,#59,.T.);
#715=EDGE_CURVE('',#582,#583,#44,.T.);
#716=EDGE_CURVE('',#583,#584,#60,.T.);
#717=EDGE_CURVE('',#584,#585,#533,.T.);
#718=EDGE_CURVE('',#585,#586,#45,.T.);
#719=EDGE_CURVE('',#586,#587,#61,.T.);
#720=EDGE_CURVE('',#588,#587,#62,.T.);
#721=EDGE_CURVE('',#588,#568,#534,.T.);
#722=EDGE_CURVE('',#589,#588,#46,.T.);
#723=EDGE_CURVE('',#569,#589,#535,.T.);
#724=EDGE_CURVE('',#590,#582,#287,.T.);
#725=EDGE_CURVE('',#591,#590,#536,.F.);
#726=EDGE_CURVE('',#583,#591,#288,.T.);
#727=EDGE_CURVE('',#592,#591,#289,.T.);
#728=EDGE_CURVE('',#593,#592,#290,.T.);
#729=EDGE_CURVE('',#594,#593,#291,.T.);
#730=EDGE_CURVE('',#594,#595,#292,.F.);
#731=EDGE_CURVE('',#595,#596,#293,.T.);
#732=EDGE_CURVE('',#596,#584,#47,.F.);
#733=EDGE_CURVE('',#597,#598,#48,.T.);
#734=EDGE_CURVE('',#599,#598,#31,.T.);
#735=EDGE_CURVE('',#600,#599,#49,.F.);
#736=EDGE_CURVE('',#597,#600,#32,.T.);
#737=EDGE_CURVE('',#593,#598,#294,.F.);
#738=EDGE_CURVE('',#592,#599,#295,.T.);
#739=EDGE_CURVE('',#586,#601,#50,.F.);
#740=EDGE_CURVE('',#585,#602,#51,.T.);
#741=EDGE_CURVE('',#602,#603,#52,.T.);
#742=EDGE_CURVE('',#601,#603,#53,.T.);
#743=EDGE_CURVE('',#604,#604,#537,.T.);
#744=EDGE_CURVE('',#604,#605,#538,.T.);
#745=EDGE_CURVE('',#605,#605,#539,.T.);
#746=EDGE_CURVE('',#602,#596,#540,.T.);
#747=EDGE_CURVE('',#595,#603,#296,.F.);
#748=EDGE_CURVE('',#606,#606,#541,.T.);
#749=EDGE_CURVE('',#606,#607,#297,.T.);
#750=EDGE_CURVE('',#608,#607,#542,.T.);
#751=EDGE_CURVE('',#608,#597,#298,.T.);
#752=EDGE_CURVE('',#609,#600,#543,.T.);
#753=EDGE_CURVE('',#610,#609,#299,.T.);
#754=EDGE_CURVE('',#607,#610,#544,.T.);
#755=EDGE_CURVE('',#611,#611,#545,.T.);
#756=EDGE_CURVE('',#611,#606,#546,.T.);
#757=EDGE_CURVE('',#612,#612,#547,.T.);
#758=EDGE_CURVE('',#612,#613,#548,.T.);
#759=EDGE_CURVE('',#613,#613,#549,.T.);
#760=EDGE_CURVE('',#614,#614,#550,.T.);
#761=EDGE_CURVE('',#614,#612,#300,.T.);
#762=EDGE_CURVE('',#613,#615,#301,.T.);
#763=EDGE_CURVE('',#615,#615,#551,.T.);
#764=EDGE_CURVE('',#616,#616,#552,.T.);
#765=EDGE_CURVE('',#616,#605,#302,.T.);
#766=EDGE_CURVE('',#581,#617,#54,.T.);
#767=EDGE_CURVE('',#617,#618,#55,.T.);
#768=EDGE_CURVE('',#618,#610,#63,.T.);
#769=EDGE_CURVE('',#590,#609,#303,.T.);
#770=EDGE_CURVE('',#619,#589,#64,.F.);
#771=EDGE_CURVE('',#619,#608,#65,.T.);
#772=EDGE_CURVE('',#618,#577,#553,.T.);
#773=EDGE_CURVE('',#620,#620,#554,.T.);
#774=EDGE_CURVE('',#620,#621,#304,.T.);
#775=EDGE_CURVE('',#621,#621,#555,.T.);
#776=EDGE_CURVE('',#622,#622,#556,.T.);
#777=EDGE_CURVE('',#622,#623,#305,.T.);
#778=EDGE_CURVE('',#623,#623,#557,.T.);
#779=EDGE_CURVE('',#624,#624,#558,.T.);
#780=EDGE_CURVE('',#624,#625,#306,.T.);
#781=EDGE_CURVE('',#625,#625,#559,.T.);
#782=EDGE_CURVE('',#615,#616,#307,.T.);
#783=EDGE_CURVE('',#626,#626,#560,.T.);
#784=EDGE_CURVE('',#580,#626,#561,.T.);
#785=EDGE_CURVE('',#627,#627,#562,.T.);
#786=EDGE_CURVE('',#627,#571,#308,.T.);
#787=EDGE_CURVE('',#601,#594,#309,.F.);
#788=EDGE_CURVE('',#628,#629,#310,.T.);
#789=EDGE_CURVE('',#630,#628,#311,.T.);
#790=EDGE_CURVE('',#631,#630,#312,.T.);
#791=EDGE_CURVE('',#629,#631,#313,.T.);
#792=EDGE_CURVE('',#632,#633,#314,.T.);
#793=EDGE_CURVE('',#634,#633,#315,.T.);
#794=EDGE_CURVE('',#635,#634,#316,.T.);
#795=EDGE_CURVE('',#632,#635,#317,.T.);
#796=EDGE_CURVE('',#636,#637,#318,.T.);
#797=EDGE_CURVE('',#638,#637,#319,.T.);
#798=EDGE_CURVE('',#639,#638,#320,.T.);
#799=EDGE_CURVE('',#639,#636,#321,.T.);
#800=EDGE_CURVE('',#640,#641,#322,.T.);
#801=EDGE_CURVE('',#642,#640,#323,.T.);
#802=EDGE_CURVE('',#643,#642,#324,.T.);
#803=EDGE_CURVE('',#641,#643,#325,.T.);
#804=EDGE_CURVE('',#644,#645,#326,.T.);
#805=EDGE_CURVE('',#646,#644,#327,.T.);
#806=EDGE_CURVE('',#647,#646,#328,.T.);
#807=EDGE_CURVE('',#645,#647,#329,.T.);
#808=EDGE_CURVE('',#648,#644,#330,.T.);
#809=EDGE_CURVE('',#648,#649,#331,.T.);
#810=EDGE_CURVE('',#646,#649,#332,.T.);
#811=EDGE_CURVE('',#649,#650,#333,.T.);
#812=EDGE_CURVE('',#650,#647,#334,.T.);
#813=EDGE_CURVE('',#645,#651,#335,.T.);
#814=EDGE_CURVE('',#650,#651,#336,.T.);
#815=EDGE_CURVE('',#652,#653,#337,.T.);
#816=EDGE_CURVE('',#639,#653,#338,.T.);
#817=EDGE_CURVE('',#652,#638,#339,.T.);
#818=EDGE_CURVE('',#654,#652,#340,.T.);
#819=EDGE_CURVE('',#637,#654,#341,.T.);
#820=EDGE_CURVE('',#655,#654,#342,.T.);
#821=EDGE_CURVE('',#655,#636,#343,.T.);
#822=EDGE_CURVE('',#648,#656,#344,.T.);
#823=EDGE_CURVE('',#656,#657,#345,.T.);
#824=EDGE_CURVE('',#657,#653,#346,.T.);
#825=EDGE_CURVE('',#655,#658,#347,.T.);
#826=EDGE_CURVE('',#658,#659,#348,.T.);
#827=EDGE_CURVE('',#659,#651,#349,.T.);
#828=EDGE_CURVE('',#660,#629,#350,.T.);
#829=EDGE_CURVE('',#660,#661,#351,.T.);
#830=EDGE_CURVE('',#628,#661,#352,.T.);
#831=EDGE_CURVE('',#661,#662,#353,.T.);
#832=EDGE_CURVE('',#662,#630,#354,.T.);
#833=EDGE_CURVE('',#663,#660,#355,.T.);
#834=EDGE_CURVE('',#631,#663,#356,.T.);
#835=EDGE_CURVE('',#662,#663,#357,.T.);
#836=EDGE_CURVE('',#664,#665,#358,.T.);
#837=EDGE_CURVE('',#633,#665,#359,.T.);
#838=EDGE_CURVE('',#664,#632,#360,.T.);
#839=EDGE_CURVE('',#665,#666,#361,.T.);
#840=EDGE_CURVE('',#666,#634,#362,.T.);
#841=EDGE_CURVE('',#666,#667,#363,.T.);
#842=EDGE_CURVE('',#635,#667,#364,.T.);
#843=EDGE_CURVE('',#668,#641,#365,.T.);
#844=EDGE_CURVE('',#668,#669,#366,.T.);
#845=EDGE_CURVE('',#640,#669,#367,.T.);
#846=EDGE_CURVE('',#670,#668,#368,.T.);
#847=EDGE_CURVE('',#643,#670,#369,.T.);
#848=EDGE_CURVE('',#671,#642,#370,.T.);
#849=EDGE_CURVE('',#671,#670,#371,.T.);
#850=EDGE_CURVE('',#672,#664,#372,.T.);
#851=EDGE_CURVE('',#672,#673,#373,.T.);
#852=EDGE_CURVE('',#673,#669,#374,.T.);
#853=EDGE_CURVE('',#671,#674,#375,.T.);
#854=EDGE_CURVE('',#674,#675,#376,.T.);
#855=EDGE_CURVE('',#667,#675,#377,.T.);
#856=EDGE_CURVE('',#657,#676,#378,.T.);
#857=EDGE_CURVE('',#677,#656,#379,.T.);
#858=EDGE_CURVE('',#676,#677,#380,.T.);
#859=EDGE_CURVE('',#659,#678,#381,.T.);
#860=EDGE_CURVE('',#678,#679,#382,.T.);
#861=EDGE_CURVE('',#680,#679,#383,.T.);
#862=EDGE_CURVE('',#680,#677,#384,.T.);
#863=EDGE_CURVE('',#681,#658,#385,.T.);
#864=EDGE_CURVE('',#678,#681,#386,.T.);
#865=EDGE_CURVE('',#682,#672,#387,.T.);
#866=EDGE_CURVE('',#683,#682,#388,.T.);
#867=EDGE_CURVE('',#673,#683,#389,.T.);
#868=EDGE_CURVE('',#675,#684,#390,.T.);
#869=EDGE_CURVE('',#684,#685,#391,.T.);
#870=EDGE_CURVE('',#686,#685,#392,.T.);
#871=EDGE_CURVE('',#686,#682,#393,.T.);
#872=EDGE_CURVE('',#687,#674,#394,.T.);
#873=EDGE_CURVE('',#684,#687,#395,.T.);
#874=EDGE_CURVE('',#685,#681,#396,.T.);
#875=EDGE_CURVE('',#679,#687,#397,.T.);
#876=EDGE_CURVE('',#683,#680,#398,.T.);
#877=EDGE_CURVE('',#676,#686,#399,.T.);
#878=ORIENTED_EDGE('',*,*,#688,.T.);
#879=ORIENTED_EDGE('',*,*,#689,.T.);
#880=ORIENTED_EDGE('',*,*,#690,.F.);
#881=ORIENTED_EDGE('',*,*,#689,.F.);
#882=ORIENTED_EDGE('',*,*,#690,.T.);
#883=ORIENTED_EDGE('',*,*,#691,.T.);
#884=ORIENTED_EDGE('',*,*,#692,.T.);
#885=ORIENTED_EDGE('',*,*,#693,.T.);
#886=ORIENTED_EDGE('',*,*,#694,.T.);
#887=ORIENTED_EDGE('',*,*,#695,.T.);
#888=ORIENTED_EDGE('',*,*,#696,.F.);
#889=ORIENTED_EDGE('',*,*,#697,.T.);
#890=ORIENTED_EDGE('',*,*,#691,.F.);
#891=ORIENTED_EDGE('',*,*,#698,.T.);
#892=ORIENTED_EDGE('',*,*,#699,.F.);
#893=ORIENTED_EDGE('',*,*,#700,.F.);
#894=ORIENTED_EDGE('',*,*,#701,.T.);
#895=ORIENTED_EDGE('',*,*,#702,.F.);
#896=ORIENTED_EDGE('',*,*,#698,.F.);
#897=ORIENTED_EDGE('',*,*,#696,.T.);
#898=ORIENTED_EDGE('',*,*,#703,.T.);
#899=ORIENTED_EDGE('',*,*,#704,.T.);
#900=ORIENTED_EDGE('',*,*,#703,.F.);
#901=ORIENTED_EDGE('',*,*,#695,.F.);
#902=ORIENTED_EDGE('',*,*,#705,.T.);
#903=ORIENTED_EDGE('',*,*,#692,.F.);
#904=ORIENTED_EDGE('',*,*,#700,.T.);
#905=ORIENTED_EDGE('',*,*,#706,.F.);
#906=ORIENTED_EDGE('',*,*,#707,.T.);
#907=ORIENTED_EDGE('',*,*,#708,.T.);
#908=ORIENTED_EDGE('',*,*,#709,.T.);
#909=ORIENTED_EDGE('',*,*,#706,.T.);
#910=ORIENTED_EDGE('',*,*,#699,.T.);
#911=ORIENTED_EDGE('',*,*,#702,.T.);
#912=ORIENTED_EDGE('',*,*,#688,.F.);
#913=ORIENTED_EDGE('',*,*,#709,.F.);
#914=ORIENTED_EDGE('',*,*,#710,.T.);
#915=ORIENTED_EDGE('',*,*,#711,.T.);
#916=ORIENTED_EDGE('',*,*,#712,.T.);
#917=ORIENTED_EDGE('',*,*,#711,.F.);
#918=ORIENTED_EDGE('',*,*,#713,.T.);
#919=ORIENTED_EDGE('',*,*,#714,.F.);
#920=ORIENTED_EDGE('',*,*,#715,.T.);
#921=ORIENTED_EDGE('',*,*,#716,.T.);
#922=ORIENTED_EDGE('',*,*,#717,.T.);
#923=ORIENTED_EDGE('',*,*,#718,.T.);
#924=ORIENTED_EDGE('',*,*,#719,.T.);
#925=ORIENTED_EDGE('',*,*,#720,.F.);
#926=ORIENTED_EDGE('',*,*,#721,.T.);
#927=ORIENTED_EDGE('',*,*,#693,.F.);
#928=ORIENTED_EDGE('',*,*,#705,.F.);
#929=ORIENTED_EDGE('',*,*,#694,.F.);
#930=ORIENTED_EDGE('',*,*,#721,.F.);
#931=ORIENTED_EDGE('',*,*,#722,.F.);
#932=ORIENTED_EDGE('',*,*,#723,.F.);
#933=ORIENTED_EDGE('',*,*,#715,.F.);
#934=ORIENTED_EDGE('',*,*,#724,.F.);
#935=ORIENTED_EDGE('',*,*,#725,.F.);
#936=ORIENTED_EDGE('',*,*,#726,.F.);
#937=ORIENTED_EDGE('',*,*,#726,.T.);
#938=ORIENTED_EDGE('',*,*,#727,.F.);
#939=ORIENTED_EDGE('',*,*,#728,.F.);
#940=ORIENTED_EDGE('',*,*,#729,.F.);
#941=ORIENTED_EDGE('',*,*,#730,.T.);
#942=ORIENTED_EDGE('',*,*,#731,.T.);
#943=ORIENTED_EDGE('',*,*,#732,.T.);
#944=ORIENTED_EDGE('',*,*,#716,.F.);
#945=ORIENTED_EDGE('',*,*,#733,.T.);
#946=ORIENTED_EDGE('',*,*,#734,.F.);
#947=ORIENTED_EDGE('',*,*,#735,.F.);
#948=ORIENTED_EDGE('',*,*,#736,.F.);
#949=ORIENTED_EDGE('',*,*,#734,.T.);
#950=ORIENTED_EDGE('',*,*,#737,.F.);
#951=ORIENTED_EDGE('',*,*,#728,.T.);
#952=ORIENTED_EDGE('',*,*,#738,.T.);
#953=ORIENTED_EDGE('',*,*,#739,.F.);
#954=ORIENTED_EDGE('',*,*,#718,.F.);
#955=ORIENTED_EDGE('',*,*,#740,.T.);
#956=ORIENTED_EDGE('',*,*,#741,.T.);
#957=ORIENTED_EDGE('',*,*,#742,.F.);
#958=ORIENTED_EDGE('',*,*,#743,.F.);
#959=ORIENTED_EDGE('',*,*,#744,.T.);
#960=ORIENTED_EDGE('',*,*,#745,.F.);
#961=ORIENTED_EDGE('',*,*,#744,.F.);
#962=ORIENTED_EDGE('',*,*,#746,.F.);
#963=ORIENTED_EDGE('',*,*,#740,.F.);
#964=ORIENTED_EDGE('',*,*,#717,.F.);
#965=ORIENTED_EDGE('',*,*,#732,.F.);
#966=ORIENTED_EDGE('',*,*,#746,.T.);
#967=ORIENTED_EDGE('',*,*,#731,.F.);
#968=ORIENTED_EDGE('',*,*,#747,.T.);
#969=ORIENTED_EDGE('',*,*,#741,.F.);
#970=ORIENTED_EDGE('',*,*,#748,.T.);
#971=ORIENTED_EDGE('',*,*,#749,.T.);
#972=ORIENTED_EDGE('',*,*,#750,.F.);
#973=ORIENTED_EDGE('',*,*,#751,.T.);
#974=ORIENTED_EDGE('',*,*,#736,.T.);
#975=ORIENTED_EDGE('',*,*,#752,.F.);
#976=ORIENTED_EDGE('',*,*,#753,.F.);
#977=ORIENTED_EDGE('',*,*,#754,.F.);
#978=ORIENTED_EDGE('',*,*,#749,.F.);
#979=ORIENTED_EDGE('',*,*,#755,.F.);
#980=ORIENTED_EDGE('',*,*,#756,.T.);
#981=ORIENTED_EDGE('',*,*,#748,.F.);
#982=ORIENTED_EDGE('',*,*,#756,.F.);
#983=ORIENTED_EDGE('',*,*,#755,.T.);
#984=ORIENTED_EDGE('',*,*,#743,.T.);
#985=ORIENTED_EDGE('',*,*,#757,.F.);
#986=ORIENTED_EDGE('',*,*,#758,.T.);
#987=ORIENTED_EDGE('',*,*,#759,.F.);
#988=ORIENTED_EDGE('',*,*,#758,.F.);
#989=ORIENTED_EDGE('',*,*,#760,.T.);
#990=ORIENTED_EDGE('',*,*,#761,.T.);
#991=ORIENTED_EDGE('',*,*,#757,.T.);
#992=ORIENTED_EDGE('',*,*,#761,.F.);
#993=ORIENTED_EDGE('',*,*,#759,.T.);
#994=ORIENTED_EDGE('',*,*,#762,.T.);
#995=ORIENTED_EDGE('',*,*,#763,.F.);
#996=ORIENTED_EDGE('',*,*,#762,.F.);
#997=ORIENTED_EDGE('',*,*,#764,.T.);
#998=ORIENTED_EDGE('',*,*,#765,.T.);
#999=ORIENTED_EDGE('',*,*,#745,.T.);
#1000=ORIENTED_EDGE('',*,*,#765,.F.);
#1001=ORIENTED_EDGE('',*,*,#724,.T.);
#1002=ORIENTED_EDGE('',*,*,#714,.T.);
#1003=ORIENTED_EDGE('',*,*,#766,.T.);
#1004=ORIENTED_EDGE('',*,*,#767,.T.);
#1005=ORIENTED_EDGE('',*,*,#768,.T.);
#1006=ORIENTED_EDGE('',*,*,#753,.T.);
#1007=ORIENTED_EDGE('',*,*,#769,.F.);
#1008=ORIENTED_EDGE('',*,*,#707,.F.);
#1009=ORIENTED_EDGE('',*,*,#701,.F.);
#1010=ORIENTED_EDGE('',*,*,#704,.F.);
#1011=ORIENTED_EDGE('',*,*,#723,.T.);
#1012=ORIENTED_EDGE('',*,*,#770,.F.);
#1013=ORIENTED_EDGE('',*,*,#771,.T.);
#1014=ORIENTED_EDGE('',*,*,#750,.T.);
#1015=ORIENTED_EDGE('',*,*,#754,.T.);
#1016=ORIENTED_EDGE('',*,*,#768,.F.);
#1017=ORIENTED_EDGE('',*,*,#772,.T.);
#1018=ORIENTED_EDGE('',*,*,#773,.F.);
#1019=ORIENTED_EDGE('',*,*,#774,.T.);
#1020=ORIENTED_EDGE('',*,*,#775,.T.);
#1021=ORIENTED_EDGE('',*,*,#774,.F.);
#1022=ORIENTED_EDGE('',*,*,#775,.F.);
#1023=ORIENTED_EDGE('',*,*,#776,.T.);
#1024=ORIENTED_EDGE('',*,*,#760,.F.);
#1025=ORIENTED_EDGE('',*,*,#773,.T.);
#1026=ORIENTED_EDGE('',*,*,#776,.F.);
#1027=ORIENTED_EDGE('',*,*,#777,.T.);
#1028=ORIENTED_EDGE('',*,*,#778,.T.);
#1029=ORIENTED_EDGE('',*,*,#777,.F.);
#1030=ORIENTED_EDGE('',*,*,#779,.T.);
#1031=ORIENTED_EDGE('',*,*,#778,.F.);
#1032=ORIENTED_EDGE('',*,*,#779,.F.);
#1033=ORIENTED_EDGE('',*,*,#780,.T.);
#1034=ORIENTED_EDGE('',*,*,#781,.T.);
#1035=ORIENTED_EDGE('',*,*,#780,.F.);
#1036=ORIENTED_EDGE('',*,*,#763,.T.);
#1037=ORIENTED_EDGE('',*,*,#782,.T.);
#1038=ORIENTED_EDGE('',*,*,#764,.F.);
#1039=ORIENTED_EDGE('',*,*,#782,.F.);
#1040=ORIENTED_EDGE('',*,*,#783,.T.);
#1041=ORIENTED_EDGE('',*,*,#781,.F.);
#1042=ORIENTED_EDGE('',*,*,#712,.F.);
#1043=ORIENTED_EDGE('',*,*,#784,.T.);
#1044=ORIENTED_EDGE('',*,*,#783,.F.);
#1045=ORIENTED_EDGE('',*,*,#784,.F.);
#1046=ORIENTED_EDGE('',*,*,#785,.F.);
#1047=ORIENTED_EDGE('',*,*,#786,.T.);
#1048=ORIENTED_EDGE('',*,*,#697,.F.);
#1049=ORIENTED_EDGE('',*,*,#786,.F.);
#1050=ORIENTED_EDGE('',*,*,#742,.T.);
#1051=ORIENTED_EDGE('',*,*,#747,.F.);
#1052=ORIENTED_EDGE('',*,*,#730,.F.);
#1053=ORIENTED_EDGE('',*,*,#787,.F.);
#1054=ORIENTED_EDGE('',*,*,#708,.F.);
#1055=ORIENTED_EDGE('',*,*,#772,.F.);
#1056=ORIENTED_EDGE('',*,*,#767,.F.);
#1057=ORIENTED_EDGE('',*,*,#766,.F.);
#1058=ORIENTED_EDGE('',*,*,#713,.F.);
#1059=ORIENTED_EDGE('',*,*,#710,.F.);
#1060=ORIENTED_EDGE('',*,*,#727,.T.);
#1061=ORIENTED_EDGE('',*,*,#725,.T.);
#1062=ORIENTED_EDGE('',*,*,#769,.T.);
#1063=ORIENTED_EDGE('',*,*,#752,.T.);
#1064=ORIENTED_EDGE('',*,*,#735,.T.);
#1065=ORIENTED_EDGE('',*,*,#738,.F.);
#1066=ORIENTED_EDGE('',*,*,#737,.T.);
#1067=ORIENTED_EDGE('',*,*,#733,.F.);
#1068=ORIENTED_EDGE('',*,*,#751,.F.);
#1069=ORIENTED_EDGE('',*,*,#771,.F.);
#1070=ORIENTED_EDGE('',*,*,#770,.T.);
#1071=ORIENTED_EDGE('',*,*,#722,.T.);
#1072=ORIENTED_EDGE('',*,*,#720,.T.);
#1073=ORIENTED_EDGE('',*,*,#719,.F.);
#1074=ORIENTED_EDGE('',*,*,#739,.T.);
#1075=ORIENTED_EDGE('',*,*,#787,.T.);
#1076=ORIENTED_EDGE('',*,*,#729,.T.);
#1077=ORIENTED_EDGE('',*,*,#785,.T.);
#1078=ORIENTED_EDGE('',*,*,#788,.F.);
#1079=ORIENTED_EDGE('',*,*,#789,.F.);
#1080=ORIENTED_EDGE('',*,*,#790,.F.);
#1081=ORIENTED_EDGE('',*,*,#791,.F.);
#1082=ORIENTED_EDGE('',*,*,#792,.T.);
#1083=ORIENTED_EDGE('',*,*,#793,.F.);
#1084=ORIENTED_EDGE('',*,*,#794,.F.);
#1085=ORIENTED_EDGE('',*,*,#795,.F.);
#1086=ORIENTED_EDGE('',*,*,#796,.T.);
#1087=ORIENTED_EDGE('',*,*,#797,.F.);
#1088=ORIENTED_EDGE('',*,*,#798,.F.);
#1089=ORIENTED_EDGE('',*,*,#799,.T.);
#1090=ORIENTED_EDGE('',*,*,#800,.F.);
#1091=ORIENTED_EDGE('',*,*,#801,.F.);
#1092=ORIENTED_EDGE('',*,*,#802,.F.);
#1093=ORIENTED_EDGE('',*,*,#803,.F.);
#1094=ORIENTED_EDGE('',*,*,#804,.F.);
#1095=ORIENTED_EDGE('',*,*,#805,.F.);
#1096=ORIENTED_EDGE('',*,*,#806,.F.);
#1097=ORIENTED_EDGE('',*,*,#807,.F.);
#1098=ORIENTED_EDGE('',*,*,#808,.F.);
#1099=ORIENTED_EDGE('',*,*,#809,.T.);
#1100=ORIENTED_EDGE('',*,*,#810,.F.);
#1101=ORIENTED_EDGE('',*,*,#805,.T.);
#1102=ORIENTED_EDGE('',*,*,#806,.T.);
#1103=ORIENTED_EDGE('',*,*,#810,.T.);
#1104=ORIENTED_EDGE('',*,*,#811,.T.);
#1105=ORIENTED_EDGE('',*,*,#812,.T.);
#1106=ORIENTED_EDGE('',*,*,#813,.F.);
#1107=ORIENTED_EDGE('',*,*,#807,.T.);
#1108=ORIENTED_EDGE('',*,*,#812,.F.);
#1109=ORIENTED_EDGE('',*,*,#814,.T.);
#1110=ORIENTED_EDGE('',*,*,#815,.T.);
#1111=ORIENTED_EDGE('',*,*,#816,.F.);
#1112=ORIENTED_EDGE('',*,*,#798,.T.);
#1113=ORIENTED_EDGE('',*,*,#817,.F.);
#1114=ORIENTED_EDGE('',*,*,#818,.T.);
#1115=ORIENTED_EDGE('',*,*,#817,.T.);
#1116=ORIENTED_EDGE('',*,*,#797,.T.);
#1117=ORIENTED_EDGE('',*,*,#819,.T.);
#1118=ORIENTED_EDGE('',*,*,#820,.T.);
#1119=ORIENTED_EDGE('',*,*,#819,.F.);
#1120=ORIENTED_EDGE('',*,*,#796,.F.);
#1121=ORIENTED_EDGE('',*,*,#821,.F.);
#1122=ORIENTED_EDGE('',*,*,#814,.F.);
#1123=ORIENTED_EDGE('',*,*,#811,.F.);
#1124=ORIENTED_EDGE('',*,*,#809,.F.);
#1125=ORIENTED_EDGE('',*,*,#822,.T.);
#1126=ORIENTED_EDGE('',*,*,#823,.T.);
#1127=ORIENTED_EDGE('',*,*,#824,.T.);
#1128=ORIENTED_EDGE('',*,*,#815,.F.);
#1129=ORIENTED_EDGE('',*,*,#818,.F.);
#1130=ORIENTED_EDGE('',*,*,#820,.F.);
#1131=ORIENTED_EDGE('',*,*,#825,.T.);
#1132=ORIENTED_EDGE('',*,*,#826,.T.);
#1133=ORIENTED_EDGE('',*,*,#827,.T.);
#1134=ORIENTED_EDGE('',*,*,#828,.F.);
#1135=ORIENTED_EDGE('',*,*,#829,.T.);
#1136=ORIENTED_EDGE('',*,*,#830,.F.);
#1137=ORIENTED_EDGE('',*,*,#788,.T.);
#1138=ORIENTED_EDGE('',*,*,#789,.T.);
#1139=ORIENTED_EDGE('',*,*,#830,.T.);
#1140=ORIENTED_EDGE('',*,*,#831,.T.);
#1141=ORIENTED_EDGE('',*,*,#832,.T.);
#1142=ORIENTED_EDGE('',*,*,#833,.T.);
#1143=ORIENTED_EDGE('',*,*,#828,.T.);
#1144=ORIENTED_EDGE('',*,*,#791,.T.);
#1145=ORIENTED_EDGE('',*,*,#834,.T.);
#1146=ORIENTED_EDGE('',*,*,#834,.F.);
#1147=ORIENTED_EDGE('',*,*,#790,.T.);
#1148=ORIENTED_EDGE('',*,*,#832,.F.);
#1149=ORIENTED_EDGE('',*,*,#835,.T.);
#1150=ORIENTED_EDGE('',*,*,#836,.T.);
#1151=ORIENTED_EDGE('',*,*,#837,.F.);
#1152=ORIENTED_EDGE('',*,*,#792,.F.);
#1153=ORIENTED_EDGE('',*,*,#838,.F.);
#1154=ORIENTED_EDGE('',*,*,#793,.T.);
#1155=ORIENTED_EDGE('',*,*,#837,.T.);
#1156=ORIENTED_EDGE('',*,*,#839,.T.);
#1157=ORIENTED_EDGE('',*,*,#840,.T.);
#1158=ORIENTED_EDGE('',*,*,#841,.T.);
#1159=ORIENTED_EDGE('',*,*,#842,.F.);
#1160=ORIENTED_EDGE('',*,*,#794,.T.);
#1161=ORIENTED_EDGE('',*,*,#840,.F.);
#1162=ORIENTED_EDGE('',*,*,#843,.F.);
#1163=ORIENTED_EDGE('',*,*,#844,.T.);
#1164=ORIENTED_EDGE('',*,*,#845,.F.);
#1165=ORIENTED_EDGE('',*,*,#800,.T.);
#1166=ORIENTED_EDGE('',*,*,#846,.T.);
#1167=ORIENTED_EDGE('',*,*,#843,.T.);
#1168=ORIENTED_EDGE('',*,*,#803,.T.);
#1169=ORIENTED_EDGE('',*,*,#847,.T.);
#1170=ORIENTED_EDGE('',*,*,#847,.F.);
#1171=ORIENTED_EDGE('',*,*,#802,.T.);
#1172=ORIENTED_EDGE('',*,*,#848,.F.);
#1173=ORIENTED_EDGE('',*,*,#849,.T.);
#1174=ORIENTED_EDGE('',*,*,#841,.F.);
#1175=ORIENTED_EDGE('',*,*,#839,.F.);
#1176=ORIENTED_EDGE('',*,*,#836,.F.);
#1177=ORIENTED_EDGE('',*,*,#850,.F.);
#1178=ORIENTED_EDGE('',*,*,#851,.T.);
#1179=ORIENTED_EDGE('',*,*,#852,.T.);
#1180=ORIENTED_EDGE('',*,*,#844,.F.);
#1181=ORIENTED_EDGE('',*,*,#846,.F.);
#1182=ORIENTED_EDGE('',*,*,#849,.F.);
#1183=ORIENTED_EDGE('',*,*,#853,.T.);
#1184=ORIENTED_EDGE('',*,*,#854,.T.);
#1185=ORIENTED_EDGE('',*,*,#855,.F.);
#1186=ORIENTED_EDGE('',*,*,#829,.F.);
#1187=ORIENTED_EDGE('',*,*,#833,.F.);
#1188=ORIENTED_EDGE('',*,*,#835,.F.);
#1189=ORIENTED_EDGE('',*,*,#831,.F.);
#1190=ORIENTED_EDGE('',*,*,#856,.F.);
#1191=ORIENTED_EDGE('',*,*,#823,.F.);
#1192=ORIENTED_EDGE('',*,*,#857,.F.);
#1193=ORIENTED_EDGE('',*,*,#858,.F.);
#1194=ORIENTED_EDGE('',*,*,#857,.T.);
#1195=ORIENTED_EDGE('',*,*,#822,.F.);
#1196=ORIENTED_EDGE('',*,*,#808,.T.);
#1197=ORIENTED_EDGE('',*,*,#804,.T.);
#1198=ORIENTED_EDGE('',*,*,#813,.T.);
#1199=ORIENTED_EDGE('',*,*,#827,.F.);
#1200=ORIENTED_EDGE('',*,*,#859,.T.);
#1201=ORIENTED_EDGE('',*,*,#860,.T.);
#1202=ORIENTED_EDGE('',*,*,#861,.F.);
#1203=ORIENTED_EDGE('',*,*,#862,.T.);
#1204=ORIENTED_EDGE('',*,*,#863,.F.);
#1205=ORIENTED_EDGE('',*,*,#864,.F.);
#1206=ORIENTED_EDGE('',*,*,#859,.F.);
#1207=ORIENTED_EDGE('',*,*,#826,.F.);
#1208=ORIENTED_EDGE('',*,*,#865,.F.);
#1209=ORIENTED_EDGE('',*,*,#866,.F.);
#1210=ORIENTED_EDGE('',*,*,#867,.F.);
#1211=ORIENTED_EDGE('',*,*,#851,.F.);
#1212=ORIENTED_EDGE('',*,*,#865,.T.);
#1213=ORIENTED_EDGE('',*,*,#850,.T.);
#1214=ORIENTED_EDGE('',*,*,#838,.T.);
#1215=ORIENTED_EDGE('',*,*,#795,.T.);
#1216=ORIENTED_EDGE('',*,*,#842,.T.);
#1217=ORIENTED_EDGE('',*,*,#855,.T.);
#1218=ORIENTED_EDGE('',*,*,#868,.T.);
#1219=ORIENTED_EDGE('',*,*,#869,.T.);
#1220=ORIENTED_EDGE('',*,*,#870,.F.);
#1221=ORIENTED_EDGE('',*,*,#871,.T.);
#1222=ORIENTED_EDGE('',*,*,#868,.F.);
#1223=ORIENTED_EDGE('',*,*,#854,.F.);
#1224=ORIENTED_EDGE('',*,*,#872,.F.);
#1225=ORIENTED_EDGE('',*,*,#873,.F.);
#1226=ORIENTED_EDGE('',*,*,#864,.T.);
#1227=ORIENTED_EDGE('',*,*,#874,.F.);
#1228=ORIENTED_EDGE('',*,*,#869,.F.);
#1229=ORIENTED_EDGE('',*,*,#873,.T.);
#1230=ORIENTED_EDGE('',*,*,#875,.F.);
#1231=ORIENTED_EDGE('',*,*,#860,.F.);
#1232=ORIENTED_EDGE('',*,*,#858,.T.);
#1233=ORIENTED_EDGE('',*,*,#862,.F.);
#1234=ORIENTED_EDGE('',*,*,#876,.F.);
#1235=ORIENTED_EDGE('',*,*,#866,.T.);
#1236=ORIENTED_EDGE('',*,*,#871,.F.);
#1237=ORIENTED_EDGE('',*,*,#877,.F.);
#1238=ORIENTED_EDGE('',*,*,#856,.T.);
#1239=ORIENTED_EDGE('',*,*,#877,.T.);
#1240=ORIENTED_EDGE('',*,*,#870,.T.);
#1241=ORIENTED_EDGE('',*,*,#874,.T.);
#1242=ORIENTED_EDGE('',*,*,#863,.T.);
#1243=ORIENTED_EDGE('',*,*,#825,.F.);
#1244=ORIENTED_EDGE('',*,*,#821,.T.);
#1245=ORIENTED_EDGE('',*,*,#799,.F.);
#1246=ORIENTED_EDGE('',*,*,#816,.T.);
#1247=ORIENTED_EDGE('',*,*,#824,.F.);
#1248=ORIENTED_EDGE('',*,*,#867,.T.);
#1249=ORIENTED_EDGE('',*,*,#876,.T.);
#1250=ORIENTED_EDGE('',*,*,#861,.T.);
#1251=ORIENTED_EDGE('',*,*,#875,.T.);
#1252=ORIENTED_EDGE('',*,*,#872,.T.);
#1253=ORIENTED_EDGE('',*,*,#853,.F.);
#1254=ORIENTED_EDGE('',*,*,#848,.T.);
#1255=ORIENTED_EDGE('',*,*,#801,.T.);
#1256=ORIENTED_EDGE('',*,*,#845,.T.);
#1257=ORIENTED_EDGE('',*,*,#852,.F.);
#1258=CYLINDRICAL_SURFACE('',#1356,0.874999999999999);
#1259=CYLINDRICAL_SURFACE('',#1378,6.);
#1260=CYLINDRICAL_SURFACE('',#1391,11.5);
#1261=CYLINDRICAL_SURFACE('',#1404,10.2500000000114);
#1262=CYLINDRICAL_SURFACE('',#1413,6.54999999999853);
#1263=CYLINDRICAL_SURFACE('',#1419,4.5);
#1264=CYLINDRICAL_SURFACE('',#1423,6.5500000000007);
#1265=CYLINDRICAL_SURFACE('',#1425,8.55000000001011);
#1266=CYLINDRICAL_SURFACE('',#1430,0.874999999999999);
#1267=ADVANCED_FACE('',(#118),#1258,.F.);
#1268=ADVANCED_FACE('',(#119),#66,.F.);
#1269=ADVANCED_FACE('',(#120,#33),#67,.T.);
#1270=ADVANCED_FACE('',(#121),#68,.T.);
#1271=ADVANCED_FACE('',(#122),#69,.T.);
#1272=ADVANCED_FACE('',(#123),#70,.T.);
#1273=ADVANCED_FACE('',(#124),#71,.T.);
#1274=ADVANCED_FACE('',(#125,#34),#72,.F.);
#1275=ADVANCED_FACE('',(#126),#26,.T.);
#1276=ADVANCED_FACE('',(#127),#19,.T.);
#1277=ADVANCED_FACE('',(#128),#1259,.T.);
#1278=ADVANCED_FACE('',(#129),#73,.T.);
#1279=ADVANCED_FACE('',(#130),#17,.T.);
#1280=ADVANCED_FACE('',(#131),#74,.T.);
#1281=ADVANCED_FACE('',(#132),#18,.T.);
#1282=ADVANCED_FACE('',(#133),#20,.F.);
#1283=ADVANCED_FACE('',(#134),#21,.T.);
#1284=ADVANCED_FACE('',(#135),#75,.T.);
#1285=ADVANCED_FACE('',(#136),#1260,.T.);
#1286=ADVANCED_FACE('',(#137),#22,.T.);
#1287=ADVANCED_FACE('',(#138,#35),#76,.F.);
#1288=ADVANCED_FACE('',(#139),#23,.T.);
#1289=ADVANCED_FACE('',(#140),#1261,.T.);
#1290=ADVANCED_FACE('',(#141),#27,.T.);
#1291=ADVANCED_FACE('',(#142),#28,.T.);
#1292=ADVANCED_FACE('',(#143),#77,.T.);
#1293=ADVANCED_FACE('',(#144),#29,.T.);
#1294=ADVANCED_FACE('',(#145),#1262,.F.);
#1295=ADVANCED_FACE('',(#146,#36),#78,.F.);
#1296=ADVANCED_FACE('',(#147,#37),#79,.F.);
#1297=ADVANCED_FACE('',(#148),#1263,.F.);
#1298=ADVANCED_FACE('',(#149,#38),#80,.F.);
#1299=ADVANCED_FACE('',(#150),#1264,.F.);
#1300=ADVANCED_FACE('',(#151),#1265,.T.);
#1301=ADVANCED_FACE('',(#152,#39),#81,.F.);
#1302=ADVANCED_FACE('',(#153),#24,.T.);
#1303=ADVANCED_FACE('',(#154),#1266,.F.);
#1304=ADVANCED_FACE('',(#155),#82,.T.);
#1305=ADVANCED_FACE('',(#156),#25,.T.);
#1306=ADVANCED_FACE('',(#157),#83,.T.);
#1307=ADVANCED_FACE('',(#158,#40),#84,.T.);
#1308=ADVANCED_FACE('',(#159),#85,.T.);
#1309=ADVANCED_FACE('',(#160),#86,.T.);
#1310=ADVANCED_FACE('',(#161),#87,.T.);
#1311=ADVANCED_FACE('',(#162),#88,.T.);
#1312=ADVANCED_FACE('',(#163),#89,.T.);
#1313=ADVANCED_FACE('',(#164),#90,.F.);
#1314=ADVANCED_FACE('',(#165),#91,.F.);
#1315=ADVANCED_FACE('',(#166),#92,.F.);
#1316=ADVANCED_FACE('',(#167),#93,.F.);
#1317=ADVANCED_FACE('',(#168),#94,.F.);
#1318=ADVANCED_FACE('',(#169),#95,.F.);
#1319=ADVANCED_FACE('',(#170),#96,.F.);
#1320=ADVANCED_FACE('',(#171),#97,.F.);
#1321=ADVANCED_FACE('',(#172),#98,.F.);
#1322=ADVANCED_FACE('',(#173),#99,.F.);
#1323=ADVANCED_FACE('',(#174),#100,.F.);
#1324=ADVANCED_FACE('',(#175),#101,.F.);
#1325=ADVANCED_FACE('',(#176),#102,.F.);
#1326=ADVANCED_FACE('',(#177),#103,.F.);
#1327=ADVANCED_FACE('',(#178),#104,.F.);
#1328=ADVANCED_FACE('',(#179),#105,.F.);
#1329=ADVANCED_FACE('',(#180),#106,.F.);
#1330=ADVANCED_FACE('',(#181,#41),#107,.F.);
#1331=ADVANCED_FACE('',(#182),#108,.F.);
#1332=ADVANCED_FACE('',(#183),#109,.F.);
#1333=ADVANCED_FACE('',(#184),#110,.F.);
#1334=ADVANCED_FACE('',(#185),#111,.F.);
#1335=ADVANCED_FACE('',(#186),#112,.F.);
#1336=ADVANCED_FACE('',(#187),#113,.F.);
#1337=ADVANCED_FACE('',(#188),#114,.F.);
#1338=ADVANCED_FACE('',(#189),#115,.F.);
#1339=ADVANCED_FACE('',(#190),#116,.F.);
#1340=ADVANCED_FACE('',(#191),#117,.F.);
#1341=CLOSED_SHELL('',(#1267,#1268,#1269,#1270,#1271,#1272,#1273,#1274,
#1275,#1276,#1277,#1278,#1279,#1280,#1281,#1282,#1283,#1284,#1285,#1286,
#1287,#1288,#1289,#1290,#1291,#1292,#1293,#1294,#1295,#1296,#1297,#1298,
#1299,#1300,#1301,#1302,#1303,#1304,#1305,#1306,#1307));
#1342=CLOSED_SHELL('',(#1308,#1309,#1310,#1311,#1312,#1313,#1314,#1315,
#1316,#1317,#1318,#1319,#1320,#1321,#1322,#1323,#1324,#1325,#1326,#1327,
#1328,#1329,#1330,#1331,#1332,#1333,#1334,#1335,#1336,#1337,#1338,#1339,
#1340));
#1343=DERIVED_UNIT_ELEMENT(#1345,1.);
#1344=DERIVED_UNIT_ELEMENT(#2591,-3.);
#1345=(
MASS_UNIT()
NAMED_UNIT(*)
SI_UNIT(.KILO.,.GRAM.)
);
#1346=DERIVED_UNIT((#1343,#1344));
#1347=MEASURE_REPRESENTATION_ITEM('density measure',
POSITIVE_RATIO_MEASURE(7850.),#1346);
#1348=PROPERTY_DEFINITION_REPRESENTATION(#1353,#1350);
#1349=PROPERTY_DEFINITION_REPRESENTATION(#1354,#1351);
#1350=REPRESENTATION('material name',(#1352),#2588);
#1351=REPRESENTATION('density',(#1347),#2588);
#1352=DESCRIPTIVE_REPRESENTATION_ITEM('Steel','Steel');
#1353=PROPERTY_DEFINITION('material property','material name',#2598);
#1354=PROPERTY_DEFINITION('material property','density of part',#2598);
#1355=AXIS2_PLACEMENT_3D('',#1822,#1469,#1470);
#1356=AXIS2_PLACEMENT_3D('',#1823,#1471,#1472);
#1357=AXIS2_PLACEMENT_3D('',#1825,#1473,#1474);
#1358=AXIS2_PLACEMENT_3D('',#1828,#1476,#1477);
#1359=AXIS2_PLACEMENT_3D('',#1829,#1478,#1479);
#1360=AXIS2_PLACEMENT_3D('',#1830,#1480,#1481);
#1361=AXIS2_PLACEMENT_3D('',#1860,#1486,#1487);
#1362=AXIS2_PLACEMENT_3D('',#1861,#1488,#1489);
#1363=AXIS2_PLACEMENT_3D('',#1867,#1493,#1494);
#1364=AXIS2_PLACEMENT_3D('',#1870,#1495,#1496);
#1365=AXIS2_PLACEMENT_3D('',#1873,#1499,#1500);
#1366=AXIS2_PLACEMENT_3D('',#1874,#1501,#1502);
#1367=AXIS2_PLACEMENT_3D('',#1875,#1503,#1504);
#1368=AXIS2_PLACEMENT_3D('',#1877,#1505,#1506);
#1369=AXIS2_PLACEMENT_3D('',#1879,#1508,#1509);
#1370=AXIS2_PLACEMENT_3D('',#1903,#1510,#1511);
#1371=AXIS2_PLACEMENT_3D('',#1905,#1512,#1513);
#1372=AXIS2_PLACEMENT_3D('',#1908,#1515,#1516);
#1373=AXIS2_PLACEMENT_3D('',#1910,#1517,#1518);
#1374=AXIS2_PLACEMENT_3D('',#1928,#1519,#1520);
#1375=AXIS2_PLACEMENT_3D('',#1942,#1521,#1522);
#1376=AXIS2_PLACEMENT_3D('',#1943,#1523,#1524);
#1377=AXIS2_PLACEMENT_3D('',#1960,#1525,#1526);
#1378=AXIS2_PLACEMENT_3D('',#1961,#1527,#1528);
#1379=AXIS2_PLACEMENT_3D('',#1965,#1530,#1531);
#1380=AXIS2_PLACEMENT_3D('',#1967,#1533,#1534);
#1381=AXIS2_PLACEMENT_3D('',#2073,#1540,#1541);
#1382=AXIS2_PLACEMENT_3D('',#2142,#1542,#1543);
#1383=AXIS2_PLACEMENT_3D('',#2143,#1544,#1545);
#1384=AXIS2_PLACEMENT_3D('',#2287,#1548,#1549);
#1385=AXIS2_PLACEMENT_3D('',#2289,#1550,#1551);
#1386=AXIS2_PLACEMENT_3D('',#2291,#1552,#1553);
#1387=AXIS2_PLACEMENT_3D('',#2292,#1554,#1555);
#1388=AXIS2_PLACEMENT_3D('',#2293,#1556,#1557);
#1389=AXIS2_PLACEMENT_3D('',#2294,#1558,#1559);
#1390=AXIS2_PLACEMENT_3D('',#2295,#1560,#1561);
#1391=AXIS2_PLACEMENT_3D('',#2297,#1563,#1564);
#1392=AXIS2_PLACEMENT_3D('',#2299,#1565,#1566);
#1393=AXIS2_PLACEMENT_3D('',#2303,#1568,#1569);
#1394=AXIS2_PLACEMENT_3D('',#2306,#1571,#1572);
#1395=AXIS2_PLACEMENT_3D('',#2309,#1574,#1575);
#1396=AXIS2_PLACEMENT_3D('',#2310,#1576,#1577);
#1397=AXIS2_PLACEMENT_3D('',#2312,#1578,#1579);
#1398=AXIS2_PLACEMENT_3D('',#2313,#1580,#1581);
#1399=AXIS2_PLACEMENT_3D('',#2314,#1582,#1583);
#1400=AXIS2_PLACEMENT_3D('',#2315,#1584,#1585);
#1401=AXIS2_PLACEMENT_3D('',#2317,#1586,#1587);
#1402=AXIS2_PLACEMENT_3D('',#2319,#1588,#1589);
#1403=AXIS2_PLACEMENT_3D('',#2320,#1590,#1591);
#1404=AXIS2_PLACEMENT_3D('',#2321,#1592,#1593);
#1405=AXIS2_PLACEMENT_3D('',#2323,#1594,#1595);
#1406=AXIS2_PLACEMENT_3D('',#2325,#1597,#1598);
#1407=AXIS2_PLACEMENT_3D('',#2328,#1600,#1601);
#1408=AXIS2_PLACEMENT_3D('',#2329,#1602,#1603);
#1409=AXIS2_PLACEMENT_3D('',#2331,#1604,#1605);
#1410=AXIS2_PLACEMENT_3D('',#2333,#1607,#1608);
#1411=AXIS2_PLACEMENT_3D('',#2356,#1610,#1611);
#1412=AXIS2_PLACEMENT_3D('',#2365,#1612,#1613);
#1413=AXIS2_PLACEMENT_3D('',#2366,#1614,#1615);
#1414=AXIS2_PLACEMENT_3D('',#2368,#1616,#1617);
#1415=AXIS2_PLACEMENT_3D('',#2371,#1619,#1620);
#1416=AXIS2_PLACEMENT_3D('',#2372,#1621,#1622);
#1417=AXIS2_PLACEMENT_3D('',#2374,#1623,#1624);
#1418=AXIS2_PLACEMENT_3D('',#2375,#1625,#1626);
#1419=AXIS2_PLACEMENT_3D('',#2376,#1627,#1628);
#1420=AXIS2_PLACEMENT_3D('',#2379,#1630,#1631);
#1421=AXIS2_PLACEMENT_3D('',#2380,#1632,#1633);
#1422=AXIS2_PLACEMENT_3D('',#2382,#1634,#1635);
#1423=AXIS2_PLACEMENT_3D('',#2383,#1636,#1637);
#1424=AXIS2_PLACEMENT_3D('',#2386,#1639,#1640);
#1425=AXIS2_PLACEMENT_3D('',#2387,#1641,#1642);
#1426=AXIS2_PLACEMENT_3D('',#2389,#1644,#1645);
#1427=AXIS2_PLACEMENT_3D('',#2391,#1646,#1647);
#1428=AXIS2_PLACEMENT_3D('',#2392,#1648,#1649);
#1429=AXIS2_PLACEMENT_3D('',#2393,#1650,#1651);
#1430=AXIS2_PLACEMENT_3D('',#2394,#1652,#1653);
#1431=AXIS2_PLACEMENT_3D('',#2396,#1654,#1655);
#1432=AXIS2_PLACEMENT_3D('',#2398,#1657,#1658);
#1433=AXIS2_PLACEMENT_3D('',#2400,#1660,#1661);
#1434=AXIS2_PLACEMENT_3D('',#2401,#1662,#1663);
#1435=AXIS2_PLACEMENT_3D('',#2402,#1664,#1665);
#1436=AXIS2_PLACEMENT_3D('',#2403,#1666,#1667);
#1437=AXIS2_PLACEMENT_3D('',#2412,#1672,#1673);
#1438=AXIS2_PLACEMENT_3D('',#2421,#1678,#1679);
#1439=AXIS2_PLACEMENT_3D('',#2430,#1684,#1685);
#1440=AXIS2_PLACEMENT_3D('',#2439,#1690,#1691);
#1441=AXIS2_PLACEMENT_3D('',#2448,#1696,#1697);
#1442=AXIS2_PLACEMENT_3D('',#2454,#1701,#1702);
#1443=AXIS2_PLACEMENT_3D('',#2458,#1705,#1706);
#1444=AXIS2_PLACEMENT_3D('',#2462,#1709,#1710);
#1445=AXIS2_PLACEMENT_3D('',#2468,#1714,#1715);
#1446=AXIS2_PLACEMENT_3D('',#2472,#1718,#1719);
#1447=AXIS2_PLACEMENT_3D('',#2476,#1722,#1723);
#1448=AXIS2_PLACEMENT_3D('',#2487,#1730,#1731);
#1449=AXIS2_PLACEMENT_3D('',#2493,#1735,#1736);
#1450=AXIS2_PLACEMENT_3D('',#2497,#1739,#1740);
#1451=AXIS2_PLACEMENT_3D('',#2501,#1743,#1744);
#1452=AXIS2_PLACEMENT_3D('',#2503,#1746,#1747);
#1453=AXIS2_PLACEMENT_3D('',#2509,#1751,#1752);
#1454=AXIS2_PLACEMENT_3D('',#2513,#1755,#1756);
#1455=AXIS2_PLACEMENT_3D('',#2517,#1759,#1760);
#1456=AXIS2_PLACEMENT_3D('',#2523,#1764,#1765);
#1457=AXIS2_PLACEMENT_3D('',#2527,#1768,#1769);
#1458=AXIS2_PLACEMENT_3D('',#2531,#1772,#1773);
#1459=AXIS2_PLACEMENT_3D('',#2542,#1780,#1781);
#1460=AXIS2_PLACEMENT_3D('',#2548,#1785,#1786);
#1461=AXIS2_PLACEMENT_3D('',#2556,#1791,#1792);
#1462=AXIS2_PLACEMENT_3D('',#2560,#1795,#1796);
#1463=AXIS2_PLACEMENT_3D('',#2566,#1800,#1801);
#1464=AXIS2_PLACEMENT_3D('',#2574,#1806,#1807);
#1465=AXIS2_PLACEMENT_3D('',#2578,#1810,#1811);
#1466=AXIS2_PLACEMENT_3D('',#2581,#1814,#1815);
#1467=AXIS2_PLACEMENT_3D('',#2584,#1818,#1819);
#1468=AXIS2_PLACEMENT_3D('',#2585,#1820,#1821);
#1469=DIRECTION('axis',(0.,0.,1.));
#1470=DIRECTION('refdir',(1.,0.,0.));
#1471=DIRECTION('center_axis',(0.,-1.,3.05452489179816E-30));
#1472=DIRECTION('ref_axis',(1.,0.,2.53315240358954E-46));
#1473=DIRECTION('center_axis',(2.05207900048168E-16,-1.,3.05529137768845E-30));
#1474=DIRECTION('ref_axis',(1.,0.,2.53315240358954E-46));
#1475=DIRECTION('',(0.,1.,-3.05452489179816E-30));
#1476=DIRECTION('center_axis',(0.,-1.,3.05529137768845E-30));
#1477=DIRECTION('ref_axis',(1.,-3.52170046973666E-32,2.53315240358954E-46));
#1478=DIRECTION('center_axis',(-8.29103378515097E-17,1.,-3.05529137768845E-30));
#1479=DIRECTION('ref_axis',(-1.,-8.29103378515097E-17,0.));
#1480=DIRECTION('center_axis',(-2.05207900048168E-16,1.,-3.05529137768845E-30));
#1481=DIRECTION('ref_axis',(-1.,-2.05207900048168E-16,3.73654687291767E-46));
#1482=DIRECTION('',(-2.53315240358954E-46,3.05529137768845E-30,1.));
#1483=DIRECTION('',(1.,2.53832961099631E-16,-9.07212673371292E-10));
#1484=DIRECTION('',(-0.715813308369386,-5.93483232355148E-17,-0.698291706639335));
#1485=DIRECTION('',(1.,2.05207900048168E-16,-6.11487810983291E-17));
#1486=DIRECTION('center_axis',(2.05207900048168E-16,-1.,3.05529137768845E-30));
#1487=DIRECTION('ref_axis',(1.,0.,0.));
#1488=DIRECTION('center_axis',(1.,3.70074341541719E-16,-8.7736970445719E-46));
#1489=DIRECTION('ref_axis',(2.53315240358954E-46,-3.05529137768845E-30,
-1.));
#1490=DIRECTION('',(-3.70074341541719E-16,1.,0.));
#1491=DIRECTION('',(2.53315240358954E-46,-3.05529137768845E-30,-1.));
#1492=DIRECTION('',(-3.70074341541719E-16,1.,0.));
#1493=DIRECTION('center_axis',(6.11487810983291E-17,2.26295949010429E-32,
1.));
#1494=DIRECTION('ref_axis',(1.,2.05207900048168E-16,-6.11487810983291E-17));
#1495=DIRECTION('center_axis',(6.11487810983291E-17,2.26295949010429E-32,
1.));
#1496=DIRECTION('ref_axis',(1.,7.40924253735697E-18,0.));
#1497=DIRECTION('',(1.,2.05207900048168E-16,-6.11487810983291E-17));
#1498=DIRECTION('',(-3.70074341541719E-16,1.,0.));
#1499=DIRECTION('center_axis',(-0.698291706639335,-2.58419843538595E-16,
0.715813308369386));
#1500=DIRECTION('ref_axis',(0.715813308369386,5.93483232355148E-17,0.698291706639335));
#1501=DIRECTION('center_axis',(-0.698291706639335,-2.58419843538595E-16,
0.715813308369386));
#1502=DIRECTION('ref_axis',(0.715813308369386,1.29476007092629E-16,0.698291706639335));
#1503=DIRECTION('center_axis',(-9.07212673371292E-10,-3.35736132736183E-25,
-1.));
#1504=DIRECTION('ref_axis',(-1.,-2.53832961099631E-16,9.07212673371292E-10));
#1505=DIRECTION('center_axis',(-9.07212673371292E-10,-3.35736132736183E-25,
-1.));
#1506=DIRECTION('ref_axis',(1.,1.96976512429684E-17,-9.07212679347695E-10));
#1507=DIRECTION('',(-1.,-2.53832961099631E-16,9.07212673371292E-10));
#1508=DIRECTION('center_axis',(-2.05207900048168E-16,1.,-3.05529137768845E-30));
#1509=DIRECTION('ref_axis',(-1.,-2.05207900048168E-16,3.73654687291767E-46));
#1510=DIRECTION('center_axis',(-2.00186266620895E-33,0.,-1.));
#1511=DIRECTION('ref_axis',(1.,7.40924253735697E-18,0.));
#1512=DIRECTION('center_axis',(0.,0.,1.));
#1513=DIRECTION('ref_axis',(-1.,-3.70462126867851E-18,0.));
#1514=DIRECTION('',(0.707106781186546,9.18347312651701E-17,0.707106781186549));
#1515=DIRECTION('center_axis',(0.,0.,-1.));
#1516=DIRECTION('ref_axis',(-1.,-3.70462126867848E-18,0.));
#1517=DIRECTION('center_axis',(0.,0.,1.));
#1518=DIRECTION('ref_axis',(-1.,-3.70462126867851E-18,0.));
#1519=DIRECTION('center_axis',(2.00186266620895E-33,0.,1.));
#1520=DIRECTION('ref_axis',(1.,7.40924253735697E-18,0.));
#1521=DIRECTION('center_axis',(0.,0.,1.));
#1522=DIRECTION('ref_axis',(-1.,-3.70462126867851E-18,0.));
#1523=DIRECTION('center_axis',(-2.00186266620895E-33,0.,-1.));
#1524=DIRECTION('ref_axis',(1.,0.,0.));
#1525=DIRECTION('center_axis',(0.,0.,-1.));
#1526=DIRECTION('ref_axis',(-1.,-3.70462126867847E-18,0.));
#1527=DIRECTION('center_axis',(3.68505479155132E-14,7.95190616258059E-14,
-1.));
#1528=DIRECTION('ref_axis',(0.976552485456878,-0.215279453613191,1.88532605936555E-14));
#1529=DIRECTION('',(-3.68505479155132E-14,-7.95190616258059E-14,1.));
#1530=DIRECTION('center_axis',(2.76915242872851E-12,3.50003333967573E-28,
1.));
#1531=DIRECTION('ref_axis',(0.976552485456878,-0.215279453613191,1.88532605936555E-14));
#1532=DIRECTION('',(3.68505479155132E-14,7.95190616258059E-14,-1.));
#1533=DIRECTION('center_axis',(1.,1.26393668451209E-16,3.68505479155132E-14));
#1534=DIRECTION('ref_axis',(-3.68505479155132E-14,0.,1.));
#1535=DIRECTION('',(1.26393668451209E-16,-1.,0.));
#1536=DIRECTION('',(1.10129106591678E-14,-0.955319003127926,-0.295576728215647));
#1537=DIRECTION('',(3.68505479155132E-14,0.,-1.));
#1538=DIRECTION('',(1.07714181124731E-14,0.95531900312794,-0.295576728215599));
#1539=DIRECTION('',(1.26393668451209E-16,-1.,0.));
#1540=DIRECTION('center_axis',(-0.482962913144598,-0.258819045102521,0.836516303737771));
#1541=DIRECTION('ref_axis',(0.737315856849155,0.395126376818733,0.547942034873121));
#1542=DIRECTION('center_axis',(0.467979346719146,0.250789376055646,-0.847407823838051));
#1543=DIRECTION('ref_axis',(0.746915777901794,0.400270959005646,0.530942539356246));
#1544=DIRECTION('center_axis',(-0.482962913144598,-0.258819045102521,0.836516303737771));
#1545=DIRECTION('ref_axis',(-0.866025403784401,-1.38777878078145E-17,-0.500000000000066));
#1546=DIRECTION('',(-0.866025403784401,-7.18024588157563E-17,-0.500000000000066));
#1547=DIRECTION('',(0.472347490481338,-0.881412416656348,-1.30800220047021E-12));
#1548=DIRECTION('center_axis',(-2.00186266620895E-33,0.,-1.));
#1549=DIRECTION('ref_axis',(1.,0.,0.));
#1550=DIRECTION('center_axis',(2.00186266620895E-33,0.,1.));
#1551=DIRECTION('ref_axis',(-1.,1.22464679914735E-16,2.00186266620895E-33));
#1552=DIRECTION('center_axis',(-1.22464679914735E-16,1.,2.45157470650538E-49));
#1553=DIRECTION('ref_axis',(-1.,-1.22464679914735E-16,0.));
#1554=DIRECTION('center_axis',(0.,0.,-1.));
#1555=DIRECTION('ref_axis',(-1.,-3.70462126867847E-18,0.));
#1556=DIRECTION('center_axis',(-3.01715669870765E-12,-3.81349503441801E-28,
1.));
#1557=DIRECTION('ref_axis',(-1.,0.,-3.01716310978501E-12));
#1558=DIRECTION('center_axis',(3.01715669870765E-12,3.81349503441801E-28,
-1.));
#1559=DIRECTION('ref_axis',(0.905074058171122,-0.425253982022104,2.73075025743752E-12));
#1560=DIRECTION('center_axis',(3.01715669870765E-12,3.81349503441801E-28,
-1.));
#1561=DIRECTION('ref_axis',(1.,8.29103378515097E-17,3.01715669870765E-12));
#1562=DIRECTION('',(-0.472347490481421,0.881412416656303,-1.42514639502377E-12));
#1563=DIRECTION('center_axis',(2.00186266620895E-33,0.,1.));
#1564=DIRECTION('ref_axis',(1.,7.40924253735697E-18,0.));
#1565=DIRECTION('center_axis',(2.00186266620895E-33,0.,1.));
#1566=DIRECTION('ref_axis',(-1.,1.22464679914735E-16,0.));
#1567=DIRECTION('',(2.00186266620895E-33,0.,1.));
#1568=DIRECTION('center_axis',(2.00186266620895E-33,0.,1.));
#1569=DIRECTION('ref_axis',(1.,0.,-2.00186266620895E-33));
#1570=DIRECTION('',(-2.00186266620895E-33,0.,-1.));
#1571=DIRECTION('center_axis',(2.76915242872851E-12,3.50003333967573E-28,
1.));
#1572=DIRECTION('ref_axis',(1.,7.40924253735697E-18,0.));
#1573=DIRECTION('',(-2.00186266620895E-33,0.,-1.));
#1574=DIRECTION('center_axis',(2.00186266620895E-33,0.,1.));
#1575=DIRECTION('ref_axis',(1.,0.,-2.00186266620895E-33));
#1576=DIRECTION('center_axis',(-2.00186266620895E-33,0.,-1.));
#1577=DIRECTION('ref_axis',(1.,0.,0.));
#1578=DIRECTION('center_axis',(-2.00186266620895E-33,0.,-1.));
#1579=DIRECTION('ref_axis',(-1.,1.22464679914735E-16,2.00186266620895E-33));
#1580=DIRECTION('center_axis',(-1.22464679914735E-16,1.,2.45157470650538E-49));
#1581=DIRECTION('ref_axis',(-1.,-1.22464679914735E-16,0.));
#1582=DIRECTION('center_axis',(2.00186266620895E-33,0.,1.));
#1583=DIRECTION('ref_axis',(1.,0.,-2.00186266620895E-33));
#1584=DIRECTION('center_axis',(-2.00186266620895E-33,0.,-1.));
#1585=DIRECTION('ref_axis',(1.,0.,0.));
#1586=DIRECTION('center_axis',(-2.00186266620895E-33,0.,-1.));
#1587=DIRECTION('ref_axis',(-1.,1.22464679914735E-16,0.));
#1588=DIRECTION('center_axis',(-1.22464679914735E-16,1.,2.45157470650538E-49));
#1589=DIRECTION('ref_axis',(-1.,-1.22464679914735E-16,0.));
#1590=DIRECTION('center_axis',(0.,0.,1.));
#1591=DIRECTION('ref_axis',(-1.,-3.70462126867847E-18,0.));
#1592=DIRECTION('center_axis',(2.00186266620895E-33,0.,1.));
#1593=DIRECTION('ref_axis',(1.,7.40924253735697E-18,0.));
#1594=DIRECTION('center_axis',(2.00186266620895E-33,0.,1.));
#1595=DIRECTION('ref_axis',(1.,0.,-2.00186266620895E-33));
#1596=DIRECTION('',(2.00186266620895E-33,0.,1.));
#1597=DIRECTION('center_axis',(-2.00186266620895E-33,0.,-1.));
#1598=DIRECTION('ref_axis',(1.,7.40924253735697E-18,0.));
#1599=DIRECTION('',(0.978147600733678,1.27035865644386E-16,0.207911690818358));
#1600=DIRECTION('center_axis',(2.00186266620895E-33,0.,1.));
#1601=DIRECTION('ref_axis',(1.,0.,-2.00186266620895E-33));
#1602=DIRECTION('center_axis',(2.00186266620895E-33,0.,1.));
#1603=DIRECTION('ref_axis',(1.,7.40924253735697E-18,0.));
#1604=DIRECTION('center_axis',(2.00186266620895E-33,0.,1.));
#1605=DIRECTION('ref_axis',(1.,0.,-2.00186266620895E-33));
#1606=DIRECTION('',(-0.978147600733523,-1.27035865644366E-16,0.20791169081909));
#1607=DIRECTION('center_axis',(0.907309513704012,-0.420463370987521,0.));
#1608=DIRECTION('ref_axis',(0.420463370987521,0.907309513704012,-1.16432716496147E-12));
#1609=DIRECTION('',(-0.420463370987521,-0.907309513704012,1.16432716496147E-12));
#1610=DIRECTION('center_axis',(2.00186266620895E-33,0.,1.));
#1611=DIRECTION('ref_axis',(-0.920628099481773,0.390440651629129,3.84483368802442E-33));
#1612=DIRECTION('center_axis',(0.,0.,-1.));
#1613=DIRECTION('ref_axis',(-1.,-3.70462126867847E-18,0.));
#1614=DIRECTION('center_axis',(2.00186266620895E-33,0.,1.));
#1615=DIRECTION('ref_axis',(1.,7.40924253735697E-18,0.));
#1616=DIRECTION('center_axis',(2.00186266620895E-33,0.,1.));
#1617=DIRECTION('ref_axis',(1.,0.,-2.00186266620895E-33));
#1618=DIRECTION('',(2.00186266620895E-33,0.,1.));
#1619=DIRECTION('center_axis',(2.00186266620895E-33,0.,1.));
#1620=DIRECTION('ref_axis',(1.,0.,-2.00186266620895E-33));
#1621=DIRECTION('center_axis',(2.00186266620895E-33,0.,1.));
#1622=DIRECTION('ref_axis',(1.,0.,-2.00186266620895E-33));
#1623=DIRECTION('center_axis',(2.00186266620895E-33,0.,1.));
#1624=DIRECTION('ref_axis',(1.,0.,-2.00186266620895E-33));
#1625=DIRECTION('center_axis',(2.00186266620895E-33,0.,1.));
#1626=DIRECTION('ref_axis',(1.,0.,-2.00186266620895E-33));
#1627=DIRECTION('center_axis',(2.00186266620895E-33,0.,1.));
#1628=DIRECTION('ref_axis',(1.,7.40924253735697E-18,0.));
#1629=DIRECTION('',(2.00186266620895E-33,0.,1.));
#1630=DIRECTION('center_axis',(2.00186266620895E-33,0.,1.));
#1631=DIRECTION('ref_axis',(1.,0.,-2.00186266620895E-33));
#1632=DIRECTION('center_axis',(-2.00186266620895E-33,0.,-1.));
#1633=DIRECTION('ref_axis',(-1.,0.,2.00186266620895E-33));
#1634=DIRECTION('center_axis',(2.00186266620895E-33,0.,1.));
#1635=DIRECTION('ref_axis',(1.,0.,-2.00186266620895E-33));
#1636=DIRECTION('center_axis',(2.00186266620895E-33,0.,1.));
#1637=DIRECTION('ref_axis',(1.,7.40924253735697E-18,0.));
#1638=DIRECTION('',(2.00186266620895E-33,0.,1.));
#1639=DIRECTION('center_axis',(2.00186266620895E-33,0.,1.));
#1640=DIRECTION('ref_axis',(1.,0.,-2.00186266620895E-33));
#1641=DIRECTION('center_axis',(2.00186266620895E-33,0.,1.));
#1642=DIRECTION('ref_axis',(1.,7.40924253735697E-18,0.));
#1643=DIRECTION('',(2.00186266620895E-33,0.,1.));
#1644=DIRECTION('center_axis',(-2.00186266620895E-33,0.,-1.));
#1645=DIRECTION('ref_axis',(-1.,0.,2.00186266620895E-33));
#1646=DIRECTION('center_axis',(2.00186266620895E-33,0.,1.));
#1647=DIRECTION('ref_axis',(-1.,1.22464679914735E-16,2.00186266620895E-33));
#1648=DIRECTION('center_axis',(-2.00186266620895E-33,0.,-1.));
#1649=DIRECTION('ref_axis',(1.,0.,0.));
#1650=DIRECTION('center_axis',(-1.22464679914735E-16,1.,2.45157470650538E-49));
#1651=DIRECTION('ref_axis',(-1.,-1.22464679914735E-16,0.));
#1652=DIRECTION('center_axis',(0.,-1.,0.));
#1653=DIRECTION('ref_axis',(1.,0.,0.));
#1654=DIRECTION('center_axis',(-8.29103378515097E-17,1.,-3.05529137768845E-30));
#1655=DIRECTION('ref_axis',(1.,0.,0.));
#1656=DIRECTION('',(0.,1.,0.));
#1657=DIRECTION('center_axis',(-0.48296291314428,-0.258819045102521,-0.836516303737955));
#1658=DIRECTION('ref_axis',(0.866025403784591,0.,-0.499999999999737));
#1659=DIRECTION('',(0.866025403784591,7.1802458815769E-17,-0.499999999999737));
#1660=DIRECTION('center_axis',(-2.00186266620895E-33,0.,-1.));
#1661=DIRECTION('ref_axis',(-0.947040106468944,-0.321115301316039,0.));
#1662=DIRECTION('center_axis',(2.76915242872851E-12,3.50003333967573E-28,
1.));
#1663=DIRECTION('ref_axis',(-1.,-2.74199671071117E-17,2.76915242872851E-12));
#1664=DIRECTION('center_axis',(8.29103378515097E-17,-1.,3.05529137768845E-30));
#1665=DIRECTION('ref_axis',(1.,8.29103378515097E-17,0.));
#1666=DIRECTION('center_axis',(2.00186266620895E-33,0.,1.));
#1667=DIRECTION('ref_axis',(1.,0.,-2.00186266620895E-33));
#1668=DIRECTION('',(0.,1.,0.));
#1669=DIRECTION('',(-1.,1.4017193293401E-33,2.00186266620895E-33));
#1670=DIRECTION('',(0.,-1.,0.));
#1671=DIRECTION('',(1.,-1.4017193293401E-33,-2.00186266620895E-33));
#1672=DIRECTION('center_axis',(2.00186266620895E-33,0.,1.));
#1673=DIRECTION('ref_axis',(1.,0.,-2.00186266620895E-33));
#1674=DIRECTION('',(0.,-1.,0.));
#1675=DIRECTION('',(-1.,1.42264974673594E-33,2.00186266620895E-33));
#1676=DIRECTION('',(0.,-1.,0.));
#1677=DIRECTION('',(1.,0.,0.));
#1678=DIRECTION('center_axis',(2.00186266620895E-33,0.,1.));
#1679=DIRECTION('ref_axis',(1.,0.,-2.00186266620895E-33));
#1680=DIRECTION('',(0.,1.,0.));
#1681=DIRECTION('',(1.,-1.40171932934016E-33,-2.00186266620895E-33));
#1682=DIRECTION('',(0.,1.,0.));
#1683=DIRECTION('',(1.,0.,0.));
#1684=DIRECTION('center_axis',(2.00186266620895E-33,0.,1.));
#1685=DIRECTION('ref_axis',(1.,0.,-2.00186266620895E-33));
#1686=DIRECTION('',(0.,1.,0.));
#1687=DIRECTION('',(-1.,3.00993485411574E-33,2.00186266620895E-33));
#1688=DIRECTION('',(0.,-1.,0.));
#1689=DIRECTION('',(1.,2.85895617651789E-33,-2.00186266620895E-33));
#1690=DIRECTION('center_axis',(2.00186266620895E-33,0.,1.));
#1691=DIRECTION('ref_axis',(1.,0.,-2.00186266620895E-33));
#1692=DIRECTION('',(1.,3.00993485411574E-33,-2.00186266620895E-33));
#1693=DIRECTION('',(0.,1.,0.));
#1694=DIRECTION('',(-1.,1.40171932934014E-33,2.00186266620895E-33));
#1695=DIRECTION('',(0.,-1.,0.));
#1696=DIRECTION('center_axis',(1.,0.,0.));
#1697=DIRECTION('ref_axis',(0.,0.,-1.));
#1698=DIRECTION('',(0.,-0.832657616519949,0.553788130652253));
#1699=DIRECTION('',(0.,-1.,5.50139716272268E-17));
#1700=DIRECTION('',(0.,-0.573576436351059,-0.819152044288983));
#1701=DIRECTION('center_axis',(0.,0.819152044288983,-0.573576436351059));
#1702=DIRECTION('ref_axis',(0.,0.573576436351059,0.819152044288983));
#1703=DIRECTION('',(1.,0.,0.));
#1704=DIRECTION('',(0.,0.573576436351059,0.819152044288983));
#1705=DIRECTION('center_axis',(-1.,0.,0.));
#1706=DIRECTION('ref_axis',(0.,0.,1.));
#1707=DIRECTION('',(0.,0.832657616519949,-0.553788130652253));
#1708=DIRECTION('',(0.,1.,-5.50139716272268E-17));
#1709=DIRECTION('center_axis',(1.,0.,0.));
#1710=DIRECTION('ref_axis',(0.,0.,-1.));
#1711=DIRECTION('',(0.,-1.,5.50139716272268E-17));
#1712=DIRECTION('',(0.,0.819152044288992,-0.573576436351046));
#1713=DIRECTION('',(0.,0.573576436351063,0.81915204428898));
#1714=DIRECTION('center_axis',(0.,-0.81915204428898,0.573576436351063));
#1715=DIRECTION('ref_axis',(0.,-0.573576436351063,-0.81915204428898));
#1716=DIRECTION('',(-1.,0.,0.));
#1717=DIRECTION('',(0.,-0.573576436351063,-0.81915204428898));
#1718=DIRECTION('center_axis',(-1.,0.,0.));
#1719=DIRECTION('ref_axis',(0.,0.,1.));
#1720=DIRECTION('',(0.,1.,-5.50139716272268E-17));
#1721=DIRECTION('',(0.,-0.819152044288992,0.573576436351046));
#1722=DIRECTION('center_axis',(0.,-5.50139716272268E-17,-1.));
#1723=DIRECTION('ref_axis',(0.,1.,-5.50139716272268E-17));
#1724=DIRECTION('',(-1.,0.,0.));
#1725=DIRECTION('',(0.,-1.,5.50139716272268E-17));
#1726=DIRECTION('',(1.,0.,0.));
#1727=DIRECTION('',(1.,0.,0.));
#1728=DIRECTION('',(0.,1.,-5.50139716272268E-17));
#1729=DIRECTION('',(-1.,0.,0.));
#1730=DIRECTION('center_axis',(1.,0.,0.));
#1731=DIRECTION('ref_axis',(0.,0.,-1.));
#1732=DIRECTION('',(0.,0.573576436351046,0.819152044288992));
#1733=DIRECTION('',(0.,-1.,5.50139716272268E-17));
#1734=DIRECTION('',(0.,-0.573576436351046,-0.819152044288992));
#1735=DIRECTION('center_axis',(0.,0.819152044288992,-0.573576436351046));
#1736=DIRECTION('ref_axis',(0.,0.573576436351046,0.819152044288992));
#1737=DIRECTION('',(1.,0.,0.));
#1738=DIRECTION('',(0.,0.573576436351046,0.819152044288992));
#1739=DIRECTION('center_axis',(0.,-0.819152044288992,0.573576436351046));
#1740=DIRECTION('ref_axis',(0.,-0.573576436351046,-0.819152044288992));
#1741=DIRECTION('',(-1.,0.,0.));
#1742=DIRECTION('',(0.,-0.573576436351046,-0.819152044288992));
#1743=DIRECTION('center_axis',(-1.,0.,0.));
#1744=DIRECTION('ref_axis',(0.,0.,1.));
#1745=DIRECTION('',(0.,1.,-5.50139716272268E-17));
#1746=DIRECTION('center_axis',(1.,0.,0.));
#1747=DIRECTION('ref_axis',(0.,0.,-1.));
#1748=DIRECTION('',(0.,-1.,5.50139716272268E-17));
#1749=DIRECTION('',(0.,-0.579281172342709,-0.815127795728533));
#1750=DIRECTION('',(0.,0.573576436351046,0.819152044288992));
#1751=DIRECTION('center_axis',(0.,0.815127795728533,-0.579281172342709));
#1752=DIRECTION('ref_axis',(0.,0.579281172342709,0.815127795728533));
#1753=DIRECTION('',(1.,0.,0.));
#1754=DIRECTION('',(0.,0.579281172342709,0.815127795728533));
#1755=DIRECTION('center_axis',(-1.,0.,0.));
#1756=DIRECTION('ref_axis',(0.,0.,1.));
#1757=DIRECTION('',(0.,1.,-5.50139716272268E-17));
#1758=DIRECTION('',(0.,-0.573576436351046,-0.819152044288992));
#1759=DIRECTION('center_axis',(1.,0.,0.));
#1760=DIRECTION('ref_axis',(0.,0.,-1.));
#1761=DIRECTION('',(0.,-0.819152044289003,0.573576436351031));
#1762=DIRECTION('',(0.,-1.,5.50139716272268E-17));
#1763=DIRECTION('',(0.,-0.832657616519949,-0.553788130652253));
#1764=DIRECTION('center_axis',(0.,-0.573576436351031,-0.819152044289003));
#1765=DIRECTION('ref_axis',(0.,0.819152044289003,-0.573576436351031));
#1766=DIRECTION('',(-1.,0.,0.));
#1767=DIRECTION('',(0.,0.819152044289003,-0.573576436351031));
#1768=DIRECTION('center_axis',(-1.,0.,0.));
#1769=DIRECTION('ref_axis',(0.,0.,1.));
#1770=DIRECTION('',(0.,0.832657616519949,0.553788130652253));
#1771=DIRECTION('',(0.,1.,-5.50139716272268E-17));
#1772=DIRECTION('center_axis',(0.,-5.50139716272268E-17,-1.));
#1773=DIRECTION('ref_axis',(0.,1.,-5.50139716272268E-17));
#1774=DIRECTION('',(1.,0.,0.));
#1775=DIRECTION('',(0.,-1.,5.50139716272268E-17));
#1776=DIRECTION('',(1.,0.,0.));
#1777=DIRECTION('',(1.,0.,0.));
#1778=DIRECTION('',(0.,1.,-5.50139716272268E-17));
#1779=DIRECTION('',(1.,0.,0.));
#1780=DIRECTION('center_axis',(0.707106781186548,-3.89007523976164E-17,
-0.707106781186548));
#1781=DIRECTION('ref_axis',(-0.707106781186548,0.,-0.707106781186548));
#1782=DIRECTION('',(-0.497542812164523,0.71056477546163,-0.497542812164523));
#1783=DIRECTION('',(0.484460983345807,-0.728419598329992,0.484460983345807));
#1784=DIRECTION('',(0.,1.,-5.50139716272268E-17));
#1785=DIRECTION('center_axis',(0.,-0.553788130652253,-0.83265761651995));
#1786=DIRECTION('ref_axis',(0.,0.832657616519949,-0.553788130652253));
#1787=DIRECTION('',(0.484460983345807,0.728419598329992,-0.484460983345807));
#1788=DIRECTION('',(0.,0.832657616519949,-0.553788130652253));
#1789=DIRECTION('',(1.,0.,0.));
#1790=DIRECTION('',(0.,-0.832657616519949,0.553788130652253));
#1791=DIRECTION('center_axis',(-0.707106781186548,-3.89007523976164E-17,
-0.707106781186548));
#1792=DIRECTION('ref_axis',(-0.707106781186548,0.,0.707106781186548));
#1793=DIRECTION('',(-0.497542812164523,-0.71056477546163,0.497542812164523));
#1794=DIRECTION('',(0.,-1.,5.50139716272268E-17));
#1795=DIRECTION('center_axis',(0.707106781186548,-3.89007523976164E-17,
-0.707106781186548));
#1796=DIRECTION('ref_axis',(-0.707106781186548,0.,-0.707106781186548));
#1797=DIRECTION('',(0.633687274224642,0.443712606279658,0.633687274224642));
#1798=DIRECTION('',(0.,1.,-5.50139716272268E-17));
#1799=DIRECTION('',(-0.484460983345808,-0.728419598329992,-0.484460983345807));
#1800=DIRECTION('center_axis',(0.,-0.819152044288992,0.573576436351046));
#1801=DIRECTION('ref_axis',(0.,-0.573576436351046,-0.819152044288992));
#1802=DIRECTION('',(0.633687274224642,-0.443712606279658,-0.633687274224642));
#1803=DIRECTION('',(0.,-0.573576436351046,-0.819152044288992));
#1804=DIRECTION('',(1.,0.,0.));
#1805=DIRECTION('',(0.,0.573576436351046,0.819152044288992));
#1806=DIRECTION('center_axis',(-0.707106781186548,-3.89007523976164E-17,
-0.707106781186548));
#1807=DIRECTION('ref_axis',(-0.707106781186548,0.,0.707106781186548));
#1808=DIRECTION('',(-0.484460983345808,0.728419598329992,0.484460983345807));
#1809=DIRECTION('',(0.,-1.,5.50139716272268E-17));
#1810=DIRECTION('center_axis',(-1.,0.,0.));
#1811=DIRECTION('ref_axis',(0.,0.,1.));
#1812=DIRECTION('',(0.,-0.819152044288992,0.573576436351046));
#1813=DIRECTION('',(0.,0.832657616519949,0.553788130652253));
#1814=DIRECTION('center_axis',(1.,0.,0.));
#1815=DIRECTION('ref_axis',(0.,0.,-1.));
#1816=DIRECTION('',(0.,-0.832657616519949,-0.553788130652253));
#1817=DIRECTION('',(0.,0.819152044288992,-0.573576436351046));
#1818=DIRECTION('center_axis',(0.,0.573576436351046,0.819152044288992));
#1819=DIRECTION('ref_axis',(0.,-0.819152044288992,0.573576436351046));
#1820=DIRECTION('center_axis',(0.,0.553788130652253,-0.83265761651995));
#1821=DIRECTION('ref_axis',(0.,0.832657616519949,0.553788130652253));
#1822=CARTESIAN_POINT('',(0.,0.,0.));
#1823=CARTESIAN_POINT('Origin',(10.4,2.6938,0.));
#1824=CARTESIAN_POINT('',(9.525,5.6938,-1.07156594925402E-16));
#1825=CARTESIAN_POINT('Origin',(10.4,5.6938,-9.16357467539447E-30));
#1826=CARTESIAN_POINT('',(9.525,6.6938,-1.07156594925406E-16));
#1827=CARTESIAN_POINT('',(9.525,2.6938,-1.07156594925393E-16));
#1828=CARTESIAN_POINT('Origin',(10.4,6.6938,-1.22180995671926E-29));
#1829=CARTESIAN_POINT('Origin',(10.4,6.6938,-2.04484434804098E-29));
#1830=CARTESIAN_POINT('Origin',(9.86102779268191,2.6938,4.68761690575192E-8));
#1831=CARTESIAN_POINT('',(6.65,2.6938,-2.25));
#1832=CARTESIAN_POINT('',(6.65,2.6938,2.25000009375234));
#1833=CARTESIAN_POINT('',(6.65,2.6938,-2.25));
#1834=CARTESIAN_POINT('',(11.1890541168682,2.6938,2.25000008963445));
#1835=CARTESIAN_POINT('',(6.65,2.6938,2.25000009375234));
#1836=CARTESIAN_POINT('',(12.7706311704845,2.6938,0.707106781186549));
#1837=CARTESIAN_POINT('Ctrl Pts',(11.1890541126327,2.6938,2.25000009375234));
#1838=CARTESIAN_POINT('Ctrl Pts',(11.9301650321707,2.6938,1.52947657431783));
#1839=CARTESIAN_POINT('Ctrl Pts',(12.7706311704845,2.6938,0.707106781186548));
#1840=CARTESIAN_POINT('',(12.7706311704845,2.6938,-0.707106781186546));
#1841=CARTESIAN_POINT('Ctrl Pts',(12.7706311704845,2.6938,0.70710678118655));
#1842=CARTESIAN_POINT('Ctrl Pts',(12.771698742843,2.6938,0.706062195069893));
#1843=CARTESIAN_POINT('Ctrl Pts',(12.7727618257147,2.6938,0.705017366643671));
#1844=CARTESIAN_POINT('Ctrl Pts',(12.8619714665665,2.6938,0.616952009812981));
#1845=CARTESIAN_POINT('Ctrl Pts',(12.9454491992631,2.6938,0.493965754670284));
#1846=CARTESIAN_POINT('Ctrl Pts',(13.0407172525862,2.6938,0.266706396906238));
#1847=CARTESIAN_POINT('Ctrl Pts',(13.0698235160386,2.6938,0.122552491573477));
#1848=CARTESIAN_POINT('Ctrl Pts',(13.0698235160386,2.6938,2.4980018054066E-15));
#1849=CARTESIAN_POINT('Ctrl Pts',(13.0698235160386,2.6938,-0.122552491573472));
#1850=CARTESIAN_POINT('Ctrl Pts',(13.0407172525862,2.6938,-0.266706396906233));
#1851=CARTESIAN_POINT('Ctrl Pts',(12.9454491992631,2.6938,-0.493965754670278));
#1852=CARTESIAN_POINT('Ctrl Pts',(12.8619714665665,2.6938,-0.616952009812975));
#1853=CARTESIAN_POINT('Ctrl Pts',(12.7727618257147,2.6938,-0.705017366643667));
#1854=CARTESIAN_POINT('Ctrl Pts',(12.771698742843,2.6938,-0.706062195069889));
#1855=CARTESIAN_POINT('Ctrl Pts',(12.7706311704845,2.6938,-0.707106781186546));
#1856=CARTESIAN_POINT('',(11.1890235286942,2.6938,-2.25));
#1857=CARTESIAN_POINT('',(12.7706311704845,2.6938,-0.707106781186546));
#1858=CARTESIAN_POINT('',(6.65,2.6938,-2.25));
#1859=CARTESIAN_POINT('',(9.525,2.6938,-1.07156594925393E-16));
#1860=CARTESIAN_POINT('Origin',(10.4,2.6938,0.));
#1861=CARTESIAN_POINT('Origin',(6.65,2.6938,2.25000009375234));
#1862=CARTESIAN_POINT('',(6.65,5.6938,-2.25));
#1863=CARTESIAN_POINT('',(6.65,2.6938,-2.25));
#1864=CARTESIAN_POINT('',(6.65,5.6938,2.25000009375234));
#1865=CARTESIAN_POINT('',(6.65,5.6938,-2.25));
#1866=CARTESIAN_POINT('',(6.65,2.6938,2.25000009375234));
#1867=CARTESIAN_POINT('Origin',(6.65,2.6938,-2.25));
#1868=CARTESIAN_POINT('',(11.1890235286942,2.69392743177971,-2.25));
#1869=CARTESIAN_POINT('',(10.0016065756142,5.6938,-2.25));
#1870=CARTESIAN_POINT('Origin',(-4.29710175763819E-33,1.41424310994388E-16,
-2.25));
#1871=CARTESIAN_POINT('',(6.65,5.6938,-2.25));
#1872=CARTESIAN_POINT('',(11.1890235286942,2.6938,-2.25));
#1873=CARTESIAN_POINT('Origin',(11.1890235286942,2.6938,-2.25));
#1874=CARTESIAN_POINT('Origin',(11.9753388758916,0.,-1.48293199591117));
#1875=CARTESIAN_POINT('Origin',(11.1890541168682,2.6938,2.25000008963445));
#1876=CARTESIAN_POINT('',(10.001606471233,5.6938,2.25000009071172));
#1877=CARTESIAN_POINT('Origin',(1.04408903744968E-8,0.,2.2500000997853));
#1878=CARTESIAN_POINT('',(6.65,5.6938,2.25000009375234));
#1879=CARTESIAN_POINT('Origin',(9.86102779268191,5.6938,4.68761690575192E-8));
#1880=CARTESIAN_POINT('',(11.7441994402578,5.6938,-0.707106781186546));
#1881=CARTESIAN_POINT('Ctrl Pts',(10.0016065756142,5.6938,-2.25));
#1882=CARTESIAN_POINT('Ctrl Pts',(10.8181678676765,5.6938,-1.54037300565042));
#1883=CARTESIAN_POINT('Ctrl Pts',(11.7441994402578,5.6938,-0.707106781186545));
#1884=CARTESIAN_POINT('',(11.7441994402578,5.6938,0.707106781186549));
#1885=CARTESIAN_POINT('Ctrl Pts',(11.7441994402578,5.6938,-0.707106781186546));
#1886=CARTESIAN_POINT('Ctrl Pts',(11.7498759059381,5.6938,-0.701998956285296));
#1887=CARTESIAN_POINT('Ctrl Pts',(11.7554482253819,5.6938,-0.696873366493493));
#1888=CARTESIAN_POINT('Ctrl Pts',(11.8524585632897,5.6938,-0.605719292253767));
#1889=CARTESIAN_POINT('Ctrl Pts',(11.9405948604361,5.6938,-0.483425553750636));
#1890=CARTESIAN_POINT('Ctrl Pts',(12.0389600174668,5.6938,-0.259184108980243));
#1891=CARTESIAN_POINT('Ctrl Pts',(12.0688643517274,5.6938,-0.119247134740246));
#1892=CARTESIAN_POINT('Ctrl Pts',(12.0688643517274,5.6938,2.4980018054066E-15));
#1893=CARTESIAN_POINT('Ctrl Pts',(12.0688643517274,5.6938,0.119247134740251));
#1894=CARTESIAN_POINT('Ctrl Pts',(12.0389600174668,5.6938,0.259184108980248));
#1895=CARTESIAN_POINT('Ctrl Pts',(11.9405948604361,5.6938,0.483425553750641));
#1896=CARTESIAN_POINT('Ctrl Pts',(11.8524585632897,5.6938,0.605719292253772));
#1897=CARTESIAN_POINT('Ctrl Pts',(11.7554482253819,5.6938,0.696873366493497));
#1898=CARTESIAN_POINT('Ctrl Pts',(11.7498759059381,5.6938,0.701998956285302));
#1899=CARTESIAN_POINT('Ctrl Pts',(11.7441994402578,5.6938,0.70710678118655));
#1900=CARTESIAN_POINT('Ctrl Pts',(11.7441994402578,5.6938,0.707106781186548));
#1901=CARTESIAN_POINT('Ctrl Pts',(10.8181678068134,5.6938,1.54037306041656));
#1902=CARTESIAN_POINT('Ctrl Pts',(10.0016064677342,5.6938,2.25000009375234));
#1903=CARTESIAN_POINT('Origin',(6.362816939924E-33,1.41424310994388E-16,
3.07499999999975));
#1904=CARTESIAN_POINT('',(-13.0516504294496,-1.55364472475176E-15,0.707106781186546));
#1905=CARTESIAN_POINT('Origin',(0.,-1.50529330297947E-15,0.707106781186549));
#1906=CARTESIAN_POINT('',(-8.19454364826352,-9.22833215310474E-16,5.5642135623726));
#1907=CARTESIAN_POINT('',(-10.6837572106364,-1.24611714447678E-15,3.07499999999975));
#1908=CARTESIAN_POINT('Origin',(0.,-8.92475534624003E-16,5.5642135623726));
#1909=CARTESIAN_POINT('',(5.98257367924625,-11.5997582347625,0.707106781186549));
#1910=CARTESIAN_POINT('Origin',(0.,-1.50529330297947E-15,0.707106781186549));
#1911=CARTESIAN_POINT('',(7.81185708222411,-7.65238410111477,2.82330598519179));
#1912=CARTESIAN_POINT('Ctrl Pts',(7.81185708222411,-7.65238410111477,2.82330598519179));
#1913=CARTESIAN_POINT('Ctrl Pts',(6.97790724874293,-9.45194779697776,2.15975259789571));
#1914=CARTESIAN_POINT('Ctrl Pts',(5.98257367924626,-11.5997582347625,0.707106781186549));
#1915=CARTESIAN_POINT('',(8.36799999999982,-5.12960387518966,3.94365354758881));
#1916=CARTESIAN_POINT('Ctrl Pts',(7.81185708222402,-7.65238410111453,2.82330598519123));
#1917=CARTESIAN_POINT('Ctrl Pts',(8.0008998740938,-7.24445243477747,2.97372268875442));
#1918=CARTESIAN_POINT('Ctrl Pts',(8.13813086599814,-6.8258380269821,3.14360208219634));
#1919=CARTESIAN_POINT('Ctrl Pts',(8.22731491274112,-6.42128059686875,3.32220820355837));
#1920=CARTESIAN_POINT('Ctrl Pts',(8.31954932071016,-6.00288609226054,3.50692318863804));
#1921=CARTESIAN_POINT('Ctrl Pts',(8.36799999999982,-5.56586629445313,3.71565255307303));
#1922=CARTESIAN_POINT('Ctrl Pts',(8.36799999999983,-5.1296038751898,3.94365354758908));
#1923=CARTESIAN_POINT('',(8.36799999999981,-4.53075002552906,4.24292199801106));
#1924=CARTESIAN_POINT('Ctrl Pts',(8.36799999999982,-5.12960387518966,3.94365354758881));
#1925=CARTESIAN_POINT('Ctrl Pts',(8.36799999999982,-4.82554142632266,4.10256373025756));
#1926=CARTESIAN_POINT('Ctrl Pts',(8.36799999999981,-4.53075002552906,4.24292199801106));
#1927=CARTESIAN_POINT('',(9.50035714939687,-0.542525414339971,4.24292199814421));
#1928=CARTESIAN_POINT('Origin',(8.70083638476268E-33,1.41424310994388E-16,
4.24292199799891));
#1929=CARTESIAN_POINT('',(10.6081086989462,1.19384234650614,3.08365049751181));
#1930=CARTESIAN_POINT('Ctrl Pts',(9.50035714939687,-0.54252541433997,4.24292199814421));
#1931=CARTESIAN_POINT('Ctrl Pts',(9.95806039940598,0.0031802291464669,3.81707549358658));
#1932=CARTESIAN_POINT('Ctrl Pts',(10.3327212115178,0.590816193329314,3.42465413742421));
#1933=CARTESIAN_POINT('Ctrl Pts',(10.6081086989462,1.19384234650614,3.08365049751181));
#1934=CARTESIAN_POINT('',(11.5,1.1938,2.19695983998478));
#1935=CARTESIAN_POINT('Ctrl Pts',(10.6081689330602,1.19380000010015,3.08362692792661));
#1936=CARTESIAN_POINT('Ctrl Pts',(11.0363041942912,1.19380000001268,2.65817720910725));
#1937=CARTESIAN_POINT('Ctrl Pts',(11.5,1.1938,2.19695983998478));
#1938=CARTESIAN_POINT('',(12.9969388893135,1.1938,0.707106781186549));
#1939=CARTESIAN_POINT('Ctrl Pts',(12.9969388893135,1.1938,0.707106781186548));
#1940=CARTESIAN_POINT('Ctrl Pts',(12.2031645568375,1.1938,1.49755367116904));
#1941=CARTESIAN_POINT('Ctrl Pts',(11.5,1.1938,2.19695983998478));
#1942=CARTESIAN_POINT('Origin',(0.,-1.50529330297947E-15,0.707106781186549));
#1943=CARTESIAN_POINT('Origin',(2.07089241331965E-34,1.41424310994388E-16,
2.4980018054066E-15));
#1944=CARTESIAN_POINT('',(12.9969388893135,1.1938,-0.707106781186546));
#1945=CARTESIAN_POINT('Ctrl Pts',(12.9969388893135,1.1938,-0.707106781186546));
#1946=CARTESIAN_POINT('Ctrl Pts',(12.9971408831686,1.1938,-0.706905634074603));
#1947=CARTESIAN_POINT('Ctrl Pts',(12.997342709431,1.1938,-0.706704482155391));
#1948=CARTESIAN_POINT('Ctrl Pts',(13.0849816753617,1.1938,-0.619283836804778));
#1949=CARTESIAN_POINT('Ctrl Pts',(13.1674907266644,1.1938,-0.496174583607664));
#1950=CARTESIAN_POINT('Ctrl Pts',(13.2621041581196,1.1938,-0.268286276602783));
#1951=CARTESIAN_POINT('Ctrl Pts',(13.2910378353384,1.1938,-0.123247316732375));
#1952=CARTESIAN_POINT('Ctrl Pts',(13.2910378353384,1.1938,2.4980018054066E-15));
#1953=CARTESIAN_POINT('Ctrl Pts',(13.2910378353384,1.1938,0.12324731673238));
#1954=CARTESIAN_POINT('Ctrl Pts',(13.2621041581196,1.1938,0.268286276602787));
#1955=CARTESIAN_POINT('Ctrl Pts',(13.1674907266644,1.1938,0.496174583607669));
#1956=CARTESIAN_POINT('Ctrl Pts',(13.0849816753617,1.1938,0.619283836804782));
#1957=CARTESIAN_POINT('Ctrl Pts',(12.997342709431,1.1938,0.706704482155395));
#1958=CARTESIAN_POINT('Ctrl Pts',(12.9971408831686,1.1938,0.706905634074606));
#1959=CARTESIAN_POINT('Ctrl Pts',(12.9969388893135,1.1938,0.707106781186549));
#1960=CARTESIAN_POINT('Origin',(0.,-1.50529330297947E-15,-0.707106781186546));
#1961=CARTESIAN_POINT('Origin',(2.36800000000009,-5.12960387518908,-3.38936860739089));
#1962=CARTESIAN_POINT('',(7.81185708222417,-7.6523841011142,-3.38936860739282));
#1963=CARTESIAN_POINT('',(7.81185708222417,-7.6523841011142,-3.38936860739089));
#1964=CARTESIAN_POINT('',(8.3680000000001,-5.12960387518908,-3.38936860739436));
#1965=CARTESIAN_POINT('Origin',(2.36800000000009,-5.12960387518908,-3.38936860739572));
#1966=CARTESIAN_POINT('',(8.3680000000001,-5.12960387518908,-3.38936860739067));
#1967=CARTESIAN_POINT('Origin',(8.36800000000009,0.,-3.38936860739436));
#1968=CARTESIAN_POINT('',(8.36800000000009,0.567611392366415,-3.38936860739436));
#1969=CARTESIAN_POINT('',(8.36800000000009,0.,-3.38936860739436));
#1970=CARTESIAN_POINT('',(8.36800000000009,1.1938,-3.19562517793862));
#1971=CARTESIAN_POINT('',(8.3680000000001,0.264478918071186,-3.48315812134178));
#1972=CARTESIAN_POINT('',(8.36799999999985,1.1938,3.21064188329217));
#1973=CARTESIAN_POINT('',(8.36799999999985,1.1938,3.38936860740564));
#1974=CARTESIAN_POINT('',(8.36799999999985,0.616146146994854,3.38936860740564));
#1975=CARTESIAN_POINT('',(8.36799999999985,1.01088621437124,3.26723560551968));
#1976=CARTESIAN_POINT('',(8.36799999999985,-3.73148552008238,3.38936860740564));
#1977=CARTESIAN_POINT('',(8.36799999999985,0.,3.38936860740564));
#1978=CARTESIAN_POINT('Ctrl Pts',(8.36799999999981,-4.53075002555332,4.24292199802416));
#1979=CARTESIAN_POINT('Ctrl Pts',(8.36799999999981,-4.61749421402523,4.20162071176263));
#1980=CARTESIAN_POINT('Ctrl Pts',(8.36799999999982,-4.71342006932116,4.13766811230276));
#1981=CARTESIAN_POINT('Ctrl Pts',(8.36799999999982,-4.78867908791747,4.03516058004841));
#1982=CARTESIAN_POINT('Ctrl Pts',(8.36799999999982,-4.80663887275615,4.00245534820534));
#1983=CARTESIAN_POINT('Ctrl Pts',(8.36799999999983,-4.82526129843195,3.94770847666484));
#1984=CARTESIAN_POINT('Ctrl Pts',(8.36799999999983,-4.8307624665887,3.91610272220854));
#1985=CARTESIAN_POINT('Ctrl Pts',(8.36799999999983,-4.83076246658884,3.88936860743088));
#1986=CARTESIAN_POINT('Ctrl Pts',(8.36799999999983,-4.83076246658896,3.86694861940128));
#1987=CARTESIAN_POINT('Ctrl Pts',(8.36799999999983,-4.82689409188677,3.84032419226678));
#1988=CARTESIAN_POINT('Ctrl Pts',(8.36799999999983,-4.81385807644084,3.79470103389637));
#1989=CARTESIAN_POINT('Ctrl Pts',(8.36799999999983,-4.80149386004562,3.76732918228628));
#1990=CARTESIAN_POINT('Ctrl Pts',(8.36799999999984,-4.75233928348099,3.68582509777404));
#1991=CARTESIAN_POINT('Ctrl Pts',(8.36799999999984,-4.68949483058842,3.62981716975698));
#1992=CARTESIAN_POINT('Ctrl Pts',(8.36799999999984,-4.53765632210999,3.53071106347197));
#1993=CARTESIAN_POINT('Ctrl Pts',(8.36799999999984,-4.41287185789397,3.48353681968687));
#1994=CARTESIAN_POINT('Ctrl Pts',(8.36799999999985,-4.12977743579946,3.40943267552506));
#1995=CARTESIAN_POINT('Ctrl Pts',(8.36799999999985,-3.91294835714552,3.38936860743088));
#1996=CARTESIAN_POINT('Ctrl Pts',(8.36799999999985,-3.73148552008238,3.38936860743088));
#1997=CARTESIAN_POINT('Ctrl Pts',(10.3221207878287,-3.19703199314417,-3.42594116160109));
#1998=CARTESIAN_POINT('Ctrl Pts',(10.7344706707543,-1.77707233692546,-2.74853379910589));
#1999=CARTESIAN_POINT('Ctrl Pts',(10.8565165906,-0.273483101656998,-2.21285842603488));
#2000=CARTESIAN_POINT('Ctrl Pts',(10.6785713415274,1.19439064617352,-1.86143344536371));
#2001=CARTESIAN_POINT('Ctrl Pts',(10.4008730849654,-3.23586088420581,-3.39248720235371));
#2002=CARTESIAN_POINT('Ctrl Pts',(10.8186202854886,-1.80610639525243,-2.7089139565889));
#2003=CARTESIAN_POINT('Ctrl Pts',(10.9440764882079,-0.289585908377548,-2.16730003433055));
#2004=CARTESIAN_POINT('Ctrl Pts',(10.7656251217559,1.19301300443379,-1.81159916575241));
#2005=CARTESIAN_POINT('Ctrl Pts',(10.5841479186383,-3.29917873322549,-3.37132499522115));
#2006=CARTESIAN_POINT('Ctrl Pts',(11.0141788829966,-1.84903923203389,-2.67815166378201));
#2007=CARTESIAN_POINT('Ctrl Pts',(11.1476332175816,-0.306083581039083,-2.12698036439362));
#2008=CARTESIAN_POINT('Ctrl Pts',(10.9690776695881,1.20636950239936,-1.7643692803295));
#2009=CARTESIAN_POINT('Ctrl Pts',(10.8989627697009,-3.32714267293767,-3.50434126541161));
#2010=CARTESIAN_POINT('Ctrl Pts',(11.3438023094824,-1.84753941204071,-2.80940554143307));
#2011=CARTESIAN_POINT('Ctrl Pts',(11.486151678571,-0.270061590524117,-2.25614210120013));
#2012=CARTESIAN_POINT('Ctrl Pts',(11.3071184252434,1.27790681956659,-1.8920067730101));
#2013=CARTESIAN_POINT('Ctrl Pts',(11.0273951238043,-3.26343421208209,-3.71606395738948));
#2014=CARTESIAN_POINT('Ctrl Pts',(11.4676831458177,-1.77620780882909,-3.03190062293742));
#2015=CARTESIAN_POINT('Ctrl Pts',(11.6032140130399,-0.196793628598205,-2.4896354857325));
#2016=CARTESIAN_POINT('Ctrl Pts',(11.4206062296338,1.34943100046144,-2.13329255664942));
#2017=CARTESIAN_POINT('Ctrl Pts',(11.0437659827828,-3.20705985561985,-3.84419931346997));
#2018=CARTESIAN_POINT('Ctrl Pts',(11.4748590422051,-1.72255657866393,-3.16679195097477));
#2019=CARTESIAN_POINT('Ctrl Pts',(11.602452503862,-0.150622378155999,-2.63111657790377));
#2020=CARTESIAN_POINT('Ctrl Pts',(11.4164188343769,1.38397290366682,-2.27969159723259));
#2021=CARTESIAN_POINT('',(11.437868750777,1.1938,-2.32412737529595));
#2022=CARTESIAN_POINT('',(10.6786429273086,1.1938,-1.86157486185573));
#2023=CARTESIAN_POINT('Ctrl Pts',(11.4378489966672,1.19380086916154,-2.32413802723787));
#2024=CARTESIAN_POINT('Ctrl Pts',(11.4378485578042,1.19379567100292,-2.29778301786648));
#2025=CARTESIAN_POINT('Ctrl Pts',(11.4357341385251,1.19378847359988,-2.27155402807232));
#2026=CARTESIAN_POINT('Ctrl Pts',(11.4316756809231,1.19378395377761,-2.24564336230986));
#2027=CARTESIAN_POINT('Ctrl Pts',(11.4274564987682,1.19377925495965,-2.21870657269005));
#2028=CARTESIAN_POINT('Ctrl Pts',(11.4211359906584,1.1937771328241,-2.19211266827171));
#2029=CARTESIAN_POINT('Ctrl Pts',(11.4128494317536,1.19377653142978,-2.16607987888029));
#2030=CARTESIAN_POINT('Ctrl Pts',(11.4083079887419,1.19377620183603,-2.15181262623472));
#2031=CARTESIAN_POINT('Ctrl Pts',(11.4031750894323,1.19377624851758,-2.13771404911943));
#2032=CARTESIAN_POINT('Ctrl Pts',(11.3974667908577,1.19377628707048,-2.12382231307791));
#2033=CARTESIAN_POINT('Ctrl Pts',(11.3870167781144,1.19377635764812,-2.09839112429848));
#2034=CARTESIAN_POINT('Ctrl Pts',(11.3747069626163,1.19377776448715,-2.07381187451596));
#2035=CARTESIAN_POINT('Ctrl Pts',(11.3606693488364,1.19377906774463,-2.05030388519757));
#2036=CARTESIAN_POINT('Ctrl Pts',(11.3468845990167,1.19378034752612,-2.02721935269783));
#2037=CARTESIAN_POINT('Ctrl Pts',(11.3314330275588,1.19378118241811,-2.00516676793818));
#2038=CARTESIAN_POINT('Ctrl Pts',(11.3143976825649,1.19378225178279,-1.98437886034881));
#2039=CARTESIAN_POINT('Ctrl Pts',(11.3049242984185,1.19378284645829,-1.97281866980006));
#2040=CARTESIAN_POINT('Ctrl Pts',(11.2949604439415,1.19378357902573,-1.96165011658305));
#2041=CARTESIAN_POINT('Ctrl Pts',(11.2845158016256,1.19378544101176,-1.95091851898282));
#2042=CARTESIAN_POINT('Ctrl Pts',(11.2726055893532,1.19378756426771,-1.93868108647202));
#2043=CARTESIAN_POINT('Ctrl Pts',(11.2601201486296,1.19379150548293,-1.927062933186));
#2044=CARTESIAN_POINT('Ctrl Pts',(11.2470830266023,1.19379768200896,-1.9161222387205));
#2045=CARTESIAN_POINT('Ctrl Pts',(11.2265353226169,1.19380741678234,-1.89887869748493));
#2046=CARTESIAN_POINT('Ctrl Pts',(11.204618192476,1.19382200565632,-1.88331560789222));
#2047=CARTESIAN_POINT('Ctrl Pts',(11.1815776286284,1.19383048350831,-1.86952595975257));
#2048=CARTESIAN_POINT('Ctrl Pts',(11.1607825372624,1.19383813513125,-1.85708021428965));
#2049=CARTESIAN_POINT('Ctrl Pts',(11.1390711849675,1.19384078219526,-1.84607933456148));
#2050=CARTESIAN_POINT('Ctrl Pts',(11.1166135935182,1.19383973576061,-1.83662522181687));
#2051=CARTESIAN_POINT('Ctrl Pts',(11.0921330871051,1.19383859506614,-1.82631950990658));
#2052=CARTESIAN_POINT('Ctrl Pts',(11.0669512294941,1.19383267255895,-1.81792901490339));
#2053=CARTESIAN_POINT('Ctrl Pts',(11.0413098525188,1.19382403450399,-1.81154721606608));
#2054=CARTESIAN_POINT('Ctrl Pts',(11.0174711325974,1.19381600372728,-1.80561407467418));
#2055=CARTESIAN_POINT('Ctrl Pts',(10.9932341585239,1.19380557223052,-1.80141724788007));
#2056=CARTESIAN_POINT('Ctrl Pts',(10.9687883380787,1.19380601042745,-1.79907029085906));
#2057=CARTESIAN_POINT('Ctrl Pts',(10.9539331869389,1.19380627670944,-1.7976441001798));
#2058=CARTESIAN_POINT('Ctrl Pts',(10.9390008927222,1.1938108081368,-1.79690185430124));
#2059=CARTESIAN_POINT('Ctrl Pts',(10.9240331834534,1.19381708366559,-1.79684440501877));
#2060=CARTESIAN_POINT('Ctrl Pts',(10.8975376036871,1.193828192498,-1.79674270929374));
#2061=CARTESIAN_POINT('Ctrl Pts',(10.871120821801,1.19384167205776,-1.79878518072801));
#2062=CARTESIAN_POINT('Ctrl Pts',(10.8450179808548,1.19384600592569,-1.80292485655072));
#2063=CARTESIAN_POINT('Ctrl Pts',(10.8288261876305,1.19384869425733,-1.80549272933802));
#2064=CARTESIAN_POINT('Ctrl Pts',(10.8127551886621,1.19384817170777,-1.80886856269088));
#2065=CARTESIAN_POINT('Ctrl Pts',(10.7968637177855,1.19384482917315,-1.81305038550134));
#2066=CARTESIAN_POINT('Ctrl Pts',(10.7713883502839,1.19383947080838,-1.8197542000035));
#2067=CARTESIAN_POINT('Ctrl Pts',(10.7465341009646,1.19382572062919,-1.82848483039593));
#2068=CARTESIAN_POINT('Ctrl Pts',(10.7225340403834,1.19381383335857,-1.83919615143786));
#2069=CARTESIAN_POINT('Ctrl Pts',(10.7075502681471,1.19380641187082,-1.84588346767608));
#2070=CARTESIAN_POINT('Ctrl Pts',(10.6928995904757,1.19379999943296,-1.85334377451325));
#2071=CARTESIAN_POINT('Ctrl Pts',(10.6786429270915,1.19380000000883,-1.86157486197834));
#2072=CARTESIAN_POINT('',(10.3441860560746,-3.12000199089134,-3.38936860739984));
#2073=CARTESIAN_POINT('Origin',(-0.2414814565723,-0.129409522551261,-8.57571406552913));
#2074=CARTESIAN_POINT('',(11.2981908031242,-2.14496726692979,-3.38936860740248));
#2075=CARTESIAN_POINT('Ctrl Pts',(10.3441822822739,-3.12000153628607,-3.38937064554934));
#2076=CARTESIAN_POINT('Ctrl Pts',(10.3543558730155,-3.13898362006535,-3.38936982585648));
#2077=CARTESIAN_POINT('Ctrl Pts',(10.3658935332662,-3.15743967601966,-3.3893940285744));
#2078=CARTESIAN_POINT('Ctrl Pts',(10.3789898657047,-3.17463892324932,-3.38942188635452));
#2079=CARTESIAN_POINT('Ctrl Pts',(10.3913594961595,-3.19088380198387,-3.38944819833514));
#2080=CARTESIAN_POINT('Ctrl Pts',(10.4051201306146,-3.206007523203,-3.38947780576352));
#2081=CARTESIAN_POINT('Ctrl Pts',(10.4204013089019,-3.21936360976396,-3.38950064834145));
#2082=CARTESIAN_POINT('Ctrl Pts',(10.4212990610713,-3.22014826494299,-3.38950199031741));
#2083=CARTESIAN_POINT('Ctrl Pts',(10.4222020495843,-3.22092680987479,-3.38950331133827));
#2084=CARTESIAN_POINT('Ctrl Pts',(10.4231102961586,-3.22169910990558,-3.38950461028565));
#2085=CARTESIAN_POINT('Ctrl Pts',(10.4388502202273,-3.23508307873746,-3.38952712105939));
#2086=CARTESIAN_POINT('Ctrl Pts',(10.4559094497358,-3.24636545932676,-3.38953922977467));
#2087=CARTESIAN_POINT('Ctrl Pts',(10.4743331367872,-3.2550868341252,-3.38953526654394));
#2088=CARTESIAN_POINT('Ctrl Pts',(10.4826252367628,-3.25901213482923,-3.38953348278017));
#2089=CARTESIAN_POINT('Ctrl Pts',(10.491193260164,-3.262418274455,-3.38952868880553));
#2090=CARTESIAN_POINT('Ctrl Pts',(10.5000386917113,-3.26526142975057,-3.38952171815764));
#2091=CARTESIAN_POINT('Ctrl Pts',(10.5227357779241,-3.2725568726597,-3.3895038317046));
#2092=CARTESIAN_POINT('Ctrl Pts',(10.5460940447395,-3.27577142248396,-3.38947080094382));
#2093=CARTESIAN_POINT('Ctrl Pts',(10.5697941219291,-3.27534386938455,-3.3894550590814));
#2094=CARTESIAN_POINT('Ctrl Pts',(10.5736758730476,-3.27527384198723,-3.38945248077789));
#2095=CARTESIAN_POINT('Ctrl Pts',(10.5775668635385,-3.27510615843747,-3.38945044199476));
#2096=CARTESIAN_POINT('Ctrl Pts',(10.581465771003,-3.27484280119461,-3.38944917119032));
#2097=CARTESIAN_POINT('Ctrl Pts',(10.5833555819427,-3.27471515123031,-3.38944855522798));
#2098=CARTESIAN_POINT('Ctrl Pts',(10.5852431613286,-3.27456535977109,-3.38944815015171));
#2099=CARTESIAN_POINT('Ctrl Pts',(10.5871282777937,-3.27439391292707,-3.38944796389224));
#2100=CARTESIAN_POINT('Ctrl Pts',(10.6063985984011,-3.27264132325293,-3.38944605988268));
#2101=CARTESIAN_POINT('Ctrl Pts',(10.6254081290304,-3.26862503990465,-3.38946411360365));
#2102=CARTESIAN_POINT('Ctrl Pts',(10.6439263268817,-3.26289303217442,-3.38947761690388));
#2103=CARTESIAN_POINT('Ctrl Pts',(10.6559004520926,-3.2591866359677,-3.3894863483263));
#2104=CARTESIAN_POINT('Ctrl Pts',(10.6676700086051,-3.25476309034254,-3.38949391802453));
#2105=CARTESIAN_POINT('Ctrl Pts',(10.6791815179811,-3.24977238047665,-3.3895007972924));
#2106=CARTESIAN_POINT('Ctrl Pts',(10.6993626073926,-3.24102305328234,-3.38951285749368));
#2107=CARTESIAN_POINT('Ctrl Pts',(10.7190034098112,-3.23043073334643,-3.38952740078968));
#2108=CARTESIAN_POINT('Ctrl Pts',(10.7379277704959,-3.21852509254398,-3.38952633627363));
#2109=CARTESIAN_POINT('Ctrl Pts',(10.7577400209856,-3.20606086499374,-3.3895252218128));
#2110=CARTESIAN_POINT('Ctrl Pts',(10.7767671006058,-3.1921573985859,-3.38950718082617));
#2111=CARTESIAN_POINT('Ctrl Pts',(10.7948533491536,-3.17742761776926,-3.38948503097604));
#2112=CARTESIAN_POINT('Ctrl Pts',(10.8023706350015,-3.17130539885898,-3.38947582471337));
#2113=CARTESIAN_POINT('Ctrl Pts',(10.8097259176141,-3.16504047216578,-3.38946627974154));
#2114=CARTESIAN_POINT('Ctrl Pts',(10.8169101403476,-3.15867694787191,-3.38945880499689));
#2115=CARTESIAN_POINT('Ctrl Pts',(10.8463431210284,-3.1326062796101,-3.38942818177945));
#2116=CARTESIAN_POINT('Ctrl Pts',(10.8756688166891,-3.10238298374271,-3.3893942477743));
#2117=CARTESIAN_POINT('Ctrl Pts',(10.9045336732221,-3.06816912994058,-3.38939927288002));
#2118=CARTESIAN_POINT('Ctrl Pts',(10.9061688821234,-3.06623089760526,-3.38939955755483));
#2119=CARTESIAN_POINT('Ctrl Pts',(10.9078026037171,-3.06427985948777,-3.38939997832806));
#2120=CARTESIAN_POINT('Ctrl Pts',(10.9094347706007,-3.06231604546905,-3.38940054678825));
#2121=CARTESIAN_POINT('Ctrl Pts',(10.9392020178133,-3.02650026096617,-3.38941091429125));
#2122=CARTESIAN_POINT('Ctrl Pts',(10.9684555022236,-2.98643481885499,-3.38946740188864));
#2123=CARTESIAN_POINT('Ctrl Pts',(10.9969095355362,-2.9424035913512,-3.38952452598774));
#2124=CARTESIAN_POINT('Ctrl Pts',(11.0064749469653,-2.92760158412161,-3.38954372943438));
#2125=CARTESIAN_POINT('Ctrl Pts',(11.0159496709258,-2.91235142247289,-3.38956328861367));
#2126=CARTESIAN_POINT('Ctrl Pts',(11.0253218004312,-2.89666400571321,-3.3895822267104));
#2127=CARTESIAN_POINT('Ctrl Pts',(11.0523837159424,-2.85136677132306,-3.38963691024559));
#2128=CARTESIAN_POINT('Ctrl Pts',(11.0783038974246,-2.8029166787544,-3.38968947023551));
#2129=CARTESIAN_POINT('Ctrl Pts',(11.1028852682502,-2.75167072910707,-3.38971432259786));
#2130=CARTESIAN_POINT('Ctrl Pts',(11.1292451954315,-2.69671693866873,-3.38974097312385));
#2131=CARTESIAN_POINT('Ctrl Pts',(11.1540664607247,-2.63854759719899,-3.38973694743489));
#2132=CARTESIAN_POINT('Ctrl Pts',(11.1770669602383,-2.57759239658513,-3.38971290134643));
#2133=CARTESIAN_POINT('Ctrl Pts',(11.1998871654364,-2.51711500629741,-3.38968904374837));
#2134=CARTESIAN_POINT('Ctrl Pts',(11.2209155541327,-2.45389463612993,-3.38964717219623));
#2135=CARTESIAN_POINT('Ctrl Pts',(11.2398294653417,-2.3883495734107,-3.3896149173812));
#2136=CARTESIAN_POINT('Ctrl Pts',(11.2575079746607,-2.32708572431605,-3.38958476935724));
#2137=CARTESIAN_POINT('Ctrl Pts',(11.2733392444793,-2.26379052714121,-3.38956425305141));
#2138=CARTESIAN_POINT('Ctrl Pts',(11.2870153432875,-2.19881165305304,-3.38957041091082));
#2139=CARTESIAN_POINT('Ctrl Pts',(11.2907696441099,-2.1809739462734,-3.38957210133856));
#2140=CARTESIAN_POINT('Ctrl Pts',(11.2943612583328,-2.16300941658769,-3.38957571172236));
#2141=CARTESIAN_POINT('Ctrl Pts',(11.2977831640423,-2.14492540582848,-3.38958133655918));
#2142=CARTESIAN_POINT('Origin',(0.,0.,-8.99397221739802));
#2143=CARTESIAN_POINT('Origin',(11.5155696864442,-0.0337689343552977,-1.7581861222615));
#2144=CARTESIAN_POINT('',(11.5621934403311,1.1938,-1.35145673531948));
#2145=CARTESIAN_POINT('',(8.99147998393977,-0.595818096421859,-3.38936860739609));
#2146=CARTESIAN_POINT('Ctrl Pts',(10.1574356788279,1.34653028256217,2.13025579854567));
#2147=CARTESIAN_POINT('Ctrl Pts',(9.87220213647098,0.649435074092563,2.51061746911086));
#2148=CARTESIAN_POINT('Ctrl Pts',(9.44576321555699,-0.0314520826447547,
2.96748931433884));
#2149=CARTESIAN_POINT('Ctrl Pts',(8.90589737752068,-0.651777830821223,3.47111045568195));
#2150=CARTESIAN_POINT('Ctrl Pts',(10.2667374941486,1.27880713732253,2.088103980106));
#2151=CARTESIAN_POINT('Ctrl Pts',(9.97527140538597,0.569669827169767,2.4758537220807));
#2152=CARTESIAN_POINT('Ctrl Pts',(9.54125536326421,-0.119556420080333,2.9395428601449));
#2153=CARTESIAN_POINT('Ctrl Pts',(8.99387609269714,-0.745932591910458,3.44944750525485));
#2154=CARTESIAN_POINT('Ctrl Pts',(10.5409002202405,1.17381447397083,2.10127702930164));
#2155=CARTESIAN_POINT('Ctrl Pts',(10.2356584969286,0.439845852293971,2.50169669686));
#2156=CARTESIAN_POINT('Ctrl Pts',(9.78563694864965,-0.266519771870496,2.97676689901373));
#2157=CARTESIAN_POINT('Ctrl Pts',(9.22158220495438,-0.905865039715064,3.49654746558296));
#2158=CARTESIAN_POINT('Ctrl Pts',(10.8361746747302,1.20216362468388,2.37465955912733));
#2159=CARTESIAN_POINT('Ctrl Pts',(10.5250812622091,0.45206563932904,2.77633472703612));
#2160=CARTESIAN_POINT('Ctrl Pts',(10.0673961233209,-0.268274786442675,3.2517675227894));
#2161=CARTESIAN_POINT('Ctrl Pts',(9.49454006613551,-0.920459471917221,3.77117319323068));
#2162=CARTESIAN_POINT('Ctrl Pts',(10.8953354883982,1.35075459981701,2.6913494744371));
#2163=CARTESIAN_POINT('Ctrl Pts',(10.5946980660569,0.608328019861134,3.08315376148921));
#2164=CARTESIAN_POINT('Ctrl Pts',(10.1482707436481,-0.110291312423742,3.54966142205124));
#2165=CARTESIAN_POINT('Ctrl Pts',(9.58569070905965,-0.764516147859732,4.06096400107814));
#2166=CARTESIAN_POINT('Ctrl Pts',(10.8127939494301,1.46933653515255,2.84677860401824));
#2167=CARTESIAN_POINT('Ctrl Pts',(10.5242560834546,0.741669499616126,3.23069369742394));
#2168=CARTESIAN_POINT('Ctrl Pts',(10.0917596537082,0.0318472456157837,3.6903778216947));
#2169=CARTESIAN_POINT('Ctrl Pts',(9.54287225532014,-0.617454707827612,4.19620410879619));
#2170=CARTESIAN_POINT('Ctrl Pts',(10.7489623260969,1.52562244262376,2.90206734100793));
#2171=CARTESIAN_POINT('Ctrl Pts',(10.4668039115897,0.806861039111038,3.28242901157311));
#2172=CARTESIAN_POINT('Ctrl Pts',(10.0416532048981,0.10284538492375,3.73930085680109));
#2173=CARTESIAN_POINT('Ctrl Pts',(9.50035714939687,-0.54252541433997,4.24292199814421));
#2174=CARTESIAN_POINT('',(10.0925941731139,1.19380000003721,2.2149469731911));
#2175=CARTESIAN_POINT('Ctrl Pts',(10.0925743143202,1.19380529888912,2.21495679920052));
#2176=CARTESIAN_POINT('Ctrl Pts',(10.1173939959997,1.19380595079064,2.20062890410556));
#2177=CARTESIAN_POINT('Ctrl Pts',(10.1431193332448,1.19384562634678,2.18797133457663));
#2178=CARTESIAN_POINT('Ctrl Pts',(10.1695690688707,1.19388242881332,2.17714041459295));
#2179=CARTESIAN_POINT('Ctrl Pts',(10.1941257101355,1.19391659720658,2.16708469908908));
#2180=CARTESIAN_POINT('Ctrl Pts',(10.2193074716076,1.19394811235388,2.15860385309543));
#2181=CARTESIAN_POINT('Ctrl Pts',(10.2449496999829,1.19396130981412,2.15185676808241));
#2182=CARTESIAN_POINT('Ctrl Pts',(10.2682263215972,1.19397328975142,2.1457321309195));
#2183=CARTESIAN_POINT('Ctrl Pts',(10.2918826703874,1.19397014164392,2.14103645861758));
#2184=CARTESIAN_POINT('Ctrl Pts',(10.3157724310546,1.19395666770983,2.13791276109473));
#2185=CARTESIAN_POINT('Ctrl Pts',(10.3408976294598,1.19394249698322,2.13462752433105));
#2186=CARTESIAN_POINT('Ctrl Pts',(10.3661213060532,1.1939138548813,2.13310271604738));
#2187=CARTESIAN_POINT('Ctrl Pts',(10.3912504919629,1.19387204449464,2.13348057066667));
#2188=CARTESIAN_POINT('Ctrl Pts',(10.4147412462472,1.19383296015967,2.13383378903389));
#2189=CARTESIAN_POINT('Ctrl Pts',(10.4381498727447,1.19378221746905,2.13584992415055));
#2190=CARTESIAN_POINT('Ctrl Pts',(10.4612903688223,1.19374330625528,2.13967165892887));
#2191=CARTESIAN_POINT('Ctrl Pts',(10.4756037020739,1.19371923809495,2.14203555654359));
#2192=CARTESIAN_POINT('Ctrl Pts',(10.4898138712013,1.1937001417062,2.14509076901325));
#2193=CARTESIAN_POINT('Ctrl Pts',(10.5038697097568,1.19369677674241,2.14887604256812));
#2194=CARTESIAN_POINT('Ctrl Pts',(10.5097132469565,1.19369537780125,2.15044972219895));
#2195=CARTESIAN_POINT('Ctrl Pts',(10.5155109455527,1.19369661309973,2.15214458743463));
#2196=CARTESIAN_POINT('Ctrl Pts',(10.52125976633,1.19370113429972,2.15396143496154));
#2197=CARTESIAN_POINT('Ctrl Pts',(10.5462071782828,1.19372075436493,2.16184577254398));
#2198=CARTESIAN_POINT('Ctrl Pts',(10.5702362497713,1.19379965536006,2.17202521555291));
#2199=CARTESIAN_POINT('Ctrl Pts',(10.593149826291,1.19387698281065,2.18438694522234));
#2200=CARTESIAN_POINT('Ctrl Pts',(10.6136973063539,1.19394632529185,2.19547218081209));
#2201=CARTESIAN_POINT('Ctrl Pts',(10.6333479968288,1.19401480068657,2.20831312258867));
#2202=CARTESIAN_POINT('Ctrl Pts',(10.6519357656902,1.1940614308383,2.22284170495251));
#2203=CARTESIAN_POINT('Ctrl Pts',(10.6719580119705,1.1941116595876,2.23849150436436));
#2204=CARTESIAN_POINT('Ctrl Pts',(10.6904193753708,1.19413605595499,2.25584180037699));
#2205=CARTESIAN_POINT('Ctrl Pts',(10.7072198584575,1.19412256001653,2.2746633599361));
#2206=CARTESIAN_POINT('Ctrl Pts',(10.7246485340876,1.19410855944687,2.2941886827922));
#2207=CARTESIAN_POINT('Ctrl Pts',(10.7402907052652,1.19405371838536,2.3152980035256));
#2208=CARTESIAN_POINT('Ctrl Pts',(10.7540234001038,1.19398316159216,2.33777263745486));
#2209=CARTESIAN_POINT('Ctrl Pts',(10.755345945058,1.19397636652885,2.33993708617027));
#2210=CARTESIAN_POINT('Ctrl Pts',(10.756650765111,1.19396945466073,2.34211422093355));
#2211=CARTESIAN_POINT('Ctrl Pts',(10.7579377401906,1.19396246680497,2.34430386018317));
#2212=CARTESIAN_POINT('Ctrl Pts',(10.77080129488,1.19389262189019,2.36618971072075));
#2213=CARTESIAN_POINT('Ctrl Pts',(10.7817242003017,1.19381694024746,2.38904842684438));
#2214=CARTESIAN_POINT('Ctrl Pts',(10.7907016590471,1.19376295915675,2.41263920154002));
#2215=CARTESIAN_POINT('Ctrl Pts',(10.793646572042,1.19374525151587,2.42037778112377));
#2216=CARTESIAN_POINT('Ctrl Pts',(10.7963821522228,1.19373013749708,2.42819547719716));
#2217=CARTESIAN_POINT('Ctrl Pts',(10.7989081969062,1.19371932161019,2.43608472015878));
#2218=CARTESIAN_POINT('Ctrl Pts',(10.8066216690734,1.1936862944658,2.46017513170391));
#2219=CARTESIAN_POINT('Ctrl Pts',(10.8123837308106,1.19369054055386,2.48492987360554));
#2220=CARTESIAN_POINT('Ctrl Pts',(10.8163226039753,1.19371028507533,2.51010058963826));
#2221=CARTESIAN_POINT('Ctrl Pts',(10.8202138196456,1.19372979070249,2.53496675835305));
#2222=CARTESIAN_POINT('Ctrl Pts',(10.822302736588,1.1937668312072,2.56008619837637));
#2223=CARTESIAN_POINT('Ctrl Pts',(10.8227320884098,1.19379295136479,2.5852444979214));
#2224=CARTESIAN_POINT('Ctrl Pts',(10.823192007972,1.19382093114927,2.61219394479385));
#2225=CARTESIAN_POINT('Ctrl Pts',(10.8217479930745,1.19383659459584,2.63918848131688));
#2226=CARTESIAN_POINT('Ctrl Pts',(10.8185441981418,1.19383999562946,2.66600446846668));
#2227=CARTESIAN_POINT('Ctrl Pts',(10.8163809592151,1.19384229204619,2.6841109292358));
#2228=CARTESIAN_POINT('Ctrl Pts',(10.8134147496797,1.19383973042381,2.70213682100617));
#2229=CARTESIAN_POINT('Ctrl Pts',(10.8096815930158,1.19383955919808,2.72002056208054));
#2230=CARTESIAN_POINT('Ctrl Pts',(10.8060984183113,1.19383939485145,2.7371858124058));
#2231=CARTESIAN_POINT('Ctrl Pts',(10.8018119480545,1.19383963534671,2.75420107206032));
#2232=CARTESIAN_POINT('Ctrl Pts',(10.7968502994441,1.19384100893172,2.77101763012701));
#2233=CARTESIAN_POINT('Ctrl Pts',(10.7886108488905,1.19384328994487,2.79894367035082));
#2234=CARTESIAN_POINT('Ctrl Pts',(10.7785127391822,1.19384764506666,2.82632165794007));
#2235=CARTESIAN_POINT('Ctrl Pts',(10.7667837199003,1.19384681091864,2.85299430705268));
#2236=CARTESIAN_POINT('Ctrl Pts',(10.75768367623,1.19384616373892,2.87368847302643));
#2237=CARTESIAN_POINT('Ctrl Pts',(10.7476007270649,1.19384299773675,2.8939584573414));
#2238=CARTESIAN_POINT('Ctrl Pts',(10.7366211539073,1.19384105803719,2.91373266099851));
#2239=CARTESIAN_POINT('Ctrl Pts',(10.7210478220039,1.19383830678407,2.94178022097746));
#2240=CARTESIAN_POINT('Ctrl Pts',(10.7036594775155,1.19383163144839,2.96885245846343));
#2241=CARTESIAN_POINT('Ctrl Pts',(10.6846460965906,1.19382568445474,2.99473229272837));
#2242=CARTESIAN_POINT('Ctrl Pts',(10.6655260395489,1.193819704095,3.02075732790399));
#2243=CARTESIAN_POINT('Ctrl Pts',(10.6447621995683,1.19381522783775,3.045577518274));
#2244=CARTESIAN_POINT('Ctrl Pts',(10.6224999570458,1.19381763834565,3.06895289767643));
#2245=CARTESIAN_POINT('Ctrl Pts',(10.6177669772674,1.19381815082255,3.07392253170639));
#2246=CARTESIAN_POINT('Ctrl Pts',(10.6129661136842,1.19381895301151,3.07882676210014));
#2247=CARTESIAN_POINT('Ctrl Pts',(10.6080985162549,1.19382004919681,3.08366310638478));
#2248=CARTESIAN_POINT('',(9.13724918150345,-0.67682019894661,3.38936860742058));
#2249=CARTESIAN_POINT('Ctrl Pts',(9.50035714955351,-0.542525414153218,4.24292199799847));
#2250=CARTESIAN_POINT('Ctrl Pts',(9.50107479190021,-0.543035152562398,4.24217646127128));
#2251=CARTESIAN_POINT('Ctrl Pts',(9.50179006505544,-0.543544747548427,4.24142854721491));
#2252=CARTESIAN_POINT('Ctrl Pts',(9.52895467059117,-0.562957482414984,4.21283926322629));
#2253=CARTESIAN_POINT('Ctrl Pts',(9.55208636915818,-0.581629759235413,4.18178682114567));
#2254=CARTESIAN_POINT('Ctrl Pts',(9.59049651504095,-0.617583186577545,4.11467791975897));
#2255=CARTESIAN_POINT('Ctrl Pts',(9.60576689361002,-0.634811984942788,4.07877590096084));
#2256=CARTESIAN_POINT('Ctrl Pts',(9.63422888293655,-0.676836963922911,3.98067071828274));
#2257=CARTESIAN_POINT('Ctrl Pts',(9.64046912750671,-0.699685414831448,3.91625794708301));
#2258=CARTESIAN_POINT('Ctrl Pts',(9.62822302626219,-0.734828531139013,3.79098183786849));
#2259=CARTESIAN_POINT('Ctrl Pts',(9.6116568813185,-0.747477981798509,3.73130650841339));
#2260=CARTESIAN_POINT('Ctrl Pts',(9.55830041037446,-0.762089352100887,3.62145618113806));
#2261=CARTESIAN_POINT('Ctrl Pts',(9.52293332212012,-0.764271422009007,3.57229226300697));
#2262=CARTESIAN_POINT('Ctrl Pts',(9.43571364106162,-0.758133716540902,3.48754112724995));
#2263=CARTESIAN_POINT('Ctrl Pts',(9.38476981393128,-0.749681784374022,3.45346257348704));
#2264=CARTESIAN_POINT('Ctrl Pts',(9.27092074259391,-0.722400311906763,3.40407758365637));
#2265=CARTESIAN_POINT('Ctrl Pts',(9.2090804843473,-0.703332548332831,3.39081055408652));
#2266=CARTESIAN_POINT('Ctrl Pts',(9.14410733846367,-0.679382957691357,3.38940561182805));
#2267=CARTESIAN_POINT('Ctrl Pts',(9.1406756557159,-0.678106384721769,3.38936860743314));
#2268=CARTESIAN_POINT('Ctrl Pts',(9.13724918148978,-0.676820198983238,3.38936860743321));
#2269=CARTESIAN_POINT('',(8.99296650338919,-0.550057224857276,3.38936860740994));
#2270=CARTESIAN_POINT('Ctrl Pts',(9.13753005226762,-0.676687394887018,3.389847485702));
#2271=CARTESIAN_POINT('Ctrl Pts',(9.12019882844086,-0.670180704242986,3.38983958321271));
#2272=CARTESIAN_POINT('Ctrl Pts',(9.10348457413109,-0.66205920684355,3.38980734119587));
#2273=CARTESIAN_POINT('Ctrl Pts',(9.08762344089804,-0.652167228090225,3.38975760074127));
#2274=CARTESIAN_POINT('Ctrl Pts',(9.0678277614387,-0.639821424184406,3.38969552156439));
#2275=CARTESIAN_POINT('Ctrl Pts',(9.04992260481598,-0.625064679210683,3.38960566100989));
#2276=CARTESIAN_POINT('Ctrl Pts',(9.03406731453953,-0.607977805190991,3.38952481699212));
#2277=CARTESIAN_POINT('Ctrl Pts',(9.01897500166647,-0.591713174002832,3.38944786329473));
#2278=CARTESIAN_POINT('Ctrl Pts',(9.00610507353701,-0.573731194687284,3.38938236224833));
#2279=CARTESIAN_POINT('Ctrl Pts',(8.99531785736422,-0.554376010702147,3.3893745501716));
#2280=CARTESIAN_POINT('Ctrl Pts',(8.99451901953035,-0.55294267952559,3.3893739716551));
#2281=CARTESIAN_POINT('Ctrl Pts',(8.99373159149066,-0.551501798258033,3.38937371471256));
#2282=CARTESIAN_POINT('Ctrl Pts',(8.99295551114048,-0.550053497562623,3.38937380055871));
#2283=CARTESIAN_POINT('Ctrl Pts',(10.0925743143413,1.19380529893714,2.21495679917345));
#2284=CARTESIAN_POINT('Ctrl Pts',(9.82582232125144,0.587893152389627,2.55643600475348));
#2285=CARTESIAN_POINT('Ctrl Pts',(9.45313342841535,-0.00321157381622573,
2.95449647612133));
#2286=CARTESIAN_POINT('Ctrl Pts',(8.99295551113766,-0.550053497565964,3.38937380056137));
#2287=CARTESIAN_POINT('Origin',(-1.80410751284796E-32,1.41424310994388E-16,
-9.11559253181395));
#2288=CARTESIAN_POINT('',(-10.6328816330644,-1.16072813477012E-15,-4.11559253181395));
#2289=CARTESIAN_POINT('Origin',(-8.03176179743478E-33,1.41424310994388E-16,
-4.11559253181395));
#2290=CARTESIAN_POINT('',(-9.593323178969,-1.03341894143666E-15,-4.22485452814634));
#2291=CARTESIAN_POINT('Origin',(-10.6328816330644,-1.16072813477012E-15,
-9.11559253181395));
#2292=CARTESIAN_POINT('Origin',(0.,-1.06895857052278E-15,-4.22485452814634));
#2293=CARTESIAN_POINT('Origin',(7.99307105162242E-33,1.41424310994388E-16,
3.88936860740564));
#2294=CARTESIAN_POINT('Origin',(1.50857834943E-12,1.41424310994579E-16,
3.38936860738039));
#2295=CARTESIAN_POINT('Origin',(8.36799999999985,0.,3.38936860740564));
#2296=CARTESIAN_POINT('',(8.65352651847915,0.083346410055847,3.3893686074065));
#2297=CARTESIAN_POINT('Origin',(-6.17319714406199E-33,1.41424310994388E-16,
-3.18717487122964));
#2298=CARTESIAN_POINT('',(-11.5,-1.35212579720467E-15,-3.76559253181395));
#2299=CARTESIAN_POINT('Origin',(-7.33110986426165E-33,1.41424310994388E-16,
-3.76559253181395));
#2300=CARTESIAN_POINT('',(-11.5,-1.35212579720467E-15,-2.2587572106361));
#2301=CARTESIAN_POINT('',(-11.5,-1.35212579720467E-15,-3.18717487122964));
#2302=CARTESIAN_POINT('',(11.437868750777,1.1938,-2.2587572106361));
#2303=CARTESIAN_POINT('Origin',(-4.31463249067072E-33,1.41424310994388E-16,
-2.2587572106361));
#2304=CARTESIAN_POINT('',(11.437868750777,1.1938,-3.18717487122964));
#2305=CARTESIAN_POINT('',(7.20408686496912,-8.96387931879827,-3.38936860739114));
#2306=CARTESIAN_POINT('Origin',(-6.5779612358243E-33,1.41424310994388E-16,
-3.38936860739079));
#2307=CARTESIAN_POINT('',(7.20408686496912,-8.96387931879827,-2.2587572106361));
#2308=CARTESIAN_POINT('',(7.20408686496912,-8.96387931879827,-3.18717487122964));
#2309=CARTESIAN_POINT('Origin',(-4.31463249067072E-33,1.41424310994388E-16,
-2.2587572106361));
#2310=CARTESIAN_POINT('Origin',(-7.33110986426165E-33,1.41424310994388E-16,
-3.76559253181395));
#2311=CARTESIAN_POINT('',(-11.15,-1.22405687005491E-15,-4.11559253181395));
#2312=CARTESIAN_POINT('Origin',(-8.03176179743478E-33,1.41424310994388E-16,
-4.11559253181395));
#2313=CARTESIAN_POINT('Origin',(-11.15,-1.22405687005491E-15,-3.76559253181395));
#2314=CARTESIAN_POINT('Origin',(10.1073604567326,0.,-4.11559253181395));
#2315=CARTESIAN_POINT('Origin',(-1.29882330683691E-32,1.41424310994388E-16,
-6.59152225196838));
#2316=CARTESIAN_POINT('',(-10.2500000000114,-1.11383865813305E-15,-6.59152225196838));
#2317=CARTESIAN_POINT('Origin',(-1.29882330683691E-32,1.41424310994388E-16,
-6.59152225196838));
#2318=CARTESIAN_POINT('',(-9.96484820870602,-1.07891763528372E-15,-6.23938911570426));
#2319=CARTESIAN_POINT('Origin',(-9.89000000001142,-1.06975137336374E-15,
-6.59152225196838));
#2320=CARTESIAN_POINT('Origin',(0.,-1.11583362389684E-15,-6.23938911570426));
#2321=CARTESIAN_POINT('Origin',(-1.39060425554774E-32,1.41424310994388E-16,
-7.05000000001808));
#2322=CARTESIAN_POINT('',(-10.2500000000114,-1.18978339414104E-15,-7.80000000001808));
#2323=CARTESIAN_POINT('Origin',(-1.54074395551341E-32,1.41424310994388E-16,
-7.80000000001808));
#2324=CARTESIAN_POINT('',(-10.2500000000114,-1.18978339414104E-15,-7.05000000001808));
#2325=CARTESIAN_POINT('Origin',(-1.20429628673443E-32,1.41424310994388E-16,
-6.11932692259802));
#2326=CARTESIAN_POINT('',(-8.5500000000101,-9.68997725972313E-16,-5.93865384517796));
#2327=CARTESIAN_POINT('',(-9.4000000000101,-1.07939056005659E-15,-6.11932692259802));
#2328=CARTESIAN_POINT('Origin',(-1.1681280178868E-32,1.41424310994388E-16,
-5.93865384517796));
#2329=CARTESIAN_POINT('Origin',(-8.36309727797369E-33,1.41424310994388E-16,
-4.28110612379595));
#2330=CARTESIAN_POINT('',(-8.55000000001012,-9.68997725972315E-16,-4.44661971577796));
#2331=CARTESIAN_POINT('Origin',(-8.6944327585126E-33,1.41424310994388E-16,
-4.44661971577796));
#2332=CARTESIAN_POINT('',(-9.32868022837137,-1.07012798156548E-15,-4.28110612379595));
#2333=CARTESIAN_POINT('Origin',(5.78540728886166,-12.025219652147,-3.38936860738721));
#2334=CARTESIAN_POINT('',(5.78540728886167,-12.025219652147,2.4980018054066E-15));
#2335=CARTESIAN_POINT('Ctrl Pts',(5.98257367924625,-11.5997582347625,0.707106781186547));
#2336=CARTESIAN_POINT('Ctrl Pts',(5.96642392485614,-11.6346074673311,0.683536920915973));
#2337=CARTESIAN_POINT('Ctrl Pts',(5.95108928062826,-11.6676977899544,0.658661572901727));
#2338=CARTESIAN_POINT('Ctrl Pts',(5.89215182549754,-11.7948777476948,0.552609930561711));
#2339=CARTESIAN_POINT('Ctrl Pts',(5.84614410710301,-11.8941568846744,0.435750495667965));
#2340=CARTESIAN_POINT('Ctrl Pts',(5.79923375444334,-11.9953837981137,0.225585945407006));
#2341=CARTESIAN_POINT('Ctrl Pts',(5.78540728886166,-12.025219652147,0.104533131968119));
#2342=CARTESIAN_POINT('Ctrl Pts',(5.78540728886166,-12.025219652147,2.94902990916057E-15));
#2343=CARTESIAN_POINT('',(5.98257367924626,-11.5997582347625,-0.707106781186546));
#2344=CARTESIAN_POINT('Ctrl Pts',(5.78540728886166,-12.025219652147,2.70616862252382E-15));
#2345=CARTESIAN_POINT('Ctrl Pts',(5.78540728886166,-12.025219652147,-0.104533131968114));
#2346=CARTESIAN_POINT('Ctrl Pts',(5.79923375444334,-11.9953837981137,-0.225585945407001));
#2347=CARTESIAN_POINT('Ctrl Pts',(5.84614410710301,-11.8941568846744,-0.43575049566796));
#2348=CARTESIAN_POINT('Ctrl Pts',(5.89215182549754,-11.7948777476948,-0.552609930561706));
#2349=CARTESIAN_POINT('Ctrl Pts',(5.95108928062826,-11.6676977899544,-0.658661572901723));
#2350=CARTESIAN_POINT('Ctrl Pts',(5.96642392485614,-11.6346074673311,-0.683536920915972));
#2351=CARTESIAN_POINT('Ctrl Pts',(5.98257367924625,-11.5997582347625,-0.707106781186547));
#2352=CARTESIAN_POINT('Ctrl Pts',(5.98257367924626,-11.5997582347625,-0.707106781186545));
#2353=CARTESIAN_POINT('Ctrl Pts',(6.63192974354956,-10.1985257479943,-1.65481355936816));
#2354=CARTESIAN_POINT('Ctrl Pts',(7.20408686496913,-8.96387931879827,-2.2587572106361));
#2355=CARTESIAN_POINT('',(7.72235182221449,-7.84552571471684,-3.38936860739258));
#2356=CARTESIAN_POINT('Origin',(-2.05377162466938E-33,1.41424310994388E-16,
-1.12937860531805));
#2357=CARTESIAN_POINT('',(11.4835999999999,1.1938,-2.21327205842208));
#2358=CARTESIAN_POINT('Ctrl Pts',(12.9969388610555,1.19379999999888,-0.707106752809588));
#2359=CARTESIAN_POINT('Ctrl Pts',(12.6830419857012,1.19379999999888,-1.01968779612545));
#2360=CARTESIAN_POINT('Ctrl Pts',(11.9169041028383,1.19379999999888,-1.78229046030471));
#2361=CARTESIAN_POINT('Ctrl Pts',(11.4835999721056,1.19379999999888,-2.21327203039234));
#2362=CARTESIAN_POINT('Ctrl Pts',(11.4835999999999,1.1938,-2.21327205842208));
#2363=CARTESIAN_POINT('Ctrl Pts',(11.4606892452294,1.1938,-2.2360600088644));
#2364=CARTESIAN_POINT('Ctrl Pts',(11.437868750777,1.1938,-2.2587572106361));
#2365=CARTESIAN_POINT('Origin',(0.,-1.50529330297947E-15,-0.707106781186546));
#2366=CARTESIAN_POINT('Origin',(-1.14537607893557E-32,1.41424310994388E-16,
-5.82500000001023));
#2367=CARTESIAN_POINT('',(-6.54999999999853,-7.09249881066626E-16,-7.80000000001155));
#2368=CARTESIAN_POINT('Origin',(-1.5407439555121E-32,1.41424310994388E-16,
-7.80000000001155));
#2369=CARTESIAN_POINT('',(-6.54999999999853,-7.09249881066626E-16,-3.85000000000891));
#2370=CARTESIAN_POINT('',(-6.54999999999853,-7.09249881066626E-16,-5.82500000001023));
#2371=CARTESIAN_POINT('Origin',(-7.50008202359034E-33,1.41424310994388E-16,
-3.85000000000891));
#2372=CARTESIAN_POINT('Origin',(4.50000000000001,0.,-3.85000000000891));
#2373=CARTESIAN_POINT('',(-4.5,-4.43008340040028E-16,-3.85000000000891));
#2374=CARTESIAN_POINT('Origin',(-7.50008202359034E-33,1.41424310994388E-16,
-3.85000000000891));
#2375=CARTESIAN_POINT('Origin',(6.54999999999799,0.,-7.80000000001155));
#2376=CARTESIAN_POINT('Origin',(-1.49449402495457E-33,1.41424310994388E-16,
-0.850000000004453));
#2377=CARTESIAN_POINT('',(-4.5,-4.43008340040028E-16,2.15));
#2378=CARTESIAN_POINT('',(-4.5,-4.43008340040028E-16,-0.850000000004453));
#2379=CARTESIAN_POINT('Origin',(4.51109397368121E-33,1.41424310994388E-16,
2.15));
#2380=CARTESIAN_POINT('Origin',(6.5500000000007,0.,2.15));
#2381=CARTESIAN_POINT('',(-6.5500000000007,-7.09249881066907E-16,2.15));
#2382=CARTESIAN_POINT('Origin',(4.51109397368122E-33,1.41424310994388E-16,
2.15));
#2383=CARTESIAN_POINT('Origin',(8.5148193060987E-33,1.41424310994388E-16,
4.14999999999979));
#2384=CARTESIAN_POINT('',(-6.5500000000007,-7.09249881066907E-16,6.14999999999957));
#2385=CARTESIAN_POINT('',(-6.5500000000007,-7.09249881066907E-16,4.14999999999979));
#2386=CARTESIAN_POINT('Origin',(1.25185446385162E-32,1.41424310994388E-16,
6.14999999999957));
#2387=CARTESIAN_POINT('Origin',(-1.01878564686903E-32,1.41424310994388E-16,
-5.19263678047796));
#2388=CARTESIAN_POINT('',(-8.55000000001011,-9.68997725972314E-16,-5.19263678047796));
#2389=CARTESIAN_POINT('Origin',(7.60875721063662,0.,6.1499999999995));
#2390=CARTESIAN_POINT('',(-6.78033008589043,-6.88926642690433E-16,6.1499999999995));
#2391=CARTESIAN_POINT('Origin',(1.2518544638516E-32,1.41424310994388E-16,
6.1499999999995));
#2392=CARTESIAN_POINT('Origin',(8.51481930609813E-33,1.41424310994388E-16,
4.1499999999995));
#2393=CARTESIAN_POINT('Origin',(-6.78033008589043,-6.88926642690433E-16,
4.1499999999995));
#2394=CARTESIAN_POINT('Origin',(10.4,0.,0.));
#2395=CARTESIAN_POINT('',(9.525,1.1938,-1.07156594925397E-16));
#2396=CARTESIAN_POINT('Origin',(10.4,1.1938,0.));
#2397=CARTESIAN_POINT('',(9.525,0.,-1.07156594925393E-16));
#2398=CARTESIAN_POINT('Origin',(8.64437244275569,0.00877396562897573,3.4177265100918));
#2399=CARTESIAN_POINT('',(10.1326958644874,1.1938,2.19179425089317));
#2400=CARTESIAN_POINT('Origin',(2.07089241331965E-34,1.41424310994388E-16,
2.4980018054066E-15));
#2401=CARTESIAN_POINT('Origin',(8.6280000000001,7.12919144784904E-18,-3.38936860739508));
#2402=CARTESIAN_POINT('Origin',(11.063378605318,1.1938,5.66879876373605E-12));
#2403=CARTESIAN_POINT('Origin',(-0.0118084570118271,0.,-7.80000000001155));
#2404=CARTESIAN_POINT('',(-0.308,7.98173290724023,-7.80000000001808));
#2405=CARTESIAN_POINT('',(-0.308,8.47004274274482,-7.80000000001808));
#2406=CARTESIAN_POINT('',(-0.308,4.0866861298134,-7.80000000001155));
#2407=CARTESIAN_POINT('',(0.308,7.98173290724023,-7.80000000001808));
#2408=CARTESIAN_POINT('',(3.274999999999,7.9817329072448,-7.80000000001155));
#2409=CARTESIAN_POINT('',(0.308,8.47004274274482,-7.80000000001808));
#2410=CARTESIAN_POINT('',(0.308,4.0866861298134,-7.80000000001155));
#2411=CARTESIAN_POINT('',(3.274999999999,8.47004274274939,-7.80000000001155));
#2412=CARTESIAN_POINT('Origin',(-0.0118084570118271,0.,-7.80000000001155));
#2413=CARTESIAN_POINT('',(-0.308,10.2500000000127,-7.80000000001808));
#2414=CARTESIAN_POINT('',(-0.308,9.88961881703468,-7.80000000001808));
#2415=CARTESIAN_POINT('',(-0.308,10.2500000000127,-7.80000000001808));
#2416=CARTESIAN_POINT('',(0.308,9.88961881703468,-7.80000000001808));
#2417=CARTESIAN_POINT('',(3.274999999999,9.88961881703932,-7.80000000001155));
#2418=CARTESIAN_POINT('',(0.308,10.2500000000127,-7.80000000001808));
#2419=CARTESIAN_POINT('',(0.308,5.00825484141006,-7.80000000001155));
#2420=CARTESIAN_POINT('',(0.,10.2500000000127,-7.80000000001808));
#2421=CARTESIAN_POINT('Origin',(-0.0118084570118271,0.,-7.80000000001155));
#2422=CARTESIAN_POINT('',(0.308,-10.2500000000127,-7.80000000001808));
#2423=CARTESIAN_POINT('',(0.308,-8.85859579320856,-7.80000000001808));
#2424=CARTESIAN_POINT('',(0.308,10.2500000000127,-7.80000000001808));
#2425=CARTESIAN_POINT('',(-0.308,-8.85859579320856,-7.80000000001808));
#2426=CARTESIAN_POINT('',(3.274999999999,-8.85859579320399,-7.80000000001155));
#2427=CARTESIAN_POINT('',(-0.308,-10.2500000000127,-7.80000000001808));
#2428=CARTESIAN_POINT('',(-0.308,-4.77714894830532,-7.80000000001155));
#2429=CARTESIAN_POINT('',(0.,-10.2500000000127,-7.80000000001808));
#2430=CARTESIAN_POINT('Origin',(-0.0118084570118271,0.,-7.80000000001155));
#2431=CARTESIAN_POINT('',(-0.308,6.54999999999799,-7.80000000001155));
#2432=CARTESIAN_POINT('',(-0.308,6.94999999999799,-7.80000000001808));
#2433=CARTESIAN_POINT('',(-0.308,3.37217178380295,-7.80000000001155));
#2434=CARTESIAN_POINT('',(0.308,6.54999999999799,-7.80000000001155));
#2435=CARTESIAN_POINT('',(3.274999999999,6.54999999999799,-7.80000000001155));
#2436=CARTESIAN_POINT('',(0.308,6.94999999999799,-7.80000000001808));
#2437=CARTESIAN_POINT('',(0.308,3.37217178380295,-7.80000000001155));
#2438=CARTESIAN_POINT('',(3.274999999999,6.94999999998867,-7.80000000001155));
#2439=CARTESIAN_POINT('Origin',(-0.0118084570118271,0.,-7.80000000001155));
#2440=CARTESIAN_POINT('',(-0.308,-6.54999999999799,-7.80000000001155));
#2441=CARTESIAN_POINT('',(0.308,-6.54999999999799,-7.80000000001155));
#2442=CARTESIAN_POINT('',(3.274999999999,-6.54999999999799,-7.80000000001155));
#2443=CARTESIAN_POINT('',(-0.308,-7.25207681452555,-7.80000000001808));
#2444=CARTESIAN_POINT('',(-0.308,-3.42039321986487,-7.80000000001155));
#2445=CARTESIAN_POINT('',(0.308,-7.25207681452555,-7.80000000001808));
#2446=CARTESIAN_POINT('',(3.274999999999,-7.25207681452098,-7.80000000001155));
#2447=CARTESIAN_POINT('',(0.308,-3.42039321986487,-7.80000000001155));
#2448=CARTESIAN_POINT('Origin',(-0.308,-6.84078643972975,-7.87500000001482));
#2449=CARTESIAN_POINT('',(-0.308,-6.32446493420248,-7.95000000001808));
#2450=CARTESIAN_POINT('',(-0.308,-6.54999999999799,-7.80000000001155));
#2451=CARTESIAN_POINT('',(-0.308,-7.35710794525701,-7.95000000001808));
#2452=CARTESIAN_POINT('',(-0.308,-8.43828211936558,-7.95000000001808));
#2453=CARTESIAN_POINT('',(-0.308,-7.25207681452555,-7.80000000001808));
#2454=CARTESIAN_POINT('Origin',(0.,-7.35710794525701,-7.95000000001808));
#2455=CARTESIAN_POINT('',(0.308,-7.35710794525701,-7.95000000001808));
#2456=CARTESIAN_POINT('',(0.,-7.35710794525701,-7.95000000001808));
#2457=CARTESIAN_POINT('',(0.308,-7.25207681452555,-7.80000000001808));
#2458=CARTESIAN_POINT('Origin',(0.308,-6.84078643972975,-7.87500000001482));
#2459=CARTESIAN_POINT('',(0.308,-6.32446493420248,-7.95000000001808));
#2460=CARTESIAN_POINT('',(0.308,-6.54999999999799,-7.80000000001155));
#2461=CARTESIAN_POINT('',(0.308,-8.43828211936558,-7.95000000001808));
#2462=CARTESIAN_POINT('Origin',(-0.308,-9.55429789661065,-7.87500000001808));
#2463=CARTESIAN_POINT('',(-0.308,-8.96362692394002,-7.95000000001808));
#2464=CARTESIAN_POINT('',(-0.308,-10.0357777990014,-7.95000000001808));
#2465=CARTESIAN_POINT('',(-0.308,-9.79503784780603,-7.95000000001808));
#2466=CARTESIAN_POINT('',(-0.308,-10.2500000000127,-7.80000000001808));
#2467=CARTESIAN_POINT('',(-0.308,-8.96362692394002,-7.95000000001808));
#2468=CARTESIAN_POINT('Origin',(0.,-8.85859579320856,-7.80000000001808));
#2469=CARTESIAN_POINT('',(0.308,-8.96362692394002,-7.95000000001808));
#2470=CARTESIAN_POINT('',(0.,-8.96362692394002,-7.95000000001808));
#2471=CARTESIAN_POINT('',(0.308,-8.96362692394002,-7.95000000001808));
#2472=CARTESIAN_POINT('Origin',(0.308,-9.55429789661065,-7.87500000001808));
#2473=CARTESIAN_POINT('',(0.308,-10.0357777990014,-7.95000000001808));
#2474=CARTESIAN_POINT('',(0.308,-9.79503784780603,-7.95000000001808));
#2475=CARTESIAN_POINT('',(0.308,-10.2500000000127,-7.80000000001808));
#2476=CARTESIAN_POINT('Origin',(0.,-10.0357777990014,-7.95000000001808));
#2477=CARTESIAN_POINT('',(-0.3368,-6.32446493420248,-7.95000000001808));
#2478=CARTESIAN_POINT('',(0.,-6.32446493420248,-7.95000000001808));
#2479=CARTESIAN_POINT('',(-0.3368,-10.0357777990014,-7.95000000001808));
#2480=CARTESIAN_POINT('',(-0.3368,-4.99059113193074,-7.95000000001808));
#2481=CARTESIAN_POINT('',(0.,-10.0357777990014,-7.95000000001808));
#2482=CARTESIAN_POINT('',(0.3368,-10.0357777990014,-7.95000000001808));
#2483=CARTESIAN_POINT('',(0.,-10.0357777990014,-7.95000000001808));
#2484=CARTESIAN_POINT('',(0.3368,-6.32446493420248,-7.95000000001808));
#2485=CARTESIAN_POINT('',(0.3368,-4.99059113193074,-7.95000000001808));
#2486=CARTESIAN_POINT('',(0.,-6.32446493420248,-7.95000000001808));
#2487=CARTESIAN_POINT('Origin',(-0.308,8.1733722596268,-7.87500000001808));
#2488=CARTESIAN_POINT('',(-0.308,8.36501161201337,-7.95000000001808));
#2489=CARTESIAN_POINT('',(-0.308,8.47004274274482,-7.80000000001808));
#2490=CARTESIAN_POINT('',(-0.308,7.87670177650878,-7.95000000001808));
#2491=CARTESIAN_POINT('',(-0.308,7.24891859691464,-7.95000000001808));
#2492=CARTESIAN_POINT('',(-0.308,7.98173290724023,-7.80000000001808));
#2493=CARTESIAN_POINT('Origin',(0.,7.87670177650878,-7.95000000001808));
#2494=CARTESIAN_POINT('',(0.308,7.87670177650878,-7.95000000001808));
#2495=CARTESIAN_POINT('',(0.,7.87670177650877,-7.95000000001808));
#2496=CARTESIAN_POINT('',(0.308,7.98173290724023,-7.80000000001808));
#2497=CARTESIAN_POINT('Origin',(0.,8.47004274274482,-7.80000000001808));
#2498=CARTESIAN_POINT('',(0.308,8.36501161201337,-7.95000000001808));
#2499=CARTESIAN_POINT('',(0.,8.36501161201337,-7.95000000001808));
#2500=CARTESIAN_POINT('',(0.308,8.47004274274482,-7.80000000001808));
#2501=CARTESIAN_POINT('Origin',(0.308,8.1733722596268,-7.87500000001808));
#2502=CARTESIAN_POINT('',(0.308,7.24891859691464,-7.95000000001808));
#2503=CARTESIAN_POINT('Origin',(-0.308,10.0165096828201,-7.87500000001808));
#2504=CARTESIAN_POINT('',(-0.308,10.1449688692813,-7.95000000001808));
#2505=CARTESIAN_POINT('',(-0.308,9.7830193656275,-7.95000000001808));
#2506=CARTESIAN_POINT('',(-0.308,8.1704873085113,-7.95000000001808));
#2507=CARTESIAN_POINT('',(-0.308,9.7830193656275,-7.95000000001808));
#2508=CARTESIAN_POINT('',(-0.308,3.50570646909246,-17.4318493630856));
#2509=CARTESIAN_POINT('Origin',(0.,9.7830193656275,-7.95000000001808));
#2510=CARTESIAN_POINT('',(0.308,9.7830193656275,-7.95000000001808));
#2511=CARTESIAN_POINT('',(0.,9.7830193656275,-7.95000000001808));
#2512=CARTESIAN_POINT('',(0.308,9.7830193656275,-7.95000000001808));
#2513=CARTESIAN_POINT('Origin',(0.308,10.0165096828201,-7.87500000001808));
#2514=CARTESIAN_POINT('',(0.308,10.1449688692813,-7.95000000001808));
#2515=CARTESIAN_POINT('',(0.308,8.1704873085113,-7.95000000001808));
#2516=CARTESIAN_POINT('',(0.308,3.50570646909246,-17.4318493630856));
#2517=CARTESIAN_POINT('Origin',(-0.308,6.7443435676059,-7.87500000001482));
#2518=CARTESIAN_POINT('',(-0.308,7.16422220100932,-7.95000000001808));
#2519=CARTESIAN_POINT('',(-0.308,6.94999999999799,-7.80000000001808));
#2520=CARTESIAN_POINT('',(-0.308,6.32446493420248,-7.95000000001808));
#2521=CARTESIAN_POINT('',(-0.308,6.53440425090419,-7.95000000001808));
#2522=CARTESIAN_POINT('',(-0.308,0.,-12.1563070628489));
#2523=CARTESIAN_POINT('Origin',(0.,6.94999999999799,-7.80000000001808));
#2524=CARTESIAN_POINT('',(0.308,7.16422220100932,-7.95000000001808));
#2525=CARTESIAN_POINT('',(0.,7.16422220100932,-7.95000000001808));
#2526=CARTESIAN_POINT('',(0.308,6.94999999999799,-7.80000000001808));
#2527=CARTESIAN_POINT('Origin',(0.308,6.7443435676059,-7.87500000001482));
#2528=CARTESIAN_POINT('',(0.308,6.32446493420248,-7.95000000001808));
#2529=CARTESIAN_POINT('',(0.308,0.,-12.1563070628489));
#2530=CARTESIAN_POINT('',(0.308,6.53440425090419,-7.95000000001808));
#2531=CARTESIAN_POINT('Origin',(0.,6.32446493420248,-7.95000000001808));
#2532=CARTESIAN_POINT('',(-0.3368,10.1449688692813,-7.95000000001808));
#2533=CARTESIAN_POINT('',(0.,10.1449688692813,-7.95000000001808));
#2534=CARTESIAN_POINT('',(-0.3368,6.32446493420248,-7.95000000001808));
#2535=CARTESIAN_POINT('',(-0.3368,3.18953023467121,-7.95000000001808));
#2536=CARTESIAN_POINT('',(0.,6.32446493420248,-7.95000000001808));
#2537=CARTESIAN_POINT('',(0.3368,6.32446493420248,-7.95000000001808));
#2538=CARTESIAN_POINT('',(0.,6.32446493420248,-7.95000000001808));
#2539=CARTESIAN_POINT('',(0.3368,10.1449688692813,-7.95000000001808));
#2540=CARTESIAN_POINT('',(0.3368,3.18953023467121,-7.95000000001808));
#2541=CARTESIAN_POINT('',(0.,10.1449688692813,-7.95000000001808));
#2542=CARTESIAN_POINT('Origin',(-1.1684,-4.99059113193074,-8.78160000001808));
#2543=CARTESIAN_POINT('',(-2.,-7.66048203418794,-9.61320000001808));
#2544=CARTESIAN_POINT('',(-4.9601171835081,-3.43299657883776,-12.5733171835262));
#2545=CARTESIAN_POINT('',(-2.,-3.8237321247707,-9.61320000001808));
#2546=CARTESIAN_POINT('',(-0.727810607657526,-5.73655424672952,-8.34101060767561));
#2547=CARTESIAN_POINT('',(-2.,-4.99059113193074,-9.61320000001808));
#2548=CARTESIAN_POINT('Origin',(0.,-6.32446493420248,-7.95000000001808));
#2549=CARTESIAN_POINT('',(2.,-3.8237321247707,-9.61320000001808));
#2550=CARTESIAN_POINT('',(0.727810607657526,-5.73655424672952,-8.34101060767561));
#2551=CARTESIAN_POINT('',(2.,0.,-12.1563070628489));
#2552=CARTESIAN_POINT('',(2.,-6.54999999999799,-7.80000000001155));
#2553=CARTESIAN_POINT('',(-2.,0.,-12.1563070628489));
#2554=CARTESIAN_POINT('',(0.,0.,-12.1563070628489));
#2555=CARTESIAN_POINT('',(-2.,-6.54999999999799,-7.80000000001155));
#2556=CARTESIAN_POINT('Origin',(1.1684,-4.99059113193074,-8.78160000001808));
#2557=CARTESIAN_POINT('',(2.,-7.66048203418794,-9.61320000001808));
#2558=CARTESIAN_POINT('',(4.9601171835081,-3.43299657883776,-12.5733171835262));
#2559=CARTESIAN_POINT('',(2.,-4.99059113193074,-9.61320000001808));
#2560=CARTESIAN_POINT('Origin',(-1.1684,3.18953023467121,-8.78160000001808));
#2561=CARTESIAN_POINT('',(-2.,8.98038369173089,-9.61320000001808));
#2562=CARTESIAN_POINT('',(-1.58096214156988,9.27379715899891,-9.19416214158796));
#2563=CARTESIAN_POINT('',(-2.,3.8237321247707,-9.61320000001808));
#2564=CARTESIAN_POINT('',(-2.,3.18953023467121,-9.61320000001808));
#2565=CARTESIAN_POINT('',(-2.65513784222089,2.83868841581079,-10.268337842239));
#2566=CARTESIAN_POINT('Origin',(0.,10.1449688692813,-7.95000000001808));
#2567=CARTESIAN_POINT('',(2.,8.98038369173089,-9.61320000001808));
#2568=CARTESIAN_POINT('',(1.58096214156988,9.27379715899891,-9.19416214158796));
#2569=CARTESIAN_POINT('',(2.,3.50570646909246,-17.4318493630856));
#2570=CARTESIAN_POINT('',(2.,3.50570646909246,-17.4318493630856));
#2571=CARTESIAN_POINT('',(-2.,3.50570646909246,-17.4318493630856));
#2572=CARTESIAN_POINT('',(0.,3.50570646909246,-17.4318493630856));
#2573=CARTESIAN_POINT('',(-2.,3.50570646909246,-17.4318493630856));
#2574=CARTESIAN_POINT('Origin',(1.1684,3.18953023467121,-8.78160000001808));
#2575=CARTESIAN_POINT('',(2.,3.8237321247707,-9.61320000001808));
#2576=CARTESIAN_POINT('',(2.65513784222089,2.83868841581079,-10.268337842239));
#2577=CARTESIAN_POINT('',(2.,3.18953023467121,-9.61320000001808));
#2578=CARTESIAN_POINT('Origin',(2.,0.0545955351399297,-12.6909246815518));
#2579=CARTESIAN_POINT('',(2.,-10.2500000000127,-7.80000000001808));
#2580=CARTESIAN_POINT('',(2.,0.,-12.1563070628489));
#2581=CARTESIAN_POINT('Origin',(-2.,0.0545955351399297,-12.6909246815518));
#2582=CARTESIAN_POINT('',(-2.,0.,-12.1563070628489));
#2583=CARTESIAN_POINT('',(-2.,-10.2500000000127,-7.80000000001808));
#2584=CARTESIAN_POINT('Origin',(0.,3.50570646909246,-17.4318493630856));
#2585=CARTESIAN_POINT('Origin',(0.,0.,-12.1563070628489));
#2586=UNCERTAINTY_MEASURE_WITH_UNIT(LENGTH_MEASURE(0.01),#2590,
'DISTANCE_ACCURACY_VALUE',
'Maximum model space distance between geometric entities at asserted c
onnectivities');
#2587=UNCERTAINTY_MEASURE_WITH_UNIT(LENGTH_MEASURE(0.01),#2590,
'DISTANCE_ACCURACY_VALUE',
'Maximum model space distance between geometric entities at asserted c
onnectivities');
#2588=(
GEOMETRIC_REPRESENTATION_CONTEXT(3)
GLOBAL_UNCERTAINTY_ASSIGNED_CONTEXT((#2586))
GLOBAL_UNIT_ASSIGNED_CONTEXT((#2590,#2592,#2593))
REPRESENTATION_CONTEXT('','3D')
);
#2589=(
GEOMETRIC_REPRESENTATION_CONTEXT(3)
GLOBAL_UNCERTAINTY_ASSIGNED_CONTEXT((#2587))
GLOBAL_UNIT_ASSIGNED_CONTEXT((#2590,#2592,#2593))
REPRESENTATION_CONTEXT('','3D')
);
#2590=(
LENGTH_UNIT()
NAMED_UNIT(*)
SI_UNIT(.MILLI.,.METRE.)
);
#2591=(
LENGTH_UNIT()
NAMED_UNIT(*)
SI_UNIT($,.METRE.)
);
#2592=(
NAMED_UNIT(*)
PLANE_ANGLE_UNIT()
SI_UNIT($,.RADIAN.)
);
#2593=(
NAMED_UNIT(*)
SI_UNIT($,.STERADIAN.)
SOLID_ANGLE_UNIT()
);
#2594=SHAPE_DEFINITION_REPRESENTATION(#2595,#2596);
#2595=PRODUCT_DEFINITION_SHAPE('',$,#2598);
#2596=SHAPE_REPRESENTATION('',(#1355),#2588);
#2597=PRODUCT_DEFINITION_CONTEXT('part definition',#2602,'design');
#2598=PRODUCT_DEFINITION('Cutterhead_Insert_CCW_08',
'Cutterhead_Insert_CCW_08',#2599,#2597);
#2599=PRODUCT_DEFINITION_FORMATION('',$,#2604);
#2600=PRODUCT_RELATED_PRODUCT_CATEGORY('Cutterhead_Insert_CCW_08',
'Cutterhead_Insert_CCW_08',(#2604));
#2601=APPLICATION_PROTOCOL_DEFINITION('international standard',
'automotive_design',2009,#2602);
#2602=APPLICATION_CONTEXT(
'Core Data for Automotive Mechanical Design Process');
#2603=PRODUCT_CONTEXT('part definition',#2602,'mechanical');
#2604=PRODUCT('Cutterhead_Insert_CCW_08','Cutterhead_Insert_CCW_08',$,(#2603));
#2605=PRESENTATION_STYLE_ASSIGNMENT((#2609));
#2606=PRESENTATION_STYLE_ASSIGNMENT((#2610));
#2607=PRESENTATION_STYLE_ASSIGNMENT((#2611));
#2608=PRESENTATION_STYLE_ASSIGNMENT((#2612));
#2609=SURFACE_STYLE_USAGE(.BOTH.,#2613);
#2610=SURFACE_STYLE_USAGE(.BOTH.,#2614);
#2611=SURFACE_STYLE_USAGE(.BOTH.,#2615);
#2612=SURFACE_STYLE_USAGE(.BOTH.,#2616);
#2613=SURFACE_SIDE_STYLE('',(#2617));
#2614=SURFACE_SIDE_STYLE('',(#2618));
#2615=SURFACE_SIDE_STYLE('',(#2619));
#2616=SURFACE_SIDE_STYLE('',(#2620));
#2617=SURFACE_STYLE_FILL_AREA(#2621);
#2618=SURFACE_STYLE_FILL_AREA(#2622);
#2619=SURFACE_STYLE_FILL_AREA(#2623);
#2620=SURFACE_STYLE_FILL_AREA(#2624);
#2621=FILL_AREA_STYLE('Steel - Satin',(#2625));
#2622=FILL_AREA_STYLE('Paint - Enamel Glossy (Blue)',(#2626));
#2623=FILL_AREA_STYLE('ABS (White)',(#2627));
#2624=FILL_AREA_STYLE('Brass - Polished',(#2628));
#2625=FILL_AREA_STYLE_COLOUR('Steel - Satin',#2629);
#2626=FILL_AREA_STYLE_COLOUR('Paint - Enamel Glossy (Blue)',#2630);
#2627=FILL_AREA_STYLE_COLOUR('ABS (White)',#2631);
#2628=FILL_AREA_STYLE_COLOUR('Brass - Polished',#2632);
#2629=COLOUR_RGB('Steel - Satin',0.627450980392157,0.627450980392157,0.627450980392157);
#2630=COLOUR_RGB('Paint - Enamel Glossy (Blue)',0.188235294117647,0.231372549019608,
0.588235294117647);
#2631=COLOUR_RGB('ABS (White)',0.964705882352941,0.964705882352941,0.952941176470588);
#2632=COLOUR_RGB('Brass - Polished',0.952941176470588,0.796078431372549,
0.486274509803922);
ENDSEC;
END-ISO-10303-21;
