ISO-10303-21;
HEADER;
/* Generated by software containing ST-Developer
 * from STEP Tools, Inc. (www.steptools.com) 
 */

FILE_DESCRIPTION(
/* description */ (''),
/* implementation_level */ '2;1');

FILE_NAME(
/* name */ 'Cutterhead_Insert_CW_08.step',
/* time_stamp */ '2026-01-21T18:39:39-08:00',
/* author */ (''),
/* organization */ (''),
/* preprocessor_version */ 'ST-DEVELOPER v20.1',
/* originating_system */ 'Autodesk Translation Framework v14.21.0.0',
/* authorisation */ '');

FILE_SCHEMA (('AUTOMOTIVE_DESIGN { 1 0 10303 214 3 1 1 }'));
ENDSEC;

DATA;
#10=MECHANICAL_DESIGN_GEOMETRIC_PRESENTATION_REPRESENTATION('',(#13,#14),
#2702);
#11=SHAPE_REPRESENTATION_RELATIONSHIP('SRR','None',#2709,#12);
#12=ADVANCED_BREP_SHAPE_REPRESENTATION('',(#15,#16),#2701);
#13=STYLED_ITEM('',(#2719),#15);
#14=STYLED_ITEM('',(#2720),#16);
#15=MANIFOLD_SOLID_BREP('Body1',#1359);
#16=MANIFOLD_SOLID_BREP('Body4',#1360);
#17=B_SPLINE_SURFACE_WITH_KNOTS('',3,3,((#2018,#2019,#2020,#2021),(#2022,
#2023,#2024,#2025),(#2026,#2027,#2028,#2029),(#2030,#2031,#2032,#2033),
(#2034,#2035,#2036,#2037),(#2038,#2039,#2040,#2041)),.UNSPECIFIED.,.F.,
 .F.,.F.,(4,1,1,4),(4,4),(0.,0.285714285714286,0.571428571428571,1.),(-0.774574406039735,
-0.371314337163704),.UNSPECIFIED.);
#18=B_SPLINE_SURFACE_WITH_KNOTS('',3,3,((#2167,#2168,#2169,#2170),(#2171,
#2172,#2173,#2174),(#2175,#2176,#2177,#2178),(#2179,#2180,#2181,#2182),
(#2183,#2184,#2185,#2186),(#2187,#2188,#2189,#2190),(#2191,#2192,#2193,
#2194)),.UNSPECIFIED.,.F.,.F.,.F.,(4,1,1,1,4),(4,4),(0.,0.285714285714286,
0.571428571428571,0.785714285714286,1.),(0.740858461216074,1.10538214910595),
 .UNSPECIFIED.);
#19=B_SPLINE_SURFACE_WITH_KNOTS('',3,3,((#2308,#2309,#2310,#2311,#2312),
(#2313,#2314,#2315,#2316,#2317),(#2318,#2319,#2320,#2321,#2322),(#2323,
#2324,#2325,#2326,#2327)),.UNSPECIFIED.,.F.,.F.,.F.,(4,4),(4,1,4),(0.84192104190014,
1.),(1.63531380713338,2.0903116842255,2.43156009204458),.UNSPECIFIED.);
#20=TOROIDAL_SURFACE('',#1394,12.344543648263,1.);
#21=TOROIDAL_SURFACE('',#1402,10.6328816330644,5.);
#22=TOROIDAL_SURFACE('',#1407,9.16228182204393,0.5);
#23=TOROIDAL_SURFACE('',#1415,11.15,0.35);
#24=TOROIDAL_SURFACE('',#1419,9.89000000001142,0.36);
#25=TOROIDAL_SURFACE('',#1447,6.78033008589043,2.);
#26=TOROIDAL_SURFACE('',#1452,12.344543648263,1.);
#27=CONICAL_SURFACE('',#1388,10.6837572106364,0.785398163397447);
#28=CONICAL_SURFACE('',#1425,9.4000000000101,1.36135681655496);
#29=CONICAL_SURFACE('',#1427,9.32868022837137,1.36135681655422);
#30=CONICAL_SURFACE('',#1430,12.6293786053181,0.785398163397449);
#31=ELLIPSE('',#1384,17.1494788811473,2.69947096854854);
#32=ELLIPSE('',#1399,13.5707975268798,11.5);
#33=ELLIPSE('',#1400,13.1497735917987,11.);
#34=FACE_BOUND('',#199,.T.);
#35=FACE_BOUND('',#205,.T.);
#36=FACE_BOUND('',#220,.T.);
#37=FACE_BOUND('',#229,.T.);
#38=FACE_BOUND('',#231,.T.);
#39=FACE_BOUND('',#234,.T.);
#40=FACE_BOUND('',#238,.T.);
#41=FACE_BOUND('',#245,.T.);
#42=FACE_BOUND('',#269,.T.);
#43=(
BOUNDED_CURVE()
B_SPLINE_CURVE(2,(#1876,#1877,#1878),.UNSPECIFIED.,.F.,.F.)
B_SPLINE_CURVE_WITH_KNOTS((3,3),(0.,0.220950421492352),.UNSPECIFIED.)
CURVE()
GEOMETRIC_REPRESENTATION_ITEM()
RATIONAL_B_SPLINE_CURVE((1.,1.00207985395909,1.))
REPRESENTATION_ITEM('')
);
#44=(
BOUNDED_CURVE()
B_SPLINE_CURVE(2,(#1902,#1903,#1904),.UNSPECIFIED.,.F.,.F.)
B_SPLINE_CURVE_WITH_KNOTS((3,3),(0.,0.23274986095443),.UNSPECIFIED.)
CURVE()
GEOMETRIC_REPRESENTATION_ITEM()
RATIONAL_B_SPLINE_CURVE((1.,1.00252658687553,1.00000000008583))
REPRESENTATION_ITEM('')
);
#45=(
BOUNDED_CURVE()
B_SPLINE_CURVE(2,(#1906,#1907,#1908),.UNSPECIFIED.,.F.,.F.)
B_SPLINE_CURVE_WITH_KNOTS((3,3),(0.,0.232749874957614),.UNSPECIFIED.)
CURVE()
GEOMETRIC_REPRESENTATION_ITEM()
RATIONAL_B_SPLINE_CURVE((1.,1.0025265871652,1.))
REPRESENTATION_ITEM('')
);
#46=(
BOUNDED_CURVE()
B_SPLINE_CURVE(2,(#1928,#1929,#1930),.UNSPECIFIED.,.F.,.F.)
B_SPLINE_CURVE_WITH_KNOTS((3,3),(0.,0.200279700859998),.UNSPECIFIED.)
CURVE()
GEOMETRIC_REPRESENTATION_ITEM()
RATIONAL_B_SPLINE_CURVE((1.,1.00352509109316,1.00333766480642))
REPRESENTATION_ITEM('')
);
#47=(
BOUNDED_CURVE()
B_SPLINE_CURVE(2,(#1932,#1933,#1934),.UNSPECIFIED.,.F.,.F.)
B_SPLINE_CURVE_WITH_KNOTS((3,3),(1.66026132057459,1.70196053958054),
 .UNSPECIFIED.)
CURVE()
GEOMETRIC_REPRESENTATION_ITEM()
RATIONAL_B_SPLINE_CURVE((1.13586727449066,1.11236887077109,1.08760438522923))
REPRESENTATION_ITEM('')
);
#48=(
BOUNDED_CURVE()
B_SPLINE_CURVE(2,(#1943,#1944,#1945),.UNSPECIFIED.,.F.,.F.)
B_SPLINE_CURVE_WITH_KNOTS((3,3),(0.438639323870142,0.506656348266243),
 .UNSPECIFIED.)
CURVE()
GEOMETRIC_REPRESENTATION_ITEM()
RATIONAL_B_SPLINE_CURVE((1.1779974874685,1.18838329452948,1.19771012060813))
REPRESENTATION_ITEM('')
);
#49=(
BOUNDED_CURVE()
B_SPLINE_CURVE(2,(#1955,#1956,#1957),.UNSPECIFIED.,.F.,.F.)
B_SPLINE_CURVE_WITH_KNOTS((3,3),(1.27198077098839,1.69337891100995),
 .UNSPECIFIED.)
CURVE()
GEOMETRIC_REPRESENTATION_ITEM()
RATIONAL_B_SPLINE_CURVE((1.09962911585383,1.06631776499984,1.))
REPRESENTATION_ITEM('')
);
#50=(
BOUNDED_CURVE()
B_SPLINE_CURVE(2,(#2449,#2450,#2451),.UNSPECIFIED.,.F.,.F.)
B_SPLINE_CURVE_WITH_KNOTS((3,3),(4.89895412190957E-9,0.329536427384991),
 .UNSPECIFIED.)
CURVE()
GEOMETRIC_REPRESENTATION_ITEM()
RATIONAL_B_SPLINE_CURVE((1.00000000021036,1.00707520070046,1.))
REPRESENTATION_ITEM('')
);
#51=(
BOUNDED_CURVE()
B_SPLINE_CURVE(2,(#2472,#2473,#2474),.UNSPECIFIED.,.F.,.F.)
B_SPLINE_CURVE_WITH_KNOTS((3,3),(0.244132255566957,0.250646964060793),
 .UNSPECIFIED.)
CURVE()
GEOMETRIC_REPRESENTATION_ITEM()
RATIONAL_B_SPLINE_CURVE((1.00536087500823,1.00535822518635,1.00535161647529))
REPRESENTATION_ITEM('')
);
#52=(
BOUNDED_CURVE()
B_SPLINE_CURVE(2,(#2475,#2476,#2477,#2478),.UNSPECIFIED.,.F.,.F.)
B_SPLINE_CURVE_WITH_KNOTS((3,1,3),(1239.46578294692,1297.75924976425,1393.99245765362),
 .UNSPECIFIED.)
CURVE()
GEOMETRIC_REPRESENTATION_ITEM()
RATIONAL_B_SPLINE_CURVE((7020.83473785,7178.34571434829,7593.99603652102,
7850.90781145319))
REPRESENTATION_ITEM('')
);
#53=B_SPLINE_CURVE_WITH_KNOTS('',3,(#1860,#1861,#1862,#1863,#1864,#1865,
#1866,#1867,#1868,#1869,#1870,#1871,#1872,#1873,#1874),.UNSPECIFIED.,.F.,
 .F.,(4,2,2,3,2,2,4),(-0.0743722367859501,-0.0739260007762985,-0.0367657474720424,
0.,0.0367657474720424,0.0739260007762985,0.0743722367859504),
 .UNSPECIFIED.);
#54=B_SPLINE_CURVE_WITH_KNOTS('',3,(#1909,#1910,#1911,#1912,#1913,#1914,
#1915,#1916,#1917,#1918,#1919,#1920,#1921,#1922,#1923),.UNSPECIFIED.,.F.,
 .F.,(4,2,2,3,2,2,4),(-0.0757091674288672,-0.0734601502199378,-0.0357741404220746,
0.,0.0357741404220746,0.0734601502199377,0.0757091674288668),
 .UNSPECIFIED.);
#55=B_SPLINE_CURVE_WITH_KNOTS('',3,(#1936,#1937,#1938,#1939),
 .UNSPECIFIED.,.F.,.F.,(4,4),(-1.10538214910595,-0.797152161178176),
 .UNSPECIFIED.);
#56=B_SPLINE_CURVE_WITH_KNOTS('',3,(#1947,#1948,#1949,#1950,#1951,#1952,
#1953),.UNSPECIFIED.,.F.,.F.,(4,3,4),(-0.135339790725868,0.,0.139968816488341),
 .UNSPECIFIED.);
#57=B_SPLINE_CURVE_WITH_KNOTS('',3,(#1967,#1968,#1969,#1970,#1971,#1972,
#1973,#1974,#1975,#1976,#1977,#1978,#1979,#1980,#1981),.UNSPECIFIED.,.F.,
 .F.,(4,2,2,3,2,2,4),(-0.0741099753732003,-0.0740245254582149,-0.0369741950197133,
0.,0.0369741950197132,0.0740245254582148,0.0741099753731998),
 .UNSPECIFIED.);
#58=B_SPLINE_CURVE_WITH_KNOTS('',3,(#1990,#1991,#1992,#1993,#1994,#1995,
#1996,#1997,#1998,#1999,#2000,#2001,#2002,#2003,#2004,#2005,#2006,#2007,
#2008),.UNSPECIFIED.,.F.,.F.,(4,2,2,3,2,2,2,2,4),(0.511911218686162,0.540733632590025,
0.550061634993277,0.558081869426574,0.564807865835456,0.572316577890599,
0.593361638564262,0.626712586626477,0.681151437745418),.UNSPECIFIED.);
#59=B_SPLINE_CURVE_WITH_KNOTS('',3,(#2044,#2045,#2046,#2047,#2048,#2049,
#2050,#2051,#2052,#2053,#2054,#2055,#2056,#2057,#2058,#2059,#2060,#2061,
#2062,#2063,#2064,#2065,#2066,#2067,#2068,#2069,#2070,#2071,#2072,#2073,
#2074,#2075,#2076,#2077,#2078,#2079,#2080,#2081,#2082,#2083,#2084,#2085,
#2086,#2087,#2088,#2089,#2090,#2091,#2092),.UNSPECIFIED.,.F.,.F.,(4,3,3,
3,3,3,3,3,3,3,3,3,3,3,3,3,4),(0.,0.00790660131070041,0.0161263227978503,
0.02063113560796,0.0288779626890069,0.0369762370753761,0.0414797011503435,
0.0466150817092441,0.0547089140255493,0.0620139428274563,0.0699769875215948,
0.0773802089776018,0.0818789728418377,0.0898426067335352,0.0947825101545625,
0.102701591783329,0.107645650780393),.UNSPECIFIED.);
#60=B_SPLINE_CURVE_WITH_KNOTS('',3,(#2096,#2097,#2098,#2099,#2100,#2101,
#2102,#2103,#2104,#2105,#2106,#2107,#2108,#2109,#2110,#2111,#2112,#2113,
#2114,#2115,#2116,#2117,#2118,#2119,#2120,#2121,#2122,#2123,#2124,#2125,
#2126,#2127,#2128,#2129,#2130,#2131,#2132,#2133,#2134,#2135,#2136,#2137,
#2138,#2139,#2140,#2141,#2142,#2143,#2144,#2145,#2146,#2147,#2148,#2149,
#2150,#2151,#2152,#2153,#2154,#2155,#2156,#2157,#2158,#2159,#2160,#2161,
#2162),.UNSPECIFIED.,.F.,.F.,(4,3,3,3,3,3,3,3,3,3,3,3,3,3,3,3,3,3,3,3,3,
3,4),(0.,0.00646076258398822,0.0125630241137015,0.0129215251679764,0.0191343527548048,
0.0219306110356663,0.0291057177486106,0.0302809028877199,0.0308505182869867,
0.0366733263574979,0.0404384353316481,0.0470391336736352,0.0539495224120643,
0.0568217248662917,0.0685888265393343,0.0692554388738453,0.0814130278777925,
0.0855000527129591,0.097301289637624,0.109956391266814,0.122512293185791,
0.134248079963607,0.137469735098582),.UNSPECIFIED.);
#61=B_SPLINE_CURVE_WITH_KNOTS('',3,(#2196,#2197,#2198,#2199,#2200,#2201,
#2202,#2203,#2204,#2205,#2206,#2207,#2208,#2209,#2210,#2211,#2212,#2213,
#2214,#2215,#2216,#2217,#2218,#2219,#2220,#2221,#2222,#2223,#2224,#2225,
#2226,#2227,#2228,#2229,#2230,#2231,#2232,#2233,#2234,#2235,#2236,#2237,
#2238,#2239,#2240,#2241,#2242,#2243,#2244,#2245,#2246,#2247,#2248,#2249,
#2250,#2251,#2252,#2253,#2254,#2255,#2256,#2257,#2258,#2259,#2260,#2261,
#2262,#2263,#2264,#2265,#2266,#2267,#2268),.UNSPECIFIED.,.F.,.F.,(4,3,3,
3,3,3,3,3,3,3,3,3,3,3,3,3,3,3,3,3,3,3,3,3,4),(0.,0.00859596696597522,0.0165766923725715,
0.0238211612532679,0.0314402714027411,0.0385626129313955,0.0429680693870078,
0.0447995822190979,0.0527475609244207,0.0598748172847221,0.0675521067546913,
0.075516460350902,0.0762834777343494,0.0839499587845174,0.0864648263333554,
0.0941441682585134,0.101730595743587,0.109857139594249,0.115344274809466,
0.120610960853849,0.129356964984916,0.136142614971588,0.145767322408485,
0.155446030047643,0.157503735038071),.UNSPECIFIED.);
#62=B_SPLINE_CURVE_WITH_KNOTS('',3,(#2270,#2271,#2272,#2273),
 .UNSPECIFIED.,.F.,.F.,(4,4),(0.767527740381207,1.08556046575577),
 .UNSPECIFIED.);
#63=B_SPLINE_CURVE_WITH_KNOTS('',3,(#2275,#2276,#2277,#2278,#2279,#2280,
#2281,#2282,#2283,#2284,#2285,#2286,#2287),.UNSPECIFIED.,.F.,.F.,(4,3,3,
3,4),(0.172212407295974,0.179297140170044,0.188138087369109,0.196553596571147,
0.197176799725152),.UNSPECIFIED.);
#64=B_SPLINE_CURVE_WITH_KNOTS('',3,(#2288,#2289,#2290,#2291,#2292,#2293,
#2294,#2295,#2296,#2297,#2298,#2299,#2300,#2301,#2302,#2303,#2304,#2305,
#2306,#2307),.UNSPECIFIED.,.F.,.F.,(4,2,2,2,2,2,2,2,2,4),(-0.000346063854751348,
0.,0.0128406927787201,0.0255841362151716,0.0459870814939064,0.0648498788678545,
0.0829788289221172,0.101487365775611,0.121191620507705,0.12229197076835),
 .UNSPECIFIED.);
#65=B_SPLINE_CURVE_WITH_KNOTS('',3,(#2330,#2331,#2332,#2333,#2334,#2335,
#2336,#2337,#2338,#2339,#2340,#2341,#2342,#2343,#2344,#2345,#2346,#2347,
#2348,#2349,#2350,#2351,#2352,#2353,#2354,#2355,#2356,#2357,#2358,#2359,
#2360,#2361,#2362,#2363,#2364,#2365,#2366,#2367,#2368,#2369,#2370,#2371,
#2372,#2373,#2374,#2375,#2376,#2377,#2378,#2379,#2380,#2381,#2382,#2383,
#2384,#2385,#2386,#2387,#2388,#2389,#2390,#2391,#2392,#2393),
 .UNSPECIFIED.,.F.,.F.,(4,3,3,3,3,3,3,3,3,3,3,3,3,3,3,3,3,3,3,3,3,4),(-0.00278474780405314,
0.,0.0498790238873481,0.0565652394623095,0.107917343962656,0.159708578301835,
0.208522621365542,0.24929187855965,0.299972245265565,0.344239561918815,
0.393769891357138,0.41205509765239,0.461911003000907,0.512908878256494,
0.565384261920177,0.576381006413898,0.622612460316663,0.671352749383875,
0.719872161154768,0.763910417320826,0.806440455796219,0.809146579305197),
 .UNSPECIFIED.);
#66=B_SPLINE_CURVE_WITH_KNOTS('',3,(#2394,#2395,#2396,#2397,#2398),
 .UNSPECIFIED.,.F.,.F.,(4,1,4),(-2.43156009204458,-2.0903116842255,-1.63531380713338),
 .UNSPECIFIED.);
#67=B_SPLINE_CURVE_WITH_KNOTS('',3,(#2453,#2454,#2455,#2456,#2457,#2458,
#2459,#2460),.UNSPECIFIED.,.F.,.F.,(4,2,2,4),(0.,0.0313599395904349,0.0713827336543873,
0.084091130075813),.UNSPECIFIED.);
#68=B_SPLINE_CURVE_WITH_KNOTS('',3,(#2461,#2462,#2463,#2464,#2465,#2466,
#2467,#2468),.UNSPECIFIED.,.F.,.F.,(4,2,2,4),(-0.0840911300758124,-0.0713827336543873,
-0.0313599395904348,0.),.UNSPECIFIED.);
#69=PLANE('',#1377);
#70=PLANE('',#1378);
#71=PLANE('',#1380);
#72=PLANE('',#1381);
#73=PLANE('',#1383);
#74=PLANE('',#1385);
#75=PLANE('',#1387);
#76=PLANE('',#1398);
#77=PLANE('',#1401);
#78=PLANE('',#1409);
#79=PLANE('',#1418);
#80=PLANE('',#1429);
#81=PLANE('',#1435);
#82=PLANE('',#1437);
#83=PLANE('',#1440);
#84=PLANE('',#1445);
#85=PLANE('',#1451);
#86=PLANE('',#1453);
#87=PLANE('',#1454);
#88=PLANE('',#1455);
#89=PLANE('',#1456);
#90=PLANE('',#1457);
#91=PLANE('',#1458);
#92=PLANE('',#1459);
#93=PLANE('',#1460);
#94=PLANE('',#1461);
#95=PLANE('',#1462);
#96=PLANE('',#1463);
#97=PLANE('',#1464);
#98=PLANE('',#1465);
#99=PLANE('',#1466);
#100=PLANE('',#1467);
#101=PLANE('',#1468);
#102=PLANE('',#1469);
#103=PLANE('',#1470);
#104=PLANE('',#1471);
#105=PLANE('',#1472);
#106=PLANE('',#1473);
#107=PLANE('',#1474);
#108=PLANE('',#1475);
#109=PLANE('',#1476);
#110=PLANE('',#1477);
#111=PLANE('',#1478);
#112=PLANE('',#1479);
#113=PLANE('',#1480);
#114=PLANE('',#1481);
#115=PLANE('',#1482);
#116=PLANE('',#1483);
#117=PLANE('',#1484);
#118=PLANE('',#1485);
#119=PLANE('',#1486);
#120=PLANE('',#1487);
#121=FACE_OUTER_BOUND('',#196,.T.);
#122=FACE_OUTER_BOUND('',#197,.T.);
#123=FACE_OUTER_BOUND('',#198,.T.);
#124=FACE_OUTER_BOUND('',#200,.T.);
#125=FACE_OUTER_BOUND('',#201,.T.);
#126=FACE_OUTER_BOUND('',#202,.T.);
#127=FACE_OUTER_BOUND('',#203,.T.);
#128=FACE_OUTER_BOUND('',#204,.T.);
#129=FACE_OUTER_BOUND('',#206,.T.);
#130=FACE_OUTER_BOUND('',#207,.T.);
#131=FACE_OUTER_BOUND('',#208,.T.);
#132=FACE_OUTER_BOUND('',#209,.T.);
#133=FACE_OUTER_BOUND('',#210,.T.);
#134=FACE_OUTER_BOUND('',#211,.T.);
#135=FACE_OUTER_BOUND('',#212,.T.);
#136=FACE_OUTER_BOUND('',#213,.T.);
#137=FACE_OUTER_BOUND('',#214,.T.);
#138=FACE_OUTER_BOUND('',#215,.T.);
#139=FACE_OUTER_BOUND('',#216,.T.);
#140=FACE_OUTER_BOUND('',#217,.T.);
#141=FACE_OUTER_BOUND('',#218,.T.);
#142=FACE_OUTER_BOUND('',#219,.T.);
#143=FACE_OUTER_BOUND('',#221,.T.);
#144=FACE_OUTER_BOUND('',#222,.T.);
#145=FACE_OUTER_BOUND('',#223,.T.);
#146=FACE_OUTER_BOUND('',#224,.T.);
#147=FACE_OUTER_BOUND('',#225,.T.);
#148=FACE_OUTER_BOUND('',#226,.T.);
#149=FACE_OUTER_BOUND('',#227,.T.);
#150=FACE_OUTER_BOUND('',#228,.T.);
#151=FACE_OUTER_BOUND('',#230,.T.);
#152=FACE_OUTER_BOUND('',#232,.T.);
#153=FACE_OUTER_BOUND('',#233,.T.);
#154=FACE_OUTER_BOUND('',#235,.T.);
#155=FACE_OUTER_BOUND('',#236,.T.);
#156=FACE_OUTER_BOUND('',#237,.T.);
#157=FACE_OUTER_BOUND('',#239,.T.);
#158=FACE_OUTER_BOUND('',#240,.T.);
#159=FACE_OUTER_BOUND('',#241,.T.);
#160=FACE_OUTER_BOUND('',#242,.T.);
#161=FACE_OUTER_BOUND('',#243,.T.);
#162=FACE_OUTER_BOUND('',#244,.T.);
#163=FACE_OUTER_BOUND('',#246,.T.);
#164=FACE_OUTER_BOUND('',#247,.T.);
#165=FACE_OUTER_BOUND('',#248,.T.);
#166=FACE_OUTER_BOUND('',#249,.T.);
#167=FACE_OUTER_BOUND('',#250,.T.);
#168=FACE_OUTER_BOUND('',#251,.T.);
#169=FACE_OUTER_BOUND('',#252,.T.);
#170=FACE_OUTER_BOUND('',#253,.T.);
#171=FACE_OUTER_BOUND('',#254,.T.);
#172=FACE_OUTER_BOUND('',#255,.T.);
#173=FACE_OUTER_BOUND('',#256,.T.);
#174=FACE_OUTER_BOUND('',#257,.T.);
#175=FACE_OUTER_BOUND('',#258,.T.);
#176=FACE_OUTER_BOUND('',#259,.T.);
#177=FACE_OUTER_BOUND('',#260,.T.);
#178=FACE_OUTER_BOUND('',#261,.T.);
#179=FACE_OUTER_BOUND('',#262,.T.);
#180=FACE_OUTER_BOUND('',#263,.T.);
#181=FACE_OUTER_BOUND('',#264,.T.);
#182=FACE_OUTER_BOUND('',#265,.T.);
#183=FACE_OUTER_BOUND('',#266,.T.);
#184=FACE_OUTER_BOUND('',#267,.T.);
#185=FACE_OUTER_BOUND('',#268,.T.);
#186=FACE_OUTER_BOUND('',#270,.T.);
#187=FACE_OUTER_BOUND('',#271,.T.);
#188=FACE_OUTER_BOUND('',#272,.T.);
#189=FACE_OUTER_BOUND('',#273,.T.);
#190=FACE_OUTER_BOUND('',#274,.T.);
#191=FACE_OUTER_BOUND('',#275,.T.);
#192=FACE_OUTER_BOUND('',#276,.T.);
#193=FACE_OUTER_BOUND('',#277,.T.);
#194=FACE_OUTER_BOUND('',#278,.T.);
#195=FACE_OUTER_BOUND('',#279,.T.);
#196=EDGE_LOOP('',(#889,#890,#891,#892));
#197=EDGE_LOOP('',(#893));
#198=EDGE_LOOP('',(#894,#895,#896,#897,#898,#899));
#199=EDGE_LOOP('',(#900));
#200=EDGE_LOOP('',(#901,#902,#903,#904));
#201=EDGE_LOOP('',(#905,#906,#907,#908,#909));
#202=EDGE_LOOP('',(#910,#911,#912));
#203=EDGE_LOOP('',(#913,#914,#915,#916));
#204=EDGE_LOOP('',(#917,#918,#919,#920,#921,#922));
#205=EDGE_LOOP('',(#923));
#206=EDGE_LOOP('',(#924,#925,#926,#927,#928,#929,#930,#931,#932,#933,#934,
#935,#936,#937,#938,#939));
#207=EDGE_LOOP('',(#940,#941,#942,#943));
#208=EDGE_LOOP('',(#944,#945,#946,#947));
#209=EDGE_LOOP('',(#948,#949,#950,#951,#952,#953,#954,#955));
#210=EDGE_LOOP('',(#956,#957,#958,#959));
#211=EDGE_LOOP('',(#960,#961,#962,#963));
#212=EDGE_LOOP('',(#964,#965,#966,#967,#968));
#213=EDGE_LOOP('',(#969,#970));
#214=EDGE_LOOP('',(#971,#972,#973,#974,#975,#976));
#215=EDGE_LOOP('',(#977,#978,#979,#980));
#216=EDGE_LOOP('',(#981,#982,#983,#984));
#217=EDGE_LOOP('',(#985,#986,#987,#988,#989,#990,#991,#992,#993));
#218=EDGE_LOOP('',(#994,#995,#996,#997));
#219=EDGE_LOOP('',(#998));
#220=EDGE_LOOP('',(#999,#1000,#1001));
#221=EDGE_LOOP('',(#1002,#1003,#1004,#1005));
#222=EDGE_LOOP('',(#1006,#1007,#1008,#1009));
#223=EDGE_LOOP('',(#1010,#1011,#1012,#1013));
#224=EDGE_LOOP('',(#1014,#1015,#1016,#1017));
#225=EDGE_LOOP('',(#1018,#1019,#1020,#1021,#1022,#1023,#1024));
#226=EDGE_LOOP('',(#1025,#1026,#1027,#1028,#1029,#1030,#1031,#1032,#1033,
#1034));
#227=EDGE_LOOP('',(#1035,#1036,#1037,#1038));
#228=EDGE_LOOP('',(#1039));
#229=EDGE_LOOP('',(#1040));
#230=EDGE_LOOP('',(#1041));
#231=EDGE_LOOP('',(#1042));
#232=EDGE_LOOP('',(#1043,#1044,#1045,#1046));
#233=EDGE_LOOP('',(#1047));
#234=EDGE_LOOP('',(#1048));
#235=EDGE_LOOP('',(#1049,#1050,#1051,#1052));
#236=EDGE_LOOP('',(#1053,#1054,#1055,#1056));
#237=EDGE_LOOP('',(#1057));
#238=EDGE_LOOP('',(#1058));
#239=EDGE_LOOP('',(#1059,#1060,#1061,#1062));
#240=EDGE_LOOP('',(#1063,#1064,#1065,#1066));
#241=EDGE_LOOP('',(#1067,#1068,#1069,#1070));
#242=EDGE_LOOP('',(#1071,#1072,#1073,#1074,#1075,#1076));
#243=EDGE_LOOP('',(#1077,#1078,#1079,#1080,#1081,#1082));
#244=EDGE_LOOP('',(#1083,#1084,#1085,#1086,#1087,#1088,#1089,#1090,#1091,
#1092,#1093));
#245=EDGE_LOOP('',(#1094));
#246=EDGE_LOOP('',(#1095,#1096,#1097,#1098));
#247=EDGE_LOOP('',(#1099,#1100,#1101,#1102));
#248=EDGE_LOOP('',(#1103,#1104,#1105,#1106));
#249=EDGE_LOOP('',(#1107,#1108,#1109,#1110));
#250=EDGE_LOOP('',(#1111,#1112,#1113,#1114));
#251=EDGE_LOOP('',(#1115,#1116,#1117,#1118));
#252=EDGE_LOOP('',(#1119,#1120,#1121,#1122));
#253=EDGE_LOOP('',(#1123,#1124,#1125,#1126));
#254=EDGE_LOOP('',(#1127,#1128,#1129,#1130));
#255=EDGE_LOOP('',(#1131,#1132,#1133,#1134));
#256=EDGE_LOOP('',(#1135,#1136,#1137,#1138));
#257=EDGE_LOOP('',(#1139,#1140,#1141,#1142,#1143,#1144,#1145,#1146,#1147,
#1148,#1149,#1150));
#258=EDGE_LOOP('',(#1151,#1152,#1153,#1154));
#259=EDGE_LOOP('',(#1155,#1156,#1157,#1158));
#260=EDGE_LOOP('',(#1159,#1160,#1161,#1162));
#261=EDGE_LOOP('',(#1163,#1164,#1165,#1166));
#262=EDGE_LOOP('',(#1167,#1168,#1169,#1170));
#263=EDGE_LOOP('',(#1171,#1172,#1173,#1174));
#264=EDGE_LOOP('',(#1175,#1176,#1177,#1178));
#265=EDGE_LOOP('',(#1179,#1180,#1181,#1182));
#266=EDGE_LOOP('',(#1183,#1184,#1185,#1186));
#267=EDGE_LOOP('',(#1187,#1188,#1189,#1190));
#268=EDGE_LOOP('',(#1191,#1192,#1193,#1194,#1195,#1196,#1197,#1198,#1199,
#1200,#1201,#1202));
#269=EDGE_LOOP('',(#1203,#1204,#1205,#1206));
#270=EDGE_LOOP('',(#1207,#1208,#1209,#1210));
#271=EDGE_LOOP('',(#1211,#1212,#1213,#1214,#1215,#1216,#1217,#1218,#1219,
#1220));
#272=EDGE_LOOP('',(#1221,#1222,#1223,#1224));
#273=EDGE_LOOP('',(#1225,#1226,#1227,#1228));
#274=EDGE_LOOP('',(#1229,#1230,#1231,#1232,#1233,#1234,#1235,#1236,#1237,
#1238));
#275=EDGE_LOOP('',(#1239,#1240,#1241,#1242));
#276=EDGE_LOOP('',(#1243,#1244,#1245,#1246,#1247,#1248));
#277=EDGE_LOOP('',(#1249,#1250,#1251,#1252,#1253,#1254));
#278=EDGE_LOOP('',(#1255,#1256,#1257,#1258,#1259,#1260,#1261,#1262,#1263,
#1264));
#279=EDGE_LOOP('',(#1265,#1266,#1267,#1268,#1269,#1270,#1271,#1272,#1273,
#1274));
#280=LINE('',#1848,#405);
#281=LINE('',#1854,#406);
#282=LINE('',#1856,#407);
#283=LINE('',#1858,#408);
#284=LINE('',#1879,#409);
#285=LINE('',#1884,#410);
#286=LINE('',#1886,#411);
#287=LINE('',#1887,#412);
#288=LINE('',#1892,#413);
#289=LINE('',#1893,#414);
#290=LINE('',#1899,#415);
#291=LINE('',#1961,#416);
#292=LINE('',#1984,#417);
#293=LINE('',#1987,#418);
#294=LINE('',#2010,#419);
#295=LINE('',#2012,#420);
#296=LINE('',#2014,#421);
#297=LINE('',#2016,#422);
#298=LINE('',#2017,#423);
#299=LINE('',#2165,#424);
#300=LINE('',#2166,#425);
#301=LINE('',#2409,#426);
#302=LINE('',#2414,#427);
#303=LINE('',#2418,#428);
#304=LINE('',#2421,#429);
#305=LINE('',#2437,#430);
#306=LINE('',#2440,#431);
#307=LINE('',#2445,#432);
#308=LINE('',#2447,#433);
#309=LINE('',#2483,#434);
#310=LINE('',#2491,#435);
#311=LINE('',#2498,#436);
#312=LINE('',#2501,#437);
#313=LINE('',#2510,#438);
#314=LINE('',#2512,#439);
#315=LINE('',#2519,#440);
#316=LINE('',#2521,#441);
#317=LINE('',#2523,#442);
#318=LINE('',#2524,#443);
#319=LINE('',#2528,#444);
#320=LINE('',#2530,#445);
#321=LINE('',#2532,#446);
#322=LINE('',#2533,#447);
#323=LINE('',#2537,#448);
#324=LINE('',#2539,#449);
#325=LINE('',#2541,#450);
#326=LINE('',#2542,#451);
#327=LINE('',#2546,#452);
#328=LINE('',#2548,#453);
#329=LINE('',#2550,#454);
#330=LINE('',#2551,#455);
#331=LINE('',#2555,#456);
#332=LINE('',#2557,#457);
#333=LINE('',#2559,#458);
#334=LINE('',#2560,#459);
#335=LINE('',#2563,#460);
#336=LINE('',#2565,#461);
#337=LINE('',#2566,#462);
#338=LINE('',#2569,#463);
#339=LINE('',#2570,#464);
#340=LINE('',#2573,#465);
#341=LINE('',#2574,#466);
#342=LINE('',#2578,#467);
#343=LINE('',#2579,#468);
#344=LINE('',#2580,#469);
#345=LINE('',#2583,#470);
#346=LINE('',#2584,#471);
#347=LINE('',#2587,#472);
#348=LINE('',#2588,#473);
#349=LINE('',#2591,#474);
#350=LINE('',#2593,#475);
#351=LINE('',#2594,#476);
#352=LINE('',#2596,#477);
#353=LINE('',#2598,#478);
#354=LINE('',#2599,#479);
#355=LINE('',#2602,#480);
#356=LINE('',#2604,#481);
#357=LINE('',#2605,#482);
#358=LINE('',#2608,#483);
#359=LINE('',#2609,#484);
#360=LINE('',#2612,#485);
#361=LINE('',#2613,#486);
#362=LINE('',#2615,#487);
#363=LINE('',#2619,#488);
#364=LINE('',#2620,#489);
#365=LINE('',#2621,#490);
#366=LINE('',#2624,#491);
#367=LINE('',#2625,#492);
#368=LINE('',#2628,#493);
#369=LINE('',#2629,#494);
#370=LINE('',#2632,#495);
#371=LINE('',#2634,#496);
#372=LINE('',#2635,#497);
#373=LINE('',#2638,#498);
#374=LINE('',#2639,#499);
#375=LINE('',#2642,#500);
#376=LINE('',#2643,#501);
#377=LINE('',#2646,#502);
#378=LINE('',#2648,#503);
#379=LINE('',#2649,#504);
#380=LINE('',#2651,#505);
#381=LINE('',#2653,#506);
#382=LINE('',#2654,#507);
#383=LINE('',#2657,#508);
#384=LINE('',#2659,#509);
#385=LINE('',#2660,#510);
#386=LINE('',#2663,#511);
#387=LINE('',#2665,#512);
#388=LINE('',#2667,#513);
#389=LINE('',#2668,#514);
#390=LINE('',#2671,#515);
#391=LINE('',#2672,#516);
#392=LINE('',#2675,#517);
#393=LINE('',#2677,#518);
#394=LINE('',#2678,#519);
#395=LINE('',#2681,#520);
#396=LINE('',#2683,#521);
#397=LINE('',#2685,#522);
#398=LINE('',#2686,#523);
#399=LINE('',#2689,#524);
#400=LINE('',#2690,#525);
#401=LINE('',#2692,#526);
#402=LINE('',#2693,#527);
#403=LINE('',#2695,#528);
#404=LINE('',#2696,#529);
#405=VECTOR('',#1494,0.874999999999999);
#406=VECTOR('',#1501,10.);
#407=VECTOR('',#1502,10.);
#408=VECTOR('',#1503,10.);
#409=VECTOR('',#1504,10.);
#410=VECTOR('',#1509,10.);
#411=VECTOR('',#1510,10.);
#412=VECTOR('',#1511,10.);
#413=VECTOR('',#1516,10.);
#414=VECTOR('',#1517,10.);
#415=VECTOR('',#1526,10.);
#416=VECTOR('',#1537,10.6837572106364);
#417=VECTOR('',#1548,10.);
#418=VECTOR('',#1551,10.);
#419=VECTOR('',#1554,10.);
#420=VECTOR('',#1555,10.);
#421=VECTOR('',#1556,10.);
#422=VECTOR('',#1557,10.);
#423=VECTOR('',#1558,10.);
#424=VECTOR('',#1565,10.);
#425=VECTOR('',#1566,10.);
#426=VECTOR('',#1583,10.);
#427=VECTOR('',#1588,11.5);
#428=VECTOR('',#1591,10.);
#429=VECTOR('',#1594,10.);
#430=VECTOR('',#1617,10.2500000000114);
#431=VECTOR('',#1620,9.4000000000101);
#432=VECTOR('',#1627,9.32868022837137);
#433=VECTOR('',#1630,10.);
#434=VECTOR('',#1639,6.54999999999853);
#435=VECTOR('',#1650,4.5);
#436=VECTOR('',#1659,6.5500000000007);
#437=VECTOR('',#1664,8.55000000001011);
#438=VECTOR('',#1677,0.874999999999999);
#439=VECTOR('',#1680,10.);
#440=VECTOR('',#1689,10.);
#441=VECTOR('',#1690,10.);
#442=VECTOR('',#1691,10.);
#443=VECTOR('',#1692,10.);
#444=VECTOR('',#1695,10.);
#445=VECTOR('',#1696,10.);
#446=VECTOR('',#1697,10.);
#447=VECTOR('',#1698,10.);
#448=VECTOR('',#1701,10.);
#449=VECTOR('',#1702,10.);
#450=VECTOR('',#1703,10.);
#451=VECTOR('',#1704,10.);
#452=VECTOR('',#1707,10.);
#453=VECTOR('',#1708,10.);
#454=VECTOR('',#1709,10.);
#455=VECTOR('',#1710,10.);
#456=VECTOR('',#1713,10.);
#457=VECTOR('',#1714,10.);
#458=VECTOR('',#1715,10.);
#459=VECTOR('',#1716,10.);
#460=VECTOR('',#1719,10.);
#461=VECTOR('',#1720,10.);
#462=VECTOR('',#1721,10.);
#463=VECTOR('',#1724,10.);
#464=VECTOR('',#1725,10.);
#465=VECTOR('',#1728,10.);
#466=VECTOR('',#1729,10.);
#467=VECTOR('',#1732,10.);
#468=VECTOR('',#1733,10.);
#469=VECTOR('',#1734,10.);
#470=VECTOR('',#1737,10.);
#471=VECTOR('',#1738,10.);
#472=VECTOR('',#1741,10.);
#473=VECTOR('',#1742,10.);
#474=VECTOR('',#1745,10.);
#475=VECTOR('',#1746,10.);
#476=VECTOR('',#1747,10.);
#477=VECTOR('',#1748,10.);
#478=VECTOR('',#1749,10.);
#479=VECTOR('',#1750,10.);
#480=VECTOR('',#1753,10.);
#481=VECTOR('',#1754,10.);
#482=VECTOR('',#1755,10.);
#483=VECTOR('',#1758,10.);
#484=VECTOR('',#1759,10.);
#485=VECTOR('',#1762,10.);
#486=VECTOR('',#1763,10.);
#487=VECTOR('',#1766,10.);
#488=VECTOR('',#1769,10.);
#489=VECTOR('',#1770,10.);
#490=VECTOR('',#1771,10.);
#491=VECTOR('',#1774,10.);
#492=VECTOR('',#1775,10.);
#493=VECTOR('',#1778,10.);
#494=VECTOR('',#1779,10.);
#495=VECTOR('',#1782,10.);
#496=VECTOR('',#1783,10.);
#497=VECTOR('',#1784,10.);
#498=VECTOR('',#1787,10.);
#499=VECTOR('',#1788,10.);
#500=VECTOR('',#1791,10.);
#501=VECTOR('',#1792,10.);
#502=VECTOR('',#1795,10.);
#503=VECTOR('',#1796,10.);
#504=VECTOR('',#1797,10.);
#505=VECTOR('',#1798,10.);
#506=VECTOR('',#1799,10.);
#507=VECTOR('',#1800,10.);
#508=VECTOR('',#1803,10.);
#509=VECTOR('',#1804,10.);
#510=VECTOR('',#1805,10.);
#511=VECTOR('',#1808,10.);
#512=VECTOR('',#1809,10.);
#513=VECTOR('',#1810,10.);
#514=VECTOR('',#1811,10.);
#515=VECTOR('',#1814,10.);
#516=VECTOR('',#1815,10.);
#517=VECTOR('',#1818,10.);
#518=VECTOR('',#1819,10.);
#519=VECTOR('',#1820,10.);
#520=VECTOR('',#1823,10.);
#521=VECTOR('',#1824,10.);
#522=VECTOR('',#1825,10.);
#523=VECTOR('',#1826,10.);
#524=VECTOR('',#1829,10.);
#525=VECTOR('',#1830,10.);
#526=VECTOR('',#1833,10.);
#527=VECTOR('',#1834,10.);
#528=VECTOR('',#1837,10.);
#529=VECTOR('',#1838,10.);
#530=CIRCLE('',#1375,0.874999999999999);
#531=CIRCLE('',#1376,0.874999999999999);
#532=CIRCLE('',#1379,0.874999999999999);
#533=CIRCLE('',#1382,11.5087572106361);
#534=CIRCLE('',#1386,11.5087571108508);
#535=CIRCLE('',#1389,13.0516504294496);
#536=CIRCLE('',#1390,9.51583521263721);
#537=CIRCLE('',#1391,13.0516504294496);
#538=CIRCLE('',#1392,8.19454364826352);
#539=CIRCLE('',#1393,13.0516504294496);
#540=CIRCLE('',#1395,13.0516504294496);
#541=CIRCLE('',#1397,6.);
#542=CIRCLE('',#1403,10.6328816330644);
#543=CIRCLE('',#1404,5.);
#544=CIRCLE('',#1405,9.593323178969);
#545=CIRCLE('',#1406,10.6328816330644);
#546=CIRCLE('',#1408,9.16228182204393);
#547=CIRCLE('',#1411,11.5);
#548=CIRCLE('',#1412,11.5);
#549=CIRCLE('',#1413,11.5);
#550=CIRCLE('',#1414,11.5);
#551=CIRCLE('',#1416,11.15);
#552=CIRCLE('',#1417,0.35);
#553=CIRCLE('',#1420,10.2500000000114);
#554=CIRCLE('',#1421,0.36);
#555=CIRCLE('',#1422,9.96484820870602);
#556=CIRCLE('',#1424,10.2500000000127);
#557=CIRCLE('',#1426,8.5500000000101);
#558=CIRCLE('',#1428,8.55000000001012);
#559=CIRCLE('',#1431,13.0516504294496);
#560=CIRCLE('',#1433,6.54999999999799);
#561=CIRCLE('',#1434,6.54999999999907);
#562=CIRCLE('',#1436,4.50000000000001);
#563=CIRCLE('',#1439,4.5);
#564=CIRCLE('',#1441,6.5500000000007);
#565=CIRCLE('',#1443,6.5500000000007);
#566=CIRCLE('',#1446,6.78033008589043);
#567=CIRCLE('',#1448,2.);
#568=CIRCLE('',#1450,0.874999999999999);
#569=VERTEX_POINT('',#1845);
#570=VERTEX_POINT('',#1847);
#571=VERTEX_POINT('',#1852);
#572=VERTEX_POINT('',#1853);
#573=VERTEX_POINT('',#1855);
#574=VERTEX_POINT('',#1857);
#575=VERTEX_POINT('',#1859);
#576=VERTEX_POINT('',#1875);
#577=VERTEX_POINT('',#1880);
#578=VERTEX_POINT('',#1883);
#579=VERTEX_POINT('',#1885);
#580=VERTEX_POINT('',#1889);
#581=VERTEX_POINT('',#1890);
#582=VERTEX_POINT('',#1897);
#583=VERTEX_POINT('',#1901);
#584=VERTEX_POINT('',#1905);
#585=VERTEX_POINT('',#1925);
#586=VERTEX_POINT('',#1927);
#587=VERTEX_POINT('',#1931);
#588=VERTEX_POINT('',#1935);
#589=VERTEX_POINT('',#1940);
#590=VERTEX_POINT('',#1942);
#591=VERTEX_POINT('',#1946);
#592=VERTEX_POINT('',#1954);
#593=VERTEX_POINT('',#1958);
#594=VERTEX_POINT('',#1960);
#595=VERTEX_POINT('',#1965);
#596=VERTEX_POINT('',#1983);
#597=VERTEX_POINT('',#1985);
#598=VERTEX_POINT('',#1989);
#599=VERTEX_POINT('',#2009);
#600=VERTEX_POINT('',#2011);
#601=VERTEX_POINT('',#2013);
#602=VERTEX_POINT('',#2015);
#603=VERTEX_POINT('',#2042);
#604=VERTEX_POINT('',#2043);
#605=VERTEX_POINT('',#2093);
#606=VERTEX_POINT('',#2095);
#607=VERTEX_POINT('',#2195);
#608=VERTEX_POINT('',#2269);
#609=VERTEX_POINT('',#2274);
#610=VERTEX_POINT('',#2328);
#611=VERTEX_POINT('',#2329);
#612=VERTEX_POINT('',#2400);
#613=VERTEX_POINT('',#2402);
#614=VERTEX_POINT('',#2411);
#615=VERTEX_POINT('',#2413);
#616=VERTEX_POINT('',#2415);
#617=VERTEX_POINT('',#2417);
#618=VERTEX_POINT('',#2420);
#619=VERTEX_POINT('',#2424);
#620=VERTEX_POINT('',#2429);
#621=VERTEX_POINT('',#2431);
#622=VERTEX_POINT('',#2435);
#623=VERTEX_POINT('',#2439);
#624=VERTEX_POINT('',#2443);
#625=VERTEX_POINT('',#2448);
#626=VERTEX_POINT('',#2452);
#627=VERTEX_POINT('',#2471);
#628=VERTEX_POINT('',#2480);
#629=VERTEX_POINT('',#2482);
#630=VERTEX_POINT('',#2486);
#631=VERTEX_POINT('',#2490);
#632=VERTEX_POINT('',#2494);
#633=VERTEX_POINT('',#2497);
#634=VERTEX_POINT('',#2503);
#635=VERTEX_POINT('',#2508);
#636=VERTEX_POINT('',#2517);
#637=VERTEX_POINT('',#2518);
#638=VERTEX_POINT('',#2520);
#639=VERTEX_POINT('',#2522);
#640=VERTEX_POINT('',#2526);
#641=VERTEX_POINT('',#2527);
#642=VERTEX_POINT('',#2529);
#643=VERTEX_POINT('',#2531);
#644=VERTEX_POINT('',#2535);
#645=VERTEX_POINT('',#2536);
#646=VERTEX_POINT('',#2538);
#647=VERTEX_POINT('',#2540);
#648=VERTEX_POINT('',#2544);
#649=VERTEX_POINT('',#2545);
#650=VERTEX_POINT('',#2547);
#651=VERTEX_POINT('',#2549);
#652=VERTEX_POINT('',#2553);
#653=VERTEX_POINT('',#2554);
#654=VERTEX_POINT('',#2556);
#655=VERTEX_POINT('',#2558);
#656=VERTEX_POINT('',#2562);
#657=VERTEX_POINT('',#2564);
#658=VERTEX_POINT('',#2568);
#659=VERTEX_POINT('',#2572);
#660=VERTEX_POINT('',#2576);
#661=VERTEX_POINT('',#2577);
#662=VERTEX_POINT('',#2582);
#663=VERTEX_POINT('',#2586);
#664=VERTEX_POINT('',#2590);
#665=VERTEX_POINT('',#2592);
#666=VERTEX_POINT('',#2595);
#667=VERTEX_POINT('',#2597);
#668=VERTEX_POINT('',#2601);
#669=VERTEX_POINT('',#2603);
#670=VERTEX_POINT('',#2607);
#671=VERTEX_POINT('',#2611);
#672=VERTEX_POINT('',#2617);
#673=VERTEX_POINT('',#2618);
#674=VERTEX_POINT('',#2623);
#675=VERTEX_POINT('',#2627);
#676=VERTEX_POINT('',#2631);
#677=VERTEX_POINT('',#2633);
#678=VERTEX_POINT('',#2637);
#679=VERTEX_POINT('',#2641);
#680=VERTEX_POINT('',#2645);
#681=VERTEX_POINT('',#2647);
#682=VERTEX_POINT('',#2650);
#683=VERTEX_POINT('',#2652);
#684=VERTEX_POINT('',#2656);
#685=VERTEX_POINT('',#2658);
#686=VERTEX_POINT('',#2662);
#687=VERTEX_POINT('',#2664);
#688=VERTEX_POINT('',#2666);
#689=VERTEX_POINT('',#2670);
#690=VERTEX_POINT('',#2674);
#691=VERTEX_POINT('',#2676);
#692=VERTEX_POINT('',#2680);
#693=VERTEX_POINT('',#2682);
#694=VERTEX_POINT('',#2684);
#695=VERTEX_POINT('',#2688);
#696=EDGE_CURVE('',#569,#569,#530,.T.);
#697=EDGE_CURVE('',#569,#570,#280,.T.);
#698=EDGE_CURVE('',#570,#570,#531,.T.);
#699=EDGE_CURVE('',#571,#572,#281,.T.);
#700=EDGE_CURVE('',#571,#573,#282,.T.);
#701=EDGE_CURVE('',#574,#573,#283,.T.);
#702=EDGE_CURVE('',#575,#574,#53,.T.);
#703=EDGE_CURVE('',#576,#575,#43,.T.);
#704=EDGE_CURVE('',#572,#576,#284,.T.);
#705=EDGE_CURVE('',#577,#577,#532,.T.);
#706=EDGE_CURVE('',#572,#578,#285,.T.);
#707=EDGE_CURVE('',#578,#579,#286,.T.);
#708=EDGE_CURVE('',#571,#579,#287,.T.);
#709=EDGE_CURVE('',#580,#581,#533,.T.);
#710=EDGE_CURVE('',#573,#580,#288,.T.);
#711=EDGE_CURVE('',#579,#581,#289,.T.);
#712=EDGE_CURVE('',#574,#580,#31,.T.);
#713=EDGE_CURVE('',#582,#576,#534,.T.);
#714=EDGE_CURVE('',#582,#578,#290,.T.);
#715=EDGE_CURVE('',#581,#583,#44,.T.);
#716=EDGE_CURVE('',#584,#582,#45,.T.);
#717=EDGE_CURVE('',#583,#584,#54,.T.);
#718=EDGE_CURVE('',#585,#575,#535,.T.);
#719=EDGE_CURVE('',#585,#586,#46,.T.);
#720=EDGE_CURVE('',#587,#586,#47,.T.);
#721=EDGE_CURVE('',#588,#587,#55,.T.);
#722=EDGE_CURVE('',#589,#588,#536,.T.);
#723=EDGE_CURVE('',#590,#589,#48,.T.);
#724=EDGE_CURVE('',#591,#590,#56,.T.);
#725=EDGE_CURVE('',#591,#592,#49,.T.);
#726=EDGE_CURVE('',#593,#592,#537,.T.);
#727=EDGE_CURVE('',#593,#594,#291,.T.);
#728=EDGE_CURVE('',#594,#594,#538,.T.);
#729=EDGE_CURVE('',#584,#593,#539,.T.);
#730=EDGE_CURVE('',#574,#595,#540,.T.);
#731=EDGE_CURVE('',#595,#585,#57,.T.);
#732=EDGE_CURVE('',#590,#596,#292,.T.);
#733=EDGE_CURVE('',#596,#597,#541,.F.);
#734=EDGE_CURVE('',#597,#591,#293,.T.);
#735=EDGE_CURVE('',#598,#589,#58,.F.);
#736=EDGE_CURVE('',#599,#598,#294,.T.);
#737=EDGE_CURVE('',#600,#599,#295,.F.);
#738=EDGE_CURVE('',#600,#601,#296,.T.);
#739=EDGE_CURVE('',#601,#602,#297,.T.);
#740=EDGE_CURVE('',#602,#596,#298,.T.);
#741=EDGE_CURVE('',#603,#604,#59,.T.);
#742=EDGE_CURVE('',#603,#605,#32,.T.);
#743=EDGE_CURVE('',#605,#606,#60,.F.);
#744=EDGE_CURVE('',#606,#604,#33,.T.);
#745=EDGE_CURVE('',#602,#606,#299,.T.);
#746=EDGE_CURVE('',#601,#604,#300,.F.);
#747=EDGE_CURVE('',#587,#607,#61,.F.);
#748=EDGE_CURVE('',#607,#608,#62,.T.);
#749=EDGE_CURVE('',#609,#608,#63,.T.);
#750=EDGE_CURVE('',#588,#609,#64,.T.);
#751=EDGE_CURVE('',#610,#611,#65,.F.);
#752=EDGE_CURVE('',#611,#610,#66,.T.);
#753=EDGE_CURVE('',#611,#612,#542,.T.);
#754=EDGE_CURVE('',#612,#613,#543,.T.);
#755=EDGE_CURVE('',#613,#613,#544,.T.);
#756=EDGE_CURVE('',#612,#610,#545,.T.);
#757=EDGE_CURVE('',#609,#598,#546,.T.);
#758=EDGE_CURVE('',#599,#608,#301,.F.);
#759=EDGE_CURVE('',#614,#614,#547,.T.);
#760=EDGE_CURVE('',#614,#615,#302,.T.);
#761=EDGE_CURVE('',#615,#616,#548,.T.);
#762=EDGE_CURVE('',#616,#617,#303,.T.);
#763=EDGE_CURVE('',#617,#605,#549,.T.);
#764=EDGE_CURVE('',#618,#603,#304,.T.);
#765=EDGE_CURVE('',#618,#615,#550,.T.);
#766=EDGE_CURVE('',#619,#619,#551,.T.);
#767=EDGE_CURVE('',#619,#614,#552,.T.);
#768=EDGE_CURVE('',#620,#620,#553,.T.);
#769=EDGE_CURVE('',#620,#621,#554,.T.);
#770=EDGE_CURVE('',#621,#621,#555,.T.);
#771=EDGE_CURVE('',#622,#622,#556,.T.);
#772=EDGE_CURVE('',#622,#620,#305,.T.);
#773=EDGE_CURVE('',#621,#623,#306,.T.);
#774=EDGE_CURVE('',#623,#623,#557,.T.);
#775=EDGE_CURVE('',#624,#624,#558,.T.);
#776=EDGE_CURVE('',#624,#613,#307,.T.);
#777=EDGE_CURVE('',#597,#617,#308,.T.);
#778=EDGE_CURVE('',#625,#616,#50,.T.);
#779=EDGE_CURVE('',#626,#625,#67,.T.);
#780=EDGE_CURVE('',#592,#626,#68,.T.);
#781=EDGE_CURVE('',#625,#583,#559,.T.);
#782=EDGE_CURVE('',#627,#618,#51,.T.);
#783=EDGE_CURVE('',#627,#595,#52,.F.);
#784=EDGE_CURVE('',#628,#628,#560,.T.);
#785=EDGE_CURVE('',#628,#629,#309,.T.);
#786=EDGE_CURVE('',#629,#629,#561,.T.);
#787=EDGE_CURVE('',#630,#630,#562,.T.);
#788=EDGE_CURVE('',#630,#631,#310,.T.);
#789=EDGE_CURVE('',#631,#631,#563,.T.);
#790=EDGE_CURVE('',#632,#632,#564,.T.);
#791=EDGE_CURVE('',#632,#633,#311,.T.);
#792=EDGE_CURVE('',#633,#633,#565,.T.);
#793=EDGE_CURVE('',#623,#624,#312,.T.);
#794=EDGE_CURVE('',#634,#634,#566,.T.);
#795=EDGE_CURVE('',#594,#634,#567,.T.);
#796=EDGE_CURVE('',#635,#635,#568,.T.);
#797=EDGE_CURVE('',#635,#577,#313,.T.);
#798=EDGE_CURVE('',#607,#600,#314,.F.);
#799=EDGE_CURVE('',#636,#637,#315,.T.);
#800=EDGE_CURVE('',#637,#638,#316,.T.);
#801=EDGE_CURVE('',#638,#639,#317,.T.);
#802=EDGE_CURVE('',#639,#636,#318,.T.);
#803=EDGE_CURVE('',#640,#641,#319,.T.);
#804=EDGE_CURVE('',#640,#642,#320,.T.);
#805=EDGE_CURVE('',#642,#643,#321,.T.);
#806=EDGE_CURVE('',#643,#641,#322,.T.);
#807=EDGE_CURVE('',#644,#645,#323,.T.);
#808=EDGE_CURVE('',#646,#644,#324,.T.);
#809=EDGE_CURVE('',#646,#647,#325,.T.);
#810=EDGE_CURVE('',#647,#645,#326,.T.);
#811=EDGE_CURVE('',#648,#649,#327,.T.);
#812=EDGE_CURVE('',#649,#650,#328,.T.);
#813=EDGE_CURVE('',#650,#651,#329,.T.);
#814=EDGE_CURVE('',#651,#648,#330,.T.);
#815=EDGE_CURVE('',#652,#653,#331,.T.);
#816=EDGE_CURVE('',#653,#654,#332,.T.);
#817=EDGE_CURVE('',#654,#655,#333,.T.);
#818=EDGE_CURVE('',#655,#652,#334,.T.);
#819=EDGE_CURVE('',#656,#652,#335,.T.);
#820=EDGE_CURVE('',#655,#657,#336,.T.);
#821=EDGE_CURVE('',#656,#657,#337,.T.);
#822=EDGE_CURVE('',#658,#654,#338,.T.);
#823=EDGE_CURVE('',#657,#658,#339,.T.);
#824=EDGE_CURVE('',#653,#659,#340,.T.);
#825=EDGE_CURVE('',#658,#659,#341,.T.);
#826=EDGE_CURVE('',#660,#661,#342,.T.);
#827=EDGE_CURVE('',#660,#647,#343,.T.);
#828=EDGE_CURVE('',#646,#661,#344,.T.);
#829=EDGE_CURVE('',#662,#660,#345,.T.);
#830=EDGE_CURVE('',#645,#662,#346,.T.);
#831=EDGE_CURVE('',#663,#662,#347,.T.);
#832=EDGE_CURVE('',#663,#644,#348,.T.);
#833=EDGE_CURVE('',#664,#659,#349,.T.);
#834=EDGE_CURVE('',#665,#664,#350,.T.);
#835=EDGE_CURVE('',#663,#665,#351,.T.);
#836=EDGE_CURVE('',#666,#661,#352,.T.);
#837=EDGE_CURVE('',#667,#666,#353,.T.);
#838=EDGE_CURVE('',#656,#667,#354,.T.);
#839=EDGE_CURVE('',#668,#637,#355,.T.);
#840=EDGE_CURVE('',#636,#669,#356,.T.);
#841=EDGE_CURVE('',#668,#669,#357,.T.);
#842=EDGE_CURVE('',#670,#639,#358,.T.);
#843=EDGE_CURVE('',#669,#670,#359,.T.);
#844=EDGE_CURVE('',#671,#668,#360,.T.);
#845=EDGE_CURVE('',#638,#671,#361,.T.);
#846=EDGE_CURVE('',#670,#671,#362,.T.);
#847=EDGE_CURVE('',#672,#673,#363,.T.);
#848=EDGE_CURVE('',#672,#640,#364,.T.);
#849=EDGE_CURVE('',#641,#673,#365,.T.);
#850=EDGE_CURVE('',#674,#643,#366,.T.);
#851=EDGE_CURVE('',#673,#674,#367,.T.);
#852=EDGE_CURVE('',#674,#675,#368,.T.);
#853=EDGE_CURVE('',#642,#675,#369,.T.);
#854=EDGE_CURVE('',#676,#649,#370,.T.);
#855=EDGE_CURVE('',#648,#677,#371,.T.);
#856=EDGE_CURVE('',#676,#677,#372,.T.);
#857=EDGE_CURVE('',#678,#676,#373,.T.);
#858=EDGE_CURVE('',#650,#678,#374,.T.);
#859=EDGE_CURVE('',#679,#678,#375,.T.);
#860=EDGE_CURVE('',#679,#651,#376,.T.);
#861=EDGE_CURVE('',#675,#680,#377,.T.);
#862=EDGE_CURVE('',#681,#680,#378,.T.);
#863=EDGE_CURVE('',#679,#681,#379,.T.);
#864=EDGE_CURVE('',#682,#677,#380,.T.);
#865=EDGE_CURVE('',#683,#682,#381,.T.);
#866=EDGE_CURVE('',#683,#672,#382,.T.);
#867=EDGE_CURVE('',#666,#684,#383,.T.);
#868=EDGE_CURVE('',#684,#685,#384,.T.);
#869=EDGE_CURVE('',#685,#667,#385,.T.);
#870=EDGE_CURVE('',#686,#685,#386,.T.);
#871=EDGE_CURVE('',#686,#687,#387,.T.);
#872=EDGE_CURVE('',#688,#687,#388,.T.);
#873=EDGE_CURVE('',#664,#688,#389,.T.);
#874=EDGE_CURVE('',#689,#665,#390,.T.);
#875=EDGE_CURVE('',#688,#689,#391,.T.);
#876=EDGE_CURVE('',#690,#683,#392,.T.);
#877=EDGE_CURVE('',#682,#691,#393,.T.);
#878=EDGE_CURVE('',#691,#690,#394,.T.);
#879=EDGE_CURVE('',#692,#690,#395,.T.);
#880=EDGE_CURVE('',#692,#693,#396,.T.);
#881=EDGE_CURVE('',#694,#693,#397,.T.);
#882=EDGE_CURVE('',#680,#694,#398,.T.);
#883=EDGE_CURVE('',#694,#695,#399,.T.);
#884=EDGE_CURVE('',#695,#681,#400,.T.);
#885=EDGE_CURVE('',#687,#695,#401,.T.);
#886=EDGE_CURVE('',#693,#689,#402,.T.);
#887=EDGE_CURVE('',#684,#692,#403,.T.);
#888=EDGE_CURVE('',#691,#686,#404,.T.);
#889=ORIENTED_EDGE('',*,*,#696,.F.);
#890=ORIENTED_EDGE('',*,*,#697,.T.);
#891=ORIENTED_EDGE('',*,*,#698,.T.);
#892=ORIENTED_EDGE('',*,*,#697,.F.);
#893=ORIENTED_EDGE('',*,*,#698,.F.);
#894=ORIENTED_EDGE('',*,*,#699,.F.);
#895=ORIENTED_EDGE('',*,*,#700,.T.);
#896=ORIENTED_EDGE('',*,*,#701,.F.);
#897=ORIENTED_EDGE('',*,*,#702,.F.);
#898=ORIENTED_EDGE('',*,*,#703,.F.);
#899=ORIENTED_EDGE('',*,*,#704,.F.);
#900=ORIENTED_EDGE('',*,*,#705,.F.);
#901=ORIENTED_EDGE('',*,*,#699,.T.);
#902=ORIENTED_EDGE('',*,*,#706,.T.);
#903=ORIENTED_EDGE('',*,*,#707,.T.);
#904=ORIENTED_EDGE('',*,*,#708,.F.);
#905=ORIENTED_EDGE('',*,*,#709,.F.);
#906=ORIENTED_EDGE('',*,*,#710,.F.);
#907=ORIENTED_EDGE('',*,*,#700,.F.);
#908=ORIENTED_EDGE('',*,*,#708,.T.);
#909=ORIENTED_EDGE('',*,*,#711,.T.);
#910=ORIENTED_EDGE('',*,*,#712,.F.);
#911=ORIENTED_EDGE('',*,*,#701,.T.);
#912=ORIENTED_EDGE('',*,*,#710,.T.);
#913=ORIENTED_EDGE('',*,*,#713,.F.);
#914=ORIENTED_EDGE('',*,*,#714,.T.);
#915=ORIENTED_EDGE('',*,*,#706,.F.);
#916=ORIENTED_EDGE('',*,*,#704,.T.);
#917=ORIENTED_EDGE('',*,*,#715,.F.);
#918=ORIENTED_EDGE('',*,*,#711,.F.);
#919=ORIENTED_EDGE('',*,*,#707,.F.);
#920=ORIENTED_EDGE('',*,*,#714,.F.);
#921=ORIENTED_EDGE('',*,*,#716,.F.);
#922=ORIENTED_EDGE('',*,*,#717,.F.);
#923=ORIENTED_EDGE('',*,*,#696,.T.);
#924=ORIENTED_EDGE('',*,*,#716,.T.);
#925=ORIENTED_EDGE('',*,*,#713,.T.);
#926=ORIENTED_EDGE('',*,*,#703,.T.);
#927=ORIENTED_EDGE('',*,*,#718,.F.);
#928=ORIENTED_EDGE('',*,*,#719,.T.);
#929=ORIENTED_EDGE('',*,*,#720,.F.);
#930=ORIENTED_EDGE('',*,*,#721,.F.);
#931=ORIENTED_EDGE('',*,*,#722,.F.);
#932=ORIENTED_EDGE('',*,*,#723,.F.);
#933=ORIENTED_EDGE('',*,*,#724,.F.);
#934=ORIENTED_EDGE('',*,*,#725,.T.);
#935=ORIENTED_EDGE('',*,*,#726,.F.);
#936=ORIENTED_EDGE('',*,*,#727,.T.);
#937=ORIENTED_EDGE('',*,*,#728,.F.);
#938=ORIENTED_EDGE('',*,*,#727,.F.);
#939=ORIENTED_EDGE('',*,*,#729,.F.);
#940=ORIENTED_EDGE('',*,*,#702,.T.);
#941=ORIENTED_EDGE('',*,*,#730,.T.);
#942=ORIENTED_EDGE('',*,*,#731,.T.);
#943=ORIENTED_EDGE('',*,*,#718,.T.);
#944=ORIENTED_EDGE('',*,*,#724,.T.);
#945=ORIENTED_EDGE('',*,*,#732,.T.);
#946=ORIENTED_EDGE('',*,*,#733,.T.);
#947=ORIENTED_EDGE('',*,*,#734,.T.);
#948=ORIENTED_EDGE('',*,*,#732,.F.);
#949=ORIENTED_EDGE('',*,*,#723,.T.);
#950=ORIENTED_EDGE('',*,*,#735,.F.);
#951=ORIENTED_EDGE('',*,*,#736,.F.);
#952=ORIENTED_EDGE('',*,*,#737,.F.);
#953=ORIENTED_EDGE('',*,*,#738,.T.);
#954=ORIENTED_EDGE('',*,*,#739,.T.);
#955=ORIENTED_EDGE('',*,*,#740,.T.);
#956=ORIENTED_EDGE('',*,*,#741,.F.);
#957=ORIENTED_EDGE('',*,*,#742,.T.);
#958=ORIENTED_EDGE('',*,*,#743,.T.);
#959=ORIENTED_EDGE('',*,*,#744,.T.);
#960=ORIENTED_EDGE('',*,*,#744,.F.);
#961=ORIENTED_EDGE('',*,*,#745,.F.);
#962=ORIENTED_EDGE('',*,*,#739,.F.);
#963=ORIENTED_EDGE('',*,*,#746,.T.);
#964=ORIENTED_EDGE('',*,*,#747,.T.);
#965=ORIENTED_EDGE('',*,*,#748,.T.);
#966=ORIENTED_EDGE('',*,*,#749,.F.);
#967=ORIENTED_EDGE('',*,*,#750,.F.);
#968=ORIENTED_EDGE('',*,*,#721,.T.);
#969=ORIENTED_EDGE('',*,*,#751,.T.);
#970=ORIENTED_EDGE('',*,*,#752,.T.);
#971=ORIENTED_EDGE('',*,*,#752,.F.);
#972=ORIENTED_EDGE('',*,*,#753,.T.);
#973=ORIENTED_EDGE('',*,*,#754,.T.);
#974=ORIENTED_EDGE('',*,*,#755,.T.);
#975=ORIENTED_EDGE('',*,*,#754,.F.);
#976=ORIENTED_EDGE('',*,*,#756,.T.);
#977=ORIENTED_EDGE('',*,*,#757,.T.);
#978=ORIENTED_EDGE('',*,*,#735,.T.);
#979=ORIENTED_EDGE('',*,*,#722,.T.);
#980=ORIENTED_EDGE('',*,*,#750,.T.);
#981=ORIENTED_EDGE('',*,*,#757,.F.);
#982=ORIENTED_EDGE('',*,*,#749,.T.);
#983=ORIENTED_EDGE('',*,*,#758,.F.);
#984=ORIENTED_EDGE('',*,*,#736,.T.);
#985=ORIENTED_EDGE('',*,*,#759,.F.);
#986=ORIENTED_EDGE('',*,*,#760,.T.);
#987=ORIENTED_EDGE('',*,*,#761,.T.);
#988=ORIENTED_EDGE('',*,*,#762,.T.);
#989=ORIENTED_EDGE('',*,*,#763,.T.);
#990=ORIENTED_EDGE('',*,*,#742,.F.);
#991=ORIENTED_EDGE('',*,*,#764,.F.);
#992=ORIENTED_EDGE('',*,*,#765,.T.);
#993=ORIENTED_EDGE('',*,*,#760,.F.);
#994=ORIENTED_EDGE('',*,*,#766,.T.);
#995=ORIENTED_EDGE('',*,*,#767,.T.);
#996=ORIENTED_EDGE('',*,*,#759,.T.);
#997=ORIENTED_EDGE('',*,*,#767,.F.);
#998=ORIENTED_EDGE('',*,*,#766,.F.);
#999=ORIENTED_EDGE('',*,*,#753,.F.);
#1000=ORIENTED_EDGE('',*,*,#751,.F.);
#1001=ORIENTED_EDGE('',*,*,#756,.F.);
#1002=ORIENTED_EDGE('',*,*,#768,.T.);
#1003=ORIENTED_EDGE('',*,*,#769,.T.);
#1004=ORIENTED_EDGE('',*,*,#770,.T.);
#1005=ORIENTED_EDGE('',*,*,#769,.F.);
#1006=ORIENTED_EDGE('',*,*,#771,.F.);
#1007=ORIENTED_EDGE('',*,*,#772,.T.);
#1008=ORIENTED_EDGE('',*,*,#768,.F.);
#1009=ORIENTED_EDGE('',*,*,#772,.F.);
#1010=ORIENTED_EDGE('',*,*,#770,.F.);
#1011=ORIENTED_EDGE('',*,*,#773,.T.);
#1012=ORIENTED_EDGE('',*,*,#774,.T.);
#1013=ORIENTED_EDGE('',*,*,#773,.F.);
#1014=ORIENTED_EDGE('',*,*,#775,.F.);
#1015=ORIENTED_EDGE('',*,*,#776,.T.);
#1016=ORIENTED_EDGE('',*,*,#755,.F.);
#1017=ORIENTED_EDGE('',*,*,#776,.F.);
#1018=ORIENTED_EDGE('',*,*,#734,.F.);
#1019=ORIENTED_EDGE('',*,*,#777,.T.);
#1020=ORIENTED_EDGE('',*,*,#762,.F.);
#1021=ORIENTED_EDGE('',*,*,#778,.F.);
#1022=ORIENTED_EDGE('',*,*,#779,.F.);
#1023=ORIENTED_EDGE('',*,*,#780,.F.);
#1024=ORIENTED_EDGE('',*,*,#725,.F.);
#1025=ORIENTED_EDGE('',*,*,#715,.T.);
#1026=ORIENTED_EDGE('',*,*,#781,.F.);
#1027=ORIENTED_EDGE('',*,*,#778,.T.);
#1028=ORIENTED_EDGE('',*,*,#761,.F.);
#1029=ORIENTED_EDGE('',*,*,#765,.F.);
#1030=ORIENTED_EDGE('',*,*,#782,.F.);
#1031=ORIENTED_EDGE('',*,*,#783,.T.);
#1032=ORIENTED_EDGE('',*,*,#730,.F.);
#1033=ORIENTED_EDGE('',*,*,#712,.T.);
#1034=ORIENTED_EDGE('',*,*,#709,.T.);
#1035=ORIENTED_EDGE('',*,*,#784,.T.);
#1036=ORIENTED_EDGE('',*,*,#785,.T.);
#1037=ORIENTED_EDGE('',*,*,#786,.F.);
#1038=ORIENTED_EDGE('',*,*,#785,.F.);
#1039=ORIENTED_EDGE('',*,*,#786,.T.);
#1040=ORIENTED_EDGE('',*,*,#787,.F.);
#1041=ORIENTED_EDGE('',*,*,#771,.T.);
#1042=ORIENTED_EDGE('',*,*,#784,.F.);
#1043=ORIENTED_EDGE('',*,*,#787,.T.);
#1044=ORIENTED_EDGE('',*,*,#788,.T.);
#1045=ORIENTED_EDGE('',*,*,#789,.F.);
#1046=ORIENTED_EDGE('',*,*,#788,.F.);
#1047=ORIENTED_EDGE('',*,*,#790,.F.);
#1048=ORIENTED_EDGE('',*,*,#789,.T.);
#1049=ORIENTED_EDGE('',*,*,#790,.T.);
#1050=ORIENTED_EDGE('',*,*,#791,.T.);
#1051=ORIENTED_EDGE('',*,*,#792,.F.);
#1052=ORIENTED_EDGE('',*,*,#791,.F.);
#1053=ORIENTED_EDGE('',*,*,#774,.F.);
#1054=ORIENTED_EDGE('',*,*,#793,.T.);
#1055=ORIENTED_EDGE('',*,*,#775,.T.);
#1056=ORIENTED_EDGE('',*,*,#793,.F.);
#1057=ORIENTED_EDGE('',*,*,#794,.F.);
#1058=ORIENTED_EDGE('',*,*,#792,.T.);
#1059=ORIENTED_EDGE('',*,*,#728,.T.);
#1060=ORIENTED_EDGE('',*,*,#795,.T.);
#1061=ORIENTED_EDGE('',*,*,#794,.T.);
#1062=ORIENTED_EDGE('',*,*,#795,.F.);
#1063=ORIENTED_EDGE('',*,*,#796,.T.);
#1064=ORIENTED_EDGE('',*,*,#797,.T.);
#1065=ORIENTED_EDGE('',*,*,#705,.T.);
#1066=ORIENTED_EDGE('',*,*,#797,.F.);
#1067=ORIENTED_EDGE('',*,*,#748,.F.);
#1068=ORIENTED_EDGE('',*,*,#798,.T.);
#1069=ORIENTED_EDGE('',*,*,#737,.T.);
#1070=ORIENTED_EDGE('',*,*,#758,.T.);
#1071=ORIENTED_EDGE('',*,*,#717,.T.);
#1072=ORIENTED_EDGE('',*,*,#729,.T.);
#1073=ORIENTED_EDGE('',*,*,#726,.T.);
#1074=ORIENTED_EDGE('',*,*,#780,.T.);
#1075=ORIENTED_EDGE('',*,*,#779,.T.);
#1076=ORIENTED_EDGE('',*,*,#781,.T.);
#1077=ORIENTED_EDGE('',*,*,#740,.F.);
#1078=ORIENTED_EDGE('',*,*,#745,.T.);
#1079=ORIENTED_EDGE('',*,*,#743,.F.);
#1080=ORIENTED_EDGE('',*,*,#763,.F.);
#1081=ORIENTED_EDGE('',*,*,#777,.F.);
#1082=ORIENTED_EDGE('',*,*,#733,.F.);
#1083=ORIENTED_EDGE('',*,*,#746,.F.);
#1084=ORIENTED_EDGE('',*,*,#738,.F.);
#1085=ORIENTED_EDGE('',*,*,#798,.F.);
#1086=ORIENTED_EDGE('',*,*,#747,.F.);
#1087=ORIENTED_EDGE('',*,*,#720,.T.);
#1088=ORIENTED_EDGE('',*,*,#719,.F.);
#1089=ORIENTED_EDGE('',*,*,#731,.F.);
#1090=ORIENTED_EDGE('',*,*,#783,.F.);
#1091=ORIENTED_EDGE('',*,*,#782,.T.);
#1092=ORIENTED_EDGE('',*,*,#764,.T.);
#1093=ORIENTED_EDGE('',*,*,#741,.T.);
#1094=ORIENTED_EDGE('',*,*,#796,.F.);
#1095=ORIENTED_EDGE('',*,*,#799,.T.);
#1096=ORIENTED_EDGE('',*,*,#800,.T.);
#1097=ORIENTED_EDGE('',*,*,#801,.T.);
#1098=ORIENTED_EDGE('',*,*,#802,.T.);
#1099=ORIENTED_EDGE('',*,*,#803,.F.);
#1100=ORIENTED_EDGE('',*,*,#804,.T.);
#1101=ORIENTED_EDGE('',*,*,#805,.T.);
#1102=ORIENTED_EDGE('',*,*,#806,.T.);
#1103=ORIENTED_EDGE('',*,*,#807,.F.);
#1104=ORIENTED_EDGE('',*,*,#808,.F.);
#1105=ORIENTED_EDGE('',*,*,#809,.T.);
#1106=ORIENTED_EDGE('',*,*,#810,.T.);
#1107=ORIENTED_EDGE('',*,*,#811,.T.);
#1108=ORIENTED_EDGE('',*,*,#812,.T.);
#1109=ORIENTED_EDGE('',*,*,#813,.T.);
#1110=ORIENTED_EDGE('',*,*,#814,.T.);
#1111=ORIENTED_EDGE('',*,*,#815,.T.);
#1112=ORIENTED_EDGE('',*,*,#816,.T.);
#1113=ORIENTED_EDGE('',*,*,#817,.T.);
#1114=ORIENTED_EDGE('',*,*,#818,.T.);
#1115=ORIENTED_EDGE('',*,*,#819,.T.);
#1116=ORIENTED_EDGE('',*,*,#818,.F.);
#1117=ORIENTED_EDGE('',*,*,#820,.T.);
#1118=ORIENTED_EDGE('',*,*,#821,.F.);
#1119=ORIENTED_EDGE('',*,*,#817,.F.);
#1120=ORIENTED_EDGE('',*,*,#822,.F.);
#1121=ORIENTED_EDGE('',*,*,#823,.F.);
#1122=ORIENTED_EDGE('',*,*,#820,.F.);
#1123=ORIENTED_EDGE('',*,*,#824,.T.);
#1124=ORIENTED_EDGE('',*,*,#825,.F.);
#1125=ORIENTED_EDGE('',*,*,#822,.T.);
#1126=ORIENTED_EDGE('',*,*,#816,.F.);
#1127=ORIENTED_EDGE('',*,*,#826,.F.);
#1128=ORIENTED_EDGE('',*,*,#827,.T.);
#1129=ORIENTED_EDGE('',*,*,#809,.F.);
#1130=ORIENTED_EDGE('',*,*,#828,.T.);
#1131=ORIENTED_EDGE('',*,*,#829,.F.);
#1132=ORIENTED_EDGE('',*,*,#830,.F.);
#1133=ORIENTED_EDGE('',*,*,#810,.F.);
#1134=ORIENTED_EDGE('',*,*,#827,.F.);
#1135=ORIENTED_EDGE('',*,*,#831,.F.);
#1136=ORIENTED_EDGE('',*,*,#832,.T.);
#1137=ORIENTED_EDGE('',*,*,#807,.T.);
#1138=ORIENTED_EDGE('',*,*,#830,.T.);
#1139=ORIENTED_EDGE('',*,*,#825,.T.);
#1140=ORIENTED_EDGE('',*,*,#833,.F.);
#1141=ORIENTED_EDGE('',*,*,#834,.F.);
#1142=ORIENTED_EDGE('',*,*,#835,.F.);
#1143=ORIENTED_EDGE('',*,*,#831,.T.);
#1144=ORIENTED_EDGE('',*,*,#829,.T.);
#1145=ORIENTED_EDGE('',*,*,#826,.T.);
#1146=ORIENTED_EDGE('',*,*,#836,.F.);
#1147=ORIENTED_EDGE('',*,*,#837,.F.);
#1148=ORIENTED_EDGE('',*,*,#838,.F.);
#1149=ORIENTED_EDGE('',*,*,#821,.T.);
#1150=ORIENTED_EDGE('',*,*,#823,.T.);
#1151=ORIENTED_EDGE('',*,*,#839,.T.);
#1152=ORIENTED_EDGE('',*,*,#799,.F.);
#1153=ORIENTED_EDGE('',*,*,#840,.T.);
#1154=ORIENTED_EDGE('',*,*,#841,.F.);
#1155=ORIENTED_EDGE('',*,*,#802,.F.);
#1156=ORIENTED_EDGE('',*,*,#842,.F.);
#1157=ORIENTED_EDGE('',*,*,#843,.F.);
#1158=ORIENTED_EDGE('',*,*,#840,.F.);
#1159=ORIENTED_EDGE('',*,*,#844,.F.);
#1160=ORIENTED_EDGE('',*,*,#845,.F.);
#1161=ORIENTED_EDGE('',*,*,#800,.F.);
#1162=ORIENTED_EDGE('',*,*,#839,.F.);
#1163=ORIENTED_EDGE('',*,*,#845,.T.);
#1164=ORIENTED_EDGE('',*,*,#846,.F.);
#1165=ORIENTED_EDGE('',*,*,#842,.T.);
#1166=ORIENTED_EDGE('',*,*,#801,.F.);
#1167=ORIENTED_EDGE('',*,*,#847,.F.);
#1168=ORIENTED_EDGE('',*,*,#848,.T.);
#1169=ORIENTED_EDGE('',*,*,#803,.T.);
#1170=ORIENTED_EDGE('',*,*,#849,.T.);
#1171=ORIENTED_EDGE('',*,*,#806,.F.);
#1172=ORIENTED_EDGE('',*,*,#850,.F.);
#1173=ORIENTED_EDGE('',*,*,#851,.F.);
#1174=ORIENTED_EDGE('',*,*,#849,.F.);
#1175=ORIENTED_EDGE('',*,*,#852,.F.);
#1176=ORIENTED_EDGE('',*,*,#850,.T.);
#1177=ORIENTED_EDGE('',*,*,#805,.F.);
#1178=ORIENTED_EDGE('',*,*,#853,.T.);
#1179=ORIENTED_EDGE('',*,*,#854,.T.);
#1180=ORIENTED_EDGE('',*,*,#811,.F.);
#1181=ORIENTED_EDGE('',*,*,#855,.T.);
#1182=ORIENTED_EDGE('',*,*,#856,.F.);
#1183=ORIENTED_EDGE('',*,*,#857,.F.);
#1184=ORIENTED_EDGE('',*,*,#858,.F.);
#1185=ORIENTED_EDGE('',*,*,#812,.F.);
#1186=ORIENTED_EDGE('',*,*,#854,.F.);
#1187=ORIENTED_EDGE('',*,*,#858,.T.);
#1188=ORIENTED_EDGE('',*,*,#859,.F.);
#1189=ORIENTED_EDGE('',*,*,#860,.T.);
#1190=ORIENTED_EDGE('',*,*,#813,.F.);
#1191=ORIENTED_EDGE('',*,*,#852,.T.);
#1192=ORIENTED_EDGE('',*,*,#861,.T.);
#1193=ORIENTED_EDGE('',*,*,#862,.F.);
#1194=ORIENTED_EDGE('',*,*,#863,.F.);
#1195=ORIENTED_EDGE('',*,*,#859,.T.);
#1196=ORIENTED_EDGE('',*,*,#857,.T.);
#1197=ORIENTED_EDGE('',*,*,#856,.T.);
#1198=ORIENTED_EDGE('',*,*,#864,.F.);
#1199=ORIENTED_EDGE('',*,*,#865,.F.);
#1200=ORIENTED_EDGE('',*,*,#866,.T.);
#1201=ORIENTED_EDGE('',*,*,#847,.T.);
#1202=ORIENTED_EDGE('',*,*,#851,.T.);
#1203=ORIENTED_EDGE('',*,*,#841,.T.);
#1204=ORIENTED_EDGE('',*,*,#843,.T.);
#1205=ORIENTED_EDGE('',*,*,#846,.T.);
#1206=ORIENTED_EDGE('',*,*,#844,.T.);
#1207=ORIENTED_EDGE('',*,*,#867,.T.);
#1208=ORIENTED_EDGE('',*,*,#868,.T.);
#1209=ORIENTED_EDGE('',*,*,#869,.T.);
#1210=ORIENTED_EDGE('',*,*,#837,.T.);
#1211=ORIENTED_EDGE('',*,*,#869,.F.);
#1212=ORIENTED_EDGE('',*,*,#870,.F.);
#1213=ORIENTED_EDGE('',*,*,#871,.T.);
#1214=ORIENTED_EDGE('',*,*,#872,.F.);
#1215=ORIENTED_EDGE('',*,*,#873,.F.);
#1216=ORIENTED_EDGE('',*,*,#833,.T.);
#1217=ORIENTED_EDGE('',*,*,#824,.F.);
#1218=ORIENTED_EDGE('',*,*,#815,.F.);
#1219=ORIENTED_EDGE('',*,*,#819,.F.);
#1220=ORIENTED_EDGE('',*,*,#838,.T.);
#1221=ORIENTED_EDGE('',*,*,#874,.T.);
#1222=ORIENTED_EDGE('',*,*,#834,.T.);
#1223=ORIENTED_EDGE('',*,*,#873,.T.);
#1224=ORIENTED_EDGE('',*,*,#875,.T.);
#1225=ORIENTED_EDGE('',*,*,#876,.T.);
#1226=ORIENTED_EDGE('',*,*,#865,.T.);
#1227=ORIENTED_EDGE('',*,*,#877,.T.);
#1228=ORIENTED_EDGE('',*,*,#878,.T.);
#1229=ORIENTED_EDGE('',*,*,#876,.F.);
#1230=ORIENTED_EDGE('',*,*,#879,.F.);
#1231=ORIENTED_EDGE('',*,*,#880,.T.);
#1232=ORIENTED_EDGE('',*,*,#881,.F.);
#1233=ORIENTED_EDGE('',*,*,#882,.F.);
#1234=ORIENTED_EDGE('',*,*,#861,.F.);
#1235=ORIENTED_EDGE('',*,*,#853,.F.);
#1236=ORIENTED_EDGE('',*,*,#804,.F.);
#1237=ORIENTED_EDGE('',*,*,#848,.F.);
#1238=ORIENTED_EDGE('',*,*,#866,.F.);
#1239=ORIENTED_EDGE('',*,*,#882,.T.);
#1240=ORIENTED_EDGE('',*,*,#883,.T.);
#1241=ORIENTED_EDGE('',*,*,#884,.T.);
#1242=ORIENTED_EDGE('',*,*,#862,.T.);
#1243=ORIENTED_EDGE('',*,*,#875,.F.);
#1244=ORIENTED_EDGE('',*,*,#872,.T.);
#1245=ORIENTED_EDGE('',*,*,#885,.T.);
#1246=ORIENTED_EDGE('',*,*,#883,.F.);
#1247=ORIENTED_EDGE('',*,*,#881,.T.);
#1248=ORIENTED_EDGE('',*,*,#886,.T.);
#1249=ORIENTED_EDGE('',*,*,#868,.F.);
#1250=ORIENTED_EDGE('',*,*,#887,.T.);
#1251=ORIENTED_EDGE('',*,*,#879,.T.);
#1252=ORIENTED_EDGE('',*,*,#878,.F.);
#1253=ORIENTED_EDGE('',*,*,#888,.T.);
#1254=ORIENTED_EDGE('',*,*,#870,.T.);
#1255=ORIENTED_EDGE('',*,*,#867,.F.);
#1256=ORIENTED_EDGE('',*,*,#836,.T.);
#1257=ORIENTED_EDGE('',*,*,#828,.F.);
#1258=ORIENTED_EDGE('',*,*,#808,.T.);
#1259=ORIENTED_EDGE('',*,*,#832,.F.);
#1260=ORIENTED_EDGE('',*,*,#835,.T.);
#1261=ORIENTED_EDGE('',*,*,#874,.F.);
#1262=ORIENTED_EDGE('',*,*,#886,.F.);
#1263=ORIENTED_EDGE('',*,*,#880,.F.);
#1264=ORIENTED_EDGE('',*,*,#887,.F.);
#1265=ORIENTED_EDGE('',*,*,#877,.F.);
#1266=ORIENTED_EDGE('',*,*,#864,.T.);
#1267=ORIENTED_EDGE('',*,*,#855,.F.);
#1268=ORIENTED_EDGE('',*,*,#814,.F.);
#1269=ORIENTED_EDGE('',*,*,#860,.F.);
#1270=ORIENTED_EDGE('',*,*,#863,.T.);
#1271=ORIENTED_EDGE('',*,*,#884,.F.);
#1272=ORIENTED_EDGE('',*,*,#885,.F.);
#1273=ORIENTED_EDGE('',*,*,#871,.F.);
#1274=ORIENTED_EDGE('',*,*,#888,.F.);
#1275=CYLINDRICAL_SURFACE('',#1374,0.874999999999999);
#1276=CYLINDRICAL_SURFACE('',#1396,6.);
#1277=CYLINDRICAL_SURFACE('',#1410,11.5);
#1278=CYLINDRICAL_SURFACE('',#1423,10.2500000000114);
#1279=CYLINDRICAL_SURFACE('',#1432,6.54999999999853);
#1280=CYLINDRICAL_SURFACE('',#1438,4.5);
#1281=CYLINDRICAL_SURFACE('',#1442,6.5500000000007);
#1282=CYLINDRICAL_SURFACE('',#1444,8.55000000001011);
#1283=CYLINDRICAL_SURFACE('',#1449,0.874999999999999);
#1284=ADVANCED_FACE('',(#121),#1275,.F.);
#1285=ADVANCED_FACE('',(#122),#69,.T.);
#1286=ADVANCED_FACE('',(#123,#34),#70,.F.);
#1287=ADVANCED_FACE('',(#124),#71,.F.);
#1288=ADVANCED_FACE('',(#125),#72,.F.);
#1289=ADVANCED_FACE('',(#126),#73,.F.);
#1290=ADVANCED_FACE('',(#127),#74,.F.);
#1291=ADVANCED_FACE('',(#128,#35),#75,.T.);
#1292=ADVANCED_FACE('',(#129),#27,.T.);
#1293=ADVANCED_FACE('',(#130),#20,.T.);
#1294=ADVANCED_FACE('',(#131),#1276,.T.);
#1295=ADVANCED_FACE('',(#132),#76,.F.);
#1296=ADVANCED_FACE('',(#133),#17,.F.);
#1297=ADVANCED_FACE('',(#134),#77,.F.);
#1298=ADVANCED_FACE('',(#135),#18,.F.);
#1299=ADVANCED_FACE('',(#136),#19,.F.);
#1300=ADVANCED_FACE('',(#137),#21,.F.);
#1301=ADVANCED_FACE('',(#138),#22,.T.);
#1302=ADVANCED_FACE('',(#139),#78,.F.);
#1303=ADVANCED_FACE('',(#140),#1277,.T.);
#1304=ADVANCED_FACE('',(#141),#23,.T.);
#1305=ADVANCED_FACE('',(#142,#36),#79,.T.);
#1306=ADVANCED_FACE('',(#143),#24,.T.);
#1307=ADVANCED_FACE('',(#144),#1278,.T.);
#1308=ADVANCED_FACE('',(#145),#28,.T.);
#1309=ADVANCED_FACE('',(#146),#29,.T.);
#1310=ADVANCED_FACE('',(#147),#80,.F.);
#1311=ADVANCED_FACE('',(#148),#30,.T.);
#1312=ADVANCED_FACE('',(#149),#1279,.F.);
#1313=ADVANCED_FACE('',(#150,#37),#81,.T.);
#1314=ADVANCED_FACE('',(#151,#38),#82,.T.);
#1315=ADVANCED_FACE('',(#152),#1280,.F.);
#1316=ADVANCED_FACE('',(#153,#39),#83,.T.);
#1317=ADVANCED_FACE('',(#154),#1281,.F.);
#1318=ADVANCED_FACE('',(#155),#1282,.T.);
#1319=ADVANCED_FACE('',(#156,#40),#84,.T.);
#1320=ADVANCED_FACE('',(#157),#25,.T.);
#1321=ADVANCED_FACE('',(#158),#1283,.F.);
#1322=ADVANCED_FACE('',(#159),#85,.F.);
#1323=ADVANCED_FACE('',(#160),#26,.T.);
#1324=ADVANCED_FACE('',(#161),#86,.F.);
#1325=ADVANCED_FACE('',(#162,#41),#87,.F.);
#1326=ADVANCED_FACE('',(#163),#88,.F.);
#1327=ADVANCED_FACE('',(#164),#89,.F.);
#1328=ADVANCED_FACE('',(#165),#90,.F.);
#1329=ADVANCED_FACE('',(#166),#91,.F.);
#1330=ADVANCED_FACE('',(#167),#92,.F.);
#1331=ADVANCED_FACE('',(#168),#93,.T.);
#1332=ADVANCED_FACE('',(#169),#94,.T.);
#1333=ADVANCED_FACE('',(#170),#95,.T.);
#1334=ADVANCED_FACE('',(#171),#96,.T.);
#1335=ADVANCED_FACE('',(#172),#97,.T.);
#1336=ADVANCED_FACE('',(#173),#98,.T.);
#1337=ADVANCED_FACE('',(#174),#99,.T.);
#1338=ADVANCED_FACE('',(#175),#100,.T.);
#1339=ADVANCED_FACE('',(#176),#101,.T.);
#1340=ADVANCED_FACE('',(#177),#102,.T.);
#1341=ADVANCED_FACE('',(#178),#103,.T.);
#1342=ADVANCED_FACE('',(#179),#104,.T.);
#1343=ADVANCED_FACE('',(#180),#105,.T.);
#1344=ADVANCED_FACE('',(#181),#106,.T.);
#1345=ADVANCED_FACE('',(#182),#107,.T.);
#1346=ADVANCED_FACE('',(#183),#108,.T.);
#1347=ADVANCED_FACE('',(#184),#109,.T.);
#1348=ADVANCED_FACE('',(#185,#42),#110,.T.);
#1349=ADVANCED_FACE('',(#186),#111,.T.);
#1350=ADVANCED_FACE('',(#187),#112,.T.);
#1351=ADVANCED_FACE('',(#188),#113,.T.);
#1352=ADVANCED_FACE('',(#189),#114,.T.);
#1353=ADVANCED_FACE('',(#190),#115,.T.);
#1354=ADVANCED_FACE('',(#191),#116,.T.);
#1355=ADVANCED_FACE('',(#192),#117,.T.);
#1356=ADVANCED_FACE('',(#193),#118,.T.);
#1357=ADVANCED_FACE('',(#194),#119,.T.);
#1358=ADVANCED_FACE('',(#195),#120,.T.);
#1359=CLOSED_SHELL('',(#1284,#1285,#1286,#1287,#1288,#1289,#1290,#1291,
#1292,#1293,#1294,#1295,#1296,#1297,#1298,#1299,#1300,#1301,#1302,#1303,
#1304,#1305,#1306,#1307,#1308,#1309,#1310,#1311,#1312,#1313,#1314,#1315,
#1316,#1317,#1318,#1319,#1320,#1321,#1322,#1323,#1324,#1325));
#1360=CLOSED_SHELL('',(#1326,#1327,#1328,#1329,#1330,#1331,#1332,#1333,
#1334,#1335,#1336,#1337,#1338,#1339,#1340,#1341,#1342,#1343,#1344,#1345,
#1346,#1347,#1348,#1349,#1350,#1351,#1352,#1353,#1354,#1355,#1356,#1357,
#1358));
#1361=DERIVED_UNIT_ELEMENT(#1363,1.);
#1362=DERIVED_UNIT_ELEMENT(#2704,-3.);
#1363=(
MASS_UNIT()
NAMED_UNIT(*)
SI_UNIT(.KILO.,.GRAM.)
);
#1364=DERIVED_UNIT((#1361,#1362));
#1365=MEASURE_REPRESENTATION_ITEM('density measure',
POSITIVE_RATIO_MEASURE(1060.),#1364);
#1366=PROPERTY_DEFINITION_REPRESENTATION(#1371,#1368);
#1367=PROPERTY_DEFINITION_REPRESENTATION(#1372,#1369);
#1368=REPRESENTATION('material name',(#1370),#2701);
#1369=REPRESENTATION('density',(#1365),#2701);
#1370=DESCRIPTIVE_REPRESENTATION_ITEM('ABS Plastic','ABS Plastic');
#1371=PROPERTY_DEFINITION('material property','material name',#2711);
#1372=PROPERTY_DEFINITION('material property','density of part',#2711);
#1373=AXIS2_PLACEMENT_3D('',#1843,#1488,#1489);
#1374=AXIS2_PLACEMENT_3D('',#1844,#1490,#1491);
#1375=AXIS2_PLACEMENT_3D('',#1846,#1492,#1493);
#1376=AXIS2_PLACEMENT_3D('',#1849,#1495,#1496);
#1377=AXIS2_PLACEMENT_3D('',#1850,#1497,#1498);
#1378=AXIS2_PLACEMENT_3D('',#1851,#1499,#1500);
#1379=AXIS2_PLACEMENT_3D('',#1881,#1505,#1506);
#1380=AXIS2_PLACEMENT_3D('',#1882,#1507,#1508);
#1381=AXIS2_PLACEMENT_3D('',#1888,#1512,#1513);
#1382=AXIS2_PLACEMENT_3D('',#1891,#1514,#1515);
#1383=AXIS2_PLACEMENT_3D('',#1894,#1518,#1519);
#1384=AXIS2_PLACEMENT_3D('',#1895,#1520,#1521);
#1385=AXIS2_PLACEMENT_3D('',#1896,#1522,#1523);
#1386=AXIS2_PLACEMENT_3D('',#1898,#1524,#1525);
#1387=AXIS2_PLACEMENT_3D('',#1900,#1527,#1528);
#1388=AXIS2_PLACEMENT_3D('',#1924,#1529,#1530);
#1389=AXIS2_PLACEMENT_3D('',#1926,#1531,#1532);
#1390=AXIS2_PLACEMENT_3D('',#1941,#1533,#1534);
#1391=AXIS2_PLACEMENT_3D('',#1959,#1535,#1536);
#1392=AXIS2_PLACEMENT_3D('',#1962,#1538,#1539);
#1393=AXIS2_PLACEMENT_3D('',#1963,#1540,#1541);
#1394=AXIS2_PLACEMENT_3D('',#1964,#1542,#1543);
#1395=AXIS2_PLACEMENT_3D('',#1966,#1544,#1545);
#1396=AXIS2_PLACEMENT_3D('',#1982,#1546,#1547);
#1397=AXIS2_PLACEMENT_3D('',#1986,#1549,#1550);
#1398=AXIS2_PLACEMENT_3D('',#1988,#1552,#1553);
#1399=AXIS2_PLACEMENT_3D('',#2094,#1559,#1560);
#1400=AXIS2_PLACEMENT_3D('',#2163,#1561,#1562);
#1401=AXIS2_PLACEMENT_3D('',#2164,#1563,#1564);
#1402=AXIS2_PLACEMENT_3D('',#2399,#1567,#1568);
#1403=AXIS2_PLACEMENT_3D('',#2401,#1569,#1570);
#1404=AXIS2_PLACEMENT_3D('',#2403,#1571,#1572);
#1405=AXIS2_PLACEMENT_3D('',#2404,#1573,#1574);
#1406=AXIS2_PLACEMENT_3D('',#2405,#1575,#1576);
#1407=AXIS2_PLACEMENT_3D('',#2406,#1577,#1578);
#1408=AXIS2_PLACEMENT_3D('',#2407,#1579,#1580);
#1409=AXIS2_PLACEMENT_3D('',#2408,#1581,#1582);
#1410=AXIS2_PLACEMENT_3D('',#2410,#1584,#1585);
#1411=AXIS2_PLACEMENT_3D('',#2412,#1586,#1587);
#1412=AXIS2_PLACEMENT_3D('',#2416,#1589,#1590);
#1413=AXIS2_PLACEMENT_3D('',#2419,#1592,#1593);
#1414=AXIS2_PLACEMENT_3D('',#2422,#1595,#1596);
#1415=AXIS2_PLACEMENT_3D('',#2423,#1597,#1598);
#1416=AXIS2_PLACEMENT_3D('',#2425,#1599,#1600);
#1417=AXIS2_PLACEMENT_3D('',#2426,#1601,#1602);
#1418=AXIS2_PLACEMENT_3D('',#2427,#1603,#1604);
#1419=AXIS2_PLACEMENT_3D('',#2428,#1605,#1606);
#1420=AXIS2_PLACEMENT_3D('',#2430,#1607,#1608);
#1421=AXIS2_PLACEMENT_3D('',#2432,#1609,#1610);
#1422=AXIS2_PLACEMENT_3D('',#2433,#1611,#1612);
#1423=AXIS2_PLACEMENT_3D('',#2434,#1613,#1614);
#1424=AXIS2_PLACEMENT_3D('',#2436,#1615,#1616);
#1425=AXIS2_PLACEMENT_3D('',#2438,#1618,#1619);
#1426=AXIS2_PLACEMENT_3D('',#2441,#1621,#1622);
#1427=AXIS2_PLACEMENT_3D('',#2442,#1623,#1624);
#1428=AXIS2_PLACEMENT_3D('',#2444,#1625,#1626);
#1429=AXIS2_PLACEMENT_3D('',#2446,#1628,#1629);
#1430=AXIS2_PLACEMENT_3D('',#2469,#1631,#1632);
#1431=AXIS2_PLACEMENT_3D('',#2470,#1633,#1634);
#1432=AXIS2_PLACEMENT_3D('',#2479,#1635,#1636);
#1433=AXIS2_PLACEMENT_3D('',#2481,#1637,#1638);
#1434=AXIS2_PLACEMENT_3D('',#2484,#1640,#1641);
#1435=AXIS2_PLACEMENT_3D('',#2485,#1642,#1643);
#1436=AXIS2_PLACEMENT_3D('',#2487,#1644,#1645);
#1437=AXIS2_PLACEMENT_3D('',#2488,#1646,#1647);
#1438=AXIS2_PLACEMENT_3D('',#2489,#1648,#1649);
#1439=AXIS2_PLACEMENT_3D('',#2492,#1651,#1652);
#1440=AXIS2_PLACEMENT_3D('',#2493,#1653,#1654);
#1441=AXIS2_PLACEMENT_3D('',#2495,#1655,#1656);
#1442=AXIS2_PLACEMENT_3D('',#2496,#1657,#1658);
#1443=AXIS2_PLACEMENT_3D('',#2499,#1660,#1661);
#1444=AXIS2_PLACEMENT_3D('',#2500,#1662,#1663);
#1445=AXIS2_PLACEMENT_3D('',#2502,#1665,#1666);
#1446=AXIS2_PLACEMENT_3D('',#2504,#1667,#1668);
#1447=AXIS2_PLACEMENT_3D('',#2505,#1669,#1670);
#1448=AXIS2_PLACEMENT_3D('',#2506,#1671,#1672);
#1449=AXIS2_PLACEMENT_3D('',#2507,#1673,#1674);
#1450=AXIS2_PLACEMENT_3D('',#2509,#1675,#1676);
#1451=AXIS2_PLACEMENT_3D('',#2511,#1678,#1679);
#1452=AXIS2_PLACEMENT_3D('',#2513,#1681,#1682);
#1453=AXIS2_PLACEMENT_3D('',#2514,#1683,#1684);
#1454=AXIS2_PLACEMENT_3D('',#2515,#1685,#1686);
#1455=AXIS2_PLACEMENT_3D('',#2516,#1687,#1688);
#1456=AXIS2_PLACEMENT_3D('',#2525,#1693,#1694);
#1457=AXIS2_PLACEMENT_3D('',#2534,#1699,#1700);
#1458=AXIS2_PLACEMENT_3D('',#2543,#1705,#1706);
#1459=AXIS2_PLACEMENT_3D('',#2552,#1711,#1712);
#1460=AXIS2_PLACEMENT_3D('',#2561,#1717,#1718);
#1461=AXIS2_PLACEMENT_3D('',#2567,#1722,#1723);
#1462=AXIS2_PLACEMENT_3D('',#2571,#1726,#1727);
#1463=AXIS2_PLACEMENT_3D('',#2575,#1730,#1731);
#1464=AXIS2_PLACEMENT_3D('',#2581,#1735,#1736);
#1465=AXIS2_PLACEMENT_3D('',#2585,#1739,#1740);
#1466=AXIS2_PLACEMENT_3D('',#2589,#1743,#1744);
#1467=AXIS2_PLACEMENT_3D('',#2600,#1751,#1752);
#1468=AXIS2_PLACEMENT_3D('',#2606,#1756,#1757);
#1469=AXIS2_PLACEMENT_3D('',#2610,#1760,#1761);
#1470=AXIS2_PLACEMENT_3D('',#2614,#1764,#1765);
#1471=AXIS2_PLACEMENT_3D('',#2616,#1767,#1768);
#1472=AXIS2_PLACEMENT_3D('',#2622,#1772,#1773);
#1473=AXIS2_PLACEMENT_3D('',#2626,#1776,#1777);
#1474=AXIS2_PLACEMENT_3D('',#2630,#1780,#1781);
#1475=AXIS2_PLACEMENT_3D('',#2636,#1785,#1786);
#1476=AXIS2_PLACEMENT_3D('',#2640,#1789,#1790);
#1477=AXIS2_PLACEMENT_3D('',#2644,#1793,#1794);
#1478=AXIS2_PLACEMENT_3D('',#2655,#1801,#1802);
#1479=AXIS2_PLACEMENT_3D('',#2661,#1806,#1807);
#1480=AXIS2_PLACEMENT_3D('',#2669,#1812,#1813);
#1481=AXIS2_PLACEMENT_3D('',#2673,#1816,#1817);
#1482=AXIS2_PLACEMENT_3D('',#2679,#1821,#1822);
#1483=AXIS2_PLACEMENT_3D('',#2687,#1827,#1828);
#1484=AXIS2_PLACEMENT_3D('',#2691,#1831,#1832);
#1485=AXIS2_PLACEMENT_3D('',#2694,#1835,#1836);
#1486=AXIS2_PLACEMENT_3D('',#2697,#1839,#1840);
#1487=AXIS2_PLACEMENT_3D('',#2698,#1841,#1842);
#1488=DIRECTION('axis',(0.,0.,1.));
#1489=DIRECTION('refdir',(1.,0.,0.));
#1490=DIRECTION('center_axis',(0.,1.,3.05452489179816E-30));
#1491=DIRECTION('ref_axis',(1.,0.,-2.53315240358954E-46));
#1492=DIRECTION('center_axis',(-2.05207900048168E-16,1.,3.05529137768845E-30));
#1493=DIRECTION('ref_axis',(1.,0.,-2.53315240358954E-46));
#1494=DIRECTION('',(0.,1.,3.05452489179816E-30));
#1495=DIRECTION('center_axis',(0.,1.,3.05529137768845E-30));
#1496=DIRECTION('ref_axis',(1.,-3.52170046973666E-32,-2.53315240358954E-46));
#1497=DIRECTION('center_axis',(8.29103378515097E-17,-1.,-3.05529137768845E-30));
#1498=DIRECTION('ref_axis',(-1.,-8.29103378515097E-17,0.));
#1499=DIRECTION('center_axis',(2.05207900048168E-16,-1.,-3.05529137768845E-30));
#1500=DIRECTION('ref_axis',(-1.,-2.05207900048168E-16,-3.73654687291767E-46));
#1501=DIRECTION('',(-2.53315240358954E-46,3.05529137768845E-30,-1.));
#1502=DIRECTION('',(1.,2.05207900048168E-16,6.11487810983291E-17));
#1503=DIRECTION('',(-0.715813308369386,-5.93483232355148E-17,0.698291706639335));
#1504=DIRECTION('',(1.,2.53832961099631E-16,9.07212673371292E-10));
#1505=DIRECTION('center_axis',(-2.05207900048168E-16,1.,3.05529137768845E-30));
#1506=DIRECTION('ref_axis',(1.,0.,0.));
#1507=DIRECTION('center_axis',(-1.,-3.70074341541719E-16,-8.7736970445719E-46));
#1508=DIRECTION('ref_axis',(2.53315240358954E-46,-3.05529137768845E-30,
1.));
#1509=DIRECTION('',(-3.70074341541719E-16,1.,0.));
#1510=DIRECTION('',(2.53315240358954E-46,-3.05529137768845E-30,1.));
#1511=DIRECTION('',(-3.70074341541719E-16,1.,0.));
#1512=DIRECTION('center_axis',(-6.11487810983291E-17,-2.26295949010429E-32,
1.));
#1513=DIRECTION('ref_axis',(1.,2.05207900048168E-16,6.11487810983291E-17));
#1514=DIRECTION('center_axis',(-6.11487810983291E-17,-2.26295949010429E-32,
1.));
#1515=DIRECTION('ref_axis',(1.,7.40924253735697E-18,0.));
#1516=DIRECTION('',(-3.70074341541719E-16,1.,0.));
#1517=DIRECTION('',(1.,2.05207900048168E-16,6.11487810983291E-17));
#1518=DIRECTION('center_axis',(0.698291706639335,2.58419843538595E-16,0.715813308369386));
#1519=DIRECTION('ref_axis',(0.715813308369386,5.93483232355148E-17,-0.698291706639335));
#1520=DIRECTION('center_axis',(0.698291706639335,2.58419843538595E-16,0.715813308369386));
#1521=DIRECTION('ref_axis',(0.715813308369386,1.29476007092629E-16,-0.698291706639335));
#1522=DIRECTION('center_axis',(9.07212673371292E-10,3.35736132736183E-25,
-1.));
#1523=DIRECTION('ref_axis',(-1.,-2.53832961099631E-16,-9.07212673371292E-10));
#1524=DIRECTION('center_axis',(9.07212673371292E-10,3.35736132736183E-25,
-1.));
#1525=DIRECTION('ref_axis',(1.,1.96976512429684E-17,9.07212679347695E-10));
#1526=DIRECTION('',(-1.,-2.53832961099631E-16,-9.07212673371292E-10));
#1527=DIRECTION('center_axis',(2.05207900048168E-16,-1.,-3.05529137768845E-30));
#1528=DIRECTION('ref_axis',(-1.,-2.05207900048168E-16,-3.73654687291767E-46));
#1529=DIRECTION('center_axis',(-2.00186266620895E-33,0.,1.));
#1530=DIRECTION('ref_axis',(1.,7.40924253735697E-18,0.));
#1531=DIRECTION('center_axis',(0.,0.,1.));
#1532=DIRECTION('ref_axis',(-1.,-3.70462126867851E-18,0.));
#1533=DIRECTION('center_axis',(-2.00186266620895E-33,0.,1.));
#1534=DIRECTION('ref_axis',(1.,7.40924253735697E-18,0.));
#1535=DIRECTION('center_axis',(0.,0.,1.));
#1536=DIRECTION('ref_axis',(-1.,-3.70462126867851E-18,0.));
#1537=DIRECTION('',(0.707106781186546,9.18347312651701E-17,-0.707106781186549));
#1538=DIRECTION('center_axis',(0.,0.,-1.));
#1539=DIRECTION('ref_axis',(-1.,-3.70462126867848E-18,0.));
#1540=DIRECTION('center_axis',(0.,0.,1.));
#1541=DIRECTION('ref_axis',(-1.,-3.70462126867851E-18,0.));
#1542=DIRECTION('center_axis',(-2.00186266620895E-33,0.,1.));
#1543=DIRECTION('ref_axis',(1.,0.,0.));
#1544=DIRECTION('center_axis',(0.,0.,-1.));
#1545=DIRECTION('ref_axis',(-1.,-3.70462126867847E-18,0.));
#1546=DIRECTION('center_axis',(-3.68505479155132E-14,-7.95190616258059E-14,
-1.));
#1547=DIRECTION('ref_axis',(0.976552485456878,-0.215279453613191,-1.88532605936555E-14));
#1548=DIRECTION('',(3.68505479155132E-14,7.95190616258059E-14,1.));
#1549=DIRECTION('center_axis',(-2.76915242872851E-12,-3.50003333967573E-28,
1.));
#1550=DIRECTION('ref_axis',(0.976552485456878,-0.215279453613191,-1.88532605936555E-14));
#1551=DIRECTION('',(-3.68505479155132E-14,-7.95190616258059E-14,-1.));
#1552=DIRECTION('center_axis',(-1.,-1.26393668451209E-16,3.68505479155132E-14));
#1553=DIRECTION('ref_axis',(-3.68505479155132E-14,0.,-1.));
#1554=DIRECTION('',(1.26393668451209E-16,-1.,0.));
#1555=DIRECTION('',(1.07714181124731E-14,0.95531900312794,0.295576728215599));
#1556=DIRECTION('',(3.68505479155132E-14,0.,1.));
#1557=DIRECTION('',(1.10129106591678E-14,-0.955319003127926,0.295576728215647));
#1558=DIRECTION('',(1.26393668451209E-16,-1.,0.));
#1559=DIRECTION('center_axis',(-0.467979346719146,-0.250789376055646,-0.847407823838051));
#1560=DIRECTION('ref_axis',(0.746915777901794,0.400270959005646,-0.530942539356246));
#1561=DIRECTION('center_axis',(0.482962913144598,0.258819045102521,0.836516303737771));
#1562=DIRECTION('ref_axis',(0.737315856849155,0.395126376818733,-0.547942034873121));
#1563=DIRECTION('center_axis',(0.482962913144598,0.258819045102521,0.836516303737771));
#1564=DIRECTION('ref_axis',(-0.866025403784401,-1.38777878078145E-17,0.500000000000066));
#1565=DIRECTION('',(0.472347490481338,-0.881412416656348,1.30800220047021E-12));
#1566=DIRECTION('',(-0.866025403784401,-7.18024588157563E-17,0.500000000000066));
#1567=DIRECTION('center_axis',(-2.00186266620895E-33,0.,1.));
#1568=DIRECTION('ref_axis',(1.,0.,0.));
#1569=DIRECTION('center_axis',(-2.00186266620895E-33,0.,1.));
#1570=DIRECTION('ref_axis',(-1.,1.22464679914735E-16,-2.00186266620895E-33));
#1571=DIRECTION('center_axis',(1.22464679914735E-16,-1.,2.45157470650538E-49));
#1572=DIRECTION('ref_axis',(-1.,-1.22464679914735E-16,0.));
#1573=DIRECTION('center_axis',(0.,0.,-1.));
#1574=DIRECTION('ref_axis',(-1.,-3.70462126867847E-18,0.));
#1575=DIRECTION('center_axis',(-2.00186266620895E-33,0.,1.));
#1576=DIRECTION('ref_axis',(-1.,1.22464679914735E-16,-2.00186266620895E-33));
#1577=DIRECTION('center_axis',(-3.01715669870765E-12,-3.81349503441801E-28,
-1.));
#1578=DIRECTION('ref_axis',(-1.,0.,3.01716310978501E-12));
#1579=DIRECTION('center_axis',(-3.01715669870765E-12,-3.81349503441801E-28,
-1.));
#1580=DIRECTION('ref_axis',(0.905074058171122,-0.425253982022104,-2.73075025743752E-12));
#1581=DIRECTION('center_axis',(-3.01715669870765E-12,-3.81349503441801E-28,
-1.));
#1582=DIRECTION('ref_axis',(1.,8.29103378515097E-17,-3.01715669870765E-12));
#1583=DIRECTION('',(-0.472347490481421,0.881412416656303,1.42514639502377E-12));
#1584=DIRECTION('center_axis',(-2.00186266620895E-33,0.,1.));
#1585=DIRECTION('ref_axis',(1.,7.40924253735697E-18,0.));
#1586=DIRECTION('center_axis',(-2.00186266620895E-33,0.,1.));
#1587=DIRECTION('ref_axis',(-1.,1.22464679914735E-16,0.));
#1588=DIRECTION('',(2.00186266620895E-33,0.,-1.));
#1589=DIRECTION('center_axis',(-2.00186266620895E-33,0.,1.));
#1590=DIRECTION('ref_axis',(1.,0.,2.00186266620895E-33));
#1591=DIRECTION('',(-2.00186266620895E-33,0.,1.));
#1592=DIRECTION('center_axis',(-2.76915242872851E-12,-3.50003333967573E-28,
1.));
#1593=DIRECTION('ref_axis',(1.,7.40924253735697E-18,0.));
#1594=DIRECTION('',(-2.00186266620895E-33,0.,1.));
#1595=DIRECTION('center_axis',(-2.00186266620895E-33,0.,1.));
#1596=DIRECTION('ref_axis',(1.,0.,2.00186266620895E-33));
#1597=DIRECTION('center_axis',(-2.00186266620895E-33,0.,1.));
#1598=DIRECTION('ref_axis',(1.,0.,0.));
#1599=DIRECTION('center_axis',(2.00186266620895E-33,0.,-1.));
#1600=DIRECTION('ref_axis',(-1.,1.22464679914735E-16,-2.00186266620895E-33));
#1601=DIRECTION('center_axis',(1.22464679914735E-16,-1.,2.45157470650538E-49));
#1602=DIRECTION('ref_axis',(-1.,-1.22464679914735E-16,0.));
#1603=DIRECTION('center_axis',(-2.00186266620895E-33,0.,1.));
#1604=DIRECTION('ref_axis',(1.,0.,2.00186266620895E-33));
#1605=DIRECTION('center_axis',(-2.00186266620895E-33,0.,1.));
#1606=DIRECTION('ref_axis',(1.,0.,0.));
#1607=DIRECTION('center_axis',(2.00186266620895E-33,0.,-1.));
#1608=DIRECTION('ref_axis',(-1.,1.22464679914735E-16,0.));
#1609=DIRECTION('center_axis',(1.22464679914735E-16,-1.,2.45157470650538E-49));
#1610=DIRECTION('ref_axis',(-1.,-1.22464679914735E-16,0.));
#1611=DIRECTION('center_axis',(0.,0.,1.));
#1612=DIRECTION('ref_axis',(-1.,-3.70462126867847E-18,0.));
#1613=DIRECTION('center_axis',(-2.00186266620895E-33,0.,1.));
#1614=DIRECTION('ref_axis',(1.,7.40924253735697E-18,0.));
#1615=DIRECTION('center_axis',(-2.00186266620895E-33,0.,1.));
#1616=DIRECTION('ref_axis',(1.,0.,2.00186266620895E-33));
#1617=DIRECTION('',(2.00186266620895E-33,0.,-1.));
#1618=DIRECTION('center_axis',(-2.00186266620895E-33,0.,1.));
#1619=DIRECTION('ref_axis',(1.,7.40924253735697E-18,0.));
#1620=DIRECTION('',(0.978147600733678,1.27035865644386E-16,-0.207911690818358));
#1621=DIRECTION('center_axis',(-2.00186266620895E-33,0.,1.));
#1622=DIRECTION('ref_axis',(1.,0.,2.00186266620895E-33));
#1623=DIRECTION('center_axis',(2.00186266620895E-33,0.,-1.));
#1624=DIRECTION('ref_axis',(1.,7.40924253735697E-18,0.));
#1625=DIRECTION('center_axis',(-2.00186266620895E-33,0.,1.));
#1626=DIRECTION('ref_axis',(1.,0.,2.00186266620895E-33));
#1627=DIRECTION('',(-0.978147600733523,-1.27035865644366E-16,-0.20791169081909));
#1628=DIRECTION('center_axis',(-0.907309513704012,0.420463370987521,0.));
#1629=DIRECTION('ref_axis',(0.420463370987521,0.907309513704012,1.16432716496147E-12));
#1630=DIRECTION('',(-0.420463370987521,-0.907309513704012,-1.16432716496147E-12));
#1631=DIRECTION('center_axis',(2.00186266620895E-33,0.,-1.));
#1632=DIRECTION('ref_axis',(-0.920628099481773,0.390440651629129,-3.84483368802442E-33));
#1633=DIRECTION('center_axis',(0.,0.,-1.));
#1634=DIRECTION('ref_axis',(-1.,-3.70462126867847E-18,0.));
#1635=DIRECTION('center_axis',(-2.00186266620895E-33,0.,1.));
#1636=DIRECTION('ref_axis',(1.,7.40924253735697E-18,0.));
#1637=DIRECTION('center_axis',(-2.00186266620895E-33,0.,1.));
#1638=DIRECTION('ref_axis',(1.,0.,2.00186266620895E-33));
#1639=DIRECTION('',(2.00186266620895E-33,0.,-1.));
#1640=DIRECTION('center_axis',(-2.00186266620895E-33,0.,1.));
#1641=DIRECTION('ref_axis',(1.,0.,2.00186266620895E-33));
#1642=DIRECTION('center_axis',(-2.00186266620895E-33,0.,1.));
#1643=DIRECTION('ref_axis',(1.,0.,2.00186266620895E-33));
#1644=DIRECTION('center_axis',(-2.00186266620895E-33,0.,1.));
#1645=DIRECTION('ref_axis',(1.,0.,2.00186266620895E-33));
#1646=DIRECTION('center_axis',(-2.00186266620895E-33,0.,1.));
#1647=DIRECTION('ref_axis',(1.,0.,2.00186266620895E-33));
#1648=DIRECTION('center_axis',(-2.00186266620895E-33,0.,1.));
#1649=DIRECTION('ref_axis',(1.,7.40924253735697E-18,0.));
#1650=DIRECTION('',(2.00186266620895E-33,0.,-1.));
#1651=DIRECTION('center_axis',(-2.00186266620895E-33,0.,1.));
#1652=DIRECTION('ref_axis',(1.,0.,2.00186266620895E-33));
#1653=DIRECTION('center_axis',(2.00186266620895E-33,0.,-1.));
#1654=DIRECTION('ref_axis',(-1.,0.,-2.00186266620895E-33));
#1655=DIRECTION('center_axis',(-2.00186266620895E-33,0.,1.));
#1656=DIRECTION('ref_axis',(1.,0.,2.00186266620895E-33));
#1657=DIRECTION('center_axis',(-2.00186266620895E-33,0.,1.));
#1658=DIRECTION('ref_axis',(1.,7.40924253735697E-18,0.));
#1659=DIRECTION('',(2.00186266620895E-33,0.,-1.));
#1660=DIRECTION('center_axis',(-2.00186266620895E-33,0.,1.));
#1661=DIRECTION('ref_axis',(1.,0.,2.00186266620895E-33));
#1662=DIRECTION('center_axis',(-2.00186266620895E-33,0.,1.));
#1663=DIRECTION('ref_axis',(1.,7.40924253735697E-18,0.));
#1664=DIRECTION('',(2.00186266620895E-33,0.,-1.));
#1665=DIRECTION('center_axis',(2.00186266620895E-33,0.,-1.));
#1666=DIRECTION('ref_axis',(-1.,0.,-2.00186266620895E-33));
#1667=DIRECTION('center_axis',(-2.00186266620895E-33,0.,1.));
#1668=DIRECTION('ref_axis',(-1.,1.22464679914735E-16,-2.00186266620895E-33));
#1669=DIRECTION('center_axis',(-2.00186266620895E-33,0.,1.));
#1670=DIRECTION('ref_axis',(1.,0.,0.));
#1671=DIRECTION('center_axis',(1.22464679914735E-16,-1.,2.45157470650538E-49));
#1672=DIRECTION('ref_axis',(-1.,-1.22464679914735E-16,0.));
#1673=DIRECTION('center_axis',(0.,1.,0.));
#1674=DIRECTION('ref_axis',(1.,0.,0.));
#1675=DIRECTION('center_axis',(8.29103378515097E-17,-1.,-3.05529137768845E-30));
#1676=DIRECTION('ref_axis',(1.,0.,0.));
#1677=DIRECTION('',(0.,1.,0.));
#1678=DIRECTION('center_axis',(0.48296291314428,0.258819045102521,-0.836516303737955));
#1679=DIRECTION('ref_axis',(0.866025403784591,0.,0.499999999999737));
#1680=DIRECTION('',(0.866025403784591,7.1802458815769E-17,0.499999999999737));
#1681=DIRECTION('center_axis',(-2.00186266620895E-33,0.,1.));
#1682=DIRECTION('ref_axis',(-0.947040106468944,0.321115301316039,0.));
#1683=DIRECTION('center_axis',(-2.76915242872851E-12,-3.50003333967573E-28,
1.));
#1684=DIRECTION('ref_axis',(-1.,-2.74199671071117E-17,-2.76915242872851E-12));
#1685=DIRECTION('center_axis',(-8.29103378515097E-17,1.,3.05529137768845E-30));
#1686=DIRECTION('ref_axis',(1.,8.29103378515097E-17,0.));
#1687=DIRECTION('center_axis',(2.00186266620895E-33,-1.25016413859151E-48,
1.));
#1688=DIRECTION('ref_axis',(-1.,6.24500451351648E-16,2.00186266620895E-33));
#1689=DIRECTION('',(-6.24500451351648E-16,-1.,0.));
#1690=DIRECTION('',(-1.,6.24500451351648E-16,2.00186266620895E-33));
#1691=DIRECTION('',(6.24500451351648E-16,1.,0.));
#1692=DIRECTION('',(1.,-6.24500451351648E-16,-2.00186266620895E-33));
#1693=DIRECTION('center_axis',(2.00186266620895E-33,-1.25016413859151E-48,
1.));
#1694=DIRECTION('ref_axis',(-1.,6.24500451351648E-16,2.00186266620895E-33));
#1695=DIRECTION('',(6.24500451351648E-16,1.,0.));
#1696=DIRECTION('',(-1.,6.24500451351648E-16,0.));
#1697=DIRECTION('',(6.24500451351648E-16,1.,0.));
#1698=DIRECTION('',(1.,-6.24500451351648E-16,-2.00186266620895E-33));
#1699=DIRECTION('center_axis',(2.00186266620895E-33,-1.25016413859151E-48,
1.));
#1700=DIRECTION('ref_axis',(-1.,6.24500451351648E-16,2.00186266620895E-33));
#1701=DIRECTION('',(-6.24500451351648E-16,-1.,0.));
#1702=DIRECTION('',(-1.,6.24500451351648E-16,0.));
#1703=DIRECTION('',(-6.24500451351648E-16,-1.,0.));
#1704=DIRECTION('',(-1.,6.24500451351648E-16,2.00186266620895E-33));
#1705=DIRECTION('center_axis',(2.00186266620895E-33,-1.25016413859151E-48,
1.));
#1706=DIRECTION('ref_axis',(-1.,6.24500451351648E-16,2.00186266620895E-33));
#1707=DIRECTION('',(-6.24500451351648E-16,-1.,0.));
#1708=DIRECTION('',(-1.,6.24500451351648E-16,2.00186266620895E-33));
#1709=DIRECTION('',(6.24500451351648E-16,1.,0.));
#1710=DIRECTION('',(1.,-6.24500451351648E-16,-2.00186266620895E-33));
#1711=DIRECTION('center_axis',(2.00186266620895E-33,-1.25016413859151E-48,
1.));
#1712=DIRECTION('ref_axis',(-1.,6.24500451351648E-16,2.00186266620895E-33));
#1713=DIRECTION('',(-1.,6.24500451351648E-16,2.00186266620895E-33));
#1714=DIRECTION('',(6.24500451351648E-16,1.,0.));
#1715=DIRECTION('',(1.,-6.24500451351648E-16,-2.00186266620895E-33));
#1716=DIRECTION('',(-6.24500451351648E-16,-1.,0.));
#1717=DIRECTION('center_axis',(1.,-6.24500451351648E-16,0.));
#1718=DIRECTION('ref_axis',(0.,0.,1.));
#1719=DIRECTION('',(5.19995057338096E-16,0.832657616519949,-0.553788130652253));
#1720=DIRECTION('',(3.58198743385906E-16,0.573576436351059,0.819152044288983));
#1721=DIRECTION('',(6.24500451351648E-16,1.,-5.50139716272268E-17));
#1722=DIRECTION('center_axis',(5.11560821384095E-16,0.819152044288983,-0.573576436351059));
#1723=DIRECTION('ref_axis',(-3.58198743385906E-16,-0.573576436351059,-0.819152044288983));
#1724=DIRECTION('',(-3.58198743385906E-16,-0.573576436351059,-0.819152044288983));
#1725=DIRECTION('',(-1.,6.24500451351648E-16,0.));
#1726=DIRECTION('center_axis',(-1.,6.24500451351648E-16,0.));
#1727=DIRECTION('ref_axis',(0.,0.,-1.));
#1728=DIRECTION('',(-5.19995057338096E-16,-0.832657616519949,0.553788130652253));
#1729=DIRECTION('',(-6.24500451351648E-16,-1.,5.50139716272268E-17));
#1730=DIRECTION('center_axis',(1.,-6.24500451351648E-16,0.));
#1731=DIRECTION('ref_axis',(0.,0.,1.));
#1732=DIRECTION('',(6.24500451351648E-16,1.,-5.50139716272268E-17));
#1733=DIRECTION('',(-3.58198743385909E-16,-0.573576436351063,-0.81915204428898));
#1734=DIRECTION('',(-5.11560821384101E-16,-0.819152044288992,0.573576436351046));
#1735=DIRECTION('center_axis',(-5.11560821384093E-16,-0.81915204428898,
0.573576436351063));
#1736=DIRECTION('ref_axis',(3.58198743385909E-16,0.573576436351063,0.81915204428898));
#1737=DIRECTION('',(1.,-6.24500451351648E-16,0.));
#1738=DIRECTION('',(3.58198743385909E-16,0.573576436351063,0.81915204428898));
#1739=DIRECTION('center_axis',(-1.,6.24500451351648E-16,0.));
#1740=DIRECTION('ref_axis',(0.,0.,-1.));
#1741=DIRECTION('',(-6.24500451351648E-16,-1.,5.50139716272268E-17));
#1742=DIRECTION('',(5.11560821384101E-16,0.819152044288992,-0.573576436351046));
#1743=DIRECTION('center_axis',(-3.43562501118499E-32,-5.50139716272268E-17,
-1.));
#1744=DIRECTION('ref_axis',(-6.24500451351648E-16,-1.,5.50139716272268E-17));
#1745=DIRECTION('',(1.,-6.24500451351648E-16,0.));
#1746=DIRECTION('',(-6.24500451351648E-16,-1.,5.50139716272268E-17));
#1747=DIRECTION('',(-1.,6.24500451351648E-16,0.));
#1748=DIRECTION('',(-1.,6.24500451351648E-16,0.));
#1749=DIRECTION('',(6.24500451351648E-16,1.,-5.50139716272268E-17));
#1750=DIRECTION('',(1.,-6.24500451351648E-16,0.));
#1751=DIRECTION('center_axis',(1.,-6.24500451351648E-16,0.));
#1752=DIRECTION('ref_axis',(0.,0.,1.));
#1753=DIRECTION('',(-3.58198743385898E-16,-0.573576436351046,-0.819152044288992));
#1754=DIRECTION('',(3.58198743385898E-16,0.573576436351046,0.819152044288992));
#1755=DIRECTION('',(6.24500451351648E-16,1.,-5.50139716272268E-17));
#1756=DIRECTION('center_axis',(5.11560821384101E-16,0.819152044288992,-0.573576436351046));
#1757=DIRECTION('ref_axis',(-3.58198743385898E-16,-0.573576436351046,-0.819152044288992));
#1758=DIRECTION('',(-3.58198743385898E-16,-0.573576436351046,-0.819152044288992));
#1759=DIRECTION('',(-1.,6.24500451351648E-16,0.));
#1760=DIRECTION('center_axis',(-5.11560821384101E-16,-0.819152044288992,
0.573576436351046));
#1761=DIRECTION('ref_axis',(3.58198743385898E-16,0.573576436351046,0.819152044288992));
#1762=DIRECTION('',(1.,-6.24500451351648E-16,0.));
#1763=DIRECTION('',(3.58198743385898E-16,0.573576436351046,0.819152044288992));
#1764=DIRECTION('center_axis',(-1.,6.24500451351648E-16,0.));
#1765=DIRECTION('ref_axis',(0.,0.,-1.));
#1766=DIRECTION('',(-6.24500451351648E-16,-1.,5.50139716272268E-17));
#1767=DIRECTION('center_axis',(1.,-6.24500451351648E-16,0.));
#1768=DIRECTION('ref_axis',(0.,0.,1.));
#1769=DIRECTION('',(6.24500451351648E-16,1.,-5.50139716272268E-17));
#1770=DIRECTION('',(-3.58198743385898E-16,-0.573576436351046,-0.819152044288992));
#1771=DIRECTION('',(3.61761353587533E-16,0.579281172342709,0.815127795728533));
#1772=DIRECTION('center_axis',(5.09047676341743E-16,0.815127795728533,-0.579281172342709));
#1773=DIRECTION('ref_axis',(-3.61761353587534E-16,-0.579281172342709,-0.815127795728533));
#1774=DIRECTION('',(-3.61761353587533E-16,-0.579281172342709,-0.815127795728533));
#1775=DIRECTION('',(-1.,6.24500451351648E-16,0.));
#1776=DIRECTION('center_axis',(-1.,6.24500451351648E-16,0.));
#1777=DIRECTION('ref_axis',(0.,0.,-1.));
#1778=DIRECTION('',(-6.24500451351648E-16,-1.,5.50139716272268E-17));
#1779=DIRECTION('',(3.58198743385898E-16,0.573576436351046,0.819152044288992));
#1780=DIRECTION('center_axis',(1.,-6.24500451351648E-16,0.));
#1781=DIRECTION('ref_axis',(0.,0.,1.));
#1782=DIRECTION('',(5.11560821384107E-16,0.819152044289003,-0.573576436351031));
#1783=DIRECTION('',(5.19995057338096E-16,0.832657616519949,0.553788130652253));
#1784=DIRECTION('',(6.24500451351648E-16,1.,-5.50139716272268E-17));
#1785=DIRECTION('center_axis',(-3.58198743385889E-16,-0.573576436351031,
-0.819152044289003));
#1786=DIRECTION('ref_axis',(-5.11560821384107E-16,-0.819152044289003,0.573576436351031));
#1787=DIRECTION('',(1.,-6.24500451351648E-16,0.));
#1788=DIRECTION('',(-5.11560821384107E-16,-0.819152044289003,0.573576436351031));
#1789=DIRECTION('center_axis',(-1.,6.24500451351648E-16,0.));
#1790=DIRECTION('ref_axis',(0.,0.,-1.));
#1791=DIRECTION('',(-6.24500451351648E-16,-1.,5.50139716272268E-17));
#1792=DIRECTION('',(-5.19995057338096E-16,-0.832657616519949,-0.553788130652253));
#1793=DIRECTION('center_axis',(-3.43562501118499E-32,-5.50139716272268E-17,
-1.));
#1794=DIRECTION('ref_axis',(-6.24500451351648E-16,-1.,5.50139716272268E-17));
#1795=DIRECTION('',(-1.,6.24500451351648E-16,0.));
#1796=DIRECTION('',(-6.24500451351648E-16,-1.,5.50139716272268E-17));
#1797=DIRECTION('',(-1.,6.24500451351648E-16,0.));
#1798=DIRECTION('',(-1.,6.24500451351648E-16,0.));
#1799=DIRECTION('',(6.24500451351648E-16,1.,-5.50139716272268E-17));
#1800=DIRECTION('',(-1.,6.24500451351648E-16,0.));
#1801=DIRECTION('center_axis',(0.707106781186548,-4.80489256402426E-16,
-0.707106781186548));
#1802=DIRECTION('ref_axis',(0.707106781186548,-4.4158850400481E-16,0.707106781186548));
#1803=DIRECTION('',(0.497542812164523,-0.71056477546163,0.497542812164523));
#1804=DIRECTION('',(-6.24500451351648E-16,-1.,5.50139716272268E-17));
#1805=DIRECTION('',(-0.484460983345807,0.728419598329992,-0.484460983345807));
#1806=DIRECTION('center_axis',(-3.45840937545517E-16,-0.553788130652253,
-0.83265761651995));
#1807=DIRECTION('ref_axis',(-5.19995057338096E-16,-0.832657616519949,0.553788130652253));
#1808=DIRECTION('',(5.19995057338096E-16,0.832657616519949,-0.553788130652253));
#1809=DIRECTION('',(-1.,6.24500451351648E-16,0.));
#1810=DIRECTION('',(-5.19995057338096E-16,-0.832657616519949,0.553788130652253));
#1811=DIRECTION('',(-0.484460983345808,-0.728419598329991,0.484460983345807));
#1812=DIRECTION('center_axis',(-0.707106781186548,4.02687751607194E-16,
-0.707106781186548));
#1813=DIRECTION('ref_axis',(0.707106781186548,-4.4158850400481E-16,-0.707106781186548));
#1814=DIRECTION('',(0.497542812164523,0.710564775461629,-0.497542812164523));
#1815=DIRECTION('',(6.24500451351648E-16,1.,-5.50139716272268E-17));
#1816=DIRECTION('center_axis',(0.707106781186548,-4.80489256402426E-16,
-0.707106781186548));
#1817=DIRECTION('ref_axis',(0.707106781186548,-4.4158850400481E-16,0.707106781186548));
#1818=DIRECTION('',(-0.633687274224642,-0.443712606279658,-0.633687274224642));
#1819=DIRECTION('',(0.484460983345808,0.728419598329991,0.484460983345807));
#1820=DIRECTION('',(-6.24500451351648E-16,-1.,5.50139716272268E-17));
#1821=DIRECTION('center_axis',(-5.11560821384101E-16,-0.819152044288992,
0.573576436351046));
#1822=DIRECTION('ref_axis',(3.58198743385898E-16,0.573576436351046,0.819152044288992));
#1823=DIRECTION('',(-3.58198743385898E-16,-0.573576436351046,-0.819152044288992));
#1824=DIRECTION('',(-1.,6.24500451351648E-16,0.));
#1825=DIRECTION('',(3.58198743385898E-16,0.573576436351046,0.819152044288992));
#1826=DIRECTION('',(-0.633687274224642,0.443712606279658,0.633687274224642));
#1827=DIRECTION('center_axis',(-0.707106781186548,4.02687751607194E-16,
-0.707106781186548));
#1828=DIRECTION('ref_axis',(0.707106781186548,-4.4158850400481E-16,-0.707106781186548));
#1829=DIRECTION('',(6.24500451351648E-16,1.,-5.50139716272268E-17));
#1830=DIRECTION('',(0.484460983345807,-0.728419598329992,-0.484460983345807));
#1831=DIRECTION('center_axis',(-1.,6.24500451351648E-16,0.));
#1832=DIRECTION('ref_axis',(0.,0.,-1.));
#1833=DIRECTION('',(-5.19995057338096E-16,-0.832657616519949,-0.553788130652253));
#1834=DIRECTION('',(5.11560821384101E-16,0.819152044288992,-0.573576436351046));
#1835=DIRECTION('center_axis',(1.,-6.24500451351648E-16,0.));
#1836=DIRECTION('ref_axis',(0.,0.,1.));
#1837=DIRECTION('',(-5.11560821384101E-16,-0.819152044288992,0.573576436351046));
#1838=DIRECTION('',(5.19995057338096E-16,0.832657616519949,0.553788130652253));
#1839=DIRECTION('center_axis',(3.58198743385898E-16,0.573576436351046,0.819152044288992));
#1840=DIRECTION('ref_axis',(5.11560821384101E-16,0.819152044288992,-0.573576436351046));
#1841=DIRECTION('center_axis',(3.45840937545517E-16,0.553788130652253,-0.83265761651995));
#1842=DIRECTION('ref_axis',(-5.19995057338096E-16,-0.832657616519949,-0.553788130652253));
#1843=CARTESIAN_POINT('',(0.,0.,0.));
#1844=CARTESIAN_POINT('Origin',(10.4,2.6938,0.));
#1845=CARTESIAN_POINT('',(9.525,5.6938,1.07156594925402E-16));
#1846=CARTESIAN_POINT('Origin',(10.4,5.6938,9.16357467539447E-30));
#1847=CARTESIAN_POINT('',(9.525,6.6938,1.07156594925406E-16));
#1848=CARTESIAN_POINT('',(9.525,2.6938,1.07156594925393E-16));
#1849=CARTESIAN_POINT('Origin',(10.4,6.6938,1.22180995671926E-29));
#1850=CARTESIAN_POINT('Origin',(10.4,6.6938,2.04484434804098E-29));
#1851=CARTESIAN_POINT('Origin',(9.86102779268191,2.6938,-4.68761690575192E-8));
#1852=CARTESIAN_POINT('',(6.65,2.6938,2.25));
#1853=CARTESIAN_POINT('',(6.65,2.6938,-2.25000009375234));
#1854=CARTESIAN_POINT('',(6.65,2.6938,2.25));
#1855=CARTESIAN_POINT('',(11.1890235286942,2.6938,2.25));
#1856=CARTESIAN_POINT('',(6.65,2.6938,2.25));
#1857=CARTESIAN_POINT('',(12.7706311704845,2.6938,0.707106781186546));
#1858=CARTESIAN_POINT('',(12.7706311704845,2.6938,0.707106781186546));
#1859=CARTESIAN_POINT('',(12.7706311704845,2.6938,-0.707106781186549));
#1860=CARTESIAN_POINT('Ctrl Pts',(12.7706311704845,2.6938,-0.70710678118655));
#1861=CARTESIAN_POINT('Ctrl Pts',(12.771698742843,2.6938,-0.706062195069893));
#1862=CARTESIAN_POINT('Ctrl Pts',(12.7727618257147,2.6938,-0.705017366643671));
#1863=CARTESIAN_POINT('Ctrl Pts',(12.8619714665665,2.6938,-0.616952009812981));
#1864=CARTESIAN_POINT('Ctrl Pts',(12.9454491992631,2.6938,-0.493965754670284));
#1865=CARTESIAN_POINT('Ctrl Pts',(13.0407172525862,2.6938,-0.266706396906238));
#1866=CARTESIAN_POINT('Ctrl Pts',(13.0698235160386,2.6938,-0.122552491573477));
#1867=CARTESIAN_POINT('Ctrl Pts',(13.0698235160386,2.6938,-2.4980018054066E-15));
#1868=CARTESIAN_POINT('Ctrl Pts',(13.0698235160386,2.6938,0.122552491573472));
#1869=CARTESIAN_POINT('Ctrl Pts',(13.0407172525862,2.6938,0.266706396906233));
#1870=CARTESIAN_POINT('Ctrl Pts',(12.9454491992631,2.6938,0.493965754670278));
#1871=CARTESIAN_POINT('Ctrl Pts',(12.8619714665665,2.6938,0.616952009812975));
#1872=CARTESIAN_POINT('Ctrl Pts',(12.7727618257147,2.6938,0.705017366643667));
#1873=CARTESIAN_POINT('Ctrl Pts',(12.771698742843,2.6938,0.706062195069889));
#1874=CARTESIAN_POINT('Ctrl Pts',(12.7706311704845,2.6938,0.707106781186546));
#1875=CARTESIAN_POINT('',(11.1890541168682,2.6938,-2.25000008963445));
#1876=CARTESIAN_POINT('Ctrl Pts',(11.1890541126327,2.6938,-2.25000009375234));
#1877=CARTESIAN_POINT('Ctrl Pts',(11.9301650321707,2.6938,-1.52947657431783));
#1878=CARTESIAN_POINT('Ctrl Pts',(12.7706311704845,2.6938,-0.707106781186548));
#1879=CARTESIAN_POINT('',(6.65,2.6938,-2.25000009375234));
#1880=CARTESIAN_POINT('',(9.525,2.6938,1.07156594925393E-16));
#1881=CARTESIAN_POINT('Origin',(10.4,2.6938,0.));
#1882=CARTESIAN_POINT('Origin',(6.65,2.6938,-2.25000009375234));
#1883=CARTESIAN_POINT('',(6.65,5.6938,-2.25000009375234));
#1884=CARTESIAN_POINT('',(6.65,2.6938,-2.25000009375234));
#1885=CARTESIAN_POINT('',(6.65,5.6938,2.25));
#1886=CARTESIAN_POINT('',(6.65,5.6938,2.25));
#1887=CARTESIAN_POINT('',(6.65,2.6938,2.25));
#1888=CARTESIAN_POINT('Origin',(6.65,2.6938,2.25));
#1889=CARTESIAN_POINT('',(11.1890235286942,2.69392743177971,2.25));
#1890=CARTESIAN_POINT('',(10.0016065756142,5.6938,2.25));
#1891=CARTESIAN_POINT('Origin',(-4.29710175763819E-33,1.41424310994388E-16,
2.25));
#1892=CARTESIAN_POINT('',(11.1890235286942,2.6938,2.25));
#1893=CARTESIAN_POINT('',(6.65,5.6938,2.25));
#1894=CARTESIAN_POINT('Origin',(11.1890235286942,2.6938,2.25));
#1895=CARTESIAN_POINT('Origin',(11.9753388758916,0.,1.48293199591117));
#1896=CARTESIAN_POINT('Origin',(11.1890541168682,2.6938,-2.25000008963445));
#1897=CARTESIAN_POINT('',(10.001606471233,5.6938,-2.25000009071172));
#1898=CARTESIAN_POINT('Origin',(1.04408903744968E-8,0.,-2.2500000997853));
#1899=CARTESIAN_POINT('',(6.65,5.6938,-2.25000009375234));
#1900=CARTESIAN_POINT('Origin',(9.86102779268191,5.6938,-4.68761690575192E-8));
#1901=CARTESIAN_POINT('',(11.7441994402578,5.6938,0.707106781186546));
#1902=CARTESIAN_POINT('Ctrl Pts',(10.0016065756142,5.6938,2.25));
#1903=CARTESIAN_POINT('Ctrl Pts',(10.8181678676765,5.6938,1.54037300565042));
#1904=CARTESIAN_POINT('Ctrl Pts',(11.7441994402578,5.6938,0.707106781186545));
#1905=CARTESIAN_POINT('',(11.7441994402578,5.6938,-0.707106781186549));
#1906=CARTESIAN_POINT('Ctrl Pts',(11.7441994402578,5.6938,-0.707106781186548));
#1907=CARTESIAN_POINT('Ctrl Pts',(10.8181678068134,5.6938,-1.54037306041656));
#1908=CARTESIAN_POINT('Ctrl Pts',(10.0016064677342,5.6938,-2.25000009375234));
#1909=CARTESIAN_POINT('Ctrl Pts',(11.7441994402578,5.6938,0.707106781186546));
#1910=CARTESIAN_POINT('Ctrl Pts',(11.7498759059381,5.6938,0.701998956285296));
#1911=CARTESIAN_POINT('Ctrl Pts',(11.7554482253819,5.6938,0.696873366493493));
#1912=CARTESIAN_POINT('Ctrl Pts',(11.8524585632897,5.6938,0.605719292253767));
#1913=CARTESIAN_POINT('Ctrl Pts',(11.9405948604361,5.6938,0.483425553750636));
#1914=CARTESIAN_POINT('Ctrl Pts',(12.0389600174668,5.6938,0.259184108980243));
#1915=CARTESIAN_POINT('Ctrl Pts',(12.0688643517274,5.6938,0.119247134740246));
#1916=CARTESIAN_POINT('Ctrl Pts',(12.0688643517274,5.6938,-2.4980018054066E-15));
#1917=CARTESIAN_POINT('Ctrl Pts',(12.0688643517274,5.6938,-0.119247134740251));
#1918=CARTESIAN_POINT('Ctrl Pts',(12.0389600174668,5.6938,-0.259184108980248));
#1919=CARTESIAN_POINT('Ctrl Pts',(11.9405948604361,5.6938,-0.483425553750641));
#1920=CARTESIAN_POINT('Ctrl Pts',(11.8524585632897,5.6938,-0.605719292253772));
#1921=CARTESIAN_POINT('Ctrl Pts',(11.7554482253819,5.6938,-0.696873366493497));
#1922=CARTESIAN_POINT('Ctrl Pts',(11.7498759059381,5.6938,-0.701998956285302));
#1923=CARTESIAN_POINT('Ctrl Pts',(11.7441994402578,5.6938,-0.70710678118655));
#1924=CARTESIAN_POINT('Origin',(6.362816939924E-33,1.41424310994388E-16,
-3.07499999999975));
#1925=CARTESIAN_POINT('',(12.9969388893135,1.1938,-0.707106781186549));
#1926=CARTESIAN_POINT('Origin',(0.,-1.50529330297947E-15,-0.707106781186549));
#1927=CARTESIAN_POINT('',(11.5,1.1938,-2.19695983998478));
#1928=CARTESIAN_POINT('Ctrl Pts',(12.9969388893135,1.1938,-0.707106781186548));
#1929=CARTESIAN_POINT('Ctrl Pts',(12.2031645568375,1.1938,-1.49755367116904));
#1930=CARTESIAN_POINT('Ctrl Pts',(11.5,1.1938,-2.19695983998478));
#1931=CARTESIAN_POINT('',(10.6081086989462,1.19384234650614,-3.08365049751181));
#1932=CARTESIAN_POINT('Ctrl Pts',(10.6081689330602,1.19380000010015,-3.08362692792661));
#1933=CARTESIAN_POINT('Ctrl Pts',(11.0363041942912,1.19380000001268,-2.65817720910725));
#1934=CARTESIAN_POINT('Ctrl Pts',(11.5,1.1938,-2.19695983998478));
#1935=CARTESIAN_POINT('',(9.50035714939687,-0.542525414339971,-4.24292199814421));
#1936=CARTESIAN_POINT('Ctrl Pts',(9.50035714939687,-0.54252541433997,-4.24292199814421));
#1937=CARTESIAN_POINT('Ctrl Pts',(9.95806039940598,0.0031802291464669,-3.81707549358658));
#1938=CARTESIAN_POINT('Ctrl Pts',(10.3327212115178,0.590816193329314,-3.42465413742421));
#1939=CARTESIAN_POINT('Ctrl Pts',(10.6081086989462,1.19384234650614,-3.08365049751181));
#1940=CARTESIAN_POINT('',(8.36799999999981,-4.53075002552906,-4.24292199801106));
#1941=CARTESIAN_POINT('Origin',(8.70083638476268E-33,1.41424310994388E-16,
-4.24292199799891));
#1942=CARTESIAN_POINT('',(8.36799999999982,-5.12960387518966,-3.94365354758881));
#1943=CARTESIAN_POINT('Ctrl Pts',(8.36799999999982,-5.12960387518966,-3.94365354758881));
#1944=CARTESIAN_POINT('Ctrl Pts',(8.36799999999982,-4.82554142632266,-4.10256373025756));
#1945=CARTESIAN_POINT('Ctrl Pts',(8.36799999999981,-4.53075002552906,-4.24292199801106));
#1946=CARTESIAN_POINT('',(7.81185708222411,-7.65238410111477,-2.82330598519179));
#1947=CARTESIAN_POINT('Ctrl Pts',(7.81185708222402,-7.65238410111453,-2.82330598519123));
#1948=CARTESIAN_POINT('Ctrl Pts',(8.0008998740938,-7.24445243477747,-2.97372268875442));
#1949=CARTESIAN_POINT('Ctrl Pts',(8.13813086599814,-6.8258380269821,-3.14360208219634));
#1950=CARTESIAN_POINT('Ctrl Pts',(8.22731491274112,-6.42128059686875,-3.32220820355837));
#1951=CARTESIAN_POINT('Ctrl Pts',(8.31954932071016,-6.00288609226054,-3.50692318863804));
#1952=CARTESIAN_POINT('Ctrl Pts',(8.36799999999982,-5.56586629445313,-3.71565255307303));
#1953=CARTESIAN_POINT('Ctrl Pts',(8.36799999999983,-5.1296038751898,-3.94365354758908));
#1954=CARTESIAN_POINT('',(5.98257367924625,-11.5997582347625,-0.707106781186549));
#1955=CARTESIAN_POINT('Ctrl Pts',(7.81185708222411,-7.65238410111477,-2.82330598519179));
#1956=CARTESIAN_POINT('Ctrl Pts',(6.97790724874293,-9.45194779697776,-2.15975259789571));
#1957=CARTESIAN_POINT('Ctrl Pts',(5.98257367924626,-11.5997582347625,-0.707106781186549));
#1958=CARTESIAN_POINT('',(-13.0516504294496,-1.55364472475176E-15,-0.707106781186547));
#1959=CARTESIAN_POINT('Origin',(0.,-1.50529330297947E-15,-0.707106781186549));
#1960=CARTESIAN_POINT('',(-8.19454364826352,-9.22833215310474E-16,-5.5642135623726));
#1961=CARTESIAN_POINT('',(-10.6837572106364,-1.24611714447678E-15,-3.07499999999975));
#1962=CARTESIAN_POINT('Origin',(0.,-8.92475534624003E-16,-5.5642135623726));
#1963=CARTESIAN_POINT('Origin',(0.,-1.50529330297947E-15,-0.707106781186549));
#1964=CARTESIAN_POINT('Origin',(2.07089241331965E-34,1.41424310994388E-16,
-2.4980018054066E-15));
#1965=CARTESIAN_POINT('',(12.9969388893135,1.1938,0.707106781186546));
#1966=CARTESIAN_POINT('Origin',(0.,-1.50529330297947E-15,0.707106781186546));
#1967=CARTESIAN_POINT('Ctrl Pts',(12.9969388893135,1.1938,0.707106781186546));
#1968=CARTESIAN_POINT('Ctrl Pts',(12.9971408831686,1.1938,0.706905634074603));
#1969=CARTESIAN_POINT('Ctrl Pts',(12.997342709431,1.1938,0.706704482155391));
#1970=CARTESIAN_POINT('Ctrl Pts',(13.0849816753617,1.1938,0.619283836804778));
#1971=CARTESIAN_POINT('Ctrl Pts',(13.1674907266644,1.1938,0.496174583607664));
#1972=CARTESIAN_POINT('Ctrl Pts',(13.2621041581196,1.1938,0.268286276602783));
#1973=CARTESIAN_POINT('Ctrl Pts',(13.2910378353384,1.1938,0.123247316732375));
#1974=CARTESIAN_POINT('Ctrl Pts',(13.2910378353384,1.1938,-2.4980018054066E-15));
#1975=CARTESIAN_POINT('Ctrl Pts',(13.2910378353384,1.1938,-0.12324731673238));
#1976=CARTESIAN_POINT('Ctrl Pts',(13.2621041581196,1.1938,-0.268286276602787));
#1977=CARTESIAN_POINT('Ctrl Pts',(13.1674907266644,1.1938,-0.496174583607669));
#1978=CARTESIAN_POINT('Ctrl Pts',(13.0849816753617,1.1938,-0.619283836804782));
#1979=CARTESIAN_POINT('Ctrl Pts',(12.997342709431,1.1938,-0.706704482155395));
#1980=CARTESIAN_POINT('Ctrl Pts',(12.9971408831686,1.1938,-0.706905634074606));
#1981=CARTESIAN_POINT('Ctrl Pts',(12.9969388893135,1.1938,-0.707106781186549));
#1982=CARTESIAN_POINT('Origin',(2.36800000000009,-5.12960387518908,3.38936860739089));
#1983=CARTESIAN_POINT('',(8.3680000000001,-5.12960387518908,3.38936860739436));
#1984=CARTESIAN_POINT('',(8.3680000000001,-5.12960387518908,3.38936860739067));
#1985=CARTESIAN_POINT('',(7.81185708222417,-7.6523841011142,3.38936860739282));
#1986=CARTESIAN_POINT('Origin',(2.36800000000009,-5.12960387518908,3.38936860739572));
#1987=CARTESIAN_POINT('',(7.81185708222417,-7.6523841011142,3.38936860739089));
#1988=CARTESIAN_POINT('Origin',(8.36800000000009,0.,3.38936860739436));
#1989=CARTESIAN_POINT('',(8.36799999999985,-3.73148552008238,-3.38936860740564));
#1990=CARTESIAN_POINT('Ctrl Pts',(8.36799999999981,-4.53075002555332,-4.24292199802416));
#1991=CARTESIAN_POINT('Ctrl Pts',(8.36799999999981,-4.61749421402523,-4.20162071176263));
#1992=CARTESIAN_POINT('Ctrl Pts',(8.36799999999982,-4.71342006932116,-4.13766811230276));
#1993=CARTESIAN_POINT('Ctrl Pts',(8.36799999999982,-4.78867908791747,-4.03516058004841));
#1994=CARTESIAN_POINT('Ctrl Pts',(8.36799999999982,-4.80663887275615,-4.00245534820534));
#1995=CARTESIAN_POINT('Ctrl Pts',(8.36799999999983,-4.82526129843195,-3.94770847666484));
#1996=CARTESIAN_POINT('Ctrl Pts',(8.36799999999983,-4.8307624665887,-3.91610272220854));
#1997=CARTESIAN_POINT('Ctrl Pts',(8.36799999999983,-4.83076246658884,-3.88936860743088));
#1998=CARTESIAN_POINT('Ctrl Pts',(8.36799999999983,-4.83076246658896,-3.86694861940128));
#1999=CARTESIAN_POINT('Ctrl Pts',(8.36799999999983,-4.82689409188677,-3.84032419226678));
#2000=CARTESIAN_POINT('Ctrl Pts',(8.36799999999983,-4.81385807644084,-3.79470103389637));
#2001=CARTESIAN_POINT('Ctrl Pts',(8.36799999999983,-4.80149386004562,-3.76732918228628));
#2002=CARTESIAN_POINT('Ctrl Pts',(8.36799999999984,-4.75233928348099,-3.68582509777404));
#2003=CARTESIAN_POINT('Ctrl Pts',(8.36799999999984,-4.68949483058842,-3.62981716975698));
#2004=CARTESIAN_POINT('Ctrl Pts',(8.36799999999984,-4.53765632210999,-3.53071106347197));
#2005=CARTESIAN_POINT('Ctrl Pts',(8.36799999999984,-4.41287185789397,-3.48353681968687));
#2006=CARTESIAN_POINT('Ctrl Pts',(8.36799999999985,-4.12977743579946,-3.40943267552506));
#2007=CARTESIAN_POINT('Ctrl Pts',(8.36799999999985,-3.91294835714552,-3.38936860743088));
#2008=CARTESIAN_POINT('Ctrl Pts',(8.36799999999985,-3.73148552008238,-3.38936860743088));
#2009=CARTESIAN_POINT('',(8.36799999999985,0.616146146994854,-3.38936860740564));
#2010=CARTESIAN_POINT('',(8.36799999999985,0.,-3.38936860740564));
#2011=CARTESIAN_POINT('',(8.36799999999985,1.1938,-3.21064188329217));
#2012=CARTESIAN_POINT('',(8.36799999999985,1.01088621437124,-3.26723560551968));
#2013=CARTESIAN_POINT('',(8.36800000000009,1.1938,3.19562517793862));
#2014=CARTESIAN_POINT('',(8.36799999999985,1.1938,-3.38936860740564));
#2015=CARTESIAN_POINT('',(8.36800000000009,0.567611392366415,3.38936860739436));
#2016=CARTESIAN_POINT('',(8.3680000000001,0.264478918071186,3.48315812134178));
#2017=CARTESIAN_POINT('',(8.36800000000009,0.,3.38936860739436));
#2018=CARTESIAN_POINT('Ctrl Pts',(10.3221207878287,-3.19703199314417,3.42594116160109));
#2019=CARTESIAN_POINT('Ctrl Pts',(10.7344706707543,-1.77707233692546,2.74853379910589));
#2020=CARTESIAN_POINT('Ctrl Pts',(10.8565165906,-0.273483101656998,2.21285842603488));
#2021=CARTESIAN_POINT('Ctrl Pts',(10.6785713415274,1.19439064617352,1.86143344536371));
#2022=CARTESIAN_POINT('Ctrl Pts',(10.4008730849654,-3.23586088420581,3.39248720235371));
#2023=CARTESIAN_POINT('Ctrl Pts',(10.8186202854886,-1.80610639525243,2.7089139565889));
#2024=CARTESIAN_POINT('Ctrl Pts',(10.9440764882079,-0.289585908377548,2.16730003433055));
#2025=CARTESIAN_POINT('Ctrl Pts',(10.7656251217559,1.19301300443379,1.81159916575241));
#2026=CARTESIAN_POINT('Ctrl Pts',(10.5841479186383,-3.29917873322549,3.37132499522115));
#2027=CARTESIAN_POINT('Ctrl Pts',(11.0141788829966,-1.84903923203389,2.67815166378201));
#2028=CARTESIAN_POINT('Ctrl Pts',(11.1476332175816,-0.306083581039083,2.12698036439362));
#2029=CARTESIAN_POINT('Ctrl Pts',(10.9690776695881,1.20636950239936,1.7643692803295));
#2030=CARTESIAN_POINT('Ctrl Pts',(10.8989627697009,-3.32714267293767,3.50434126541161));
#2031=CARTESIAN_POINT('Ctrl Pts',(11.3438023094824,-1.84753941204071,2.80940554143307));
#2032=CARTESIAN_POINT('Ctrl Pts',(11.486151678571,-0.270061590524117,2.25614210120013));
#2033=CARTESIAN_POINT('Ctrl Pts',(11.3071184252434,1.27790681956659,1.8920067730101));
#2034=CARTESIAN_POINT('Ctrl Pts',(11.0273951238043,-3.26343421208209,3.71606395738948));
#2035=CARTESIAN_POINT('Ctrl Pts',(11.4676831458177,-1.77620780882909,3.03190062293742));
#2036=CARTESIAN_POINT('Ctrl Pts',(11.6032140130399,-0.196793628598205,2.4896354857325));
#2037=CARTESIAN_POINT('Ctrl Pts',(11.4206062296338,1.34943100046144,2.13329255664942));
#2038=CARTESIAN_POINT('Ctrl Pts',(11.0437659827828,-3.20705985561985,3.84419931346997));
#2039=CARTESIAN_POINT('Ctrl Pts',(11.4748590422051,-1.72255657866393,3.16679195097477));
#2040=CARTESIAN_POINT('Ctrl Pts',(11.602452503862,-0.150622378155999,2.63111657790377));
#2041=CARTESIAN_POINT('Ctrl Pts',(11.4164188343769,1.38397290366682,2.27969159723259));
#2042=CARTESIAN_POINT('',(11.437868750777,1.1938,2.32412737529595));
#2043=CARTESIAN_POINT('',(10.6786429273086,1.1938,1.86157486185573));
#2044=CARTESIAN_POINT('Ctrl Pts',(11.4378489966672,1.19380086916154,2.32413802723787));
#2045=CARTESIAN_POINT('Ctrl Pts',(11.4378485578042,1.19379567100292,2.29778301786648));
#2046=CARTESIAN_POINT('Ctrl Pts',(11.4357341385251,1.19378847359988,2.27155402807232));
#2047=CARTESIAN_POINT('Ctrl Pts',(11.4316756809231,1.19378395377761,2.24564336230986));
#2048=CARTESIAN_POINT('Ctrl Pts',(11.4274564987682,1.19377925495965,2.21870657269005));
#2049=CARTESIAN_POINT('Ctrl Pts',(11.4211359906584,1.1937771328241,2.19211266827171));
#2050=CARTESIAN_POINT('Ctrl Pts',(11.4128494317536,1.19377653142978,2.16607987888029));
#2051=CARTESIAN_POINT('Ctrl Pts',(11.4083079887419,1.19377620183603,2.15181262623472));
#2052=CARTESIAN_POINT('Ctrl Pts',(11.4031750894323,1.19377624851758,2.13771404911943));
#2053=CARTESIAN_POINT('Ctrl Pts',(11.3974667908577,1.19377628707048,2.12382231307791));
#2054=CARTESIAN_POINT('Ctrl Pts',(11.3870167781144,1.19377635764812,2.09839112429848));
#2055=CARTESIAN_POINT('Ctrl Pts',(11.3747069626163,1.19377776448715,2.07381187451596));
#2056=CARTESIAN_POINT('Ctrl Pts',(11.3606693488364,1.19377906774463,2.05030388519757));
#2057=CARTESIAN_POINT('Ctrl Pts',(11.3468845990167,1.19378034752612,2.02721935269783));
#2058=CARTESIAN_POINT('Ctrl Pts',(11.3314330275588,1.19378118241811,2.00516676793818));
#2059=CARTESIAN_POINT('Ctrl Pts',(11.3143976825649,1.19378225178279,1.98437886034881));
#2060=CARTESIAN_POINT('Ctrl Pts',(11.3049242984185,1.19378284645829,1.97281866980006));
#2061=CARTESIAN_POINT('Ctrl Pts',(11.2949604439415,1.19378357902573,1.96165011658305));
#2062=CARTESIAN_POINT('Ctrl Pts',(11.2845158016256,1.19378544101176,1.95091851898282));
#2063=CARTESIAN_POINT('Ctrl Pts',(11.2726055893532,1.19378756426771,1.93868108647202));
#2064=CARTESIAN_POINT('Ctrl Pts',(11.2601201486296,1.19379150548293,1.927062933186));
#2065=CARTESIAN_POINT('Ctrl Pts',(11.2470830266023,1.19379768200896,1.9161222387205));
#2066=CARTESIAN_POINT('Ctrl Pts',(11.2265353226169,1.19380741678234,1.89887869748493));
#2067=CARTESIAN_POINT('Ctrl Pts',(11.204618192476,1.19382200565632,1.88331560789222));
#2068=CARTESIAN_POINT('Ctrl Pts',(11.1815776286284,1.19383048350831,1.86952595975257));
#2069=CARTESIAN_POINT('Ctrl Pts',(11.1607825372624,1.19383813513125,1.85708021428965));
#2070=CARTESIAN_POINT('Ctrl Pts',(11.1390711849675,1.19384078219526,1.84607933456148));
#2071=CARTESIAN_POINT('Ctrl Pts',(11.1166135935182,1.19383973576061,1.83662522181687));
#2072=CARTESIAN_POINT('Ctrl Pts',(11.0921330871051,1.19383859506614,1.82631950990658));
#2073=CARTESIAN_POINT('Ctrl Pts',(11.0669512294941,1.19383267255895,1.81792901490339));
#2074=CARTESIAN_POINT('Ctrl Pts',(11.0413098525188,1.19382403450399,1.81154721606608));
#2075=CARTESIAN_POINT('Ctrl Pts',(11.0174711325974,1.19381600372728,1.80561407467418));
#2076=CARTESIAN_POINT('Ctrl Pts',(10.9932341585239,1.19380557223052,1.80141724788007));
#2077=CARTESIAN_POINT('Ctrl Pts',(10.9687883380787,1.19380601042745,1.79907029085906));
#2078=CARTESIAN_POINT('Ctrl Pts',(10.9539331869389,1.19380627670944,1.7976441001798));
#2079=CARTESIAN_POINT('Ctrl Pts',(10.9390008927222,1.1938108081368,1.79690185430124));
#2080=CARTESIAN_POINT('Ctrl Pts',(10.9240331834534,1.19381708366559,1.79684440501877));
#2081=CARTESIAN_POINT('Ctrl Pts',(10.8975376036871,1.193828192498,1.79674270929374));
#2082=CARTESIAN_POINT('Ctrl Pts',(10.871120821801,1.19384167205776,1.79878518072801));
#2083=CARTESIAN_POINT('Ctrl Pts',(10.8450179808548,1.19384600592569,1.80292485655072));
#2084=CARTESIAN_POINT('Ctrl Pts',(10.8288261876305,1.19384869425733,1.80549272933802));
#2085=CARTESIAN_POINT('Ctrl Pts',(10.8127551886621,1.19384817170777,1.80886856269088));
#2086=CARTESIAN_POINT('Ctrl Pts',(10.7968637177855,1.19384482917315,1.81305038550134));
#2087=CARTESIAN_POINT('Ctrl Pts',(10.7713883502839,1.19383947080838,1.8197542000035));
#2088=CARTESIAN_POINT('Ctrl Pts',(10.7465341009646,1.19382572062919,1.82848483039593));
#2089=CARTESIAN_POINT('Ctrl Pts',(10.7225340403834,1.19381383335857,1.83919615143786));
#2090=CARTESIAN_POINT('Ctrl Pts',(10.7075502681471,1.19380641187082,1.84588346767608));
#2091=CARTESIAN_POINT('Ctrl Pts',(10.6928995904757,1.19379999943296,1.85334377451325));
#2092=CARTESIAN_POINT('Ctrl Pts',(10.6786429270915,1.19380000000883,1.86157486197834));
#2093=CARTESIAN_POINT('',(11.2981908031242,-2.14496726692979,3.38936860740248));
#2094=CARTESIAN_POINT('Origin',(0.,0.,8.99397221739802));
#2095=CARTESIAN_POINT('',(10.3441860560746,-3.12000199089134,3.38936860739984));
#2096=CARTESIAN_POINT('Ctrl Pts',(10.3441822822739,-3.12000153628607,3.38937064554934));
#2097=CARTESIAN_POINT('Ctrl Pts',(10.3543558730155,-3.13898362006535,3.38936982585648));
#2098=CARTESIAN_POINT('Ctrl Pts',(10.3658935332662,-3.15743967601966,3.3893940285744));
#2099=CARTESIAN_POINT('Ctrl Pts',(10.3789898657047,-3.17463892324932,3.38942188635452));
#2100=CARTESIAN_POINT('Ctrl Pts',(10.3913594961595,-3.19088380198387,3.38944819833514));
#2101=CARTESIAN_POINT('Ctrl Pts',(10.4051201306146,-3.206007523203,3.38947780576352));
#2102=CARTESIAN_POINT('Ctrl Pts',(10.4204013089019,-3.21936360976396,3.38950064834145));
#2103=CARTESIAN_POINT('Ctrl Pts',(10.4212990610713,-3.22014826494299,3.38950199031741));
#2104=CARTESIAN_POINT('Ctrl Pts',(10.4222020495843,-3.22092680987479,3.38950331133827));
#2105=CARTESIAN_POINT('Ctrl Pts',(10.4231102961586,-3.22169910990558,3.38950461028565));
#2106=CARTESIAN_POINT('Ctrl Pts',(10.4388502202273,-3.23508307873746,3.38952712105939));
#2107=CARTESIAN_POINT('Ctrl Pts',(10.4559094497358,-3.24636545932676,3.38953922977467));
#2108=CARTESIAN_POINT('Ctrl Pts',(10.4743331367872,-3.2550868341252,3.38953526654394));
#2109=CARTESIAN_POINT('Ctrl Pts',(10.4826252367628,-3.25901213482923,3.38953348278017));
#2110=CARTESIAN_POINT('Ctrl Pts',(10.491193260164,-3.262418274455,3.38952868880553));
#2111=CARTESIAN_POINT('Ctrl Pts',(10.5000386917113,-3.26526142975057,3.38952171815764));
#2112=CARTESIAN_POINT('Ctrl Pts',(10.5227357779241,-3.2725568726597,3.3895038317046));
#2113=CARTESIAN_POINT('Ctrl Pts',(10.5460940447395,-3.27577142248396,3.38947080094382));
#2114=CARTESIAN_POINT('Ctrl Pts',(10.5697941219291,-3.27534386938455,3.3894550590814));
#2115=CARTESIAN_POINT('Ctrl Pts',(10.5736758730476,-3.27527384198723,3.38945248077789));
#2116=CARTESIAN_POINT('Ctrl Pts',(10.5775668635385,-3.27510615843747,3.38945044199476));
#2117=CARTESIAN_POINT('Ctrl Pts',(10.581465771003,-3.27484280119461,3.38944917119032));
#2118=CARTESIAN_POINT('Ctrl Pts',(10.5833555819427,-3.27471515123031,3.38944855522798));
#2119=CARTESIAN_POINT('Ctrl Pts',(10.5852431613286,-3.27456535977109,3.38944815015171));
#2120=CARTESIAN_POINT('Ctrl Pts',(10.5871282777937,-3.27439391292707,3.38944796389224));
#2121=CARTESIAN_POINT('Ctrl Pts',(10.6063985984011,-3.27264132325293,3.38944605988268));
#2122=CARTESIAN_POINT('Ctrl Pts',(10.6254081290304,-3.26862503990465,3.38946411360365));
#2123=CARTESIAN_POINT('Ctrl Pts',(10.6439263268817,-3.26289303217442,3.38947761690388));
#2124=CARTESIAN_POINT('Ctrl Pts',(10.6559004520926,-3.2591866359677,3.3894863483263));
#2125=CARTESIAN_POINT('Ctrl Pts',(10.6676700086051,-3.25476309034254,3.38949391802453));
#2126=CARTESIAN_POINT('Ctrl Pts',(10.6791815179811,-3.24977238047665,3.3895007972924));
#2127=CARTESIAN_POINT('Ctrl Pts',(10.6993626073926,-3.24102305328234,3.38951285749368));
#2128=CARTESIAN_POINT('Ctrl Pts',(10.7190034098112,-3.23043073334643,3.38952740078968));
#2129=CARTESIAN_POINT('Ctrl Pts',(10.7379277704959,-3.21852509254398,3.38952633627363));
#2130=CARTESIAN_POINT('Ctrl Pts',(10.7577400209856,-3.20606086499374,3.3895252218128));
#2131=CARTESIAN_POINT('Ctrl Pts',(10.7767671006058,-3.1921573985859,3.38950718082617));
#2132=CARTESIAN_POINT('Ctrl Pts',(10.7948533491536,-3.17742761776926,3.38948503097604));
#2133=CARTESIAN_POINT('Ctrl Pts',(10.8023706350015,-3.17130539885898,3.38947582471337));
#2134=CARTESIAN_POINT('Ctrl Pts',(10.8097259176141,-3.16504047216578,3.38946627974154));
#2135=CARTESIAN_POINT('Ctrl Pts',(10.8169101403476,-3.15867694787191,3.38945880499689));
#2136=CARTESIAN_POINT('Ctrl Pts',(10.8463431210284,-3.1326062796101,3.38942818177945));
#2137=CARTESIAN_POINT('Ctrl Pts',(10.8756688166891,-3.10238298374271,3.3893942477743));
#2138=CARTESIAN_POINT('Ctrl Pts',(10.9045336732221,-3.06816912994058,3.38939927288002));
#2139=CARTESIAN_POINT('Ctrl Pts',(10.9061688821234,-3.06623089760526,3.38939955755483));
#2140=CARTESIAN_POINT('Ctrl Pts',(10.9078026037171,-3.06427985948777,3.38939997832806));
#2141=CARTESIAN_POINT('Ctrl Pts',(10.9094347706007,-3.06231604546905,3.38940054678825));
#2142=CARTESIAN_POINT('Ctrl Pts',(10.9392020178133,-3.02650026096617,3.38941091429125));
#2143=CARTESIAN_POINT('Ctrl Pts',(10.9684555022236,-2.98643481885499,3.38946740188864));
#2144=CARTESIAN_POINT('Ctrl Pts',(10.9969095355362,-2.9424035913512,3.38952452598774));
#2145=CARTESIAN_POINT('Ctrl Pts',(11.0064749469653,-2.92760158412161,3.38954372943438));
#2146=CARTESIAN_POINT('Ctrl Pts',(11.0159496709258,-2.91235142247289,3.38956328861367));
#2147=CARTESIAN_POINT('Ctrl Pts',(11.0253218004312,-2.89666400571321,3.3895822267104));
#2148=CARTESIAN_POINT('Ctrl Pts',(11.0523837159424,-2.85136677132306,3.38963691024559));
#2149=CARTESIAN_POINT('Ctrl Pts',(11.0783038974246,-2.8029166787544,3.38968947023551));
#2150=CARTESIAN_POINT('Ctrl Pts',(11.1028852682502,-2.75167072910707,3.38971432259786));
#2151=CARTESIAN_POINT('Ctrl Pts',(11.1292451954315,-2.69671693866873,3.38974097312385));
#2152=CARTESIAN_POINT('Ctrl Pts',(11.1540664607247,-2.63854759719899,3.38973694743489));
#2153=CARTESIAN_POINT('Ctrl Pts',(11.1770669602383,-2.57759239658513,3.38971290134643));
#2154=CARTESIAN_POINT('Ctrl Pts',(11.1998871654364,-2.51711500629741,3.38968904374837));
#2155=CARTESIAN_POINT('Ctrl Pts',(11.2209155541327,-2.45389463612993,3.38964717219623));
#2156=CARTESIAN_POINT('Ctrl Pts',(11.2398294653417,-2.3883495734107,3.3896149173812));
#2157=CARTESIAN_POINT('Ctrl Pts',(11.2575079746607,-2.32708572431605,3.38958476935724));
#2158=CARTESIAN_POINT('Ctrl Pts',(11.2733392444793,-2.26379052714121,3.38956425305141));
#2159=CARTESIAN_POINT('Ctrl Pts',(11.2870153432875,-2.19881165305304,3.38957041091082));
#2160=CARTESIAN_POINT('Ctrl Pts',(11.2907696441099,-2.1809739462734,3.38957210133856));
#2161=CARTESIAN_POINT('Ctrl Pts',(11.2943612583328,-2.16300941658769,3.38957571172236));
#2162=CARTESIAN_POINT('Ctrl Pts',(11.2977831640423,-2.14492540582848,3.38958133655918));
#2163=CARTESIAN_POINT('Origin',(-0.2414814565723,-0.129409522551261,8.57571406552913));
#2164=CARTESIAN_POINT('Origin',(11.5155696864442,-0.0337689343552977,1.7581861222615));
#2165=CARTESIAN_POINT('',(8.99147998393977,-0.595818096421859,3.38936860739609));
#2166=CARTESIAN_POINT('',(11.5621934403311,1.1938,1.35145673531948));
#2167=CARTESIAN_POINT('Ctrl Pts',(10.1574356788279,1.34653028256217,-2.13025579854567));
#2168=CARTESIAN_POINT('Ctrl Pts',(9.87220213647098,0.649435074092563,-2.51061746911086));
#2169=CARTESIAN_POINT('Ctrl Pts',(9.44576321555699,-0.0314520826447547,
-2.96748931433884));
#2170=CARTESIAN_POINT('Ctrl Pts',(8.90589737752068,-0.651777830821223,-3.47111045568195));
#2171=CARTESIAN_POINT('Ctrl Pts',(10.2667374941486,1.27880713732253,-2.088103980106));
#2172=CARTESIAN_POINT('Ctrl Pts',(9.97527140538597,0.569669827169767,-2.4758537220807));
#2173=CARTESIAN_POINT('Ctrl Pts',(9.54125536326421,-0.119556420080333,-2.9395428601449));
#2174=CARTESIAN_POINT('Ctrl Pts',(8.99387609269714,-0.745932591910458,-3.44944750525485));
#2175=CARTESIAN_POINT('Ctrl Pts',(10.5409002202405,1.17381447397083,-2.10127702930164));
#2176=CARTESIAN_POINT('Ctrl Pts',(10.2356584969286,0.439845852293971,-2.50169669686));
#2177=CARTESIAN_POINT('Ctrl Pts',(9.78563694864965,-0.266519771870496,-2.97676689901373));
#2178=CARTESIAN_POINT('Ctrl Pts',(9.22158220495438,-0.905865039715064,-3.49654746558296));
#2179=CARTESIAN_POINT('Ctrl Pts',(10.8361746747302,1.20216362468388,-2.37465955912733));
#2180=CARTESIAN_POINT('Ctrl Pts',(10.5250812622091,0.45206563932904,-2.77633472703612));
#2181=CARTESIAN_POINT('Ctrl Pts',(10.0673961233209,-0.268274786442675,-3.2517675227894));
#2182=CARTESIAN_POINT('Ctrl Pts',(9.49454006613551,-0.920459471917221,-3.77117319323068));
#2183=CARTESIAN_POINT('Ctrl Pts',(10.8953354883982,1.35075459981701,-2.6913494744371));
#2184=CARTESIAN_POINT('Ctrl Pts',(10.5946980660569,0.608328019861134,-3.08315376148921));
#2185=CARTESIAN_POINT('Ctrl Pts',(10.1482707436481,-0.110291312423742,-3.54966142205124));
#2186=CARTESIAN_POINT('Ctrl Pts',(9.58569070905965,-0.764516147859732,-4.06096400107814));
#2187=CARTESIAN_POINT('Ctrl Pts',(10.8127939494301,1.46933653515255,-2.84677860401824));
#2188=CARTESIAN_POINT('Ctrl Pts',(10.5242560834546,0.741669499616126,-3.23069369742394));
#2189=CARTESIAN_POINT('Ctrl Pts',(10.0917596537082,0.0318472456157837,-3.6903778216947));
#2190=CARTESIAN_POINT('Ctrl Pts',(9.54287225532014,-0.617454707827612,-4.19620410879619));
#2191=CARTESIAN_POINT('Ctrl Pts',(10.7489623260969,1.52562244262376,-2.90206734100793));
#2192=CARTESIAN_POINT('Ctrl Pts',(10.4668039115897,0.806861039111038,-3.28242901157311));
#2193=CARTESIAN_POINT('Ctrl Pts',(10.0416532048981,0.10284538492375,-3.73930085680109));
#2194=CARTESIAN_POINT('Ctrl Pts',(9.50035714939687,-0.54252541433997,-4.24292199814421));
#2195=CARTESIAN_POINT('',(10.0925941731139,1.19380000003721,-2.2149469731911));
#2196=CARTESIAN_POINT('Ctrl Pts',(10.0925743143202,1.19380529888912,-2.21495679920052));
#2197=CARTESIAN_POINT('Ctrl Pts',(10.1173939959997,1.19380595079064,-2.20062890410556));
#2198=CARTESIAN_POINT('Ctrl Pts',(10.1431193332448,1.19384562634678,-2.18797133457663));
#2199=CARTESIAN_POINT('Ctrl Pts',(10.1695690688707,1.19388242881332,-2.17714041459295));
#2200=CARTESIAN_POINT('Ctrl Pts',(10.1941257101355,1.19391659720658,-2.16708469908908));
#2201=CARTESIAN_POINT('Ctrl Pts',(10.2193074716076,1.19394811235388,-2.15860385309543));
#2202=CARTESIAN_POINT('Ctrl Pts',(10.2449496999829,1.19396130981412,-2.15185676808241));
#2203=CARTESIAN_POINT('Ctrl Pts',(10.2682263215972,1.19397328975142,-2.1457321309195));
#2204=CARTESIAN_POINT('Ctrl Pts',(10.2918826703874,1.19397014164392,-2.14103645861758));
#2205=CARTESIAN_POINT('Ctrl Pts',(10.3157724310546,1.19395666770983,-2.13791276109473));
#2206=CARTESIAN_POINT('Ctrl Pts',(10.3408976294598,1.19394249698322,-2.13462752433105));
#2207=CARTESIAN_POINT('Ctrl Pts',(10.3661213060532,1.1939138548813,-2.13310271604738));
#2208=CARTESIAN_POINT('Ctrl Pts',(10.3912504919629,1.19387204449464,-2.13348057066667));
#2209=CARTESIAN_POINT('Ctrl Pts',(10.4147412462472,1.19383296015967,-2.13383378903389));
#2210=CARTESIAN_POINT('Ctrl Pts',(10.4381498727447,1.19378221746905,-2.13584992415055));
#2211=CARTESIAN_POINT('Ctrl Pts',(10.4612903688223,1.19374330625528,-2.13967165892887));
#2212=CARTESIAN_POINT('Ctrl Pts',(10.4756037020739,1.19371923809495,-2.14203555654359));
#2213=CARTESIAN_POINT('Ctrl Pts',(10.4898138712013,1.1937001417062,-2.14509076901325));
#2214=CARTESIAN_POINT('Ctrl Pts',(10.5038697097568,1.19369677674241,-2.14887604256812));
#2215=CARTESIAN_POINT('Ctrl Pts',(10.5097132469565,1.19369537780125,-2.15044972219895));
#2216=CARTESIAN_POINT('Ctrl Pts',(10.5155109455527,1.19369661309973,-2.15214458743463));
#2217=CARTESIAN_POINT('Ctrl Pts',(10.52125976633,1.19370113429972,-2.15396143496154));
#2218=CARTESIAN_POINT('Ctrl Pts',(10.5462071782828,1.19372075436493,-2.16184577254398));
#2219=CARTESIAN_POINT('Ctrl Pts',(10.5702362497713,1.19379965536006,-2.17202521555291));
#2220=CARTESIAN_POINT('Ctrl Pts',(10.593149826291,1.19387698281065,-2.18438694522234));
#2221=CARTESIAN_POINT('Ctrl Pts',(10.6136973063539,1.19394632529185,-2.19547218081209));
#2222=CARTESIAN_POINT('Ctrl Pts',(10.6333479968288,1.19401480068657,-2.20831312258867));
#2223=CARTESIAN_POINT('Ctrl Pts',(10.6519357656902,1.1940614308383,-2.22284170495251));
#2224=CARTESIAN_POINT('Ctrl Pts',(10.6719580119705,1.1941116595876,-2.23849150436436));
#2225=CARTESIAN_POINT('Ctrl Pts',(10.6904193753708,1.19413605595499,-2.25584180037699));
#2226=CARTESIAN_POINT('Ctrl Pts',(10.7072198584575,1.19412256001653,-2.2746633599361));
#2227=CARTESIAN_POINT('Ctrl Pts',(10.7246485340876,1.19410855944687,-2.2941886827922));
#2228=CARTESIAN_POINT('Ctrl Pts',(10.7402907052652,1.19405371838536,-2.3152980035256));
#2229=CARTESIAN_POINT('Ctrl Pts',(10.7540234001038,1.19398316159216,-2.33777263745486));
#2230=CARTESIAN_POINT('Ctrl Pts',(10.755345945058,1.19397636652885,-2.33993708617027));
#2231=CARTESIAN_POINT('Ctrl Pts',(10.756650765111,1.19396945466073,-2.34211422093355));
#2232=CARTESIAN_POINT('Ctrl Pts',(10.7579377401906,1.19396246680497,-2.34430386018317));
#2233=CARTESIAN_POINT('Ctrl Pts',(10.77080129488,1.19389262189019,-2.36618971072075));
#2234=CARTESIAN_POINT('Ctrl Pts',(10.7817242003017,1.19381694024746,-2.38904842684438));
#2235=CARTESIAN_POINT('Ctrl Pts',(10.7907016590471,1.19376295915675,-2.41263920154002));
#2236=CARTESIAN_POINT('Ctrl Pts',(10.793646572042,1.19374525151587,-2.42037778112377));
#2237=CARTESIAN_POINT('Ctrl Pts',(10.7963821522228,1.19373013749708,-2.42819547719716));
#2238=CARTESIAN_POINT('Ctrl Pts',(10.7989081969062,1.19371932161019,-2.43608472015878));
#2239=CARTESIAN_POINT('Ctrl Pts',(10.8066216690734,1.1936862944658,-2.46017513170391));
#2240=CARTESIAN_POINT('Ctrl Pts',(10.8123837308106,1.19369054055386,-2.48492987360554));
#2241=CARTESIAN_POINT('Ctrl Pts',(10.8163226039753,1.19371028507533,-2.51010058963826));
#2242=CARTESIAN_POINT('Ctrl Pts',(10.8202138196456,1.19372979070249,-2.53496675835305));
#2243=CARTESIAN_POINT('Ctrl Pts',(10.822302736588,1.1937668312072,-2.56008619837637));
#2244=CARTESIAN_POINT('Ctrl Pts',(10.8227320884098,1.19379295136479,-2.5852444979214));
#2245=CARTESIAN_POINT('Ctrl Pts',(10.823192007972,1.19382093114927,-2.61219394479385));
#2246=CARTESIAN_POINT('Ctrl Pts',(10.8217479930745,1.19383659459584,-2.63918848131688));
#2247=CARTESIAN_POINT('Ctrl Pts',(10.8185441981418,1.19383999562946,-2.66600446846668));
#2248=CARTESIAN_POINT('Ctrl Pts',(10.8163809592151,1.19384229204619,-2.6841109292358));
#2249=CARTESIAN_POINT('Ctrl Pts',(10.8134147496797,1.19383973042381,-2.70213682100617));
#2250=CARTESIAN_POINT('Ctrl Pts',(10.8096815930158,1.19383955919808,-2.72002056208054));
#2251=CARTESIAN_POINT('Ctrl Pts',(10.8060984183113,1.19383939485145,-2.7371858124058));
#2252=CARTESIAN_POINT('Ctrl Pts',(10.8018119480545,1.19383963534671,-2.75420107206032));
#2253=CARTESIAN_POINT('Ctrl Pts',(10.7968502994441,1.19384100893172,-2.77101763012701));
#2254=CARTESIAN_POINT('Ctrl Pts',(10.7886108488905,1.19384328994487,-2.79894367035082));
#2255=CARTESIAN_POINT('Ctrl Pts',(10.7785127391822,1.19384764506666,-2.82632165794007));
#2256=CARTESIAN_POINT('Ctrl Pts',(10.7667837199003,1.19384681091864,-2.85299430705268));
#2257=CARTESIAN_POINT('Ctrl Pts',(10.75768367623,1.19384616373892,-2.87368847302643));
#2258=CARTESIAN_POINT('Ctrl Pts',(10.7476007270649,1.19384299773675,-2.8939584573414));
#2259=CARTESIAN_POINT('Ctrl Pts',(10.7366211539073,1.19384105803719,-2.91373266099851));
#2260=CARTESIAN_POINT('Ctrl Pts',(10.7210478220039,1.19383830678407,-2.94178022097746));
#2261=CARTESIAN_POINT('Ctrl Pts',(10.7036594775155,1.19383163144839,-2.96885245846343));
#2262=CARTESIAN_POINT('Ctrl Pts',(10.6846460965906,1.19382568445474,-2.99473229272837));
#2263=CARTESIAN_POINT('Ctrl Pts',(10.6655260395489,1.193819704095,-3.02075732790399));
#2264=CARTESIAN_POINT('Ctrl Pts',(10.6447621995683,1.19381522783775,-3.045577518274));
#2265=CARTESIAN_POINT('Ctrl Pts',(10.6224999570458,1.19381763834565,-3.06895289767643));
#2266=CARTESIAN_POINT('Ctrl Pts',(10.6177669772674,1.19381815082255,-3.07392253170639));
#2267=CARTESIAN_POINT('Ctrl Pts',(10.6129661136842,1.19381895301151,-3.07882676210014));
#2268=CARTESIAN_POINT('Ctrl Pts',(10.6080985162549,1.19382004919681,-3.08366310638478));
#2269=CARTESIAN_POINT('',(8.99296650338919,-0.550057224857276,-3.38936860740994));
#2270=CARTESIAN_POINT('Ctrl Pts',(10.0925743143413,1.19380529893714,-2.21495679917345));
#2271=CARTESIAN_POINT('Ctrl Pts',(9.82582232125144,0.587893152389627,-2.55643600475348));
#2272=CARTESIAN_POINT('Ctrl Pts',(9.45313342841535,-0.00321157381622573,
-2.95449647612133));
#2273=CARTESIAN_POINT('Ctrl Pts',(8.99295551113766,-0.550053497565964,-3.38937380056137));
#2274=CARTESIAN_POINT('',(9.13724918150345,-0.67682019894661,-3.38936860742058));
#2275=CARTESIAN_POINT('Ctrl Pts',(9.13753005226762,-0.676687394887018,-3.389847485702));
#2276=CARTESIAN_POINT('Ctrl Pts',(9.12019882844086,-0.670180704242986,-3.38983958321271));
#2277=CARTESIAN_POINT('Ctrl Pts',(9.10348457413109,-0.66205920684355,-3.38980734119587));
#2278=CARTESIAN_POINT('Ctrl Pts',(9.08762344089804,-0.652167228090225,-3.38975760074127));
#2279=CARTESIAN_POINT('Ctrl Pts',(9.0678277614387,-0.639821424184406,-3.38969552156439));
#2280=CARTESIAN_POINT('Ctrl Pts',(9.04992260481598,-0.625064679210683,-3.38960566100989));
#2281=CARTESIAN_POINT('Ctrl Pts',(9.03406731453953,-0.607977805190991,-3.38952481699212));
#2282=CARTESIAN_POINT('Ctrl Pts',(9.01897500166647,-0.591713174002832,-3.38944786329473));
#2283=CARTESIAN_POINT('Ctrl Pts',(9.00610507353701,-0.573731194687284,-3.38938236224833));
#2284=CARTESIAN_POINT('Ctrl Pts',(8.99531785736422,-0.554376010702147,-3.3893745501716));
#2285=CARTESIAN_POINT('Ctrl Pts',(8.99451901953035,-0.55294267952559,-3.3893739716551));
#2286=CARTESIAN_POINT('Ctrl Pts',(8.99373159149066,-0.551501798258033,-3.38937371471256));
#2287=CARTESIAN_POINT('Ctrl Pts',(8.99295551114048,-0.550053497562623,-3.38937380055871));
#2288=CARTESIAN_POINT('Ctrl Pts',(9.50035714955351,-0.542525414153218,-4.24292199799847));
#2289=CARTESIAN_POINT('Ctrl Pts',(9.50107479190021,-0.543035152562398,-4.24217646127128));
#2290=CARTESIAN_POINT('Ctrl Pts',(9.50179006505544,-0.543544747548427,-4.24142854721491));
#2291=CARTESIAN_POINT('Ctrl Pts',(9.52895467059117,-0.562957482414984,-4.21283926322629));
#2292=CARTESIAN_POINT('Ctrl Pts',(9.55208636915818,-0.581629759235413,-4.18178682114567));
#2293=CARTESIAN_POINT('Ctrl Pts',(9.59049651504095,-0.617583186577545,-4.11467791975897));
#2294=CARTESIAN_POINT('Ctrl Pts',(9.60576689361002,-0.634811984942788,-4.07877590096084));
#2295=CARTESIAN_POINT('Ctrl Pts',(9.63422888293655,-0.676836963922911,-3.98067071828274));
#2296=CARTESIAN_POINT('Ctrl Pts',(9.64046912750671,-0.699685414831448,-3.91625794708301));
#2297=CARTESIAN_POINT('Ctrl Pts',(9.62822302626219,-0.734828531139013,-3.79098183786849));
#2298=CARTESIAN_POINT('Ctrl Pts',(9.6116568813185,-0.747477981798509,-3.73130650841339));
#2299=CARTESIAN_POINT('Ctrl Pts',(9.55830041037446,-0.762089352100887,-3.62145618113806));
#2300=CARTESIAN_POINT('Ctrl Pts',(9.52293332212012,-0.764271422009007,-3.57229226300697));
#2301=CARTESIAN_POINT('Ctrl Pts',(9.43571364106162,-0.758133716540902,-3.48754112724995));
#2302=CARTESIAN_POINT('Ctrl Pts',(9.38476981393128,-0.749681784374022,-3.45346257348704));
#2303=CARTESIAN_POINT('Ctrl Pts',(9.27092074259391,-0.722400311906763,-3.40407758365637));
#2304=CARTESIAN_POINT('Ctrl Pts',(9.2090804843473,-0.703332548332831,-3.39081055408652));
#2305=CARTESIAN_POINT('Ctrl Pts',(9.14410733846367,-0.679382957691357,-3.38940561182805));
#2306=CARTESIAN_POINT('Ctrl Pts',(9.1406756557159,-0.678106384721769,-3.38936860743314));
#2307=CARTESIAN_POINT('Ctrl Pts',(9.13724918148978,-0.676820198983238,-3.38936860743321));
#2308=CARTESIAN_POINT('Ctrl Pts',(7.41539499224951,-7.82434102011863,4.08981091823289));
#2309=CARTESIAN_POINT('Ctrl Pts',(8.07881582754595,-6.48367570168854,4.07703537365191));
#2310=CARTESIAN_POINT('Ctrl Pts',(9.30553989695413,-4.09702592935239,4.15098583540973));
#2311=CARTESIAN_POINT('Ctrl Pts',(10.317175917951,-1.63092178323995,4.08021690402284));
#2312=CARTESIAN_POINT('Ctrl Pts',(10.7632900460083,-0.599985128565621,4.08981091763577));
#2313=CARTESIAN_POINT('Ctrl Pts',(7.36913754318207,-7.80290449525252,4.10684940551123));
#2314=CARTESIAN_POINT('Ctrl Pts',(8.03611928296452,-6.46351393830106,4.09738087107685));
#2315=CARTESIAN_POINT('Ctrl Pts',(9.26199782443322,-4.07694622825767,4.17787278205303));
#2316=CARTESIAN_POINT('Ctrl Pts',(10.2733774829539,-1.61090674108322,4.0997388477885));
#2317=CARTESIAN_POINT('Ctrl Pts',(10.7170325971082,-0.578548603758551,4.10684940506862));
#2318=CARTESIAN_POINT('Ctrl Pts',(7.32037398933462,-7.78030659686399,4.11559253206091));
#2319=CARTESIAN_POINT('Ctrl Pts',(7.99070330830359,-6.44167799585471,4.11044247968799));
#2320=CARTESIAN_POINT('Ctrl Pts',(9.21441296324064,-4.05509996917753,4.19676120917048));
#2321=CARTESIAN_POINT('Ctrl Pts',(10.2266755622594,-1.58985703246446,4.11172501310591));
#2322=CARTESIAN_POINT('Ctrl Pts',(10.6682690434185,-0.555950705404322,4.11559253182014));
#2323=CARTESIAN_POINT('Ctrl Pts',(7.27160168272917,-7.75770464230956,4.11559253181395));
#2324=CARTESIAN_POINT('Ctrl Pts',(7.94466247274527,-6.41917899649592,4.11559252925591));
#2325=CARTESIAN_POINT('Ctrl Pts',(9.16533280825495,-4.03265716023526,4.20667499224618));
#2326=CARTESIAN_POINT('Ctrl Pts',(10.1792882145563,-1.56877015996603,4.11559253176579));
#2327=CARTESIAN_POINT('Ctrl Pts',(10.6194967369425,-0.533348750852687,4.11559253181395));
#2328=CARTESIAN_POINT('',(7.2716016716849,-7.75770463675609,4.11559253181395));
#2329=CARTESIAN_POINT('',(10.6194967366572,-0.533348750731428,4.11559253181395));
#2330=CARTESIAN_POINT('Ctrl Pts',(10.6194967362373,-0.533348752511429,4.11559253181395));
#2331=CARTESIAN_POINT('Ctrl Pts',(10.6165695329416,-0.542157620272002,4.1155925318139));
#2332=CARTESIAN_POINT('Ctrl Pts',(10.613640547887,-0.550965466262725,4.1155921086564));
#2333=CARTESIAN_POINT('Ctrl Pts',(10.6107095093626,-0.559772974618295,4.11559128527728));
#2334=CARTESIAN_POINT('Ctrl Pts',(10.558210198524,-0.717528703527063,4.11557653731821));
#2335=CARTESIAN_POINT('Ctrl Pts',(10.5056730105993,-0.873323334920776,4.11543775251186));
#2336=CARTESIAN_POINT('Ctrl Pts',(10.4519605313014,-1.02990530807509,4.11528681308766));
#2337=CARTESIAN_POINT('Ctrl Pts',(10.4447604462223,-1.05089490943591,4.11526657986234));
#2338=CARTESIAN_POINT('Ctrl Pts',(10.4375392486516,-1.07189867112121,4.11524605366569));
#2339=CARTESIAN_POINT('Ctrl Pts',(10.4302941936415,-1.09292322268653,4.11522543350312));
#2340=CARTESIAN_POINT('Ctrl Pts',(10.3746500377188,-1.25439796979142,4.11506706458254));
#2341=CARTESIAN_POINT('Ctrl Pts',(10.3186050536637,-1.41414783818206,4.11491196547249));
#2342=CARTESIAN_POINT('Ctrl Pts',(10.2618485179779,-1.57276080162558,4.11482328810588));
#2343=CARTESIAN_POINT('Ctrl Pts',(10.2046066372684,-1.73273012009585,4.11473385242804));
#2344=CARTESIAN_POINT('Ctrl Pts',(10.1466421692481,-1.89154281116436,4.11471138120819));
#2345=CARTESIAN_POINT('Ctrl Pts',(10.0876281922467,-2.04978786663963,4.11477045318775));
#2346=CARTESIAN_POINT('Ctrl Pts',(10.0320066020015,-2.1989362901354,4.1148261294463));
#2347=CARTESIAN_POINT('Ctrl Pts',(9.97545327204777,-2.34758043392074,4.11495399779757));
#2348=CARTESIAN_POINT('Ctrl Pts',(9.91767523303827,-2.49620251707737,4.11512797426057));
#2349=CARTESIAN_POINT('Ctrl Pts',(9.86941928895522,-2.62033097587003,4.11527327857713));
#2350=CARTESIAN_POINT('Ctrl Pts',(9.82030890163116,-2.74444395457481,4.11545029143299));
#2351=CARTESIAN_POINT('Ctrl Pts',(9.77015813145596,-2.86881543712468,4.1156213693534));
#2352=CARTESIAN_POINT('Ctrl Pts',(9.70781558224143,-3.02342194156442,4.11583403674884));
#2353=CARTESIAN_POINT('Ctrl Pts',(9.6444507487116,-3.17701038358029,4.11603047635925));
#2354=CARTESIAN_POINT('Ctrl Pts',(9.57981590729477,-3.32982702429297,4.11611505810182));
#2355=CARTESIAN_POINT('Ctrl Pts',(9.52335990316927,-3.4633063786072,4.11618893694336));
#2356=CARTESIAN_POINT('Ctrl Pts',(9.46593478705185,-3.59619690045938,4.11617727826184));
#2357=CARTESIAN_POINT('Ctrl Pts',(9.40736120678979,-3.72865774328401,4.11598733211719));
#2358=CARTESIAN_POINT('Ctrl Pts',(9.34182371895228,-3.87686706968555,4.11577480296857));
#2359=CARTESIAN_POINT('Ctrl Pts',(9.27484841921285,-4.02453855986142,4.11534017857546));
#2360=CARTESIAN_POINT('Ctrl Pts',(9.20644071011951,-4.17200520743893,4.11481663649207));
#2361=CARTESIAN_POINT('Ctrl Pts',(9.18118650553129,-4.22644575130774,4.11462335946146));
#2362=CARTESIAN_POINT('Ctrl Pts',(9.15573690653422,-4.28085829612434,4.11441746694608));
#2363=CARTESIAN_POINT('Ctrl Pts',(9.13009159148335,-4.33525929309953,4.11420405203429));
#2364=CARTESIAN_POINT('Ctrl Pts',(9.06016783021077,-4.48358745042333,4.11362216121661));
#2365=CARTESIAN_POINT('Ctrl Pts',(8.98923340624932,-4.63088816958028,4.11299233417751));
#2366=CARTESIAN_POINT('Ctrl Pts',(8.91724976089332,-4.77746559240389,4.11242499751758));
#2367=CARTESIAN_POINT('Ctrl Pts',(8.84361730069336,-4.92740043105918,4.11184466577937));
#2368=CARTESIAN_POINT('Ctrl Pts',(8.76888691264111,-5.07657857400924,4.11132945902695));
#2369=CARTESIAN_POINT('Ctrl Pts',(8.69299154478591,-5.22531317094835,4.11095035506538));
#2370=CARTESIAN_POINT('Ctrl Pts',(8.61489733935994,-5.3783569006984,4.11056026771894));
#2371=CARTESIAN_POINT('Ctrl Pts',(8.53556952315258,-5.53093104986632,4.11031417724909));
#2372=CARTESIAN_POINT('Ctrl Pts',(8.45490989506672,-5.68336254417741,4.11024289345401));
#2373=CARTESIAN_POINT('Ctrl Pts',(8.43800685865057,-5.71530609711031,4.11022795521771));
#2374=CARTESIAN_POINT('Ctrl Pts',(8.4210452543873,-5.74724333646982,4.1102205373474));
#2375=CARTESIAN_POINT('Ctrl Pts',(8.404024054515,-5.77917719543053,4.11022067701968));
#2376=CARTESIAN_POINT('Ctrl Pts',(8.33246516563519,-5.91343044913869,4.11022126421642));
#2377=CARTESIAN_POINT('Ctrl Pts',(8.26104676609861,-6.04543458815142,4.11035065155391));
#2378=CARTESIAN_POINT('Ctrl Pts',(8.18929786815541,-6.17615516213406,4.11060513080597));
#2379=CARTESIAN_POINT('Ctrl Pts',(8.11365538385542,-6.3139695293038,4.11087341984427));
#2380=CARTESIAN_POINT('Ctrl Pts',(8.03764484277207,-6.45035714515778,4.11128093366659));
#2381=CARTESIAN_POINT('Ctrl Pts',(7.96068394316644,-6.5864301643742,4.11177801739634));
#2382=CARTESIAN_POINT('Ctrl Pts',(7.88407180873543,-6.72188653889766,4.11227284848229));
#2383=CARTESIAN_POINT('Ctrl Pts',(7.80651699980779,-6.8570306681813,4.11285668140649));
#2384=CARTESIAN_POINT('Ctrl Pts',(7.72742854475233,-6.99294565716596,4.11343437772429));
#2385=CARTESIAN_POINT('Ctrl Pts',(7.65564454085805,-7.11630781023526,4.11395871916827));
#2386=CARTESIAN_POINT('Ctrl Pts',(7.58259642023737,-7.24030431992025,4.1144780220962));
#2387=CARTESIAN_POINT('Ctrl Pts',(7.50783966486879,-7.3657420235752,4.11488216810972));
#2388=CARTESIAN_POINT('Ctrl Pts',(7.43564317120809,-7.48688374959163,4.11527247297193));
#2389=CARTESIAN_POINT('Ctrl Pts',(7.36185251054961,-7.60936879369499,4.11555620811283));
#2390=CARTESIAN_POINT('Ctrl Pts',(7.28607316710514,-7.73393163252032,4.11558934977876));
#2391=CARTESIAN_POINT('Ctrl Pts',(7.28125143944767,-7.74185738191002,4.115591458534));
#2392=CARTESIAN_POINT('Ctrl Pts',(7.27642773729597,-7.74978148600048,4.11559253180845));
#2393=CARTESIAN_POINT('Ctrl Pts',(7.27160171502473,-7.75770457808291,4.11559253181395));
#2394=CARTESIAN_POINT('Ctrl Pts',(10.6194967369425,-0.533348750852687,4.11559253181395));
#2395=CARTESIAN_POINT('Ctrl Pts',(10.1792882145563,-1.56877015996603,4.11559253176579));
#2396=CARTESIAN_POINT('Ctrl Pts',(9.16533280825495,-4.03265716023526,4.20667499224618));
#2397=CARTESIAN_POINT('Ctrl Pts',(7.94466247274527,-6.41917899649592,4.11559252925591));
#2398=CARTESIAN_POINT('Ctrl Pts',(7.27160168272917,-7.75770464230956,4.11559253181395));
#2399=CARTESIAN_POINT('Origin',(-1.80410751284796E-32,1.41424310994388E-16,
9.11559253181395));
#2400=CARTESIAN_POINT('',(-10.6328816330644,-1.16072813477012E-15,4.11559253181395));
#2401=CARTESIAN_POINT('Origin',(-8.03176179743478E-33,1.41424310994388E-16,
4.11559253181395));
#2402=CARTESIAN_POINT('',(-9.593323178969,-1.03341894143666E-15,4.22485452814634));
#2403=CARTESIAN_POINT('Origin',(-10.6328816330644,-1.16072813477012E-15,
9.11559253181395));
#2404=CARTESIAN_POINT('Origin',(0.,-1.06895857052278E-15,4.22485452814634));
#2405=CARTESIAN_POINT('Origin',(-8.03176179743478E-33,1.41424310994388E-16,
4.11559253181395));
#2406=CARTESIAN_POINT('Origin',(7.99307105162242E-33,1.41424310994388E-16,
-3.88936860740564));
#2407=CARTESIAN_POINT('Origin',(1.50857834943E-12,1.41424310994579E-16,
-3.38936860738039));
#2408=CARTESIAN_POINT('Origin',(8.36799999999985,0.,-3.38936860740564));
#2409=CARTESIAN_POINT('',(8.65352651847915,0.083346410055847,-3.3893686074065));
#2410=CARTESIAN_POINT('Origin',(-6.17319714406199E-33,1.41424310994388E-16,
3.18717487122964));
#2411=CARTESIAN_POINT('',(-11.5,-1.35212579720467E-15,3.76559253181395));
#2412=CARTESIAN_POINT('Origin',(-7.33110986426165E-33,1.41424310994388E-16,
3.76559253181395));
#2413=CARTESIAN_POINT('',(-11.5,-1.35212579720467E-15,2.2587572106361));
#2414=CARTESIAN_POINT('',(-11.5,-1.35212579720467E-15,3.18717487122964));
#2415=CARTESIAN_POINT('',(7.20408686496912,-8.96387931879827,2.2587572106361));
#2416=CARTESIAN_POINT('Origin',(-4.31463249067072E-33,1.41424310994388E-16,
2.2587572106361));
#2417=CARTESIAN_POINT('',(7.20408686496912,-8.96387931879827,3.38936860739114));
#2418=CARTESIAN_POINT('',(7.20408686496912,-8.96387931879827,3.18717487122964));
#2419=CARTESIAN_POINT('Origin',(-6.5779612358243E-33,1.41424310994388E-16,
3.38936860739079));
#2420=CARTESIAN_POINT('',(11.437868750777,1.1938,2.2587572106361));
#2421=CARTESIAN_POINT('',(11.437868750777,1.1938,3.18717487122964));
#2422=CARTESIAN_POINT('Origin',(-4.31463249067072E-33,1.41424310994388E-16,
2.2587572106361));
#2423=CARTESIAN_POINT('Origin',(-7.33110986426165E-33,1.41424310994388E-16,
3.76559253181395));
#2424=CARTESIAN_POINT('',(-11.15,-1.22405687005491E-15,4.11559253181395));
#2425=CARTESIAN_POINT('Origin',(-8.03176179743478E-33,1.41424310994388E-16,
4.11559253181395));
#2426=CARTESIAN_POINT('Origin',(-11.15,-1.22405687005491E-15,3.76559253181395));
#2427=CARTESIAN_POINT('Origin',(10.1073604567326,0.,4.11559253181395));
#2428=CARTESIAN_POINT('Origin',(-1.29882330683691E-32,1.41424310994388E-16,
6.59152225196838));
#2429=CARTESIAN_POINT('',(-10.2500000000114,-1.11383865813305E-15,6.59152225196838));
#2430=CARTESIAN_POINT('Origin',(-1.29882330683691E-32,1.41424310994388E-16,
6.59152225196838));
#2431=CARTESIAN_POINT('',(-9.96484820870602,-1.07891763528372E-15,6.23938911570426));
#2432=CARTESIAN_POINT('Origin',(-9.89000000001142,-1.06975137336374E-15,
6.59152225196838));
#2433=CARTESIAN_POINT('Origin',(0.,-1.11583362389684E-15,6.23938911570426));
#2434=CARTESIAN_POINT('Origin',(-1.39060425554774E-32,1.41424310994388E-16,
7.05000000001808));
#2435=CARTESIAN_POINT('',(-10.2500000000114,-1.18978339414104E-15,7.80000000001808));
#2436=CARTESIAN_POINT('Origin',(-1.54074395551341E-32,1.41424310994388E-16,
7.80000000001808));
#2437=CARTESIAN_POINT('',(-10.2500000000114,-1.18978339414104E-15,7.05000000001808));
#2438=CARTESIAN_POINT('Origin',(-1.20429628673443E-32,1.41424310994388E-16,
6.11932692259802));
#2439=CARTESIAN_POINT('',(-8.5500000000101,-9.68997725972313E-16,5.93865384517796));
#2440=CARTESIAN_POINT('',(-9.4000000000101,-1.07939056005659E-15,6.11932692259802));
#2441=CARTESIAN_POINT('Origin',(-1.1681280178868E-32,1.41424310994388E-16,
5.93865384517796));
#2442=CARTESIAN_POINT('Origin',(-8.36309727797369E-33,1.41424310994388E-16,
4.28110612379595));
#2443=CARTESIAN_POINT('',(-8.55000000001012,-9.68997725972315E-16,4.44661971577796));
#2444=CARTESIAN_POINT('Origin',(-8.6944327585126E-33,1.41424310994388E-16,
4.44661971577796));
#2445=CARTESIAN_POINT('',(-9.32868022837137,-1.07012798156548E-15,4.28110612379595));
#2446=CARTESIAN_POINT('Origin',(5.78540728886166,-12.025219652147,3.38936860738721));
#2447=CARTESIAN_POINT('',(7.72235182221449,-7.84552571471684,3.38936860739258));
#2448=CARTESIAN_POINT('',(5.98257367924626,-11.5997582347625,0.707106781186546));
#2449=CARTESIAN_POINT('Ctrl Pts',(5.98257367924626,-11.5997582347625,0.707106781186545));
#2450=CARTESIAN_POINT('Ctrl Pts',(6.63192974354956,-10.1985257479943,1.65481355936816));
#2451=CARTESIAN_POINT('Ctrl Pts',(7.20408686496913,-8.96387931879827,2.2587572106361));
#2452=CARTESIAN_POINT('',(5.78540728886167,-12.025219652147,-2.4980018054066E-15));
#2453=CARTESIAN_POINT('Ctrl Pts',(5.78540728886166,-12.025219652147,-2.70616862252382E-15));
#2454=CARTESIAN_POINT('Ctrl Pts',(5.78540728886166,-12.025219652147,0.104533131968114));
#2455=CARTESIAN_POINT('Ctrl Pts',(5.79923375444334,-11.9953837981137,0.225585945407001));
#2456=CARTESIAN_POINT('Ctrl Pts',(5.84614410710301,-11.8941568846744,0.43575049566796));
#2457=CARTESIAN_POINT('Ctrl Pts',(5.89215182549754,-11.7948777476948,0.552609930561706));
#2458=CARTESIAN_POINT('Ctrl Pts',(5.95108928062826,-11.6676977899544,0.658661572901723));
#2459=CARTESIAN_POINT('Ctrl Pts',(5.96642392485614,-11.6346074673311,0.683536920915972));
#2460=CARTESIAN_POINT('Ctrl Pts',(5.98257367924625,-11.5997582347625,0.707106781186547));
#2461=CARTESIAN_POINT('Ctrl Pts',(5.98257367924625,-11.5997582347625,-0.707106781186547));
#2462=CARTESIAN_POINT('Ctrl Pts',(5.96642392485614,-11.6346074673311,-0.683536920915973));
#2463=CARTESIAN_POINT('Ctrl Pts',(5.95108928062826,-11.6676977899544,-0.658661572901727));
#2464=CARTESIAN_POINT('Ctrl Pts',(5.89215182549754,-11.7948777476948,-0.552609930561711));
#2465=CARTESIAN_POINT('Ctrl Pts',(5.84614410710301,-11.8941568846744,-0.435750495667965));
#2466=CARTESIAN_POINT('Ctrl Pts',(5.79923375444334,-11.9953837981137,-0.225585945407006));
#2467=CARTESIAN_POINT('Ctrl Pts',(5.78540728886166,-12.025219652147,-0.104533131968119));
#2468=CARTESIAN_POINT('Ctrl Pts',(5.78540728886166,-12.025219652147,-2.94902990916057E-15));
#2469=CARTESIAN_POINT('Origin',(-2.05377162466938E-33,1.41424310994388E-16,
1.12937860531805));
#2470=CARTESIAN_POINT('Origin',(0.,-1.50529330297947E-15,0.707106781186546));
#2471=CARTESIAN_POINT('',(11.4835999999999,1.1938,2.21327205842208));
#2472=CARTESIAN_POINT('Ctrl Pts',(11.4835999999999,1.1938,2.21327205842208));
#2473=CARTESIAN_POINT('Ctrl Pts',(11.4606892452294,1.1938,2.2360600088644));
#2474=CARTESIAN_POINT('Ctrl Pts',(11.437868750777,1.1938,2.2587572106361));
#2475=CARTESIAN_POINT('Ctrl Pts',(12.9969388610555,1.19379999999888,0.707106752809588));
#2476=CARTESIAN_POINT('Ctrl Pts',(12.6830419857012,1.19379999999888,1.01968779612545));
#2477=CARTESIAN_POINT('Ctrl Pts',(11.9169041028383,1.19379999999888,1.78229046030471));
#2478=CARTESIAN_POINT('Ctrl Pts',(11.4835999721056,1.19379999999888,2.21327203039234));
#2479=CARTESIAN_POINT('Origin',(-1.14537607893557E-32,1.41424310994388E-16,
5.82500000001023));
#2480=CARTESIAN_POINT('',(-6.54999999999853,-7.09249881066626E-16,7.80000000001155));
#2481=CARTESIAN_POINT('Origin',(-1.5407439555121E-32,1.41424310994388E-16,
7.80000000001155));
#2482=CARTESIAN_POINT('',(-6.54999999999853,-7.09249881066626E-16,3.85000000000891));
#2483=CARTESIAN_POINT('',(-6.54999999999853,-7.09249881066626E-16,5.82500000001023));
#2484=CARTESIAN_POINT('Origin',(-7.50008202359034E-33,1.41424310994388E-16,
3.85000000000891));
#2485=CARTESIAN_POINT('Origin',(4.50000000000001,0.,3.85000000000891));
#2486=CARTESIAN_POINT('',(-4.5,-4.43008340040028E-16,3.85000000000891));
#2487=CARTESIAN_POINT('Origin',(-7.50008202359034E-33,1.41424310994388E-16,
3.85000000000891));
#2488=CARTESIAN_POINT('Origin',(6.54999999999799,0.,7.80000000001155));
#2489=CARTESIAN_POINT('Origin',(-1.49449402495457E-33,1.41424310994388E-16,
0.850000000004453));
#2490=CARTESIAN_POINT('',(-4.5,-4.43008340040028E-16,-2.15));
#2491=CARTESIAN_POINT('',(-4.5,-4.43008340040028E-16,0.850000000004453));
#2492=CARTESIAN_POINT('Origin',(4.51109397368121E-33,1.41424310994388E-16,
-2.15));
#2493=CARTESIAN_POINT('Origin',(6.5500000000007,0.,-2.15));
#2494=CARTESIAN_POINT('',(-6.5500000000007,-7.09249881066907E-16,-2.15));
#2495=CARTESIAN_POINT('Origin',(4.51109397368122E-33,1.41424310994388E-16,
-2.15));
#2496=CARTESIAN_POINT('Origin',(8.5148193060987E-33,1.41424310994388E-16,
-4.14999999999979));
#2497=CARTESIAN_POINT('',(-6.5500000000007,-7.09249881066907E-16,-6.14999999999957));
#2498=CARTESIAN_POINT('',(-6.5500000000007,-7.09249881066907E-16,-4.14999999999979));
#2499=CARTESIAN_POINT('Origin',(1.25185446385162E-32,1.41424310994388E-16,
-6.14999999999957));
#2500=CARTESIAN_POINT('Origin',(-1.01878564686903E-32,1.41424310994388E-16,
5.19263678047796));
#2501=CARTESIAN_POINT('',(-8.55000000001011,-9.68997725972314E-16,5.19263678047796));
#2502=CARTESIAN_POINT('Origin',(7.60875721063662,0.,-6.1499999999995));
#2503=CARTESIAN_POINT('',(-6.78033008589043,-6.88926642690433E-16,-6.1499999999995));
#2504=CARTESIAN_POINT('Origin',(1.2518544638516E-32,1.41424310994388E-16,
-6.1499999999995));
#2505=CARTESIAN_POINT('Origin',(8.51481930609813E-33,1.41424310994388E-16,
-4.1499999999995));
#2506=CARTESIAN_POINT('Origin',(-6.78033008589043,-6.88926642690433E-16,
-4.1499999999995));
#2507=CARTESIAN_POINT('Origin',(10.4,0.,0.));
#2508=CARTESIAN_POINT('',(9.525,1.1938,1.07156594925397E-16));
#2509=CARTESIAN_POINT('Origin',(10.4,1.1938,0.));
#2510=CARTESIAN_POINT('',(9.525,0.,1.07156594925393E-16));
#2511=CARTESIAN_POINT('Origin',(8.64437244275569,0.00877396562897573,-3.4177265100918));
#2512=CARTESIAN_POINT('',(10.1326958644874,1.1938,-2.19179425089317));
#2513=CARTESIAN_POINT('Origin',(2.07089241331965E-34,1.41424310994388E-16,
-2.4980018054066E-15));
#2514=CARTESIAN_POINT('Origin',(8.6280000000001,7.12919144784904E-18,3.38936860739508));
#2515=CARTESIAN_POINT('Origin',(11.063378605318,1.1938,-5.66879876373605E-12));
#2516=CARTESIAN_POINT('Origin',(0.0118084570118271,-7.37438673365255E-18,
7.80000000001155));
#2517=CARTESIAN_POINT('',(0.307999999999995,-7.98173290724023,7.80000000001808));
#2518=CARTESIAN_POINT('',(0.307999999999995,-8.47004274274482,7.80000000001808));
#2519=CARTESIAN_POINT('',(0.307999999999998,-4.0866861298134,7.80000000001155));
#2520=CARTESIAN_POINT('',(-0.308000000000005,-8.47004274274482,7.80000000001808));
#2521=CARTESIAN_POINT('',(-3.274999999999,-8.47004274274939,7.80000000001155));
#2522=CARTESIAN_POINT('',(-0.308000000000005,-7.98173290724023,7.80000000001808));
#2523=CARTESIAN_POINT('',(-0.308000000000003,-4.0866861298134,7.80000000001155));
#2524=CARTESIAN_POINT('',(-3.274999999999,-7.9817329072448,7.80000000001155));
#2525=CARTESIAN_POINT('Origin',(0.0118084570118271,-7.37438673365255E-18,
7.80000000001155));
#2526=CARTESIAN_POINT('',(0.307999999999994,-10.2500000000127,7.80000000001808));
#2527=CARTESIAN_POINT('',(0.307999999999994,-9.88961881703468,7.80000000001808));
#2528=CARTESIAN_POINT('',(0.307999999999994,-10.2500000000127,7.80000000001808));
#2529=CARTESIAN_POINT('',(-0.308000000000006,-10.2500000000127,7.80000000001808));
#2530=CARTESIAN_POINT('',(-6.40112962636235E-15,-10.2500000000127,7.80000000001808));
#2531=CARTESIAN_POINT('',(-0.308000000000006,-9.88961881703468,7.80000000001808));
#2532=CARTESIAN_POINT('',(-0.308000000000004,-5.00825484141006,7.80000000001155));
#2533=CARTESIAN_POINT('',(-3.274999999999,-9.88961881703932,7.80000000001155));
#2534=CARTESIAN_POINT('Origin',(0.0118084570118271,-7.37438673365255E-18,
7.80000000001155));
#2535=CARTESIAN_POINT('',(-0.307999999999994,10.2500000000127,7.80000000001808));
#2536=CARTESIAN_POINT('',(-0.307999999999995,8.85859579320856,7.80000000001808));
#2537=CARTESIAN_POINT('',(-0.308000000000006,-10.2500000000127,7.80000000001808));
#2538=CARTESIAN_POINT('',(0.308000000000006,10.2500000000127,7.80000000001808));
#2539=CARTESIAN_POINT('',(6.40112962636235E-15,10.2500000000127,7.80000000001808));
#2540=CARTESIAN_POINT('',(0.308000000000006,8.85859579320856,7.80000000001808));
#2541=CARTESIAN_POINT('',(0.308000000000003,4.77714894830532,7.80000000001155));
#2542=CARTESIAN_POINT('',(-3.27499999999899,8.85859579320399,7.80000000001155));
#2543=CARTESIAN_POINT('Origin',(0.0118084570118271,-7.37438673365255E-18,
7.80000000001155));
#2544=CARTESIAN_POINT('',(0.307999999999996,-6.54999999999799,7.80000000001155));
#2545=CARTESIAN_POINT('',(0.307999999999996,-6.94999999999799,7.80000000001808));
#2546=CARTESIAN_POINT('',(0.307999999999998,-3.37217178380295,7.80000000001155));
#2547=CARTESIAN_POINT('',(-0.308000000000004,-6.94999999999799,7.80000000001808));
#2548=CARTESIAN_POINT('',(-3.274999999999,-6.94999999998866,7.80000000001155));
#2549=CARTESIAN_POINT('',(-0.308000000000004,-6.54999999999799,7.80000000001155));
#2550=CARTESIAN_POINT('',(-0.308000000000003,-3.37217178380295,7.80000000001155));
#2551=CARTESIAN_POINT('',(-3.274999999999,-6.54999999999799,7.80000000001155));
#2552=CARTESIAN_POINT('Origin',(0.0118084570118271,-7.37438673365255E-18,
7.80000000001155));
#2553=CARTESIAN_POINT('',(0.308000000000004,6.54999999999799,7.80000000001155));
#2554=CARTESIAN_POINT('',(-0.307999999999996,6.54999999999799,7.80000000001155));
#2555=CARTESIAN_POINT('',(-3.27499999999899,6.54999999999799,7.80000000001155));
#2556=CARTESIAN_POINT('',(-0.307999999999995,7.25207681452555,7.80000000001808));
#2557=CARTESIAN_POINT('',(-0.307999999999998,3.42039321986487,7.80000000001155));
#2558=CARTESIAN_POINT('',(0.308000000000005,7.25207681452555,7.80000000001808));
#2559=CARTESIAN_POINT('',(-3.27499999999899,7.25207681452098,7.80000000001155));
#2560=CARTESIAN_POINT('',(0.308000000000003,3.42039321986487,7.80000000001155));
#2561=CARTESIAN_POINT('Origin',(0.308000000000004,6.84078643972975,7.87500000001482));
#2562=CARTESIAN_POINT('',(0.308000000000004,6.32446493420248,7.95000000001808));
#2563=CARTESIAN_POINT('',(0.308000000000004,6.54999999999799,7.80000000001155));
#2564=CARTESIAN_POINT('',(0.308000000000005,7.35710794525701,7.95000000001808));
#2565=CARTESIAN_POINT('',(0.308000000000005,7.25207681452555,7.80000000001808));
#2566=CARTESIAN_POINT('',(0.308000000000005,8.43828211936558,7.95000000001808));
#2567=CARTESIAN_POINT('Origin',(4.5945172324558E-15,7.35710794525701,7.95000000001808));
#2568=CARTESIAN_POINT('',(-0.307999999999995,7.35710794525701,7.95000000001808));
#2569=CARTESIAN_POINT('',(-0.307999999999995,7.25207681452555,7.80000000001808));
#2570=CARTESIAN_POINT('',(4.5945172324558E-15,7.35710794525701,7.95000000001808));
#2571=CARTESIAN_POINT('Origin',(-0.307999999999996,6.84078643972975,7.87500000001482));
#2572=CARTESIAN_POINT('',(-0.307999999999996,6.32446493420248,7.95000000001808));
#2573=CARTESIAN_POINT('',(-0.307999999999996,6.54999999999799,7.80000000001155));
#2574=CARTESIAN_POINT('',(-0.307999999999995,8.43828211936558,7.95000000001808));
#2575=CARTESIAN_POINT('Origin',(0.308000000000006,9.55429789661065,7.87500000001808));
#2576=CARTESIAN_POINT('',(0.308000000000006,8.96362692394002,7.95000000001808));
#2577=CARTESIAN_POINT('',(0.308000000000006,10.0357777990014,7.95000000001808));
#2578=CARTESIAN_POINT('',(0.308000000000006,9.79503784780603,7.95000000001808));
#2579=CARTESIAN_POINT('',(0.308000000000006,8.96362692394002,7.95000000001808));
#2580=CARTESIAN_POINT('',(0.308000000000006,10.2500000000127,7.80000000001808));
#2581=CARTESIAN_POINT('Origin',(5.53219707120056E-15,8.85859579320856,7.80000000001808));
#2582=CARTESIAN_POINT('',(-0.307999999999994,8.96362692394002,7.95000000001808));
#2583=CARTESIAN_POINT('',(5.59778905974833E-15,8.96362692394002,7.95000000001808));
#2584=CARTESIAN_POINT('',(-0.307999999999994,8.96362692394002,7.95000000001808));
#2585=CARTESIAN_POINT('Origin',(-0.307999999999994,9.55429789661065,7.87500000001808));
#2586=CARTESIAN_POINT('',(-0.307999999999994,10.0357777990014,7.95000000001808));
#2587=CARTESIAN_POINT('',(-0.307999999999994,9.79503784780603,7.95000000001808));
#2588=CARTESIAN_POINT('',(-0.307999999999994,10.2500000000127,7.80000000001808));
#2589=CARTESIAN_POINT('Origin',(6.26734776514124E-15,10.0357777990014,7.95000000001808));
#2590=CARTESIAN_POINT('',(-0.336799999999996,6.32446493420248,7.95000000001808));
#2591=CARTESIAN_POINT('',(3.94963120596712E-15,6.32446493420248,7.95000000001808));
#2592=CARTESIAN_POINT('',(-0.336799999999994,10.0357777990014,7.95000000001808));
#2593=CARTESIAN_POINT('',(-0.336799999999997,4.99059113193074,7.95000000001808));
#2594=CARTESIAN_POINT('',(6.26734776514124E-15,10.0357777990014,7.95000000001808));
#2595=CARTESIAN_POINT('',(0.336800000000006,10.0357777990014,7.95000000001808));
#2596=CARTESIAN_POINT('',(6.26734776514124E-15,10.0357777990014,7.95000000001808));
#2597=CARTESIAN_POINT('',(0.336800000000004,6.32446493420248,7.95000000001808));
#2598=CARTESIAN_POINT('',(0.336800000000003,4.99059113193074,7.95000000001808));
#2599=CARTESIAN_POINT('',(3.94963120596712E-15,6.32446493420248,7.95000000001808));
#2600=CARTESIAN_POINT('Origin',(0.307999999999995,-8.1733722596268,7.87500000001808));
#2601=CARTESIAN_POINT('',(0.307999999999995,-8.36501161201337,7.95000000001808));
#2602=CARTESIAN_POINT('',(0.307999999999995,-8.47004274274482,7.80000000001808));
#2603=CARTESIAN_POINT('',(0.307999999999995,-7.87670177650878,7.95000000001808));
#2604=CARTESIAN_POINT('',(0.307999999999995,-7.98173290724023,7.80000000001808));
#2605=CARTESIAN_POINT('',(0.307999999999995,-7.24891859691464,7.95000000001808));
#2606=CARTESIAN_POINT('Origin',(-4.91900381459206E-15,-7.87670177650878,
7.95000000001808));
#2607=CARTESIAN_POINT('',(-0.308000000000005,-7.87670177650878,7.95000000001808));
#2608=CARTESIAN_POINT('',(-0.308000000000005,-7.98173290724023,7.80000000001808));
#2609=CARTESIAN_POINT('',(-4.91900381459206E-15,-7.87670177650877,7.95000000001808));
#2610=CARTESIAN_POINT('Origin',(-5.28954551581189E-15,-8.47004274274482,
7.80000000001808));
#2611=CARTESIAN_POINT('',(-0.308000000000005,-8.36501161201337,7.95000000001808));
#2612=CARTESIAN_POINT('',(-5.22395352726412E-15,-8.36501161201337,7.95000000001808));
#2613=CARTESIAN_POINT('',(-0.308000000000005,-8.47004274274482,7.80000000001808));
#2614=CARTESIAN_POINT('Origin',(-0.308000000000005,-8.1733722596268,7.87500000001808));
#2615=CARTESIAN_POINT('',(-0.308000000000004,-7.24891859691464,7.95000000001808));
#2616=CARTESIAN_POINT('Origin',(0.307999999999994,-10.0165096828201,7.87500000001808));
#2617=CARTESIAN_POINT('',(0.307999999999994,-10.1449688692813,7.95000000001808));
#2618=CARTESIAN_POINT('',(0.307999999999994,-9.7830193656275,7.95000000001808));
#2619=CARTESIAN_POINT('',(0.307999999999995,-8.1704873085113,7.95000000001808));
#2620=CARTESIAN_POINT('',(0.307999999999998,-3.50570646909246,17.4318493630856));
#2621=CARTESIAN_POINT('',(0.307999999999994,-9.7830193656275,7.95000000001808));
#2622=CARTESIAN_POINT('Origin',(-6.10950000941629E-15,-9.7830193656275,
7.95000000001808));
#2623=CARTESIAN_POINT('',(-0.308000000000006,-9.7830193656275,7.95000000001808));
#2624=CARTESIAN_POINT('',(-0.308000000000006,-9.7830193656275,7.95000000001808));
#2625=CARTESIAN_POINT('',(-6.10950000941629E-15,-9.7830193656275,7.95000000001808));
#2626=CARTESIAN_POINT('Origin',(-0.308000000000006,-10.0165096828201,7.87500000001808));
#2627=CARTESIAN_POINT('',(-0.308000000000006,-10.1449688692813,7.95000000001808));
#2628=CARTESIAN_POINT('',(-0.308000000000005,-8.1704873085113,7.95000000001808));
#2629=CARTESIAN_POINT('',(-0.308000000000002,-3.50570646909246,17.4318493630856));
#2630=CARTESIAN_POINT('Origin',(0.307999999999996,-6.7443435676059,7.87500000001482));
#2631=CARTESIAN_POINT('',(0.307999999999996,-7.16422220100932,7.95000000001808));
#2632=CARTESIAN_POINT('',(0.307999999999996,-6.94999999999799,7.80000000001808));
#2633=CARTESIAN_POINT('',(0.307999999999996,-6.32446493420248,7.95000000001808));
#2634=CARTESIAN_POINT('',(0.308,-1.92346139016308E-16,12.1563070628489));
#2635=CARTESIAN_POINT('',(0.307999999999996,-6.53440425090419,7.95000000001808));
#2636=CARTESIAN_POINT('Origin',(-4.3402781368927E-15,-6.94999999999799,
7.80000000001808));
#2637=CARTESIAN_POINT('',(-0.308000000000004,-7.16422220100932,7.95000000001808));
#2638=CARTESIAN_POINT('',(-4.47405999811382E-15,-7.16422220100932,7.95000000001808));
#2639=CARTESIAN_POINT('',(-0.308000000000004,-6.94999999999799,7.80000000001808));
#2640=CARTESIAN_POINT('Origin',(-0.308000000000004,-6.7443435676059,7.87500000001482));
#2641=CARTESIAN_POINT('',(-0.308000000000004,-6.32446493420248,7.95000000001808));
#2642=CARTESIAN_POINT('',(-0.308000000000004,-6.53440425090419,7.95000000001808));
#2643=CARTESIAN_POINT('',(-0.308,1.92346139016308E-16,12.1563070628489));
#2644=CARTESIAN_POINT('Origin',(-3.94963120596712E-15,-6.32446493420248,
7.95000000001808));
#2645=CARTESIAN_POINT('',(-0.336800000000006,-10.1449688692813,7.95000000001808));
#2646=CARTESIAN_POINT('',(-6.33553763781458E-15,-10.1449688692813,7.95000000001808));
#2647=CARTESIAN_POINT('',(-0.336800000000004,-6.32446493420248,7.95000000001808));
#2648=CARTESIAN_POINT('',(-0.336800000000002,-3.18953023467121,7.95000000001808));
#2649=CARTESIAN_POINT('',(-3.94963120596712E-15,-6.32446493420248,7.95000000001808));
#2650=CARTESIAN_POINT('',(0.336799999999996,-6.32446493420248,7.95000000001808));
#2651=CARTESIAN_POINT('',(-3.94963120596712E-15,-6.32446493420248,7.95000000001808));
#2652=CARTESIAN_POINT('',(0.336799999999994,-10.1449688692813,7.95000000001808));
#2653=CARTESIAN_POINT('',(0.336799999999998,-3.18953023467121,7.95000000001808));
#2654=CARTESIAN_POINT('',(-6.33553763781458E-15,-10.1449688692813,7.95000000001808));
#2655=CARTESIAN_POINT('Origin',(1.1684,4.99059113193074,8.78160000001808));
#2656=CARTESIAN_POINT('',(2.,7.66048203418794,9.61320000001808));
#2657=CARTESIAN_POINT('',(4.9601171835081,3.43299657883776,12.5733171835262));
#2658=CARTESIAN_POINT('',(2.,3.8237321247707,9.61320000001808));
#2659=CARTESIAN_POINT('',(2.,4.99059113193074,9.61320000001808));
#2660=CARTESIAN_POINT('',(0.72781060765753,5.73655424672952,8.34101060767561));
#2661=CARTESIAN_POINT('Origin',(3.94963120596712E-15,6.32446493420248,7.95000000001808));
#2662=CARTESIAN_POINT('',(2.,-1.2490009027033E-15,12.1563070628489));
#2663=CARTESIAN_POINT('',(2.,6.54999999999799,7.80000000001155));
#2664=CARTESIAN_POINT('',(-2.,1.2490009027033E-15,12.1563070628489));
#2665=CARTESIAN_POINT('',(0.,0.,12.1563070628489));
#2666=CARTESIAN_POINT('',(-2.,3.8237321247707,9.61320000001808));
#2667=CARTESIAN_POINT('',(-2.,6.54999999999799,7.80000000001155));
#2668=CARTESIAN_POINT('',(-0.727810607657522,5.73655424672952,8.34101060767561));
#2669=CARTESIAN_POINT('Origin',(-1.1684,4.99059113193075,8.78160000001808));
#2670=CARTESIAN_POINT('',(-2.,7.66048203418794,9.61320000001808));
#2671=CARTESIAN_POINT('',(-4.96011718350809,3.43299657883777,12.5733171835262));
#2672=CARTESIAN_POINT('',(-2.,4.99059113193075,9.61320000001808));
#2673=CARTESIAN_POINT('Origin',(1.1684,-3.18953023467121,8.78160000001808));
#2674=CARTESIAN_POINT('',(1.99999999999999,-8.98038369173089,9.61320000001808));
#2675=CARTESIAN_POINT('',(1.58096214156987,-9.27379715899891,9.19416214158796));
#2676=CARTESIAN_POINT('',(2.,-3.8237321247707,9.61320000001808));
#2677=CARTESIAN_POINT('',(2.65513784222089,-2.83868841581079,10.268337842239));
#2678=CARTESIAN_POINT('',(2.,-3.18953023467121,9.61320000001808));
#2679=CARTESIAN_POINT('Origin',(-6.33553763781458E-15,-10.1449688692813,
7.95000000001808));
#2680=CARTESIAN_POINT('',(2.,-3.50570646909246,17.4318493630856));
#2681=CARTESIAN_POINT('',(2.,-3.50570646909246,17.4318493630856));
#2682=CARTESIAN_POINT('',(-2.,-3.50570646909246,17.4318493630856));
#2683=CARTESIAN_POINT('',(-2.18931527225463E-15,-3.50570646909246,17.4318493630856));
#2684=CARTESIAN_POINT('',(-2.00000000000001,-8.98038369173089,9.61320000001808));
#2685=CARTESIAN_POINT('',(-2.,-3.50570646909246,17.4318493630856));
#2686=CARTESIAN_POINT('',(-1.58096214156988,-9.27379715899891,9.19416214158796));
#2687=CARTESIAN_POINT('Origin',(-1.1684,-3.1895302346712,8.78160000001808));
#2688=CARTESIAN_POINT('',(-2.,-3.8237321247707,9.61320000001808));
#2689=CARTESIAN_POINT('',(-2.,-3.1895302346712,9.61320000001808));
#2690=CARTESIAN_POINT('',(-2.6551378422209,-2.83868841581079,10.268337842239));
#2691=CARTESIAN_POINT('Origin',(-2.,-0.0545955351399284,12.6909246815518));
#2692=CARTESIAN_POINT('',(-2.,1.2490009027033E-15,12.1563070628489));
#2693=CARTESIAN_POINT('',(-1.99999999999999,10.2500000000127,7.80000000001808));
#2694=CARTESIAN_POINT('Origin',(2.,-0.0545955351399309,12.6909246815518));
#2695=CARTESIAN_POINT('',(2.00000000000001,10.2500000000127,7.80000000001808));
#2696=CARTESIAN_POINT('',(2.,-1.2490009027033E-15,12.1563070628489));
#2697=CARTESIAN_POINT('Origin',(-2.18931527225463E-15,-3.50570646909246,
17.4318493630856));
#2698=CARTESIAN_POINT('Origin',(0.,0.,12.1563070628489));
#2699=UNCERTAINTY_MEASURE_WITH_UNIT(LENGTH_MEASURE(0.01),#2703,
'DISTANCE_ACCURACY_VALUE',
'Maximum model space distance between geometric entities at asserted c
onnectivities');
#2700=UNCERTAINTY_MEASURE_WITH_UNIT(LENGTH_MEASURE(0.01),#2703,
'DISTANCE_ACCURACY_VALUE',
'Maximum model space distance between geometric entities at asserted c
onnectivities');
#2701=(
GEOMETRIC_REPRESENTATION_CONTEXT(3)
GLOBAL_UNCERTAINTY_ASSIGNED_CONTEXT((#2699))
GLOBAL_UNIT_ASSIGNED_CONTEXT((#2703,#2705,#2706))
REPRESENTATION_CONTEXT('','3D')
);
#2702=(
GEOMETRIC_REPRESENTATION_CONTEXT(3)
GLOBAL_UNCERTAINTY_ASSIGNED_CONTEXT((#2700))
GLOBAL_UNIT_ASSIGNED_CONTEXT((#2703,#2705,#2706))
REPRESENTATION_CONTEXT('','3D')
);
#2703=(
LENGTH_UNIT()
NAMED_UNIT(*)
SI_UNIT(.MILLI.,.METRE.)
);
#2704=(
LENGTH_UNIT()
NAMED_UNIT(*)
SI_UNIT($,.METRE.)
);
#2705=(
NAMED_UNIT(*)
PLANE_ANGLE_UNIT()
SI_UNIT($,.RADIAN.)
);
#2706=(
NAMED_UNIT(*)
SI_UNIT($,.STERADIAN.)
SOLID_ANGLE_UNIT()
);
#2707=SHAPE_DEFINITION_REPRESENTATION(#2708,#2709);
#2708=PRODUCT_DEFINITION_SHAPE('',$,#2711);
#2709=SHAPE_REPRESENTATION('',(#1373),#2701);
#2710=PRODUCT_DEFINITION_CONTEXT('part definition',#2715,'design');
#2711=PRODUCT_DEFINITION('Cutterhead_Insert_CW_08',
'Cutterhead_Insert_CW_08',#2712,#2710);
#2712=PRODUCT_DEFINITION_FORMATION('',$,#2717);
#2713=PRODUCT_RELATED_PRODUCT_CATEGORY('Cutterhead_Insert_CW_08',
'Cutterhead_Insert_CW_08',(#2717));
#2714=APPLICATION_PROTOCOL_DEFINITION('international standard',
'automotive_design',2009,#2715);
#2715=APPLICATION_CONTEXT(
'Core Data for Automotive Mechanical Design Process');
#2716=PRODUCT_CONTEXT('part definition',#2715,'mechanical');
#2717=PRODUCT('Cutterhead_Insert_CW_08','Cutterhead_Insert_CW_08',$,(#2716));
#2718=PRESENTATION_STYLE_ASSIGNMENT((#2721));
#2719=PRESENTATION_STYLE_ASSIGNMENT((#2722));
#2720=PRESENTATION_STYLE_ASSIGNMENT((#2723));
#2721=SURFACE_STYLE_USAGE(.BOTH.,#2724);
#2722=SURFACE_STYLE_USAGE(.BOTH.,#2725);
#2723=SURFACE_STYLE_USAGE(.BOTH.,#2726);
#2724=SURFACE_SIDE_STYLE('',(#2727));
#2725=SURFACE_SIDE_STYLE('',(#2728));
#2726=SURFACE_SIDE_STYLE('',(#2729));
#2727=SURFACE_STYLE_FILL_AREA(#2730);
#2728=SURFACE_STYLE_FILL_AREA(#2731);
#2729=SURFACE_STYLE_FILL_AREA(#2732);
#2730=FILL_AREA_STYLE('ABS (White)',(#2733));
#2731=FILL_AREA_STYLE('Paint - Enamel Glossy (Blue)',(#2734));
#2732=FILL_AREA_STYLE('Brass - Polished',(#2735));
#2733=FILL_AREA_STYLE_COLOUR('ABS (White)',#2736);
#2734=FILL_AREA_STYLE_COLOUR('Paint - Enamel Glossy (Blue)',#2737);
#2735=FILL_AREA_STYLE_COLOUR('Brass - Polished',#2738);
#2736=COLOUR_RGB('ABS (White)',0.964705882352941,0.964705882352941,0.952941176470588);
#2737=COLOUR_RGB('Paint - Enamel Glossy (Blue)',0.188235294117647,0.231372549019608,
0.588235294117647);
#2738=COLOUR_RGB('Brass - Polished',0.952941176470588,0.796078431372549,
0.486274509803922);
ENDSEC;
END-ISO-10303-21;
