ISO-10303-21;
HEADER;
/* Generated by software containing ST-Developer
 * from STEP Tools, Inc. (www.steptools.com) 
 */

FILE_DESCRIPTION(
/* description */ (''),
/* implementation_level */ '2;1');

FILE_NAME(
/* name */ 'Multi_Angle_Arm.step',
/* time_stamp */ '2026-03-03T14:07:51-08:00',
/* author */ (''),
/* organization */ (''),
/* preprocessor_version */ 'ST-DEVELOPER v20.1',
/* originating_system */ 'Autodesk Translation Framework v14.24.0.0',
/* authorisation */ '');

FILE_SCHEMA (('AUTOMOTIVE_DESIGN { 1 0 10303 214 3 1 1 }'));
ENDSEC;

DATA;
#10=MECHANICAL_DESIGN_GEOMETRIC_PRESENTATION_REPRESENTATION('',(#13),#4371);
#11=SHAPE_REPRESENTATION_RELATIONSHIP('SRR','None',#4377,#12);
#12=ADVANCED_BREP_SHAPE_REPRESENTATION('',(#14),#4370);
#13=STYLED_ITEM('',(#4387),#14);
#14=MANIFOLD_SOLID_BREP('Body5',#2508);
#15=B_SPLINE_CURVE_WITH_KNOTS('',3,(#3780,#3781,#3782,#3783,#3784,#3785,
#3786,#3787,#3788,#3789,#3790,#3791,#3792,#3793,#3794,#3795,#3796,#3797),
 .UNSPECIFIED.,.F.,.F.,(4,2,2,2,2,2,2,2,4),(1.51521265064115,1.6097046501187,
1.70419664959626,1.79933732897831,1.89447800836035,1.98954168497403,2.0846053615877,
2.1787122835049,2.23669370967612),.UNSPECIFIED.);
#16=B_SPLINE_CURVE_WITH_KNOTS('',3,(#3800,#3801,#3802,#3803,#3804,#3805,
#3806,#3807,#3808,#3809,#3810,#3811),.UNSPECIFIED.,.F.,.F.,(4,2,2,2,2,4),
(19.2157255040287,19.3847483295944,20.0667168051549,20.9145665096229,21.7624162140908,
22.1140800157049),.UNSPECIFIED.);
#17=B_SPLINE_CURVE_WITH_KNOTS('',3,(#3816,#3817,#3818,#3819,#3820,#3821,
#3822,#3823,#3824,#3825,#3826,#3827,#3828,#3829,#3830,#3831,#3832,#3833),
 .UNSPECIFIED.,.F.,.F.,(4,2,2,2,2,2,2,2,4),(0.793732050526921,0.851713476698144,
0.945820398615341,1.04088407522901,1.13594775184269,1.23143032739979,1.32691290295689,
1.42106277679902,1.51521265064115),.UNSPECIFIED.);
#18=B_SPLINE_CURVE_WITH_KNOTS('',3,(#3836,#3837,#3838,#3839),
 .UNSPECIFIED.,.F.,.F.,(4,4),(1.47195612009933,1.50808402795654),
 .UNSPECIFIED.);
#19=B_SPLINE_CURVE_WITH_KNOTS('',3,(#3840,#3841,#3842,#3843),
 .UNSPECIFIED.,.F.,.F.,(4,4),(0.,0.0361279078572119),.UNSPECIFIED.);
#20=B_SPLINE_CURVE_WITH_KNOTS('',3,(#3849,#3850,#3851,#3852),
 .UNSPECIFIED.,.F.,.F.,(4,4),(0.717914106121063,0.75404201397827),
 .UNSPECIFIED.);
#21=B_SPLINE_CURVE_WITH_KNOTS('',3,(#3854,#3855,#3856,#3857),
 .UNSPECIFIED.,.F.,.F.,(4,4),(0.75404201397827,0.790169921835479),
 .UNSPECIFIED.);
#22=B_SPLINE_CURVE_WITH_KNOTS('',3,(#3861,#3862,#3863,#3864,#3865,#3866,
#3867,#3868),.UNSPECIFIED.,.F.,.F.,(4,2,2,4),(3.43085327066902,3.85950732584203,
4.28816138101504,4.32832305313459),.UNSPECIFIED.);
#23=B_SPLINE_CURVE_WITH_KNOTS('',3,(#3871,#3872,#3873,#3874,#3875,#3876,
#3877,#3878),.UNSPECIFIED.,.F.,.F.,(4,2,2,4),(9.39509002954153,9.43525170166108,
9.86390575683409,10.2925598120071),.UNSPECIFIED.);
#24=B_SPLINE_CURVE_WITH_KNOTS('',3,(#3881,#3882,#3883,#3884,#3885,#3886,
#3887,#3888,#3889,#3890,#3891,#3892,#3893,#3894,#3895,#3896,#3897,#3898),
 .UNSPECIFIED.,.F.,.F.,(4,2,2,2,2,2,2,2,4),(0.,0.0942554967796,0.1885109935592,
0.282766000274167,0.377021006989135,0.471276013704102,0.56553102041907,
0.65978651719867,0.75404201397827),.UNSPECIFIED.);
#25=B_SPLINE_CURVE_WITH_KNOTS('',3,(#3899,#3900,#3901,#3902,#3903,#3904,
#3905,#3906,#3907,#3908,#3909,#3910,#3911,#3912,#3913,#3914,#3915,#3916),
 .UNSPECIFIED.,.F.,.F.,(4,2,2,2,2,2,2,2,4),(0.75404201397827,0.84829751075787,
0.94255300753747,1.03680801425244,1.1310630209674,1.22531802768237,1.31957303439734,
1.41382853117694,1.50808402795654),.UNSPECIFIED.);
#26=B_SPLINE_CURVE_WITH_KNOTS('',3,(#3918,#3919,#3920,#3921,#3922,#3923,
#3924,#3925,#3926,#3927,#3928,#3929),.UNSPECIFIED.,.F.,.F.,(4,2,2,2,2,4),
(1.34403560732188,1.69569940893589,2.54354911340384,3.39139881787179,4.07336729343233,
4.24239011899799),.UNSPECIFIED.);
#27=B_SPLINE_CURVE_WITH_KNOTS('',3,(#3930,#3931,#3932,#3933,#3934,#3935,
#3936,#3937,#3938,#3939,#3940,#3941,#3942,#3943,#3944,#3945,#3946,#3947,
#3948,#3949,#3950,#3951,#3952,#3953,#3954,#3955,#3956,#3957,#3958,#3959,
#3960,#3961,#3962,#3963,#3964),.UNSPECIFIED.,.F.,.F.,(4,2,2,2,2,2,2,2,3,
2,2,2,2,2,2,2,4),(0.793734646108818,0.851913889256461,0.946221682652721,
1.0410845303725,1.13594737809227,1.23108805747432,1.32622873685637,1.42072073633392,
1.51521273581148,1.6093626096536,1.70351248349573,1.79899505905283,1.89447763460994,
1.98954131122361,2.08460498783729,2.17871190975448,2.23669333592571),
 .UNSPECIFIED.);
#28=B_SPLINE_CURVE_WITH_KNOTS('',3,(#4157,#4158,#4159,#4160,#4161,#4162,
#4163,#4164,#4165,#4166,#4167,#4168,#4169,#4170,#4171,#4172,#4173,#4174),
 .UNSPECIFIED.,.F.,.F.,(4,2,2,2,2,2,2,2,4),(1.46080496434861,1.82600100939044,
2.19119705443227,2.55640349156475,2.92160992869722,3.2868163658297,3.65202280296217,
4.017218848004,4.38241489304584),.UNSPECIFIED.);
#29=ELLIPSE('',#2589,68.117897676297,66.5);
#30=ELLIPSE('',#2590,23.0474089882208,22.5);
#31=ELLIPSE('',#2591,68.117897676297,66.5);
#32=ELLIPSE('',#2646,80.8223050896223,57.15);
#33=ELLIPSE('',#2653,80.8223050896216,57.15);
#34=CONICAL_SURFACE('',#2550,59.1500000000024,0.785398163397449);
#35=CONICAL_SURFACE('',#2749,4.49237602608587,0.785398163397448);
#36=CONICAL_SURFACE('',#2750,2.05,0.785398163397448);
#37=(
BOUNDED_CURVE()
B_SPLINE_CURVE(2,(#3624,#3625,#3626),.UNSPECIFIED.,.F.,.F.)
B_SPLINE_CURVE_WITH_KNOTS((3,3),(0.,0.303150918114614),.UNSPECIFIED.)
CURVE()
GEOMETRIC_REPRESENTATION_ITEM()
RATIONAL_B_SPLINE_CURVE((1.,1.00047420253306,1.00052209317707))
REPRESENTATION_ITEM('')
);
#38=(
BOUNDED_CURVE()
B_SPLINE_CURVE(2,(#3636,#3637,#3638),.UNSPECIFIED.,.F.,.F.)
B_SPLINE_CURVE_WITH_KNOTS((3,3),(0.259502166442451,0.58499764090424),
 .UNSPECIFIED.)
CURVE()
GEOMETRIC_REPRESENTATION_ITEM()
RATIONAL_B_SPLINE_CURVE((1.00032168650478,1.0003625901259,1.))
REPRESENTATION_ITEM('')
);
#39=(
BOUNDED_CURVE()
B_SPLINE_CURVE(2,(#3642,#3643,#3644),.UNSPECIFIED.,.F.,.F.)
B_SPLINE_CURVE_WITH_KNOTS((3,3),(0.,0.643149750950643),.UNSPECIFIED.)
CURVE()
GEOMETRIC_REPRESENTATION_ITEM()
RATIONAL_B_SPLINE_CURVE((1.,1.,1.))
REPRESENTATION_ITEM('')
);
#40=CYLINDRICAL_SURFACE('',#2513,11.2);
#41=CYLINDRICAL_SURFACE('',#2536,2.1);
#42=CYLINDRICAL_SURFACE('',#2538,2.1);
#43=CYLINDRICAL_SURFACE('',#2540,2.1);
#44=CYLINDRICAL_SURFACE('',#2543,2.1);
#45=CYLINDRICAL_SURFACE('',#2561,331.1847);
#46=CYLINDRICAL_SURFACE('',#2568,1.5875);
#47=CYLINDRICAL_SURFACE('',#2571,1.5875);
#48=CYLINDRICAL_SURFACE('',#2573,1.5875);
#49=CYLINDRICAL_SURFACE('',#2576,1.5875);
#50=CYLINDRICAL_SURFACE('',#2592,66.5);
#51=CYLINDRICAL_SURFACE('',#2594,22.5);
#52=CYLINDRICAL_SURFACE('',#2597,66.5);
#53=CYLINDRICAL_SURFACE('',#2604,2.5);
#54=CYLINDRICAL_SURFACE('',#2610,2.5);
#55=CYLINDRICAL_SURFACE('',#2614,22.5);
#56=CYLINDRICAL_SURFACE('',#2621,2.5);
#57=CYLINDRICAL_SURFACE('',#2631,1.50000000000001);
#58=CYLINDRICAL_SURFACE('',#2633,1.50000000000001);
#59=CYLINDRICAL_SURFACE('',#2635,1.50000000000001);
#60=CYLINDRICAL_SURFACE('',#2637,1.50000000000001);
#61=CYLINDRICAL_SURFACE('',#2639,1.50000000000001);
#62=CYLINDRICAL_SURFACE('',#2641,1.50000000000001);
#63=CYLINDRICAL_SURFACE('',#2643,7.00000000000001);
#64=CYLINDRICAL_SURFACE('',#2668,57.15);
#65=CYLINDRICAL_SURFACE('',#2669,9.675);
#66=CYLINDRICAL_SURFACE('',#2673,8.31584288347249);
#67=CYLINDRICAL_SURFACE('',#2676,32.6316857669446);
#68=CYLINDRICAL_SURFACE('',#2679,6.13466227884848);
#69=CYLINDRICAL_SURFACE('',#2682,44.9010103248151);
#70=CYLINDRICAL_SURFACE('',#2685,2.95);
#71=CYLINDRICAL_SURFACE('',#2687,1.6);
#72=CYLINDRICAL_SURFACE('',#2690,2.95);
#73=CYLINDRICAL_SURFACE('',#2699,2.05);
#74=CYLINDRICAL_SURFACE('',#2702,3.);
#75=CYLINDRICAL_SURFACE('',#2710,1.);
#76=CYLINDRICAL_SURFACE('',#2713,56.5);
#77=CYLINDRICAL_SURFACE('',#2715,3.);
#78=CYLINDRICAL_SURFACE('',#2730,2.99999999999999);
#79=CYLINDRICAL_SURFACE('',#2733,3.00000000000001);
#80=CYLINDRICAL_SURFACE('',#2734,3.);
#81=CYLINDRICAL_SURFACE('',#2737,3.);
#82=CYLINDRICAL_SURFACE('',#2739,32.6316857669447);
#83=CYLINDRICAL_SURFACE('',#2741,3.);
#84=CYLINDRICAL_SURFACE('',#2751,15.9999999999999);
#85=CYLINDRICAL_SURFACE('',#2753,4.1752);
#86=CYLINDRICAL_SURFACE('',#2757,15.);
#87=FACE_BOUND('',#269,.T.);
#88=FACE_BOUND('',#270,.T.);
#89=FACE_BOUND('',#271,.T.);
#90=FACE_BOUND('',#273,.T.);
#91=FACE_BOUND('',#275,.T.);
#92=FACE_BOUND('',#280,.T.);
#93=FACE_BOUND('',#282,.T.);
#94=FACE_BOUND('',#287,.T.);
#95=FACE_BOUND('',#295,.T.);
#96=FACE_BOUND('',#315,.T.);
#97=FACE_BOUND('',#316,.T.);
#98=FACE_BOUND('',#317,.T.);
#99=FACE_BOUND('',#318,.T.);
#100=FACE_BOUND('',#319,.T.);
#101=FACE_BOUND('',#324,.T.);
#102=FACE_BOUND('',#330,.T.);
#103=FACE_BOUND('',#333,.T.);
#104=FACE_BOUND('',#338,.T.);
#105=FACE_BOUND('',#343,.T.);
#106=FACE_BOUND('',#347,.T.);
#107=FACE_BOUND('',#352,.T.);
#108=FACE_BOUND('',#353,.T.);
#109=FACE_BOUND('',#354,.T.);
#110=FACE_BOUND('',#355,.T.);
#111=FACE_BOUND('',#356,.T.);
#112=FACE_BOUND('',#357,.T.);
#113=FACE_BOUND('',#369,.T.);
#114=FACE_BOUND('',#370,.T.);
#115=FACE_BOUND('',#371,.T.);
#116=FACE_BOUND('',#372,.T.);
#117=FACE_BOUND('',#373,.T.);
#118=FACE_BOUND('',#374,.T.);
#119=FACE_BOUND('',#387,.T.);
#120=FACE_BOUND('',#389,.T.);
#121=FACE_BOUND('',#390,.T.);
#122=FACE_BOUND('',#391,.T.);
#123=FACE_BOUND('',#394,.T.);
#124=FACE_BOUND('',#403,.T.);
#125=FACE_BOUND('',#408,.T.);
#126=FACE_BOUND('',#413,.T.);
#127=FACE_BOUND('',#418,.T.);
#128=FACE_BOUND('',#419,.T.);
#129=FACE_BOUND('',#425,.T.);
#130=FACE_BOUND('',#428,.T.);
#131=FACE_BOUND('',#436,.T.);
#132=FACE_BOUND('',#438,.T.);
#133=FACE_BOUND('',#444,.T.);
#134=FACE_BOUND('',#445,.T.);
#135=FACE_BOUND('',#446,.T.);
#136=FACE_BOUND('',#447,.T.);
#137=FACE_OUTER_BOUND('',#268,.T.);
#138=FACE_OUTER_BOUND('',#272,.T.);
#139=FACE_OUTER_BOUND('',#274,.T.);
#140=FACE_OUTER_BOUND('',#276,.T.);
#141=FACE_OUTER_BOUND('',#277,.T.);
#142=FACE_OUTER_BOUND('',#278,.T.);
#143=FACE_OUTER_BOUND('',#279,.T.);
#144=FACE_OUTER_BOUND('',#281,.T.);
#145=FACE_OUTER_BOUND('',#283,.T.);
#146=FACE_OUTER_BOUND('',#284,.T.);
#147=FACE_OUTER_BOUND('',#285,.T.);
#148=FACE_OUTER_BOUND('',#286,.T.);
#149=FACE_OUTER_BOUND('',#288,.T.);
#150=FACE_OUTER_BOUND('',#289,.T.);
#151=FACE_OUTER_BOUND('',#290,.T.);
#152=FACE_OUTER_BOUND('',#291,.T.);
#153=FACE_OUTER_BOUND('',#292,.T.);
#154=FACE_OUTER_BOUND('',#293,.T.);
#155=FACE_OUTER_BOUND('',#294,.T.);
#156=FACE_OUTER_BOUND('',#296,.T.);
#157=FACE_OUTER_BOUND('',#297,.T.);
#158=FACE_OUTER_BOUND('',#298,.T.);
#159=FACE_OUTER_BOUND('',#299,.T.);
#160=FACE_OUTER_BOUND('',#300,.T.);
#161=FACE_OUTER_BOUND('',#301,.T.);
#162=FACE_OUTER_BOUND('',#302,.T.);
#163=FACE_OUTER_BOUND('',#303,.T.);
#164=FACE_OUTER_BOUND('',#304,.T.);
#165=FACE_OUTER_BOUND('',#305,.T.);
#166=FACE_OUTER_BOUND('',#306,.T.);
#167=FACE_OUTER_BOUND('',#307,.T.);
#168=FACE_OUTER_BOUND('',#308,.T.);
#169=FACE_OUTER_BOUND('',#309,.T.);
#170=FACE_OUTER_BOUND('',#310,.T.);
#171=FACE_OUTER_BOUND('',#311,.T.);
#172=FACE_OUTER_BOUND('',#312,.T.);
#173=FACE_OUTER_BOUND('',#313,.T.);
#174=FACE_OUTER_BOUND('',#314,.T.);
#175=FACE_OUTER_BOUND('',#320,.T.);
#176=FACE_OUTER_BOUND('',#321,.T.);
#177=FACE_OUTER_BOUND('',#322,.T.);
#178=FACE_OUTER_BOUND('',#323,.T.);
#179=FACE_OUTER_BOUND('',#325,.T.);
#180=FACE_OUTER_BOUND('',#326,.T.);
#181=FACE_OUTER_BOUND('',#327,.T.);
#182=FACE_OUTER_BOUND('',#328,.T.);
#183=FACE_OUTER_BOUND('',#329,.T.);
#184=FACE_OUTER_BOUND('',#331,.T.);
#185=FACE_OUTER_BOUND('',#332,.T.);
#186=FACE_OUTER_BOUND('',#334,.T.);
#187=FACE_OUTER_BOUND('',#335,.T.);
#188=FACE_OUTER_BOUND('',#336,.T.);
#189=FACE_OUTER_BOUND('',#337,.T.);
#190=FACE_OUTER_BOUND('',#339,.T.);
#191=FACE_OUTER_BOUND('',#340,.T.);
#192=FACE_OUTER_BOUND('',#341,.T.);
#193=FACE_OUTER_BOUND('',#342,.T.);
#194=FACE_OUTER_BOUND('',#344,.T.);
#195=FACE_OUTER_BOUND('',#345,.T.);
#196=FACE_OUTER_BOUND('',#346,.T.);
#197=FACE_OUTER_BOUND('',#348,.T.);
#198=FACE_OUTER_BOUND('',#349,.T.);
#199=FACE_OUTER_BOUND('',#350,.T.);
#200=FACE_OUTER_BOUND('',#351,.T.);
#201=FACE_OUTER_BOUND('',#358,.T.);
#202=FACE_OUTER_BOUND('',#359,.T.);
#203=FACE_OUTER_BOUND('',#360,.T.);
#204=FACE_OUTER_BOUND('',#361,.T.);
#205=FACE_OUTER_BOUND('',#362,.T.);
#206=FACE_OUTER_BOUND('',#363,.T.);
#207=FACE_OUTER_BOUND('',#364,.T.);
#208=FACE_OUTER_BOUND('',#365,.T.);
#209=FACE_OUTER_BOUND('',#366,.T.);
#210=FACE_OUTER_BOUND('',#367,.T.);
#211=FACE_OUTER_BOUND('',#368,.T.);
#212=FACE_OUTER_BOUND('',#375,.T.);
#213=FACE_OUTER_BOUND('',#376,.T.);
#214=FACE_OUTER_BOUND('',#377,.T.);
#215=FACE_OUTER_BOUND('',#378,.T.);
#216=FACE_OUTER_BOUND('',#379,.T.);
#217=FACE_OUTER_BOUND('',#380,.T.);
#218=FACE_OUTER_BOUND('',#381,.T.);
#219=FACE_OUTER_BOUND('',#382,.T.);
#220=FACE_OUTER_BOUND('',#383,.T.);
#221=FACE_OUTER_BOUND('',#384,.T.);
#222=FACE_OUTER_BOUND('',#385,.T.);
#223=FACE_OUTER_BOUND('',#386,.T.);
#224=FACE_OUTER_BOUND('',#388,.T.);
#225=FACE_OUTER_BOUND('',#392,.T.);
#226=FACE_OUTER_BOUND('',#393,.T.);
#227=FACE_OUTER_BOUND('',#395,.T.);
#228=FACE_OUTER_BOUND('',#396,.T.);
#229=FACE_OUTER_BOUND('',#397,.T.);
#230=FACE_OUTER_BOUND('',#398,.T.);
#231=FACE_OUTER_BOUND('',#399,.T.);
#232=FACE_OUTER_BOUND('',#400,.T.);
#233=FACE_OUTER_BOUND('',#401,.T.);
#234=FACE_OUTER_BOUND('',#402,.T.);
#235=FACE_OUTER_BOUND('',#404,.T.);
#236=FACE_OUTER_BOUND('',#405,.T.);
#237=FACE_OUTER_BOUND('',#406,.T.);
#238=FACE_OUTER_BOUND('',#407,.T.);
#239=FACE_OUTER_BOUND('',#409,.T.);
#240=FACE_OUTER_BOUND('',#410,.T.);
#241=FACE_OUTER_BOUND('',#411,.T.);
#242=FACE_OUTER_BOUND('',#412,.T.);
#243=FACE_OUTER_BOUND('',#414,.T.);
#244=FACE_OUTER_BOUND('',#415,.T.);
#245=FACE_OUTER_BOUND('',#416,.T.);
#246=FACE_OUTER_BOUND('',#417,.T.);
#247=FACE_OUTER_BOUND('',#420,.T.);
#248=FACE_OUTER_BOUND('',#421,.T.);
#249=FACE_OUTER_BOUND('',#422,.T.);
#250=FACE_OUTER_BOUND('',#423,.T.);
#251=FACE_OUTER_BOUND('',#424,.T.);
#252=FACE_OUTER_BOUND('',#426,.T.);
#253=FACE_OUTER_BOUND('',#427,.T.);
#254=FACE_OUTER_BOUND('',#429,.T.);
#255=FACE_OUTER_BOUND('',#430,.T.);
#256=FACE_OUTER_BOUND('',#431,.T.);
#257=FACE_OUTER_BOUND('',#432,.T.);
#258=FACE_OUTER_BOUND('',#433,.T.);
#259=FACE_OUTER_BOUND('',#434,.T.);
#260=FACE_OUTER_BOUND('',#435,.T.);
#261=FACE_OUTER_BOUND('',#437,.T.);
#262=FACE_OUTER_BOUND('',#439,.T.);
#263=FACE_OUTER_BOUND('',#440,.T.);
#264=FACE_OUTER_BOUND('',#441,.T.);
#265=FACE_OUTER_BOUND('',#442,.T.);
#266=FACE_OUTER_BOUND('',#443,.T.);
#267=FACE_OUTER_BOUND('',#448,.T.);
#268=EDGE_LOOP('',(#1588,#1589,#1590,#1591,#1592,#1593,#1594,#1595,#1596,
#1597));
#269=EDGE_LOOP('',(#1598,#1599,#1600));
#270=EDGE_LOOP('',(#1601,#1602,#1603,#1604));
#271=EDGE_LOOP('',(#1605,#1606,#1607,#1608));
#272=EDGE_LOOP('',(#1609,#1610,#1611,#1612,#1613,#1614,#1615,#1616,#1617,
#1618,#1619,#1620));
#273=EDGE_LOOP('',(#1621,#1622,#1623,#1624));
#274=EDGE_LOOP('',(#1625,#1626,#1627,#1628));
#275=EDGE_LOOP('',(#1629));
#276=EDGE_LOOP('',(#1630,#1631,#1632,#1633));
#277=EDGE_LOOP('',(#1634,#1635,#1636,#1637));
#278=EDGE_LOOP('',(#1638,#1639,#1640,#1641));
#279=EDGE_LOOP('',(#1642,#1643,#1644,#1645));
#280=EDGE_LOOP('',(#1646));
#281=EDGE_LOOP('',(#1647,#1648,#1649,#1650));
#282=EDGE_LOOP('',(#1651));
#283=EDGE_LOOP('',(#1652,#1653,#1654,#1655));
#284=EDGE_LOOP('',(#1656,#1657,#1658,#1659));
#285=EDGE_LOOP('',(#1660,#1661,#1662,#1663));
#286=EDGE_LOOP('',(#1664,#1665,#1666,#1667));
#287=EDGE_LOOP('',(#1668));
#288=EDGE_LOOP('',(#1669,#1670,#1671,#1672));
#289=EDGE_LOOP('',(#1673,#1674,#1675,#1676));
#290=EDGE_LOOP('',(#1677,#1678,#1679,#1680));
#291=EDGE_LOOP('',(#1681));
#292=EDGE_LOOP('',(#1682,#1683,#1684,#1685));
#293=EDGE_LOOP('',(#1686));
#294=EDGE_LOOP('',(#1687));
#295=EDGE_LOOP('',(#1688));
#296=EDGE_LOOP('',(#1689,#1690,#1691,#1692,#1693,#1694,#1695,#1696));
#297=EDGE_LOOP('',(#1697,#1698,#1699,#1700,#1701));
#298=EDGE_LOOP('',(#1702,#1703,#1704,#1705));
#299=EDGE_LOOP('',(#1706,#1707,#1708,#1709));
#300=EDGE_LOOP('',(#1710,#1711,#1712,#1713,#1714));
#301=EDGE_LOOP('',(#1715,#1716,#1717,#1718));
#302=EDGE_LOOP('',(#1719,#1720,#1721,#1722,#1723,#1724,#1725,#1726,#1727,
#1728,#1729,#1730,#1731));
#303=EDGE_LOOP('',(#1732,#1733,#1734,#1735));
#304=EDGE_LOOP('',(#1736,#1737,#1738,#1739,#1740,#1741));
#305=EDGE_LOOP('',(#1742,#1743,#1744,#1745));
#306=EDGE_LOOP('',(#1746,#1747,#1748,#1749));
#307=EDGE_LOOP('',(#1750,#1751,#1752,#1753));
#308=EDGE_LOOP('',(#1754,#1755,#1756,#1757,#1758,#1759,#1760));
#309=EDGE_LOOP('',(#1761,#1762,#1763,#1764));
#310=EDGE_LOOP('',(#1765,#1766,#1767,#1768));
#311=EDGE_LOOP('',(#1769,#1770,#1771,#1772));
#312=EDGE_LOOP('',(#1773,#1774,#1775,#1776));
#313=EDGE_LOOP('',(#1777,#1778,#1779,#1780));
#314=EDGE_LOOP('',(#1781,#1782,#1783,#1784));
#315=EDGE_LOOP('',(#1785));
#316=EDGE_LOOP('',(#1786));
#317=EDGE_LOOP('',(#1787));
#318=EDGE_LOOP('',(#1788));
#319=EDGE_LOOP('',(#1789));
#320=EDGE_LOOP('',(#1790,#1791,#1792,#1793,#1794,#1795));
#321=EDGE_LOOP('',(#1796,#1797,#1798,#1799));
#322=EDGE_LOOP('',(#1800,#1801,#1802));
#323=EDGE_LOOP('',(#1803,#1804,#1805,#1806,#1807,#1808,#1809));
#324=EDGE_LOOP('',(#1810));
#325=EDGE_LOOP('',(#1811,#1812,#1813,#1814));
#326=EDGE_LOOP('',(#1815,#1816,#1817,#1818));
#327=EDGE_LOOP('',(#1819,#1820,#1821,#1822,#1823,#1824,#1825,#1826));
#328=EDGE_LOOP('',(#1827,#1828,#1829,#1830,#1831,#1832,#1833,#1834));
#329=EDGE_LOOP('',(#1835,#1836,#1837,#1838,#1839,#1840,#1841,#1842,#1843,
#1844,#1845,#1846));
#330=EDGE_LOOP('',(#1847,#1848));
#331=EDGE_LOOP('',(#1849,#1850,#1851,#1852,#1853,#1854,#1855));
#332=EDGE_LOOP('',(#1856,#1857,#1858,#1859));
#333=EDGE_LOOP('',(#1860));
#334=EDGE_LOOP('',(#1861,#1862,#1863,#1864));
#335=EDGE_LOOP('',(#1865,#1866,#1867,#1868));
#336=EDGE_LOOP('',(#1869,#1870,#1871,#1872,#1873,#1874));
#337=EDGE_LOOP('',(#1875,#1876,#1877,#1878));
#338=EDGE_LOOP('',(#1879));
#339=EDGE_LOOP('',(#1880,#1881,#1882,#1883));
#340=EDGE_LOOP('',(#1884,#1885,#1886,#1887));
#341=EDGE_LOOP('',(#1888,#1889,#1890,#1891,#1892,#1893,#1894));
#342=EDGE_LOOP('',(#1895,#1896,#1897,#1898,#1899,#1900));
#343=EDGE_LOOP('',(#1901));
#344=EDGE_LOOP('',(#1902,#1903));
#345=EDGE_LOOP('',(#1904,#1905,#1906,#1907));
#346=EDGE_LOOP('',(#1908,#1909,#1910,#1911));
#347=EDGE_LOOP('',(#1912));
#348=EDGE_LOOP('',(#1913,#1914,#1915,#1916));
#349=EDGE_LOOP('',(#1917,#1918,#1919,#1920));
#350=EDGE_LOOP('',(#1921,#1922,#1923,#1924,#1925));
#351=EDGE_LOOP('',(#1926,#1927,#1928,#1929));
#352=EDGE_LOOP('',(#1930));
#353=EDGE_LOOP('',(#1931));
#354=EDGE_LOOP('',(#1932));
#355=EDGE_LOOP('',(#1933));
#356=EDGE_LOOP('',(#1934));
#357=EDGE_LOOP('',(#1935));
#358=EDGE_LOOP('',(#1936,#1937,#1938,#1939));
#359=EDGE_LOOP('',(#1940,#1941,#1942,#1943));
#360=EDGE_LOOP('',(#1944,#1945,#1946,#1947));
#361=EDGE_LOOP('',(#1948,#1949,#1950,#1951));
#362=EDGE_LOOP('',(#1952,#1953,#1954,#1955));
#363=EDGE_LOOP('',(#1956,#1957,#1958,#1959));
#364=EDGE_LOOP('',(#1960,#1961,#1962,#1963));
#365=EDGE_LOOP('',(#1964,#1965,#1966,#1967));
#366=EDGE_LOOP('',(#1968,#1969,#1970,#1971));
#367=EDGE_LOOP('',(#1972,#1973,#1974,#1975));
#368=EDGE_LOOP('',(#1976,#1977,#1978,#1979));
#369=EDGE_LOOP('',(#1980));
#370=EDGE_LOOP('',(#1981));
#371=EDGE_LOOP('',(#1982));
#372=EDGE_LOOP('',(#1983));
#373=EDGE_LOOP('',(#1984));
#374=EDGE_LOOP('',(#1985));
#375=EDGE_LOOP('',(#1986,#1987,#1988,#1989));
#376=EDGE_LOOP('',(#1990,#1991,#1992,#1993));
#377=EDGE_LOOP('',(#1994,#1995,#1996,#1997));
#378=EDGE_LOOP('',(#1998,#1999,#2000,#2001));
#379=EDGE_LOOP('',(#2002,#2003,#2004,#2005));
#380=EDGE_LOOP('',(#2006,#2007,#2008,#2009));
#381=EDGE_LOOP('',(#2010,#2011,#2012,#2013));
#382=EDGE_LOOP('',(#2014,#2015,#2016,#2017));
#383=EDGE_LOOP('',(#2018,#2019,#2020,#2021));
#384=EDGE_LOOP('',(#2022,#2023,#2024,#2025));
#385=EDGE_LOOP('',(#2026,#2027,#2028,#2029));
#386=EDGE_LOOP('',(#2030,#2031,#2032,#2033,#2034,#2035,#2036,#2037,#2038,
#2039,#2040,#2041,#2042,#2043,#2044));
#387=EDGE_LOOP('',(#2045,#2046,#2047,#2048,#2049));
#388=EDGE_LOOP('',(#2050,#2051,#2052,#2053,#2054));
#389=EDGE_LOOP('',(#2055,#2056,#2057,#2058));
#390=EDGE_LOOP('',(#2059,#2060,#2061,#2062));
#391=EDGE_LOOP('',(#2063,#2064,#2065,#2066));
#392=EDGE_LOOP('',(#2067,#2068,#2069,#2070));
#393=EDGE_LOOP('',(#2071));
#394=EDGE_LOOP('',(#2072));
#395=EDGE_LOOP('',(#2073,#2074,#2075,#2076));
#396=EDGE_LOOP('',(#2077,#2078,#2079,#2080));
#397=EDGE_LOOP('',(#2081,#2082,#2083,#2084));
#398=EDGE_LOOP('',(#2085,#2086,#2087,#2088));
#399=EDGE_LOOP('',(#2089,#2090,#2091,#2092));
#400=EDGE_LOOP('',(#2093,#2094,#2095,#2096));
#401=EDGE_LOOP('',(#2097,#2098,#2099,#2100,#2101));
#402=EDGE_LOOP('',(#2102,#2103,#2104,#2105));
#403=EDGE_LOOP('',(#2106));
#404=EDGE_LOOP('',(#2107,#2108,#2109,#2110));
#405=EDGE_LOOP('',(#2111,#2112,#2113,#2114));
#406=EDGE_LOOP('',(#2115,#2116,#2117,#2118));
#407=EDGE_LOOP('',(#2119));
#408=EDGE_LOOP('',(#2120));
#409=EDGE_LOOP('',(#2121,#2122,#2123,#2124));
#410=EDGE_LOOP('',(#2125,#2126,#2127,#2128));
#411=EDGE_LOOP('',(#2129,#2130,#2131,#2132));
#412=EDGE_LOOP('',(#2133,#2134,#2135,#2136,#2137,#2138,#2139));
#413=EDGE_LOOP('',(#2140));
#414=EDGE_LOOP('',(#2141,#2142,#2143,#2144));
#415=EDGE_LOOP('',(#2145,#2146,#2147,#2148));
#416=EDGE_LOOP('',(#2149,#2150,#2151,#2152));
#417=EDGE_LOOP('',(#2153,#2154,#2155,#2156,#2157,#2158,#2159,#2160,#2161,
#2162,#2163,#2164,#2165,#2166,#2167,#2168,#2169));
#418=EDGE_LOOP('',(#2170));
#419=EDGE_LOOP('',(#2171));
#420=EDGE_LOOP('',(#2172,#2173,#2174,#2175,#2176,#2177,#2178,#2179,#2180,
#2181));
#421=EDGE_LOOP('',(#2182,#2183,#2184,#2185,#2186));
#422=EDGE_LOOP('',(#2187,#2188,#2189,#2190));
#423=EDGE_LOOP('',(#2191,#2192,#2193,#2194));
#424=EDGE_LOOP('',(#2195));
#425=EDGE_LOOP('',(#2196));
#426=EDGE_LOOP('',(#2197,#2198,#2199,#2200));
#427=EDGE_LOOP('',(#2201));
#428=EDGE_LOOP('',(#2202));
#429=EDGE_LOOP('',(#2203,#2204,#2205,#2206));
#430=EDGE_LOOP('',(#2207,#2208,#2209,#2210));
#431=EDGE_LOOP('',(#2211,#2212,#2213,#2214,#2215,#2216,#2217,#2218,#2219,
#2220,#2221,#2222,#2223));
#432=EDGE_LOOP('',(#2224,#2225,#2226,#2227));
#433=EDGE_LOOP('',(#2228,#2229,#2230,#2231));
#434=EDGE_LOOP('',(#2232,#2233,#2234,#2235));
#435=EDGE_LOOP('',(#2236,#2237,#2238,#2239,#2240,#2241,#2242,#2243,#2244,
#2245));
#436=EDGE_LOOP('',(#2246,#2247,#2248,#2249));
#437=EDGE_LOOP('',(#2250));
#438=EDGE_LOOP('',(#2251));
#439=EDGE_LOOP('',(#2252,#2253,#2254,#2255,#2256));
#440=EDGE_LOOP('',(#2257,#2258,#2259,#2260));
#441=EDGE_LOOP('',(#2261,#2262,#2263,#2264));
#442=EDGE_LOOP('',(#2265,#2266,#2267,#2268));
#443=EDGE_LOOP('',(#2269,#2270,#2271,#2272,#2273,#2274,#2275,#2276,#2277,
#2278,#2279,#2280,#2281,#2282,#2283));
#444=EDGE_LOOP('',(#2284));
#445=EDGE_LOOP('',(#2285));
#446=EDGE_LOOP('',(#2286));
#447=EDGE_LOOP('',(#2287,#2288,#2289,#2290,#2291));
#448=EDGE_LOOP('',(#2292,#2293,#2294,#2295));
#449=CIRCLE('',#2511,57.15);
#450=CIRCLE('',#2512,331.1847);
#451=CIRCLE('',#2514,11.2);
#452=CIRCLE('',#2515,11.2);
#453=CIRCLE('',#2516,11.2);
#454=CIRCLE('',#2517,11.2);
#455=CIRCLE('',#2518,11.2);
#456=CIRCLE('',#2519,11.2);
#457=CIRCLE('',#2520,11.2);
#458=CIRCLE('',#2521,11.2);
#459=CIRCLE('',#2523,2.1);
#460=CIRCLE('',#2528,2.1);
#461=CIRCLE('',#2530,2.1);
#462=CIRCLE('',#2535,2.1);
#463=CIRCLE('',#2537,2.1);
#464=CIRCLE('',#2539,2.1);
#465=CIRCLE('',#2541,2.1);
#466=CIRCLE('',#2544,2.1);
#467=CIRCLE('',#2547,2.95);
#468=CIRCLE('',#2548,1.5875);
#469=CIRCLE('',#2551,61.1500000000024);
#470=CIRCLE('',#2552,57.15);
#471=CIRCLE('',#2558,331.1847);
#472=CIRCLE('',#2559,57.15);
#473=CIRCLE('',#2562,331.1847);
#474=CIRCLE('',#2569,1.5875);
#475=CIRCLE('',#2570,1.5875);
#476=CIRCLE('',#2572,1.5875);
#477=CIRCLE('',#2574,1.5875);
#478=CIRCLE('',#2575,1.5875);
#479=CIRCLE('',#2577,1.5875);
#480=CIRCLE('',#2578,1.5875);
#481=CIRCLE('',#2584,15.);
#482=CIRCLE('',#2585,7.00000000000001);
#483=CIRCLE('',#2593,66.5);
#484=CIRCLE('',#2595,22.5);
#485=CIRCLE('',#2596,22.5);
#486=CIRCLE('',#2598,66.5);
#487=CIRCLE('',#2600,2.5);
#488=CIRCLE('',#2603,9.675);
#489=CIRCLE('',#2606,2.5);
#490=CIRCLE('',#2609,9.675);
#491=CIRCLE('',#2612,22.5);
#492=CIRCLE('',#2613,9.675);
#493=CIRCLE('',#2617,2.5);
#494=CIRCLE('',#2620,9.675);
#495=CIRCLE('',#2623,1.50000000000001);
#496=CIRCLE('',#2624,1.50000000000001);
#497=CIRCLE('',#2625,1.50000000000001);
#498=CIRCLE('',#2626,1.50000000000001);
#499=CIRCLE('',#2627,1.50000000000001);
#500=CIRCLE('',#2628,1.50000000000001);
#501=CIRCLE('',#2630,57.15);
#502=CIRCLE('',#2632,1.50000000000001);
#503=CIRCLE('',#2634,1.50000000000001);
#504=CIRCLE('',#2636,1.50000000000001);
#505=CIRCLE('',#2638,1.50000000000001);
#506=CIRCLE('',#2640,1.50000000000001);
#507=CIRCLE('',#2642,1.50000000000001);
#508=CIRCLE('',#2644,7.00000000000001);
#509=CIRCLE('',#2648,57.15);
#510=CIRCLE('',#2651,57.15);
#511=CIRCLE('',#2656,57.15);
#512=CIRCLE('',#2658,9.675);
#513=CIRCLE('',#2661,9.675);
#514=CIRCLE('',#2664,9.675);
#515=CIRCLE('',#2667,9.675);
#516=CIRCLE('',#2672,2.95);
#517=CIRCLE('',#2674,8.31584288347249);
#518=CIRCLE('',#2675,8.31584288347249);
#519=CIRCLE('',#2677,32.6316857669446);
#520=CIRCLE('',#2678,32.6316857669446);
#521=CIRCLE('',#2680,6.13466227884848);
#522=CIRCLE('',#2681,6.13466227884848);
#523=CIRCLE('',#2683,44.9010103248151);
#524=CIRCLE('',#2684,44.9010103248151);
#525=CIRCLE('',#2686,2.95);
#526=CIRCLE('',#2688,1.6);
#527=CIRCLE('',#2689,1.6);
#528=CIRCLE('',#2691,2.95);
#529=CIRCLE('',#2692,2.95);
#530=CIRCLE('',#2698,2.05);
#531=CIRCLE('',#2700,2.05);
#532=CIRCLE('',#2703,3.);
#533=CIRCLE('',#2704,3.);
#534=CIRCLE('',#2706,3.);
#535=CIRCLE('',#2707,56.5);
#536=CIRCLE('',#2708,3.);
#537=CIRCLE('',#2709,2.99999999999999);
#538=CIRCLE('',#2711,1.);
#539=CIRCLE('',#2712,1.);
#540=CIRCLE('',#2714,56.5);
#541=CIRCLE('',#2716,3.);
#542=CIRCLE('',#2718,4.1752);
#543=CIRCLE('',#2719,15.9999999999999);
#544=CIRCLE('',#2720,3.);
#545=CIRCLE('',#2721,32.6316857669447);
#546=CIRCLE('',#2722,3.);
#547=CIRCLE('',#2723,3.00000000000001);
#548=CIRCLE('',#2729,2.99999999999999);
#549=CIRCLE('',#2732,3.00000000000001);
#550=CIRCLE('',#2735,3.);
#551=CIRCLE('',#2738,3.);
#552=CIRCLE('',#2740,32.6316857669447);
#553=CIRCLE('',#2742,3.);
#554=CIRCLE('',#2744,4.49237602608587);
#555=CIRCLE('',#2745,4.49237602608587);
#556=CIRCLE('',#2747,3.99237602608586);
#557=CIRCLE('',#2748,2.55000000000001);
#558=CIRCLE('',#2752,15.9999999999999);
#559=CIRCLE('',#2754,4.1752);
#560=CIRCLE('',#2756,15.);
#561=LINE('',#3480,#781);
#562=LINE('',#3482,#782);
#563=LINE('',#3486,#783);
#564=LINE('',#3488,#784);
#565=LINE('',#3492,#785);
#566=LINE('',#3494,#786);
#567=LINE('',#3496,#787);
#568=LINE('',#3497,#788);
#569=LINE('',#3500,#789);
#570=LINE('',#3502,#790);
#571=LINE('',#3503,#791);
#572=LINE('',#3506,#792);
#573=LINE('',#3508,#793);
#574=LINE('',#3510,#794);
#575=LINE('',#3511,#795);
#576=LINE('',#3514,#796);
#577=LINE('',#3516,#797);
#578=LINE('',#3518,#798);
#579=LINE('',#3519,#799);
#580=LINE('',#3524,#800);
#581=LINE('',#3528,#801);
#582=LINE('',#3532,#802);
#583=LINE('',#3536,#803);
#584=LINE('',#3540,#804);
#585=LINE('',#3544,#805);
#586=LINE('',#3548,#806);
#587=LINE('',#3553,#807);
#588=LINE('',#3554,#808);
#589=LINE('',#3555,#809);
#590=LINE('',#3560,#810);
#591=LINE('',#3561,#811);
#592=LINE('',#3564,#812);
#593=LINE('',#3565,#813);
#594=LINE('',#3567,#814);
#595=LINE('',#3574,#815);
#596=LINE('',#3575,#816);
#597=LINE('',#3576,#817);
#598=LINE('',#3581,#818);
#599=LINE('',#3582,#819);
#600=LINE('',#3585,#820);
#601=LINE('',#3586,#821);
#602=LINE('',#3588,#822);
#603=LINE('',#3594,#823);
#604=LINE('',#3598,#824);
#605=LINE('',#3603,#825);
#606=LINE('',#3608,#826);
#607=LINE('',#3618,#827);
#608=LINE('',#3620,#828);
#609=LINE('',#3622,#829);
#610=LINE('',#3628,#830);
#611=LINE('',#3630,#831);
#612=LINE('',#3632,#832);
#613=LINE('',#3633,#833);
#614=LINE('',#3648,#834);
#615=LINE('',#3650,#835);
#616=LINE('',#3651,#836);
#617=LINE('',#3654,#837);
#618=LINE('',#3655,#838);
#619=LINE('',#3658,#839);
#620=LINE('',#3659,#840);
#621=LINE('',#3661,#841);
#622=LINE('',#3664,#842);
#623=LINE('',#3666,#843);
#624=LINE('',#3668,#844);
#625=LINE('',#3670,#845);
#626=LINE('',#3672,#846);
#627=LINE('',#3676,#847);
#628=LINE('',#3678,#848);
#629=LINE('',#3682,#849);
#630=LINE('',#3684,#850);
#631=LINE('',#3685,#851);
#632=LINE('',#3688,#852);
#633=LINE('',#3689,#853);
#634=LINE('',#3691,#854);
#635=LINE('',#3695,#855);
#636=LINE('',#3696,#856);
#637=LINE('',#3699,#857);
#638=LINE('',#3700,#858);
#639=LINE('',#3704,#859);
#640=LINE('',#3706,#860);
#641=LINE('',#3708,#861);
#642=LINE('',#3709,#862);
#643=LINE('',#3712,#863);
#644=LINE('',#3713,#864);
#645=LINE('',#3715,#865);
#646=LINE('',#3716,#866);
#647=LINE('',#3719,#867);
#648=LINE('',#3720,#868);
#649=LINE('',#3725,#869);
#650=LINE('',#3730,#870);
#651=LINE('',#3735,#871);
#652=LINE('',#3741,#872);
#653=LINE('',#3745,#873);
#654=LINE('',#3746,#874);
#655=LINE('',#3747,#875);
#656=LINE('',#3749,#876);
#657=LINE('',#3753,#877);
#658=LINE('',#3754,#878);
#659=LINE('',#3755,#879);
#660=LINE('',#3759,#880);
#661=LINE('',#3763,#881);
#662=LINE('',#3764,#882);
#663=LINE('',#3766,#883);
#664=LINE('',#3771,#884);
#665=LINE('',#3775,#885);
#666=LINE('',#3799,#886);
#667=LINE('',#3815,#887);
#668=LINE('',#3847,#888);
#669=LINE('',#3859,#889);
#670=LINE('',#3969,#890);
#671=LINE('',#3971,#891);
#672=LINE('',#3973,#892);
#673=LINE('',#3974,#893);
#674=LINE('',#3980,#894);
#675=LINE('',#3981,#895);
#676=LINE('',#3982,#896);
#677=LINE('',#3986,#897);
#678=LINE('',#3988,#898);
#679=LINE('',#3992,#899);
#680=LINE('',#3994,#900);
#681=LINE('',#3996,#901);
#682=LINE('',#3997,#902);
#683=LINE('',#4003,#903);
#684=LINE('',#4004,#904);
#685=LINE('',#4005,#905);
#686=LINE('',#4009,#906);
#687=LINE('',#4011,#907);
#688=LINE('',#4021,#908);
#689=LINE('',#4023,#909);
#690=LINE('',#4025,#910);
#691=LINE('',#4026,#911);
#692=LINE('',#4032,#912);
#693=LINE('',#4033,#913);
#694=LINE('',#4034,#914);
#695=LINE('',#4038,#915);
#696=LINE('',#4040,#916);
#697=LINE('',#4044,#917);
#698=LINE('',#4046,#918);
#699=LINE('',#4048,#919);
#700=LINE('',#4049,#920);
#701=LINE('',#4063,#921);
#702=LINE('',#4067,#922);
#703=LINE('',#4071,#923);
#704=LINE('',#4075,#924);
#705=LINE('',#4079,#925);
#706=LINE('',#4083,#926);
#707=LINE('',#4087,#927);
#708=LINE('',#4092,#928);
#709=LINE('',#4098,#929);
#710=LINE('',#4100,#930);
#711=LINE('',#4101,#931);
#712=LINE('',#4106,#932);
#713=LINE('',#4107,#933);
#714=LINE('',#4110,#934);
#715=LINE('',#4112,#935);
#716=LINE('',#4113,#936);
#717=LINE('',#4118,#937);
#718=LINE('',#4119,#938);
#719=LINE('',#4122,#939);
#720=LINE('',#4126,#940);
#721=LINE('',#4127,#941);
#722=LINE('',#4128,#942);
#723=LINE('',#4131,#943);
#724=LINE('',#4136,#944);
#725=LINE('',#4137,#945);
#726=LINE('',#4140,#946);
#727=LINE('',#4141,#947);
#728=LINE('',#4146,#948);
#729=LINE('',#4147,#949);
#730=LINE('',#4152,#950);
#731=LINE('',#4153,#951);
#732=LINE('',#4176,#952);
#733=LINE('',#4179,#953);
#734=LINE('',#4181,#954);
#735=LINE('',#4182,#955);
#736=LINE('',#4191,#956);
#737=LINE('',#4194,#957);
#738=LINE('',#4199,#958);
#739=LINE('',#4205,#959);
#740=LINE('',#4210,#960);
#741=LINE('',#4216,#961);
#742=LINE('',#4221,#962);
#743=LINE('',#4227,#963);
#744=LINE('',#4231,#964);
#745=LINE('',#4233,#965);
#746=LINE('',#4234,#966);
#747=LINE('',#4236,#967);
#748=LINE('',#4238,#968);
#749=LINE('',#4246,#969);
#750=LINE('',#4250,#970);
#751=LINE('',#4252,#971);
#752=LINE('',#4254,#972);
#753=LINE('',#4255,#973);
#754=LINE('',#4261,#974);
#755=LINE('',#4263,#975);
#756=LINE('',#4265,#976);
#757=LINE('',#4280,#977);
#758=LINE('',#4281,#978);
#759=LINE('',#4290,#979);
#760=LINE('',#4291,#980);
#761=LINE('',#4298,#981);
#762=LINE('',#4303,#982);
#763=LINE('',#4305,#983);
#764=LINE('',#4306,#984);
#765=LINE('',#4307,#985);
#766=LINE('',#4309,#986);
#767=LINE('',#4310,#987);
#768=LINE('',#4317,#988);
#769=LINE('',#4322,#989);
#770=LINE('',#4326,#990);
#771=LINE('',#4329,#991);
#772=LINE('',#4331,#992);
#773=LINE('',#4332,#993);
#774=LINE('',#4334,#994);
#775=LINE('',#4335,#995);
#776=LINE('',#4339,#996);
#777=LINE('',#4343,#997);
#778=LINE('',#4356,#998);
#779=LINE('',#4358,#999);
#780=LINE('',#4361,#1000);
#781=VECTOR('',#2762,10.);
#782=VECTOR('',#2763,10.);
#783=VECTOR('',#2766,10.);
#784=VECTOR('',#2767,10.);
#785=VECTOR('',#2770,10.);
#786=VECTOR('',#2771,10.);
#787=VECTOR('',#2772,10.);
#788=VECTOR('',#2773,10.);
#789=VECTOR('',#2774,10.);
#790=VECTOR('',#2775,10.);
#791=VECTOR('',#2776,10.);
#792=VECTOR('',#2777,10.);
#793=VECTOR('',#2778,10.);
#794=VECTOR('',#2779,10.);
#795=VECTOR('',#2780,10.);
#796=VECTOR('',#2781,10.);
#797=VECTOR('',#2782,10.);
#798=VECTOR('',#2783,10.);
#799=VECTOR('',#2784,10.);
#800=VECTOR('',#2789,11.2);
#801=VECTOR('',#2792,10.);
#802=VECTOR('',#2795,10.);
#803=VECTOR('',#2798,10.);
#804=VECTOR('',#2801,10.);
#805=VECTOR('',#2804,10.);
#806=VECTOR('',#2807,10.);
#807=VECTOR('',#2812,10.);
#808=VECTOR('',#2813,10.);
#809=VECTOR('',#2814,10.);
#810=VECTOR('',#2819,10.);
#811=VECTOR('',#2820,10.);
#812=VECTOR('',#2823,10.);
#813=VECTOR('',#2824,10.);
#814=VECTOR('',#2827,10.);
#815=VECTOR('',#2834,10.);
#816=VECTOR('',#2835,10.);
#817=VECTOR('',#2836,10.);
#818=VECTOR('',#2841,10.);
#819=VECTOR('',#2842,10.);
#820=VECTOR('',#2845,10.);
#821=VECTOR('',#2846,10.);
#822=VECTOR('',#2849,10.);
#823=VECTOR('',#2856,2.1);
#824=VECTOR('',#2861,2.1);
#825=VECTOR('',#2868,2.1);
#826=VECTOR('',#2875,2.1);
#827=VECTOR('',#2886,10.);
#828=VECTOR('',#2887,10.);
#829=VECTOR('',#2888,10.);
#830=VECTOR('',#2889,10.);
#831=VECTOR('',#2890,10.);
#832=VECTOR('',#2891,10.);
#833=VECTOR('',#2892,10.);
#834=VECTOR('',#2901,10.);
#835=VECTOR('',#2902,10.);
#836=VECTOR('',#2903,10.);
#837=VECTOR('',#2906,10.);
#838=VECTOR('',#2907,10.);
#839=VECTOR('',#2910,10.);
#840=VECTOR('',#2911,10.);
#841=VECTOR('',#2914,10.);
#842=VECTOR('',#2917,10.);
#843=VECTOR('',#2918,10.);
#844=VECTOR('',#2919,10.);
#845=VECTOR('',#2920,10.);
#846=VECTOR('',#2921,10.);
#847=VECTOR('',#2924,10.);
#848=VECTOR('',#2925,10.);
#849=VECTOR('',#2930,10.);
#850=VECTOR('',#2931,10.);
#851=VECTOR('',#2932,10.);
#852=VECTOR('',#2935,10.);
#853=VECTOR('',#2936,10.);
#854=VECTOR('',#2937,10.);
#855=VECTOR('',#2942,10.);
#856=VECTOR('',#2943,10.);
#857=VECTOR('',#2946,10.);
#858=VECTOR('',#2947,10.);
#859=VECTOR('',#2950,10.);
#860=VECTOR('',#2951,10.);
#861=VECTOR('',#2952,10.);
#862=VECTOR('',#2953,10.);
#863=VECTOR('',#2956,10.);
#864=VECTOR('',#2957,10.);
#865=VECTOR('',#2958,10.);
#866=VECTOR('',#2959,10.);
#867=VECTOR('',#2962,10.);
#868=VECTOR('',#2963,10.);
#869=VECTOR('',#2968,1.5875);
#870=VECTOR('',#2975,1.5875);
#871=VECTOR('',#2980,1.5875);
#872=VECTOR('',#2987,1.5875);
#873=VECTOR('',#2992,10.);
#874=VECTOR('',#2993,10.);
#875=VECTOR('',#2994,10.);
#876=VECTOR('',#2997,10.);
#877=VECTOR('',#3002,10.);
#878=VECTOR('',#3003,10.);
#879=VECTOR('',#3004,10.);
#880=VECTOR('',#3009,10.);
#881=VECTOR('',#3014,10.);
#882=VECTOR('',#3015,10.);
#883=VECTOR('',#3018,10.);
#884=VECTOR('',#3023,10.);
#885=VECTOR('',#3026,10.);
#886=VECTOR('',#3031,10.);
#887=VECTOR('',#3034,10.);
#888=VECTOR('',#3039,10.);
#889=VECTOR('',#3040,10.);
#890=VECTOR('',#3049,10.);
#891=VECTOR('',#3050,10.);
#892=VECTOR('',#3051,10.);
#893=VECTOR('',#3052,10.);
#894=VECTOR('',#3057,10.);
#895=VECTOR('',#3058,10.);
#896=VECTOR('',#3059,10.);
#897=VECTOR('',#3064,10.);
#898=VECTOR('',#3067,2.5);
#899=VECTOR('',#3070,10.);
#900=VECTOR('',#3071,10.);
#901=VECTOR('',#3072,10.);
#902=VECTOR('',#3073,10.);
#903=VECTOR('',#3078,10.);
#904=VECTOR('',#3079,10.);
#905=VECTOR('',#3080,10.);
#906=VECTOR('',#3085,10.);
#907=VECTOR('',#3088,2.5);
#908=VECTOR('',#3101,10.);
#909=VECTOR('',#3102,10.);
#910=VECTOR('',#3103,10.);
#911=VECTOR('',#3104,10.);
#912=VECTOR('',#3109,10.);
#913=VECTOR('',#3110,10.);
#914=VECTOR('',#3111,10.);
#915=VECTOR('',#3116,10.);
#916=VECTOR('',#3119,2.5);
#917=VECTOR('',#3122,10.);
#918=VECTOR('',#3123,10.);
#919=VECTOR('',#3124,10.);
#920=VECTOR('',#3125,10.);
#921=VECTOR('',#3140,10.);
#922=VECTOR('',#3145,1.50000000000001);
#923=VECTOR('',#3150,1.50000000000001);
#924=VECTOR('',#3155,1.50000000000001);
#925=VECTOR('',#3160,1.50000000000001);
#926=VECTOR('',#3165,1.50000000000001);
#927=VECTOR('',#3170,1.50000000000001);
#928=VECTOR('',#3177,6.40000000000001);
#929=VECTOR('',#3182,10.);
#930=VECTOR('',#3183,10.);
#931=VECTOR('',#3184,10.);
#932=VECTOR('',#3189,10.);
#933=VECTOR('',#3190,10.);
#934=VECTOR('',#3193,10.);
#935=VECTOR('',#3194,10.);
#936=VECTOR('',#3195,10.);
#937=VECTOR('',#3200,10.);
#938=VECTOR('',#3201,10.);
#939=VECTOR('',#3206,10.);
#940=VECTOR('',#3209,10.);
#941=VECTOR('',#3210,10.);
#942=VECTOR('',#3211,10.);
#943=VECTOR('',#3216,10.);
#944=VECTOR('',#3221,10.);
#945=VECTOR('',#3222,10.);
#946=VECTOR('',#3225,10.);
#947=VECTOR('',#3226,10.);
#948=VECTOR('',#3233,10.);
#949=VECTOR('',#3234,10.);
#950=VECTOR('',#3241,10.);
#951=VECTOR('',#3242,10.);
#952=VECTOR('',#3251,9.675);
#953=VECTOR('',#3254,10.);
#954=VECTOR('',#3255,10.);
#955=VECTOR('',#3256,10.);
#956=VECTOR('',#3265,10.);
#957=VECTOR('',#3268,10.);
#958=VECTOR('',#3273,10.);
#959=VECTOR('',#3280,10.);
#960=VECTOR('',#3285,10.);
#961=VECTOR('',#3294,2.95);
#962=VECTOR('',#3299,1.6);
#963=VECTOR('',#3306,2.95);
#964=VECTOR('',#3311,10.);
#965=VECTOR('',#3312,10.);
#966=VECTOR('',#3313,10.);
#967=VECTOR('',#3316,10.);
#968=VECTOR('',#3319,10.);
#969=VECTOR('',#3330,2.05);
#970=VECTOR('',#3333,10.);
#971=VECTOR('',#3334,10.);
#972=VECTOR('',#3335,10.);
#973=VECTOR('',#3336,10.);
#974=VECTOR('',#3345,10.);
#975=VECTOR('',#3346,10.);
#976=VECTOR('',#3347,10.);
#977=VECTOR('',#3366,10.);
#978=VECTOR('',#3367,10.);
#979=VECTOR('',#3378,10.);
#980=VECTOR('',#3379,10.);
#981=VECTOR('',#3386,10.);
#982=VECTOR('',#3391,10.);
#983=VECTOR('',#3392,10.);
#984=VECTOR('',#3393,10.);
#985=VECTOR('',#3394,10.);
#986=VECTOR('',#3397,10.);
#987=VECTOR('',#3398,10.);
#988=VECTOR('',#3409,2.99999999999999);
#989=VECTOR('',#3416,3.00000000000001);
#990=VECTOR('',#3421,10.);
#991=VECTOR('',#3424,10.);
#992=VECTOR('',#3425,10.);
#993=VECTOR('',#3426,10.);
#994=VECTOR('',#3427,10.);
#995=VECTOR('',#3428,10.);
#996=VECTOR('',#3433,10.);
#997=VECTOR('',#3438,10.);
#998=VECTOR('',#3457,4.49237602608587);
#999=VECTOR('',#3460,2.05);
#1000=VECTOR('',#3463,10.);
#1001=VERTEX_POINT('',#3478);
#1002=VERTEX_POINT('',#3479);
#1003=VERTEX_POINT('',#3481);
#1004=VERTEX_POINT('',#3483);
#1005=VERTEX_POINT('',#3485);
#1006=VERTEX_POINT('',#3487);
#1007=VERTEX_POINT('',#3489);
#1008=VERTEX_POINT('',#3491);
#1009=VERTEX_POINT('',#3493);
#1010=VERTEX_POINT('',#3495);
#1011=VERTEX_POINT('',#3498);
#1012=VERTEX_POINT('',#3499);
#1013=VERTEX_POINT('',#3501);
#1014=VERTEX_POINT('',#3504);
#1015=VERTEX_POINT('',#3505);
#1016=VERTEX_POINT('',#3507);
#1017=VERTEX_POINT('',#3509);
#1018=VERTEX_POINT('',#3512);
#1019=VERTEX_POINT('',#3513);
#1020=VERTEX_POINT('',#3515);
#1021=VERTEX_POINT('',#3517);
#1022=VERTEX_POINT('',#3521);
#1023=VERTEX_POINT('',#3523);
#1024=VERTEX_POINT('',#3525);
#1025=VERTEX_POINT('',#3527);
#1026=VERTEX_POINT('',#3529);
#1027=VERTEX_POINT('',#3531);
#1028=VERTEX_POINT('',#3533);
#1029=VERTEX_POINT('',#3535);
#1030=VERTEX_POINT('',#3537);
#1031=VERTEX_POINT('',#3539);
#1032=VERTEX_POINT('',#3542);
#1033=VERTEX_POINT('',#3543);
#1034=VERTEX_POINT('',#3545);
#1035=VERTEX_POINT('',#3547);
#1036=VERTEX_POINT('',#3551);
#1037=VERTEX_POINT('',#3552);
#1038=VERTEX_POINT('',#3556);
#1039=VERTEX_POINT('',#3559);
#1040=VERTEX_POINT('',#3563);
#1041=VERTEX_POINT('',#3569);
#1042=VERTEX_POINT('',#3572);
#1043=VERTEX_POINT('',#3573);
#1044=VERTEX_POINT('',#3577);
#1045=VERTEX_POINT('',#3580);
#1046=VERTEX_POINT('',#3584);
#1047=VERTEX_POINT('',#3590);
#1048=VERTEX_POINT('',#3593);
#1049=VERTEX_POINT('',#3597);
#1050=VERTEX_POINT('',#3601);
#1051=VERTEX_POINT('',#3606);
#1052=VERTEX_POINT('',#3611);
#1053=VERTEX_POINT('',#3613);
#1054=VERTEX_POINT('',#3616);
#1055=VERTEX_POINT('',#3617);
#1056=VERTEX_POINT('',#3619);
#1057=VERTEX_POINT('',#3621);
#1058=VERTEX_POINT('',#3623);
#1059=VERTEX_POINT('',#3627);
#1060=VERTEX_POINT('',#3629);
#1061=VERTEX_POINT('',#3631);
#1062=VERTEX_POINT('',#3635);
#1063=VERTEX_POINT('',#3639);
#1064=VERTEX_POINT('',#3641);
#1065=VERTEX_POINT('',#3647);
#1066=VERTEX_POINT('',#3649);
#1067=VERTEX_POINT('',#3653);
#1068=VERTEX_POINT('',#3657);
#1069=VERTEX_POINT('',#3663);
#1070=VERTEX_POINT('',#3665);
#1071=VERTEX_POINT('',#3667);
#1072=VERTEX_POINT('',#3669);
#1073=VERTEX_POINT('',#3671);
#1074=VERTEX_POINT('',#3673);
#1075=VERTEX_POINT('',#3675);
#1076=VERTEX_POINT('',#3677);
#1077=VERTEX_POINT('',#3681);
#1078=VERTEX_POINT('',#3683);
#1079=VERTEX_POINT('',#3687);
#1080=VERTEX_POINT('',#3690);
#1081=VERTEX_POINT('',#3694);
#1082=VERTEX_POINT('',#3698);
#1083=VERTEX_POINT('',#3702);
#1084=VERTEX_POINT('',#3703);
#1085=VERTEX_POINT('',#3705);
#1086=VERTEX_POINT('',#3707);
#1087=VERTEX_POINT('',#3711);
#1088=VERTEX_POINT('',#3714);
#1089=VERTEX_POINT('',#3718);
#1090=VERTEX_POINT('',#3722);
#1091=VERTEX_POINT('',#3724);
#1092=VERTEX_POINT('',#3728);
#1093=VERTEX_POINT('',#3732);
#1094=VERTEX_POINT('',#3734);
#1095=VERTEX_POINT('',#3738);
#1096=VERTEX_POINT('',#3740);
#1097=VERTEX_POINT('',#3744);
#1098=VERTEX_POINT('',#3752);
#1099=VERTEX_POINT('',#3757);
#1100=VERTEX_POINT('',#3760);
#1101=VERTEX_POINT('',#3768);
#1102=VERTEX_POINT('',#3770);
#1103=VERTEX_POINT('',#3772);
#1104=VERTEX_POINT('',#3774);
#1105=VERTEX_POINT('',#3778);
#1106=VERTEX_POINT('',#3779);
#1107=VERTEX_POINT('',#3798);
#1108=VERTEX_POINT('',#3812);
#1109=VERTEX_POINT('',#3814);
#1110=VERTEX_POINT('',#3835);
#1111=VERTEX_POINT('',#3844);
#1112=VERTEX_POINT('',#3846);
#1113=VERTEX_POINT('',#3848);
#1114=VERTEX_POINT('',#3853);
#1115=VERTEX_POINT('',#3858);
#1116=VERTEX_POINT('',#3860);
#1117=VERTEX_POINT('',#3869);
#1118=VERTEX_POINT('',#3879);
#1119=VERTEX_POINT('',#3880);
#1120=VERTEX_POINT('',#3967);
#1121=VERTEX_POINT('',#3968);
#1122=VERTEX_POINT('',#3970);
#1123=VERTEX_POINT('',#3972);
#1124=VERTEX_POINT('',#3975);
#1125=VERTEX_POINT('',#3978);
#1126=VERTEX_POINT('',#3979);
#1127=VERTEX_POINT('',#3984);
#1128=VERTEX_POINT('',#3990);
#1129=VERTEX_POINT('',#3991);
#1130=VERTEX_POINT('',#3993);
#1131=VERTEX_POINT('',#3995);
#1132=VERTEX_POINT('',#3998);
#1133=VERTEX_POINT('',#4001);
#1134=VERTEX_POINT('',#4002);
#1135=VERTEX_POINT('',#4007);
#1136=VERTEX_POINT('',#4014);
#1137=VERTEX_POINT('',#4019);
#1138=VERTEX_POINT('',#4020);
#1139=VERTEX_POINT('',#4022);
#1140=VERTEX_POINT('',#4024);
#1141=VERTEX_POINT('',#4027);
#1142=VERTEX_POINT('',#4030);
#1143=VERTEX_POINT('',#4031);
#1144=VERTEX_POINT('',#4036);
#1145=VERTEX_POINT('',#4042);
#1146=VERTEX_POINT('',#4043);
#1147=VERTEX_POINT('',#4045);
#1148=VERTEX_POINT('',#4047);
#1149=VERTEX_POINT('',#4050);
#1150=VERTEX_POINT('',#4052);
#1151=VERTEX_POINT('',#4054);
#1152=VERTEX_POINT('',#4056);
#1153=VERTEX_POINT('',#4058);
#1154=VERTEX_POINT('',#4060);
#1155=VERTEX_POINT('',#4066);
#1156=VERTEX_POINT('',#4070);
#1157=VERTEX_POINT('',#4074);
#1158=VERTEX_POINT('',#4078);
#1159=VERTEX_POINT('',#4082);
#1160=VERTEX_POINT('',#4086);
#1161=VERTEX_POINT('',#4090);
#1162=VERTEX_POINT('',#4094);
#1163=VERTEX_POINT('',#4095);
#1164=VERTEX_POINT('',#4097);
#1165=VERTEX_POINT('',#4099);
#1166=VERTEX_POINT('',#4103);
#1167=VERTEX_POINT('',#4105);
#1168=VERTEX_POINT('',#4109);
#1169=VERTEX_POINT('',#4111);
#1170=VERTEX_POINT('',#4115);
#1171=VERTEX_POINT('',#4117);
#1172=VERTEX_POINT('',#4124);
#1173=VERTEX_POINT('',#4125);
#1174=VERTEX_POINT('',#4133);
#1175=VERTEX_POINT('',#4134);
#1176=VERTEX_POINT('',#4139);
#1177=VERTEX_POINT('',#4145);
#1178=VERTEX_POINT('',#4151);
#1179=VERTEX_POINT('',#4178);
#1180=VERTEX_POINT('',#4180);
#1181=VERTEX_POINT('',#4184);
#1182=VERTEX_POINT('',#4187);
#1183=VERTEX_POINT('',#4188);
#1184=VERTEX_POINT('',#4190);
#1185=VERTEX_POINT('',#4192);
#1186=VERTEX_POINT('',#4196);
#1187=VERTEX_POINT('',#4198);
#1188=VERTEX_POINT('',#4202);
#1189=VERTEX_POINT('',#4204);
#1190=VERTEX_POINT('',#4208);
#1191=VERTEX_POINT('',#4209);
#1192=VERTEX_POINT('',#4214);
#1193=VERTEX_POINT('',#4218);
#1194=VERTEX_POINT('',#4220);
#1195=VERTEX_POINT('',#4224);
#1196=VERTEX_POINT('',#4225);
#1197=VERTEX_POINT('',#4230);
#1198=VERTEX_POINT('',#4232);
#1199=VERTEX_POINT('',#4241);
#1200=VERTEX_POINT('',#4244);
#1201=VERTEX_POINT('',#4248);
#1202=VERTEX_POINT('',#4249);
#1203=VERTEX_POINT('',#4251);
#1204=VERTEX_POINT('',#4253);
#1205=VERTEX_POINT('',#4260);
#1206=VERTEX_POINT('',#4262);
#1207=VERTEX_POINT('',#4264);
#1208=VERTEX_POINT('',#4266);
#1209=VERTEX_POINT('',#4268);
#1210=VERTEX_POINT('',#4271);
#1211=VERTEX_POINT('',#4277);
#1212=VERTEX_POINT('',#4278);
#1213=VERTEX_POINT('',#4285);
#1214=VERTEX_POINT('',#4286);
#1215=VERTEX_POINT('',#4289);
#1216=VERTEX_POINT('',#4292);
#1217=VERTEX_POINT('',#4294);
#1218=VERTEX_POINT('',#4296);
#1219=VERTEX_POINT('',#4299);
#1220=VERTEX_POINT('',#4302);
#1221=VERTEX_POINT('',#4304);
#1222=VERTEX_POINT('',#4314);
#1223=VERTEX_POINT('',#4319);
#1224=VERTEX_POINT('',#4324);
#1225=VERTEX_POINT('',#4328);
#1226=VERTEX_POINT('',#4330);
#1227=VERTEX_POINT('',#4333);
#1228=VERTEX_POINT('',#4337);
#1229=VERTEX_POINT('',#4341);
#1230=VERTEX_POINT('',#4347);
#1231=VERTEX_POINT('',#4351);
#1232=VERTEX_POINT('',#4353);
#1233=VERTEX_POINT('',#4360);
#1234=EDGE_CURVE('',#1001,#1002,#561,.T.);
#1235=EDGE_CURVE('',#1003,#1001,#562,.T.);
#1236=EDGE_CURVE('',#1003,#1004,#449,.T.);
#1237=EDGE_CURVE('',#1005,#1004,#563,.T.);
#1238=EDGE_CURVE('',#1005,#1006,#564,.T.);
#1239=EDGE_CURVE('',#1007,#1006,#450,.T.);
#1240=EDGE_CURVE('',#1008,#1007,#565,.T.);
#1241=EDGE_CURVE('',#1008,#1009,#566,.T.);
#1242=EDGE_CURVE('',#1010,#1009,#567,.T.);
#1243=EDGE_CURVE('',#1002,#1010,#568,.T.);
#1244=EDGE_CURVE('',#1011,#1012,#569,.T.);
#1245=EDGE_CURVE('',#1013,#1012,#570,.T.);
#1246=EDGE_CURVE('',#1011,#1013,#571,.T.);
#1247=EDGE_CURVE('',#1014,#1015,#572,.T.);
#1248=EDGE_CURVE('',#1015,#1016,#573,.T.);
#1249=EDGE_CURVE('',#1016,#1017,#574,.T.);
#1250=EDGE_CURVE('',#1017,#1014,#575,.T.);
#1251=EDGE_CURVE('',#1018,#1019,#576,.T.);
#1252=EDGE_CURVE('',#1019,#1020,#577,.T.);
#1253=EDGE_CURVE('',#1020,#1021,#578,.T.);
#1254=EDGE_CURVE('',#1021,#1018,#579,.T.);
#1255=EDGE_CURVE('',#1022,#1022,#451,.T.);
#1256=EDGE_CURVE('',#1022,#1023,#580,.T.);
#1257=EDGE_CURVE('',#1023,#1024,#452,.T.);
#1258=EDGE_CURVE('',#1024,#1025,#581,.T.);
#1259=EDGE_CURVE('',#1026,#1025,#453,.T.);
#1260=EDGE_CURVE('',#1027,#1026,#582,.T.);
#1261=EDGE_CURVE('',#1027,#1028,#454,.T.);
#1262=EDGE_CURVE('',#1029,#1028,#583,.T.);
#1263=EDGE_CURVE('',#1030,#1029,#455,.T.);
#1264=EDGE_CURVE('',#1030,#1031,#584,.T.);
#1265=EDGE_CURVE('',#1031,#1023,#456,.T.);
#1266=EDGE_CURVE('',#1032,#1033,#585,.T.);
#1267=EDGE_CURVE('',#1033,#1034,#457,.T.);
#1268=EDGE_CURVE('',#1034,#1035,#586,.T.);
#1269=EDGE_CURVE('',#1032,#1035,#458,.T.);
#1270=EDGE_CURVE('',#1036,#1037,#587,.T.);
#1271=EDGE_CURVE('',#1037,#1018,#588,.T.);
#1272=EDGE_CURVE('',#1036,#1021,#589,.T.);
#1273=EDGE_CURVE('',#1038,#1038,#459,.T.);
#1274=EDGE_CURVE('',#1020,#1039,#590,.T.);
#1275=EDGE_CURVE('',#1036,#1039,#591,.T.);
#1276=EDGE_CURVE('',#1039,#1040,#592,.T.);
#1277=EDGE_CURVE('',#1037,#1040,#593,.T.);
#1278=EDGE_CURVE('',#1040,#1019,#594,.T.);
#1279=EDGE_CURVE('',#1041,#1041,#460,.T.);
#1280=EDGE_CURVE('',#1042,#1043,#595,.T.);
#1281=EDGE_CURVE('',#1043,#1014,#596,.T.);
#1282=EDGE_CURVE('',#1042,#1017,#597,.T.);
#1283=EDGE_CURVE('',#1044,#1044,#461,.T.);
#1284=EDGE_CURVE('',#1016,#1045,#598,.T.);
#1285=EDGE_CURVE('',#1042,#1045,#599,.T.);
#1286=EDGE_CURVE('',#1045,#1046,#600,.T.);
#1287=EDGE_CURVE('',#1043,#1046,#601,.T.);
#1288=EDGE_CURVE('',#1046,#1015,#602,.T.);
#1289=EDGE_CURVE('',#1047,#1047,#462,.T.);
#1290=EDGE_CURVE('',#1041,#1048,#603,.T.);
#1291=EDGE_CURVE('',#1048,#1048,#463,.T.);
#1292=EDGE_CURVE('',#1047,#1049,#604,.T.);
#1293=EDGE_CURVE('',#1049,#1049,#464,.T.);
#1294=EDGE_CURVE('',#1050,#1050,#465,.T.);
#1295=EDGE_CURVE('',#1050,#1044,#605,.T.);
#1296=EDGE_CURVE('',#1051,#1051,#466,.T.);
#1297=EDGE_CURVE('',#1051,#1038,#606,.T.);
#1298=EDGE_CURVE('',#1052,#1052,#467,.T.);
#1299=EDGE_CURVE('',#1053,#1053,#468,.T.);
#1300=EDGE_CURVE('',#1054,#1055,#607,.T.);
#1301=EDGE_CURVE('',#1056,#1055,#608,.T.);
#1302=EDGE_CURVE('',#1056,#1057,#609,.T.);
#1303=EDGE_CURVE('',#1058,#1057,#37,.T.);
#1304=EDGE_CURVE('',#1059,#1058,#610,.T.);
#1305=EDGE_CURVE('',#1059,#1060,#611,.T.);
#1306=EDGE_CURVE('',#1060,#1061,#612,.T.);
#1307=EDGE_CURVE('',#1061,#1054,#613,.T.);
#1308=EDGE_CURVE('',#1057,#1062,#38,.T.);
#1309=EDGE_CURVE('',#1062,#1063,#469,.T.);
#1310=EDGE_CURVE('',#1063,#1064,#39,.T.);
#1311=EDGE_CURVE('',#1064,#1058,#470,.T.);
#1312=EDGE_CURVE('',#1063,#1065,#614,.T.);
#1313=EDGE_CURVE('',#1065,#1066,#615,.T.);
#1314=EDGE_CURVE('',#1064,#1066,#616,.T.);
#1315=EDGE_CURVE('',#1062,#1067,#617,.T.);
#1316=EDGE_CURVE('',#1067,#1065,#618,.T.);
#1317=EDGE_CURVE('',#1068,#1056,#619,.T.);
#1318=EDGE_CURVE('',#1068,#1067,#620,.T.);
#1319=EDGE_CURVE('',#1066,#1068,#621,.T.);
#1320=EDGE_CURVE('',#1055,#1069,#622,.T.);
#1321=EDGE_CURVE('',#1069,#1070,#623,.T.);
#1322=EDGE_CURVE('',#1070,#1071,#624,.T.);
#1323=EDGE_CURVE('',#1071,#1072,#625,.T.);
#1324=EDGE_CURVE('',#1072,#1073,#626,.T.);
#1325=EDGE_CURVE('',#1074,#1073,#471,.T.);
#1326=EDGE_CURVE('',#1074,#1075,#627,.T.);
#1327=EDGE_CURVE('',#1076,#1075,#628,.T.);
#1328=EDGE_CURVE('',#1076,#1064,#472,.T.);
#1329=EDGE_CURVE('',#1071,#1077,#629,.T.);
#1330=EDGE_CURVE('',#1077,#1078,#630,.T.);
#1331=EDGE_CURVE('',#1072,#1078,#631,.T.);
#1332=EDGE_CURVE('',#1079,#1007,#632,.T.);
#1333=EDGE_CURVE('',#1006,#1074,#633,.T.);
#1334=EDGE_CURVE('',#1073,#1080,#634,.T.);
#1335=EDGE_CURVE('',#1080,#1079,#473,.T.);
#1336=EDGE_CURVE('',#1081,#1080,#635,.T.);
#1337=EDGE_CURVE('',#1072,#1081,#636,.T.);
#1338=EDGE_CURVE('',#1079,#1082,#637,.T.);
#1339=EDGE_CURVE('',#1082,#1008,#638,.T.);
#1340=EDGE_CURVE('',#1083,#1084,#639,.T.);
#1341=EDGE_CURVE('',#1084,#1085,#640,.T.);
#1342=EDGE_CURVE('',#1085,#1086,#641,.T.);
#1343=EDGE_CURVE('',#1086,#1083,#642,.T.);
#1344=EDGE_CURVE('',#1087,#1081,#643,.T.);
#1345=EDGE_CURVE('',#1078,#1083,#644,.T.);
#1346=EDGE_CURVE('',#1086,#1088,#645,.T.);
#1347=EDGE_CURVE('',#1088,#1087,#646,.T.);
#1348=EDGE_CURVE('',#1085,#1089,#647,.T.);
#1349=EDGE_CURVE('',#1089,#1088,#648,.T.);
#1350=EDGE_CURVE('',#1090,#1090,#474,.T.);
#1351=EDGE_CURVE('',#1090,#1091,#649,.T.);
#1352=EDGE_CURVE('',#1091,#1091,#475,.T.);
#1353=EDGE_CURVE('',#1092,#1092,#476,.T.);
#1354=EDGE_CURVE('',#1092,#1053,#650,.T.);
#1355=EDGE_CURVE('',#1093,#1093,#477,.T.);
#1356=EDGE_CURVE('',#1093,#1094,#651,.T.);
#1357=EDGE_CURVE('',#1094,#1094,#478,.T.);
#1358=EDGE_CURVE('',#1095,#1095,#479,.T.);
#1359=EDGE_CURVE('',#1095,#1096,#652,.T.);
#1360=EDGE_CURVE('',#1096,#1096,#480,.T.);
#1361=EDGE_CURVE('',#1089,#1097,#653,.T.);
#1362=EDGE_CURVE('',#1085,#1082,#654,.T.);
#1363=EDGE_CURVE('',#1097,#1082,#655,.T.);
#1364=EDGE_CURVE('',#1097,#1087,#656,.T.);
#1365=EDGE_CURVE('',#1098,#1070,#657,.T.);
#1366=EDGE_CURVE('',#1069,#1098,#658,.T.);
#1367=EDGE_CURVE('',#1069,#1070,#659,.T.);
#1368=EDGE_CURVE('',#1099,#1054,#481,.T.);
#1369=EDGE_CURVE('',#1077,#1099,#660,.T.);
#1370=EDGE_CURVE('',#1100,#1100,#482,.F.);
#1371=EDGE_CURVE('',#1098,#1013,#661,.T.);
#1372=EDGE_CURVE('',#1012,#1069,#662,.T.);
#1373=EDGE_CURVE('',#1011,#1070,#663,.T.);
#1374=EDGE_CURVE('',#1005,#1101,#29,.F.);
#1375=EDGE_CURVE('',#1102,#1101,#664,.T.);
#1376=EDGE_CURVE('',#1102,#1103,#30,.T.);
#1377=EDGE_CURVE('',#1104,#1103,#665,.T.);
#1378=EDGE_CURVE('',#1075,#1104,#31,.T.);
#1379=EDGE_CURVE('',#1105,#1106,#15,.F.);
#1380=EDGE_CURVE('',#1105,#1107,#666,.T.);
#1381=EDGE_CURVE('',#1107,#1076,#16,.T.);
#1382=EDGE_CURVE('',#1108,#1104,#483,.F.);
#1383=EDGE_CURVE('',#1108,#1109,#667,.T.);
#1384=EDGE_CURVE('',#1106,#1109,#17,.F.);
#1385=EDGE_CURVE('',#1105,#1110,#18,.T.);
#1386=EDGE_CURVE('',#1110,#1109,#19,.T.);
#1387=EDGE_CURVE('',#1108,#1111,#484,.T.);
#1388=EDGE_CURVE('',#1112,#1111,#668,.T.);
#1389=EDGE_CURVE('',#1112,#1113,#20,.T.);
#1390=EDGE_CURVE('',#1113,#1114,#21,.T.);
#1391=EDGE_CURVE('',#1115,#1114,#669,.T.);
#1392=EDGE_CURVE('',#1116,#1115,#22,.T.);
#1393=EDGE_CURVE('',#1117,#1116,#485,.T.);
#1394=EDGE_CURVE('',#1107,#1117,#23,.T.);
#1395=EDGE_CURVE('',#1118,#1119,#24,.T.);
#1396=EDGE_CURVE('',#1119,#1118,#25,.T.);
#1397=EDGE_CURVE('',#1004,#1115,#26,.T.);
#1398=EDGE_CURVE('',#1112,#1114,#27,.F.);
#1399=EDGE_CURVE('',#1111,#1101,#486,.T.);
#1400=EDGE_CURVE('',#1120,#1121,#670,.T.);
#1401=EDGE_CURVE('',#1120,#1122,#671,.T.);
#1402=EDGE_CURVE('',#1123,#1122,#672,.T.);
#1403=EDGE_CURVE('',#1123,#1121,#673,.T.);
#1404=EDGE_CURVE('',#1124,#1124,#487,.T.);
#1405=EDGE_CURVE('',#1125,#1126,#674,.T.);
#1406=EDGE_CURVE('',#1126,#1123,#675,.T.);
#1407=EDGE_CURVE('',#1122,#1125,#676,.T.);
#1408=EDGE_CURVE('',#1127,#1125,#488,.T.);
#1409=EDGE_CURVE('',#1127,#1120,#677,.T.);
#1410=EDGE_CURVE('',#1113,#1124,#678,.T.);
#1411=EDGE_CURVE('',#1128,#1129,#679,.T.);
#1412=EDGE_CURVE('',#1128,#1130,#680,.T.);
#1413=EDGE_CURVE('',#1131,#1130,#681,.T.);
#1414=EDGE_CURVE('',#1131,#1129,#682,.T.);
#1415=EDGE_CURVE('',#1132,#1132,#489,.T.);
#1416=EDGE_CURVE('',#1133,#1134,#683,.T.);
#1417=EDGE_CURVE('',#1134,#1131,#684,.T.);
#1418=EDGE_CURVE('',#1130,#1133,#685,.T.);
#1419=EDGE_CURVE('',#1135,#1133,#490,.T.);
#1420=EDGE_CURVE('',#1135,#1128,#686,.T.);
#1421=EDGE_CURVE('',#1106,#1132,#687,.T.);
#1422=EDGE_CURVE('',#1102,#1103,#491,.T.);
#1423=EDGE_CURVE('',#1136,#1136,#492,.T.);
#1424=EDGE_CURVE('',#1137,#1138,#688,.T.);
#1425=EDGE_CURVE('',#1137,#1139,#689,.T.);
#1426=EDGE_CURVE('',#1140,#1139,#690,.T.);
#1427=EDGE_CURVE('',#1140,#1138,#691,.T.);
#1428=EDGE_CURVE('',#1141,#1141,#493,.T.);
#1429=EDGE_CURVE('',#1142,#1143,#692,.T.);
#1430=EDGE_CURVE('',#1143,#1140,#693,.T.);
#1431=EDGE_CURVE('',#1139,#1142,#694,.T.);
#1432=EDGE_CURVE('',#1144,#1142,#494,.T.);
#1433=EDGE_CURVE('',#1144,#1137,#695,.T.);
#1434=EDGE_CURVE('',#1119,#1141,#696,.T.);
#1435=EDGE_CURVE('',#1145,#1146,#697,.T.);
#1436=EDGE_CURVE('',#1147,#1146,#698,.T.);
#1437=EDGE_CURVE('',#1147,#1148,#699,.T.);
#1438=EDGE_CURVE('',#1148,#1145,#700,.T.);
#1439=EDGE_CURVE('',#1149,#1149,#495,.T.);
#1440=EDGE_CURVE('',#1150,#1150,#496,.T.);
#1441=EDGE_CURVE('',#1151,#1151,#497,.T.);
#1442=EDGE_CURVE('',#1152,#1152,#498,.T.);
#1443=EDGE_CURVE('',#1153,#1153,#499,.T.);
#1444=EDGE_CURVE('',#1154,#1154,#500,.T.);
#1445=EDGE_CURVE('',#1060,#1145,#701,.T.);
#1446=EDGE_CURVE('',#1146,#1059,#501,.T.);
#1447=EDGE_CURVE('',#1154,#1155,#702,.T.);
#1448=EDGE_CURVE('',#1155,#1155,#502,.T.);
#1449=EDGE_CURVE('',#1153,#1156,#703,.T.);
#1450=EDGE_CURVE('',#1156,#1156,#503,.T.);
#1451=EDGE_CURVE('',#1152,#1157,#704,.T.);
#1452=EDGE_CURVE('',#1157,#1157,#504,.T.);
#1453=EDGE_CURVE('',#1151,#1158,#705,.T.);
#1454=EDGE_CURVE('',#1158,#1158,#505,.T.);
#1455=EDGE_CURVE('',#1150,#1159,#706,.T.);
#1456=EDGE_CURVE('',#1159,#1159,#506,.T.);
#1457=EDGE_CURVE('',#1149,#1160,#707,.T.);
#1458=EDGE_CURVE('',#1160,#1160,#507,.T.);
#1459=EDGE_CURVE('',#1161,#1161,#508,.F.);
#1460=EDGE_CURVE('',#1161,#1100,#708,.T.);
#1461=EDGE_CURVE('',#1162,#1163,#32,.T.);
#1462=EDGE_CURVE('',#1164,#1162,#709,.T.);
#1463=EDGE_CURVE('',#1165,#1164,#710,.T.);
#1464=EDGE_CURVE('',#1165,#1163,#711,.T.);
#1465=EDGE_CURVE('',#1163,#1166,#509,.T.);
#1466=EDGE_CURVE('',#1167,#1165,#712,.T.);
#1467=EDGE_CURVE('',#1166,#1167,#713,.T.);
#1468=EDGE_CURVE('',#1166,#1168,#714,.T.);
#1469=EDGE_CURVE('',#1169,#1167,#715,.T.);
#1470=EDGE_CURVE('',#1169,#1168,#716,.T.);
#1471=EDGE_CURVE('',#1168,#1170,#510,.T.);
#1472=EDGE_CURVE('',#1171,#1169,#717,.T.);
#1473=EDGE_CURVE('',#1171,#1170,#718,.T.);
#1474=EDGE_CURVE('',#1170,#1162,#33,.T.);
#1475=EDGE_CURVE('',#1164,#1171,#719,.T.);
#1476=EDGE_CURVE('',#1172,#1173,#720,.T.);
#1477=EDGE_CURVE('',#1003,#1173,#721,.T.);
#1478=EDGE_CURVE('',#1172,#1001,#722,.T.);
#1479=EDGE_CURVE('',#1173,#1147,#511,.T.);
#1480=EDGE_CURVE('',#1148,#1172,#723,.T.);
#1481=EDGE_CURVE('',#1174,#1175,#512,.T.);
#1482=EDGE_CURVE('',#1175,#1117,#724,.T.);
#1483=EDGE_CURVE('',#1116,#1174,#725,.T.);
#1484=EDGE_CURVE('',#1176,#1127,#726,.T.);
#1485=EDGE_CURVE('',#1121,#1176,#727,.T.);
#1486=EDGE_CURVE('',#1126,#1176,#513,.T.);
#1487=EDGE_CURVE('',#1177,#1135,#728,.T.);
#1488=EDGE_CURVE('',#1129,#1177,#729,.T.);
#1489=EDGE_CURVE('',#1134,#1177,#514,.T.);
#1490=EDGE_CURVE('',#1178,#1144,#730,.T.);
#1491=EDGE_CURVE('',#1138,#1178,#731,.T.);
#1492=EDGE_CURVE('',#1143,#1178,#515,.T.);
#1493=EDGE_CURVE('',#1175,#1174,#28,.T.);
#1494=EDGE_CURVE('',#1174,#1136,#732,.T.);
#1495=EDGE_CURVE('',#1179,#1032,#733,.T.);
#1496=EDGE_CURVE('',#1035,#1180,#734,.T.);
#1497=EDGE_CURVE('',#1180,#1179,#735,.T.);
#1498=EDGE_CURVE('',#1181,#1181,#516,.T.);
#1499=EDGE_CURVE('',#1182,#1183,#517,.T.);
#1500=EDGE_CURVE('',#1182,#1184,#736,.T.);
#1501=EDGE_CURVE('',#1185,#1184,#518,.T.);
#1502=EDGE_CURVE('',#1183,#1185,#737,.T.);
#1503=EDGE_CURVE('',#1186,#1182,#519,.T.);
#1504=EDGE_CURVE('',#1186,#1187,#738,.T.);
#1505=EDGE_CURVE('',#1184,#1187,#520,.T.);
#1506=EDGE_CURVE('',#1188,#1186,#521,.T.);
#1507=EDGE_CURVE('',#1188,#1189,#739,.T.);
#1508=EDGE_CURVE('',#1187,#1189,#522,.T.);
#1509=EDGE_CURVE('',#1190,#1191,#740,.T.);
#1510=EDGE_CURVE('',#1189,#1190,#523,.T.);
#1511=EDGE_CURVE('',#1191,#1188,#524,.T.);
#1512=EDGE_CURVE('',#1192,#1192,#525,.T.);
#1513=EDGE_CURVE('',#1192,#1181,#741,.T.);
#1514=EDGE_CURVE('',#1193,#1193,#526,.T.);
#1515=EDGE_CURVE('',#1193,#1194,#742,.T.);
#1516=EDGE_CURVE('',#1194,#1194,#527,.T.);
#1517=EDGE_CURVE('',#1195,#1196,#528,.T.);
#1518=EDGE_CURVE('',#1196,#1052,#743,.T.);
#1519=EDGE_CURVE('',#1196,#1195,#529,.T.);
#1520=EDGE_CURVE('',#1197,#1033,#744,.T.);
#1521=EDGE_CURVE('',#1198,#1197,#745,.T.);
#1522=EDGE_CURVE('',#1034,#1198,#746,.T.);
#1523=EDGE_CURVE('',#1179,#1197,#747,.T.);
#1524=EDGE_CURVE('',#1180,#1198,#748,.T.);
#1525=EDGE_CURVE('',#1199,#1199,#530,.T.);
#1526=EDGE_CURVE('',#1200,#1200,#531,.T.);
#1527=EDGE_CURVE('',#1200,#1199,#749,.T.);
#1528=EDGE_CURVE('',#1201,#1202,#750,.T.);
#1529=EDGE_CURVE('',#1203,#1202,#751,.T.);
#1530=EDGE_CURVE('',#1204,#1203,#752,.T.);
#1531=EDGE_CURVE('',#1201,#1204,#753,.T.);
#1532=EDGE_CURVE('',#1028,#1201,#532,.T.);
#1533=EDGE_CURVE('',#1204,#1029,#533,.F.);
#1534=EDGE_CURVE('',#1025,#1205,#754,.T.);
#1535=EDGE_CURVE('',#1205,#1206,#755,.T.);
#1536=EDGE_CURVE('',#1206,#1207,#756,.T.);
#1537=EDGE_CURVE('',#1208,#1207,#534,.T.);
#1538=EDGE_CURVE('',#1209,#1208,#535,.T.);
#1539=EDGE_CURVE('',#1026,#1209,#536,.T.);
#1540=EDGE_CURVE('',#1210,#1210,#537,.T.);
#1541=EDGE_CURVE('',#1010,#1190,#538,.T.);
#1542=EDGE_CURVE('',#1002,#1191,#539,.T.);
#1543=EDGE_CURVE('',#1211,#1212,#540,.T.);
#1544=EDGE_CURVE('',#1209,#1212,#757,.T.);
#1545=EDGE_CURVE('',#1211,#1208,#758,.T.);
#1546=EDGE_CURVE('',#1212,#1027,#541,.T.);
#1547=EDGE_CURVE('',#1213,#1214,#542,.T.);
#1548=EDGE_CURVE('',#1213,#1185,#543,.T.);
#1549=EDGE_CURVE('',#1009,#1215,#759,.T.);
#1550=EDGE_CURVE('',#1215,#1030,#760,.T.);
#1551=EDGE_CURVE('',#1216,#1203,#544,.F.);
#1552=EDGE_CURVE('',#1216,#1217,#545,.T.);
#1553=EDGE_CURVE('',#1218,#1217,#546,.F.);
#1554=EDGE_CURVE('',#1218,#1214,#761,.T.);
#1555=EDGE_CURVE('',#1219,#1219,#547,.T.);
#1556=EDGE_CURVE('',#1205,#1220,#762,.T.);
#1557=EDGE_CURVE('',#1220,#1221,#763,.T.);
#1558=EDGE_CURVE('',#1221,#1215,#764,.T.);
#1559=EDGE_CURVE('',#1084,#1206,#765,.T.);
#1560=EDGE_CURVE('',#1031,#1221,#766,.T.);
#1561=EDGE_CURVE('',#1024,#1220,#767,.T.);
#1562=EDGE_CURVE('',#1222,#1222,#548,.T.);
#1563=EDGE_CURVE('',#1222,#1210,#768,.T.);
#1564=EDGE_CURVE('',#1223,#1223,#549,.T.);
#1565=EDGE_CURVE('',#1223,#1219,#769,.T.);
#1566=EDGE_CURVE('',#1224,#1211,#550,.T.);
#1567=EDGE_CURVE('',#1207,#1224,#770,.T.);
#1568=EDGE_CURVE('',#1214,#1225,#771,.T.);
#1569=EDGE_CURVE('',#1226,#1218,#772,.T.);
#1570=EDGE_CURVE('',#1226,#1224,#773,.T.);
#1571=EDGE_CURVE('',#1227,#1099,#774,.T.);
#1572=EDGE_CURVE('',#1225,#1227,#775,.T.);
#1573=EDGE_CURVE('',#1228,#1226,#551,.T.);
#1574=EDGE_CURVE('',#1217,#1228,#776,.T.);
#1575=EDGE_CURVE('',#1229,#1228,#552,.T.);
#1576=EDGE_CURVE('',#1229,#1216,#777,.T.);
#1577=EDGE_CURVE('',#1202,#1229,#553,.T.);
#1578=EDGE_CURVE('',#1195,#1230,#554,.T.);
#1579=EDGE_CURVE('',#1230,#1195,#555,.T.);
#1580=EDGE_CURVE('',#1231,#1231,#556,.T.);
#1581=EDGE_CURVE('',#1232,#1232,#557,.T.);
#1582=EDGE_CURVE('',#1231,#1230,#778,.T.);
#1583=EDGE_CURVE('',#1200,#1232,#779,.T.);
#1584=EDGE_CURVE('',#1233,#1213,#780,.T.);
#1585=EDGE_CURVE('',#1183,#1233,#558,.T.);
#1586=EDGE_CURVE('',#1225,#1233,#559,.F.);
#1587=EDGE_CURVE('',#1227,#1061,#560,.T.);
#1588=ORIENTED_EDGE('',*,*,#1234,.F.);
#1589=ORIENTED_EDGE('',*,*,#1235,.F.);
#1590=ORIENTED_EDGE('',*,*,#1236,.T.);
#1591=ORIENTED_EDGE('',*,*,#1237,.F.);
#1592=ORIENTED_EDGE('',*,*,#1238,.T.);
#1593=ORIENTED_EDGE('',*,*,#1239,.F.);
#1594=ORIENTED_EDGE('',*,*,#1240,.F.);
#1595=ORIENTED_EDGE('',*,*,#1241,.T.);
#1596=ORIENTED_EDGE('',*,*,#1242,.F.);
#1597=ORIENTED_EDGE('',*,*,#1243,.F.);
#1598=ORIENTED_EDGE('',*,*,#1244,.T.);
#1599=ORIENTED_EDGE('',*,*,#1245,.F.);
#1600=ORIENTED_EDGE('',*,*,#1246,.F.);
#1601=ORIENTED_EDGE('',*,*,#1247,.T.);
#1602=ORIENTED_EDGE('',*,*,#1248,.T.);
#1603=ORIENTED_EDGE('',*,*,#1249,.T.);
#1604=ORIENTED_EDGE('',*,*,#1250,.T.);
#1605=ORIENTED_EDGE('',*,*,#1251,.T.);
#1606=ORIENTED_EDGE('',*,*,#1252,.T.);
#1607=ORIENTED_EDGE('',*,*,#1253,.T.);
#1608=ORIENTED_EDGE('',*,*,#1254,.T.);
#1609=ORIENTED_EDGE('',*,*,#1255,.F.);
#1610=ORIENTED_EDGE('',*,*,#1256,.T.);
#1611=ORIENTED_EDGE('',*,*,#1257,.T.);
#1612=ORIENTED_EDGE('',*,*,#1258,.T.);
#1613=ORIENTED_EDGE('',*,*,#1259,.F.);
#1614=ORIENTED_EDGE('',*,*,#1260,.F.);
#1615=ORIENTED_EDGE('',*,*,#1261,.T.);
#1616=ORIENTED_EDGE('',*,*,#1262,.F.);
#1617=ORIENTED_EDGE('',*,*,#1263,.F.);
#1618=ORIENTED_EDGE('',*,*,#1264,.T.);
#1619=ORIENTED_EDGE('',*,*,#1265,.T.);
#1620=ORIENTED_EDGE('',*,*,#1256,.F.);
#1621=ORIENTED_EDGE('',*,*,#1266,.T.);
#1622=ORIENTED_EDGE('',*,*,#1267,.T.);
#1623=ORIENTED_EDGE('',*,*,#1268,.T.);
#1624=ORIENTED_EDGE('',*,*,#1269,.F.);
#1625=ORIENTED_EDGE('',*,*,#1270,.T.);
#1626=ORIENTED_EDGE('',*,*,#1271,.T.);
#1627=ORIENTED_EDGE('',*,*,#1254,.F.);
#1628=ORIENTED_EDGE('',*,*,#1272,.F.);
#1629=ORIENTED_EDGE('',*,*,#1273,.F.);
#1630=ORIENTED_EDGE('',*,*,#1272,.T.);
#1631=ORIENTED_EDGE('',*,*,#1253,.F.);
#1632=ORIENTED_EDGE('',*,*,#1274,.T.);
#1633=ORIENTED_EDGE('',*,*,#1275,.F.);
#1634=ORIENTED_EDGE('',*,*,#1270,.F.);
#1635=ORIENTED_EDGE('',*,*,#1275,.T.);
#1636=ORIENTED_EDGE('',*,*,#1276,.T.);
#1637=ORIENTED_EDGE('',*,*,#1277,.F.);
#1638=ORIENTED_EDGE('',*,*,#1271,.F.);
#1639=ORIENTED_EDGE('',*,*,#1277,.T.);
#1640=ORIENTED_EDGE('',*,*,#1278,.T.);
#1641=ORIENTED_EDGE('',*,*,#1251,.F.);
#1642=ORIENTED_EDGE('',*,*,#1276,.F.);
#1643=ORIENTED_EDGE('',*,*,#1274,.F.);
#1644=ORIENTED_EDGE('',*,*,#1252,.F.);
#1645=ORIENTED_EDGE('',*,*,#1278,.F.);
#1646=ORIENTED_EDGE('',*,*,#1279,.F.);
#1647=ORIENTED_EDGE('',*,*,#1280,.T.);
#1648=ORIENTED_EDGE('',*,*,#1281,.T.);
#1649=ORIENTED_EDGE('',*,*,#1250,.F.);
#1650=ORIENTED_EDGE('',*,*,#1282,.F.);
#1651=ORIENTED_EDGE('',*,*,#1283,.F.);
#1652=ORIENTED_EDGE('',*,*,#1282,.T.);
#1653=ORIENTED_EDGE('',*,*,#1249,.F.);
#1654=ORIENTED_EDGE('',*,*,#1284,.T.);
#1655=ORIENTED_EDGE('',*,*,#1285,.F.);
#1656=ORIENTED_EDGE('',*,*,#1280,.F.);
#1657=ORIENTED_EDGE('',*,*,#1285,.T.);
#1658=ORIENTED_EDGE('',*,*,#1286,.T.);
#1659=ORIENTED_EDGE('',*,*,#1287,.F.);
#1660=ORIENTED_EDGE('',*,*,#1281,.F.);
#1661=ORIENTED_EDGE('',*,*,#1287,.T.);
#1662=ORIENTED_EDGE('',*,*,#1288,.T.);
#1663=ORIENTED_EDGE('',*,*,#1247,.F.);
#1664=ORIENTED_EDGE('',*,*,#1286,.F.);
#1665=ORIENTED_EDGE('',*,*,#1284,.F.);
#1666=ORIENTED_EDGE('',*,*,#1248,.F.);
#1667=ORIENTED_EDGE('',*,*,#1288,.F.);
#1668=ORIENTED_EDGE('',*,*,#1289,.F.);
#1669=ORIENTED_EDGE('',*,*,#1279,.T.);
#1670=ORIENTED_EDGE('',*,*,#1290,.T.);
#1671=ORIENTED_EDGE('',*,*,#1291,.T.);
#1672=ORIENTED_EDGE('',*,*,#1290,.F.);
#1673=ORIENTED_EDGE('',*,*,#1289,.T.);
#1674=ORIENTED_EDGE('',*,*,#1292,.T.);
#1675=ORIENTED_EDGE('',*,*,#1293,.T.);
#1676=ORIENTED_EDGE('',*,*,#1292,.F.);
#1677=ORIENTED_EDGE('',*,*,#1294,.F.);
#1678=ORIENTED_EDGE('',*,*,#1295,.T.);
#1679=ORIENTED_EDGE('',*,*,#1283,.T.);
#1680=ORIENTED_EDGE('',*,*,#1295,.F.);
#1681=ORIENTED_EDGE('',*,*,#1293,.F.);
#1682=ORIENTED_EDGE('',*,*,#1296,.F.);
#1683=ORIENTED_EDGE('',*,*,#1297,.T.);
#1684=ORIENTED_EDGE('',*,*,#1273,.T.);
#1685=ORIENTED_EDGE('',*,*,#1297,.F.);
#1686=ORIENTED_EDGE('',*,*,#1291,.F.);
#1687=ORIENTED_EDGE('',*,*,#1298,.T.);
#1688=ORIENTED_EDGE('',*,*,#1299,.T.);
#1689=ORIENTED_EDGE('',*,*,#1300,.T.);
#1690=ORIENTED_EDGE('',*,*,#1301,.F.);
#1691=ORIENTED_EDGE('',*,*,#1302,.T.);
#1692=ORIENTED_EDGE('',*,*,#1303,.F.);
#1693=ORIENTED_EDGE('',*,*,#1304,.F.);
#1694=ORIENTED_EDGE('',*,*,#1305,.T.);
#1695=ORIENTED_EDGE('',*,*,#1306,.T.);
#1696=ORIENTED_EDGE('',*,*,#1307,.T.);
#1697=ORIENTED_EDGE('',*,*,#1308,.T.);
#1698=ORIENTED_EDGE('',*,*,#1309,.T.);
#1699=ORIENTED_EDGE('',*,*,#1310,.T.);
#1700=ORIENTED_EDGE('',*,*,#1311,.T.);
#1701=ORIENTED_EDGE('',*,*,#1303,.T.);
#1702=ORIENTED_EDGE('',*,*,#1310,.F.);
#1703=ORIENTED_EDGE('',*,*,#1312,.T.);
#1704=ORIENTED_EDGE('',*,*,#1313,.T.);
#1705=ORIENTED_EDGE('',*,*,#1314,.F.);
#1706=ORIENTED_EDGE('',*,*,#1309,.F.);
#1707=ORIENTED_EDGE('',*,*,#1315,.T.);
#1708=ORIENTED_EDGE('',*,*,#1316,.T.);
#1709=ORIENTED_EDGE('',*,*,#1312,.F.);
#1710=ORIENTED_EDGE('',*,*,#1308,.F.);
#1711=ORIENTED_EDGE('',*,*,#1302,.F.);
#1712=ORIENTED_EDGE('',*,*,#1317,.F.);
#1713=ORIENTED_EDGE('',*,*,#1318,.T.);
#1714=ORIENTED_EDGE('',*,*,#1315,.F.);
#1715=ORIENTED_EDGE('',*,*,#1313,.F.);
#1716=ORIENTED_EDGE('',*,*,#1316,.F.);
#1717=ORIENTED_EDGE('',*,*,#1318,.F.);
#1718=ORIENTED_EDGE('',*,*,#1319,.F.);
#1719=ORIENTED_EDGE('',*,*,#1314,.T.);
#1720=ORIENTED_EDGE('',*,*,#1319,.T.);
#1721=ORIENTED_EDGE('',*,*,#1317,.T.);
#1722=ORIENTED_EDGE('',*,*,#1301,.T.);
#1723=ORIENTED_EDGE('',*,*,#1320,.T.);
#1724=ORIENTED_EDGE('',*,*,#1321,.T.);
#1725=ORIENTED_EDGE('',*,*,#1322,.T.);
#1726=ORIENTED_EDGE('',*,*,#1323,.T.);
#1727=ORIENTED_EDGE('',*,*,#1324,.T.);
#1728=ORIENTED_EDGE('',*,*,#1325,.F.);
#1729=ORIENTED_EDGE('',*,*,#1326,.T.);
#1730=ORIENTED_EDGE('',*,*,#1327,.F.);
#1731=ORIENTED_EDGE('',*,*,#1328,.T.);
#1732=ORIENTED_EDGE('',*,*,#1323,.F.);
#1733=ORIENTED_EDGE('',*,*,#1329,.T.);
#1734=ORIENTED_EDGE('',*,*,#1330,.T.);
#1735=ORIENTED_EDGE('',*,*,#1331,.F.);
#1736=ORIENTED_EDGE('',*,*,#1332,.T.);
#1737=ORIENTED_EDGE('',*,*,#1239,.T.);
#1738=ORIENTED_EDGE('',*,*,#1333,.T.);
#1739=ORIENTED_EDGE('',*,*,#1325,.T.);
#1740=ORIENTED_EDGE('',*,*,#1334,.T.);
#1741=ORIENTED_EDGE('',*,*,#1335,.T.);
#1742=ORIENTED_EDGE('',*,*,#1336,.T.);
#1743=ORIENTED_EDGE('',*,*,#1334,.F.);
#1744=ORIENTED_EDGE('',*,*,#1324,.F.);
#1745=ORIENTED_EDGE('',*,*,#1337,.T.);
#1746=ORIENTED_EDGE('',*,*,#1240,.T.);
#1747=ORIENTED_EDGE('',*,*,#1332,.F.);
#1748=ORIENTED_EDGE('',*,*,#1338,.T.);
#1749=ORIENTED_EDGE('',*,*,#1339,.T.);
#1750=ORIENTED_EDGE('',*,*,#1340,.T.);
#1751=ORIENTED_EDGE('',*,*,#1341,.T.);
#1752=ORIENTED_EDGE('',*,*,#1342,.T.);
#1753=ORIENTED_EDGE('',*,*,#1343,.T.);
#1754=ORIENTED_EDGE('',*,*,#1344,.T.);
#1755=ORIENTED_EDGE('',*,*,#1337,.F.);
#1756=ORIENTED_EDGE('',*,*,#1331,.T.);
#1757=ORIENTED_EDGE('',*,*,#1345,.T.);
#1758=ORIENTED_EDGE('',*,*,#1343,.F.);
#1759=ORIENTED_EDGE('',*,*,#1346,.T.);
#1760=ORIENTED_EDGE('',*,*,#1347,.T.);
#1761=ORIENTED_EDGE('',*,*,#1342,.F.);
#1762=ORIENTED_EDGE('',*,*,#1348,.T.);
#1763=ORIENTED_EDGE('',*,*,#1349,.T.);
#1764=ORIENTED_EDGE('',*,*,#1346,.F.);
#1765=ORIENTED_EDGE('',*,*,#1350,.F.);
#1766=ORIENTED_EDGE('',*,*,#1351,.T.);
#1767=ORIENTED_EDGE('',*,*,#1352,.T.);
#1768=ORIENTED_EDGE('',*,*,#1351,.F.);
#1769=ORIENTED_EDGE('',*,*,#1353,.F.);
#1770=ORIENTED_EDGE('',*,*,#1354,.T.);
#1771=ORIENTED_EDGE('',*,*,#1299,.F.);
#1772=ORIENTED_EDGE('',*,*,#1354,.F.);
#1773=ORIENTED_EDGE('',*,*,#1355,.F.);
#1774=ORIENTED_EDGE('',*,*,#1356,.T.);
#1775=ORIENTED_EDGE('',*,*,#1357,.F.);
#1776=ORIENTED_EDGE('',*,*,#1356,.F.);
#1777=ORIENTED_EDGE('',*,*,#1358,.F.);
#1778=ORIENTED_EDGE('',*,*,#1359,.T.);
#1779=ORIENTED_EDGE('',*,*,#1360,.T.);
#1780=ORIENTED_EDGE('',*,*,#1359,.F.);
#1781=ORIENTED_EDGE('',*,*,#1361,.F.);
#1782=ORIENTED_EDGE('',*,*,#1348,.F.);
#1783=ORIENTED_EDGE('',*,*,#1362,.T.);
#1784=ORIENTED_EDGE('',*,*,#1363,.F.);
#1785=ORIENTED_EDGE('',*,*,#1358,.T.);
#1786=ORIENTED_EDGE('',*,*,#1255,.T.);
#1787=ORIENTED_EDGE('',*,*,#1355,.T.);
#1788=ORIENTED_EDGE('',*,*,#1353,.T.);
#1789=ORIENTED_EDGE('',*,*,#1350,.T.);
#1790=ORIENTED_EDGE('',*,*,#1338,.F.);
#1791=ORIENTED_EDGE('',*,*,#1335,.F.);
#1792=ORIENTED_EDGE('',*,*,#1336,.F.);
#1793=ORIENTED_EDGE('',*,*,#1344,.F.);
#1794=ORIENTED_EDGE('',*,*,#1364,.F.);
#1795=ORIENTED_EDGE('',*,*,#1363,.T.);
#1796=ORIENTED_EDGE('',*,*,#1361,.T.);
#1797=ORIENTED_EDGE('',*,*,#1364,.T.);
#1798=ORIENTED_EDGE('',*,*,#1347,.F.);
#1799=ORIENTED_EDGE('',*,*,#1349,.F.);
#1800=ORIENTED_EDGE('',*,*,#1365,.F.);
#1801=ORIENTED_EDGE('',*,*,#1366,.F.);
#1802=ORIENTED_EDGE('',*,*,#1367,.T.);
#1803=ORIENTED_EDGE('',*,*,#1300,.F.);
#1804=ORIENTED_EDGE('',*,*,#1368,.F.);
#1805=ORIENTED_EDGE('',*,*,#1369,.F.);
#1806=ORIENTED_EDGE('',*,*,#1329,.F.);
#1807=ORIENTED_EDGE('',*,*,#1322,.F.);
#1808=ORIENTED_EDGE('',*,*,#1367,.F.);
#1809=ORIENTED_EDGE('',*,*,#1320,.F.);
#1810=ORIENTED_EDGE('',*,*,#1370,.F.);
#1811=ORIENTED_EDGE('',*,*,#1366,.T.);
#1812=ORIENTED_EDGE('',*,*,#1371,.T.);
#1813=ORIENTED_EDGE('',*,*,#1245,.T.);
#1814=ORIENTED_EDGE('',*,*,#1372,.T.);
#1815=ORIENTED_EDGE('',*,*,#1373,.F.);
#1816=ORIENTED_EDGE('',*,*,#1246,.T.);
#1817=ORIENTED_EDGE('',*,*,#1371,.F.);
#1818=ORIENTED_EDGE('',*,*,#1365,.T.);
#1819=ORIENTED_EDGE('',*,*,#1333,.F.);
#1820=ORIENTED_EDGE('',*,*,#1238,.F.);
#1821=ORIENTED_EDGE('',*,*,#1374,.T.);
#1822=ORIENTED_EDGE('',*,*,#1375,.F.);
#1823=ORIENTED_EDGE('',*,*,#1376,.T.);
#1824=ORIENTED_EDGE('',*,*,#1377,.F.);
#1825=ORIENTED_EDGE('',*,*,#1378,.F.);
#1826=ORIENTED_EDGE('',*,*,#1326,.F.);
#1827=ORIENTED_EDGE('',*,*,#1379,.F.);
#1828=ORIENTED_EDGE('',*,*,#1380,.T.);
#1829=ORIENTED_EDGE('',*,*,#1381,.T.);
#1830=ORIENTED_EDGE('',*,*,#1327,.T.);
#1831=ORIENTED_EDGE('',*,*,#1378,.T.);
#1832=ORIENTED_EDGE('',*,*,#1382,.F.);
#1833=ORIENTED_EDGE('',*,*,#1383,.T.);
#1834=ORIENTED_EDGE('',*,*,#1384,.F.);
#1835=ORIENTED_EDGE('',*,*,#1380,.F.);
#1836=ORIENTED_EDGE('',*,*,#1385,.T.);
#1837=ORIENTED_EDGE('',*,*,#1386,.T.);
#1838=ORIENTED_EDGE('',*,*,#1383,.F.);
#1839=ORIENTED_EDGE('',*,*,#1387,.T.);
#1840=ORIENTED_EDGE('',*,*,#1388,.F.);
#1841=ORIENTED_EDGE('',*,*,#1389,.T.);
#1842=ORIENTED_EDGE('',*,*,#1390,.T.);
#1843=ORIENTED_EDGE('',*,*,#1391,.F.);
#1844=ORIENTED_EDGE('',*,*,#1392,.F.);
#1845=ORIENTED_EDGE('',*,*,#1393,.F.);
#1846=ORIENTED_EDGE('',*,*,#1394,.F.);
#1847=ORIENTED_EDGE('',*,*,#1395,.T.);
#1848=ORIENTED_EDGE('',*,*,#1396,.T.);
#1849=ORIENTED_EDGE('',*,*,#1374,.F.);
#1850=ORIENTED_EDGE('',*,*,#1237,.T.);
#1851=ORIENTED_EDGE('',*,*,#1397,.T.);
#1852=ORIENTED_EDGE('',*,*,#1391,.T.);
#1853=ORIENTED_EDGE('',*,*,#1398,.F.);
#1854=ORIENTED_EDGE('',*,*,#1388,.T.);
#1855=ORIENTED_EDGE('',*,*,#1399,.T.);
#1856=ORIENTED_EDGE('',*,*,#1400,.F.);
#1857=ORIENTED_EDGE('',*,*,#1401,.T.);
#1858=ORIENTED_EDGE('',*,*,#1402,.F.);
#1859=ORIENTED_EDGE('',*,*,#1403,.T.);
#1860=ORIENTED_EDGE('',*,*,#1404,.F.);
#1861=ORIENTED_EDGE('',*,*,#1405,.T.);
#1862=ORIENTED_EDGE('',*,*,#1406,.T.);
#1863=ORIENTED_EDGE('',*,*,#1402,.T.);
#1864=ORIENTED_EDGE('',*,*,#1407,.T.);
#1865=ORIENTED_EDGE('',*,*,#1408,.T.);
#1866=ORIENTED_EDGE('',*,*,#1407,.F.);
#1867=ORIENTED_EDGE('',*,*,#1401,.F.);
#1868=ORIENTED_EDGE('',*,*,#1409,.F.);
#1869=ORIENTED_EDGE('',*,*,#1398,.T.);
#1870=ORIENTED_EDGE('',*,*,#1390,.F.);
#1871=ORIENTED_EDGE('',*,*,#1410,.T.);
#1872=ORIENTED_EDGE('',*,*,#1404,.T.);
#1873=ORIENTED_EDGE('',*,*,#1410,.F.);
#1874=ORIENTED_EDGE('',*,*,#1389,.F.);
#1875=ORIENTED_EDGE('',*,*,#1411,.F.);
#1876=ORIENTED_EDGE('',*,*,#1412,.T.);
#1877=ORIENTED_EDGE('',*,*,#1413,.F.);
#1878=ORIENTED_EDGE('',*,*,#1414,.T.);
#1879=ORIENTED_EDGE('',*,*,#1415,.F.);
#1880=ORIENTED_EDGE('',*,*,#1416,.T.);
#1881=ORIENTED_EDGE('',*,*,#1417,.T.);
#1882=ORIENTED_EDGE('',*,*,#1413,.T.);
#1883=ORIENTED_EDGE('',*,*,#1418,.T.);
#1884=ORIENTED_EDGE('',*,*,#1419,.T.);
#1885=ORIENTED_EDGE('',*,*,#1418,.F.);
#1886=ORIENTED_EDGE('',*,*,#1412,.F.);
#1887=ORIENTED_EDGE('',*,*,#1420,.F.);
#1888=ORIENTED_EDGE('',*,*,#1386,.F.);
#1889=ORIENTED_EDGE('',*,*,#1385,.F.);
#1890=ORIENTED_EDGE('',*,*,#1379,.T.);
#1891=ORIENTED_EDGE('',*,*,#1421,.T.);
#1892=ORIENTED_EDGE('',*,*,#1415,.T.);
#1893=ORIENTED_EDGE('',*,*,#1421,.F.);
#1894=ORIENTED_EDGE('',*,*,#1384,.T.);
#1895=ORIENTED_EDGE('',*,*,#1377,.T.);
#1896=ORIENTED_EDGE('',*,*,#1422,.F.);
#1897=ORIENTED_EDGE('',*,*,#1375,.T.);
#1898=ORIENTED_EDGE('',*,*,#1399,.F.);
#1899=ORIENTED_EDGE('',*,*,#1387,.F.);
#1900=ORIENTED_EDGE('',*,*,#1382,.T.);
#1901=ORIENTED_EDGE('',*,*,#1423,.T.);
#1902=ORIENTED_EDGE('',*,*,#1376,.F.);
#1903=ORIENTED_EDGE('',*,*,#1422,.T.);
#1904=ORIENTED_EDGE('',*,*,#1372,.F.);
#1905=ORIENTED_EDGE('',*,*,#1244,.F.);
#1906=ORIENTED_EDGE('',*,*,#1373,.T.);
#1907=ORIENTED_EDGE('',*,*,#1321,.F.);
#1908=ORIENTED_EDGE('',*,*,#1424,.F.);
#1909=ORIENTED_EDGE('',*,*,#1425,.T.);
#1910=ORIENTED_EDGE('',*,*,#1426,.F.);
#1911=ORIENTED_EDGE('',*,*,#1427,.T.);
#1912=ORIENTED_EDGE('',*,*,#1428,.F.);
#1913=ORIENTED_EDGE('',*,*,#1429,.T.);
#1914=ORIENTED_EDGE('',*,*,#1430,.T.);
#1915=ORIENTED_EDGE('',*,*,#1426,.T.);
#1916=ORIENTED_EDGE('',*,*,#1431,.T.);
#1917=ORIENTED_EDGE('',*,*,#1432,.T.);
#1918=ORIENTED_EDGE('',*,*,#1431,.F.);
#1919=ORIENTED_EDGE('',*,*,#1425,.F.);
#1920=ORIENTED_EDGE('',*,*,#1433,.F.);
#1921=ORIENTED_EDGE('',*,*,#1395,.F.);
#1922=ORIENTED_EDGE('',*,*,#1396,.F.);
#1923=ORIENTED_EDGE('',*,*,#1434,.T.);
#1924=ORIENTED_EDGE('',*,*,#1428,.T.);
#1925=ORIENTED_EDGE('',*,*,#1434,.F.);
#1926=ORIENTED_EDGE('',*,*,#1435,.T.);
#1927=ORIENTED_EDGE('',*,*,#1436,.F.);
#1928=ORIENTED_EDGE('',*,*,#1437,.T.);
#1929=ORIENTED_EDGE('',*,*,#1438,.T.);
#1930=ORIENTED_EDGE('',*,*,#1439,.T.);
#1931=ORIENTED_EDGE('',*,*,#1440,.T.);
#1932=ORIENTED_EDGE('',*,*,#1441,.T.);
#1933=ORIENTED_EDGE('',*,*,#1442,.T.);
#1934=ORIENTED_EDGE('',*,*,#1443,.T.);
#1935=ORIENTED_EDGE('',*,*,#1444,.T.);
#1936=ORIENTED_EDGE('',*,*,#1435,.F.);
#1937=ORIENTED_EDGE('',*,*,#1445,.F.);
#1938=ORIENTED_EDGE('',*,*,#1305,.F.);
#1939=ORIENTED_EDGE('',*,*,#1446,.F.);
#1940=ORIENTED_EDGE('',*,*,#1444,.F.);
#1941=ORIENTED_EDGE('',*,*,#1447,.T.);
#1942=ORIENTED_EDGE('',*,*,#1448,.F.);
#1943=ORIENTED_EDGE('',*,*,#1447,.F.);
#1944=ORIENTED_EDGE('',*,*,#1443,.F.);
#1945=ORIENTED_EDGE('',*,*,#1449,.T.);
#1946=ORIENTED_EDGE('',*,*,#1450,.F.);
#1947=ORIENTED_EDGE('',*,*,#1449,.F.);
#1948=ORIENTED_EDGE('',*,*,#1442,.F.);
#1949=ORIENTED_EDGE('',*,*,#1451,.T.);
#1950=ORIENTED_EDGE('',*,*,#1452,.F.);
#1951=ORIENTED_EDGE('',*,*,#1451,.F.);
#1952=ORIENTED_EDGE('',*,*,#1441,.F.);
#1953=ORIENTED_EDGE('',*,*,#1453,.T.);
#1954=ORIENTED_EDGE('',*,*,#1454,.F.);
#1955=ORIENTED_EDGE('',*,*,#1453,.F.);
#1956=ORIENTED_EDGE('',*,*,#1440,.F.);
#1957=ORIENTED_EDGE('',*,*,#1455,.T.);
#1958=ORIENTED_EDGE('',*,*,#1456,.F.);
#1959=ORIENTED_EDGE('',*,*,#1455,.F.);
#1960=ORIENTED_EDGE('',*,*,#1439,.F.);
#1961=ORIENTED_EDGE('',*,*,#1457,.T.);
#1962=ORIENTED_EDGE('',*,*,#1458,.F.);
#1963=ORIENTED_EDGE('',*,*,#1457,.F.);
#1964=ORIENTED_EDGE('',*,*,#1459,.F.);
#1965=ORIENTED_EDGE('',*,*,#1460,.T.);
#1966=ORIENTED_EDGE('',*,*,#1370,.T.);
#1967=ORIENTED_EDGE('',*,*,#1460,.F.);
#1968=ORIENTED_EDGE('',*,*,#1461,.F.);
#1969=ORIENTED_EDGE('',*,*,#1462,.F.);
#1970=ORIENTED_EDGE('',*,*,#1463,.F.);
#1971=ORIENTED_EDGE('',*,*,#1464,.T.);
#1972=ORIENTED_EDGE('',*,*,#1465,.F.);
#1973=ORIENTED_EDGE('',*,*,#1464,.F.);
#1974=ORIENTED_EDGE('',*,*,#1466,.F.);
#1975=ORIENTED_EDGE('',*,*,#1467,.F.);
#1976=ORIENTED_EDGE('',*,*,#1468,.F.);
#1977=ORIENTED_EDGE('',*,*,#1467,.T.);
#1978=ORIENTED_EDGE('',*,*,#1469,.F.);
#1979=ORIENTED_EDGE('',*,*,#1470,.T.);
#1980=ORIENTED_EDGE('',*,*,#1448,.T.);
#1981=ORIENTED_EDGE('',*,*,#1450,.T.);
#1982=ORIENTED_EDGE('',*,*,#1452,.T.);
#1983=ORIENTED_EDGE('',*,*,#1454,.T.);
#1984=ORIENTED_EDGE('',*,*,#1456,.T.);
#1985=ORIENTED_EDGE('',*,*,#1458,.T.);
#1986=ORIENTED_EDGE('',*,*,#1471,.F.);
#1987=ORIENTED_EDGE('',*,*,#1470,.F.);
#1988=ORIENTED_EDGE('',*,*,#1472,.F.);
#1989=ORIENTED_EDGE('',*,*,#1473,.T.);
#1990=ORIENTED_EDGE('',*,*,#1474,.F.);
#1991=ORIENTED_EDGE('',*,*,#1473,.F.);
#1992=ORIENTED_EDGE('',*,*,#1475,.F.);
#1993=ORIENTED_EDGE('',*,*,#1462,.T.);
#1994=ORIENTED_EDGE('',*,*,#1476,.T.);
#1995=ORIENTED_EDGE('',*,*,#1477,.F.);
#1996=ORIENTED_EDGE('',*,*,#1235,.T.);
#1997=ORIENTED_EDGE('',*,*,#1478,.F.);
#1998=ORIENTED_EDGE('',*,*,#1437,.F.);
#1999=ORIENTED_EDGE('',*,*,#1479,.F.);
#2000=ORIENTED_EDGE('',*,*,#1476,.F.);
#2001=ORIENTED_EDGE('',*,*,#1480,.F.);
#2002=ORIENTED_EDGE('',*,*,#1481,.T.);
#2003=ORIENTED_EDGE('',*,*,#1482,.T.);
#2004=ORIENTED_EDGE('',*,*,#1393,.T.);
#2005=ORIENTED_EDGE('',*,*,#1483,.T.);
#2006=ORIENTED_EDGE('',*,*,#1484,.T.);
#2007=ORIENTED_EDGE('',*,*,#1409,.T.);
#2008=ORIENTED_EDGE('',*,*,#1400,.T.);
#2009=ORIENTED_EDGE('',*,*,#1485,.T.);
#2010=ORIENTED_EDGE('',*,*,#1486,.T.);
#2011=ORIENTED_EDGE('',*,*,#1485,.F.);
#2012=ORIENTED_EDGE('',*,*,#1403,.F.);
#2013=ORIENTED_EDGE('',*,*,#1406,.F.);
#2014=ORIENTED_EDGE('',*,*,#1487,.T.);
#2015=ORIENTED_EDGE('',*,*,#1420,.T.);
#2016=ORIENTED_EDGE('',*,*,#1411,.T.);
#2017=ORIENTED_EDGE('',*,*,#1488,.T.);
#2018=ORIENTED_EDGE('',*,*,#1489,.T.);
#2019=ORIENTED_EDGE('',*,*,#1488,.F.);
#2020=ORIENTED_EDGE('',*,*,#1414,.F.);
#2021=ORIENTED_EDGE('',*,*,#1417,.F.);
#2022=ORIENTED_EDGE('',*,*,#1490,.T.);
#2023=ORIENTED_EDGE('',*,*,#1433,.T.);
#2024=ORIENTED_EDGE('',*,*,#1424,.T.);
#2025=ORIENTED_EDGE('',*,*,#1491,.T.);
#2026=ORIENTED_EDGE('',*,*,#1492,.T.);
#2027=ORIENTED_EDGE('',*,*,#1491,.F.);
#2028=ORIENTED_EDGE('',*,*,#1427,.F.);
#2029=ORIENTED_EDGE('',*,*,#1430,.F.);
#2030=ORIENTED_EDGE('',*,*,#1493,.T.);
#2031=ORIENTED_EDGE('',*,*,#1483,.F.);
#2032=ORIENTED_EDGE('',*,*,#1392,.T.);
#2033=ORIENTED_EDGE('',*,*,#1397,.F.);
#2034=ORIENTED_EDGE('',*,*,#1236,.F.);
#2035=ORIENTED_EDGE('',*,*,#1477,.T.);
#2036=ORIENTED_EDGE('',*,*,#1479,.T.);
#2037=ORIENTED_EDGE('',*,*,#1436,.T.);
#2038=ORIENTED_EDGE('',*,*,#1446,.T.);
#2039=ORIENTED_EDGE('',*,*,#1304,.T.);
#2040=ORIENTED_EDGE('',*,*,#1311,.F.);
#2041=ORIENTED_EDGE('',*,*,#1328,.F.);
#2042=ORIENTED_EDGE('',*,*,#1381,.F.);
#2043=ORIENTED_EDGE('',*,*,#1394,.T.);
#2044=ORIENTED_EDGE('',*,*,#1482,.F.);
#2045=ORIENTED_EDGE('',*,*,#1468,.T.);
#2046=ORIENTED_EDGE('',*,*,#1471,.T.);
#2047=ORIENTED_EDGE('',*,*,#1474,.T.);
#2048=ORIENTED_EDGE('',*,*,#1461,.T.);
#2049=ORIENTED_EDGE('',*,*,#1465,.T.);
#2050=ORIENTED_EDGE('',*,*,#1481,.F.);
#2051=ORIENTED_EDGE('',*,*,#1494,.T.);
#2052=ORIENTED_EDGE('',*,*,#1423,.F.);
#2053=ORIENTED_EDGE('',*,*,#1494,.F.);
#2054=ORIENTED_EDGE('',*,*,#1493,.F.);
#2055=ORIENTED_EDGE('',*,*,#1432,.F.);
#2056=ORIENTED_EDGE('',*,*,#1490,.F.);
#2057=ORIENTED_EDGE('',*,*,#1492,.F.);
#2058=ORIENTED_EDGE('',*,*,#1429,.F.);
#2059=ORIENTED_EDGE('',*,*,#1419,.F.);
#2060=ORIENTED_EDGE('',*,*,#1487,.F.);
#2061=ORIENTED_EDGE('',*,*,#1489,.F.);
#2062=ORIENTED_EDGE('',*,*,#1416,.F.);
#2063=ORIENTED_EDGE('',*,*,#1408,.F.);
#2064=ORIENTED_EDGE('',*,*,#1484,.F.);
#2065=ORIENTED_EDGE('',*,*,#1486,.F.);
#2066=ORIENTED_EDGE('',*,*,#1405,.F.);
#2067=ORIENTED_EDGE('',*,*,#1495,.T.);
#2068=ORIENTED_EDGE('',*,*,#1269,.T.);
#2069=ORIENTED_EDGE('',*,*,#1496,.T.);
#2070=ORIENTED_EDGE('',*,*,#1497,.T.);
#2071=ORIENTED_EDGE('',*,*,#1498,.T.);
#2072=ORIENTED_EDGE('',*,*,#1357,.T.);
#2073=ORIENTED_EDGE('',*,*,#1499,.F.);
#2074=ORIENTED_EDGE('',*,*,#1500,.T.);
#2075=ORIENTED_EDGE('',*,*,#1501,.F.);
#2076=ORIENTED_EDGE('',*,*,#1502,.F.);
#2077=ORIENTED_EDGE('',*,*,#1503,.F.);
#2078=ORIENTED_EDGE('',*,*,#1504,.T.);
#2079=ORIENTED_EDGE('',*,*,#1505,.F.);
#2080=ORIENTED_EDGE('',*,*,#1500,.F.);
#2081=ORIENTED_EDGE('',*,*,#1506,.F.);
#2082=ORIENTED_EDGE('',*,*,#1507,.T.);
#2083=ORIENTED_EDGE('',*,*,#1508,.F.);
#2084=ORIENTED_EDGE('',*,*,#1504,.F.);
#2085=ORIENTED_EDGE('',*,*,#1509,.F.);
#2086=ORIENTED_EDGE('',*,*,#1510,.F.);
#2087=ORIENTED_EDGE('',*,*,#1507,.F.);
#2088=ORIENTED_EDGE('',*,*,#1511,.F.);
#2089=ORIENTED_EDGE('',*,*,#1512,.F.);
#2090=ORIENTED_EDGE('',*,*,#1513,.T.);
#2091=ORIENTED_EDGE('',*,*,#1498,.F.);
#2092=ORIENTED_EDGE('',*,*,#1513,.F.);
#2093=ORIENTED_EDGE('',*,*,#1514,.T.);
#2094=ORIENTED_EDGE('',*,*,#1515,.T.);
#2095=ORIENTED_EDGE('',*,*,#1516,.T.);
#2096=ORIENTED_EDGE('',*,*,#1515,.F.);
#2097=ORIENTED_EDGE('',*,*,#1517,.T.);
#2098=ORIENTED_EDGE('',*,*,#1518,.T.);
#2099=ORIENTED_EDGE('',*,*,#1298,.F.);
#2100=ORIENTED_EDGE('',*,*,#1518,.F.);
#2101=ORIENTED_EDGE('',*,*,#1519,.T.);
#2102=ORIENTED_EDGE('',*,*,#1520,.F.);
#2103=ORIENTED_EDGE('',*,*,#1521,.F.);
#2104=ORIENTED_EDGE('',*,*,#1522,.F.);
#2105=ORIENTED_EDGE('',*,*,#1267,.F.);
#2106=ORIENTED_EDGE('',*,*,#1516,.F.);
#2107=ORIENTED_EDGE('',*,*,#1495,.F.);
#2108=ORIENTED_EDGE('',*,*,#1523,.T.);
#2109=ORIENTED_EDGE('',*,*,#1520,.T.);
#2110=ORIENTED_EDGE('',*,*,#1266,.F.);
#2111=ORIENTED_EDGE('',*,*,#1496,.F.);
#2112=ORIENTED_EDGE('',*,*,#1268,.F.);
#2113=ORIENTED_EDGE('',*,*,#1522,.T.);
#2114=ORIENTED_EDGE('',*,*,#1524,.F.);
#2115=ORIENTED_EDGE('',*,*,#1497,.F.);
#2116=ORIENTED_EDGE('',*,*,#1524,.T.);
#2117=ORIENTED_EDGE('',*,*,#1521,.T.);
#2118=ORIENTED_EDGE('',*,*,#1523,.F.);
#2119=ORIENTED_EDGE('',*,*,#1525,.F.);
#2120=ORIENTED_EDGE('',*,*,#1514,.F.);
#2121=ORIENTED_EDGE('',*,*,#1526,.T.);
#2122=ORIENTED_EDGE('',*,*,#1527,.T.);
#2123=ORIENTED_EDGE('',*,*,#1525,.T.);
#2124=ORIENTED_EDGE('',*,*,#1527,.F.);
#2125=ORIENTED_EDGE('',*,*,#1528,.T.);
#2126=ORIENTED_EDGE('',*,*,#1529,.F.);
#2127=ORIENTED_EDGE('',*,*,#1530,.F.);
#2128=ORIENTED_EDGE('',*,*,#1531,.F.);
#2129=ORIENTED_EDGE('',*,*,#1532,.T.);
#2130=ORIENTED_EDGE('',*,*,#1531,.T.);
#2131=ORIENTED_EDGE('',*,*,#1533,.T.);
#2132=ORIENTED_EDGE('',*,*,#1262,.T.);
#2133=ORIENTED_EDGE('',*,*,#1534,.T.);
#2134=ORIENTED_EDGE('',*,*,#1535,.T.);
#2135=ORIENTED_EDGE('',*,*,#1536,.T.);
#2136=ORIENTED_EDGE('',*,*,#1537,.F.);
#2137=ORIENTED_EDGE('',*,*,#1538,.F.);
#2138=ORIENTED_EDGE('',*,*,#1539,.F.);
#2139=ORIENTED_EDGE('',*,*,#1259,.T.);
#2140=ORIENTED_EDGE('',*,*,#1540,.T.);
#2141=ORIENTED_EDGE('',*,*,#1541,.T.);
#2142=ORIENTED_EDGE('',*,*,#1509,.T.);
#2143=ORIENTED_EDGE('',*,*,#1542,.F.);
#2144=ORIENTED_EDGE('',*,*,#1243,.T.);
#2145=ORIENTED_EDGE('',*,*,#1543,.T.);
#2146=ORIENTED_EDGE('',*,*,#1544,.F.);
#2147=ORIENTED_EDGE('',*,*,#1538,.T.);
#2148=ORIENTED_EDGE('',*,*,#1545,.F.);
#2149=ORIENTED_EDGE('',*,*,#1546,.T.);
#2150=ORIENTED_EDGE('',*,*,#1260,.T.);
#2151=ORIENTED_EDGE('',*,*,#1539,.T.);
#2152=ORIENTED_EDGE('',*,*,#1544,.T.);
#2153=ORIENTED_EDGE('',*,*,#1547,.F.);
#2154=ORIENTED_EDGE('',*,*,#1548,.T.);
#2155=ORIENTED_EDGE('',*,*,#1501,.T.);
#2156=ORIENTED_EDGE('',*,*,#1505,.T.);
#2157=ORIENTED_EDGE('',*,*,#1508,.T.);
#2158=ORIENTED_EDGE('',*,*,#1510,.T.);
#2159=ORIENTED_EDGE('',*,*,#1541,.F.);
#2160=ORIENTED_EDGE('',*,*,#1242,.T.);
#2161=ORIENTED_EDGE('',*,*,#1549,.T.);
#2162=ORIENTED_EDGE('',*,*,#1550,.T.);
#2163=ORIENTED_EDGE('',*,*,#1263,.T.);
#2164=ORIENTED_EDGE('',*,*,#1533,.F.);
#2165=ORIENTED_EDGE('',*,*,#1530,.T.);
#2166=ORIENTED_EDGE('',*,*,#1551,.F.);
#2167=ORIENTED_EDGE('',*,*,#1552,.T.);
#2168=ORIENTED_EDGE('',*,*,#1553,.F.);
#2169=ORIENTED_EDGE('',*,*,#1554,.T.);
#2170=ORIENTED_EDGE('',*,*,#1555,.T.);
#2171=ORIENTED_EDGE('',*,*,#1512,.T.);
#2172=ORIENTED_EDGE('',*,*,#1556,.T.);
#2173=ORIENTED_EDGE('',*,*,#1557,.T.);
#2174=ORIENTED_EDGE('',*,*,#1558,.T.);
#2175=ORIENTED_EDGE('',*,*,#1549,.F.);
#2176=ORIENTED_EDGE('',*,*,#1241,.F.);
#2177=ORIENTED_EDGE('',*,*,#1339,.F.);
#2178=ORIENTED_EDGE('',*,*,#1362,.F.);
#2179=ORIENTED_EDGE('',*,*,#1341,.F.);
#2180=ORIENTED_EDGE('',*,*,#1559,.T.);
#2181=ORIENTED_EDGE('',*,*,#1535,.F.);
#2182=ORIENTED_EDGE('',*,*,#1560,.T.);
#2183=ORIENTED_EDGE('',*,*,#1557,.F.);
#2184=ORIENTED_EDGE('',*,*,#1561,.F.);
#2185=ORIENTED_EDGE('',*,*,#1257,.F.);
#2186=ORIENTED_EDGE('',*,*,#1265,.F.);
#2187=ORIENTED_EDGE('',*,*,#1534,.F.);
#2188=ORIENTED_EDGE('',*,*,#1258,.F.);
#2189=ORIENTED_EDGE('',*,*,#1561,.T.);
#2190=ORIENTED_EDGE('',*,*,#1556,.F.);
#2191=ORIENTED_EDGE('',*,*,#1550,.F.);
#2192=ORIENTED_EDGE('',*,*,#1558,.F.);
#2193=ORIENTED_EDGE('',*,*,#1560,.F.);
#2194=ORIENTED_EDGE('',*,*,#1264,.F.);
#2195=ORIENTED_EDGE('',*,*,#1562,.T.);
#2196=ORIENTED_EDGE('',*,*,#1360,.F.);
#2197=ORIENTED_EDGE('',*,*,#1562,.F.);
#2198=ORIENTED_EDGE('',*,*,#1563,.T.);
#2199=ORIENTED_EDGE('',*,*,#1540,.F.);
#2200=ORIENTED_EDGE('',*,*,#1563,.F.);
#2201=ORIENTED_EDGE('',*,*,#1564,.T.);
#2202=ORIENTED_EDGE('',*,*,#1352,.F.);
#2203=ORIENTED_EDGE('',*,*,#1564,.F.);
#2204=ORIENTED_EDGE('',*,*,#1565,.T.);
#2205=ORIENTED_EDGE('',*,*,#1555,.F.);
#2206=ORIENTED_EDGE('',*,*,#1565,.F.);
#2207=ORIENTED_EDGE('',*,*,#1566,.T.);
#2208=ORIENTED_EDGE('',*,*,#1545,.T.);
#2209=ORIENTED_EDGE('',*,*,#1537,.T.);
#2210=ORIENTED_EDGE('',*,*,#1567,.T.);
#2211=ORIENTED_EDGE('',*,*,#1568,.F.);
#2212=ORIENTED_EDGE('',*,*,#1554,.F.);
#2213=ORIENTED_EDGE('',*,*,#1569,.F.);
#2214=ORIENTED_EDGE('',*,*,#1570,.T.);
#2215=ORIENTED_EDGE('',*,*,#1567,.F.);
#2216=ORIENTED_EDGE('',*,*,#1536,.F.);
#2217=ORIENTED_EDGE('',*,*,#1559,.F.);
#2218=ORIENTED_EDGE('',*,*,#1340,.F.);
#2219=ORIENTED_EDGE('',*,*,#1345,.F.);
#2220=ORIENTED_EDGE('',*,*,#1330,.F.);
#2221=ORIENTED_EDGE('',*,*,#1369,.T.);
#2222=ORIENTED_EDGE('',*,*,#1571,.F.);
#2223=ORIENTED_EDGE('',*,*,#1572,.F.);
#2224=ORIENTED_EDGE('',*,*,#1573,.T.);
#2225=ORIENTED_EDGE('',*,*,#1569,.T.);
#2226=ORIENTED_EDGE('',*,*,#1553,.T.);
#2227=ORIENTED_EDGE('',*,*,#1574,.T.);
#2228=ORIENTED_EDGE('',*,*,#1575,.T.);
#2229=ORIENTED_EDGE('',*,*,#1574,.F.);
#2230=ORIENTED_EDGE('',*,*,#1552,.F.);
#2231=ORIENTED_EDGE('',*,*,#1576,.F.);
#2232=ORIENTED_EDGE('',*,*,#1577,.T.);
#2233=ORIENTED_EDGE('',*,*,#1576,.T.);
#2234=ORIENTED_EDGE('',*,*,#1551,.T.);
#2235=ORIENTED_EDGE('',*,*,#1529,.T.);
#2236=ORIENTED_EDGE('',*,*,#1566,.F.);
#2237=ORIENTED_EDGE('',*,*,#1570,.F.);
#2238=ORIENTED_EDGE('',*,*,#1573,.F.);
#2239=ORIENTED_EDGE('',*,*,#1575,.F.);
#2240=ORIENTED_EDGE('',*,*,#1577,.F.);
#2241=ORIENTED_EDGE('',*,*,#1528,.F.);
#2242=ORIENTED_EDGE('',*,*,#1532,.F.);
#2243=ORIENTED_EDGE('',*,*,#1261,.F.);
#2244=ORIENTED_EDGE('',*,*,#1546,.F.);
#2245=ORIENTED_EDGE('',*,*,#1543,.F.);
#2246=ORIENTED_EDGE('',*,*,#1517,.F.);
#2247=ORIENTED_EDGE('',*,*,#1578,.T.);
#2248=ORIENTED_EDGE('',*,*,#1579,.T.);
#2249=ORIENTED_EDGE('',*,*,#1519,.F.);
#2250=ORIENTED_EDGE('',*,*,#1580,.F.);
#2251=ORIENTED_EDGE('',*,*,#1581,.T.);
#2252=ORIENTED_EDGE('',*,*,#1580,.T.);
#2253=ORIENTED_EDGE('',*,*,#1582,.T.);
#2254=ORIENTED_EDGE('',*,*,#1578,.F.);
#2255=ORIENTED_EDGE('',*,*,#1579,.F.);
#2256=ORIENTED_EDGE('',*,*,#1582,.F.);
#2257=ORIENTED_EDGE('',*,*,#1526,.F.);
#2258=ORIENTED_EDGE('',*,*,#1583,.T.);
#2259=ORIENTED_EDGE('',*,*,#1581,.F.);
#2260=ORIENTED_EDGE('',*,*,#1583,.F.);
#2261=ORIENTED_EDGE('',*,*,#1584,.F.);
#2262=ORIENTED_EDGE('',*,*,#1585,.F.);
#2263=ORIENTED_EDGE('',*,*,#1502,.T.);
#2264=ORIENTED_EDGE('',*,*,#1548,.F.);
#2265=ORIENTED_EDGE('',*,*,#1547,.T.);
#2266=ORIENTED_EDGE('',*,*,#1568,.T.);
#2267=ORIENTED_EDGE('',*,*,#1586,.T.);
#2268=ORIENTED_EDGE('',*,*,#1584,.T.);
#2269=ORIENTED_EDGE('',*,*,#1306,.F.);
#2270=ORIENTED_EDGE('',*,*,#1445,.T.);
#2271=ORIENTED_EDGE('',*,*,#1438,.F.);
#2272=ORIENTED_EDGE('',*,*,#1480,.T.);
#2273=ORIENTED_EDGE('',*,*,#1478,.T.);
#2274=ORIENTED_EDGE('',*,*,#1234,.T.);
#2275=ORIENTED_EDGE('',*,*,#1542,.T.);
#2276=ORIENTED_EDGE('',*,*,#1511,.T.);
#2277=ORIENTED_EDGE('',*,*,#1506,.T.);
#2278=ORIENTED_EDGE('',*,*,#1503,.T.);
#2279=ORIENTED_EDGE('',*,*,#1499,.T.);
#2280=ORIENTED_EDGE('',*,*,#1585,.T.);
#2281=ORIENTED_EDGE('',*,*,#1586,.F.);
#2282=ORIENTED_EDGE('',*,*,#1572,.T.);
#2283=ORIENTED_EDGE('',*,*,#1587,.T.);
#2284=ORIENTED_EDGE('',*,*,#1294,.T.);
#2285=ORIENTED_EDGE('',*,*,#1296,.T.);
#2286=ORIENTED_EDGE('',*,*,#1459,.T.);
#2287=ORIENTED_EDGE('',*,*,#1463,.T.);
#2288=ORIENTED_EDGE('',*,*,#1475,.T.);
#2289=ORIENTED_EDGE('',*,*,#1472,.T.);
#2290=ORIENTED_EDGE('',*,*,#1469,.T.);
#2291=ORIENTED_EDGE('',*,*,#1466,.T.);
#2292=ORIENTED_EDGE('',*,*,#1307,.F.);
#2293=ORIENTED_EDGE('',*,*,#1587,.F.);
#2294=ORIENTED_EDGE('',*,*,#1571,.T.);
#2295=ORIENTED_EDGE('',*,*,#1368,.T.);
#2296=PLANE('',#2510);
#2297=PLANE('',#2522);
#2298=PLANE('',#2524);
#2299=PLANE('',#2525);
#2300=PLANE('',#2526);
#2301=PLANE('',#2527);
#2302=PLANE('',#2529);
#2303=PLANE('',#2531);
#2304=PLANE('',#2532);
#2305=PLANE('',#2533);
#2306=PLANE('',#2534);
#2307=PLANE('',#2542);
#2308=PLANE('',#2545);
#2309=PLANE('',#2546);
#2310=PLANE('',#2549);
#2311=PLANE('',#2553);
#2312=PLANE('',#2554);
#2313=PLANE('',#2555);
#2314=PLANE('',#2556);
#2315=PLANE('',#2557);
#2316=PLANE('',#2560);
#2317=PLANE('',#2563);
#2318=PLANE('',#2564);
#2319=PLANE('',#2565);
#2320=PLANE('',#2566);
#2321=PLANE('',#2567);
#2322=PLANE('',#2579);
#2323=PLANE('',#2580);
#2324=PLANE('',#2581);
#2325=PLANE('',#2582);
#2326=PLANE('',#2583);
#2327=PLANE('',#2586);
#2328=PLANE('',#2587);
#2329=PLANE('',#2588);
#2330=PLANE('',#2599);
#2331=PLANE('',#2601);
#2332=PLANE('',#2602);
#2333=PLANE('',#2605);
#2334=PLANE('',#2607);
#2335=PLANE('',#2608);
#2336=PLANE('',#2611);
#2337=PLANE('',#2615);
#2338=PLANE('',#2616);
#2339=PLANE('',#2618);
#2340=PLANE('',#2619);
#2341=PLANE('',#2622);
#2342=PLANE('',#2629);
#2343=PLANE('',#2645);
#2344=PLANE('',#2647);
#2345=PLANE('',#2649);
#2346=PLANE('',#2650);
#2347=PLANE('',#2652);
#2348=PLANE('',#2654);
#2349=PLANE('',#2655);
#2350=PLANE('',#2657);
#2351=PLANE('',#2659);
#2352=PLANE('',#2660);
#2353=PLANE('',#2662);
#2354=PLANE('',#2663);
#2355=PLANE('',#2665);
#2356=PLANE('',#2666);
#2357=PLANE('',#2670);
#2358=PLANE('',#2671);
#2359=PLANE('',#2693);
#2360=PLANE('',#2694);
#2361=PLANE('',#2695);
#2362=PLANE('',#2696);
#2363=PLANE('',#2697);
#2364=PLANE('',#2701);
#2365=PLANE('',#2705);
#2366=PLANE('',#2717);
#2367=PLANE('',#2724);
#2368=PLANE('',#2725);
#2369=PLANE('',#2726);
#2370=PLANE('',#2727);
#2371=PLANE('',#2728);
#2372=PLANE('',#2731);
#2373=PLANE('',#2736);
#2374=PLANE('',#2743);
#2375=PLANE('',#2746);
#2376=PLANE('',#2755);
#2377=ADVANCED_FACE('',(#137,#87,#88,#89),#2296,.F.);
#2378=ADVANCED_FACE('',(#138,#90),#40,.F.);
#2379=ADVANCED_FACE('',(#139,#91),#2297,.F.);
#2380=ADVANCED_FACE('',(#140),#2298,.F.);
#2381=ADVANCED_FACE('',(#141),#2299,.F.);
#2382=ADVANCED_FACE('',(#142),#2300,.F.);
#2383=ADVANCED_FACE('',(#143,#92),#2301,.T.);
#2384=ADVANCED_FACE('',(#144,#93),#2302,.F.);
#2385=ADVANCED_FACE('',(#145),#2303,.F.);
#2386=ADVANCED_FACE('',(#146),#2304,.F.);
#2387=ADVANCED_FACE('',(#147),#2305,.F.);
#2388=ADVANCED_FACE('',(#148,#94),#2306,.T.);
#2389=ADVANCED_FACE('',(#149),#41,.F.);
#2390=ADVANCED_FACE('',(#150),#42,.F.);
#2391=ADVANCED_FACE('',(#151),#43,.F.);
#2392=ADVANCED_FACE('',(#152),#2307,.T.);
#2393=ADVANCED_FACE('',(#153),#44,.F.);
#2394=ADVANCED_FACE('',(#154),#2308,.T.);
#2395=ADVANCED_FACE('',(#155,#95),#2309,.T.);
#2396=ADVANCED_FACE('',(#156),#2310,.T.);
#2397=ADVANCED_FACE('',(#157),#34,.F.);
#2398=ADVANCED_FACE('',(#158),#2311,.T.);
#2399=ADVANCED_FACE('',(#159),#2312,.T.);
#2400=ADVANCED_FACE('',(#160),#2313,.T.);
#2401=ADVANCED_FACE('',(#161),#2314,.T.);
#2402=ADVANCED_FACE('',(#162),#2315,.T.);
#2403=ADVANCED_FACE('',(#163),#2316,.T.);
#2404=ADVANCED_FACE('',(#164),#45,.F.);
#2405=ADVANCED_FACE('',(#165),#2317,.T.);
#2406=ADVANCED_FACE('',(#166),#2318,.T.);
#2407=ADVANCED_FACE('',(#167),#2319,.T.);
#2408=ADVANCED_FACE('',(#168),#2320,.T.);
#2409=ADVANCED_FACE('',(#169),#2321,.T.);
#2410=ADVANCED_FACE('',(#170),#46,.F.);
#2411=ADVANCED_FACE('',(#171),#47,.F.);
#2412=ADVANCED_FACE('',(#172),#48,.F.);
#2413=ADVANCED_FACE('',(#173),#49,.F.);
#2414=ADVANCED_FACE('',(#174,#96,#97,#98,#99,#100),#2322,.F.);
#2415=ADVANCED_FACE('',(#175),#2323,.T.);
#2416=ADVANCED_FACE('',(#176),#2324,.T.);
#2417=ADVANCED_FACE('',(#177),#2325,.T.);
#2418=ADVANCED_FACE('',(#178,#101),#2326,.F.);
#2419=ADVANCED_FACE('',(#179),#2327,.T.);
#2420=ADVANCED_FACE('',(#180),#2328,.F.);
#2421=ADVANCED_FACE('',(#181),#2329,.T.);
#2422=ADVANCED_FACE('',(#182),#50,.F.);
#2423=ADVANCED_FACE('',(#183,#102),#51,.T.);
#2424=ADVANCED_FACE('',(#184),#52,.F.);
#2425=ADVANCED_FACE('',(#185,#103),#2330,.F.);
#2426=ADVANCED_FACE('',(#186),#2331,.F.);
#2427=ADVANCED_FACE('',(#187),#2332,.T.);
#2428=ADVANCED_FACE('',(#188),#53,.F.);
#2429=ADVANCED_FACE('',(#189,#104),#2333,.F.);
#2430=ADVANCED_FACE('',(#190),#2334,.F.);
#2431=ADVANCED_FACE('',(#191),#2335,.T.);
#2432=ADVANCED_FACE('',(#192),#54,.F.);
#2433=ADVANCED_FACE('',(#193,#105),#2336,.T.);
#2434=ADVANCED_FACE('',(#194),#55,.T.);
#2435=ADVANCED_FACE('',(#195),#2337,.T.);
#2436=ADVANCED_FACE('',(#196,#106),#2338,.F.);
#2437=ADVANCED_FACE('',(#197),#2339,.F.);
#2438=ADVANCED_FACE('',(#198),#2340,.T.);
#2439=ADVANCED_FACE('',(#199),#56,.F.);
#2440=ADVANCED_FACE('',(#200,#107,#108,#109,#110,#111,#112),#2341,.F.);
#2441=ADVANCED_FACE('',(#201),#2342,.F.);
#2442=ADVANCED_FACE('',(#202),#57,.F.);
#2443=ADVANCED_FACE('',(#203),#58,.F.);
#2444=ADVANCED_FACE('',(#204),#59,.F.);
#2445=ADVANCED_FACE('',(#205),#60,.F.);
#2446=ADVANCED_FACE('',(#206),#61,.F.);
#2447=ADVANCED_FACE('',(#207),#62,.F.);
#2448=ADVANCED_FACE('',(#208),#63,.F.);
#2449=ADVANCED_FACE('',(#209),#2343,.F.);
#2450=ADVANCED_FACE('',(#210),#2344,.F.);
#2451=ADVANCED_FACE('',(#211,#113,#114,#115,#116,#117,#118),#2345,.F.);
#2452=ADVANCED_FACE('',(#212),#2346,.F.);
#2453=ADVANCED_FACE('',(#213),#2347,.F.);
#2454=ADVANCED_FACE('',(#214),#2348,.T.);
#2455=ADVANCED_FACE('',(#215),#2349,.T.);
#2456=ADVANCED_FACE('',(#216),#2350,.T.);
#2457=ADVANCED_FACE('',(#217),#2351,.F.);
#2458=ADVANCED_FACE('',(#218),#2352,.F.);
#2459=ADVANCED_FACE('',(#219),#2353,.F.);
#2460=ADVANCED_FACE('',(#220),#2354,.F.);
#2461=ADVANCED_FACE('',(#221),#2355,.F.);
#2462=ADVANCED_FACE('',(#222),#2356,.F.);
#2463=ADVANCED_FACE('',(#223,#119),#64,.F.);
#2464=ADVANCED_FACE('',(#224,#120,#121,#122),#65,.F.);
#2465=ADVANCED_FACE('',(#225),#2357,.T.);
#2466=ADVANCED_FACE('',(#226,#123),#2358,.T.);
#2467=ADVANCED_FACE('',(#227),#66,.T.);
#2468=ADVANCED_FACE('',(#228),#67,.T.);
#2469=ADVANCED_FACE('',(#229),#68,.F.);
#2470=ADVANCED_FACE('',(#230),#69,.F.);
#2471=ADVANCED_FACE('',(#231),#70,.F.);
#2472=ADVANCED_FACE('',(#232),#71,.F.);
#2473=ADVANCED_FACE('',(#233),#72,.F.);
#2474=ADVANCED_FACE('',(#234,#124),#2359,.F.);
#2475=ADVANCED_FACE('',(#235),#2360,.F.);
#2476=ADVANCED_FACE('',(#236),#2361,.F.);
#2477=ADVANCED_FACE('',(#237),#2362,.F.);
#2478=ADVANCED_FACE('',(#238,#125),#2363,.T.);
#2479=ADVANCED_FACE('',(#239),#73,.F.);
#2480=ADVANCED_FACE('',(#240),#2364,.T.);
#2481=ADVANCED_FACE('',(#241),#74,.T.);
#2482=ADVANCED_FACE('',(#242,#126),#2365,.T.);
#2483=ADVANCED_FACE('',(#243),#75,.T.);
#2484=ADVANCED_FACE('',(#244),#76,.T.);
#2485=ADVANCED_FACE('',(#245),#77,.T.);
#2486=ADVANCED_FACE('',(#246,#127,#128),#2366,.T.);
#2487=ADVANCED_FACE('',(#247),#2367,.T.);
#2488=ADVANCED_FACE('',(#248),#2368,.T.);
#2489=ADVANCED_FACE('',(#249),#2369,.F.);
#2490=ADVANCED_FACE('',(#250),#2370,.F.);
#2491=ADVANCED_FACE('',(#251,#129),#2371,.T.);
#2492=ADVANCED_FACE('',(#252),#78,.F.);
#2493=ADVANCED_FACE('',(#253,#130),#2372,.T.);
#2494=ADVANCED_FACE('',(#254),#79,.F.);
#2495=ADVANCED_FACE('',(#255),#80,.T.);
#2496=ADVANCED_FACE('',(#256),#2373,.T.);
#2497=ADVANCED_FACE('',(#257),#81,.T.);
#2498=ADVANCED_FACE('',(#258),#82,.F.);
#2499=ADVANCED_FACE('',(#259),#83,.T.);
#2500=ADVANCED_FACE('',(#260,#131),#2374,.T.);
#2501=ADVANCED_FACE('',(#261,#132),#2375,.T.);
#2502=ADVANCED_FACE('',(#262),#35,.T.);
#2503=ADVANCED_FACE('',(#263),#36,.F.);
#2504=ADVANCED_FACE('',(#264),#84,.F.);
#2505=ADVANCED_FACE('',(#265),#85,.T.);
#2506=ADVANCED_FACE('',(#266,#133,#134,#135,#136),#2376,.T.);
#2507=ADVANCED_FACE('',(#267),#86,.T.);
#2508=CLOSED_SHELL('',(#2377,#2378,#2379,#2380,#2381,#2382,#2383,#2384,
#2385,#2386,#2387,#2388,#2389,#2390,#2391,#2392,#2393,#2394,#2395,#2396,
#2397,#2398,#2399,#2400,#2401,#2402,#2403,#2404,#2405,#2406,#2407,#2408,
#2409,#2410,#2411,#2412,#2413,#2414,#2415,#2416,#2417,#2418,#2419,#2420,
#2421,#2422,#2423,#2424,#2425,#2426,#2427,#2428,#2429,#2430,#2431,#2432,
#2433,#2434,#2435,#2436,#2437,#2438,#2439,#2440,#2441,#2442,#2443,#2444,
#2445,#2446,#2447,#2448,#2449,#2450,#2451,#2452,#2453,#2454,#2455,#2456,
#2457,#2458,#2459,#2460,#2461,#2462,#2463,#2464,#2465,#2466,#2467,#2468,
#2469,#2470,#2471,#2472,#2473,#2474,#2475,#2476,#2477,#2478,#2479,#2480,
#2481,#2482,#2483,#2484,#2485,#2486,#2487,#2488,#2489,#2490,#2491,#2492,
#2493,#2494,#2495,#2496,#2497,#2498,#2499,#2500,#2501,#2502,#2503,#2504,
#2505,#2506,#2507));
#2509=AXIS2_PLACEMENT_3D('',#3476,#2758,#2759);
#2510=AXIS2_PLACEMENT_3D('',#3477,#2760,#2761);
#2511=AXIS2_PLACEMENT_3D('',#3484,#2764,#2765);
#2512=AXIS2_PLACEMENT_3D('',#3490,#2768,#2769);
#2513=AXIS2_PLACEMENT_3D('',#3520,#2785,#2786);
#2514=AXIS2_PLACEMENT_3D('',#3522,#2787,#2788);
#2515=AXIS2_PLACEMENT_3D('',#3526,#2790,#2791);
#2516=AXIS2_PLACEMENT_3D('',#3530,#2793,#2794);
#2517=AXIS2_PLACEMENT_3D('',#3534,#2796,#2797);
#2518=AXIS2_PLACEMENT_3D('',#3538,#2799,#2800);
#2519=AXIS2_PLACEMENT_3D('',#3541,#2802,#2803);
#2520=AXIS2_PLACEMENT_3D('',#3546,#2805,#2806);
#2521=AXIS2_PLACEMENT_3D('',#3549,#2808,#2809);
#2522=AXIS2_PLACEMENT_3D('',#3550,#2810,#2811);
#2523=AXIS2_PLACEMENT_3D('',#3557,#2815,#2816);
#2524=AXIS2_PLACEMENT_3D('',#3558,#2817,#2818);
#2525=AXIS2_PLACEMENT_3D('',#3562,#2821,#2822);
#2526=AXIS2_PLACEMENT_3D('',#3566,#2825,#2826);
#2527=AXIS2_PLACEMENT_3D('',#3568,#2828,#2829);
#2528=AXIS2_PLACEMENT_3D('',#3570,#2830,#2831);
#2529=AXIS2_PLACEMENT_3D('',#3571,#2832,#2833);
#2530=AXIS2_PLACEMENT_3D('',#3578,#2837,#2838);
#2531=AXIS2_PLACEMENT_3D('',#3579,#2839,#2840);
#2532=AXIS2_PLACEMENT_3D('',#3583,#2843,#2844);
#2533=AXIS2_PLACEMENT_3D('',#3587,#2847,#2848);
#2534=AXIS2_PLACEMENT_3D('',#3589,#2850,#2851);
#2535=AXIS2_PLACEMENT_3D('',#3591,#2852,#2853);
#2536=AXIS2_PLACEMENT_3D('',#3592,#2854,#2855);
#2537=AXIS2_PLACEMENT_3D('',#3595,#2857,#2858);
#2538=AXIS2_PLACEMENT_3D('',#3596,#2859,#2860);
#2539=AXIS2_PLACEMENT_3D('',#3599,#2862,#2863);
#2540=AXIS2_PLACEMENT_3D('',#3600,#2864,#2865);
#2541=AXIS2_PLACEMENT_3D('',#3602,#2866,#2867);
#2542=AXIS2_PLACEMENT_3D('',#3604,#2869,#2870);
#2543=AXIS2_PLACEMENT_3D('',#3605,#2871,#2872);
#2544=AXIS2_PLACEMENT_3D('',#3607,#2873,#2874);
#2545=AXIS2_PLACEMENT_3D('',#3609,#2876,#2877);
#2546=AXIS2_PLACEMENT_3D('',#3610,#2878,#2879);
#2547=AXIS2_PLACEMENT_3D('',#3612,#2880,#2881);
#2548=AXIS2_PLACEMENT_3D('',#3614,#2882,#2883);
#2549=AXIS2_PLACEMENT_3D('',#3615,#2884,#2885);
#2550=AXIS2_PLACEMENT_3D('',#3634,#2893,#2894);
#2551=AXIS2_PLACEMENT_3D('',#3640,#2895,#2896);
#2552=AXIS2_PLACEMENT_3D('',#3645,#2897,#2898);
#2553=AXIS2_PLACEMENT_3D('',#3646,#2899,#2900);
#2554=AXIS2_PLACEMENT_3D('',#3652,#2904,#2905);
#2555=AXIS2_PLACEMENT_3D('',#3656,#2908,#2909);
#2556=AXIS2_PLACEMENT_3D('',#3660,#2912,#2913);
#2557=AXIS2_PLACEMENT_3D('',#3662,#2915,#2916);
#2558=AXIS2_PLACEMENT_3D('',#3674,#2922,#2923);
#2559=AXIS2_PLACEMENT_3D('',#3679,#2926,#2927);
#2560=AXIS2_PLACEMENT_3D('',#3680,#2928,#2929);
#2561=AXIS2_PLACEMENT_3D('',#3686,#2933,#2934);
#2562=AXIS2_PLACEMENT_3D('',#3692,#2938,#2939);
#2563=AXIS2_PLACEMENT_3D('',#3693,#2940,#2941);
#2564=AXIS2_PLACEMENT_3D('',#3697,#2944,#2945);
#2565=AXIS2_PLACEMENT_3D('',#3701,#2948,#2949);
#2566=AXIS2_PLACEMENT_3D('',#3710,#2954,#2955);
#2567=AXIS2_PLACEMENT_3D('',#3717,#2960,#2961);
#2568=AXIS2_PLACEMENT_3D('',#3721,#2964,#2965);
#2569=AXIS2_PLACEMENT_3D('',#3723,#2966,#2967);
#2570=AXIS2_PLACEMENT_3D('',#3726,#2969,#2970);
#2571=AXIS2_PLACEMENT_3D('',#3727,#2971,#2972);
#2572=AXIS2_PLACEMENT_3D('',#3729,#2973,#2974);
#2573=AXIS2_PLACEMENT_3D('',#3731,#2976,#2977);
#2574=AXIS2_PLACEMENT_3D('',#3733,#2978,#2979);
#2575=AXIS2_PLACEMENT_3D('',#3736,#2981,#2982);
#2576=AXIS2_PLACEMENT_3D('',#3737,#2983,#2984);
#2577=AXIS2_PLACEMENT_3D('',#3739,#2985,#2986);
#2578=AXIS2_PLACEMENT_3D('',#3742,#2988,#2989);
#2579=AXIS2_PLACEMENT_3D('',#3743,#2990,#2991);
#2580=AXIS2_PLACEMENT_3D('',#3748,#2995,#2996);
#2581=AXIS2_PLACEMENT_3D('',#3750,#2998,#2999);
#2582=AXIS2_PLACEMENT_3D('',#3751,#3000,#3001);
#2583=AXIS2_PLACEMENT_3D('',#3756,#3005,#3006);
#2584=AXIS2_PLACEMENT_3D('',#3758,#3007,#3008);
#2585=AXIS2_PLACEMENT_3D('',#3761,#3010,#3011);
#2586=AXIS2_PLACEMENT_3D('',#3762,#3012,#3013);
#2587=AXIS2_PLACEMENT_3D('',#3765,#3016,#3017);
#2588=AXIS2_PLACEMENT_3D('',#3767,#3019,#3020);
#2589=AXIS2_PLACEMENT_3D('',#3769,#3021,#3022);
#2590=AXIS2_PLACEMENT_3D('',#3773,#3024,#3025);
#2591=AXIS2_PLACEMENT_3D('',#3776,#3027,#3028);
#2592=AXIS2_PLACEMENT_3D('',#3777,#3029,#3030);
#2593=AXIS2_PLACEMENT_3D('',#3813,#3032,#3033);
#2594=AXIS2_PLACEMENT_3D('',#3834,#3035,#3036);
#2595=AXIS2_PLACEMENT_3D('',#3845,#3037,#3038);
#2596=AXIS2_PLACEMENT_3D('',#3870,#3041,#3042);
#2597=AXIS2_PLACEMENT_3D('',#3917,#3043,#3044);
#2598=AXIS2_PLACEMENT_3D('',#3965,#3045,#3046);
#2599=AXIS2_PLACEMENT_3D('',#3966,#3047,#3048);
#2600=AXIS2_PLACEMENT_3D('',#3976,#3053,#3054);
#2601=AXIS2_PLACEMENT_3D('',#3977,#3055,#3056);
#2602=AXIS2_PLACEMENT_3D('',#3983,#3060,#3061);
#2603=AXIS2_PLACEMENT_3D('',#3985,#3062,#3063);
#2604=AXIS2_PLACEMENT_3D('',#3987,#3065,#3066);
#2605=AXIS2_PLACEMENT_3D('',#3989,#3068,#3069);
#2606=AXIS2_PLACEMENT_3D('',#3999,#3074,#3075);
#2607=AXIS2_PLACEMENT_3D('',#4000,#3076,#3077);
#2608=AXIS2_PLACEMENT_3D('',#4006,#3081,#3082);
#2609=AXIS2_PLACEMENT_3D('',#4008,#3083,#3084);
#2610=AXIS2_PLACEMENT_3D('',#4010,#3086,#3087);
#2611=AXIS2_PLACEMENT_3D('',#4012,#3089,#3090);
#2612=AXIS2_PLACEMENT_3D('',#4013,#3091,#3092);
#2613=AXIS2_PLACEMENT_3D('',#4015,#3093,#3094);
#2614=AXIS2_PLACEMENT_3D('',#4016,#3095,#3096);
#2615=AXIS2_PLACEMENT_3D('',#4017,#3097,#3098);
#2616=AXIS2_PLACEMENT_3D('',#4018,#3099,#3100);
#2617=AXIS2_PLACEMENT_3D('',#4028,#3105,#3106);
#2618=AXIS2_PLACEMENT_3D('',#4029,#3107,#3108);
#2619=AXIS2_PLACEMENT_3D('',#4035,#3112,#3113);
#2620=AXIS2_PLACEMENT_3D('',#4037,#3114,#3115);
#2621=AXIS2_PLACEMENT_3D('',#4039,#3117,#3118);
#2622=AXIS2_PLACEMENT_3D('',#4041,#3120,#3121);
#2623=AXIS2_PLACEMENT_3D('',#4051,#3126,#3127);
#2624=AXIS2_PLACEMENT_3D('',#4053,#3128,#3129);
#2625=AXIS2_PLACEMENT_3D('',#4055,#3130,#3131);
#2626=AXIS2_PLACEMENT_3D('',#4057,#3132,#3133);
#2627=AXIS2_PLACEMENT_3D('',#4059,#3134,#3135);
#2628=AXIS2_PLACEMENT_3D('',#4061,#3136,#3137);
#2629=AXIS2_PLACEMENT_3D('',#4062,#3138,#3139);
#2630=AXIS2_PLACEMENT_3D('',#4064,#3141,#3142);
#2631=AXIS2_PLACEMENT_3D('',#4065,#3143,#3144);
#2632=AXIS2_PLACEMENT_3D('',#4068,#3146,#3147);
#2633=AXIS2_PLACEMENT_3D('',#4069,#3148,#3149);
#2634=AXIS2_PLACEMENT_3D('',#4072,#3151,#3152);
#2635=AXIS2_PLACEMENT_3D('',#4073,#3153,#3154);
#2636=AXIS2_PLACEMENT_3D('',#4076,#3156,#3157);
#2637=AXIS2_PLACEMENT_3D('',#4077,#3158,#3159);
#2638=AXIS2_PLACEMENT_3D('',#4080,#3161,#3162);
#2639=AXIS2_PLACEMENT_3D('',#4081,#3163,#3164);
#2640=AXIS2_PLACEMENT_3D('',#4084,#3166,#3167);
#2641=AXIS2_PLACEMENT_3D('',#4085,#3168,#3169);
#2642=AXIS2_PLACEMENT_3D('',#4088,#3171,#3172);
#2643=AXIS2_PLACEMENT_3D('',#4089,#3173,#3174);
#2644=AXIS2_PLACEMENT_3D('',#4091,#3175,#3176);
#2645=AXIS2_PLACEMENT_3D('',#4093,#3178,#3179);
#2646=AXIS2_PLACEMENT_3D('',#4096,#3180,#3181);
#2647=AXIS2_PLACEMENT_3D('',#4102,#3185,#3186);
#2648=AXIS2_PLACEMENT_3D('',#4104,#3187,#3188);
#2649=AXIS2_PLACEMENT_3D('',#4108,#3191,#3192);
#2650=AXIS2_PLACEMENT_3D('',#4114,#3196,#3197);
#2651=AXIS2_PLACEMENT_3D('',#4116,#3198,#3199);
#2652=AXIS2_PLACEMENT_3D('',#4120,#3202,#3203);
#2653=AXIS2_PLACEMENT_3D('',#4121,#3204,#3205);
#2654=AXIS2_PLACEMENT_3D('',#4123,#3207,#3208);
#2655=AXIS2_PLACEMENT_3D('',#4129,#3212,#3213);
#2656=AXIS2_PLACEMENT_3D('',#4130,#3214,#3215);
#2657=AXIS2_PLACEMENT_3D('',#4132,#3217,#3218);
#2658=AXIS2_PLACEMENT_3D('',#4135,#3219,#3220);
#2659=AXIS2_PLACEMENT_3D('',#4138,#3223,#3224);
#2660=AXIS2_PLACEMENT_3D('',#4142,#3227,#3228);
#2661=AXIS2_PLACEMENT_3D('',#4143,#3229,#3230);
#2662=AXIS2_PLACEMENT_3D('',#4144,#3231,#3232);
#2663=AXIS2_PLACEMENT_3D('',#4148,#3235,#3236);
#2664=AXIS2_PLACEMENT_3D('',#4149,#3237,#3238);
#2665=AXIS2_PLACEMENT_3D('',#4150,#3239,#3240);
#2666=AXIS2_PLACEMENT_3D('',#4154,#3243,#3244);
#2667=AXIS2_PLACEMENT_3D('',#4155,#3245,#3246);
#2668=AXIS2_PLACEMENT_3D('',#4156,#3247,#3248);
#2669=AXIS2_PLACEMENT_3D('',#4175,#3249,#3250);
#2670=AXIS2_PLACEMENT_3D('',#4177,#3252,#3253);
#2671=AXIS2_PLACEMENT_3D('',#4183,#3257,#3258);
#2672=AXIS2_PLACEMENT_3D('',#4185,#3259,#3260);
#2673=AXIS2_PLACEMENT_3D('',#4186,#3261,#3262);
#2674=AXIS2_PLACEMENT_3D('',#4189,#3263,#3264);
#2675=AXIS2_PLACEMENT_3D('',#4193,#3266,#3267);
#2676=AXIS2_PLACEMENT_3D('',#4195,#3269,#3270);
#2677=AXIS2_PLACEMENT_3D('',#4197,#3271,#3272);
#2678=AXIS2_PLACEMENT_3D('',#4200,#3274,#3275);
#2679=AXIS2_PLACEMENT_3D('',#4201,#3276,#3277);
#2680=AXIS2_PLACEMENT_3D('',#4203,#3278,#3279);
#2681=AXIS2_PLACEMENT_3D('',#4206,#3281,#3282);
#2682=AXIS2_PLACEMENT_3D('',#4207,#3283,#3284);
#2683=AXIS2_PLACEMENT_3D('',#4211,#3286,#3287);
#2684=AXIS2_PLACEMENT_3D('',#4212,#3288,#3289);
#2685=AXIS2_PLACEMENT_3D('',#4213,#3290,#3291);
#2686=AXIS2_PLACEMENT_3D('',#4215,#3292,#3293);
#2687=AXIS2_PLACEMENT_3D('',#4217,#3295,#3296);
#2688=AXIS2_PLACEMENT_3D('',#4219,#3297,#3298);
#2689=AXIS2_PLACEMENT_3D('',#4222,#3300,#3301);
#2690=AXIS2_PLACEMENT_3D('',#4223,#3302,#3303);
#2691=AXIS2_PLACEMENT_3D('',#4226,#3304,#3305);
#2692=AXIS2_PLACEMENT_3D('',#4228,#3307,#3308);
#2693=AXIS2_PLACEMENT_3D('',#4229,#3309,#3310);
#2694=AXIS2_PLACEMENT_3D('',#4235,#3314,#3315);
#2695=AXIS2_PLACEMENT_3D('',#4237,#3317,#3318);
#2696=AXIS2_PLACEMENT_3D('',#4239,#3320,#3321);
#2697=AXIS2_PLACEMENT_3D('',#4240,#3322,#3323);
#2698=AXIS2_PLACEMENT_3D('',#4242,#3324,#3325);
#2699=AXIS2_PLACEMENT_3D('',#4243,#3326,#3327);
#2700=AXIS2_PLACEMENT_3D('',#4245,#3328,#3329);
#2701=AXIS2_PLACEMENT_3D('',#4247,#3331,#3332);
#2702=AXIS2_PLACEMENT_3D('',#4256,#3337,#3338);
#2703=AXIS2_PLACEMENT_3D('',#4257,#3339,#3340);
#2704=AXIS2_PLACEMENT_3D('',#4258,#3341,#3342);
#2705=AXIS2_PLACEMENT_3D('',#4259,#3343,#3344);
#2706=AXIS2_PLACEMENT_3D('',#4267,#3348,#3349);
#2707=AXIS2_PLACEMENT_3D('',#4269,#3350,#3351);
#2708=AXIS2_PLACEMENT_3D('',#4270,#3352,#3353);
#2709=AXIS2_PLACEMENT_3D('',#4272,#3354,#3355);
#2710=AXIS2_PLACEMENT_3D('',#4273,#3356,#3357);
#2711=AXIS2_PLACEMENT_3D('',#4274,#3358,#3359);
#2712=AXIS2_PLACEMENT_3D('',#4275,#3360,#3361);
#2713=AXIS2_PLACEMENT_3D('',#4276,#3362,#3363);
#2714=AXIS2_PLACEMENT_3D('',#4279,#3364,#3365);
#2715=AXIS2_PLACEMENT_3D('',#4282,#3368,#3369);
#2716=AXIS2_PLACEMENT_3D('',#4283,#3370,#3371);
#2717=AXIS2_PLACEMENT_3D('',#4284,#3372,#3373);
#2718=AXIS2_PLACEMENT_3D('',#4287,#3374,#3375);
#2719=AXIS2_PLACEMENT_3D('',#4288,#3376,#3377);
#2720=AXIS2_PLACEMENT_3D('',#4293,#3380,#3381);
#2721=AXIS2_PLACEMENT_3D('',#4295,#3382,#3383);
#2722=AXIS2_PLACEMENT_3D('',#4297,#3384,#3385);
#2723=AXIS2_PLACEMENT_3D('',#4300,#3387,#3388);
#2724=AXIS2_PLACEMENT_3D('',#4301,#3389,#3390);
#2725=AXIS2_PLACEMENT_3D('',#4308,#3395,#3396);
#2726=AXIS2_PLACEMENT_3D('',#4311,#3399,#3400);
#2727=AXIS2_PLACEMENT_3D('',#4312,#3401,#3402);
#2728=AXIS2_PLACEMENT_3D('',#4313,#3403,#3404);
#2729=AXIS2_PLACEMENT_3D('',#4315,#3405,#3406);
#2730=AXIS2_PLACEMENT_3D('',#4316,#3407,#3408);
#2731=AXIS2_PLACEMENT_3D('',#4318,#3410,#3411);
#2732=AXIS2_PLACEMENT_3D('',#4320,#3412,#3413);
#2733=AXIS2_PLACEMENT_3D('',#4321,#3414,#3415);
#2734=AXIS2_PLACEMENT_3D('',#4323,#3417,#3418);
#2735=AXIS2_PLACEMENT_3D('',#4325,#3419,#3420);
#2736=AXIS2_PLACEMENT_3D('',#4327,#3422,#3423);
#2737=AXIS2_PLACEMENT_3D('',#4336,#3429,#3430);
#2738=AXIS2_PLACEMENT_3D('',#4338,#3431,#3432);
#2739=AXIS2_PLACEMENT_3D('',#4340,#3434,#3435);
#2740=AXIS2_PLACEMENT_3D('',#4342,#3436,#3437);
#2741=AXIS2_PLACEMENT_3D('',#4344,#3439,#3440);
#2742=AXIS2_PLACEMENT_3D('',#4345,#3441,#3442);
#2743=AXIS2_PLACEMENT_3D('',#4346,#3443,#3444);
#2744=AXIS2_PLACEMENT_3D('',#4348,#3445,#3446);
#2745=AXIS2_PLACEMENT_3D('',#4349,#3447,#3448);
#2746=AXIS2_PLACEMENT_3D('',#4350,#3449,#3450);
#2747=AXIS2_PLACEMENT_3D('',#4352,#3451,#3452);
#2748=AXIS2_PLACEMENT_3D('',#4354,#3453,#3454);
#2749=AXIS2_PLACEMENT_3D('',#4355,#3455,#3456);
#2750=AXIS2_PLACEMENT_3D('',#4357,#3458,#3459);
#2751=AXIS2_PLACEMENT_3D('',#4359,#3461,#3462);
#2752=AXIS2_PLACEMENT_3D('',#4362,#3464,#3465);
#2753=AXIS2_PLACEMENT_3D('',#4363,#3466,#3467);
#2754=AXIS2_PLACEMENT_3D('',#4364,#3468,#3469);
#2755=AXIS2_PLACEMENT_3D('',#4365,#3470,#3471);
#2756=AXIS2_PLACEMENT_3D('',#4366,#3472,#3473);
#2757=AXIS2_PLACEMENT_3D('',#4367,#3474,#3475);
#2758=DIRECTION('axis',(0.,0.,1.));
#2759=DIRECTION('refdir',(1.,0.,0.));
#2760=DIRECTION('center_axis',(0.,1.,0.));
#2761=DIRECTION('ref_axis',(1.,0.,0.));
#2762=DIRECTION('',(1.,0.,1.30179744381259E-15));
#2763=DIRECTION('',(-1.11022302462516E-15,0.,1.));
#2764=DIRECTION('center_axis',(0.,1.,0.));
#2765=DIRECTION('ref_axis',(0.699151016034999,0.,0.714974025246532));
#2766=DIRECTION('',(-1.,0.,0.));
#2767=DIRECTION('',(-0.216653491190914,0.,0.976248567094871));
#2768=DIRECTION('center_axis',(0.,-1.,0.));
#2769=DIRECTION('ref_axis',(-0.994044407231103,-1.68618096694311E-16,-0.108975760848753));
#2770=DIRECTION('',(-0.707106781186548,0.,-0.707106781186548));
#2771=DIRECTION('',(0.,0.,1.));
#2772=DIRECTION('',(1.,0.,1.30179744381259E-15));
#2773=DIRECTION('',(0.,0.,1.));
#2774=DIRECTION('',(-1.,0.,-1.30179744381088E-15));
#2775=DIRECTION('',(1.11022302462516E-15,0.,-1.));
#2776=DIRECTION('',(-0.216653491190914,0.,0.976248567094871));
#2777=DIRECTION('',(0.,0.,-1.));
#2778=DIRECTION('',(-1.,0.,0.));
#2779=DIRECTION('',(0.,0.,1.));
#2780=DIRECTION('',(1.,0.,0.));
#2781=DIRECTION('',(0.,0.,-1.));
#2782=DIRECTION('',(-1.,0.,0.));
#2783=DIRECTION('',(0.,0.,1.));
#2784=DIRECTION('',(1.,0.,0.));
#2785=DIRECTION('center_axis',(0.,0.,-1.));
#2786=DIRECTION('ref_axis',(-1.,0.,0.));
#2787=DIRECTION('center_axis',(1.07804919811539E-37,8.02270192386377E-33,
1.));
#2788=DIRECTION('ref_axis',(-1.,0.,1.07804919811539E-37));
#2789=DIRECTION('',(0.,0.,1.));
#2790=DIRECTION('center_axis',(1.07804919811539E-37,8.02270192386377E-33,
1.));
#2791=DIRECTION('ref_axis',(-1.,0.,0.));
#2792=DIRECTION('',(0.,0.,1.));
#2793=DIRECTION('center_axis',(0.,1.35958850965358E-62,-1.));
#2794=DIRECTION('ref_axis',(-1.,0.,0.));
#2795=DIRECTION('',(0.,0.,-1.));
#2796=DIRECTION('center_axis',(0.,-1.35958850965358E-62,1.));
#2797=DIRECTION('ref_axis',(-1.,0.,0.));
#2798=DIRECTION('',(0.,0.,1.));
#2799=DIRECTION('center_axis',(0.,1.35958850965358E-62,-1.));
#2800=DIRECTION('ref_axis',(-1.,0.,0.));
#2801=DIRECTION('',(0.,0.,-1.));
#2802=DIRECTION('center_axis',(1.07804919811539E-37,8.02270192386377E-33,
1.));
#2803=DIRECTION('ref_axis',(-1.,0.,0.));
#2804=DIRECTION('',(0.,0.,1.));
#2805=DIRECTION('center_axis',(0.,1.35958850965358E-62,-1.));
#2806=DIRECTION('ref_axis',(-1.,0.,0.));
#2807=DIRECTION('',(0.,0.,-1.));
#2808=DIRECTION('center_axis',(1.30179744381259E-15,0.,-1.));
#2809=DIRECTION('ref_axis',(-1.,0.,0.));
#2810=DIRECTION('center_axis',(0.,0.,1.));
#2811=DIRECTION('ref_axis',(-1.,0.,0.));
#2812=DIRECTION('',(1.,1.53134210293125E-16,0.));
#2813=DIRECTION('',(0.,-1.,0.));
#2814=DIRECTION('',(0.,-1.,0.));
#2815=DIRECTION('center_axis',(0.,0.,-1.));
#2816=DIRECTION('ref_axis',(-1.,0.,0.));
#2817=DIRECTION('center_axis',(-1.,0.,0.));
#2818=DIRECTION('ref_axis',(0.,1.,0.));
#2819=DIRECTION('',(0.,1.,0.));
#2820=DIRECTION('',(0.,0.,-1.));
#2821=DIRECTION('center_axis',(-1.53134210293125E-16,1.,0.));
#2822=DIRECTION('ref_axis',(1.,1.53134210293125E-16,0.));
#2823=DIRECTION('',(1.,1.53134210293125E-16,0.));
#2824=DIRECTION('',(0.,0.,-1.));
#2825=DIRECTION('center_axis',(1.,0.,0.));
#2826=DIRECTION('ref_axis',(0.,-1.,0.));
#2827=DIRECTION('',(0.,-1.,0.));
#2828=DIRECTION('center_axis',(0.,0.,1.));
#2829=DIRECTION('ref_axis',(-1.,0.,0.));
#2830=DIRECTION('center_axis',(0.,0.,1.));
#2831=DIRECTION('ref_axis',(-1.,0.,0.));
#2832=DIRECTION('center_axis',(0.,0.,1.));
#2833=DIRECTION('ref_axis',(-1.,0.,0.));
#2834=DIRECTION('',(1.,0.,0.));
#2835=DIRECTION('',(1.225073682345E-15,-1.,0.));
#2836=DIRECTION('',(0.,-1.,0.));
#2837=DIRECTION('center_axis',(0.,0.,-1.));
#2838=DIRECTION('ref_axis',(-1.,0.,0.));
#2839=DIRECTION('center_axis',(-1.,1.225073682345E-15,0.));
#2840=DIRECTION('ref_axis',(1.225073682345E-15,1.,0.));
#2841=DIRECTION('',(1.225073682345E-15,1.,0.));
#2842=DIRECTION('',(0.,0.,-1.));
#2843=DIRECTION('center_axis',(0.,1.,0.));
#2844=DIRECTION('ref_axis',(1.,0.,0.));
#2845=DIRECTION('',(1.,0.,0.));
#2846=DIRECTION('',(0.,0.,-1.));
#2847=DIRECTION('center_axis',(1.,1.225073682345E-15,0.));
#2848=DIRECTION('ref_axis',(1.225073682345E-15,-1.,0.));
#2849=DIRECTION('',(0.,-1.,0.));
#2850=DIRECTION('center_axis',(0.,0.,1.));
#2851=DIRECTION('ref_axis',(-1.,0.,0.));
#2852=DIRECTION('center_axis',(0.,0.,1.));
#2853=DIRECTION('ref_axis',(-1.,0.,0.));
#2854=DIRECTION('center_axis',(0.,0.,-1.));
#2855=DIRECTION('ref_axis',(-1.,0.,0.));
#2856=DIRECTION('',(0.,0.,-1.));
#2857=DIRECTION('center_axis',(0.,0.,-1.));
#2858=DIRECTION('ref_axis',(-1.,0.,0.));
#2859=DIRECTION('center_axis',(0.,0.,-1.));
#2860=DIRECTION('ref_axis',(-1.,0.,0.));
#2861=DIRECTION('',(0.,0.,-1.));
#2862=DIRECTION('center_axis',(0.,0.,-1.));
#2863=DIRECTION('ref_axis',(-1.,0.,0.));
#2864=DIRECTION('center_axis',(0.,0.,-1.));
#2865=DIRECTION('ref_axis',(-1.,0.,0.));
#2866=DIRECTION('center_axis',(1.30179744381259E-15,0.,-1.));
#2867=DIRECTION('ref_axis',(-1.,0.,0.));
#2868=DIRECTION('',(0.,0.,-1.));
#2869=DIRECTION('center_axis',(0.,0.,1.));
#2870=DIRECTION('ref_axis',(-1.,0.,0.));
#2871=DIRECTION('center_axis',(0.,0.,-1.));
#2872=DIRECTION('ref_axis',(-1.,0.,0.));
#2873=DIRECTION('center_axis',(1.30179744381259E-15,0.,-1.));
#2874=DIRECTION('ref_axis',(-1.,0.,0.));
#2875=DIRECTION('',(0.,0.,-1.));
#2876=DIRECTION('center_axis',(0.,0.,1.));
#2877=DIRECTION('ref_axis',(-1.,0.,0.));
#2878=DIRECTION('center_axis',(-1.30179744381259E-15,0.,1.));
#2879=DIRECTION('ref_axis',(-1.,0.,-1.30179744381259E-15));
#2880=DIRECTION('center_axis',(-1.30179744381259E-15,0.,1.));
#2881=DIRECTION('ref_axis',(-1.,0.,0.));
#2882=DIRECTION('center_axis',(1.97215344484665E-31,8.7934330908586E-33,
-1.));
#2883=DIRECTION('ref_axis',(-1.,0.,-1.97215344484665E-31));
#2884=DIRECTION('center_axis',(-1.,0.,4.82563706244093E-15));
#2885=DIRECTION('ref_axis',(4.82563706244093E-15,0.,1.));
#2886=DIRECTION('',(0.,-1.,0.));
#2887=DIRECTION('',(4.82563706244093E-15,0.,1.));
#2888=DIRECTION('',(0.,1.,0.));
#2889=DIRECTION('',(0.,1.,0.));
#2890=DIRECTION('',(4.82563706244093E-15,0.,1.));
#2891=DIRECTION('',(0.,1.,0.));
#2892=DIRECTION('',(1.11022302462516E-15,0.,-1.));
#2893=DIRECTION('center_axis',(0.,1.,0.));
#2894=DIRECTION('ref_axis',(0.699151016035001,0.,0.71497402524653));
#2895=DIRECTION('center_axis',(0.,1.,0.));
#2896=DIRECTION('ref_axis',(0.699151016035001,0.,0.71497402524653));
#2897=DIRECTION('center_axis',(0.,-1.,0.));
#2898=DIRECTION('ref_axis',(0.699151016034999,0.,0.714974025246532));
#2899=DIRECTION('center_axis',(0.318267659859063,0.707106781186547,-0.631431466342814));
#2900=DIRECTION('ref_axis',(-0.892978943411137,0.,-0.450098441037434));
#2901=DIRECTION('',(0.892978943411137,0.,0.450098441037434));
#2902=DIRECTION('',(-3.31242822062373E-15,-0.666066318876897,-0.745892525004628));
#2903=DIRECTION('',(0.892978943411137,0.,0.450098441037434));
#2904=DIRECTION('center_axis',(0.,1.,0.));
#2905=DIRECTION('ref_axis',(0.,0.,1.));
#2906=DIRECTION('',(0.892978943411137,0.,0.450098441037434));
#2907=DIRECTION('',(-4.44089209850062E-15,0.,-1.));
#2908=DIRECTION('center_axis',(-0.450098441037434,0.,0.892978943411137));
#2909=DIRECTION('ref_axis',(0.892978943411137,0.,0.450098441037434));
#2910=DIRECTION('',(-0.892978943411137,0.,-0.450098441037434));
#2911=DIRECTION('',(0.,1.,0.));
#2912=DIRECTION('center_axis',(1.,0.,-4.44089209850062E-15));
#2913=DIRECTION('ref_axis',(-4.44089209850062E-15,0.,-1.));
#2914=DIRECTION('',(4.44089209850062E-15,0.,1.));
#2915=DIRECTION('center_axis',(0.,1.,0.));
#2916=DIRECTION('ref_axis',(1.,0.,0.));
#2917=DIRECTION('',(1.,0.,1.30179744381088E-15));
#2918=DIRECTION('',(1.,0.,1.30179744381088E-15));
#2919=DIRECTION('',(1.,0.,1.30179744381259E-15));
#2920=DIRECTION('',(0.707106781186548,0.,-0.707106781186547));
#2921=DIRECTION('',(0.,0.,-1.));
#2922=DIRECTION('center_axis',(0.,1.,0.));
#2923=DIRECTION('ref_axis',(-0.994044407231103,-1.68618096694311E-16,-0.108975760848753));
#2924=DIRECTION('',(0.216653491190914,0.,-0.976248567094871));
#2925=DIRECTION('',(1.,0.,0.));
#2926=DIRECTION('center_axis',(0.,-1.,0.));
#2927=DIRECTION('ref_axis',(0.699151016034999,0.,0.714974025246532));
#2928=DIRECTION('center_axis',(-0.707106781186547,-2.36995088103211E-16,
-0.707106781186548));
#2929=DIRECTION('ref_axis',(-0.707106781186548,0.,0.707106781186547));
#2930=DIRECTION('',(-3.35161667811368E-16,1.,-4.36312602420802E-31));
#2931=DIRECTION('',(0.707106781186548,0.,-0.707106781186547));
#2932=DIRECTION('',(-3.35161667811368E-16,1.,7.17454327160292E-33));
#2933=DIRECTION('center_axis',(3.35161667811368E-16,-1.,-1.51025075177601E-15));
#2934=DIRECTION('ref_axis',(-0.994044407231103,-1.68618096694311E-16,-0.108975760848753));
#2935=DIRECTION('',(3.35161667811368E-16,-1.,-1.51025075177601E-15));
#2936=DIRECTION('',(-3.35161667811368E-16,1.,1.51025075177601E-15));
#2937=DIRECTION('',(3.35161667811368E-16,-1.,-1.51025075177601E-15));
#2938=DIRECTION('center_axis',(0.,-1.,0.));
#2939=DIRECTION('ref_axis',(-0.994044407231103,-1.68618096694311E-16,-0.108975760848753));
#2940=DIRECTION('center_axis',(1.,3.35161667811368E-16,0.));
#2941=DIRECTION('ref_axis',(3.35161667811368E-16,-1.,-7.17454327160292E-33));
#2942=DIRECTION('',(0.,0.,-1.));
#2943=DIRECTION('',(3.35161667811368E-16,-1.,0.));
#2944=DIRECTION('center_axis',(0.707106781186548,2.36995088103211E-16,-0.707106781186548));
#2945=DIRECTION('ref_axis',(-0.707106781186548,0.,-0.707106781186548));
#2946=DIRECTION('',(0.707106781186548,2.55596446762475E-16,0.707106781186548));
#2947=DIRECTION('',(3.35161667811368E-16,-1.,0.));
#2948=DIRECTION('center_axis',(0.707106781186548,2.36995088103211E-16,-0.707106781186548));
#2949=DIRECTION('ref_axis',(-0.707106781186548,0.,-0.707106781186548));
#2950=DIRECTION('',(0.707106781186548,0.,0.707106781186548));
#2951=DIRECTION('',(3.35161667811368E-16,-1.,0.));
#2952=DIRECTION('',(-0.707106781186548,-2.1908266865355E-16,-0.707106781186548));
#2953=DIRECTION('',(-3.35161667811368E-16,1.,0.));
#2954=DIRECTION('center_axis',(0.,0.,-1.));
#2955=DIRECTION('ref_axis',(-1.,0.,0.));
#2956=DIRECTION('',(-1.,0.,0.));
#2957=DIRECTION('',(1.,0.,5.96041980368273E-33));
#2958=DIRECTION('',(-1.,-3.09829681290741E-16,0.));
#2959=DIRECTION('',(3.35161667811368E-16,-1.,-7.17454327160292E-33));
#2960=DIRECTION('center_axis',(3.09829681290741E-16,-1.,0.));
#2961=DIRECTION('ref_axis',(-1.,-3.09829681290741E-16,0.));
#2962=DIRECTION('',(-1.,-3.09829681290741E-16,0.));
#2963=DIRECTION('',(0.,0.,-1.));
#2964=DIRECTION('center_axis',(0.,0.,-1.));
#2965=DIRECTION('ref_axis',(-1.,0.,0.));
#2966=DIRECTION('center_axis',(-1.97215344484665E-31,-8.7934330908586E-33,
1.));
#2967=DIRECTION('ref_axis',(-1.,0.,-1.97215344484665E-31));
#2968=DIRECTION('',(0.,0.,1.));
#2969=DIRECTION('center_axis',(0.,0.,1.));
#2970=DIRECTION('ref_axis',(-1.,0.,0.));
#2971=DIRECTION('center_axis',(0.,0.,-1.));
#2972=DIRECTION('ref_axis',(-1.,0.,0.));
#2973=DIRECTION('center_axis',(-1.97215344484665E-31,-8.7934330908586E-33,
1.));
#2974=DIRECTION('ref_axis',(-1.,0.,-1.97215344484665E-31));
#2975=DIRECTION('',(0.,0.,1.));
#2976=DIRECTION('center_axis',(0.,0.,-1.));
#2977=DIRECTION('ref_axis',(-1.,0.,0.));
#2978=DIRECTION('center_axis',(-1.97215344484665E-31,-8.7934330908586E-33,
1.));
#2979=DIRECTION('ref_axis',(-1.,0.,-1.97215344484665E-31));
#2980=DIRECTION('',(0.,0.,1.));
#2981=DIRECTION('center_axis',(1.97215344484665E-31,8.7934330908586E-33,
-1.));
#2982=DIRECTION('ref_axis',(-1.,0.,-1.97215344484665E-31));
#2983=DIRECTION('center_axis',(0.,0.,-1.));
#2984=DIRECTION('ref_axis',(-1.,0.,0.));
#2985=DIRECTION('center_axis',(-1.97215344484665E-31,-8.7934330908586E-33,
1.));
#2986=DIRECTION('ref_axis',(-1.,0.,-1.97215344484665E-31));
#2987=DIRECTION('',(0.,0.,1.));
#2988=DIRECTION('center_axis',(0.,0.,1.));
#2989=DIRECTION('ref_axis',(-1.,0.,0.));
#2990=DIRECTION('center_axis',(2.22288645524737E-48,-7.17454327160292E-33,
1.));
#2991=DIRECTION('ref_axis',(-1.,0.,2.22288645524737E-48));
#2992=DIRECTION('',(3.35161667811368E-16,-1.,-7.17454327160292E-33));
#2993=DIRECTION('',(3.35161667811368E-16,-1.,-7.17454327160292E-33));
#2994=DIRECTION('',(1.,3.61467961505865E-16,3.70481075874561E-49));
#2995=DIRECTION('center_axis',(-3.61467961505865E-16,1.,0.));
#2996=DIRECTION('ref_axis',(1.,3.61467961505865E-16,0.));
#2997=DIRECTION('',(0.,0.,-1.));
#2998=DIRECTION('center_axis',(1.,3.35161667811368E-16,0.));
#2999=DIRECTION('ref_axis',(3.35161667811368E-16,-1.,-7.17454327160292E-33));
#3000=DIRECTION('center_axis',(0.,-1.,0.));
#3001=DIRECTION('ref_axis',(-1.,0.,1.16609458141972E-32));
#3002=DIRECTION('',(0.216653491190914,0.,-0.976248567094871));
#3003=DIRECTION('',(-1.11022302462516E-15,0.,1.));
#3004=DIRECTION('',(1.,0.,1.30179744381088E-15));
#3005=DIRECTION('center_axis',(-1.30179744381259E-15,0.,1.));
#3006=DIRECTION('ref_axis',(-1.,0.,-1.30179744381259E-15));
#3007=DIRECTION('center_axis',(-1.30179744381259E-15,0.,1.));
#3008=DIRECTION('ref_axis',(-1.,0.,-1.30179744381259E-15));
#3009=DIRECTION('',(-1.,0.,-1.30179744381259E-15));
#3010=DIRECTION('center_axis',(-1.30179744381259E-15,0.,1.));
#3011=DIRECTION('ref_axis',(-1.,0.,-1.11022302462516E-15));
#3012=DIRECTION('center_axis',(1.,-1.20592268101077E-13,1.11022302462516E-15));
#3013=DIRECTION('ref_axis',(1.11022302462516E-15,0.,-1.));
#3014=DIRECTION('',(-1.20592268101078E-13,-1.,5.433931772309E-13));
#3015=DIRECTION('',(1.20592268101077E-13,1.,1.56986706357339E-28));
#3016=DIRECTION('center_axis',(0.976248567094871,0.,0.216653491190914));
#3017=DIRECTION('ref_axis',(0.216653491190914,0.,-0.976248567094871));
#3018=DIRECTION('',(0.,1.,0.));
#3019=DIRECTION('center_axis',(0.976248567094871,0.,0.216653491190914));
#3020=DIRECTION('ref_axis',(0.216653491190914,0.,-0.976248567094871));
#3021=DIRECTION('center_axis',(0.976248567094871,0.,0.216653491190914));
#3022=DIRECTION('ref_axis',(0.216653491190914,-3.91165222356466E-16,-0.976248567094871));
#3023=DIRECTION('',(0.,-1.,0.));
#3024=DIRECTION('center_axis',(-0.976248567094871,0.,-0.216653491190914));
#3025=DIRECTION('ref_axis',(-0.216653491190914,0.,0.976248567094871));
#3026=DIRECTION('',(0.,-1.,0.));
#3027=DIRECTION('center_axis',(0.976248567094871,0.,0.216653491190914));
#3028=DIRECTION('ref_axis',(0.216653491190914,-3.91165222356466E-16,-0.976248567094871));
#3029=DIRECTION('center_axis',(-1.,0.,0.));
#3030=DIRECTION('ref_axis',(0.,-0.978705864159057,-0.20526770681399));
#3031=DIRECTION('',(-1.,0.,0.));
#3032=DIRECTION('center_axis',(1.,0.,2.67788226128611E-12));
#3033=DIRECTION('ref_axis',(0.,-0.978705864159057,-0.20526770681399));
#3034=DIRECTION('',(-1.,0.,0.));
#3035=DIRECTION('center_axis',(1.,0.,0.));
#3036=DIRECTION('ref_axis',(0.,6.12323399573677E-17,-1.));
#3037=DIRECTION('center_axis',(-1.,0.,-2.67788226128611E-12));
#3038=DIRECTION('ref_axis',(0.,1.,0.));
#3039=DIRECTION('',(1.,0.,0.));
#3040=DIRECTION('',(1.,0.,0.));
#3041=DIRECTION('center_axis',(-1.,0.,1.554117969729E-16));
#3042=DIRECTION('ref_axis',(0.,1.,0.));
#3043=DIRECTION('center_axis',(1.,0.,0.));
#3044=DIRECTION('ref_axis',(0.,0.978705864159057,-0.20526770681399));
#3045=DIRECTION('center_axis',(1.,0.,2.67788226128611E-12));
#3046=DIRECTION('ref_axis',(0.,0.978705864159057,-0.20526770681399));
#3047=DIRECTION('center_axis',(-8.79290132691056E-15,-0.866025403784438,
0.5));
#3048=DIRECTION('ref_axis',(5.07658394804962E-15,-0.5,-0.866025403784438));
#3049=DIRECTION('',(1.,-5.07658394804962E-15,8.79290132691056E-15));
#3050=DIRECTION('',(-5.07658394804962E-15,0.5,0.866025403784438));
#3051=DIRECTION('',(-1.,5.07658394804962E-15,-8.79290132691056E-15));
#3052=DIRECTION('',(5.07658394804962E-15,-0.5,-0.866025403784438));
#3053=DIRECTION('center_axis',(8.79290132691056E-15,0.866025403784438,-0.5));
#3054=DIRECTION('ref_axis',(-5.07658394804962E-15,0.5,0.866025403784438));
#3055=DIRECTION('center_axis',(-5.07658394804962E-15,0.500000000000001,
0.866025403784438));
#3056=DIRECTION('ref_axis',(-8.79290132691056E-15,-0.866025403784438,0.500000000000001));
#3057=DIRECTION('',(1.,0.,0.));
#3058=DIRECTION('',(-8.79290132691056E-15,-0.866025403784438,0.500000000000001));
#3059=DIRECTION('',(8.79290132691056E-15,0.866025403784438,-0.500000000000001));
#3060=DIRECTION('center_axis',(1.,-5.07658394804962E-15,8.79290132691056E-15));
#3061=DIRECTION('ref_axis',(5.07658394804962E-15,-0.5,-0.866025403784438));
#3062=DIRECTION('center_axis',(-1.,5.07658394804962E-15,-8.79290132691056E-15));
#3063=DIRECTION('ref_axis',(0.,1.,0.));
#3064=DIRECTION('',(-8.79290132691055E-15,-0.866025403784439,0.5));
#3065=DIRECTION('center_axis',(8.79290132691056E-15,0.866025403784438,-0.5));
#3066=DIRECTION('ref_axis',(-5.07658394804962E-15,0.5,0.866025403784438));
#3067=DIRECTION('',(8.79290132691056E-15,0.866025403784438,-0.5));
#3068=DIRECTION('center_axis',(-8.79290132691055E-15,0.866025403784439,
0.5));
#3069=DIRECTION('ref_axis',(-5.07658394804963E-15,-0.5,0.866025403784439));
#3070=DIRECTION('',(1.,5.07658394804963E-15,8.79290132691055E-15));
#3071=DIRECTION('',(5.07658394804963E-15,0.5,-0.866025403784439));
#3072=DIRECTION('',(-1.,-5.07658394804963E-15,-8.79290132691055E-15));
#3073=DIRECTION('',(-5.07658394804963E-15,-0.5,0.866025403784439));
#3074=DIRECTION('center_axis',(8.79290132691055E-15,-0.866025403784439,
-0.5));
#3075=DIRECTION('ref_axis',(5.07658394804963E-15,0.5,-0.866025403784439));
#3076=DIRECTION('center_axis',(5.07658394804963E-15,0.5,-0.866025403784439));
#3077=DIRECTION('ref_axis',(-8.79290132691055E-15,0.866025403784439,0.5));
#3078=DIRECTION('',(1.,0.,0.));
#3079=DIRECTION('',(-8.79290132691055E-15,0.866025403784439,0.5));
#3080=DIRECTION('',(8.79290132691055E-15,-0.866025403784439,-0.5));
#3081=DIRECTION('center_axis',(1.,5.07658394804963E-15,8.79290132691055E-15));
#3082=DIRECTION('ref_axis',(-5.07658394804963E-15,-0.5,0.866025403784439));
#3083=DIRECTION('center_axis',(-1.,-5.07658394804963E-15,-8.79290132691055E-15));
#3084=DIRECTION('ref_axis',(0.,1.,0.));
#3085=DIRECTION('',(-8.79290132691055E-15,0.866025403784438,0.5));
#3086=DIRECTION('center_axis',(8.79290132691055E-15,-0.866025403784439,
-0.5));
#3087=DIRECTION('ref_axis',(5.07658394804963E-15,0.5,-0.866025403784439));
#3088=DIRECTION('',(8.79290132691055E-15,-0.866025403784439,-0.5));
#3089=DIRECTION('center_axis',(1.,0.,2.67788226128611E-12));
#3090=DIRECTION('ref_axis',(2.67788226128611E-12,0.,-1.));
#3091=DIRECTION('center_axis',(-1.,0.,-2.67788226128611E-12));
#3092=DIRECTION('ref_axis',(0.,1.,0.));
#3093=DIRECTION('center_axis',(-1.,0.,-2.67788226128611E-12));
#3094=DIRECTION('ref_axis',(0.,1.,0.));
#3095=DIRECTION('center_axis',(1.,0.,0.));
#3096=DIRECTION('ref_axis',(0.,1.,0.));
#3097=DIRECTION('center_axis',(-1.30179744381088E-15,0.,1.));
#3098=DIRECTION('ref_axis',(1.,0.,1.30179744381088E-15));
#3099=DIRECTION('center_axis',(0.,0.,-1.));
#3100=DIRECTION('ref_axis',(0.,1.,0.));
#3101=DIRECTION('',(1.,0.,0.));
#3102=DIRECTION('',(0.,-1.,0.));
#3103=DIRECTION('',(-1.,0.,0.));
#3104=DIRECTION('',(0.,1.,0.));
#3105=DIRECTION('center_axis',(0.,0.,1.));
#3106=DIRECTION('ref_axis',(0.,-1.,0.));
#3107=DIRECTION('center_axis',(0.,-1.,2.78619494989886E-16));
#3108=DIRECTION('ref_axis',(0.,-2.78619494989886E-16,-1.));
#3109=DIRECTION('',(1.,0.,0.));
#3110=DIRECTION('',(0.,-2.78619494989886E-16,-1.));
#3111=DIRECTION('',(0.,2.78619494989886E-16,1.));
#3112=DIRECTION('center_axis',(1.,0.,0.));
#3113=DIRECTION('ref_axis',(0.,1.,0.));
#3114=DIRECTION('center_axis',(-1.,0.,0.));
#3115=DIRECTION('ref_axis',(0.,1.,0.));
#3116=DIRECTION('',(0.,6.47591429828037E-16,-1.));
#3117=DIRECTION('center_axis',(0.,0.,1.));
#3118=DIRECTION('ref_axis',(0.,-1.,0.));
#3119=DIRECTION('',(0.,0.,1.));
#3120=DIRECTION('center_axis',(1.,0.,-4.76192008559794E-15));
#3121=DIRECTION('ref_axis',(-4.76192008559794E-15,0.,-1.));
#3122=DIRECTION('',(-4.76192008559794E-15,0.,-1.));
#3123=DIRECTION('',(0.,1.,0.));
#3124=DIRECTION('',(4.76192008559794E-15,0.,1.));
#3125=DIRECTION('',(0.,1.,0.));
#3126=DIRECTION('center_axis',(1.,0.,-4.76192008559794E-15));
#3127=DIRECTION('ref_axis',(0.,-1.,0.));
#3128=DIRECTION('center_axis',(1.,0.,-4.76192008559794E-15));
#3129=DIRECTION('ref_axis',(0.,-1.,0.));
#3130=DIRECTION('center_axis',(1.,0.,-4.76192008559794E-15));
#3131=DIRECTION('ref_axis',(0.,-1.,0.));
#3132=DIRECTION('center_axis',(1.,0.,-4.76192008559794E-15));
#3133=DIRECTION('ref_axis',(0.,-1.,0.));
#3134=DIRECTION('center_axis',(1.,0.,-4.76192008559794E-15));
#3135=DIRECTION('ref_axis',(0.,-1.,0.));
#3136=DIRECTION('center_axis',(1.,0.,-4.76192008559794E-15));
#3137=DIRECTION('ref_axis',(0.,-1.,0.));
#3138=DIRECTION('center_axis',(0.,1.,0.));
#3139=DIRECTION('ref_axis',(1.,0.,0.));
#3140=DIRECTION('',(1.,0.,1.30179744381259E-15));
#3141=DIRECTION('center_axis',(0.,-1.,0.));
#3142=DIRECTION('ref_axis',(0.699151016034999,0.,0.714974025246532));
#3143=DIRECTION('center_axis',(1.,0.,-4.72469675821583E-15));
#3144=DIRECTION('ref_axis',(0.,-1.,0.));
#3145=DIRECTION('',(1.,0.,-4.72469675821583E-15));
#3146=DIRECTION('center_axis',(-1.,0.,-1.31542787603485E-15));
#3147=DIRECTION('ref_axis',(0.,-1.,0.));
#3148=DIRECTION('center_axis',(1.,0.,-4.72469675822115E-15));
#3149=DIRECTION('ref_axis',(0.,-1.,0.));
#3150=DIRECTION('',(1.,0.,-4.72469675822114E-15));
#3151=DIRECTION('center_axis',(-1.,0.,-1.31542787603485E-15));
#3152=DIRECTION('ref_axis',(0.,-1.,0.));
#3153=DIRECTION('center_axis',(1.,0.,-6.29959567763527E-15));
#3154=DIRECTION('ref_axis',(0.,-1.,0.));
#3155=DIRECTION('',(1.,0.,-6.29959567763527E-15));
#3156=DIRECTION('center_axis',(-1.,0.,-1.31542787603485E-15));
#3157=DIRECTION('ref_axis',(0.,-1.,0.));
#3158=DIRECTION('center_axis',(1.,0.,-6.29959567764237E-15));
#3159=DIRECTION('ref_axis',(0.,-1.,0.));
#3160=DIRECTION('',(1.,0.,-6.29959567764237E-15));
#3161=DIRECTION('center_axis',(-1.,0.,-1.31542787603485E-15));
#3162=DIRECTION('ref_axis',(0.,-1.,0.));
#3163=DIRECTION('center_axis',(1.,0.,-6.29959567764944E-15));
#3164=DIRECTION('ref_axis',(0.,-1.,0.));
#3165=DIRECTION('',(1.,0.,-6.29959567764943E-15));
#3166=DIRECTION('center_axis',(-1.,0.,-1.31542787603485E-15));
#3167=DIRECTION('ref_axis',(0.,-1.,0.));
#3168=DIRECTION('center_axis',(1.,0.,-6.29959567765653E-15));
#3169=DIRECTION('ref_axis',(0.,-1.,0.));
#3170=DIRECTION('',(1.,0.,-6.29959567765653E-15));
#3171=DIRECTION('center_axis',(-1.,0.,-1.31542787603485E-15));
#3172=DIRECTION('ref_axis',(0.,-1.,0.));
#3173=DIRECTION('center_axis',(-1.11022302462516E-15,0.,1.));
#3174=DIRECTION('ref_axis',(-1.,0.,-1.11022302462516E-15));
#3175=DIRECTION('center_axis',(-1.30179744381259E-15,0.,1.));
#3176=DIRECTION('ref_axis',(-1.,0.,-1.11022302462516E-15));
#3177=DIRECTION('',(1.11022302462516E-15,0.,-1.));
#3178=DIRECTION('center_axis',(0.707106781186547,0.707106781186548,9.30147971306058E-16));
#3179=DIRECTION('ref_axis',(0.707106781186548,-0.707106781186547,9.20509800251195E-16));
#3180=DIRECTION('center_axis',(-0.707106781186547,-0.707106781186548,-9.30147971306058E-16));
#3181=DIRECTION('ref_axis',(0.707106781186548,-0.707106781186547,1.04398098740129E-15));
#3182=DIRECTION('',(1.31542787603485E-15,0.,-1.));
#3183=DIRECTION('',(0.707106781186548,-0.707106781186547,9.20509800251195E-16));
#3184=DIRECTION('',(1.31542787603485E-15,0.,-1.));
#3185=DIRECTION('center_axis',(-1.11022302462514E-15,1.,-1.46041831520763E-30));
#3186=DIRECTION('ref_axis',(1.,1.11022302462514E-15,1.30179744381259E-15));
#3187=DIRECTION('center_axis',(1.11022302462514E-15,-1.,1.46041831520763E-30));
#3188=DIRECTION('ref_axis',(0.699151016034999,0.,0.714974025246532));
#3189=DIRECTION('',(1.,1.11022302462514E-15,1.30179744381259E-15));
#3190=DIRECTION('',(-1.31616110799115E-15,0.,1.));
#3191=DIRECTION('center_axis',(-1.,0.,-1.31542787603485E-15));
#3192=DIRECTION('ref_axis',(0.,1.,0.));
#3193=DIRECTION('',(0.,-1.,0.));
#3194=DIRECTION('',(0.,1.,0.));
#3195=DIRECTION('',(1.31542787603485E-15,0.,-1.));
#3196=DIRECTION('center_axis',(0.,-1.,0.));
#3197=DIRECTION('ref_axis',(-1.,0.,-1.30179744381259E-15));
#3198=DIRECTION('center_axis',(0.,1.,0.));
#3199=DIRECTION('ref_axis',(0.699151016034999,0.,0.714974025246532));
#3200=DIRECTION('',(-1.,0.,-1.30179744381259E-15));
#3201=DIRECTION('',(1.31542787603485E-15,0.,-1.));
#3202=DIRECTION('center_axis',(0.707106781186541,-0.707106781186554,9.3014797130605E-16));
#3203=DIRECTION('ref_axis',(-0.707106781186554,-0.707106781186541,-9.20509800251203E-16));
#3204=DIRECTION('center_axis',(-0.707106781186541,0.707106781186554,-9.3014797130605E-16));
#3205=DIRECTION('ref_axis',(0.707106781186554,0.707106781186541,9.34088251885369E-16));
#3206=DIRECTION('',(-0.707106781186554,-0.707106781186541,-9.20509800251203E-16));
#3207=DIRECTION('center_axis',(-1.,0.,4.82563706244093E-15));
#3208=DIRECTION('ref_axis',(4.82563706244093E-15,0.,1.));
#3209=DIRECTION('',(-4.82563706244093E-15,0.,-1.));
#3210=DIRECTION('',(0.,1.,0.));
#3211=DIRECTION('',(7.48464960421454E-14,-1.,9.74349772259938E-29));
#3212=DIRECTION('center_axis',(0.,1.,0.));
#3213=DIRECTION('ref_axis',(1.,0.,0.));
#3214=DIRECTION('center_axis',(0.,1.,0.));
#3215=DIRECTION('ref_axis',(0.699151016034999,0.,0.714974025246532));
#3216=DIRECTION('',(-1.,0.,-1.30179744381259E-15));
#3217=DIRECTION('center_axis',(-1.,0.,1.554117969729E-16));
#3218=DIRECTION('ref_axis',(1.554117969729E-16,0.,1.));
#3219=DIRECTION('center_axis',(1.,0.,-1.554117969729E-16));
#3220=DIRECTION('ref_axis',(0.,1.,0.));
#3221=DIRECTION('',(0.,1.,0.));
#3222=DIRECTION('',(0.,1.,0.));
#3223=DIRECTION('center_axis',(5.07658394804963E-15,-0.5,-0.866025403784439));
#3224=DIRECTION('ref_axis',(8.79290132691055E-15,0.866025403784439,-0.5));
#3225=DIRECTION('',(-1.,0.,0.));
#3226=DIRECTION('',(8.79290132691055E-15,0.866025403784439,-0.5));
#3227=DIRECTION('center_axis',(1.,-5.07658394804962E-15,8.79290132691056E-15));
#3228=DIRECTION('ref_axis',(5.07658394804962E-15,-0.5,-0.866025403784438));
#3229=DIRECTION('center_axis',(1.,-5.07658394804962E-15,8.79290132691056E-15));
#3230=DIRECTION('ref_axis',(0.,1.,0.));
#3231=DIRECTION('center_axis',(-5.07658394804962E-15,-0.5,0.866025403784438));
#3232=DIRECTION('ref_axis',(8.79290132691055E-15,-0.866025403784438,-0.5));
#3233=DIRECTION('',(-1.,0.,0.));
#3234=DIRECTION('',(8.79290132691055E-15,-0.866025403784438,-0.5));
#3235=DIRECTION('center_axis',(1.,5.07658394804963E-15,8.79290132691055E-15));
#3236=DIRECTION('ref_axis',(-5.07658394804963E-15,-0.5,0.866025403784439));
#3237=DIRECTION('center_axis',(1.,5.07658394804963E-15,8.79290132691055E-15));
#3238=DIRECTION('ref_axis',(0.,1.,0.));
#3239=DIRECTION('center_axis',(0.,1.,6.47591429828037E-16));
#3240=DIRECTION('ref_axis',(0.,-6.47591429828037E-16,1.));
#3241=DIRECTION('',(-1.,0.,0.));
#3242=DIRECTION('',(0.,-6.47591429828037E-16,1.));
#3243=DIRECTION('center_axis',(1.,0.,0.));
#3244=DIRECTION('ref_axis',(0.,1.,0.));
#3245=DIRECTION('center_axis',(1.,0.,0.));
#3246=DIRECTION('ref_axis',(0.,1.,0.));
#3247=DIRECTION('center_axis',(0.,1.,0.));
#3248=DIRECTION('ref_axis',(0.699151016034999,0.,0.714974025246532));
#3249=DIRECTION('center_axis',(1.,0.,0.));
#3250=DIRECTION('ref_axis',(0.,1.,0.));
#3251=DIRECTION('',(1.,0.,0.));
#3252=DIRECTION('center_axis',(-1.30179744381259E-15,0.,1.));
#3253=DIRECTION('ref_axis',(-1.,0.,-1.30179744381259E-15));
#3254=DIRECTION('',(0.708284121867659,-0.705927476947993,9.22042459340361E-16));
#3255=DIRECTION('',(-0.708284121867658,0.705927476947994,-9.2204245934036E-16));
#3256=DIRECTION('',(-0.705927476947994,-0.708284121867658,-9.18974585007968E-16));
#3257=DIRECTION('center_axis',(-1.30179744381259E-15,0.,1.));
#3258=DIRECTION('ref_axis',(-1.,0.,-1.30179744381259E-15));
#3259=DIRECTION('center_axis',(-1.30179744381259E-15,0.,1.));
#3260=DIRECTION('ref_axis',(-1.,0.,0.));
#3261=DIRECTION('center_axis',(0.,0.,1.));
#3262=DIRECTION('ref_axis',(-0.509631778783322,0.860392613900275,0.));
#3263=DIRECTION('center_axis',(1.30179744381259E-15,0.,-1.));
#3264=DIRECTION('ref_axis',(-0.509631778783322,0.860392613900275,0.));
#3265=DIRECTION('',(0.,0.,1.));
#3266=DIRECTION('center_axis',(0.,0.,1.));
#3267=DIRECTION('ref_axis',(-0.509631778783322,0.860392613900275,0.));
#3268=DIRECTION('',(0.,0.,1.));
#3269=DIRECTION('center_axis',(0.,0.,1.));
#3270=DIRECTION('ref_axis',(0.509631778783253,-0.860392613900315,0.));
#3271=DIRECTION('center_axis',(1.30179744381259E-15,0.,-1.));
#3272=DIRECTION('ref_axis',(0.509631778783253,-0.860392613900315,0.));
#3273=DIRECTION('',(0.,0.,1.));
#3274=DIRECTION('center_axis',(0.,0.,1.));
#3275=DIRECTION('ref_axis',(0.509631778783253,-0.860392613900315,0.));
#3276=DIRECTION('center_axis',(0.,0.,1.));
#3277=DIRECTION('ref_axis',(0.891246589392488,-0.453519036972272,0.));
#3278=DIRECTION('center_axis',(-1.30179744381259E-15,0.,1.));
#3279=DIRECTION('ref_axis',(0.891246589392488,-0.453519036972272,0.));
#3280=DIRECTION('',(0.,0.,1.));
#3281=DIRECTION('center_axis',(0.,0.,-1.));
#3282=DIRECTION('ref_axis',(0.891246589392488,-0.453519036972272,0.));
#3283=DIRECTION('center_axis',(0.,0.,1.));
#3284=DIRECTION('ref_axis',(0.199325158851937,-0.979933406435687,0.));
#3285=DIRECTION('',(0.,0.,-1.));
#3286=DIRECTION('center_axis',(0.,0.,-1.));
#3287=DIRECTION('ref_axis',(0.199325158851937,-0.979933406435687,0.));
#3288=DIRECTION('center_axis',(-1.30179744381259E-15,0.,1.));
#3289=DIRECTION('ref_axis',(0.199325158851937,-0.979933406435687,0.));
#3290=DIRECTION('center_axis',(0.,0.,1.));
#3291=DIRECTION('ref_axis',(-1.,0.,0.));
#3292=DIRECTION('center_axis',(0.,0.,-1.));
#3293=DIRECTION('ref_axis',(-1.,0.,0.));
#3294=DIRECTION('',(0.,0.,-1.));
#3295=DIRECTION('center_axis',(0.,0.,1.));
#3296=DIRECTION('ref_axis',(-1.,0.,0.));
#3297=DIRECTION('center_axis',(0.,-1.35958850965358E-62,1.));
#3298=DIRECTION('ref_axis',(-1.,0.,0.));
#3299=DIRECTION('',(0.,0.,-1.));
#3300=DIRECTION('center_axis',(0.,1.35958850965358E-62,-1.));
#3301=DIRECTION('ref_axis',(-1.,0.,0.));
#3302=DIRECTION('center_axis',(0.,0.,1.));
#3303=DIRECTION('ref_axis',(-1.,0.,0.));
#3304=DIRECTION('center_axis',(0.,-1.35958850965358E-62,1.));
#3305=DIRECTION('ref_axis',(-1.,0.,0.));
#3306=DIRECTION('',(0.,0.,-1.));
#3307=DIRECTION('center_axis',(0.,-1.35958850965358E-62,1.));
#3308=DIRECTION('ref_axis',(-1.,0.,0.));
#3309=DIRECTION('center_axis',(0.,-1.35958850965358E-62,1.));
#3310=DIRECTION('ref_axis',(-1.,0.,0.));
#3311=DIRECTION('',(0.708284121867659,-0.705927476947993,1.51951005287771E-62));
#3312=DIRECTION('',(-0.705927476947994,-0.708284121867658,0.));
#3313=DIRECTION('',(-0.708284121867658,0.705927476947994,-1.54030587203893E-62));
#3314=DIRECTION('center_axis',(-0.705927476947993,-0.708284121867659,0.));
#3315=DIRECTION('ref_axis',(0.708284121867659,-0.705927476947993,1.51951005287771E-62));
#3316=DIRECTION('',(0.,0.,1.));
#3317=DIRECTION('center_axis',(0.705927476947994,0.708284121867658,0.));
#3318=DIRECTION('ref_axis',(-0.708284121867658,0.705927476947994,-1.54030587203893E-62));
#3319=DIRECTION('',(0.,0.,1.));
#3320=DIRECTION('center_axis',(-0.708284121867658,0.705927476947994,0.));
#3321=DIRECTION('ref_axis',(-0.705927476947994,-0.708284121867658,0.));
#3322=DIRECTION('center_axis',(0.,-1.35958850965358E-62,1.));
#3323=DIRECTION('ref_axis',(1.,0.,0.));
#3324=DIRECTION('center_axis',(0.,1.35958850965358E-62,-1.));
#3325=DIRECTION('ref_axis',(-1.,0.,0.));
#3326=DIRECTION('center_axis',(0.,0.,-1.));
#3327=DIRECTION('ref_axis',(-1.,0.,0.));
#3328=DIRECTION('center_axis',(0.,-1.35958850965358E-62,1.));
#3329=DIRECTION('ref_axis',(-1.,0.,0.));
#3330=DIRECTION('',(0.,0.,-1.));
#3331=DIRECTION('center_axis',(-0.306767298116954,-0.95178454747176,0.));
#3332=DIRECTION('ref_axis',(0.95178454747176,-0.306767298116954,0.));
#3333=DIRECTION('',(-0.95178454747176,0.306767298116954,4.17077293657286E-63));
#3334=DIRECTION('',(0.,0.,1.));
#3335=DIRECTION('',(-0.95178454747176,0.306767298116954,0.));
#3336=DIRECTION('',(0.,0.,-1.));
#3337=DIRECTION('center_axis',(0.,0.,1.));
#3338=DIRECTION('ref_axis',(0.324824253836315,-0.945774393880317,0.));
#3339=DIRECTION('center_axis',(0.,1.35958850965358E-62,-1.));
#3340=DIRECTION('ref_axis',(0.324824253836315,-0.945774393880317,0.));
#3341=DIRECTION('center_axis',(0.,1.35958850965358E-62,-1.));
#3342=DIRECTION('ref_axis',(0.324824253836315,-0.945774393880317,0.));
#3343=DIRECTION('center_axis',(0.,-1.35958850965358E-62,1.));
#3344=DIRECTION('ref_axis',(-1.,0.,0.));
#3345=DIRECTION('',(1.,3.86903881858321E-16,5.2603007211494E-78));
#3346=DIRECTION('',(-3.35161667811368E-16,1.,7.17454327160292E-33));
#3347=DIRECTION('',(-1.,0.,-1.30179744381259E-15));
#3348=DIRECTION('center_axis',(-1.30179744381259E-15,0.,1.));
#3349=DIRECTION('ref_axis',(0.666277144771496,0.745704208352845,0.));
#3350=DIRECTION('center_axis',(-1.30179744381259E-15,0.,1.));
#3351=DIRECTION('ref_axis',(0.627320658352116,-0.778761061946903,0.));
#3352=DIRECTION('center_axis',(-1.30179744381259E-15,0.,1.));
#3353=DIRECTION('ref_axis',(0.70750979522541,-0.706703537319644,0.));
#3354=DIRECTION('center_axis',(0.,1.35958850965358E-62,-1.));
#3355=DIRECTION('ref_axis',(-1.,0.,0.));
#3356=DIRECTION('center_axis',(0.,0.,1.));
#3357=DIRECTION('ref_axis',(-0.984072800110314,-0.177765924977329,0.));
#3358=DIRECTION('center_axis',(0.,1.35958850965358E-62,-1.));
#3359=DIRECTION('ref_axis',(-0.984072800110314,-0.177765924977329,0.));
#3360=DIRECTION('center_axis',(1.30179744381259E-15,0.,-1.));
#3361=DIRECTION('ref_axis',(-0.984072800110314,-0.177765924977329,0.));
#3362=DIRECTION('center_axis',(0.,0.,1.));
#3363=DIRECTION('ref_axis',(0.627320658352116,-0.778761061946903,0.));
#3364=DIRECTION('center_axis',(0.,1.35958850965358E-62,-1.));
#3365=DIRECTION('ref_axis',(0.627320658352116,-0.778761061946903,0.));
#3366=DIRECTION('',(0.,0.,1.));
#3367=DIRECTION('',(0.,0.,-1.));
#3368=DIRECTION('center_axis',(0.,0.,1.));
#3369=DIRECTION('ref_axis',(0.70750979522541,-0.706703537319644,0.));
#3370=DIRECTION('center_axis',(0.,1.35958850965358E-62,-1.));
#3371=DIRECTION('ref_axis',(0.70750979522541,-0.706703537319644,0.));
#3372=DIRECTION('center_axis',(0.,-1.35958850965358E-62,1.));
#3373=DIRECTION('ref_axis',(-1.,0.,0.));
#3374=DIRECTION('center_axis',(0.,1.35958850965358E-62,-1.));
#3375=DIRECTION('ref_axis',(-0.787129306092773,0.616788015034266,0.));
#3376=DIRECTION('center_axis',(0.,0.,-1.));
#3377=DIRECTION('ref_axis',(0.50963177878324,-0.860392613900323,0.));
#3378=DIRECTION('',(-3.35161667811368E-16,1.,7.17454327160292E-33));
#3379=DIRECTION('',(-1.,0.,0.));
#3380=DIRECTION('center_axis',(0.,1.35958850965358E-62,-1.));
#3381=DIRECTION('ref_axis',(-0.862881957549797,-0.505405507820236,0.));
#3382=DIRECTION('center_axis',(0.,0.,1.));
#3383=DIRECTION('ref_axis',(0.96073842521127,-0.277455723175013,0.));
#3384=DIRECTION('center_axis',(0.,1.35958850965358E-62,-1.));
#3385=DIRECTION('ref_axis',(-0.764326321303176,0.644829647707946,0.));
#3386=DIRECTION('',(-1.,-1.87949296906675E-15,0.));
#3387=DIRECTION('center_axis',(0.,1.35958850965358E-62,-1.));
#3388=DIRECTION('ref_axis',(-1.,0.,0.));
#3389=DIRECTION('center_axis',(1.,3.35161667811368E-16,0.));
#3390=DIRECTION('ref_axis',(3.35161667811368E-16,-1.,-7.17454327160292E-33));
#3391=DIRECTION('',(0.,0.,-1.));
#3392=DIRECTION('',(3.35161667811368E-16,-1.,8.02270192386377E-33));
#3393=DIRECTION('',(0.,0.,1.));
#3394=DIRECTION('',(0.,0.,1.));
#3395=DIRECTION('center_axis',(1.07804919811539E-37,8.02270192386377E-33,
1.));
#3396=DIRECTION('ref_axis',(-1.,0.,1.07804919811539E-37));
#3397=DIRECTION('',(1.,0.,0.));
#3398=DIRECTION('',(1.,3.86903881858321E-16,4.81933148835783E-33));
#3399=DIRECTION('center_axis',(-3.86903881858321E-16,1.,0.));
#3400=DIRECTION('ref_axis',(-1.,-3.86903881858321E-16,-4.81933148835783E-33));
#3401=DIRECTION('center_axis',(0.,-1.,0.));
#3402=DIRECTION('ref_axis',(1.,0.,0.));
#3403=DIRECTION('center_axis',(0.,0.,1.));
#3404=DIRECTION('ref_axis',(-1.,0.,0.));
#3405=DIRECTION('center_axis',(0.,0.,1.));
#3406=DIRECTION('ref_axis',(-1.,0.,0.));
#3407=DIRECTION('center_axis',(0.,0.,1.));
#3408=DIRECTION('ref_axis',(-1.,0.,0.));
#3409=DIRECTION('',(0.,0.,1.));
#3410=DIRECTION('center_axis',(0.,0.,1.));
#3411=DIRECTION('ref_axis',(-1.,0.,0.));
#3412=DIRECTION('center_axis',(0.,0.,1.));
#3413=DIRECTION('ref_axis',(-1.,0.,0.));
#3414=DIRECTION('center_axis',(0.,0.,1.));
#3415=DIRECTION('ref_axis',(-1.,0.,0.));
#3416=DIRECTION('',(0.,0.,1.));
#3417=DIRECTION('center_axis',(0.,0.,1.));
#3418=DIRECTION('ref_axis',(0.666277144771496,0.745704208352845,0.));
#3419=DIRECTION('center_axis',(0.,1.35958850965358E-62,-1.));
#3420=DIRECTION('ref_axis',(0.666277144771496,0.745704208352845,0.));
#3421=DIRECTION('',(0.,0.,1.));
#3422=DIRECTION('center_axis',(0.,1.,0.));
#3423=DIRECTION('ref_axis',(1.,0.,5.96041980368273E-33));
#3424=DIRECTION('',(0.,0.,-1.));
#3425=DIRECTION('',(0.,0.,-1.));
#3426=DIRECTION('',(1.,0.,0.));
#3427=DIRECTION('',(1.11022302462516E-15,0.,-1.));
#3428=DIRECTION('',(-1.,0.,-1.30179744381259E-15));
#3429=DIRECTION('center_axis',(0.,0.,1.));
#3430=DIRECTION('ref_axis',(-0.764326321303176,0.644829647707946,0.));
#3431=DIRECTION('center_axis',(0.,1.35958850965358E-62,-1.));
#3432=DIRECTION('ref_axis',(-0.764326321303176,0.644829647707946,0.));
#3433=DIRECTION('',(0.,0.,1.));
#3434=DIRECTION('center_axis',(0.,0.,1.));
#3435=DIRECTION('ref_axis',(0.96073842521127,-0.277455723175013,0.));
#3436=DIRECTION('center_axis',(0.,-1.35958850965358E-62,1.));
#3437=DIRECTION('ref_axis',(0.96073842521127,-0.277455723175013,0.));
#3438=DIRECTION('',(0.,0.,-1.));
#3439=DIRECTION('center_axis',(0.,0.,1.));
#3440=DIRECTION('ref_axis',(-0.862881957549797,-0.505405507820236,0.));
#3441=DIRECTION('center_axis',(0.,1.35958850965358E-62,-1.));
#3442=DIRECTION('ref_axis',(-0.862881957549797,-0.505405507820236,0.));
#3443=DIRECTION('center_axis',(0.,-1.35958850965358E-62,1.));
#3444=DIRECTION('ref_axis',(-1.,0.,0.));
#3445=DIRECTION('center_axis',(0.,1.35958850965358E-62,-1.));
#3446=DIRECTION('ref_axis',(-1.,0.,0.));
#3447=DIRECTION('center_axis',(0.,1.35958850965358E-62,-1.));
#3448=DIRECTION('ref_axis',(-1.,0.,0.));
#3449=DIRECTION('center_axis',(0.,0.,1.));
#3450=DIRECTION('ref_axis',(1.,0.,0.));
#3451=DIRECTION('center_axis',(0.,0.,-1.));
#3452=DIRECTION('ref_axis',(-1.,0.,0.));
#3453=DIRECTION('center_axis',(0.,0.,-1.));
#3454=DIRECTION('ref_axis',(-1.,0.,0.));
#3455=DIRECTION('center_axis',(0.,0.,-1.));
#3456=DIRECTION('ref_axis',(-1.,0.,0.));
#3457=DIRECTION('',(0.707106781186548,8.65956056235493E-17,-0.707106781186548));
#3458=DIRECTION('center_axis',(0.,0.,1.));
#3459=DIRECTION('ref_axis',(-1.,0.,0.));
#3460=DIRECTION('',(0.707106781186547,8.65956056235493E-17,0.707106781186547));
#3461=DIRECTION('center_axis',(0.,0.,1.));
#3462=DIRECTION('ref_axis',(0.50963177878324,-0.860392613900323,0.));
#3463=DIRECTION('',(0.,0.,1.));
#3464=DIRECTION('center_axis',(-1.30179744381259E-15,0.,1.));
#3465=DIRECTION('ref_axis',(0.50963177878324,-0.860392613900323,0.));
#3466=DIRECTION('center_axis',(0.,0.,1.));
#3467=DIRECTION('ref_axis',(-0.787129306092773,0.616788015034266,0.));
#3468=DIRECTION('center_axis',(1.30179744381259E-15,0.,-1.));
#3469=DIRECTION('ref_axis',(-0.787129306092773,0.616788015034266,0.));
#3470=DIRECTION('center_axis',(-1.30179744381259E-15,0.,1.));
#3471=DIRECTION('ref_axis',(-1.,0.,-1.30179744381259E-15));
#3472=DIRECTION('center_axis',(-1.30179744381259E-15,0.,1.));
#3473=DIRECTION('ref_axis',(-1.,0.,-1.30179744381259E-15));
#3474=DIRECTION('center_axis',(-1.11022302462516E-15,0.,1.));
#3475=DIRECTION('ref_axis',(-1.,0.,-1.11022302462516E-15));
#3476=CARTESIAN_POINT('',(0.,0.,0.));
#3477=CARTESIAN_POINT('Origin',(72.3657402831437,-15.,106.314314970391));
#3478=CARTESIAN_POINT('',(39.9564805664371,-15.,198.864879546691));
#3479=CARTESIAN_POINT('',(69.6607678124579,-15.,198.864879546691));
#3480=CARTESIAN_POINT('',(78.1825724121448,-15.,198.864879546691));
#3481=CARTESIAN_POINT('',(39.9564805664002,-15.,40.8607655428393));
#3482=CARTESIAN_POINT('',(39.9564805664371,-15.,190.864879546691));
#3483=CARTESIAN_POINT('',(44.5799562583895,-15.,35.7596140918785));
#3484=CARTESIAN_POINT('Origin',(0.,-15.,0.));
#3485=CARTESIAN_POINT('',(101.668974716407,-15.,35.7596140918785));
#3486=CARTESIAN_POINT('',(0.,-15.,35.7596140918785));
#3487=CARTESIAN_POINT('',(89.263503273548,-15.,91.6591228127215));
#3488=CARTESIAN_POINT('',(67.247313680962,-15.,190.864879546691));
#3489=CARTESIAN_POINT('',(81.8393837905005,-15.,146.306871244899));
#3490=CARTESIAN_POINT('Origin',(412.582092092293,-15.,163.411444296737));
#3491=CARTESIAN_POINT('',(129.397392092293,-15.,193.864879546691));
#3492=CARTESIAN_POINT('',(89.5018379959303,-15.,153.969325450329));
#3493=CARTESIAN_POINT('',(129.397392092293,-15.,201.864879546691));
#3494=CARTESIAN_POINT('',(129.397392092293,-15.,198.864879546691));
#3495=CARTESIAN_POINT('',(69.6607678124579,-15.,201.864879546691));
#3496=CARTESIAN_POINT('',(78.1825724121448,-15.,201.864879546691));
#3497=CARTESIAN_POINT('',(69.6607678124579,-15.,198.864879546691));
#3498=CARTESIAN_POINT('',(67.247313680962,-15.,190.864879546691));
#3499=CARTESIAN_POINT('',(67.246353413594,-15.,190.864879546691));
#3500=CARTESIAN_POINT('',(67.247313680962,-15.,190.864879546691));
#3501=CARTESIAN_POINT('',(67.2463534135943,-15.,190.869206546624));
#3502=CARTESIAN_POINT('',(67.2463534135942,-15.,97.2479590622702));
#3503=CARTESIAN_POINT('',(70.270655967752,-15.,177.24158846058));
#3504=CARTESIAN_POINT('',(78.9539264607,-15.,196.864879546691));
#3505=CARTESIAN_POINT('',(78.9539264607,-15.,193.114879546691));
#3506=CARTESIAN_POINT('',(78.9539264607,-15.,149.714597258541));
#3507=CARTESIAN_POINT('',(71.7039264607,-15.,193.114879546691));
#3508=CARTESIAN_POINT('',(72.0348333719218,-15.,193.114879546691));
#3509=CARTESIAN_POINT('',(71.7039264607,-15.,196.864879546691));
#3510=CARTESIAN_POINT('',(71.7039264607,-15.,151.589597258541));
#3511=CARTESIAN_POINT('',(75.6598333719218,-15.,196.864879546691));
#3512=CARTESIAN_POINT('',(64.1587291888867,-15.,196.864879546691));
#3513=CARTESIAN_POINT('',(64.1587291888867,-15.,193.114879546691));
#3514=CARTESIAN_POINT('',(64.1587291888867,-15.,149.714597258541));
#3515=CARTESIAN_POINT('',(56.9087291888867,-15.,193.114879546691));
#3516=CARTESIAN_POINT('',(64.6372347360152,-15.,193.114879546691));
#3517=CARTESIAN_POINT('',(56.9087291888867,-15.,196.864879546691));
#3518=CARTESIAN_POINT('',(56.9087291888867,-15.,151.589597258541));
#3519=CARTESIAN_POINT('',(68.2622347360152,-15.,196.864879546691));
#3520=CARTESIAN_POINT('Origin',(107.897392092293,11.5,198.864879546691));
#3521=CARTESIAN_POINT('',(119.097392092293,11.5,193.864879546691));
#3522=CARTESIAN_POINT('Origin',(107.897392092293,11.5,193.864879546691));
#3523=CARTESIAN_POINT('',(119.097392092293,11.5,198.864879546691));
#3524=CARTESIAN_POINT('',(119.097392092293,11.5,198.864879546691));
#3525=CARTESIAN_POINT('',(117.919367945389,16.4999999999957,198.864879546691));
#3526=CARTESIAN_POINT('Origin',(107.897392092293,11.5,198.864879546691));
#3527=CARTESIAN_POINT('',(117.919367945389,16.4999999999957,201.864879546691));
#3528=CARTESIAN_POINT('',(117.919367945389,16.4999999999957,198.864879546691));
#3529=CARTESIAN_POINT('',(107.187833978943,22.6775009408982,201.864879546691));
#3530=CARTESIAN_POINT('Origin',(107.897392092293,11.5,201.864879546691));
#3531=CARTESIAN_POINT('',(107.187833978943,22.6775009408982,205.764879546691));
#3532=CARTESIAN_POINT('',(107.187833978943,22.6775009408982,198.864879546691));
#3533=CARTESIAN_POINT('',(98.6369060012201,17.799475958923,205.764879546691));
#3534=CARTESIAN_POINT('Origin',(107.897392092293,11.5,205.764879546691));
#3535=CARTESIAN_POINT('',(98.63690600122,17.7994759589231,201.864879546691));
#3536=CARTESIAN_POINT('',(98.63690600122,17.7994759589231,198.864879546691));
#3537=CARTESIAN_POINT('',(117.919367945384,6.4999999999957,201.864879546691));
#3538=CARTESIAN_POINT('Origin',(107.897392092293,11.5,201.864879546691));
#3539=CARTESIAN_POINT('',(117.919367945384,6.4999999999957,198.864879546691));
#3540=CARTESIAN_POINT('',(117.919367945384,6.4999999999957,198.864879546691));
#3541=CARTESIAN_POINT('Origin',(107.897392092293,11.5,198.864879546691));
#3542=CARTESIAN_POINT('',(101.006268847701,20.3290667925807,198.864879546691));
#3543=CARTESIAN_POINT('',(101.006268847701,20.3290667925807,201.364879546691));
#3544=CARTESIAN_POINT('',(101.006268847701,20.3290667925808,198.864879546691));
#3545=CARTESIAN_POINT('',(106.505682170196,22.6131968169712,201.364879546691));
#3546=CARTESIAN_POINT('Origin',(107.897392092293,11.5,201.364879546691));
#3547=CARTESIAN_POINT('',(106.505682170196,22.6131968169712,198.864879546691));
#3548=CARTESIAN_POINT('',(106.505682170196,22.6131968169712,198.864879546691));
#3549=CARTESIAN_POINT('Origin',(107.897392092293,11.5,198.864879546691));
#3550=CARTESIAN_POINT('Origin',(60.5337291888867,-9.223954946,196.864879546691));
#3551=CARTESIAN_POINT('',(56.9087291888867,-5.598954946,196.864879546691));
#3552=CARTESIAN_POINT('',(64.1587291888867,-5.598954946,196.864879546691));
#3553=CARTESIAN_POINT('',(58.7212291888867,-5.598954946,196.864879546691));
#3554=CARTESIAN_POINT('',(64.1587291888867,-7.411454946,196.864879546691));
#3555=CARTESIAN_POINT('',(56.9087291888867,-12.848954946,196.864879546691));
#3556=CARTESIAN_POINT('',(62.6337291888867,-9.223954946,196.864879546691));
#3557=CARTESIAN_POINT('Origin',(60.5337291888867,-9.223954946,196.864879546691));
#3558=CARTESIAN_POINT('Origin',(56.9087291888867,-12.848954946,198.864879546691));
#3559=CARTESIAN_POINT('',(56.9087291888867,-5.598954946,193.114879546691));
#3560=CARTESIAN_POINT('',(56.9087291888867,-12.848954946,193.114879546691));
#3561=CARTESIAN_POINT('',(56.9087291888867,-5.598954946,198.864879546691));
#3562=CARTESIAN_POINT('Origin',(56.9087291888867,-5.598954946,198.864879546691));
#3563=CARTESIAN_POINT('',(64.1587291888867,-5.598954946,193.114879546691));
#3564=CARTESIAN_POINT('',(56.9087291888867,-5.598954946,193.114879546691));
#3565=CARTESIAN_POINT('',(64.1587291888867,-5.598954946,198.864879546691));
#3566=CARTESIAN_POINT('Origin',(64.1587291888867,-5.598954946,198.864879546691));
#3567=CARTESIAN_POINT('',(64.1587291888867,-12.848954946,193.114879546691));
#3568=CARTESIAN_POINT('Origin',(60.5337291888867,-9.223954946,193.114879546691));
#3569=CARTESIAN_POINT('',(62.6337291888867,-9.223954946,193.114879546691));
#3570=CARTESIAN_POINT('Origin',(60.5337291888867,-9.223954946,193.114879546691));
#3571=CARTESIAN_POINT('Origin',(75.3289264607,-3.20315227328966,196.864879546691));
#3572=CARTESIAN_POINT('',(71.7039264607,0.421847726710337,196.864879546691));
#3573=CARTESIAN_POINT('',(78.9539264607,0.421847726710337,196.864879546691));
#3574=CARTESIAN_POINT('',(73.5164264607,0.421847726710337,196.864879546691));
#3575=CARTESIAN_POINT('',(78.9539264607,-1.39065227328966,196.864879546691));
#3576=CARTESIAN_POINT('',(71.7039264607,-6.82815227328966,196.864879546691));
#3577=CARTESIAN_POINT('',(77.4289264607,-3.20315227328967,196.864879546691));
#3578=CARTESIAN_POINT('Origin',(75.3289264607,-3.20315227328967,196.864879546691));
#3579=CARTESIAN_POINT('Origin',(71.7039264607,-6.82815227328966,198.864879546691));
#3580=CARTESIAN_POINT('',(71.7039264607,0.421847726710337,193.114879546691));
#3581=CARTESIAN_POINT('',(71.7039264607,-6.82815227328966,193.114879546691));
#3582=CARTESIAN_POINT('',(71.7039264607,0.421847726710337,198.864879546691));
#3583=CARTESIAN_POINT('Origin',(71.7039264607,0.421847726710337,198.864879546691));
#3584=CARTESIAN_POINT('',(78.9539264607,0.421847726710337,193.114879546691));
#3585=CARTESIAN_POINT('',(71.7039264607,0.421847726710337,193.114879546691));
#3586=CARTESIAN_POINT('',(78.9539264607,0.421847726710337,198.864879546691));
#3587=CARTESIAN_POINT('Origin',(78.9539264607,0.421847726710337,198.864879546691));
#3588=CARTESIAN_POINT('',(78.9539264607,-6.82815227328966,193.114879546691));
#3589=CARTESIAN_POINT('Origin',(75.3289264607,-3.20315227328966,193.114879546691));
#3590=CARTESIAN_POINT('',(77.4289264607,-3.20315227328967,193.114879546691));
#3591=CARTESIAN_POINT('Origin',(75.3289264607,-3.20315227328967,193.114879546691));
#3592=CARTESIAN_POINT('Origin',(60.5337291888867,-9.223954946,198.864879546691));
#3593=CARTESIAN_POINT('',(62.6337291888867,-9.223954946,190.864879546691));
#3594=CARTESIAN_POINT('',(62.6337291888867,-9.223954946,198.864879546691));
#3595=CARTESIAN_POINT('Origin',(60.5337291888867,-9.223954946,190.864879546691));
#3596=CARTESIAN_POINT('Origin',(75.3289264607,-3.20315227328967,198.864879546691));
#3597=CARTESIAN_POINT('',(77.4289264607,-3.20315227328967,190.864879546691));
#3598=CARTESIAN_POINT('',(77.4289264607,-3.20315227328967,198.864879546691));
#3599=CARTESIAN_POINT('Origin',(75.3289264607,-3.20315227328967,190.864879546691));
#3600=CARTESIAN_POINT('Origin',(75.3289264607,-3.20315227328967,198.864879546691));
#3601=CARTESIAN_POINT('',(77.4289264607,-3.20315227328967,198.864879546691));
#3602=CARTESIAN_POINT('Origin',(75.3289264607,-3.20315227328967,198.864879546691));
#3603=CARTESIAN_POINT('',(77.4289264607,-3.20315227328967,198.864879546691));
#3604=CARTESIAN_POINT('Origin',(75.3289264607,-3.20315227328967,190.864879546691));
#3605=CARTESIAN_POINT('Origin',(60.5337291888867,-9.223954946,198.864879546691));
#3606=CARTESIAN_POINT('',(62.6337291888867,-9.223954946,198.864879546691));
#3607=CARTESIAN_POINT('Origin',(60.5337291888867,-9.223954946,198.864879546691));
#3608=CARTESIAN_POINT('',(62.6337291888867,-9.223954946,198.864879546691));
#3609=CARTESIAN_POINT('Origin',(60.5337291888867,-9.223954946,190.864879546691));
#3610=CARTESIAN_POINT('Origin',(53.6014169899997,14.5,198.864879546691));
#3611=CARTESIAN_POINT('',(95.3473920922928,27.,198.864879546691));
#3612=CARTESIAN_POINT('Origin',(92.3973920922928,27.,198.864879546691));
#3613=CARTESIAN_POINT('',(93.9848920922926,27.,198.864879546691));
#3614=CARTESIAN_POINT('Origin',(92.3973920922926,27.,198.864879546691));
#3615=CARTESIAN_POINT('Origin',(39.9564805664002,0.,40.8607655428393));
#3616=CARTESIAN_POINT('',(39.9564805664009,35.2302255172623,190.864879546691));
#3617=CARTESIAN_POINT('',(39.9564805664009,15.,190.864879546691));
#3618=CARTESIAN_POINT('',(39.9564805664009,12.6246389495385,190.864879546691));
#3619=CARTESIAN_POINT('',(39.9564805664002,15.,43.2561027899779));
#3620=CARTESIAN_POINT('',(39.9564805664009,15.,190.864879546691));
#3621=CARTESIAN_POINT('',(39.9564805664002,16.7364226102269,43.2561027899779));
#3622=CARTESIAN_POINT('',(39.9564805664002,15.,43.2561027899779));
#3623=CARTESIAN_POINT('',(39.9564805664002,15.,40.8607655428393));
#3624=CARTESIAN_POINT('Ctrl Pts',(39.9564805664002,15.,40.8607655428393));
#3625=CARTESIAN_POINT('Ctrl Pts',(39.9564805664002,15.8434878588089,42.0405117000763));
#3626=CARTESIAN_POINT('Ctrl Pts',(39.9564805664002,16.7364226102269,43.2561027899779));
#3627=CARTESIAN_POINT('',(39.9564805664002,6.1,40.8607655428393));
#3628=CARTESIAN_POINT('',(39.9564805664002,0.,40.8607655428393));
#3629=CARTESIAN_POINT('',(39.9564805664364,6.1,198.864879546691));
#3630=CARTESIAN_POINT('',(39.9564805664004,6.1,77.6268646190533));
#3631=CARTESIAN_POINT('',(39.956480566401,35.2302255172624,198.864879546691));
#3632=CARTESIAN_POINT('',(39.956480566401,12.6246389495385,198.864879546691));
#3633=CARTESIAN_POINT('',(39.9564805664009,35.2302255172623,190.864879546691));
#3634=CARTESIAN_POINT('Origin',(-1.79412040779425E-12,17.,-1.61648472385423E-12));
#3635=CARTESIAN_POINT('',(42.1091927463319,19.,44.3411590540016));
#3636=CARTESIAN_POINT('Ctrl Pts',(39.9564805664002,16.7364226102269,43.2561027899779));
#3637=CARTESIAN_POINT('Ctrl Pts',(41.0125393561266,17.8440039991099,43.7884002404463));
#3638=CARTESIAN_POINT('Ctrl Pts',(42.1091927463319,19.,44.3411590540016));
#3639=CARTESIAN_POINT('',(44.4460787419502,19.,41.9984355001989));
#3640=CARTESIAN_POINT('Origin',(-1.79412040779425E-12,19.,-1.61648472385423E-12));
#3641=CARTESIAN_POINT('',(43.5140651608754,15.,37.0492730451637));
#3642=CARTESIAN_POINT('Ctrl Pts',(44.4460787419502,19.,41.9984355001989));
#3643=CARTESIAN_POINT('Ctrl Pts',(44.004207538632,16.9463770921655,39.4759701451002));
#3644=CARTESIAN_POINT('Ctrl Pts',(43.5140651608754,15.,37.0492730451637));
#3645=CARTESIAN_POINT('Origin',(0.,15.,0.));
#3646=CARTESIAN_POINT('Origin',(58.6065639293193,17.,46.8962131459534));
#3647=CARTESIAN_POINT('',(64.711469710255,19.,52.2130334469374));
#3648=CARTESIAN_POINT('',(57.7063670472445,19.,48.6821710327757));
#3649=CARTESIAN_POINT('',(64.7114697102549,15.,47.7336445100379));
#3650=CARTESIAN_POINT('',(64.7114697102549,17.2228761286401,50.22292619472));
#3651=CARTESIAN_POINT('',(76.9335350045032,15.,53.8940725646848));
#3652=CARTESIAN_POINT('Origin',(52.3339751383276,19.,46.3914587776008));
#3653=CARTESIAN_POINT('',(64.711469710255,19.,55.7336445100379));
#3654=CARTESIAN_POINT('',(45.5215525182324,19.,46.0611299726038));
#3655=CARTESIAN_POINT('',(64.711469710255,19.,51.0625516438193));
#3656=CARTESIAN_POINT('Origin',(39.9564805664002,15.,43.2561027899779));
#3657=CARTESIAN_POINT('',(64.711469710255,15.,55.7336445100379));
#3658=CARTESIAN_POINT('',(65.5506811607717,15.,56.1566419036108));
#3659=CARTESIAN_POINT('',(64.711469710255,15.,55.7336445100379));
#3660=CARTESIAN_POINT('Origin',(64.711469710255,15.,55.7336445100379));
#3661=CARTESIAN_POINT('',(64.7114697102551,15.,81.0239797402146));
#3662=CARTESIAN_POINT('Origin',(72.3657402831437,15.,106.314314970391));
#3663=CARTESIAN_POINT('',(67.2463534135977,15.,190.864879546691));
#3664=CARTESIAN_POINT('',(67.247313680962,15.,190.864879546691));
#3665=CARTESIAN_POINT('',(67.247313680962,15.,190.864879546691));
#3666=CARTESIAN_POINT('',(67.247313680962,15.,190.864879546691));
#3667=CARTESIAN_POINT('',(69.3973920922926,15.,190.864879546691));
#3668=CARTESIAN_POINT('',(72.9325724121449,15.,190.864879546691));
#3669=CARTESIAN_POINT('',(81.3973920922926,15.,178.864879546691));
#3670=CARTESIAN_POINT('',(94.2771202840804,15.,165.985151354904));
#3671=CARTESIAN_POINT('',(81.3973920922926,15.,163.411444296737));
#3672=CARTESIAN_POINT('',(81.3973920922926,15.,198.864879546691));
#3673=CARTESIAN_POINT('',(89.263503273548,15.,91.6591228127215));
#3674=CARTESIAN_POINT('Origin',(412.582092092293,15.,163.411444296737));
#3675=CARTESIAN_POINT('',(101.668974716407,15.,35.7596140918785));
#3676=CARTESIAN_POINT('',(67.247313680962,15.,190.864879546691));
#3677=CARTESIAN_POINT('',(44.5799562583895,15.,35.7596140918785));
#3678=CARTESIAN_POINT('',(0.,15.,35.7596140918785));
#3679=CARTESIAN_POINT('Origin',(0.,15.,0.));
#3680=CARTESIAN_POINT('Origin',(75.3973920922926,-0.249999999999999,184.864879546691));
#3681=CARTESIAN_POINT('',(69.3973920922926,38.,190.864879546691));
#3682=CARTESIAN_POINT('',(69.3973920922926,-0.250000000000001,190.864879546691));
#3683=CARTESIAN_POINT('',(81.3973920922926,38.,178.864879546691));
#3684=CARTESIAN_POINT('',(69.4483983167194,38.,190.813873322264));
#3685=CARTESIAN_POINT('',(81.3973920922926,38.,178.864879546691));
#3686=CARTESIAN_POINT('Origin',(412.582092092293,7.50000000000016,163.411444296737));
#3687=CARTESIAN_POINT('',(81.8393837905005,-9.99999999999997,146.306871244899));
#3688=CARTESIAN_POINT('',(81.8393837905005,7.50000000000007,146.306871244899));
#3689=CARTESIAN_POINT('',(89.263503273548,7.50000000000016,91.6591228127215));
#3690=CARTESIAN_POINT('',(81.3973920922926,-9.99999999999997,163.411444296737));
#3691=CARTESIAN_POINT('',(81.3973920922926,7.50000000000005,163.411444296737));
#3692=CARTESIAN_POINT('Origin',(412.582092092293,-9.99999999999986,163.411444296737));
#3693=CARTESIAN_POINT('Origin',(81.3973920922926,15.,198.864879546691));
#3694=CARTESIAN_POINT('',(81.3973920922926,-9.99999999999997,178.864879546691));
#3695=CARTESIAN_POINT('',(81.3973920922926,-9.99999999999997,180.725377471243));
#3696=CARTESIAN_POINT('',(81.3973920922926,13.25,178.864879546691));
#3697=CARTESIAN_POINT('Origin',(121.897392092293,0.750000000000002,186.364879546691));
#3698=CARTESIAN_POINT('',(129.397392092293,-10.,193.864879546691));
#3699=CARTESIAN_POINT('',(116.147392092293,-10.,180.614879546691));
#3700=CARTESIAN_POINT('',(129.397392092293,0.750000000000005,193.864879546691));
#3701=CARTESIAN_POINT('Origin',(121.897392092293,0.750000000000002,186.364879546691));
#3702=CARTESIAN_POINT('',(114.397392092293,38.,178.864879546691));
#3703=CARTESIAN_POINT('',(129.397392092293,38.,193.864879546691));
#3704=CARTESIAN_POINT('',(110.948398316719,38.,175.415885771118));
#3705=CARTESIAN_POINT('',(129.397392092293,33.,193.864879546691));
#3706=CARTESIAN_POINT('',(129.397392092293,0.750000000000005,193.864879546691));
#3707=CARTESIAN_POINT('',(114.397392092293,33.,178.864879546691));
#3708=CARTESIAN_POINT('',(126.897392092293,33.,191.364879546691));
#3709=CARTESIAN_POINT('',(114.397392092293,0.75,178.864879546691));
#3710=CARTESIAN_POINT('Origin',(105.397392092293,11.5,178.864879546691));
#3711=CARTESIAN_POINT('',(86.3973920922926,-10.,178.864879546691));
#3712=CARTESIAN_POINT('',(101.647392092293,-9.99999999999997,178.864879546691));
#3713=CARTESIAN_POINT('',(129.397392092293,38.,178.864879546691));
#3714=CARTESIAN_POINT('',(86.3973920922926,33.,178.864879546691));
#3715=CARTESIAN_POINT('',(86.3973920922926,33.,178.864879546691));
#3716=CARTESIAN_POINT('',(86.3973920922926,38.,178.864879546691));
#3717=CARTESIAN_POINT('Origin',(129.397392092293,33.,198.864879546691));
#3718=CARTESIAN_POINT('',(86.3973920922926,33.,193.864879546691));
#3719=CARTESIAN_POINT('',(118.647392092293,33.,193.864879546691));
#3720=CARTESIAN_POINT('',(86.3973920922926,33.,198.864879546691));
#3721=CARTESIAN_POINT('Origin',(123.3973920923,-4.00000000000001,198.864879546691));
#3722=CARTESIAN_POINT('',(124.9848920923,-4.00000000000001,193.864879546691));
#3723=CARTESIAN_POINT('Origin',(123.3973920923,-4.00000000000001,193.864879546691));
#3724=CARTESIAN_POINT('',(124.9848920923,-4.00000000000001,198.864879546691));
#3725=CARTESIAN_POINT('',(124.9848920923,-4.00000000000001,198.864879546691));
#3726=CARTESIAN_POINT('Origin',(123.3973920923,-4.00000000000001,198.864879546691));
#3727=CARTESIAN_POINT('Origin',(92.3973920922926,27.,198.864879546691));
#3728=CARTESIAN_POINT('',(93.9848920922926,27.,193.864879546691));
#3729=CARTESIAN_POINT('Origin',(92.3973920922926,27.,193.864879546691));
#3730=CARTESIAN_POINT('',(93.9848920922926,27.,198.864879546691));
#3731=CARTESIAN_POINT('Origin',(92.3973920923,-4.00000000000001,198.864879546691));
#3732=CARTESIAN_POINT('',(93.9848920923,-4.00000000000001,193.864879546691));
#3733=CARTESIAN_POINT('Origin',(92.3973920923,-4.00000000000001,193.864879546691));
#3734=CARTESIAN_POINT('',(93.9848920923,-4.00000000000001,198.864879546691));
#3735=CARTESIAN_POINT('',(93.9848920923,-4.00000000000001,198.864879546691));
#3736=CARTESIAN_POINT('Origin',(92.3973920923,-4.00000000000001,198.864879546691));
#3737=CARTESIAN_POINT('Origin',(123.3973920923,27.,198.864879546691));
#3738=CARTESIAN_POINT('',(124.9848920923,27.,193.864879546691));
#3739=CARTESIAN_POINT('Origin',(123.3973920923,27.,193.864879546691));
#3740=CARTESIAN_POINT('',(124.9848920923,27.,198.864879546691));
#3741=CARTESIAN_POINT('',(124.9848920923,27.,198.864879546691));
#3742=CARTESIAN_POINT('Origin',(123.3973920923,27.,198.864879546691));
#3743=CARTESIAN_POINT('Origin',(107.897392092293,11.5,193.864879546691));
#3744=CARTESIAN_POINT('',(86.3973920922926,-10.,193.864879546691));
#3745=CARTESIAN_POINT('',(86.3973920922926,22.25,193.864879546691));
#3746=CARTESIAN_POINT('',(129.397392092293,-15.,193.864879546691));
#3747=CARTESIAN_POINT('',(97.1473920922926,-10.,193.864879546691));
#3748=CARTESIAN_POINT('Origin',(86.3973920922926,-10.,198.864879546691));
#3749=CARTESIAN_POINT('',(86.3973920922926,-10.,198.864879546691));
#3750=CARTESIAN_POINT('Origin',(86.3973920922926,33.,198.864879546691));
#3751=CARTESIAN_POINT('Origin',(81.3973920922926,15.,198.864879546691));
#3752=CARTESIAN_POINT('',(67.2463534135979,15.,190.869206546608));
#3753=CARTESIAN_POINT('',(69.93854003876,15.,178.738115001674));
#3754=CARTESIAN_POINT('',(67.2463534135977,15.,143.52324135042));
#3755=CARTESIAN_POINT('',(67.247313680962,15.,190.864879546691));
#3756=CARTESIAN_POINT('Origin',(53.6014169899997,14.5,190.864879546691));
#3757=CARTESIAN_POINT('',(65.60141699,38.,190.864879546691));
#3758=CARTESIAN_POINT('Origin',(53.6014169899997,29.,190.864879546691));
#3759=CARTESIAN_POINT('',(69.5504107655732,38.,190.864879546691));
#3760=CARTESIAN_POINT('',(60.6014169899998,29.,190.864879546691));
#3761=CARTESIAN_POINT('Origin',(53.6014169899997,29.,190.864879546691));
#3762=CARTESIAN_POINT('Origin',(67.2463534135973,10.7492778990776,88.1816031541493));
#3763=CARTESIAN_POINT('',(67.2463534135965,5.37463894957579,190.869206546614));
#3764=CARTESIAN_POINT('',(67.2463534135965,5.37463894953716,190.864879546691));
#3765=CARTESIAN_POINT('Origin',(74.3218727529434,-2.22044604925031E-15,
158.986657234714));
#3766=CARTESIAN_POINT('',(67.247313680962,0.,190.864879546691));
#3767=CARTESIAN_POINT('Origin',(67.247313680962,0.,190.864879546691));
#3768=CARTESIAN_POINT('',(104.774999999887,-16.4894947000643,21.7637503940913));
#3769=CARTESIAN_POINT('Origin',(101.668974716407,-81.5,35.7596140918785));
#3770=CARTESIAN_POINT('',(104.774999999887,-5.70869238825607,21.7637503940914));
#3771=CARTESIAN_POINT('',(104.774999999887,0.,21.7637503940914));
#3772=CARTESIAN_POINT('',(104.774999999887,5.7086923882562,21.7637503940914));
#3773=CARTESIAN_POINT('Origin',(109.604909782309,0.,1.09133188597177E-12));
#3774=CARTESIAN_POINT('',(104.774999999887,16.4894947000643,21.7637503940915));
#3775=CARTESIAN_POINT('',(104.774999999887,0.,21.7637503940914));
#3776=CARTESIAN_POINT('Origin',(101.668974716407,81.5,35.7596140918785));
#3777=CARTESIAN_POINT('Origin',(0.,81.5,35.7596140918785));
#3778=CARTESIAN_POINT('',(79.6321682675073,20.6039325842464,9.04035187721197));
#3779=CARTESIAN_POINT('',(79.9999999999998,18.7593195602777,13.7174495438891));
#3780=CARTESIAN_POINT('Ctrl Pts',(79.9999999999998,18.7593195602777,13.7174495438891));
#3781=CARTESIAN_POINT('Ctrl Pts',(79.6850266684079,18.7593195602777,13.7174495438891));
#3782=CARTESIAN_POINT('Ctrl Pts',(79.3495549535317,18.7805437356712,13.6567477383188));
#3783=CARTESIAN_POINT('Ctrl Pts',(78.7336748989006,18.8674273574268,13.4117341196093));
#3784=CARTESIAN_POINT('Ctrl Pts',(78.4532411634316,18.9331934707739,13.2275239902814));
#3785=CARTESIAN_POINT('Ctrl Pts',(78.0097077278602,19.0872223749621,12.804304322734));
#3786=CARTESIAN_POINT('Ctrl Pts',(77.8174518020526,19.1860018415113,12.5365013895272));
#3787=CARTESIAN_POINT('Ctrl Pts',(77.5625998813169,19.4066374824452,11.9528574597227));
#3788=CARTESIAN_POINT('Ctrl Pts',(77.4999999999998,19.5286108145669,11.637062456219));
#3789=CARTESIAN_POINT('Ctrl Pts',(77.4999999999998,19.7614088872503,11.0473341552976));
#3790=CARTESIAN_POINT('Ctrl Pts',(77.5625518184137,19.8879389237966,10.7336105519212));
#3791=CARTESIAN_POINT('Ctrl Pts',(77.8182604034503,20.1249568549222,10.1578367673372));
#3792=CARTESIAN_POINT('Ctrl Pts',(78.011448605341,20.2353207621261,9.89574951509564));
#3793=CARTESIAN_POINT('Ctrl Pts',(78.4564085631087,20.410481403326,9.48471883137037));
#3794=CARTESIAN_POINT('Ctrl Pts',(78.7368831725585,20.4872148498578,9.30764944986106));
#3795=CARTESIAN_POINT('Ctrl Pts',(79.2338019745326,20.5698678528073,9.11800722494813));
#3796=CARTESIAN_POINT('Ctrl Pts',(79.4333670170919,20.5919783347727,9.06759689528418));
#3797=CARTESIAN_POINT('Ctrl Pts',(79.6321682675155,20.6039325842252,9.04035187726249));
#3798=CARTESIAN_POINT('',(56.4304398169739,20.6039325842697,9.04035187716112));
#3799=CARTESIAN_POINT('',(0.,20.6039325842697,9.04035187716111));
#3800=CARTESIAN_POINT('Ctrl Pts',(56.4304398169739,20.6039325842696,9.04035187716118));
#3801=CARTESIAN_POINT('Ctrl Pts',(56.34318693132,20.3649627326352,9.584989827061));
#3802=CARTESIAN_POINT('Ctrl Pts',(56.2478065000004,20.1346299598522,10.129821484664));
#3803=CARTESIAN_POINT('Ctrl Pts',(55.7272014559058,19.019205692755,12.8682346750862));
#3804=CARTESIAN_POINT('Ctrl Pts',(55.1767912047158,18.2701599942905,15.047935234117));
#3805=CARTESIAN_POINT('Ctrl Pts',(53.7036502038939,16.9030274186144,19.734578233163));
#3806=CARTESIAN_POINT('Ctrl Pts',(52.6559232886668,16.2994629087751,22.407327818093));
#3807=CARTESIAN_POINT('Ctrl Pts',(50.0837988056378,15.4381981878355,27.6829856565206));
#3808=CARTESIAN_POINT('Ctrl Pts',(48.5591729923153,15.1795521167257,30.2856281675966));
#3809=CARTESIAN_POINT('Ctrl Pts',(46.1143494839401,15.0215287532011,33.7809575366867));
#3810=CARTESIAN_POINT('Ctrl Pts',(45.3625503457543,15.,34.7839880660171));
#3811=CARTESIAN_POINT('Ctrl Pts',(44.5799562583895,15.,35.7596140918785));
#3812=CARTESIAN_POINT('',(104.774999999921,20.6039325842697,9.04035187716111));
#3813=CARTESIAN_POINT('Origin',(104.774999999945,81.5,35.7596140918785));
#3814=CARTESIAN_POINT('',(80.3678317324923,20.6039325842464,9.04035187721197));
#3815=CARTESIAN_POINT('',(0.,20.6039325842697,9.04035187716111));
#3816=CARTESIAN_POINT('Ctrl Pts',(80.3678317324841,20.6039325842252,9.04035187726249));
#3817=CARTESIAN_POINT('Ctrl Pts',(80.5666329829077,20.5919783347727,9.06759689528418));
#3818=CARTESIAN_POINT('Ctrl Pts',(80.766198025467,20.5698678528073,9.11800722494812));
#3819=CARTESIAN_POINT('Ctrl Pts',(81.2631168274411,20.4872148498578,9.30764944986104));
#3820=CARTESIAN_POINT('Ctrl Pts',(81.5435914368909,20.410481403326,9.48471883137037));
#3821=CARTESIAN_POINT('Ctrl Pts',(81.9885513946586,20.2353207621261,9.89574951509564));
#3822=CARTESIAN_POINT('Ctrl Pts',(82.1817395965493,20.1249568549222,10.1578367673372));
#3823=CARTESIAN_POINT('Ctrl Pts',(82.4374481815859,19.8879389237966,10.7336105519212));
#3824=CARTESIAN_POINT('Ctrl Pts',(82.4999999999998,19.7614088872503,11.0473341552976));
#3825=CARTESIAN_POINT('Ctrl Pts',(82.4999999999998,19.528192355325,11.6381225047618));
#3826=CARTESIAN_POINT('Ctrl Pts',(82.4369532860297,19.4058174941322,11.9549848010617));
#3827=CARTESIAN_POINT('Ctrl Pts',(82.1804130271385,19.1845908734436,12.5402759846394));
#3828=CARTESIAN_POINT('Ctrl Pts',(81.986915656396,19.0856204000751,12.808658316945));
#3829=CARTESIAN_POINT('Ctrl Pts',(81.542169352045,18.9320322365774,13.2307627265814));
#3830=CARTESIAN_POINT('Ctrl Pts',(81.2623269555234,18.8666959020161,13.4137892030054));
#3831=CARTESIAN_POINT('Ctrl Pts',(80.6481713172619,18.7803921222791,13.6571830058408));
#3832=CARTESIAN_POINT('Ctrl Pts',(80.3138329128069,18.7593195602777,13.7174495438891));
#3833=CARTESIAN_POINT('Ctrl Pts',(79.9999999999998,18.7593195602777,13.7174495438891));
#3834=CARTESIAN_POINT('Origin',(0.,0.,1.09133188597177E-12));
#3835=CARTESIAN_POINT('',(79.9999999999998,20.6149167310365,9.015276378038));
#3836=CARTESIAN_POINT('Ctrl Pts',(79.6321682675155,20.6039325842244,9.04035187726206));
#3837=CARTESIAN_POINT('Ctrl Pts',(79.7560279422944,20.6113804722346,9.02337734081266));
#3838=CARTESIAN_POINT('Ctrl Pts',(79.8795736404758,20.6149167310365,9.015276378038));
#3839=CARTESIAN_POINT('Ctrl Pts',(79.9999999999998,20.6149167310365,9.015276378038));
#3840=CARTESIAN_POINT('Ctrl Pts',(79.9999999999998,20.6149167310365,9.015276378038));
#3841=CARTESIAN_POINT('Ctrl Pts',(80.1204263595239,20.6149167310365,9.01527637803801));
#3842=CARTESIAN_POINT('Ctrl Pts',(80.2439720577052,20.6113804722346,9.02337734081266));
#3843=CARTESIAN_POINT('Ctrl Pts',(80.3678317324841,20.6039325842244,9.04035187726206));
#3844=CARTESIAN_POINT('',(104.774999999921,-20.6039325842697,9.04035187716112));
#3845=CARTESIAN_POINT('Origin',(104.774999999945,0.,1.09133188597177E-12));
#3846=CARTESIAN_POINT('',(80.3678317324923,-20.6039325842464,9.04035187721198));
#3847=CARTESIAN_POINT('',(0.,-20.6039325842697,9.04035187716112));
#3848=CARTESIAN_POINT('',(79.9999999999998,-20.6149167310365,9.01527637803802));
#3849=CARTESIAN_POINT('Ctrl Pts',(80.3678317324841,-20.6039325842244,9.04035187726207));
#3850=CARTESIAN_POINT('Ctrl Pts',(80.2439720577052,-20.6113804722346,9.02337734081268));
#3851=CARTESIAN_POINT('Ctrl Pts',(80.1204263595239,-20.6149167310365,9.01527637803802));
#3852=CARTESIAN_POINT('Ctrl Pts',(79.9999999999998,-20.6149167310365,9.01527637803802));
#3853=CARTESIAN_POINT('',(79.6321682675073,-20.6039325842464,9.04035187721198));
#3854=CARTESIAN_POINT('Ctrl Pts',(79.9999999999998,-20.6149167310365,9.01527637803802));
#3855=CARTESIAN_POINT('Ctrl Pts',(79.8795736404758,-20.6149167310365,9.01527637803802));
#3856=CARTESIAN_POINT('Ctrl Pts',(79.7560279422944,-20.6113804722346,9.02337734081267));
#3857=CARTESIAN_POINT('Ctrl Pts',(79.6321682675155,-20.6039325842244,9.04035187726207));
#3858=CARTESIAN_POINT('',(56.4304398169739,-20.6039325842697,9.04035187716112));
#3859=CARTESIAN_POINT('',(0.,-20.6039325842697,9.04035187716112));
#3860=CARTESIAN_POINT('',(57.15,-22.5,-8.88178419700125E-15));
#3861=CARTESIAN_POINT('Ctrl Pts',(57.15,-22.5,1.08829611988881E-12));
#3862=CARTESIAN_POINT('Ctrl Pts',(57.15,-22.5,1.42884685057778));
#3863=CARTESIAN_POINT('Ctrl Pts',(57.0950703131253,-22.3616928416197,2.90168465796767));
#3864=CARTESIAN_POINT('Ctrl Pts',(56.8715475713125,-21.7846545952576,5.82184719458777));
#3865=CARTESIAN_POINT('Ctrl Pts',(56.7030936696974,-21.3460952481164,7.26921650772474));
#3866=CARTESIAN_POINT('Ctrl Pts',(56.4712703992573,-20.7155594527818,8.78267177535004));
#3867=CARTESIAN_POINT('Ctrl Pts',(56.451035083545,-20.6603392894461,8.91179493971574));
#3868=CARTESIAN_POINT('Ctrl Pts',(56.4304398169739,-20.6039325842697,9.04035187716112));
#3869=CARTESIAN_POINT('',(57.15,22.5,-8.88178419700125E-15));
#3870=CARTESIAN_POINT('Origin',(57.15,0.,1.09133188597177E-12));
#3871=CARTESIAN_POINT('Ctrl Pts',(56.4304398169739,20.6039325842697,9.04035187716112));
#3872=CARTESIAN_POINT('Ctrl Pts',(56.451035083545,20.6603392894461,8.91179493971574));
#3873=CARTESIAN_POINT('Ctrl Pts',(56.4712703992573,20.7155594527818,8.78267177535005));
#3874=CARTESIAN_POINT('Ctrl Pts',(56.7030936696974,21.3460952481164,7.26921650772474));
#3875=CARTESIAN_POINT('Ctrl Pts',(56.8715475713125,21.7846545952576,5.82184719458777));
#3876=CARTESIAN_POINT('Ctrl Pts',(57.0950703131253,22.3616928416198,2.90168465796767));
#3877=CARTESIAN_POINT('Ctrl Pts',(57.15,22.5,1.42884685057779));
#3878=CARTESIAN_POINT('Ctrl Pts',(57.15,22.5,1.09690034832965E-12));
#3879=CARTESIAN_POINT('',(80.,-2.5,-22.3606797749968));
#3880=CARTESIAN_POINT('',(80.,2.5,-22.3606797749968));
#3881=CARTESIAN_POINT('Ctrl Pts',(80.,-2.5,-22.3606797749968));
#3882=CARTESIAN_POINT('Ctrl Pts',(80.3141849892653,-2.5,-22.3606797749968));
#3883=CARTESIAN_POINT('Ctrl Pts',(80.64913330115,-2.43715689169785,-22.3679843378094));
#3884=CARTESIAN_POINT('Ctrl Pts',(81.2650040617687,-2.18194238801882,-22.3943203598257));
#3885=CARTESIAN_POINT('Ctrl Pts',(81.5459487876483,-1.98958511828448,-22.4129663357189));
#3886=CARTESIAN_POINT('Ctrl Pts',(81.9895839649805,-1.54594994095222,-22.4479296857018));
#3887=CARTESIAN_POINT('Ctrl Pts',(82.1819421366895,-1.26500471143887,-22.4665253139696));
#3888=CARTESIAN_POINT('Ctrl Pts',(82.4371573073053,-0.649132255052144,-22.4927460288059));
#3889=CARTESIAN_POINT('Ctrl Pts',(82.5,-0.314183355716558,-22.4999999999989));
#3890=CARTESIAN_POINT('Ctrl Pts',(82.5,0.314183355716558,-22.4999999999989));
#3891=CARTESIAN_POINT('Ctrl Pts',(82.4371573073053,0.649132255052144,-22.4927460288059));
#3892=CARTESIAN_POINT('Ctrl Pts',(82.1819421366895,1.26500471143887,-22.4665253139696));
#3893=CARTESIAN_POINT('Ctrl Pts',(81.9895839649805,1.54594994095222,-22.4479296857018));
#3894=CARTESIAN_POINT('Ctrl Pts',(81.5459487876483,1.98958511828448,-22.4129663357189));
#3895=CARTESIAN_POINT('Ctrl Pts',(81.2650040617687,2.18194238801882,-22.3943203598257));
#3896=CARTESIAN_POINT('Ctrl Pts',(80.64913330115,2.43715689169785,-22.3679843378094));
#3897=CARTESIAN_POINT('Ctrl Pts',(80.3141849892653,2.5,-22.3606797749968));
#3898=CARTESIAN_POINT('Ctrl Pts',(80.,2.5,-22.3606797749968));
#3899=CARTESIAN_POINT('Ctrl Pts',(80.,2.5,-22.3606797749968));
#3900=CARTESIAN_POINT('Ctrl Pts',(79.6858150107347,2.5,-22.3606797749968));
#3901=CARTESIAN_POINT('Ctrl Pts',(79.3508666988501,2.43715689169784,-22.3679843378094));
#3902=CARTESIAN_POINT('Ctrl Pts',(78.7349959382313,2.18194238801881,-22.3943203598257));
#3903=CARTESIAN_POINT('Ctrl Pts',(78.4540512123517,1.98958511828448,-22.4129663357189));
#3904=CARTESIAN_POINT('Ctrl Pts',(78.0104160350195,1.54594994095222,-22.4479296857018));
#3905=CARTESIAN_POINT('Ctrl Pts',(77.8180578633105,1.26500471143887,-22.4665253139696));
#3906=CARTESIAN_POINT('Ctrl Pts',(77.5628426926947,0.649132255052142,-22.4927460288059));
#3907=CARTESIAN_POINT('Ctrl Pts',(77.5,0.314183355716559,-22.4999999999989));
#3908=CARTESIAN_POINT('Ctrl Pts',(77.5,-0.314183355716558,-22.4999999999989));
#3909=CARTESIAN_POINT('Ctrl Pts',(77.5628426926947,-0.649132255052142,-22.4927460288059));
#3910=CARTESIAN_POINT('Ctrl Pts',(77.8180578633105,-1.26500471143887,-22.4665253139696));
#3911=CARTESIAN_POINT('Ctrl Pts',(78.0104160350195,-1.54594994095222,-22.4479296857018));
#3912=CARTESIAN_POINT('Ctrl Pts',(78.4540512123517,-1.98958511828448,-22.4129663357189));
#3913=CARTESIAN_POINT('Ctrl Pts',(78.7349959382313,-2.18194238801881,-22.3943203598257));
#3914=CARTESIAN_POINT('Ctrl Pts',(79.3508666988501,-2.43715689169785,-22.3679843378094));
#3915=CARTESIAN_POINT('Ctrl Pts',(79.6858150107347,-2.5,-22.3606797749968));
#3916=CARTESIAN_POINT('Ctrl Pts',(80.,-2.5,-22.3606797749968));
#3917=CARTESIAN_POINT('Origin',(0.,-81.5,35.7596140918785));
#3918=CARTESIAN_POINT('Ctrl Pts',(44.5799562583895,-15.,35.7596140918785));
#3919=CARTESIAN_POINT('Ctrl Pts',(45.3625503457543,-15.,34.7839880660172));
#3920=CARTESIAN_POINT('Ctrl Pts',(46.11434948394,-15.0215287532011,33.7809575366867));
#3921=CARTESIAN_POINT('Ctrl Pts',(48.5591729923153,-15.1795521167257,30.2856281675966));
#3922=CARTESIAN_POINT('Ctrl Pts',(50.0837988056378,-15.4381981878355,27.6829856565207));
#3923=CARTESIAN_POINT('Ctrl Pts',(52.6559232886668,-16.2994629087751,22.407327818093));
#3924=CARTESIAN_POINT('Ctrl Pts',(53.7036502038939,-16.9030274186143,19.7345782331631));
#3925=CARTESIAN_POINT('Ctrl Pts',(55.1767912047158,-18.2701599942905,15.047935234117));
#3926=CARTESIAN_POINT('Ctrl Pts',(55.7272014559058,-19.019205692755,12.8682346750862));
#3927=CARTESIAN_POINT('Ctrl Pts',(56.2478065000004,-20.1346299598522,10.129821484664));
#3928=CARTESIAN_POINT('Ctrl Pts',(56.34318693132,-20.3649627326352,9.584989827061));
#3929=CARTESIAN_POINT('Ctrl Pts',(56.4304398169739,-20.6039325842696,9.04035187716117));
#3930=CARTESIAN_POINT('Ctrl Pts',(79.6321682675156,-20.6039325842252,9.04035187726249));
#3931=CARTESIAN_POINT('Ctrl Pts',(79.4327177955668,-20.5919392960039,9.06768586882995));
#3932=CARTESIAN_POINT('Ctrl Pts',(79.2325115194764,-20.5697235848572,9.11833595472534));
#3933=CARTESIAN_POINT('Ctrl Pts',(78.7345287632117,-20.4867082619423,9.30881551640209));
#3934=CARTESIAN_POINT('Ctrl Pts',(78.4537042934994,-20.4096852852396,9.48656287366003));
#3935=CARTESIAN_POINT('Ctrl Pts',(78.0094583179129,-20.2342638170313,9.89825430895089));
#3936=CARTESIAN_POINT('Ctrl Pts',(77.8170031444699,-20.1240489221219,10.160019684936));
#3937=CARTESIAN_POINT('Ctrl Pts',(77.5622897284008,-19.8874370236078,10.7348525945475));
#3938=CARTESIAN_POINT('Ctrl Pts',(77.4999999999998,-19.7611630854168,11.0479568249613));
#3939=CARTESIAN_POINT('Ctrl Pts',(77.4999999999998,-19.5286108145668,11.637062456219));
#3940=CARTESIAN_POINT('Ctrl Pts',(77.5625998813169,-19.4066374824452,11.9528574597227));
#3941=CARTESIAN_POINT('Ctrl Pts',(77.8174518020526,-19.1860018415113,12.5365013895272));
#3942=CARTESIAN_POINT('Ctrl Pts',(78.0097077278602,-19.0872223749621,12.8043043227341));
#3943=CARTESIAN_POINT('Ctrl Pts',(78.4532411634316,-18.9331934707739,13.2275239902815));
#3944=CARTESIAN_POINT('Ctrl Pts',(78.7336748989007,-18.8674273574268,13.4117341196093));
#3945=CARTESIAN_POINT('Ctrl Pts',(79.3495549535317,-18.7805437356712,13.6567477383188));
#3946=CARTESIAN_POINT('Ctrl Pts',(79.685026668408,-18.7593195602776,13.7174495438891));
#3947=CARTESIAN_POINT('Ctrl Pts',(79.9999999999998,-18.7593195602776,13.7174495438891));
#3948=CARTESIAN_POINT('Ctrl Pts',(80.3138329128069,-18.7593195602776,13.7174495438891));
#3949=CARTESIAN_POINT('Ctrl Pts',(80.6481713172619,-18.7803921222791,13.6571830058408));
#3950=CARTESIAN_POINT('Ctrl Pts',(81.2623269555234,-18.866695902016,13.4137892030055));
#3951=CARTESIAN_POINT('Ctrl Pts',(81.542169352045,-18.9320322365773,13.2307627265814));
#3952=CARTESIAN_POINT('Ctrl Pts',(81.986915656396,-19.0856204000751,12.808658316945));
#3953=CARTESIAN_POINT('Ctrl Pts',(82.1804130271385,-19.1845908734436,12.5402759846394));
#3954=CARTESIAN_POINT('Ctrl Pts',(82.4369532860297,-19.4058174941322,11.9549848010617));
#3955=CARTESIAN_POINT('Ctrl Pts',(82.4999999999998,-19.528192355325,11.6381225047618));
#3956=CARTESIAN_POINT('Ctrl Pts',(82.4999999999998,-19.7614088872503,11.0473341552976));
#3957=CARTESIAN_POINT('Ctrl Pts',(82.4374481815859,-19.8879389237966,10.7336105519212));
#3958=CARTESIAN_POINT('Ctrl Pts',(82.1817395965493,-20.1249568549222,10.1578367673372));
#3959=CARTESIAN_POINT('Ctrl Pts',(81.9885513946586,-20.2353207621261,9.89574951509565));
#3960=CARTESIAN_POINT('Ctrl Pts',(81.5435914368909,-20.410481403326,9.48471883137038));
#3961=CARTESIAN_POINT('Ctrl Pts',(81.2631168274411,-20.4872148498577,9.30764944986105));
#3962=CARTESIAN_POINT('Ctrl Pts',(80.7661980254669,-20.5698678528073,9.11800722494812));
#3963=CARTESIAN_POINT('Ctrl Pts',(80.5666329829076,-20.5919783347727,9.06759689528418));
#3964=CARTESIAN_POINT('Ctrl Pts',(80.367831732484,-20.6039325842252,9.04035187726249));
#3965=CARTESIAN_POINT('Origin',(104.774999999945,-81.5,35.7596140918785));
#3966=CARTESIAN_POINT('Origin',(79.9999999999998,-10.7116304029545,10.8320323635825));
#3967=CARTESIAN_POINT('',(75.9499999999999,-14.7616304029545,3.81722659292854));
#3968=CARTESIAN_POINT('',(84.0499999999999,-14.7616304029545,3.81722659292862));
#3969=CARTESIAN_POINT('',(79.9999999999999,-14.7616304029545,3.81722659292858));
#3970=CARTESIAN_POINT('',(75.9499999999998,-10.7116304029545,10.8320323635825));
#3971=CARTESIAN_POINT('',(75.9499999999999,-14.7616304029545,3.81722659292854));
#3972=CARTESIAN_POINT('',(84.0499999999999,-10.7116304029545,10.8320323635826));
#3973=CARTESIAN_POINT('',(79.9999999999998,-10.7116304029545,10.8320323635825));
#3974=CARTESIAN_POINT('',(84.0499999999999,-14.7616304029545,3.81722659292862));
#3975=CARTESIAN_POINT('',(79.9999999999999,-13.9741304029545,5.18121660388907));
#3976=CARTESIAN_POINT('Origin',(79.9999999999999,-12.7241304029545,7.34628011335016));
#3977=CARTESIAN_POINT('Origin',(79.9999999999999,-5.53531632328099,7.84348603627297));
#3978=CARTESIAN_POINT('',(75.9499999999999,-5.60680114905606,7.88475781967716));
#3979=CARTESIAN_POINT('',(84.0499999999999,-5.60680114905602,7.88475781967718));
#3980=CARTESIAN_POINT('',(0.,-5.6068011490564,7.88475781967691));
#3981=CARTESIAN_POINT('',(84.0499999999999,-10.7116304029545,10.8320323635826));
#3982=CARTESIAN_POINT('',(75.9499999999998,-10.7116304029545,10.8320323635825));
#3983=CARTESIAN_POINT('Origin',(75.9499999999999,-10.1383990597256,5.8245399128254));
#3984=CARTESIAN_POINT('',(75.9499999999999,-9.63684207678538,0.85842867327496));
#3985=CARTESIAN_POINT('Origin',(75.9499999999999,-5.55111512312578E-16,
1.03916875104915E-12));
#3986=CARTESIAN_POINT('',(75.9499999999999,-9.56516771649671,0.817047462068299));
#3987=CARTESIAN_POINT('Origin',(79.9999999999998,-16.0445235669955,9.26331000042464));
#3988=CARTESIAN_POINT('',(79.9999999999998,-17.2945235669955,7.09824649096354));
#3989=CARTESIAN_POINT('Origin',(79.9999999999999,14.7366304029545,3.86052786311779));
#3990=CARTESIAN_POINT('',(75.9499999999998,10.6866304029545,10.8753336337717));
#3991=CARTESIAN_POINT('',(84.0499999999999,10.6866304029545,10.8753336337718));
#3992=CARTESIAN_POINT('',(79.9999999999998,10.6866304029545,10.8753336337717));
#3993=CARTESIAN_POINT('',(75.9499999999999,14.7366304029545,3.86052786311775));
#3994=CARTESIAN_POINT('',(75.9499999999998,10.6866304029545,10.8753336337717));
#3995=CARTESIAN_POINT('',(84.0499999999999,14.7366304029545,3.86052786311782));
#3996=CARTESIAN_POINT('',(79.9999999999999,14.7366304029545,3.86052786311779));
#3997=CARTESIAN_POINT('',(84.0499999999999,10.6866304029545,10.8753336337718));
#3998=CARTESIAN_POINT('',(79.9999999999999,11.4741304029545,9.51134362281125));
#3999=CARTESIAN_POINT('Origin',(79.9999999999999,12.7241304029545,7.34628011335016));
#4000=CARTESIAN_POINT('Origin',(79.9999999999999,9.560316323281,0.871981535808237));
#4001=CARTESIAN_POINT('',(75.9499999999999,9.63180114905565,0.913253319212183));
#4002=CARTESIAN_POINT('',(84.0499999999999,9.63180114905565,0.913253319212227));
#4003=CARTESIAN_POINT('',(0.,9.63180114905569,0.91325331921176));
#4004=CARTESIAN_POINT('',(84.0499999999999,14.7366304029545,3.86052786311782));
#4005=CARTESIAN_POINT('',(75.9499999999999,14.7366304029545,3.86052786311775));
#4006=CARTESIAN_POINT('Origin',(75.9499999999999,10.1133990597256,5.86784118301461));
#4007=CARTESIAN_POINT('',(75.9499999999999,5.5618420767858,7.91653571411836));
#4008=CARTESIAN_POINT('Origin',(75.9499999999999,-5.55111512312578E-16,
1.03916875104915E-12));
#4009=CARTESIAN_POINT('',(75.9499999999999,5.49016771649672,7.87515450291146));
#4010=CARTESIAN_POINT('Origin',(79.9999999999998,16.0445235669955,9.26331000042463));
#4011=CARTESIAN_POINT('',(79.9999999999998,14.7945235669955,11.4283735098857));
#4012=CARTESIAN_POINT('Origin',(104.774999999945,0.,1.09245945623115E-12));
#4013=CARTESIAN_POINT('Origin',(104.774999999945,0.,1.09133188597177E-12));
#4014=CARTESIAN_POINT('',(104.774999999945,-9.675,1.04035359682732E-12));
#4015=CARTESIAN_POINT('Origin',(104.774999999945,-5.55111512312578E-16,
1.03916875104915E-12));
#4016=CARTESIAN_POINT('Origin',(0.,0.,1.09133188597177E-12));
#4017=CARTESIAN_POINT('Origin',(39.9564805664009,0.,190.864879546691));
#4018=CARTESIAN_POINT('Origin',(80.,-4.025,-14.6925602266989));
#4019=CARTESIAN_POINT('',(75.95,4.075,-14.6925602266989));
#4020=CARTESIAN_POINT('',(84.05,4.075,-14.6925602266989));
#4021=CARTESIAN_POINT('',(80.,4.075,-14.6925602266989));
#4022=CARTESIAN_POINT('',(75.95,-4.025,-14.6925602266989));
#4023=CARTESIAN_POINT('',(75.95,4.075,-14.6925602266989));
#4024=CARTESIAN_POINT('',(84.05,-4.025,-14.6925602266989));
#4025=CARTESIAN_POINT('',(80.,-4.025,-14.6925602266989));
#4026=CARTESIAN_POINT('',(84.05,4.075,-14.6925602266989));
#4027=CARTESIAN_POINT('',(80.,2.5,-14.6925602266989));
#4028=CARTESIAN_POINT('Origin',(80.,0.,-14.6925602266989));
#4029=CARTESIAN_POINT('Origin',(80.,-4.025,-8.7154675720798));
#4030=CARTESIAN_POINT('',(75.95,-4.025,-8.79801113888711));
#4031=CARTESIAN_POINT('',(84.05,-4.025,-8.79801113888711));
#4032=CARTESIAN_POINT('',(0.,-4.025,-8.79801113888711));
#4033=CARTESIAN_POINT('',(84.05,-4.025,-14.6925602266989));
#4034=CARTESIAN_POINT('',(75.95,-4.025,-14.6925602266989));
#4035=CARTESIAN_POINT('Origin',(75.95,0.0249999999999978,-11.6923810958387));
#4036=CARTESIAN_POINT('',(75.95,4.07499999999999,-8.77496438739108));
#4037=CARTESIAN_POINT('Origin',(75.95,-5.55111512312578E-16,1.03916875104915E-12));
#4038=CARTESIAN_POINT('',(75.95,4.07499999999999,-8.69220196497842));
#4039=CARTESIAN_POINT('Origin',(80.,0.,-18.5266200008479));
#4040=CARTESIAN_POINT('',(80.,2.5,-18.5266200008479));
#4041=CARTESIAN_POINT('Origin',(42.7564805664009,0.,190.864879546691));
#4042=CARTESIAN_POINT('',(42.7564805664009,6.1,198.864879546691));
#4043=CARTESIAN_POINT('',(42.7564805664002,6.1,37.9210478438432));
#4044=CARTESIAN_POINT('',(42.7564805664009,6.1,190.864879546691));
#4045=CARTESIAN_POINT('',(42.7564805664002,-6.1,37.9210478438432));
#4046=CARTESIAN_POINT('',(42.7564805664002,0.,37.9210478438432));
#4047=CARTESIAN_POINT('',(42.7564805664009,-6.1,198.864879546691));
#4048=CARTESIAN_POINT('',(42.7564805664009,-6.1,190.864879546691));
#4049=CARTESIAN_POINT('',(42.7564805664009,3.05,198.864879546691));
#4050=CARTESIAN_POINT('',(42.7564805664009,1.50000000000001,179.864879548119));
#4051=CARTESIAN_POINT('Origin',(42.7564805664009,0.,179.864879548119));
#4052=CARTESIAN_POINT('',(42.7564805663951,1.50000000000001,154.864879548119));
#4053=CARTESIAN_POINT('Origin',(42.7564805664007,-1.75663626169584E-16,
154.864879548119));
#4054=CARTESIAN_POINT('',(42.7564805663894,1.50000000000001,129.864879548119));
#4055=CARTESIAN_POINT('Origin',(42.7564805664005,-3.51327252339167E-16,
129.864879548119));
#4056=CARTESIAN_POINT('',(42.7564805663837,1.50000000000001,104.864879548119));
#4057=CARTESIAN_POINT('Origin',(42.7564805664004,-5.26990878508751E-16,
104.864879548119));
#4058=CARTESIAN_POINT('',(42.7564805663779,1.50000000000001,79.8648795481193));
#4059=CARTESIAN_POINT('Origin',(42.7564805664004,-7.02654504678335E-16,
79.8648795481193));
#4060=CARTESIAN_POINT('',(42.7564805663722,1.50000000000001,54.8648795481193));
#4061=CARTESIAN_POINT('Origin',(42.7564805664003,-8.78318130847918E-16,
54.8648795481193));
#4062=CARTESIAN_POINT('Origin',(41.3564805664006,6.1,114.392963695267));
#4063=CARTESIAN_POINT('',(39.9564805664364,6.1,198.864879546691));
#4064=CARTESIAN_POINT('Origin',(0.,6.1,0.));
#4065=CARTESIAN_POINT('Origin',(42.7564805663722,-8.78318130847918E-16,
54.8648795481193));
#4066=CARTESIAN_POINT('',(47.8833805664371,1.50000000000001,54.8648795481192));
#4067=CARTESIAN_POINT('',(42.7564805663722,1.50000000000001,54.8648795481193));
#4068=CARTESIAN_POINT('Origin',(47.8833805664363,-8.78318130847918E-16,
54.8648795481192));
#4069=CARTESIAN_POINT('Origin',(42.7564805663779,-7.02654504678335E-16,
79.8648795481193));
#4070=CARTESIAN_POINT('',(47.8833805664371,1.50000000000001,79.8648795481192));
#4071=CARTESIAN_POINT('',(42.7564805663779,1.50000000000001,79.8648795481193));
#4072=CARTESIAN_POINT('Origin',(47.8833805664364,-7.02654504678335E-16,
79.8648795481192));
#4073=CARTESIAN_POINT('Origin',(42.7564805663837,-5.26990878508751E-16,
104.864879548119));
#4074=CARTESIAN_POINT('',(47.883380566437,1.50000000000001,104.864879548119));
#4075=CARTESIAN_POINT('',(42.7564805663837,1.50000000000001,104.864879548119));
#4076=CARTESIAN_POINT('Origin',(47.8833805664364,-5.26990878508751E-16,
104.864879548119));
#4077=CARTESIAN_POINT('Origin',(42.7564805663894,-3.51327252339167E-16,
129.864879548119));
#4078=CARTESIAN_POINT('',(47.883380566437,1.50000000000001,129.864879548119));
#4079=CARTESIAN_POINT('',(42.7564805663894,1.50000000000001,129.864879548119));
#4080=CARTESIAN_POINT('Origin',(47.8833805664365,-3.51327252339167E-16,
129.864879548119));
#4081=CARTESIAN_POINT('Origin',(42.7564805663951,-1.75663626169584E-16,
154.864879548119));
#4082=CARTESIAN_POINT('',(47.883380566437,1.50000000000001,154.864879548119));
#4083=CARTESIAN_POINT('',(42.7564805663951,1.50000000000001,154.864879548119));
#4084=CARTESIAN_POINT('Origin',(47.8833805664367,-1.75663626169584E-16,
154.864879548119));
#4085=CARTESIAN_POINT('Origin',(42.7564805664009,0.,179.864879548119));
#4086=CARTESIAN_POINT('',(47.8833805664369,1.50000000000001,179.864879548119));
#4087=CARTESIAN_POINT('',(42.7564805664009,1.50000000000001,179.864879548119));
#4088=CARTESIAN_POINT('Origin',(47.8833805664369,0.,179.864879548119));
#4089=CARTESIAN_POINT('Origin',(53.6014169899997,29.,190.864879546691));
#4090=CARTESIAN_POINT('',(60.6014169899997,29.,198.864879546691));
#4091=CARTESIAN_POINT('Origin',(53.6014169899997,29.,198.864879546691));
#4092=CARTESIAN_POINT('',(60.6014169899998,29.,190.864879546691));
#4093=CARTESIAN_POINT('Origin',(50.383380566437,2.725,190.864879546691));
#4094=CARTESIAN_POINT('',(53.1083805664372,0.,21.1097705721895));
#4095=CARTESIAN_POINT('',(50.3833805664372,2.725,26.974756026655));
#4096=CARTESIAN_POINT('Origin',(0.,53.1083805664371,0.));
#4097=CARTESIAN_POINT('',(53.108380566437,0.,198.864879546691));
#4098=CARTESIAN_POINT('',(53.108380566437,0.,190.864879546691));
#4099=CARTESIAN_POINT('',(50.383380566437,2.725,198.864879546691));
#4100=CARTESIAN_POINT('',(49.6066396723277,3.5017408941093,198.864879546691));
#4101=CARTESIAN_POINT('',(50.383380566437,2.725,190.864879546691));
#4102=CARTESIAN_POINT('Origin',(47.8833805664369,2.725,190.864879546691));
#4103=CARTESIAN_POINT('',(47.8833805664371,2.725,31.1978262949481));
#4104=CARTESIAN_POINT('Origin',(0.,2.725,0.));
#4105=CARTESIAN_POINT('',(47.8833805664369,2.725,198.864879546691));
#4106=CARTESIAN_POINT('',(51.9923987782184,2.72500000000001,198.864879546691));
#4107=CARTESIAN_POINT('',(47.8833805664369,2.725,190.864879546691));
#4108=CARTESIAN_POINT('Origin',(47.8833805664369,-2.725,190.864879546691));
#4109=CARTESIAN_POINT('',(47.8833805664371,-2.725,31.1978262949481));
#4110=CARTESIAN_POINT('',(47.8833805664371,0.,31.1978262949481));
#4111=CARTESIAN_POINT('',(47.8833805664369,-2.725,198.864879546691));
#4112=CARTESIAN_POINT('',(47.8833805664369,8.6125,198.864879546691));
#4113=CARTESIAN_POINT('',(47.8833805664369,-2.725,190.864879546691));
#4114=CARTESIAN_POINT('Origin',(50.3833805664369,-2.725,190.864879546691));
#4115=CARTESIAN_POINT('',(50.3833805664371,-2.725,26.9747560266551));
#4116=CARTESIAN_POINT('Origin',(0.,-2.725,0.));
#4117=CARTESIAN_POINT('',(50.3833805664369,-2.725,198.864879546691));
#4118=CARTESIAN_POINT('',(50.7423987782183,-2.725,198.864879546691));
#4119=CARTESIAN_POINT('',(50.3833805664369,-2.725,190.864879546691));
#4120=CARTESIAN_POINT('Origin',(53.108380566437,0.,190.864879546691));
#4121=CARTESIAN_POINT('Origin',(0.,-53.1083805664362,0.));
#4122=CARTESIAN_POINT('',(55.4941396723276,2.38575910589062,198.864879546691));
#4123=CARTESIAN_POINT('Origin',(39.9564805664002,0.,40.8607655428393));
#4124=CARTESIAN_POINT('',(39.9564805664364,-6.1,198.864879546691));
#4125=CARTESIAN_POINT('',(39.9564805664002,-6.1,40.8607655428393));
#4126=CARTESIAN_POINT('',(39.9564805664004,-6.1,77.6268646190533));
#4127=CARTESIAN_POINT('',(39.9564805664002,0.,40.8607655428393));
#4128=CARTESIAN_POINT('',(39.9564805664364,-6.1,198.864879546691));
#4129=CARTESIAN_POINT('Origin',(41.3564805664006,-6.1,114.392963695267));
#4130=CARTESIAN_POINT('Origin',(0.,-6.1,0.));
#4131=CARTESIAN_POINT('',(42.8833805664364,-6.1,198.864879546691));
#4132=CARTESIAN_POINT('Origin',(57.15,0.,-8.88178419700125E-15));
#4133=CARTESIAN_POINT('',(57.15,-9.675,-8.88178419700125E-15));
#4134=CARTESIAN_POINT('',(57.15,9.675,-8.88178419700125E-15));
#4135=CARTESIAN_POINT('Origin',(57.15,-5.55111512312578E-16,1.03916875104915E-12));
#4136=CARTESIAN_POINT('',(57.15,0.,-8.88178419700125E-15));
#4137=CARTESIAN_POINT('',(57.15,0.,-8.88178419700125E-15));
#4138=CARTESIAN_POINT('Origin',(79.9999999999999,-14.7616304029545,3.81722659292858));
#4139=CARTESIAN_POINT('',(84.0499999999999,-9.63684207678538,0.858428673275006));
#4140=CARTESIAN_POINT('',(0.,-9.63684207678542,0.858428673274534));
#4141=CARTESIAN_POINT('',(84.0499999999999,-9.56516771649675,0.81704746206837));
#4142=CARTESIAN_POINT('Origin',(84.0499999999999,-10.1383990597256,5.82453991282547));
#4143=CARTESIAN_POINT('Origin',(84.0499999999999,-5.55111512312578E-16,
1.03916875104915E-12));
#4144=CARTESIAN_POINT('Origin',(79.9999999999998,10.6866304029545,10.8753336337717));
#4145=CARTESIAN_POINT('',(84.0499999999999,5.56184207678576,7.91653571411838));
#4146=CARTESIAN_POINT('',(0.,5.56184207678615,7.91653571411811));
#4147=CARTESIAN_POINT('',(84.0499999999999,5.49016771649676,7.87515450291153));
#4148=CARTESIAN_POINT('Origin',(84.0499999999999,10.1133990597256,5.86784118301468));
#4149=CARTESIAN_POINT('Origin',(84.0499999999999,-5.55111512312578E-16,
1.03916875104915E-12));
#4150=CARTESIAN_POINT('Origin',(80.,4.075,-14.6925602266989));
#4151=CARTESIAN_POINT('',(84.05,4.07499999999999,-8.77496438739108));
#4152=CARTESIAN_POINT('',(0.,4.07499999999999,-8.77496438739109));
#4153=CARTESIAN_POINT('',(84.05,4.07499999999999,-8.69220196497842));
#4154=CARTESIAN_POINT('Origin',(84.05,0.0249999999999978,-11.6923810958387));
#4155=CARTESIAN_POINT('Origin',(84.05,-5.55111512312578E-16,1.03916875104915E-12));
#4156=CARTESIAN_POINT('Origin',(0.,0.,0.));
#4157=CARTESIAN_POINT('Ctrl Pts',(57.15,9.675,1.03916875104915E-12));
#4158=CARTESIAN_POINT('Ctrl Pts',(57.15,9.675,1.21732015014048));
#4159=CARTESIAN_POINT('Ctrl Pts',(57.1071541209765,9.43123903827199,2.51419237189679));
#4160=CARTESIAN_POINT('Ctrl Pts',(56.9523074459716,8.44313571840515,4.897233068455));
#4161=CARTESIAN_POINT('Ctrl Pts',(56.8424610661813,7.69892188347026,5.98359433249048));
#4162=CARTESIAN_POINT('Ctrl Pts',(56.6356340981855,5.98356992663998,7.69894628932075));
#4163=CARTESIAN_POINT('Ctrl Pts',(56.5250923714489,4.89721913197588,8.44314098208507));
#4164=CARTESIAN_POINT('Ctrl Pts',(56.3686490294116,2.51421443275609,9.4312304059006));
#4165=CARTESIAN_POINT('Ctrl Pts',(56.3250998667555,1.21735479044158,9.67500000000104));
#4166=CARTESIAN_POINT('Ctrl Pts',(56.3250998667555,-1.21735479044158,9.67500000000104));
#4167=CARTESIAN_POINT('Ctrl Pts',(56.3686490294116,-2.51421443275609,9.4312304059006));
#4168=CARTESIAN_POINT('Ctrl Pts',(56.5250923714489,-4.89721913197588,8.44314098208507));
#4169=CARTESIAN_POINT('Ctrl Pts',(56.6356340981855,-5.98356992663999,7.69894628932075));
#4170=CARTESIAN_POINT('Ctrl Pts',(56.8424610661813,-7.69892188347026,5.98359433249048));
#4171=CARTESIAN_POINT('Ctrl Pts',(56.9523074459716,-8.44313571840516,4.897233068455));
#4172=CARTESIAN_POINT('Ctrl Pts',(57.1071541209765,-9.43123903827199,2.51419237189679));
#4173=CARTESIAN_POINT('Ctrl Pts',(57.15,-9.675,1.21732015014048));
#4174=CARTESIAN_POINT('Ctrl Pts',(57.15,-9.675,1.03972386256146E-12));
#4175=CARTESIAN_POINT('Origin',(0.,-5.55111512312578E-16,1.03916875104915E-12));
#4176=CARTESIAN_POINT('',(0.,-9.675,1.03798390527097E-12));
#4177=CARTESIAN_POINT('Origin',(53.6014169899997,14.5,198.864879546691));
#4178=CARTESIAN_POINT('',(95.8024588406778,25.5155623744503,198.864879546691));
#4179=CARTESIAN_POINT('',(87.9709118262472,33.3210518013749,198.864879546691));
#4180=CARTESIAN_POINT('',(99.6850599638918,29.4111250447223,198.864879546691));
#4181=CARTESIAN_POINT('',(95.2638240526134,33.8176503577714,198.864879546691));
#4182=CARTESIAN_POINT('',(84.4747854913764,14.1500730954365,198.864879546691));
#4183=CARTESIAN_POINT('Origin',(53.6014169899997,14.5,198.864879546691));
#4184=CARTESIAN_POINT('',(95.3473920923003,-4.00000000000001,198.864879546691));
#4185=CARTESIAN_POINT('Origin',(92.3973920923003,-4.00000000000001,198.864879546691));
#4186=CARTESIAN_POINT('Origin',(65.9935432513185,8.0788283823,198.864879546691));
#4187=CARTESIAN_POINT('',(70.2315609454891,0.923938523853728,198.864879546691));
#4188=CARTESIAN_POINT('',(61.7555254505318,15.2337181775949,198.864879546691));
#4189=CARTESIAN_POINT('Origin',(65.9935432513185,8.0788283823,198.864879546691));
#4190=CARTESIAN_POINT('',(70.2315609454891,0.923938523853728,201.864879546691));
#4191=CARTESIAN_POINT('',(70.2315609454891,0.923938523853728,198.864879546691));
#4192=CARTESIAN_POINT('',(61.7555254505318,15.2337181775949,201.864879546691));
#4193=CARTESIAN_POINT('Origin',(65.9935432513185,8.0788283823,201.864879546691));
#4194=CARTESIAN_POINT('',(61.7555254505318,15.2337181775949,198.864879546691));
#4195=CARTESIAN_POINT('Origin',(53.60141699,29.,198.864879546691));
#4196=CARTESIAN_POINT('',(82.6842956361852,14.2009092967209,198.864879546691));
#4197=CARTESIAN_POINT('Origin',(53.60141699,29.,198.864879546691));
#4198=CARTESIAN_POINT('',(82.6842956361852,14.2009092967209,201.864879546691));
#4199=CARTESIAN_POINT('',(82.6842956361852,14.2009092967209,198.864879546691));
#4200=CARTESIAN_POINT('Origin',(53.60141699,29.,201.864879546691));
#4201=CARTESIAN_POINT('Origin',(88.1517924694698,11.4187231678975,198.864879546691));
#4202=CARTESIAN_POINT('',(93.6192893025682,8.63653703904402,198.864879546691));
#4203=CARTESIAN_POINT('Origin',(88.1517924694698,11.4187231678975,198.864879546691));
#4204=CARTESIAN_POINT('',(93.6192893025682,8.63653703904402,201.864879546691));
#4205=CARTESIAN_POINT('',(93.6192893025682,8.63653703904402,198.864879546691));
#4206=CARTESIAN_POINT('Origin',(88.1517924694698,11.4187231678975,201.864879546691));
#4207=CARTESIAN_POINT('Origin',(53.60141699,29.,198.864879546691));
#4208=CARTESIAN_POINT('',(69.3108985893446,-13.0632014481661,201.864879546691));
#4209=CARTESIAN_POINT('',(69.3108985893446,-13.0632014481661,198.864879546691));
#4210=CARTESIAN_POINT('',(69.3108985893446,-13.0632014481661,198.864879546691));
#4211=CARTESIAN_POINT('Origin',(53.60141699,29.,201.864879546691));
#4212=CARTESIAN_POINT('Origin',(53.60141699,29.,198.864879546691));
#4213=CARTESIAN_POINT('Origin',(92.3973920923003,-4.00000000000001,198.864879546691));
#4214=CARTESIAN_POINT('',(95.3473920923003,-4.00000000000001,201.864879546691));
#4215=CARTESIAN_POINT('Origin',(92.3973920923003,-4.00000000000001,201.864879546691));
#4216=CARTESIAN_POINT('',(95.3473920923003,-4.00000000000001,198.864879546691));
#4217=CARTESIAN_POINT('Origin',(99.6915407374209,25.5220431479793,198.864879546691));
#4218=CARTESIAN_POINT('',(101.291540737421,25.5220431479793,204.764879546691));
#4219=CARTESIAN_POINT('Origin',(99.6915407374209,25.5220431479793,204.764879546691));
#4220=CARTESIAN_POINT('',(101.291540737421,25.5220431479793,201.364879546691));
#4221=CARTESIAN_POINT('',(101.291540737421,25.5220431479793,198.864879546691));
#4222=CARTESIAN_POINT('Origin',(99.6915407374209,25.5220431479793,201.364879546691));
#4223=CARTESIAN_POINT('Origin',(92.3973920922928,27.,198.864879546691));
#4224=CARTESIAN_POINT('',(95.2886379024625,26.4141692521072,205.764879546691));
#4225=CARTESIAN_POINT('',(95.3473920922928,27.,205.764879546691));
#4226=CARTESIAN_POINT('Origin',(92.3973920922928,27.,205.764879546691));
#4227=CARTESIAN_POINT('',(95.3473920922928,27.,198.864879546691));
#4228=CARTESIAN_POINT('Origin',(92.3973920922928,27.,205.764879546691));
#4229=CARTESIAN_POINT('Origin',(101.154070505437,24.8700959186515,201.364879546691));
#4230=CARTESIAN_POINT('',(95.8024588406778,25.5155623744503,201.364879546691));
#4231=CARTESIAN_POINT('',(101.006268847701,20.3290667925807,201.364879546691));
#4232=CARTESIAN_POINT('',(99.6850599638918,29.4111250447223,201.364879546691));
#4233=CARTESIAN_POINT('',(95.8024588406778,25.5155623744503,201.364879546691));
#4234=CARTESIAN_POINT('',(99.6850599638918,29.4111250447223,201.364879546691));
#4235=CARTESIAN_POINT('Origin',(95.8024588406778,25.5155623744503,198.864879546691));
#4236=CARTESIAN_POINT('',(95.8024588406778,25.5155623744503,198.864879546691));
#4237=CARTESIAN_POINT('Origin',(106.505682170196,22.6131968169712,198.864879546691));
#4238=CARTESIAN_POINT('',(99.6850599638918,29.4111250447223,198.864879546691));
#4239=CARTESIAN_POINT('Origin',(99.6850599638918,29.4111250447223,198.864879546691));
#4240=CARTESIAN_POINT('Origin',(99.6915407374209,25.5220431479793,204.764879546691));
#4241=CARTESIAN_POINT('',(101.741540737421,25.5220431479793,204.764879546691));
#4242=CARTESIAN_POINT('Origin',(99.6915407374209,25.5220431479793,204.764879546691));
#4243=CARTESIAN_POINT('Origin',(99.6915407374209,25.5220431479793,206.264879546691));
#4244=CARTESIAN_POINT('',(101.741540737421,25.5220431479793,205.764879546691));
#4245=CARTESIAN_POINT('Origin',(99.6915407374209,25.5220431479793,205.764879546691));
#4246=CARTESIAN_POINT('',(101.741540737421,25.5220431479793,206.264879546691));
#4247=CARTESIAN_POINT('Origin',(84.9519313857235,19.9461520271126,198.864879546691));
#4248=CARTESIAN_POINT('',(95.2361167610461,16.6314819483622,205.764879546691));
#4249=CARTESIAN_POINT('',(87.6075007008727,19.0902421198394,205.764879546691));
#4250=CARTESIAN_POINT('',(89.6270516083881,18.4393257155399,205.764879546691));
#4251=CARTESIAN_POINT('',(87.6075007008727,19.0902421198394,201.864879546691));
#4252=CARTESIAN_POINT('',(87.6075007008727,19.0902421198394,198.864879546691));
#4253=CARTESIAN_POINT('',(95.2361167610461,16.6314819483622,201.864879546691));
#4254=CARTESIAN_POINT('',(107.675587688432,12.6221471713529,201.864879546691));
#4255=CARTESIAN_POINT('',(95.2361167610461,16.6314819483622,198.864879546691));
#4256=CARTESIAN_POINT('Origin',(96.1564186553969,19.4868355907775,198.864879546691));
#4257=CARTESIAN_POINT('Origin',(96.1564186553969,19.4868355907775,205.764879546691));
#4258=CARTESIAN_POINT('Origin',(96.1564186553969,19.4868355907775,201.864879546691));
#4259=CARTESIAN_POINT('Origin',(80.3061919166036,11.5,201.864879546691));
#4260=CARTESIAN_POINT('',(129.397392092293,16.4999999999957,201.864879546691));
#4261=CARTESIAN_POINT('',(104.851792004448,16.4999999999957,201.864879546691));
#4262=CARTESIAN_POINT('',(129.397392092293,38.,201.864879546691));
#4263=CARTESIAN_POINT('',(129.397392092293,-15.,201.864879546691));
#4264=CARTESIAN_POINT('',(106.76390376404,38.,201.864879546691));
#4265=CARTESIAN_POINT('',(74.800410765573,38.,201.864879546691));
#4266=CARTESIAN_POINT('',(109.744977788753,35.3364485981308,201.864879546691));
#4267=CARTESIAN_POINT('Origin',(106.76390376404,35.,201.864879546691));
#4268=CARTESIAN_POINT('',(109.991962000665,25.4848281122874,201.864879546691));
#4269=CARTESIAN_POINT('Origin',(53.60141699,29.,201.864879546691));
#4270=CARTESIAN_POINT('Origin',(106.99777377001,25.6714744072102,201.864879546691));
#4271=CARTESIAN_POINT('',(126.3973920923,27.,201.864879546691));
#4272=CARTESIAN_POINT('Origin',(123.3973920923,27.,201.864879546691));
#4273=CARTESIAN_POINT('Origin',(69.6607678124579,-14.,198.864879546691));
#4274=CARTESIAN_POINT('Origin',(69.6607678124579,-14.,201.864879546691));
#4275=CARTESIAN_POINT('Origin',(69.6607678124579,-14.,198.864879546691));
#4276=CARTESIAN_POINT('Origin',(53.60141699,29.,198.864879546691));
#4277=CARTESIAN_POINT('',(109.744977788753,35.3364485981308,205.764879546691));
#4278=CARTESIAN_POINT('',(109.991962000665,25.4848281122874,205.764879546691));
#4279=CARTESIAN_POINT('Origin',(53.60141699,29.,205.764879546691));
#4280=CARTESIAN_POINT('',(109.991962000665,25.4848281122874,198.864879546691));
#4281=CARTESIAN_POINT('',(109.744977788753,35.3364485981308,198.864879546691));
#4282=CARTESIAN_POINT('Origin',(106.99777377001,25.6714744072102,198.864879546691));
#4283=CARTESIAN_POINT('Origin',(106.99777377001,25.6714744072102,205.764879546691));
#4284=CARTESIAN_POINT('Origin',(80.3061919166036,11.5,201.864879546691));
#4285=CARTESIAN_POINT('',(69.1371585029682,32.8263214243229,201.864879546691));
#4286=CARTESIAN_POINT('',(73.1912102507773,37.9999999999999,201.864879546691));
#4287=CARTESIAN_POINT('Origin',(73.1912102507773,33.8248,201.864879546691));
#4288=CARTESIAN_POINT('Origin',(53.60141699,29.,201.864879546691));
#4289=CARTESIAN_POINT('',(129.397392092293,6.4999999999957,201.864879546691));
#4290=CARTESIAN_POINT('',(129.397392092293,-15.,201.864879546691));
#4291=CARTESIAN_POINT('',(99.1127799309941,6.4999999999957,201.864879546691));
#4292=CARTESIAN_POINT('',(85.5871851486903,22.5395393901722,201.864879546691));
#4293=CARTESIAN_POINT('Origin',(88.5278025952236,21.9455957622546,201.864879546691));
#4294=CARTESIAN_POINT('',(85.7671400684508,34.4948316473789,201.864879546691));
#4295=CARTESIAN_POINT('Origin',(53.60141699,29.,201.864879546691));
#4296=CARTESIAN_POINT('',(88.7243017034499,38.,201.864879546691));
#4297=CARTESIAN_POINT('Origin',(88.7243017034499,35.,201.864879546691));
#4298=CARTESIAN_POINT('',(129.397392092293,38.,201.864879546691));
#4299=CARTESIAN_POINT('',(126.3973920923,-4.00000000000001,201.864879546691));
#4300=CARTESIAN_POINT('Origin',(123.3973920923,-4.00000000000001,201.864879546691));
#4301=CARTESIAN_POINT('Origin',(129.397392092293,-10.,198.864879546691));
#4302=CARTESIAN_POINT('',(129.397392092293,16.4999999999957,198.864879546691));
#4303=CARTESIAN_POINT('',(129.397392092293,16.4999999999957,198.864879546691));
#4304=CARTESIAN_POINT('',(129.397392092293,6.4999999999957,198.864879546691));
#4305=CARTESIAN_POINT('',(129.397392092293,0.749999999997852,198.864879546691));
#4306=CARTESIAN_POINT('',(129.397392092293,6.4999999999957,198.864879546691));
#4307=CARTESIAN_POINT('',(129.397392092293,38.,198.864879546691));
#4308=CARTESIAN_POINT('Origin',(123.658380018839,11.4999999999957,198.864879546691));
#4309=CARTESIAN_POINT('',(117.919367945384,6.4999999999957,198.864879546691));
#4310=CARTESIAN_POINT('',(117.919367945389,16.4999999999957,198.864879546691));
#4311=CARTESIAN_POINT('Origin',(129.397392092293,16.4999999999957,198.864879546691));
#4312=CARTESIAN_POINT('Origin',(117.919367945384,6.4999999999957,198.864879546691));
#4313=CARTESIAN_POINT('Origin',(123.3973920923,27.,198.864879546691));
#4314=CARTESIAN_POINT('',(126.3973920923,27.,198.864879546691));
#4315=CARTESIAN_POINT('Origin',(123.3973920923,27.,198.864879546691));
#4316=CARTESIAN_POINT('Origin',(123.3973920923,27.,198.864879546691));
#4317=CARTESIAN_POINT('',(126.3973920923,27.,198.864879546691));
#4318=CARTESIAN_POINT('Origin',(123.3973920923,-4.00000000000001,198.864879546691));
#4319=CARTESIAN_POINT('',(126.3973920923,-4.00000000000001,198.864879546691));
#4320=CARTESIAN_POINT('Origin',(123.3973920923,-4.00000000000001,198.864879546691));
#4321=CARTESIAN_POINT('Origin',(123.3973920923,-4.00000000000001,198.864879546691));
#4322=CARTESIAN_POINT('',(126.3973920923,-4.00000000000001,198.864879546691));
#4323=CARTESIAN_POINT('Origin',(106.76390376404,35.,198.864879546691));
#4324=CARTESIAN_POINT('',(106.76390376404,37.9999999999999,205.764879546691));
#4325=CARTESIAN_POINT('Origin',(106.76390376404,35.,205.764879546691));
#4326=CARTESIAN_POINT('',(106.76390376404,38.,198.864879546691));
#4327=CARTESIAN_POINT('Origin',(65.60141699,38.,198.864879546691));
#4328=CARTESIAN_POINT('',(73.1912102507773,38.,198.864879546691));
#4329=CARTESIAN_POINT('',(73.1912102507773,38.,198.864879546691));
#4330=CARTESIAN_POINT('',(88.7243017034499,37.9999999999999,205.764879546691));
#4331=CARTESIAN_POINT('',(88.7243017034499,38.,198.864879546691));
#4332=CARTESIAN_POINT('',(81.5640455889309,38.,205.764879546691));
#4333=CARTESIAN_POINT('',(65.60141699,38.,198.864879546691));
#4334=CARTESIAN_POINT('',(65.6014169899998,38.,190.864879546691));
#4335=CARTESIAN_POINT('',(74.800410765573,38.,198.864879546691));
#4336=CARTESIAN_POINT('Origin',(88.7243017034499,35.,198.864879546691));
#4337=CARTESIAN_POINT('',(85.7671400684508,34.4948316473789,205.764879546691));
#4338=CARTESIAN_POINT('Origin',(88.7243017034499,35.,205.764879546691));
#4339=CARTESIAN_POINT('',(85.7671400684508,34.4948316473789,198.864879546691));
#4340=CARTESIAN_POINT('Origin',(53.60141699,29.,198.864879546691));
#4341=CARTESIAN_POINT('',(85.5871851486903,22.5395393901722,205.764879546691));
#4342=CARTESIAN_POINT('Origin',(53.60141699,29.,205.764879546691));
#4343=CARTESIAN_POINT('',(85.5871851486903,22.5395393901722,198.864879546691));
#4344=CARTESIAN_POINT('Origin',(88.5278025952236,21.9455957622546,198.864879546691));
#4345=CARTESIAN_POINT('Origin',(88.5278025952236,21.9455957622546,205.764879546691));
#4346=CARTESIAN_POINT('Origin',(97.5266741878617,26.9369279572576,205.764879546691));
#4347=CARTESIAN_POINT('',(104.183916763507,25.5220431479793,205.764879546691));
#4348=CARTESIAN_POINT('Origin',(99.6915407374209,25.5220431479793,205.764879546691));
#4349=CARTESIAN_POINT('Origin',(99.6915407374209,25.5220431479793,205.764879546691));
#4350=CARTESIAN_POINT('Origin',(99.6915407374209,25.5220431479793,206.264879546691));
#4351=CARTESIAN_POINT('',(103.683916763507,25.5220431479793,206.264879546691));
#4352=CARTESIAN_POINT('Origin',(99.6915407374209,25.5220431479793,206.264879546691));
#4353=CARTESIAN_POINT('',(102.241540737421,25.5220431479793,206.264879546691));
#4354=CARTESIAN_POINT('Origin',(99.6915407374209,25.5220431479793,206.264879546691));
#4355=CARTESIAN_POINT('Origin',(99.6915407374209,25.5220431479793,205.764879546691));
#4356=CARTESIAN_POINT('',(104.183916763507,25.5220431479793,205.764879546691));
#4357=CARTESIAN_POINT('Origin',(99.6915407374209,25.5220431479793,205.764879546691));
#4358=CARTESIAN_POINT('',(101.741540737421,25.5220431479793,205.764879546691));
#4359=CARTESIAN_POINT('Origin',(53.60141699,29.,198.864879546691));
#4360=CARTESIAN_POINT('',(69.1371585029682,32.8263214243229,198.864879546691));
#4361=CARTESIAN_POINT('',(69.1371585029683,32.8263214243229,198.864879546691));
#4362=CARTESIAN_POINT('Origin',(53.60141699,29.,198.864879546691));
#4363=CARTESIAN_POINT('Origin',(73.1912102507773,33.8248,198.864879546691));
#4364=CARTESIAN_POINT('Origin',(73.1912102507773,33.8248,198.864879546691));
#4365=CARTESIAN_POINT('Origin',(53.6014169899997,14.5,198.864879546691));
#4366=CARTESIAN_POINT('Origin',(53.6014169899997,29.,198.864879546691));
#4367=CARTESIAN_POINT('Origin',(53.6014169899997,29.,190.864879546691));
#4368=UNCERTAINTY_MEASURE_WITH_UNIT(LENGTH_MEASURE(0.01),#4372,
'DISTANCE_ACCURACY_VALUE',
'Maximum model space distance between geometric entities at asserted c
onnectivities');
#4369=UNCERTAINTY_MEASURE_WITH_UNIT(LENGTH_MEASURE(0.01),#4372,
'DISTANCE_ACCURACY_VALUE',
'Maximum model space distance between geometric entities at asserted c
onnectivities');
#4370=(
GEOMETRIC_REPRESENTATION_CONTEXT(3)
GLOBAL_UNCERTAINTY_ASSIGNED_CONTEXT((#4368))
GLOBAL_UNIT_ASSIGNED_CONTEXT((#4372,#4373,#4374))
REPRESENTATION_CONTEXT('','3D')
);
#4371=(
GEOMETRIC_REPRESENTATION_CONTEXT(3)
GLOBAL_UNCERTAINTY_ASSIGNED_CONTEXT((#4369))
GLOBAL_UNIT_ASSIGNED_CONTEXT((#4372,#4373,#4374))
REPRESENTATION_CONTEXT('','3D')
);
#4372=(
LENGTH_UNIT()
NAMED_UNIT(*)
SI_UNIT(.MILLI.,.METRE.)
);
#4373=(
NAMED_UNIT(*)
PLANE_ANGLE_UNIT()
SI_UNIT($,.RADIAN.)
);
#4374=(
NAMED_UNIT(*)
SI_UNIT($,.STERADIAN.)
SOLID_ANGLE_UNIT()
);
#4375=SHAPE_DEFINITION_REPRESENTATION(#4376,#4377);
#4376=PRODUCT_DEFINITION_SHAPE('',$,#4379);
#4377=SHAPE_REPRESENTATION('',(#2509),#4370);
#4378=PRODUCT_DEFINITION_CONTEXT('part definition',#4383,'design');
#4379=PRODUCT_DEFINITION('Main_AngleArm','Main_AngleArm',#4380,#4378);
#4380=PRODUCT_DEFINITION_FORMATION('',$,#4385);
#4381=PRODUCT_RELATED_PRODUCT_CATEGORY('Main_AngleArm','Main_AngleArm',
(#4385));
#4382=APPLICATION_PROTOCOL_DEFINITION('international standard',
'automotive_design',2009,#4383);
#4383=APPLICATION_CONTEXT(
'Core Data for Automotive Mechanical Design Process');
#4384=PRODUCT_CONTEXT('part definition',#4383,'mechanical');
#4385=PRODUCT('Main_AngleArm','Main_AngleArm',$,(#4384));
#4386=PRESENTATION_STYLE_ASSIGNMENT((#4388));
#4387=PRESENTATION_STYLE_ASSIGNMENT((#4389));
#4388=SURFACE_STYLE_USAGE(.BOTH.,#4390);
#4389=SURFACE_STYLE_USAGE(.BOTH.,#4391);
#4390=SURFACE_SIDE_STYLE('',(#4392));
#4391=SURFACE_SIDE_STYLE('',(#4393));
#4392=SURFACE_STYLE_FILL_AREA(#4394);
#4393=SURFACE_STYLE_FILL_AREA(#4395);
#4394=FILL_AREA_STYLE('Paint - Enamel Glossy (Blue)',(#4396));
#4395=FILL_AREA_STYLE('Paint - Enamel Glossy (Yellow)',(#4397));
#4396=FILL_AREA_STYLE_COLOUR('Paint - Enamel Glossy (Blue)',#4398);
#4397=FILL_AREA_STYLE_COLOUR('Paint - Enamel Glossy (Yellow)',#4399);
#4398=COLOUR_RGB('Paint - Enamel Glossy (Blue)',0.188235294117647,0.231372549019608,
0.588235294117647);
#4399=COLOUR_RGB('Paint - Enamel Glossy (Yellow)',0.909803921568627,0.67843137254902,
0.137254901960784);
ENDSEC;
END-ISO-10303-21;
