ISO-10303-21;
HEADER;
/* Generated by software containing ST-Developer
 * from STEP Tools, Inc. (www.steptools.com) 
 */

FILE_DESCRIPTION(
/* description */ (''),
/* implementation_level */ '2;1');

FILE_NAME(
/* name */ 'HDT_12t.step',
/* time_stamp */ '2026-03-03T14:10:43-08:00',
/* author */ (''),
/* organization */ (''),
/* preprocessor_version */ 'ST-DEVELOPER v20.1',
/* originating_system */ 'Autodesk Translation Framework v14.24.0.0',
/* authorisation */ '');

FILE_SCHEMA (('AUTOMOTIVE_DESIGN { 1 0 10303 214 3 1 1 }'));
ENDSEC;

DATA;
#10=MECHANICAL_DESIGN_GEOMETRIC_PRESENTATION_REPRESENTATION('',(#157,#158),
#6533);
#11=ITEM_DEFINED_TRANSFORMATION($,$,#2152,#2369);
#12=ITEM_DEFINED_TRANSFORMATION($,$,#2302,#2370);
#13=(
REPRESENTATION_RELATIONSHIP($,$,#6547,#6546)
REPRESENTATION_RELATIONSHIP_WITH_TRANSFORMATION(#11)
SHAPE_REPRESENTATION_RELATIONSHIP()
);
#14=(
REPRESENTATION_RELATIONSHIP($,$,#6548,#6546)
REPRESENTATION_RELATIONSHIP_WITH_TRANSFORMATION(#12)
SHAPE_REPRESENTATION_RELATIONSHIP()
);
#15=CONTEXT_DEPENDENT_SHAPE_REPRESENTATION(#13,#6544);
#16=CONTEXT_DEPENDENT_SHAPE_REPRESENTATION(#14,#6545);
#17=NEXT_ASSEMBLY_USAGE_OCCURRENCE('12t:1','12t:1','12t:1',#6550,#6551,
'12t:1');
#18=NEXT_ASSEMBLY_USAGE_OCCURRENCE('HDT_3_12t:1','HDT_3_12t:1',
'HDT_3_12t:1',#6550,#6552,'HDT_3_12t:1');
#19=CONICAL_SURFACE('',#2353,6.3486,0.785398163397447);
#20=CONICAL_SURFACE('',#2361,9.,0.785398163397446);
#21=B_SPLINE_SURFACE_WITH_KNOTS('',3,3,((#4498,#4499,#4500,#4501,#4502,
#4503,#4504,#4505,#4506,#4507,#4508,#4509,#4510,#4511,#4512,#4513,#4514,
#4515,#4516,#4517,#4518,#4519,#4520,#4521,#4522,#4523,#4524,#4525,#4526,
#4527,#4528,#4529,#4530,#4531,#4532,#4533,#4534,#4535,#4536,#4537,#4538,
#4539,#4540,#4541,#4542,#4543,#4544,#4545,#4546,#4547,#4548,#4549,#4550,
#4551,#4552,#4553,#4554,#4555,#4556,#4557),(#4558,#4559,#4560,#4561,#4562,
#4563,#4564,#4565,#4566,#4567,#4568,#4569,#4570,#4571,#4572,#4573,#4574,
#4575,#4576,#4577,#4578,#4579,#4580,#4581,#4582,#4583,#4584,#4585,#4586,
#4587,#4588,#4589,#4590,#4591,#4592,#4593,#4594,#4595,#4596,#4597,#4598,
#4599,#4600,#4601,#4602,#4603,#4604,#4605,#4606,#4607,#4608,#4609,#4610,
#4611,#4612,#4613,#4614,#4615,#4616,#4617),(#4618,#4619,#4620,#4621,#4622,
#4623,#4624,#4625,#4626,#4627,#4628,#4629,#4630,#4631,#4632,#4633,#4634,
#4635,#4636,#4637,#4638,#4639,#4640,#4641,#4642,#4643,#4644,#4645,#4646,
#4647,#4648,#4649,#4650,#4651,#4652,#4653,#4654,#4655,#4656,#4657,#4658,
#4659,#4660,#4661,#4662,#4663,#4664,#4665,#4666,#4667,#4668,#4669,#4670,
#4671,#4672,#4673,#4674,#4675,#4676,#4677),(#4678,#4679,#4680,#4681,#4682,
#4683,#4684,#4685,#4686,#4687,#4688,#4689,#4690,#4691,#4692,#4693,#4694,
#4695,#4696,#4697,#4698,#4699,#4700,#4701,#4702,#4703,#4704,#4705,#4706,
#4707,#4708,#4709,#4710,#4711,#4712,#4713,#4714,#4715,#4716,#4717,#4718,
#4719,#4720,#4721,#4722,#4723,#4724,#4725,#4726,#4727,#4728,#4729,#4730,
#4731,#4732,#4733,#4734,#4735,#4736,#4737)),.UNSPECIFIED.,.F.,.F.,.F.,(4,
4),(4,1,1,1,1,1,1,1,1,1,1,1,1,1,1,1,1,1,1,1,1,1,1,1,1,1,1,1,1,1,1,1,1,1,
1,1,1,1,1,1,1,1,1,1,1,1,1,1,1,1,1,1,1,1,1,1,1,4),(0.,0.0432608556703786),
(14.7313388348174,15.7221561297723,16.7129734247272,17.7037907196821,18.694608014637,
19.6854253095919,20.6762426045468,21.6670598995017,22.6578771944567,23.6486944894116,
24.6395117843665,25.6303290793214,26.6211463742763,27.6119636692312,28.6027809641861,
29.593598259141,30.584415554096,31.5752328490509,32.5660501440058,33.5568674389607,
34.5476847339156,35.5385020288705,36.5293193238254,37.5201366187803,38.5109539137353,
39.5017712086902,40.4925885036451,41.4834057986,42.4742230935549,43.4650403885098,
44.4558576834647,45.4466749784196,46.4374922733746,47.4283095683295,48.4191268632844,
49.4099441582393,50.4007614531942,51.3915787481491,52.382396043104,53.3732133380589,
54.3640306330139,55.3548479279688,56.3456652229237,57.3364825178786,58.3272998128335,
59.3181171077884,60.3089344027433,61.2997516976982,62.2905689926531,63.2813862876081,
64.272203582563,65.2630208775179,66.2538381724728,67.2446554674277,68.2354727623826,
69.2262900573375,70.2171073522925,71.2079246472474),.UNSPECIFIED.);
#22=B_SPLINE_SURFACE_WITH_KNOTS('',3,3,((#4945,#4946,#4947,#4948,#4949),
(#4950,#4951,#4952,#4953,#4954),(#4955,#4956,#4957,#4958,#4959),(#4960,
#4961,#4962,#4963,#4964)),.UNSPECIFIED.,.F.,.F.,.F.,(4,4),(4,1,4),(0.,0.0349327049168096),
(15.0300246967019,15.8441538380618,16.6582829794217),.UNSPECIFIED.);
#23=B_SPLINE_SURFACE_WITH_KNOTS('',3,3,((#5059,#5060,#5061,#5062),(#5063,
#5064,#5065,#5066),(#5067,#5068,#5069,#5070),(#5071,#5072,#5073,#5074)),
 .UNSPECIFIED.,.F.,.F.,.F.,(4,4),(4,4),(0.,0.0283473468804859),(12.2807507484406,
13.12294707275),.UNSPECIFIED.);
#24=B_SPLINE_SURFACE_WITH_KNOTS('',3,3,((#5088,#5089,#5090,#5091,#5092,
#5093,#5094,#5095,#5096,#5097,#5098,#5099,#5100,#5101,#5102,#5103,#5104,
#5105,#5106,#5107,#5108,#5109,#5110,#5111,#5112,#5113,#5114,#5115,#5116,
#5117,#5118,#5119,#5120,#5121,#5122,#5123,#5124,#5125,#5126,#5127,#5128,
#5129,#5130,#5131,#5132,#5133,#5134,#5135,#5136,#5137,#5138,#5139,#5140,
#5141,#5142,#5143,#5144,#5145,#5146,#5147),(#5148,#5149,#5150,#5151,#5152,
#5153,#5154,#5155,#5156,#5157,#5158,#5159,#5160,#5161,#5162,#5163,#5164,
#5165,#5166,#5167,#5168,#5169,#5170,#5171,#5172,#5173,#5174,#5175,#5176,
#5177,#5178,#5179,#5180,#5181,#5182,#5183,#5184,#5185,#5186,#5187,#5188,
#5189,#5190,#5191,#5192,#5193,#5194,#5195,#5196,#5197,#5198,#5199,#5200,
#5201,#5202,#5203,#5204,#5205,#5206,#5207),(#5208,#5209,#5210,#5211,#5212,
#5213,#5214,#5215,#5216,#5217,#5218,#5219,#5220,#5221,#5222,#5223,#5224,
#5225,#5226,#5227,#5228,#5229,#5230,#5231,#5232,#5233,#5234,#5235,#5236,
#5237,#5238,#5239,#5240,#5241,#5242,#5243,#5244,#5245,#5246,#5247,#5248,
#5249,#5250,#5251,#5252,#5253,#5254,#5255,#5256,#5257,#5258,#5259,#5260,
#5261,#5262,#5263,#5264,#5265,#5266,#5267),(#5268,#5269,#5270,#5271,#5272,
#5273,#5274,#5275,#5276,#5277,#5278,#5279,#5280,#5281,#5282,#5283,#5284,
#5285,#5286,#5287,#5288,#5289,#5290,#5291,#5292,#5293,#5294,#5295,#5296,
#5297,#5298,#5299,#5300,#5301,#5302,#5303,#5304,#5305,#5306,#5307,#5308,
#5309,#5310,#5311,#5312,#5313,#5314,#5315,#5316,#5317,#5318,#5319,#5320,
#5321,#5322,#5323,#5324,#5325,#5326,#5327)),.UNSPECIFIED.,.F.,.F.,.F.,(4,
4),(4,1,1,1,1,1,1,1,1,1,1,1,1,1,1,1,1,1,1,1,1,1,1,1,1,1,1,1,1,1,1,1,1,1,
1,1,1,1,1,1,1,1,1,1,1,1,1,1,1,1,1,1,1,1,1,1,1,4),(0.,0.0432608556703786),
(17.6877769618235,18.678647666193,19.6695183705625,20.660389074932,21.6512597793015,
22.642130483671,23.6330011880405,24.6238718924101,25.6147425967796,26.6056133011491,
27.5964840055186,28.5873547098881,29.5782254142576,30.5690961186271,31.5599668229966,
32.5508375273661,33.5417082317356,34.5325789361052,35.5234496404747,36.5143203448442,
37.5051910492137,38.4960617535832,39.4869324579527,40.4778031623222,41.4686738666917,
42.4595445710612,43.4504152754307,44.4412859798003,45.4321566841698,46.4230273885393,
47.4138980929088,48.4047687972783,49.3956395016478,50.3865102060173,51.3773809103868,
52.3682516147563,53.3591223191258,54.3499930234954,55.3408637278649,56.3317344322344,
57.3226051366039,58.3134758409734,59.3043465453429,60.2952172497124,61.2860879540819,
62.2769586584514,63.2678293628209,64.2587000671905,65.24957077156,66.2404414759295,
67.231312180299,68.2221828846685,69.213053589038,70.2039242934075,71.194794997777,
72.1856657021465,73.176536406516,74.1674071108856),.UNSPECIFIED.);
#25=B_SPLINE_SURFACE_WITH_KNOTS('',3,3,((#5824,#5825,#5826,#5827,#5828,
#5829,#5830,#5831,#5832,#5833,#5834,#5835,#5836,#5837,#5838,#5839,#5840,
#5841,#5842,#5843,#5844,#5845,#5846,#5847,#5848,#5849,#5850,#5851,#5852,
#5853,#5854,#5855,#5856,#5857,#5858,#5859,#5860,#5861,#5862,#5863,#5864,
#5865,#5866,#5867,#5868,#5869,#5870,#5871,#5872,#5873,#5874,#5875,#5876,
#5877,#5878,#5879,#5880,#5881,#5882,#5883),(#5884,#5885,#5886,#5887,#5888,
#5889,#5890,#5891,#5892,#5893,#5894,#5895,#5896,#5897,#5898,#5899,#5900,
#5901,#5902,#5903,#5904,#5905,#5906,#5907,#5908,#5909,#5910,#5911,#5912,
#5913,#5914,#5915,#5916,#5917,#5918,#5919,#5920,#5921,#5922,#5923,#5924,
#5925,#5926,#5927,#5928,#5929,#5930,#5931,#5932,#5933,#5934,#5935,#5936,
#5937,#5938,#5939,#5940,#5941,#5942,#5943),(#5944,#5945,#5946,#5947,#5948,
#5949,#5950,#5951,#5952,#5953,#5954,#5955,#5956,#5957,#5958,#5959,#5960,
#5961,#5962,#5963,#5964,#5965,#5966,#5967,#5968,#5969,#5970,#5971,#5972,
#5973,#5974,#5975,#5976,#5977,#5978,#5979,#5980,#5981,#5982,#5983,#5984,
#5985,#5986,#5987,#5988,#5989,#5990,#5991,#5992,#5993,#5994,#5995,#5996,
#5997,#5998,#5999,#6000,#6001,#6002,#6003),(#6004,#6005,#6006,#6007,#6008,
#6009,#6010,#6011,#6012,#6013,#6014,#6015,#6016,#6017,#6018,#6019,#6020,
#6021,#6022,#6023,#6024,#6025,#6026,#6027,#6028,#6029,#6030,#6031,#6032,
#6033,#6034,#6035,#6036,#6037,#6038,#6039,#6040,#6041,#6042,#6043,#6044,
#6045,#6046,#6047,#6048,#6049,#6050,#6051,#6052,#6053,#6054,#6055,#6056,
#6057,#6058,#6059,#6060,#6061,#6062,#6063)),.UNSPECIFIED.,.F.,.F.,.F.,(4,
4),(4,1,1,1,1,1,1,1,1,1,1,1,1,1,1,1,1,1,1,1,1,1,1,1,1,1,1,1,1,1,1,1,1,1,
1,1,1,1,1,1,1,1,1,1,1,1,1,1,1,1,1,1,1,1,1,1,1,4),(0.,0.0432608556703786),
(14.7313388348174,15.7221561297723,16.7129734247272,17.7037907196821,18.694608014637,
19.6854253095919,20.6762426045468,21.6670598995018,22.6578771944567,23.6486944894116,
24.6395117843665,25.6303290793214,26.6211463742763,27.6119636692312,28.6027809641861,
29.5935982591411,30.584415554096,31.5752328490509,32.5660501440058,33.5568674389607,
34.5476847339156,35.5385020288705,36.5293193238254,37.5201366187804,38.5109539137353,
39.5017712086902,40.4925885036451,41.4834057986,42.4742230935549,43.4650403885098,
44.4558576834647,45.4466749784197,46.4374922733746,47.4283095683295,48.4191268632844,
49.4099441582393,50.4007614531942,51.3915787481491,52.382396043104,53.3732133380589,
54.3640306330139,55.3548479279688,56.3456652229237,57.3364825178786,58.3272998128335,
59.3181171077884,60.3089344027433,61.2997516976982,62.2905689926532,63.2813862876081,
64.272203582563,65.2630208775179,66.2538381724728,67.2446554674277,68.2354727623826,
69.2262900573376,70.2171073522925,71.2079246472474),.UNSPECIFIED.);
#26=B_SPLINE_SURFACE_WITH_KNOTS('',3,3,((#6122,#6123,#6124,#6125,#6126),
(#6127,#6128,#6129,#6130,#6131),(#6132,#6133,#6134,#6135,#6136),(#6137,
#6138,#6139,#6140,#6141)),.UNSPECIFIED.,.F.,.F.,.F.,(4,4),(4,1,4),(0.,0.0349327049168096),
(15.0300246967019,15.8441538380618,16.6582829794217),.UNSPECIFIED.);
#27=B_SPLINE_SURFACE_WITH_KNOTS('',3,3,((#6218,#6219,#6220,#6221),(#6222,
#6223,#6224,#6225),(#6226,#6227,#6228,#6229),(#6230,#6231,#6232,#6233)),
 .UNSPECIFIED.,.F.,.F.,.F.,(4,4),(4,4),(0.,0.0283473468804859),(12.2807507484406,
13.12294707275),.UNSPECIFIED.);
#28=B_SPLINE_SURFACE_WITH_KNOTS('',3,3,((#6234,#6235,#6236,#6237,#6238,
#6239,#6240,#6241,#6242,#6243,#6244,#6245,#6246,#6247,#6248,#6249,#6250,
#6251,#6252,#6253,#6254,#6255,#6256,#6257,#6258,#6259,#6260,#6261,#6262,
#6263,#6264,#6265,#6266,#6267,#6268,#6269,#6270,#6271,#6272,#6273,#6274,
#6275,#6276,#6277,#6278,#6279,#6280,#6281,#6282,#6283,#6284,#6285,#6286,
#6287,#6288,#6289,#6290,#6291,#6292,#6293),(#6294,#6295,#6296,#6297,#6298,
#6299,#6300,#6301,#6302,#6303,#6304,#6305,#6306,#6307,#6308,#6309,#6310,
#6311,#6312,#6313,#6314,#6315,#6316,#6317,#6318,#6319,#6320,#6321,#6322,
#6323,#6324,#6325,#6326,#6327,#6328,#6329,#6330,#6331,#6332,#6333,#6334,
#6335,#6336,#6337,#6338,#6339,#6340,#6341,#6342,#6343,#6344,#6345,#6346,
#6347,#6348,#6349,#6350,#6351,#6352,#6353),(#6354,#6355,#6356,#6357,#6358,
#6359,#6360,#6361,#6362,#6363,#6364,#6365,#6366,#6367,#6368,#6369,#6370,
#6371,#6372,#6373,#6374,#6375,#6376,#6377,#6378,#6379,#6380,#6381,#6382,
#6383,#6384,#6385,#6386,#6387,#6388,#6389,#6390,#6391,#6392,#6393,#6394,
#6395,#6396,#6397,#6398,#6399,#6400,#6401,#6402,#6403,#6404,#6405,#6406,
#6407,#6408,#6409,#6410,#6411,#6412,#6413),(#6414,#6415,#6416,#6417,#6418,
#6419,#6420,#6421,#6422,#6423,#6424,#6425,#6426,#6427,#6428,#6429,#6430,
#6431,#6432,#6433,#6434,#6435,#6436,#6437,#6438,#6439,#6440,#6441,#6442,
#6443,#6444,#6445,#6446,#6447,#6448,#6449,#6450,#6451,#6452,#6453,#6454,
#6455,#6456,#6457,#6458,#6459,#6460,#6461,#6462,#6463,#6464,#6465,#6466,
#6467,#6468,#6469,#6470,#6471,#6472,#6473)),.UNSPECIFIED.,.F.,.F.,.F.,(4,
4),(4,1,1,1,1,1,1,1,1,1,1,1,1,1,1,1,1,1,1,1,1,1,1,1,1,1,1,1,1,1,1,1,1,1,
1,1,1,1,1,1,1,1,1,1,1,1,1,1,1,1,1,1,1,1,1,1,1,4),(0.,0.0432608556703786),
(17.6877769618235,18.678647666193,19.6695183705625,20.660389074932,21.6512597793015,
22.642130483671,23.6330011880405,24.6238718924101,25.6147425967796,26.6056133011491,
27.5964840055186,28.5873547098881,29.5782254142576,30.5690961186271,31.5599668229966,
32.5508375273661,33.5417082317356,34.5325789361052,35.5234496404747,36.5143203448442,
37.5051910492137,38.4960617535832,39.4869324579527,40.4778031623222,41.4686738666917,
42.4595445710612,43.4504152754307,44.4412859798003,45.4321566841698,46.4230273885393,
47.4138980929088,48.4047687972783,49.3956395016478,50.3865102060173,51.3773809103868,
52.3682516147563,53.3591223191258,54.3499930234954,55.3408637278649,56.3317344322344,
57.3226051366039,58.3134758409734,59.3043465453429,60.2952172497124,61.2860879540819,
62.2769586584514,63.2678293628209,64.2587000671905,65.24957077156,66.2404414759295,
67.231312180299,68.2221828846685,69.213053589038,70.2039242934075,71.194794997777,
72.1856657021465,73.176536406516,74.1674071108856),.UNSPECIFIED.);
#29=B_SPLINE_CURVE_WITH_KNOTS('',3,(#3210,#3211,#3212,#3213,#3214,#3215,
#3216),.UNSPECIFIED.,.F.,.F.,(4,3,4),(57.6456536201051,58.565558994056,
59.5564296984255),.UNSPECIFIED.);
#30=B_SPLINE_CURVE_WITH_KNOTS('',3,(#3218,#3219,#3220,#3221,#3222,#3223,
#3224,#3225,#3226,#3227),.UNSPECIFIED.,.F.,.F.,(4,2,2,2,4),(0.0447414273988946,
0.0644807665600312,0.128961533120062,0.193440396963175,0.201999939848401),
 .UNSPECIFIED.);
#31=B_SPLINE_CURVE_WITH_KNOTS('',3,(#3228,#3229,#3230,#3231,#3232,#3233,
#3234,#3235,#3236,#3237,#3238,#3239,#3240),.UNSPECIFIED.,.F.,.F.,(4,3,3,
3,4),(-56.8931472975002,-56.2843428923718,-55.2935255974169,-54.3027083024619,
-54.0223158553748),.UNSPECIFIED.);
#32=B_SPLINE_CURVE_WITH_KNOTS('',3,(#3245,#3246,#3247,#3248,#3249,#3250,
#3251,#3252,#3253,#3254,#3255,#3256,#3257,#3258,#3259,#3260,#3261,#3262,
#3263,#3264,#3265,#3266,#3267,#3268,#3269),.UNSPECIFIED.,.F.,.F.,(4,3,3,
3,3,3,3,3,4),(51.3624683129256,51.6294640634694,52.6203347678389,53.6112054722084,
54.602076176578,55.5929468809475,56.583817585317,57.5746882896865,57.6456536201051),
 .UNSPECIFIED.);
#33=B_SPLINE_CURVE_WITH_KNOTS('',3,(#3270,#3271,#3272,#3273,#3274,#3275,
#3276,#3277,#3278,#3279,#3280,#3281,#3282,#3283,#3284,#3285,#3286,#3287,
#3288,#3289,#3290,#3291),.UNSPECIFIED.,.F.,.F.,(4,3,3,3,3,3,3,4),(-54.0223158553748,
-53.311891007507,-52.3210737125521,-51.3302564175972,-50.3394391226423,
-49.3486218276874,-48.3578045327325,-47.7391305481952),.UNSPECIFIED.);
#34=B_SPLINE_CURVE_WITH_KNOTS('',3,(#3296,#3297,#3298,#3299,#3300,#3301,
#3302,#3303,#3304,#3305,#3306,#3307,#3308,#3309,#3310,#3311,#3312,#3313,
#3314,#3315,#3316,#3317),.UNSPECIFIED.,.F.,.F.,(4,3,3,3,3,3,3,4),(45.0792830057459,
45.6842398372524,46.6751105416219,47.6659812459914,48.6568519503609,49.6477226547304,
50.6385933590999,51.3624683129256),.UNSPECIFIED.);
#35=B_SPLINE_CURVE_WITH_KNOTS('',3,(#3318,#3319,#3320,#3321,#3322,#3323,
#3324,#3325,#3326,#3327,#3328,#3329,#3330,#3331,#3332,#3333,#3334,#3335,
#3336,#3337,#3338,#3339),.UNSPECIFIED.,.F.,.F.,(4,3,3,3,3,3,3,4),(-47.7391305481952,
-47.3669872377776,-46.3761699428226,-45.3853526478677,-44.3945353529128,
-43.4037180579579,-42.412900763003,-41.4559452410156),.UNSPECIFIED.);
#36=B_SPLINE_CURVE_WITH_KNOTS('',3,(#3344,#3345,#3346,#3347,#3348,#3349,
#3350,#3351,#3352,#3353,#3354,#3355,#3356,#3357,#3358,#3359,#3360,#3361,
#3362,#3363,#3364,#3365),.UNSPECIFIED.,.F.,.F.,(4,3,3,3,3,3,3,4),(38.7960976985664,
39.7390156110353,40.7298863154048,41.7207570197743,42.7116277241438,43.7024984285133,
44.6933691328829,45.0792830057459),.UNSPECIFIED.);
#37=B_SPLINE_CURVE_WITH_KNOTS('',3,(#3366,#3367,#3368,#3369,#3370,#3371,
#3372,#3373,#3374,#3375,#3376,#3377,#3378,#3379,#3380,#3381,#3382,#3383,
#3384,#3385,#3386,#3387,#3388,#3389,#3390),.UNSPECIFIED.,.F.,.F.,(4,3,3,
3,3,3,3,3,4),(-41.4559452410156,-41.4220834680481,-40.4312661730932,-39.4404488781383,
-38.4496315831833,-37.4588142882284,-36.4679969932735,-35.4771796983186,
-35.172759933836),.UNSPECIFIED.);
#38=B_SPLINE_CURVE_WITH_KNOTS('',3,(#3395,#3396,#3397,#3398,#3399,#3400,
#3401,#3402,#3403,#3404,#3405,#3406,#3407,#3408,#3409,#3410,#3411,#3412,
#3413,#3414,#3415,#3416,#3417,#3418,#3419),.UNSPECIFIED.,.F.,.F.,(4,3,3,
3,3,3,3,3,4),(32.5129123913868,32.8029206804487,33.7937913848182,34.7846620891878,
35.7755327935573,36.7664034979268,37.7572742022963,38.7481449066658,38.7960976985664),
 .UNSPECIFIED.);
#39=B_SPLINE_CURVE_WITH_KNOTS('',3,(#3420,#3421,#3422,#3423,#3424,#3425,
#3426,#3427,#3428,#3429,#3430,#3431,#3432,#3433,#3434,#3435,#3436,#3437,
#3438,#3439,#3440,#3441),.UNSPECIFIED.,.F.,.F.,(4,3,3,3,3,3,3,4),(-35.172759933836,
-34.4863624033637,-33.4955451084088,-32.5047278134539,-31.513910518499,
-30.523093223544,-29.5322759285891,-28.8895746266564),.UNSPECIFIED.);
#40=B_SPLINE_CURVE_WITH_KNOTS('',3,(#3446,#3447,#3448,#3449,#3450,#3451,
#3452,#3453,#3454,#3455,#3456,#3457,#3458,#3459,#3460,#3461,#3462,#3463,
#3464,#3465,#3466,#3467),.UNSPECIFIED.,.F.,.F.,(4,3,3,3,3,3,3,4),(26.2297270842072,
26.8576964542317,27.8485671586012,28.8394378629707,29.8303085673402,30.8211792717097,
31.8120499760792,32.5129123913868),.UNSPECIFIED.);
#41=B_SPLINE_CURVE_WITH_KNOTS('',3,(#3468,#3469,#3470,#3471,#3472,#3473,
#3474,#3475,#3476,#3477,#3478,#3479,#3480,#3481,#3482,#3483,#3484,#3485,
#3486,#3487,#3488,#3489),.UNSPECIFIED.,.F.,.F.,(4,3,3,3,3,3,3,4),(-28.8895746266564,
-28.5414586336342,-27.5506413386793,-26.5598240437244,-25.5690067487695,
-24.5781894538146,-23.5873721588597,-22.6063893194768),.UNSPECIFIED.);
#42=B_SPLINE_CURVE_WITH_KNOTS('',3,(#3494,#3495,#3496,#3497,#3498,#3499,
#3500,#3501,#3502,#3503,#3504,#3505,#3506,#3507,#3508,#3509,#3510,#3511,
#3512,#3513,#3514,#3515),.UNSPECIFIED.,.F.,.F.,(4,3,3,3,3,3,3,4),(19.9465417770276,
20.9124722280146,21.9033429323841,22.8942136367536,23.8850843411231,24.8759550454927,
25.8668257498622,26.2297270842072),.UNSPECIFIED.);
#43=B_SPLINE_CURVE_WITH_KNOTS('',3,(#3516,#3517,#3518,#3519,#3520,#3521,
#3522,#3523,#3524,#3525,#3526,#3527,#3528,#3529,#3530,#3531,#3532,#3533,
#3534,#3535,#3536,#3537,#3538,#3539,#3540),.UNSPECIFIED.,.F.,.F.,(4,3,3,
3,3,3,3,3,4),(-22.6063893194768,-22.5965548639047,-21.6057375689498,-20.6149202739949,
-19.62410297904,-18.6332856840851,-17.6424683891302,-16.6516510941753,-16.3232040122972),
 .UNSPECIFIED.);
#44=B_SPLINE_CURVE_WITH_KNOTS('',3,(#3545,#3546,#3547,#3548,#3549,#3550,
#3551,#3552,#3553,#3554,#3555,#3556,#3557,#3558,#3559,#3560,#3561,#3562,
#3563,#3564,#3565,#3566,#3567,#3568,#3569),.UNSPECIFIED.,.F.,.F.,(4,3,3,
3,3,3,3,3,4),(13.663356469848,13.976377297428,14.9672480017976,15.9581187061671,
16.9489894105366,17.9398601149061,18.9307308192756,19.9216015236451,19.9465417770276),
 .UNSPECIFIED.);
#45=B_SPLINE_CURVE_WITH_KNOTS('',3,(#3570,#3571,#3572,#3573,#3574,#3575,
#3576,#3577,#3578,#3579,#3580,#3581,#3582,#3583,#3584,#3585,#3586,#3587,
#3588,#3589,#3590,#3591),.UNSPECIFIED.,.F.,.F.,(4,3,3,3,3,3,3,4),(-16.3232040122972,
-15.6608337992204,-14.6700165042654,-13.6791992093105,-12.6883819143556,
-11.6975646194007,-10.7067473244458,-10.0400187051176),.UNSPECIFIED.);
#46=B_SPLINE_CURVE_WITH_KNOTS('',3,(#3597,#3598,#3599,#3600),
 .UNSPECIFIED.,.F.,.F.,(4,4),(-3.75683339793805,-2.7802089648065),
 .UNSPECIFIED.);
#47=B_SPLINE_CURVE_WITH_KNOTS('',3,(#3602,#3603,#3604,#3605,#3606,#3607),
 .UNSPECIFIED.,.F.,.F.,(4,2,4),(0.263621810138702,0.329400961184315,0.362195505541011),
 .UNSPECIFIED.);
#48=B_SPLINE_CURVE_WITH_KNOTS('',3,(#3609,#3610,#3611,#3612,#3613,#3614,
#3615,#3616),.UNSPECIFIED.,.F.,.F.,(4,2,2,4),(0.0926634473065948,0.132063508047476,
0.197842659093089,0.263621810138702),.UNSPECIFIED.);
#49=B_SPLINE_CURVE_WITH_KNOTS('',3,(#3618,#3619,#3620,#3621),
 .UNSPECIFIED.,.F.,.F.,(4,4),(-1.17181720273913,-0.332723321797136),
 .UNSPECIFIED.);
#50=B_SPLINE_CURVE_WITH_KNOTS('',3,(#3623,#3624,#3625,#3626,#3627,#3628),
 .UNSPECIFIED.,.F.,.F.,(4,2,4),(0.933691116100494,0.988455486531069,1.00732680583412),
 .UNSPECIFIED.);
#51=B_SPLINE_CURVE_WITH_KNOTS('',3,(#3629,#3630,#3631,#3632,#3633,#3634,
#3635,#3636,#3637,#3638,#3639,#3640,#3641,#3642,#3643,#3644),
 .UNSPECIFIED.,.F.,.F.,(4,3,3,3,3,4),(3.51722264300274,4.06767025373294,
5.05854095810245,6.04941166247196,7.04028236684147,7.38017116266843),
 .UNSPECIFIED.);
#52=B_SPLINE_CURVE_WITH_KNOTS('',3,(#3650,#3651,#3652,#3653,#3654,#3655,
#3656),.UNSPECIFIED.,.F.,.F.,(4,3,4),(57.6456536201051,58.565558994056,
59.5564296984255),.UNSPECIFIED.);
#53=B_SPLINE_CURVE_WITH_KNOTS('',3,(#3658,#3659,#3660,#3661,#3662,#3663,
#3664,#3665,#3666,#3667),.UNSPECIFIED.,.F.,.F.,(4,2,2,2,4),(0.0447414273988945,
0.0644807665600312,0.128961533120062,0.193440396963175,0.201999939848401),
 .UNSPECIFIED.);
#54=B_SPLINE_CURVE_WITH_KNOTS('',3,(#3668,#3669,#3670,#3671,#3672,#3673,
#3674,#3675,#3676,#3677,#3678,#3679,#3680),.UNSPECIFIED.,.F.,.F.,(4,3,3,
3,4),(-56.8931472975002,-56.2843428923718,-55.2935255974168,-54.3027083024619,
-54.0223158553748),.UNSPECIFIED.);
#55=B_SPLINE_CURVE_WITH_KNOTS('',3,(#3685,#3686,#3687,#3688,#3689,#3690,
#3691,#3692,#3693,#3694,#3695,#3696,#3697,#3698,#3699,#3700,#3701,#3702,
#3703,#3704,#3705,#3706,#3707,#3708,#3709),.UNSPECIFIED.,.F.,.F.,(4,3,3,
3,3,3,3,3,4),(51.3624683129255,51.6294640634694,52.6203347678389,53.6112054722084,
54.602076176578,55.5929468809474,56.583817585317,57.5746882896865,57.6456536201051),
 .UNSPECIFIED.);
#56=B_SPLINE_CURVE_WITH_KNOTS('',3,(#3710,#3711,#3712,#3713,#3714,#3715,
#3716,#3717,#3718,#3719,#3720,#3721,#3722,#3723,#3724,#3725,#3726,#3727,
#3728,#3729,#3730,#3731),.UNSPECIFIED.,.F.,.F.,(4,3,3,3,3,3,3,4),(-54.0223158553748,
-53.311891007507,-52.3210737125521,-51.3302564175972,-50.3394391226423,
-49.3486218276874,-48.3578045327325,-47.7391305481952),.UNSPECIFIED.);
#57=B_SPLINE_CURVE_WITH_KNOTS('',3,(#3736,#3737,#3738,#3739,#3740,#3741,
#3742,#3743,#3744,#3745,#3746,#3747,#3748,#3749,#3750,#3751,#3752,#3753,
#3754,#3755,#3756,#3757),.UNSPECIFIED.,.F.,.F.,(4,3,3,3,3,3,3,4),(45.0792830057459,
45.6842398372523,46.6751105416219,47.6659812459914,48.6568519503609,49.6477226547304,
50.6385933590999,51.3624683129255),.UNSPECIFIED.);
#58=B_SPLINE_CURVE_WITH_KNOTS('',3,(#3758,#3759,#3760,#3761,#3762,#3763,
#3764,#3765,#3766,#3767,#3768,#3769,#3770,#3771,#3772,#3773,#3774,#3775,
#3776,#3777,#3778,#3779),.UNSPECIFIED.,.F.,.F.,(4,3,3,3,3,3,3,4),(-47.7391305481952,
-47.3669872377775,-46.3761699428226,-45.3853526478677,-44.3945353529128,
-43.4037180579579,-42.412900763003,-41.4559452410156),.UNSPECIFIED.);
#59=B_SPLINE_CURVE_WITH_KNOTS('',3,(#3784,#3785,#3786,#3787,#3788,#3789,
#3790,#3791,#3792,#3793,#3794,#3795,#3796,#3797,#3798,#3799,#3800,#3801,
#3802,#3803,#3804,#3805),.UNSPECIFIED.,.F.,.F.,(4,3,3,3,3,3,3,4),(38.7960976985663,
39.7390156110353,40.7298863154048,41.7207570197743,42.7116277241438,43.7024984285133,
44.6933691328828,45.0792830057459),.UNSPECIFIED.);
#60=B_SPLINE_CURVE_WITH_KNOTS('',3,(#3806,#3807,#3808,#3809,#3810,#3811,
#3812,#3813,#3814,#3815,#3816,#3817,#3818,#3819,#3820,#3821,#3822,#3823,
#3824,#3825,#3826,#3827,#3828,#3829,#3830),.UNSPECIFIED.,.F.,.F.,(4,3,3,
3,3,3,3,3,4),(-41.4559452410156,-41.4220834680481,-40.4312661730931,-39.4404488781382,
-38.4496315831833,-37.4588142882284,-36.4679969932735,-35.4771796983186,
-35.172759933836),.UNSPECIFIED.);
#61=B_SPLINE_CURVE_WITH_KNOTS('',3,(#3835,#3836,#3837,#3838,#3839,#3840,
#3841,#3842,#3843,#3844,#3845,#3846,#3847,#3848,#3849,#3850,#3851,#3852,
#3853,#3854,#3855,#3856,#3857,#3858,#3859),.UNSPECIFIED.,.F.,.F.,(4,3,3,
3,3,3,3,3,4),(32.5129123913868,32.8029206804487,33.7937913848182,34.7846620891877,
35.7755327935573,36.7664034979268,37.7572742022963,38.7481449066658,38.7960976985663),
 .UNSPECIFIED.);
#62=B_SPLINE_CURVE_WITH_KNOTS('',3,(#3860,#3861,#3862,#3863,#3864,#3865,
#3866,#3867,#3868,#3869,#3870,#3871,#3872,#3873,#3874,#3875,#3876,#3877,
#3878,#3879,#3880,#3881),.UNSPECIFIED.,.F.,.F.,(4,3,3,3,3,3,3,4),(-35.172759933836,
-34.4863624033637,-33.4955451084088,-32.5047278134538,-31.5139105184989,
-30.523093223544,-29.5322759285891,-28.8895746266564),.UNSPECIFIED.);
#63=B_SPLINE_CURVE_WITH_KNOTS('',3,(#3886,#3887,#3888,#3889,#3890,#3891,
#3892,#3893,#3894,#3895,#3896,#3897,#3898,#3899,#3900,#3901,#3902,#3903,
#3904,#3905,#3906,#3907),.UNSPECIFIED.,.F.,.F.,(4,3,3,3,3,3,3,4),(26.2297270842072,
26.8576964542317,27.8485671586012,28.8394378629707,29.8303085673402,30.8211792717097,
31.8120499760792,32.5129123913868),.UNSPECIFIED.);
#64=B_SPLINE_CURVE_WITH_KNOTS('',3,(#3908,#3909,#3910,#3911,#3912,#3913,
#3914,#3915,#3916,#3917,#3918,#3919,#3920,#3921,#3922,#3923,#3924,#3925,
#3926,#3927,#3928,#3929),.UNSPECIFIED.,.F.,.F.,(4,3,3,3,3,3,3,4),(-28.8895746266564,
-28.5414586336342,-27.5506413386793,-26.5598240437244,-25.5690067487695,
-24.5781894538146,-23.5873721588596,-22.6063893194768),.UNSPECIFIED.);
#65=B_SPLINE_CURVE_WITH_KNOTS('',3,(#3934,#3935,#3936,#3937,#3938,#3939,
#3940,#3941,#3942,#3943,#3944,#3945,#3946,#3947,#3948,#3949,#3950,#3951,
#3952,#3953,#3954,#3955),.UNSPECIFIED.,.F.,.F.,(4,3,3,3,3,3,3,4),(19.9465417770276,
20.9124722280146,21.9033429323841,22.8942136367536,23.8850843411231,24.8759550454926,
25.8668257498622,26.2297270842072),.UNSPECIFIED.);
#66=B_SPLINE_CURVE_WITH_KNOTS('',3,(#3956,#3957,#3958,#3959,#3960,#3961,
#3962,#3963,#3964,#3965,#3966,#3967,#3968,#3969,#3970,#3971,#3972,#3973,
#3974,#3975,#3976,#3977,#3978,#3979,#3980),.UNSPECIFIED.,.F.,.F.,(4,3,3,
3,3,3,3,3,4),(-22.6063893194768,-22.5965548639047,-21.6057375689498,-20.6149202739949,
-19.62410297904,-18.6332856840851,-17.6424683891302,-16.6516510941753,-16.3232040122972),
 .UNSPECIFIED.);
#67=B_SPLINE_CURVE_WITH_KNOTS('',3,(#3985,#3986,#3987,#3988,#3989,#3990,
#3991,#3992,#3993,#3994,#3995,#3996,#3997,#3998,#3999,#4000,#4001,#4002,
#4003,#4004,#4005,#4006,#4007,#4008,#4009),.UNSPECIFIED.,.F.,.F.,(4,3,3,
3,3,3,3,3,4),(13.663356469848,13.976377297428,14.9672480017975,15.9581187061671,
16.9489894105366,17.9398601149061,18.9307308192756,19.9216015236451,19.9465417770276),
 .UNSPECIFIED.);
#68=B_SPLINE_CURVE_WITH_KNOTS('',3,(#4010,#4011,#4012,#4013,#4014,#4015,
#4016,#4017,#4018,#4019,#4020,#4021,#4022,#4023,#4024,#4025,#4026,#4027,
#4028,#4029,#4030,#4031),.UNSPECIFIED.,.F.,.F.,(4,3,3,3,3,3,3,4),(-16.3232040122972,
-15.6608337992203,-14.6700165042654,-13.6791992093105,-12.6883819143556,
-11.6975646194007,-10.7067473244458,-10.0400187051176),.UNSPECIFIED.);
#69=B_SPLINE_CURVE_WITH_KNOTS('',3,(#4037,#4038,#4039,#4040),
 .UNSPECIFIED.,.F.,.F.,(4,4),(-3.75683339793804,-2.78020896480648),
 .UNSPECIFIED.);
#70=B_SPLINE_CURVE_WITH_KNOTS('',3,(#4042,#4043,#4044,#4045,#4046,#4047,
#4048,#4049,#4050,#4051,#4052,#4053),.UNSPECIFIED.,.F.,.F.,(4,2,2,2,2,4),
(0.0926634473065951,0.132063508047476,0.197842659093089,0.263621810138702,
0.329400961184315,0.362195505541011),.UNSPECIFIED.);
#71=B_SPLINE_CURVE_WITH_KNOTS('',3,(#4055,#4056,#4057,#4058),
 .UNSPECIFIED.,.F.,.F.,(4,4),(-1.17181720273912,-0.332723321797126),
 .UNSPECIFIED.);
#72=B_SPLINE_CURVE_WITH_KNOTS('',3,(#4060,#4061,#4062,#4063,#4064,#4065),
 .UNSPECIFIED.,.F.,.F.,(4,2,4),(0.933691116100494,0.988455486531069,1.00732680583411),
 .UNSPECIFIED.);
#73=B_SPLINE_CURVE_WITH_KNOTS('',3,(#4066,#4067,#4068,#4069,#4070,#4071,
#4072,#4073,#4074,#4075,#4076,#4077,#4078,#4079,#4080,#4081),
 .UNSPECIFIED.,.F.,.F.,(4,3,3,3,3,4),(3.51722264300272,4.06767025373292,
5.05854095810243,6.04941166247195,7.04028236684146,7.38017116266842),
 .UNSPECIFIED.);
#74=B_SPLINE_CURVE_WITH_KNOTS('',3,(#4087,#4088,#4089,#4090,#4091,#4092,
#4093,#4094,#4095),.UNSPECIFIED.,.F.,.F.,(4,1,1,1,1,1,4),(65.9734457253856,
66.2538381724728,67.2446554674277,68.2354727623826,69.2262900573376,70.2171073522925,
71.2079246472474),.UNSPECIFIED.);
#75=B_SPLINE_CURVE_WITH_KNOTS('',3,(#4097,#4098,#4099,#4100,#4101,#4102),
 .UNSPECIFIED.,.F.,.F.,(4,2,4),(2.02746974852202,2.04632834593709,2.09962641975179),
 .UNSPECIFIED.);
#76=B_SPLINE_CURVE_WITH_KNOTS('',3,(#4103,#4104,#4105,#4106,#4107,#4108,
#4109,#4110,#4111,#4112),.UNSPECIFIED.,.F.,.F.,(4,1,1,1,1,1,1,4),(65.9734457253856,
66.2404414759295,67.231312180299,68.2221828846685,69.213053589038,70.2039242934075,
71.194794997777,71.5626121387821),.UNSPECIFIED.);
#77=B_SPLINE_CURVE_WITH_KNOTS('',3,(#4117,#4118,#4119,#4120,#4121,#4122,
#4123,#4124,#4125,#4126),.UNSPECIFIED.,.F.,.F.,(4,1,1,1,1,1,1,4),(59.6902604182061,
60.3089344027433,61.2997516976982,62.2905689926532,63.2813862876081,64.272203582563,
65.2630208775179,65.9734457253856),.UNSPECIFIED.);
#78=B_SPLINE_CURVE_WITH_KNOTS('',3,(#4127,#4128,#4129,#4130,#4131,#4132,
#4133,#4134,#4135,#4136),.UNSPECIFIED.,.F.,.F.,(4,1,1,1,1,1,1,4),(59.6902604182061,
60.2952172497124,61.2860879540819,62.2769586584514,63.2678293628209,64.2587000671905,
65.24957077156,65.9734457253856),.UNSPECIFIED.);
#79=B_SPLINE_CURVE_WITH_KNOTS('',3,(#4141,#4142,#4143,#4144,#4145,#4146,
#4147,#4148,#4149,#4150),.UNSPECIFIED.,.F.,.F.,(4,1,1,1,1,1,1,4),(53.4070751110265,
54.3640306330139,55.3548479279688,56.3456652229237,57.3364825178786,58.3272998128335,
59.3181171077884,59.6902604182061),.UNSPECIFIED.);
#80=B_SPLINE_CURVE_WITH_KNOTS('',3,(#4151,#4152,#4153,#4154,#4155,#4156,
#4157,#4158,#4159,#4160),.UNSPECIFIED.,.F.,.F.,(4,1,1,1,1,1,1,4),(53.4070751110265,
54.3499930234954,55.3408637278649,56.3317344322344,57.3226051366039,58.3134758409734,
59.3043465453429,59.6902604182061),.UNSPECIFIED.);
#81=B_SPLINE_CURVE_WITH_KNOTS('',3,(#4165,#4166,#4167,#4168,#4169,#4170,
#4171,#4172,#4173,#4174,#4175),.UNSPECIFIED.,.F.,.F.,(4,1,1,1,1,1,1,1,4),
(47.1238898038469,47.4283095683295,48.4191268632844,49.4099441582393,50.4007614531942,
51.3915787481491,52.382396043104,53.3732133380589,53.4070751110265),
 .UNSPECIFIED.);
#82=B_SPLINE_CURVE_WITH_KNOTS('',3,(#4176,#4177,#4178,#4179,#4180,#4181,
#4182,#4183,#4184,#4185,#4186),.UNSPECIFIED.,.F.,.F.,(4,1,1,1,1,1,1,1,4),
(47.1238898038469,47.4138980929088,48.4047687972783,49.3956395016478,50.3865102060173,
51.3773809103868,52.3682516147563,53.3591223191258,53.4070751110265),
 .UNSPECIFIED.);
#83=B_SPLINE_CURVE_WITH_KNOTS('',3,(#4191,#4192,#4193,#4194,#4195,#4196,
#4197,#4198,#4199,#4200),.UNSPECIFIED.,.F.,.F.,(4,1,1,1,1,1,1,4),(40.8407044966673,
41.4834057986,42.4742230935549,43.4650403885098,44.4558576834647,45.4466749784197,
46.4374922733746,47.1238898038469),.UNSPECIFIED.);
#84=B_SPLINE_CURVE_WITH_KNOTS('',3,(#4201,#4202,#4203,#4204,#4205,#4206,
#4207,#4208,#4209,#4210),.UNSPECIFIED.,.F.,.F.,(4,1,1,1,1,1,1,4),(40.8407044966673,
41.4686738666917,42.4595445710612,43.4504152754307,44.4412859798003,45.4321566841698,
46.4230273885393,47.1238898038469),.UNSPECIFIED.);
#85=B_SPLINE_CURVE_WITH_KNOTS('',3,(#4215,#4216,#4217,#4218,#4219,#4220,
#4221,#4222,#4223,#4224),.UNSPECIFIED.,.F.,.F.,(4,1,1,1,1,1,1,4),(34.5575191894877,
35.5385020288705,36.5293193238254,37.5201366187804,38.5109539137353,39.5017712086902,
40.4925885036451,40.8407044966673),.UNSPECIFIED.);
#86=B_SPLINE_CURVE_WITH_KNOTS('',3,(#4225,#4226,#4227,#4228,#4229,#4230,
#4231,#4232,#4233,#4234),.UNSPECIFIED.,.F.,.F.,(4,1,1,1,1,1,1,4),(34.5575191894877,
35.5234496404747,36.5143203448442,37.5051910492137,38.4960617535832,39.4869324579527,
40.4778031623222,40.8407044966673),.UNSPECIFIED.);
#87=B_SPLINE_CURVE_WITH_KNOTS('',3,(#4239,#4240,#4241,#4242,#4243,#4244,
#4245,#4246,#4247,#4248,#4249),.UNSPECIFIED.,.F.,.F.,(4,1,1,1,1,1,1,1,4),
(28.2743338823081,28.6027809641861,29.5935982591411,30.584415554096,31.5752328490509,
32.5660501440058,33.5568674389607,34.5476847339156,34.5575191894877),
 .UNSPECIFIED.);
#88=B_SPLINE_CURVE_WITH_KNOTS('',3,(#4250,#4251,#4252,#4253,#4254,#4255,
#4256,#4257,#4258,#4259,#4260),.UNSPECIFIED.,.F.,.F.,(4,1,1,1,1,1,1,1,4),
(28.2743338823081,28.5873547098881,29.5782254142576,30.5690961186271,31.5599668229966,
32.5508375273661,33.5417082317356,34.5325789361052,34.5575191894877),
 .UNSPECIFIED.);
#89=B_SPLINE_CURVE_WITH_KNOTS('',3,(#4266,#4267,#4268,#4269,#4270,#4271,
#4272,#4273),.UNSPECIFIED.,.F.,.F.,(4,1,1,1,1,4),(17.6877769618235,18.678647666193,
19.6695183705625,20.660389074932,21.6512597793015,21.9911485751285),
 .UNSPECIFIED.);
#90=B_SPLINE_CURVE_WITH_KNOTS('',3,(#4275,#4276,#4277,#4278,#4279,#4280),
 .UNSPECIFIED.,.F.,.F.,(4,2,4),(1.01430274042583,1.06015102310738,1.06218749661768),
 .UNSPECIFIED.);
#91=B_SPLINE_CURVE_WITH_KNOTS('',3,(#4281,#4282,#4283,#4284,#4285,#4286,
#4287,#4288,#4289),.UNSPECIFIED.,.F.,.F.,(4,1,1,1,1,1,4),(17.4510801473753,
17.7037907196821,18.694608014637,19.6854253095919,20.6762426045468,21.6670598995018,
21.9911485751285),.UNSPECIFIED.);
#92=B_SPLINE_CURVE_WITH_KNOTS('',3,(#4295,#4296,#4297,#4298,#4299,#4300,
#4301,#4302,#4303),.UNSPECIFIED.,.F.,.F.,(4,1,1,1,1,1,4),(65.9734457253856,
66.2538381724728,67.2446554674277,68.2354727623826,69.2262900573375,70.2171073522925,
71.2079246472474),.UNSPECIFIED.);
#93=B_SPLINE_CURVE_WITH_KNOTS('',3,(#4305,#4306,#4307,#4308,#4309,#4310),
 .UNSPECIFIED.,.F.,.F.,(4,2,4),(2.02746974852202,2.04632834593709,2.09962641975179),
 .UNSPECIFIED.);
#94=B_SPLINE_CURVE_WITH_KNOTS('',3,(#4311,#4312,#4313,#4314,#4315,#4316,
#4317,#4318,#4319,#4320),.UNSPECIFIED.,.F.,.F.,(4,1,1,1,1,1,1,4),(65.9734457253856,
66.2404414759295,67.231312180299,68.2221828846685,69.213053589038,70.2039242934075,
71.194794997777,71.5626121387821),.UNSPECIFIED.);
#95=B_SPLINE_CURVE_WITH_KNOTS('',3,(#4325,#4326,#4327,#4328,#4329,#4330,
#4331,#4332,#4333,#4334),.UNSPECIFIED.,.F.,.F.,(4,1,1,1,1,1,1,4),(59.6902604182061,
60.3089344027433,61.2997516976982,62.2905689926531,63.2813862876081,64.272203582563,
65.2630208775179,65.9734457253856),.UNSPECIFIED.);
#96=B_SPLINE_CURVE_WITH_KNOTS('',3,(#4335,#4336,#4337,#4338,#4339,#4340,
#4341,#4342,#4343,#4344),.UNSPECIFIED.,.F.,.F.,(4,1,1,1,1,1,1,4),(59.6902604182061,
60.2952172497124,61.2860879540819,62.2769586584514,63.2678293628209,64.2587000671905,
65.24957077156,65.9734457253856),.UNSPECIFIED.);
#97=B_SPLINE_CURVE_WITH_KNOTS('',3,(#4349,#4350,#4351,#4352,#4353,#4354,
#4355,#4356,#4357,#4358),.UNSPECIFIED.,.F.,.F.,(4,1,1,1,1,1,1,4),(53.4070751110265,
54.3640306330139,55.3548479279688,56.3456652229237,57.3364825178786,58.3272998128335,
59.3181171077884,59.6902604182061),.UNSPECIFIED.);
#98=B_SPLINE_CURVE_WITH_KNOTS('',3,(#4359,#4360,#4361,#4362,#4363,#4364,
#4365,#4366,#4367,#4368),.UNSPECIFIED.,.F.,.F.,(4,1,1,1,1,1,1,4),(53.4070751110265,
54.3499930234954,55.3408637278649,56.3317344322344,57.3226051366039,58.3134758409734,
59.3043465453429,59.6902604182061),.UNSPECIFIED.);
#99=B_SPLINE_CURVE_WITH_KNOTS('',3,(#4373,#4374,#4375,#4376,#4377,#4378,
#4379,#4380,#4381,#4382,#4383),.UNSPECIFIED.,.F.,.F.,(4,1,1,1,1,1,1,1,4),
(47.1238898038469,47.4283095683295,48.4191268632844,49.4099441582393,50.4007614531942,
51.3915787481491,52.382396043104,53.3732133380589,53.4070751110265),
 .UNSPECIFIED.);
#100=B_SPLINE_CURVE_WITH_KNOTS('',3,(#4384,#4385,#4386,#4387,#4388,#4389,
#4390,#4391,#4392,#4393,#4394),.UNSPECIFIED.,.F.,.F.,(4,1,1,1,1,1,1,1,4),
(47.1238898038469,47.4138980929088,48.4047687972783,49.3956395016478,50.3865102060173,
51.3773809103868,52.3682516147563,53.3591223191258,53.4070751110265),
 .UNSPECIFIED.);
#101=B_SPLINE_CURVE_WITH_KNOTS('',3,(#4399,#4400,#4401,#4402,#4403,#4404,
#4405,#4406,#4407,#4408),.UNSPECIFIED.,.F.,.F.,(4,1,1,1,1,1,1,4),(40.8407044966673,
41.4834057986,42.4742230935549,43.4650403885098,44.4558576834647,45.4466749784196,
46.4374922733746,47.1238898038469),.UNSPECIFIED.);
#102=B_SPLINE_CURVE_WITH_KNOTS('',3,(#4409,#4410,#4411,#4412,#4413,#4414,
#4415,#4416,#4417,#4418),.UNSPECIFIED.,.F.,.F.,(4,1,1,1,1,1,1,4),(40.8407044966673,
41.4686738666917,42.4595445710612,43.4504152754307,44.4412859798003,45.4321566841698,
46.4230273885393,47.1238898038469),.UNSPECIFIED.);
#103=B_SPLINE_CURVE_WITH_KNOTS('',3,(#4423,#4424,#4425,#4426,#4427,#4428,
#4429,#4430,#4431,#4432),.UNSPECIFIED.,.F.,.F.,(4,1,1,1,1,1,1,4),(34.5575191894877,
35.5385020288705,36.5293193238254,37.5201366187803,38.5109539137353,39.5017712086902,
40.4925885036451,40.8407044966673),.UNSPECIFIED.);
#104=B_SPLINE_CURVE_WITH_KNOTS('',3,(#4433,#4434,#4435,#4436,#4437,#4438,
#4439,#4440,#4441,#4442),.UNSPECIFIED.,.F.,.F.,(4,1,1,1,1,1,1,4),(34.5575191894877,
35.5234496404747,36.5143203448442,37.5051910492137,38.4960617535832,39.4869324579527,
40.4778031623222,40.8407044966673),.UNSPECIFIED.);
#105=B_SPLINE_CURVE_WITH_KNOTS('',3,(#4447,#4448,#4449,#4450,#4451,#4452,
#4453,#4454,#4455,#4456,#4457),.UNSPECIFIED.,.F.,.F.,(4,1,1,1,1,1,1,1,4),
(28.2743338823081,28.6027809641861,29.593598259141,30.584415554096,31.5752328490509,
32.5660501440058,33.5568674389607,34.5476847339156,34.5575191894877),
 .UNSPECIFIED.);
#106=B_SPLINE_CURVE_WITH_KNOTS('',3,(#4458,#4459,#4460,#4461,#4462,#4463,
#4464,#4465,#4466,#4467,#4468),.UNSPECIFIED.,.F.,.F.,(4,1,1,1,1,1,1,1,4),
(28.2743338823081,28.5873547098881,29.5782254142576,30.5690961186271,31.5599668229966,
32.5508375273661,33.5417082317356,34.5325789361052,34.5575191894877),
 .UNSPECIFIED.);
#107=B_SPLINE_CURVE_WITH_KNOTS('',3,(#4474,#4475,#4476,#4477,#4478,#4479,
#4480,#4481),.UNSPECIFIED.,.F.,.F.,(4,1,1,1,1,4),(17.6877769618235,18.678647666193,
19.6695183705625,20.660389074932,21.6512597793015,21.9911485751285),
 .UNSPECIFIED.);
#108=B_SPLINE_CURVE_WITH_KNOTS('',3,(#4483,#4484,#4485,#4486,#4487,#4488),
 .UNSPECIFIED.,.F.,.F.,(4,2,4),(1.01430274042583,1.06015102310738,1.06218749661768),
 .UNSPECIFIED.);
#109=B_SPLINE_CURVE_WITH_KNOTS('',3,(#4489,#4490,#4491,#4492,#4493,#4494,
#4495,#4496,#4497),.UNSPECIFIED.,.F.,.F.,(4,1,1,1,1,1,4),(17.4510801473753,
17.7037907196821,18.694608014637,19.6854253095919,20.6762426045468,21.6670598995017,
21.9911485751285),.UNSPECIFIED.);
#110=B_SPLINE_CURVE_WITH_KNOTS('',3,(#4739,#4740,#4741,#4742,#4743,#4744),
 .UNSPECIFIED.,.F.,.F.,(4,2,4),(0.,0.0890304898067707,0.1050722949415),
 .UNSPECIFIED.);
#111=B_SPLINE_CURVE_WITH_KNOTS('',3,(#4745,#4746,#4747,#4748,#4749,#4750,
#4751,#4752,#4753,#4754),.UNSPECIFIED.,.F.,.F.,(4,1,1,1,1,1,1,4),(21.9911485751285,
22.6578771944567,23.6486944894116,24.6395117843665,25.6303290793214,26.6211463742763,
27.6119636692312,28.2743338823081),.UNSPECIFIED.);
#112=B_SPLINE_CURVE_WITH_KNOTS('',3,(#4756,#4757,#4758,#4759,#4760,#4761,
#4762,#4763,#4764,#4765,#4766,#4767,#4768,#4769,#4770,#4771,#4772,#4773,
#4774,#4775,#4776,#4777,#4778,#4779,#4780,#4781,#4782,#4783,#4784,#4785,
#4786,#4787,#4788,#4789,#4790,#4791,#4792,#4793,#4794,#4795,#4796,#4797,
#4798,#4799,#4800,#4801,#4802,#4803,#4804),.UNSPECIFIED.,.F.,.F.,(4,3,3,
3,3,3,3,3,3,3,3,3,3,3,3,3,4),(0.,0.0011065483170864,0.0144553070465376,
0.0286245022370431,0.042695918295232,0.0532646648578505,0.0540883134574923,
0.0544019512508875,0.0546259431719627,0.054861836984403,0.0551708545592709,
0.0558296885618766,0.0637045056663407,0.0785229382285647,0.0876023001530594,
0.101956402751133,0.110604056384862),.UNSPECIFIED.);
#113=B_SPLINE_CURVE_WITH_KNOTS('',3,(#4806,#4807,#4808,#4809,#4810,#4811),
 .UNSPECIFIED.,.F.,.F.,(4,1,1,4),(14.8972223643646,15.7221561297723,16.7129734247272,
16.9144643844787),.UNSPECIFIED.);
#114=B_SPLINE_CURVE_WITH_KNOTS('',3,(#4812,#4813,#4814,#4815,#4816,#4817,
#4818,#4819,#4820,#4821,#4822,#4823,#4824,#4825,#4826,#4827,#4828,#4829,
#4830,#4831,#4832,#4833,#4834,#4835,#4836,#4837,#4838,#4839,#4840,#4841,
#4842),.UNSPECIFIED.,.F.,.F.,(4,3,3,3,3,3,3,3,3,3,4),(0.,0.00163852083849306,
0.0160958868172715,0.0169048725475177,0.0178534012071331,0.0187989705225346,
0.0206747509192051,0.0243710526559169,0.0315654441454197,0.0453074250613999,
0.0527037838963569),.UNSPECIFIED.);
#115=B_SPLINE_CURVE_WITH_KNOTS('',3,(#4843,#4844,#4845,#4846,#4847,#4848,
#4849,#4850,#4851,#4852,#4853,#4854,#4855,#4856,#4857,#4858,#4859,#4860,
#4861,#4862,#4863,#4864,#4865,#4866,#4867),.UNSPECIFIED.,.F.,.F.,(4,3,3,
3,3,3,3,3,4),(-10.0400187051176,-9.71593002949087,-8.72511273453596,-7.73429543958104,
-6.74347814462613,-5.75266084967122,-4.7618435547163,-3.77102625976139,
-3.75683339793804),.UNSPECIFIED.);
#116=B_SPLINE_CURVE_WITH_KNOTS('',3,(#4868,#4869,#4870,#4871,#4872,#4873,
#4874,#4875,#4876,#4877,#4878,#4879,#4880,#4881,#4882,#4883,#4884,#4885,
#4886,#4887,#4888,#4889,#4890,#4891,#4892,#4893,#4894,#4895,#4896,#4897,
#4898,#4899,#4900,#4901,#4902,#4903,#4904,#4905,#4906,#4907,#4908,#4909,
#4910,#4911,#4912,#4913),.UNSPECIFIED.,.F.,.F.,(4,2,2,2,2,2,2,2,2,2,2,2,
2,2,2,2,2,2,2,2,2,2,4),(0.1050722949415,0.174010305451314,0.180429701728849,
0.182503636295807,0.183776481748328,0.184931013291717,0.186412779172184,
0.189463607980712,0.209777287441675,0.262430030565486,0.318084671688149,
0.320343513586437,0.323666010754017,0.324935457564398,0.325693089556768,
0.326492662287844,0.327543691403962,0.329800782222917,0.345626195341496,
0.355005376759688,0.385648057052922,0.422036670969055,0.44945019570095),
 .UNSPECIFIED.);
#117=B_SPLINE_CURVE_WITH_KNOTS('',3,(#4916,#4917,#4918,#4919,#4920,#4921),
 .UNSPECIFIED.,.F.,.F.,(4,2,4),(0.85218899618921,0.897816466112321,0.904857443535706),
 .UNSPECIFIED.);
#118=B_SPLINE_CURVE_WITH_KNOTS('',3,(#4923,#4924,#4925,#4926,#4927),
 .UNSPECIFIED.,.F.,.F.,(4,1,4),(15.0300246967019,15.8441538380618,16.6582829794217),
 .UNSPECIFIED.);
#119=B_SPLINE_CURVE_WITH_KNOTS('',3,(#4928,#4929,#4930,#4931,#4932,#4933),
 .UNSPECIFIED.,.F.,.F.,(4,2,4),(0.483064220309779,0.488662471865007,0.512120987175972),
 .UNSPECIFIED.);
#120=B_SPLINE_CURVE_WITH_KNOTS('',3,(#4935,#4936,#4937,#4938,#4939,#4940,
#4941,#4942,#4943,#4944),.UNSPECIFIED.,.F.,.F.,(4,1,1,1,1,1,1,4),(21.9911485751285,
22.642130483671,23.6330011880405,24.6238718924101,25.6147425967796,26.6056133011491,
27.5964840055186,28.2743338823081),.UNSPECIFIED.);
#121=B_SPLINE_CURVE_WITH_KNOTS('',3,(#4966,#4967,#4968,#4969,#4970,#4971),
 .UNSPECIFIED.,.F.,.F.,(4,2,4),(0.183437842935728,0.206883713429634,0.322240276565665),
 .UNSPECIFIED.);
#122=B_SPLINE_CURVE_WITH_KNOTS('',3,(#4973,#4974,#4975,#4976,#4977,#4978,
#4979,#4980,#4981,#4982,#4983,#4984,#4985,#4986,#4987,#4988,#4989,#4990,
#4991,#4992,#4993,#4994,#4995,#4996,#4997,#4998,#4999,#5000,#5001,#5002,
#5003,#5004,#5005,#5006,#5007,#5008,#5009),.UNSPECIFIED.,.F.,.F.,(4,3,3,
3,3,3,3,3,3,3,3,3,4),(-0.207243017697502,-0.18573124035043,-0.164293468589532,
-0.14451537343361,-0.139435385211611,-0.135985715825629,-0.115341601605807,
-0.0951931504390477,-0.0851810879658431,-0.0716511525346616,-0.0679231755796019,
-0.0643066941222628,-0.0581212171034801),.UNSPECIFIED.);
#123=B_SPLINE_CURVE_WITH_KNOTS('',3,(#5010,#5011,#5012,#5013,#5014,#5015),
 .UNSPECIFIED.,.F.,.F.,(4,2,4),(0.,0.00270899455961943,0.0371956368571312),
 .UNSPECIFIED.);
#124=B_SPLINE_CURVE_WITH_KNOTS('',3,(#5022,#5023,#5024,#5025,#5026,#5027,
#5028,#5029,#5030,#5031,#5032,#5033,#5034,#5035,#5036,#5037,#5038,#5039,
#5040,#5041,#5042,#5043,#5044,#5045,#5046,#5047,#5048,#5049,#5050,#5051,
#5052,#5053,#5054,#5055,#5056,#5057,#5058),.UNSPECIFIED.,.F.,.F.,(4,3,3,
3,3,3,3,3,3,3,3,3,4),(-0.269998790440997,-0.24988674433574,-0.233687441030844,
-0.229290945391866,-0.225924678312893,-0.205244150231426,-0.184006192147712,
-0.168077723584926,-0.159599201465624,-0.155698927176809,-0.152334114730438,
-0.130428571945222,-0.120292317896569),.UNSPECIFIED.);
#125=B_SPLINE_CURVE_WITH_KNOTS('',3,(#5075,#5076,#5077,#5078,#5079,#5080,
#5081),.UNSPECIFIED.,.F.,.F.,(4,3,4),(0.,0.000608517948044915,0.00840872880231921),
 .UNSPECIFIED.);
#126=B_SPLINE_CURVE_WITH_KNOTS('',3,(#5082,#5083,#5084,#5085,#5086,#5087),
 .UNSPECIFIED.,.F.,.F.,(4,2,4),(0.0149628041309986,0.0217547362084043,0.0456081635973065),
 .UNSPECIFIED.);
#127=B_SPLINE_CURVE_WITH_KNOTS('',3,(#5329,#5330,#5331,#5332,#5333,#5334,
#5335,#5336,#5337,#5338,#5339,#5340,#5341,#5342,#5343,#5344,#5345,#5346,
#5347,#5348,#5349,#5350,#5351,#5352,#5353,#5354,#5355,#5356,#5357,#5358,
#5359,#5360,#5361,#5362,#5363,#5364,#5365,#5366,#5367,#5368,#5369,#5370,
#5371,#5372,#5373,#5374,#5375,#5376,#5377,#5378,#5379,#5380,#5381,#5382,
#5383,#5384,#5385,#5386,#5387,#5388,#5389,#5390,#5391,#5392,#5393,#5394,
#5395,#5396,#5397,#5398,#5399,#5400,#5401,#5402,#5403,#5404,#5405,#5406,
#5407,#5408,#5409,#5410,#5411,#5412,#5413,#5414,#5415,#5416,#5417,#5418,
#5419,#5420,#5421,#5422,#5423,#5424,#5425,#5426,#5427,#5428,#5429,#5430,
#5431,#5432,#5433,#5434,#5435,#5436,#5437),.UNSPECIFIED.,.F.,.F.,(4,3,3,
3,3,3,3,3,3,3,3,3,3,3,3,3,3,3,3,3,3,3,3,3,3,3,3,3,3,3,3,3,3,3,3,3,4),(0.0610852335197408,
0.0782989064369321,0.0874565637297284,0.103766794762542,0.120538476625978,
0.128790901409666,0.133853241741782,0.135800472278155,0.136965872742928,
0.138199746233292,0.139827706420754,0.143352579008125,0.159936359774867,
0.165485884520153,0.181643406829914,0.198715491302185,0.214308569601048,
0.232765848014753,0.251047291430174,0.261576131623559,0.268220455113821,
0.2707162507086,0.272359006633082,0.273930107047398,0.276070727608322,0.280987486556457,
0.300969910950827,0.313890709783593,0.339073219129698,0.363559193080723,
0.365545507113079,0.387451092566618,0.411765582418099,0.43377396852229,
0.45554410940944,0.478536805009457,0.487446135375753),.UNSPECIFIED.);
#128=B_SPLINE_CURVE_WITH_KNOTS('',3,(#5438,#5439,#5440,#5441,#5442,#5443),
 .UNSPECIFIED.,.F.,.F.,(4,2,4),(0.,0.0482081512594626,0.0610852335197408),
 .UNSPECIFIED.);
#129=B_SPLINE_CURVE_WITH_KNOTS('',3,(#5444,#5445,#5446,#5447,#5448,#5449,
#5450,#5451,#5452,#5453,#5454,#5455,#5456,#5457,#5458,#5459,#5460,#5461,
#5462,#5463,#5464,#5465),.UNSPECIFIED.,.F.,.F.,(4,3,3,3,3,3,3,4),(7.38017116266842,
8.03115307121097,9.02202377558048,10.01289447995,11.0037651843195,11.994635888689,
12.9855065930585,13.663356469848),.UNSPECIFIED.);
#130=B_SPLINE_CURVE_WITH_KNOTS('',3,(#5466,#5467,#5468,#5469,#5470,#5471,
#5472,#5473,#5474,#5475,#5476,#5477,#5478,#5479,#5480,#5481,#5482,#5483,
#5484,#5485,#5486,#5487),.UNSPECIFIED.,.F.,.F.,(4,3,3,3,3,3,3,4),(0.,0.00159578923446705,
0.0178554604235082,0.0337460939522091,0.0466255761476016,0.064051637265573,
0.0807310473042078,0.0921942702103816),.UNSPECIFIED.);
#131=B_SPLINE_CURVE_WITH_KNOTS('',3,(#5495,#5496,#5497,#5498,#5499,#5500,
#5501,#5502,#5503,#5504,#5505,#5506,#5507,#5508,#5509,#5510,#5511,#5512,
#5513,#5514,#5515,#5516,#5517,#5518,#5519,#5520,#5521,#5522,#5523,#5524,
#5525,#5526,#5527,#5528,#5529,#5530,#5531,#5532,#5533,#5534,#5535,#5536,
#5537,#5538,#5539,#5540),.UNSPECIFIED.,.F.,.F.,(4,2,2,2,2,2,2,2,2,2,2,2,
2,2,2,2,2,2,2,2,2,2,4),(0.1050722949415,0.174010305451325,0.180429701728851,
0.182503636296024,0.183776481748276,0.184931013291331,0.186412779171418,
0.189463607979118,0.20977728743452,0.2624300305439,0.3180846716513,0.320343513548954,
0.323666010715607,0.324935457525502,0.325693089517528,0.326492662248106,
0.327543691363628,0.329800782181433,0.345626195292821,0.355005376775225,
0.385648057071378,0.422036670985578,0.44945019560454),.UNSPECIFIED.);
#132=B_SPLINE_CURVE_WITH_KNOTS('',3,(#5542,#5543,#5544,#5545,#5546,#5547),
 .UNSPECIFIED.,.F.,.F.,(4,2,4),(0.,0.0482081512594442,0.0610852335197326),
 .UNSPECIFIED.);
#133=B_SPLINE_CURVE_WITH_KNOTS('',3,(#5551,#5552,#5553,#5554,#5555,#5556,
#5557,#5558,#5559,#5560,#5561,#5562,#5563,#5564,#5565,#5566,#5567,#5568,
#5569,#5570,#5571,#5572,#5573,#5574,#5575,#5576,#5577,#5578,#5579,#5580,
#5581,#5582,#5583,#5584,#5585,#5586,#5587,#5588,#5589,#5590,#5591,#5592,
#5593,#5594,#5595,#5596,#5597,#5598,#5599,#5600,#5601,#5602,#5603,#5604,
#5605,#5606,#5607,#5608,#5609,#5610,#5611,#5612,#5613,#5614,#5615,#5616,
#5617,#5618,#5619,#5620,#5621,#5622,#5623,#5624,#5625,#5626,#5627,#5628,
#5629,#5630,#5631,#5632,#5633,#5634,#5635,#5636,#5637,#5638,#5639,#5640,
#5641,#5642,#5643,#5644,#5645,#5646,#5647,#5648,#5649,#5650,#5651,#5652,
#5653,#5654,#5655,#5656,#5657,#5658,#5659),.UNSPECIFIED.,.F.,.F.,(4,3,3,
3,3,3,3,3,3,3,3,3,3,3,3,3,3,3,3,3,3,3,3,3,3,3,3,3,3,3,3,3,3,3,3,3,4),(0.0610852335197326,
0.0782989064373213,0.0874565637297107,0.103766794758368,0.120538476621089,
0.128790901409666,0.133853241741745,0.135800472278103,0.136965872742832,
0.138199746233206,0.139827706420894,0.143352579008808,0.159936359777962,
0.165485884524156,0.181643406836385,0.198715491310592,0.214308569612357,
0.23276584803016,0.25104729144797,0.261576131642105,0.268220455133344,0.270716250728507,
0.272359006653267,0.273930107067871,0.276070727629103,0.280987486578032,
0.300969910975586,0.313890709813871,0.339073219165177,0.363559193115141,
0.365545507153151,0.387451092613099,0.411765582468957,0.433773968574225,
0.45554410947145,0.478536805076871,0.487446135429295),.UNSPECIFIED.);
#134=B_SPLINE_CURVE_WITH_KNOTS('',3,(#5660,#5661,#5662,#5663,#5664,#5665),
 .UNSPECIFIED.,.F.,.F.,(4,2,4),(0.,0.0890304898067709,0.1050722949415),
 .UNSPECIFIED.);
#135=B_SPLINE_CURVE_WITH_KNOTS('',3,(#5671,#5672,#5673,#5674,#5675,#5676,
#5677,#5678,#5679,#5680,#5681,#5682,#5683,#5684,#5685,#5686,#5687,#5688,
#5689,#5690,#5691,#5692,#5693,#5694,#5695,#5696,#5697,#5698,#5699,#5700,
#5701),.UNSPECIFIED.,.F.,.F.,(4,3,3,3,3,3,3,3,3,3,4),(0.,0.00163852083829775,
0.0160958868147444,0.0169048725446005,0.0178534012039338,0.0187989705189966,
0.0206747509149129,0.0243710526502271,0.0315654441370852,0.045307425047967,
0.0527037838800918),.UNSPECIFIED.);
#136=B_SPLINE_CURVE_WITH_KNOTS('',3,(#5703,#5704,#5705,#5706,#5707,#5708),
 .UNSPECIFIED.,.F.,.F.,(4,2,4),(0.48306422030978,0.488662471865007,0.512120987175972),
 .UNSPECIFIED.);
#137=B_SPLINE_CURVE_WITH_KNOTS('',3,(#5710,#5711,#5712,#5713,#5714,#5715),
 .UNSPECIFIED.,.F.,.F.,(4,2,4),(0.,0.00270899455973906,0.0371956368595425),
 .UNSPECIFIED.);
#138=B_SPLINE_CURVE_WITH_KNOTS('',3,(#5719,#5720,#5721,#5722,#5723,#5724),
 .UNSPECIFIED.,.F.,.F.,(4,2,4),(0.183437842952544,0.206883713451928,0.322240276612251),
 .UNSPECIFIED.);
#139=B_SPLINE_CURVE_WITH_KNOTS('',3,(#5726,#5727,#5728,#5729,#5730,#5731),
 .UNSPECIFIED.,.F.,.F.,(4,2,4),(0.852188996189209,0.897816466112321,0.904857443535705),
 .UNSPECIFIED.);
#140=B_SPLINE_CURVE_WITH_KNOTS('',3,(#5733,#5734,#5735,#5736,#5737,#5738,
#5739,#5740,#5741,#5742,#5743,#5744,#5745,#5746,#5747,#5748,#5749,#5750,
#5751,#5752,#5753,#5754,#5755,#5756,#5757,#5758,#5759,#5760,#5761,#5762,
#5763,#5764,#5765,#5766,#5767,#5768,#5769,#5770,#5771,#5772),
 .UNSPECIFIED.,.F.,.F.,(4,3,3,3,3,3,3,3,3,3,3,3,3,4),(0.,0.00110654831691529,
0.0144553070398938,0.0286245022239293,0.0426959182758145,0.0532646648335514,
0.0540883134328467,0.0544019512260174,0.0546259431464632,0.0548618369577061,
0.0551708545317644,0.0558296885326317,0.0637045056278937,0.0747976920141973),
 .UNSPECIFIED.);
#141=B_SPLINE_CURVE_WITH_KNOTS('',3,(#5776,#5777,#5778,#5779,#5780,#5781,
#5782,#5783,#5784,#5785),.UNSPECIFIED.,.F.,.F.,(4,3,3,4),(0.0747976920141973,
0.0876023001013056,0.101956402662112,0.110604056216609),.UNSPECIFIED.);
#142=B_SPLINE_CURVE_WITH_KNOTS('',3,(#5786,#5787,#5788,#5789,#5790,#5791,
#5792,#5793,#5794,#5795,#5796,#5797,#5798,#5799,#5800,#5801,#5802,#5803,
#5804,#5805,#5806,#5807),.UNSPECIFIED.,.F.,.F.,(4,3,3,3,3,3,3,4),(0.,0.001595789234571,
0.0178554604268271,0.0337460939585936,0.0466255761566141,0.0640516372777376,
0.0807310473195467,0.0921942702284104),.UNSPECIFIED.);
#143=B_SPLINE_CURVE_WITH_KNOTS('',3,(#5809,#5810,#5811,#5812,#5813,#5814,
#5815),.UNSPECIFIED.,.F.,.F.,(4,3,4),(0.,0.000608517948143812,0.00840872880623201),
 .UNSPECIFIED.);
#144=B_SPLINE_CURVE_WITH_KNOTS('',3,(#5818,#5819,#5820,#5821,#5822,#5823),
 .UNSPECIFIED.,.F.,.F.,(4,2,4),(0.0149628041309894,0.0217547362083883,0.0456081635972677),
 .UNSPECIFIED.);
#145=B_SPLINE_CURVE_WITH_KNOTS('',3,(#6064,#6065,#6066,#6067,#6068,#6069),
 .UNSPECIFIED.,.F.,.F.,(4,1,1,4),(14.8972223643646,15.7221561297723,16.7129734247272,
16.9144643844787),.UNSPECIFIED.);
#146=B_SPLINE_CURVE_WITH_KNOTS('',3,(#6070,#6071,#6072,#6073,#6074,#6075,
#6076,#6077,#6078,#6079,#6080,#6081,#6082,#6083,#6084,#6085,#6086,#6087,
#6088,#6089,#6090,#6091,#6092,#6093,#6094),.UNSPECIFIED.,.F.,.F.,(4,3,3,
3,3,3,3,3,4),(-10.0400187051176,-9.71593002949088,-8.72511273453597,-7.73429543958106,
-6.74347814462615,-5.75266084967123,-4.76184355471632,-3.77102625976141,
-3.75683339793805),.UNSPECIFIED.);
#147=B_SPLINE_CURVE_WITH_KNOTS('',3,(#6095,#6096,#6097,#6098,#6099,#6100,
#6101,#6102,#6103,#6104),.UNSPECIFIED.,.F.,.F.,(4,1,1,1,1,1,1,4),(21.9911485751285,
22.6578771944567,23.6486944894116,24.6395117843665,25.6303290793214,26.6211463742763,
27.6119636692312,28.2743338823081),.UNSPECIFIED.);
#148=B_SPLINE_CURVE_WITH_KNOTS('',3,(#6106,#6107,#6108,#6109,#6110),
 .UNSPECIFIED.,.F.,.F.,(4,1,4),(15.0300246967019,15.8441538380618,16.6582829794217),
 .UNSPECIFIED.);
#149=B_SPLINE_CURVE_WITH_KNOTS('',3,(#6112,#6113,#6114,#6115,#6116,#6117,
#6118,#6119,#6120,#6121),.UNSPECIFIED.,.F.,.F.,(4,1,1,1,1,1,1,4),(21.9911485751285,
22.642130483671,23.6330011880405,24.6238718924101,25.6147425967796,26.6056133011491,
27.5964840055186,28.2743338823081),.UNSPECIFIED.);
#150=B_SPLINE_CURVE_WITH_KNOTS('',3,(#6142,#6143,#6144,#6145,#6146,#6147,
#6148,#6149,#6150,#6151,#6152,#6153,#6154,#6155,#6156,#6157,#6158,#6159,
#6160,#6161,#6162,#6163,#6164,#6165,#6166,#6167,#6168,#6169,#6170,#6171,
#6172,#6173,#6174,#6175,#6176,#6177,#6178),.UNSPECIFIED.,.F.,.F.,(4,3,3,
3,3,3,3,3,3,3,3,3,4),(-0.207243017697504,-0.185731240350911,-0.164293468590085,
-0.144515373434025,-0.139435385212697,-0.135985715831139,-0.115341601610835,
-0.0951931504440864,-0.085181087965845,-0.0716511525346627,-0.0679231755778183,
-0.0643066941222296,-0.0581212171034804),.UNSPECIFIED.);
#151=B_SPLINE_CURVE_WITH_KNOTS('',3,(#6181,#6182,#6183,#6184,#6185,#6186,
#6187,#6188,#6189,#6190,#6191,#6192,#6193,#6194,#6195,#6196,#6197,#6198,
#6199,#6200,#6201,#6202,#6203,#6204,#6205,#6206,#6207,#6208,#6209,#6210,
#6211,#6212,#6213,#6214,#6215,#6216,#6217),.UNSPECIFIED.,.F.,.F.,(4,3,3,
3,3,3,3,3,3,3,3,3,4),(-0.269998790440995,-0.249886744335702,-0.23368744103081,
-0.229290945376742,-0.225924678296182,-0.205244150213782,-0.184006192134478,
-0.168077723575,-0.159599201440003,-0.155698927057174,-0.152334114703755,
-0.130428571918726,-0.120292317896566),.UNSPECIFIED.);
#152=B_SPLINE_CURVE_WITH_KNOTS('',3,(#6474,#6475,#6476,#6477,#6478,#6479,
#6480,#6481,#6482,#6483,#6484,#6485,#6486,#6487,#6488,#6489,#6490,#6491,
#6492,#6493,#6494,#6495),.UNSPECIFIED.,.F.,.F.,(4,3,3,3,3,3,3,4),(7.38017116266843,
8.03115307121098,9.0220237755805,10.01289447995,11.0037651843195,11.994635888689,
12.9855065930585,13.663356469848),.UNSPECIFIED.);
#153=SHAPE_REPRESENTATION_RELATIONSHIP('SRR','None',#6547,#155);
#154=SHAPE_REPRESENTATION_RELATIONSHIP('SRR','None',#6548,#156);
#155=ADVANCED_BREP_SHAPE_REPRESENTATION('',(#159),#6531);
#156=ADVANCED_BREP_SHAPE_REPRESENTATION('',(#160),#6532);
#157=STYLED_ITEM('',(#6565),#159);
#158=STYLED_ITEM('',(#6565),#160);
#159=MANIFOLD_SOLID_BREP('Body1',#2126);
#160=MANIFOLD_SOLID_BREP('Body1',#2127);
#161=FACE_BOUND('',#342,.T.);
#162=FACE_BOUND('',#344,.T.);
#163=FACE_BOUND('',#388,.T.);
#164=FACE_BOUND('',#390,.T.);
#165=FACE_BOUND('',#402,.T.);
#166=FACE_BOUND('',#406,.T.);
#167=FACE_BOUND('',#408,.T.);
#168=FACE_BOUND('',#411,.T.);
#169=PLANE('',#2300);
#170=PLANE('',#2301);
#171=PLANE('',#2339);
#172=PLANE('',#2340);
#173=PLANE('',#2350);
#174=PLANE('',#2351);
#175=PLANE('',#2357);
#176=PLANE('',#2363);
#177=PLANE('',#2365);
#178=PLANE('',#2367);
#179=FACE_OUTER_BOUND('',#292,.T.);
#180=FACE_OUTER_BOUND('',#293,.T.);
#181=FACE_OUTER_BOUND('',#294,.T.);
#182=FACE_OUTER_BOUND('',#295,.T.);
#183=FACE_OUTER_BOUND('',#296,.T.);
#184=FACE_OUTER_BOUND('',#297,.T.);
#185=FACE_OUTER_BOUND('',#298,.T.);
#186=FACE_OUTER_BOUND('',#299,.T.);
#187=FACE_OUTER_BOUND('',#300,.T.);
#188=FACE_OUTER_BOUND('',#301,.T.);
#189=FACE_OUTER_BOUND('',#302,.T.);
#190=FACE_OUTER_BOUND('',#303,.T.);
#191=FACE_OUTER_BOUND('',#304,.T.);
#192=FACE_OUTER_BOUND('',#305,.T.);
#193=FACE_OUTER_BOUND('',#306,.T.);
#194=FACE_OUTER_BOUND('',#307,.T.);
#195=FACE_OUTER_BOUND('',#308,.T.);
#196=FACE_OUTER_BOUND('',#309,.T.);
#197=FACE_OUTER_BOUND('',#310,.T.);
#198=FACE_OUTER_BOUND('',#311,.T.);
#199=FACE_OUTER_BOUND('',#312,.T.);
#200=FACE_OUTER_BOUND('',#313,.T.);
#201=FACE_OUTER_BOUND('',#314,.T.);
#202=FACE_OUTER_BOUND('',#315,.T.);
#203=FACE_OUTER_BOUND('',#316,.T.);
#204=FACE_OUTER_BOUND('',#317,.T.);
#205=FACE_OUTER_BOUND('',#318,.T.);
#206=FACE_OUTER_BOUND('',#319,.T.);
#207=FACE_OUTER_BOUND('',#320,.T.);
#208=FACE_OUTER_BOUND('',#321,.T.);
#209=FACE_OUTER_BOUND('',#322,.T.);
#210=FACE_OUTER_BOUND('',#323,.T.);
#211=FACE_OUTER_BOUND('',#324,.T.);
#212=FACE_OUTER_BOUND('',#325,.T.);
#213=FACE_OUTER_BOUND('',#326,.T.);
#214=FACE_OUTER_BOUND('',#327,.T.);
#215=FACE_OUTER_BOUND('',#328,.T.);
#216=FACE_OUTER_BOUND('',#329,.T.);
#217=FACE_OUTER_BOUND('',#330,.T.);
#218=FACE_OUTER_BOUND('',#331,.T.);
#219=FACE_OUTER_BOUND('',#332,.T.);
#220=FACE_OUTER_BOUND('',#333,.T.);
#221=FACE_OUTER_BOUND('',#334,.T.);
#222=FACE_OUTER_BOUND('',#335,.T.);
#223=FACE_OUTER_BOUND('',#336,.T.);
#224=FACE_OUTER_BOUND('',#337,.T.);
#225=FACE_OUTER_BOUND('',#338,.T.);
#226=FACE_OUTER_BOUND('',#339,.T.);
#227=FACE_OUTER_BOUND('',#340,.T.);
#228=FACE_OUTER_BOUND('',#341,.T.);
#229=FACE_OUTER_BOUND('',#343,.T.);
#230=FACE_OUTER_BOUND('',#345,.T.);
#231=FACE_OUTER_BOUND('',#346,.T.);
#232=FACE_OUTER_BOUND('',#347,.T.);
#233=FACE_OUTER_BOUND('',#348,.T.);
#234=FACE_OUTER_BOUND('',#349,.T.);
#235=FACE_OUTER_BOUND('',#350,.T.);
#236=FACE_OUTER_BOUND('',#351,.T.);
#237=FACE_OUTER_BOUND('',#352,.T.);
#238=FACE_OUTER_BOUND('',#353,.T.);
#239=FACE_OUTER_BOUND('',#354,.T.);
#240=FACE_OUTER_BOUND('',#355,.T.);
#241=FACE_OUTER_BOUND('',#356,.T.);
#242=FACE_OUTER_BOUND('',#357,.T.);
#243=FACE_OUTER_BOUND('',#358,.T.);
#244=FACE_OUTER_BOUND('',#359,.T.);
#245=FACE_OUTER_BOUND('',#360,.T.);
#246=FACE_OUTER_BOUND('',#361,.T.);
#247=FACE_OUTER_BOUND('',#362,.T.);
#248=FACE_OUTER_BOUND('',#363,.T.);
#249=FACE_OUTER_BOUND('',#364,.T.);
#250=FACE_OUTER_BOUND('',#365,.T.);
#251=FACE_OUTER_BOUND('',#366,.T.);
#252=FACE_OUTER_BOUND('',#367,.T.);
#253=FACE_OUTER_BOUND('',#368,.T.);
#254=FACE_OUTER_BOUND('',#369,.T.);
#255=FACE_OUTER_BOUND('',#370,.T.);
#256=FACE_OUTER_BOUND('',#371,.T.);
#257=FACE_OUTER_BOUND('',#372,.T.);
#258=FACE_OUTER_BOUND('',#373,.T.);
#259=FACE_OUTER_BOUND('',#374,.T.);
#260=FACE_OUTER_BOUND('',#375,.T.);
#261=FACE_OUTER_BOUND('',#376,.T.);
#262=FACE_OUTER_BOUND('',#377,.T.);
#263=FACE_OUTER_BOUND('',#378,.T.);
#264=FACE_OUTER_BOUND('',#379,.T.);
#265=FACE_OUTER_BOUND('',#380,.T.);
#266=FACE_OUTER_BOUND('',#381,.T.);
#267=FACE_OUTER_BOUND('',#382,.T.);
#268=FACE_OUTER_BOUND('',#383,.T.);
#269=FACE_OUTER_BOUND('',#384,.T.);
#270=FACE_OUTER_BOUND('',#385,.T.);
#271=FACE_OUTER_BOUND('',#386,.T.);
#272=FACE_OUTER_BOUND('',#387,.T.);
#273=FACE_OUTER_BOUND('',#389,.T.);
#274=FACE_OUTER_BOUND('',#391,.T.);
#275=FACE_OUTER_BOUND('',#392,.T.);
#276=FACE_OUTER_BOUND('',#393,.T.);
#277=FACE_OUTER_BOUND('',#394,.T.);
#278=FACE_OUTER_BOUND('',#395,.T.);
#279=FACE_OUTER_BOUND('',#396,.T.);
#280=FACE_OUTER_BOUND('',#397,.T.);
#281=FACE_OUTER_BOUND('',#398,.T.);
#282=FACE_OUTER_BOUND('',#399,.T.);
#283=FACE_OUTER_BOUND('',#400,.T.);
#284=FACE_OUTER_BOUND('',#401,.T.);
#285=FACE_OUTER_BOUND('',#403,.T.);
#286=FACE_OUTER_BOUND('',#404,.T.);
#287=FACE_OUTER_BOUND('',#405,.T.);
#288=FACE_OUTER_BOUND('',#407,.T.);
#289=FACE_OUTER_BOUND('',#409,.T.);
#290=FACE_OUTER_BOUND('',#410,.T.);
#291=FACE_OUTER_BOUND('',#412,.T.);
#292=EDGE_LOOP('',(#1262,#1263,#1264,#1265));
#293=EDGE_LOOP('',(#1266,#1267,#1268,#1269));
#294=EDGE_LOOP('',(#1270,#1271,#1272,#1273));
#295=EDGE_LOOP('',(#1274,#1275,#1276,#1277));
#296=EDGE_LOOP('',(#1278,#1279,#1280,#1281));
#297=EDGE_LOOP('',(#1282,#1283,#1284,#1285));
#298=EDGE_LOOP('',(#1286,#1287,#1288,#1289));
#299=EDGE_LOOP('',(#1290,#1291,#1292,#1293));
#300=EDGE_LOOP('',(#1294,#1295,#1296,#1297));
#301=EDGE_LOOP('',(#1298,#1299,#1300,#1301));
#302=EDGE_LOOP('',(#1302,#1303,#1304,#1305));
#303=EDGE_LOOP('',(#1306,#1307,#1308,#1309));
#304=EDGE_LOOP('',(#1310,#1311,#1312,#1313));
#305=EDGE_LOOP('',(#1314,#1315,#1316,#1317));
#306=EDGE_LOOP('',(#1318,#1319,#1320,#1321));
#307=EDGE_LOOP('',(#1322,#1323,#1324,#1325));
#308=EDGE_LOOP('',(#1326,#1327,#1328,#1329));
#309=EDGE_LOOP('',(#1330,#1331,#1332,#1333));
#310=EDGE_LOOP('',(#1334,#1335,#1336,#1337));
#311=EDGE_LOOP('',(#1338,#1339,#1340,#1341));
#312=EDGE_LOOP('',(#1342,#1343,#1344,#1345));
#313=EDGE_LOOP('',(#1346,#1347,#1348,#1349));
#314=EDGE_LOOP('',(#1350,#1351,#1352,#1353));
#315=EDGE_LOOP('',(#1354,#1355,#1356,#1357));
#316=EDGE_LOOP('',(#1358,#1359,#1360,#1361));
#317=EDGE_LOOP('',(#1362,#1363,#1364,#1365));
#318=EDGE_LOOP('',(#1366,#1367,#1368,#1369));
#319=EDGE_LOOP('',(#1370,#1371,#1372,#1373));
#320=EDGE_LOOP('',(#1374,#1375,#1376,#1377));
#321=EDGE_LOOP('',(#1378,#1379,#1380,#1381));
#322=EDGE_LOOP('',(#1382,#1383,#1384,#1385));
#323=EDGE_LOOP('',(#1386,#1387,#1388,#1389));
#324=EDGE_LOOP('',(#1390,#1391,#1392,#1393));
#325=EDGE_LOOP('',(#1394,#1395,#1396,#1397));
#326=EDGE_LOOP('',(#1398,#1399,#1400,#1401));
#327=EDGE_LOOP('',(#1402,#1403,#1404,#1405));
#328=EDGE_LOOP('',(#1406,#1407,#1408,#1409));
#329=EDGE_LOOP('',(#1410,#1411,#1412,#1413));
#330=EDGE_LOOP('',(#1414,#1415,#1416,#1417));
#331=EDGE_LOOP('',(#1418,#1419,#1420,#1421));
#332=EDGE_LOOP('',(#1422,#1423,#1424,#1425));
#333=EDGE_LOOP('',(#1426,#1427,#1428,#1429));
#334=EDGE_LOOP('',(#1430,#1431,#1432,#1433));
#335=EDGE_LOOP('',(#1434,#1435,#1436,#1437));
#336=EDGE_LOOP('',(#1438,#1439,#1440,#1441));
#337=EDGE_LOOP('',(#1442,#1443,#1444,#1445));
#338=EDGE_LOOP('',(#1446,#1447,#1448,#1449));
#339=EDGE_LOOP('',(#1450,#1451,#1452,#1453));
#340=EDGE_LOOP('',(#1454,#1455,#1456,#1457));
#341=EDGE_LOOP('',(#1458,#1459,#1460,#1461,#1462,#1463,#1464,#1465,#1466,
#1467,#1468,#1469,#1470,#1471,#1472,#1473,#1474,#1475,#1476,#1477,#1478,
#1479,#1480,#1481,#1482,#1483,#1484,#1485,#1486,#1487,#1488,#1489,#1490,
#1491,#1492,#1493,#1494,#1495,#1496,#1497,#1498,#1499,#1500,#1501,#1502,
#1503,#1504,#1505));
#342=EDGE_LOOP('',(#1506));
#343=EDGE_LOOP('',(#1507,#1508,#1509,#1510,#1511,#1512,#1513,#1514,#1515,
#1516,#1517,#1518,#1519,#1520,#1521,#1522,#1523,#1524,#1525,#1526,#1527,
#1528,#1529,#1530,#1531,#1532,#1533,#1534,#1535,#1536,#1537,#1538,#1539,
#1540,#1541,#1542,#1543,#1544,#1545,#1546,#1547,#1548,#1549,#1550,#1551,
#1552,#1553,#1554));
#344=EDGE_LOOP('',(#1555));
#345=EDGE_LOOP('',(#1556,#1557,#1558,#1559));
#346=EDGE_LOOP('',(#1560,#1561,#1562,#1563));
#347=EDGE_LOOP('',(#1564,#1565,#1566,#1567));
#348=EDGE_LOOP('',(#1568,#1569,#1570,#1571));
#349=EDGE_LOOP('',(#1572,#1573,#1574,#1575));
#350=EDGE_LOOP('',(#1576,#1577,#1578,#1579));
#351=EDGE_LOOP('',(#1580,#1581,#1582,#1583));
#352=EDGE_LOOP('',(#1584,#1585,#1586,#1587));
#353=EDGE_LOOP('',(#1588,#1589,#1590,#1591,#1592,#1593,#1594));
#354=EDGE_LOOP('',(#1595,#1596,#1597,#1598));
#355=EDGE_LOOP('',(#1599,#1600,#1601,#1602));
#356=EDGE_LOOP('',(#1603,#1604,#1605,#1606));
#357=EDGE_LOOP('',(#1607,#1608,#1609,#1610));
#358=EDGE_LOOP('',(#1611,#1612,#1613,#1614));
#359=EDGE_LOOP('',(#1615,#1616,#1617,#1618));
#360=EDGE_LOOP('',(#1619,#1620,#1621,#1622));
#361=EDGE_LOOP('',(#1623,#1624,#1625,#1626));
#362=EDGE_LOOP('',(#1627,#1628,#1629,#1630,#1631,#1632));
#363=EDGE_LOOP('',(#1633,#1634,#1635,#1636));
#364=EDGE_LOOP('',(#1637,#1638,#1639,#1640));
#365=EDGE_LOOP('',(#1641,#1642,#1643,#1644));
#366=EDGE_LOOP('',(#1645,#1646,#1647,#1648));
#367=EDGE_LOOP('',(#1649,#1650,#1651,#1652));
#368=EDGE_LOOP('',(#1653,#1654,#1655,#1656));
#369=EDGE_LOOP('',(#1657,#1658,#1659,#1660));
#370=EDGE_LOOP('',(#1661,#1662,#1663,#1664));
#371=EDGE_LOOP('',(#1665,#1666,#1667,#1668));
#372=EDGE_LOOP('',(#1669,#1670,#1671,#1672));
#373=EDGE_LOOP('',(#1673,#1674,#1675,#1676));
#374=EDGE_LOOP('',(#1677,#1678,#1679,#1680));
#375=EDGE_LOOP('',(#1681,#1682,#1683,#1684));
#376=EDGE_LOOP('',(#1685,#1686,#1687,#1688));
#377=EDGE_LOOP('',(#1689,#1690,#1691,#1692));
#378=EDGE_LOOP('',(#1693,#1694,#1695,#1696));
#379=EDGE_LOOP('',(#1697,#1698,#1699,#1700,#1701,#1702,#1703,#1704,#1705,
#1706,#1707,#1708,#1709,#1710,#1711,#1712,#1713,#1714,#1715,#1716,#1717,
#1718,#1719,#1720));
#380=EDGE_LOOP('',(#1721,#1722,#1723,#1724));
#381=EDGE_LOOP('',(#1725,#1726,#1727,#1728));
#382=EDGE_LOOP('',(#1729,#1730,#1731,#1732));
#383=EDGE_LOOP('',(#1733,#1734));
#384=EDGE_LOOP('',(#1735,#1736));
#385=EDGE_LOOP('',(#1737,#1738,#1739,#1740));
#386=EDGE_LOOP('',(#1741,#1742,#1743,#1744,#1745,#1746,#1747,#1748,#1749,
#1750,#1751,#1752,#1753,#1754,#1755,#1756,#1757,#1758,#1759,#1760,#1761,
#1762));
#387=EDGE_LOOP('',(#1763,#1764,#1765,#1766,#1767,#1768,#1769,#1770,#1771,
#1772,#1773,#1774,#1775));
#388=EDGE_LOOP('',(#1776,#1777,#1778,#1779,#1780,#1781));
#389=EDGE_LOOP('',(#1782,#1783,#1784,#1785,#1786,#1787,#1788,#1789,#1790,
#1791,#1792,#1793,#1794,#1795,#1796,#1797,#1798,#1799,#1800,#1801,#1802,
#1803));
#390=EDGE_LOOP('',(#1804,#1805,#1806,#1807,#1808,#1809,#1810,#1811,#1812,
#1813,#1814,#1815,#1816,#1817));
#391=EDGE_LOOP('',(#1818,#1819,#1820,#1821,#1822,#1823,#1824,#1825,#1826,
#1827,#1828,#1829,#1830,#1831,#1832,#1833,#1834,#1835,#1836,#1837,#1838,
#1839,#1840,#1841,#1842));
#392=EDGE_LOOP('',(#1843,#1844,#1845,#1846));
#393=EDGE_LOOP('',(#1847,#1848,#1849,#1850));
#394=EDGE_LOOP('',(#1851,#1852,#1853,#1854));
#395=EDGE_LOOP('',(#1855,#1856));
#396=EDGE_LOOP('',(#1857,#1858));
#397=EDGE_LOOP('',(#1859,#1860,#1861,#1862));
#398=EDGE_LOOP('',(#1863,#1864,#1865,#1866,#1867,#1868,#1869,#1870,#1871,
#1872,#1873,#1874,#1875,#1876,#1877,#1878,#1879,#1880,#1881,#1882,#1883,
#1884));
#399=EDGE_LOOP('',(#1885,#1886,#1887,#1888));
#400=EDGE_LOOP('',(#1889,#1890,#1891,#1892,#1893));
#401=EDGE_LOOP('',(#1894));
#402=EDGE_LOOP('',(#1895));
#403=EDGE_LOOP('',(#1896,#1897,#1898,#1899,#1900));
#404=EDGE_LOOP('',(#1901,#1902,#1903,#1904,#1905));
#405=EDGE_LOOP('',(#1906));
#406=EDGE_LOOP('',(#1907));
#407=EDGE_LOOP('',(#1908));
#408=EDGE_LOOP('',(#1909));
#409=EDGE_LOOP('',(#1910,#1911,#1912,#1913));
#410=EDGE_LOOP('',(#1914));
#411=EDGE_LOOP('',(#1915));
#412=EDGE_LOOP('',(#1916,#1917,#1918,#1919));
#413=LINE('',#2913,#508);
#414=LINE('',#2916,#509);
#415=LINE('',#2922,#510);
#416=LINE('',#2928,#511);
#417=LINE('',#2934,#512);
#418=LINE('',#2937,#513);
#419=LINE('',#2943,#514);
#420=LINE('',#2949,#515);
#421=LINE('',#2955,#516);
#422=LINE('',#2958,#517);
#423=LINE('',#2964,#518);
#424=LINE('',#2970,#519);
#425=LINE('',#2976,#520);
#426=LINE('',#2982,#521);
#427=LINE('',#2988,#522);
#428=LINE('',#2994,#523);
#429=LINE('',#3003,#524);
#430=LINE('',#3006,#525);
#431=LINE('',#3012,#526);
#432=LINE('',#3018,#527);
#433=LINE('',#3024,#528);
#434=LINE('',#3027,#529);
#435=LINE('',#3033,#530);
#436=LINE('',#3039,#531);
#437=LINE('',#3048,#532);
#438=LINE('',#3054,#533);
#439=LINE('',#3060,#534);
#440=LINE('',#3066,#535);
#441=LINE('',#3075,#536);
#442=LINE('',#3081,#537);
#443=LINE('',#3087,#538);
#444=LINE('',#3093,#539);
#445=LINE('',#3102,#540);
#446=LINE('',#3108,#541);
#447=LINE('',#3114,#542);
#448=LINE('',#3120,#543);
#449=LINE('',#3126,#544);
#450=LINE('',#3129,#545);
#451=LINE('',#3135,#546);
#452=LINE('',#3141,#547);
#453=LINE('',#3150,#548);
#454=LINE('',#3153,#549);
#455=LINE('',#3159,#550);
#456=LINE('',#3165,#551);
#457=LINE('',#3173,#552);
#458=LINE('',#3180,#553);
#459=LINE('',#3186,#554);
#460=LINE('',#3192,#555);
#461=LINE('',#3198,#556);
#462=LINE('',#3208,#557);
#463=LINE('',#3244,#558);
#464=LINE('',#3295,#559);
#465=LINE('',#3343,#560);
#466=LINE('',#3394,#561);
#467=LINE('',#3445,#562);
#468=LINE('',#3493,#563);
#469=LINE('',#3544,#564);
#470=LINE('',#3595,#565);
#471=LINE('',#3648,#566);
#472=LINE('',#3684,#567);
#473=LINE('',#3735,#568);
#474=LINE('',#3783,#569);
#475=LINE('',#3834,#570);
#476=LINE('',#3885,#571);
#477=LINE('',#3933,#572);
#478=LINE('',#3984,#573);
#479=LINE('',#4035,#574);
#480=LINE('',#4085,#575);
#481=LINE('',#4116,#576);
#482=LINE('',#4140,#577);
#483=LINE('',#4164,#578);
#484=LINE('',#4190,#579);
#485=LINE('',#4214,#580);
#486=LINE('',#4238,#581);
#487=LINE('',#4264,#582);
#488=LINE('',#4293,#583);
#489=LINE('',#4324,#584);
#490=LINE('',#4348,#585);
#491=LINE('',#4372,#586);
#492=LINE('',#4398,#587);
#493=LINE('',#4422,#588);
#494=LINE('',#4446,#589);
#495=LINE('',#4472,#590);
#496=LINE('',#5017,#591);
#497=LINE('',#5021,#592);
#498=LINE('',#5494,#593);
#499=LINE('',#5549,#594);
#500=LINE('',#5669,#595);
#501=LINE('',#5717,#596);
#502=LINE('',#5774,#597);
#503=LINE('',#5817,#598);
#504=LINE('',#6503,#599);
#505=LINE('',#6511,#600);
#506=LINE('',#6515,#601);
#507=LINE('',#6521,#602);
#508=VECTOR('',#2379,10.);
#509=VECTOR('',#2382,10.);
#510=VECTOR('',#2389,10.);
#511=VECTOR('',#2396,10.);
#512=VECTOR('',#2401,10.);
#513=VECTOR('',#2404,10.);
#514=VECTOR('',#2411,10.);
#515=VECTOR('',#2418,10.);
#516=VECTOR('',#2423,10.);
#517=VECTOR('',#2426,10.);
#518=VECTOR('',#2433,10.);
#519=VECTOR('',#2440,10.);
#520=VECTOR('',#2447,10.);
#521=VECTOR('',#2454,10.);
#522=VECTOR('',#2461,10.);
#523=VECTOR('',#2468,10.);
#524=VECTOR('',#2479,10.);
#525=VECTOR('',#2482,10.);
#526=VECTOR('',#2489,10.);
#527=VECTOR('',#2496,10.);
#528=VECTOR('',#2501,10.);
#529=VECTOR('',#2504,10.);
#530=VECTOR('',#2511,10.);
#531=VECTOR('',#2518,10.);
#532=VECTOR('',#2531,10.);
#533=VECTOR('',#2538,10.);
#534=VECTOR('',#2545,10.);
#535=VECTOR('',#2552,10.);
#536=VECTOR('',#2565,10.);
#537=VECTOR('',#2572,10.);
#538=VECTOR('',#2579,10.);
#539=VECTOR('',#2586,10.);
#540=VECTOR('',#2599,10.);
#541=VECTOR('',#2606,10.);
#542=VECTOR('',#2613,10.);
#543=VECTOR('',#2620,10.);
#544=VECTOR('',#2625,10.);
#545=VECTOR('',#2628,10.);
#546=VECTOR('',#2635,10.);
#547=VECTOR('',#2642,10.);
#548=VECTOR('',#2653,10.);
#549=VECTOR('',#2656,10.);
#550=VECTOR('',#2663,10.);
#551=VECTOR('',#2670,10.);
#552=VECTOR('',#2681,3.175);
#553=VECTOR('',#2690,10.);
#554=VECTOR('',#2697,10.);
#555=VECTOR('',#2704,10.);
#556=VECTOR('',#2711,10.);
#557=VECTOR('',#2726,1.65);
#558=VECTOR('',#2729,1.65);
#559=VECTOR('',#2732,1.65);
#560=VECTOR('',#2735,1.65);
#561=VECTOR('',#2738,1.65);
#562=VECTOR('',#2741,1.65);
#563=VECTOR('',#2744,1.65);
#564=VECTOR('',#2747,1.65);
#565=VECTOR('',#2750,1.65);
#566=VECTOR('',#2753,1.65);
#567=VECTOR('',#2756,1.65);
#568=VECTOR('',#2759,1.65);
#569=VECTOR('',#2762,1.65);
#570=VECTOR('',#2765,1.65);
#571=VECTOR('',#2768,1.65);
#572=VECTOR('',#2771,1.65);
#573=VECTOR('',#2774,1.65);
#574=VECTOR('',#2777,1.65);
#575=VECTOR('',#2780,2.0828);
#576=VECTOR('',#2783,2.0828);
#577=VECTOR('',#2786,2.0828);
#578=VECTOR('',#2789,2.0828);
#579=VECTOR('',#2792,2.0828);
#580=VECTOR('',#2795,2.0828);
#581=VECTOR('',#2798,2.0828);
#582=VECTOR('',#2801,2.0828);
#583=VECTOR('',#2804,2.0828);
#584=VECTOR('',#2807,2.0828);
#585=VECTOR('',#2810,2.0828);
#586=VECTOR('',#2813,2.0828);
#587=VECTOR('',#2816,2.0828);
#588=VECTOR('',#2819,2.0828);
#589=VECTOR('',#2822,2.0828);
#590=VECTOR('',#2825,2.0828);
#591=VECTOR('',#2832,10.);
#592=VECTOR('',#2835,10.);
#593=VECTOR('',#2842,10.);
#594=VECTOR('',#2843,10.);
#595=VECTOR('',#2850,3.175);
#596=VECTOR('',#2851,10.);
#597=VECTOR('',#2852,3.175);
#598=VECTOR('',#2855,10.);
#599=VECTOR('',#2872,6.3486);
#600=VECTOR('',#2883,7.3486);
#601=VECTOR('',#2888,9.);
#602=VECTOR('',#2897,3.5);
#603=CIRCLE('',#2154,0.367219701676665);
#604=CIRCLE('',#2155,0.367219701676665);
#605=CIRCLE('',#2157,0.881685836316132);
#606=CIRCLE('',#2158,0.881685836316132);
#607=CIRCLE('',#2160,0.367219701676665);
#608=CIRCLE('',#2161,0.367219701676665);
#609=CIRCLE('',#2163,0.367219701676665);
#610=CIRCLE('',#2164,0.367219701676665);
#611=CIRCLE('',#2166,0.881685836316132);
#612=CIRCLE('',#2167,0.881685836316132);
#613=CIRCLE('',#2169,0.367219701676665);
#614=CIRCLE('',#2170,0.367219701676665);
#615=CIRCLE('',#2172,0.367219701676665);
#616=CIRCLE('',#2173,0.367219701676665);
#617=CIRCLE('',#2175,0.881685836316132);
#618=CIRCLE('',#2176,0.881685836316132);
#619=CIRCLE('',#2178,0.367219701676665);
#620=CIRCLE('',#2179,0.367219701676665);
#621=CIRCLE('',#2181,5.34857795092486);
#622=CIRCLE('',#2182,5.34857795092486);
#623=CIRCLE('',#2184,0.367219701676665);
#624=CIRCLE('',#2185,0.367219701676665);
#625=CIRCLE('',#2187,0.881685836316132);
#626=CIRCLE('',#2188,0.881685836316132);
#627=CIRCLE('',#2190,0.367219701676665);
#628=CIRCLE('',#2191,0.367219701676665);
#629=CIRCLE('',#2193,5.34857795092486);
#630=CIRCLE('',#2194,5.34857795092486);
#631=CIRCLE('',#2196,0.367219701676665);
#632=CIRCLE('',#2197,0.367219701676665);
#633=CIRCLE('',#2199,0.881685836316132);
#634=CIRCLE('',#2200,0.881685836316132);
#635=CIRCLE('',#2202,0.367219701676665);
#636=CIRCLE('',#2203,0.367219701676665);
#637=CIRCLE('',#2205,0.367219701676665);
#638=CIRCLE('',#2206,0.367219701676665);
#639=CIRCLE('',#2208,0.881685836316132);
#640=CIRCLE('',#2209,0.881685836316132);
#641=CIRCLE('',#2211,0.367219701676665);
#642=CIRCLE('',#2212,0.367219701676665);
#643=CIRCLE('',#2214,5.34857795092486);
#644=CIRCLE('',#2215,5.34857795092486);
#645=CIRCLE('',#2217,5.34857795092486);
#646=CIRCLE('',#2218,5.34857795092486);
#647=CIRCLE('',#2220,0.367219701676665);
#648=CIRCLE('',#2221,0.367219701676665);
#649=CIRCLE('',#2223,0.881685836316132);
#650=CIRCLE('',#2224,0.881685836316132);
#651=CIRCLE('',#2226,0.367219701676665);
#652=CIRCLE('',#2227,0.367219701676665);
#653=CIRCLE('',#2229,5.34857795092486);
#654=CIRCLE('',#2230,5.34857795092486);
#655=CIRCLE('',#2232,5.34857795092486);
#656=CIRCLE('',#2233,5.34857795092486);
#657=CIRCLE('',#2235,0.367219701676665);
#658=CIRCLE('',#2236,0.367219701676665);
#659=CIRCLE('',#2238,0.881685836316132);
#660=CIRCLE('',#2239,0.881685836316132);
#661=CIRCLE('',#2241,0.367219701676665);
#662=CIRCLE('',#2242,0.367219701676665);
#663=CIRCLE('',#2244,5.34857795092486);
#664=CIRCLE('',#2245,5.34857795092486);
#665=CIRCLE('',#2247,5.34857795092486);
#666=CIRCLE('',#2248,5.34857795092486);
#667=CIRCLE('',#2250,0.367219701676665);
#668=CIRCLE('',#2251,0.367219701676665);
#669=CIRCLE('',#2253,0.881685836316132);
#670=CIRCLE('',#2254,0.881685836316132);
#671=CIRCLE('',#2256,0.367219701676665);
#672=CIRCLE('',#2257,0.367219701676665);
#673=CIRCLE('',#2259,0.367219701676665);
#674=CIRCLE('',#2260,0.367219701676665);
#675=CIRCLE('',#2262,0.881685836316132);
#676=CIRCLE('',#2263,0.881685836316132);
#677=CIRCLE('',#2265,0.367219701676665);
#678=CIRCLE('',#2266,0.367219701676665);
#679=CIRCLE('',#2268,5.34857795092486);
#680=CIRCLE('',#2269,5.34857795092486);
#681=CIRCLE('',#2271,0.367219701676665);
#682=CIRCLE('',#2272,0.367219701676665);
#683=CIRCLE('',#2274,0.881685836316132);
#684=CIRCLE('',#2275,0.881685836316132);
#685=CIRCLE('',#2277,0.367219701676665);
#686=CIRCLE('',#2278,0.367219701676665);
#687=CIRCLE('',#2280,5.34857795092486);
#688=CIRCLE('',#2281,5.34857795092486);
#689=CIRCLE('',#2283,3.175);
#690=CIRCLE('',#2284,3.175);
#691=CIRCLE('',#2286,5.34857795092486);
#692=CIRCLE('',#2287,5.34857795092486);
#693=CIRCLE('',#2289,0.367219701676665);
#694=CIRCLE('',#2290,0.367219701676665);
#695=CIRCLE('',#2292,0.881685836316132);
#696=CIRCLE('',#2293,0.881685836316132);
#697=CIRCLE('',#2295,0.367219701676665);
#698=CIRCLE('',#2296,0.367219701676665);
#699=CIRCLE('',#2298,5.34857795092486);
#700=CIRCLE('',#2299,5.34857795092486);
#701=CIRCLE('',#2342,10.);
#702=CIRCLE('',#2343,10.);
#703=CIRCLE('',#2344,10.);
#704=CIRCLE('',#2346,3.175);
#705=CIRCLE('',#2347,3.175);
#706=CIRCLE('',#2354,7.3486);
#707=CIRCLE('',#2355,7.3486);
#708=CIRCLE('',#2356,5.3486);
#709=CIRCLE('',#2358,3.5);
#710=CIRCLE('',#2360,7.3486);
#711=CIRCLE('',#2362,8.);
#712=CIRCLE('',#2364,3.5);
#713=VERTEX_POINT('',#2909);
#714=VERTEX_POINT('',#2910);
#715=VERTEX_POINT('',#2912);
#716=VERTEX_POINT('',#2914);
#717=VERTEX_POINT('',#2918);
#718=VERTEX_POINT('',#2920);
#719=VERTEX_POINT('',#2924);
#720=VERTEX_POINT('',#2926);
#721=VERTEX_POINT('',#2930);
#722=VERTEX_POINT('',#2931);
#723=VERTEX_POINT('',#2933);
#724=VERTEX_POINT('',#2935);
#725=VERTEX_POINT('',#2939);
#726=VERTEX_POINT('',#2941);
#727=VERTEX_POINT('',#2945);
#728=VERTEX_POINT('',#2947);
#729=VERTEX_POINT('',#2951);
#730=VERTEX_POINT('',#2952);
#731=VERTEX_POINT('',#2954);
#732=VERTEX_POINT('',#2956);
#733=VERTEX_POINT('',#2960);
#734=VERTEX_POINT('',#2962);
#735=VERTEX_POINT('',#2966);
#736=VERTEX_POINT('',#2968);
#737=VERTEX_POINT('',#2972);
#738=VERTEX_POINT('',#2974);
#739=VERTEX_POINT('',#2978);
#740=VERTEX_POINT('',#2980);
#741=VERTEX_POINT('',#2984);
#742=VERTEX_POINT('',#2986);
#743=VERTEX_POINT('',#2990);
#744=VERTEX_POINT('',#2992);
#745=VERTEX_POINT('',#2999);
#746=VERTEX_POINT('',#3000);
#747=VERTEX_POINT('',#3002);
#748=VERTEX_POINT('',#3004);
#749=VERTEX_POINT('',#3008);
#750=VERTEX_POINT('',#3010);
#751=VERTEX_POINT('',#3014);
#752=VERTEX_POINT('',#3016);
#753=VERTEX_POINT('',#3020);
#754=VERTEX_POINT('',#3021);
#755=VERTEX_POINT('',#3023);
#756=VERTEX_POINT('',#3025);
#757=VERTEX_POINT('',#3029);
#758=VERTEX_POINT('',#3031);
#759=VERTEX_POINT('',#3035);
#760=VERTEX_POINT('',#3037);
#761=VERTEX_POINT('',#3044);
#762=VERTEX_POINT('',#3046);
#763=VERTEX_POINT('',#3050);
#764=VERTEX_POINT('',#3052);
#765=VERTEX_POINT('',#3056);
#766=VERTEX_POINT('',#3058);
#767=VERTEX_POINT('',#3062);
#768=VERTEX_POINT('',#3064);
#769=VERTEX_POINT('',#3071);
#770=VERTEX_POINT('',#3073);
#771=VERTEX_POINT('',#3077);
#772=VERTEX_POINT('',#3079);
#773=VERTEX_POINT('',#3083);
#774=VERTEX_POINT('',#3085);
#775=VERTEX_POINT('',#3089);
#776=VERTEX_POINT('',#3091);
#777=VERTEX_POINT('',#3098);
#778=VERTEX_POINT('',#3100);
#779=VERTEX_POINT('',#3104);
#780=VERTEX_POINT('',#3106);
#781=VERTEX_POINT('',#3110);
#782=VERTEX_POINT('',#3112);
#783=VERTEX_POINT('',#3116);
#784=VERTEX_POINT('',#3118);
#785=VERTEX_POINT('',#3122);
#786=VERTEX_POINT('',#3123);
#787=VERTEX_POINT('',#3125);
#788=VERTEX_POINT('',#3127);
#789=VERTEX_POINT('',#3131);
#790=VERTEX_POINT('',#3133);
#791=VERTEX_POINT('',#3137);
#792=VERTEX_POINT('',#3139);
#793=VERTEX_POINT('',#3146);
#794=VERTEX_POINT('',#3147);
#795=VERTEX_POINT('',#3149);
#796=VERTEX_POINT('',#3151);
#797=VERTEX_POINT('',#3155);
#798=VERTEX_POINT('',#3157);
#799=VERTEX_POINT('',#3161);
#800=VERTEX_POINT('',#3163);
#801=VERTEX_POINT('',#3170);
#802=VERTEX_POINT('',#3172);
#803=VERTEX_POINT('',#3176);
#804=VERTEX_POINT('',#3178);
#805=VERTEX_POINT('',#3182);
#806=VERTEX_POINT('',#3184);
#807=VERTEX_POINT('',#3188);
#808=VERTEX_POINT('',#3190);
#809=VERTEX_POINT('',#3194);
#810=VERTEX_POINT('',#3196);
#811=VERTEX_POINT('',#3206);
#812=VERTEX_POINT('',#3207);
#813=VERTEX_POINT('',#3209);
#814=VERTEX_POINT('',#3217);
#815=VERTEX_POINT('',#3242);
#816=VERTEX_POINT('',#3243);
#817=VERTEX_POINT('',#3293);
#818=VERTEX_POINT('',#3294);
#819=VERTEX_POINT('',#3341);
#820=VERTEX_POINT('',#3342);
#821=VERTEX_POINT('',#3392);
#822=VERTEX_POINT('',#3393);
#823=VERTEX_POINT('',#3443);
#824=VERTEX_POINT('',#3444);
#825=VERTEX_POINT('',#3491);
#826=VERTEX_POINT('',#3492);
#827=VERTEX_POINT('',#3542);
#828=VERTEX_POINT('',#3543);
#829=VERTEX_POINT('',#3593);
#830=VERTEX_POINT('',#3594);
#831=VERTEX_POINT('',#3596);
#832=VERTEX_POINT('',#3601);
#833=VERTEX_POINT('',#3608);
#834=VERTEX_POINT('',#3617);
#835=VERTEX_POINT('',#3622);
#836=VERTEX_POINT('',#3646);
#837=VERTEX_POINT('',#3647);
#838=VERTEX_POINT('',#3649);
#839=VERTEX_POINT('',#3657);
#840=VERTEX_POINT('',#3682);
#841=VERTEX_POINT('',#3683);
#842=VERTEX_POINT('',#3733);
#843=VERTEX_POINT('',#3734);
#844=VERTEX_POINT('',#3781);
#845=VERTEX_POINT('',#3782);
#846=VERTEX_POINT('',#3832);
#847=VERTEX_POINT('',#3833);
#848=VERTEX_POINT('',#3883);
#849=VERTEX_POINT('',#3884);
#850=VERTEX_POINT('',#3931);
#851=VERTEX_POINT('',#3932);
#852=VERTEX_POINT('',#3982);
#853=VERTEX_POINT('',#3983);
#854=VERTEX_POINT('',#4033);
#855=VERTEX_POINT('',#4034);
#856=VERTEX_POINT('',#4036);
#857=VERTEX_POINT('',#4041);
#858=VERTEX_POINT('',#4054);
#859=VERTEX_POINT('',#4059);
#860=VERTEX_POINT('',#4083);
#861=VERTEX_POINT('',#4084);
#862=VERTEX_POINT('',#4086);
#863=VERTEX_POINT('',#4096);
#864=VERTEX_POINT('',#4114);
#865=VERTEX_POINT('',#4115);
#866=VERTEX_POINT('',#4138);
#867=VERTEX_POINT('',#4139);
#868=VERTEX_POINT('',#4162);
#869=VERTEX_POINT('',#4163);
#870=VERTEX_POINT('',#4188);
#871=VERTEX_POINT('',#4189);
#872=VERTEX_POINT('',#4212);
#873=VERTEX_POINT('',#4213);
#874=VERTEX_POINT('',#4236);
#875=VERTEX_POINT('',#4237);
#876=VERTEX_POINT('',#4262);
#877=VERTEX_POINT('',#4263);
#878=VERTEX_POINT('',#4265);
#879=VERTEX_POINT('',#4274);
#880=VERTEX_POINT('',#4291);
#881=VERTEX_POINT('',#4292);
#882=VERTEX_POINT('',#4294);
#883=VERTEX_POINT('',#4304);
#884=VERTEX_POINT('',#4322);
#885=VERTEX_POINT('',#4323);
#886=VERTEX_POINT('',#4346);
#887=VERTEX_POINT('',#4347);
#888=VERTEX_POINT('',#4370);
#889=VERTEX_POINT('',#4371);
#890=VERTEX_POINT('',#4396);
#891=VERTEX_POINT('',#4397);
#892=VERTEX_POINT('',#4420);
#893=VERTEX_POINT('',#4421);
#894=VERTEX_POINT('',#4444);
#895=VERTEX_POINT('',#4445);
#896=VERTEX_POINT('',#4470);
#897=VERTEX_POINT('',#4471);
#898=VERTEX_POINT('',#4473);
#899=VERTEX_POINT('',#4482);
#900=VERTEX_POINT('',#4738);
#901=VERTEX_POINT('',#4755);
#902=VERTEX_POINT('',#4805);
#903=VERTEX_POINT('',#4915);
#904=VERTEX_POINT('',#4922);
#905=VERTEX_POINT('',#4965);
#906=VERTEX_POINT('',#4972);
#907=VERTEX_POINT('',#5019);
#908=VERTEX_POINT('',#5020);
#909=VERTEX_POINT('',#5328);
#910=VERTEX_POINT('',#5489);
#911=VERTEX_POINT('',#5490);
#912=VERTEX_POINT('',#5493);
#913=VERTEX_POINT('',#5541);
#914=VERTEX_POINT('',#5548);
#915=VERTEX_POINT('',#5667);
#916=VERTEX_POINT('',#5670);
#917=VERTEX_POINT('',#5702);
#918=VERTEX_POINT('',#5709);
#919=VERTEX_POINT('',#5716);
#920=VERTEX_POINT('',#5718);
#921=VERTEX_POINT('',#5725);
#922=VERTEX_POINT('',#5732);
#923=VERTEX_POINT('',#5773);
#924=VERTEX_POINT('',#5808);
#925=VERTEX_POINT('',#5816);
#926=VERTEX_POINT('',#6498);
#927=VERTEX_POINT('',#6499);
#928=VERTEX_POINT('',#6502);
#929=VERTEX_POINT('',#6506);
#930=VERTEX_POINT('',#6509);
#931=VERTEX_POINT('',#6513);
#932=VERTEX_POINT('',#6517);
#933=EDGE_CURVE('',#713,#714,#603,.T.);
#934=EDGE_CURVE('',#714,#715,#413,.T.);
#935=EDGE_CURVE('',#716,#715,#604,.T.);
#936=EDGE_CURVE('',#713,#716,#414,.T.);
#937=EDGE_CURVE('',#713,#717,#605,.T.);
#938=EDGE_CURVE('',#718,#716,#606,.T.);
#939=EDGE_CURVE('',#717,#718,#415,.T.);
#940=EDGE_CURVE('',#719,#717,#607,.T.);
#941=EDGE_CURVE('',#720,#718,#608,.T.);
#942=EDGE_CURVE('',#719,#720,#416,.T.);
#943=EDGE_CURVE('',#721,#722,#609,.T.);
#944=EDGE_CURVE('',#722,#723,#417,.T.);
#945=EDGE_CURVE('',#724,#723,#610,.T.);
#946=EDGE_CURVE('',#721,#724,#418,.T.);
#947=EDGE_CURVE('',#721,#725,#611,.T.);
#948=EDGE_CURVE('',#726,#724,#612,.T.);
#949=EDGE_CURVE('',#725,#726,#419,.T.);
#950=EDGE_CURVE('',#727,#725,#613,.T.);
#951=EDGE_CURVE('',#728,#726,#614,.T.);
#952=EDGE_CURVE('',#727,#728,#420,.T.);
#953=EDGE_CURVE('',#729,#730,#615,.T.);
#954=EDGE_CURVE('',#730,#731,#421,.T.);
#955=EDGE_CURVE('',#732,#731,#616,.T.);
#956=EDGE_CURVE('',#729,#732,#422,.T.);
#957=EDGE_CURVE('',#729,#733,#617,.T.);
#958=EDGE_CURVE('',#734,#732,#618,.T.);
#959=EDGE_CURVE('',#733,#734,#423,.T.);
#960=EDGE_CURVE('',#735,#733,#619,.T.);
#961=EDGE_CURVE('',#736,#734,#620,.T.);
#962=EDGE_CURVE('',#735,#736,#424,.T.);
#963=EDGE_CURVE('',#737,#735,#621,.T.);
#964=EDGE_CURVE('',#738,#736,#622,.T.);
#965=EDGE_CURVE('',#737,#738,#425,.T.);
#966=EDGE_CURVE('',#739,#737,#623,.T.);
#967=EDGE_CURVE('',#740,#738,#624,.T.);
#968=EDGE_CURVE('',#739,#740,#426,.T.);
#969=EDGE_CURVE('',#739,#741,#625,.T.);
#970=EDGE_CURVE('',#742,#740,#626,.T.);
#971=EDGE_CURVE('',#741,#742,#427,.T.);
#972=EDGE_CURVE('',#743,#741,#627,.T.);
#973=EDGE_CURVE('',#744,#742,#628,.T.);
#974=EDGE_CURVE('',#743,#744,#428,.T.);
#975=EDGE_CURVE('',#722,#743,#629,.T.);
#976=EDGE_CURVE('',#723,#744,#630,.T.);
#977=EDGE_CURVE('',#745,#746,#631,.T.);
#978=EDGE_CURVE('',#746,#747,#429,.T.);
#979=EDGE_CURVE('',#748,#747,#632,.T.);
#980=EDGE_CURVE('',#745,#748,#430,.T.);
#981=EDGE_CURVE('',#745,#749,#633,.T.);
#982=EDGE_CURVE('',#750,#748,#634,.T.);
#983=EDGE_CURVE('',#749,#750,#431,.T.);
#984=EDGE_CURVE('',#751,#749,#635,.T.);
#985=EDGE_CURVE('',#752,#750,#636,.T.);
#986=EDGE_CURVE('',#751,#752,#432,.T.);
#987=EDGE_CURVE('',#753,#754,#637,.T.);
#988=EDGE_CURVE('',#754,#755,#433,.T.);
#989=EDGE_CURVE('',#756,#755,#638,.T.);
#990=EDGE_CURVE('',#753,#756,#434,.T.);
#991=EDGE_CURVE('',#753,#757,#639,.T.);
#992=EDGE_CURVE('',#758,#756,#640,.T.);
#993=EDGE_CURVE('',#757,#758,#435,.T.);
#994=EDGE_CURVE('',#759,#757,#641,.T.);
#995=EDGE_CURVE('',#760,#758,#642,.T.);
#996=EDGE_CURVE('',#759,#760,#436,.T.);
#997=EDGE_CURVE('',#746,#759,#643,.T.);
#998=EDGE_CURVE('',#747,#760,#644,.T.);
#999=EDGE_CURVE('',#761,#719,#645,.T.);
#1000=EDGE_CURVE('',#762,#720,#646,.T.);
#1001=EDGE_CURVE('',#761,#762,#437,.T.);
#1002=EDGE_CURVE('',#763,#761,#647,.T.);
#1003=EDGE_CURVE('',#764,#762,#648,.T.);
#1004=EDGE_CURVE('',#763,#764,#438,.T.);
#1005=EDGE_CURVE('',#763,#765,#649,.T.);
#1006=EDGE_CURVE('',#766,#764,#650,.T.);
#1007=EDGE_CURVE('',#765,#766,#439,.T.);
#1008=EDGE_CURVE('',#767,#765,#651,.T.);
#1009=EDGE_CURVE('',#768,#766,#652,.T.);
#1010=EDGE_CURVE('',#767,#768,#440,.T.);
#1011=EDGE_CURVE('',#754,#767,#653,.T.);
#1012=EDGE_CURVE('',#755,#768,#654,.T.);
#1013=EDGE_CURVE('',#769,#751,#655,.T.);
#1014=EDGE_CURVE('',#770,#752,#656,.T.);
#1015=EDGE_CURVE('',#769,#770,#441,.T.);
#1016=EDGE_CURVE('',#771,#769,#657,.T.);
#1017=EDGE_CURVE('',#772,#770,#658,.T.);
#1018=EDGE_CURVE('',#771,#772,#442,.T.);
#1019=EDGE_CURVE('',#771,#773,#659,.T.);
#1020=EDGE_CURVE('',#774,#772,#660,.T.);
#1021=EDGE_CURVE('',#773,#774,#443,.T.);
#1022=EDGE_CURVE('',#775,#773,#661,.T.);
#1023=EDGE_CURVE('',#776,#774,#662,.T.);
#1024=EDGE_CURVE('',#775,#776,#444,.T.);
#1025=EDGE_CURVE('',#730,#775,#663,.T.);
#1026=EDGE_CURVE('',#731,#776,#664,.T.);
#1027=EDGE_CURVE('',#777,#727,#665,.T.);
#1028=EDGE_CURVE('',#778,#728,#666,.T.);
#1029=EDGE_CURVE('',#777,#778,#445,.T.);
#1030=EDGE_CURVE('',#779,#777,#667,.T.);
#1031=EDGE_CURVE('',#780,#778,#668,.T.);
#1032=EDGE_CURVE('',#779,#780,#446,.T.);
#1033=EDGE_CURVE('',#779,#781,#669,.T.);
#1034=EDGE_CURVE('',#782,#780,#670,.T.);
#1035=EDGE_CURVE('',#781,#782,#447,.T.);
#1036=EDGE_CURVE('',#783,#781,#671,.T.);
#1037=EDGE_CURVE('',#784,#782,#672,.T.);
#1038=EDGE_CURVE('',#783,#784,#448,.T.);
#1039=EDGE_CURVE('',#785,#786,#673,.T.);
#1040=EDGE_CURVE('',#786,#787,#449,.T.);
#1041=EDGE_CURVE('',#788,#787,#674,.T.);
#1042=EDGE_CURVE('',#785,#788,#450,.T.);
#1043=EDGE_CURVE('',#785,#789,#675,.T.);
#1044=EDGE_CURVE('',#790,#788,#676,.T.);
#1045=EDGE_CURVE('',#789,#790,#451,.T.);
#1046=EDGE_CURVE('',#791,#789,#677,.T.);
#1047=EDGE_CURVE('',#792,#790,#678,.T.);
#1048=EDGE_CURVE('',#791,#792,#452,.T.);
#1049=EDGE_CURVE('',#714,#791,#679,.T.);
#1050=EDGE_CURVE('',#715,#792,#680,.T.);
#1051=EDGE_CURVE('',#793,#794,#681,.T.);
#1052=EDGE_CURVE('',#794,#795,#453,.T.);
#1053=EDGE_CURVE('',#796,#795,#682,.T.);
#1054=EDGE_CURVE('',#793,#796,#454,.T.);
#1055=EDGE_CURVE('',#793,#797,#683,.T.);
#1056=EDGE_CURVE('',#798,#796,#684,.T.);
#1057=EDGE_CURVE('',#797,#798,#455,.T.);
#1058=EDGE_CURVE('',#799,#797,#685,.T.);
#1059=EDGE_CURVE('',#800,#798,#686,.T.);
#1060=EDGE_CURVE('',#799,#800,#456,.T.);
#1061=EDGE_CURVE('',#786,#799,#687,.T.);
#1062=EDGE_CURVE('',#787,#800,#688,.T.);
#1063=EDGE_CURVE('',#801,#801,#689,.T.);
#1064=EDGE_CURVE('',#801,#802,#457,.T.);
#1065=EDGE_CURVE('',#802,#802,#690,.T.);
#1066=EDGE_CURVE('',#803,#783,#691,.T.);
#1067=EDGE_CURVE('',#804,#784,#692,.T.);
#1068=EDGE_CURVE('',#803,#804,#458,.T.);
#1069=EDGE_CURVE('',#805,#803,#693,.T.);
#1070=EDGE_CURVE('',#806,#804,#694,.T.);
#1071=EDGE_CURVE('',#805,#806,#459,.T.);
#1072=EDGE_CURVE('',#805,#807,#695,.T.);
#1073=EDGE_CURVE('',#808,#806,#696,.T.);
#1074=EDGE_CURVE('',#807,#808,#460,.T.);
#1075=EDGE_CURVE('',#809,#807,#697,.T.);
#1076=EDGE_CURVE('',#810,#808,#698,.T.);
#1077=EDGE_CURVE('',#809,#810,#461,.T.);
#1078=EDGE_CURVE('',#794,#809,#699,.T.);
#1079=EDGE_CURVE('',#795,#810,#700,.T.);
#1080=EDGE_CURVE('',#811,#812,#462,.T.);
#1081=EDGE_CURVE('',#812,#813,#29,.T.);
#1082=EDGE_CURVE('',#814,#813,#30,.T.);
#1083=EDGE_CURVE('',#814,#811,#31,.T.);
#1084=EDGE_CURVE('',#815,#816,#463,.T.);
#1085=EDGE_CURVE('',#816,#812,#32,.T.);
#1086=EDGE_CURVE('',#811,#815,#33,.T.);
#1087=EDGE_CURVE('',#817,#818,#464,.T.);
#1088=EDGE_CURVE('',#818,#816,#34,.T.);
#1089=EDGE_CURVE('',#815,#817,#35,.T.);
#1090=EDGE_CURVE('',#819,#820,#465,.T.);
#1091=EDGE_CURVE('',#820,#818,#36,.T.);
#1092=EDGE_CURVE('',#817,#819,#37,.T.);
#1093=EDGE_CURVE('',#821,#822,#466,.T.);
#1094=EDGE_CURVE('',#822,#820,#38,.T.);
#1095=EDGE_CURVE('',#819,#821,#39,.T.);
#1096=EDGE_CURVE('',#823,#824,#467,.T.);
#1097=EDGE_CURVE('',#824,#822,#40,.T.);
#1098=EDGE_CURVE('',#821,#823,#41,.T.);
#1099=EDGE_CURVE('',#825,#826,#468,.T.);
#1100=EDGE_CURVE('',#826,#824,#42,.T.);
#1101=EDGE_CURVE('',#823,#825,#43,.T.);
#1102=EDGE_CURVE('',#827,#828,#469,.T.);
#1103=EDGE_CURVE('',#828,#826,#44,.T.);
#1104=EDGE_CURVE('',#825,#827,#45,.T.);
#1105=EDGE_CURVE('',#829,#830,#470,.T.);
#1106=EDGE_CURVE('',#829,#831,#46,.T.);
#1107=EDGE_CURVE('',#832,#831,#47,.T.);
#1108=EDGE_CURVE('',#833,#832,#48,.T.);
#1109=EDGE_CURVE('',#833,#834,#49,.T.);
#1110=EDGE_CURVE('',#835,#834,#50,.T.);
#1111=EDGE_CURVE('',#835,#830,#51,.T.);
#1112=EDGE_CURVE('',#836,#837,#471,.T.);
#1113=EDGE_CURVE('',#837,#838,#52,.T.);
#1114=EDGE_CURVE('',#839,#838,#53,.T.);
#1115=EDGE_CURVE('',#839,#836,#54,.T.);
#1116=EDGE_CURVE('',#840,#841,#472,.T.);
#1117=EDGE_CURVE('',#841,#837,#55,.T.);
#1118=EDGE_CURVE('',#836,#840,#56,.T.);
#1119=EDGE_CURVE('',#842,#843,#473,.T.);
#1120=EDGE_CURVE('',#843,#841,#57,.T.);
#1121=EDGE_CURVE('',#840,#842,#58,.T.);
#1122=EDGE_CURVE('',#844,#845,#474,.T.);
#1123=EDGE_CURVE('',#845,#843,#59,.T.);
#1124=EDGE_CURVE('',#842,#844,#60,.T.);
#1125=EDGE_CURVE('',#846,#847,#475,.T.);
#1126=EDGE_CURVE('',#847,#845,#61,.T.);
#1127=EDGE_CURVE('',#844,#846,#62,.T.);
#1128=EDGE_CURVE('',#848,#849,#476,.T.);
#1129=EDGE_CURVE('',#849,#847,#63,.T.);
#1130=EDGE_CURVE('',#846,#848,#64,.T.);
#1131=EDGE_CURVE('',#850,#851,#477,.T.);
#1132=EDGE_CURVE('',#851,#849,#65,.T.);
#1133=EDGE_CURVE('',#848,#850,#66,.T.);
#1134=EDGE_CURVE('',#852,#853,#478,.T.);
#1135=EDGE_CURVE('',#853,#851,#67,.T.);
#1136=EDGE_CURVE('',#850,#852,#68,.T.);
#1137=EDGE_CURVE('',#854,#855,#479,.T.);
#1138=EDGE_CURVE('',#854,#856,#69,.T.);
#1139=EDGE_CURVE('',#857,#856,#70,.T.);
#1140=EDGE_CURVE('',#857,#858,#71,.T.);
#1141=EDGE_CURVE('',#859,#858,#72,.T.);
#1142=EDGE_CURVE('',#859,#855,#73,.T.);
#1143=EDGE_CURVE('',#860,#861,#480,.T.);
#1144=EDGE_CURVE('',#861,#862,#74,.T.);
#1145=EDGE_CURVE('',#863,#862,#75,.T.);
#1146=EDGE_CURVE('',#860,#863,#76,.T.);
#1147=EDGE_CURVE('',#864,#865,#481,.T.);
#1148=EDGE_CURVE('',#865,#861,#77,.T.);
#1149=EDGE_CURVE('',#864,#860,#78,.T.);
#1150=EDGE_CURVE('',#866,#867,#482,.T.);
#1151=EDGE_CURVE('',#867,#865,#79,.T.);
#1152=EDGE_CURVE('',#866,#864,#80,.T.);
#1153=EDGE_CURVE('',#868,#869,#483,.T.);
#1154=EDGE_CURVE('',#869,#867,#81,.T.);
#1155=EDGE_CURVE('',#868,#866,#82,.T.);
#1156=EDGE_CURVE('',#870,#871,#484,.T.);
#1157=EDGE_CURVE('',#871,#869,#83,.T.);
#1158=EDGE_CURVE('',#870,#868,#84,.T.);
#1159=EDGE_CURVE('',#872,#873,#485,.T.);
#1160=EDGE_CURVE('',#873,#871,#85,.T.);
#1161=EDGE_CURVE('',#872,#870,#86,.T.);
#1162=EDGE_CURVE('',#874,#875,#486,.T.);
#1163=EDGE_CURVE('',#875,#873,#87,.T.);
#1164=EDGE_CURVE('',#874,#872,#88,.T.);
#1165=EDGE_CURVE('',#876,#877,#487,.T.);
#1166=EDGE_CURVE('',#878,#876,#89,.T.);
#1167=EDGE_CURVE('',#879,#878,#90,.T.);
#1168=EDGE_CURVE('',#879,#877,#91,.T.);
#1169=EDGE_CURVE('',#880,#881,#488,.T.);
#1170=EDGE_CURVE('',#881,#882,#92,.T.);
#1171=EDGE_CURVE('',#883,#882,#93,.T.);
#1172=EDGE_CURVE('',#880,#883,#94,.T.);
#1173=EDGE_CURVE('',#884,#885,#489,.T.);
#1174=EDGE_CURVE('',#885,#881,#95,.T.);
#1175=EDGE_CURVE('',#884,#880,#96,.T.);
#1176=EDGE_CURVE('',#886,#887,#490,.T.);
#1177=EDGE_CURVE('',#887,#885,#97,.T.);
#1178=EDGE_CURVE('',#886,#884,#98,.T.);
#1179=EDGE_CURVE('',#888,#889,#491,.T.);
#1180=EDGE_CURVE('',#889,#887,#99,.T.);
#1181=EDGE_CURVE('',#888,#886,#100,.T.);
#1182=EDGE_CURVE('',#890,#891,#492,.T.);
#1183=EDGE_CURVE('',#891,#889,#101,.T.);
#1184=EDGE_CURVE('',#890,#888,#102,.T.);
#1185=EDGE_CURVE('',#892,#893,#493,.T.);
#1186=EDGE_CURVE('',#893,#891,#103,.T.);
#1187=EDGE_CURVE('',#892,#890,#104,.T.);
#1188=EDGE_CURVE('',#894,#895,#494,.T.);
#1189=EDGE_CURVE('',#895,#893,#105,.T.);
#1190=EDGE_CURVE('',#894,#892,#106,.T.);
#1191=EDGE_CURVE('',#896,#897,#495,.T.);
#1192=EDGE_CURVE('',#898,#896,#107,.T.);
#1193=EDGE_CURVE('',#899,#898,#108,.T.);
#1194=EDGE_CURVE('',#899,#897,#109,.T.);
#1195=EDGE_CURVE('',#882,#900,#110,.T.);
#1196=EDGE_CURVE('',#897,#895,#111,.T.);
#1197=EDGE_CURVE('',#901,#899,#112,.T.);
#1198=EDGE_CURVE('',#902,#901,#113,.T.);
#1199=EDGE_CURVE('',#856,#902,#114,.T.);
#1200=EDGE_CURVE('',#852,#854,#115,.T.);
#1201=EDGE_CURVE('',#900,#839,#116,.T.);
#1202=EDGE_CURVE('',#903,#901,#117,.T.);
#1203=EDGE_CURVE('',#904,#903,#118,.T.);
#1204=EDGE_CURVE('',#902,#904,#119,.T.);
#1205=EDGE_CURVE('',#896,#894,#120,.T.);
#1206=EDGE_CURVE('',#905,#903,#121,.T.);
#1207=EDGE_CURVE('',#906,#905,#122,.T.);
#1208=EDGE_CURVE('',#904,#906,#123,.T.);
#1209=EDGE_CURVE('',#906,#905,#496,.T.);
#1210=EDGE_CURVE('',#907,#908,#497,.T.);
#1211=EDGE_CURVE('',#907,#908,#124,.T.);
#1212=EDGE_CURVE('',#858,#907,#125,.T.);
#1213=EDGE_CURVE('',#908,#857,#126,.T.);
#1214=EDGE_CURVE('',#909,#883,#127,.T.);
#1215=EDGE_CURVE('',#838,#909,#128,.T.);
#1216=EDGE_CURVE('',#855,#853,#129,.T.);
#1217=EDGE_CURVE('',#898,#859,#130,.T.);
#1218=EDGE_CURVE('',#910,#911,#701,.T.);
#1219=EDGE_CURVE('',#911,#910,#702,.T.);
#1220=EDGE_CURVE('',#911,#912,#498,.T.);
#1221=EDGE_CURVE('',#912,#814,#131,.T.);
#1222=EDGE_CURVE('',#813,#913,#132,.T.);
#1223=EDGE_CURVE('',#913,#914,#499,.T.);
#1224=EDGE_CURVE('',#914,#914,#703,.T.);
#1225=EDGE_CURVE('',#913,#863,#133,.T.);
#1226=EDGE_CURVE('',#862,#912,#134,.T.);
#1227=EDGE_CURVE('',#915,#915,#704,.T.);
#1228=EDGE_CURVE('',#915,#832,#500,.T.);
#1229=EDGE_CURVE('',#831,#916,#135,.T.);
#1230=EDGE_CURVE('',#916,#917,#136,.T.);
#1231=EDGE_CURVE('',#917,#918,#137,.T.);
#1232=EDGE_CURVE('',#918,#919,#501,.T.);
#1233=EDGE_CURVE('',#919,#920,#138,.T.);
#1234=EDGE_CURVE('',#920,#921,#139,.T.);
#1235=EDGE_CURVE('',#921,#922,#140,.T.);
#1236=EDGE_CURVE('',#922,#923,#502,.T.);
#1237=EDGE_CURVE('',#923,#923,#705,.T.);
#1238=EDGE_CURVE('',#922,#879,#141,.T.);
#1239=EDGE_CURVE('',#878,#835,#142,.T.);
#1240=EDGE_CURVE('',#834,#924,#143,.T.);
#1241=EDGE_CURVE('',#924,#925,#503,.T.);
#1242=EDGE_CURVE('',#925,#833,#144,.T.);
#1243=EDGE_CURVE('',#916,#921,#145,.T.);
#1244=EDGE_CURVE('',#827,#829,#146,.T.);
#1245=EDGE_CURVE('',#877,#875,#147,.T.);
#1246=EDGE_CURVE('',#917,#920,#148,.T.);
#1247=EDGE_CURVE('',#876,#874,#149,.T.);
#1248=EDGE_CURVE('',#918,#919,#150,.T.);
#1249=EDGE_CURVE('',#924,#925,#151,.T.);
#1250=EDGE_CURVE('',#830,#828,#152,.T.);
#1251=EDGE_CURVE('',#926,#927,#706,.T.);
#1252=EDGE_CURVE('',#927,#926,#707,.T.);
#1253=EDGE_CURVE('',#926,#928,#504,.T.);
#1254=EDGE_CURVE('',#928,#928,#708,.T.);
#1255=EDGE_CURVE('',#929,#929,#709,.T.);
#1256=EDGE_CURVE('',#930,#930,#710,.T.);
#1257=EDGE_CURVE('',#930,#927,#505,.T.);
#1258=EDGE_CURVE('',#931,#931,#711,.T.);
#1259=EDGE_CURVE('',#931,#910,#506,.T.);
#1260=EDGE_CURVE('',#932,#932,#712,.T.);
#1261=EDGE_CURVE('',#929,#932,#507,.T.);
#1262=ORIENTED_EDGE('',*,*,#933,.T.);
#1263=ORIENTED_EDGE('',*,*,#934,.T.);
#1264=ORIENTED_EDGE('',*,*,#935,.F.);
#1265=ORIENTED_EDGE('',*,*,#936,.F.);
#1266=ORIENTED_EDGE('',*,*,#937,.F.);
#1267=ORIENTED_EDGE('',*,*,#936,.T.);
#1268=ORIENTED_EDGE('',*,*,#938,.F.);
#1269=ORIENTED_EDGE('',*,*,#939,.F.);
#1270=ORIENTED_EDGE('',*,*,#940,.T.);
#1271=ORIENTED_EDGE('',*,*,#939,.T.);
#1272=ORIENTED_EDGE('',*,*,#941,.F.);
#1273=ORIENTED_EDGE('',*,*,#942,.F.);
#1274=ORIENTED_EDGE('',*,*,#943,.T.);
#1275=ORIENTED_EDGE('',*,*,#944,.T.);
#1276=ORIENTED_EDGE('',*,*,#945,.F.);
#1277=ORIENTED_EDGE('',*,*,#946,.F.);
#1278=ORIENTED_EDGE('',*,*,#947,.F.);
#1279=ORIENTED_EDGE('',*,*,#946,.T.);
#1280=ORIENTED_EDGE('',*,*,#948,.F.);
#1281=ORIENTED_EDGE('',*,*,#949,.F.);
#1282=ORIENTED_EDGE('',*,*,#950,.T.);
#1283=ORIENTED_EDGE('',*,*,#949,.T.);
#1284=ORIENTED_EDGE('',*,*,#951,.F.);
#1285=ORIENTED_EDGE('',*,*,#952,.F.);
#1286=ORIENTED_EDGE('',*,*,#953,.T.);
#1287=ORIENTED_EDGE('',*,*,#954,.T.);
#1288=ORIENTED_EDGE('',*,*,#955,.F.);
#1289=ORIENTED_EDGE('',*,*,#956,.F.);
#1290=ORIENTED_EDGE('',*,*,#957,.F.);
#1291=ORIENTED_EDGE('',*,*,#956,.T.);
#1292=ORIENTED_EDGE('',*,*,#958,.F.);
#1293=ORIENTED_EDGE('',*,*,#959,.F.);
#1294=ORIENTED_EDGE('',*,*,#960,.T.);
#1295=ORIENTED_EDGE('',*,*,#959,.T.);
#1296=ORIENTED_EDGE('',*,*,#961,.F.);
#1297=ORIENTED_EDGE('',*,*,#962,.F.);
#1298=ORIENTED_EDGE('',*,*,#963,.T.);
#1299=ORIENTED_EDGE('',*,*,#962,.T.);
#1300=ORIENTED_EDGE('',*,*,#964,.F.);
#1301=ORIENTED_EDGE('',*,*,#965,.F.);
#1302=ORIENTED_EDGE('',*,*,#966,.T.);
#1303=ORIENTED_EDGE('',*,*,#965,.T.);
#1304=ORIENTED_EDGE('',*,*,#967,.F.);
#1305=ORIENTED_EDGE('',*,*,#968,.F.);
#1306=ORIENTED_EDGE('',*,*,#969,.F.);
#1307=ORIENTED_EDGE('',*,*,#968,.T.);
#1308=ORIENTED_EDGE('',*,*,#970,.F.);
#1309=ORIENTED_EDGE('',*,*,#971,.F.);
#1310=ORIENTED_EDGE('',*,*,#972,.T.);
#1311=ORIENTED_EDGE('',*,*,#971,.T.);
#1312=ORIENTED_EDGE('',*,*,#973,.F.);
#1313=ORIENTED_EDGE('',*,*,#974,.F.);
#1314=ORIENTED_EDGE('',*,*,#975,.T.);
#1315=ORIENTED_EDGE('',*,*,#974,.T.);
#1316=ORIENTED_EDGE('',*,*,#976,.F.);
#1317=ORIENTED_EDGE('',*,*,#944,.F.);
#1318=ORIENTED_EDGE('',*,*,#977,.T.);
#1319=ORIENTED_EDGE('',*,*,#978,.T.);
#1320=ORIENTED_EDGE('',*,*,#979,.F.);
#1321=ORIENTED_EDGE('',*,*,#980,.F.);
#1322=ORIENTED_EDGE('',*,*,#981,.F.);
#1323=ORIENTED_EDGE('',*,*,#980,.T.);
#1324=ORIENTED_EDGE('',*,*,#982,.F.);
#1325=ORIENTED_EDGE('',*,*,#983,.F.);
#1326=ORIENTED_EDGE('',*,*,#984,.T.);
#1327=ORIENTED_EDGE('',*,*,#983,.T.);
#1328=ORIENTED_EDGE('',*,*,#985,.F.);
#1329=ORIENTED_EDGE('',*,*,#986,.F.);
#1330=ORIENTED_EDGE('',*,*,#987,.T.);
#1331=ORIENTED_EDGE('',*,*,#988,.T.);
#1332=ORIENTED_EDGE('',*,*,#989,.F.);
#1333=ORIENTED_EDGE('',*,*,#990,.F.);
#1334=ORIENTED_EDGE('',*,*,#991,.F.);
#1335=ORIENTED_EDGE('',*,*,#990,.T.);
#1336=ORIENTED_EDGE('',*,*,#992,.F.);
#1337=ORIENTED_EDGE('',*,*,#993,.F.);
#1338=ORIENTED_EDGE('',*,*,#994,.T.);
#1339=ORIENTED_EDGE('',*,*,#993,.T.);
#1340=ORIENTED_EDGE('',*,*,#995,.F.);
#1341=ORIENTED_EDGE('',*,*,#996,.F.);
#1342=ORIENTED_EDGE('',*,*,#997,.T.);
#1343=ORIENTED_EDGE('',*,*,#996,.T.);
#1344=ORIENTED_EDGE('',*,*,#998,.F.);
#1345=ORIENTED_EDGE('',*,*,#978,.F.);
#1346=ORIENTED_EDGE('',*,*,#999,.T.);
#1347=ORIENTED_EDGE('',*,*,#942,.T.);
#1348=ORIENTED_EDGE('',*,*,#1000,.F.);
#1349=ORIENTED_EDGE('',*,*,#1001,.F.);
#1350=ORIENTED_EDGE('',*,*,#1002,.T.);
#1351=ORIENTED_EDGE('',*,*,#1001,.T.);
#1352=ORIENTED_EDGE('',*,*,#1003,.F.);
#1353=ORIENTED_EDGE('',*,*,#1004,.F.);
#1354=ORIENTED_EDGE('',*,*,#1005,.F.);
#1355=ORIENTED_EDGE('',*,*,#1004,.T.);
#1356=ORIENTED_EDGE('',*,*,#1006,.F.);
#1357=ORIENTED_EDGE('',*,*,#1007,.F.);
#1358=ORIENTED_EDGE('',*,*,#1008,.T.);
#1359=ORIENTED_EDGE('',*,*,#1007,.T.);
#1360=ORIENTED_EDGE('',*,*,#1009,.F.);
#1361=ORIENTED_EDGE('',*,*,#1010,.F.);
#1362=ORIENTED_EDGE('',*,*,#1011,.T.);
#1363=ORIENTED_EDGE('',*,*,#1010,.T.);
#1364=ORIENTED_EDGE('',*,*,#1012,.F.);
#1365=ORIENTED_EDGE('',*,*,#988,.F.);
#1366=ORIENTED_EDGE('',*,*,#1013,.T.);
#1367=ORIENTED_EDGE('',*,*,#986,.T.);
#1368=ORIENTED_EDGE('',*,*,#1014,.F.);
#1369=ORIENTED_EDGE('',*,*,#1015,.F.);
#1370=ORIENTED_EDGE('',*,*,#1016,.T.);
#1371=ORIENTED_EDGE('',*,*,#1015,.T.);
#1372=ORIENTED_EDGE('',*,*,#1017,.F.);
#1373=ORIENTED_EDGE('',*,*,#1018,.F.);
#1374=ORIENTED_EDGE('',*,*,#1019,.F.);
#1375=ORIENTED_EDGE('',*,*,#1018,.T.);
#1376=ORIENTED_EDGE('',*,*,#1020,.F.);
#1377=ORIENTED_EDGE('',*,*,#1021,.F.);
#1378=ORIENTED_EDGE('',*,*,#1022,.T.);
#1379=ORIENTED_EDGE('',*,*,#1021,.T.);
#1380=ORIENTED_EDGE('',*,*,#1023,.F.);
#1381=ORIENTED_EDGE('',*,*,#1024,.F.);
#1382=ORIENTED_EDGE('',*,*,#1025,.T.);
#1383=ORIENTED_EDGE('',*,*,#1024,.T.);
#1384=ORIENTED_EDGE('',*,*,#1026,.F.);
#1385=ORIENTED_EDGE('',*,*,#954,.F.);
#1386=ORIENTED_EDGE('',*,*,#1027,.T.);
#1387=ORIENTED_EDGE('',*,*,#952,.T.);
#1388=ORIENTED_EDGE('',*,*,#1028,.F.);
#1389=ORIENTED_EDGE('',*,*,#1029,.F.);
#1390=ORIENTED_EDGE('',*,*,#1030,.T.);
#1391=ORIENTED_EDGE('',*,*,#1029,.T.);
#1392=ORIENTED_EDGE('',*,*,#1031,.F.);
#1393=ORIENTED_EDGE('',*,*,#1032,.F.);
#1394=ORIENTED_EDGE('',*,*,#1033,.F.);
#1395=ORIENTED_EDGE('',*,*,#1032,.T.);
#1396=ORIENTED_EDGE('',*,*,#1034,.F.);
#1397=ORIENTED_EDGE('',*,*,#1035,.F.);
#1398=ORIENTED_EDGE('',*,*,#1036,.T.);
#1399=ORIENTED_EDGE('',*,*,#1035,.T.);
#1400=ORIENTED_EDGE('',*,*,#1037,.F.);
#1401=ORIENTED_EDGE('',*,*,#1038,.F.);
#1402=ORIENTED_EDGE('',*,*,#1039,.T.);
#1403=ORIENTED_EDGE('',*,*,#1040,.T.);
#1404=ORIENTED_EDGE('',*,*,#1041,.F.);
#1405=ORIENTED_EDGE('',*,*,#1042,.F.);
#1406=ORIENTED_EDGE('',*,*,#1043,.F.);
#1407=ORIENTED_EDGE('',*,*,#1042,.T.);
#1408=ORIENTED_EDGE('',*,*,#1044,.F.);
#1409=ORIENTED_EDGE('',*,*,#1045,.F.);
#1410=ORIENTED_EDGE('',*,*,#1046,.T.);
#1411=ORIENTED_EDGE('',*,*,#1045,.T.);
#1412=ORIENTED_EDGE('',*,*,#1047,.F.);
#1413=ORIENTED_EDGE('',*,*,#1048,.F.);
#1414=ORIENTED_EDGE('',*,*,#1049,.T.);
#1415=ORIENTED_EDGE('',*,*,#1048,.T.);
#1416=ORIENTED_EDGE('',*,*,#1050,.F.);
#1417=ORIENTED_EDGE('',*,*,#934,.F.);
#1418=ORIENTED_EDGE('',*,*,#1051,.T.);
#1419=ORIENTED_EDGE('',*,*,#1052,.T.);
#1420=ORIENTED_EDGE('',*,*,#1053,.F.);
#1421=ORIENTED_EDGE('',*,*,#1054,.F.);
#1422=ORIENTED_EDGE('',*,*,#1055,.F.);
#1423=ORIENTED_EDGE('',*,*,#1054,.T.);
#1424=ORIENTED_EDGE('',*,*,#1056,.F.);
#1425=ORIENTED_EDGE('',*,*,#1057,.F.);
#1426=ORIENTED_EDGE('',*,*,#1058,.T.);
#1427=ORIENTED_EDGE('',*,*,#1057,.T.);
#1428=ORIENTED_EDGE('',*,*,#1059,.F.);
#1429=ORIENTED_EDGE('',*,*,#1060,.F.);
#1430=ORIENTED_EDGE('',*,*,#1061,.T.);
#1431=ORIENTED_EDGE('',*,*,#1060,.T.);
#1432=ORIENTED_EDGE('',*,*,#1062,.F.);
#1433=ORIENTED_EDGE('',*,*,#1040,.F.);
#1434=ORIENTED_EDGE('',*,*,#1063,.F.);
#1435=ORIENTED_EDGE('',*,*,#1064,.T.);
#1436=ORIENTED_EDGE('',*,*,#1065,.F.);
#1437=ORIENTED_EDGE('',*,*,#1064,.F.);
#1438=ORIENTED_EDGE('',*,*,#1066,.T.);
#1439=ORIENTED_EDGE('',*,*,#1038,.T.);
#1440=ORIENTED_EDGE('',*,*,#1067,.F.);
#1441=ORIENTED_EDGE('',*,*,#1068,.F.);
#1442=ORIENTED_EDGE('',*,*,#1069,.T.);
#1443=ORIENTED_EDGE('',*,*,#1068,.T.);
#1444=ORIENTED_EDGE('',*,*,#1070,.F.);
#1445=ORIENTED_EDGE('',*,*,#1071,.F.);
#1446=ORIENTED_EDGE('',*,*,#1072,.F.);
#1447=ORIENTED_EDGE('',*,*,#1071,.T.);
#1448=ORIENTED_EDGE('',*,*,#1073,.F.);
#1449=ORIENTED_EDGE('',*,*,#1074,.F.);
#1450=ORIENTED_EDGE('',*,*,#1075,.T.);
#1451=ORIENTED_EDGE('',*,*,#1074,.T.);
#1452=ORIENTED_EDGE('',*,*,#1076,.F.);
#1453=ORIENTED_EDGE('',*,*,#1077,.F.);
#1454=ORIENTED_EDGE('',*,*,#1078,.T.);
#1455=ORIENTED_EDGE('',*,*,#1077,.T.);
#1456=ORIENTED_EDGE('',*,*,#1079,.F.);
#1457=ORIENTED_EDGE('',*,*,#1052,.F.);
#1458=ORIENTED_EDGE('',*,*,#1000,.T.);
#1459=ORIENTED_EDGE('',*,*,#941,.T.);
#1460=ORIENTED_EDGE('',*,*,#938,.T.);
#1461=ORIENTED_EDGE('',*,*,#935,.T.);
#1462=ORIENTED_EDGE('',*,*,#1050,.T.);
#1463=ORIENTED_EDGE('',*,*,#1047,.T.);
#1464=ORIENTED_EDGE('',*,*,#1044,.T.);
#1465=ORIENTED_EDGE('',*,*,#1041,.T.);
#1466=ORIENTED_EDGE('',*,*,#1062,.T.);
#1467=ORIENTED_EDGE('',*,*,#1059,.T.);
#1468=ORIENTED_EDGE('',*,*,#1056,.T.);
#1469=ORIENTED_EDGE('',*,*,#1053,.T.);
#1470=ORIENTED_EDGE('',*,*,#1079,.T.);
#1471=ORIENTED_EDGE('',*,*,#1076,.T.);
#1472=ORIENTED_EDGE('',*,*,#1073,.T.);
#1473=ORIENTED_EDGE('',*,*,#1070,.T.);
#1474=ORIENTED_EDGE('',*,*,#1067,.T.);
#1475=ORIENTED_EDGE('',*,*,#1037,.T.);
#1476=ORIENTED_EDGE('',*,*,#1034,.T.);
#1477=ORIENTED_EDGE('',*,*,#1031,.T.);
#1478=ORIENTED_EDGE('',*,*,#1028,.T.);
#1479=ORIENTED_EDGE('',*,*,#951,.T.);
#1480=ORIENTED_EDGE('',*,*,#948,.T.);
#1481=ORIENTED_EDGE('',*,*,#945,.T.);
#1482=ORIENTED_EDGE('',*,*,#976,.T.);
#1483=ORIENTED_EDGE('',*,*,#973,.T.);
#1484=ORIENTED_EDGE('',*,*,#970,.T.);
#1485=ORIENTED_EDGE('',*,*,#967,.T.);
#1486=ORIENTED_EDGE('',*,*,#964,.T.);
#1487=ORIENTED_EDGE('',*,*,#961,.T.);
#1488=ORIENTED_EDGE('',*,*,#958,.T.);
#1489=ORIENTED_EDGE('',*,*,#955,.T.);
#1490=ORIENTED_EDGE('',*,*,#1026,.T.);
#1491=ORIENTED_EDGE('',*,*,#1023,.T.);
#1492=ORIENTED_EDGE('',*,*,#1020,.T.);
#1493=ORIENTED_EDGE('',*,*,#1017,.T.);
#1494=ORIENTED_EDGE('',*,*,#1014,.T.);
#1495=ORIENTED_EDGE('',*,*,#985,.T.);
#1496=ORIENTED_EDGE('',*,*,#982,.T.);
#1497=ORIENTED_EDGE('',*,*,#979,.T.);
#1498=ORIENTED_EDGE('',*,*,#998,.T.);
#1499=ORIENTED_EDGE('',*,*,#995,.T.);
#1500=ORIENTED_EDGE('',*,*,#992,.T.);
#1501=ORIENTED_EDGE('',*,*,#989,.T.);
#1502=ORIENTED_EDGE('',*,*,#1012,.T.);
#1503=ORIENTED_EDGE('',*,*,#1009,.T.);
#1504=ORIENTED_EDGE('',*,*,#1006,.T.);
#1505=ORIENTED_EDGE('',*,*,#1003,.T.);
#1506=ORIENTED_EDGE('',*,*,#1063,.T.);
#1507=ORIENTED_EDGE('',*,*,#999,.F.);
#1508=ORIENTED_EDGE('',*,*,#1002,.F.);
#1509=ORIENTED_EDGE('',*,*,#1005,.T.);
#1510=ORIENTED_EDGE('',*,*,#1008,.F.);
#1511=ORIENTED_EDGE('',*,*,#1011,.F.);
#1512=ORIENTED_EDGE('',*,*,#987,.F.);
#1513=ORIENTED_EDGE('',*,*,#991,.T.);
#1514=ORIENTED_EDGE('',*,*,#994,.F.);
#1515=ORIENTED_EDGE('',*,*,#997,.F.);
#1516=ORIENTED_EDGE('',*,*,#977,.F.);
#1517=ORIENTED_EDGE('',*,*,#981,.T.);
#1518=ORIENTED_EDGE('',*,*,#984,.F.);
#1519=ORIENTED_EDGE('',*,*,#1013,.F.);
#1520=ORIENTED_EDGE('',*,*,#1016,.F.);
#1521=ORIENTED_EDGE('',*,*,#1019,.T.);
#1522=ORIENTED_EDGE('',*,*,#1022,.F.);
#1523=ORIENTED_EDGE('',*,*,#1025,.F.);
#1524=ORIENTED_EDGE('',*,*,#953,.F.);
#1525=ORIENTED_EDGE('',*,*,#957,.T.);
#1526=ORIENTED_EDGE('',*,*,#960,.F.);
#1527=ORIENTED_EDGE('',*,*,#963,.F.);
#1528=ORIENTED_EDGE('',*,*,#966,.F.);
#1529=ORIENTED_EDGE('',*,*,#969,.T.);
#1530=ORIENTED_EDGE('',*,*,#972,.F.);
#1531=ORIENTED_EDGE('',*,*,#975,.F.);
#1532=ORIENTED_EDGE('',*,*,#943,.F.);
#1533=ORIENTED_EDGE('',*,*,#947,.T.);
#1534=ORIENTED_EDGE('',*,*,#950,.F.);
#1535=ORIENTED_EDGE('',*,*,#1027,.F.);
#1536=ORIENTED_EDGE('',*,*,#1030,.F.);
#1537=ORIENTED_EDGE('',*,*,#1033,.T.);
#1538=ORIENTED_EDGE('',*,*,#1036,.F.);
#1539=ORIENTED_EDGE('',*,*,#1066,.F.);
#1540=ORIENTED_EDGE('',*,*,#1069,.F.);
#1541=ORIENTED_EDGE('',*,*,#1072,.T.);
#1542=ORIENTED_EDGE('',*,*,#1075,.F.);
#1543=ORIENTED_EDGE('',*,*,#1078,.F.);
#1544=ORIENTED_EDGE('',*,*,#1051,.F.);
#1545=ORIENTED_EDGE('',*,*,#1055,.T.);
#1546=ORIENTED_EDGE('',*,*,#1058,.F.);
#1547=ORIENTED_EDGE('',*,*,#1061,.F.);
#1548=ORIENTED_EDGE('',*,*,#1039,.F.);
#1549=ORIENTED_EDGE('',*,*,#1043,.T.);
#1550=ORIENTED_EDGE('',*,*,#1046,.F.);
#1551=ORIENTED_EDGE('',*,*,#1049,.F.);
#1552=ORIENTED_EDGE('',*,*,#933,.F.);
#1553=ORIENTED_EDGE('',*,*,#937,.T.);
#1554=ORIENTED_EDGE('',*,*,#940,.F.);
#1555=ORIENTED_EDGE('',*,*,#1065,.T.);
#1556=ORIENTED_EDGE('',*,*,#1080,.T.);
#1557=ORIENTED_EDGE('',*,*,#1081,.T.);
#1558=ORIENTED_EDGE('',*,*,#1082,.F.);
#1559=ORIENTED_EDGE('',*,*,#1083,.T.);
#1560=ORIENTED_EDGE('',*,*,#1084,.T.);
#1561=ORIENTED_EDGE('',*,*,#1085,.T.);
#1562=ORIENTED_EDGE('',*,*,#1080,.F.);
#1563=ORIENTED_EDGE('',*,*,#1086,.T.);
#1564=ORIENTED_EDGE('',*,*,#1087,.T.);
#1565=ORIENTED_EDGE('',*,*,#1088,.T.);
#1566=ORIENTED_EDGE('',*,*,#1084,.F.);
#1567=ORIENTED_EDGE('',*,*,#1089,.T.);
#1568=ORIENTED_EDGE('',*,*,#1090,.T.);
#1569=ORIENTED_EDGE('',*,*,#1091,.T.);
#1570=ORIENTED_EDGE('',*,*,#1087,.F.);
#1571=ORIENTED_EDGE('',*,*,#1092,.T.);
#1572=ORIENTED_EDGE('',*,*,#1093,.T.);
#1573=ORIENTED_EDGE('',*,*,#1094,.T.);
#1574=ORIENTED_EDGE('',*,*,#1090,.F.);
#1575=ORIENTED_EDGE('',*,*,#1095,.T.);
#1576=ORIENTED_EDGE('',*,*,#1096,.T.);
#1577=ORIENTED_EDGE('',*,*,#1097,.T.);
#1578=ORIENTED_EDGE('',*,*,#1093,.F.);
#1579=ORIENTED_EDGE('',*,*,#1098,.T.);
#1580=ORIENTED_EDGE('',*,*,#1099,.T.);
#1581=ORIENTED_EDGE('',*,*,#1100,.T.);
#1582=ORIENTED_EDGE('',*,*,#1096,.F.);
#1583=ORIENTED_EDGE('',*,*,#1101,.T.);
#1584=ORIENTED_EDGE('',*,*,#1102,.T.);
#1585=ORIENTED_EDGE('',*,*,#1103,.T.);
#1586=ORIENTED_EDGE('',*,*,#1099,.F.);
#1587=ORIENTED_EDGE('',*,*,#1104,.T.);
#1588=ORIENTED_EDGE('',*,*,#1105,.F.);
#1589=ORIENTED_EDGE('',*,*,#1106,.T.);
#1590=ORIENTED_EDGE('',*,*,#1107,.F.);
#1591=ORIENTED_EDGE('',*,*,#1108,.F.);
#1592=ORIENTED_EDGE('',*,*,#1109,.T.);
#1593=ORIENTED_EDGE('',*,*,#1110,.F.);
#1594=ORIENTED_EDGE('',*,*,#1111,.T.);
#1595=ORIENTED_EDGE('',*,*,#1112,.T.);
#1596=ORIENTED_EDGE('',*,*,#1113,.T.);
#1597=ORIENTED_EDGE('',*,*,#1114,.F.);
#1598=ORIENTED_EDGE('',*,*,#1115,.T.);
#1599=ORIENTED_EDGE('',*,*,#1116,.T.);
#1600=ORIENTED_EDGE('',*,*,#1117,.T.);
#1601=ORIENTED_EDGE('',*,*,#1112,.F.);
#1602=ORIENTED_EDGE('',*,*,#1118,.T.);
#1603=ORIENTED_EDGE('',*,*,#1119,.T.);
#1604=ORIENTED_EDGE('',*,*,#1120,.T.);
#1605=ORIENTED_EDGE('',*,*,#1116,.F.);
#1606=ORIENTED_EDGE('',*,*,#1121,.T.);
#1607=ORIENTED_EDGE('',*,*,#1122,.T.);
#1608=ORIENTED_EDGE('',*,*,#1123,.T.);
#1609=ORIENTED_EDGE('',*,*,#1119,.F.);
#1610=ORIENTED_EDGE('',*,*,#1124,.T.);
#1611=ORIENTED_EDGE('',*,*,#1125,.T.);
#1612=ORIENTED_EDGE('',*,*,#1126,.T.);
#1613=ORIENTED_EDGE('',*,*,#1122,.F.);
#1614=ORIENTED_EDGE('',*,*,#1127,.T.);
#1615=ORIENTED_EDGE('',*,*,#1128,.T.);
#1616=ORIENTED_EDGE('',*,*,#1129,.T.);
#1617=ORIENTED_EDGE('',*,*,#1125,.F.);
#1618=ORIENTED_EDGE('',*,*,#1130,.T.);
#1619=ORIENTED_EDGE('',*,*,#1131,.T.);
#1620=ORIENTED_EDGE('',*,*,#1132,.T.);
#1621=ORIENTED_EDGE('',*,*,#1128,.F.);
#1622=ORIENTED_EDGE('',*,*,#1133,.T.);
#1623=ORIENTED_EDGE('',*,*,#1134,.T.);
#1624=ORIENTED_EDGE('',*,*,#1135,.T.);
#1625=ORIENTED_EDGE('',*,*,#1131,.F.);
#1626=ORIENTED_EDGE('',*,*,#1136,.T.);
#1627=ORIENTED_EDGE('',*,*,#1137,.F.);
#1628=ORIENTED_EDGE('',*,*,#1138,.T.);
#1629=ORIENTED_EDGE('',*,*,#1139,.F.);
#1630=ORIENTED_EDGE('',*,*,#1140,.T.);
#1631=ORIENTED_EDGE('',*,*,#1141,.F.);
#1632=ORIENTED_EDGE('',*,*,#1142,.T.);
#1633=ORIENTED_EDGE('',*,*,#1143,.T.);
#1634=ORIENTED_EDGE('',*,*,#1144,.T.);
#1635=ORIENTED_EDGE('',*,*,#1145,.F.);
#1636=ORIENTED_EDGE('',*,*,#1146,.F.);
#1637=ORIENTED_EDGE('',*,*,#1147,.T.);
#1638=ORIENTED_EDGE('',*,*,#1148,.T.);
#1639=ORIENTED_EDGE('',*,*,#1143,.F.);
#1640=ORIENTED_EDGE('',*,*,#1149,.F.);
#1641=ORIENTED_EDGE('',*,*,#1150,.T.);
#1642=ORIENTED_EDGE('',*,*,#1151,.T.);
#1643=ORIENTED_EDGE('',*,*,#1147,.F.);
#1644=ORIENTED_EDGE('',*,*,#1152,.F.);
#1645=ORIENTED_EDGE('',*,*,#1153,.T.);
#1646=ORIENTED_EDGE('',*,*,#1154,.T.);
#1647=ORIENTED_EDGE('',*,*,#1150,.F.);
#1648=ORIENTED_EDGE('',*,*,#1155,.F.);
#1649=ORIENTED_EDGE('',*,*,#1156,.T.);
#1650=ORIENTED_EDGE('',*,*,#1157,.T.);
#1651=ORIENTED_EDGE('',*,*,#1153,.F.);
#1652=ORIENTED_EDGE('',*,*,#1158,.F.);
#1653=ORIENTED_EDGE('',*,*,#1159,.T.);
#1654=ORIENTED_EDGE('',*,*,#1160,.T.);
#1655=ORIENTED_EDGE('',*,*,#1156,.F.);
#1656=ORIENTED_EDGE('',*,*,#1161,.F.);
#1657=ORIENTED_EDGE('',*,*,#1162,.T.);
#1658=ORIENTED_EDGE('',*,*,#1163,.T.);
#1659=ORIENTED_EDGE('',*,*,#1159,.F.);
#1660=ORIENTED_EDGE('',*,*,#1164,.F.);
#1661=ORIENTED_EDGE('',*,*,#1165,.F.);
#1662=ORIENTED_EDGE('',*,*,#1166,.F.);
#1663=ORIENTED_EDGE('',*,*,#1167,.F.);
#1664=ORIENTED_EDGE('',*,*,#1168,.T.);
#1665=ORIENTED_EDGE('',*,*,#1169,.T.);
#1666=ORIENTED_EDGE('',*,*,#1170,.T.);
#1667=ORIENTED_EDGE('',*,*,#1171,.F.);
#1668=ORIENTED_EDGE('',*,*,#1172,.F.);
#1669=ORIENTED_EDGE('',*,*,#1173,.T.);
#1670=ORIENTED_EDGE('',*,*,#1174,.T.);
#1671=ORIENTED_EDGE('',*,*,#1169,.F.);
#1672=ORIENTED_EDGE('',*,*,#1175,.F.);
#1673=ORIENTED_EDGE('',*,*,#1176,.T.);
#1674=ORIENTED_EDGE('',*,*,#1177,.T.);
#1675=ORIENTED_EDGE('',*,*,#1173,.F.);
#1676=ORIENTED_EDGE('',*,*,#1178,.F.);
#1677=ORIENTED_EDGE('',*,*,#1179,.T.);
#1678=ORIENTED_EDGE('',*,*,#1180,.T.);
#1679=ORIENTED_EDGE('',*,*,#1176,.F.);
#1680=ORIENTED_EDGE('',*,*,#1181,.F.);
#1681=ORIENTED_EDGE('',*,*,#1182,.T.);
#1682=ORIENTED_EDGE('',*,*,#1183,.T.);
#1683=ORIENTED_EDGE('',*,*,#1179,.F.);
#1684=ORIENTED_EDGE('',*,*,#1184,.F.);
#1685=ORIENTED_EDGE('',*,*,#1185,.T.);
#1686=ORIENTED_EDGE('',*,*,#1186,.T.);
#1687=ORIENTED_EDGE('',*,*,#1182,.F.);
#1688=ORIENTED_EDGE('',*,*,#1187,.F.);
#1689=ORIENTED_EDGE('',*,*,#1188,.T.);
#1690=ORIENTED_EDGE('',*,*,#1189,.T.);
#1691=ORIENTED_EDGE('',*,*,#1185,.F.);
#1692=ORIENTED_EDGE('',*,*,#1190,.F.);
#1693=ORIENTED_EDGE('',*,*,#1191,.F.);
#1694=ORIENTED_EDGE('',*,*,#1192,.F.);
#1695=ORIENTED_EDGE('',*,*,#1193,.F.);
#1696=ORIENTED_EDGE('',*,*,#1194,.T.);
#1697=ORIENTED_EDGE('',*,*,#1195,.F.);
#1698=ORIENTED_EDGE('',*,*,#1170,.F.);
#1699=ORIENTED_EDGE('',*,*,#1174,.F.);
#1700=ORIENTED_EDGE('',*,*,#1177,.F.);
#1701=ORIENTED_EDGE('',*,*,#1180,.F.);
#1702=ORIENTED_EDGE('',*,*,#1183,.F.);
#1703=ORIENTED_EDGE('',*,*,#1186,.F.);
#1704=ORIENTED_EDGE('',*,*,#1189,.F.);
#1705=ORIENTED_EDGE('',*,*,#1196,.F.);
#1706=ORIENTED_EDGE('',*,*,#1194,.F.);
#1707=ORIENTED_EDGE('',*,*,#1197,.F.);
#1708=ORIENTED_EDGE('',*,*,#1198,.F.);
#1709=ORIENTED_EDGE('',*,*,#1199,.F.);
#1710=ORIENTED_EDGE('',*,*,#1138,.F.);
#1711=ORIENTED_EDGE('',*,*,#1200,.F.);
#1712=ORIENTED_EDGE('',*,*,#1136,.F.);
#1713=ORIENTED_EDGE('',*,*,#1133,.F.);
#1714=ORIENTED_EDGE('',*,*,#1130,.F.);
#1715=ORIENTED_EDGE('',*,*,#1127,.F.);
#1716=ORIENTED_EDGE('',*,*,#1124,.F.);
#1717=ORIENTED_EDGE('',*,*,#1121,.F.);
#1718=ORIENTED_EDGE('',*,*,#1118,.F.);
#1719=ORIENTED_EDGE('',*,*,#1115,.F.);
#1720=ORIENTED_EDGE('',*,*,#1201,.F.);
#1721=ORIENTED_EDGE('',*,*,#1202,.F.);
#1722=ORIENTED_EDGE('',*,*,#1203,.F.);
#1723=ORIENTED_EDGE('',*,*,#1204,.F.);
#1724=ORIENTED_EDGE('',*,*,#1198,.T.);
#1725=ORIENTED_EDGE('',*,*,#1191,.T.);
#1726=ORIENTED_EDGE('',*,*,#1196,.T.);
#1727=ORIENTED_EDGE('',*,*,#1188,.F.);
#1728=ORIENTED_EDGE('',*,*,#1205,.F.);
#1729=ORIENTED_EDGE('',*,*,#1206,.F.);
#1730=ORIENTED_EDGE('',*,*,#1207,.F.);
#1731=ORIENTED_EDGE('',*,*,#1208,.F.);
#1732=ORIENTED_EDGE('',*,*,#1203,.T.);
#1733=ORIENTED_EDGE('',*,*,#1209,.F.);
#1734=ORIENTED_EDGE('',*,*,#1207,.T.);
#1735=ORIENTED_EDGE('',*,*,#1210,.F.);
#1736=ORIENTED_EDGE('',*,*,#1211,.T.);
#1737=ORIENTED_EDGE('',*,*,#1212,.F.);
#1738=ORIENTED_EDGE('',*,*,#1140,.F.);
#1739=ORIENTED_EDGE('',*,*,#1213,.F.);
#1740=ORIENTED_EDGE('',*,*,#1211,.F.);
#1741=ORIENTED_EDGE('',*,*,#1214,.F.);
#1742=ORIENTED_EDGE('',*,*,#1215,.F.);
#1743=ORIENTED_EDGE('',*,*,#1113,.F.);
#1744=ORIENTED_EDGE('',*,*,#1117,.F.);
#1745=ORIENTED_EDGE('',*,*,#1120,.F.);
#1746=ORIENTED_EDGE('',*,*,#1123,.F.);
#1747=ORIENTED_EDGE('',*,*,#1126,.F.);
#1748=ORIENTED_EDGE('',*,*,#1129,.F.);
#1749=ORIENTED_EDGE('',*,*,#1132,.F.);
#1750=ORIENTED_EDGE('',*,*,#1135,.F.);
#1751=ORIENTED_EDGE('',*,*,#1216,.F.);
#1752=ORIENTED_EDGE('',*,*,#1142,.F.);
#1753=ORIENTED_EDGE('',*,*,#1217,.F.);
#1754=ORIENTED_EDGE('',*,*,#1192,.T.);
#1755=ORIENTED_EDGE('',*,*,#1205,.T.);
#1756=ORIENTED_EDGE('',*,*,#1190,.T.);
#1757=ORIENTED_EDGE('',*,*,#1187,.T.);
#1758=ORIENTED_EDGE('',*,*,#1184,.T.);
#1759=ORIENTED_EDGE('',*,*,#1181,.T.);
#1760=ORIENTED_EDGE('',*,*,#1178,.T.);
#1761=ORIENTED_EDGE('',*,*,#1175,.T.);
#1762=ORIENTED_EDGE('',*,*,#1172,.T.);
#1763=ORIENTED_EDGE('',*,*,#1218,.F.);
#1764=ORIENTED_EDGE('',*,*,#1219,.F.);
#1765=ORIENTED_EDGE('',*,*,#1220,.T.);
#1766=ORIENTED_EDGE('',*,*,#1221,.T.);
#1767=ORIENTED_EDGE('',*,*,#1082,.T.);
#1768=ORIENTED_EDGE('',*,*,#1222,.T.);
#1769=ORIENTED_EDGE('',*,*,#1223,.T.);
#1770=ORIENTED_EDGE('',*,*,#1224,.T.);
#1771=ORIENTED_EDGE('',*,*,#1223,.F.);
#1772=ORIENTED_EDGE('',*,*,#1225,.T.);
#1773=ORIENTED_EDGE('',*,*,#1145,.T.);
#1774=ORIENTED_EDGE('',*,*,#1226,.T.);
#1775=ORIENTED_EDGE('',*,*,#1220,.F.);
#1776=ORIENTED_EDGE('',*,*,#1215,.T.);
#1777=ORIENTED_EDGE('',*,*,#1214,.T.);
#1778=ORIENTED_EDGE('',*,*,#1171,.T.);
#1779=ORIENTED_EDGE('',*,*,#1195,.T.);
#1780=ORIENTED_EDGE('',*,*,#1201,.T.);
#1781=ORIENTED_EDGE('',*,*,#1114,.T.);
#1782=ORIENTED_EDGE('',*,*,#1227,.T.);
#1783=ORIENTED_EDGE('',*,*,#1228,.T.);
#1784=ORIENTED_EDGE('',*,*,#1107,.T.);
#1785=ORIENTED_EDGE('',*,*,#1229,.T.);
#1786=ORIENTED_EDGE('',*,*,#1230,.T.);
#1787=ORIENTED_EDGE('',*,*,#1231,.T.);
#1788=ORIENTED_EDGE('',*,*,#1232,.T.);
#1789=ORIENTED_EDGE('',*,*,#1233,.T.);
#1790=ORIENTED_EDGE('',*,*,#1234,.T.);
#1791=ORIENTED_EDGE('',*,*,#1235,.T.);
#1792=ORIENTED_EDGE('',*,*,#1236,.T.);
#1793=ORIENTED_EDGE('',*,*,#1237,.F.);
#1794=ORIENTED_EDGE('',*,*,#1236,.F.);
#1795=ORIENTED_EDGE('',*,*,#1238,.T.);
#1796=ORIENTED_EDGE('',*,*,#1167,.T.);
#1797=ORIENTED_EDGE('',*,*,#1239,.T.);
#1798=ORIENTED_EDGE('',*,*,#1110,.T.);
#1799=ORIENTED_EDGE('',*,*,#1240,.T.);
#1800=ORIENTED_EDGE('',*,*,#1241,.T.);
#1801=ORIENTED_EDGE('',*,*,#1242,.T.);
#1802=ORIENTED_EDGE('',*,*,#1108,.T.);
#1803=ORIENTED_EDGE('',*,*,#1228,.F.);
#1804=ORIENTED_EDGE('',*,*,#1212,.T.);
#1805=ORIENTED_EDGE('',*,*,#1210,.T.);
#1806=ORIENTED_EDGE('',*,*,#1213,.T.);
#1807=ORIENTED_EDGE('',*,*,#1139,.T.);
#1808=ORIENTED_EDGE('',*,*,#1199,.T.);
#1809=ORIENTED_EDGE('',*,*,#1204,.T.);
#1810=ORIENTED_EDGE('',*,*,#1208,.T.);
#1811=ORIENTED_EDGE('',*,*,#1209,.T.);
#1812=ORIENTED_EDGE('',*,*,#1206,.T.);
#1813=ORIENTED_EDGE('',*,*,#1202,.T.);
#1814=ORIENTED_EDGE('',*,*,#1197,.T.);
#1815=ORIENTED_EDGE('',*,*,#1193,.T.);
#1816=ORIENTED_EDGE('',*,*,#1217,.T.);
#1817=ORIENTED_EDGE('',*,*,#1141,.T.);
#1818=ORIENTED_EDGE('',*,*,#1235,.F.);
#1819=ORIENTED_EDGE('',*,*,#1243,.F.);
#1820=ORIENTED_EDGE('',*,*,#1229,.F.);
#1821=ORIENTED_EDGE('',*,*,#1106,.F.);
#1822=ORIENTED_EDGE('',*,*,#1244,.F.);
#1823=ORIENTED_EDGE('',*,*,#1104,.F.);
#1824=ORIENTED_EDGE('',*,*,#1101,.F.);
#1825=ORIENTED_EDGE('',*,*,#1098,.F.);
#1826=ORIENTED_EDGE('',*,*,#1095,.F.);
#1827=ORIENTED_EDGE('',*,*,#1092,.F.);
#1828=ORIENTED_EDGE('',*,*,#1089,.F.);
#1829=ORIENTED_EDGE('',*,*,#1086,.F.);
#1830=ORIENTED_EDGE('',*,*,#1083,.F.);
#1831=ORIENTED_EDGE('',*,*,#1221,.F.);
#1832=ORIENTED_EDGE('',*,*,#1226,.F.);
#1833=ORIENTED_EDGE('',*,*,#1144,.F.);
#1834=ORIENTED_EDGE('',*,*,#1148,.F.);
#1835=ORIENTED_EDGE('',*,*,#1151,.F.);
#1836=ORIENTED_EDGE('',*,*,#1154,.F.);
#1837=ORIENTED_EDGE('',*,*,#1157,.F.);
#1838=ORIENTED_EDGE('',*,*,#1160,.F.);
#1839=ORIENTED_EDGE('',*,*,#1163,.F.);
#1840=ORIENTED_EDGE('',*,*,#1245,.F.);
#1841=ORIENTED_EDGE('',*,*,#1168,.F.);
#1842=ORIENTED_EDGE('',*,*,#1238,.F.);
#1843=ORIENTED_EDGE('',*,*,#1234,.F.);
#1844=ORIENTED_EDGE('',*,*,#1246,.F.);
#1845=ORIENTED_EDGE('',*,*,#1230,.F.);
#1846=ORIENTED_EDGE('',*,*,#1243,.T.);
#1847=ORIENTED_EDGE('',*,*,#1165,.T.);
#1848=ORIENTED_EDGE('',*,*,#1245,.T.);
#1849=ORIENTED_EDGE('',*,*,#1162,.F.);
#1850=ORIENTED_EDGE('',*,*,#1247,.F.);
#1851=ORIENTED_EDGE('',*,*,#1233,.F.);
#1852=ORIENTED_EDGE('',*,*,#1248,.F.);
#1853=ORIENTED_EDGE('',*,*,#1231,.F.);
#1854=ORIENTED_EDGE('',*,*,#1246,.T.);
#1855=ORIENTED_EDGE('',*,*,#1232,.F.);
#1856=ORIENTED_EDGE('',*,*,#1248,.T.);
#1857=ORIENTED_EDGE('',*,*,#1241,.F.);
#1858=ORIENTED_EDGE('',*,*,#1249,.T.);
#1859=ORIENTED_EDGE('',*,*,#1240,.F.);
#1860=ORIENTED_EDGE('',*,*,#1109,.F.);
#1861=ORIENTED_EDGE('',*,*,#1242,.F.);
#1862=ORIENTED_EDGE('',*,*,#1249,.F.);
#1863=ORIENTED_EDGE('',*,*,#1225,.F.);
#1864=ORIENTED_EDGE('',*,*,#1222,.F.);
#1865=ORIENTED_EDGE('',*,*,#1081,.F.);
#1866=ORIENTED_EDGE('',*,*,#1085,.F.);
#1867=ORIENTED_EDGE('',*,*,#1088,.F.);
#1868=ORIENTED_EDGE('',*,*,#1091,.F.);
#1869=ORIENTED_EDGE('',*,*,#1094,.F.);
#1870=ORIENTED_EDGE('',*,*,#1097,.F.);
#1871=ORIENTED_EDGE('',*,*,#1100,.F.);
#1872=ORIENTED_EDGE('',*,*,#1103,.F.);
#1873=ORIENTED_EDGE('',*,*,#1250,.F.);
#1874=ORIENTED_EDGE('',*,*,#1111,.F.);
#1875=ORIENTED_EDGE('',*,*,#1239,.F.);
#1876=ORIENTED_EDGE('',*,*,#1166,.T.);
#1877=ORIENTED_EDGE('',*,*,#1247,.T.);
#1878=ORIENTED_EDGE('',*,*,#1164,.T.);
#1879=ORIENTED_EDGE('',*,*,#1161,.T.);
#1880=ORIENTED_EDGE('',*,*,#1158,.T.);
#1881=ORIENTED_EDGE('',*,*,#1155,.T.);
#1882=ORIENTED_EDGE('',*,*,#1152,.T.);
#1883=ORIENTED_EDGE('',*,*,#1149,.T.);
#1884=ORIENTED_EDGE('',*,*,#1146,.T.);
#1885=ORIENTED_EDGE('',*,*,#1137,.T.);
#1886=ORIENTED_EDGE('',*,*,#1216,.T.);
#1887=ORIENTED_EDGE('',*,*,#1134,.F.);
#1888=ORIENTED_EDGE('',*,*,#1200,.T.);
#1889=ORIENTED_EDGE('',*,*,#1251,.T.);
#1890=ORIENTED_EDGE('',*,*,#1252,.T.);
#1891=ORIENTED_EDGE('',*,*,#1253,.T.);
#1892=ORIENTED_EDGE('',*,*,#1254,.T.);
#1893=ORIENTED_EDGE('',*,*,#1253,.F.);
#1894=ORIENTED_EDGE('',*,*,#1254,.F.);
#1895=ORIENTED_EDGE('',*,*,#1255,.T.);
#1896=ORIENTED_EDGE('',*,*,#1256,.F.);
#1897=ORIENTED_EDGE('',*,*,#1257,.T.);
#1898=ORIENTED_EDGE('',*,*,#1251,.F.);
#1899=ORIENTED_EDGE('',*,*,#1252,.F.);
#1900=ORIENTED_EDGE('',*,*,#1257,.F.);
#1901=ORIENTED_EDGE('',*,*,#1258,.T.);
#1902=ORIENTED_EDGE('',*,*,#1259,.T.);
#1903=ORIENTED_EDGE('',*,*,#1218,.T.);
#1904=ORIENTED_EDGE('',*,*,#1219,.T.);
#1905=ORIENTED_EDGE('',*,*,#1259,.F.);
#1906=ORIENTED_EDGE('',*,*,#1258,.F.);
#1907=ORIENTED_EDGE('',*,*,#1260,.F.);
#1908=ORIENTED_EDGE('',*,*,#1224,.F.);
#1909=ORIENTED_EDGE('',*,*,#1237,.T.);
#1910=ORIENTED_EDGE('',*,*,#1255,.F.);
#1911=ORIENTED_EDGE('',*,*,#1261,.T.);
#1912=ORIENTED_EDGE('',*,*,#1260,.T.);
#1913=ORIENTED_EDGE('',*,*,#1261,.F.);
#1914=ORIENTED_EDGE('',*,*,#1256,.T.);
#1915=ORIENTED_EDGE('',*,*,#1227,.F.);
#1916=ORIENTED_EDGE('',*,*,#1105,.T.);
#1917=ORIENTED_EDGE('',*,*,#1250,.T.);
#1918=ORIENTED_EDGE('',*,*,#1102,.F.);
#1919=ORIENTED_EDGE('',*,*,#1244,.T.);
#1920=CYLINDRICAL_SURFACE('',#2153,0.367219701676665);
#1921=CYLINDRICAL_SURFACE('',#2156,0.881685836316132);
#1922=CYLINDRICAL_SURFACE('',#2159,0.367219701676665);
#1923=CYLINDRICAL_SURFACE('',#2162,0.367219701676665);
#1924=CYLINDRICAL_SURFACE('',#2165,0.881685836316132);
#1925=CYLINDRICAL_SURFACE('',#2168,0.367219701676665);
#1926=CYLINDRICAL_SURFACE('',#2171,0.367219701676665);
#1927=CYLINDRICAL_SURFACE('',#2174,0.881685836316132);
#1928=CYLINDRICAL_SURFACE('',#2177,0.367219701676665);
#1929=CYLINDRICAL_SURFACE('',#2180,5.34857795092486);
#1930=CYLINDRICAL_SURFACE('',#2183,0.367219701676665);
#1931=CYLINDRICAL_SURFACE('',#2186,0.881685836316132);
#1932=CYLINDRICAL_SURFACE('',#2189,0.367219701676665);
#1933=CYLINDRICAL_SURFACE('',#2192,5.34857795092486);
#1934=CYLINDRICAL_SURFACE('',#2195,0.367219701676665);
#1935=CYLINDRICAL_SURFACE('',#2198,0.881685836316132);
#1936=CYLINDRICAL_SURFACE('',#2201,0.367219701676665);
#1937=CYLINDRICAL_SURFACE('',#2204,0.367219701676665);
#1938=CYLINDRICAL_SURFACE('',#2207,0.881685836316132);
#1939=CYLINDRICAL_SURFACE('',#2210,0.367219701676665);
#1940=CYLINDRICAL_SURFACE('',#2213,5.34857795092486);
#1941=CYLINDRICAL_SURFACE('',#2216,5.34857795092486);
#1942=CYLINDRICAL_SURFACE('',#2219,0.367219701676665);
#1943=CYLINDRICAL_SURFACE('',#2222,0.881685836316132);
#1944=CYLINDRICAL_SURFACE('',#2225,0.367219701676665);
#1945=CYLINDRICAL_SURFACE('',#2228,5.34857795092486);
#1946=CYLINDRICAL_SURFACE('',#2231,5.34857795092486);
#1947=CYLINDRICAL_SURFACE('',#2234,0.367219701676665);
#1948=CYLINDRICAL_SURFACE('',#2237,0.881685836316132);
#1949=CYLINDRICAL_SURFACE('',#2240,0.367219701676665);
#1950=CYLINDRICAL_SURFACE('',#2243,5.34857795092486);
#1951=CYLINDRICAL_SURFACE('',#2246,5.34857795092486);
#1952=CYLINDRICAL_SURFACE('',#2249,0.367219701676665);
#1953=CYLINDRICAL_SURFACE('',#2252,0.881685836316132);
#1954=CYLINDRICAL_SURFACE('',#2255,0.367219701676665);
#1955=CYLINDRICAL_SURFACE('',#2258,0.367219701676665);
#1956=CYLINDRICAL_SURFACE('',#2261,0.881685836316132);
#1957=CYLINDRICAL_SURFACE('',#2264,0.367219701676665);
#1958=CYLINDRICAL_SURFACE('',#2267,5.34857795092486);
#1959=CYLINDRICAL_SURFACE('',#2270,0.367219701676665);
#1960=CYLINDRICAL_SURFACE('',#2273,0.881685836316132);
#1961=CYLINDRICAL_SURFACE('',#2276,0.367219701676665);
#1962=CYLINDRICAL_SURFACE('',#2279,5.34857795092486);
#1963=CYLINDRICAL_SURFACE('',#2282,3.175);
#1964=CYLINDRICAL_SURFACE('',#2285,5.34857795092486);
#1965=CYLINDRICAL_SURFACE('',#2288,0.367219701676665);
#1966=CYLINDRICAL_SURFACE('',#2291,0.881685836316132);
#1967=CYLINDRICAL_SURFACE('',#2294,0.367219701676665);
#1968=CYLINDRICAL_SURFACE('',#2297,5.34857795092486);
#1969=CYLINDRICAL_SURFACE('',#2303,1.70815);
#1970=CYLINDRICAL_SURFACE('',#2304,1.70815);
#1971=CYLINDRICAL_SURFACE('',#2305,1.70815);
#1972=CYLINDRICAL_SURFACE('',#2306,1.70815);
#1973=CYLINDRICAL_SURFACE('',#2307,1.70815);
#1974=CYLINDRICAL_SURFACE('',#2308,1.70815);
#1975=CYLINDRICAL_SURFACE('',#2309,1.70815);
#1976=CYLINDRICAL_SURFACE('',#2310,1.70815);
#1977=CYLINDRICAL_SURFACE('',#2311,1.70815);
#1978=CYLINDRICAL_SURFACE('',#2312,1.70815);
#1979=CYLINDRICAL_SURFACE('',#2313,1.70815);
#1980=CYLINDRICAL_SURFACE('',#2314,1.70815);
#1981=CYLINDRICAL_SURFACE('',#2315,1.70815);
#1982=CYLINDRICAL_SURFACE('',#2316,1.70815);
#1983=CYLINDRICAL_SURFACE('',#2317,1.70815);
#1984=CYLINDRICAL_SURFACE('',#2318,1.70815);
#1985=CYLINDRICAL_SURFACE('',#2319,1.70815);
#1986=CYLINDRICAL_SURFACE('',#2320,1.70815);
#1987=CYLINDRICAL_SURFACE('',#2321,2.0828);
#1988=CYLINDRICAL_SURFACE('',#2322,2.0828);
#1989=CYLINDRICAL_SURFACE('',#2323,2.0828);
#1990=CYLINDRICAL_SURFACE('',#2324,2.0828);
#1991=CYLINDRICAL_SURFACE('',#2325,2.0828);
#1992=CYLINDRICAL_SURFACE('',#2326,2.0828);
#1993=CYLINDRICAL_SURFACE('',#2327,2.0828);
#1994=CYLINDRICAL_SURFACE('',#2328,2.0828);
#1995=CYLINDRICAL_SURFACE('',#2329,2.0828);
#1996=CYLINDRICAL_SURFACE('',#2330,2.0828);
#1997=CYLINDRICAL_SURFACE('',#2331,2.0828);
#1998=CYLINDRICAL_SURFACE('',#2332,2.0828);
#1999=CYLINDRICAL_SURFACE('',#2333,2.0828);
#2000=CYLINDRICAL_SURFACE('',#2334,2.0828);
#2001=CYLINDRICAL_SURFACE('',#2335,2.0828);
#2002=CYLINDRICAL_SURFACE('',#2336,2.0828);
#2003=CYLINDRICAL_SURFACE('',#2337,2.0828);
#2004=CYLINDRICAL_SURFACE('',#2338,2.0828);
#2005=CYLINDRICAL_SURFACE('',#2341,10.);
#2006=CYLINDRICAL_SURFACE('',#2345,3.175);
#2007=CYLINDRICAL_SURFACE('',#2348,2.0828);
#2008=CYLINDRICAL_SURFACE('',#2349,2.0828);
#2009=CYLINDRICAL_SURFACE('',#2352,1.70815);
#2010=CYLINDRICAL_SURFACE('',#2359,7.3486);
#2011=CYLINDRICAL_SURFACE('',#2366,3.5);
#2012=CYLINDRICAL_SURFACE('',#2368,1.70815);
#2013=ADVANCED_FACE('',(#179),#1920,.T.);
#2014=ADVANCED_FACE('',(#180),#1921,.F.);
#2015=ADVANCED_FACE('',(#181),#1922,.T.);
#2016=ADVANCED_FACE('',(#182),#1923,.T.);
#2017=ADVANCED_FACE('',(#183),#1924,.F.);
#2018=ADVANCED_FACE('',(#184),#1925,.T.);
#2019=ADVANCED_FACE('',(#185),#1926,.T.);
#2020=ADVANCED_FACE('',(#186),#1927,.F.);
#2021=ADVANCED_FACE('',(#187),#1928,.T.);
#2022=ADVANCED_FACE('',(#188),#1929,.T.);
#2023=ADVANCED_FACE('',(#189),#1930,.T.);
#2024=ADVANCED_FACE('',(#190),#1931,.F.);
#2025=ADVANCED_FACE('',(#191),#1932,.T.);
#2026=ADVANCED_FACE('',(#192),#1933,.T.);
#2027=ADVANCED_FACE('',(#193),#1934,.T.);
#2028=ADVANCED_FACE('',(#194),#1935,.F.);
#2029=ADVANCED_FACE('',(#195),#1936,.T.);
#2030=ADVANCED_FACE('',(#196),#1937,.T.);
#2031=ADVANCED_FACE('',(#197),#1938,.F.);
#2032=ADVANCED_FACE('',(#198),#1939,.T.);
#2033=ADVANCED_FACE('',(#199),#1940,.T.);
#2034=ADVANCED_FACE('',(#200),#1941,.T.);
#2035=ADVANCED_FACE('',(#201),#1942,.T.);
#2036=ADVANCED_FACE('',(#202),#1943,.F.);
#2037=ADVANCED_FACE('',(#203),#1944,.T.);
#2038=ADVANCED_FACE('',(#204),#1945,.T.);
#2039=ADVANCED_FACE('',(#205),#1946,.T.);
#2040=ADVANCED_FACE('',(#206),#1947,.T.);
#2041=ADVANCED_FACE('',(#207),#1948,.F.);
#2042=ADVANCED_FACE('',(#208),#1949,.T.);
#2043=ADVANCED_FACE('',(#209),#1950,.T.);
#2044=ADVANCED_FACE('',(#210),#1951,.T.);
#2045=ADVANCED_FACE('',(#211),#1952,.T.);
#2046=ADVANCED_FACE('',(#212),#1953,.F.);
#2047=ADVANCED_FACE('',(#213),#1954,.T.);
#2048=ADVANCED_FACE('',(#214),#1955,.T.);
#2049=ADVANCED_FACE('',(#215),#1956,.F.);
#2050=ADVANCED_FACE('',(#216),#1957,.T.);
#2051=ADVANCED_FACE('',(#217),#1958,.T.);
#2052=ADVANCED_FACE('',(#218),#1959,.T.);
#2053=ADVANCED_FACE('',(#219),#1960,.F.);
#2054=ADVANCED_FACE('',(#220),#1961,.T.);
#2055=ADVANCED_FACE('',(#221),#1962,.T.);
#2056=ADVANCED_FACE('',(#222),#1963,.F.);
#2057=ADVANCED_FACE('',(#223),#1964,.T.);
#2058=ADVANCED_FACE('',(#224),#1965,.T.);
#2059=ADVANCED_FACE('',(#225),#1966,.F.);
#2060=ADVANCED_FACE('',(#226),#1967,.T.);
#2061=ADVANCED_FACE('',(#227),#1968,.T.);
#2062=ADVANCED_FACE('',(#228,#161),#169,.T.);
#2063=ADVANCED_FACE('',(#229,#162),#170,.F.);
#2064=ADVANCED_FACE('',(#230),#1969,.F.);
#2065=ADVANCED_FACE('',(#231),#1970,.F.);
#2066=ADVANCED_FACE('',(#232),#1971,.F.);
#2067=ADVANCED_FACE('',(#233),#1972,.F.);
#2068=ADVANCED_FACE('',(#234),#1973,.F.);
#2069=ADVANCED_FACE('',(#235),#1974,.F.);
#2070=ADVANCED_FACE('',(#236),#1975,.F.);
#2071=ADVANCED_FACE('',(#237),#1976,.F.);
#2072=ADVANCED_FACE('',(#238),#1977,.F.);
#2073=ADVANCED_FACE('',(#239),#1978,.F.);
#2074=ADVANCED_FACE('',(#240),#1979,.F.);
#2075=ADVANCED_FACE('',(#241),#1980,.F.);
#2076=ADVANCED_FACE('',(#242),#1981,.F.);
#2077=ADVANCED_FACE('',(#243),#1982,.F.);
#2078=ADVANCED_FACE('',(#244),#1983,.F.);
#2079=ADVANCED_FACE('',(#245),#1984,.F.);
#2080=ADVANCED_FACE('',(#246),#1985,.F.);
#2081=ADVANCED_FACE('',(#247),#1986,.F.);
#2082=ADVANCED_FACE('',(#248),#1987,.F.);
#2083=ADVANCED_FACE('',(#249),#1988,.F.);
#2084=ADVANCED_FACE('',(#250),#1989,.F.);
#2085=ADVANCED_FACE('',(#251),#1990,.F.);
#2086=ADVANCED_FACE('',(#252),#1991,.F.);
#2087=ADVANCED_FACE('',(#253),#1992,.F.);
#2088=ADVANCED_FACE('',(#254),#1993,.F.);
#2089=ADVANCED_FACE('',(#255),#1994,.F.);
#2090=ADVANCED_FACE('',(#256),#1995,.F.);
#2091=ADVANCED_FACE('',(#257),#1996,.F.);
#2092=ADVANCED_FACE('',(#258),#1997,.F.);
#2093=ADVANCED_FACE('',(#259),#1998,.F.);
#2094=ADVANCED_FACE('',(#260),#1999,.F.);
#2095=ADVANCED_FACE('',(#261),#2000,.F.);
#2096=ADVANCED_FACE('',(#262),#2001,.F.);
#2097=ADVANCED_FACE('',(#263),#2002,.F.);
#2098=ADVANCED_FACE('',(#264),#21,.F.);
#2099=ADVANCED_FACE('',(#265),#2003,.F.);
#2100=ADVANCED_FACE('',(#266),#2004,.F.);
#2101=ADVANCED_FACE('',(#267),#22,.F.);
#2102=ADVANCED_FACE('',(#268),#171,.F.);
#2103=ADVANCED_FACE('',(#269),#172,.F.);
#2104=ADVANCED_FACE('',(#270),#23,.F.);
#2105=ADVANCED_FACE('',(#271),#24,.F.);
#2106=ADVANCED_FACE('',(#272,#163),#2005,.T.);
#2107=ADVANCED_FACE('',(#273,#164),#2006,.F.);
#2108=ADVANCED_FACE('',(#274),#25,.F.);
#2109=ADVANCED_FACE('',(#275),#2007,.F.);
#2110=ADVANCED_FACE('',(#276),#2008,.F.);
#2111=ADVANCED_FACE('',(#277),#26,.F.);
#2112=ADVANCED_FACE('',(#278),#173,.F.);
#2113=ADVANCED_FACE('',(#279),#174,.F.);
#2114=ADVANCED_FACE('',(#280),#27,.F.);
#2115=ADVANCED_FACE('',(#281),#28,.F.);
#2116=ADVANCED_FACE('',(#282),#2009,.F.);
#2117=ADVANCED_FACE('',(#283),#19,.T.);
#2118=ADVANCED_FACE('',(#284,#165),#175,.T.);
#2119=ADVANCED_FACE('',(#285),#2010,.T.);
#2120=ADVANCED_FACE('',(#286),#20,.T.);
#2121=ADVANCED_FACE('',(#287,#166),#176,.T.);
#2122=ADVANCED_FACE('',(#288,#167),#177,.T.);
#2123=ADVANCED_FACE('',(#289),#2011,.T.);
#2124=ADVANCED_FACE('',(#290,#168),#178,.T.);
#2125=ADVANCED_FACE('',(#291),#2012,.F.);
#2126=CLOSED_SHELL('',(#2013,#2014,#2015,#2016,#2017,#2018,#2019,#2020,
#2021,#2022,#2023,#2024,#2025,#2026,#2027,#2028,#2029,#2030,#2031,#2032,
#2033,#2034,#2035,#2036,#2037,#2038,#2039,#2040,#2041,#2042,#2043,#2044,
#2045,#2046,#2047,#2048,#2049,#2050,#2051,#2052,#2053,#2054,#2055,#2056,
#2057,#2058,#2059,#2060,#2061,#2062,#2063));
#2127=CLOSED_SHELL('',(#2064,#2065,#2066,#2067,#2068,#2069,#2070,#2071,
#2072,#2073,#2074,#2075,#2076,#2077,#2078,#2079,#2080,#2081,#2082,#2083,
#2084,#2085,#2086,#2087,#2088,#2089,#2090,#2091,#2092,#2093,#2094,#2095,
#2096,#2097,#2098,#2099,#2100,#2101,#2102,#2103,#2104,#2105,#2106,#2107,
#2108,#2109,#2110,#2111,#2112,#2113,#2114,#2115,#2116,#2117,#2118,#2119,
#2120,#2121,#2122,#2123,#2124,#2125));
#2128=DERIVED_UNIT_ELEMENT(#2132,1.);
#2129=DERIVED_UNIT_ELEMENT(#6535,-3.);
#2130=DERIVED_UNIT_ELEMENT(#2132,1.);
#2131=DERIVED_UNIT_ELEMENT(#6535,-3.);
#2132=(
MASS_UNIT()
NAMED_UNIT(*)
SI_UNIT(.KILO.,.GRAM.)
);
#2133=DERIVED_UNIT((#2128,#2129));
#2134=DERIVED_UNIT((#2130,#2131));
#2135=MEASURE_REPRESENTATION_ITEM('density measure',
POSITIVE_RATIO_MEASURE(2700.),#2133);
#2136=MEASURE_REPRESENTATION_ITEM('density measure',
POSITIVE_RATIO_MEASURE(2700.),#2134);
#2137=PROPERTY_DEFINITION_REPRESENTATION(#2147,#2141);
#2138=PROPERTY_DEFINITION_REPRESENTATION(#2148,#2142);
#2139=PROPERTY_DEFINITION_REPRESENTATION(#2149,#2143);
#2140=PROPERTY_DEFINITION_REPRESENTATION(#2150,#2144);
#2141=REPRESENTATION('material name',(#2145),#6531);
#2142=REPRESENTATION('density',(#2135),#6531);
#2143=REPRESENTATION('material name',(#2146),#6532);
#2144=REPRESENTATION('density',(#2136),#6532);
#2145=DESCRIPTIVE_REPRESENTATION_ITEM('Aluminum','Aluminum');
#2146=DESCRIPTIVE_REPRESENTATION_ITEM('Aluminum','Aluminum');
#2147=PROPERTY_DEFINITION('material property','material name',#6551);
#2148=PROPERTY_DEFINITION('material property','density of part',#6551);
#2149=PROPERTY_DEFINITION('material property','material name',#6552);
#2150=PROPERTY_DEFINITION('material property','density of part',#6552);
#2151=AXIS2_PLACEMENT_3D('',#2906,#2371,#2372);
#2152=AXIS2_PLACEMENT_3D('',#2907,#2373,#2374);
#2153=AXIS2_PLACEMENT_3D('',#2908,#2375,#2376);
#2154=AXIS2_PLACEMENT_3D('',#2911,#2377,#2378);
#2155=AXIS2_PLACEMENT_3D('',#2915,#2380,#2381);
#2156=AXIS2_PLACEMENT_3D('',#2917,#2383,#2384);
#2157=AXIS2_PLACEMENT_3D('',#2919,#2385,#2386);
#2158=AXIS2_PLACEMENT_3D('',#2921,#2387,#2388);
#2159=AXIS2_PLACEMENT_3D('',#2923,#2390,#2391);
#2160=AXIS2_PLACEMENT_3D('',#2925,#2392,#2393);
#2161=AXIS2_PLACEMENT_3D('',#2927,#2394,#2395);
#2162=AXIS2_PLACEMENT_3D('',#2929,#2397,#2398);
#2163=AXIS2_PLACEMENT_3D('',#2932,#2399,#2400);
#2164=AXIS2_PLACEMENT_3D('',#2936,#2402,#2403);
#2165=AXIS2_PLACEMENT_3D('',#2938,#2405,#2406);
#2166=AXIS2_PLACEMENT_3D('',#2940,#2407,#2408);
#2167=AXIS2_PLACEMENT_3D('',#2942,#2409,#2410);
#2168=AXIS2_PLACEMENT_3D('',#2944,#2412,#2413);
#2169=AXIS2_PLACEMENT_3D('',#2946,#2414,#2415);
#2170=AXIS2_PLACEMENT_3D('',#2948,#2416,#2417);
#2171=AXIS2_PLACEMENT_3D('',#2950,#2419,#2420);
#2172=AXIS2_PLACEMENT_3D('',#2953,#2421,#2422);
#2173=AXIS2_PLACEMENT_3D('',#2957,#2424,#2425);
#2174=AXIS2_PLACEMENT_3D('',#2959,#2427,#2428);
#2175=AXIS2_PLACEMENT_3D('',#2961,#2429,#2430);
#2176=AXIS2_PLACEMENT_3D('',#2963,#2431,#2432);
#2177=AXIS2_PLACEMENT_3D('',#2965,#2434,#2435);
#2178=AXIS2_PLACEMENT_3D('',#2967,#2436,#2437);
#2179=AXIS2_PLACEMENT_3D('',#2969,#2438,#2439);
#2180=AXIS2_PLACEMENT_3D('',#2971,#2441,#2442);
#2181=AXIS2_PLACEMENT_3D('',#2973,#2443,#2444);
#2182=AXIS2_PLACEMENT_3D('',#2975,#2445,#2446);
#2183=AXIS2_PLACEMENT_3D('',#2977,#2448,#2449);
#2184=AXIS2_PLACEMENT_3D('',#2979,#2450,#2451);
#2185=AXIS2_PLACEMENT_3D('',#2981,#2452,#2453);
#2186=AXIS2_PLACEMENT_3D('',#2983,#2455,#2456);
#2187=AXIS2_PLACEMENT_3D('',#2985,#2457,#2458);
#2188=AXIS2_PLACEMENT_3D('',#2987,#2459,#2460);
#2189=AXIS2_PLACEMENT_3D('',#2989,#2462,#2463);
#2190=AXIS2_PLACEMENT_3D('',#2991,#2464,#2465);
#2191=AXIS2_PLACEMENT_3D('',#2993,#2466,#2467);
#2192=AXIS2_PLACEMENT_3D('',#2995,#2469,#2470);
#2193=AXIS2_PLACEMENT_3D('',#2996,#2471,#2472);
#2194=AXIS2_PLACEMENT_3D('',#2997,#2473,#2474);
#2195=AXIS2_PLACEMENT_3D('',#2998,#2475,#2476);
#2196=AXIS2_PLACEMENT_3D('',#3001,#2477,#2478);
#2197=AXIS2_PLACEMENT_3D('',#3005,#2480,#2481);
#2198=AXIS2_PLACEMENT_3D('',#3007,#2483,#2484);
#2199=AXIS2_PLACEMENT_3D('',#3009,#2485,#2486);
#2200=AXIS2_PLACEMENT_3D('',#3011,#2487,#2488);
#2201=AXIS2_PLACEMENT_3D('',#3013,#2490,#2491);
#2202=AXIS2_PLACEMENT_3D('',#3015,#2492,#2493);
#2203=AXIS2_PLACEMENT_3D('',#3017,#2494,#2495);
#2204=AXIS2_PLACEMENT_3D('',#3019,#2497,#2498);
#2205=AXIS2_PLACEMENT_3D('',#3022,#2499,#2500);
#2206=AXIS2_PLACEMENT_3D('',#3026,#2502,#2503);
#2207=AXIS2_PLACEMENT_3D('',#3028,#2505,#2506);
#2208=AXIS2_PLACEMENT_3D('',#3030,#2507,#2508);
#2209=AXIS2_PLACEMENT_3D('',#3032,#2509,#2510);
#2210=AXIS2_PLACEMENT_3D('',#3034,#2512,#2513);
#2211=AXIS2_PLACEMENT_3D('',#3036,#2514,#2515);
#2212=AXIS2_PLACEMENT_3D('',#3038,#2516,#2517);
#2213=AXIS2_PLACEMENT_3D('',#3040,#2519,#2520);
#2214=AXIS2_PLACEMENT_3D('',#3041,#2521,#2522);
#2215=AXIS2_PLACEMENT_3D('',#3042,#2523,#2524);
#2216=AXIS2_PLACEMENT_3D('',#3043,#2525,#2526);
#2217=AXIS2_PLACEMENT_3D('',#3045,#2527,#2528);
#2218=AXIS2_PLACEMENT_3D('',#3047,#2529,#2530);
#2219=AXIS2_PLACEMENT_3D('',#3049,#2532,#2533);
#2220=AXIS2_PLACEMENT_3D('',#3051,#2534,#2535);
#2221=AXIS2_PLACEMENT_3D('',#3053,#2536,#2537);
#2222=AXIS2_PLACEMENT_3D('',#3055,#2539,#2540);
#2223=AXIS2_PLACEMENT_3D('',#3057,#2541,#2542);
#2224=AXIS2_PLACEMENT_3D('',#3059,#2543,#2544);
#2225=AXIS2_PLACEMENT_3D('',#3061,#2546,#2547);
#2226=AXIS2_PLACEMENT_3D('',#3063,#2548,#2549);
#2227=AXIS2_PLACEMENT_3D('',#3065,#2550,#2551);
#2228=AXIS2_PLACEMENT_3D('',#3067,#2553,#2554);
#2229=AXIS2_PLACEMENT_3D('',#3068,#2555,#2556);
#2230=AXIS2_PLACEMENT_3D('',#3069,#2557,#2558);
#2231=AXIS2_PLACEMENT_3D('',#3070,#2559,#2560);
#2232=AXIS2_PLACEMENT_3D('',#3072,#2561,#2562);
#2233=AXIS2_PLACEMENT_3D('',#3074,#2563,#2564);
#2234=AXIS2_PLACEMENT_3D('',#3076,#2566,#2567);
#2235=AXIS2_PLACEMENT_3D('',#3078,#2568,#2569);
#2236=AXIS2_PLACEMENT_3D('',#3080,#2570,#2571);
#2237=AXIS2_PLACEMENT_3D('',#3082,#2573,#2574);
#2238=AXIS2_PLACEMENT_3D('',#3084,#2575,#2576);
#2239=AXIS2_PLACEMENT_3D('',#3086,#2577,#2578);
#2240=AXIS2_PLACEMENT_3D('',#3088,#2580,#2581);
#2241=AXIS2_PLACEMENT_3D('',#3090,#2582,#2583);
#2242=AXIS2_PLACEMENT_3D('',#3092,#2584,#2585);
#2243=AXIS2_PLACEMENT_3D('',#3094,#2587,#2588);
#2244=AXIS2_PLACEMENT_3D('',#3095,#2589,#2590);
#2245=AXIS2_PLACEMENT_3D('',#3096,#2591,#2592);
#2246=AXIS2_PLACEMENT_3D('',#3097,#2593,#2594);
#2247=AXIS2_PLACEMENT_3D('',#3099,#2595,#2596);
#2248=AXIS2_PLACEMENT_3D('',#3101,#2597,#2598);
#2249=AXIS2_PLACEMENT_3D('',#3103,#2600,#2601);
#2250=AXIS2_PLACEMENT_3D('',#3105,#2602,#2603);
#2251=AXIS2_PLACEMENT_3D('',#3107,#2604,#2605);
#2252=AXIS2_PLACEMENT_3D('',#3109,#2607,#2608);
#2253=AXIS2_PLACEMENT_3D('',#3111,#2609,#2610);
#2254=AXIS2_PLACEMENT_3D('',#3113,#2611,#2612);
#2255=AXIS2_PLACEMENT_3D('',#3115,#2614,#2615);
#2256=AXIS2_PLACEMENT_3D('',#3117,#2616,#2617);
#2257=AXIS2_PLACEMENT_3D('',#3119,#2618,#2619);
#2258=AXIS2_PLACEMENT_3D('',#3121,#2621,#2622);
#2259=AXIS2_PLACEMENT_3D('',#3124,#2623,#2624);
#2260=AXIS2_PLACEMENT_3D('',#3128,#2626,#2627);
#2261=AXIS2_PLACEMENT_3D('',#3130,#2629,#2630);
#2262=AXIS2_PLACEMENT_3D('',#3132,#2631,#2632);
#2263=AXIS2_PLACEMENT_3D('',#3134,#2633,#2634);
#2264=AXIS2_PLACEMENT_3D('',#3136,#2636,#2637);
#2265=AXIS2_PLACEMENT_3D('',#3138,#2638,#2639);
#2266=AXIS2_PLACEMENT_3D('',#3140,#2640,#2641);
#2267=AXIS2_PLACEMENT_3D('',#3142,#2643,#2644);
#2268=AXIS2_PLACEMENT_3D('',#3143,#2645,#2646);
#2269=AXIS2_PLACEMENT_3D('',#3144,#2647,#2648);
#2270=AXIS2_PLACEMENT_3D('',#3145,#2649,#2650);
#2271=AXIS2_PLACEMENT_3D('',#3148,#2651,#2652);
#2272=AXIS2_PLACEMENT_3D('',#3152,#2654,#2655);
#2273=AXIS2_PLACEMENT_3D('',#3154,#2657,#2658);
#2274=AXIS2_PLACEMENT_3D('',#3156,#2659,#2660);
#2275=AXIS2_PLACEMENT_3D('',#3158,#2661,#2662);
#2276=AXIS2_PLACEMENT_3D('',#3160,#2664,#2665);
#2277=AXIS2_PLACEMENT_3D('',#3162,#2666,#2667);
#2278=AXIS2_PLACEMENT_3D('',#3164,#2668,#2669);
#2279=AXIS2_PLACEMENT_3D('',#3166,#2671,#2672);
#2280=AXIS2_PLACEMENT_3D('',#3167,#2673,#2674);
#2281=AXIS2_PLACEMENT_3D('',#3168,#2675,#2676);
#2282=AXIS2_PLACEMENT_3D('',#3169,#2677,#2678);
#2283=AXIS2_PLACEMENT_3D('',#3171,#2679,#2680);
#2284=AXIS2_PLACEMENT_3D('',#3174,#2682,#2683);
#2285=AXIS2_PLACEMENT_3D('',#3175,#2684,#2685);
#2286=AXIS2_PLACEMENT_3D('',#3177,#2686,#2687);
#2287=AXIS2_PLACEMENT_3D('',#3179,#2688,#2689);
#2288=AXIS2_PLACEMENT_3D('',#3181,#2691,#2692);
#2289=AXIS2_PLACEMENT_3D('',#3183,#2693,#2694);
#2290=AXIS2_PLACEMENT_3D('',#3185,#2695,#2696);
#2291=AXIS2_PLACEMENT_3D('',#3187,#2698,#2699);
#2292=AXIS2_PLACEMENT_3D('',#3189,#2700,#2701);
#2293=AXIS2_PLACEMENT_3D('',#3191,#2702,#2703);
#2294=AXIS2_PLACEMENT_3D('',#3193,#2705,#2706);
#2295=AXIS2_PLACEMENT_3D('',#3195,#2707,#2708);
#2296=AXIS2_PLACEMENT_3D('',#3197,#2709,#2710);
#2297=AXIS2_PLACEMENT_3D('',#3199,#2712,#2713);
#2298=AXIS2_PLACEMENT_3D('',#3200,#2714,#2715);
#2299=AXIS2_PLACEMENT_3D('',#3201,#2716,#2717);
#2300=AXIS2_PLACEMENT_3D('',#3202,#2718,#2719);
#2301=AXIS2_PLACEMENT_3D('',#3203,#2720,#2721);
#2302=AXIS2_PLACEMENT_3D('',#3204,#2722,#2723);
#2303=AXIS2_PLACEMENT_3D('',#3205,#2724,#2725);
#2304=AXIS2_PLACEMENT_3D('',#3241,#2727,#2728);
#2305=AXIS2_PLACEMENT_3D('',#3292,#2730,#2731);
#2306=AXIS2_PLACEMENT_3D('',#3340,#2733,#2734);
#2307=AXIS2_PLACEMENT_3D('',#3391,#2736,#2737);
#2308=AXIS2_PLACEMENT_3D('',#3442,#2739,#2740);
#2309=AXIS2_PLACEMENT_3D('',#3490,#2742,#2743);
#2310=AXIS2_PLACEMENT_3D('',#3541,#2745,#2746);
#2311=AXIS2_PLACEMENT_3D('',#3592,#2748,#2749);
#2312=AXIS2_PLACEMENT_3D('',#3645,#2751,#2752);
#2313=AXIS2_PLACEMENT_3D('',#3681,#2754,#2755);
#2314=AXIS2_PLACEMENT_3D('',#3732,#2757,#2758);
#2315=AXIS2_PLACEMENT_3D('',#3780,#2760,#2761);
#2316=AXIS2_PLACEMENT_3D('',#3831,#2763,#2764);
#2317=AXIS2_PLACEMENT_3D('',#3882,#2766,#2767);
#2318=AXIS2_PLACEMENT_3D('',#3930,#2769,#2770);
#2319=AXIS2_PLACEMENT_3D('',#3981,#2772,#2773);
#2320=AXIS2_PLACEMENT_3D('',#4032,#2775,#2776);
#2321=AXIS2_PLACEMENT_3D('',#4082,#2778,#2779);
#2322=AXIS2_PLACEMENT_3D('',#4113,#2781,#2782);
#2323=AXIS2_PLACEMENT_3D('',#4137,#2784,#2785);
#2324=AXIS2_PLACEMENT_3D('',#4161,#2787,#2788);
#2325=AXIS2_PLACEMENT_3D('',#4187,#2790,#2791);
#2326=AXIS2_PLACEMENT_3D('',#4211,#2793,#2794);
#2327=AXIS2_PLACEMENT_3D('',#4235,#2796,#2797);
#2328=AXIS2_PLACEMENT_3D('',#4261,#2799,#2800);
#2329=AXIS2_PLACEMENT_3D('',#4290,#2802,#2803);
#2330=AXIS2_PLACEMENT_3D('',#4321,#2805,#2806);
#2331=AXIS2_PLACEMENT_3D('',#4345,#2808,#2809);
#2332=AXIS2_PLACEMENT_3D('',#4369,#2811,#2812);
#2333=AXIS2_PLACEMENT_3D('',#4395,#2814,#2815);
#2334=AXIS2_PLACEMENT_3D('',#4419,#2817,#2818);
#2335=AXIS2_PLACEMENT_3D('',#4443,#2820,#2821);
#2336=AXIS2_PLACEMENT_3D('',#4469,#2823,#2824);
#2337=AXIS2_PLACEMENT_3D('',#4914,#2826,#2827);
#2338=AXIS2_PLACEMENT_3D('',#4934,#2828,#2829);
#2339=AXIS2_PLACEMENT_3D('',#5016,#2830,#2831);
#2340=AXIS2_PLACEMENT_3D('',#5018,#2833,#2834);
#2341=AXIS2_PLACEMENT_3D('',#5488,#2836,#2837);
#2342=AXIS2_PLACEMENT_3D('',#5491,#2838,#2839);
#2343=AXIS2_PLACEMENT_3D('',#5492,#2840,#2841);
#2344=AXIS2_PLACEMENT_3D('',#5550,#2844,#2845);
#2345=AXIS2_PLACEMENT_3D('',#5666,#2846,#2847);
#2346=AXIS2_PLACEMENT_3D('',#5668,#2848,#2849);
#2347=AXIS2_PLACEMENT_3D('',#5775,#2853,#2854);
#2348=AXIS2_PLACEMENT_3D('',#6105,#2856,#2857);
#2349=AXIS2_PLACEMENT_3D('',#6111,#2858,#2859);
#2350=AXIS2_PLACEMENT_3D('',#6179,#2860,#2861);
#2351=AXIS2_PLACEMENT_3D('',#6180,#2862,#2863);
#2352=AXIS2_PLACEMENT_3D('',#6496,#2864,#2865);
#2353=AXIS2_PLACEMENT_3D('',#6497,#2866,#2867);
#2354=AXIS2_PLACEMENT_3D('',#6500,#2868,#2869);
#2355=AXIS2_PLACEMENT_3D('',#6501,#2870,#2871);
#2356=AXIS2_PLACEMENT_3D('',#6504,#2873,#2874);
#2357=AXIS2_PLACEMENT_3D('',#6505,#2875,#2876);
#2358=AXIS2_PLACEMENT_3D('',#6507,#2877,#2878);
#2359=AXIS2_PLACEMENT_3D('',#6508,#2879,#2880);
#2360=AXIS2_PLACEMENT_3D('',#6510,#2881,#2882);
#2361=AXIS2_PLACEMENT_3D('',#6512,#2884,#2885);
#2362=AXIS2_PLACEMENT_3D('',#6514,#2886,#2887);
#2363=AXIS2_PLACEMENT_3D('',#6516,#2889,#2890);
#2364=AXIS2_PLACEMENT_3D('',#6518,#2891,#2892);
#2365=AXIS2_PLACEMENT_3D('',#6519,#2893,#2894);
#2366=AXIS2_PLACEMENT_3D('',#6520,#2895,#2896);
#2367=AXIS2_PLACEMENT_3D('',#6522,#2898,#2899);
#2368=AXIS2_PLACEMENT_3D('',#6523,#2900,#2901);
#2369=AXIS2_PLACEMENT_3D('',#6524,#2902,#2903);
#2370=AXIS2_PLACEMENT_3D('',#6525,#2904,#2905);
#2371=DIRECTION('axis',(0.,0.,1.));
#2372=DIRECTION('refdir',(1.,0.,0.));
#2373=DIRECTION('axis',(0.,0.,1.));
#2374=DIRECTION('refdir',(1.,0.,0.));
#2375=DIRECTION('center_axis',(0.,0.,1.));
#2376=DIRECTION('ref_axis',(0.879800549473778,0.475343026819199,0.));
#2377=DIRECTION('center_axis',(0.,0.,1.));
#2378=DIRECTION('ref_axis',(0.879800549473778,0.475343026819199,0.));
#2379=DIRECTION('',(0.,0.,1.));
#2380=DIRECTION('center_axis',(0.,0.,1.));
#2381=DIRECTION('ref_axis',(0.879800549473778,0.475343026819199,0.));
#2382=DIRECTION('',(0.,0.,1.));
#2383=DIRECTION('center_axis',(0.,0.,1.));
#2384=DIRECTION('ref_axis',(0.499999999999998,-0.86602540378444,0.));
#2385=DIRECTION('center_axis',(0.,0.,1.));
#2386=DIRECTION('ref_axis',(-0.879800549473778,-0.475343026819199,0.));
#2387=DIRECTION('center_axis',(0.,0.,-1.));
#2388=DIRECTION('ref_axis',(-0.879800549473778,-0.475343026819199,0.));
#2389=DIRECTION('',(0.,0.,1.));
#2390=DIRECTION('center_axis',(0.,0.,1.));
#2391=DIRECTION('ref_axis',(-0.509108906588689,0.860702109461845,0.));
#2392=DIRECTION('center_axis',(0.,0.,1.));
#2393=DIRECTION('ref_axis',(-0.509108906588689,0.860702109461845,0.));
#2394=DIRECTION('center_axis',(0.,0.,1.));
#2395=DIRECTION('ref_axis',(-0.509108906588689,0.860702109461845,0.));
#2396=DIRECTION('',(0.,0.,1.));
#2397=DIRECTION('center_axis',(0.,0.,1.));
#2398=DIRECTION('ref_axis',(-0.999601139517399,0.028241137999675,0.));
#2399=DIRECTION('center_axis',(0.,0.,1.));
#2400=DIRECTION('ref_axis',(-0.999601139517399,0.028241137999675,0.));
#2401=DIRECTION('',(0.,0.,1.));
#2402=DIRECTION('center_axis',(0.,0.,1.));
#2403=DIRECTION('ref_axis',(-0.999601139517399,0.028241137999675,0.));
#2404=DIRECTION('',(0.,0.,1.));
#2405=DIRECTION('center_axis',(0.,0.,1.));
#2406=DIRECTION('ref_axis',(1.81502564822286E-15,1.,0.));
#2407=DIRECTION('center_axis',(0.,0.,1.));
#2408=DIRECTION('ref_axis',(0.999601139517399,-0.0282411379996749,0.));
#2409=DIRECTION('center_axis',(0.,0.,-1.));
#2410=DIRECTION('ref_axis',(0.999601139517399,-0.0282411379996749,0.));
#2411=DIRECTION('',(0.,0.,1.));
#2412=DIRECTION('center_axis',(0.,0.,1.));
#2413=DIRECTION('ref_axis',(0.0105501916678014,-0.999944345179157,0.));
#2414=DIRECTION('center_axis',(0.,0.,1.));
#2415=DIRECTION('ref_axis',(0.0105501916678014,-0.999944345179157,0.));
#2416=DIRECTION('center_axis',(0.,0.,1.));
#2417=DIRECTION('ref_axis',(0.0105501916678014,-0.999944345179157,0.));
#2418=DIRECTION('',(0.,0.,1.));
#2419=DIRECTION('center_axis',(0.,0.,1.));
#2420=DIRECTION('ref_axis',(-0.524258112698201,-0.851559411474103,0.));
#2421=DIRECTION('center_axis',(0.,0.,1.));
#2422=DIRECTION('ref_axis',(-0.524258112698201,-0.851559411474103,0.));
#2423=DIRECTION('',(0.,0.,1.));
#2424=DIRECTION('center_axis',(0.,0.,1.));
#2425=DIRECTION('ref_axis',(-0.524258112698201,-0.851559411474103,0.));
#2426=DIRECTION('',(0.,0.,1.));
#2427=DIRECTION('center_axis',(0.,0.,1.));
#2428=DIRECTION('ref_axis',(-0.866025403784437,0.500000000000002,0.));
#2429=DIRECTION('center_axis',(0.,0.,1.));
#2430=DIRECTION('ref_axis',(0.524258112698201,0.851559411474103,0.));
#2431=DIRECTION('center_axis',(0.,0.,-1.));
#2432=DIRECTION('ref_axis',(0.524258112698201,0.851559411474103,0.));
#2433=DIRECTION('',(0.,0.,1.));
#2434=DIRECTION('center_axis',(0.,0.,1.));
#2435=DIRECTION('ref_axis',(0.871252301129646,-0.490835438590468,0.));
#2436=DIRECTION('center_axis',(0.,0.,1.));
#2437=DIRECTION('ref_axis',(0.871252301129646,-0.490835438590468,0.));
#2438=DIRECTION('center_axis',(0.,0.,1.));
#2439=DIRECTION('ref_axis',(0.871252301129646,-0.490835438590468,0.));
#2440=DIRECTION('',(0.,0.,1.));
#2441=DIRECTION('center_axis',(0.,0.,1.));
#2442=DIRECTION('ref_axis',(0.687787100039736,-0.725912463744032,0.));
#2443=DIRECTION('center_axis',(0.,0.,1.));
#2444=DIRECTION('ref_axis',(0.687787100039736,-0.725912463744032,0.));
#2445=DIRECTION('center_axis',(0.,0.,1.));
#2446=DIRECTION('ref_axis',(0.687787100039736,-0.725912463744032,0.));
#2447=DIRECTION('',(0.,0.,1.));
#2448=DIRECTION('center_axis',(0.,0.,1.));
#2449=DIRECTION('ref_axis',(-0.879800549473778,-0.475343026819199,0.));
#2450=DIRECTION('center_axis',(0.,0.,1.));
#2451=DIRECTION('ref_axis',(-0.879800549473778,-0.475343026819199,0.));
#2452=DIRECTION('center_axis',(0.,0.,1.));
#2453=DIRECTION('ref_axis',(-0.879800549473778,-0.475343026819199,0.));
#2454=DIRECTION('',(0.,0.,1.));
#2455=DIRECTION('center_axis',(0.,0.,1.));
#2456=DIRECTION('ref_axis',(-0.499999999999998,0.86602540378444,0.));
#2457=DIRECTION('center_axis',(0.,0.,1.));
#2458=DIRECTION('ref_axis',(0.879800549473778,0.475343026819199,0.));
#2459=DIRECTION('center_axis',(0.,0.,-1.));
#2460=DIRECTION('ref_axis',(0.879800549473778,0.475343026819199,0.));
#2461=DIRECTION('',(0.,0.,1.));
#2462=DIRECTION('center_axis',(0.,0.,1.));
#2463=DIRECTION('ref_axis',(0.509108906588689,-0.860702109461845,0.));
#2464=DIRECTION('center_axis',(0.,0.,1.));
#2465=DIRECTION('ref_axis',(0.509108906588689,-0.860702109461845,0.));
#2466=DIRECTION('center_axis',(0.,0.,1.));
#2467=DIRECTION('ref_axis',(0.509108906588689,-0.860702109461845,0.));
#2468=DIRECTION('',(0.,0.,1.));
#2469=DIRECTION('center_axis',(0.,0.,1.));
#2470=DIRECTION('ref_axis',(0.687787100039736,-0.725912463744032,0.));
#2471=DIRECTION('center_axis',(0.,0.,1.));
#2472=DIRECTION('ref_axis',(0.687787100039736,-0.725912463744032,0.));
#2473=DIRECTION('center_axis',(0.,0.,1.));
#2474=DIRECTION('ref_axis',(0.232684869157625,-0.97255218454595,0.));
#2475=DIRECTION('center_axis',(0.,0.,1.));
#2476=DIRECTION('ref_axis',(0.475343026819198,-0.879800549473779,0.));
#2477=DIRECTION('center_axis',(0.,0.,1.));
#2478=DIRECTION('ref_axis',(0.475343026819198,-0.879800549473779,0.));
#2479=DIRECTION('',(0.,0.,1.));
#2480=DIRECTION('center_axis',(0.,0.,1.));
#2481=DIRECTION('ref_axis',(0.475343026819198,-0.879800549473779,0.));
#2482=DIRECTION('',(0.,0.,1.));
#2483=DIRECTION('center_axis',(0.,0.,1.));
#2484=DIRECTION('ref_axis',(-0.86602540378444,-0.499999999999998,0.));
#2485=DIRECTION('center_axis',(0.,0.,1.));
#2486=DIRECTION('ref_axis',(-0.475343026819198,0.879800549473779,0.));
#2487=DIRECTION('center_axis',(0.,0.,-1.));
#2488=DIRECTION('ref_axis',(-0.475343026819198,0.879800549473779,0.));
#2489=DIRECTION('',(0.,0.,1.));
#2490=DIRECTION('center_axis',(0.,0.,1.));
#2491=DIRECTION('ref_axis',(0.860702109461845,0.509108906588689,0.));
#2492=DIRECTION('center_axis',(0.,0.,1.));
#2493=DIRECTION('ref_axis',(0.860702109461845,0.509108906588689,0.));
#2494=DIRECTION('center_axis',(0.,0.,1.));
#2495=DIRECTION('ref_axis',(0.860702109461845,0.509108906588689,0.));
#2496=DIRECTION('',(0.,0.,1.));
#2497=DIRECTION('center_axis',(0.,0.,1.));
#2498=DIRECTION('ref_axis',(0.851559411474103,-0.524258112698201,0.));
#2499=DIRECTION('center_axis',(0.,0.,1.));
#2500=DIRECTION('ref_axis',(0.851559411474103,-0.524258112698201,0.));
#2501=DIRECTION('',(0.,0.,1.));
#2502=DIRECTION('center_axis',(0.,0.,1.));
#2503=DIRECTION('ref_axis',(0.851559411474103,-0.524258112698201,0.));
#2504=DIRECTION('',(0.,0.,1.));
#2505=DIRECTION('center_axis',(0.,0.,1.));
#2506=DIRECTION('ref_axis',(-0.500000000000002,-0.866025403784437,0.));
#2507=DIRECTION('center_axis',(0.,0.,1.));
#2508=DIRECTION('ref_axis',(-0.851559411474103,0.524258112698201,0.));
#2509=DIRECTION('center_axis',(0.,0.,-1.));
#2510=DIRECTION('ref_axis',(-0.851559411474103,0.524258112698201,0.));
#2511=DIRECTION('',(0.,0.,1.));
#2512=DIRECTION('center_axis',(0.,0.,1.));
#2513=DIRECTION('ref_axis',(0.490835438590468,0.871252301129646,0.));
#2514=DIRECTION('center_axis',(0.,0.,1.));
#2515=DIRECTION('ref_axis',(0.490835438590468,0.871252301129646,0.));
#2516=DIRECTION('center_axis',(0.,0.,1.));
#2517=DIRECTION('ref_axis',(0.490835438590468,0.871252301129646,0.));
#2518=DIRECTION('',(0.,0.,1.));
#2519=DIRECTION('center_axis',(0.,0.,1.));
#2520=DIRECTION('ref_axis',(0.284765084506214,0.958597332901656,0.));
#2521=DIRECTION('center_axis',(0.,0.,1.));
#2522=DIRECTION('ref_axis',(0.284765084506214,0.958597332901656,0.));
#2523=DIRECTION('center_axis',(0.,0.,1.));
#2524=DIRECTION('ref_axis',(0.725912463744032,0.687787100039736,0.));
#2525=DIRECTION('center_axis',(0.,0.,1.));
#2526=DIRECTION('ref_axis',(-0.232684869157625,0.97255218454595,0.));
#2527=DIRECTION('center_axis',(0.,0.,1.));
#2528=DIRECTION('ref_axis',(-0.232684869157625,0.97255218454595,0.));
#2529=DIRECTION('center_axis',(0.,0.,1.));
#2530=DIRECTION('ref_axis',(-0.232684869157625,0.97255218454595,0.));
#2531=DIRECTION('',(0.,0.,1.));
#2532=DIRECTION('center_axis',(0.,0.,1.));
#2533=DIRECTION('ref_axis',(0.999601139517399,-0.0282411379996749,0.));
#2534=DIRECTION('center_axis',(0.,0.,1.));
#2535=DIRECTION('ref_axis',(0.999601139517399,-0.0282411379996749,0.));
#2536=DIRECTION('center_axis',(0.,0.,1.));
#2537=DIRECTION('ref_axis',(0.999601139517399,-0.0282411379996749,0.));
#2538=DIRECTION('',(0.,0.,1.));
#2539=DIRECTION('center_axis',(0.,0.,1.));
#2540=DIRECTION('ref_axis',(-1.69205643086359E-15,-1.,0.));
#2541=DIRECTION('center_axis',(0.,0.,1.));
#2542=DIRECTION('ref_axis',(-0.999601139517399,0.0282411379996748,0.));
#2543=DIRECTION('center_axis',(0.,0.,-1.));
#2544=DIRECTION('ref_axis',(-0.999601139517399,0.0282411379996748,0.));
#2545=DIRECTION('',(0.,0.,1.));
#2546=DIRECTION('center_axis',(0.,0.,1.));
#2547=DIRECTION('ref_axis',(-0.0105501916678015,0.999944345179157,0.));
#2548=DIRECTION('center_axis',(0.,0.,1.));
#2549=DIRECTION('ref_axis',(-0.0105501916678015,0.999944345179157,0.));
#2550=DIRECTION('center_axis',(0.,0.,1.));
#2551=DIRECTION('ref_axis',(-0.0105501916678015,0.999944345179157,0.));
#2552=DIRECTION('',(0.,0.,1.));
#2553=DIRECTION('center_axis',(0.,0.,1.));
#2554=DIRECTION('ref_axis',(-0.232684869157625,0.97255218454595,0.));
#2555=DIRECTION('center_axis',(0.,0.,1.));
#2556=DIRECTION('ref_axis',(-0.232684869157625,0.97255218454595,0.));
#2557=DIRECTION('center_axis',(0.,0.,1.));
#2558=DIRECTION('ref_axis',(0.284765084506214,0.958597332901656,0.));
#2559=DIRECTION('center_axis',(0.,0.,1.));
#2560=DIRECTION('ref_axis',(0.97255218454595,0.232684869157625,0.));
#2561=DIRECTION('center_axis',(0.,0.,1.));
#2562=DIRECTION('ref_axis',(0.97255218454595,0.232684869157625,0.));
#2563=DIRECTION('center_axis',(0.,0.,1.));
#2564=DIRECTION('ref_axis',(0.97255218454595,0.232684869157625,0.));
#2565=DIRECTION('',(0.,0.,1.));
#2566=DIRECTION('center_axis',(0.,0.,1.));
#2567=DIRECTION('ref_axis',(-0.0282411379996751,-0.999601139517399,0.));
#2568=DIRECTION('center_axis',(0.,0.,1.));
#2569=DIRECTION('ref_axis',(-0.0282411379996751,-0.999601139517399,0.));
#2570=DIRECTION('center_axis',(0.,0.,1.));
#2571=DIRECTION('ref_axis',(-0.0282411379996751,-0.999601139517399,0.));
#2572=DIRECTION('',(0.,0.,1.));
#2573=DIRECTION('center_axis',(0.,0.,1.));
#2574=DIRECTION('ref_axis',(-1.,1.87405087255531E-15,0.));
#2575=DIRECTION('center_axis',(0.,0.,1.));
#2576=DIRECTION('ref_axis',(0.028241137999675,0.999601139517399,0.));
#2577=DIRECTION('center_axis',(0.,0.,-1.));
#2578=DIRECTION('ref_axis',(0.028241137999675,0.999601139517399,0.));
#2579=DIRECTION('',(0.,0.,1.));
#2580=DIRECTION('center_axis',(0.,0.,1.));
#2581=DIRECTION('ref_axis',(0.999944345179157,0.0105501916678013,0.));
#2582=DIRECTION('center_axis',(0.,0.,1.));
#2583=DIRECTION('ref_axis',(0.999944345179157,0.0105501916678013,0.));
#2584=DIRECTION('center_axis',(0.,0.,1.));
#2585=DIRECTION('ref_axis',(0.999944345179157,0.0105501916678013,0.));
#2586=DIRECTION('',(0.,0.,1.));
#2587=DIRECTION('center_axis',(0.,0.,1.));
#2588=DIRECTION('ref_axis',(0.97255218454595,0.232684869157625,0.));
#2589=DIRECTION('center_axis',(0.,0.,1.));
#2590=DIRECTION('ref_axis',(0.97255218454595,0.232684869157625,0.));
#2591=DIRECTION('center_axis',(0.,0.,1.));
#2592=DIRECTION('ref_axis',(0.958597332901656,-0.284765084506214,0.));
#2593=DIRECTION('center_axis',(0.,0.,1.));
#2594=DIRECTION('ref_axis',(-0.284765084506214,-0.958597332901656,0.));
#2595=DIRECTION('center_axis',(0.,0.,1.));
#2596=DIRECTION('ref_axis',(-0.284765084506214,-0.958597332901656,0.));
#2597=DIRECTION('center_axis',(0.,0.,1.));
#2598=DIRECTION('ref_axis',(-0.284765084506214,-0.958597332901656,0.));
#2599=DIRECTION('',(0.,0.,1.));
#2600=DIRECTION('center_axis',(0.,0.,1.));
#2601=DIRECTION('ref_axis',(-0.851559411474103,0.5242581126982,0.));
#2602=DIRECTION('center_axis',(0.,0.,1.));
#2603=DIRECTION('ref_axis',(-0.851559411474103,0.5242581126982,0.));
#2604=DIRECTION('center_axis',(0.,0.,1.));
#2605=DIRECTION('ref_axis',(-0.851559411474103,0.5242581126982,0.));
#2606=DIRECTION('',(0.,0.,1.));
#2607=DIRECTION('center_axis',(0.,0.,1.));
#2608=DIRECTION('ref_axis',(0.500000000000002,0.866025403784437,0.));
#2609=DIRECTION('center_axis',(0.,0.,1.));
#2610=DIRECTION('ref_axis',(0.851559411474103,-0.5242581126982,0.));
#2611=DIRECTION('center_axis',(0.,0.,-1.));
#2612=DIRECTION('ref_axis',(0.851559411474103,-0.5242581126982,0.));
#2613=DIRECTION('',(0.,0.,1.));
#2614=DIRECTION('center_axis',(0.,0.,1.));
#2615=DIRECTION('ref_axis',(-0.490835438590468,-0.871252301129646,0.));
#2616=DIRECTION('center_axis',(0.,0.,1.));
#2617=DIRECTION('ref_axis',(-0.490835438590468,-0.871252301129646,0.));
#2618=DIRECTION('center_axis',(0.,0.,1.));
#2619=DIRECTION('ref_axis',(-0.490835438590468,-0.871252301129646,0.));
#2620=DIRECTION('',(0.,0.,1.));
#2621=DIRECTION('center_axis',(0.,0.,1.));
#2622=DIRECTION('ref_axis',(0.5242581126982,0.851559411474103,0.));
#2623=DIRECTION('center_axis',(0.,0.,1.));
#2624=DIRECTION('ref_axis',(0.5242581126982,0.851559411474103,0.));
#2625=DIRECTION('',(0.,0.,1.));
#2626=DIRECTION('center_axis',(0.,0.,1.));
#2627=DIRECTION('ref_axis',(0.5242581126982,0.851559411474103,0.));
#2628=DIRECTION('',(0.,0.,1.));
#2629=DIRECTION('center_axis',(0.,0.,1.));
#2630=DIRECTION('ref_axis',(0.866025403784438,-0.500000000000002,0.));
#2631=DIRECTION('center_axis',(0.,0.,1.));
#2632=DIRECTION('ref_axis',(-0.5242581126982,-0.851559411474103,0.));
#2633=DIRECTION('center_axis',(0.,0.,-1.));
#2634=DIRECTION('ref_axis',(-0.5242581126982,-0.851559411474103,0.));
#2635=DIRECTION('',(0.,0.,1.));
#2636=DIRECTION('center_axis',(0.,0.,1.));
#2637=DIRECTION('ref_axis',(-0.871252301129646,0.490835438590467,0.));
#2638=DIRECTION('center_axis',(0.,0.,1.));
#2639=DIRECTION('ref_axis',(-0.871252301129646,0.490835438590467,0.));
#2640=DIRECTION('center_axis',(0.,0.,1.));
#2641=DIRECTION('ref_axis',(-0.871252301129646,0.490835438590467,0.));
#2642=DIRECTION('',(0.,0.,1.));
#2643=DIRECTION('center_axis',(0.,0.,1.));
#2644=DIRECTION('ref_axis',(-0.958597332901656,0.284765084506214,0.));
#2645=DIRECTION('center_axis',(0.,0.,1.));
#2646=DIRECTION('ref_axis',(-0.958597332901656,0.284765084506214,0.));
#2647=DIRECTION('center_axis',(0.,0.,1.));
#2648=DIRECTION('ref_axis',(-0.687787100039736,0.725912463744032,0.));
#2649=DIRECTION('center_axis',(0.,0.,1.));
#2650=DIRECTION('ref_axis',(0.0282411379996749,0.999601139517399,0.));
#2651=DIRECTION('center_axis',(0.,0.,1.));
#2652=DIRECTION('ref_axis',(0.0282411379996749,0.999601139517399,0.));
#2653=DIRECTION('',(0.,0.,1.));
#2654=DIRECTION('center_axis',(0.,0.,1.));
#2655=DIRECTION('ref_axis',(0.0282411379996749,0.999601139517399,0.));
#2656=DIRECTION('',(0.,0.,1.));
#2657=DIRECTION('center_axis',(0.,0.,1.));
#2658=DIRECTION('ref_axis',(1.,-1.75108165519604E-15,0.));
#2659=DIRECTION('center_axis',(0.,0.,1.));
#2660=DIRECTION('ref_axis',(-0.0282411379996749,-0.999601139517399,0.));
#2661=DIRECTION('center_axis',(0.,0.,-1.));
#2662=DIRECTION('ref_axis',(-0.0282411379996749,-0.999601139517399,0.));
#2663=DIRECTION('',(0.,0.,1.));
#2664=DIRECTION('center_axis',(0.,0.,1.));
#2665=DIRECTION('ref_axis',(-0.999944345179157,-0.0105501916678015,0.));
#2666=DIRECTION('center_axis',(0.,0.,1.));
#2667=DIRECTION('ref_axis',(-0.999944345179157,-0.0105501916678015,0.));
#2668=DIRECTION('center_axis',(0.,0.,1.));
#2669=DIRECTION('ref_axis',(-0.999944345179157,-0.0105501916678015,0.));
#2670=DIRECTION('',(0.,0.,1.));
#2671=DIRECTION('center_axis',(0.,0.,1.));
#2672=DIRECTION('ref_axis',(-0.97255218454595,-0.232684869157625,0.));
#2673=DIRECTION('center_axis',(0.,0.,1.));
#2674=DIRECTION('ref_axis',(-0.97255218454595,-0.232684869157625,0.));
#2675=DIRECTION('center_axis',(0.,0.,1.));
#2676=DIRECTION('ref_axis',(-0.958597332901656,0.284765084506214,0.));
#2677=DIRECTION('center_axis',(0.,0.,1.));
#2678=DIRECTION('ref_axis',(-0.5,0.866025403784439,0.));
#2679=DIRECTION('center_axis',(0.,0.,-1.));
#2680=DIRECTION('ref_axis',(1.,0.,0.));
#2681=DIRECTION('',(0.,0.,-1.));
#2682=DIRECTION('center_axis',(0.,0.,1.));
#2683=DIRECTION('ref_axis',(1.,0.,0.));
#2684=DIRECTION('center_axis',(0.,0.,1.));
#2685=DIRECTION('ref_axis',(-0.725912463744032,-0.687787100039736,0.));
#2686=DIRECTION('center_axis',(0.,0.,1.));
#2687=DIRECTION('ref_axis',(-0.725912463744032,-0.687787100039736,0.));
#2688=DIRECTION('center_axis',(0.,0.,1.));
#2689=DIRECTION('ref_axis',(-0.725912463744032,-0.687787100039736,0.));
#2690=DIRECTION('',(0.,0.,1.));
#2691=DIRECTION('center_axis',(0.,0.,1.));
#2692=DIRECTION('ref_axis',(-0.475343026819199,0.879800549473778,0.));
#2693=DIRECTION('center_axis',(0.,0.,1.));
#2694=DIRECTION('ref_axis',(-0.475343026819199,0.879800549473778,0.));
#2695=DIRECTION('center_axis',(0.,0.,1.));
#2696=DIRECTION('ref_axis',(-0.475343026819199,0.879800549473778,0.));
#2697=DIRECTION('',(0.,0.,1.));
#2698=DIRECTION('center_axis',(0.,0.,1.));
#2699=DIRECTION('ref_axis',(0.866025403784439,0.499999999999999,0.));
#2700=DIRECTION('center_axis',(0.,0.,1.));
#2701=DIRECTION('ref_axis',(0.475343026819199,-0.879800549473778,0.));
#2702=DIRECTION('center_axis',(0.,0.,-1.));
#2703=DIRECTION('ref_axis',(0.475343026819199,-0.879800549473778,0.));
#2704=DIRECTION('',(0.,0.,1.));
#2705=DIRECTION('center_axis',(0.,0.,1.));
#2706=DIRECTION('ref_axis',(-0.860702109461845,-0.509108906588689,0.));
#2707=DIRECTION('center_axis',(0.,0.,1.));
#2708=DIRECTION('ref_axis',(-0.860702109461845,-0.509108906588689,0.));
#2709=DIRECTION('center_axis',(0.,0.,1.));
#2710=DIRECTION('ref_axis',(-0.860702109461845,-0.509108906588689,0.));
#2711=DIRECTION('',(0.,0.,1.));
#2712=DIRECTION('center_axis',(0.,0.,1.));
#2713=DIRECTION('ref_axis',(-0.725912463744032,-0.687787100039736,0.));
#2714=DIRECTION('center_axis',(0.,0.,1.));
#2715=DIRECTION('ref_axis',(-0.725912463744032,-0.687787100039736,0.));
#2716=DIRECTION('center_axis',(0.,0.,1.));
#2717=DIRECTION('ref_axis',(-0.97255218454595,-0.232684869157625,0.));
#2718=DIRECTION('center_axis',(0.,0.,1.));
#2719=DIRECTION('ref_axis',(-0.5,0.866025403784439,0.));
#2720=DIRECTION('center_axis',(0.,0.,1.));
#2721=DIRECTION('ref_axis',(-0.5,0.866025403784439,0.));
#2722=DIRECTION('axis',(0.,0.,1.));
#2723=DIRECTION('refdir',(1.,0.,0.));
#2724=DIRECTION('center_axis',(-1.,-6.12323399573677E-17,-1.22464679914735E-16));
#2725=DIRECTION('ref_axis',(1.13083966020232E-16,0.13491345593269,-0.990857386008853));
#2726=DIRECTION('',(-1.,-6.12323399573677E-17,-1.22464679914735E-16));
#2727=DIRECTION('center_axis',(-1.,-6.12323399573677E-17,-1.22464679914735E-16));
#2728=DIRECTION('ref_axis',(6.12323399573677E-17,-1.,-1.22464679914735E-16));
#2729=DIRECTION('',(-1.,-6.12323399573677E-17,-1.22464679914735E-16));
#2730=DIRECTION('center_axis',(-1.,-6.12323399573677E-17,-1.22464679914735E-16));
#2731=DIRECTION('ref_axis',(6.12323399573677E-17,-1.,-1.22464679914735E-16));
#2732=DIRECTION('',(-1.,-6.12323399573677E-17,-1.22464679914735E-16));
#2733=DIRECTION('center_axis',(-1.,-6.12323399573677E-17,-1.22464679914735E-16));
#2734=DIRECTION('ref_axis',(6.12323399573677E-17,-1.,-1.22464679914735E-16));
#2735=DIRECTION('',(-1.,-6.12323399573677E-17,-1.22464679914735E-16));
#2736=DIRECTION('center_axis',(-1.,-6.12323399573677E-17,-1.22464679914735E-16));
#2737=DIRECTION('ref_axis',(6.12323399573677E-17,-1.,-1.22464679914735E-16));
#2738=DIRECTION('',(-1.,-6.12323399573677E-17,-1.22464679914735E-16));
#2739=DIRECTION('center_axis',(-1.,-6.12323399573677E-17,-1.22464679914735E-16));
#2740=DIRECTION('ref_axis',(6.12323399573677E-17,-1.,-1.22464679914735E-16));
#2741=DIRECTION('',(-1.,-6.12323399573677E-17,-1.22464679914735E-16));
#2742=DIRECTION('center_axis',(-1.,-6.12323399573677E-17,-1.22464679914735E-16));
#2743=DIRECTION('ref_axis',(6.12323399573677E-17,-1.,-1.22464679914735E-16));
#2744=DIRECTION('',(-1.,-6.12323399573677E-17,-1.22464679914735E-16));
#2745=DIRECTION('center_axis',(-1.,-6.12323399573677E-17,-1.22464679914735E-16));
#2746=DIRECTION('ref_axis',(6.12323399573677E-17,-1.,-1.22464679914735E-16));
#2747=DIRECTION('',(-1.,-6.12323399573677E-17,-1.22464679914735E-16));
#2748=DIRECTION('center_axis',(-1.,-6.12323399573677E-17,-1.22464679914735E-16));
#2749=DIRECTION('ref_axis',(6.12323399573677E-17,-1.,-1.22464679914735E-16));
#2750=DIRECTION('',(-1.,-6.12323399573677E-17,-1.22464679914735E-16));
#2751=DIRECTION('center_axis',(0.,-1.,0.));
#2752=DIRECTION('ref_axis',(-0.134913455932689,0.,-0.990857386008854));
#2753=DIRECTION('',(0.,-1.,0.));
#2754=DIRECTION('center_axis',(0.,-1.,0.));
#2755=DIRECTION('ref_axis',(1.,0.,0.));
#2756=DIRECTION('',(0.,-1.,0.));
#2757=DIRECTION('center_axis',(0.,-1.,0.));
#2758=DIRECTION('ref_axis',(1.,0.,0.));
#2759=DIRECTION('',(0.,-1.,0.));
#2760=DIRECTION('center_axis',(0.,-1.,0.));
#2761=DIRECTION('ref_axis',(1.,0.,0.));
#2762=DIRECTION('',(0.,-1.,0.));
#2763=DIRECTION('center_axis',(0.,-1.,0.));
#2764=DIRECTION('ref_axis',(1.,0.,0.));
#2765=DIRECTION('',(0.,-1.,0.));
#2766=DIRECTION('center_axis',(0.,-1.,0.));
#2767=DIRECTION('ref_axis',(1.,0.,0.));
#2768=DIRECTION('',(0.,-1.,0.));
#2769=DIRECTION('center_axis',(0.,-1.,0.));
#2770=DIRECTION('ref_axis',(1.,0.,0.));
#2771=DIRECTION('',(0.,-1.,0.));
#2772=DIRECTION('center_axis',(0.,-1.,0.));
#2773=DIRECTION('ref_axis',(1.,0.,0.));
#2774=DIRECTION('',(0.,-1.,0.));
#2775=DIRECTION('center_axis',(0.,-1.,0.));
#2776=DIRECTION('ref_axis',(1.,0.,0.));
#2777=DIRECTION('',(0.,-1.,0.));
#2778=DIRECTION('center_axis',(-1.,-6.12323399573677E-17,-1.22464679914735E-16));
#2779=DIRECTION('ref_axis',(0.,-1.,4.69078289643815E-14));
#2780=DIRECTION('',(-1.,-1.83697019872103E-16,-1.2246467991473E-16));
#2781=DIRECTION('center_axis',(-1.,-6.12323399573677E-17,-1.22464679914735E-16));
#2782=DIRECTION('ref_axis',(0.,-1.,4.69078289643815E-14));
#2783=DIRECTION('',(-1.,-1.83697019872103E-16,-1.2246467991473E-16));
#2784=DIRECTION('center_axis',(-1.,-6.12323399573677E-17,-1.22464679914735E-16));
#2785=DIRECTION('ref_axis',(0.,-1.,4.69078289643815E-14));
#2786=DIRECTION('',(-1.,-1.83697019872103E-16,-1.2246467991473E-16));
#2787=DIRECTION('center_axis',(-1.,-6.12323399573677E-17,-1.22464679914735E-16));
#2788=DIRECTION('ref_axis',(0.,-1.,4.69078289643815E-14));
#2789=DIRECTION('',(-1.,-1.83697019872103E-16,-1.2246467991473E-16));
#2790=DIRECTION('center_axis',(-1.,-6.12323399573677E-17,-1.22464679914735E-16));
#2791=DIRECTION('ref_axis',(0.,-1.,4.69078289643815E-14));
#2792=DIRECTION('',(-1.,-1.83697019872103E-16,-1.2246467991473E-16));
#2793=DIRECTION('center_axis',(-1.,-6.12323399573677E-17,-1.22464679914735E-16));
#2794=DIRECTION('ref_axis',(0.,-1.,4.69078289643815E-14));
#2795=DIRECTION('',(-1.,-1.83697019872103E-16,-1.2246467991473E-16));
#2796=DIRECTION('center_axis',(-1.,-6.12323399573677E-17,-1.22464679914735E-16));
#2797=DIRECTION('ref_axis',(0.,-1.,4.69078289643815E-14));
#2798=DIRECTION('',(-1.,-1.83697019872103E-16,-1.2246467991473E-16));
#2799=DIRECTION('center_axis',(-1.,-6.12323399573677E-17,-1.22464679914735E-16));
#2800=DIRECTION('ref_axis',(0.,-1.,4.69078289643815E-14));
#2801=DIRECTION('',(-1.,-1.83697019872103E-16,-1.2246467991473E-16));
#2802=DIRECTION('center_axis',(0.,-1.,0.));
#2803=DIRECTION('ref_axis',(1.,0.,4.66413072089021E-14));
#2804=DIRECTION('',(1.22464679914735E-16,-1.,5.72691035596965E-30));
#2805=DIRECTION('center_axis',(0.,-1.,0.));
#2806=DIRECTION('ref_axis',(1.,0.,4.66413072089021E-14));
#2807=DIRECTION('',(1.22464679914735E-16,-1.,5.72691035596965E-30));
#2808=DIRECTION('center_axis',(0.,-1.,0.));
#2809=DIRECTION('ref_axis',(1.,0.,4.66413072089021E-14));
#2810=DIRECTION('',(1.22464679914735E-16,-1.,5.72691035596965E-30));
#2811=DIRECTION('center_axis',(0.,-1.,0.));
#2812=DIRECTION('ref_axis',(1.,0.,4.66413072089021E-14));
#2813=DIRECTION('',(1.22464679914735E-16,-1.,5.72691035596965E-30));
#2814=DIRECTION('center_axis',(0.,-1.,0.));
#2815=DIRECTION('ref_axis',(1.,0.,4.66413072089021E-14));
#2816=DIRECTION('',(1.22464679914735E-16,-1.,5.72691035596965E-30));
#2817=DIRECTION('center_axis',(0.,-1.,0.));
#2818=DIRECTION('ref_axis',(1.,0.,4.66413072089021E-14));
#2819=DIRECTION('',(1.22464679914735E-16,-1.,5.72691035596965E-30));
#2820=DIRECTION('center_axis',(0.,-1.,0.));
#2821=DIRECTION('ref_axis',(1.,0.,4.66413072089021E-14));
#2822=DIRECTION('',(1.22464679914735E-16,-1.,5.72691035596965E-30));
#2823=DIRECTION('center_axis',(0.,-1.,0.));
#2824=DIRECTION('ref_axis',(1.,0.,4.66413072089021E-14));
#2825=DIRECTION('',(1.22464679914735E-16,-1.,5.72691035596965E-30));
#2826=DIRECTION('center_axis',(0.,-1.,0.));
#2827=DIRECTION('ref_axis',(-0.980485533170644,0.,-0.196591249151834));
#2828=DIRECTION('center_axis',(0.,-1.,0.));
#2829=DIRECTION('ref_axis',(1.,0.,4.66413072089021E-14));
#2830=DIRECTION('center_axis',(0.,1.,0.));
#2831=DIRECTION('ref_axis',(0.,0.,1.));
#2832=DIRECTION('',(1.22464679914735E-16,0.,-1.));
#2833=DIRECTION('center_axis',(0.,1.,0.));
#2834=DIRECTION('ref_axis',(0.,0.,1.));
#2835=DIRECTION('',(-1.22464679914735E-16,0.,1.));
#2836=DIRECTION('center_axis',(-1.22464679914735E-16,0.,1.));
#2837=DIRECTION('ref_axis',(1.,0.,2.00552368075634E-16));
#2838=DIRECTION('center_axis',(-1.22464679914735E-16,0.,1.));
#2839=DIRECTION('ref_axis',(-1.,0.,-2.00552368075634E-16));
#2840=DIRECTION('center_axis',(-1.22464679914735E-16,0.,1.));
#2841=DIRECTION('ref_axis',(-1.,0.,-2.00552368075634E-16));
#2842=DIRECTION('',(1.22464679914735E-16,0.,-1.));
#2843=DIRECTION('',(1.22464679914735E-16,0.,-1.));
#2844=DIRECTION('center_axis',(-1.22464679914735E-16,0.,1.));
#2845=DIRECTION('ref_axis',(1.,0.,1.22464679914735E-16));
#2846=DIRECTION('center_axis',(-1.22464679914735E-16,0.,1.));
#2847=DIRECTION('ref_axis',(1.,0.,2.00552368075634E-16));
#2848=DIRECTION('center_axis',(-1.22464679914735E-16,0.,1.));
#2849=DIRECTION('ref_axis',(1.,0.,1.22464679914735E-16));
#2850=DIRECTION('',(1.22464679914735E-16,0.,-1.));
#2851=DIRECTION('',(1.22464679914735E-16,0.,-1.));
#2852=DIRECTION('',(1.22464679914735E-16,0.,-1.));
#2853=DIRECTION('center_axis',(-1.22464679914735E-16,0.,1.));
#2854=DIRECTION('ref_axis',(1.,0.,1.22464679914735E-16));
#2855=DIRECTION('',(-1.22464679914735E-16,0.,1.));
#2856=DIRECTION('center_axis',(-1.,-6.12323399573677E-17,-1.22464679914735E-16));
#2857=DIRECTION('ref_axis',(-9.71942790463304E-17,0.980485533170644,-0.196591249151833));
#2858=DIRECTION('center_axis',(-1.,-6.12323399573677E-17,-1.22464679914735E-16));
#2859=DIRECTION('ref_axis',(0.,-1.,4.69078289643815E-14));
#2860=DIRECTION('center_axis',(1.,1.11022302462516E-16,7.57971096055898E-17));
#2861=DIRECTION('ref_axis',(7.57971096055898E-17,0.,-1.));
#2862=DIRECTION('center_axis',(1.,1.11022302462516E-16,7.57971096055898E-17));
#2863=DIRECTION('ref_axis',(7.57971096055898E-17,0.,-1.));
#2864=DIRECTION('center_axis',(0.,-1.,0.));
#2865=DIRECTION('ref_axis',(1.,0.,0.));
#2866=DIRECTION('center_axis',(-1.22464679914735E-16,0.,1.));
#2867=DIRECTION('ref_axis',(-1.,0.,-1.67658516762165E-16));
#2868=DIRECTION('center_axis',(1.22464679914735E-16,0.,-1.));
#2869=DIRECTION('ref_axis',(-1.,0.,-2.00552368075634E-16));
#2870=DIRECTION('center_axis',(1.22464679914735E-16,0.,-1.));
#2871=DIRECTION('ref_axis',(-1.,0.,-2.00552368075634E-16));
#2872=DIRECTION('',(-0.707106781186546,-8.65956056235492E-17,-0.707106781186549));
#2873=DIRECTION('center_axis',(-1.22464679914735E-16,0.,1.));
#2874=DIRECTION('ref_axis',(-1.,0.,-1.22464679914735E-16));
#2875=DIRECTION('center_axis',(1.22464679914735E-16,0.,-1.));
#2876=DIRECTION('ref_axis',(-1.,0.,-1.22464679914735E-16));
#2877=DIRECTION('center_axis',(-1.22464679914735E-16,0.,1.));
#2878=DIRECTION('ref_axis',(1.,0.,1.22464679914735E-16));
#2879=DIRECTION('center_axis',(-1.22464679914735E-16,0.,1.));
#2880=DIRECTION('ref_axis',(1.,0.,2.00552368075634E-16));
#2881=DIRECTION('center_axis',(-1.22464679914735E-16,0.,1.));
#2882=DIRECTION('ref_axis',(1.,0.,1.22464679914735E-16));
#2883=DIRECTION('',(1.22464679914735E-16,0.,-1.));
#2884=DIRECTION('center_axis',(1.22464679914735E-16,0.,-1.));
#2885=DIRECTION('ref_axis',(-1.,0.,-1.65846728893012E-16));
#2886=DIRECTION('center_axis',(1.22464679914735E-16,0.,-1.));
#2887=DIRECTION('ref_axis',(-1.,0.,-1.22464679914735E-16));
#2888=DIRECTION('',(0.707106781186546,8.65956056235491E-17,-0.707106781186549));
#2889=DIRECTION('center_axis',(-1.22464679914735E-16,0.,1.));
#2890=DIRECTION('ref_axis',(1.,0.,1.22464679914735E-16));
#2891=DIRECTION('center_axis',(-1.22464679914735E-16,0.,1.));
#2892=DIRECTION('ref_axis',(1.,0.,1.22464679914735E-16));
#2893=DIRECTION('center_axis',(1.22464679914735E-16,0.,-1.));
#2894=DIRECTION('ref_axis',(-1.,0.,-1.22464679914735E-16));
#2895=DIRECTION('center_axis',(-1.22464679914735E-16,0.,1.));
#2896=DIRECTION('ref_axis',(1.,0.,2.00552368075634E-16));
#2897=DIRECTION('',(1.22464679914735E-16,0.,-1.));
#2898=DIRECTION('center_axis',(-1.22464679914735E-16,0.,1.));
#2899=DIRECTION('ref_axis',(1.,0.,1.22464679914735E-16));
#2900=DIRECTION('center_axis',(-1.,-6.12323399573677E-17,-1.22464679914735E-16));
#2901=DIRECTION('ref_axis',(6.12323399573677E-17,-1.,-1.22464679914735E-16));
#2902=DIRECTION('',(2.44929359829471E-16,-1.95936395236334E-14,-1.));
#2903=DIRECTION('',(1.,-7.82271689828326E-30,2.44929359829471E-16));
#2904=DIRECTION('',(1.53275495000397E-43,1.95936395236334E-14,1.));
#2905=DIRECTION('',(1.,-1.26217744835362E-29,0.));
#2906=CARTESIAN_POINT('',(0.,0.,0.));
#2907=CARTESIAN_POINT('',(0.,0.,0.));
#2908=CARTESIAN_POINT('Origin',(-3.49843847487156,3.56265838777693,0.));
#2909=CARTESIAN_POINT('',(-3.17535837955883,3.73721371227956,0.));
#2910=CARTESIAN_POINT('',(-3.67868291820308,3.88259939788287,0.));
#2911=CARTESIAN_POINT('Origin',(-3.49843847487156,3.56265838777693,0.));
#2912=CARTESIAN_POINT('',(-3.67868291820308,3.88259939788287,11.));
#2913=CARTESIAN_POINT('',(-3.67868291820308,3.88259939788287,0.));
#2914=CARTESIAN_POINT('',(-3.17535837955883,3.73721371227956,11.));
#2915=CARTESIAN_POINT('Origin',(-3.49843847487156,3.56265838777693,11.));
#2916=CARTESIAN_POINT('',(-3.17535837955883,3.73721371227956,0.));
#2917=CARTESIAN_POINT('Origin',(-2.39965069630465,4.15631692641769,0.));
#2918=CARTESIAN_POINT('',(-1.64884282442623,4.61854787895752,0.));
#2919=CARTESIAN_POINT('Origin',(-2.39965069630465,4.15631692641769,0.));
#2920=CARTESIAN_POINT('',(-1.64884282442623,4.61854787895752,11.));
#2921=CARTESIAN_POINT('Origin',(-2.39965069630465,4.15631692641769,11.));
#2922=CARTESIAN_POINT('',(-1.64884282442623,4.61854787895752,0.));
#2923=CARTESIAN_POINT('Origin',(-1.33613343138476,4.81106578670412,0.));
#2924=CARTESIAN_POINT('',(-1.52308825218319,5.12713255857318,0.));
#2925=CARTESIAN_POINT('Origin',(-1.33613343138476,4.81106578670412,0.));
#2926=CARTESIAN_POINT('',(-1.52308825218319,5.12713255857318,11.));
#2927=CARTESIAN_POINT('Origin',(-1.33613343138476,4.81106578670412,11.));
#2928=CARTESIAN_POINT('',(-1.52308825218319,5.12713255857318,0.));
#2929=CARTESIAN_POINT('Origin',(1.24840739892719,-4.83457190625631,0.));
#2930=CARTESIAN_POINT('',(0.881334166677956,-4.82420120398506,0.));
#2931=CARTESIAN_POINT('',(1.24453316069031,-5.20177117038627,0.));
#2932=CARTESIAN_POINT('Origin',(1.24840739892719,-4.83457190625631,0.));
#2933=CARTESIAN_POINT('',(1.24453316069031,-5.20177117038627,11.));
#2934=CARTESIAN_POINT('',(1.24453316069031,-5.20177117038627,0.));
#2935=CARTESIAN_POINT('',(0.881334166677956,-4.82420120398506,11.));
#2936=CARTESIAN_POINT('Origin',(1.24840739892719,-4.83457190625631,11.));
#2937=CARTESIAN_POINT('',(0.881334166677956,-4.82420120398506,0.));
#2938=CARTESIAN_POINT('Origin',(-5.87744908860242E-16,-4.7993013926093,
0.));
#2939=CARTESIAN_POINT('',(-0.881334166677957,-4.82420120398506,0.));
#2940=CARTESIAN_POINT('Origin',(-5.87744908860242E-16,-4.7993013926093,
0.));
#2941=CARTESIAN_POINT('',(-0.881334166677957,-4.82420120398506,11.));
#2942=CARTESIAN_POINT('Origin',(-5.87744908860242E-16,-4.7993013926093,
11.));
#2943=CARTESIAN_POINT('',(-0.881334166677957,-4.82420120398506,0.));
#2944=CARTESIAN_POINT('Origin',(-1.24840739892719,-4.83457190625631,0.));
#2945=CARTESIAN_POINT('',(-1.24453316069031,-5.20177117038627,0.));
#2946=CARTESIAN_POINT('Origin',(-1.24840739892719,-4.83457190625631,0.));
#2947=CARTESIAN_POINT('',(-1.24453316069031,-5.20177117038627,11.));
#2948=CARTESIAN_POINT('Origin',(-1.24840739892719,-4.83457190625631,11.));
#2949=CARTESIAN_POINT('',(-1.24453316069031,-5.20177117038627,0.));
#2950=CARTESIAN_POINT('Origin',(4.81106578670412,-1.33613343138476,0.));
#2951=CARTESIAN_POINT('',(4.61854787895752,-1.64884282442623,0.));
#2952=CARTESIAN_POINT('',(5.12713255857317,-1.52308825218319,0.));
#2953=CARTESIAN_POINT('Origin',(4.81106578670412,-1.33613343138476,0.));
#2954=CARTESIAN_POINT('',(5.12713255857317,-1.52308825218319,11.));
#2955=CARTESIAN_POINT('',(5.12713255857317,-1.52308825218319,0.));
#2956=CARTESIAN_POINT('',(4.61854787895752,-1.64884282442623,11.));
#2957=CARTESIAN_POINT('Origin',(4.81106578670412,-1.33613343138476,11.));
#2958=CARTESIAN_POINT('',(4.61854787895752,-1.64884282442623,0.));
#2959=CARTESIAN_POINT('Origin',(4.15631692641769,-2.39965069630465,0.));
#2960=CARTESIAN_POINT('',(3.73721371227956,-3.17535837955883,0.));
#2961=CARTESIAN_POINT('Origin',(4.15631692641769,-2.39965069630465,0.));
#2962=CARTESIAN_POINT('',(3.73721371227956,-3.17535837955883,11.));
#2963=CARTESIAN_POINT('Origin',(4.15631692641769,-2.39965069630465,11.));
#2964=CARTESIAN_POINT('',(3.73721371227956,-3.17535837955883,0.));
#2965=CARTESIAN_POINT('Origin',(3.56265838777693,-3.49843847487156,0.));
#2966=CARTESIAN_POINT('',(3.88259939788287,-3.67868291820308,0.));
#2967=CARTESIAN_POINT('Origin',(3.56265838777693,-3.49843847487156,0.));
#2968=CARTESIAN_POINT('',(3.88259939788287,-3.67868291820308,11.));
#2969=CARTESIAN_POINT('Origin',(3.56265838777693,-3.49843847487156,11.));
#2970=CARTESIAN_POINT('',(3.88259939788287,-3.67868291820308,0.));
#2971=CARTESIAN_POINT('Origin',(0.,0.,0.));
#2972=CARTESIAN_POINT('',(3.67868291820308,-3.88259939788287,0.));
#2973=CARTESIAN_POINT('Origin',(0.,0.,0.));
#2974=CARTESIAN_POINT('',(3.67868291820308,-3.88259939788287,11.));
#2975=CARTESIAN_POINT('Origin',(0.,0.,11.));
#2976=CARTESIAN_POINT('',(3.67868291820308,-3.88259939788287,0.));
#2977=CARTESIAN_POINT('Origin',(3.49843847487156,-3.56265838777693,0.));
#2978=CARTESIAN_POINT('',(3.17535837955883,-3.73721371227956,0.));
#2979=CARTESIAN_POINT('Origin',(3.49843847487156,-3.56265838777693,0.));
#2980=CARTESIAN_POINT('',(3.17535837955883,-3.73721371227956,11.));
#2981=CARTESIAN_POINT('Origin',(3.49843847487156,-3.56265838777693,11.));
#2982=CARTESIAN_POINT('',(3.17535837955883,-3.73721371227956,0.));
#2983=CARTESIAN_POINT('Origin',(2.39965069630465,-4.15631692641769,0.));
#2984=CARTESIAN_POINT('',(1.64884282442623,-4.61854787895752,0.));
#2985=CARTESIAN_POINT('Origin',(2.39965069630465,-4.15631692641769,0.));
#2986=CARTESIAN_POINT('',(1.64884282442623,-4.61854787895752,11.));
#2987=CARTESIAN_POINT('Origin',(2.39965069630465,-4.15631692641769,11.));
#2988=CARTESIAN_POINT('',(1.64884282442623,-4.61854787895752,0.));
#2989=CARTESIAN_POINT('Origin',(1.33613343138475,-4.81106578670412,0.));
#2990=CARTESIAN_POINT('',(1.52308825218319,-5.12713255857318,0.));
#2991=CARTESIAN_POINT('Origin',(1.33613343138475,-4.81106578670412,0.));
#2992=CARTESIAN_POINT('',(1.52308825218319,-5.12713255857318,11.));
#2993=CARTESIAN_POINT('Origin',(1.33613343138475,-4.81106578670412,11.));
#2994=CARTESIAN_POINT('',(1.52308825218319,-5.12713255857318,0.));
#2995=CARTESIAN_POINT('Origin',(0.,0.,0.));
#2996=CARTESIAN_POINT('Origin',(0.,0.,0.));
#2997=CARTESIAN_POINT('Origin',(0.,0.,11.));
#2998=CARTESIAN_POINT('Origin',(3.56265838777693,3.49843847487155,0.));
#2999=CARTESIAN_POINT('',(3.73721371227956,3.17535837955883,0.));
#3000=CARTESIAN_POINT('',(3.88259939788287,3.67868291820308,0.));
#3001=CARTESIAN_POINT('Origin',(3.56265838777693,3.49843847487155,0.));
#3002=CARTESIAN_POINT('',(3.88259939788287,3.67868291820308,11.));
#3003=CARTESIAN_POINT('',(3.88259939788287,3.67868291820308,0.));
#3004=CARTESIAN_POINT('',(3.73721371227956,3.17535837955883,11.));
#3005=CARTESIAN_POINT('Origin',(3.56265838777693,3.49843847487155,11.));
#3006=CARTESIAN_POINT('',(3.73721371227956,3.17535837955883,0.));
#3007=CARTESIAN_POINT('Origin',(4.15631692641769,2.39965069630465,0.));
#3008=CARTESIAN_POINT('',(4.61854787895752,1.64884282442623,0.));
#3009=CARTESIAN_POINT('Origin',(4.15631692641769,2.39965069630465,0.));
#3010=CARTESIAN_POINT('',(4.61854787895752,1.64884282442623,11.));
#3011=CARTESIAN_POINT('Origin',(4.15631692641769,2.39965069630465,11.));
#3012=CARTESIAN_POINT('',(4.61854787895752,1.64884282442623,0.));
#3013=CARTESIAN_POINT('Origin',(4.81106578670412,1.33613343138475,0.));
#3014=CARTESIAN_POINT('',(5.12713255857318,1.52308825218318,0.));
#3015=CARTESIAN_POINT('Origin',(4.81106578670412,1.33613343138475,0.));
#3016=CARTESIAN_POINT('',(5.12713255857318,1.52308825218318,11.));
#3017=CARTESIAN_POINT('Origin',(4.81106578670412,1.33613343138475,11.));
#3018=CARTESIAN_POINT('',(5.12713255857318,1.52308825218318,0.));
#3019=CARTESIAN_POINT('Origin',(1.33613343138476,4.81106578670412,0.));
#3020=CARTESIAN_POINT('',(1.64884282442623,4.61854787895752,0.));
#3021=CARTESIAN_POINT('',(1.52308825218319,5.12713255857317,0.));
#3022=CARTESIAN_POINT('Origin',(1.33613343138476,4.81106578670412,0.));
#3023=CARTESIAN_POINT('',(1.52308825218319,5.12713255857317,11.));
#3024=CARTESIAN_POINT('',(1.52308825218319,5.12713255857317,0.));
#3025=CARTESIAN_POINT('',(1.64884282442623,4.61854787895752,11.));
#3026=CARTESIAN_POINT('Origin',(1.33613343138476,4.81106578670412,11.));
#3027=CARTESIAN_POINT('',(1.64884282442623,4.61854787895752,0.));
#3028=CARTESIAN_POINT('Origin',(2.39965069630465,4.15631692641769,0.));
#3029=CARTESIAN_POINT('',(3.17535837955883,3.73721371227956,0.));
#3030=CARTESIAN_POINT('Origin',(2.39965069630465,4.15631692641769,0.));
#3031=CARTESIAN_POINT('',(3.17535837955883,3.73721371227956,11.));
#3032=CARTESIAN_POINT('Origin',(2.39965069630465,4.15631692641769,11.));
#3033=CARTESIAN_POINT('',(3.17535837955883,3.73721371227956,0.));
#3034=CARTESIAN_POINT('Origin',(3.49843847487156,3.56265838777693,0.));
#3035=CARTESIAN_POINT('',(3.67868291820308,3.88259939788287,0.));
#3036=CARTESIAN_POINT('Origin',(3.49843847487156,3.56265838777693,0.));
#3037=CARTESIAN_POINT('',(3.67868291820308,3.88259939788287,11.));
#3038=CARTESIAN_POINT('Origin',(3.49843847487156,3.56265838777693,11.));
#3039=CARTESIAN_POINT('',(3.67868291820308,3.88259939788287,0.));
#3040=CARTESIAN_POINT('Origin',(0.,0.,0.));
#3041=CARTESIAN_POINT('Origin',(0.,0.,0.));
#3042=CARTESIAN_POINT('Origin',(0.,0.,11.));
#3043=CARTESIAN_POINT('Origin',(0.,0.,0.));
#3044=CARTESIAN_POINT('',(-1.24453316069031,5.20177117038627,0.));
#3045=CARTESIAN_POINT('Origin',(0.,0.,0.));
#3046=CARTESIAN_POINT('',(-1.24453316069031,5.20177117038627,11.));
#3047=CARTESIAN_POINT('Origin',(0.,0.,11.));
#3048=CARTESIAN_POINT('',(-1.24453316069031,5.20177117038627,0.));
#3049=CARTESIAN_POINT('Origin',(-1.24840739892719,4.83457190625631,0.));
#3050=CARTESIAN_POINT('',(-0.881334166677956,4.82420120398506,0.));
#3051=CARTESIAN_POINT('Origin',(-1.24840739892719,4.83457190625631,0.));
#3052=CARTESIAN_POINT('',(-0.881334166677956,4.82420120398506,11.));
#3053=CARTESIAN_POINT('Origin',(-1.24840739892719,4.83457190625631,11.));
#3054=CARTESIAN_POINT('',(-0.881334166677956,4.82420120398506,0.));
#3055=CARTESIAN_POINT('Origin',(0.,4.7993013926093,0.));
#3056=CARTESIAN_POINT('',(0.881334166677956,4.82420120398506,0.));
#3057=CARTESIAN_POINT('Origin',(0.,4.7993013926093,0.));
#3058=CARTESIAN_POINT('',(0.881334166677956,4.82420120398506,11.));
#3059=CARTESIAN_POINT('Origin',(0.,4.7993013926093,11.));
#3060=CARTESIAN_POINT('',(0.881334166677956,4.82420120398506,0.));
#3061=CARTESIAN_POINT('Origin',(1.24840739892719,4.83457190625631,0.));
#3062=CARTESIAN_POINT('',(1.24453316069031,5.20177117038627,0.));
#3063=CARTESIAN_POINT('Origin',(1.24840739892719,4.83457190625631,0.));
#3064=CARTESIAN_POINT('',(1.24453316069031,5.20177117038627,11.));
#3065=CARTESIAN_POINT('Origin',(1.24840739892719,4.83457190625631,11.));
#3066=CARTESIAN_POINT('',(1.24453316069031,5.20177117038627,0.));
#3067=CARTESIAN_POINT('Origin',(0.,0.,0.));
#3068=CARTESIAN_POINT('Origin',(0.,0.,0.));
#3069=CARTESIAN_POINT('Origin',(0.,0.,11.));
#3070=CARTESIAN_POINT('Origin',(0.,0.,0.));
#3071=CARTESIAN_POINT('',(5.20177117038627,1.24453316069031,0.));
#3072=CARTESIAN_POINT('Origin',(0.,0.,0.));
#3073=CARTESIAN_POINT('',(5.20177117038627,1.24453316069031,11.));
#3074=CARTESIAN_POINT('Origin',(0.,0.,11.));
#3075=CARTESIAN_POINT('',(5.20177117038627,1.24453316069031,0.));
#3076=CARTESIAN_POINT('Origin',(4.83457190625631,1.24840739892719,0.));
#3077=CARTESIAN_POINT('',(4.82420120398506,0.881334166677956,0.));
#3078=CARTESIAN_POINT('Origin',(4.83457190625631,1.24840739892719,0.));
#3079=CARTESIAN_POINT('',(4.82420120398506,0.881334166677956,11.));
#3080=CARTESIAN_POINT('Origin',(4.83457190625631,1.24840739892719,11.));
#3081=CARTESIAN_POINT('',(4.82420120398506,0.881334166677956,0.));
#3082=CARTESIAN_POINT('Origin',(4.7993013926093,-8.81617363290362E-16,0.));
#3083=CARTESIAN_POINT('',(4.82420120398506,-0.881334166677957,0.));
#3084=CARTESIAN_POINT('Origin',(4.7993013926093,-8.81617363290362E-16,0.));
#3085=CARTESIAN_POINT('',(4.82420120398506,-0.881334166677957,11.));
#3086=CARTESIAN_POINT('Origin',(4.7993013926093,-8.81617363290362E-16,11.));
#3087=CARTESIAN_POINT('',(4.82420120398506,-0.881334166677957,0.));
#3088=CARTESIAN_POINT('Origin',(4.83457190625631,-1.24840739892719,0.));
#3089=CARTESIAN_POINT('',(5.20177117038627,-1.24453316069031,0.));
#3090=CARTESIAN_POINT('Origin',(4.83457190625631,-1.24840739892719,0.));
#3091=CARTESIAN_POINT('',(5.20177117038627,-1.24453316069031,11.));
#3092=CARTESIAN_POINT('Origin',(4.83457190625631,-1.24840739892719,11.));
#3093=CARTESIAN_POINT('',(5.20177117038627,-1.24453316069031,0.));
#3094=CARTESIAN_POINT('Origin',(0.,0.,0.));
#3095=CARTESIAN_POINT('Origin',(0.,0.,0.));
#3096=CARTESIAN_POINT('Origin',(0.,0.,11.));
#3097=CARTESIAN_POINT('Origin',(0.,0.,0.));
#3098=CARTESIAN_POINT('',(-1.52308825218319,-5.12713255857318,0.));
#3099=CARTESIAN_POINT('Origin',(0.,0.,0.));
#3100=CARTESIAN_POINT('',(-1.52308825218319,-5.12713255857318,11.));
#3101=CARTESIAN_POINT('Origin',(0.,0.,11.));
#3102=CARTESIAN_POINT('',(-1.52308825218319,-5.12713255857318,0.));
#3103=CARTESIAN_POINT('Origin',(-1.33613343138476,-4.81106578670412,0.));
#3104=CARTESIAN_POINT('',(-1.64884282442623,-4.61854787895752,0.));
#3105=CARTESIAN_POINT('Origin',(-1.33613343138476,-4.81106578670412,0.));
#3106=CARTESIAN_POINT('',(-1.64884282442623,-4.61854787895752,11.));
#3107=CARTESIAN_POINT('Origin',(-1.33613343138476,-4.81106578670412,11.));
#3108=CARTESIAN_POINT('',(-1.64884282442623,-4.61854787895752,0.));
#3109=CARTESIAN_POINT('Origin',(-2.39965069630465,-4.15631692641769,0.));
#3110=CARTESIAN_POINT('',(-3.17535837955883,-3.73721371227956,0.));
#3111=CARTESIAN_POINT('Origin',(-2.39965069630465,-4.15631692641769,0.));
#3112=CARTESIAN_POINT('',(-3.17535837955883,-3.73721371227956,11.));
#3113=CARTESIAN_POINT('Origin',(-2.39965069630465,-4.15631692641769,11.));
#3114=CARTESIAN_POINT('',(-3.17535837955883,-3.73721371227956,0.));
#3115=CARTESIAN_POINT('Origin',(-3.49843847487156,-3.56265838777693,0.));
#3116=CARTESIAN_POINT('',(-3.67868291820308,-3.88259939788287,0.));
#3117=CARTESIAN_POINT('Origin',(-3.49843847487156,-3.56265838777693,0.));
#3118=CARTESIAN_POINT('',(-3.67868291820308,-3.88259939788287,11.));
#3119=CARTESIAN_POINT('Origin',(-3.49843847487156,-3.56265838777693,11.));
#3120=CARTESIAN_POINT('',(-3.67868291820308,-3.88259939788287,0.));
#3121=CARTESIAN_POINT('Origin',(-4.81106578670412,1.33613343138476,0.));
#3122=CARTESIAN_POINT('',(-4.61854787895752,1.64884282442623,0.));
#3123=CARTESIAN_POINT('',(-5.12713255857318,1.52308825218319,0.));
#3124=CARTESIAN_POINT('Origin',(-4.81106578670412,1.33613343138476,0.));
#3125=CARTESIAN_POINT('',(-5.12713255857318,1.52308825218319,11.));
#3126=CARTESIAN_POINT('',(-5.12713255857318,1.52308825218319,0.));
#3127=CARTESIAN_POINT('',(-4.61854787895752,1.64884282442623,11.));
#3128=CARTESIAN_POINT('Origin',(-4.81106578670412,1.33613343138476,11.));
#3129=CARTESIAN_POINT('',(-4.61854787895752,1.64884282442623,0.));
#3130=CARTESIAN_POINT('Origin',(-4.15631692641769,2.39965069630465,0.));
#3131=CARTESIAN_POINT('',(-3.73721371227956,3.17535837955883,0.));
#3132=CARTESIAN_POINT('Origin',(-4.15631692641769,2.39965069630465,0.));
#3133=CARTESIAN_POINT('',(-3.73721371227956,3.17535837955883,11.));
#3134=CARTESIAN_POINT('Origin',(-4.15631692641769,2.39965069630465,11.));
#3135=CARTESIAN_POINT('',(-3.73721371227956,3.17535837955883,0.));
#3136=CARTESIAN_POINT('Origin',(-3.56265838777693,3.49843847487156,0.));
#3137=CARTESIAN_POINT('',(-3.88259939788287,3.67868291820308,0.));
#3138=CARTESIAN_POINT('Origin',(-3.56265838777693,3.49843847487156,0.));
#3139=CARTESIAN_POINT('',(-3.88259939788287,3.67868291820308,11.));
#3140=CARTESIAN_POINT('Origin',(-3.56265838777693,3.49843847487156,11.));
#3141=CARTESIAN_POINT('',(-3.88259939788287,3.67868291820308,0.));
#3142=CARTESIAN_POINT('Origin',(0.,0.,0.));
#3143=CARTESIAN_POINT('Origin',(0.,0.,0.));
#3144=CARTESIAN_POINT('Origin',(0.,0.,11.));
#3145=CARTESIAN_POINT('Origin',(-4.83457190625631,-1.24840739892719,0.));
#3146=CARTESIAN_POINT('',(-4.82420120398506,-0.881334166677956,0.));
#3147=CARTESIAN_POINT('',(-5.20177117038627,-1.24453316069031,0.));
#3148=CARTESIAN_POINT('Origin',(-4.83457190625631,-1.24840739892719,0.));
#3149=CARTESIAN_POINT('',(-5.20177117038627,-1.24453316069031,11.));
#3150=CARTESIAN_POINT('',(-5.20177117038627,-1.24453316069031,0.));
#3151=CARTESIAN_POINT('',(-4.82420120398506,-0.881334166677956,11.));
#3152=CARTESIAN_POINT('Origin',(-4.83457190625631,-1.24840739892719,11.));
#3153=CARTESIAN_POINT('',(-4.82420120398506,-0.881334166677956,0.));
#3154=CARTESIAN_POINT('Origin',(-4.7993013926093,2.93872454430121E-16,0.));
#3155=CARTESIAN_POINT('',(-4.82420120398506,0.881334166677957,0.));
#3156=CARTESIAN_POINT('Origin',(-4.7993013926093,2.93872454430121E-16,0.));
#3157=CARTESIAN_POINT('',(-4.82420120398506,0.881334166677957,11.));
#3158=CARTESIAN_POINT('Origin',(-4.7993013926093,2.93872454430121E-16,11.));
#3159=CARTESIAN_POINT('',(-4.82420120398506,0.881334166677957,0.));
#3160=CARTESIAN_POINT('Origin',(-4.83457190625631,1.24840739892719,0.));
#3161=CARTESIAN_POINT('',(-5.20177117038627,1.24453316069031,0.));
#3162=CARTESIAN_POINT('Origin',(-4.83457190625631,1.24840739892719,0.));
#3163=CARTESIAN_POINT('',(-5.20177117038627,1.24453316069031,11.));
#3164=CARTESIAN_POINT('Origin',(-4.83457190625631,1.24840739892719,11.));
#3165=CARTESIAN_POINT('',(-5.20177117038627,1.24453316069031,0.));
#3166=CARTESIAN_POINT('Origin',(0.,0.,0.));
#3167=CARTESIAN_POINT('Origin',(0.,0.,0.));
#3168=CARTESIAN_POINT('Origin',(0.,0.,11.));
#3169=CARTESIAN_POINT('Origin',(0.,0.,0.));
#3170=CARTESIAN_POINT('',(1.5875,-2.74963065701559,11.));
#3171=CARTESIAN_POINT('Origin',(0.,0.,11.));
#3172=CARTESIAN_POINT('',(1.5875,-2.74963065701559,0.));
#3173=CARTESIAN_POINT('',(1.5875,-2.74963065701559,0.));
#3174=CARTESIAN_POINT('Origin',(0.,0.,0.));
#3175=CARTESIAN_POINT('Origin',(0.,0.,0.));
#3176=CARTESIAN_POINT('',(-3.88259939788287,-3.67868291820308,0.));
#3177=CARTESIAN_POINT('Origin',(0.,0.,0.));
#3178=CARTESIAN_POINT('',(-3.88259939788287,-3.67868291820308,11.));
#3179=CARTESIAN_POINT('Origin',(0.,0.,11.));
#3180=CARTESIAN_POINT('',(-3.88259939788287,-3.67868291820308,0.));
#3181=CARTESIAN_POINT('Origin',(-3.56265838777693,-3.49843847487156,0.));
#3182=CARTESIAN_POINT('',(-3.73721371227956,-3.17535837955883,0.));
#3183=CARTESIAN_POINT('Origin',(-3.56265838777693,-3.49843847487156,0.));
#3184=CARTESIAN_POINT('',(-3.73721371227956,-3.17535837955883,11.));
#3185=CARTESIAN_POINT('Origin',(-3.56265838777693,-3.49843847487156,11.));
#3186=CARTESIAN_POINT('',(-3.73721371227956,-3.17535837955883,0.));
#3187=CARTESIAN_POINT('Origin',(-4.15631692641769,-2.39965069630465,0.));
#3188=CARTESIAN_POINT('',(-4.61854787895752,-1.64884282442623,0.));
#3189=CARTESIAN_POINT('Origin',(-4.15631692641769,-2.39965069630465,0.));
#3190=CARTESIAN_POINT('',(-4.61854787895752,-1.64884282442623,11.));
#3191=CARTESIAN_POINT('Origin',(-4.15631692641769,-2.39965069630465,11.));
#3192=CARTESIAN_POINT('',(-4.61854787895752,-1.64884282442623,0.));
#3193=CARTESIAN_POINT('Origin',(-4.81106578670412,-1.33613343138475,0.));
#3194=CARTESIAN_POINT('',(-5.12713255857318,-1.52308825218319,0.));
#3195=CARTESIAN_POINT('Origin',(-4.81106578670412,-1.33613343138475,0.));
#3196=CARTESIAN_POINT('',(-5.12713255857318,-1.52308825218319,11.));
#3197=CARTESIAN_POINT('Origin',(-4.81106578670412,-1.33613343138475,11.));
#3198=CARTESIAN_POINT('',(-5.12713255857318,-1.52308825218319,0.));
#3199=CARTESIAN_POINT('Origin',(0.,0.,0.));
#3200=CARTESIAN_POINT('Origin',(0.,0.,0.));
#3201=CARTESIAN_POINT('Origin',(0.,0.,11.));
#3202=CARTESIAN_POINT('Origin',(-3.58040262129778,-2.06714641721351,11.));
#3203=CARTESIAN_POINT('Origin',(-3.58040262129778,-2.06714641721351,0.));
#3204=CARTESIAN_POINT('',(0.,0.,0.));
#3205=CARTESIAN_POINT('Origin',(-4.89858719658941E-16,3.69778549322349E-31,
4.));
#3206=CARTESIAN_POINT('',(-9.50094775405621,1.70739488350531,3.99855598436293));
#3207=CARTESIAN_POINT('',(-9.74237696757959,1.71072349323299,4.00078487140831));
#3208=CARTESIAN_POINT('',(-5.94452741157118E-16,1.70815,4.));
#3209=CARTESIAN_POINT('',(-9.9837638498722,-0.569613368860886,2.38962208394583));
#3210=CARTESIAN_POINT('Ctrl Pts',(-9.74237696757959,1.71072349323299,4.00078487140831));
#3211=CARTESIAN_POINT('Ctrl Pts',(-9.78111394863171,1.70760184326732,3.47884385617611));
#3212=CARTESIAN_POINT('Ctrl Pts',(-9.81985092968383,1.45024757623312,2.95431056331082));
#3213=CARTESIAN_POINT('Ctrl Pts',(-9.85858791073595,1.03616717268397,2.63876955326189));
#3214=CARTESIAN_POINT('Ctrl Pts',(-9.90031322378136,0.590142882850582,2.29888639599559));
#3215=CARTESIAN_POINT('Ctrl Pts',(-9.94203853682678,-0.0377212688669705,
2.20148435060534));
#3216=CARTESIAN_POINT('Ctrl Pts',(-9.9837638498722,-0.569613368860863,2.38962208394583));
#3217=CARTESIAN_POINT('',(-9.86361769705204,-1.64569469632295,3.54334491616553));
#3218=CARTESIAN_POINT('Ctrl Pts',(-9.86361769705205,-1.64591795858774,3.54312967255648));
#3219=CARTESIAN_POINT('Ctrl Pts',(-9.86671705447067,-1.62734420372697,3.47621598863478));
#3220=CARTESIAN_POINT('Ctrl Pts',(-9.87046296949225,-1.60458468258581,3.41013181900216));
#3221=CARTESIAN_POINT('Ctrl Pts',(-9.8886676010888,-1.49065613096655,3.13537210423982));
#3222=CARTESIAN_POINT('Ctrl Pts',(-9.90836312861019,-1.35926765576665,2.94357875919905));
#3223=CARTESIAN_POINT('Ctrl Pts',(-9.94521150084251,-1.05642570904031,2.6407368124727));
#3224=CARTESIAN_POINT('Ctrl Pts',(-9.96478088218186,-0.86463044816816,2.50934483284118));
#3225=CARTESIAN_POINT('Ctrl Pts',(-9.98040492561386,-0.626339149496107,
2.41053794217445));
#3226=CARTESIAN_POINT('Ctrl Pts',(-9.98213859133039,-0.598099704265703,
2.39969810232306));
#3227=CARTESIAN_POINT('Ctrl Pts',(-9.9837638498722,-0.569613368860886,2.38962208394583));
#3228=CARTESIAN_POINT('Ctrl Pts',(-9.86361769705205,-1.64445337214917,3.54454165711692));
#3229=CARTESIAN_POINT('Ctrl Pts',(-9.8379810985782,-1.54960919376933,3.21006812100673));
#3230=CARTESIAN_POINT('Ctrl Pts',(-9.81234450010436,-1.35647505473171,2.90185522020524));
#3231=CARTESIAN_POINT('Ctrl Pts',(-9.78670790163052,-1.09048503176379,2.6818783657994));
#3232=CARTESIAN_POINT('Ctrl Pts',(-9.74498483764195,-0.657591457371138,
2.32387032578021));
#3233=CARTESIAN_POINT('Ctrl Pts',(-9.70326177365338,-0.0317250304402013,
2.1995724633214));
#3234=CARTESIAN_POINT('Ctrl Pts',(-9.66153870966481,0.504831189674206,2.36531146085009));
#3235=CARTESIAN_POINT('Ctrl Pts',(-9.61981564567624,1.04138740978863,2.53105045837878));
#3236=CARTESIAN_POINT('Ctrl Pts',(-9.57809258168768,1.48863342308651,2.98682631589501));
#3237=CARTESIAN_POINT('Ctrl Pts',(-9.53636951769911,1.64410408777409,3.52655683971651));
#3238=CARTESIAN_POINT('Ctrl Pts',(-9.52456226315148,1.68810089762389,3.67929575849855));
#3239=CARTESIAN_POINT('Ctrl Pts',(-9.51275500860385,1.70873118619682,3.83875809824763));
#3240=CARTESIAN_POINT('Ctrl Pts',(-9.50094775405621,1.70739488350531,3.99855598436293));
#3241=CARTESIAN_POINT('Origin',(-4.89858719658941E-16,3.69778549322349E-31,
4.));
#3242=CARTESIAN_POINT('',(-8.7071977540562,1.70610976434142,4.00102486907836));
#3243=CARTESIAN_POINT('',(-8.9486269675796,1.70756039692759,3.99851860126658));
#3244=CARTESIAN_POINT('',(-5.94452741157118E-16,1.70815,4.));
#3245=CARTESIAN_POINT('Ctrl Pts',(-8.9486269675796,1.70756039692759,3.99851860126658));
#3246=CARTESIAN_POINT('Ctrl Pts',(-8.95987009064713,1.70886566614808,3.84640314363079));
#3247=CARTESIAN_POINT('Ctrl Pts',(-8.97111321371466,1.69019155389462,3.69460215123502));
#3248=CARTESIAN_POINT('Ctrl Pts',(-8.98235633678219,1.6502588782554,3.54861501336025));
#3249=CARTESIAN_POINT('Ctrl Pts',(-9.02408164982761,1.50206131946505,3.00682969340588));
#3250=CARTESIAN_POINT('Ctrl Pts',(-9.06580696287302,1.06107177114273,2.54511798901821));
#3251=CARTESIAN_POINT('Ctrl Pts',(-9.10753227591844,0.526675861176003,2.37220955248522));
#3252=CARTESIAN_POINT('Ctrl Pts',(-9.14925758896385,-0.00772004879072745,
2.19930111595223));
#3253=CARTESIAN_POINT('Ctrl Pts',(-9.19098290200927,-0.635522320401873,
2.3151959472739));
#3254=CARTESIAN_POINT('Ctrl Pts',(-9.23270821505469,-1.07301994925973,2.66747001916967));
#3255=CARTESIAN_POINT('Ctrl Pts',(-9.27443352810011,-1.5105175781176,3.01974409106545));
#3256=CARTESIAN_POINT('Ctrl Pts',(-9.31615884114553,-1.75771056422217,3.6083974035353));
#3257=CARTESIAN_POINT('Ctrl Pts',(-9.35788415419094,-1.70270519385597,4.16740362132764));
#3258=CARTESIAN_POINT('Ctrl Pts',(-9.39960946723636,-1.64769982348977,4.72640983911996));
#3259=CARTESIAN_POINT('Ctrl Pts',(-9.44133478028178,-1.29049609665278,5.25576896223477));
#3260=CARTESIAN_POINT('Ctrl Pts',(-9.4830600933272,-0.792858028119487,5.51606049642861));
#3261=CARTESIAN_POINT('Ctrl Pts',(-9.52478540637262,-0.295219959586185,
5.77635203062245));
#3262=CARTESIAN_POINT('Ctrl Pts',(-9.56651071941803,0.34285245064341,5.76757597589534));
#3263=CARTESIAN_POINT('Ctrl Pts',(-9.60823603246345,0.833494565348683,5.49395150313924));
#3264=CARTESIAN_POINT('Ctrl Pts',(-9.64996134550886,1.32413668005396,5.22032703038312));
#3265=CARTESIAN_POINT('Ctrl Pts',(-9.69168665855428,1.66734849923489,4.681854139598));
#3266=CARTESIAN_POINT('Ctrl Pts',(-9.7334119715997,1.70686219485074,4.12143555963426));
#3267=CARTESIAN_POINT('Ctrl Pts',(-9.73640030359299,1.70969213265501,4.08129885004693));
#3268=CARTESIAN_POINT('Ctrl Pts',(-9.73938863558629,1.71096431030781,4.04104957433738));
#3269=CARTESIAN_POINT('Ctrl Pts',(-9.74237696757959,1.71072349323299,4.00078487140831));
#3270=CARTESIAN_POINT('Ctrl Pts',(-9.50094775405621,1.70739488350531,3.99855598436293));
#3271=CARTESIAN_POINT('Ctrl Pts',(-9.47103194461528,1.70400911956556,4.40343275658835));
#3272=CARTESIAN_POINT('Ctrl Pts',(-9.44111613517434,1.55960802394433,4.81046358091753));
#3273=CARTESIAN_POINT('Ctrl Pts',(-9.4112003257334,1.29696153319235,5.11574933520476));
#3274=CARTESIAN_POINT('Ctrl Pts',(-9.36947726174483,0.930652997845731,5.54152611674474));
#3275=CARTESIAN_POINT('Ctrl Pts',(-9.32775419775626,0.334340611075193,5.7693944896979));
#3276=CARTESIAN_POINT('Ctrl Pts',(-9.2860311337677,-0.222530906643778,5.69633930014247));
#3277=CARTESIAN_POINT('Ctrl Pts',(-9.24430806977913,-0.779402424362742,
5.62328411058704));
#3278=CARTESIAN_POINT('Ctrl Pts',(-9.20258500579056,-1.29683307303014,5.24930535852303));
#3279=CARTESIAN_POINT('Ctrl Pts',(-9.160861941802,-1.54090343139509,4.74344951505516));
#3280=CARTESIAN_POINT('Ctrl Pts',(-9.11913887781343,-1.78497378976005,4.23759367158729));
#3281=CARTESIAN_POINT('Ctrl Pts',(-9.07741581382485,-1.75568385782256,3.59986073671557));
#3282=CARTESIAN_POINT('Ctrl Pts',(-9.03569274983628,-1.46629544701657,3.1184964670521));
#3283=CARTESIAN_POINT('Ctrl Pts',(-8.99396968584771,-1.17690703621057,2.63713219738861));
#3284=CARTESIAN_POINT('Ctrl Pts',(-8.95224662185915,-0.627420146536063,
2.31213659293338));
#3285=CARTESIAN_POINT('Ctrl Pts',(-8.91052355787058,-0.066187387826604,
2.29040842529431));
#3286=CARTESIAN_POINT('Ctrl Pts',(-8.86880049388201,0.495045370882847,2.26868025765523));
#3287=CARTESIAN_POINT('Ctrl Pts',(-8.82707742989344,1.06802399862725,2.55021952683231));
#3288=CARTESIAN_POINT('Ctrl Pts',(-8.78535436590487,1.39375960002839,3.00777080691498));
#3289=CARTESIAN_POINT('Ctrl Pts',(-8.75930216195532,1.59715142963273,3.29346936609463));
#3290=CARTESIAN_POINT('Ctrl Pts',(-8.73324995800576,1.70414690658586,3.64779237193733));
#3291=CARTESIAN_POINT('Ctrl Pts',(-8.7071977540562,1.70610976434142,4.00102486907836));
#3292=CARTESIAN_POINT('Origin',(-4.89858719658941E-16,3.69778549322349E-31,
4.));
#3293=CARTESIAN_POINT('',(-7.91344775405621,1.71078292612601,4.00034473636124));
#3294=CARTESIAN_POINT('',(-8.15487696757959,1.70597094384431,4.00092893794705));
#3295=CARTESIAN_POINT('',(-5.94452741157118E-16,1.70815,4.));
#3296=CARTESIAN_POINT('Ctrl Pts',(-8.15487696757959,1.70597094384431,4.00092893794705));
#3297=CARTESIAN_POINT('Ctrl Pts',(-8.18035154570796,1.70423972035202,3.65545775443072));
#3298=CARTESIAN_POINT('Ctrl Pts',(-8.20582612383632,1.60226926857751,3.30904686218871));
#3299=CARTESIAN_POINT('Ctrl Pts',(-8.23130070196468,1.40723832546385,3.02698142391877));
#3300=CARTESIAN_POINT('Ctrl Pts',(-8.2730260150101,1.08779330407998,2.56498088943293));
#3301=CARTESIAN_POINT('Ctrl Pts',(-8.31475132805551,0.518687373756926,2.27560511002415));
#3302=CARTESIAN_POINT('Ctrl Pts',(-8.35647664110093,-0.0428209740083465,
2.28966337932059));
#3303=CARTESIAN_POINT('Ctrl Pts',(-8.39820195414635,-0.604329321773627,
2.30372164861702));
#3304=CARTESIAN_POINT('Ctrl Pts',(-8.43992726719177,-1.15824008698113,2.62121396661868));
#3305=CARTESIAN_POINT('Ctrl Pts',(-8.48165258023718,-1.454165987717,3.09862095254187));
#3306=CARTESIAN_POINT('Ctrl Pts',(-8.5233778932826,-1.75009188845288,3.57602793846505));
#3307=CARTESIAN_POINT('Ctrl Pts',(-8.56510320632801,-1.78803292471713,4.21334959230976));
#3308=CARTESIAN_POINT('Ctrl Pts',(-8.60682851937343,-1.55083524782641,4.7224934747146));
#3309=CARTESIAN_POINT('Ctrl Pts',(-8.64855383241885,-1.3136375709357,5.23163735711943));
#3310=CARTESIAN_POINT('Ctrl Pts',(-8.69027914546427,-0.801301180890019,
5.61260346808439));
#3311=CARTESIAN_POINT('Ctrl Pts',(-8.73200445850969,-0.245427591466037,
5.6931779611181));
#3312=CARTESIAN_POINT('Ctrl Pts',(-8.77372977155511,0.310445997957945,5.77375245415181));
#3313=CARTESIAN_POINT('Ctrl Pts',(-8.81545508460052,0.909856786760228,5.55393532925426));
#3314=CARTESIAN_POINT('Ctrl Pts',(-8.85718039764594,1.28185939653218,5.13309729904496));
#3315=CARTESIAN_POINT('Ctrl Pts',(-8.88766258762382,1.55362378595676,4.82565647115242));
#3316=CARTESIAN_POINT('Ctrl Pts',(-8.91814477760171,1.70402157020549,4.41093179379107));
#3317=CARTESIAN_POINT('Ctrl Pts',(-8.9486269675796,1.70756039692759,3.99851860126658));
#3318=CARTESIAN_POINT('Ctrl Pts',(-8.7071977540562,1.70610976434142,4.00102486907836));
#3319=CARTESIAN_POINT('Ctrl Pts',(-8.69152689401719,1.70729045789132,4.21350044445181));
#3320=CARTESIAN_POINT('Ctrl Pts',(-8.67585603397818,1.67046788552868,4.42558144819135));
#3321=CARTESIAN_POINT('Ctrl Pts',(-8.66018517393917,1.59376242263295,4.62209489486165));
#3322=CARTESIAN_POINT('Ctrl Pts',(-8.6184621099506,1.38953706877848,5.14530441173738));
#3323=CARTESIAN_POINT('Ctrl Pts',(-8.57673904596203,0.902593786011667,5.55816015450056));
#3324=CARTESIAN_POINT('Ctrl Pts',(-8.53501598197347,0.353026136360532,5.67405356819532));
#3325=CARTESIAN_POINT('Ctrl Pts',(-8.4932929179849,-0.196541513290612,5.78994698189009));
#3326=CARTESIAN_POINT('Ctrl Pts',(-8.45156985399633,-0.808733529826075,
5.60887806651643));
#3327=CARTESIAN_POINT('Ctrl Pts',(-8.40984679000776,-1.20684216022064,5.2126890219475));
#3328=CARTESIAN_POINT('Ctrl Pts',(-8.36812372601919,-1.6049507906152,4.81649997737858));
#3329=CARTESIAN_POINT('Ctrl Pts',(-8.32640066203062,-1.78897603486888,4.20519080361439));
#3330=CARTESIAN_POINT('Ctrl Pts',(-8.28467759804205,-1.6757401170907,3.65506922771905));
#3331=CARTESIAN_POINT('Ctrl Pts',(-8.24295453405349,-1.56250419931253,3.10494765182372));
#3332=CARTESIAN_POINT('Ctrl Pts',(-8.20123147006491,-1.15200711950251,2.61601367379724));
#3333=CARTESIAN_POINT('Ctrl Pts',(-8.15950840607634,-0.629790693500567,
2.40926238023853));
#3334=CARTESIAN_POINT('Ctrl Pts',(-8.11778534208778,-0.10757426749862,2.20251108667982));
#3335=CARTESIAN_POINT('Ctrl Pts',(-8.07606227809921,0.526361504695251,2.27794247758889));
#3336=CARTESIAN_POINT('Ctrl Pts',(-8.03433921411064,0.985481585770346,2.60146201742124));
#3337=CARTESIAN_POINT('Ctrl Pts',(-7.99404206075916,1.42891096379721,2.91392508370983));
#3338=CARTESIAN_POINT('Ctrl Pts',(-7.95374490740769,1.70926933232485,3.45780893740487));
#3339=CARTESIAN_POINT('Ctrl Pts',(-7.91344775405621,1.71078292612601,4.00034473636124));
#3340=CARTESIAN_POINT('Origin',(-4.89858719658941E-16,3.69778549322349E-31,
4.));
#3341=CARTESIAN_POINT('',(-7.11969775405621,1.70697375948108,3.99861615111659));
#3342=CARTESIAN_POINT('',(-7.36112696757959,1.71069870542699,4.00048318315788));
#3343=CARTESIAN_POINT('',(-5.94452741157118E-16,1.70815,4.));
#3344=CARTESIAN_POINT('Ctrl Pts',(-7.36112696757959,1.71069870542699,4.00048318315788));
#3345=CARTESIAN_POINT('Ctrl Pts',(-7.40083300076879,1.70867363982232,3.46583537936371));
#3346=CARTESIAN_POINT('Ctrl Pts',(-7.44053903395798,1.43757578664418,2.92941469896447));
#3347=CARTESIAN_POINT('Ctrl Pts',(-7.48024506714718,1.00501633573302,2.61543263904759));
#3348=CARTESIAN_POINT('Ctrl Pts',(-7.52197038019259,0.550458752153162,2.28548278789395));
#3349=CARTESIAN_POINT('Ctrl Pts',(-7.56369569323801,-0.0824005177068433,
2.20117141476041));
#3350=CARTESIAN_POINT('Ctrl Pts',(-7.60542100628343,-0.60748484232087,2.4006104949006));
#3351=CARTESIAN_POINT('Ctrl Pts',(-7.64714631932884,-1.1325691669349,2.60004957504078));
#3352=CARTESIAN_POINT('Ctrl Pts',(-7.68887163237427,-1.54987854630295,3.08323910845469));
#3353=CARTESIAN_POINT('Ctrl Pts',(-7.73059694541968,-1.67077319847457,3.63175891618603));
#3354=CARTESIAN_POINT('Ctrl Pts',(-7.7723222584651,-1.79166785064618,4.18027872391736));
#3355=CARTESIAN_POINT('Ctrl Pts',(-7.81404757151051,-1.61614777562138,4.79412880596612));
#3356=CARTESIAN_POINT('Ctrl Pts',(-7.85577288455593,-1.22355470527656,5.19582545459033));
#3357=CARTESIAN_POINT('Ctrl Pts',(-7.89749819760134,-0.830961634931727,
5.59752210321454));
#3358=CARTESIAN_POINT('Ctrl Pts',(-7.93922351064677,-0.22129556926687,5.78706531841419));
#3359=CARTESIAN_POINT('Ctrl Pts',(-7.98094882369218,0.329850976122072,5.67877426000012));
#3360=CARTESIAN_POINT('Ctrl Pts',(-8.0226741367376,0.880997521511023,5.57048320158604));
#3361=CARTESIAN_POINT('Ctrl Pts',(-8.06439944978302,1.37362454662406,5.16435786955824));
#3362=CARTESIAN_POINT('Ctrl Pts',(-8.10612476282843,1.58504600295823,4.64398255876288));
#3363=CARTESIAN_POINT('Ctrl Pts',(-8.12237549774548,1.66738820225879,4.44131227025218));
#3364=CARTESIAN_POINT('Ctrl Pts',(-8.13862623266254,1.70707532539338,4.22131180735178));
#3365=CARTESIAN_POINT('Ctrl Pts',(-8.15487696757959,1.70597094384431,4.00092893794705));
#3366=CARTESIAN_POINT('Ctrl Pts',(-7.91344775405621,1.71078292612601,4.00034473636124));
#3367=CARTESIAN_POINT('Ctrl Pts',(-7.91202184341912,1.71083648448738,4.01954230994632));
#3368=CARTESIAN_POINT('Ctrl Pts',(-7.91059593278203,1.71054090382583,4.03873819564424));
#3369=CARTESIAN_POINT('Ctrl Pts',(-7.90917002214494,1.70989105477194,4.05792208060577));
#3370=CARTESIAN_POINT('Ctrl Pts',(-7.86744695815637,1.69087605274212,4.61925491520237));
#3371=CARTESIAN_POINT('Ctrl Pts',(-7.8257238941678,1.36854165872618,5.17031289563998));
#3372=CARTESIAN_POINT('Ctrl Pts',(-7.78400083017923,0.88858092305803,5.46202133222436));
#3373=CARTESIAN_POINT('Ctrl Pts',(-7.74227776619066,0.408620187389879,5.75372976880875));
#3374=CARTESIAN_POINT('Ctrl Pts',(-7.7005547022021,-0.228966889930478,5.78608866153991));
#3375=CARTESIAN_POINT('Ctrl Pts',(-7.65883163821353,-0.735995011480751,
5.54447200207638));
#3376=CARTESIAN_POINT('Ctrl Pts',(-7.61710857422496,-1.24302313303103,5.30285534261283));
#3377=CARTESIAN_POINT('Ctrl Pts',(-7.57538551023639,-1.61949229881123,4.78726313095458));
#3378=CARTESIAN_POINT('Ctrl Pts',(-7.53366244624782,-1.69524086349172,4.23073974606155));
#3379=CARTESIAN_POINT('Ctrl Pts',(-7.49193938225925,-1.77098942817221,3.67421636116852));
#3380=CARTESIAN_POINT('Ctrl Pts',(-7.45021631827069,-1.54601739175301,3.07676180304071));
#3381=CARTESIAN_POINT('Ctrl Pts',(-7.40849325428212,-1.1220106706747,2.70842171080901));
#3382=CARTESIAN_POINT('Ctrl Pts',(-7.36677019029355,-0.698003949596392,
2.34008161857731));
#3383=CARTESIAN_POINT('Ctrl Pts',(-7.32504712630498,-0.0749625438589686,
2.20085599224171));
#3384=CARTESIAN_POINT('Ctrl Pts',(-7.28332406231641,0.465502814637609,2.35367392361225));
#3385=CARTESIAN_POINT('Ctrl Pts',(-7.24160099832784,1.00596817313419,2.50649185498279));
#3386=CARTESIAN_POINT('Ctrl Pts',(-7.19987793433927,1.46385748438992,2.95135334405946));
#3387=CARTESIAN_POINT('Ctrl Pts',(-7.1581548703507,1.63220771039069,3.48718384412384));
#3388=CARTESIAN_POINT('Ctrl Pts',(-7.14533583158587,1.68393181372508,3.65181297954849));
#3389=CARTESIAN_POINT('Ctrl Pts',(-7.13251679282104,1.70832427453608,3.825029323456));
#3390=CARTESIAN_POINT('Ctrl Pts',(-7.11969775405621,1.70697375948108,3.99861615111659));
#3391=CARTESIAN_POINT('Origin',(-4.89858719658941E-16,3.69778549322349E-31,
4.));
#3392=CARTESIAN_POINT('',(-6.32594775405621,1.70638315306796,4.00117550983376));
#3393=CARTESIAN_POINT('',(-6.56737696757959,1.70719022269033,3.99856797391417));
#3394=CARTESIAN_POINT('',(-5.94452741157118E-16,1.70815,4.));
#3395=CARTESIAN_POINT('Ctrl Pts',(-6.56737696757959,1.70719022269033,3.99856797391417));
#3396=CARTESIAN_POINT('Ctrl Pts',(-6.5795891427842,1.70853421363756,3.83325206089502));
#3397=CARTESIAN_POINT('Ctrl Pts',(-6.59180131798881,1.68643913779002,3.66828774356469));
#3398=CARTESIAN_POINT('Ctrl Pts',(-6.60401349319342,1.63942901126924,3.51075862085097));
#3399=CARTESIAN_POINT('Ctrl Pts',(-6.64573880623883,1.47880961197962,2.97252920235077));
#3400=CARTESIAN_POINT('Ctrl Pts',(-6.68746411928426,1.02733628733794,2.52109693984912));
#3401=CARTESIAN_POINT('Ctrl Pts',(-6.72918943232967,0.489092261757272,2.36052649621349));
#3402=CARTESIAN_POINT('Ctrl Pts',(-6.77091474537509,-0.0491517638234024,
2.19995605257785));
#3403=CARTESIAN_POINT('Ctrl Pts',(-6.8126400584205,-0.674166490343071,2.33024742780825));
#3404=CARTESIAN_POINT('Ctrl Pts',(-6.85436537146592,-1.10342133627834,2.69250393304282));
#3405=CARTESIAN_POINT('Ctrl Pts',(-6.89609068451134,-1.53267618221361,3.0547604382774));
#3406=CARTESIAN_POINT('Ctrl Pts',(-6.93781599755676,-1.76617114756448,3.64898207351616));
#3407=CARTESIAN_POINT('Ctrl Pts',(-6.97954131060217,-1.69835757071981,4.20655791327331));
#3408=CARTESIAN_POINT('Ctrl Pts',(-7.02126662364759,-1.63054399387514,4.76413375303046));
#3409=CARTESIAN_POINT('Ctrl Pts',(-7.06299193669301,-1.26142187483494,5.28506379730601));
#3410=CARTESIAN_POINT('Ctrl Pts',(-7.10471724973842,-0.757848539741554,
5.53386772604899));
#3411=CARTESIAN_POINT('Ctrl Pts',(-7.14644256278384,-0.254275204648168,
5.78267165479198));
#3412=CARTESIAN_POINT('Ctrl Pts',(-7.18816787582926,0.383749346498403,5.7593494680024));
#3413=CARTESIAN_POINT('Ctrl Pts',(-7.22989318887467,0.86781359144957,5.47444368583026));
#3414=CARTESIAN_POINT('Ctrl Pts',(-7.27161850192009,1.35187783640074,5.18953790365813));
#3415=CARTESIAN_POINT('Ctrl Pts',(-7.31334381496551,1.68198177515651,4.64304852610343));
#3416=CARTESIAN_POINT('Ctrl Pts',(-7.35506912801093,1.70890579588454,4.08200967273921));
#3417=CARTESIAN_POINT('Ctrl Pts',(-7.35708840786715,1.71020877311195,4.05485842155691));
#3418=CARTESIAN_POINT('Ctrl Pts',(-7.35910768772337,1.71080169164481,4.02767309495871));
#3419=CARTESIAN_POINT('Ctrl Pts',(-7.36112696757959,1.71069870542699,4.00048318315788));
#3420=CARTESIAN_POINT('Ctrl Pts',(-7.11969775405621,1.70697375948108,3.99861615111659));
#3421=CARTESIAN_POINT('Ctrl Pts',(-7.09079372883247,1.70392865431127,4.39001508026051));
#3422=CARTESIAN_POINT('Ctrl Pts',(-7.06188970360874,1.5700062021179,4.78329754963576));
#3423=CARTESIAN_POINT('Ctrl Pts',(-7.032985678385,1.32341772102434,5.08427300813479));
#3424=CARTESIAN_POINT('Ctrl Pts',(-6.99126261439643,0.967466364911436,5.51873216102921));
#3425=CARTESIAN_POINT('Ctrl Pts',(-6.94953955040786,0.376752511939834,5.76085095576595));
#3426=CARTESIAN_POINT('Ctrl Pts',(-6.90781648641929,-0.181724955141517,
5.70119324617627));
#3427=CARTESIAN_POINT('Ctrl Pts',(-6.86609342243072,-0.740202422222867,
5.64153553658658));
#3428=CARTESIAN_POINT('Ctrl Pts',(-6.82437035844216,-1.26644350341396,5.28010132267047));
#3429=CARTESIAN_POINT('Ctrl Pts',(-6.78264729445359,-1.52259059687489,4.78025655678086));
#3430=CARTESIAN_POINT('Ctrl Pts',(-6.74092423046502,-1.77873769033582,4.28041179089124));
#3431=CARTESIAN_POINT('Ctrl Pts',(-6.69920116647645,-1.76479079606658,3.64215647302811));
#3432=CARTESIAN_POINT('Ctrl Pts',(-6.65747810248788,-1.48705382095013,3.15397792356734));
#3433=CARTESIAN_POINT('Ctrl Pts',(-6.61575503849931,-1.20931684583367,2.66579937410657));
#3434=CARTESIAN_POINT('Ctrl Pts',(-6.57403197451074,-0.667789789869979,
2.32769759304816));
#3435=CARTESIAN_POINT('Ctrl Pts',(-6.53230891052218,-0.107239417947564,
2.29249242243202));
#3436=CARTESIAN_POINT('Ctrl Pts',(-6.49058584653361,0.453310953974842,2.25728725181588));
#3437=CARTESIAN_POINT('Ctrl Pts',(-6.44886278254504,1.03288464185597,2.52497869164202));
#3438=CARTESIAN_POINT('Ctrl Pts',(-6.40713971855647,1.36951804669457,2.97457192360008));
#3439=CARTESIAN_POINT('Ctrl Pts',(-6.38007573038972,1.5878779084627,3.26620405092659));
#3440=CARTESIAN_POINT('Ctrl Pts',(-6.35301174222296,1.70401898038747,3.63437260452708));
#3441=CARTESIAN_POINT('Ctrl Pts',(-6.32594775405621,1.70638315306796,4.00117550983376));
#3442=CARTESIAN_POINT('Origin',(-4.89858719658941E-16,3.69778549322349E-31,
4.));
#3443=CARTESIAN_POINT('',(-5.53219775405621,1.71086400626,4.00010111333346));
#3444=CARTESIAN_POINT('',(-5.7736269675796,1.70620967086982,4.00108591935264));
#3445=CARTESIAN_POINT('',(-5.94452741157118E-16,1.70815,4.));
#3446=CARTESIAN_POINT('Ctrl Pts',(-5.7736269675796,1.70620967086982,4.00108591935264));
#3447=CARTESIAN_POINT('Ctrl Pts',(-5.80007059784504,1.70409006767996,3.64259911985951));
#3448=CARTESIAN_POINT('Ctrl Pts',(-5.82651422811048,1.59360954866118,3.28291690494528));
#3449=CARTESIAN_POINT('Ctrl Pts',(-5.85295785837592,1.38447594427875,2.99485773680012));
#3450=CARTESIAN_POINT('Ctrl Pts',(-5.89468317142133,1.05448475080117,2.54033016831544));
#3451=CARTESIAN_POINT('Ctrl Pts',(-5.93640848446674,0.47887129497839,2.26412661999323));
#3452=CARTESIAN_POINT('Ctrl Pts',(-5.97813379751216,-0.0821651076484294,
2.29110166904292));
#3453=CARTESIAN_POINT('Ctrl Pts',(-6.01985911055758,-0.643201510275248,
2.31807671809262));
#3454=CARTESIAN_POINT('Ctrl Pts',(-6.061584423603,-1.18966085970611,2.64823036451421));
#3455=CARTESIAN_POINT('Ctrl Pts',(-6.10330973664842,-1.4745226120489,3.13232052191759));
#3456=CARTESIAN_POINT('Ctrl Pts',(-6.14503504969384,-1.75938436439169,3.61641067932096));
#3457=CARTESIAN_POINT('Ctrl Pts',(-6.18676036273925,-1.78264851964641,4.25443734770612));
#3458=CARTESIAN_POINT('Ctrl Pts',(-6.22848567578467,-1.53379878920064,4.75798805024191));
#3459=CARTESIAN_POINT('Ctrl Pts',(-6.27021098883008,-1.28494905875486,5.26153875277771));
#3460=CARTESIAN_POINT('Ctrl Pts',(-6.3119363018755,-0.763985442608597,5.63061348946414));
#3461=CARTESIAN_POINT('Ctrl Pts',(-6.35366161492092,-0.206403437052745,
5.69837635150704));
#3462=CARTESIAN_POINT('Ctrl Pts',(-6.39538692796634,0.351178568503108,5.76613921354994));
#3463=CARTESIAN_POINT('Ctrl Pts',(-6.43711224101176,0.945378963468547,5.5325902009493));
#3464=CARTESIAN_POINT('Ctrl Pts',(-6.47883755405717,1.30759642398248,5.10330240739961));
#3465=CARTESIAN_POINT('Ctrl Pts',(-6.50835069189798,1.56379998628671,4.79965867414308));
#3466=CARTESIAN_POINT('Ctrl Pts',(-6.53786382973878,1.70394220262692,4.39808658926872));
#3467=CARTESIAN_POINT('Ctrl Pts',(-6.56737696757959,1.70719022269033,3.99856797391417));
#3468=CARTESIAN_POINT('Ctrl Pts',(-6.32594775405621,1.70638315306796,4.00117550983376));
#3469=CARTESIAN_POINT('Ctrl Pts',(-6.31128867823439,1.70766369554993,4.19985249592397));
#3470=CARTESIAN_POINT('Ctrl Pts',(-6.29662960241258,1.67556444140375,4.39812882895882));
#3471=CARTESIAN_POINT('Ctrl Pts',(-6.28197052659077,1.60824872038673,4.58362528520564));
#3472=CARTESIAN_POINT('Ctrl Pts',(-6.2402474626022,1.41665286744422,5.11159039076312));
#3473=CARTESIAN_POINT('Ctrl Pts',(-6.19852439861363,0.939768039763113,5.53602557778809));
#3474=CARTESIAN_POINT('Ctrl Pts',(-6.15680133462506,0.393143128627892,5.66508885675918));
#3475=CARTESIAN_POINT('Ctrl Pts',(-6.11507827063649,-0.153481782507325,
5.79415213573028));
#3476=CARTESIAN_POINT('Ctrl Pts',(-6.07335520664792,-0.769846777096653,
5.62784350664754));
#3477=CARTESIAN_POINT('Ctrl Pts',(-6.03163214265935,-1.17735882099014,5.24133340655245));
#3478=CARTESIAN_POINT('Ctrl Pts',(-5.98990907867078,-1.58487086488363,4.85482330645736));
#3479=CARTESIAN_POINT('Ctrl Pts',(-5.94818601468222,-1.78352995808126,4.24811173534993));
#3480=CARTESIAN_POINT('Ctrl Pts',(-5.90646295069365,-1.68354346110487,3.69542844059099));
#3481=CARTESIAN_POINT('Ctrl Pts',(-5.86473988670508,-1.58355696412849,3.14274514583205));
#3482=CARTESIAN_POINT('Ctrl Pts',(-5.82301682271651,-1.18492487697808,2.6440901274216));
#3483=CARTESIAN_POINT('Ctrl Pts',(-5.78129375872794,-0.667826353319699,
2.42485226596705));
#3484=CARTESIAN_POINT('Ctrl Pts',(-5.73957069473937,-0.150727829661317,
2.2056144045125));
#3485=CARTESIAN_POINT('Ctrl Pts',(-5.69784763075081,0.484837130505038,2.26579370001385));
#3486=CARTESIAN_POINT('Ctrl Pts',(-5.65612456676224,0.951597232338123,2.57818949115182));
#3487=CARTESIAN_POINT('Ctrl Pts',(-5.61481562919356,1.41372446037332,2.88748456680522));
#3488=CARTESIAN_POINT('Ctrl Pts',(-5.57350669162489,1.71038117864785,3.44401418603228));
#3489=CARTESIAN_POINT('Ctrl Pts',(-5.53219775405621,1.71086400626,4.00010111333346));
#3490=CARTESIAN_POINT('Origin',(-4.89858719658941E-16,3.69778549322349E-31,
4.));
#3491=CARTESIAN_POINT('',(-4.7384477540562,1.70663547471573,3.99871951888822));
#3492=CARTESIAN_POINT('',(-4.97987696757959,1.71082346980191,4.00025519449636));
#3493=CARTESIAN_POINT('',(-5.94452741157118E-16,1.70815,4.));
#3494=CARTESIAN_POINT('Ctrl Pts',(-4.97987696757959,1.71082346980191,4.00025519449636));
#3495=CARTESIAN_POINT('Ctrl Pts',(-5.02055205290587,1.70966837555445,3.45266598885131));
#3496=CARTESIAN_POINT('Ctrl Pts',(-5.06122713823213,1.42329086765304,2.9040368082798));
#3497=CARTESIAN_POINT('Ctrl Pts',(-5.10190222355841,0.972890626743188,2.59267331264391));
#3498=CARTESIAN_POINT('Ctrl Pts',(-5.14362753660382,0.510861084655023,2.27327043439276));
#3499=CARTESIAN_POINT('Ctrl Pts',(-5.18535284964925,-0.123770649115964,
2.20354378381979));
#3500=CARTESIAN_POINT('Ctrl Pts',(-5.22707816269466,-0.644126751635967,
2.4150125077785));
#3501=CARTESIAN_POINT('Ctrl Pts',(-5.26880347574008,-1.16448285415596,2.6264812317372));
#3502=CARTESIAN_POINT('Ctrl Pts',(-5.31052878878549,-1.57056332542498,3.11914533022756));
#3503=CARTESIAN_POINT('Ctrl Pts',(-5.35225410183091,-1.67880424104711,3.67030175562015));
#3504=CARTESIAN_POINT('Ctrl Pts',(-5.39397941487632,-1.78704515666924,4.22145818101275));
#3505=CARTESIAN_POINT('Ctrl Pts',(-5.43570472792175,-1.59744651664448,4.83110693330758));
#3506=CARTESIAN_POINT('Ctrl Pts',(-5.47743004096716,-1.19571416757446,5.22366344845806));
#3507=CARTESIAN_POINT('Ctrl Pts',(-5.51915535401258,-0.793981818504441,
5.61621996360854));
#3508=CARTESIAN_POINT('Ctrl Pts',(-5.56088066705799,-0.180115760389171,
5.79168424161468));
#3509=CARTESIAN_POINT('Ctrl Pts',(-5.60260598010341,0.3683930523843,5.67073970777746));
#3510=CARTESIAN_POINT('Ctrl Pts',(-5.64433129314883,0.916901865157772,5.54979517394025));
#3511=CARTESIAN_POINT('Ctrl Pts',(-5.68605660619425,1.40005343258945,5.13244182825969));
#3512=CARTESIAN_POINT('Ctrl Pts',(-5.72778191923967,1.59944475073909,4.60733936109583));
#3513=CARTESIAN_POINT('Ctrl Pts',(-5.74306360201964,1.67247080256828,4.41502326459474));
#3514=CARTESIAN_POINT('Ctrl Pts',(-5.75834528479962,1.70743458224703,4.20825420508616));
#3515=CARTESIAN_POINT('Ctrl Pts',(-5.7736269675796,1.70620967086982,4.00108591935264));
#3516=CARTESIAN_POINT('Ctrl Pts',(-5.53219775405621,1.71086400626,4.00010111333346));
#3517=CARTESIAN_POINT('Ctrl Pts',(-5.53178362763632,1.71086884665731,4.00567594294433));
#3518=CARTESIAN_POINT('Ctrl Pts',(-5.53136950121643,1.71084392077238,4.01125072806345));
#3519=CARTESIAN_POINT('Ctrl Pts',(-5.53095537479654,1.71078909691497,4.01682521914356));
#3520=CARTESIAN_POINT('Ctrl Pts',(-5.48923231080797,1.70526561615892,4.57845286922274));
#3521=CARTESIAN_POINT('Ctrl Pts',(-5.4475092468194,1.39626341114701,5.13709588260649));
#3522=CARTESIAN_POINT('Ctrl Pts',(-5.40578618283083,0.923449505623634,5.44025117367257));
#3523=CARTESIAN_POINT('Ctrl Pts',(-5.36406311884226,0.450635600100259,5.74340646473865));
#3524=CARTESIAN_POINT('Ctrl Pts',(-5.32234005485369,-0.185990005934576,
5.79107403348705));
#3525=CARTESIAN_POINT('Ctrl Pts',(-5.28061699086512,-0.698676619004473,
5.56170847749101));
#3526=CARTESIAN_POINT('Ctrl Pts',(-5.23889392687655,-1.21136323207437,5.33234292149497));
#3527=CARTESIAN_POINT('Ctrl Pts',(-5.19717086288798,-1.60011085217932,4.8259442407545));
#3528=CARTESIAN_POINT('Ctrl Pts',(-5.15544779889942,-1.68920802751604,4.27140133452745));
#3529=CARTESIAN_POINT('Ctrl Pts',(-5.11372473491085,-1.77830520285276,3.7168584283004));
#3530=CARTESIAN_POINT('Ctrl Pts',(-5.07200167092228,-1.56775193342125,3.11417129658677));
#3531=CARTESIAN_POINT('Ctrl Pts',(-5.03027860693371,-1.15271697794199,2.73575079145423));
#3532=CARTESIAN_POINT('Ctrl Pts',(-4.98855554294514,-0.737682022462729,
2.35733028632169));
#3533=CARTESIAN_POINT('Ctrl Pts',(-4.94683247895657,-0.118165380935722,
2.20317640777024));
#3534=CARTESIAN_POINT('Ctrl Pts',(-4.90510941496801,0.425815441802992,2.34296548399992));
#3535=CARTESIAN_POINT('Ctrl Pts',(-4.86338635097944,0.969796264541704,2.48275456022961));
#3536=CARTESIAN_POINT('Ctrl Pts',(-4.82166328699087,1.43824126849212,2.91648659124044));
#3537=CARTESIAN_POINT('Ctrl Pts',(-4.7799402230023,1.6194162056076,3.44811793229576));
#3538=CARTESIAN_POINT('Ctrl Pts',(-4.76610940002027,1.67947407874729,3.62434897256285));
#3539=CARTESIAN_POINT('Ctrl Pts',(-4.75227857703824,1.70796489932397,3.81133780844752));
#3540=CARTESIAN_POINT('Ctrl Pts',(-4.7384477540562,1.70663547471573,3.99871951888822));
#3541=CARTESIAN_POINT('Origin',(-4.89858719658941E-16,3.69778549322349E-31,
4.));
#3542=CARTESIAN_POINT('',(-3.94469775405621,1.70669131433874,4.0013157261465));
#3543=CARTESIAN_POINT('',(-4.18612696757959,1.70684894283071,3.99864975051732));
#3544=CARTESIAN_POINT('',(-5.94452741157118E-16,1.70815,4.));
#3545=CARTESIAN_POINT('Ctrl Pts',(-4.18612696757959,1.70684894283071,3.99864975051732));
#3546=CARTESIAN_POINT('Ctrl Pts',(-4.19930819492128,1.70819721271505,3.82012490646605));
#3547=CARTESIAN_POINT('Ctrl Pts',(-4.21248942226297,1.68237697613317,3.64198011440435));
#3548=CARTESIAN_POINT('Ctrl Pts',(-4.22567064960465,1.62773761784265,3.47316318051418));
#3549=CARTESIAN_POINT('Ctrl Pts',(-4.26739596265007,1.45477615756478,2.93877141020782));
#3550=CARTESIAN_POINT('Ctrl Pts',(-4.30912127569548,0.993033942361264,2.49784903677786));
#3551=CARTESIAN_POINT('Ctrl Pts',(-4.3508465887409,0.451237445485531,2.34970679125763));
#3552=CARTESIAN_POINT('Ctrl Pts',(-4.39257190178632,-0.0905590513902069,
2.2015645457374));
#3553=CARTESIAN_POINT('Ctrl Pts',(-4.43429721483174,-0.712409829938161,
2.34620242812689));
#3554=CARTESIAN_POINT('Ctrl Pts',(-4.47602252787715,-1.1332152203151,2.71824017214679));
#3555=CARTESIAN_POINT('Ctrl Pts',(-4.51774784092257,-1.55402061069204,3.09027791616669));
#3556=CARTESIAN_POINT('Ctrl Pts',(-4.55947315396799,-1.77378061289796,3.689715521817));
#3557=CARTESIAN_POINT('Ctrl Pts',(-4.6011984670134,-1.6931549367349,4.2455834161007));
#3558=CARTESIAN_POINT('Ctrl Pts',(-4.64292378005882,-1.61252926057184,4.80145131038441));
#3559=CARTESIAN_POINT('Ctrl Pts',(-4.68464909310424,-1.2315179060398,5.31374949330151));
#3560=CARTESIAN_POINT('Ctrl Pts',(-4.72637440614966,-0.722352775948957,
5.55090000791911));
#3561=CARTESIAN_POINT('Ctrl Pts',(-4.76809971919507,-0.213187645858112,
5.78805052253672));
#3562=CARTESIAN_POINT('Ctrl Pts',(-4.80982503224049,0.424131259791545,5.75005336885483));
#3563=CARTESIAN_POINT('Ctrl Pts',(-4.8515503452859,0.901511496649847,5.45408448994403));
#3564=CARTESIAN_POINT('Ctrl Pts',(-4.89327565833132,1.37889173350815,5.15811561103322));
#3565=CARTESIAN_POINT('Ctrl Pts',(-4.93500097137674,1.6963333015751,4.60417500689349));
#3566=CARTESIAN_POINT('Ctrl Pts',(-4.97672628442216,1.7103404104059,4.04266515185895));
#3567=CARTESIAN_POINT('Ctrl Pts',(-4.9777765121413,1.71069296986886,4.02853192741344));
#3568=CARTESIAN_POINT('Ctrl Pts',(-4.97882673986045,1.71085329425064,4.01439390761422));
#3569=CARTESIAN_POINT('Ctrl Pts',(-4.97987696757959,1.71082346980191,4.00025519449636));
#3570=CARTESIAN_POINT('Ctrl Pts',(-4.7384477540562,1.70663547471573,3.99871951888822));
#3571=CARTESIAN_POINT('Ctrl Pts',(-4.71055551304967,1.70395446060534,4.37660707009318));
#3572=CARTESIAN_POINT('Ctrl Pts',(-4.68266327204313,1.57999545878264,4.75609242960865));
#3573=CARTESIAN_POINT('Ctrl Pts',(-4.65477103103659,1.3490853344999,5.05216517827688));
#3574=CARTESIAN_POINT('Ctrl Pts',(-4.61304796704802,1.0036746559962,5.49505043210287));
#3575=CARTESIAN_POINT('Ctrl Pts',(-4.57132490305946,0.418948428708263,5.75129028865505));
#3576=CARTESIAN_POINT('Ctrl Pts',(-4.52960183907089,-0.140801214081479,
5.70506766320958));
#3577=CARTESIAN_POINT('Ctrl Pts',(-4.48787877508232,-0.700550856871217,
5.65884503776411));
#3578=CARTESIAN_POINT('Ctrl Pts',(-4.44615571109375,-1.23532391516276,5.31015993032099));
#3579=CARTESIAN_POINT('Ctrl Pts',(-4.40443264710518,-1.50340565684509,4.81661253067023));
#3580=CARTESIAN_POINT('Ctrl Pts',(-4.36270958311661,-1.77148739852742,4.32306513101947));
#3581=CARTESIAN_POINT('Ctrl Pts',(-4.32098651912805,-1.77287782360054,3.68465543916106));
#3582=CARTESIAN_POINT('Ctrl Pts',(-4.27926345513948,-1.50694987285405,3.18994678982355));
#3583=CARTESIAN_POINT('Ctrl Pts',(-4.23754039115091,-1.24102192210755,2.69523814048603));
#3584=CARTESIAN_POINT('Ctrl Pts',(-4.19581732716234,-0.707775595541451,
2.34423053366942));
#3585=CARTESIAN_POINT('Ctrl Pts',(-4.15409426317377,-0.14823212464493,2.29556518054682));
#3586=CARTESIAN_POINT('Ctrl Pts',(-4.11237119918521,0.41131134625159,2.24689982742423));
#3587=CARTESIAN_POINT('Ctrl Pts',(-4.07064813519664,0.997151961478527,2.50057672799566));
#3588=CARTESIAN_POINT('Ctrl Pts',(-4.02892507120807,1.34448833167533,2.94195855832117));
#3589=CARTESIAN_POINT('Ctrl Pts',(-4.00084929882411,1.57821366097967,3.23896780495816));
#3590=CARTESIAN_POINT('Ctrl Pts',(-3.97277352644016,1.70394311936973,3.62097074787563));
#3591=CARTESIAN_POINT('Ctrl Pts',(-3.94469775405621,1.70669131433874,4.0013157261465));
#3592=CARTESIAN_POINT('Origin',(-4.89858719658941E-16,3.69778549322349E-31,
4.));
#3593=CARTESIAN_POINT('',(-3.15094775405621,1.71072365074243,4.00026150612707));
#3594=CARTESIAN_POINT('',(-3.39237696757959,1.70644538554828,4.00131548976824));
#3595=CARTESIAN_POINT('',(-5.94452741157118E-16,1.70815,4.));
#3596=CARTESIAN_POINT('',(-3.02757153548242,0.956261260083556,5.41539422952173));
#3597=CARTESIAN_POINT('Ctrl Pts',(-3.15094775405621,1.71072365074243,4.00026150612707));
#3598=CARTESIAN_POINT('Ctrl Pts',(-3.10982234786495,1.71018245867547,4.55291520932121));
#3599=CARTESIAN_POINT('Ctrl Pts',(-3.06869694167368,1.417030789105,5.10409152583681));
#3600=CARTESIAN_POINT('Ctrl Pts',(-3.02757153548242,0.956261260083556,5.41539422952173));
#3601=CARTESIAN_POINT('',(-3.175,-2.29107148884178E-16,5.70815));
#3602=CARTESIAN_POINT('Ctrl Pts',(-3.175,-6.93889390390723E-17,5.70815));
#3603=CARTESIAN_POINT('Ctrl Pts',(-3.175,0.21926383681871,5.70815));
#3604=CARTESIAN_POINT('Ctrl Pts',(-3.15023912143438,0.450162871808273,5.66339950264461));
#3605=CARTESIAN_POINT('Ctrl Pts',(-3.08340530453217,0.764641972913425,5.53165477834092));
#3606=CARTESIAN_POINT('Ctrl Pts',(-3.05659593499803,0.864368542605643,5.47747830756522));
#3607=CARTESIAN_POINT('Ctrl Pts',(-3.02757153548243,0.956261260083553,5.41539422952173));
#3608=CARTESIAN_POINT('',(-2.82438463286439,-1.45033666630872,4.90238571401619));
#3609=CARTESIAN_POINT('Ctrl Pts',(-2.82438463286439,-1.45033666630872,4.90238571401619));
#3610=CARTESIAN_POINT('Ctrl Pts',(-2.86058711050857,-1.37983598608384,5.01569615315731));
#3611=CARTESIAN_POINT('Ctrl Pts',(-2.89959864483331,-1.29701568496891,5.11867321159869));
#3612=CARTESIAN_POINT('Ctrl Pts',(-2.99751865223765,-1.05897137203628,5.35671752453132));
#3613=CARTESIAN_POINT('Ctrl Pts',(-3.06104145629617,-0.869872576468485,
5.48757052344147));
#3614=CARTESIAN_POINT('Ctrl Pts',(-3.15023912143438,-0.450162871808274,
5.66339950264461));
#3615=CARTESIAN_POINT('Ctrl Pts',(-3.175,-0.21926383681871,5.70815));
#3616=CARTESIAN_POINT('Ctrl Pts',(-3.175,-2.08166817117217E-16,5.70815));
#3617=CARTESIAN_POINT('',(-2.71838254388626,-1.64043327968389,3.52381193063501));
#3618=CARTESIAN_POINT('Ctrl Pts',(-2.82438463286439,-1.45033666630872,4.90238571401619));
#3619=CARTESIAN_POINT('Ctrl Pts',(-2.78905060320501,-1.70273210993554,4.49672950668104));
#3620=CARTESIAN_POINT('Ctrl Pts',(-2.75371657354564,-1.77353632331685,3.98263331131265));
#3621=CARTESIAN_POINT('Ctrl Pts',(-2.71838254388626,-1.64043280477653,3.52381190608361));
#3622=CARTESIAN_POINT('',(-2.90437363207698,-1.2815478024208,2.87384757327466));
#3623=CARTESIAN_POINT('Ctrl Pts',(-2.90437363207698,-1.28266862645657,2.87193190932283));
#3624=CARTESIAN_POINT('Ctrl Pts',(-2.85215137035612,-1.40091659543394,3.00638563707471));
#3625=CARTESIAN_POINT('Ctrl Pts',(-2.79813095651883,-1.50270192658981,3.16625521688235));
#3626=CARTESIAN_POINT('Ctrl Pts',(-2.74220766978787,-1.60054880655492,3.39980742587125));
#3627=CARTESIAN_POINT('Ctrl Pts',(-2.72933206515285,-1.62228869078556,3.46130514100733));
#3628=CARTESIAN_POINT('Ctrl Pts',(-2.71838254388626,-1.64043327968389,3.52381193063501));
#3629=CARTESIAN_POINT('Ctrl Pts',(-2.90437363207698,-1.28072973149111,2.87524578471553));
#3630=CARTESIAN_POINT('Ctrl Pts',(-2.9275528407987,-1.48787643579252,3.11121457069584));
#3631=CARTESIAN_POINT('Ctrl Pts',(-2.95073204952042,-1.63282720566592,3.40161231581253));
#3632=CARTESIAN_POINT('Ctrl Pts',(-2.97391125824214,-1.68572803232496,3.70860380937881));
#3633=CARTESIAN_POINT('Ctrl Pts',(-3.01563657128756,-1.78095576762903,4.26122475192764));
#3634=CARTESIAN_POINT('Ctrl Pts',(-3.05736188433298,-1.57790255137124,4.86761649437795));
#3635=CARTESIAN_POINT('Ctrl Pts',(-3.09908719737839,-1.16737222264374,5.25114637079527));
#3636=CARTESIAN_POINT('Ctrl Pts',(-3.14081251042381,-0.756841893916245,
5.63467624721259));
#3637=CARTESIAN_POINT('Ctrl Pts',(-3.18253782346922,-0.138834452719052,
5.79534425759692));
#3638=CARTESIAN_POINT('Ctrl Pts',(-3.22426313651464,0.406810312660305,5.66165870554426));
#3639=CARTESIAN_POINT('Ctrl Pts',(-3.26598844956006,0.952455078039665,5.52797315349159));
#3640=CARTESIAN_POINT('Ctrl Pts',(-3.30771376260548,1.42573716760119,5.09993403900193));
#3641=CARTESIAN_POINT('Ctrl Pts',(-3.3494390756509,1.61295969846799,4.57045972049123));
#3642=CARTESIAN_POINT('Ctrl Pts',(-3.3637517062938,1.67718083275662,4.38883926512172));
#3643=CARTESIAN_POINT('Ctrl Pts',(-3.37806433693669,1.70774335644515,4.19528364475068));
#3644=CARTESIAN_POINT('Ctrl Pts',(-3.39237696757959,1.70644538554828,4.00131548976824));
#3645=CARTESIAN_POINT('Origin',(-4.89858719658941E-16,0.,4.));
#3646=CARTESIAN_POINT('',(-1.70739488350531,-9.50094775405621,3.99855598436293));
#3647=CARTESIAN_POINT('',(-1.71072349323299,-9.74237696757959,4.0007848714083));
#3648=CARTESIAN_POINT('',(-1.70815,0.,4.));
#3649=CARTESIAN_POINT('',(0.569613368860885,-9.9837638498722,2.38962208394584));
#3650=CARTESIAN_POINT('Ctrl Pts',(-1.71072349323299,-9.74237696757959,4.0007848714083));
#3651=CARTESIAN_POINT('Ctrl Pts',(-1.70760184326733,-9.78111394863171,3.47884385617611));
#3652=CARTESIAN_POINT('Ctrl Pts',(-1.45024757623312,-9.81985092968383,2.95431056331083));
#3653=CARTESIAN_POINT('Ctrl Pts',(-1.03616717268397,-9.85858791073595,2.63876955326189));
#3654=CARTESIAN_POINT('Ctrl Pts',(-0.590142882850583,-9.90031322378136,
2.29888639599559));
#3655=CARTESIAN_POINT('Ctrl Pts',(0.0377212688669668,-9.94203853682678,
2.20148435060535));
#3656=CARTESIAN_POINT('Ctrl Pts',(0.569613368860862,-9.9837638498722,2.38962208394583));
#3657=CARTESIAN_POINT('',(1.64569469632295,-9.86361769705204,3.54334491616553));
#3658=CARTESIAN_POINT('Ctrl Pts',(1.64591795858774,-9.86361769705205,3.54312967255648));
#3659=CARTESIAN_POINT('Ctrl Pts',(1.62734420372697,-9.86671705447067,3.47621598863479));
#3660=CARTESIAN_POINT('Ctrl Pts',(1.60458468258581,-9.87046296949225,3.41013181900216));
#3661=CARTESIAN_POINT('Ctrl Pts',(1.49065613096654,-9.8886676010888,3.13537210423983));
#3662=CARTESIAN_POINT('Ctrl Pts',(1.35926765576665,-9.90836312861019,2.94357875919905));
#3663=CARTESIAN_POINT('Ctrl Pts',(1.05642570904031,-9.94521150084251,2.6407368124727));
#3664=CARTESIAN_POINT('Ctrl Pts',(0.864630448168159,-9.96478088218186,2.50934483284118));
#3665=CARTESIAN_POINT('Ctrl Pts',(0.626339149496106,-9.98040492561386,2.41053794217445));
#3666=CARTESIAN_POINT('Ctrl Pts',(0.598099704265702,-9.98213859133039,2.39969810232306));
#3667=CARTESIAN_POINT('Ctrl Pts',(0.569613368860884,-9.9837638498722,2.38962208394584));
#3668=CARTESIAN_POINT('Ctrl Pts',(1.64445337214917,-9.86361769705205,3.54454165711692));
#3669=CARTESIAN_POINT('Ctrl Pts',(1.54960919376933,-9.8379810985782,3.21006812100674));
#3670=CARTESIAN_POINT('Ctrl Pts',(1.35647505473172,-9.81234450010436,2.90185522020526));
#3671=CARTESIAN_POINT('Ctrl Pts',(1.09048503176381,-9.78670790163052,2.68187836579941));
#3672=CARTESIAN_POINT('Ctrl Pts',(0.65759145737115,-9.74498483764195,2.32387032578022));
#3673=CARTESIAN_POINT('Ctrl Pts',(0.0317250304401877,-9.70326177365338,
2.19957246332139));
#3674=CARTESIAN_POINT('Ctrl Pts',(-0.504831189674229,-9.66153870966481,
2.3653114608501));
#3675=CARTESIAN_POINT('Ctrl Pts',(-1.04138740978865,-9.61981564567625,2.5310504583788));
#3676=CARTESIAN_POINT('Ctrl Pts',(-1.48863342308653,-9.57809258168768,2.98682631589503));
#3677=CARTESIAN_POINT('Ctrl Pts',(-1.6441040877741,-9.53636951769911,3.52655683971653));
#3678=CARTESIAN_POINT('Ctrl Pts',(-1.6881008976239,-9.52456226315148,3.67929575849856));
#3679=CARTESIAN_POINT('Ctrl Pts',(-1.70873118619683,-9.51275500860385,3.83875809824764));
#3680=CARTESIAN_POINT('Ctrl Pts',(-1.70739488350531,-9.50094775405621,3.99855598436293));
#3681=CARTESIAN_POINT('Origin',(-4.89858719658941E-16,0.,4.));
#3682=CARTESIAN_POINT('',(-1.70610976434142,-8.70719775405621,4.00102486907834));
#3683=CARTESIAN_POINT('',(-1.70756039692759,-8.94862696757959,3.99851860126658));
#3684=CARTESIAN_POINT('',(-1.70815,0.,4.));
#3685=CARTESIAN_POINT('Ctrl Pts',(-1.70756039692759,-8.94862696757959,3.99851860126658));
#3686=CARTESIAN_POINT('Ctrl Pts',(-1.70886566614808,-8.95987009064713,3.84640314363079));
#3687=CARTESIAN_POINT('Ctrl Pts',(-1.69019155389462,-8.97111321371466,3.69460215123501));
#3688=CARTESIAN_POINT('Ctrl Pts',(-1.65025887825539,-8.98235633678219,3.54861501336023));
#3689=CARTESIAN_POINT('Ctrl Pts',(-1.50206131946504,-9.02408164982761,3.00682969340586));
#3690=CARTESIAN_POINT('Ctrl Pts',(-1.06107177114271,-9.06580696287302,2.5451179890182));
#3691=CARTESIAN_POINT('Ctrl Pts',(-0.526675861175982,-9.10753227591844,
2.37220955248521));
#3692=CARTESIAN_POINT('Ctrl Pts',(0.00772004879074348,-9.14925758896386,
2.19930111595223));
#3693=CARTESIAN_POINT('Ctrl Pts',(0.635522320401878,-9.19098290200928,2.31519594727391));
#3694=CARTESIAN_POINT('Ctrl Pts',(1.07301994925973,-9.2327082150547,2.66747001916967));
#3695=CARTESIAN_POINT('Ctrl Pts',(1.5105175781176,-9.27443352810011,3.01974409106545));
#3696=CARTESIAN_POINT('Ctrl Pts',(1.75771056422218,-9.31615884114552,3.60839740353533));
#3697=CARTESIAN_POINT('Ctrl Pts',(1.70270519385597,-9.35788415419094,4.16740362132766));
#3698=CARTESIAN_POINT('Ctrl Pts',(1.64769982348976,-9.39960946723635,4.72640983911997));
#3699=CARTESIAN_POINT('Ctrl Pts',(1.2904960966528,-9.44133478028178,5.25576896223473));
#3700=CARTESIAN_POINT('Ctrl Pts',(0.792858028119529,-9.48306009332719,5.51606049642858));
#3701=CARTESIAN_POINT('Ctrl Pts',(0.295219959586229,-9.52478540637261,5.77635203062245));
#3702=CARTESIAN_POINT('Ctrl Pts',(-0.342852450643403,-9.56651071941803,
5.76757597589535));
#3703=CARTESIAN_POINT('Ctrl Pts',(-0.833494565348683,-9.60823603246344,
5.49395150313924));
#3704=CARTESIAN_POINT('Ctrl Pts',(-1.32413668005396,-9.64996134550886,5.22032703038313));
#3705=CARTESIAN_POINT('Ctrl Pts',(-1.66734849923489,-9.69168665855428,4.681854139598));
#3706=CARTESIAN_POINT('Ctrl Pts',(-1.70686219485074,-9.7334119715997,4.12143555963426));
#3707=CARTESIAN_POINT('Ctrl Pts',(-1.70969213265501,-9.73640030359299,4.08129885004693));
#3708=CARTESIAN_POINT('Ctrl Pts',(-1.71096431030781,-9.73938863558629,4.04104957433738));
#3709=CARTESIAN_POINT('Ctrl Pts',(-1.71072349323299,-9.74237696757959,4.0007848714083));
#3710=CARTESIAN_POINT('Ctrl Pts',(-1.70739488350531,-9.50094775405621,3.99855598436293));
#3711=CARTESIAN_POINT('Ctrl Pts',(-1.70400911956556,-9.47103194461528,4.40343275658836));
#3712=CARTESIAN_POINT('Ctrl Pts',(-1.55960802394432,-9.44111613517434,4.81046358091754));
#3713=CARTESIAN_POINT('Ctrl Pts',(-1.29696153319234,-9.41120032573341,5.11574933520478));
#3714=CARTESIAN_POINT('Ctrl Pts',(-0.930652997845715,-9.36947726174484,
5.54152611674475));
#3715=CARTESIAN_POINT('Ctrl Pts',(-0.334340611075186,-9.32775419775626,
5.76939448969791));
#3716=CARTESIAN_POINT('Ctrl Pts',(0.222530906643777,-9.2860311337677,5.69633930014248));
#3717=CARTESIAN_POINT('Ctrl Pts',(0.779402424362748,-9.24430806977913,5.62328411058705));
#3718=CARTESIAN_POINT('Ctrl Pts',(1.29683307303016,-9.20258500579056,5.24930535852302));
#3719=CARTESIAN_POINT('Ctrl Pts',(1.5409034313951,-9.16086194180199,4.74344951505514));
#3720=CARTESIAN_POINT('Ctrl Pts',(1.78497378976005,-9.11913887781342,4.23759367158726));
#3721=CARTESIAN_POINT('Ctrl Pts',(1.75568385782255,-9.07741581382485,3.59986073671555));
#3722=CARTESIAN_POINT('Ctrl Pts',(1.46629544701655,-9.03569274983628,3.11849646705208));
#3723=CARTESIAN_POINT('Ctrl Pts',(1.17690703621055,-8.99396968584771,2.63713219738861));
#3724=CARTESIAN_POINT('Ctrl Pts',(0.627420146536054,-8.95224662185915,2.31213659293338));
#3725=CARTESIAN_POINT('Ctrl Pts',(0.0661873878266032,-8.91052355787058,
2.29040842529431));
#3726=CARTESIAN_POINT('Ctrl Pts',(-0.495045370882847,-8.86880049388202,
2.26868025765523));
#3727=CARTESIAN_POINT('Ctrl Pts',(-1.06802399862725,-8.82707742989344,2.55021952683231));
#3728=CARTESIAN_POINT('Ctrl Pts',(-1.3937596000284,-8.78535436590487,3.00777080691498));
#3729=CARTESIAN_POINT('Ctrl Pts',(-1.59715142963273,-8.75930216195531,3.29346936609462));
#3730=CARTESIAN_POINT('Ctrl Pts',(-1.70414690658585,-8.73324995800576,3.64779237193731));
#3731=CARTESIAN_POINT('Ctrl Pts',(-1.70610976434142,-8.70719775405621,4.00102486907834));
#3732=CARTESIAN_POINT('Origin',(-4.89858719658941E-16,0.,4.));
#3733=CARTESIAN_POINT('',(-1.71078292612601,-7.91344775405621,4.00034473636123));
#3734=CARTESIAN_POINT('',(-1.70597094384431,-8.15487696757959,4.00092893794703));
#3735=CARTESIAN_POINT('',(-1.70815,0.,4.));
#3736=CARTESIAN_POINT('Ctrl Pts',(-1.70597094384431,-8.15487696757959,4.00092893794703));
#3737=CARTESIAN_POINT('Ctrl Pts',(-1.70423972035201,-8.18035154570796,3.65545775443071));
#3738=CARTESIAN_POINT('Ctrl Pts',(-1.60226926857751,-8.20582612383632,3.30904686218871));
#3739=CARTESIAN_POINT('Ctrl Pts',(-1.40723832546386,-8.23130070196468,3.02698142391878));
#3740=CARTESIAN_POINT('Ctrl Pts',(-1.08779330407998,-8.2730260150101,2.56498088943293));
#3741=CARTESIAN_POINT('Ctrl Pts',(-0.518687373756914,-8.31475132805552,
2.27560511002415));
#3742=CARTESIAN_POINT('Ctrl Pts',(0.0428209740083691,-8.35647664110094,
2.28966337932059));
#3743=CARTESIAN_POINT('Ctrl Pts',(0.604329321773644,-8.39820195414635,2.30372164861703));
#3744=CARTESIAN_POINT('Ctrl Pts',(1.15824008698114,-8.43992726719177,2.6212139666187));
#3745=CARTESIAN_POINT('Ctrl Pts',(1.45416598771701,-8.48165258023718,3.09862095254188));
#3746=CARTESIAN_POINT('Ctrl Pts',(1.75009188845288,-8.52337789328261,3.57602793846506));
#3747=CARTESIAN_POINT('Ctrl Pts',(1.78803292471713,-8.56510320632803,4.21334959230976));
#3748=CARTESIAN_POINT('Ctrl Pts',(1.55083524782641,-8.60682851937344,4.72249347471459));
#3749=CARTESIAN_POINT('Ctrl Pts',(1.3136375709357,-8.64855383241886,5.23163735711943));
#3750=CARTESIAN_POINT('Ctrl Pts',(0.801301180890018,-8.69027914546427,5.6126034680844));
#3751=CARTESIAN_POINT('Ctrl Pts',(0.245427591466037,-8.73200445850969,5.6931779611181));
#3752=CARTESIAN_POINT('Ctrl Pts',(-0.310445997957945,-8.7737297715551,5.77375245415181));
#3753=CARTESIAN_POINT('Ctrl Pts',(-0.90985678676023,-8.81545508460052,5.55393532925426));
#3754=CARTESIAN_POINT('Ctrl Pts',(-1.28185939653218,-8.85718039764594,5.13309729904496));
#3755=CARTESIAN_POINT('Ctrl Pts',(-1.55362378595676,-8.88766258762382,4.82565647115242));
#3756=CARTESIAN_POINT('Ctrl Pts',(-1.70402157020549,-8.91814477760171,4.41093179379107));
#3757=CARTESIAN_POINT('Ctrl Pts',(-1.70756039692759,-8.94862696757959,3.99851860126658));
#3758=CARTESIAN_POINT('Ctrl Pts',(-1.70610976434142,-8.70719775405621,4.00102486907834));
#3759=CARTESIAN_POINT('Ctrl Pts',(-1.70729045789132,-8.69152689401719,4.2135004444518));
#3760=CARTESIAN_POINT('Ctrl Pts',(-1.67046788552868,-8.67585603397818,4.42558144819136));
#3761=CARTESIAN_POINT('Ctrl Pts',(-1.59376242263294,-8.66018517393917,4.62209489486167));
#3762=CARTESIAN_POINT('Ctrl Pts',(-1.38953706877847,-8.6184621099506,5.14530441173739));
#3763=CARTESIAN_POINT('Ctrl Pts',(-0.902593786011646,-8.57673904596203,
5.55816015450057));
#3764=CARTESIAN_POINT('Ctrl Pts',(-0.353026136360509,-8.53501598197347,
5.67405356819533));
#3765=CARTESIAN_POINT('Ctrl Pts',(0.196541513290628,-8.4932929179849,5.78994698189009));
#3766=CARTESIAN_POINT('Ctrl Pts',(0.808733529826079,-8.45156985399632,5.60887806651643));
#3767=CARTESIAN_POINT('Ctrl Pts',(1.20684216022064,-8.40984679000776,5.21268902194751));
#3768=CARTESIAN_POINT('Ctrl Pts',(1.6049507906152,-8.36812372601919,4.81649997737858));
#3769=CARTESIAN_POINT('Ctrl Pts',(1.78897603486887,-8.32640066203063,4.20519080361439));
#3770=CARTESIAN_POINT('Ctrl Pts',(1.6757401170907,-8.28467759804206,3.65506922771906));
#3771=CARTESIAN_POINT('Ctrl Pts',(1.56250419931252,-8.24295453405349,3.10494765182371));
#3772=CARTESIAN_POINT('Ctrl Pts',(1.15200711950249,-8.20123147006491,2.61601367379722));
#3773=CARTESIAN_POINT('Ctrl Pts',(0.629790693500544,-8.15950840607634,2.40926238023852));
#3774=CARTESIAN_POINT('Ctrl Pts',(0.107574267498601,-8.11778534208777,2.20251108667982));
#3775=CARTESIAN_POINT('Ctrl Pts',(-0.526361504695257,-8.07606227809921,
2.2779424775889));
#3776=CARTESIAN_POINT('Ctrl Pts',(-0.985481585770347,-8.03433921411064,
2.60146201742124));
#3777=CARTESIAN_POINT('Ctrl Pts',(-1.42891096379721,-7.99404206075916,2.91392508370983));
#3778=CARTESIAN_POINT('Ctrl Pts',(-1.70926933232485,-7.95374490740769,3.45780893740486));
#3779=CARTESIAN_POINT('Ctrl Pts',(-1.71078292612601,-7.91344775405621,4.00034473636123));
#3780=CARTESIAN_POINT('Origin',(-4.89858719658941E-16,0.,4.));
#3781=CARTESIAN_POINT('',(-1.70697375948108,-7.11969775405621,3.99861615111658));
#3782=CARTESIAN_POINT('',(-1.71069870542699,-7.36112696757959,4.00048318315791));
#3783=CARTESIAN_POINT('',(-1.70815,0.,4.));
#3784=CARTESIAN_POINT('Ctrl Pts',(-1.71069870542699,-7.36112696757959,4.00048318315791));
#3785=CARTESIAN_POINT('Ctrl Pts',(-1.70867363982233,-7.40083300076879,3.46583537936372));
#3786=CARTESIAN_POINT('Ctrl Pts',(-1.43757578664419,-7.44053903395798,2.92941469896448));
#3787=CARTESIAN_POINT('Ctrl Pts',(-1.00501633573302,-7.48024506714718,2.6154326390476));
#3788=CARTESIAN_POINT('Ctrl Pts',(-0.550458752153164,-7.5219703801926,2.28548278789395));
#3789=CARTESIAN_POINT('Ctrl Pts',(0.0824005177068417,-7.56369569323801,
2.20117141476042));
#3790=CARTESIAN_POINT('Ctrl Pts',(0.607484842320868,-7.60542100628343,2.4006104949006));
#3791=CARTESIAN_POINT('Ctrl Pts',(1.13256916693489,-7.64714631932885,2.60004957504078));
#3792=CARTESIAN_POINT('Ctrl Pts',(1.54987854630294,-7.68887163237426,3.08323910845468));
#3793=CARTESIAN_POINT('Ctrl Pts',(1.67077319847456,-7.73059694541968,3.63175891618601));
#3794=CARTESIAN_POINT('Ctrl Pts',(1.79166785064618,-7.7723222584651,4.18027872391735));
#3795=CARTESIAN_POINT('Ctrl Pts',(1.61614777562138,-7.81404757151052,4.79412880596613));
#3796=CARTESIAN_POINT('Ctrl Pts',(1.22355470527655,-7.85577288455594,5.19582545459034));
#3797=CARTESIAN_POINT('Ctrl Pts',(0.830961634931716,-7.89749819760135,5.59752210321454));
#3798=CARTESIAN_POINT('Ctrl Pts',(0.221295569266857,-7.93922351064676,5.78706531841419));
#3799=CARTESIAN_POINT('Ctrl Pts',(-0.329850976122085,-7.98094882369218,
5.67877426000011));
#3800=CARTESIAN_POINT('Ctrl Pts',(-0.880997521511031,-8.0226741367376,5.57048320158604));
#3801=CARTESIAN_POINT('Ctrl Pts',(-1.37362454662406,-8.06439944978302,5.16435786955823));
#3802=CARTESIAN_POINT('Ctrl Pts',(-1.58504600295823,-8.10612476282843,4.64398255876288));
#3803=CARTESIAN_POINT('Ctrl Pts',(-1.66738820225879,-8.12237549774549,4.44131227025217));
#3804=CARTESIAN_POINT('Ctrl Pts',(-1.70707532539338,-8.13862623266254,4.22131180735177));
#3805=CARTESIAN_POINT('Ctrl Pts',(-1.70597094384431,-8.15487696757959,4.00092893794703));
#3806=CARTESIAN_POINT('Ctrl Pts',(-1.71078292612601,-7.91344775405621,4.00034473636123));
#3807=CARTESIAN_POINT('Ctrl Pts',(-1.71083648448738,-7.91202184341912,4.01954230994631));
#3808=CARTESIAN_POINT('Ctrl Pts',(-1.71054090382584,-7.91059593278203,4.03873819564423));
#3809=CARTESIAN_POINT('Ctrl Pts',(-1.70989105477194,-7.90917002214494,4.05792208060576));
#3810=CARTESIAN_POINT('Ctrl Pts',(-1.69087605274213,-7.86744695815637,4.61925491520237));
#3811=CARTESIAN_POINT('Ctrl Pts',(-1.36854165872617,-7.8257238941678,5.17031289563999));
#3812=CARTESIAN_POINT('Ctrl Pts',(-0.888580923058009,-7.78400083017923,
5.46202133222438));
#3813=CARTESIAN_POINT('Ctrl Pts',(-0.408620187389854,-7.74227776619066,
5.75372976880875));
#3814=CARTESIAN_POINT('Ctrl Pts',(0.228966889930501,-7.7005547022021,5.78608866153991));
#3815=CARTESIAN_POINT('Ctrl Pts',(0.735995011480771,-7.65883163821353,5.54447200207637));
#3816=CARTESIAN_POINT('Ctrl Pts',(1.24302313303104,-7.61710857422496,5.30285534261282));
#3817=CARTESIAN_POINT('Ctrl Pts',(1.61949229881123,-7.57538551023639,4.78726313095458));
#3818=CARTESIAN_POINT('Ctrl Pts',(1.69524086349172,-7.53366244624782,4.23073974606155));
#3819=CARTESIAN_POINT('Ctrl Pts',(1.77098942817221,-7.49193938225925,3.67421636116852));
#3820=CARTESIAN_POINT('Ctrl Pts',(1.54601739175301,-7.45021631827068,3.07676180304071));
#3821=CARTESIAN_POINT('Ctrl Pts',(1.1220106706747,-7.40849325428211,2.70842171080901));
#3822=CARTESIAN_POINT('Ctrl Pts',(0.698003949596384,-7.36677019029355,2.3400816185773));
#3823=CARTESIAN_POINT('Ctrl Pts',(0.0749625438589497,-7.32504712630498,
2.20085599224171));
#3824=CARTESIAN_POINT('Ctrl Pts',(-0.465502814637634,-7.28332406231641,
2.35367392361226));
#3825=CARTESIAN_POINT('Ctrl Pts',(-1.00596817313421,-7.24160099832784,2.5064918549828));
#3826=CARTESIAN_POINT('Ctrl Pts',(-1.46385748438994,-7.19987793433927,2.95135334405948));
#3827=CARTESIAN_POINT('Ctrl Pts',(-1.6322077103907,-7.1581548703507,3.48718384412387));
#3828=CARTESIAN_POINT('Ctrl Pts',(-1.68393181372508,-7.14533583158587,3.6518129795485));
#3829=CARTESIAN_POINT('Ctrl Pts',(-1.70832427453608,-7.13251679282104,3.825029323456));
#3830=CARTESIAN_POINT('Ctrl Pts',(-1.70697375948108,-7.11969775405621,3.99861615111658));
#3831=CARTESIAN_POINT('Origin',(-4.89858719658941E-16,0.,4.));
#3832=CARTESIAN_POINT('',(-1.70638315306796,-6.32594775405621,4.00117550983378));
#3833=CARTESIAN_POINT('',(-1.70719022269033,-6.56737696757959,3.99856797391417));
#3834=CARTESIAN_POINT('',(-1.70815,0.,4.));
#3835=CARTESIAN_POINT('Ctrl Pts',(-1.70719022269033,-6.56737696757959,3.99856797391417));
#3836=CARTESIAN_POINT('Ctrl Pts',(-1.70853421363756,-6.5795891427842,3.83325206089502));
#3837=CARTESIAN_POINT('Ctrl Pts',(-1.68643913779002,-6.59180131798881,3.66828774356469));
#3838=CARTESIAN_POINT('Ctrl Pts',(-1.63942901126924,-6.60401349319342,3.51075862085097));
#3839=CARTESIAN_POINT('Ctrl Pts',(-1.47880961197962,-6.64573880623883,2.97252920235077));
#3840=CARTESIAN_POINT('Ctrl Pts',(-1.02733628733794,-6.68746411928425,2.52109693984912));
#3841=CARTESIAN_POINT('Ctrl Pts',(-0.489092261757272,-6.72918943232967,
2.36052649621349));
#3842=CARTESIAN_POINT('Ctrl Pts',(0.0491517638234012,-6.77091474537509,
2.19995605257785));
#3843=CARTESIAN_POINT('Ctrl Pts',(0.674166490343069,-6.81264005842051,2.33024742780825));
#3844=CARTESIAN_POINT('Ctrl Pts',(1.10342133627834,-6.85436537146593,2.69250393304282));
#3845=CARTESIAN_POINT('Ctrl Pts',(1.53267618221361,-6.89609068451134,3.0547604382774));
#3846=CARTESIAN_POINT('Ctrl Pts',(1.76617114756448,-6.93781599755676,3.64898207351616));
#3847=CARTESIAN_POINT('Ctrl Pts',(1.69835757071981,-6.97954131060217,4.20655791327331));
#3848=CARTESIAN_POINT('Ctrl Pts',(1.63054399387514,-7.02126662364759,4.76413375303046));
#3849=CARTESIAN_POINT('Ctrl Pts',(1.26142187483494,-7.06299193669301,5.28506379730601));
#3850=CARTESIAN_POINT('Ctrl Pts',(0.757848539741553,-7.10471724973842,5.53386772604899));
#3851=CARTESIAN_POINT('Ctrl Pts',(0.254275204648163,-7.14644256278384,5.78267165479198));
#3852=CARTESIAN_POINT('Ctrl Pts',(-0.383749346498414,-7.18816787582926,
5.7593494680024));
#3853=CARTESIAN_POINT('Ctrl Pts',(-0.867813591449582,-7.22989318887468,
5.47444368583026));
#3854=CARTESIAN_POINT('Ctrl Pts',(-1.35187783640075,-7.27161850192009,5.18953790365812));
#3855=CARTESIAN_POINT('Ctrl Pts',(-1.68198177515651,-7.31334381496551,4.64304852610343));
#3856=CARTESIAN_POINT('Ctrl Pts',(-1.70890579588454,-7.35506912801093,4.08200967273921));
#3857=CARTESIAN_POINT('Ctrl Pts',(-1.71020877311195,-7.35708840786715,4.05485842155692));
#3858=CARTESIAN_POINT('Ctrl Pts',(-1.71080169164481,-7.35910768772337,4.02767309495873));
#3859=CARTESIAN_POINT('Ctrl Pts',(-1.71069870542699,-7.36112696757959,4.00048318315791));
#3860=CARTESIAN_POINT('Ctrl Pts',(-1.70697375948108,-7.11969775405621,3.99861615111658));
#3861=CARTESIAN_POINT('Ctrl Pts',(-1.70392865431127,-7.09079372883247,4.3900150802605));
#3862=CARTESIAN_POINT('Ctrl Pts',(-1.57000620211791,-7.06188970360873,4.78329754963576));
#3863=CARTESIAN_POINT('Ctrl Pts',(-1.32341772102434,-7.032985678385,5.08427300813479));
#3864=CARTESIAN_POINT('Ctrl Pts',(-0.967466364911436,-6.99126261439643,
5.51873216102921));
#3865=CARTESIAN_POINT('Ctrl Pts',(-0.376752511939835,-6.94953955040787,
5.76085095576595));
#3866=CARTESIAN_POINT('Ctrl Pts',(0.181724955141516,-6.9078164864193,5.70119324617627));
#3867=CARTESIAN_POINT('Ctrl Pts',(0.740202422222874,-6.86609342243073,5.64153553658658));
#3868=CARTESIAN_POINT('Ctrl Pts',(1.26644350341398,-6.82437035844215,5.28010132267046));
#3869=CARTESIAN_POINT('Ctrl Pts',(1.5225905968749,-6.78264729445358,4.78025655678084));
#3870=CARTESIAN_POINT('Ctrl Pts',(1.77873769033583,-6.74092423046501,4.28041179089121));
#3871=CARTESIAN_POINT('Ctrl Pts',(1.76479079606658,-6.69920116647645,3.64215647302809));
#3872=CARTESIAN_POINT('Ctrl Pts',(1.48705382095011,-6.65747810248789,3.15397792356733));
#3873=CARTESIAN_POINT('Ctrl Pts',(1.20931684583365,-6.61575503849932,2.66579937410656));
#3874=CARTESIAN_POINT('Ctrl Pts',(0.667789789869968,-6.57403197451074,2.32769759304816));
#3875=CARTESIAN_POINT('Ctrl Pts',(0.107239417947563,-6.53230891052217,2.29249242243202));
#3876=CARTESIAN_POINT('Ctrl Pts',(-0.453310953974851,-6.4905858465336,2.25728725181588));
#3877=CARTESIAN_POINT('Ctrl Pts',(-1.03288464185599,-6.44886278254504,2.52497869164202));
#3878=CARTESIAN_POINT('Ctrl Pts',(-1.36951804669459,-6.40713971855647,2.9745719236001));
#3879=CARTESIAN_POINT('Ctrl Pts',(-1.58787790846271,-6.38007573038972,3.26620405092661));
#3880=CARTESIAN_POINT('Ctrl Pts',(-1.70401898038747,-6.35301174222296,3.6343726045271));
#3881=CARTESIAN_POINT('Ctrl Pts',(-1.70638315306796,-6.32594775405621,4.00117550983378));
#3882=CARTESIAN_POINT('Origin',(-4.89858719658941E-16,0.,4.));
#3883=CARTESIAN_POINT('',(-1.71086400626,-5.5321977540562,4.00010111333347));
#3884=CARTESIAN_POINT('',(-1.70620967086982,-5.77362696757959,4.00108591935264));
#3885=CARTESIAN_POINT('',(-1.70815,0.,4.));
#3886=CARTESIAN_POINT('Ctrl Pts',(-1.70620967086982,-5.77362696757959,4.00108591935264));
#3887=CARTESIAN_POINT('Ctrl Pts',(-1.70409006767996,-5.80007059784503,3.64259911985952));
#3888=CARTESIAN_POINT('Ctrl Pts',(-1.59360954866118,-5.82651422811047,3.28291690494529));
#3889=CARTESIAN_POINT('Ctrl Pts',(-1.38447594427876,-5.85295785837592,2.99485773680013));
#3890=CARTESIAN_POINT('Ctrl Pts',(-1.05448475080118,-5.89468317142133,2.54033016831545));
#3891=CARTESIAN_POINT('Ctrl Pts',(-0.47887129497839,-5.93640848446675,2.26412661999323));
#3892=CARTESIAN_POINT('Ctrl Pts',(0.0821651076484276,-5.97813379751217,
2.29110166904293));
#3893=CARTESIAN_POINT('Ctrl Pts',(0.64320151027525,-6.01985911055758,2.31807671809262));
#3894=CARTESIAN_POINT('Ctrl Pts',(1.1896608597061,-6.061584423603,2.64823036451421));
#3895=CARTESIAN_POINT('Ctrl Pts',(1.4745226120489,-6.10330973664842,3.13232052191759));
#3896=CARTESIAN_POINT('Ctrl Pts',(1.75938436439169,-6.14503504969384,3.61641067932096));
#3897=CARTESIAN_POINT('Ctrl Pts',(1.78264851964641,-6.18676036273925,4.25443734770612));
#3898=CARTESIAN_POINT('Ctrl Pts',(1.53379878920063,-6.22848567578467,4.75798805024192));
#3899=CARTESIAN_POINT('Ctrl Pts',(1.28494905875486,-6.27021098883008,5.26153875277771));
#3900=CARTESIAN_POINT('Ctrl Pts',(0.763985442608597,-6.3119363018755,5.63061348946414));
#3901=CARTESIAN_POINT('Ctrl Pts',(0.206403437052744,-6.35366161492091,5.69837635150704));
#3902=CARTESIAN_POINT('Ctrl Pts',(-0.351178568503104,-6.39538692796633,
5.76613921354994));
#3903=CARTESIAN_POINT('Ctrl Pts',(-0.945378963468539,-6.43711224101176,
5.53259020094931));
#3904=CARTESIAN_POINT('Ctrl Pts',(-1.30759642398248,-6.47883755405717,5.10330240739962));
#3905=CARTESIAN_POINT('Ctrl Pts',(-1.56379998628671,-6.50835069189798,4.79965867414309));
#3906=CARTESIAN_POINT('Ctrl Pts',(-1.70394220262692,-6.53786382973878,4.39808658926873));
#3907=CARTESIAN_POINT('Ctrl Pts',(-1.70719022269033,-6.56737696757959,3.99856797391417));
#3908=CARTESIAN_POINT('Ctrl Pts',(-1.70638315306796,-6.32594775405621,4.00117550983378));
#3909=CARTESIAN_POINT('Ctrl Pts',(-1.70766369554993,-6.31128867823439,4.19985249592399));
#3910=CARTESIAN_POINT('Ctrl Pts',(-1.67556444140374,-6.29662960241258,4.39812882895883));
#3911=CARTESIAN_POINT('Ctrl Pts',(-1.60824872038673,-6.28197052659076,4.58362528520565));
#3912=CARTESIAN_POINT('Ctrl Pts',(-1.41665286744422,-6.24024746260219,5.11159039076313));
#3913=CARTESIAN_POINT('Ctrl Pts',(-0.939768039763121,-6.19852439861363,
5.53602557778808));
#3914=CARTESIAN_POINT('Ctrl Pts',(-0.393143128627905,-6.15680133462506,
5.66508885675918));
#3915=CARTESIAN_POINT('Ctrl Pts',(0.15348178250732,-6.1150782706365,5.79415213573028));
#3916=CARTESIAN_POINT('Ctrl Pts',(0.769846777096669,-6.07335520664792,5.62784350664753));
#3917=CARTESIAN_POINT('Ctrl Pts',(1.17735882099016,-6.03163214265935,5.24133340655244));
#3918=CARTESIAN_POINT('Ctrl Pts',(1.58487086488364,-5.98990907867078,4.85482330645734));
#3919=CARTESIAN_POINT('Ctrl Pts',(1.78352995808126,-5.94818601468222,4.2481117353499));
#3920=CARTESIAN_POINT('Ctrl Pts',(1.68354346110487,-5.90646295069365,3.69542844059097));
#3921=CARTESIAN_POINT('Ctrl Pts',(1.58355696412848,-5.86473988670508,3.14274514583203));
#3922=CARTESIAN_POINT('Ctrl Pts',(1.18492487697807,-5.82301682271651,2.64409012742159));
#3923=CARTESIAN_POINT('Ctrl Pts',(0.667826353319687,-5.78129375872794,2.42485226596705));
#3924=CARTESIAN_POINT('Ctrl Pts',(0.150727829661307,-5.73957069473937,2.2056144045125));
#3925=CARTESIAN_POINT('Ctrl Pts',(-0.484837130505043,-5.69784763075081,
2.26579370001385));
#3926=CARTESIAN_POINT('Ctrl Pts',(-0.951597232338124,-5.65612456676224,
2.57818949115182));
#3927=CARTESIAN_POINT('Ctrl Pts',(-1.41372446037332,-5.61481562919356,2.88748456680522));
#3928=CARTESIAN_POINT('Ctrl Pts',(-1.71038117864785,-5.57350669162488,3.44401418603229));
#3929=CARTESIAN_POINT('Ctrl Pts',(-1.71086400626,-5.5321977540562,4.00010111333347));
#3930=CARTESIAN_POINT('Origin',(-4.89858719658941E-16,0.,4.));
#3931=CARTESIAN_POINT('',(-1.70663547471573,-4.73844775405621,3.99871951888822));
#3932=CARTESIAN_POINT('',(-1.71082346980192,-4.97987696757959,4.00025519449637));
#3933=CARTESIAN_POINT('',(-1.70815,0.,4.));
#3934=CARTESIAN_POINT('Ctrl Pts',(-1.71082346980192,-4.97987696757959,4.00025519449637));
#3935=CARTESIAN_POINT('Ctrl Pts',(-1.70966837555446,-5.02055205290586,3.45266598885132));
#3936=CARTESIAN_POINT('Ctrl Pts',(-1.42329086765304,-5.06122713823213,2.9040368082798));
#3937=CARTESIAN_POINT('Ctrl Pts',(-0.972890626743189,-5.10190222355841,
2.59267331264391));
#3938=CARTESIAN_POINT('Ctrl Pts',(-0.510861084655023,-5.14362753660382,
2.27327043439276));
#3939=CARTESIAN_POINT('Ctrl Pts',(0.123770649115963,-5.18535284964925,2.20354378381979));
#3940=CARTESIAN_POINT('Ctrl Pts',(0.644126751635966,-5.22707816269466,2.4150125077785));
#3941=CARTESIAN_POINT('Ctrl Pts',(1.16448285415597,-5.26880347574008,2.6264812317372));
#3942=CARTESIAN_POINT('Ctrl Pts',(1.57056332542499,-5.3105287887855,3.11914533022757));
#3943=CARTESIAN_POINT('Ctrl Pts',(1.67880424104711,-5.35225410183091,3.67030175562017));
#3944=CARTESIAN_POINT('Ctrl Pts',(1.78704515666924,-5.39397941487633,4.22145818101276));
#3945=CARTESIAN_POINT('Ctrl Pts',(1.59744651664447,-5.43570472792174,4.83110693330758));
#3946=CARTESIAN_POINT('Ctrl Pts',(1.19571416757446,-5.47743004096716,5.22366344845806));
#3947=CARTESIAN_POINT('Ctrl Pts',(0.793981818504441,-5.51915535401258,5.61621996360854));
#3948=CARTESIAN_POINT('Ctrl Pts',(0.18011576038917,-5.560880667058,5.79168424161468));
#3949=CARTESIAN_POINT('Ctrl Pts',(-0.3683930523843,-5.60260598010341,5.67073970777746));
#3950=CARTESIAN_POINT('Ctrl Pts',(-0.916901865157772,-5.64433129314883,
5.54979517394025));
#3951=CARTESIAN_POINT('Ctrl Pts',(-1.40005343258944,-5.68605660619425,5.13244182825969));
#3952=CARTESIAN_POINT('Ctrl Pts',(-1.59944475073909,-5.72778191923966,4.60733936109583));
#3953=CARTESIAN_POINT('Ctrl Pts',(-1.67247080256828,-5.74306360201964,4.41502326459474));
#3954=CARTESIAN_POINT('Ctrl Pts',(-1.70743458224703,-5.75834528479961,4.20825420508616));
#3955=CARTESIAN_POINT('Ctrl Pts',(-1.70620967086982,-5.77362696757959,4.00108591935264));
#3956=CARTESIAN_POINT('Ctrl Pts',(-1.71086400626,-5.5321977540562,4.00010111333347));
#3957=CARTESIAN_POINT('Ctrl Pts',(-1.71086884665731,-5.53178362763631,4.00567594294434));
#3958=CARTESIAN_POINT('Ctrl Pts',(-1.71084392077238,-5.53136950121642,4.01125072806347));
#3959=CARTESIAN_POINT('Ctrl Pts',(-1.71078909691497,-5.53095537479653,4.01682521914358));
#3960=CARTESIAN_POINT('Ctrl Pts',(-1.70526561615892,-5.48923231080796,4.57845286922275));
#3961=CARTESIAN_POINT('Ctrl Pts',(-1.396263411147,-5.4475092468194,5.13709588260651));
#3962=CARTESIAN_POINT('Ctrl Pts',(-0.923449505623624,-5.40578618283083,
5.44025117367258));
#3963=CARTESIAN_POINT('Ctrl Pts',(-0.450635600100251,-5.36406311884226,
5.74340646473865));
#3964=CARTESIAN_POINT('Ctrl Pts',(0.18599000593458,-5.32234005485369,5.79107403348704));
#3965=CARTESIAN_POINT('Ctrl Pts',(0.698676619004472,-5.28061699086512,5.56170847749101));
#3966=CARTESIAN_POINT('Ctrl Pts',(1.21136323207437,-5.23889392687655,5.33234292149497));
#3967=CARTESIAN_POINT('Ctrl Pts',(1.60011085217932,-5.19717086288798,4.8259442407545));
#3968=CARTESIAN_POINT('Ctrl Pts',(1.68920802751604,-5.15544779889942,4.27140133452744));
#3969=CARTESIAN_POINT('Ctrl Pts',(1.77830520285276,-5.11372473491085,3.71685842830039));
#3970=CARTESIAN_POINT('Ctrl Pts',(1.56775193342124,-5.07200167092228,3.11417129658676));
#3971=CARTESIAN_POINT('Ctrl Pts',(1.15271697794198,-5.03027860693371,2.73575079145422));
#3972=CARTESIAN_POINT('Ctrl Pts',(0.737682022462717,-4.98855554294514,2.35733028632168));
#3973=CARTESIAN_POINT('Ctrl Pts',(0.118165380935708,-4.94683247895657,2.20317640777024));
#3974=CARTESIAN_POINT('Ctrl Pts',(-0.425815441803004,-4.90510941496801,
2.34296548399993));
#3975=CARTESIAN_POINT('Ctrl Pts',(-0.969796264541715,-4.86338635097944,
2.48275456022962));
#3976=CARTESIAN_POINT('Ctrl Pts',(-1.43824126849213,-4.82166328699087,2.91648659124045));
#3977=CARTESIAN_POINT('Ctrl Pts',(-1.6194162056076,-4.7799402230023,3.44811793229577));
#3978=CARTESIAN_POINT('Ctrl Pts',(-1.6794740787473,-4.76610940002027,3.62434897256286));
#3979=CARTESIAN_POINT('Ctrl Pts',(-1.70796489932397,-4.75227857703824,3.81133780844753));
#3980=CARTESIAN_POINT('Ctrl Pts',(-1.70663547471573,-4.73844775405621,3.99871951888822));
#3981=CARTESIAN_POINT('Origin',(-4.89858719658941E-16,0.,4.));
#3982=CARTESIAN_POINT('',(-1.70669131433874,-3.94469775405621,4.00131572614649));
#3983=CARTESIAN_POINT('',(-1.7068489428307,-4.18612696757959,3.99864975051733));
#3984=CARTESIAN_POINT('',(-1.70815,0.,4.));
#3985=CARTESIAN_POINT('Ctrl Pts',(-1.7068489428307,-4.18612696757959,3.99864975051733));
#3986=CARTESIAN_POINT('Ctrl Pts',(-1.70819721271505,-4.19930819492128,3.82012490646606));
#3987=CARTESIAN_POINT('Ctrl Pts',(-1.68237697613317,-4.21248942226297,3.64198011440435));
#3988=CARTESIAN_POINT('Ctrl Pts',(-1.62773761784265,-4.22567064960465,3.47316318051419));
#3989=CARTESIAN_POINT('Ctrl Pts',(-1.45477615756478,-4.26739596265007,2.93877141020783));
#3990=CARTESIAN_POINT('Ctrl Pts',(-0.993033942361267,-4.30912127569549,
2.49784903677786));
#3991=CARTESIAN_POINT('Ctrl Pts',(-0.451237445485532,-4.3508465887409,2.34970679125763));
#3992=CARTESIAN_POINT('Ctrl Pts',(0.090559051390205,-4.39257190178632,2.2015645457374));
#3993=CARTESIAN_POINT('Ctrl Pts',(0.712409829938166,-4.43429721483174,2.3462024281269));
#3994=CARTESIAN_POINT('Ctrl Pts',(1.1332152203151,-4.47602252787715,2.7182401721468));
#3995=CARTESIAN_POINT('Ctrl Pts',(1.55402061069204,-4.51774784092257,3.0902779161667));
#3996=CARTESIAN_POINT('Ctrl Pts',(1.77378061289795,-4.55947315396799,3.689715521817));
#3997=CARTESIAN_POINT('Ctrl Pts',(1.6931549367349,-4.6011984670134,4.2455834161007));
#3998=CARTESIAN_POINT('Ctrl Pts',(1.61252926057184,-4.64292378005882,4.8014513103844));
#3999=CARTESIAN_POINT('Ctrl Pts',(1.2315179060398,-4.68464909310424,5.3137494933015));
#4000=CARTESIAN_POINT('Ctrl Pts',(0.722352775948956,-4.72637440614966,5.55090000791911));
#4001=CARTESIAN_POINT('Ctrl Pts',(0.213187645858111,-4.76809971919507,5.78805052253672));
#4002=CARTESIAN_POINT('Ctrl Pts',(-0.424131259791545,-4.80982503224049,
5.75005336885483));
#4003=CARTESIAN_POINT('Ctrl Pts',(-0.901511496649846,-4.85155034528591,
5.45408448994403));
#4004=CARTESIAN_POINT('Ctrl Pts',(-1.37889173350815,-4.89327565833132,5.15811561103322));
#4005=CARTESIAN_POINT('Ctrl Pts',(-1.6963333015751,-4.93500097137674,4.60417500689349));
#4006=CARTESIAN_POINT('Ctrl Pts',(-1.7103404104059,-4.97672628442216,4.04266515185895));
#4007=CARTESIAN_POINT('Ctrl Pts',(-1.71069296986886,-4.9777765121413,4.02853192741344));
#4008=CARTESIAN_POINT('Ctrl Pts',(-1.71085329425065,-4.97882673986044,4.01439390761423));
#4009=CARTESIAN_POINT('Ctrl Pts',(-1.71082346980192,-4.97987696757959,4.00025519449637));
#4010=CARTESIAN_POINT('Ctrl Pts',(-1.70663547471573,-4.73844775405621,3.99871951888822));
#4011=CARTESIAN_POINT('Ctrl Pts',(-1.70395446060534,-4.71055551304967,4.37660707009318));
#4012=CARTESIAN_POINT('Ctrl Pts',(-1.57999545878264,-4.68266327204313,4.75609242960865));
#4013=CARTESIAN_POINT('Ctrl Pts',(-1.3490853344999,-4.65477103103659,5.05216517827689));
#4014=CARTESIAN_POINT('Ctrl Pts',(-1.00367465599619,-4.61304796704802,5.49505043210288));
#4015=CARTESIAN_POINT('Ctrl Pts',(-0.418948428708252,-4.57132490305946,
5.75129028865505));
#4016=CARTESIAN_POINT('Ctrl Pts',(0.140801214081491,-4.52960183907089,5.70506766320958));
#4017=CARTESIAN_POINT('Ctrl Pts',(0.700550856871229,-4.48787877508232,5.6588450377641));
#4018=CARTESIAN_POINT('Ctrl Pts',(1.23532391516277,-4.44615571109375,5.31015993032098));
#4019=CARTESIAN_POINT('Ctrl Pts',(1.5034056568451,-4.40443264710518,4.81661253067022));
#4020=CARTESIAN_POINT('Ctrl Pts',(1.77148739852743,-4.36270958311661,4.32306513101946));
#4021=CARTESIAN_POINT('Ctrl Pts',(1.77287782360054,-4.32098651912804,3.68465543916105));
#4022=CARTESIAN_POINT('Ctrl Pts',(1.50694987285404,-4.27926345513948,3.18994678982353));
#4023=CARTESIAN_POINT('Ctrl Pts',(1.24102192210754,-4.23754039115091,2.69523814048602));
#4024=CARTESIAN_POINT('Ctrl Pts',(0.707775595541434,-4.19581732716234,2.34423053366941));
#4025=CARTESIAN_POINT('Ctrl Pts',(0.148232124644911,-4.15409426317377,2.29556518054682));
#4026=CARTESIAN_POINT('Ctrl Pts',(-0.411311346251608,-4.11237119918521,
2.24689982742423));
#4027=CARTESIAN_POINT('Ctrl Pts',(-0.99715196147854,-4.07064813519664,2.50057672799566));
#4028=CARTESIAN_POINT('Ctrl Pts',(-1.34448833167534,-4.02892507120807,2.94195855832118));
#4029=CARTESIAN_POINT('Ctrl Pts',(-1.57821366097967,-4.00084929882411,3.23896780495817));
#4030=CARTESIAN_POINT('Ctrl Pts',(-1.70394311936973,-3.97277352644016,3.62097074787563));
#4031=CARTESIAN_POINT('Ctrl Pts',(-1.70669131433874,-3.94469775405621,4.00131572614649));
#4032=CARTESIAN_POINT('Origin',(-4.89858719658941E-16,0.,4.));
#4033=CARTESIAN_POINT('',(-1.71072365074243,-3.15094775405621,4.00026150612707));
#4034=CARTESIAN_POINT('',(-1.70644538554828,-3.39237696757959,4.00131548976824));
#4035=CARTESIAN_POINT('',(-1.70815,0.,4.));
#4036=CARTESIAN_POINT('',(-0.956261260083554,-3.02757153548243,5.41539422952173));
#4037=CARTESIAN_POINT('Ctrl Pts',(-1.71072365074243,-3.15094775405621,4.00026150612707));
#4038=CARTESIAN_POINT('Ctrl Pts',(-1.71018245867547,-3.10982234786495,4.55291520932122));
#4039=CARTESIAN_POINT('Ctrl Pts',(-1.41703078910499,-3.06869694167369,5.10409152583682));
#4040=CARTESIAN_POINT('Ctrl Pts',(-0.956261260083545,-3.02757153548242,
5.41539422952174));
#4041=CARTESIAN_POINT('',(1.45033666630871,-2.82438463286439,4.9023857140162));
#4042=CARTESIAN_POINT('Ctrl Pts',(1.45033666630871,-2.82438463286439,4.9023857140162));
#4043=CARTESIAN_POINT('Ctrl Pts',(1.37983598608384,-2.86058711050857,5.01569615315732));
#4044=CARTESIAN_POINT('Ctrl Pts',(1.29701568496891,-2.89959864483331,5.11867321159869));
#4045=CARTESIAN_POINT('Ctrl Pts',(1.05897137203628,-2.99751865223765,5.35671752453132));
#4046=CARTESIAN_POINT('Ctrl Pts',(0.869872576468485,-3.06104145629617,5.48757052344147));
#4047=CARTESIAN_POINT('Ctrl Pts',(0.450162871808273,-3.15023912143438,5.66339950264461));
#4048=CARTESIAN_POINT('Ctrl Pts',(0.219263836818709,-3.175,5.70815));
#4049=CARTESIAN_POINT('Ctrl Pts',(-0.21926383681871,-3.175,5.70815));
#4050=CARTESIAN_POINT('Ctrl Pts',(-0.450162871808275,-3.15023912143438,
5.66339950264461));
#4051=CARTESIAN_POINT('Ctrl Pts',(-0.764641972913427,-3.08340530453217,
5.53165477834092));
#4052=CARTESIAN_POINT('Ctrl Pts',(-0.864368542605645,-3.05659593499803,
5.47747830756522));
#4053=CARTESIAN_POINT('Ctrl Pts',(-0.956261260083556,-3.02757153548242,
5.41539422952173));
#4054=CARTESIAN_POINT('',(1.64043327968389,-2.71838254388626,3.52381193063501));
#4055=CARTESIAN_POINT('Ctrl Pts',(1.45033666630872,-2.82438463286439,4.90238571401619));
#4056=CARTESIAN_POINT('Ctrl Pts',(1.70273210993554,-2.78905060320501,4.49672950668104));
#4057=CARTESIAN_POINT('Ctrl Pts',(1.77353632331685,-2.75371657354564,3.98263331131265));
#4058=CARTESIAN_POINT('Ctrl Pts',(1.64043280477653,-2.71838254388626,3.52381190608361));
#4059=CARTESIAN_POINT('',(1.2815478024208,-2.90437363207698,2.87384757327466));
#4060=CARTESIAN_POINT('Ctrl Pts',(1.28266862645657,-2.90437363207698,2.87193190932283));
#4061=CARTESIAN_POINT('Ctrl Pts',(1.40091659543394,-2.85215137035612,3.00638563707471));
#4062=CARTESIAN_POINT('Ctrl Pts',(1.50270192658981,-2.79813095651883,3.16625521688235));
#4063=CARTESIAN_POINT('Ctrl Pts',(1.60054880655492,-2.74220766978787,3.39980742587125));
#4064=CARTESIAN_POINT('Ctrl Pts',(1.62228869078555,-2.72933206515285,3.46130514100732));
#4065=CARTESIAN_POINT('Ctrl Pts',(1.64043327968389,-2.71838254388626,3.52381193063501));
#4066=CARTESIAN_POINT('Ctrl Pts',(1.28072973149111,-2.90437363207698,2.87524578471554));
#4067=CARTESIAN_POINT('Ctrl Pts',(1.48787643579252,-2.9275528407987,3.11121457069584));
#4068=CARTESIAN_POINT('Ctrl Pts',(1.63282720566592,-2.95073204952042,3.40161231581253));
#4069=CARTESIAN_POINT('Ctrl Pts',(1.68572803232496,-2.97391125824214,3.70860380937881));
#4070=CARTESIAN_POINT('Ctrl Pts',(1.78095576762903,-3.01563657128756,4.26122475192763));
#4071=CARTESIAN_POINT('Ctrl Pts',(1.57790255137124,-3.05736188433298,4.86761649437794));
#4072=CARTESIAN_POINT('Ctrl Pts',(1.16737222264374,-3.09908719737839,5.25114637079527));
#4073=CARTESIAN_POINT('Ctrl Pts',(0.756841893916249,-3.14081251042381,5.63467624721259));
#4074=CARTESIAN_POINT('Ctrl Pts',(0.138834452719053,-3.18253782346923,5.79534425759692));
#4075=CARTESIAN_POINT('Ctrl Pts',(-0.406810312660306,-3.22426313651464,
5.66165870554426));
#4076=CARTESIAN_POINT('Ctrl Pts',(-0.952455078039663,-3.26598844956006,
5.52797315349159));
#4077=CARTESIAN_POINT('Ctrl Pts',(-1.42573716760118,-3.30771376260548,5.09993403900194));
#4078=CARTESIAN_POINT('Ctrl Pts',(-1.61295969846798,-3.34943907565089,4.57045972049124));
#4079=CARTESIAN_POINT('Ctrl Pts',(-1.67718083275662,-3.36375170629379,4.38883926512173));
#4080=CARTESIAN_POINT('Ctrl Pts',(-1.70774335644515,-3.37806433693669,4.19528364475068));
#4081=CARTESIAN_POINT('Ctrl Pts',(-1.70644538554828,-3.39237696757959,4.00131548976824));
#4082=CARTESIAN_POINT('Origin',(-0.950268475704319,-5.81871623550961E-17,
4.));
#4083=CARTESIAN_POINT('',(-9.16493124593149,2.08208107878159,3.99819368481567));
#4084=CARTESIAN_POINT('',(-9.28464347570432,2.08187926315889,3.99823926717856));
#4085=CARTESIAN_POINT('',(-0.950268475704319,2.0828,3.9999999999999));
#4086=CARTESIAN_POINT('',(-9.94591119917574,1.03867724443666,5.80532695706054));
#4087=CARTESIAN_POINT('Ctrl Pts',(-9.28464347570432,2.08187926315889,3.99823926717856));
#4088=CARTESIAN_POINT('Ctrl Pts',(-9.29645073025195,2.0835086582623,3.80339277407144));
#4089=CARTESIAN_POINT('Ctrl Pts',(-9.34998104878815,1.96946325947988,2.92187596623969));
#4090=CARTESIAN_POINT('Ctrl Pts',(-9.44523443131291,0.724454936985027,1.65312293339378));
#4091=CARTESIAN_POINT('Ctrl Pts',(-9.57040362327864,-1.56495979944642,2.10780359012045));
#4092=CARTESIAN_POINT('Ctrl Pts',(-9.69557281524432,-2.44258801619251,4.27230443063454));
#4093=CARTESIAN_POINT('Ctrl Pts',(-9.82074200721004,-1.10631558000332,6.19210775494465));
#4094=CARTESIAN_POINT('Ctrl Pts',(-9.90418813518717,0.442427520402022,6.14837341628186));
#4095=CARTESIAN_POINT('Ctrl Pts',(-9.94591119917574,1.03867724443666,5.80532695706054));
#4096=CARTESIAN_POINT('',(-9.87100636925535,1.59949985836497,5.33192878705535));
#4097=CARTESIAN_POINT('Ctrl Pts',(-9.87100636925535,1.60101007433443,5.33222467394943));
#4098=CARTESIAN_POINT('Ctrl Pts',(-9.8776741311743,1.55990007669873,5.38162889356615));
#4099=CARTESIAN_POINT('Ctrl Pts',(-9.88437181534547,1.51696779593743,5.42855621177325));
#4100=CARTESIAN_POINT('Ctrl Pts',(-9.90955674045966,1.34782781508345,5.59769619262723));
#4101=CARTESIAN_POINT('Ctrl Pts',(-9.92899116292929,1.2006959840359,5.71211105656347));
#4102=CARTESIAN_POINT('Ctrl Pts',(-9.94591119917574,1.03867724443666,5.80532695706054));
#4103=CARTESIAN_POINT('Ctrl Pts',(-9.16493124593149,2.08208107878159,3.99819368481567));
#4104=CARTESIAN_POINT('Ctrl Pts',(-9.17617436899902,2.08367263381623,3.81271461379511));
#4105=CARTESIAN_POINT('Ctrl Pts',(-9.22914280511197,1.97639931550861,2.94069478465051));
#4106=CARTESIAN_POINT('Ctrl Pts',(-9.32383655427033,0.756085386933446,1.66303814631531));
#4107=CARTESIAN_POINT('Ctrl Pts',(-9.44901249340659,-1.54041065494524,2.0869805776184));
#4108=CARTESIAN_POINT('Ctrl Pts',(-9.57418843254282,-2.44464076024972,4.24027001802861));
#4109=CARTESIAN_POINT('Ctrl Pts',(-9.6993643716791,-1.13799218326984,6.17666175462696));
#4110=CARTESIAN_POINT('Ctrl Pts',(-9.79830368391659,0.706856767653826,6.15128768250446));
#4111=CARTESIAN_POINT('Ctrl Pts',(-9.85551768310868,1.43568667338346,5.52942488799222));
#4112=CARTESIAN_POINT('Ctrl Pts',(-9.87100636925535,1.59847492516816,5.33172797849133));
#4113=CARTESIAN_POINT('Origin',(-0.950268475704319,-5.81871623550961E-17,
4.));
#4114=CARTESIAN_POINT('',(-8.37118124593149,2.08014300959454,4.00113268270111));
#4115=CARTESIAN_POINT('',(-8.49089347570432,2.08031227770998,4.00124965448954));
#4116=CARTESIAN_POINT('',(-0.950268475704319,2.0828,3.9999999999999));
#4117=CARTESIAN_POINT('Ctrl Pts',(-8.49089347570432,2.08031227770998,4.00124965448954));
#4118=CARTESIAN_POINT('Ctrl Pts',(-8.51694567965388,2.0779189046846,3.57054237173023));
#4119=CARTESIAN_POINT('Ctrl Pts',(-8.58472094759199,1.73851740534825,2.44659056687914));
#4120=CARTESIAN_POINT('Ctrl Pts',(-8.69421927951869,-0.0950264247233983,
1.5456589004492));
#4121=CARTESIAN_POINT('Ctrl Pts',(-8.81938847148439,-2.10504538174833,2.73449040522223));
#4122=CARTESIAN_POINT('Ctrl Pts',(-8.9445576634501,-2.21218773500667,5.0673127394742));
#4123=CARTESIAN_POINT('Ctrl Pts',(-9.06972685541581,-0.319430269249331,
6.43532423401318));
#4124=CARTESIAN_POINT('Ctrl Pts',(-9.18308879283387,1.6561126084249,5.68041162239901));
#4125=CARTESIAN_POINT('Ctrl Pts',(-9.25472766626338,2.07775089671935,4.49191800803336));
#4126=CARTESIAN_POINT('Ctrl Pts',(-9.28464347570432,2.08187926315889,3.99823926717856));
#4127=CARTESIAN_POINT('Ctrl Pts',(-8.37118124593149,2.08014300959455,4.00113268270111));
#4128=CARTESIAN_POINT('Ctrl Pts',(-8.39665582405985,2.07803207537344,3.57988900911991));
#4129=CARTESIAN_POINT('Ctrl Pts',(-8.46385571523364,1.75004443661789,2.4656594592018));
#4130=CARTESIAN_POINT('Ctrl Pts',(-8.57278091945281,-0.0614769016865885,
1.54454728788789));
#4131=CARTESIAN_POINT('Ctrl Pts',(-8.69795685858909,-2.08767836251996,2.70593182660027));
#4132=CARTESIAN_POINT('Ctrl Pts',(-8.82313279772532,-2.2264663910851,5.03724969791324));
#4133=CARTESIAN_POINT('Ctrl Pts',(-8.94830873686159,-0.352343685490495,
6.43082089936131));
#4134=CARTESIAN_POINT('Ctrl Pts',(-9.0622415529303,1.64335672901335,5.69895364660522));
#4135=CARTESIAN_POINT('Ctrl Pts',(-9.1344490559536,2.07776607816879,4.50106181547752));
#4136=CARTESIAN_POINT('Ctrl Pts',(-9.16493124593149,2.08208107878159,3.99819368481567));
#4137=CARTESIAN_POINT('Origin',(-0.950268475704319,-5.81871623550961E-17,
4.));
#4138=CARTESIAN_POINT('',(-7.57743124593149,2.08590771516748,4.00058916013299));
#4139=CARTESIAN_POINT('',(-7.69714347570432,2.08601040806443,4.00042034768209));
#4140=CARTESIAN_POINT('',(-0.950268475704319,2.0828,3.9999999999999));
#4141=CARTESIAN_POINT('Ctrl Pts',(-7.69714347570432,2.08601040806443,4.00042034768209));
#4142=CARTESIAN_POINT('Ctrl Pts',(-7.73744062905579,2.08416483644071,3.33888970806244));
#4143=CARTESIAN_POINT('Ctrl Pts',(-7.81946084639584,1.38836930467377,1.98907462250391));
#4144=CARTESIAN_POINT('Ctrl Pts',(-7.94320412772446,-0.904146070703099,
1.71629048406247));
#4145=CARTESIAN_POINT('Ctrl Pts',(-8.06837331969016,-2.40574133662526,3.50480734048649));
#4146=CARTESIAN_POINT('Ctrl Pts',(-8.19354251165587,-1.73257836136276,5.74097175306629));
#4147=CARTESIAN_POINT('Ctrl Pts',(-8.31871170362156,0.506815483510442,6.40332049926582));
#4148=CARTESIAN_POINT('Ctrl Pts',(-8.41782869163773,1.91731143905736,5.20742895295889));
#4149=CARTESIAN_POINT('Ctrl Pts',(-8.47522261566531,2.08175193378571,4.26032767948023));
#4150=CARTESIAN_POINT('Ctrl Pts',(-8.49089347570432,2.08031227770998,4.00124965448954));
#4151=CARTESIAN_POINT('Ctrl Pts',(-7.57743124593149,2.08590771516748,4.00058916013299));
#4152=CARTESIAN_POINT('Ctrl Pts',(-7.61713727912068,2.08343849019225,3.34867659639884));
#4153=CARTESIAN_POINT('Ctrl Pts',(-7.69856862535529,1.40551176413659,2.00726458819439));
#4154=CARTESIAN_POINT('Ctrl Pts',(-7.82172528463533,-0.872138328334297,
1.70382934443723));
#4155=CARTESIAN_POINT('Ctrl Pts',(-7.94690122377157,-2.39865293539064,3.47133306517805));
#4156=CARTESIAN_POINT('Ctrl Pts',(-8.07207716290781,-1.75660180593189,5.71679210137131));
#4157=CARTESIAN_POINT('Ctrl Pts',(-8.19725310204409,0.473552129436966,6.41013977332841));
#4158=CARTESIAN_POINT('Ctrl Pts',(-8.29695446305196,1.90884748678493,5.22687175544577));
#4159=CARTESIAN_POINT('Ctrl Pts',(-8.35493051101443,2.08148961609306,4.26985231528388));
#4160=CARTESIAN_POINT('Ctrl Pts',(-8.37118124593149,2.08014300959455,4.00113268270111));
#4161=CARTESIAN_POINT('Origin',(-0.950268475704319,-5.81871623550961E-17,
4.));
#4162=CARTESIAN_POINT('',(-6.78368124593149,2.08162971391237,3.99825388640827));
#4163=CARTESIAN_POINT('',(-6.90339347570432,2.08136577364235,3.99831263035773));
#4164=CARTESIAN_POINT('',(-0.950268475704319,2.0828,3.9999999999999));
#4165=CARTESIAN_POINT('Ctrl Pts',(-6.90339347570432,2.08136577364235,3.99831263035773));
#4166=CARTESIAN_POINT('Ctrl Pts',(-6.91621251446915,2.08301249831908,3.7866528553664));
#4167=CARTESIAN_POINT('Ctrl Pts',(-6.97075461722255,1.95646499071464,2.88801057537289));
#4168=CARTESIAN_POINT('Ctrl Pts',(-7.06701978396452,0.668289467271871,1.63648609671824));
#4169=CARTESIAN_POINT('Ctrl Pts',(-7.19218897593023,-1.61079136263751,2.14577240271909));
#4170=CARTESIAN_POINT('Ctrl Pts',(-7.31735816789592,-2.4337373992044,4.33125673430928));
#4171=CARTESIAN_POINT('Ctrl Pts',(-7.44252735986164,-1.05661598980772,6.21728921115582));
#4172=CARTESIAN_POINT('Ctrl Pts',(-7.56769655182734,1.27567279860579,6.09892062213177));
#4173=CARTESIAN_POINT('Ctrl Pts',(-7.65256859044157,2.07516945582166,4.73211328952612));
#4174=CARTESIAN_POINT('Ctrl Pts',(-7.69571756506723,2.08607571342699,4.02382854149587));
#4175=CARTESIAN_POINT('Ctrl Pts',(-7.69714347570432,2.08601040806443,4.00042034768209));
#4176=CARTESIAN_POINT('Ctrl Pts',(-6.78368124593149,2.08162971391237,3.99825388640827));
#4177=CARTESIAN_POINT('Ctrl Pts',(-6.7958934211361,2.08326848354319,3.79667909283848));
#4178=CARTESIAN_POINT('Ctrl Pts',(-6.84983090938612,1.96427730869056,2.9082776198887));
#4179=CARTESIAN_POINT('Ctrl Pts',(-6.94549371068156,0.702167478677968,1.6462825805575));
#4180=CARTESIAN_POINT('Ctrl Pts',(-7.07066964981782,-1.58413174398133,2.12288746244117));
#4181=CARTESIAN_POINT('Ctrl Pts',(-7.19584558895406,-2.43825459121277,4.29654578613982));
#4182=CARTESIAN_POINT('Ctrl Pts',(-7.32102152809032,-1.08800862416607,6.20210401501394));
#4183=CARTESIAN_POINT('Ctrl Pts',(-7.44619746722656,1.24588044025113,6.11679162913681));
#4184=CARTESIAN_POINT('Ctrl Pts',(-7.53166737317362,2.07037138912864,4.75184110128226));
#4185=CARTESIAN_POINT('Ctrl Pts',(-7.57541196607527,2.08603328944052,4.03374265853699));
#4186=CARTESIAN_POINT('Ctrl Pts',(-7.57743124593149,2.08590771516748,4.00058916013299));
#4187=CARTESIAN_POINT('Origin',(-0.950268475704319,-5.81871623550961E-17,
4.));
#4188=CARTESIAN_POINT('',(-5.98993124593149,2.08043409682268,4.00132409497268));
#4189=CARTESIAN_POINT('',(-6.10964347570432,2.08064562901967,4.00143333541066));
#4190=CARTESIAN_POINT('',(-0.950268475704319,2.0828,3.9999999999999));
#4191=CARTESIAN_POINT('Ctrl Pts',(-6.10964347570431,2.08064562901967,4.00143333541066));
#4192=CARTESIAN_POINT('Ctrl Pts',(-6.13670746387107,2.07776292032375,3.55417923525977));
#4193=CARTESIAN_POINT('Ctrl Pts',(-6.20549451602639,1.71782939740474,2.41318576646128));
#4194=CARTESIAN_POINT('Ctrl Pts',(-6.31600463217028,-0.153956047290945,
1.54865214250052));
#4195=CARTESIAN_POINT('Ctrl Pts',(-6.44117382413599,-2.13485799178263,2.78542594384427));
#4196=CARTESIAN_POINT('Ctrl Pts',(-6.56634301610169,-2.18587562732513,5.12015915119491));
#4197=CARTESIAN_POINT('Ctrl Pts',(-6.6915122080674,-0.260889664901192,6.44228281845681));
#4198=CARTESIAN_POINT('Ctrl Pts',(-6.80386236126828,1.67863896389568,5.64731867194259));
#4199=CARTESIAN_POINT('Ctrl Pts',(-6.87448945048058,2.07765278295204,4.47555742128416));
#4200=CARTESIAN_POINT('Ctrl Pts',(-6.90339347570432,2.08136577364235,3.99831263035773));
#4201=CARTESIAN_POINT('Ctrl Pts',(-5.98993124593149,2.08043409682268,4.00132409497268));
#4202=CARTESIAN_POINT('Ctrl Pts',(-6.01637487619693,2.07784959925288,3.56421007923386));
#4203=CARTESIAN_POINT('Ctrl Pts',(-6.08454381950778,1.73057521069164,2.43361780495747));
#4204=CARTESIAN_POINT('Ctrl Pts',(-6.19443807586405,-0.117960701698731,
1.54661251861746));
#4205=CARTESIAN_POINT('Ctrl Pts',(-6.31961401500031,-2.11690493902203,2.7543121025537));
#4206=CARTESIAN_POINT('Ctrl Pts',(-6.44478995413656,-2.2020050459761,5.0882089118139));
#4207=CARTESIAN_POINT('Ctrl Pts',(-6.56996589327281,-0.296324011448494,
6.43828155456279));
#4208=CARTESIAN_POINT('Ctrl Pts',(-6.68292965720445,1.66520190576805,5.66730858813935));
#4209=CARTESIAN_POINT('Ctrl Pts',(-6.75416810809068,2.07766930283136,4.4853992612644));
#4210=CARTESIAN_POINT('Ctrl Pts',(-6.78368124593149,2.08162971391237,3.99825388640827));
#4211=CARTESIAN_POINT('Origin',(-0.950268475704319,-5.81871623550961E-17,
4.));
#4212=CARTESIAN_POINT('',(-5.19618124593148,2.08605984421943,4.0003111665234));
#4213=CARTESIAN_POINT('',(-5.31589347570431,2.08610927157353,4.00012329060733));
#4214=CARTESIAN_POINT('',(-0.950268475704319,2.0828,3.9999999999999));
#4215=CARTESIAN_POINT('Ctrl Pts',(-5.31589347570431,2.08610927157353,4.00012329060733));
#4216=CARTESIAN_POINT('Ctrl Pts',(-5.35720241327299,2.08552054496838,3.32206934207653));
#4217=CARTESIAN_POINT('Ctrl Pts',(-5.44023441483024,1.35844885728546,1.95807889597953));
#4218=CARTESIAN_POINT('Ctrl Pts',(-5.56498948037604,-0.958751059715528,
1.73867180578312));
#4219=CARTESIAN_POINT('Ctrl Pts',(-5.69015867234177,-2.41694427070438,3.56274815565627));
#4220=CARTESIAN_POINT('Ctrl Pts',(-5.81532786430745,-1.69025078480671,5.78209457190057));
#4221=CARTESIAN_POINT('Ctrl Pts',(-5.94049705627317,0.564407782761733,6.39045030058986));
#4222=CARTESIAN_POINT('Ctrl Pts',(-6.03860226007212,1.93166718777399,5.1735673812908));
#4223=CARTESIAN_POINT('Ctrl Pts',(-6.0949843998825,2.0822070339791,4.24368631473257));
#4224=CARTESIAN_POINT('Ctrl Pts',(-6.10964347570431,2.08064562901967,4.00143333541066));
#4225=CARTESIAN_POINT('Ctrl Pts',(-5.19618124593149,2.08605984421943,4.0003111665234));
#4226=CARTESIAN_POINT('Ctrl Pts',(-5.23685633125776,2.08465140216303,3.33261875220529));
#4227=CARTESIAN_POINT('Ctrl Pts',(-5.31925672962945,1.37725750643189,1.97742526581647));
#4228=CARTESIAN_POINT('Ctrl Pts',(-5.44338244104656,-0.92474342597367,1.72450564946082));
#4229=CARTESIAN_POINT('Ctrl Pts',(-5.5685583801828,-2.41018277069009,3.52666725880847));
#4230=CARTESIAN_POINT('Ctrl Pts',(-5.69373431931906,-1.71663235513481,5.75675786199849));
#4231=CARTESIAN_POINT('Ctrl Pts',(-5.8189102584553,0.528885121390928,6.39860488637778));
#4232=CARTESIAN_POINT('Ctrl Pts',(-5.91764256732612,1.92289113100045,5.19444223592418));
#4233=CARTESIAN_POINT('Ctrl Pts',(-5.97464956315151,2.08192766905958,4.25393077794889));
#4234=CARTESIAN_POINT('Ctrl Pts',(-5.98993124593149,2.08043409682268,4.00132409497268));
#4235=CARTESIAN_POINT('Origin',(-0.950268475704319,-5.81871623550961E-17,
4.));
#4236=CARTESIAN_POINT('',(-4.40243124593148,2.08121358084933,3.99835359914376));
#4237=CARTESIAN_POINT('',(-4.52214347570431,2.08095329259018,3.99843866987114));
#4238=CARTESIAN_POINT('',(-0.950268475704319,2.0828,3.9999999999999));
#4239=CARTESIAN_POINT('Ctrl Pts',(-4.52214347570431,2.08095329259018,3.99843866987114));
#4240=CARTESIAN_POINT('Ctrl Pts',(-4.53597429868634,2.08257430103444,3.76995836866464));
#4241=CARTESIAN_POINT('Ctrl Pts',(-4.59152818565694,1.94303615469659,2.85415197849789));
#4242=CARTESIAN_POINT('Ctrl Pts',(-4.68880513661611,0.611313061241419,1.62111297243034));
#4243=CARTESIAN_POINT('Ctrl Pts',(-4.81397432858182,-1.65487420739268,2.18500671404605));
#4244=CARTESIAN_POINT('Ctrl Pts',(-4.93914352054752,-2.42507650152134,4.38963176090931));
#4245=CARTESIAN_POINT('Ctrl Pts',(-5.06431271251323,-1.0030405974943,6.24203437001197));
#4246=CARTESIAN_POINT('Ctrl Pts',(-5.18948190447894,1.32573113610525,6.06766675793609));
#4247=CARTESIAN_POINT('Ctrl Pts',(-5.27334215887596,2.08302270866756,4.69856440447544));
#4248=CARTESIAN_POINT('Ctrl Pts',(-5.31547934928442,2.08611517361933,4.00692085236334));
#4249=CARTESIAN_POINT('Ctrl Pts',(-5.31589347570431,2.08610927157353,4.00012329060733));
#4250=CARTESIAN_POINT('Ctrl Pts',(-4.40243124593148,2.08121358084933,3.99835359914376));
#4251=CARTESIAN_POINT('Ctrl Pts',(-4.41561247327317,2.0828575679202,3.78067274840467));
#4252=CARTESIAN_POINT('Ctrl Pts',(-4.47051901366027,1.95171308941906,2.87585122291092));
#4253=CARTESIAN_POINT('Ctrl Pts',(-4.5671508670928,0.647820395939558,1.63075072705618));
#4254=CARTESIAN_POINT('Ctrl Pts',(-4.69232680622905,-1.62690512856301,2.15983502546236));
#4255=CARTESIAN_POINT('Ctrl Pts',(-4.81750274536529,-2.43078558272888,4.35257333014602));
#4256=CARTESIAN_POINT('Ctrl Pts',(-4.94267868450155,-1.03704888064888,6.22655627434832));
#4257=CARTESIAN_POINT('Ctrl Pts',(-5.0678546236378,1.29425893778705,6.08756296868672));
#4258=CARTESIAN_POINT('Ctrl Pts',(-5.15235547744778,2.07813400848983,4.71968845597135));
#4259=CARTESIAN_POINT('Ctrl Pts',(-5.19513101821234,2.08609621009001,4.01755093567827));
#4260=CARTESIAN_POINT('Ctrl Pts',(-5.19618124593149,2.08605984421943,4.0003111665234));
#4261=CARTESIAN_POINT('Origin',(-0.950268475704319,-5.81871623550961E-17,
4.));
#4262=CARTESIAN_POINT('',(-3.60868124593149,2.08072151100311,4.00160401726384));
#4263=CARTESIAN_POINT('',(-3.72839347570431,2.08102137956545,4.00160430548717));
#4264=CARTESIAN_POINT('',(-0.950268475704319,2.0828,3.9999999999999));
#4265=CARTESIAN_POINT('',(-3.06503959745778,-0.828346102795099,2.08900586762173));
#4266=CARTESIAN_POINT('Ctrl Pts',(-3.06503959745778,-0.828346102795099,
2.08900586762173));
#4267=CARTESIAN_POINT('Ctrl Pts',(-3.1067649105032,-1.45952880346032,2.36260049640117));
#4268=CARTESIAN_POINT('Ctrl Pts',(-3.19021553659403,-2.41916337068729,3.57912723832179));
#4269=CARTESIAN_POINT('Ctrl Pts',(-3.31539147573029,-1.6763962153056,5.79730372371625));
#4270=CARTESIAN_POINT('Ctrl Pts',(-3.44056741486653,0.584270409742867,6.38502611114442));
#4271=CARTESIAN_POINT('Ctrl Pts',(-3.53833067160027,1.93639804873103,5.16215389595942));
#4272=CARTESIAN_POINT('Ctrl Pts',(-3.59436861528859,2.08230416696658,4.23811537352497));
#4273=CARTESIAN_POINT('Ctrl Pts',(-3.60868124593149,2.08072151100311,4.00160401726384));
#4274=CARTESIAN_POINT('',(-3.154850099479,-0.358059933004775,1.94843435863938));
#4275=CARTESIAN_POINT('Ctrl Pts',(-3.154850099479,-0.357135618242363,1.94804727389186));
#4276=CARTESIAN_POINT('Ctrl Pts',(-3.13733601533848,-0.511850822413037,
1.9749749459527));
#4277=CARTESIAN_POINT('Ctrl Pts',(-3.10821013456575,-0.664789235221937,
2.01993478708513));
#4278=CARTESIAN_POINT('Ctrl Pts',(-3.06847104221424,-0.815570007869461,
2.08350584975013));
#4279=CARTESIAN_POINT('Ctrl Pts',(-3.06676376124078,-0.821966365811303,
2.08624048484119));
#4280=CARTESIAN_POINT('Ctrl Pts',(-3.06503959745778,-0.828346102795099,
2.08900586762173));
#4281=CARTESIAN_POINT('Ctrl Pts',(-3.154850099479,-0.358858644516512,1.94876884322887));
#4282=CARTESIAN_POINT('Ctrl Pts',(-3.16549167732855,-0.532040272160864,
1.97744169025423));
#4283=CARTESIAN_POINT('Ctrl Pts',(-3.21785631916666,-1.36402312352017,2.22438557256261));
#4284=CARTESIAN_POINT('Ctrl Pts',(-3.31194402499335,-2.42665576597559,3.62051519800969));
#4285=CARTESIAN_POINT('Ctrl Pts',(-3.43711321695906,-1.64699798292041,5.82241025793346));
#4286=CARTESIAN_POINT('Ctrl Pts',(-3.56228240892476,0.621701437912402,6.37608495548564));
#4287=CARTESIAN_POINT('Ctrl Pts',(-3.65937582850652,1.94550461036778,5.13972623590275));
#4288=CARTESIAN_POINT('Ctrl Pts',(-3.7147461840997,2.08265023995543,4.22703549818629));
#4289=CARTESIAN_POINT('Ctrl Pts',(-3.72839347570431,2.08102137956545,4.00160430548717));
#4290=CARTESIAN_POINT('Origin',(-4.89858719658941E-16,-0.95026847570432,
4.));
#4291=CARTESIAN_POINT('',(-2.08208107878159,-9.16493124593149,3.99819368481567));
#4292=CARTESIAN_POINT('',(-2.08187926315889,-9.28464347570432,3.99823926717856));
#4293=CARTESIAN_POINT('',(-2.0828,-0.95026847570432,3.9999999999999));
#4294=CARTESIAN_POINT('',(-1.03867724443666,-9.94591119917574,5.80532695706054));
#4295=CARTESIAN_POINT('Ctrl Pts',(-2.08187926315889,-9.28464347570432,3.99823926717856));
#4296=CARTESIAN_POINT('Ctrl Pts',(-2.0835086582623,-9.29645073025195,3.80339277407146));
#4297=CARTESIAN_POINT('Ctrl Pts',(-1.96946325947989,-9.34998104878816,2.9218759662397));
#4298=CARTESIAN_POINT('Ctrl Pts',(-0.724454936985037,-9.44523443131292,
1.65312293339378));
#4299=CARTESIAN_POINT('Ctrl Pts',(1.5649597994464,-9.57040362327863,2.10780359012046));
#4300=CARTESIAN_POINT('Ctrl Pts',(2.44258801619251,-9.69557281524433,4.27230443063452));
#4301=CARTESIAN_POINT('Ctrl Pts',(1.10631558000333,-9.82074200721004,6.19210775494466));
#4302=CARTESIAN_POINT('Ctrl Pts',(-0.442427520402023,-9.90418813518717,
6.14837341628186));
#4303=CARTESIAN_POINT('Ctrl Pts',(-1.03867724443666,-9.94591119917574,5.80532695706054));
#4304=CARTESIAN_POINT('',(-1.59949985836497,-9.87100636925535,5.33192878705536));
#4305=CARTESIAN_POINT('Ctrl Pts',(-1.60101007433443,-9.87100636925535,5.33222467394943));
#4306=CARTESIAN_POINT('Ctrl Pts',(-1.55990007669873,-9.8776741311743,5.38162889356616));
#4307=CARTESIAN_POINT('Ctrl Pts',(-1.51696779593743,-9.88437181534547,5.42855621177325));
#4308=CARTESIAN_POINT('Ctrl Pts',(-1.34782781508345,-9.90955674045966,5.59769619262723));
#4309=CARTESIAN_POINT('Ctrl Pts',(-1.2006959840359,-9.92899116292929,5.71211105656347));
#4310=CARTESIAN_POINT('Ctrl Pts',(-1.03867724443666,-9.94591119917574,5.80532695706054));
#4311=CARTESIAN_POINT('Ctrl Pts',(-2.08208107878159,-9.16493124593149,3.99819368481567));
#4312=CARTESIAN_POINT('Ctrl Pts',(-2.08367263381623,-9.17617436899902,3.8127146137951));
#4313=CARTESIAN_POINT('Ctrl Pts',(-1.9763993155086,-9.22914280511197,2.94069478465049));
#4314=CARTESIAN_POINT('Ctrl Pts',(-0.756085386933422,-9.32383655427032,
1.66303814631532));
#4315=CARTESIAN_POINT('Ctrl Pts',(1.54041065494524,-9.4490124934066,2.08698057761841));
#4316=CARTESIAN_POINT('Ctrl Pts',(2.44464076024971,-9.57418843254282,4.24027001802861));
#4317=CARTESIAN_POINT('Ctrl Pts',(1.13799218326985,-9.6993643716791,6.17666175462694));
#4318=CARTESIAN_POINT('Ctrl Pts',(-0.70685676765382,-9.79830368391658,6.15128768250447));
#4319=CARTESIAN_POINT('Ctrl Pts',(-1.43568667338346,-9.85551768310867,5.52942488799222));
#4320=CARTESIAN_POINT('Ctrl Pts',(-1.59847492516816,-9.87100636925535,5.33172797849133));
#4321=CARTESIAN_POINT('Origin',(-4.89858719658941E-16,-0.95026847570432,
4.));
#4322=CARTESIAN_POINT('',(-2.08014300959455,-8.37118124593149,4.00113268270113));
#4323=CARTESIAN_POINT('',(-2.08031227770998,-8.49089347570432,4.00124965448954));
#4324=CARTESIAN_POINT('',(-2.0828,-0.95026847570432,3.9999999999999));
#4325=CARTESIAN_POINT('Ctrl Pts',(-2.08031227770998,-8.49089347570432,4.00124965448954));
#4326=CARTESIAN_POINT('Ctrl Pts',(-2.0779189046846,-8.51694567965387,3.57054237173023));
#4327=CARTESIAN_POINT('Ctrl Pts',(-1.73851740534825,-8.58472094759201,2.44659056687914));
#4328=CARTESIAN_POINT('Ctrl Pts',(0.0950264247233843,-8.69421927951868,
1.5456589004492));
#4329=CARTESIAN_POINT('Ctrl Pts',(2.10504538174832,-8.81938847148441,2.73449040522223));
#4330=CARTESIAN_POINT('Ctrl Pts',(2.21218773500667,-8.94455766345008,5.06731273947418));
#4331=CARTESIAN_POINT('Ctrl Pts',(0.319430269249339,-9.06972685541582,6.43532423401319));
#4332=CARTESIAN_POINT('Ctrl Pts',(-1.65611260842489,-9.18308879283386,5.68041162239902));
#4333=CARTESIAN_POINT('Ctrl Pts',(-2.07775089671935,-9.25472766626338,4.49191800803337));
#4334=CARTESIAN_POINT('Ctrl Pts',(-2.08187926315889,-9.28464347570432,3.99823926717856));
#4335=CARTESIAN_POINT('Ctrl Pts',(-2.08014300959455,-8.37118124593149,4.00113268270113));
#4336=CARTESIAN_POINT('Ctrl Pts',(-2.07803207537345,-8.39665582405985,3.57988900911992));
#4337=CARTESIAN_POINT('Ctrl Pts',(-1.75004443661789,-8.46385571523364,2.46565945920179));
#4338=CARTESIAN_POINT('Ctrl Pts',(0.0614769016866004,-8.57278091945282,
1.54454728788789));
#4339=CARTESIAN_POINT('Ctrl Pts',(2.08767836251996,-8.69795685858908,2.70593182660028));
#4340=CARTESIAN_POINT('Ctrl Pts',(2.2264663910851,-8.82313279772533,5.03724969791326));
#4341=CARTESIAN_POINT('Ctrl Pts',(0.352343685490494,-8.94830873686158,6.43082089936129));
#4342=CARTESIAN_POINT('Ctrl Pts',(-1.64335672901335,-9.0622415529303,5.69895364660523));
#4343=CARTESIAN_POINT('Ctrl Pts',(-2.07776607816879,-9.1344490559536,4.50106181547753));
#4344=CARTESIAN_POINT('Ctrl Pts',(-2.08208107878159,-9.16493124593149,3.99819368481567));
#4345=CARTESIAN_POINT('Origin',(-4.89858719658941E-16,-0.95026847570432,
4.));
#4346=CARTESIAN_POINT('',(-2.08590771516748,-7.57743124593149,4.00058916013299));
#4347=CARTESIAN_POINT('',(-2.08601040806443,-7.69714347570432,4.00042034768203));
#4348=CARTESIAN_POINT('',(-2.0828,-0.95026847570432,3.9999999999999));
#4349=CARTESIAN_POINT('Ctrl Pts',(-2.08601040806443,-7.69714347570432,4.00042034768203));
#4350=CARTESIAN_POINT('Ctrl Pts',(-2.08416483644069,-7.73744062905579,3.3388897080624));
#4351=CARTESIAN_POINT('Ctrl Pts',(-1.38836930467375,-7.81946084639583,1.98907462250392));
#4352=CARTESIAN_POINT('Ctrl Pts',(0.904146070703088,-7.94320412772446,1.71629048406247));
#4353=CARTESIAN_POINT('Ctrl Pts',(2.40574133662526,-8.06837331969015,3.50480734048648));
#4354=CARTESIAN_POINT('Ctrl Pts',(1.73257836136276,-8.19354251165587,5.74097175306628));
#4355=CARTESIAN_POINT('Ctrl Pts',(-0.506815483510418,-8.31871170362158,
6.40332049926583));
#4356=CARTESIAN_POINT('Ctrl Pts',(-1.91731143905735,-8.41782869163771,5.20742895295891));
#4357=CARTESIAN_POINT('Ctrl Pts',(-2.08175193378571,-8.4752226156653,4.26032767948024));
#4358=CARTESIAN_POINT('Ctrl Pts',(-2.08031227770998,-8.49089347570432,4.00124965448954));
#4359=CARTESIAN_POINT('Ctrl Pts',(-2.08590771516748,-7.57743124593149,4.000589160133));
#4360=CARTESIAN_POINT('Ctrl Pts',(-2.08343849019225,-7.61713727912068,3.34867659639884));
#4361=CARTESIAN_POINT('Ctrl Pts',(-1.40551176413659,-7.69856862535529,2.00726458819439));
#4362=CARTESIAN_POINT('Ctrl Pts',(0.872138328334291,-7.82172528463532,1.70382934443724));
#4363=CARTESIAN_POINT('Ctrl Pts',(2.39865293539064,-7.94690122377157,3.47133306517804));
#4364=CARTESIAN_POINT('Ctrl Pts',(1.75660180593189,-8.07207716290782,5.71679210137133));
#4365=CARTESIAN_POINT('Ctrl Pts',(-0.473552129436972,-8.19725310204409,
6.41013977332839));
#4366=CARTESIAN_POINT('Ctrl Pts',(-1.90884748678493,-8.29695446305196,5.22687175544579));
#4367=CARTESIAN_POINT('Ctrl Pts',(-2.08148961609306,-8.35493051101443,4.26985231528389));
#4368=CARTESIAN_POINT('Ctrl Pts',(-2.08014300959455,-8.37118124593149,4.00113268270113));
#4369=CARTESIAN_POINT('Origin',(-4.89858719658941E-16,-0.95026847570432,
4.));
#4370=CARTESIAN_POINT('',(-2.08162971391237,-6.78368124593149,3.9982538864083));
#4371=CARTESIAN_POINT('',(-2.08136577364236,-6.90339347570432,3.99831263035771));
#4372=CARTESIAN_POINT('',(-2.0828,-0.95026847570432,3.9999999999999));
#4373=CARTESIAN_POINT('Ctrl Pts',(-2.08136577364236,-6.90339347570432,3.99831263035771));
#4374=CARTESIAN_POINT('Ctrl Pts',(-2.08301249831908,-6.91621251446915,3.78665285536639));
#4375=CARTESIAN_POINT('Ctrl Pts',(-1.95646499071464,-6.97075461722254,2.8880105753729));
#4376=CARTESIAN_POINT('Ctrl Pts',(-0.668289467271896,-7.06701978396452,
1.63648609671825));
#4377=CARTESIAN_POINT('Ctrl Pts',(1.61079136263751,-7.19218897593022,2.14577240271907));
#4378=CARTESIAN_POINT('Ctrl Pts',(2.4337373992044,-7.31735816789593,4.33125673430928));
#4379=CARTESIAN_POINT('Ctrl Pts',(1.05661598980774,-7.44252735986163,6.21728921115581));
#4380=CARTESIAN_POINT('Ctrl Pts',(-1.27567279860577,-7.56769655182734,6.09892062213179));
#4381=CARTESIAN_POINT('Ctrl Pts',(-2.07516945582167,-7.65256859044157,4.73211328952611));
#4382=CARTESIAN_POINT('Ctrl Pts',(-2.08607571342699,-7.69571756506723,4.02382854149583));
#4383=CARTESIAN_POINT('Ctrl Pts',(-2.08601040806443,-7.69714347570432,4.00042034768203));
#4384=CARTESIAN_POINT('Ctrl Pts',(-2.08162971391237,-6.78368124593149,3.9982538864083));
#4385=CARTESIAN_POINT('Ctrl Pts',(-2.08326848354319,-6.7958934211361,3.7966790928385));
#4386=CARTESIAN_POINT('Ctrl Pts',(-1.96427730869057,-6.84983090938612,2.90827761988871));
#4387=CARTESIAN_POINT('Ctrl Pts',(-0.702167478677969,-6.94549371068157,
1.6462825805575));
#4388=CARTESIAN_POINT('Ctrl Pts',(1.58413174398133,-7.07066964981782,2.12288746244118));
#4389=CARTESIAN_POINT('Ctrl Pts',(2.43825459121277,-7.19584558895407,4.29654578613981));
#4390=CARTESIAN_POINT('Ctrl Pts',(1.08800862416607,-7.32102152809032,6.20210401501395));
#4391=CARTESIAN_POINT('Ctrl Pts',(-1.24588044025113,-7.44619746722657,6.11679162913682));
#4392=CARTESIAN_POINT('Ctrl Pts',(-2.07037138912864,-7.53166737317363,4.75184110128226));
#4393=CARTESIAN_POINT('Ctrl Pts',(-2.08603328944052,-7.57541196607527,4.03374265853699));
#4394=CARTESIAN_POINT('Ctrl Pts',(-2.08590771516748,-7.57743124593149,4.000589160133));
#4395=CARTESIAN_POINT('Origin',(-4.89858719658941E-16,-0.95026847570432,
4.));
#4396=CARTESIAN_POINT('',(-2.08043409682268,-5.98993124593149,4.00132409497268));
#4397=CARTESIAN_POINT('',(-2.08064562901967,-6.10964347570432,4.00143333541063));
#4398=CARTESIAN_POINT('',(-2.0828,-0.95026847570432,3.9999999999999));
#4399=CARTESIAN_POINT('Ctrl Pts',(-2.08064562901967,-6.10964347570432,4.00143333541063));
#4400=CARTESIAN_POINT('Ctrl Pts',(-2.07776292032375,-6.13670746387107,3.55417923525976));
#4401=CARTESIAN_POINT('Ctrl Pts',(-1.71782939740474,-6.20549451602639,2.41318576646128));
#4402=CARTESIAN_POINT('Ctrl Pts',(0.15395604729093,-6.31600463217029,1.54865214250052));
#4403=CARTESIAN_POINT('Ctrl Pts',(2.13485799178262,-6.44117382413599,2.78542594384426));
#4404=CARTESIAN_POINT('Ctrl Pts',(2.18587562732515,-6.5663430161017,5.1201591511949));
#4405=CARTESIAN_POINT('Ctrl Pts',(0.260889664901207,-6.69151220806739,6.44228281845681));
#4406=CARTESIAN_POINT('Ctrl Pts',(-1.67863896389568,-6.80386236126828,5.6473186719426));
#4407=CARTESIAN_POINT('Ctrl Pts',(-2.07765278295205,-6.87448945048058,4.47555742128415));
#4408=CARTESIAN_POINT('Ctrl Pts',(-2.08136577364236,-6.90339347570432,3.99831263035771));
#4409=CARTESIAN_POINT('Ctrl Pts',(-2.08043409682268,-5.98993124593149,4.00132409497268));
#4410=CARTESIAN_POINT('Ctrl Pts',(-2.07784959925288,-6.01637487619692,3.56421007923387));
#4411=CARTESIAN_POINT('Ctrl Pts',(-1.73057521069165,-6.08454381950778,2.43361780495748));
#4412=CARTESIAN_POINT('Ctrl Pts',(0.117960701698724,-6.19443807586406,1.54661251861745));
#4413=CARTESIAN_POINT('Ctrl Pts',(2.11690493902203,-6.31961401500031,2.7543121025537));
#4414=CARTESIAN_POINT('Ctrl Pts',(2.20200504597609,-6.44478995413657,5.0882089118139));
#4415=CARTESIAN_POINT('Ctrl Pts',(0.296324011448499,-6.56996589327281,6.43828155456278));
#4416=CARTESIAN_POINT('Ctrl Pts',(-1.66520190576803,-6.68292965720446,5.66730858813936));
#4417=CARTESIAN_POINT('Ctrl Pts',(-2.07766930283135,-6.75416810809068,4.48539926126443));
#4418=CARTESIAN_POINT('Ctrl Pts',(-2.08162971391237,-6.78368124593149,3.9982538864083));
#4419=CARTESIAN_POINT('Origin',(-4.89858719658941E-16,-0.95026847570432,
4.));
#4420=CARTESIAN_POINT('',(-2.08605984421943,-5.19618124593148,4.0003111665234));
#4421=CARTESIAN_POINT('',(-2.08610927157353,-5.31589347570432,4.00012329060729));
#4422=CARTESIAN_POINT('',(-2.0828,-0.95026847570432,3.9999999999999));
#4423=CARTESIAN_POINT('Ctrl Pts',(-2.08610927157353,-5.31589347570432,4.00012329060729));
#4424=CARTESIAN_POINT('Ctrl Pts',(-2.08552054496836,-5.357202413273,3.32206934207651));
#4425=CARTESIAN_POINT('Ctrl Pts',(-1.35844885728545,-5.44023441483025,1.95807889597953));
#4426=CARTESIAN_POINT('Ctrl Pts',(0.958751059715507,-5.56498948037604,1.73867180578312));
#4427=CARTESIAN_POINT('Ctrl Pts',(2.41694427070437,-5.69015867234176,3.56274815565624));
#4428=CARTESIAN_POINT('Ctrl Pts',(1.69025078480673,-5.81532786430745,5.78209457190057));
#4429=CARTESIAN_POINT('Ctrl Pts',(-0.564407782761726,-5.94049705627317,
6.39045030058985));
#4430=CARTESIAN_POINT('Ctrl Pts',(-1.931667187774,-6.03860226007213,5.1735673812908));
#4431=CARTESIAN_POINT('Ctrl Pts',(-2.0822070339791,-6.09498439988251,4.24368631473255));
#4432=CARTESIAN_POINT('Ctrl Pts',(-2.08064562901967,-6.10964347570432,4.00143333541063));
#4433=CARTESIAN_POINT('Ctrl Pts',(-2.08605984421943,-5.19618124593149,4.0003111665234));
#4434=CARTESIAN_POINT('Ctrl Pts',(-2.08465140216303,-5.23685633125775,3.33261875220529));
#4435=CARTESIAN_POINT('Ctrl Pts',(-1.3772575064319,-5.31925672962944,1.97742526581647));
#4436=CARTESIAN_POINT('Ctrl Pts',(0.924743425973671,-5.44338244104656,1.72450564946082));
#4437=CARTESIAN_POINT('Ctrl Pts',(2.41018277069009,-5.56855838018279,3.52666725880848));
#4438=CARTESIAN_POINT('Ctrl Pts',(1.71663235513481,-5.69373431931906,5.75675786199848));
#4439=CARTESIAN_POINT('Ctrl Pts',(-0.528885121390929,-5.8189102584553,6.39860488637779));
#4440=CARTESIAN_POINT('Ctrl Pts',(-1.92289113100045,-5.91764256732612,5.19444223592418));
#4441=CARTESIAN_POINT('Ctrl Pts',(-2.08192766905959,-5.97464956315151,4.25393077794889));
#4442=CARTESIAN_POINT('Ctrl Pts',(-2.08043409682268,-5.98993124593149,4.00132409497268));
#4443=CARTESIAN_POINT('Origin',(-4.89858719658941E-16,-0.95026847570432,
4.));
#4444=CARTESIAN_POINT('',(-2.08121358084934,-4.40243124593149,3.99835359914376));
#4445=CARTESIAN_POINT('',(-2.08095329259018,-4.52214347570432,3.9984386698711));
#4446=CARTESIAN_POINT('',(-2.0828,-0.95026847570432,3.9999999999999));
#4447=CARTESIAN_POINT('Ctrl Pts',(-2.08095329259018,-4.52214347570431,3.9984386698711));
#4448=CARTESIAN_POINT('Ctrl Pts',(-2.08257430103443,-4.53597429868634,3.76995836866462));
#4449=CARTESIAN_POINT('Ctrl Pts',(-1.94303615469659,-4.59152818565694,2.85415197849789));
#4450=CARTESIAN_POINT('Ctrl Pts',(-0.611313061241437,-4.68880513661612,
1.62111297243035));
#4451=CARTESIAN_POINT('Ctrl Pts',(1.65487420739267,-4.81397432858182,2.18500671404604));
#4452=CARTESIAN_POINT('Ctrl Pts',(2.42507650152135,-4.93914352054752,4.38963176090931));
#4453=CARTESIAN_POINT('Ctrl Pts',(1.00304059749431,-5.06431271251323,6.24203437001197));
#4454=CARTESIAN_POINT('Ctrl Pts',(-1.32573113610523,-5.18948190447893,6.06766675793609));
#4455=CARTESIAN_POINT('Ctrl Pts',(-2.08302270866756,-5.27334215887596,4.69856440447544));
#4456=CARTESIAN_POINT('Ctrl Pts',(-2.08611517361933,-5.31547934928442,4.00692085236332));
#4457=CARTESIAN_POINT('Ctrl Pts',(-2.08610927157353,-5.31589347570432,4.00012329060729));
#4458=CARTESIAN_POINT('Ctrl Pts',(-2.08121358084934,-4.40243124593149,3.99835359914376));
#4459=CARTESIAN_POINT('Ctrl Pts',(-2.0828575679202,-4.41561247327317,3.78067274840467));
#4460=CARTESIAN_POINT('Ctrl Pts',(-1.95171308941906,-4.47051901366027,2.87585122291093));
#4461=CARTESIAN_POINT('Ctrl Pts',(-0.647820395939566,-4.56715086709279,
1.63075072705618));
#4462=CARTESIAN_POINT('Ctrl Pts',(1.62690512856301,-4.69232680622905,2.15983502546236));
#4463=CARTESIAN_POINT('Ctrl Pts',(2.43078558272888,-4.81750274536529,4.35257333014601));
#4464=CARTESIAN_POINT('Ctrl Pts',(1.03704888064888,-4.94267868450155,6.22655627434832));
#4465=CARTESIAN_POINT('Ctrl Pts',(-1.29425893778705,-5.0678546236378,6.08756296868672));
#4466=CARTESIAN_POINT('Ctrl Pts',(-2.07813400848983,-5.15235547744778,4.71968845597136));
#4467=CARTESIAN_POINT('Ctrl Pts',(-2.08609621009,-5.19513101821234,4.01755093567828));
#4468=CARTESIAN_POINT('Ctrl Pts',(-2.08605984421943,-5.19618124593149,4.0003111665234));
#4469=CARTESIAN_POINT('Origin',(-4.89858719658941E-16,-0.95026847570432,
4.));
#4470=CARTESIAN_POINT('',(-2.08072151100311,-3.60868124593148,4.00160401726384));
#4471=CARTESIAN_POINT('',(-2.08102137956545,-3.72839347570432,4.00160430548713));
#4472=CARTESIAN_POINT('',(-2.0828,-0.95026847570432,3.9999999999999));
#4473=CARTESIAN_POINT('',(0.828346102795091,-3.06503959745778,2.08900586762173));
#4474=CARTESIAN_POINT('Ctrl Pts',(0.828346102795091,-3.06503959745778,2.08900586762173));
#4475=CARTESIAN_POINT('Ctrl Pts',(1.45952880346031,-3.1067649105032,2.36260049640117));
#4476=CARTESIAN_POINT('Ctrl Pts',(2.41916337068728,-3.19021553659403,3.57912723832178));
#4477=CARTESIAN_POINT('Ctrl Pts',(1.67639621530561,-3.31539147573029,5.79730372371624));
#4478=CARTESIAN_POINT('Ctrl Pts',(-0.584270409742862,-3.44056741486654,
6.38502611114442));
#4479=CARTESIAN_POINT('Ctrl Pts',(-1.93639804873103,-3.53833067160027,5.16215389595943));
#4480=CARTESIAN_POINT('Ctrl Pts',(-2.08230416696658,-3.59436861528858,4.23811537352497));
#4481=CARTESIAN_POINT('Ctrl Pts',(-2.08072151100311,-3.60868124593148,4.00160401726384));
#4482=CARTESIAN_POINT('',(0.358185999206027,-3.154850099479,1.94848715267196));
#4483=CARTESIAN_POINT('Ctrl Pts',(0.357135618242362,-3.154850099479,1.94804727389186));
#4484=CARTESIAN_POINT('Ctrl Pts',(0.511850822413037,-3.13733601533848,1.9749749459527));
#4485=CARTESIAN_POINT('Ctrl Pts',(0.664789235221937,-3.10821013456575,2.01993478708513));
#4486=CARTESIAN_POINT('Ctrl Pts',(0.815570007869458,-3.06847104221424,2.08350584975013));
#4487=CARTESIAN_POINT('Ctrl Pts',(0.821966365811298,-3.06676376124078,2.08624048484119));
#4488=CARTESIAN_POINT('Ctrl Pts',(0.828346102795091,-3.06503959745778,2.08900586762173));
#4489=CARTESIAN_POINT('Ctrl Pts',(0.358858644516518,-3.154850099479,1.94876884322887));
#4490=CARTESIAN_POINT('Ctrl Pts',(0.532040272160863,-3.16549167732855,1.97744169025423));
#4491=CARTESIAN_POINT('Ctrl Pts',(1.36402312352016,-3.21785631916667,2.2243855725626));
#4492=CARTESIAN_POINT('Ctrl Pts',(2.42665576597559,-3.31194402499335,3.62051519800968));
#4493=CARTESIAN_POINT('Ctrl Pts',(1.64699798292042,-3.43711321695906,5.82241025793344));
#4494=CARTESIAN_POINT('Ctrl Pts',(-0.621701437912384,-3.56228240892476,
6.37608495548565));
#4495=CARTESIAN_POINT('Ctrl Pts',(-1.94550461036779,-3.65937582850652,5.13972623590276));
#4496=CARTESIAN_POINT('Ctrl Pts',(-2.08265023995544,-3.7147461840997,4.22703549818627));
#4497=CARTESIAN_POINT('Ctrl Pts',(-2.08102137956545,-3.72839347570432,4.00160430548713));
#4498=CARTESIAN_POINT('Ctrl Pts',(-0.956261260083544,-3.02757153548242,
5.41539422952174));
#4499=CARTESIAN_POINT('Ctrl Pts',(-1.42372695401338,-3.06929459947099,5.09956749785969));
#4500=CARTESIAN_POINT('Ctrl Pts',(-2.01360815033901,-3.15274072744813,3.97412156920821));
#4501=CARTESIAN_POINT('Ctrl Pts',(-1.08014984927771,-3.27790991941383,2.29822446762517));
#4502=CARTESIAN_POINT('Ctrl Pts',(0.830772716157601,-3.40307911137954,2.16553473544506));
#4503=CARTESIAN_POINT('Ctrl Pts',(1.99015366172998,-3.52824830334525,3.68877618373354));
#4504=CARTESIAN_POINT('Ctrl Pts',(1.35073919940729,-3.65341749531095,5.49459865665884));
#4505=CARTESIAN_POINT('Ctrl Pts',(-0.509870996336679,-3.77858668727666,
5.94867942995621));
#4506=CARTESIAN_POINT('Ctrl Pts',(-1.90948895220546,-3.90375587924236,4.64151390880588));
#4507=CARTESIAN_POINT('Ctrl Pts',(-1.58299257670547,-4.02892507120807,2.75425362856709));
#4508=CARTESIAN_POINT('Ctrl Pts',(0.174529268975332,-4.15409426317378,1.9932229268528));
#4509=CARTESIAN_POINT('Ctrl Pts',(1.77426824867365,-4.27926345513948,3.04624574730264));
#4510=CARTESIAN_POINT('Ctrl Pts',(1.77009697345431,-4.40443264710518,4.96147482287786));
#4511=CARTESIAN_POINT('Ctrl Pts',(0.165777798579685,-4.5296018390709,6.00753014520722));
#4512=CARTESIAN_POINT('Ctrl Pts',(-1.58840088328413,-4.65477103103659,5.2388105755507));
#4513=CARTESIAN_POINT('Ctrl Pts',(-1.90668627244255,-4.7799402230023,3.35021862225128));
#4514=CARTESIAN_POINT('Ctrl Pts',(-0.501351260591299,-4.90510941496801,
2.04902252921879));
#4515=CARTESIAN_POINT('Ctrl Pts',(1.35719866398972,-5.03027860693371,2.51148416487313));
#4516=CARTESIAN_POINT('Ctrl Pts',(1.98885847228428,-5.15544779889942,4.31954556001403));
#4517=CARTESIAN_POINT('Ctrl Pts',(0.822615611969413,-5.28061699086512,5.83874160223544));
#4518=CARTESIAN_POINT('Ctrl Pts',(-1.08726120613508,-5.40578618283083,5.69573889599026));
#4519=CARTESIAN_POINT('Ctrl Pts',(-2.01426782117084,-5.53095537479653,4.01980985583901));
#4520=CARTESIAN_POINT('Ctrl Pts',(-1.1204020906714,-5.65612456676225,2.3259729955152));
#4521=CARTESIAN_POINT('Ctrl Pts',(0.786292789827657,-5.78129375872794,2.14543510901116));
#4522=CARTESIAN_POINT('Ctrl Pts',(1.98218905127889,-5.90646295069366,3.64140016424247));
#4523=CARTESIAN_POINT('Ctrl Pts',(1.386211771686,-6.03163214265935,5.46153487756479));
#4524=CARTESIAN_POINT('Ctrl Pts',(-0.462883212082024,-6.15680133462507,
5.96046076481303));
#4525=CARTESIAN_POINT('Ctrl Pts',(-1.89353769512531,-6.28197052659076,4.68715520373818));
#4526=CARTESIAN_POINT('Ctrl Pts',(-1.61245832973712,-6.40713971855648,2.79267013146816));
#4527=CARTESIAN_POINT('Ctrl Pts',(0.12626273390628,-6.53230891052217,1.98959581198975));
#4528=CARTESIAN_POINT('Ctrl Pts',(1.75084390179733,-6.65747810248789,3.00390115516496));
#4529=CARTESIAN_POINT('Ctrl Pts',(1.79268458460507,-6.78264729445357,4.91866710875435));
#4530=CARTESIAN_POINT('Ctrl Pts',(0.213961341031783,-6.9078164864193,6.0029697505027));
#4531=CARTESIAN_POINT('Ctrl Pts',(-1.55818021788304,-7.03298567838499,5.27661336629248));
#4532=CARTESIAN_POINT('Ctrl Pts',(-1.92174679564566,-7.1581548703507,3.39621483313615));
#4533=CARTESIAN_POINT('Ctrl Pts',(-0.548078861878476,-7.28332406231641,
2.06163036590613));
#4534=CARTESIAN_POINT('Ctrl Pts',(1.32104535533381,-7.40849325428211,2.47930724491289));
#4535=CARTESIAN_POINT('Ctrl Pts',(1.99596146459141,-7.53366244624782,4.27167091929633));
#4536=CARTESIAN_POINT('Ctrl Pts',(0.866553967250856,-7.65883163821353,5.81844755427107));
#4537=CARTESIAN_POINT('Ctrl Pts',(-1.04620726471022,-7.78400083017922,5.7213708760776));
#4538=CARTESIAN_POINT('Ctrl Pts',(-2.01321044675808,-7.90917002214494,4.06819693476478));
#4539=CARTESIAN_POINT('Ctrl Pts',(-1.16029727688912,-8.03433921411064,2.35337386849798));
#4540=CARTESIAN_POINT('Ctrl Pts',(0.741510039692469,-8.15950840607634,2.12707969577074));
#4541=CARTESIAN_POINT('Ctrl Pts',(1.97300127912255,-8.28467759804206,3.59388162985019));
#4542=CARTESIAN_POINT('Ctrl Pts',(1.42092554636153,-8.40984679000775,5.42780915114277));
#4543=CARTESIAN_POINT('Ctrl Pts',(-0.415650503244824,-8.53501598197347,
5.97101589726374));
#4544=CARTESIAN_POINT('Ctrl Pts',(-1.8764803515453,-8.66018517393917,4.73244866897422));
#4545=CARTESIAN_POINT('Ctrl Pts',(-1.64100262637167,-8.78535436590487,2.83175879600939));
#4546=CARTESIAN_POINT('Ctrl Pts',(0.0779332568615573,-8.91052355787059,
1.98714098847815));
#4547=CARTESIAN_POINT('Ctrl Pts',(1.72639392588506,-9.03569274983628,2.96212780184384));
#4548=CARTESIAN_POINT('Ctrl Pts',(1.81426372169755,-9.160861941802,4.875326606459));
#4549=CARTESIAN_POINT('Ctrl Pts',(0.261971775695341,-9.28603113376769,5.99726286265107));
#4550=CARTESIAN_POINT('Ctrl Pts',(-1.52696538461624,-9.41120032573341,5.31365774379159));
#4551=CARTESIAN_POINT('Ctrl Pts',(-1.9358794363844,-9.53636951769911,3.44260217341125));
#4552=CARTESIAN_POINT('Ctrl Pts',(-0.594141396490776,-9.66153870966481,
2.07527460086258));
#4553=CARTESIAN_POINT('Ctrl Pts',(1.28345788430208,-9.78670790163052,2.44816818823903));
#4554=CARTESIAN_POINT('Ctrl Pts',(2.0032200498652,-9.91187709359622,4.2233228409777));
#4555=CARTESIAN_POINT('Ctrl Pts',(0.907313692136875,-10.0370462855619,5.79779568926863));
#4556=CARTESIAN_POINT('Ctrl Pts',(-0.362844521305318,-10.1204924135391,
5.7619281981092));
#4557=CARTESIAN_POINT('Ctrl Pts',(-0.851842008394697,-10.1622154775276,
5.48058826661368));
#4558=CARTESIAN_POINT('Ctrl Pts',(-1.02617379334864,-2.95547010936513,5.5188741050382));
#4559=CARTESIAN_POINT('Ctrl Pts',(-1.52781603739231,-2.9971931733537,5.17995719101176));
#4560=CARTESIAN_POINT('Ctrl Pts',(-2.16082361610109,-3.08063930133083,3.97222958975751));
#4561=CARTESIAN_POINT('Ctrl Pts',(-1.1591199126078,-3.20580849329654,2.17380717343668));
#4562=CARTESIAN_POINT('Ctrl Pts',(0.891510746211255,-3.33097768526224,2.03141645711947));
#4563=CARTESIAN_POINT('Ctrl Pts',(2.13565436314518,-3.45614687722795,3.6660225218256));
#4564=CARTESIAN_POINT('Ctrl Pts',(1.449492127245,-3.58131606919365,5.60386919041702));
#4565=CARTESIAN_POINT('Ctrl Pts',(-0.547147810195249,-3.70648526115936,
6.09114793846604));
#4566=CARTESIAN_POINT('Ctrl Pts',(-2.04909223371738,-3.83165445312507,4.6884151735141));
#4567=CARTESIAN_POINT('Ctrl Pts',(-1.69872561515111,-3.95682364509077,2.66317675630621));
#4568=CARTESIAN_POINT('Ctrl Pts',(0.187289153572044,-4.08199283705648,1.84650688309111));
#4569=CARTESIAN_POINT('Ctrl Pts',(1.90398550601162,-4.20716202902218,2.97651650206207));
#4570=CARTESIAN_POINT('Ctrl Pts',(1.89950926767217,-4.33233122098789,5.03176852120475));
#4571=CARTESIAN_POINT('Ctrl Pts',(0.177897860681542,-4.45750041295359,6.15430124628185));
#4572=CARTESIAN_POINT('Ctrl Pts',(-1.70452932456512,-4.5826696049193,5.32938036979791));
#4573=CARTESIAN_POINT('Ctrl Pts',(-2.04608464923822,-4.707838796885,3.30271292053235));
#4574=CARTESIAN_POINT('Ctrl Pts',(-0.538005194141344,-4.83300798885071,
1.90638601028931));
#4575=CARTESIAN_POINT('Ctrl Pts',(1.45642384512403,-4.95817718081641,2.40265834793077));
#4576=CARTESIAN_POINT('Ctrl Pts',(2.13426448202997,-5.08334637278212,4.34290762697912));
#4577=CARTESIAN_POINT('Ctrl Pts',(0.882757273811043,-5.20851556474783,5.97317252482762));
#4578=CARTESIAN_POINT('Ctrl Pts',(-1.1667511827918,-5.33368475671352,5.8197148499722));
#4579=CARTESIAN_POINT('Ctrl Pts',(-2.16153151565545,-5.45885394867924,4.02125816004533));
#4580=CARTESIAN_POINT('Ctrl Pts',(-1.20231500684192,-5.58402314064494,2.20358440410924));
#4581=CARTESIAN_POINT('Ctrl Pts',(0.843778879790274,-5.70919233261065,2.00984734126848));
#4582=CARTESIAN_POINT('Ctrl Pts',(2.12710745775405,-5.83436152457636,3.61518282804706));
#4583=CARTESIAN_POINT('Ctrl Pts',(1.48755810939291,-5.95953071654205,5.56838810901006));
#4584=CARTESIAN_POINT('Ctrl Pts',(-0.496724735641926,-6.08469990850776,
6.10379061007196));
#4585=CARTESIAN_POINT('Ctrl Pts',(-2.0319747756859,-6.20986910047347,4.73739331652698));
#4586=CARTESIAN_POINT('Ctrl Pts',(-1.73034561778482,-6.33503829243917,2.7044019006833));
#4587=CARTESIAN_POINT('Ctrl Pts',(0.13549383836783,-6.46020748440488,1.84261458882668));
#4588=CARTESIAN_POINT('Ctrl Pts',(1.87884859845909,-6.58537667637058,2.93107608472473));
#4589=CARTESIAN_POINT('Ctrl Pts',(1.92374826551176,-6.71054586833629,4.9858311229012));
#4590=CARTESIAN_POINT('Ctrl Pts',(0.229604115654924,-6.83571506030199,6.14940743982074));
#4591=CARTESIAN_POINT('Ctrl Pts',(-1.67209921770348,-6.9608842522677,5.36994693334485));
#4592=CARTESIAN_POINT('Ctrl Pts',(-2.06224625158506,-7.0860534442334,3.35207192750421));
#4593=CARTESIAN_POINT('Ctrl Pts',(-0.588149063676283,-7.21122263619911,
1.91991560951016));
#4594=CARTESIAN_POINT('Ctrl Pts',(1.41762735776838,-7.33639182816482,2.36812896418162));
#4595=CARTESIAN_POINT('Ctrl Pts',(2.14188677612907,-7.46156102013051,4.29153285763397));
#4596=CARTESIAN_POINT('Ctrl Pts',(0.929907974769816,-7.58673021209624,5.95139477323265));
#4597=CARTESIAN_POINT('Ctrl Pts',(-1.12269577600874,-7.71189940406192,5.84722079142899));
#4598=CARTESIAN_POINT('Ctrl Pts',(-2.16039683629801,-7.83706859602765,4.07318283210198));
#4599=CARTESIAN_POINT('Ctrl Pts',(-1.24512694149439,-7.96223778799333,2.23298856272521));
#4600=CARTESIAN_POINT('Ctrl Pts',(0.795722050029342,-8.08740697995906,1.99014995853466));
#4601=CARTESIAN_POINT('Ctrl Pts',(2.11724796495679,-8.21257617192474,3.56419020006228));
#4602=CARTESIAN_POINT('Ctrl Pts',(1.52480981802861,-8.33774536389047,5.53219668511728));
#4603=CARTESIAN_POINT('Ctrl Pts',(-0.446038830000021,-8.46291455585617,
6.11511743126444));
#4604=CARTESIAN_POINT('Ctrl Pts',(-2.0136703648553,-8.58808374782187,4.78599819991533));
#4605=CARTESIAN_POINT('Ctrl Pts',(-1.76097679608161,-8.71325293978758,2.74634834862965));
#4606=CARTESIAN_POINT('Ctrl Pts',(0.0836309794821667,-8.83842213175328,
1.8399802924685));
#4607=CARTESIAN_POINT('Ctrl Pts',(1.85261107783948,-8.96359132371899,2.88624866963663));
#4608=CARTESIAN_POINT('Ctrl Pts',(1.94690505946726,-9.0887605156847,4.93932198413073));
#4609=CARTESIAN_POINT('Ctrl Pts',(0.281124606880006,-9.21392970765039,6.14328331977178));
#4610=CARTESIAN_POINT('Ctrl Pts',(-1.63860225908013,-9.33909889961611,5.40969963584079));
#4611=CARTESIAN_POINT('Ctrl Pts',(-2.07741213371609,-9.46426809158181,3.40185065944751));
#4612=CARTESIAN_POINT('Ctrl Pts',(-0.637579243322197,-9.58943728354752,
1.93455737837298));
#4613=CARTESIAN_POINT('Ctrl Pts',(1.37729185601685,-9.71460647551322,2.3347133221995));
#4614=CARTESIAN_POINT('Ctrl Pts',(2.14967603864097,-9.83977566747893,4.23965003752998));
#4615=CARTESIAN_POINT('Ctrl Pts',(0.973647654759027,-9.96494485944462,5.92923304449397));
#4616=CARTESIAN_POINT('Ctrl Pts',(-0.389372187670886,-10.0483909874218,
5.89074327083342));
#4617=CARTESIAN_POINT('Ctrl Pts',(-0.914120420408684,-10.0901140514103,
5.58883449676263));
#4618=CARTESIAN_POINT('Ctrl Pts',(-1.09608632661373,-2.88336868324783,5.62235398055466));
#4619=CARTESIAN_POINT('Ctrl Pts',(-1.63190512077123,-2.9250917472364,5.26034688416383));
#4620=CARTESIAN_POINT('Ctrl Pts',(-2.30803908186317,-3.00853787521353,3.97033761030681));
#4621=CARTESIAN_POINT('Ctrl Pts',(-1.23808997593789,-3.13370706717924,2.04938987924818));
#4622=CARTESIAN_POINT('Ctrl Pts',(0.952248776264909,-3.25887625914495,1.8972981787939));
#4623=CARTESIAN_POINT('Ctrl Pts',(2.28115506456038,-3.38404545111065,3.64326885991763));
#4624=CARTESIAN_POINT('Ctrl Pts',(1.54824505508271,-3.50921464307636,5.71313972417524));
#4625=CARTESIAN_POINT('Ctrl Pts',(-0.584424624053816,-3.63438383504206,
6.23361644697584));
#4626=CARTESIAN_POINT('Ctrl Pts',(-2.18869551522931,-3.75955302700777,4.73531643822235));
#4627=CARTESIAN_POINT('Ctrl Pts',(-1.81445865359673,-3.88472221897347,2.57209988404531));
#4628=CARTESIAN_POINT('Ctrl Pts',(0.200049038168751,-4.00989141093918,1.69979083932942));
#4629=CARTESIAN_POINT('Ctrl Pts',(2.0337027633496,-4.13506060290488,2.90678725682149));
#4630=CARTESIAN_POINT('Ctrl Pts',(2.02892156189001,-4.26022979487059,5.10206221953163));
#4631=CARTESIAN_POINT('Ctrl Pts',(0.190017922783406,-4.3853989868363,6.30107234735648));
#4632=CARTESIAN_POINT('Ctrl Pts',(-1.82065776584612,-4.510568178802,5.41995016404511));
#4633=CARTESIAN_POINT('Ctrl Pts',(-2.1854830260339,-4.6357373707677,3.25520721881342));
#4634=CARTESIAN_POINT('Ctrl Pts',(-0.57465912769139,-4.76090656273341,1.76374949135983));
#4635=CARTESIAN_POINT('Ctrl Pts',(1.55564902625835,-4.88607575469912,2.29383253098841));
#4636=CARTESIAN_POINT('Ctrl Pts',(2.27967049177566,-5.01124494666482,4.3662696939442));
#4637=CARTESIAN_POINT('Ctrl Pts',(0.942898935652675,-5.13641413863053,6.10760344741981));
#4638=CARTESIAN_POINT('Ctrl Pts',(-1.24624115944851,-5.26158333059623,5.94369080395413));
#4639=CARTESIAN_POINT('Ctrl Pts',(-2.30879521014005,-5.38675252256194,4.02270646425165));
#4640=CARTESIAN_POINT('Ctrl Pts',(-1.28422792301245,-5.51192171452764,2.08119581270329));
#4641=CARTESIAN_POINT('Ctrl Pts',(0.901264969752891,-5.63709090649335,1.8742595735258));
#4642=CARTESIAN_POINT('Ctrl Pts',(2.27202586422921,-5.76226009845905,3.58896549185165));
#4643=CARTESIAN_POINT('Ctrl Pts',(1.58890444709982,-5.88742929042476,5.67524134045531));
#4644=CARTESIAN_POINT('Ctrl Pts',(-0.530566259201826,-6.01259848239047,
6.24712045533091));
#4645=CARTESIAN_POINT('Ctrl Pts',(-2.17041185624648,-6.13776767435617,4.78763142931577));
#4646=CARTESIAN_POINT('Ctrl Pts',(-1.84823290583251,-6.26293686632188,2.61613366989844));
#4647=CARTESIAN_POINT('Ctrl Pts',(0.14472494282938,-6.38810605828758,1.6956333656636));
#4648=CARTESIAN_POINT('Ctrl Pts',(2.00685329512085,-6.51327525025329,2.8582510142845));
#4649=CARTESIAN_POINT('Ctrl Pts',(2.05481194641845,-6.63844444221899,5.05299513704804));
#4650=CARTESIAN_POINT('Ctrl Pts',(0.245246890278066,-6.7636136341847,6.29584512913878));
#4651=CARTESIAN_POINT('Ctrl Pts',(-1.78601821752393,-6.88878282615041,5.4632805003972));
#4652=CARTESIAN_POINT('Ctrl Pts',(-2.20274570752446,-7.0139520181161,3.30792902187229));
#4653=CARTESIAN_POINT('Ctrl Pts',(-0.628219265474091,-7.13912121008183,
1.7782008531142));
#4654=CARTESIAN_POINT('Ctrl Pts',(1.51420936020294,-7.26429040204751,2.25695068345035));
#4655=CARTESIAN_POINT('Ctrl Pts',(2.28781208766673,-7.38945959401324,4.31139479597163));
#4656=CARTESIAN_POINT('Ctrl Pts',(0.993261982288778,-7.51462878597892,6.08434199219422));
#4657=CARTESIAN_POINT('Ctrl Pts',(-1.19918428730726,-7.63979797794464,5.97307070678039));
#4658=CARTESIAN_POINT('Ctrl Pts',(-2.30758322583794,-7.76496716991034,4.07816872943918));
#4659=CARTESIAN_POINT('Ctrl Pts',(-1.32995660609967,-7.89013636187605,2.11260325695245));
#4660=CARTESIAN_POINT('Ctrl Pts',(0.849934060366214,-8.01530555384175,1.85322022129856));
#4661=CARTESIAN_POINT('Ctrl Pts',(2.26149465079102,-8.14047474580746,3.53449877027438));
#4662=CARTESIAN_POINT('Ctrl Pts',(1.62869408969568,-8.26564393777316,5.63658421909177));
#4663=CARTESIAN_POINT('Ctrl Pts',(-0.476427156755221,-8.39081312973887,
6.25921896526513));
#4664=CARTESIAN_POINT('Ctrl Pts',(-2.1508603781653,-8.51598232170457,4.83954773085644));
#4665=CARTESIAN_POINT('Ctrl Pts',(-1.88095096579157,-8.64115151367028,2.66093790124992));
#4666=CARTESIAN_POINT('Ctrl Pts',(0.0893287021027775,-8.76632070563599,
1.69281959645885));
#4667=CARTESIAN_POINT('Ctrl Pts',(1.9788282297939,-8.89148989760169,2.81036953742943));
#4668=CARTESIAN_POINT('Ctrl Pts',(2.07954639723697,-9.01665908956739,5.00331736180246));
#4669=CARTESIAN_POINT('Ctrl Pts',(0.300277438064672,-9.14182828153311,6.28930377689248));
#4670=CARTESIAN_POINT('Ctrl Pts',(-1.75023913354402,-9.2669974734988,5.50574152788999));
#4671=CARTESIAN_POINT('Ctrl Pts',(-2.21894483104779,-9.39216666546452,3.36109914548377));
#4672=CARTESIAN_POINT('Ctrl Pts',(-0.681017090153616,-9.51733585743021,
1.79384015588337));
#4673=CARTESIAN_POINT('Ctrl Pts',(1.47112582773163,-9.64250504939593,2.22125845615998));
#4674=CARTESIAN_POINT('Ctrl Pts',(2.29613202741674,-9.76767424136163,4.25597723408224));
#4675=CARTESIAN_POINT('Ctrl Pts',(1.03998161738118,-9.89284343332734,6.06067039971932));
#4676=CARTESIAN_POINT('Ctrl Pts',(-0.415899854036455,-9.97628956130447,
6.01955834355764));
#4677=CARTESIAN_POINT('Ctrl Pts',(-0.97639883242267,-10.018012625293,5.69708072691159));
#4678=CARTESIAN_POINT('Ctrl Pts',(-1.16599885987882,-2.81126725713053,5.72583385607112));
#4679=CARTESIAN_POINT('Ctrl Pts',(-1.73599420415015,-2.8529903211191,5.3407365773159));
#4680=CARTESIAN_POINT('Ctrl Pts',(-2.45525454762525,-2.93643644909624,3.96844563085611));
#4681=CARTESIAN_POINT('Ctrl Pts',(-1.31706003926799,-3.06160564106194,1.92497258505969));
#4682=CARTESIAN_POINT('Ctrl Pts',(1.01298680631856,-3.18677483302765,1.76317990046832));
#4683=CARTESIAN_POINT('Ctrl Pts',(2.42665576597559,-3.31194402499335,3.62051519800968));
#4684=CARTESIAN_POINT('Ctrl Pts',(1.64699798292042,-3.43711321695906,5.82241025793344));
#4685=CARTESIAN_POINT('Ctrl Pts',(-0.621701437912384,-3.56228240892476,
6.37608495548565));
#4686=CARTESIAN_POINT('Ctrl Pts',(-2.32829879674123,-3.68745160089047,4.78221770293058));
#4687=CARTESIAN_POINT('Ctrl Pts',(-1.93019169204236,-3.81262079285617,2.48102301178442));
#4688=CARTESIAN_POINT('Ctrl Pts',(0.212808922765462,-3.93778998482188,1.55307479556772));
#4689=CARTESIAN_POINT('Ctrl Pts',(2.16342002068757,-4.06295917678758,2.83705801158092));
#4690=CARTESIAN_POINT('Ctrl Pts',(2.15833385610786,-4.18812836875329,5.17235591785851));
#4691=CARTESIAN_POINT('Ctrl Pts',(0.202137984885266,-4.31329756071899,6.44784344843111));
#4692=CARTESIAN_POINT('Ctrl Pts',(-1.93678620712712,-4.4384667526847,5.51051995829232));
#4693=CARTESIAN_POINT('Ctrl Pts',(-2.32488140282957,-4.5636359446504,3.20770151709449));
#4694=CARTESIAN_POINT('Ctrl Pts',(-0.611313061241437,-4.68880513661612,
1.62111297243035));
#4695=CARTESIAN_POINT('Ctrl Pts',(1.65487420739267,-4.81397432858182,2.18500671404604));
#4696=CARTESIAN_POINT('Ctrl Pts',(2.42507650152135,-4.93914352054752,4.38963176090931));
#4697=CARTESIAN_POINT('Ctrl Pts',(1.00304059749431,-5.06431271251323,6.24203437001197));
#4698=CARTESIAN_POINT('Ctrl Pts',(-1.32573113610523,-5.18948190447893,6.06766675793609));
#4699=CARTESIAN_POINT('Ctrl Pts',(-2.45605890462466,-5.31465109644464,4.02415476845797));
#4700=CARTESIAN_POINT('Ctrl Pts',(-1.36614083918297,-5.43982028841035,1.95880722129734));
#4701=CARTESIAN_POINT('Ctrl Pts',(0.958751059715507,-5.56498948037604,1.73867180578312));
#4702=CARTESIAN_POINT('Ctrl Pts',(2.41694427070437,-5.69015867234176,3.56274815565624));
#4703=CARTESIAN_POINT('Ctrl Pts',(1.69025078480673,-5.81532786430745,5.78209457190057));
#4704=CARTESIAN_POINT('Ctrl Pts',(-0.564407782761726,-5.94049705627317,
6.39045030058985));
#4705=CARTESIAN_POINT('Ctrl Pts',(-2.30884893680707,-6.06566624823888,4.83786954210456));
#4706=CARTESIAN_POINT('Ctrl Pts',(-1.96612019388021,-6.19083544020457,2.52786543911358));
#4707=CARTESIAN_POINT('Ctrl Pts',(0.15395604729093,-6.31600463217029,1.54865214250052));
#4708=CARTESIAN_POINT('Ctrl Pts',(2.13485799178262,-6.44117382413599,2.78542594384426));
#4709=CARTESIAN_POINT('Ctrl Pts',(2.18587562732515,-6.5663430161017,5.1201591511949));
#4710=CARTESIAN_POINT('Ctrl Pts',(0.260889664901207,-6.69151220806739,6.44228281845681));
#4711=CARTESIAN_POINT('Ctrl Pts',(-1.89993721734437,-6.81668140003311,5.55661406744957));
#4712=CARTESIAN_POINT('Ctrl Pts',(-2.34324516346386,-6.9418505919988,3.26378611624036));
#4713=CARTESIAN_POINT('Ctrl Pts',(-0.668289467271896,-7.06701978396452,
1.63648609671825));
#4714=CARTESIAN_POINT('Ctrl Pts',(1.61079136263751,-7.19218897593022,2.14577240271907));
#4715=CARTESIAN_POINT('Ctrl Pts',(2.4337373992044,-7.31735816789593,4.33125673430928));
#4716=CARTESIAN_POINT('Ctrl Pts',(1.05661598980774,-7.44252735986163,6.21728921115581));
#4717=CARTESIAN_POINT('Ctrl Pts',(-1.27567279860577,-7.56769655182734,6.09892062213179));
#4718=CARTESIAN_POINT('Ctrl Pts',(-2.45476961537788,-7.69286574379304,4.08315462677638));
#4719=CARTESIAN_POINT('Ctrl Pts',(-1.41478627070495,-7.81803493575874,1.99221795117969));
#4720=CARTESIAN_POINT('Ctrl Pts',(0.904146070703088,-7.94320412772446,1.71629048406247));
#4721=CARTESIAN_POINT('Ctrl Pts',(2.40574133662526,-8.06837331969015,3.50480734048648));
#4722=CARTESIAN_POINT('Ctrl Pts',(1.73257836136276,-8.19354251165587,5.74097175306628));
#4723=CARTESIAN_POINT('Ctrl Pts',(-0.506815483510418,-8.31871170362158,
6.40332049926583));
#4724=CARTESIAN_POINT('Ctrl Pts',(-2.28805039147531,-8.44388089558726,4.89309726179756));
#4725=CARTESIAN_POINT('Ctrl Pts',(-2.00092513550151,-8.56905008755299,2.57552745387019));
#4726=CARTESIAN_POINT('Ctrl Pts',(0.0950264247233843,-8.69421927951868,
1.5456589004492));
#4727=CARTESIAN_POINT('Ctrl Pts',(2.10504538174832,-8.81938847148441,2.73449040522223));
#4728=CARTESIAN_POINT('Ctrl Pts',(2.21218773500667,-8.94455766345008,5.06731273947418));
#4729=CARTESIAN_POINT('Ctrl Pts',(0.319430269249339,-9.06972685541582,6.43532423401319));
#4730=CARTESIAN_POINT('Ctrl Pts',(-1.86187600800791,-9.19489604738149,5.60178341993919));
#4731=CARTESIAN_POINT('Ctrl Pts',(-2.36047752837949,-9.32006523934722,3.32034763152003));
#4732=CARTESIAN_POINT('Ctrl Pts',(-0.724454936985037,-9.44523443131292,
1.65312293339378));
#4733=CARTESIAN_POINT('Ctrl Pts',(1.5649597994464,-9.57040362327863,2.10780359012046));
#4734=CARTESIAN_POINT('Ctrl Pts',(2.44258801619251,-9.69557281524433,4.27230443063452));
#4735=CARTESIAN_POINT('Ctrl Pts',(1.10631558000333,-9.82074200721004,6.19210775494466));
#4736=CARTESIAN_POINT('Ctrl Pts',(-0.442427520402023,-9.90418813518717,
6.14837341628186));
#4737=CARTESIAN_POINT('Ctrl Pts',(-1.03867724443666,-9.94591119917574,5.80532695706054));
#4738=CARTESIAN_POINT('',(-9.20832854411913E-12,-10.,5.87487765077591));
#4739=CARTESIAN_POINT('Ctrl Pts',(-1.03867724443665,-9.94591119917574,5.80532695706054));
#4740=CARTESIAN_POINT('Ctrl Pts',(-0.752016510410324,-9.97584792144724,
5.8760435727157));
#4741=CARTESIAN_POINT('Ctrl Pts',(-0.455423489028288,-9.99400875736658,
5.90600539201369));
#4742=CARTESIAN_POINT('Ctrl Pts',(-0.106122495911397,-9.99957912812781,
5.88568722198451));
#4743=CARTESIAN_POINT('Ctrl Pts',(-0.0529428611034429,-9.99999999999995,
5.88105637728768));
#4744=CARTESIAN_POINT('Ctrl Pts',(-9.19846779944471E-12,-10.,5.87487765077592));
#4745=CARTESIAN_POINT('Ctrl Pts',(-2.08102137956545,-3.72839347570432,4.00160430548713));
#4746=CARTESIAN_POINT('Ctrl Pts',(-2.07767042064413,-3.75646924808827,3.53783793793011));
#4747=CARTESIAN_POINT('Ctrl Pts',(-1.69653871530056,-3.82626808446079,2.3798481164143));
#4748=CARTESIAN_POINT('Ctrl Pts',(0.212808922765462,-3.93778998482188,1.55307479556772));
#4749=CARTESIAN_POINT('Ctrl Pts',(2.16342002068757,-4.06295917678758,2.83705801158092));
#4750=CARTESIAN_POINT('Ctrl Pts',(2.15833385610786,-4.18812836875329,5.17235591785851));
#4751=CARTESIAN_POINT('Ctrl Pts',(0.202137984885266,-4.31329756071899,6.44784344843111));
#4752=CARTESIAN_POINT('Ctrl Pts',(-1.70044145322145,-4.42463592970267,5.61409141278058));
#4753=CARTESIAN_POINT('Ctrl Pts',(-2.07768424936265,-4.49425123469778,4.45920862078274));
#4754=CARTESIAN_POINT('Ctrl Pts',(-2.08095329259018,-4.52214347570431,3.9984386698711));
#4755=CARTESIAN_POINT('',(-0.743285955608474,-3.08705984008422,2.0536267334149));
#4756=CARTESIAN_POINT('Ctrl Pts',(-0.744080752824406,-3.08705984008422,
2.05345712415264));
#4757=CARTESIAN_POINT('Ctrl Pts',(-0.740488711165839,-3.08792120599723,
2.05333507167114));
#4758=CARTESIAN_POINT('Ctrl Pts',(-0.736895181092013,-3.08877629753764,
2.05320887955466));
#4759=CARTESIAN_POINT('Ctrl Pts',(-0.733300231317813,-3.08962510092862,
2.05307864203419));
#4760=CARTESIAN_POINT('Ctrl Pts',(-0.689932837016757,-3.09986457398182,
2.05150753193308));
#4761=CARTESIAN_POINT('Ctrl Pts',(-0.646257746364343,-3.10920557620696,
2.04933393290754));
#4762=CARTESIAN_POINT('Ctrl Pts',(-0.602359608321789,-3.11763413793722,
2.04671889358975));
#4763=CARTESIAN_POINT('Ctrl Pts',(-0.555763419190556,-3.12658073280432,
2.04394312969473));
#4764=CARTESIAN_POINT('Ctrl Pts',(-0.508915578850337,-3.13449928024452,
2.04066986847047));
#4765=CARTESIAN_POINT('Ctrl Pts',(-0.461902556154359,-3.14137307323955,
2.03703216643544));
#4766=CARTESIAN_POINT('Ctrl Pts',(-0.415213962087177,-3.14819943139401,
2.03341956754451));
#4767=CARTESIAN_POINT('Ctrl Pts',(-0.36836193744854,-3.15399540468525,2.02944692864635));
#4768=CARTESIAN_POINT('Ctrl Pts',(-0.321423867972262,-3.15874462959027,
2.02519434627652));
#4769=CARTESIAN_POINT('Ctrl Pts',(-0.286169664814461,-3.16231167317583,
2.02200032052121));
#4770=CARTESIAN_POINT('Ctrl Pts',(-0.250858348486091,-3.16529263111609,
2.01865295582609));
#4771=CARTESIAN_POINT('Ctrl Pts',(-0.215522017407046,-3.16768585835441,
2.01518003849709));
#4772=CARTESIAN_POINT('Ctrl Pts',(-0.212768169593848,-3.1678723684814,2.01490938544683));
#4773=CARTESIAN_POINT('Ctrl Pts',(-0.210014137096777,-3.16805531226276,
2.01463796147241));
#4774=CARTESIAN_POINT('Ctrl Pts',(-0.207259934807795,-3.16823468919182,
2.0143657770421));
#4775=CARTESIAN_POINT('Ctrl Pts',(-0.206211159967586,-3.1683029942727,2.01426213172035));
#4776=CARTESIAN_POINT('Ctrl Pts',(-0.205162359967622,-3.16837078219027,
2.01415837607429));
#4777=CARTESIAN_POINT('Ctrl Pts',(-0.204113535338503,-3.16843805293593,
2.01405451063832));
#4778=CARTESIAN_POINT('Ctrl Pts',(-0.203364492179502,-3.16848609594563,
2.01398033265651));
#4779=CARTESIAN_POINT('Ctrl Pts',(-0.202615436476429,-3.16853387517349,
2.01390609867854));
#4780=CARTESIAN_POINT('Ctrl Pts',(-0.201866368790967,-3.16858139059356,
2.01383180893349));
#4781=CARTESIAN_POINT('Ctrl Pts',(-0.20107749912437,-3.16863143076259,2.01375357177609));
#4782=CARTESIAN_POINT('Ctrl Pts',(-0.200288615753611,-3.1686811783702,2.01367527272651));
#4783=CARTESIAN_POINT('Ctrl Pts',(-0.199499719155503,-3.16873063339757,
2.01359691203193));
#4784=CARTESIAN_POINT('Ctrl Pts',(-0.198466275713109,-3.1687954187875,2.0134942606247));
#4785=CARTESIAN_POINT('Ctrl Pts',(-0.197432809103605,-3.16885970212058,
2.01339150338446));
#4786=CARTESIAN_POINT('Ctrl Pts',(-0.196399320098679,-3.16892348337342,
2.01328864083025));
#4787=CARTESIAN_POINT('Ctrl Pts',(-0.194195893002154,-3.16905946676569,
2.0130693350243));
#4788=CARTESIAN_POINT('Ctrl Pts',(-0.191992362189717,-3.16919316804778,
2.0128495503283));
#4789=CARTESIAN_POINT('Ctrl Pts',(-0.189788735111083,-3.16932458700344,
2.01262929165709));
#4790=CARTESIAN_POINT('Ctrl Pts',(-0.163449535643426,-3.17089539275389,
2.00999661522488));
#4791=CARTESIAN_POINT('Ctrl Pts',(-0.137094492441406,-3.17214021673822,
2.00729626449052));
#4792=CARTESIAN_POINT('Ctrl Pts',(-0.110735403635698,-3.17305885162328,
2.0045348665828));
#4793=CARTESIAN_POINT('Ctrl Pts',(-0.0611342034189211,-3.1747874922905,
1.99933860765637));
#4794=CARTESIAN_POINT('Ctrl Pts',(-0.0115031664446069,-3.17536060272914,
1.99392529530028));
#4795=CARTESIAN_POINT('Ctrl Pts',(0.0380885751086074,-3.17478059458788,
1.98831262748941));
#4796=CARTESIAN_POINT('Ctrl Pts',(0.068473797576432,-3.17442521936101,1.98487370490412));
#4797=CARTESIAN_POINT('Ctrl Pts',(0.0988437857830223,-3.17363695160517,
1.98135920146109));
#4798=CARTESIAN_POINT('Ctrl Pts',(0.129177050946652,-3.17241634603961,1.97776511081621));
#4799=CARTESIAN_POINT('Ctrl Pts',(0.177132711698386,-3.17048661819469,1.97208299941978));
#4800=CARTESIAN_POINT('Ctrl Pts',(0.225007752839386,-3.16747609982344,1.96620257900844));
#4801=CARTESIAN_POINT('Ctrl Pts',(0.272746503000225,-3.16339367802151,1.96008886465933));
#4802=CARTESIAN_POINT('Ctrl Pts',(0.301506794594733,-3.16093421603226,1.95640564700462));
#4803=CARTESIAN_POINT('Ctrl Pts',(0.33021698649353,-3.15808570877122,1.95263714527101));
#4804=CARTESIAN_POINT('Ctrl Pts',(0.358858644516511,-3.154850099479,1.94876884322887));
#4805=CARTESIAN_POINT('',(-1.4342280976514,-2.83222319669635,5.50889010581162));
#4806=CARTESIAN_POINT('Ctrl Pts',(-1.43384996622048,-2.83222319669635,5.5085233764815));
#4807=CARTESIAN_POINT('Ctrl Pts',(-1.84605602928037,-2.86696094749631,5.11105628658181));
#4808=CARTESIAN_POINT('Ctrl Pts',(-2.39173536222852,-2.94342176228484,3.85440559438071));
#4809=CARTESIAN_POINT('Ctrl Pts',(-1.61930442700889,-3.0283673100808,2.46761117192407));
#4810=CARTESIAN_POINT('Ctrl Pts',(-0.875104616671139,-3.07857510707679,
2.10206894720297));
#4811=CARTESIAN_POINT('Ctrl Pts',(-0.744080752824413,-3.08705984008422,
2.05345712415264));
#4812=CARTESIAN_POINT('Ctrl Pts',(-0.956261260083554,-3.02757153548242,
5.41539422952173));
#4813=CARTESIAN_POINT('Ctrl Pts',(-0.961444093208555,-3.02593453286272,
5.41593183974929));
#4814=CARTESIAN_POINT('Ctrl Pts',(-0.966621070420144,-3.024284489358,5.41647742043598));
#4815=CARTESIAN_POINT('Ctrl Pts',(-0.971792158693833,-3.02262144884645,
5.41703151800044));
#4816=CARTESIAN_POINT('Ctrl Pts',(-1.0174188690322,-3.00794773536767,5.42192055638749));
#4817=CARTESIAN_POINT('Ctrl Pts',(-1.06255141344833,-2.99227383918765,5.42747006397258));
#4818=CARTESIAN_POINT('Ctrl Pts',(-1.10718592546171,-2.97562783484727,5.43404744979896));
#4819=CARTESIAN_POINT('Ctrl Pts',(-1.10968352311182,-2.97469638025196,5.43441549825839));
#4820=CARTESIAN_POINT('Ctrl Pts',(-1.11217954800662,-2.9737618818437,5.43478676752362));
#4821=CARTESIAN_POINT('Ctrl Pts',(-1.11467399473622,-2.97282434454138,5.43516132289822));
#4822=CARTESIAN_POINT('Ctrl Pts',(-1.1175987116063,-2.97172509029317,5.43560048578346));
#4823=CARTESIAN_POINT('Ctrl Pts',(-1.12052139661055,-2.9706216125276,5.43604417462756));
#4824=CARTESIAN_POINT('Ctrl Pts',(-1.12344172485309,-2.96951404055875,5.43649244242686));
#4825=CARTESIAN_POINT('Ctrl Pts',(-1.12635294187226,-2.9684099241383,5.43693931166144));
#4826=CARTESIAN_POINT('Ctrl Pts',(-1.12926178143307,-2.96730175305745,5.43739072504516));
#4827=CARTESIAN_POINT('Ctrl Pts',(-1.13216825208995,-2.96618953298489,5.4378467819927));
#4828=CARTESIAN_POINT('Ctrl Pts',(-1.13793398559342,-2.9639831578679,5.43875148846745));
#4829=CARTESIAN_POINT('Ctrl Pts',(-1.14369016433687,-2.96176093795605,5.43967443256));
#4830=CARTESIAN_POINT('Ctrl Pts',(-1.14943686690052,-2.95952291499213,5.44061638393452));
#4831=CARTESIAN_POINT('Ctrl Pts',(-1.16076097856313,-2.95511279951005,5.4424725375161));
#4832=CARTESIAN_POINT('Ctrl Pts',(-1.1720463295912,-2.95064208957614,5.44440217973746));
#4833=CARTESIAN_POINT('Ctrl Pts',(-1.18329370335603,-2.94611106528208,5.44641109072756));
#4834=CARTESIAN_POINT('Ctrl Pts',(-1.20518531715186,-2.93729199017893,5.4503211860498));
#4835=CARTESIAN_POINT('Ctrl Pts',(-1.2269159130121,-2.92825140964227,5.45452859356489));
#4836=CARTESIAN_POINT('Ctrl Pts',(-1.24849394308475,-2.91899080301969,5.4590740059117));
#4837=CARTESIAN_POINT('Ctrl Pts',(-1.28971005954095,-2.90130215212217,5.46775618143916));
#4838=CARTESIAN_POINT('Ctrl Pts',(-1.33021733875936,-2.88287759122325,5.47764056499366));
#4839=CARTESIAN_POINT('Ctrl Pts',(-1.37010905995776,-2.86372009884409,5.48897510332614));
#4840=CARTESIAN_POINT('Ctrl Pts',(-1.39158001718957,-2.8534089443693,5.49507570215887));
#4841=CARTESIAN_POINT('Ctrl Pts',(-1.41282057327773,-2.84291011970775,5.50158134036084));
#4842=CARTESIAN_POINT('Ctrl Pts',(-1.43384996622048,-2.83222319669635,5.5085233764815));
#4843=CARTESIAN_POINT('Ctrl Pts',(-1.70669131433874,-3.94469775405621,4.00131572614649));
#4844=CARTESIAN_POINT('Ctrl Pts',(-1.70802717850004,-3.93105046245159,4.18619679576864));
#4845=CARTESIAN_POINT('Ctrl Pts',(-1.68030485880449,-3.91740317084698,4.37068611919963));
#4846=CARTESIAN_POINT('Ctrl Pts',(-1.62180323031067,-3.90375587924236,4.5448314489578));
#4847=CARTESIAN_POINT('Ctrl Pts',(-1.44294963358253,-3.86203281525379,5.07723574918932));
#4848=CARTESIAN_POINT('Ctrl Pts',(-0.976410314959608,-3.82030975126523,
5.51295758957277));
#4849=CARTESIAN_POINT('Ctrl Pts',(-0.433038956357482,-3.77858668727666,
5.65513838088159));
#4850=CARTESIAN_POINT('Ctrl Pts',(0.110332402244645,-3.73686362328809,5.79731917219042));
#4851=CARTESIAN_POINT('Ctrl Pts',(0.730535800825971,-3.69514055929952,5.64595891442463));
#4852=CARTESIAN_POINT('Ctrl Pts',(1.14720657717041,-3.65341749531095,5.26930837338751));
#4853=CARTESIAN_POINT('Ctrl Pts',(1.56387735351486,-3.61169443132238,4.8926578323504));
#4854=CARTESIAN_POINT('Ctrl Pts',(1.77701550762242,-3.56997136733381,4.29071700804197));
#4855=CARTESIAN_POINT('Ctrl Pts',(1.6903544270808,-3.52824830334525,3.73587302117301));
#4856=CARTESIAN_POINT('Ctrl Pts',(1.60369334653919,-3.48652523935668,3.18102903430405));
#4857=CARTESIAN_POINT('Ctrl Pts',(1.21723303134839,-3.44480217536811,2.67328188487455));
#4858=CARTESIAN_POINT('Ctrl Pts',(0.705515779513778,-3.40307911137954,2.44152326552316));
#4859=CARTESIAN_POINT('Ctrl Pts',(0.193798527679163,-3.36135604739097,2.20976464617176));
#4860=CARTESIAN_POINT('Ctrl Pts',(-0.443175660799272,-3.3196329834024,2.25399455689846));
#4861=CARTESIAN_POINT('Ctrl Pts',(-0.917239138548706,-3.27790991941383,
2.55542569585899));
#4862=CARTESIAN_POINT('Ctrl Pts',(-1.39130261629814,-3.23618685542526,2.85685683481952));
#4863=CARTESIAN_POINT('Ctrl Pts',(-1.70245538331857,-3.1944637914367,3.41548920201387));
#4864=CARTESIAN_POINT('Ctrl Pts',(-1.71056146774738,-3.15274072744813,3.97616686777391));
#4865=CARTESIAN_POINT('Ctrl Pts',(-1.71067758253142,-3.15214306965082,3.98419823811644));
#4866=CARTESIAN_POINT('Ctrl Pts',(-1.71073151565341,-3.15154541185351,3.99223002813051));
#4867=CARTESIAN_POINT('Ctrl Pts',(-1.71072365074243,-3.15094775405621,4.00026150612707));
#4868=CARTESIAN_POINT('Ctrl Pts',(-9.20624687594795E-12,-10.,5.87487765077591));
#4869=CARTESIAN_POINT('Ctrl Pts',(0.227516509752733,-10.0000000000002,5.84832520797861));
#4870=CARTESIAN_POINT('Ctrl Pts',(0.450670064318779,-9.99209544478969,5.79326983673035));
#4871=CARTESIAN_POINT('Ctrl Pts',(0.682238470083479,-9.97671997781774,5.70003236775191));
#4872=CARTESIAN_POINT('Ctrl Pts',(0.701856774036768,-9.97535860929258,5.69183017684533));
#4873=CARTESIAN_POINT('Ctrl Pts',(0.72765927314955,-9.97349246186285,5.6806338087009));
#4874=CARTESIAN_POINT('Ctrl Pts',(0.733947673243206,-9.97303165630037,5.67787268049642));
#4875=CARTESIAN_POINT('Ctrl Pts',(0.744075400560501,-9.97227991565437,5.67337310738593));
#4876=CARTESIAN_POINT('Ctrl Pts',(0.74792248456629,-9.97199211815172,5.6716515982755));
#4877=CARTESIAN_POINT('Ctrl Pts',(0.755249988636589,-9.97143969896764,5.66834907577671));
#4878=CARTESIAN_POINT('Ctrl Pts',(0.758731251911871,-9.97117540963178,5.66676987693222));
#4879=CARTESIAN_POINT('Ctrl Pts',(0.766671439461259,-9.97056843603555,5.66314464258514));
#4880=CARTESIAN_POINT('Ctrl Pts',(0.771127799540092,-9.97022476359666,5.66109315429576));
#4881=CARTESIAN_POINT('Ctrl Pts',(0.784739121338559,-9.96916591066016,5.65477536614961));
#4882=CARTESIAN_POINT('Ctrl Pts',(0.793872595887373,-9.96844269327792,5.65046409859347));
#4883=CARTESIAN_POINT('Ctrl Pts',(0.863597707431095,-9.96282578995759,5.61699572221226));
#4884=CARTESIAN_POINT('Ctrl Pts',(0.922933834270349,-9.9574876174112,5.5852849386956));
#4885=CARTESIAN_POINT('Ctrl Pts',(1.13034214874589,-9.93704906678231,5.46199658544915));
#4886=CARTESIAN_POINT('Ctrl Pts',(1.26955414544273,-9.91984673531224,5.3553339866187));
#4887=CARTESIAN_POINT('Ctrl Pts',(1.52008909091821,-9.88464618382204,5.10096443610586));
#4888=CARTESIAN_POINT('Ctrl Pts',(1.62935378477786,-9.86669100181839,4.95118714080043));
#4889=CARTESIAN_POINT('Ctrl Pts',(1.71128169178149,-9.85248828923059,4.77871162418169));
#4890=CARTESIAN_POINT('Ctrl Pts',(1.71442601227755,-9.85194160061471,4.77195966450957));
#4891=CARTESIAN_POINT('Ctrl Pts',(1.72206693526151,-9.85060946279732,4.75521595531531));
#4892=CARTESIAN_POINT('Ctrl Pts',(1.72650281650308,-9.84983285496345,4.74519640723082));
#4893=CARTESIAN_POINT('Ctrl Pts',(1.73247452814043,-9.84878341821635,4.73127792494614));
#4894=CARTESIAN_POINT('Ctrl Pts',(1.73410858075073,-9.84849583065213,4.7274227650064));
#4895=CARTESIAN_POINT('Ctrl Pts',(1.73669078128507,-9.8480407234421,4.72125507478365));
#4896=CARTESIAN_POINT('Ctrl Pts',(1.73764984472065,-9.84787154433051,4.71894727244195));
#4897=CARTESIAN_POINT('Ctrl Pts',(1.73960857431295,-9.84752573244788,4.71419860947338));
#4898=CARTESIAN_POINT('Ctrl Pts',(1.74060754393527,-9.84734920641987,4.71175746781215));
#4899=CARTESIAN_POINT('Ctrl Pts',(1.74290389689081,-9.84694306677539,4.70610088733419));
#4900=CARTESIAN_POINT('Ctrl Pts',(1.74419631599766,-9.84671421859433,4.70288340384268));
#4901=CARTESIAN_POINT('Ctrl Pts',(1.74822693698628,-9.84599971446248,4.69274107834195));
#4902=CARTESIAN_POINT('Ctrl Pts',(1.75092227359732,-9.84552072681062,4.68579893499198));
#4903=CARTESIAN_POINT('Ctrl Pts',(1.77207172373112,-9.84175366884037,4.63000792582291));
#4904=CARTESIAN_POINT('Ctrl Pts',(1.78782770791442,-9.83889429322021,4.58018619817644));
#4905=CARTESIAN_POINT('Ctrl Pts',(1.80818348956623,-9.83516811085519,4.49946800463153));
#4906=CARTESIAN_POINT('Ctrl Pts',(1.81470115840713,-9.83396614453253,4.46917710869704));
#4907=CARTESIAN_POINT('Ctrl Pts',(1.83784524898962,-9.82968207047778,4.33897216459822));
#4908=CARTESIAN_POINT('Ctrl Pts',(1.84369848080599,-9.82857162105586,4.23800109963483));
#4909=CARTESIAN_POINT('Ctrl Pts',(1.82940301667525,-9.83124340715034,4.01690049727674));
#4910=CARTESIAN_POINT('Ctrl Pts',(1.80434202109997,-9.83595864219381,3.89943071958232));
#4911=CARTESIAN_POINT('Ctrl Pts',(1.73250438733379,-9.84882794238785,3.70159150815665));
#4912=CARTESIAN_POINT('Ctrl Pts',(1.69295311865156,-9.85576905398702,3.62017291146359));
#4913=CARTESIAN_POINT('Ctrl Pts',(1.64591795858774,-9.86361769705205,3.54312967255648));
#4914=CARTESIAN_POINT('Origin',(-4.89858719658941E-16,-0.95026847570432,
4.));
#4915=CARTESIAN_POINT('',(-1.21098782746341,-2.93498440911284,2.30543093332392));
#4916=CARTESIAN_POINT('Ctrl Pts',(-1.21098782746341,-2.93498440911284,2.30543093332392));
#4917=CARTESIAN_POINT('Ctrl Pts',(-1.08837523749209,-2.98557491769885,2.21780844754334));
#4918=CARTESIAN_POINT('Ctrl Pts',(-0.952830477428205,-3.03229529924496,
2.14137658325635));
#4919=CARTESIAN_POINT('Ctrl Pts',(-0.786986692963,-3.07600433025114,2.07145476610607));
#4920=CARTESIAN_POINT('Ctrl Pts',(-0.764621505376304,-3.08164182084228,
2.06247795853787));
#4921=CARTESIAN_POINT('Ctrl Pts',(-0.742082572049232,-3.08705984008422,
2.05388353476448));
#4922=CARTESIAN_POINT('',(-1.62222476601377,-2.72928778411723,5.30630878758874));
#4923=CARTESIAN_POINT('Ctrl Pts',(-1.62222476601377,-2.72928778411723,5.30630878758874));
#4924=CARTESIAN_POINT('Ctrl Pts',(-1.97672611654394,-2.76357055494983,4.86607530230623));
#4925=CARTESIAN_POINT('Ctrl Pts',(-2.30528844013121,-2.83213609661503,3.68408585532804));
#4926=CARTESIAN_POINT('Ctrl Pts',(-1.67085384720608,-2.90070163828024,2.63406442671394));
#4927=CARTESIAN_POINT('Ctrl Pts',(-1.21098782746341,-2.93498440911284,2.30543093332392));
#4928=CARTESIAN_POINT('Ctrl Pts',(-1.43496925545291,-2.83222319669635,5.50960891488654));
#4929=CARTESIAN_POINT('Ctrl Pts',(-1.44778886427125,-2.82572803609506,5.49742314654625));
#4930=CARTESIAN_POINT('Ctrl Pts',(-1.46038769835079,-2.8192353349735,5.4851363093599));
#4931=CARTESIAN_POINT('Ctrl Pts',(-1.52461441389399,-2.7856061606994,5.4209095938167));
#4932=CARTESIAN_POINT('Ctrl Pts',(-1.57472151881119,-2.75752260219928,5.36530015686549));
#4933=CARTESIAN_POINT('Ctrl Pts',(-1.62222476601377,-2.72928778411723,5.30630878758874));
#4934=CARTESIAN_POINT('Origin',(-4.89858719658941E-16,-0.95026847570432,
4.));
#4935=CARTESIAN_POINT('Ctrl Pts',(-2.08072151100311,-3.60868124593148,4.00160401726384));
#4936=CARTESIAN_POINT('Ctrl Pts',(-2.07769028310646,-3.636093928334,3.54861875861109));
#4937=CARTESIAN_POINT('Ctrl Pts',(-1.71062415542608,-3.70523192378194,2.40148304614269));
#4938=CARTESIAN_POINT('Ctrl Pts',(0.174429971422303,-3.81609523227529,1.55008520937));
#4939=CARTESIAN_POINT('Ctrl Pts',(2.14498396877596,-3.94127117141154,2.80329636433836));
#4940=CARTESIAN_POINT('Ctrl Pts',(2.17639445761209,-4.06644711054779,5.13861951541733));
#4941=CARTESIAN_POINT('Ctrl Pts',(0.240132848194196,-4.19162304968404,6.4444391692829));
#4942=CARTESIAN_POINT('Ctrl Pts',(-1.68645405441166,-4.30361776147861,5.63555470018756));
#4943=CARTESIAN_POINT('Ctrl Pts',(-2.07765350964881,-4.37388716022775,4.46974375868582));
#4944=CARTESIAN_POINT('Ctrl Pts',(-2.08121358084934,-4.40243124593149,3.99835359914376));
#4945=CARTESIAN_POINT('Ctrl Pts',(-1.62222476601377,-2.72928778411723,5.30630878758874));
#4946=CARTESIAN_POINT('Ctrl Pts',(-1.97672611654394,-2.76357055494983,4.86607530230623));
#4947=CARTESIAN_POINT('Ctrl Pts',(-2.30528844013121,-2.83213609661503,3.68408585532804));
#4948=CARTESIAN_POINT('Ctrl Pts',(-1.67085384720608,-2.90070163828024,2.63406442671394));
#4949=CARTESIAN_POINT('Ctrl Pts',(-1.21098782746341,-2.93498440911284,2.30543093332392));
#4950=CARTESIAN_POINT('Ctrl Pts',(-1.54368220634203,-2.67106660925588,5.24306179614315));
#4951=CARTESIAN_POINT('Ctrl Pts',(-1.88101981725913,-2.70534938008849,4.82414290641589));
#4952=CARTESIAN_POINT('Ctrl Pts',(-2.19367427995876,-2.77391492175369,3.69938133477015));
#4953=CARTESIAN_POINT('Ctrl Pts',(-1.58995683419881,-2.84248046341889,2.70019834263004));
#4954=CARTESIAN_POINT('Ctrl Pts',(-1.15235594999922,-2.87676323425149,2.38747615592543));
#4955=CARTESIAN_POINT('Ctrl Pts',(-1.4651396466703,-2.61284543439454,5.17981480469755));
#4956=CARTESIAN_POINT('Ctrl Pts',(-1.78531351797433,-2.64712820522714,4.78221051052555));
#4957=CARTESIAN_POINT('Ctrl Pts',(-2.08206011978631,-2.71569374689234,3.71467681421226));
#4958=CARTESIAN_POINT('Ctrl Pts',(-1.50905982119154,-2.78425928855754,2.76633225854614));
#4959=CARTESIAN_POINT('Ctrl Pts',(-1.09372407253503,-2.81854205939014,2.46952137852694));
#4960=CARTESIAN_POINT('Ctrl Pts',(-1.38659708699856,-2.55462425953319,5.11656781325196));
#4961=CARTESIAN_POINT('Ctrl Pts',(-1.68960721868953,-2.58890703036579,4.74027811463521));
#4962=CARTESIAN_POINT('Ctrl Pts',(-1.97044595961387,-2.65747257203099,3.72997229365437));
#4963=CARTESIAN_POINT('Ctrl Pts',(-1.42816280818427,-2.72603811369619,2.83246617446224));
#4964=CARTESIAN_POINT('Ctrl Pts',(-1.03509219507084,-2.76032088452879,2.55156660112845));
#4965=CARTESIAN_POINT('',(-1.70814999999992,-2.67634986081792,3.49840380706839));
#4966=CARTESIAN_POINT('Ctrl Pts',(-1.70814999999995,-2.67634986081793,3.49840380706838));
#4967=CARTESIAN_POINT('Ctrl Pts',(-1.69314153653736,-2.68592884271374,3.42216291569829));
#4968=CARTESIAN_POINT('Ctrl Pts',(-1.67568687039573,-2.69689517966244,3.34659699974013));
#4969=CARTESIAN_POINT('Ctrl Pts',(-1.55775137759053,-2.76897655417999,2.9042227791835));
#4970=CARTESIAN_POINT('Ctrl Pts',(-1.40438149646789,-2.85518930752874,2.57309683186806));
#4971=CARTESIAN_POINT('Ctrl Pts',(-1.21098782746341,-2.93498440911284,2.30543093332392));
#4972=CARTESIAN_POINT('',(-1.70815,-2.6763498608179,4.94813144855522));
#4973=CARTESIAN_POINT('Ctrl Pts',(-1.70730710168953,-2.6763498608179,4.94761624936697));
#4974=CARTESIAN_POINT('Ctrl Pts',(-1.73469803867213,-2.6763498608179,4.88117332718461));
#4975=CARTESIAN_POINT('Ctrl Pts',(-1.75835455405052,-2.6763498608179,4.81335862725036));
#4976=CARTESIAN_POINT('Ctrl Pts',(-1.7782305407368,-2.6763498608179,4.74450872436013));
#4977=CARTESIAN_POINT('Ctrl Pts',(-1.79803814934246,-2.6763498608179,4.67589568136945));
#4978=CARTESIAN_POINT('Ctrl Pts',(-1.81409118521931,-2.6763498608179,4.60625348332845));
#4979=CARTESIAN_POINT('Ctrl Pts',(-1.82629269277622,-2.6763498608179,4.53591470990297));
#4980=CARTESIAN_POINT('Ctrl Pts',(-1.83754957992838,-2.6763498608179,4.47102144723202));
#4981=CARTESIAN_POINT('Ctrl Pts',(-1.84552768173382,-2.6763498608179,4.40553466993394));
#4982=CARTESIAN_POINT('Ctrl Pts',(-1.85011198465362,-2.6763498608179,4.33972665266675));
#4983=CARTESIAN_POINT('Ctrl Pts',(-1.85128945926152,-2.6763498608179,4.32282391506766));
#4984=CARTESIAN_POINT('Ctrl Pts',(-1.85224284768485,-2.6763498608179,4.30590007053833));
#4985=CARTESIAN_POINT('Ctrl Pts',(-1.85296980233823,-2.6763498608179,4.28895993348396));
#4986=CARTESIAN_POINT('Ctrl Pts',(-1.85346345569,-2.6763498608179,4.27745638866514));
#4987=CARTESIAN_POINT('Ctrl Pts',(-1.85385247955315,-2.6763498608179,4.26594882321072));
#4988=CARTESIAN_POINT('Ctrl Pts',(-1.85413622516039,-2.6763498608179,4.25444850487629));
#4989=CARTESIAN_POINT('Ctrl Pts',(-1.85583426519546,-2.6763498608179,4.18562629071711));
#4990=CARTESIAN_POINT('Ctrl Pts',(-1.85377081534023,-2.6763498608179,4.1169593032727));
#4991=CARTESIAN_POINT('Ctrl Pts',(-1.84787266679232,-2.6763498608179,4.0487506681423));
#4992=CARTESIAN_POINT('Ctrl Pts',(-1.84211613218268,-2.6763498608179,3.98217971530596));
#4993=CARTESIAN_POINT('Ctrl Pts',(-1.83270660867822,-2.6763498608179,3.91604456368568));
#4994=CARTESIAN_POINT('Ctrl Pts',(-1.81952971325791,-2.6763498608179,3.85064341911735));
#4995=CARTESIAN_POINT('Ctrl Pts',(-1.81298191963055,-2.6763498608179,3.81814462604299));
#4996=CARTESIAN_POINT('Ctrl Pts',(-1.80550316416938,-2.6763498608179,3.78582740859169));
#4997=CARTESIAN_POINT('Ctrl Pts',(-1.79707524643406,-2.6763498608179,3.75373082192003));
#4998=CARTESIAN_POINT('Ctrl Pts',(-1.78568606632423,-2.6763498608179,3.71035666735486));
#4999=CARTESIAN_POINT('Ctrl Pts',(-1.77256361995477,-2.6763498608179,3.66738511824564));
#5000=CARTESIAN_POINT('Ctrl Pts',(-1.75775342479555,-2.6763498608179,3.62490532382077));
#5001=CARTESIAN_POINT('Ctrl Pts',(-1.75367269089004,-2.6763498608179,3.61320063421031));
#5002=CARTESIAN_POINT('Ctrl Pts',(-1.74946378990645,-2.6763498608179,3.6015333224096));
#5003=CARTESIAN_POINT('Ctrl Pts',(-1.74512760166177,-2.6763498608179,3.5899053577962));
#5004=CARTESIAN_POINT('Ctrl Pts',(-1.74092109916149,-2.6763498608179,3.5786251597376));
#5005=CARTESIAN_POINT('Ctrl Pts',(-1.73659733188803,-2.6763498608179,3.56738888667123));
#5006=CARTESIAN_POINT('Ctrl Pts',(-1.73216008940799,-2.6763498608179,3.55620435838851));
#5007=CARTESIAN_POINT('Ctrl Pts',(-1.72457081742892,-2.6763498608179,3.53707481397502));
#5008=CARTESIAN_POINT('Ctrl Pts',(-1.71664737168216,-2.6763498608179,3.51809059139641));
#5009=CARTESIAN_POINT('Ctrl Pts',(-1.70839641094983,-2.6763498608179,3.49925887256282));
#5010=CARTESIAN_POINT('Ctrl Pts',(-1.62222476601377,-2.72928778411723,5.30630878758874));
#5011=CARTESIAN_POINT('Ctrl Pts',(-1.6247135747243,-2.72780849448292,5.29775553640164));
#5012=CARTESIAN_POINT('Ctrl Pts',(-1.62717302674934,-2.72634204717572,5.28919143867296));
#5013=CARTESIAN_POINT('Ctrl Pts',(-1.66053868540883,-2.70638791886252,5.17145884522895));
#5014=CARTESIAN_POINT('Ctrl Pts',(-1.68676296821036,-2.68999989173736,5.06043385341075));
#5015=CARTESIAN_POINT('Ctrl Pts',(-1.70815,-2.6763498608179,4.94813144855522));
#5016=CARTESIAN_POINT('Origin',(-8.62677278345916E-16,-2.6763498608179,
4.));
#5017=CARTESIAN_POINT('',(-1.70815,-2.6763498608179,11.));
#5018=CARTESIAN_POINT('Origin',(-8.62677278345916E-16,-2.6763498608179,
4.));
#5019=CARTESIAN_POINT('',(1.70814999999957,-2.67634986081801,3.49840380706745));
#5020=CARTESIAN_POINT('',(1.70814999997335,-2.67634986082497,4.94813144862991));
#5021=CARTESIAN_POINT('',(1.70815,-2.6763498608179,11.));
#5022=CARTESIAN_POINT('Ctrl Pts',(1.7081499999995,-2.6763498608179,3.49840380706745));
#5023=CARTESIAN_POINT('Ctrl Pts',(1.73462389545101,-2.6763498608179,3.55966424955229));
#5024=CARTESIAN_POINT('Ctrl Pts',(1.75738510975602,-2.6763498608179,3.62233798464583));
#5025=CARTESIAN_POINT('Ctrl Pts',(1.77652747262618,-2.6763498608179,3.68610411455723));
#5026=CARTESIAN_POINT('Ctrl Pts',(1.7919457418805,-2.6763498608179,3.73746472071376));
#5027=CARTESIAN_POINT('Ctrl Pts',(1.80501552845217,-2.6763498608179,3.78953497447534));
#5028=CARTESIAN_POINT('Ctrl Pts',(1.815765655055,-2.6763498608179,3.8421611659164));
#5029=CARTESIAN_POINT('Ctrl Pts',(1.81868324254863,-2.6763498608179,3.85644392961382));
#5030=CARTESIAN_POINT('Ctrl Pts',(1.82142986283954,-2.6763498608179,3.87076769851485));
#5031=CARTESIAN_POINT('Ctrl Pts',(1.82400585423732,-2.6763498608179,3.88512951269767));
#5032=CARTESIAN_POINT('Ctrl Pts',(1.82597821489685,-2.6763498608179,3.89612593035572));
#5033=CARTESIAN_POINT('Ctrl Pts',(1.82785030534481,-2.6763498608179,3.907143685316));
#5034=CARTESIAN_POINT('Ctrl Pts',(1.82962085126673,-2.6763498608179,3.91817131621335));
#5035=CARTESIAN_POINT('Ctrl Pts',(1.84049812980665,-2.6763498608179,3.9859191285807));
#5036=CARTESIAN_POINT('Ctrl Pts',(1.84756497102319,-2.6763498608179,4.05413819169294));
#5037=CARTESIAN_POINT('Ctrl Pts',(1.85092341790472,-2.6763498608179,4.12249808904894));
#5038=CARTESIAN_POINT('Ctrl Pts',(1.85437238950812,-2.6763498608179,4.19270058237669));
#5039=CARTESIAN_POINT('Ctrl Pts',(1.85391070384331,-2.6763498608179,4.26305244118557));
#5040=CARTESIAN_POINT('Ctrl Pts',(1.84960063720828,-2.6763498608179,4.33322244690775));
#5041=CARTESIAN_POINT('Ctrl Pts',(1.846368087232,-2.6763498608179,4.38584995119939));
#5042=CARTESIAN_POINT('Ctrl Pts',(1.84096983408581,-2.6763498608179,4.43837581747498));
#5043=CARTESIAN_POINT('Ctrl Pts',(1.8334133924993,-2.6763498608179,4.49066517838045));
#5044=CARTESIAN_POINT('Ctrl Pts',(1.8293911943274,-2.6763498608179,4.5184981430684));
#5045=CARTESIAN_POINT('Ctrl Pts',(1.82475724111054,-2.6763498608179,4.54626414136078));
#5046=CARTESIAN_POINT('Ctrl Pts',(1.81951075177906,-2.6763498608179,4.57394290774392));
#5047=CARTESIAN_POINT('Ctrl Pts',(1.81709727132125,-2.6763498608179,4.58667564339657));
#5048=CARTESIAN_POINT('Ctrl Pts',(1.81455414926675,-2.6763498608179,4.59938991846169));
#5049=CARTESIAN_POINT('Ctrl Pts',(1.81188121329033,-2.6763498608179,4.61208375117586));
#5050=CARTESIAN_POINT('Ctrl Pts',(1.80957524002389,-2.6763498608179,4.62303486977572));
#5051=CARTESIAN_POINT('Ctrl Pts',(1.80717470170316,-2.6763498608179,4.63396103003813));
#5052=CARTESIAN_POINT('Ctrl Pts',(1.80467991515771,-2.6763498608179,4.64486125143489));
#5053=CARTESIAN_POINT('Ctrl Pts',(1.78843839968476,-2.6763498608179,4.71582368098502));
#5054=CARTESIAN_POINT('Ctrl Pts',(1.76820679851303,-2.6763498608179,4.78568397317201));
#5055=CARTESIAN_POINT('Ctrl Pts',(1.74406025886564,-2.6763498608179,4.85409749385137));
#5056=CARTESIAN_POINT('Ctrl Pts',(1.73288703834051,-2.6763498608179,4.88575417694605));
#5057=CARTESIAN_POINT('Ctrl Pts',(1.72087486078512,-2.6763498608179,4.91710129594136));
#5058=CARTESIAN_POINT('Ctrl Pts',(1.70802745933987,-2.6763498608179,4.9481053377117));
#5059=CARTESIAN_POINT('Ctrl Pts',(1.63894804083054,-2.71799061458567,3.51872487914112));
#5060=CARTESIAN_POINT('Ctrl Pts',(1.77405742008685,-2.75345528734525,3.978830217715));
#5061=CARTESIAN_POINT('Ctrl Pts',(1.70366531012665,-2.78891996010482,4.49522964422406));
#5062=CARTESIAN_POINT('Ctrl Pts',(1.45033666630871,-2.82438463286439,4.9023857140162));
#5063=CARTESIAN_POINT('Ctrl Pts',(1.71746454865329,-2.67074503645153,3.49566860105883));
#5064=CARTESIAN_POINT('Ctrl Pts',(1.85904656546066,-2.7062097092111,3.97781604439469));
#5065=CARTESIAN_POINT('Ctrl Pts',(1.78528220542622,-2.74167438197067,4.51895443675322));
#5066=CARTESIAN_POINT('Ctrl Pts',(1.51981743529523,-2.77713905473025,4.94561598929557));
#5067=CARTESIAN_POINT('Ctrl Pts',(1.79598105647605,-2.62349945831739,3.47261232297654));
#5068=CARTESIAN_POINT('Ctrl Pts',(1.94403571083447,-2.65896413107696,3.97680187107438));
#5069=CARTESIAN_POINT('Ctrl Pts',(1.8668991007258,-2.69442880383653,4.54267922928238));
#5070=CARTESIAN_POINT('Ctrl Pts',(1.58929820428175,-2.7298934765961,4.98884626457494));
#5071=CARTESIAN_POINT('Ctrl Pts',(1.8744975642988,-2.57625388018324,3.44955604489425));
#5072=CARTESIAN_POINT('Ctrl Pts',(2.02902485620827,-2.61171855294282,3.97578769775407));
#5073=CARTESIAN_POINT('Ctrl Pts',(1.94851599602538,-2.64718322570239,4.56640402181154));
#5074=CARTESIAN_POINT('Ctrl Pts',(1.65877897326827,-2.68264789846196,5.03207653985432));
#5075=CARTESIAN_POINT('Ctrl Pts',(1.64043280477653,-2.71838254388626,3.52381190608361));
#5076=CARTESIAN_POINT('Ctrl Pts',(1.64211485033308,-2.71736749923292,3.52330713517982));
#5077=CARTESIAN_POINT('Ctrl Pts',(1.64379406300916,-2.7163520353838,3.52279401913411));
#5078=CARTESIAN_POINT('Ctrl Pts',(1.645470498983,-2.71533613249084,3.52227257906595));
#5079=CARTESIAN_POINT('Ctrl Pts',(1.66696589181144,-2.70231014635095,3.51558663383663));
#5080=CARTESIAN_POINT('Ctrl Pts',(1.6878365401263,-2.68931473157473,3.50758302869151));
#5081=CARTESIAN_POINT('Ctrl Pts',(1.70814999999951,-2.6763498608179,3.49840380706748));
#5082=CARTESIAN_POINT('Ctrl Pts',(1.70815000000181,-2.67634986081674,4.94813144855604));
#5083=CARTESIAN_POINT('Ctrl Pts',(1.69038530136465,-2.6876879786097,4.9400253437957));
#5084=CARTESIAN_POINT('Ctrl Pts',(1.67217831488791,-2.69905969697968,4.93284028902886));
#5085=CARTESIAN_POINT('Ctrl Pts',(1.5879147623546,-2.75046441039335,4.90508785624388));
#5086=CARTESIAN_POINT('Ctrl Pts',(1.52126510260386,-2.78796250018253,4.89776625961547));
#5087=CARTESIAN_POINT('Ctrl Pts',(1.45033666630871,-2.82438463286439,4.9023857140162));
#5088=CARTESIAN_POINT('Ctrl Pts',(0.828346102795091,-3.06503959745778,2.08900586762173));
#5089=CARTESIAN_POINT('Ctrl Pts',(1.45952880346031,-3.1067649105032,2.36260049640117));
#5090=CARTESIAN_POINT('Ctrl Pts',(2.41916337068728,-3.19021553659403,3.57912723832178));
#5091=CARTESIAN_POINT('Ctrl Pts',(1.67639621530561,-3.31539147573029,5.79730372371624));
#5092=CARTESIAN_POINT('Ctrl Pts',(-0.584270409742862,-3.44056741486654,
6.38502611114442));
#5093=CARTESIAN_POINT('Ctrl Pts',(-2.31553277453296,-3.56574335400278,4.81926221278822));
#5094=CARTESIAN_POINT('Ctrl Pts',(-1.95398766158621,-3.69091929313904,2.51139987014422));
#5095=CARTESIAN_POINT('Ctrl Pts',(0.174429971422303,-3.81609523227529,1.55008520937));
#5096=CARTESIAN_POINT('Ctrl Pts',(2.14498396877596,-3.94127117141154,2.80329636433836));
#5097=CARTESIAN_POINT('Ctrl Pts',(2.17639445761209,-4.06644711054779,5.13861951541733));
#5098=CARTESIAN_POINT('Ctrl Pts',(0.240132848194196,-4.19162304968404,6.4444391692829));
#5099=CARTESIAN_POINT('Ctrl Pts',(-1.91320386741483,-4.31679898882029,5.54035297227149));
#5100=CARTESIAN_POINT('Ctrl Pts',(-2.33686998612639,-4.44197492795654,3.24364149082972));
#5101=CARTESIAN_POINT('Ctrl Pts',(-0.647820395939566,-4.56715086709279,
1.63075072705618));
#5102=CARTESIAN_POINT('Ctrl Pts',(1.62690512856301,-4.69232680622905,2.15983502546236));
#5103=CARTESIAN_POINT('Ctrl Pts',(2.43078558272888,-4.81750274536529,4.35257333014601));
#5104=CARTESIAN_POINT('Ctrl Pts',(1.03704888064888,-4.94267868450155,6.22655627434832));
#5105=CARTESIAN_POINT('Ctrl Pts',(-1.29425893778705,-5.0678546236378,6.08756296868672));
#5106=CARTESIAN_POINT('Ctrl Pts',(-2.45545783361558,-5.19303056277405,4.06125235726108));
#5107=CARTESIAN_POINT('Ctrl Pts',(-1.39673473770904,-5.3182065019103,1.97956521884296));
#5108=CARTESIAN_POINT('Ctrl Pts',(0.924743425973671,-5.44338244104656,1.72450564946082));
#5109=CARTESIAN_POINT('Ctrl Pts',(2.41018277069009,-5.56855838018279,3.52666725880848));
#5110=CARTESIAN_POINT('Ctrl Pts',(1.71663235513481,-5.69373431931906,5.75675786199848));
#5111=CARTESIAN_POINT('Ctrl Pts',(-0.528885121390929,-5.8189102584553,6.39860488637779));
#5112=CARTESIAN_POINT('Ctrl Pts',(-2.29624996285103,-5.94408619759156,4.87192945087716));
#5113=CARTESIAN_POINT('Ctrl Pts',(-1.98762904004705,-6.0692621367278,2.55696304482212));
#5114=CARTESIAN_POINT('Ctrl Pts',(0.117960701698724,-6.19443807586406,1.54661251861745));
#5115=CARTESIAN_POINT('Ctrl Pts',(2.11690493902203,-6.31961401500031,2.7543121025537));
#5116=CARTESIAN_POINT('Ctrl Pts',(2.20200504597609,-6.44478995413657,5.0882089118139));
#5117=CARTESIAN_POINT('Ctrl Pts',(0.296324011448499,-6.56996589327281,6.43828155456278));
#5118=CARTESIAN_POINT('Ctrl Pts',(-1.87725661548827,-6.69514183240907,5.58396100289355));
#5119=CARTESIAN_POINT('Ctrl Pts',(-2.35365354353824,-6.82031777154531,3.29761844041486));
#5120=CARTESIAN_POINT('Ctrl Pts',(-0.702167478677969,-6.94549371068157,
1.6462825805575));
#5121=CARTESIAN_POINT('Ctrl Pts',(1.58413174398133,-7.07066964981782,2.12288746244118));
#5122=CARTESIAN_POINT('Ctrl Pts',(2.43825459121277,-7.19584558895407,4.29654578613981));
#5123=CARTESIAN_POINT('Ctrl Pts',(1.08800862416607,-7.32102152809032,6.20210401501395));
#5124=CARTESIAN_POINT('Ctrl Pts',(-1.24588044025113,-7.44619746722657,6.11679162913682));
#5125=CARTESIAN_POINT('Ctrl Pts',(-2.45339819391533,-7.57137340636282,4.11773754915979));
#5126=CARTESIAN_POINT('Ctrl Pts',(-1.44285617554022,-7.69654934549907,2.01223972050935));
#5127=CARTESIAN_POINT('Ctrl Pts',(0.872138328334291,-7.82172528463532,1.70382934443724));
#5128=CARTESIAN_POINT('Ctrl Pts',(2.39865293539064,-7.94690122377157,3.47133306517804));
#5129=CARTESIAN_POINT('Ctrl Pts',(1.75660180593189,-8.07207716290782,5.71679210137133));
#5130=CARTESIAN_POINT('Ctrl Pts',(-0.473552129436972,-8.19725310204409,
6.41013977332839));
#5131=CARTESIAN_POINT('Ctrl Pts',(-2.27557812464597,-8.32242904118031,4.9245363282899));
#5132=CARTESIAN_POINT('Ctrl Pts',(-2.0203083601643,-8.44760498031659,2.60308173747242));
#5133=CARTESIAN_POINT('Ctrl Pts',(0.0614769016866004,-8.57278091945282,
1.54454728788789));
#5134=CARTESIAN_POINT('Ctrl Pts',(2.08767836251996,-8.69795685858908,2.70593182660028));
#5135=CARTESIAN_POINT('Ctrl Pts',(2.2264663910851,-8.82313279772533,5.03724969791326));
#5136=CARTESIAN_POINT('Ctrl Pts',(0.352343685490494,-8.94830873686158,6.43082089936129));
#5137=CARTESIAN_POINT('Ctrl Pts',(-1.84029652336247,-9.07348467599783,5.62673149081414));
#5138=CARTESIAN_POINT('Ctrl Pts',(-2.36922187596377,-9.19866061513409,3.35197612816459));
#5139=CARTESIAN_POINT('Ctrl Pts',(-0.756085386933422,-9.32383655427032,
1.66303814631532));
#5140=CARTESIAN_POINT('Ctrl Pts',(1.54041065494524,-9.4490124934066,2.08698057761841));
#5141=CARTESIAN_POINT('Ctrl Pts',(2.44464076024971,-9.57418843254282,4.24027001802861));
#5142=CARTESIAN_POINT('Ctrl Pts',(1.13799218326985,-9.6993643716791,6.17666175462694));
#5143=CARTESIAN_POINT('Ctrl Pts',(-1.1960719493173,-9.82454031081532,6.14455901168472));
#5144=CARTESIAN_POINT('Ctrl Pts',(-2.4515382321204,-9.9497162499516,4.17482918070866));
#5145=CARTESIAN_POINT('Ctrl Pts',(-1.48515355887862,-10.0748921890878,2.0445450140318));
#5146=CARTESIAN_POINT('Ctrl Pts',(0.0459947070199672,-10.1583428151787,
1.8070143754593));
#5147=CARTESIAN_POINT('Ctrl Pts',(0.694547156083161,-10.2000681282241,2.03641651871463));
#5148=CARTESIAN_POINT('Ctrl Pts',(0.77867900923319,-2.99293817134049,2.20358783287612));
#5149=CARTESIAN_POINT('Ctrl Pts',(1.37201640569186,-3.0346634843859,2.46077790566166));
#5150=CARTESIAN_POINT('Ctrl Pts',(2.27411190842047,-3.11811411047674,3.60436249537363));
#5151=CARTESIAN_POINT('Ctrl Pts',(1.57588058857489,-3.24329004961299,5.68953856142024));
#5152=CARTESIAN_POINT('Ctrl Pts',(-0.549237935987953,-3.36846598874924,
6.24202149675671));
#5153=CARTESIAN_POINT('Ctrl Pts',(-2.17669493540955,-3.49364192788549,4.7701397833629));
#5154=CARTESIAN_POINT('Ctrl Pts',(-1.83682783228378,-3.61881786702174,2.60065536573517));
#5155=CARTESIAN_POINT('Ctrl Pts',(0.163971263786208,-3.74399380615799,1.69698050677566));
#5156=CARTESIAN_POINT('Ctrl Pts',(2.01637212511968,-3.86916974529424,2.87504993598881));
#5157=CARTESIAN_POINT('Ctrl Pts',(2.04589926147478,-3.99434568443049,5.07034862983844));
#5158=CARTESIAN_POINT('Ctrl Pts',(0.225734638800438,-4.11952162356675,6.29787218657183));
#5159=CARTESIAN_POINT('Ctrl Pts',(-1.79848940788488,-4.24469756270299,5.44799440990968));
#5160=CARTESIAN_POINT('Ctrl Pts',(-2.19675278167369,-4.36987350183925,3.28899225509908));
#5161=CARTESIAN_POINT('Ctrl Pts',(-0.608977506345628,-4.49504944097549,
1.77280937248675));
#5162=CARTESIAN_POINT('Ctrl Pts',(1.52935695520404,-4.62022538011175,2.27017012048037));
#5163=CARTESIAN_POINT('Ctrl Pts',(2.28503726018721,-4.745401319248,4.33143326258644));
#5164=CARTESIAN_POINT('Ctrl Pts',(0.974868104268513,-4.87057725838425,6.09305340830508));
#5165=CARTESIAN_POINT('Ctrl Pts',(-1.21665601367177,-4.9957531975205,5.9623940508488));
#5166=CARTESIAN_POINT('Ctrl Pts',(-2.30823017895773,-5.12092913665676,4.05757970575864));
#5167=CARTESIAN_POINT('Ctrl Pts',(-1.31298743128136,-5.246105075793,2.10070917421722));
#5168=CARTESIAN_POINT('Ctrl Pts',(0.869296411611428,-5.37128101492926,1.86094281072283));
#5169=CARTESIAN_POINT('Ctrl Pts',(2.26566977935806,-5.4964569540655,3.55504798211162));
#5170=CARTESIAN_POINT('Ctrl Pts',(1.61370419562977,-5.62163289320176,5.6514238031998));
#5171=CARTESIAN_POINT('Ctrl Pts',(-0.497173513502652,-5.74680883233801,
6.25478609745879));
#5172=CARTESIAN_POINT('Ctrl Pts',(-2.15856830857439,-5.87198477147425,4.81964912811115));
#5173=CARTESIAN_POINT('Ctrl Pts',(-1.86845209557268,-5.99716071061052,2.64348660209396));
#5174=CARTESIAN_POINT('Ctrl Pts',(0.110887854747277,-6.12233664974676,1.69371603630198));
#5175=CARTESIAN_POINT('Ctrl Pts',(1.98997669572701,-6.24751258888301,2.82900273868108));
#5176=CARTESIAN_POINT('Ctrl Pts',(2.06997425561777,-6.37268852801926,5.02296061323969));
#5177=CARTESIAN_POINT('Ctrl Pts',(0.278556616453109,-6.49786446715552,6.29208377842537));
#5178=CARTESIAN_POINT('Ctrl Pts',(-1.7646975298035,-6.62304040629176,5.4889877313786));
#5179=CARTESIAN_POINT('Ctrl Pts',(-2.21253000789926,-6.74821634542802,3.33973278189405));
#5180=CARTESIAN_POINT('Ctrl Pts',(-0.660065973350731,-6.87339228456426,
1.78740994615415));
#5181=CARTESIAN_POINT('Ctrl Pts',(1.4891482349418,-6.99856822370052,2.235437909307));
#5182=CARTESIAN_POINT('Ctrl Pts',(2.29205843178029,-7.12374416283676,4.27876509367818));
#5183=CARTESIAN_POINT('Ctrl Pts',(1.02277233470896,-7.24892010197303,6.07006729053648));
#5184=CARTESIAN_POINT('Ctrl Pts',(-1.17117825938242,-7.37409604110926,5.98987017982882));
#5185=CARTESIAN_POINT('Ctrl Pts',(-2.30629403391431,-7.49927198024553,4.11067808228944));
#5186=CARTESIAN_POINT('Ctrl Pts',(-1.35634345769787,-7.62444791938177,2.1314245340154));
#5187=CARTESIAN_POINT('Ctrl Pts',(0.81984548141181,-7.74962385851803,1.84150624350046));
#5188=CARTESIAN_POINT('Ctrl Pts',(2.25483126548409,-7.87479979765427,3.50303159074155));
#5189=CARTESIAN_POINT('Ctrl Pts',(1.65127710415345,-7.99997573679053,5.61385436358585));
#5190=CARTESIAN_POINT('Ctrl Pts',(-0.445158251757318,-8.12515167592677,
6.26562936009021));
#5191=CARTESIAN_POINT('Ctrl Pts',(-2.13913594034301,-8.25032761506303,4.86910173137007));
#5192=CARTESIAN_POINT('Ctrl Pts',(-1.89917198491055,-8.37550355419927,2.68684004792885));
#5193=CARTESIAN_POINT('Ctrl Pts',(0.0577907866464485,-8.50067949333554,
1.69177463546372));
#5194=CARTESIAN_POINT('Ctrl Pts',(1.96250252574285,-8.62585543247177,2.78352331260697));
#5195=CARTESIAN_POINT('Ctrl Pts',(2.09296891438386,-8.75103137160804,4.97505688066033));
#5196=CARTESIAN_POINT('Ctrl Pts',(0.33121738727511,-8.87620731074428,6.28507045925731));
#5197=CARTESIAN_POINT('Ctrl Pts',(-1.72995354076249,-9.00138324988053,5.52919372866167));
#5198=CARTESIAN_POINT('Ctrl Pts',(-2.2271648732383,-9.12655918901679,3.3908312180409));
#5199=CARTESIAN_POINT('Ctrl Pts',(-0.710750998895749,-9.25173512815303,
1.80316085908706));
#5200=CARTESIAN_POINT('Ctrl Pts',(1.44804863396784,-9.37691106728929,2.20168397794414));
#5201=CARTESIAN_POINT('Ctrl Pts',(2.29806169027539,-9.50208700642554,4.22586358402078));
#5202=CARTESIAN_POINT('Ctrl Pts',(1.06975891211851,-9.62726294556178,6.04615053153449));
#5203=CARTESIAN_POINT('Ctrl Pts',(-1.12435625316921,-9.75243888469804,6.01597264817922));
#5204=CARTESIAN_POINT('Ctrl Pts',(-2.30454559421887,-9.87761482383429,4.16434653674341));
#5205=CARTESIAN_POINT('Ctrl Pts',(-1.3961047174418,-10.0027907629705,2.16179282314981));
#5206=CARTESIAN_POINT('Ctrl Pts',(0.0432368943023075,-10.0862413890614,
1.93850436717465));
#5207=CARTESIAN_POINT('Ctrl Pts',(0.652902560342402,-10.1279667021068,2.15415170712503));
#5208=CARTESIAN_POINT('Ctrl Pts',(0.72901191567129,-2.92083674522319,2.3181697981305));
#5209=CARTESIAN_POINT('Ctrl Pts',(1.2845040079234,-2.9625620582686,2.55895531492216));
#5210=CARTESIAN_POINT('Ctrl Pts',(2.12906044615365,-3.04601268435944,3.62959775242547));
#5211=CARTESIAN_POINT('Ctrl Pts',(1.47536496184416,-3.17118862349568,5.58177339912425));
#5212=CARTESIAN_POINT('Ctrl Pts',(-0.514205462233046,-3.29636456263194,
6.09901688236897));
#5213=CARTESIAN_POINT('Ctrl Pts',(-2.03785709628613,-3.42154050176819,4.72101735393759));
#5214=CARTESIAN_POINT('Ctrl Pts',(-1.71966800298136,-3.54671644090444,2.68991086132612));
#5215=CARTESIAN_POINT('Ctrl Pts',(0.153512556150115,-3.6718923800407,1.84387580418132));
#5216=CARTESIAN_POINT('Ctrl Pts',(1.88776028146339,-3.79706831917694,2.94680350763925));
#5217=CARTESIAN_POINT('Ctrl Pts',(1.91540406533747,-3.9222442583132,5.00207774425956));
#5218=CARTESIAN_POINT('Ctrl Pts',(0.211336429406681,-4.04742019744944,6.15130520386077));
#5219=CARTESIAN_POINT('Ctrl Pts',(-1.68377494835492,-4.1725961365857,5.35563584754787));
#5220=CARTESIAN_POINT('Ctrl Pts',(-2.05663557722099,-4.29777207572194,3.33434301936844));
#5221=CARTESIAN_POINT('Ctrl Pts',(-0.570134616751691,-4.42294801485821,
1.91486801791733));
#5222=CARTESIAN_POINT('Ctrl Pts',(1.43180878184508,-4.54812395399445,2.38050521549838));
#5223=CARTESIAN_POINT('Ctrl Pts',(2.13928893764554,-4.67329989313071,4.31029319502687));
#5224=CARTESIAN_POINT('Ctrl Pts',(0.912687327888144,-4.79847583226695,5.95955054226184));
#5225=CARTESIAN_POINT('Ctrl Pts',(-1.13905308955649,-4.9236517714032,5.83722513301087));
#5226=CARTESIAN_POINT('Ctrl Pts',(-2.16100252429989,-5.04882771053946,4.0539070542562));
#5227=CARTESIAN_POINT('Ctrl Pts',(-1.22924012485368,-5.1740036496757,2.22185312959146));
#5228=CARTESIAN_POINT('Ctrl Pts',(0.813849397249185,-5.29917958881196,1.99737997198483));
#5229=CARTESIAN_POINT('Ctrl Pts',(2.12115678802603,-5.4243555279482,3.58342870541477));
#5230=CARTESIAN_POINT('Ctrl Pts',(1.51077603612474,-5.54953146708447,5.54608974440112));
#5231=CARTESIAN_POINT('Ctrl Pts',(-0.465461905614374,-5.67470740622071,
6.11096730853979));
#5232=CARTESIAN_POINT('Ctrl Pts',(-2.02088665429775,-5.79988334535696,4.76736880534515));
#5233=CARTESIAN_POINT('Ctrl Pts',(-1.74927515109832,-5.92505928449321,2.73001015936581));
#5234=CARTESIAN_POINT('Ctrl Pts',(0.103815007795829,-6.05023522362946,1.8408195539865));
#5235=CARTESIAN_POINT('Ctrl Pts',(1.86304845243199,-6.17541116276572,2.90369337480844));
#5236=CARTESIAN_POINT('Ctrl Pts',(1.93794346525945,-6.30058710190196,4.95771231466549));
#5237=CARTESIAN_POINT('Ctrl Pts',(0.260789221457722,-6.42576304103822,6.14588600228798));
#5238=CARTESIAN_POINT('Ctrl Pts',(-1.65213844411874,-6.55093898017446,5.39401445986363));
#5239=CARTESIAN_POINT('Ctrl Pts',(-2.07140647226028,-6.67611491931072,3.38184712337324));
#5240=CARTESIAN_POINT('Ctrl Pts',(-0.617964468023497,-6.80129085844697,
1.92853731175081));
#5241=CARTESIAN_POINT('Ctrl Pts',(1.39416472590227,-6.92646679758322,2.34798835617282));
#5242=CARTESIAN_POINT('Ctrl Pts',(2.14586227234782,-7.05164273671947,4.26098440121654));
#5243=CARTESIAN_POINT('Ctrl Pts',(0.957536045251847,-7.17681867585573,5.93803056605902));
#5244=CARTESIAN_POINT('Ctrl Pts',(-1.0964760785137,-7.30199461499197,5.86294873052082));
#5245=CARTESIAN_POINT('Ctrl Pts',(-2.15918987391329,-7.42717055412823,4.10361861541909));
#5246=CARTESIAN_POINT('Ctrl Pts',(-1.26983073985552,-7.55234649326448,2.25060934752144));
#5247=CARTESIAN_POINT('Ctrl Pts',(0.767552634489326,-7.67752243240073,1.97918314256367));
#5248=CARTESIAN_POINT('Ctrl Pts',(2.11100959557754,-7.80269837153698,3.53473011630507));
#5249=CARTESIAN_POINT('Ctrl Pts',(1.54595240237502,-7.92787431067323,5.51091662580038));
#5250=CARTESIAN_POINT('Ctrl Pts',(-0.416764374077661,-8.05305024980947,
6.12111894685202));
#5251=CARTESIAN_POINT('Ctrl Pts',(-2.00269375604005,-8.17822618894574,4.81366713445025));
#5252=CARTESIAN_POINT('Ctrl Pts',(-1.77803560965679,-8.30340212808198,2.77059835838528));
#5253=CARTESIAN_POINT('Ctrl Pts',(0.0541046716062979,-8.42857806721824,
1.83900198303955));
#5254=CARTESIAN_POINT('Ctrl Pts',(1.83732668896573,-8.55375400635448,2.86111479861366));
#5255=CARTESIAN_POINT('Ctrl Pts',(1.95947143768262,-8.67892994549075,4.9128640634074));
#5256=CARTESIAN_POINT('Ctrl Pts',(0.310091089059722,-8.80410588462698,6.13932001915333));
#5257=CARTESIAN_POINT('Ctrl Pts',(-1.6196105581625,-8.92928182376324,5.43165596650919));
#5258=CARTESIAN_POINT('Ctrl Pts',(-2.08510787051283,-9.05445776289949,3.42968630791721));
#5259=CARTESIAN_POINT('Ctrl Pts',(-0.665416610858073,-9.17963370203574,
1.9432835718588));
#5260=CARTESIAN_POINT('Ctrl Pts',(1.35568661299043,-9.30480964117199,2.31638737826986));
#5261=CARTESIAN_POINT('Ctrl Pts',(2.15148262030107,-9.42998558030824,4.21145715001298));
#5262=CARTESIAN_POINT('Ctrl Pts',(1.00152564096716,-9.55516151944449,5.91563930844201));
#5263=CARTESIAN_POINT('Ctrl Pts',(-1.05264055702112,-9.68033745858074,5.88738628467374));
#5264=CARTESIAN_POINT('Ctrl Pts',(-2.15755295631734,-9.80551339771699,4.15386389277815));
#5265=CARTESIAN_POINT('Ctrl Pts',(-1.30705587600496,-9.93068933685325,2.27904063226783));
#5266=CARTESIAN_POINT('Ctrl Pts',(0.0404790815846451,-10.0141399629441,
2.06999435889));
#5267=CARTESIAN_POINT('Ctrl Pts',(0.611257964601643,-10.0558652759895,2.27188689553543));
#5268=CARTESIAN_POINT('Ctrl Pts',(0.679344822109389,-2.84873531910589,2.43275176338489));
#5269=CARTESIAN_POINT('Ctrl Pts',(1.19699161015495,-2.89046063215131,2.65713272418266));
#5270=CARTESIAN_POINT('Ctrl Pts',(1.98400898388683,-2.97391125824214,3.65483300947731));
#5271=CARTESIAN_POINT('Ctrl Pts',(1.37484933511344,-3.09908719737839,5.47400823682826));
#5272=CARTESIAN_POINT('Ctrl Pts',(-0.479172988478139,-3.22426313651464,
5.95601226798125));
#5273=CARTESIAN_POINT('Ctrl Pts',(-1.89901925716271,-3.34943907565089,4.67189492451229));
#5274=CARTESIAN_POINT('Ctrl Pts',(-1.60250817367893,-3.47461501478714,2.77916635691706));
#5275=CARTESIAN_POINT('Ctrl Pts',(0.143053848514023,-3.5997909539234,1.99077110158698));
#5276=CARTESIAN_POINT('Ctrl Pts',(1.75914843780711,-3.72496689305965,3.01855707928969));
#5277=CARTESIAN_POINT('Ctrl Pts',(1.78490886920016,-3.8501428321959,4.93380685868068));
#5278=CARTESIAN_POINT('Ctrl Pts',(0.196938220012923,-3.97531877133215,6.0047382211497));
#5279=CARTESIAN_POINT('Ctrl Pts',(-1.56906048882497,-4.1004947104684,5.26327728518607));
#5280=CARTESIAN_POINT('Ctrl Pts',(-1.91651837276829,-4.22567064960466,3.37969378363779));
#5281=CARTESIAN_POINT('Ctrl Pts',(-0.531291727157753,-4.3508465887409,2.0569266633479));
#5282=CARTESIAN_POINT('Ctrl Pts',(1.33426060848612,-4.47602252787715,2.49084031051639));
#5283=CARTESIAN_POINT('Ctrl Pts',(1.99354061510387,-4.6011984670134,4.2891531274673));
#5284=CARTESIAN_POINT('Ctrl Pts',(0.850506551507771,-4.72637440614966,5.8260476762186));
#5285=CARTESIAN_POINT('Ctrl Pts',(-1.06145016544121,-4.8515503452859,5.71205621517295));
#5286=CARTESIAN_POINT('Ctrl Pts',(-2.01377486964205,-4.97672628442216,4.05023440275375));
#5287=CARTESIAN_POINT('Ctrl Pts',(-1.14549281842601,-5.10190222355841,2.34299708496572));
#5288=CARTESIAN_POINT('Ctrl Pts',(0.758402382886943,-5.22707816269467,2.13381713324683));
#5289=CARTESIAN_POINT('Ctrl Pts',(1.976643796694,-5.35225410183091,3.61180942871793));
#5290=CARTESIAN_POINT('Ctrl Pts',(1.40784787661971,-5.47743004096716,5.44075568560242));
#5291=CARTESIAN_POINT('Ctrl Pts',(-0.433750297726099,-5.60260598010342,
5.96714851962081));
#5292=CARTESIAN_POINT('Ctrl Pts',(-1.88320500002111,-5.72778191923966,4.71508848257913));
#5293=CARTESIAN_POINT('Ctrl Pts',(-1.63009820662395,-5.85295785837592,2.81653371663765));
#5294=CARTESIAN_POINT('Ctrl Pts',(0.0967421608443816,-5.97813379751216,
1.98792307167102));
#5295=CARTESIAN_POINT('Ctrl Pts',(1.73612020913697,-6.10330973664842,2.97838401093581));
#5296=CARTESIAN_POINT('Ctrl Pts',(1.80591267490113,-6.22848567578467,4.89246401609128));
#5297=CARTESIAN_POINT('Ctrl Pts',(0.243021826462336,-6.35366161492091,5.99968822615057));
#5298=CARTESIAN_POINT('Ctrl Pts',(-1.53957935843398,-6.47883755405718,5.29904118834868));
#5299=CARTESIAN_POINT('Ctrl Pts',(-1.9302829366213,-6.60401349319341,3.42396146485243));
#5300=CARTESIAN_POINT('Ctrl Pts',(-0.575862962696261,-6.72918943232967,
2.06966467734746));
#5301=CARTESIAN_POINT('Ctrl Pts',(1.29918121686274,-6.85436537146593,2.46053880303864));
#5302=CARTESIAN_POINT('Ctrl Pts',(1.99966611291535,-6.97954131060217,4.24320370875491));
#5303=CARTESIAN_POINT('Ctrl Pts',(0.892299755794735,-7.10471724973843,5.80599384158156));
#5304=CARTESIAN_POINT('Ctrl Pts',(-1.02177389764498,-7.22989318887467,5.73602728121282));
#5305=CARTESIAN_POINT('Ctrl Pts',(-2.01208571391227,-7.35506912801093,4.09655914854873));
#5306=CARTESIAN_POINT('Ctrl Pts',(-1.18331802201317,-7.48024506714718,2.36979416102749));
#5307=CARTESIAN_POINT('Ctrl Pts',(0.715259787566842,-7.60542100628343,2.11686004162688));
#5308=CARTESIAN_POINT('Ctrl Pts',(1.96718792567099,-7.73059694541968,3.56642864186858));
#5309=CARTESIAN_POINT('Ctrl Pts',(1.44062770059658,-7.85577288455594,5.4079788880149));
#5310=CARTESIAN_POINT('Ctrl Pts',(-0.388370496398005,-7.98094882369218,
5.97660853361384));
#5311=CARTESIAN_POINT('Ctrl Pts',(-1.86625157173709,-8.10612476282844,4.75823253753043));
#5312=CARTESIAN_POINT('Ctrl Pts',(-1.65689923440304,-8.23130070196468,2.85435666884171));
#5313=CARTESIAN_POINT('Ctrl Pts',(0.0504185565661447,-8.35647664110093,
1.98622933061537));
#5314=CARTESIAN_POINT('Ctrl Pts',(1.71215085218863,-8.48165258023718,2.93870628462035));
#5315=CARTESIAN_POINT('Ctrl Pts',(1.82597396098138,-8.60682851937345,4.85067124615447));
#5316=CARTESIAN_POINT('Ctrl Pts',(0.288964790844338,-8.73200445850968,5.99356957904936));
#5317=CARTESIAN_POINT('Ctrl Pts',(-1.50926757556251,-8.85718039764594,5.33411820435672));
#5318=CARTESIAN_POINT('Ctrl Pts',(-1.94305086778736,-8.98235633678219,3.46854139779352));
#5319=CARTESIAN_POINT('Ctrl Pts',(-0.620082222820398,-9.10753227591843,
2.08340628463055));
#5320=CARTESIAN_POINT('Ctrl Pts',(1.26332459201302,-9.23270821505471,2.43109077859559));
#5321=CARTESIAN_POINT('Ctrl Pts',(2.00490355032674,-9.35788415419093,4.19705071600517));
#5322=CARTESIAN_POINT('Ctrl Pts',(0.93329236981582,-9.4830600933272,5.78512808534954));
#5323=CARTESIAN_POINT('Ctrl Pts',(-0.980924860873029,-9.60823603246344,
5.75879992116825));
#5324=CARTESIAN_POINT('Ctrl Pts',(-2.01056031841581,-9.7334119715997,4.1433812488129));
#5325=CARTESIAN_POINT('Ctrl Pts',(-1.21800703456814,-9.85858791073595,2.39628844138583));
#5326=CARTESIAN_POINT('Ctrl Pts',(0.0377212688669852,-9.94203853682678,
2.20148435060534));
#5327=CARTESIAN_POINT('Ctrl Pts',(0.569613368860885,-9.9837638498722,2.38962208394584));
#5328=CARTESIAN_POINT('',(-5.24311391953884E-5,-10.,2.18964114662035));
#5329=CARTESIAN_POINT('Ctrl Pts',(-0.000589428295631198,-10.,2.1927531168318));
#5330=CARTESIAN_POINT('Ctrl Pts',(-0.0574015128341549,-9.99999654262431,
2.18619253402101));
#5331=CARTESIAN_POINT('Ctrl Pts',(-0.114561381043408,-9.99951198802329,
2.1830794609545));
#5332=CARTESIAN_POINT('Ctrl Pts',(-0.171835163285834,-9.99853618487777,
2.1833916101785));
#5333=CARTESIAN_POINT('Ctrl Pts',(-0.202304759876958,-9.99801705855098,
2.18355767326285));
#5334=CARTESIAN_POINT('Ctrl Pts',(-0.232806915921624,-9.99735889760321,
2.18469400625969));
#5335=CARTESIAN_POINT('Ctrl Pts',(-0.263307209179202,-9.99656017357117,
2.18680320286691));
#5336=CARTESIAN_POINT('Ctrl Pts',(-0.317628404848836,-9.99513764152979,
2.19055969401404));
#5337=CARTESIAN_POINT('Ctrl Pts',(-0.371529427096256,-9.99327971200712,
2.19737227374839));
#5338=CARTESIAN_POINT('Ctrl Pts',(-0.424806850978665,-9.99102483237023,
2.20709842013099));
#5339=CARTESIAN_POINT('Ctrl Pts',(-0.479591605533125,-9.98870615743336,
2.21709973970506));
#5340=CARTESIAN_POINT('Ctrl Pts',(-0.53371801629253,-9.98596775353453,2.23018124495896));
#5341=CARTESIAN_POINT('Ctrl Pts',(-0.586998076658224,-9.98285142450758,
2.24623153976796));
#5342=CARTESIAN_POINT('Ctrl Pts',(-0.613214272160764,-9.9813180499119,2.25412900954742));
#5343=CARTESIAN_POINT('Ctrl Pts',(-0.639225959378405,-9.97969317645548,
2.26274595995134));
#5344=CARTESIAN_POINT('Ctrl Pts',(-0.665012339733864,-9.97798178415719,
2.27207344942309));
#5345=CARTESIAN_POINT('Ctrl Pts',(-0.6808306521347,-9.97693195329138,2.27779527390352));
#5346=CARTESIAN_POINT('Ctrl Pts',(-0.696545021161843,-9.97585125106168,
2.28377687934998));
#5347=CARTESIAN_POINT('Ctrl Pts',(-0.712150605049489,-9.97474142892798,
2.29001391382631));
#5348=CARTESIAN_POINT('Ctrl Pts',(-0.718153296984518,-9.9743145355532,2.29241299077333));
#5349=CARTESIAN_POINT('Ctrl Pts',(-0.7241395906427,-9.97388335588502,2.29484974082902));
#5350=CARTESIAN_POINT('Ctrl Pts',(-0.73010921622387,-9.9734479930932,2.2973239125437));
#5351=CARTESIAN_POINT('Ctrl Pts',(-0.733681984982821,-9.97318743226568,
2.29880468270027));
#5352=CARTESIAN_POINT('Ctrl Pts',(-0.737248737906459,-9.97292537641644,
2.30029883822182));
#5353=CARTESIAN_POINT('Ctrl Pts',(-0.740809417721915,-9.97266184796602,
2.30180632492744));
#5354=CARTESIAN_POINT('Ctrl Pts',(-0.744579305039425,-9.9723828359193,2.30340238391264));
#5355=CARTESIAN_POINT('Ctrl Pts',(-0.748342346546803,-9.97210217596032,
2.30501337051765));
#5356=CARTESIAN_POINT('Ctrl Pts',(-0.752098474816648,-9.9718198949606,2.30663922023509));
#5357=CARTESIAN_POINT('Ctrl Pts',(-0.757054272416696,-9.97144745626828,
2.30878434988691));
#5358=CARTESIAN_POINT('Ctrl Pts',(-0.761997958675923,-9.97107220144365,
2.31095531975386));
#5359=CARTESIAN_POINT('Ctrl Pts',(-0.766929380248503,-9.9706941928872,2.31315198122144));
#5360=CARTESIAN_POINT('Ctrl Pts',(-0.777606934191037,-9.96987572569823,
2.31790821042804));
#5361=CARTESIAN_POINT('Ctrl Pts',(-0.788226369544254,-9.96904439556359,
2.32278460585357));
#5362=CARTESIAN_POINT('Ctrl Pts',(-0.798786158483887,-9.96820084731805,
2.3277796538415));
#5363=CARTESIAN_POINT('Ctrl Pts',(-0.848467734307512,-9.96423213105289,
2.35128029924018));
#5364=CARTESIAN_POINT('Ctrl Pts',(-0.896774211446635,-9.95999712865308,
2.37737956398533));
#5365=CARTESIAN_POINT('Ctrl Pts',(-0.943556177380926,-9.95556683575168,
2.40591661653836));
#5366=CARTESIAN_POINT('Ctrl Pts',(-0.959211092338927,-9.9540843016763,2.41546613250991));
#5367=CARTESIAN_POINT('Ctrl Pts',(-0.974695565849855,-9.95257989876785,
2.42528897018871));
#5368=CARTESIAN_POINT('Ctrl Pts',(-0.990004744068987,-9.95105628743508,
2.43538016836795));
#5369=CARTESIAN_POINT('Ctrl Pts',(-1.03457763994261,-9.94662027079752,2.46476083918156));
#5370=CARTESIAN_POINT('Ctrl Pts',(-1.07759564561325,-9.94203148996381,2.49636388723166));
#5371=CARTESIAN_POINT('Ctrl Pts',(-1.11892505212871,-9.93735501919439,2.53004911878232));
#5372=CARTESIAN_POINT('Ctrl Pts',(-1.16259382173917,-9.93241384674993,2.56564103117309));
#5373=CARTESIAN_POINT('Ctrl Pts',(-1.20437775964656,-9.92737477641694,2.60355669083116));
#5374=CARTESIAN_POINT('Ctrl Pts',(-1.24428510005141,-9.9223145698984,2.64347893859216));
#5375=CARTESIAN_POINT('Ctrl Pts',(-1.28073514718204,-9.91769274433398,2.67994260160971));
#5376=CARTESIAN_POINT('Ctrl Pts',(-1.31562039879319,-9.91305328613407,2.71808053968085));
#5377=CARTESIAN_POINT('Ctrl Pts',(-1.34896323884245,-9.90845468515131,2.75768555034135));
#5378=CARTESIAN_POINT('Ctrl Pts',(-1.3884306275195,-9.90301139441516,2.80456537062622));
#5379=CARTESIAN_POINT('Ctrl Pts',(-1.42568191374729,-9.89763467276963,2.85343257344012));
#5380=CARTESIAN_POINT('Ctrl Pts',(-1.46071230454672,-9.89240147591504,2.90394897591203));
#5381=CARTESIAN_POINT('Ctrl Pts',(-1.49540897503441,-9.88721813360235,2.9539841291259));
#5382=CARTESIAN_POINT('Ctrl Pts',(-1.5279276220514,-9.8821755945015,3.00563685469932));
#5383=CARTESIAN_POINT('Ctrl Pts',(-1.55828329595772,-9.87734863582171,3.05862551399222));
#5384=CARTESIAN_POINT('Ctrl Pts',(-1.57576605332317,-9.87456864326835,3.08914329713872));
#5385=CARTESIAN_POINT('Ctrl Pts',(-1.59253166984535,-9.8718601578567,3.1201051082801));
#5386=CARTESIAN_POINT('Ctrl Pts',(-1.60858448222772,-9.86923746455921,3.15146488737443));
#5387=CARTESIAN_POINT('Ctrl Pts',(-1.61871476024865,-9.86758238932166,3.17125477050105));
#5388=CARTESIAN_POINT('Ctrl Pts',(-1.6285572151965,-9.86596112019032,3.19119859180964));
#5389=CARTESIAN_POINT('Ctrl Pts',(-1.63811147534866,-9.86437653268541,3.21128460400772));
#5390=CARTESIAN_POINT('Ctrl Pts',(-1.64170032535484,-9.86378131685642,3.21882947758802));
#5391=CARTESIAN_POINT('Ctrl Pts',(-1.64524848651631,-9.86319127851201,3.22639437286569));
#5392=CARTESIAN_POINT('Ctrl Pts',(-1.64875592848939,-9.8626065631289,3.23397868720928));
#5393=CARTESIAN_POINT('Ctrl Pts',(-1.65106455948991,-9.86222169801345,3.23897075360571));
#5394=CARTESIAN_POINT('Ctrl Pts',(-1.65335554506585,-9.86183913962738,3.24397122441693));
#5395=CARTESIAN_POINT('Ctrl Pts',(-1.6556288751684,-9.8614589285479,3.24897993040743));
#5396=CARTESIAN_POINT('Ctrl Pts',(-1.65780304469216,-9.86109530192779,3.25377016122601));
#5397=CARTESIAN_POINT('Ctrl Pts',(-1.6599610624507,-9.86073382279018,3.25856791804247));
#5398=CARTESIAN_POINT('Ctrl Pts',(-1.66210291870359,-9.86037452600906,3.2633730546107));
#5399=CARTESIAN_POINT('Ctrl Pts',(-1.66502119273096,-9.85988498500321,3.26992004170476));
#5400=CARTESIAN_POINT('Ctrl Pts',(-1.66790945836499,-9.85939949646306,3.27648071414278));
#5401=CARTESIAN_POINT('Ctrl Pts',(-1.67076768818773,-9.85891814676714,3.28305470732012));
#5402=CARTESIAN_POINT('Ctrl Pts',(-1.67733271298164,-9.85781254194029,3.29815441269046));
#5403=CARTESIAN_POINT('Ctrl Pts',(-1.68373922079765,-9.85672878712627,3.31332423312257));
#5404=CARTESIAN_POINT('Ctrl Pts',(-1.68998681459018,-9.85566788648144,3.32855987388635));
#5405=CARTESIAN_POINT('Ctrl Pts',(-1.71537794560209,-9.85135623176156,3.39047973672153));
#5406=CARTESIAN_POINT('Ctrl Pts',(-1.73814272504613,-9.84742397978035,3.45347333436271));
#5407=CARTESIAN_POINT('Ctrl Pts',(-1.75823761984089,-9.84392841325582,3.51728004830672));
#5408=CARTESIAN_POINT('Ctrl Pts',(-1.77123114295321,-9.84166815138877,3.55853799072549));
#5409=CARTESIAN_POINT('Ctrl Pts',(-1.78310516472572,-9.83959060027915,3.60012870750776));
#5410=CARTESIAN_POINT('Ctrl Pts',(-1.79384104265438,-9.83770766296169,3.64198906810942));
#5411=CARTESIAN_POINT('Ctrl Pts',(-1.8147651627321,-9.83403783672194,3.72357449759613));
#5412=CARTESIAN_POINT('Ctrl Pts',(-1.83137107218956,-9.83112215232492,3.80610950470692));
#5413=CARTESIAN_POINT('Ctrl Pts',(-1.84343672385715,-9.8289974794971,3.8891873737617));
#5414=CARTESIAN_POINT('Ctrl Pts',(-1.85516864573888,-9.82693157403862,3.96996735123034));
#5415=CARTESIAN_POINT('Ctrl Pts',(-1.86260776975186,-9.82561352735568,4.05126128102984));
#5416=CARTESIAN_POINT('Ctrl Pts',(-1.86551138722707,-9.82507723362221,4.13272273531836));
#5417=CARTESIAN_POINT('Ctrl Pts',(-1.86574693007895,-9.82503372921555,4.13933092783188));
#5418=CARTESIAN_POINT('Ctrl Pts',(-1.86595260682351,-9.82499536915978,4.14594023479864));
#5419=CARTESIAN_POINT('Ctrl Pts',(-1.86612865000296,-9.82496217154815,4.15255050621875));
#5420=CARTESIAN_POINT('Ctrl Pts',(-1.86807009976776,-9.82459605969142,4.22545029099873));
#5421=CARTESIAN_POINT('Ctrl Pts',(-1.86641771267383,-9.82486385399252,4.29834700878127));
#5422=CARTESIAN_POINT('Ctrl Pts',(-1.86140323295611,-9.82573163361303,4.37105403795994));
#5423=CARTESIAN_POINT('Ctrl Pts',(-1.85583732299832,-9.82669484086541,4.45175648377429));
#5424=CARTESIAN_POINT('Ctrl Pts',(-1.84612828917684,-9.82839724685886,4.53222597349947));
#5425=CARTESIAN_POINT('Ctrl Pts',(-1.83253793985639,-9.83079246446701,4.61216472211268));
#5426=CARTESIAN_POINT('Ctrl Pts',(-1.82023656495761,-9.83296050805935,4.68452169340476));
#5427=CARTESIAN_POINT('Ctrl Pts',(-1.80475353348102,-9.83569617627789,4.75644302900432));
#5428=CARTESIAN_POINT('Ctrl Pts',(-1.78626194860669,-9.8389650684786,4.82767795160464));
#5429=CARTESIAN_POINT('Ctrl Pts',(-1.76797053886702,-9.84219857426214,4.89814174180499));
#5430=CARTESIAN_POINT('Ctrl Pts',(-1.74673932053956,-9.84594418717538,4.96787486740933));
#5431=CARTESIAN_POINT('Ctrl Pts',(-1.72264334996277,-9.85012099640792,5.03663493771416));
#5432=CARTESIAN_POINT('Ctrl Pts',(-1.69719421210321,-9.85453236442621,5.10925639543232));
#5433=CARTESIAN_POINT('Ctrl Pts',(-1.66854813425581,-9.85942471834445,5.18079226740373));
#5434=CARTESIAN_POINT('Ctrl Pts',(-1.6367894257513,-9.8647027363041,5.25089916463408));
#5435=CARTESIAN_POINT('Ctrl Pts',(-1.62448339469711,-9.86674789040434,5.27806455312296));
#5436=CARTESIAN_POINT('Ctrl Pts',(-1.61171009054328,-9.86885094996177,5.30501481636267));
#5437=CARTESIAN_POINT('Ctrl Pts',(-1.59847492516818,-9.87100636925535,5.33172797849131));
#5438=CARTESIAN_POINT('Ctrl Pts',(0.569613368860883,-9.9837638498722,2.38962208394584));
#5439=CARTESIAN_POINT('Ctrl Pts',(0.432862896465432,-9.99156600729958,2.3055926601723));
#5440=CARTESIAN_POINT('Ctrl Pts',(0.283634595275203,-9.99721021213937,2.2446667320779));
#5441=CARTESIAN_POINT('Ctrl Pts',(0.0846667708038988,-9.99972954996449,
2.20157173688701));
#5442=CARTESIAN_POINT('Ctrl Pts',(0.0424302250680683,-10.0000000002507,
2.19446510986801));
#5443=CARTESIAN_POINT('Ctrl Pts',(-5.9095176086702E-8,-10.,2.18933764363351));
#5444=CARTESIAN_POINT('Ctrl Pts',(-1.70644538554828,-3.39237696757959,4.00131548976824));
#5445=CARTESIAN_POINT('Ctrl Pts',(-1.7039594090111,-3.41978964998211,3.62981233556826));
#5446=CARTESIAN_POINT('Ctrl Pts',(-1.58459976980079,-3.44720233238463,3.25679588310846));
#5447=CARTESIAN_POINT('Ctrl Pts',(-1.36099968389407,-3.47461501478714,2.96322190896125));
#5448=CARTESIAN_POINT('Ctrl Pts',(-1.02065416628128,-3.51634032783256,2.5163679384737));
#5449=CARTESIAN_POINT('Ctrl Pts',(-0.438800158883629,-3.55806564087798,
2.25356952003034));
#5450=CARTESIAN_POINT('Ctrl Pts',(0.121475943030711,-3.59979095392339,2.29346797375911));
#5451=CARTESIAN_POINT('Ctrl Pts',(0.681752044945051,-3.64151626696881,2.33336642748789));
#5452=CARTESIAN_POINT('Ctrl Pts',(1.22045024137608,-3.68324158001423,2.67596175338879));
#5453=CARTESIAN_POINT('Ctrl Pts',(1.49409274482377,-3.72496689305965,3.1664677129044));
#5454=CARTESIAN_POINT('Ctrl Pts',(1.76773524827146,-3.76669220610506,3.65697367242002));
#5455=CARTESIAN_POINT('Ctrl Pts',(1.77632205873581,-3.80841751915048,4.29539026555035));
#5456=CARTESIAN_POINT('Ctrl Pts',(1.51595368910345,-3.8501428321959,4.79308712252702));
#5457=CARTESIAN_POINT('Ctrl Pts',(1.25558531947109,-3.89186814524132,5.29078397950368));
#5458=CARTESIAN_POINT('Ctrl Pts',(0.726261769742005,-3.93359345828673,5.64776110032669));
#5459=CARTESIAN_POINT('Ctrl Pts',(0.167266876737818,-3.97531877133215,5.70267283807759));
#5460=CARTESIAN_POINT('Ctrl Pts',(-0.391728016266373,-4.01704408437757,
5.75758457582849));
#5461=CARTESIAN_POINT('Ctrl Pts',(-0.980394252545673,-4.05876939742298,
5.51043093050728));
#5462=CARTESIAN_POINT('Ctrl Pts',(-1.33263701800921,-4.1004947104684,5.07292352425529));
#5463=CARTESIAN_POINT('Ctrl Pts',(-1.57360459744872,-4.12903879617213,4.77362681469004));
#5464=CARTESIAN_POINT('Ctrl Pts',(-1.70392925029124,-4.15758288187586,4.38524716794663));
#5465=CARTESIAN_POINT('Ctrl Pts',(-1.7068489428307,-4.18612696757959,3.99864975051733));
#5466=CARTESIAN_POINT('Ctrl Pts',(0.828346102795091,-3.06503959745778,2.08900586762173));
#5467=CARTESIAN_POINT('Ctrl Pts',(0.831868697653845,-3.06408759418664,2.092876260441));
#5468=CARTESIAN_POINT('Ctrl Pts',(0.835373714483834,-3.06313361971084,2.09676261443498));
#5469=CARTESIAN_POINT('Ctrl Pts',(0.838861172220758,-3.06217784623964,2.10066451142298));
#5470=CARTESIAN_POINT('Ctrl Pts',(0.874395260848067,-3.05243936572026,2.14042136694513));
#5471=CARTESIAN_POINT('Ctrl Pts',(0.908237363395604,-3.04249219578006,2.18191149213473));
#5472=CARTESIAN_POINT('Ctrl Pts',(0.940374733691405,-3.0324891192488,2.22477415241268));
#5473=CARTESIAN_POINT('Ctrl Pts',(0.971782698096672,-3.02271307756446,2.26666398023412));
#5474=CARTESIAN_POINT('Ctrl Pts',(1.0015626506975,-3.01288363825795,2.30986420820378));
#5475=CARTESIAN_POINT('Ctrl Pts',(1.0297468686625,-3.00314341557492,2.35405949229655));
#5476=CARTESIAN_POINT('Ctrl Pts',(1.0525903967582,-2.99524888925547,2.38988011414683));
#5477=CARTESIAN_POINT('Ctrl Pts',(1.07438650309684,-2.98741297137644,2.42635464478932));
#5478=CARTESIAN_POINT('Ctrl Pts',(1.09517292941469,-2.97971159562386,2.4633297825086));
#5479=CARTESIAN_POINT('Ctrl Pts',(1.12329716064882,-2.96929156145472,2.51335749324779));
#5480=CARTESIAN_POINT('Ctrl Pts',(1.14971872976926,-2.95905959553516,2.56457159882126));
#5481=CARTESIAN_POINT('Ctrl Pts',(1.17441927685699,-2.94915820918858,2.61669002405139));
#5482=CARTESIAN_POINT('Ctrl Pts',(1.19806148436824,-2.93968106563287,2.66657534116902));
#5483=CARTESIAN_POINT('Ctrl Pts',(1.220127535679,-2.9305067799859,2.71728838146124));
#5484=CARTESIAN_POINT('Ctrl Pts',(1.2406360672046,-2.92176031878327,2.76861321837977));
#5485=CARTESIAN_POINT('Ctrl Pts',(1.25473092234706,-2.91574915686726,2.80388713063789));
#5486=CARTESIAN_POINT('Ctrl Pts',(1.26809084763357,-2.90994007232979,2.83945064484763));
#5487=CARTESIAN_POINT('Ctrl Pts',(1.28072973149112,-2.90437363207698,2.87524578471554));
#5488=CARTESIAN_POINT('Origin',(-4.8985871965894E-16,0.,4.));
#5489=CARTESIAN_POINT('',(10.,1.22464679914735E-15,6.));
#5490=CARTESIAN_POINT('',(-10.,-1.22464679914735E-15,5.99999999999999));
#5491=CARTESIAN_POINT('Origin',(-7.34788079488411E-16,0.,5.99999999999999));
#5492=CARTESIAN_POINT('Origin',(-7.34788079488411E-16,0.,5.99999999999999));
#5493=CARTESIAN_POINT('',(-10.,9.20749587685066E-12,5.87487765077591));
#5494=CARTESIAN_POINT('',(-10.,-1.22464679914735E-15,3.99999999999999));
#5495=CARTESIAN_POINT('Ctrl Pts',(-10.,9.20850201646672E-12,5.87487765077591));
#5496=CARTESIAN_POINT('Ctrl Pts',(-10.,-0.227516509752806,5.84832520797896));
#5497=CARTESIAN_POINT('Ctrl Pts',(-9.99209544478969,-0.450670064318847,
5.79326983673034));
#5498=CARTESIAN_POINT('Ctrl Pts',(-9.97671997781774,-0.68223847008355,5.70003236775188));
#5499=CARTESIAN_POINT('Ctrl Pts',(-9.97535860929258,-0.701856774036804,
5.69183017684531));
#5500=CARTESIAN_POINT('Ctrl Pts',(-9.9734924618628,-0.727659273150204,5.68063380870062));
#5501=CARTESIAN_POINT('Ctrl Pts',(-9.97303165630034,-0.73394767324353,5.67787268049627));
#5502=CARTESIAN_POINT('Ctrl Pts',(-9.97227991565448,-0.744075400559089,
5.67337310738655));
#5503=CARTESIAN_POINT('Ctrl Pts',(-9.97199211815177,-0.747922484565589,
5.67165159827582));
#5504=CARTESIAN_POINT('Ctrl Pts',(-9.97143969896761,-0.755249988636954,
5.66834907577655));
#5505=CARTESIAN_POINT('Ctrl Pts',(-9.97117540963177,-0.758731251912053,
5.66676987693214));
#5506=CARTESIAN_POINT('Ctrl Pts',(-9.97056843603555,-0.76667143946118,5.66314464258517));
#5507=CARTESIAN_POINT('Ctrl Pts',(-9.97022476359666,-0.771127799540042,
5.66109315429579));
#5508=CARTESIAN_POINT('Ctrl Pts',(-9.96916591066017,-0.784739121338453,
5.65477536614966));
#5509=CARTESIAN_POINT('Ctrl Pts',(-9.96844269327793,-0.793872595887297,
5.65046409859351));
#5510=CARTESIAN_POINT('Ctrl Pts',(-9.96282578995758,-0.863597707431124,
5.61699572221225));
#5511=CARTESIAN_POINT('Ctrl Pts',(-9.95748761741119,-0.922933834270385,
5.58528493869558));
#5512=CARTESIAN_POINT('Ctrl Pts',(-9.9370490667823,-1.13034214874591,5.46199658544913));
#5513=CARTESIAN_POINT('Ctrl Pts',(-9.91984673531224,-1.26955414544274,5.35533398661869));
#5514=CARTESIAN_POINT('Ctrl Pts',(-9.88464618382205,-1.52008909091818,5.10096443610589));
#5515=CARTESIAN_POINT('Ctrl Pts',(-9.8666910018184,-1.62935378477781,4.9511871408005));
#5516=CARTESIAN_POINT('Ctrl Pts',(-9.8524882892306,-1.71128169178141,4.77871162418185));
#5517=CARTESIAN_POINT('Ctrl Pts',(-9.85194160061472,-1.71442601227755,4.77195966450959));
#5518=CARTESIAN_POINT('Ctrl Pts',(-9.85060946279729,-1.72206693526167,4.75521595531497));
#5519=CARTESIAN_POINT('Ctrl Pts',(-9.84983285496343,-1.72650281650318,4.74519640723059));
#5520=CARTESIAN_POINT('Ctrl Pts',(-9.84878341821637,-1.73247452814029,4.73127792494646));
#5521=CARTESIAN_POINT('Ctrl Pts',(-9.84849583065214,-1.73410858075068,4.72742276500653));
#5522=CARTESIAN_POINT('Ctrl Pts',(-9.8480407234421,-1.73669078128507,4.72125507478365));
#5523=CARTESIAN_POINT('Ctrl Pts',(-9.84787154433053,-1.73764984472058,4.71894727244212));
#5524=CARTESIAN_POINT('Ctrl Pts',(-9.84752573244795,-1.73960857431256,4.71419860947432));
#5525=CARTESIAN_POINT('Ctrl Pts',(-9.84734920641991,-1.74060754393501,4.7117574678128));
#5526=CARTESIAN_POINT('Ctrl Pts',(-9.84694306677538,-1.74290389689088,4.70610088733401));
#5527=CARTESIAN_POINT('Ctrl Pts',(-9.84671421859435,-1.74419631599757,4.70288340384289));
#5528=CARTESIAN_POINT('Ctrl Pts',(-9.84599971446255,-1.74822693698588,4.69274107834297));
#5529=CARTESIAN_POINT('Ctrl Pts',(-9.84552072681072,-1.75092227359678,4.68579893499336));
#5530=CARTESIAN_POINT('Ctrl Pts',(-9.84175366884047,-1.77207172373058,4.63000792582452));
#5531=CARTESIAN_POINT('Ctrl Pts',(-9.83889429322029,-1.78782770791398,4.58018619817796));
#5532=CARTESIAN_POINT('Ctrl Pts',(-9.83516811084512,-1.80818348962122,4.4994680044136));
#5533=CARTESIAN_POINT('Ctrl Pts',(-9.83396614451503,-1.81470115850202,4.46917710825611));
#5534=CARTESIAN_POINT('Ctrl Pts',(-9.82968207046347,-1.83784524906573,4.33897216386651));
#5535=CARTESIAN_POINT('Ctrl Pts',(-9.82857162105259,-1.84369848082369,4.23800109884375));
#5536=CARTESIAN_POINT('Ctrl Pts',(-9.83124340717628,-1.82940301653622,4.01690049639077));
#5537=CARTESIAN_POINT('Ctrl Pts',(-9.83595864223751,-1.80434202086414,3.89943071866649));
#5538=CARTESIAN_POINT('Ctrl Pts',(-9.84882794243851,-1.73250438704492,3.70159150756172));
#5539=CARTESIAN_POINT('Ctrl Pts',(-9.85576905401575,-1.69295311847939,3.62017291118158));
#5540=CARTESIAN_POINT('Ctrl Pts',(-9.86361769705205,-1.64591795858775,3.54312967255648));
#5541=CARTESIAN_POINT('',(-10.,5.24311392965612E-5,2.18964114662033));
#5542=CARTESIAN_POINT('Ctrl Pts',(-9.9837638498722,-0.56961336886089,2.38962208394583));
#5543=CARTESIAN_POINT('Ctrl Pts',(-9.99156600729958,-0.432862896465492,
2.30559266017233));
#5544=CARTESIAN_POINT('Ctrl Pts',(-9.99721021213937,-0.283634595275259,
2.24466673207791));
#5545=CARTESIAN_POINT('Ctrl Pts',(-9.99972954996449,-0.0846667708039013,
2.201571736887));
#5546=CARTESIAN_POINT('Ctrl Pts',(-10.0000000002507,-0.042430225068016,
2.19446510986799));
#5547=CARTESIAN_POINT('Ctrl Pts',(-10.,5.90952773358214E-8,2.18933764363349));
#5548=CARTESIAN_POINT('',(-10.,-1.22464679914735E-15,-2.77555756156289E-15));
#5549=CARTESIAN_POINT('',(-10.,-1.22464679914735E-15,3.99999999999999));
#5550=CARTESIAN_POINT('Origin',(9.86076131526265E-31,0.,0.));
#5551=CARTESIAN_POINT('Ctrl Pts',(-10.,0.000589428295732577,2.19275311683179));
#5552=CARTESIAN_POINT('Ctrl Pts',(-9.99999654262431,0.0574015128356063,
2.18619253402084));
#5553=CARTESIAN_POINT('Ctrl Pts',(-9.99951198802327,0.114561381046248,2.18307946095435));
#5554=CARTESIAN_POINT('Ctrl Pts',(-9.9985361848777,0.171835163289987,2.18339161017852));
#5555=CARTESIAN_POINT('Ctrl Pts',(-9.99801705855092,0.202304759879753,2.18355767326295));
#5556=CARTESIAN_POINT('Ctrl Pts',(-9.99735889760317,0.232806915923047,2.18469400625978));
#5557=CARTESIAN_POINT('Ctrl Pts',(-9.99656017357117,0.263307209179253,2.18680320286691));
#5558=CARTESIAN_POINT('Ctrl Pts',(-9.99513764153015,0.317628404835042,2.19055969401309));
#5559=CARTESIAN_POINT('Ctrl Pts',(-9.99327971200807,0.371529427068757,2.19737227374491));
#5560=CARTESIAN_POINT('Ctrl Pts',(-9.99102483237195,0.424806850937937,2.20709842012354));
#5561=CARTESIAN_POINT('Ctrl Pts',(-9.98870615743539,0.479591605490419,2.21709973969567));
#5562=CARTESIAN_POINT('Ctrl Pts',(-9.98596775353689,0.533718016247935,2.2301812449474));
#5563=CARTESIAN_POINT('Ctrl Pts',(-9.98285142451029,0.58699807661184,2.24623153975398));
#5564=CARTESIAN_POINT('Ctrl Pts',(-9.98131804991381,0.613214272130149,2.25412900953727));
#5565=CARTESIAN_POINT('Ctrl Pts',(-9.97969317645648,0.639225959363328,2.26274595994588));
#5566=CARTESIAN_POINT('Ctrl Pts',(-9.97798178415718,0.665012339734062,2.27207344942315));
#5567=CARTESIAN_POINT('Ctrl Pts',(-9.97693195329138,0.680830652134773,2.27779527390354));
#5568=CARTESIAN_POINT('Ctrl Pts',(-9.97585125106169,0.696545021161793,2.28377687934995));
#5569=CARTESIAN_POINT('Ctrl Pts',(-9.974741428928,0.712150605049317,2.29001391382623));
#5570=CARTESIAN_POINT('Ctrl Pts',(-9.97431453555322,0.718153296984299,2.29241299077323));
#5571=CARTESIAN_POINT('Ctrl Pts',(-9.97388335588504,0.724139590642432,2.29484974082891));
#5572=CARTESIAN_POINT('Ctrl Pts',(-9.97344799309321,0.730109216223773,2.29732391254365));
#5573=CARTESIAN_POINT('Ctrl Pts',(-9.97318743226569,0.733681984982699,2.29880468270021));
#5574=CARTESIAN_POINT('Ctrl Pts',(-9.97292537641645,0.737248737906361,2.30029883822177));
#5575=CARTESIAN_POINT('Ctrl Pts',(-9.97266184796602,0.740809417721866,2.30180632492741));
#5576=CARTESIAN_POINT('Ctrl Pts',(-9.97238283591929,0.744579305039594,2.3034023839127));
#5577=CARTESIAN_POINT('Ctrl Pts',(-9.97210217596029,0.748342346547212,2.30501337051783));
#5578=CARTESIAN_POINT('Ctrl Pts',(-9.9718198949606,0.752098474816599,2.30663922023506));
#5579=CARTESIAN_POINT('Ctrl Pts',(-9.97144745626828,0.757054272416696,2.3087843498869));
#5580=CARTESIAN_POINT('Ctrl Pts',(-9.97107220144364,0.76199795867597,2.31095531975388));
#5581=CARTESIAN_POINT('Ctrl Pts',(-9.97069419288721,0.76692938024843,2.3131519812214));
#5582=CARTESIAN_POINT('Ctrl Pts',(-9.96987572569825,0.777606934190892,2.31790821042797));
#5583=CARTESIAN_POINT('Ctrl Pts',(-9.96904439556361,0.788226369543992,2.32278460585344));
#5584=CARTESIAN_POINT('Ctrl Pts',(-9.96820084731807,0.798786158483673,2.3277796538414));
#5585=CARTESIAN_POINT('Ctrl Pts',(-9.96423213105293,0.848467734307039,2.35128029923994));
#5586=CARTESIAN_POINT('Ctrl Pts',(-9.95999712865314,0.896774211445968,2.37737956398496));
#5587=CARTESIAN_POINT('Ctrl Pts',(-9.95556683575176,0.943556177380055,2.40591661653782));
#5588=CARTESIAN_POINT('Ctrl Pts',(-9.95408430167637,0.959211092338274,2.41546613250949));
#5589=CARTESIAN_POINT('Ctrl Pts',(-9.9525798987679,0.974695565849343,2.42528897018837));
#5590=CARTESIAN_POINT('Ctrl Pts',(-9.95105628743511,0.990004744068681,2.43538016836774));
#5591=CARTESIAN_POINT('Ctrl Pts',(-9.94662027079754,1.03457763994242,2.46476083918141));
#5592=CARTESIAN_POINT('Ctrl Pts',(-9.94203148996382,1.07759564561317,2.49636388723159));
#5593=CARTESIAN_POINT('Ctrl Pts',(-9.93735501919439,1.11892505212871,2.53004911878232));
#5594=CARTESIAN_POINT('Ctrl Pts',(-9.93241384675012,1.16259382173754,2.56564103117176));
#5595=CARTESIAN_POINT('Ctrl Pts',(-9.92737477641731,1.20437775964348,2.60355669082836));
#5596=CARTESIAN_POINT('Ctrl Pts',(-9.92231456989896,1.244285100047,2.64347893858774));
#5597=CARTESIAN_POINT('Ctrl Pts',(-9.91769274433438,1.28073514717905,2.67994260160645));
#5598=CARTESIAN_POINT('Ctrl Pts',(-9.9130532861343,1.31562039879149,2.71808053967886));
#5599=CARTESIAN_POINT('Ctrl Pts',(-9.90845468515138,1.34896323884195,2.75768555034075));
#5600=CARTESIAN_POINT('Ctrl Pts',(-9.90301139441485,1.38843062752183,2.80456537062895));
#5601=CARTESIAN_POINT('Ctrl Pts',(-9.89763467276894,1.42568191375213,2.85343257344645));
#5602=CARTESIAN_POINT('Ctrl Pts',(-9.89240147591399,1.46071230455378,2.9039489759222));
#5603=CARTESIAN_POINT('Ctrl Pts',(-9.88721813360141,1.49540897504049,2.9539841291353));
#5604=CARTESIAN_POINT('Ctrl Pts',(-9.88217559450069,1.52792762205659,3.00563685470787));
#5605=CARTESIAN_POINT('Ctrl Pts',(-9.87734863582101,1.5582832959621,3.05862551399987));
#5606=CARTESIAN_POINT('Ctrl Pts',(-9.87456864326789,1.57576605332605,3.08914329714403));
#5607=CARTESIAN_POINT('Ctrl Pts',(-9.87186015785646,1.59253166984683,3.12010510828298));
#5608=CARTESIAN_POINT('Ctrl Pts',(-9.86923746455918,1.60858448222792,3.15146488737482));
#5609=CARTESIAN_POINT('Ctrl Pts',(-9.86758238932163,1.61871476024882,3.17125477050138));
#5610=CARTESIAN_POINT('Ctrl Pts',(-9.8659611201903,1.62855721519663,3.19119859180991));
#5611=CARTESIAN_POINT('Ctrl Pts',(-9.8643765326854,1.63811147534868,3.21128460400776));
#5612=CARTESIAN_POINT('Ctrl Pts',(-9.86378131685642,1.64170032535485,3.21882947758804));
#5613=CARTESIAN_POINT('Ctrl Pts',(-9.86319127851201,1.6452484865163,3.22639437286567));
#5614=CARTESIAN_POINT('Ctrl Pts',(-9.8626065631289,1.6487559284894,3.2339786872093));
#5615=CARTESIAN_POINT('Ctrl Pts',(-9.86222169801344,1.65106455948996,3.23897075360583));
#5616=CARTESIAN_POINT('Ctrl Pts',(-9.86183913962736,1.65335554506595,3.24397122441714));
#5617=CARTESIAN_POINT('Ctrl Pts',(-9.8614589285479,1.65562887516841,3.24897993040745));
#5618=CARTESIAN_POINT('Ctrl Pts',(-9.8610953019278,1.65780304469211,3.25377016122591));
#5619=CARTESIAN_POINT('Ctrl Pts',(-9.86073382279019,1.65996106245061,3.25856791804225));
#5620=CARTESIAN_POINT('Ctrl Pts',(-9.86037452600906,1.6621029187036,3.26337305461072));
#5621=CARTESIAN_POINT('Ctrl Pts',(-9.8598849850032,1.665021192731,3.26992004170485));
#5622=CARTESIAN_POINT('Ctrl Pts',(-9.85939949646305,1.66790945836505,3.27648071414292));
#5623=CARTESIAN_POINT('Ctrl Pts',(-9.85891814676713,1.67076768818775,3.28305470732016));
#5624=CARTESIAN_POINT('Ctrl Pts',(-9.85781254194029,1.67733271298167,3.29815441269053));
#5625=CARTESIAN_POINT('Ctrl Pts',(-9.85672878712627,1.68373922079768,3.31332423312264));
#5626=CARTESIAN_POINT('Ctrl Pts',(-9.85566788648143,1.68998681459024,3.32855987388649));
#5627=CARTESIAN_POINT('Ctrl Pts',(-9.85135623176154,1.71537794560218,3.39047973672175));
#5628=CARTESIAN_POINT('Ctrl Pts',(-9.84742397978033,1.73814272504623,3.453473334363));
#5629=CARTESIAN_POINT('Ctrl Pts',(-9.8439284132558,1.75823761984099,3.51728004830706));
#5630=CARTESIAN_POINT('Ctrl Pts',(-9.84166815138814,1.77123114295681,3.55853799073691));
#5631=CARTESIAN_POINT('Ctrl Pts',(-9.83959060027802,1.78310516473221,3.60012870753046));
#5632=CARTESIAN_POINT('Ctrl Pts',(-9.83770766296015,1.79384104266316,3.64198906814368));
#5633=CARTESIAN_POINT('Ctrl Pts',(-9.83403783672041,1.81476516274077,3.72357449763493));
#5634=CARTESIAN_POINT('Ctrl Pts',(-9.8311221523235,1.83137107219764,3.80610950475029));
#5635=CARTESIAN_POINT('Ctrl Pts',(-9.82899747949588,1.84343672386411,3.88918737380961));
#5636=CARTESIAN_POINT('Ctrl Pts',(-9.8269315740381,1.85516864574183,3.96996735126247));
#5637=CARTESIAN_POINT('Ctrl Pts',(-9.82561352735558,1.86260776975244,4.05126128104595));
#5638=CARTESIAN_POINT('Ctrl Pts',(-9.82507723362221,1.86551138722708,4.13272273531833));
#5639=CARTESIAN_POINT('Ctrl Pts',(-9.82503372921543,1.86574693007959,4.13933092784964));
#5640=CARTESIAN_POINT('Ctrl Pts',(-9.82499536915957,1.86595260682462,4.1459402348342));
#5641=CARTESIAN_POINT('Ctrl Pts',(-9.82496217154788,1.86612865000439,4.1525505062721));
#5642=CARTESIAN_POINT('Ctrl Pts',(-9.82459605969141,1.86807009976769,4.2254502910622));
#5643=CARTESIAN_POINT('Ctrl Pts',(-9.82486385399293,1.86641771267133,4.29834700885483));
#5644=CARTESIAN_POINT('Ctrl Pts',(-9.82573163361403,1.86140323295034,4.3710540380434));
#5645=CARTESIAN_POINT('Ctrl Pts',(-9.82669484086694,1.85583732298956,4.45175648385967));
#5646=CARTESIAN_POINT('Ctrl Pts',(-9.82839724686096,1.84612828916498,4.53222597358664));
#5647=CARTESIAN_POINT('Ctrl Pts',(-9.83079246446968,1.8325379398413,4.6121647222015));
#5648=CARTESIAN_POINT('Ctrl Pts',(-9.83296050806226,1.82023656494122,4.68452169348561));
#5649=CARTESIAN_POINT('Ctrl Pts',(-9.83569617628089,1.80475353346408,4.75644302907713));
#5650=CARTESIAN_POINT('Ctrl Pts',(-9.83896506848157,1.78626194858986,4.8276779516695));
#5651=CARTESIAN_POINT('Ctrl Pts',(-9.84219857426642,1.76797053884272,4.89814174189114));
#5652=CARTESIAN_POINT('Ctrl Pts',(-9.84594418718127,1.74673932050606,4.9678748675162));
#5653=CARTESIAN_POINT('Ctrl Pts',(-9.85012099641563,1.7226433499183,5.03663493784104));
#5654=CARTESIAN_POINT('Ctrl Pts',(-9.85453236443483,1.69719421205296,5.1092563955638));
#5655=CARTESIAN_POINT('Ctrl Pts',(-9.85942471835401,1.6685481341993,5.18079226753948));
#5656=CARTESIAN_POINT('Ctrl Pts',(-9.8647027363146,1.63678942568811,5.25089916477357));
#5657=CARTESIAN_POINT('Ctrl Pts',(-9.86674789041153,1.62448339465337,5.27806455321523));
#5658=CARTESIAN_POINT('Ctrl Pts',(-9.86885094996546,1.61171009052063,5.30501481640839));
#5659=CARTESIAN_POINT('Ctrl Pts',(-9.87100636925535,1.59847492516818,5.3317279784913));
#5660=CARTESIAN_POINT('Ctrl Pts',(-9.94591119917574,1.03867724443665,5.80532695706054));
#5661=CARTESIAN_POINT('Ctrl Pts',(-9.97584792144724,0.752016510410322,5.8760435727157));
#5662=CARTESIAN_POINT('Ctrl Pts',(-9.99400875736658,0.455423489028287,5.90600539201369));
#5663=CARTESIAN_POINT('Ctrl Pts',(-9.99957912812781,0.106122495911396,5.88568722198451));
#5664=CARTESIAN_POINT('Ctrl Pts',(-10.,0.0529428611034515,5.8810563772876));
#5665=CARTESIAN_POINT('Ctrl Pts',(-10.,9.19737653879374E-12,5.87487765077591));
#5666=CARTESIAN_POINT('Origin',(-1.34711147906209E-15,0.,11.));
#5667=CARTESIAN_POINT('',(-3.175,-3.88825358729284E-16,22.));
#5668=CARTESIAN_POINT('Origin',(-2.69422295812418E-15,0.,22.));
#5669=CARTESIAN_POINT('',(-3.175,-3.88825358729284E-16,11.));
#5670=CARTESIAN_POINT('',(-2.83222319669635,1.43422809765141,5.50889010581162));
#5671=CARTESIAN_POINT('Ctrl Pts',(-3.02757153548242,0.956261260083553,5.41539422952173));
#5672=CARTESIAN_POINT('Ctrl Pts',(-3.02593453286292,0.961444093207936,5.41593183974923));
#5673=CARTESIAN_POINT('Ctrl Pts',(-3.0242844893581,0.966621070419838,5.41647742043594));
#5674=CARTESIAN_POINT('Ctrl Pts',(-3.02262144884645,0.971792158693834,5.41703151800044));
#5675=CARTESIAN_POINT('Ctrl Pts',(-3.00794773536742,1.01741886903299,5.42192055638757));
#5676=CARTESIAN_POINT('Ctrl Pts',(-2.99227383918711,1.06255141344987,5.42747006397277));
#5677=CARTESIAN_POINT('Ctrl Pts',(-2.97562783484642,1.10718592546399,5.4340474497993));
#5678=CARTESIAN_POINT('Ctrl Pts',(-2.97469638025139,1.10968352311334,5.43441549825861));
#5679=CARTESIAN_POINT('Ctrl Pts',(-2.97376188184341,1.11217954800738,5.43478676752373));
#5680=CARTESIAN_POINT('Ctrl Pts',(-2.97282434454138,1.11467399473622,5.43516132289822));
#5681=CARTESIAN_POINT('Ctrl Pts',(-2.97172509029331,1.11759871160596,5.43560048578341));
#5682=CARTESIAN_POINT('Ctrl Pts',(-2.97062161252766,1.12052139661038,5.43604417462753));
#5683=CARTESIAN_POINT('Ctrl Pts',(-2.96951404055875,1.12344172485309,5.43649244242686));
#5684=CARTESIAN_POINT('Ctrl Pts',(-2.9684099241383,1.12635294187225,5.43693931166143));
#5685=CARTESIAN_POINT('Ctrl Pts',(-2.96730175305745,1.12926178143307,5.43739072504516));
#5686=CARTESIAN_POINT('Ctrl Pts',(-2.96618953298489,1.13216825208995,5.4378467819927));
#5687=CARTESIAN_POINT('Ctrl Pts',(-2.96398315786799,1.13793398559317,5.4387514884674));
#5688=CARTESIAN_POINT('Ctrl Pts',(-2.9617609379561,1.14369016433674,5.43967443255998));
#5689=CARTESIAN_POINT('Ctrl Pts',(-2.95952291499213,1.14943686690053,5.44061638393452));
#5690=CARTESIAN_POINT('Ctrl Pts',(-2.95511279950985,1.16076097856364,5.44247253751618));
#5691=CARTESIAN_POINT('Ctrl Pts',(-2.95064208957604,1.17204632959144,5.44440217973751));
#5692=CARTESIAN_POINT('Ctrl Pts',(-2.94611106528208,1.18329370335602,5.44641109072756));
#5693=CARTESIAN_POINT('Ctrl Pts',(-2.93729199017904,1.2051853171516,5.45032118604976));
#5694=CARTESIAN_POINT('Ctrl Pts',(-2.92825140964232,1.22691591301198,5.45452859356486));
#5695=CARTESIAN_POINT('Ctrl Pts',(-2.91899080301969,1.24849394308475,5.4590740059117));
#5696=CARTESIAN_POINT('Ctrl Pts',(-2.90130215212214,1.28971005954103,5.46775618143918));
#5697=CARTESIAN_POINT('Ctrl Pts',(-2.88287759122324,1.33021733875939,5.47764056499367));
#5698=CARTESIAN_POINT('Ctrl Pts',(-2.86372009884409,1.37010905995774,5.48897510332613));
#5699=CARTESIAN_POINT('Ctrl Pts',(-2.85340894436944,1.39158001718928,5.49507570215879));
#5700=CARTESIAN_POINT('Ctrl Pts',(-2.84291011970782,1.41282057327759,5.50158134036079));
#5701=CARTESIAN_POINT('Ctrl Pts',(-2.83222319669635,1.43384996622049,5.50852337648149));
#5702=CARTESIAN_POINT('',(-2.72928778411723,1.62222476601377,5.30630878758874));
#5703=CARTESIAN_POINT('Ctrl Pts',(-2.83222319669635,1.43496925545291,5.50960891488654));
#5704=CARTESIAN_POINT('Ctrl Pts',(-2.82572803609506,1.44778886427125,5.49742314654624));
#5705=CARTESIAN_POINT('Ctrl Pts',(-2.8192353349735,1.46038769835079,5.48513630935989));
#5706=CARTESIAN_POINT('Ctrl Pts',(-2.7856061606994,1.52461441389399,5.42090959381669));
#5707=CARTESIAN_POINT('Ctrl Pts',(-2.75752260219928,1.57472151881119,5.36530015686548));
#5708=CARTESIAN_POINT('Ctrl Pts',(-2.72928778411723,1.62222476601377,5.30630878758874));
#5709=CARTESIAN_POINT('',(-2.6763498608179,1.70815,4.94813144855521));
#5710=CARTESIAN_POINT('Ctrl Pts',(-2.72928778411723,1.62222476601378,5.30630878758874));
#5711=CARTESIAN_POINT('Ctrl Pts',(-2.72780849448286,1.62471357472442,5.29775553640126));
#5712=CARTESIAN_POINT('Ctrl Pts',(-2.72634204717568,1.6271730267494,5.28919143867276));
#5713=CARTESIAN_POINT('Ctrl Pts',(-2.70638791886252,1.66053868540883,5.17145884522894));
#5714=CARTESIAN_POINT('Ctrl Pts',(-2.68999989173736,1.68676296821036,5.06043385341074));
#5715=CARTESIAN_POINT('Ctrl Pts',(-2.6763498608179,1.70815,4.94813144855521));
#5716=CARTESIAN_POINT('',(-2.67634986081792,1.70814999999992,3.49840380706839));
#5717=CARTESIAN_POINT('',(-2.6763498608179,1.70815,11.));
#5718=CARTESIAN_POINT('',(-2.93498440911284,1.21098782746341,2.30543093332392));
#5719=CARTESIAN_POINT('Ctrl Pts',(-2.67634986081793,1.70814999999995,3.49840380706839));
#5720=CARTESIAN_POINT('Ctrl Pts',(-2.68592884271392,1.69314153653708,3.42216291569687));
#5721=CARTESIAN_POINT('Ctrl Pts',(-2.69689517966285,1.67568687039508,3.34659699973731));
#5722=CARTESIAN_POINT('Ctrl Pts',(-2.76897655418063,1.55775137758938,2.90422277918107));
#5723=CARTESIAN_POINT('Ctrl Pts',(-2.85518930752902,1.4043814964672,2.5730968318671));
#5724=CARTESIAN_POINT('Ctrl Pts',(-2.93498440911284,1.21098782746341,2.30543093332392));
#5725=CARTESIAN_POINT('',(-3.08705984008422,0.743285955608477,2.0536267334149));
#5726=CARTESIAN_POINT('Ctrl Pts',(-2.93498440911284,1.21098782746341,2.30543093332392));
#5727=CARTESIAN_POINT('Ctrl Pts',(-2.98557491769885,1.08837523749209,2.21780844754334));
#5728=CARTESIAN_POINT('Ctrl Pts',(-3.03229529924496,0.952830477428205,2.14137658325635));
#5729=CARTESIAN_POINT('Ctrl Pts',(-3.07600433025114,0.786986692963,2.07145476610607));
#5730=CARTESIAN_POINT('Ctrl Pts',(-3.08164182084227,0.764621505376308,2.06247795853787));
#5731=CARTESIAN_POINT('Ctrl Pts',(-3.08705984008421,0.742082572049238,2.05388353476448));
#5732=CARTESIAN_POINT('',(-3.175,-0.00039913553196326,1.99138358804502));
#5733=CARTESIAN_POINT('Ctrl Pts',(-3.08705984008422,0.744080752824405,2.05345712415264));
#5734=CARTESIAN_POINT('Ctrl Pts',(-3.08792120599709,0.740488711166399,2.05333507167115));
#5735=CARTESIAN_POINT('Ctrl Pts',(-3.08877629753738,0.736895181093124,2.0532088795547));
#5736=CARTESIAN_POINT('Ctrl Pts',(-3.08962510092862,0.733300231317819,2.05307864203419));
#5737=CARTESIAN_POINT('Ctrl Pts',(-3.0998645739816,0.689932837017702,2.05150753193312));
#5738=CARTESIAN_POINT('Ctrl Pts',(-3.10920557620656,0.646257746366242,2.04933393290764));
#5739=CARTESIAN_POINT('Ctrl Pts',(-3.11763413793667,0.602359608324647,2.04671889358992));
#5740=CARTESIAN_POINT('Ctrl Pts',(-3.12658073280388,0.555763419193116,2.0439431296949));
#5741=CARTESIAN_POINT('Ctrl Pts',(-3.13449928024416,0.508915578852601,2.04066986847064));
#5742=CARTESIAN_POINT('Ctrl Pts',(-3.14137307323926,0.461902556156315,2.03703216643559));
#5743=CARTESIAN_POINT('Ctrl Pts',(-3.14819943139386,0.415213962088422,2.03341956754461));
#5744=CARTESIAN_POINT('Ctrl Pts',(-3.1539954046852,0.368361937449065,2.0294469286464));
#5745=CARTESIAN_POINT('Ctrl Pts',(-3.15874462959029,0.321423867972061,2.0251943462765));
#5746=CARTESIAN_POINT('Ctrl Pts',(-3.16231167317585,0.286169664814203,2.02200032052119));
#5747=CARTESIAN_POINT('Ctrl Pts',(-3.16529263111611,0.250858348485785,2.01865295582606));
#5748=CARTESIAN_POINT('Ctrl Pts',(-3.16768585835443,0.215522017406825,2.01518003849707));
#5749=CARTESIAN_POINT('Ctrl Pts',(-3.16787236848142,0.212768169593521,2.01490938544679));
#5750=CARTESIAN_POINT('Ctrl Pts',(-3.16805531226279,0.210014137096344,2.01463796147236));
#5751=CARTESIAN_POINT('Ctrl Pts',(-3.16823468919184,0.207259934807369,2.01436577704206));
#5752=CARTESIAN_POINT('Ctrl Pts',(-3.1683029942727,0.206211159967471,2.01426213172034));
#5753=CARTESIAN_POINT('Ctrl Pts',(-3.16837078219026,0.20516235996782,2.0141583760743));
#5754=CARTESIAN_POINT('Ctrl Pts',(-3.16843805293594,0.20411353533824,2.01405451063829));
#5755=CARTESIAN_POINT('Ctrl Pts',(-3.16848609594557,0.20336449218048,2.0139803326566));
#5756=CARTESIAN_POINT('Ctrl Pts',(-3.16853387517335,0.202615436478642,2.01390609867876));
#5757=CARTESIAN_POINT('Ctrl Pts',(-3.16858139059359,0.201866368790519,2.01383180893344));
#5758=CARTESIAN_POINT('Ctrl Pts',(-3.16863143076268,0.201077499122907,2.01375357177594));
#5759=CARTESIAN_POINT('Ctrl Pts',(-3.16868117837036,0.200288615751127,2.01367527272626));
#5760=CARTESIAN_POINT('Ctrl Pts',(-3.1687306333976,0.199499719155013,2.01359691203188));
#5761=CARTESIAN_POINT('Ctrl Pts',(-3.16879541878753,0.198466275712682,2.01349426062466));
#5762=CARTESIAN_POINT('Ctrl Pts',(-3.1688597021206,0.197432809103249,2.01339150338443));
#5763=CARTESIAN_POINT('Ctrl Pts',(-3.16892348337347,0.196399320097904,2.01328864083017));
#5764=CARTESIAN_POINT('Ctrl Pts',(-3.16905946676579,0.194195893000535,2.01306933502414));
#5765=CARTESIAN_POINT('Ctrl Pts',(-3.16919316804793,0.191992362187254,2.01284955032805));
#5766=CARTESIAN_POINT('Ctrl Pts',(-3.16932458700358,0.189788735108855,2.01262929165687));
#5767=CARTESIAN_POINT('Ctrl Pts',(-3.17089539275615,0.163449535605315,2.00999661522106));
#5768=CARTESIAN_POINT('Ctrl Pts',(-3.1721402167417,0.137094492367365,2.00729626448294));
#5769=CARTESIAN_POINT('Ctrl Pts',(-3.17305885162712,0.110735403525655,2.00453486657127));
#5770=CARTESIAN_POINT('Ctrl Pts',(-3.17435295466129,0.0736027217719084,
2.00064481898787));
#5771=CARTESIAN_POINT('Ctrl Pts',(-3.17499985002829,0.0364538512220848,
1.99663297519327));
#5772=CARTESIAN_POINT('Ctrl Pts',(-3.175,-0.000683582981711261,1.99250795565191));
#5773=CARTESIAN_POINT('',(-3.175,-3.88825358729284E-16,0.));
#5774=CARTESIAN_POINT('',(-3.175,-3.88825358729284E-16,11.));
#5775=CARTESIAN_POINT('Origin',(9.86076131526265E-31,0.,0.));
#5776=CARTESIAN_POINT('Ctrl Pts',(-3.175,-0.000683582981711261,1.99250795565191));
#5777=CARTESIAN_POINT('Ctrl Pts',(-3.1749997137773,-0.0435485879115821,
1.98774595495211));
#5778=CARTESIAN_POINT('Ctrl Pts',(-3.17413772841099,-0.0863989831132227,
1.9828337459474));
#5779=CARTESIAN_POINT('Ctrl Pts',(-3.17241634601614,-0.129177051530097,
1.97776511074707));
#5780=CARTESIAN_POINT('Ctrl Pts',(-3.17048661816258,-0.177132712278164,
1.97208299934939));
#5781=CARTESIAN_POINT('Ctrl Pts',(-3.16747609978285,-0.225007753415318,
1.96620257893673));
#5782=CARTESIAN_POINT('Ctrl Pts',(-3.16339367797261,-0.27274650357208,1.9600888645861));
#5783=CARTESIAN_POINT('Ctrl Pts',(-3.1609342159945,-0.30150679497529,1.95640564695466));
#5784=CARTESIAN_POINT('Ctrl Pts',(-3.15808570874977,-0.330216986683345,
1.95263714524537));
#5785=CARTESIAN_POINT('Ctrl Pts',(-3.154850099479,-0.358858644516512,1.94876884322887));
#5786=CARTESIAN_POINT('Ctrl Pts',(-3.06503959745778,-0.828346102795099,
2.08900586762173));
#5787=CARTESIAN_POINT('Ctrl Pts',(-3.06408759418657,-0.831868697654082,
2.09287626044126));
#5788=CARTESIAN_POINT('Ctrl Pts',(-3.06313361971071,-0.835373714484299,
2.09676261443549));
#5789=CARTESIAN_POINT('Ctrl Pts',(-3.06217784623964,-0.838861172220759,
2.10066451142298));
#5790=CARTESIAN_POINT('Ctrl Pts',(-3.05243936572026,-0.874395260848064,
2.14042136694513));
#5791=CARTESIAN_POINT('Ctrl Pts',(-3.04249219578006,-0.908237363395598,
2.18191149213472));
#5792=CARTESIAN_POINT('Ctrl Pts',(-3.03248911924881,-0.940374733691397,
2.22477415241267));
#5793=CARTESIAN_POINT('Ctrl Pts',(-3.02271307756451,-0.971782698096511,
2.2666639802339));
#5794=CARTESIAN_POINT('Ctrl Pts',(-3.01288363825805,-1.0015626506972,2.30986420820334));
#5795=CARTESIAN_POINT('Ctrl Pts',(-3.00314341557507,-1.02974686866207,2.35405949229587));
#5796=CARTESIAN_POINT('Ctrl Pts',(-2.99524888925557,-1.05259039675792,2.38988011414637));
#5797=CARTESIAN_POINT('Ctrl Pts',(-2.98741297137648,-1.07438650309672,2.42635464478909));
#5798=CARTESIAN_POINT('Ctrl Pts',(-2.97971159562386,-1.09517292941469,2.4633297825086));
#5799=CARTESIAN_POINT('Ctrl Pts',(-2.96929156145489,-1.12329716064834,2.51335749324694));
#5800=CARTESIAN_POINT('Ctrl Pts',(-2.9590595955355,-1.14971872976838,2.56457159881953));
#5801=CARTESIAN_POINT('Ctrl Pts',(-2.94915820918908,-1.17441927685574,2.61669002404874));
#5802=CARTESIAN_POINT('Ctrl Pts',(-2.93968106563344,-1.19806148436686,2.66657534116597));
#5803=CARTESIAN_POINT('Ctrl Pts',(-2.93050677998651,-1.22012753567753,2.71728838145778));
#5804=CARTESIAN_POINT('Ctrl Pts',(-2.92176031878394,-1.24063606720305,2.76861321837588));
#5805=CARTESIAN_POINT('Ctrl Pts',(-2.91574915686768,-1.25473092234608,2.80388713063528));
#5806=CARTESIAN_POINT('Ctrl Pts',(-2.90994007232999,-1.26809084763311,2.83945064484632));
#5807=CARTESIAN_POINT('Ctrl Pts',(-2.90437363207698,-1.28072973149112,2.87524578471554));
#5808=CARTESIAN_POINT('',(-2.67634986081801,-1.70814999999957,3.49840380706745));
#5809=CARTESIAN_POINT('Ctrl Pts',(-2.71838254388626,-1.64043280477653,3.52381190608361));
#5810=CARTESIAN_POINT('Ctrl Pts',(-2.71736749923275,-1.64211485033336,3.52330713517974));
#5811=CARTESIAN_POINT('Ctrl Pts',(-2.71635203538347,-1.6437940630097,3.52279401913394));
#5812=CARTESIAN_POINT('Ctrl Pts',(-2.71533613249084,-1.645470498983,3.52227257906595));
#5813=CARTESIAN_POINT('Ctrl Pts',(-2.70231014635095,-1.66696589181144,3.51558663383663));
#5814=CARTESIAN_POINT('Ctrl Pts',(-2.68931473157473,-1.6878365401263,3.50758302869151));
#5815=CARTESIAN_POINT('Ctrl Pts',(-2.6763498608179,-1.70814999999951,3.49840380706748));
#5816=CARTESIAN_POINT('',(-2.67634986082496,-1.70814999997335,4.9481314486299));
#5817=CARTESIAN_POINT('',(-2.6763498608179,-1.70815,11.));
#5818=CARTESIAN_POINT('Ctrl Pts',(-2.67634986081674,-1.70815000000181,4.94813144855603));
#5819=CARTESIAN_POINT('Ctrl Pts',(-2.68768797860969,-1.69038530136466,4.94002534379569));
#5820=CARTESIAN_POINT('Ctrl Pts',(-2.69905969697968,-1.67217831488792,4.93284028902886));
#5821=CARTESIAN_POINT('Ctrl Pts',(-2.75046441039335,-1.5879147623546,4.90508785624388));
#5822=CARTESIAN_POINT('Ctrl Pts',(-2.78796250018253,-1.52126510260386,4.89776625961546));
#5823=CARTESIAN_POINT('Ctrl Pts',(-2.82438463286439,-1.45033666630872,4.90238571401619));
#5824=CARTESIAN_POINT('Ctrl Pts',(-3.02757153548242,0.956261260083553,5.41539422952173));
#5825=CARTESIAN_POINT('Ctrl Pts',(-3.06929459947099,1.42372695401339,5.09956749785968));
#5826=CARTESIAN_POINT('Ctrl Pts',(-3.15274072744813,2.013608150339,3.9741215692082));
#5827=CARTESIAN_POINT('Ctrl Pts',(-3.27790991941383,1.0801498492777,2.29822446762516));
#5828=CARTESIAN_POINT('Ctrl Pts',(-3.40307911137954,-0.830772716157617,
2.16553473544506));
#5829=CARTESIAN_POINT('Ctrl Pts',(-3.52824830334525,-1.99015366172998,3.68877618373356));
#5830=CARTESIAN_POINT('Ctrl Pts',(-3.65341749531095,-1.35073919940729,5.49459865665884));
#5831=CARTESIAN_POINT('Ctrl Pts',(-3.77858668727666,0.509870996336695,5.94867942995621));
#5832=CARTESIAN_POINT('Ctrl Pts',(-3.90375587924236,1.90948895220546,4.64151390880586));
#5833=CARTESIAN_POINT('Ctrl Pts',(-4.02892507120807,1.58299257670546,2.75425362856708));
#5834=CARTESIAN_POINT('Ctrl Pts',(-4.15409426317378,-0.174529268975347,
1.9932229268528));
#5835=CARTESIAN_POINT('Ctrl Pts',(-4.27926345513948,-1.77426824867366,3.04624574730265));
#5836=CARTESIAN_POINT('Ctrl Pts',(-4.40443264710518,-1.77009697345431,4.96147482287788));
#5837=CARTESIAN_POINT('Ctrl Pts',(-4.5296018390709,-0.165777798579671,6.00753014520722));
#5838=CARTESIAN_POINT('Ctrl Pts',(-4.65477103103659,1.58840088328414,5.2388105755507));
#5839=CARTESIAN_POINT('Ctrl Pts',(-4.7799402230023,1.90668627244254,3.35021862225126));
#5840=CARTESIAN_POINT('Ctrl Pts',(-4.90510941496801,0.501351260591285,2.04902252921878));
#5841=CARTESIAN_POINT('Ctrl Pts',(-5.03027860693371,-1.35719866398973,2.51148416487314));
#5842=CARTESIAN_POINT('Ctrl Pts',(-5.15544779889942,-1.98885847228428,4.31954556001403));
#5843=CARTESIAN_POINT('Ctrl Pts',(-5.28061699086512,-0.822615611969408,
5.83874160223545));
#5844=CARTESIAN_POINT('Ctrl Pts',(-5.40578618283083,1.0872612061351,5.69573889599025));
#5845=CARTESIAN_POINT('Ctrl Pts',(-5.53095537479654,2.01426782117083,4.01980985583899));
#5846=CARTESIAN_POINT('Ctrl Pts',(-5.65612456676224,1.12040209067139,2.32597299551519));
#5847=CARTESIAN_POINT('Ctrl Pts',(-5.78129375872794,-0.786292789827673,
2.14543510901115));
#5848=CARTESIAN_POINT('Ctrl Pts',(-5.90646295069366,-1.98218905127889,3.64140016424249));
#5849=CARTESIAN_POINT('Ctrl Pts',(-6.03163214265935,-1.38621177168599,5.46153487756479));
#5850=CARTESIAN_POINT('Ctrl Pts',(-6.15680133462507,0.462883212082032,5.96046076481303));
#5851=CARTESIAN_POINT('Ctrl Pts',(-6.28197052659076,1.89353769512532,4.68715520373817));
#5852=CARTESIAN_POINT('Ctrl Pts',(-6.40713971855648,1.61245832973711,2.79267013146815));
#5853=CARTESIAN_POINT('Ctrl Pts',(-6.53230891052217,-0.126262733906294,
1.98959581198975));
#5854=CARTESIAN_POINT('Ctrl Pts',(-6.65747810248788,-1.75084390179734,3.00390115516497));
#5855=CARTESIAN_POINT('Ctrl Pts',(-6.78264729445359,-1.79268458460506,4.91866710875436));
#5856=CARTESIAN_POINT('Ctrl Pts',(-6.90781648641929,-0.21396134103177,6.00296975050269));
#5857=CARTESIAN_POINT('Ctrl Pts',(-7.032985678385,1.55818021788305,5.27661336629247));
#5858=CARTESIAN_POINT('Ctrl Pts',(-7.1581548703507,1.92174679564566,3.39621483313613));
#5859=CARTESIAN_POINT('Ctrl Pts',(-7.28332406231641,0.548078861878454,2.06163036590612));
#5860=CARTESIAN_POINT('Ctrl Pts',(-7.40849325428212,-1.32104535533382,2.4793072449129));
#5861=CARTESIAN_POINT('Ctrl Pts',(-7.53366244624781,-1.99596146459141,4.27167091929634));
#5862=CARTESIAN_POINT('Ctrl Pts',(-7.65883163821353,-0.866553967250843,
5.81844755427108));
#5863=CARTESIAN_POINT('Ctrl Pts',(-7.78400083017923,1.04620726471024,5.72137087607758));
#5864=CARTESIAN_POINT('Ctrl Pts',(-7.90917002214494,2.01321044675807,4.06819693476477));
#5865=CARTESIAN_POINT('Ctrl Pts',(-8.03433921411064,1.16029727688911,2.35337386849797));
#5866=CARTESIAN_POINT('Ctrl Pts',(-8.15950840607634,-0.741510039692482,
2.12707969577075));
#5867=CARTESIAN_POINT('Ctrl Pts',(-8.28467759804206,-1.97300127912255,3.5938816298502));
#5868=CARTESIAN_POINT('Ctrl Pts',(-8.40984679000776,-1.42092554636153,5.42780915114278));
#5869=CARTESIAN_POINT('Ctrl Pts',(-8.53501598197347,0.415650503244843,5.97101589726374));
#5870=CARTESIAN_POINT('Ctrl Pts',(-8.66018517393917,1.8764803515453,4.73244866897419));
#5871=CARTESIAN_POINT('Ctrl Pts',(-8.78535436590487,1.64100262637166,2.83175879600938));
#5872=CARTESIAN_POINT('Ctrl Pts',(-8.91052355787059,-0.0779332568615654,
1.98714098847815));
#5873=CARTESIAN_POINT('Ctrl Pts',(-9.03569274983628,-1.72639392588507,2.96212780184384));
#5874=CARTESIAN_POINT('Ctrl Pts',(-9.160861941802,-1.81426372169754,4.87532660645901));
#5875=CARTESIAN_POINT('Ctrl Pts',(-9.2860311337677,-0.261971775695336,5.99726286265106));
#5876=CARTESIAN_POINT('Ctrl Pts',(-9.4112003257334,1.52696538461626,5.31365774379158));
#5877=CARTESIAN_POINT('Ctrl Pts',(-9.53636951769911,1.93587943638438,3.44260217341123));
#5878=CARTESIAN_POINT('Ctrl Pts',(-9.66153870966481,0.59414139649077,2.07527460086258));
#5879=CARTESIAN_POINT('Ctrl Pts',(-9.78670790163052,-1.28345788430209,2.44816818823903));
#5880=CARTESIAN_POINT('Ctrl Pts',(-9.91187709359622,-2.0032200498652,4.22332284097771));
#5881=CARTESIAN_POINT('Ctrl Pts',(-10.0370462855619,-0.907313692136869,
5.79779568926863));
#5882=CARTESIAN_POINT('Ctrl Pts',(-10.1204924135391,0.362844521305317,5.7619281981092));
#5883=CARTESIAN_POINT('Ctrl Pts',(-10.1622154775276,0.851842008394696,5.48058826661367));
#5884=CARTESIAN_POINT('Ctrl Pts',(-2.95547010936513,1.02617379334865,5.51887410503819));
#5885=CARTESIAN_POINT('Ctrl Pts',(-2.9971931733537,1.52781603739231,5.17995719101175));
#5886=CARTESIAN_POINT('Ctrl Pts',(-3.08063930133083,2.16082361610109,3.97222958975749));
#5887=CARTESIAN_POINT('Ctrl Pts',(-3.20580849329654,1.15911991260779,2.17380717343667));
#5888=CARTESIAN_POINT('Ctrl Pts',(-3.33097768526224,-0.891510746211272,
2.03141645711948));
#5889=CARTESIAN_POINT('Ctrl Pts',(-3.45614687722795,-2.13565436314518,3.66602252182561));
#5890=CARTESIAN_POINT('Ctrl Pts',(-3.58131606919365,-1.44949212724499,5.60386919041704));
#5891=CARTESIAN_POINT('Ctrl Pts',(-3.70648526115936,0.547147810195265,6.09114793846603));
#5892=CARTESIAN_POINT('Ctrl Pts',(-3.83165445312506,2.04909223371738,4.68841517351408));
#5893=CARTESIAN_POINT('Ctrl Pts',(-3.95682364509077,1.6987256151511,2.6631767563062));
#5894=CARTESIAN_POINT('Ctrl Pts',(-4.08199283705647,-0.187289153572059,
1.8465068830911));
#5895=CARTESIAN_POINT('Ctrl Pts',(-4.20716202902218,-1.90398550601163,2.97651650206208));
#5896=CARTESIAN_POINT('Ctrl Pts',(-4.33233122098789,-1.89950926767216,5.03176852120476));
#5897=CARTESIAN_POINT('Ctrl Pts',(-4.45750041295359,-0.17789786068153,6.15430124628185));
#5898=CARTESIAN_POINT('Ctrl Pts',(-4.5826696049193,1.70452932456513,5.3293803697979));
#5899=CARTESIAN_POINT('Ctrl Pts',(-4.707838796885,2.04608464923822,3.30271292053234));
#5900=CARTESIAN_POINT('Ctrl Pts',(-4.83300798885071,0.538005194141329,1.9063860102893));
#5901=CARTESIAN_POINT('Ctrl Pts',(-4.95817718081641,-1.45642384512405,2.40265834793078));
#5902=CARTESIAN_POINT('Ctrl Pts',(-5.08334637278212,-2.13426448202997,4.34290762697913));
#5903=CARTESIAN_POINT('Ctrl Pts',(-5.20851556474783,-0.882757273811038,
5.97317252482762));
#5904=CARTESIAN_POINT('Ctrl Pts',(-5.33368475671352,1.16675118279181,5.81971484997219));
#5905=CARTESIAN_POINT('Ctrl Pts',(-5.45885394867924,2.16153151565544,4.02125816004531));
#5906=CARTESIAN_POINT('Ctrl Pts',(-5.58402314064493,1.20231500684191,2.20358440410923));
#5907=CARTESIAN_POINT('Ctrl Pts',(-5.70919233261065,-0.843778879790292,
2.00984734126848));
#5908=CARTESIAN_POINT('Ctrl Pts',(-5.83436152457635,-2.12710745775406,3.61518282804708));
#5909=CARTESIAN_POINT('Ctrl Pts',(-5.95953071654206,-1.4875581093929,5.56838810901006));
#5910=CARTESIAN_POINT('Ctrl Pts',(-6.08469990850776,0.496724735641933,6.10379061007197));
#5911=CARTESIAN_POINT('Ctrl Pts',(-6.20986910047348,2.0319747756859,4.73739331652696));
#5912=CARTESIAN_POINT('Ctrl Pts',(-6.33503829243917,1.7303456177848,2.70440190068329));
#5913=CARTESIAN_POINT('Ctrl Pts',(-6.46020748440488,-0.135493838367845,
1.84261458882667));
#5914=CARTESIAN_POINT('Ctrl Pts',(-6.58537667637058,-1.87884859845911,2.93107608472474));
#5915=CARTESIAN_POINT('Ctrl Pts',(-6.7105458683363,-1.92374826551175,4.98583112290121));
#5916=CARTESIAN_POINT('Ctrl Pts',(-6.83571506030199,-0.229604115654909,
6.14940743982073));
#5917=CARTESIAN_POINT('Ctrl Pts',(-6.9608842522677,1.67209921770349,5.36994693334483));
#5918=CARTESIAN_POINT('Ctrl Pts',(-7.08605344423341,2.06224625158506,3.3520719275042));
#5919=CARTESIAN_POINT('Ctrl Pts',(-7.2112226361991,0.588149063676259,1.91991560951016));
#5920=CARTESIAN_POINT('Ctrl Pts',(-7.33639182816482,-1.41762735776838,2.36812896418164));
#5921=CARTESIAN_POINT('Ctrl Pts',(-7.46156102013052,-2.14188677612908,4.29153285763398));
#5922=CARTESIAN_POINT('Ctrl Pts',(-7.58673021209623,-0.929907974769801,
5.95139477323267));
#5923=CARTESIAN_POINT('Ctrl Pts',(-7.71189940406193,1.12269577600875,5.84722079142897));
#5924=CARTESIAN_POINT('Ctrl Pts',(-7.83706859602764,2.16039683629801,4.07318283210197));
#5925=CARTESIAN_POINT('Ctrl Pts',(-7.96223778799334,1.24512694149439,2.2329885627252));
#5926=CARTESIAN_POINT('Ctrl Pts',(-8.08740697995905,-0.795722050029354,
1.99014995853465));
#5927=CARTESIAN_POINT('Ctrl Pts',(-8.21257617192476,-2.11724796495678,3.5641902000623));
#5928=CARTESIAN_POINT('Ctrl Pts',(-8.33774536389046,-1.52480981802861,5.53219668511728));
#5929=CARTESIAN_POINT('Ctrl Pts',(-8.46291455585617,0.446038830000044,6.11511743126444));
#5930=CARTESIAN_POINT('Ctrl Pts',(-8.58808374782186,2.0136703648553,4.78599819991531));
#5931=CARTESIAN_POINT('Ctrl Pts',(-8.71325293978759,1.76097679608161,2.74634834862965));
#5932=CARTESIAN_POINT('Ctrl Pts',(-8.83842213175327,-0.0836309794821774,
1.8399802924685));
#5933=CARTESIAN_POINT('Ctrl Pts',(-8.96359132371899,-1.85261107783949,2.88624866963664));
#5934=CARTESIAN_POINT('Ctrl Pts',(-9.0887605156847,-1.94690505946725,4.93932198413074));
#5935=CARTESIAN_POINT('Ctrl Pts',(-9.2139297076504,-0.28112460688,6.14328331977178));
#5936=CARTESIAN_POINT('Ctrl Pts',(-9.33909889961611,1.63860225908015,5.40969963584078));
#5937=CARTESIAN_POINT('Ctrl Pts',(-9.46426809158181,2.07741213371608,3.40185065944749));
#5938=CARTESIAN_POINT('Ctrl Pts',(-9.58943728354752,0.637579243322188,1.93455737837298));
#5939=CARTESIAN_POINT('Ctrl Pts',(-9.71460647551321,-1.37729185601687,2.33471332219951));
#5940=CARTESIAN_POINT('Ctrl Pts',(-9.83977566747894,-2.14967603864097,4.23965003752998));
#5941=CARTESIAN_POINT('Ctrl Pts',(-9.96494485944463,-0.973647654759018,
5.92923304449398));
#5942=CARTESIAN_POINT('Ctrl Pts',(-10.0483909874218,0.389372187670885,5.89074327083342));
#5943=CARTESIAN_POINT('Ctrl Pts',(-10.0901140514103,0.914120420408683,5.58883449676263));
#5944=CARTESIAN_POINT('Ctrl Pts',(-2.88336868324783,1.09608632661374,5.62235398055465));
#5945=CARTESIAN_POINT('Ctrl Pts',(-2.9250917472364,1.63190512077123,5.26034688416382));
#5946=CARTESIAN_POINT('Ctrl Pts',(-3.00853787521353,2.30803908186317,3.9703376103068));
#5947=CARTESIAN_POINT('Ctrl Pts',(-3.13370706717924,1.23808997593788,2.04938987924817));
#5948=CARTESIAN_POINT('Ctrl Pts',(-3.25887625914494,-0.952248776264926,
1.89729817879391));
#5949=CARTESIAN_POINT('Ctrl Pts',(-3.38404545111065,-2.28115506456039,3.64326885991764));
#5950=CARTESIAN_POINT('Ctrl Pts',(-3.50921464307636,-1.5482450550827,5.71313972417526));
#5951=CARTESIAN_POINT('Ctrl Pts',(-3.63438383504206,0.584424624053833,6.23361644697583));
#5952=CARTESIAN_POINT('Ctrl Pts',(-3.75955302700777,2.18869551522931,4.73531643822233));
#5953=CARTESIAN_POINT('Ctrl Pts',(-3.88472221897347,1.81445865359672,2.5720998840453));
#5954=CARTESIAN_POINT('Ctrl Pts',(-4.00989141093918,-0.200049038168769,
1.69979083932941));
#5955=CARTESIAN_POINT('Ctrl Pts',(-4.13506060290488,-2.03370276334961,2.90678725682151));
#5956=CARTESIAN_POINT('Ctrl Pts',(-4.26022979487059,-2.02892156189001,5.10206221953163));
#5957=CARTESIAN_POINT('Ctrl Pts',(-4.3853989868363,-0.190017922783388,6.30107234735649));
#5958=CARTESIAN_POINT('Ctrl Pts',(-4.510568178802,1.82065776584613,5.41995016404509));
#5959=CARTESIAN_POINT('Ctrl Pts',(-4.6357373707677,2.18548302603389,3.25520721881341));
#5960=CARTESIAN_POINT('Ctrl Pts',(-4.76090656273341,0.574659127691373,1.76374949135982));
#5961=CARTESIAN_POINT('Ctrl Pts',(-4.88607575469911,-1.55564902625836,2.29383253098842));
#5962=CARTESIAN_POINT('Ctrl Pts',(-5.01124494666482,-2.27967049177566,4.36626969394422));
#5963=CARTESIAN_POINT('Ctrl Pts',(-5.13641413863053,-0.942898935652668,
6.1076034474198));
#5964=CARTESIAN_POINT('Ctrl Pts',(-5.26158333059623,1.24624115944853,5.94369080395414));
#5965=CARTESIAN_POINT('Ctrl Pts',(-5.38675252256193,2.30879521014005,4.02270646425163));
#5966=CARTESIAN_POINT('Ctrl Pts',(-5.51192171452765,1.28422792301244,2.08119581270328));
#5967=CARTESIAN_POINT('Ctrl Pts',(-5.63709090649335,-0.901264969752909,
1.8742595735258));
#5968=CARTESIAN_POINT('Ctrl Pts',(-5.76226009845905,-2.27202586422922,3.58896549185168));
#5969=CARTESIAN_POINT('Ctrl Pts',(-5.88742929042477,-1.58890444709981,5.67524134045531));
#5970=CARTESIAN_POINT('Ctrl Pts',(-6.01259848239046,0.530566259201833,6.24712045533092));
#5971=CARTESIAN_POINT('Ctrl Pts',(-6.13776767435618,2.17041185624649,4.78763142931574));
#5972=CARTESIAN_POINT('Ctrl Pts',(-6.26293686632187,1.8482329058325,2.61613366989844));
#5973=CARTESIAN_POINT('Ctrl Pts',(-6.38810605828758,-0.144724942829396,
1.69563336566359));
#5974=CARTESIAN_POINT('Ctrl Pts',(-6.51327525025328,-2.00685329512087,2.85825101428451));
#5975=CARTESIAN_POINT('Ctrl Pts',(-6.638444442219,-2.05481194641844,5.05299513704806));
#5976=CARTESIAN_POINT('Ctrl Pts',(-6.7636136341847,-0.245246890278051,6.29584512913877));
#5977=CARTESIAN_POINT('Ctrl Pts',(-6.88878282615041,1.78601821752394,5.4632805003972));
#5978=CARTESIAN_POINT('Ctrl Pts',(-7.0139520181161,2.20274570752445,3.30792902187226));
#5979=CARTESIAN_POINT('Ctrl Pts',(-7.13912121008182,0.628219265474065,1.7782008531142));
#5980=CARTESIAN_POINT('Ctrl Pts',(-7.26429040204752,-1.51420936020295,2.25695068345036));
#5981=CARTESIAN_POINT('Ctrl Pts',(-7.38945959401323,-2.28781208766674,4.31139479597163));
#5982=CARTESIAN_POINT('Ctrl Pts',(-7.51462878597893,-0.993261982288759,
6.08434199219425));
#5983=CARTESIAN_POINT('Ctrl Pts',(-7.63979797794464,1.19918428730727,5.97307070678037));
#5984=CARTESIAN_POINT('Ctrl Pts',(-7.76496716991034,2.30758322583794,4.07816872943917));
#5985=CARTESIAN_POINT('Ctrl Pts',(-7.89013636187606,1.32995660609966,2.11260325695244));
#5986=CARTESIAN_POINT('Ctrl Pts',(-8.01530555384174,-0.849934060366228,
1.85322022129857));
#5987=CARTESIAN_POINT('Ctrl Pts',(-8.14047474580748,-2.26149465079102,3.53449877027439));
#5988=CARTESIAN_POINT('Ctrl Pts',(-8.26564393777315,-1.62869408969568,5.63658421909179));
#5989=CARTESIAN_POINT('Ctrl Pts',(-8.39081312973888,0.476427156755242,6.25921896526513));
#5990=CARTESIAN_POINT('Ctrl Pts',(-8.51598232170457,2.15086037816531,4.83954773085642));
#5991=CARTESIAN_POINT('Ctrl Pts',(-8.64115151367028,1.88095096579155,2.66093790124991));
#5992=CARTESIAN_POINT('Ctrl Pts',(-8.76632070563598,-0.0893287021027877,
1.69281959645884));
#5993=CARTESIAN_POINT('Ctrl Pts',(-8.89148989760169,-1.97882822979391,2.81036953742944));
#5994=CARTESIAN_POINT('Ctrl Pts',(-9.0166590895674,-2.07954639723696,5.00331736180246));
#5995=CARTESIAN_POINT('Ctrl Pts',(-9.1418282815331,-0.300277438064664,6.28930377689248));
#5996=CARTESIAN_POINT('Ctrl Pts',(-9.26699747349881,1.75023913354404,5.50574152788998));
#5997=CARTESIAN_POINT('Ctrl Pts',(-9.39216666546451,2.21894483104778,3.36109914548375));
#5998=CARTESIAN_POINT('Ctrl Pts',(-9.51733585743022,0.681017090153606,1.79384015588338));
#5999=CARTESIAN_POINT('Ctrl Pts',(-9.64250504939593,-1.47112582773164,2.22125845615998));
#6000=CARTESIAN_POINT('Ctrl Pts',(-9.76767424136162,-2.29613202741674,4.25597723408226));
#6001=CARTESIAN_POINT('Ctrl Pts',(-9.89284343332734,-1.03998161738117,6.06067039971931));
#6002=CARTESIAN_POINT('Ctrl Pts',(-9.97628956130447,0.415899854036454,6.01955834355764));
#6003=CARTESIAN_POINT('Ctrl Pts',(-10.018012625293,0.976398832422669,5.69708072691158));
#6004=CARTESIAN_POINT('Ctrl Pts',(-2.81126725713053,1.16599885987883,5.72583385607111));
#6005=CARTESIAN_POINT('Ctrl Pts',(-2.8529903211191,1.73599420415016,5.34073657731589));
#6006=CARTESIAN_POINT('Ctrl Pts',(-2.93643644909623,2.45525454762525,3.96844563085609));
#6007=CARTESIAN_POINT('Ctrl Pts',(-3.06160564106194,1.31706003926797,1.92497258505968));
#6008=CARTESIAN_POINT('Ctrl Pts',(-3.18677483302765,-1.01298680631858,1.76317990046832));
#6009=CARTESIAN_POINT('Ctrl Pts',(-3.31194402499335,-2.42665576597559,3.62051519800969));
#6010=CARTESIAN_POINT('Ctrl Pts',(-3.43711321695906,-1.64699798292041,5.82241025793346));
#6011=CARTESIAN_POINT('Ctrl Pts',(-3.56228240892476,0.621701437912402,6.37608495548564));
#6012=CARTESIAN_POINT('Ctrl Pts',(-3.68745160089047,2.32829879674123,4.78221770293056));
#6013=CARTESIAN_POINT('Ctrl Pts',(-3.81262079285617,1.93019169204235,2.4810230117844));
#6014=CARTESIAN_POINT('Ctrl Pts',(-3.93778998482188,-0.21280892276548,1.55307479556772));
#6015=CARTESIAN_POINT('Ctrl Pts',(-4.06295917678758,-2.16342002068758,2.83705801158094));
#6016=CARTESIAN_POINT('Ctrl Pts',(-4.18812836875329,-2.15833385610785,5.17235591785851));
#6017=CARTESIAN_POINT('Ctrl Pts',(-4.313297560719,-0.202137984885249,6.44784344843113));
#6018=CARTESIAN_POINT('Ctrl Pts',(-4.4384667526847,1.93678620712713,5.51051995829229));
#6019=CARTESIAN_POINT('Ctrl Pts',(-4.56363594465041,2.32488140282957,3.20770151709448));
#6020=CARTESIAN_POINT('Ctrl Pts',(-4.68880513661611,0.611313061241419,1.62111297243034));
#6021=CARTESIAN_POINT('Ctrl Pts',(-4.81397432858182,-1.65487420739268,2.18500671404605));
#6022=CARTESIAN_POINT('Ctrl Pts',(-4.93914352054752,-2.42507650152134,4.38963176090931));
#6023=CARTESIAN_POINT('Ctrl Pts',(-5.06431271251323,-1.0030405974943,6.24203437001197));
#6024=CARTESIAN_POINT('Ctrl Pts',(-5.18948190447894,1.32573113610525,6.06766675793609));
#6025=CARTESIAN_POINT('Ctrl Pts',(-5.31465109644464,2.45605890462466,4.02415476845794));
#6026=CARTESIAN_POINT('Ctrl Pts',(-5.43982028841035,1.36614083918296,1.95880722129733));
#6027=CARTESIAN_POINT('Ctrl Pts',(-5.56498948037604,-0.958751059715528,
1.73867180578312));
#6028=CARTESIAN_POINT('Ctrl Pts',(-5.69015867234177,-2.41694427070438,3.56274815565627));
#6029=CARTESIAN_POINT('Ctrl Pts',(-5.81532786430745,-1.69025078480671,5.78209457190057));
#6030=CARTESIAN_POINT('Ctrl Pts',(-5.94049705627317,0.564407782761733,6.39045030058986));
#6031=CARTESIAN_POINT('Ctrl Pts',(-6.06566624823887,2.30884893680708,4.83786954210454));
#6032=CARTESIAN_POINT('Ctrl Pts',(-6.19083544020458,1.96612019388019,2.52786543911357));
#6033=CARTESIAN_POINT('Ctrl Pts',(-6.31600463217028,-0.153956047290945,
1.54865214250052));
#6034=CARTESIAN_POINT('Ctrl Pts',(-6.44117382413599,-2.13485799178263,2.78542594384427));
#6035=CARTESIAN_POINT('Ctrl Pts',(-6.56634301610169,-2.18587562732513,5.12015915119491));
#6036=CARTESIAN_POINT('Ctrl Pts',(-6.6915122080674,-0.260889664901192,6.44228281845681));
#6037=CARTESIAN_POINT('Ctrl Pts',(-6.81668140003311,1.89993721734439,5.55661406744955));
#6038=CARTESIAN_POINT('Ctrl Pts',(-6.94185059199881,2.34324516346385,3.26378611624034));
#6039=CARTESIAN_POINT('Ctrl Pts',(-7.06701978396452,0.668289467271871,1.63648609671824));
#6040=CARTESIAN_POINT('Ctrl Pts',(-7.19218897593023,-1.61079136263751,2.14577240271909));
#6041=CARTESIAN_POINT('Ctrl Pts',(-7.31735816789592,-2.4337373992044,4.33125673430928));
#6042=CARTESIAN_POINT('Ctrl Pts',(-7.44252735986164,-1.05661598980772,6.21728921115582));
#6043=CARTESIAN_POINT('Ctrl Pts',(-7.56769655182734,1.27567279860579,6.09892062213177));
#6044=CARTESIAN_POINT('Ctrl Pts',(-7.69286574379305,2.45476961537787,4.08315462677637));
#6045=CARTESIAN_POINT('Ctrl Pts',(-7.81803493575875,1.41478627070494,1.99221795117968));
#6046=CARTESIAN_POINT('Ctrl Pts',(-7.94320412772446,-0.904146070703099,
1.71629048406247));
#6047=CARTESIAN_POINT('Ctrl Pts',(-8.06837331969016,-2.40574133662526,3.50480734048649));
#6048=CARTESIAN_POINT('Ctrl Pts',(-8.19354251165587,-1.73257836136276,5.74097175306629));
#6049=CARTESIAN_POINT('Ctrl Pts',(-8.31871170362156,0.506815483510442,6.40332049926582));
#6050=CARTESIAN_POINT('Ctrl Pts',(-8.44388089558729,2.28805039147531,4.89309726179754));
#6051=CARTESIAN_POINT('Ctrl Pts',(-8.56905008755298,2.0009251355015,2.57552745387017));
#6052=CARTESIAN_POINT('Ctrl Pts',(-8.69421927951869,-0.0950264247233983,
1.5456589004492));
#6053=CARTESIAN_POINT('Ctrl Pts',(-8.81938847148439,-2.10504538174833,2.73449040522223));
#6054=CARTESIAN_POINT('Ctrl Pts',(-8.9445576634501,-2.21218773500667,5.0673127394742));
#6055=CARTESIAN_POINT('Ctrl Pts',(-9.06972685541581,-0.319430269249331,
6.43532423401318));
#6056=CARTESIAN_POINT('Ctrl Pts',(-9.19489604738151,1.86187600800793,5.60178341993919));
#6057=CARTESIAN_POINT('Ctrl Pts',(-9.32006523934722,2.36047752837947,3.32034763152));
#6058=CARTESIAN_POINT('Ctrl Pts',(-9.44523443131291,0.724454936985027,1.65312293339378));
#6059=CARTESIAN_POINT('Ctrl Pts',(-9.57040362327864,-1.56495979944642,2.10780359012045));
#6060=CARTESIAN_POINT('Ctrl Pts',(-9.69557281524432,-2.44258801619251,4.27230443063454));
#6061=CARTESIAN_POINT('Ctrl Pts',(-9.82074200721004,-1.10631558000332,6.19210775494465));
#6062=CARTESIAN_POINT('Ctrl Pts',(-9.90418813518717,0.442427520402022,6.14837341628186));
#6063=CARTESIAN_POINT('Ctrl Pts',(-9.94591119917574,1.03867724443666,5.80532695706054));
#6064=CARTESIAN_POINT('Ctrl Pts',(-2.83222319669635,1.43384996622048,5.5085233764815));
#6065=CARTESIAN_POINT('Ctrl Pts',(-2.86696094749631,1.84605602928038,5.11105628658181));
#6066=CARTESIAN_POINT('Ctrl Pts',(-2.94342176228484,2.39173536222853,3.85440559438069));
#6067=CARTESIAN_POINT('Ctrl Pts',(-3.0283673100808,1.61930442700889,2.46761117192406));
#6068=CARTESIAN_POINT('Ctrl Pts',(-3.07857510707679,0.875104616671134,2.10206894720296));
#6069=CARTESIAN_POINT('Ctrl Pts',(-3.08705984008422,0.744080752824412,2.05345712415264));
#6070=CARTESIAN_POINT('Ctrl Pts',(-3.94469775405621,1.70669131433874,4.0013157261465));
#6071=CARTESIAN_POINT('Ctrl Pts',(-3.93105046245159,1.70802717850003,4.18619679576864));
#6072=CARTESIAN_POINT('Ctrl Pts',(-3.91740317084698,1.68030485880448,4.37068611919962));
#6073=CARTESIAN_POINT('Ctrl Pts',(-3.90375587924236,1.62180323031067,4.54483144895779));
#6074=CARTESIAN_POINT('Ctrl Pts',(-3.86203281525379,1.44294963358254,5.07723574918931));
#6075=CARTESIAN_POINT('Ctrl Pts',(-3.82030975126523,0.976410314959615,5.51295758957277));
#6076=CARTESIAN_POINT('Ctrl Pts',(-3.77858668727666,0.433038956357489,5.65513838088159));
#6077=CARTESIAN_POINT('Ctrl Pts',(-3.73686362328809,-0.110332402244637,
5.79731917219042));
#6078=CARTESIAN_POINT('Ctrl Pts',(-3.69514055929952,-0.730535800825969,
5.64595891442463));
#6079=CARTESIAN_POINT('Ctrl Pts',(-3.65341749531095,-1.14720657717041,5.26930837338752));
#6080=CARTESIAN_POINT('Ctrl Pts',(-3.61169443132238,-1.56387735351485,4.89265783235041));
#6081=CARTESIAN_POINT('Ctrl Pts',(-3.56997136733381,-1.77701550762241,4.29071700804199));
#6082=CARTESIAN_POINT('Ctrl Pts',(-3.52824830334525,-1.6903544270808,3.73587302117302));
#6083=CARTESIAN_POINT('Ctrl Pts',(-3.48652523935668,-1.60369334653919,3.18102903430406));
#6084=CARTESIAN_POINT('Ctrl Pts',(-3.44480217536811,-1.2172330313484,2.67328188487456));
#6085=CARTESIAN_POINT('Ctrl Pts',(-3.40307911137954,-0.70551577951379,2.44152326552316));
#6086=CARTESIAN_POINT('Ctrl Pts',(-3.36135604739097,-0.193798527679178,
2.20976464617176));
#6087=CARTESIAN_POINT('Ctrl Pts',(-3.3196329834024,0.443175660799259,2.25399455689846));
#6088=CARTESIAN_POINT('Ctrl Pts',(-3.27790991941383,0.917239138548696,2.55542569585898));
#6089=CARTESIAN_POINT('Ctrl Pts',(-3.23618685542526,1.39130261629813,2.85685683481951));
#6090=CARTESIAN_POINT('Ctrl Pts',(-3.1944637914367,1.70245538331857,3.41548920201385));
#6091=CARTESIAN_POINT('Ctrl Pts',(-3.15274072744813,1.71056146774738,3.97616686777389));
#6092=CARTESIAN_POINT('Ctrl Pts',(-3.15214306965082,1.71067758253142,3.98419823811643));
#6093=CARTESIAN_POINT('Ctrl Pts',(-3.15154541185351,1.71073151565341,3.9922300281305));
#6094=CARTESIAN_POINT('Ctrl Pts',(-3.15094775405621,1.71072365074243,4.00026150612707));
#6095=CARTESIAN_POINT('Ctrl Pts',(-3.72839347570431,2.08102137956545,4.00160430548717));
#6096=CARTESIAN_POINT('Ctrl Pts',(-3.75646924808827,2.07767042064414,3.53783793793014));
#6097=CARTESIAN_POINT('Ctrl Pts',(-3.82626808446079,1.69653871530057,2.3798481164143));
#6098=CARTESIAN_POINT('Ctrl Pts',(-3.93778998482188,-0.21280892276548,1.55307479556772));
#6099=CARTESIAN_POINT('Ctrl Pts',(-4.06295917678758,-2.16342002068758,2.83705801158094));
#6100=CARTESIAN_POINT('Ctrl Pts',(-4.18812836875329,-2.15833385610785,5.17235591785851));
#6101=CARTESIAN_POINT('Ctrl Pts',(-4.313297560719,-0.202137984885249,6.44784344843113));
#6102=CARTESIAN_POINT('Ctrl Pts',(-4.42463592970267,1.70044145322144,5.61409141278056));
#6103=CARTESIAN_POINT('Ctrl Pts',(-4.49425123469778,2.07768424936264,4.45920862078276));
#6104=CARTESIAN_POINT('Ctrl Pts',(-4.52214347570431,2.08095329259018,3.99843866987114));
#6105=CARTESIAN_POINT('Origin',(-0.950268475704319,-5.81871623550961E-17,
4.));
#6106=CARTESIAN_POINT('Ctrl Pts',(-2.72928778411723,1.62222476601377,5.30630878758874));
#6107=CARTESIAN_POINT('Ctrl Pts',(-2.76357055494983,1.97672611654393,4.86607530230623));
#6108=CARTESIAN_POINT('Ctrl Pts',(-2.83213609661504,2.30528844013121,3.68408585532804));
#6109=CARTESIAN_POINT('Ctrl Pts',(-2.90070163828024,1.67085384720608,2.63406442671394));
#6110=CARTESIAN_POINT('Ctrl Pts',(-2.93498440911284,1.21098782746341,2.30543093332391));
#6111=CARTESIAN_POINT('Origin',(-0.950268475704319,-5.81871623550961E-17,
4.));
#6112=CARTESIAN_POINT('Ctrl Pts',(-3.60868124593149,2.08072151100311,4.00160401726384));
#6113=CARTESIAN_POINT('Ctrl Pts',(-3.636093928334,2.07769028310646,3.54861875861109));
#6114=CARTESIAN_POINT('Ctrl Pts',(-3.70523192378194,1.71062415542607,2.40148304614269));
#6115=CARTESIAN_POINT('Ctrl Pts',(-3.81609523227528,-0.174429971422313,
1.55008520937));
#6116=CARTESIAN_POINT('Ctrl Pts',(-3.94127117141154,-2.14498396877596,2.80329636433837));
#6117=CARTESIAN_POINT('Ctrl Pts',(-4.06644711054779,-2.17639445761209,5.13861951541733));
#6118=CARTESIAN_POINT('Ctrl Pts',(-4.19162304968404,-0.240132848194187,
6.44443916928291));
#6119=CARTESIAN_POINT('Ctrl Pts',(-4.30361776147861,1.68645405441166,5.63555470018755));
#6120=CARTESIAN_POINT('Ctrl Pts',(-4.37388716022775,2.07765350964881,4.46974375868581));
#6121=CARTESIAN_POINT('Ctrl Pts',(-4.40243124593148,2.08121358084933,3.99835359914376));
#6122=CARTESIAN_POINT('Ctrl Pts',(-2.72928778411723,1.62222476601377,5.30630878758874));
#6123=CARTESIAN_POINT('Ctrl Pts',(-2.76357055494983,1.97672611654393,4.86607530230623));
#6124=CARTESIAN_POINT('Ctrl Pts',(-2.83213609661504,2.30528844013121,3.68408585532804));
#6125=CARTESIAN_POINT('Ctrl Pts',(-2.90070163828024,1.67085384720608,2.63406442671394));
#6126=CARTESIAN_POINT('Ctrl Pts',(-2.93498440911284,1.21098782746341,2.30543093332391));
#6127=CARTESIAN_POINT('Ctrl Pts',(-2.67106660925588,1.54368220634203,5.24306179614315));
#6128=CARTESIAN_POINT('Ctrl Pts',(-2.70534938008848,1.88101981725913,4.82414290641589));
#6129=CARTESIAN_POINT('Ctrl Pts',(-2.77391492175369,2.19367427995876,3.69938133477015));
#6130=CARTESIAN_POINT('Ctrl Pts',(-2.84248046341889,1.58995683419881,2.70019834263004));
#6131=CARTESIAN_POINT('Ctrl Pts',(-2.87676323425149,1.15235594999922,2.38747615592543));
#6132=CARTESIAN_POINT('Ctrl Pts',(-2.61284543439453,1.46513964667029,5.17981480469756));
#6133=CARTESIAN_POINT('Ctrl Pts',(-2.64712820522714,1.78531351797433,4.78221051052555));
#6134=CARTESIAN_POINT('Ctrl Pts',(-2.71569374689234,2.08206011978632,3.71467681421226));
#6135=CARTESIAN_POINT('Ctrl Pts',(-2.78425928855754,1.50905982119154,2.76633225854613));
#6136=CARTESIAN_POINT('Ctrl Pts',(-2.81854205939014,1.09372407253503,2.46952137852694));
#6137=CARTESIAN_POINT('Ctrl Pts',(-2.55462425953318,1.38659708699856,5.11656781325196));
#6138=CARTESIAN_POINT('Ctrl Pts',(-2.58890703036579,1.68960721868953,4.74027811463521));
#6139=CARTESIAN_POINT('Ctrl Pts',(-2.65747257203099,1.97044595961387,3.72997229365437));
#6140=CARTESIAN_POINT('Ctrl Pts',(-2.72603811369619,1.42816280818427,2.83246617446224));
#6141=CARTESIAN_POINT('Ctrl Pts',(-2.76032088452879,1.03509219507084,2.55156660112845));
#6142=CARTESIAN_POINT('Ctrl Pts',(-2.6763498608179,1.70730710168953,4.94761624936696));
#6143=CARTESIAN_POINT('Ctrl Pts',(-2.6763498608179,1.73469803867153,4.88117332718608));
#6144=CARTESIAN_POINT('Ctrl Pts',(-2.6763498608179,1.75835455404947,4.81335862725338));
#6145=CARTESIAN_POINT('Ctrl Pts',(-2.6763498608179,1.77823054073547,4.74450872436473));
#6146=CARTESIAN_POINT('Ctrl Pts',(-2.6763498608179,1.79803814934123,4.67589568137432));
#6147=CARTESIAN_POINT('Ctrl Pts',(-2.6763498608179,1.81409118521821,4.6062534833336));
#6148=CARTESIAN_POINT('Ctrl Pts',(-2.6763498608179,1.82629269277527,4.5359147099084));
#6149=CARTESIAN_POINT('Ctrl Pts',(-2.6763498608179,1.83754957992769,4.47102144723702));
#6150=CARTESIAN_POINT('Ctrl Pts',(-2.6763498608179,1.84552768173336,4.40553466993851));
#6151=CARTESIAN_POINT('Ctrl Pts',(-2.6763498608179,1.85011198465333,4.33972665267087));
#6152=CARTESIAN_POINT('Ctrl Pts',(-2.6763498608179,1.85128945926111,4.32282391507402));
#6153=CARTESIAN_POINT('Ctrl Pts',(-2.6763498608179,1.85224284768439,4.30590007054694));
#6154=CARTESIAN_POINT('Ctrl Pts',(-2.6763498608179,1.85296980233776,4.28895993349481));
#6155=CARTESIAN_POINT('Ctrl Pts',(-2.6763498608179,1.85346345568897,4.27745638869076));
#6156=CARTESIAN_POINT('Ctrl Pts',(-2.6763498608179,1.85385247955182,4.26594882325108));
#6157=CARTESIAN_POINT('Ctrl Pts',(-2.6763498608179,1.85413622515903,4.25444850493138));
#6158=CARTESIAN_POINT('Ctrl Pts',(-2.6763498608179,1.85583426519615,4.18562629077052));
#6159=CARTESIAN_POINT('Ctrl Pts',(-2.6763498608179,1.85377081534281,4.11695930332435));
#6160=CARTESIAN_POINT('Ctrl Pts',(-2.6763498608179,1.84787266679663,4.04875066819215));
#6161=CARTESIAN_POINT('Ctrl Pts',(-2.6763498608179,1.84211613218882,3.98217971535561));
#6162=CARTESIAN_POINT('Ctrl Pts',(-2.6763498608179,1.83270660868621,3.91604456373508));
#6163=CARTESIAN_POINT('Ctrl Pts',(-2.6763498608179,1.8195297132678,3.85064341916642));
#6164=CARTESIAN_POINT('Ctrl Pts',(-2.6763498608179,1.81298191963807,3.81814462607553));
#6165=CARTESIAN_POINT('Ctrl Pts',(-2.6763498608179,1.80550316417363,3.78582740860786));
#6166=CARTESIAN_POINT('Ctrl Pts',(-2.6763498608179,1.79707524643407,3.75373082192005));
#6167=CARTESIAN_POINT('Ctrl Pts',(-2.6763498608179,1.78568606632424,3.71035666735487));
#6168=CARTESIAN_POINT('Ctrl Pts',(-2.6763498608179,1.77256361995477,3.66738511824566));
#6169=CARTESIAN_POINT('Ctrl Pts',(-2.6763498608179,1.75775342479556,3.62490532382079));
#6170=CARTESIAN_POINT('Ctrl Pts',(-2.6763498608179,1.75367269088809,3.61320063420472));
#6171=CARTESIAN_POINT('Ctrl Pts',(-2.6763498608179,1.74946378990243,3.60153332239844));
#6172=CARTESIAN_POINT('Ctrl Pts',(-2.6763498608179,1.74512760165555,3.58990535777951));
#6173=CARTESIAN_POINT('Ctrl Pts',(-2.6763498608179,1.74092109915719,3.57862515972641));
#6174=CARTESIAN_POINT('Ctrl Pts',(-2.6763498608179,1.73659733188576,3.56738888666551));
#6175=CARTESIAN_POINT('Ctrl Pts',(-2.6763498608179,1.73216008940787,3.55620435838821));
#6176=CARTESIAN_POINT('Ctrl Pts',(-2.6763498608179,1.72457081742883,3.53707481397482));
#6177=CARTESIAN_POINT('Ctrl Pts',(-2.6763498608179,1.71664737168212,3.51809059139631));
#6178=CARTESIAN_POINT('Ctrl Pts',(-2.6763498608179,1.70839641094983,3.49925887256282));
#6179=CARTESIAN_POINT('Origin',(-2.6763498608179,4.23270377358282E-16,4.));
#6180=CARTESIAN_POINT('Origin',(-2.6763498608179,4.23270377358282E-16,4.));
#6181=CARTESIAN_POINT('Ctrl Pts',(-2.6763498608179,-1.7081499999995,3.49840380706745));
#6182=CARTESIAN_POINT('Ctrl Pts',(-2.6763498608179,-1.73462389545106,3.5596642495524));
#6183=CARTESIAN_POINT('Ctrl Pts',(-2.6763498608179,-1.7573851097561,3.62233798464605));
#6184=CARTESIAN_POINT('Ctrl Pts',(-2.6763498608179,-1.77652747262628,3.68610411455757));
#6185=CARTESIAN_POINT('Ctrl Pts',(-2.6763498608179,-1.79194574188059,3.73746472071409));
#6186=CARTESIAN_POINT('Ctrl Pts',(-2.6763498608179,-1.80501552845225,3.78953497447567));
#6187=CARTESIAN_POINT('Ctrl Pts',(-2.6763498608179,-1.81576565505507,3.84216116591671));
#6188=CARTESIAN_POINT('Ctrl Pts',(-2.6763498608179,-1.8186832425587,3.85644392966316));
#6189=CARTESIAN_POINT('Ctrl Pts',(-2.6763498608179,-1.82142986285846,3.8707676986135));
#6190=CARTESIAN_POINT('Ctrl Pts',(-2.6763498608179,-1.82400585426391,3.88512951284588));
#6191=CARTESIAN_POINT('Ctrl Pts',(-2.6763498608179,-1.82597821492346,3.89612593050931));
#6192=CARTESIAN_POINT('Ctrl Pts',(-2.6763498608179,-1.82785030537135,3.90714368547489));
#6193=CARTESIAN_POINT('Ctrl Pts',(-2.6763498608179,-1.8296208512931,3.91817131637756));
#6194=CARTESIAN_POINT('Ctrl Pts',(-2.6763498608179,-1.84049812982735,3.98591912874874));
#6195=CARTESIAN_POINT('Ctrl Pts',(-2.6763498608179,-1.84756497103797,4.05413819186457));
#6196=CARTESIAN_POINT('Ctrl Pts',(-2.6763498608179,-1.85092341791331,4.12249808922389));
#6197=CARTESIAN_POINT('Ctrl Pts',(-2.6763498608179,-1.85437238950949,4.19270058253732));
#6198=CARTESIAN_POINT('Ctrl Pts',(-2.6763498608179,-1.85391070383916,4.26305244133153));
#6199=CARTESIAN_POINT('Ctrl Pts',(-2.6763498608179,-1.84960063720022,4.33322244703891));
#6200=CARTESIAN_POINT('Ctrl Pts',(-2.6763498608179,-1.84636808722102,4.38584995131945));
#6201=CARTESIAN_POINT('Ctrl Pts',(-2.6763498608179,-1.84096983407281,4.43837581758386));
#6202=CARTESIAN_POINT('Ctrl Pts',(-2.6763498608179,-1.83341339248518,4.49066517847818));
#6203=CARTESIAN_POINT('Ctrl Pts',(-2.6763498608179,-1.8293911943044,4.51849814321749));
#6204=CARTESIAN_POINT('Ctrl Pts',(-2.6763498608179,-1.8247572410764,4.54626414156096));
#6205=CARTESIAN_POINT('Ctrl Pts',(-2.6763498608179,-1.81951075173151,4.57394290799481));
#6206=CARTESIAN_POINT('Ctrl Pts',(-2.6763498608179,-1.81709727121381,4.58667564395414));
#6207=CARTESIAN_POINT('Ctrl Pts',(-2.6763498608179,-1.81455414909318,4.59938991932503));
#6208=CARTESIAN_POINT('Ctrl Pts',(-2.6763498608179,-1.81188121304437,4.61208375234393));
#6209=CARTESIAN_POINT('Ctrl Pts',(-2.6763498608179,-1.80957523983476,4.62303487064019));
#6210=CARTESIAN_POINT('Ctrl Pts',(-2.6763498608179,-1.8071747015764,4.63396103059895));
#6211=CARTESIAN_POINT('Ctrl Pts',(-2.6763498608179,-1.80467991509837,4.64486125169418));
#6212=CARTESIAN_POINT('Ctrl Pts',(-2.6763498608179,-1.78843839961583,4.71582368124103));
#6213=CARTESIAN_POINT('Ctrl Pts',(-2.6763498608179,-1.76820679843469,4.78568397342433));
#6214=CARTESIAN_POINT('Ctrl Pts',(-2.6763498608179,-1.74406025877802,4.8540974940996));
#6215=CARTESIAN_POINT('Ctrl Pts',(-2.6763498608179,-1.73288703827771,4.88575417710993));
#6216=CARTESIAN_POINT('Ctrl Pts',(-2.6763498608179,-1.72087486075155,4.91710129602239));
#6217=CARTESIAN_POINT('Ctrl Pts',(-2.6763498608179,-1.70802745933987,4.9481053377117));
#6218=CARTESIAN_POINT('Ctrl Pts',(-2.71799061458567,-1.63894804083054,3.51872487914112));
#6219=CARTESIAN_POINT('Ctrl Pts',(-2.75345528734525,-1.77405742008685,3.978830217715));
#6220=CARTESIAN_POINT('Ctrl Pts',(-2.78891996010482,-1.70366531012665,4.49522964422405));
#6221=CARTESIAN_POINT('Ctrl Pts',(-2.82438463286439,-1.45033666630872,4.90238571401619));
#6222=CARTESIAN_POINT('Ctrl Pts',(-2.67074503645153,-1.71746454865329,3.49566860105883));
#6223=CARTESIAN_POINT('Ctrl Pts',(-2.7062097092111,-1.85904656546066,3.97781604439469));
#6224=CARTESIAN_POINT('Ctrl Pts',(-2.74167438197067,-1.78528220542622,4.51895443675321));
#6225=CARTESIAN_POINT('Ctrl Pts',(-2.77713905473025,-1.51981743529524,4.94561598929557));
#6226=CARTESIAN_POINT('Ctrl Pts',(-2.62349945831739,-1.79598105647605,3.47261232297654));
#6227=CARTESIAN_POINT('Ctrl Pts',(-2.65896413107696,-1.94403571083447,3.97680187107438));
#6228=CARTESIAN_POINT('Ctrl Pts',(-2.69442880383653,-1.8668991007258,4.54267922928237));
#6229=CARTESIAN_POINT('Ctrl Pts',(-2.7298934765961,-1.58929820428176,4.98884626457494));
#6230=CARTESIAN_POINT('Ctrl Pts',(-2.57625388018324,-1.8744975642988,3.44955604489425));
#6231=CARTESIAN_POINT('Ctrl Pts',(-2.61171855294282,-2.02902485620827,3.97578769775407));
#6232=CARTESIAN_POINT('Ctrl Pts',(-2.64718322570239,-1.94851599602538,4.56640402181153));
#6233=CARTESIAN_POINT('Ctrl Pts',(-2.68264789846196,-1.65877897326827,5.03207653985431));
#6234=CARTESIAN_POINT('Ctrl Pts',(-3.06503959745778,-0.828346102795099,
2.08900586762173));
#6235=CARTESIAN_POINT('Ctrl Pts',(-3.1067649105032,-1.45952880346032,2.36260049640117));
#6236=CARTESIAN_POINT('Ctrl Pts',(-3.19021553659403,-2.41916337068729,3.57912723832179));
#6237=CARTESIAN_POINT('Ctrl Pts',(-3.31539147573029,-1.6763962153056,5.79730372371625));
#6238=CARTESIAN_POINT('Ctrl Pts',(-3.44056741486653,0.584270409742867,6.38502611114442));
#6239=CARTESIAN_POINT('Ctrl Pts',(-3.56574335400279,2.31553277453297,4.81926221278821));
#6240=CARTESIAN_POINT('Ctrl Pts',(-3.69091929313904,1.9539876615862,2.51139987014422));
#6241=CARTESIAN_POINT('Ctrl Pts',(-3.81609523227528,-0.174429971422313,
1.55008520937));
#6242=CARTESIAN_POINT('Ctrl Pts',(-3.94127117141154,-2.14498396877596,2.80329636433837));
#6243=CARTESIAN_POINT('Ctrl Pts',(-4.06644711054779,-2.17639445761209,5.13861951541733));
#6244=CARTESIAN_POINT('Ctrl Pts',(-4.19162304968404,-0.240132848194187,
6.44443916928291));
#6245=CARTESIAN_POINT('Ctrl Pts',(-4.31679898882029,1.91320386741483,5.54035297227148));
#6246=CARTESIAN_POINT('Ctrl Pts',(-4.44197492795654,2.33686998612639,3.24364149082971));
#6247=CARTESIAN_POINT('Ctrl Pts',(-4.5671508670928,0.647820395939558,1.63075072705618));
#6248=CARTESIAN_POINT('Ctrl Pts',(-4.69232680622905,-1.62690512856301,2.15983502546236));
#6249=CARTESIAN_POINT('Ctrl Pts',(-4.81750274536529,-2.43078558272888,4.35257333014602));
#6250=CARTESIAN_POINT('Ctrl Pts',(-4.94267868450155,-1.03704888064888,6.22655627434832));
#6251=CARTESIAN_POINT('Ctrl Pts',(-5.0678546236378,1.29425893778705,6.08756296868672));
#6252=CARTESIAN_POINT('Ctrl Pts',(-5.19303056277405,2.45545783361558,4.06125235726108));
#6253=CARTESIAN_POINT('Ctrl Pts',(-5.3182065019103,1.39673473770903,1.97956521884296));
#6254=CARTESIAN_POINT('Ctrl Pts',(-5.44338244104656,-0.92474342597367,1.72450564946082));
#6255=CARTESIAN_POINT('Ctrl Pts',(-5.5685583801828,-2.41018277069009,3.52666725880847));
#6256=CARTESIAN_POINT('Ctrl Pts',(-5.69373431931906,-1.71663235513481,5.75675786199849));
#6257=CARTESIAN_POINT('Ctrl Pts',(-5.8189102584553,0.528885121390928,6.39860488637778));
#6258=CARTESIAN_POINT('Ctrl Pts',(-5.94408619759156,2.29624996285103,4.87192945087716));
#6259=CARTESIAN_POINT('Ctrl Pts',(-6.06926213672781,1.98762904004704,2.55696304482211));
#6260=CARTESIAN_POINT('Ctrl Pts',(-6.19443807586405,-0.117960701698731,
1.54661251861746));
#6261=CARTESIAN_POINT('Ctrl Pts',(-6.31961401500031,-2.11690493902203,2.7543121025537));
#6262=CARTESIAN_POINT('Ctrl Pts',(-6.44478995413656,-2.2020050459761,5.0882089118139));
#6263=CARTESIAN_POINT('Ctrl Pts',(-6.56996589327281,-0.296324011448494,
6.43828155456279));
#6264=CARTESIAN_POINT('Ctrl Pts',(-6.69514183240906,1.87725661548828,5.58396100289354));
#6265=CARTESIAN_POINT('Ctrl Pts',(-6.82031777154532,2.35365354353823,3.29761844041486));
#6266=CARTESIAN_POINT('Ctrl Pts',(-6.94549371068156,0.702167478677968,1.6462825805575));
#6267=CARTESIAN_POINT('Ctrl Pts',(-7.07066964981782,-1.58413174398133,2.12288746244117));
#6268=CARTESIAN_POINT('Ctrl Pts',(-7.19584558895406,-2.43825459121277,4.29654578613982));
#6269=CARTESIAN_POINT('Ctrl Pts',(-7.32102152809032,-1.08800862416607,6.20210401501394));
#6270=CARTESIAN_POINT('Ctrl Pts',(-7.44619746722656,1.24588044025113,6.11679162913681));
#6271=CARTESIAN_POINT('Ctrl Pts',(-7.57137340636282,2.45339819391534,4.11773754915979));
#6272=CARTESIAN_POINT('Ctrl Pts',(-7.69654934549906,1.44285617554022,2.01223972050935));
#6273=CARTESIAN_POINT('Ctrl Pts',(-7.82172528463533,-0.872138328334297,
1.70382934443723));
#6274=CARTESIAN_POINT('Ctrl Pts',(-7.94690122377157,-2.39865293539064,3.47133306517805));
#6275=CARTESIAN_POINT('Ctrl Pts',(-8.07207716290781,-1.75660180593189,5.71679210137131));
#6276=CARTESIAN_POINT('Ctrl Pts',(-8.19725310204409,0.473552129436966,6.41013977332841));
#6277=CARTESIAN_POINT('Ctrl Pts',(-8.32242904118031,2.27557812464597,4.92453632828988));
#6278=CARTESIAN_POINT('Ctrl Pts',(-8.44760498031659,2.0203083601643,2.60308173747243));
#6279=CARTESIAN_POINT('Ctrl Pts',(-8.57278091945281,-0.0614769016865885,
1.54454728788789));
#6280=CARTESIAN_POINT('Ctrl Pts',(-8.69795685858909,-2.08767836251996,2.70593182660027));
#6281=CARTESIAN_POINT('Ctrl Pts',(-8.82313279772532,-2.2264663910851,5.03724969791324));
#6282=CARTESIAN_POINT('Ctrl Pts',(-8.94830873686159,-0.352343685490495,
6.43082089936131));
#6283=CARTESIAN_POINT('Ctrl Pts',(-9.07348467599783,1.84029652336246,5.62673149081413));
#6284=CARTESIAN_POINT('Ctrl Pts',(-9.19866061513408,2.36922187596377,3.35197612816462));
#6285=CARTESIAN_POINT('Ctrl Pts',(-9.32383655427033,0.756085386933446,1.66303814631531));
#6286=CARTESIAN_POINT('Ctrl Pts',(-9.44901249340659,-1.54041065494524,2.0869805776184));
#6287=CARTESIAN_POINT('Ctrl Pts',(-9.57418843254282,-2.44464076024972,4.24027001802861));
#6288=CARTESIAN_POINT('Ctrl Pts',(-9.6993643716791,-1.13799218326984,6.17666175462696));
#6289=CARTESIAN_POINT('Ctrl Pts',(-9.82454031081533,1.1960719493173,6.14455901168469));
#6290=CARTESIAN_POINT('Ctrl Pts',(-9.94971624995159,2.4515382321204,4.17482918070866));
#6291=CARTESIAN_POINT('Ctrl Pts',(-10.0748921890878,1.48515355887862,2.04454501403179));
#6292=CARTESIAN_POINT('Ctrl Pts',(-10.1583428151787,-0.0459947070199689,
1.8070143754593));
#6293=CARTESIAN_POINT('Ctrl Pts',(-10.2000681282241,-0.694547156083162,
2.03641651871462));
#6294=CARTESIAN_POINT('Ctrl Pts',(-2.99293817134049,-0.778679009233198,
2.20358783287612));
#6295=CARTESIAN_POINT('Ctrl Pts',(-3.0346634843859,-1.37201640569186,2.46077790566167));
#6296=CARTESIAN_POINT('Ctrl Pts',(-3.11811411047673,-2.27411190842047,3.60436249537364));
#6297=CARTESIAN_POINT('Ctrl Pts',(-3.24329004961299,-1.57588058857488,5.68953856142025));
#6298=CARTESIAN_POINT('Ctrl Pts',(-3.36846598874924,0.549237935987958,6.2420214967567));
#6299=CARTESIAN_POINT('Ctrl Pts',(-3.49364192788549,2.17669493540955,4.7701397833629));
#6300=CARTESIAN_POINT('Ctrl Pts',(-3.61881786702174,1.83682783228378,2.60065536573516));
#6301=CARTESIAN_POINT('Ctrl Pts',(-3.74399380615799,-0.163971263786217,
1.69698050677566));
#6302=CARTESIAN_POINT('Ctrl Pts',(-3.86916974529424,-2.01637212511968,2.87504993598881));
#6303=CARTESIAN_POINT('Ctrl Pts',(-3.99434568443049,-2.04589926147478,5.07034862983845));
#6304=CARTESIAN_POINT('Ctrl Pts',(-4.11952162356675,-0.225734638800432,
6.29787218657184));
#6305=CARTESIAN_POINT('Ctrl Pts',(-4.24469756270299,1.79848940788488,5.44799440990967));
#6306=CARTESIAN_POINT('Ctrl Pts',(-4.36987350183925,2.19675278167369,3.28899225509907));
#6307=CARTESIAN_POINT('Ctrl Pts',(-4.4950494409755,0.608977506345623,1.77280937248675));
#6308=CARTESIAN_POINT('Ctrl Pts',(-4.62022538011175,-1.52935695520405,2.27017012048037));
#6309=CARTESIAN_POINT('Ctrl Pts',(-4.745401319248,-2.28503726018721,4.33143326258645));
#6310=CARTESIAN_POINT('Ctrl Pts',(-4.87057725838425,-0.974868104268508,
6.09305340830509));
#6311=CARTESIAN_POINT('Ctrl Pts',(-4.9957531975205,1.21665601367177,5.9623940508488));
#6312=CARTESIAN_POINT('Ctrl Pts',(-5.12092913665676,2.30823017895773,4.05757970575863));
#6313=CARTESIAN_POINT('Ctrl Pts',(-5.246105075793,1.31298743128136,2.10070917421721));
#6314=CARTESIAN_POINT('Ctrl Pts',(-5.37128101492926,-0.86929641161143,1.86094281072283));
#6315=CARTESIAN_POINT('Ctrl Pts',(-5.4964569540655,-2.26566977935806,3.55504798211162));
#6316=CARTESIAN_POINT('Ctrl Pts',(-5.62163289320176,-1.61370419562977,5.6514238031998));
#6317=CARTESIAN_POINT('Ctrl Pts',(-5.74680883233801,0.497173513502653,6.25478609745878));
#6318=CARTESIAN_POINT('Ctrl Pts',(-5.87198477147426,2.15856830857439,4.81964912811115));
#6319=CARTESIAN_POINT('Ctrl Pts',(-5.99716071061051,1.86845209557268,2.64348660209395));
#6320=CARTESIAN_POINT('Ctrl Pts',(-6.12233664974676,-0.110887854747283,
1.69371603630198));
#6321=CARTESIAN_POINT('Ctrl Pts',(-6.24751258888301,-1.98997669572701,2.82900273868107));
#6322=CARTESIAN_POINT('Ctrl Pts',(-6.37268852801926,-2.06997425561777,5.02296061323969));
#6323=CARTESIAN_POINT('Ctrl Pts',(-6.49786446715551,-0.278556616453107,
6.29208377842538));
#6324=CARTESIAN_POINT('Ctrl Pts',(-6.62304040629177,1.76469752980351,5.48898773137859));
#6325=CARTESIAN_POINT('Ctrl Pts',(-6.74821634542801,2.21253000789925,3.33973278189404));
#6326=CARTESIAN_POINT('Ctrl Pts',(-6.87339228456427,0.660065973350732,1.78740994615415));
#6327=CARTESIAN_POINT('Ctrl Pts',(-6.99856822370051,-1.4891482349418,2.235437909307));
#6328=CARTESIAN_POINT('Ctrl Pts',(-7.12374416283677,-2.29205843178029,4.27876509367817));
#6329=CARTESIAN_POINT('Ctrl Pts',(-7.24892010197303,-1.02277233470896,6.07006729053649));
#6330=CARTESIAN_POINT('Ctrl Pts',(-7.37409604110926,1.17117825938241,5.9898701798288));
#6331=CARTESIAN_POINT('Ctrl Pts',(-7.49927198024553,2.30629403391432,4.11067808228945));
#6332=CARTESIAN_POINT('Ctrl Pts',(-7.62444791938177,1.35634345769787,2.13142453401539));
#6333=CARTESIAN_POINT('Ctrl Pts',(-7.74962385851803,-0.819845481411815,
1.84150624350045));
#6334=CARTESIAN_POINT('Ctrl Pts',(-7.87479979765427,-2.25483126548409,3.50303159074156));
#6335=CARTESIAN_POINT('Ctrl Pts',(-7.99997573679052,-1.65127710415345,5.61385436358584));
#6336=CARTESIAN_POINT('Ctrl Pts',(-8.12515167592678,0.445158251757312,6.26562936009022));
#6337=CARTESIAN_POINT('Ctrl Pts',(-8.25032761506303,2.13913594034301,4.86910173137007));
#6338=CARTESIAN_POINT('Ctrl Pts',(-8.37550355419928,1.89917198491055,2.68684004792885));
#6339=CARTESIAN_POINT('Ctrl Pts',(-8.50067949333553,-0.0577907866464373,
1.69177463546372));
#6340=CARTESIAN_POINT('Ctrl Pts',(-8.62585543247178,-1.96250252574285,2.78352331260696));
#6341=CARTESIAN_POINT('Ctrl Pts',(-8.75103137160803,-2.09296891438386,4.97505688066033));
#6342=CARTESIAN_POINT('Ctrl Pts',(-8.87620731074428,-0.331217387275111,
6.28507045925731));
#6343=CARTESIAN_POINT('Ctrl Pts',(-9.00138324988053,1.72995354076248,5.52919372866167));
#6344=CARTESIAN_POINT('Ctrl Pts',(-9.12655918901678,2.2271648732383,3.39083121804092));
#6345=CARTESIAN_POINT('Ctrl Pts',(-9.25173512815304,0.710750998895771,1.80316085908707));
#6346=CARTESIAN_POINT('Ctrl Pts',(-9.37691106728928,-1.44804863396783,2.20168397794412));
#6347=CARTESIAN_POINT('Ctrl Pts',(-9.50208700642554,-2.29806169027539,4.2258635840208));
#6348=CARTESIAN_POINT('Ctrl Pts',(-9.62726294556178,-1.0697589121185,6.04615053153449));
#6349=CARTESIAN_POINT('Ctrl Pts',(-9.75243888469804,1.12435625316921,6.01597264817921));
#6350=CARTESIAN_POINT('Ctrl Pts',(-9.87761482383429,2.30454559421887,4.16434653674341));
#6351=CARTESIAN_POINT('Ctrl Pts',(-10.0027907629705,1.39610471744179,2.16179282314981));
#6352=CARTESIAN_POINT('Ctrl Pts',(-10.0862413890614,-0.0432368943023091,
1.93850436717465));
#6353=CARTESIAN_POINT('Ctrl Pts',(-10.1279667021068,-0.652902560342404,
2.15415170712503));
#6354=CARTESIAN_POINT('Ctrl Pts',(-2.92083674522319,-0.729011915671297,
2.31816979813051));
#6355=CARTESIAN_POINT('Ctrl Pts',(-2.9625620582686,-1.28450400792341,2.55895531492217));
#6356=CARTESIAN_POINT('Ctrl Pts',(-3.04601268435944,-2.12906044615365,3.62959775242548));
#6357=CARTESIAN_POINT('Ctrl Pts',(-3.17118862349569,-1.47536496184416,5.58177339912426));
#6358=CARTESIAN_POINT('Ctrl Pts',(-3.29636456263194,0.514205462233049,6.09901688236897));
#6359=CARTESIAN_POINT('Ctrl Pts',(-3.42154050176819,2.03785709628613,4.72101735393759));
#6360=CARTESIAN_POINT('Ctrl Pts',(-3.54671644090445,1.71966800298135,2.68991086132611));
#6361=CARTESIAN_POINT('Ctrl Pts',(-3.67189238004069,-0.153512556150124,
1.84387580418132));
#6362=CARTESIAN_POINT('Ctrl Pts',(-3.79706831917695,-1.8877602814634,2.94680350763926));
#6363=CARTESIAN_POINT('Ctrl Pts',(-3.92224425831319,-1.91540406533747,5.00207774425956));
#6364=CARTESIAN_POINT('Ctrl Pts',(-4.04742019744945,-0.211336429406673,
6.15130520386078));
#6365=CARTESIAN_POINT('Ctrl Pts',(-4.17259613658569,1.68377494835493,5.35563584754786));
#6366=CARTESIAN_POINT('Ctrl Pts',(-4.29777207572195,2.05663557722099,3.33434301936843));
#6367=CARTESIAN_POINT('Ctrl Pts',(-4.42294801485819,0.570134616751683,1.91486801791732));
#6368=CARTESIAN_POINT('Ctrl Pts',(-4.54812395399445,-1.43180878184509,2.38050521549839));
#6369=CARTESIAN_POINT('Ctrl Pts',(-4.6732998931307,-2.13928893764554,4.31029319502687));
#6370=CARTESIAN_POINT('Ctrl Pts',(-4.79847583226696,-0.912687327888137,
5.95955054226185));
#6371=CARTESIAN_POINT('Ctrl Pts',(-4.9236517714032,1.13905308955649,5.83722513301086));
#6372=CARTESIAN_POINT('Ctrl Pts',(-5.04882771053946,2.16100252429989,4.0539070542562));
#6373=CARTESIAN_POINT('Ctrl Pts',(-5.1740036496757,1.22924012485368,2.22185312959146));
#6374=CARTESIAN_POINT('Ctrl Pts',(-5.29917958881196,-0.813849397249186,
1.99737997198483));
#6375=CARTESIAN_POINT('Ctrl Pts',(-5.4243555279482,-2.12115678802603,3.58342870541477));
#6376=CARTESIAN_POINT('Ctrl Pts',(-5.54953146708447,-1.51077603612474,5.54608974440112));
#6377=CARTESIAN_POINT('Ctrl Pts',(-5.6747074062207,0.465461905614374,6.11096730853979));
#6378=CARTESIAN_POINT('Ctrl Pts',(-5.79988334535697,2.02088665429776,4.76736880534514));
#6379=CARTESIAN_POINT('Ctrl Pts',(-5.92505928449321,1.74927515109831,2.7300101593658));
#6380=CARTESIAN_POINT('Ctrl Pts',(-6.05023522362946,-0.103815007795834,
1.8408195539865));
#6381=CARTESIAN_POINT('Ctrl Pts',(-6.17541116276572,-1.86304845243199,2.90369337480845));
#6382=CARTESIAN_POINT('Ctrl Pts',(-6.30058710190196,-1.93794346525945,4.95771231466548));
#6383=CARTESIAN_POINT('Ctrl Pts',(-6.42576304103822,-0.260789221457719,
6.14588600228798));
#6384=CARTESIAN_POINT('Ctrl Pts',(-6.55093898017446,1.65213844411875,5.39401445986362));
#6385=CARTESIAN_POINT('Ctrl Pts',(-6.67611491931072,2.07140647226028,3.38184712337324));
#6386=CARTESIAN_POINT('Ctrl Pts',(-6.80129085844696,0.617964468023497,1.9285373117508));
#6387=CARTESIAN_POINT('Ctrl Pts',(-6.92646679758322,-1.39416472590227,2.34798835617282));
#6388=CARTESIAN_POINT('Ctrl Pts',(-7.05164273671947,-2.14586227234782,4.26098440121655));
#6389=CARTESIAN_POINT('Ctrl Pts',(-7.17681867585573,-0.957536045251843,
5.93803056605901));
#6390=CARTESIAN_POINT('Ctrl Pts',(-7.30199461499196,1.0964760785137,5.86294873052082));
#6391=CARTESIAN_POINT('Ctrl Pts',(-7.42717055412824,2.15918987391329,4.10361861541908));
#6392=CARTESIAN_POINT('Ctrl Pts',(-7.55234649326447,1.26983073985552,2.25060934752145));
#6393=CARTESIAN_POINT('Ctrl Pts',(-7.67752243240073,-0.767552634489332,
1.97918314256366));
#6394=CARTESIAN_POINT('Ctrl Pts',(-7.80269837153697,-2.11100959557754,3.53473011630507));
#6395=CARTESIAN_POINT('Ctrl Pts',(-7.92787431067323,-1.54595240237501,5.51091662580036));
#6396=CARTESIAN_POINT('Ctrl Pts',(-8.05305024980948,0.416764374077656,6.12111894685204));
#6397=CARTESIAN_POINT('Ctrl Pts',(-8.17822618894573,2.00269375604005,4.81366713445024));
#6398=CARTESIAN_POINT('Ctrl Pts',(-8.30340212808198,1.77803560965679,2.77059835838529));
#6399=CARTESIAN_POINT('Ctrl Pts',(-8.42857806721823,-0.054104671606286,
1.83900198303954));
#6400=CARTESIAN_POINT('Ctrl Pts',(-8.55375400635448,-1.83732668896574,2.86111479861365));
#6401=CARTESIAN_POINT('Ctrl Pts',(-8.67892994549073,-1.95947143768262,4.91286406340739));
#6402=CARTESIAN_POINT('Ctrl Pts',(-8.80410588462699,-0.310091089059723,
6.13932001915333));
#6403=CARTESIAN_POINT('Ctrl Pts',(-8.92928182376323,1.61961055816249,5.43165596650919));
#6404=CARTESIAN_POINT('Ctrl Pts',(-9.05445776289949,2.08510787051283,3.42968630791724));
#6405=CARTESIAN_POINT('Ctrl Pts',(-9.17963370203574,0.665416610858093,1.9432835718588));
#6406=CARTESIAN_POINT('Ctrl Pts',(-9.30480964117198,-1.35568661299043,2.31638737826985));
#6407=CARTESIAN_POINT('Ctrl Pts',(-9.42998558030825,-2.15148262030107,4.21145715001299));
#6408=CARTESIAN_POINT('Ctrl Pts',(-9.55516151944449,-1.00152564096715,5.91563930844201));
#6409=CARTESIAN_POINT('Ctrl Pts',(-9.68033745858075,1.05264055702112,5.88738628467373));
#6410=CARTESIAN_POINT('Ctrl Pts',(-9.80551339771699,2.15755295631734,4.15386389277815));
#6411=CARTESIAN_POINT('Ctrl Pts',(-9.93068933685325,1.30705587600496,2.27904063226782));
#6412=CARTESIAN_POINT('Ctrl Pts',(-10.0141399629441,-0.0404790815846467,
2.06999435889));
#6413=CARTESIAN_POINT('Ctrl Pts',(-10.0558652759895,-0.611257964601645,
2.27188689553543));
#6414=CARTESIAN_POINT('Ctrl Pts',(-2.84873531910589,-0.679344822109395,
2.43275176338489));
#6415=CARTESIAN_POINT('Ctrl Pts',(-2.89046063215131,-1.19699161015496,2.65713272418267));
#6416=CARTESIAN_POINT('Ctrl Pts',(-2.97391125824214,-1.98400898388683,3.65483300947732));
#6417=CARTESIAN_POINT('Ctrl Pts',(-3.0990871973784,-1.37484933511344,5.47400823682826));
#6418=CARTESIAN_POINT('Ctrl Pts',(-3.22426313651464,0.479172988478143,5.95601226798125));
#6419=CARTESIAN_POINT('Ctrl Pts',(-3.3494390756509,1.89901925716271,4.67189492451228));
#6420=CARTESIAN_POINT('Ctrl Pts',(-3.47461501478714,1.60250817367893,2.77916635691706));
#6421=CARTESIAN_POINT('Ctrl Pts',(-3.59979095392339,-0.143053848514031,
1.99077110158698));
#6422=CARTESIAN_POINT('Ctrl Pts',(-3.72496689305965,-1.75914843780711,3.0185570792897));
#6423=CARTESIAN_POINT('Ctrl Pts',(-3.85014283219589,-1.78490886920016,4.93380685868067));
#6424=CARTESIAN_POINT('Ctrl Pts',(-3.97531877133215,-0.196938220012915,
6.00473822114971));
#6425=CARTESIAN_POINT('Ctrl Pts',(-4.1004947104684,1.56906048882497,5.26327728518606));
#6426=CARTESIAN_POINT('Ctrl Pts',(-4.22567064960465,1.91651837276829,3.37969378363778));
#6427=CARTESIAN_POINT('Ctrl Pts',(-4.3508465887409,0.531291727157746,2.0569266633479));
#6428=CARTESIAN_POINT('Ctrl Pts',(-4.47602252787715,-1.33426060848613,2.49084031051639));
#6429=CARTESIAN_POINT('Ctrl Pts',(-4.6011984670134,-1.99354061510387,4.28915312746731));
#6430=CARTESIAN_POINT('Ctrl Pts',(-4.72637440614966,-0.850506551507769,
5.8260476762186));
#6431=CARTESIAN_POINT('Ctrl Pts',(-4.8515503452859,1.06145016544121,5.71205621517294));
#6432=CARTESIAN_POINT('Ctrl Pts',(-4.97672628442216,2.01377486964204,4.05023440275375));
#6433=CARTESIAN_POINT('Ctrl Pts',(-5.1019022235584,1.14549281842601,2.34299708496572));
#6434=CARTESIAN_POINT('Ctrl Pts',(-5.22707816269467,-0.758402382886945,
2.13381713324683));
#6435=CARTESIAN_POINT('Ctrl Pts',(-5.3522541018309,-1.97664379669401,3.61180942871793));
#6436=CARTESIAN_POINT('Ctrl Pts',(-5.47743004096717,-1.40784787661971,5.44075568560241));
#6437=CARTESIAN_POINT('Ctrl Pts',(-5.6026059801034,0.433750297726099,5.96714851962081));
#6438=CARTESIAN_POINT('Ctrl Pts',(-5.72778191923967,1.88320500002112,4.71508848257913));
#6439=CARTESIAN_POINT('Ctrl Pts',(-5.85295785837592,1.63009820662395,2.81653371663765));
#6440=CARTESIAN_POINT('Ctrl Pts',(-5.97813379751216,-0.096742160844388,
1.98792307167102));
#6441=CARTESIAN_POINT('Ctrl Pts',(-6.10330973664842,-1.73612020913697,2.97838401093581));
#6442=CARTESIAN_POINT('Ctrl Pts',(-6.22848567578466,-1.80591267490113,4.89246401609128));
#6443=CARTESIAN_POINT('Ctrl Pts',(-6.35366161492092,-0.243021826462331,
5.99968822615057));
#6444=CARTESIAN_POINT('Ctrl Pts',(-6.47883755405717,1.53957935843398,5.29904118834867));
#6445=CARTESIAN_POINT('Ctrl Pts',(-6.60401349319341,1.9302829366213,3.42396146485242));
#6446=CARTESIAN_POINT('Ctrl Pts',(-6.72918943232968,0.575862962696261,2.06966467734746));
#6447=CARTESIAN_POINT('Ctrl Pts',(-6.85436537146591,-1.29918121686274,2.46053880303864));
#6448=CARTESIAN_POINT('Ctrl Pts',(-6.97954131060218,-1.99966611291535,4.24320370875491));
#6449=CARTESIAN_POINT('Ctrl Pts',(-7.10471724973843,-0.892299755794732,
5.80599384158155));
#6450=CARTESIAN_POINT('Ctrl Pts',(-7.22989318887467,1.02177389764498,5.73602728121282));
#6451=CARTESIAN_POINT('Ctrl Pts',(-7.35506912801093,2.01208571391227,4.09655914854873));
#6452=CARTESIAN_POINT('Ctrl Pts',(-7.48024506714718,1.18331802201317,2.36979416102749));
#6453=CARTESIAN_POINT('Ctrl Pts',(-7.60542100628342,-0.715259787566848,
2.11686004162688));
#6454=CARTESIAN_POINT('Ctrl Pts',(-7.73059694541969,-1.96718792567099,3.56642864186859));
#6455=CARTESIAN_POINT('Ctrl Pts',(-7.85577288455592,-1.44062770059658,5.40797888801489));
#6456=CARTESIAN_POINT('Ctrl Pts',(-7.98094882369219,0.388370496398001,5.97660853361384));
#6457=CARTESIAN_POINT('Ctrl Pts',(-8.10612476282843,1.86625157173709,4.75823253753043));
#6458=CARTESIAN_POINT('Ctrl Pts',(-8.23130070196468,1.65689923440304,2.85435666884171));
#6459=CARTESIAN_POINT('Ctrl Pts',(-8.35647664110093,-0.0504185565661361,
1.98622933061537));
#6460=CARTESIAN_POINT('Ctrl Pts',(-8.48165258023718,-1.71215085218862,2.93870628462034));
#6461=CARTESIAN_POINT('Ctrl Pts',(-8.60682851937343,-1.82597396098138,4.85067124615447));
#6462=CARTESIAN_POINT('Ctrl Pts',(-8.7320044585097,-0.288964790844338,5.99356957904935));
#6463=CARTESIAN_POINT('Ctrl Pts',(-8.85718039764593,1.5092675755625,5.33411820435672));
#6464=CARTESIAN_POINT('Ctrl Pts',(-8.98235633678221,1.94305086778736,3.46854139779354));
#6465=CARTESIAN_POINT('Ctrl Pts',(-9.10753227591842,0.620082222820416,2.08340628463055));
#6466=CARTESIAN_POINT('Ctrl Pts',(-9.2327082150547,-1.26332459201302,2.43109077859558));
#6467=CARTESIAN_POINT('Ctrl Pts',(-9.35788415419094,-2.00490355032675,4.19705071600517));
#6468=CARTESIAN_POINT('Ctrl Pts',(-9.4830600933272,-0.933292369815811,5.78512808534955));
#6469=CARTESIAN_POINT('Ctrl Pts',(-9.60823603246345,0.980924860873035,5.75879992116823));
#6470=CARTESIAN_POINT('Ctrl Pts',(-9.73341197159969,2.01056031841581,4.14338124881291));
#6471=CARTESIAN_POINT('Ctrl Pts',(-9.85858791073595,1.21800703456814,2.39628844138583));
#6472=CARTESIAN_POINT('Ctrl Pts',(-9.94203853682678,-0.0377212688669869,
2.20148435060534));
#6473=CARTESIAN_POINT('Ctrl Pts',(-9.9837638498722,-0.569613368860886,2.38962208394583));
#6474=CARTESIAN_POINT('Ctrl Pts',(-3.39237696757959,1.70644538554828,4.00131548976824));
#6475=CARTESIAN_POINT('Ctrl Pts',(-3.41978964998211,1.7039594090111,3.62981233556826));
#6476=CARTESIAN_POINT('Ctrl Pts',(-3.44720233238463,1.58459976980079,3.25679588310846));
#6477=CARTESIAN_POINT('Ctrl Pts',(-3.47461501478714,1.36099968389407,2.96322190896125));
#6478=CARTESIAN_POINT('Ctrl Pts',(-3.51634032783256,1.02065416628127,2.5163679384737));
#6479=CARTESIAN_POINT('Ctrl Pts',(-3.55806564087798,0.438800158883618,2.25356952003033));
#6480=CARTESIAN_POINT('Ctrl Pts',(-3.5997909539234,-0.121475943030725,2.29346797375911));
#6481=CARTESIAN_POINT('Ctrl Pts',(-3.64151626696881,-0.681752044945063,
2.33336642748789));
#6482=CARTESIAN_POINT('Ctrl Pts',(-3.68324158001423,-1.22045024137609,2.67596175338879));
#6483=CARTESIAN_POINT('Ctrl Pts',(-3.72496689305965,-1.49409274482378,3.16646771290441));
#6484=CARTESIAN_POINT('Ctrl Pts',(-3.76669220610506,-1.76773524827146,3.65697367242002));
#6485=CARTESIAN_POINT('Ctrl Pts',(-3.80841751915048,-1.77632205873581,4.29539026555035));
#6486=CARTESIAN_POINT('Ctrl Pts',(-3.8501428321959,-1.51595368910345,4.79308712252702));
#6487=CARTESIAN_POINT('Ctrl Pts',(-3.89186814524131,-1.25558531947108,5.29078397950368));
#6488=CARTESIAN_POINT('Ctrl Pts',(-3.93359345828673,-0.726261769742,5.64776110032669));
#6489=CARTESIAN_POINT('Ctrl Pts',(-3.97531877133215,-0.167266876737811,
5.70267283807759));
#6490=CARTESIAN_POINT('Ctrl Pts',(-4.01704408437757,0.391728016266377,5.75758457582849));
#6491=CARTESIAN_POINT('Ctrl Pts',(-4.05876939742298,0.980394252545673,5.51043093050728));
#6492=CARTESIAN_POINT('Ctrl Pts',(-4.1004947104684,1.33263701800921,5.07292352425529));
#6493=CARTESIAN_POINT('Ctrl Pts',(-4.12903879617213,1.57360459744872,4.77362681469004));
#6494=CARTESIAN_POINT('Ctrl Pts',(-4.15758288187586,1.70392925029124,4.38524716794662));
#6495=CARTESIAN_POINT('Ctrl Pts',(-4.18612696757959,1.70684894283071,3.99864975051732));
#6496=CARTESIAN_POINT('Origin',(-4.89858719658941E-16,0.,4.));
#6497=CARTESIAN_POINT('Origin',(-2.44929359829471E-15,0.,20.));
#6498=CARTESIAN_POINT('',(7.3486,-8.99943946821424E-16,21.));
#6499=CARTESIAN_POINT('',(-7.3486,-8.99943946821424E-16,21.));
#6500=CARTESIAN_POINT('Origin',(-2.57175827820944E-15,0.,21.));
#6501=CARTESIAN_POINT('Origin',(-2.57175827820944E-15,0.,21.));
#6502=CARTESIAN_POINT('',(5.3486,6.55014586991953E-16,19.));
#6503=CARTESIAN_POINT('',(6.3486,7.77479266906689E-16,20.));
#6504=CARTESIAN_POINT('Origin',(-2.32682891837997E-15,0.,19.));
#6505=CARTESIAN_POINT('Origin',(7.3486,0.,19.));
#6506=CARTESIAN_POINT('',(-3.5,-4.28626379701574E-16,19.));
#6507=CARTESIAN_POINT('Origin',(-2.32682891837997E-15,0.,19.));
#6508=CARTESIAN_POINT('Origin',(-2.51052593825207E-15,0.,20.5));
#6509=CARTESIAN_POINT('',(-7.3486,-8.99943946821424E-16,22.));
#6510=CARTESIAN_POINT('Origin',(-2.69422295812418E-15,0.,22.));
#6511=CARTESIAN_POINT('',(-7.3486,-8.99943946821424E-16,20.5));
#6512=CARTESIAN_POINT('Origin',(-8.57252759403146E-16,0.,7.));
#6513=CARTESIAN_POINT('',(8.,-9.79717439317883E-16,8.));
#6514=CARTESIAN_POINT('Origin',(-9.79717439317882E-16,0.,8.));
#6515=CARTESIAN_POINT('',(9.,1.10218211923262E-15,7.));
#6516=CARTESIAN_POINT('Origin',(3.5,0.,8.));
#6517=CARTESIAN_POINT('',(-3.5,-4.28626379701574E-16,8.));
#6518=CARTESIAN_POINT('Origin',(-9.79717439317882E-16,0.,8.));
#6519=CARTESIAN_POINT('Origin',(10.,0.,0.));
#6520=CARTESIAN_POINT('Origin',(-1.65327317884893E-15,0.,13.5));
#6521=CARTESIAN_POINT('',(-3.5,-4.28626379701574E-16,13.5));
#6522=CARTESIAN_POINT('Origin',(3.175,0.,22.));
#6523=CARTESIAN_POINT('Origin',(-4.89858719658941E-16,3.69778549322349E-31,
4.));
#6524=CARTESIAN_POINT('',(-4.89858719656923E-16,-5.87809185709001E-14,-3.));
#6525=CARTESIAN_POINT('',(2.6942229581262E-15,-4.31060069519934E-13,-22.));
#6526=UNCERTAINTY_MEASURE_WITH_UNIT(LENGTH_MEASURE(0.01),#6534,
'DISTANCE_ACCURACY_VALUE',
'Maximum model space distance between geometric entities at asserted c
onnectivities');
#6527=UNCERTAINTY_MEASURE_WITH_UNIT(LENGTH_MEASURE(0.01),#6534,
'DISTANCE_ACCURACY_VALUE',
'Maximum model space distance between geometric entities at asserted c
onnectivities');
#6528=UNCERTAINTY_MEASURE_WITH_UNIT(LENGTH_MEASURE(0.01),#6534,
'DISTANCE_ACCURACY_VALUE',
'Maximum model space distance between geometric entities at asserted c
onnectivities');
#6529=UNCERTAINTY_MEASURE_WITH_UNIT(LENGTH_MEASURE(0.01),#6534,
'DISTANCE_ACCURACY_VALUE',
'Maximum model space distance between geometric entities at asserted c
onnectivities');
#6530=(
GEOMETRIC_REPRESENTATION_CONTEXT(3)
GLOBAL_UNCERTAINTY_ASSIGNED_CONTEXT((#6526))
GLOBAL_UNIT_ASSIGNED_CONTEXT((#6534,#6536,#6537))
REPRESENTATION_CONTEXT('','3D')
);
#6531=(
GEOMETRIC_REPRESENTATION_CONTEXT(3)
GLOBAL_UNCERTAINTY_ASSIGNED_CONTEXT((#6527))
GLOBAL_UNIT_ASSIGNED_CONTEXT((#6534,#6536,#6537))
REPRESENTATION_CONTEXT('','3D')
);
#6532=(
GEOMETRIC_REPRESENTATION_CONTEXT(3)
GLOBAL_UNCERTAINTY_ASSIGNED_CONTEXT((#6528))
GLOBAL_UNIT_ASSIGNED_CONTEXT((#6534,#6536,#6537))
REPRESENTATION_CONTEXT('','3D')
);
#6533=(
GEOMETRIC_REPRESENTATION_CONTEXT(3)
GLOBAL_UNCERTAINTY_ASSIGNED_CONTEXT((#6529))
GLOBAL_UNIT_ASSIGNED_CONTEXT((#6534,#6536,#6537))
REPRESENTATION_CONTEXT('','3D')
);
#6534=(
LENGTH_UNIT()
NAMED_UNIT(*)
SI_UNIT(.MILLI.,.METRE.)
);
#6535=(
LENGTH_UNIT()
NAMED_UNIT(*)
SI_UNIT($,.METRE.)
);
#6536=(
NAMED_UNIT(*)
PLANE_ANGLE_UNIT()
SI_UNIT($,.RADIAN.)
);
#6537=(
NAMED_UNIT(*)
SI_UNIT($,.STERADIAN.)
SOLID_ANGLE_UNIT()
);
#6538=SHAPE_DEFINITION_REPRESENTATION(#6541,#6546);
#6539=SHAPE_DEFINITION_REPRESENTATION(#6542,#6547);
#6540=SHAPE_DEFINITION_REPRESENTATION(#6543,#6548);
#6541=PRODUCT_DEFINITION_SHAPE('',$,#6550);
#6542=PRODUCT_DEFINITION_SHAPE('',$,#6551);
#6543=PRODUCT_DEFINITION_SHAPE('',$,#6552);
#6544=PRODUCT_DEFINITION_SHAPE($,$,#17);
#6545=PRODUCT_DEFINITION_SHAPE($,$,#18);
#6546=SHAPE_REPRESENTATION('',(#2151,#2369,#2370),#6530);
#6547=SHAPE_REPRESENTATION('',(#2152),#6531);
#6548=SHAPE_REPRESENTATION('',(#2302),#6532);
#6549=PRODUCT_DEFINITION_CONTEXT('part definition',#6560,'design');
#6550=PRODUCT_DEFINITION('HDT_12t','HDT_12t v2',#6553,#6549);
#6551=PRODUCT_DEFINITION('12t','12t',#6554,#6549);
#6552=PRODUCT_DEFINITION('HDT_3_12t','HDT_3_12t',#6555,#6549);
#6553=PRODUCT_DEFINITION_FORMATION('',$,#6562);
#6554=PRODUCT_DEFINITION_FORMATION('',$,#6563);
#6555=PRODUCT_DEFINITION_FORMATION('',$,#6564);
#6556=PRODUCT_RELATED_PRODUCT_CATEGORY('HDT_12t v2','HDT_12t v2',(#6562));
#6557=PRODUCT_RELATED_PRODUCT_CATEGORY('12t','12t',(#6563));
#6558=PRODUCT_RELATED_PRODUCT_CATEGORY('HDT_3_12t','HDT_3_12t',(#6564));
#6559=APPLICATION_PROTOCOL_DEFINITION('international standard',
'automotive_design',2009,#6560);
#6560=APPLICATION_CONTEXT(
'Core Data for Automotive Mechanical Design Process');
#6561=PRODUCT_CONTEXT('part definition',#6560,'mechanical');
#6562=PRODUCT('HDT_12t','HDT_12t v2',$,(#6561));
#6563=PRODUCT('12t','12t',$,(#6561));
#6564=PRODUCT('HDT_3_12t','HDT_3_12t',$,(#6561));
#6565=PRESENTATION_STYLE_ASSIGNMENT((#6566));
#6566=SURFACE_STYLE_USAGE(.BOTH.,#6567);
#6567=SURFACE_SIDE_STYLE('',(#6568));
#6568=SURFACE_STYLE_FILL_AREA(#6569);
#6569=FILL_AREA_STYLE('Aluminum - Satin',(#6570));
#6570=FILL_AREA_STYLE_COLOUR('Aluminum - Satin',#6571);
#6571=COLOUR_RGB('Aluminum - Satin',0.96078431372549,0.96078431372549,0.964705882352941);
ENDSEC;
END-ISO-10303-21;
