ISO-10303-21;
HEADER;
/* Generated by software containing ST-Developer
 * from STEP Tools, Inc. (www.steptools.com) 
 */

FILE_DESCRIPTION(
/* description */ (''),
/* implementation_level */ '2;1');

FILE_NAME(
/* name */ 'HTD-3-60t.step',
/* time_stamp */ '2026-03-03T14:09:02-08:00',
/* author */ (''),
/* organization */ (''),
/* preprocessor_version */ 'ST-DEVELOPER v20.1',
/* originating_system */ 'Autodesk Translation Framework v14.24.0.0',
/* authorisation */ '');

FILE_SCHEMA (('AUTOMOTIVE_DESIGN { 1 0 10303 214 3 1 1 }'));
ENDSEC;

DATA;
#10=MECHANICAL_DESIGN_GEOMETRIC_PRESENTATION_REPRESENTATION('',(#13),#13471);
#11=SHAPE_REPRESENTATION_RELATIONSHIP('SRR','None',#13478,#12);
#12=ADVANCED_BREP_SHAPE_REPRESENTATION('',(#14),#13470);
#13=STYLED_ITEM('',(#13487),#14);
#14=MANIFOLD_SOLID_BREP('Body1',#6362);
#15=(
BOUNDED_SURFACE()
B_SPLINE_SURFACE(1,2,((#11725,#11726,#11727,#11728,#11729,#11730,#11731,
#11732,#11733),(#11734,#11735,#11736,#11737,#11738,#11739,#11740,#11741,
#11742)),.UNSPECIFIED.,.F.,.T.,.F.)
B_SPLINE_SURFACE_WITH_KNOTS((2,2),(3,2,2,2,3),(-0.210526315789474,0.842105263157894),
(-3.14159265358979,-1.5707963267949,0.,1.5707963267949,3.14159265358979),
 .UNSPECIFIED.)
GEOMETRIC_REPRESENTATION_ITEM()
RATIONAL_B_SPLINE_SURFACE(((1.,0.707106781186548,1.,0.707106781186548,1.,
0.707106781186548,1.,0.707106781186548,1.),(1.,0.707106781186548,1.,0.707106781186548,
1.,0.707106781186548,1.,0.707106781186548,1.)))
REPRESENTATION_ITEM('')
SURFACE()
);
#16=(
BOUNDED_SURFACE()
B_SPLINE_SURFACE(1,2,((#11746,#11747,#11748,#11749,#11750,#11751,#11752,
#11753,#11754),(#11755,#11756,#11757,#11758,#11759,#11760,#11761,#11762,
#11763)),.UNSPECIFIED.,.F.,.T.,.F.)
B_SPLINE_SURFACE_WITH_KNOTS((2,2),(3,2,2,2,3),(-0.210526315789474,0.842105263157894),
(-3.14159265358979,-1.5707963267949,0.,1.5707963267949,3.14159265358979),
 .UNSPECIFIED.)
GEOMETRIC_REPRESENTATION_ITEM()
RATIONAL_B_SPLINE_SURFACE(((1.,0.707106781186548,1.,0.707106781186548,1.,
0.707106781186548,1.,0.707106781186548,1.),(1.,0.707106781186548,1.,0.707106781186548,
1.,0.707106781186548,1.,0.707106781186548,1.)))
REPRESENTATION_ITEM('')
SURFACE()
);
#17=(
BOUNDED_SURFACE()
B_SPLINE_SURFACE(1,2,((#11767,#11768,#11769,#11770,#11771,#11772,#11773,
#11774,#11775),(#11776,#11777,#11778,#11779,#11780,#11781,#11782,#11783,
#11784)),.UNSPECIFIED.,.F.,.T.,.F.)
B_SPLINE_SURFACE_WITH_KNOTS((2,2),(3,2,2,2,3),(-0.210526315789474,0.842105263157895),
(-3.14159265358979,-1.5707963267949,0.,1.5707963267949,3.14159265358979),
 .UNSPECIFIED.)
GEOMETRIC_REPRESENTATION_ITEM()
RATIONAL_B_SPLINE_SURFACE(((1.,0.707106781186548,1.,0.707106781186548,1.,
0.707106781186548,1.,0.707106781186548,1.),(1.,0.707106781186548,1.,0.707106781186548,
1.,0.707106781186548,1.,0.707106781186548,1.)))
REPRESENTATION_ITEM('')
SURFACE()
);
#18=(
BOUNDED_SURFACE()
B_SPLINE_SURFACE(1,2,((#11788,#11789,#11790,#11791,#11792,#11793,#11794,
#11795,#11796),(#11797,#11798,#11799,#11800,#11801,#11802,#11803,#11804,
#11805)),.UNSPECIFIED.,.F.,.T.,.F.)
B_SPLINE_SURFACE_WITH_KNOTS((2,2),(3,2,2,2,3),(-0.210526315789474,0.842105263157895),
(-3.14159265358979,-1.5707963267949,0.,1.5707963267949,3.14159265358979),
 .UNSPECIFIED.)
GEOMETRIC_REPRESENTATION_ITEM()
RATIONAL_B_SPLINE_SURFACE(((1.,0.707106781186548,1.,0.707106781186548,1.,
0.707106781186548,1.,0.707106781186548,1.),(1.,0.707106781186548,1.,0.707106781186548,
1.,0.707106781186548,1.,0.707106781186548,1.)))
REPRESENTATION_ITEM('')
SURFACE()
);
#19=(
BOUNDED_SURFACE()
B_SPLINE_SURFACE(1,2,((#11809,#11810,#11811,#11812,#11813,#11814,#11815,
#11816,#11817),(#11818,#11819,#11820,#11821,#11822,#11823,#11824,#11825,
#11826)),.UNSPECIFIED.,.F.,.T.,.F.)
B_SPLINE_SURFACE_WITH_KNOTS((2,2),(3,2,2,2,3),(-0.210526315789474,0.842105263157895),
(-3.14159265358979,-1.5707963267949,0.,1.5707963267949,3.14159265358979),
 .UNSPECIFIED.)
GEOMETRIC_REPRESENTATION_ITEM()
RATIONAL_B_SPLINE_SURFACE(((1.,0.707106781186548,1.,0.707106781186548,1.,
0.707106781186548,1.,0.707106781186548,1.),(1.,0.707106781186548,1.,0.707106781186548,
1.,0.707106781186548,1.,0.707106781186548,1.)))
REPRESENTATION_ITEM('')
SURFACE()
);
#20=(
BOUNDED_SURFACE()
B_SPLINE_SURFACE(5,1,((#12448,#12449),(#12450,#12451),(#12452,#12453),(#12454,
#12455),(#12456,#12457),(#12458,#12459),(#12460,#12461)),.UNSPECIFIED.,
 .F.,.F.,.F.)
B_SPLINE_SURFACE_WITH_KNOTS((6,1,6),(2,2),(-1.,-0.5,0.),(0.,0.65),
 .UNSPECIFIED.)
GEOMETRIC_REPRESENTATION_ITEM()
RATIONAL_B_SPLINE_SURFACE(((1.,1.),(1.,1.),(1.,1.),(1.,1.),(1.,1.),(1.,
1.),(1.,1.)))
REPRESENTATION_ITEM('')
SURFACE()
);
#21=(
BOUNDED_SURFACE()
B_SPLINE_SURFACE(5,1,((#12464,#12465),(#12466,#12467),(#12468,#12469),(#12470,
#12471),(#12472,#12473),(#12474,#12475),(#12476,#12477)),.UNSPECIFIED.,
 .F.,.F.,.F.)
B_SPLINE_SURFACE_WITH_KNOTS((6,1,6),(2,2),(-1.,-0.5,0.),(0.,0.65),
 .UNSPECIFIED.)
GEOMETRIC_REPRESENTATION_ITEM()
RATIONAL_B_SPLINE_SURFACE(((1.,1.),(1.,1.),(1.,1.),(1.,1.),(1.,1.),(1.,
1.),(1.,1.)))
REPRESENTATION_ITEM('')
SURFACE()
);
#22=(
BOUNDED_SURFACE()
B_SPLINE_SURFACE(5,1,((#12480,#12481),(#12482,#12483),(#12484,#12485),(#12486,
#12487),(#12488,#12489),(#12490,#12491),(#12492,#12493)),.UNSPECIFIED.,
 .F.,.F.,.F.)
B_SPLINE_SURFACE_WITH_KNOTS((6,1,6),(2,2),(-1.,-0.5,0.),(0.,0.65),
 .UNSPECIFIED.)
GEOMETRIC_REPRESENTATION_ITEM()
RATIONAL_B_SPLINE_SURFACE(((1.,1.),(1.,1.),(1.,1.),(1.,1.),(1.,1.),(1.,
1.),(1.,1.)))
REPRESENTATION_ITEM('')
SURFACE()
);
#23=(
BOUNDED_SURFACE()
B_SPLINE_SURFACE(5,1,((#12496,#12497),(#12498,#12499),(#12500,#12501),(#12502,
#12503),(#12504,#12505),(#12506,#12507),(#12508,#12509)),.UNSPECIFIED.,
 .F.,.F.,.F.)
B_SPLINE_SURFACE_WITH_KNOTS((6,1,6),(2,2),(-1.,-0.5,0.),(0.,0.65),
 .UNSPECIFIED.)
GEOMETRIC_REPRESENTATION_ITEM()
RATIONAL_B_SPLINE_SURFACE(((1.,1.),(1.,1.),(1.,1.),(1.,1.),(1.,1.),(1.,
1.),(1.,1.)))
REPRESENTATION_ITEM('')
SURFACE()
);
#24=(
BOUNDED_SURFACE()
B_SPLINE_SURFACE(5,1,((#12513,#12514),(#12515,#12516),(#12517,#12518),(#12519,
#12520),(#12521,#12522),(#12523,#12524),(#12525,#12526)),.UNSPECIFIED.,
 .F.,.F.,.F.)
B_SPLINE_SURFACE_WITH_KNOTS((6,1,6),(2,2),(-1.,-0.5,0.),(0.,0.65),
 .UNSPECIFIED.)
GEOMETRIC_REPRESENTATION_ITEM()
RATIONAL_B_SPLINE_SURFACE(((1.,1.),(1.,1.),(1.,1.),(1.,1.),(1.,1.),(1.,
1.),(1.,1.)))
REPRESENTATION_ITEM('')
SURFACE()
);
#25=(
BOUNDED_SURFACE()
B_SPLINE_SURFACE(5,1,((#12529,#12530),(#12531,#12532),(#12533,#12534),(#12535,
#12536),(#12537,#12538),(#12539,#12540),(#12541,#12542)),.UNSPECIFIED.,
 .F.,.F.,.F.)
B_SPLINE_SURFACE_WITH_KNOTS((6,1,6),(2,2),(-1.,-0.5,0.),(0.,0.65),
 .UNSPECIFIED.)
GEOMETRIC_REPRESENTATION_ITEM()
RATIONAL_B_SPLINE_SURFACE(((1.,1.),(1.,1.),(1.,1.),(1.,1.),(1.,1.),(1.,
1.),(1.,1.)))
REPRESENTATION_ITEM('')
SURFACE()
);
#26=(
BOUNDED_SURFACE()
B_SPLINE_SURFACE(5,1,((#12545,#12546),(#12547,#12548),(#12549,#12550),(#12551,
#12552),(#12553,#12554),(#12555,#12556),(#12557,#12558)),.UNSPECIFIED.,
 .F.,.F.,.F.)
B_SPLINE_SURFACE_WITH_KNOTS((6,1,6),(2,2),(-1.,-0.5,0.),(0.,0.65),
 .UNSPECIFIED.)
GEOMETRIC_REPRESENTATION_ITEM()
RATIONAL_B_SPLINE_SURFACE(((1.,1.),(1.,1.),(1.,1.),(1.,1.),(1.,1.),(1.,
1.),(1.,1.)))
REPRESENTATION_ITEM('')
SURFACE()
);
#27=(
BOUNDED_SURFACE()
B_SPLINE_SURFACE(5,1,((#12563,#12564),(#12565,#12566),(#12567,#12568),(#12569,
#12570),(#12571,#12572),(#12573,#12574),(#12575,#12576)),.UNSPECIFIED.,
 .F.,.F.,.F.)
B_SPLINE_SURFACE_WITH_KNOTS((6,1,6),(2,2),(-1.,-0.5,0.),(0.,0.65),
 .UNSPECIFIED.)
GEOMETRIC_REPRESENTATION_ITEM()
RATIONAL_B_SPLINE_SURFACE(((1.,1.),(1.,1.),(1.,1.),(1.,1.),(1.,1.),(1.,
1.),(1.,1.)))
REPRESENTATION_ITEM('')
SURFACE()
);
#28=(
BOUNDED_SURFACE()
B_SPLINE_SURFACE(5,1,((#12580,#12581),(#12582,#12583),(#12584,#12585),(#12586,
#12587),(#12588,#12589),(#12590,#12591),(#12592,#12593)),.UNSPECIFIED.,
 .F.,.F.,.F.)
B_SPLINE_SURFACE_WITH_KNOTS((6,1,6),(2,2),(-1.,-0.5,0.),(0.,0.65),
 .UNSPECIFIED.)
GEOMETRIC_REPRESENTATION_ITEM()
RATIONAL_B_SPLINE_SURFACE(((1.,1.),(1.,1.),(1.,1.),(1.,1.),(1.,1.),(1.,
1.),(1.,1.)))
REPRESENTATION_ITEM('')
SURFACE()
);
#29=(
BOUNDED_SURFACE()
B_SPLINE_SURFACE(5,1,((#12598,#12599),(#12600,#12601),(#12602,#12603),(#12604,
#12605),(#12606,#12607),(#12608,#12609),(#12610,#12611)),.UNSPECIFIED.,
 .F.,.F.,.F.)
B_SPLINE_SURFACE_WITH_KNOTS((6,1,6),(2,2),(-1.,-0.5,0.),(0.,0.65),
 .UNSPECIFIED.)
GEOMETRIC_REPRESENTATION_ITEM()
RATIONAL_B_SPLINE_SURFACE(((1.,1.),(1.,1.),(1.,1.),(1.,1.),(1.,1.),(1.,
1.),(1.,1.)))
REPRESENTATION_ITEM('')
SURFACE()
);
#30=(
BOUNDED_SURFACE()
B_SPLINE_SURFACE(5,1,((#12616,#12617),(#12618,#12619),(#12620,#12621),(#12622,
#12623),(#12624,#12625),(#12626,#12627),(#12628,#12629)),.UNSPECIFIED.,
 .F.,.F.,.F.)
B_SPLINE_SURFACE_WITH_KNOTS((6,1,6),(2,2),(-1.,-0.5,0.),(0.,0.65),
 .UNSPECIFIED.)
GEOMETRIC_REPRESENTATION_ITEM()
RATIONAL_B_SPLINE_SURFACE(((1.,1.),(1.,1.),(1.,1.),(1.,1.),(1.,1.),(1.,
1.),(1.,1.)))
REPRESENTATION_ITEM('')
SURFACE()
);
#31=(
BOUNDED_SURFACE()
B_SPLINE_SURFACE(5,1,((#12633,#12634),(#12635,#12636),(#12637,#12638),(#12639,
#12640),(#12641,#12642),(#12643,#12644),(#12645,#12646)),.UNSPECIFIED.,
 .F.,.F.,.F.)
B_SPLINE_SURFACE_WITH_KNOTS((6,1,6),(2,2),(-1.,-0.5,0.),(0.,0.65),
 .UNSPECIFIED.)
GEOMETRIC_REPRESENTATION_ITEM()
RATIONAL_B_SPLINE_SURFACE(((1.,1.),(1.,1.),(1.,1.),(1.,1.),(1.,1.),(1.,
1.),(1.,1.)))
REPRESENTATION_ITEM('')
SURFACE()
);
#32=(
BOUNDED_SURFACE()
B_SPLINE_SURFACE(5,1,((#12649,#12650),(#12651,#12652),(#12653,#12654),(#12655,
#12656),(#12657,#12658),(#12659,#12660),(#12661,#12662)),.UNSPECIFIED.,
 .F.,.F.,.F.)
B_SPLINE_SURFACE_WITH_KNOTS((6,1,6),(2,2),(-1.,-0.5,0.),(0.,0.65),
 .UNSPECIFIED.)
GEOMETRIC_REPRESENTATION_ITEM()
RATIONAL_B_SPLINE_SURFACE(((1.,1.),(1.,1.),(1.,1.),(1.,1.),(1.,1.),(1.,
1.),(1.,1.)))
REPRESENTATION_ITEM('')
SURFACE()
);
#33=(
BOUNDED_SURFACE()
B_SPLINE_SURFACE(5,1,((#12668,#12669),(#12670,#12671),(#12672,#12673),(#12674,
#12675),(#12676,#12677),(#12678,#12679),(#12680,#12681)),.UNSPECIFIED.,
 .F.,.F.,.F.)
B_SPLINE_SURFACE_WITH_KNOTS((6,1,6),(2,2),(-1.,-0.5,0.),(0.,0.65),
 .UNSPECIFIED.)
GEOMETRIC_REPRESENTATION_ITEM()
RATIONAL_B_SPLINE_SURFACE(((1.,1.),(1.,1.),(1.,1.),(1.,1.),(1.,1.),(1.,
1.),(1.,1.)))
REPRESENTATION_ITEM('')
SURFACE()
);
#34=(
BOUNDED_SURFACE()
B_SPLINE_SURFACE(5,1,((#12684,#12685),(#12686,#12687),(#12688,#12689),(#12690,
#12691),(#12692,#12693),(#12694,#12695),(#12696,#12697)),.UNSPECIFIED.,
 .F.,.F.,.F.)
B_SPLINE_SURFACE_WITH_KNOTS((6,1,6),(2,2),(-1.,-0.5,0.),(0.,0.65),
 .UNSPECIFIED.)
GEOMETRIC_REPRESENTATION_ITEM()
RATIONAL_B_SPLINE_SURFACE(((1.,1.),(1.,1.),(1.,1.),(1.,1.),(1.,1.),(1.,
1.),(1.,1.)))
REPRESENTATION_ITEM('')
SURFACE()
);
#35=(
BOUNDED_SURFACE()
B_SPLINE_SURFACE(5,1,((#12701,#12702),(#12703,#12704),(#12705,#12706),(#12707,
#12708),(#12709,#12710),(#12711,#12712),(#12713,#12714)),.UNSPECIFIED.,
 .F.,.F.,.F.)
B_SPLINE_SURFACE_WITH_KNOTS((6,1,6),(2,2),(-1.,-0.5,0.),(0.,0.65),
 .UNSPECIFIED.)
GEOMETRIC_REPRESENTATION_ITEM()
RATIONAL_B_SPLINE_SURFACE(((1.,1.),(1.,1.),(1.,1.),(1.,1.),(1.,1.),(1.,
1.),(1.,1.)))
REPRESENTATION_ITEM('')
SURFACE()
);
#36=(
BOUNDED_SURFACE()
B_SPLINE_SURFACE(5,1,((#12719,#12720),(#12721,#12722),(#12723,#12724),(#12725,
#12726),(#12727,#12728),(#12729,#12730),(#12731,#12732)),.UNSPECIFIED.,
 .F.,.F.,.F.)
B_SPLINE_SURFACE_WITH_KNOTS((6,1,6),(2,2),(-1.,-0.5,0.),(0.,0.65),
 .UNSPECIFIED.)
GEOMETRIC_REPRESENTATION_ITEM()
RATIONAL_B_SPLINE_SURFACE(((1.,1.),(1.,1.),(1.,1.),(1.,1.),(1.,1.),(1.,
1.),(1.,1.)))
REPRESENTATION_ITEM('')
SURFACE()
);
#37=(
BOUNDED_SURFACE()
B_SPLINE_SURFACE(5,1,((#12737,#12738),(#12739,#12740),(#12741,#12742),(#12743,
#12744),(#12745,#12746),(#12747,#12748),(#12749,#12750)),.UNSPECIFIED.,
 .F.,.F.,.F.)
B_SPLINE_SURFACE_WITH_KNOTS((6,1,6),(2,2),(-1.,-0.5,0.),(0.,0.65),
 .UNSPECIFIED.)
GEOMETRIC_REPRESENTATION_ITEM()
RATIONAL_B_SPLINE_SURFACE(((1.,1.),(1.,1.),(1.,1.),(1.,1.),(1.,1.),(1.,
1.),(1.,1.)))
REPRESENTATION_ITEM('')
SURFACE()
);
#38=(
BOUNDED_SURFACE()
B_SPLINE_SURFACE(5,1,((#12752,#12753),(#12754,#12755),(#12756,#12757),(#12758,
#12759),(#12760,#12761),(#12762,#12763),(#12764,#12765)),.UNSPECIFIED.,
 .F.,.F.,.F.)
B_SPLINE_SURFACE_WITH_KNOTS((6,1,6),(2,2),(-1.,-0.5,0.),(0.,0.65),
 .UNSPECIFIED.)
GEOMETRIC_REPRESENTATION_ITEM()
RATIONAL_B_SPLINE_SURFACE(((1.,1.),(1.,1.),(1.,1.),(1.,1.),(1.,1.),(1.,
1.),(1.,1.)))
REPRESENTATION_ITEM('')
SURFACE()
);
#39=(
BOUNDED_SURFACE()
B_SPLINE_SURFACE(5,1,((#12770,#12771),(#12772,#12773),(#12774,#12775),(#12776,
#12777),(#12778,#12779),(#12780,#12781),(#12782,#12783)),.UNSPECIFIED.,
 .F.,.F.,.F.)
B_SPLINE_SURFACE_WITH_KNOTS((6,1,6),(2,2),(-1.,-0.5,0.),(0.,0.65),
 .UNSPECIFIED.)
GEOMETRIC_REPRESENTATION_ITEM()
RATIONAL_B_SPLINE_SURFACE(((1.,1.),(1.,1.),(1.,1.),(1.,1.),(1.,1.),(1.,
1.),(1.,1.)))
REPRESENTATION_ITEM('')
SURFACE()
);
#40=(
BOUNDED_SURFACE()
B_SPLINE_SURFACE(5,1,((#12788,#12789),(#12790,#12791),(#12792,#12793),(#12794,
#12795),(#12796,#12797),(#12798,#12799),(#12800,#12801)),.UNSPECIFIED.,
 .F.,.F.,.F.)
B_SPLINE_SURFACE_WITH_KNOTS((6,1,6),(2,2),(-1.,-0.5,0.),(0.,0.65),
 .UNSPECIFIED.)
GEOMETRIC_REPRESENTATION_ITEM()
RATIONAL_B_SPLINE_SURFACE(((1.,1.),(1.,1.),(1.,1.),(1.,1.),(1.,1.),(1.,
1.),(1.,1.)))
REPRESENTATION_ITEM('')
SURFACE()
);
#41=(
BOUNDED_SURFACE()
B_SPLINE_SURFACE(5,1,((#12804,#12805),(#12806,#12807),(#12808,#12809),(#12810,
#12811),(#12812,#12813),(#12814,#12815),(#12816,#12817)),.UNSPECIFIED.,
 .F.,.F.,.F.)
B_SPLINE_SURFACE_WITH_KNOTS((6,1,6),(2,2),(-1.,-0.5,0.),(0.,0.65),
 .UNSPECIFIED.)
GEOMETRIC_REPRESENTATION_ITEM()
RATIONAL_B_SPLINE_SURFACE(((1.,1.),(1.,1.),(1.,1.),(1.,1.),(1.,1.),(1.,
1.),(1.,1.)))
REPRESENTATION_ITEM('')
SURFACE()
);
#42=(
BOUNDED_SURFACE()
B_SPLINE_SURFACE(5,1,((#12820,#12821),(#12822,#12823),(#12824,#12825),(#12826,
#12827),(#12828,#12829),(#12830,#12831),(#12832,#12833)),.UNSPECIFIED.,
 .F.,.F.,.F.)
B_SPLINE_SURFACE_WITH_KNOTS((6,1,6),(2,2),(-1.,-0.5,0.),(0.,0.65),
 .UNSPECIFIED.)
GEOMETRIC_REPRESENTATION_ITEM()
RATIONAL_B_SPLINE_SURFACE(((1.,1.),(1.,1.),(1.,1.),(1.,1.),(1.,1.),(1.,
1.),(1.,1.)))
REPRESENTATION_ITEM('')
SURFACE()
);
#43=(
BOUNDED_SURFACE()
B_SPLINE_SURFACE(5,1,((#12836,#12837),(#12838,#12839),(#12840,#12841),(#12842,
#12843),(#12844,#12845),(#12846,#12847),(#12848,#12849)),.UNSPECIFIED.,
 .F.,.F.,.F.)
B_SPLINE_SURFACE_WITH_KNOTS((6,1,6),(2,2),(-1.,-0.5,0.),(0.,0.65),
 .UNSPECIFIED.)
GEOMETRIC_REPRESENTATION_ITEM()
RATIONAL_B_SPLINE_SURFACE(((1.,1.),(1.,1.),(1.,1.),(1.,1.),(1.,1.),(1.,
1.),(1.,1.)))
REPRESENTATION_ITEM('')
SURFACE()
);
#44=(
BOUNDED_SURFACE()
B_SPLINE_SURFACE(5,1,((#12852,#12853),(#12854,#12855),(#12856,#12857),(#12858,
#12859),(#12860,#12861),(#12862,#12863),(#12864,#12865)),.UNSPECIFIED.,
 .F.,.F.,.F.)
B_SPLINE_SURFACE_WITH_KNOTS((6,1,6),(2,2),(-1.,-0.5,0.),(0.,0.65),
 .UNSPECIFIED.)
GEOMETRIC_REPRESENTATION_ITEM()
RATIONAL_B_SPLINE_SURFACE(((1.,1.),(1.,1.),(1.,1.),(1.,1.),(1.,1.),(1.,
1.),(1.,1.)))
REPRESENTATION_ITEM('')
SURFACE()
);
#45=(
BOUNDED_SURFACE()
B_SPLINE_SURFACE(5,1,((#12870,#12871),(#12872,#12873),(#12874,#12875),(#12876,
#12877),(#12878,#12879),(#12880,#12881),(#12882,#12883)),.UNSPECIFIED.,
 .F.,.F.,.F.)
B_SPLINE_SURFACE_WITH_KNOTS((6,1,6),(2,2),(-1.,-0.5,0.),(0.,0.65),
 .UNSPECIFIED.)
GEOMETRIC_REPRESENTATION_ITEM()
RATIONAL_B_SPLINE_SURFACE(((1.,1.),(1.,1.),(1.,1.),(1.,1.),(1.,1.),(1.,
1.),(1.,1.)))
REPRESENTATION_ITEM('')
SURFACE()
);
#46=(
BOUNDED_SURFACE()
B_SPLINE_SURFACE(5,1,((#12888,#12889),(#12890,#12891),(#12892,#12893),(#12894,
#12895),(#12896,#12897),(#12898,#12899),(#12900,#12901)),.UNSPECIFIED.,
 .F.,.F.,.F.)
B_SPLINE_SURFACE_WITH_KNOTS((6,1,6),(2,2),(-1.,-0.5,0.),(0.,0.65),
 .UNSPECIFIED.)
GEOMETRIC_REPRESENTATION_ITEM()
RATIONAL_B_SPLINE_SURFACE(((1.,1.),(1.,1.),(1.,1.),(1.,1.),(1.,1.),(1.,
1.),(1.,1.)))
REPRESENTATION_ITEM('')
SURFACE()
);
#47=(
BOUNDED_SURFACE()
B_SPLINE_SURFACE(5,1,((#12905,#12906),(#12907,#12908),(#12909,#12910),(#12911,
#12912),(#12913,#12914),(#12915,#12916),(#12917,#12918)),.UNSPECIFIED.,
 .F.,.F.,.F.)
B_SPLINE_SURFACE_WITH_KNOTS((6,1,6),(2,2),(-1.,-0.5,0.),(0.,0.65),
 .UNSPECIFIED.)
GEOMETRIC_REPRESENTATION_ITEM()
RATIONAL_B_SPLINE_SURFACE(((1.,1.),(1.,1.),(1.,1.),(1.,1.),(1.,1.),(1.,
1.),(1.,1.)))
REPRESENTATION_ITEM('')
SURFACE()
);
#48=(
BOUNDED_SURFACE()
B_SPLINE_SURFACE(5,1,((#12921,#12922),(#12923,#12924),(#12925,#12926),(#12927,
#12928),(#12929,#12930),(#12931,#12932),(#12933,#12934)),.UNSPECIFIED.,
 .F.,.F.,.F.)
B_SPLINE_SURFACE_WITH_KNOTS((6,1,6),(2,2),(-1.,-0.5,0.),(0.,0.65),
 .UNSPECIFIED.)
GEOMETRIC_REPRESENTATION_ITEM()
RATIONAL_B_SPLINE_SURFACE(((1.,1.),(1.,1.),(1.,1.),(1.,1.),(1.,1.),(1.,
1.),(1.,1.)))
REPRESENTATION_ITEM('')
SURFACE()
);
#49=(
BOUNDED_SURFACE()
B_SPLINE_SURFACE(5,1,((#12937,#12938),(#12939,#12940),(#12941,#12942),(#12943,
#12944),(#12945,#12946),(#12947,#12948),(#12949,#12950)),.UNSPECIFIED.,
 .F.,.F.,.F.)
B_SPLINE_SURFACE_WITH_KNOTS((6,1,6),(2,2),(-1.,-0.5,0.),(0.,0.65),
 .UNSPECIFIED.)
GEOMETRIC_REPRESENTATION_ITEM()
RATIONAL_B_SPLINE_SURFACE(((1.,1.),(1.,1.),(1.,1.),(1.,1.),(1.,1.),(1.,
1.),(1.,1.)))
REPRESENTATION_ITEM('')
SURFACE()
);
#50=(
BOUNDED_SURFACE()
B_SPLINE_SURFACE(5,1,((#12955,#12956),(#12957,#12958),(#12959,#12960),(#12961,
#12962),(#12963,#12964),(#12965,#12966),(#12967,#12968)),.UNSPECIFIED.,
 .F.,.F.,.F.)
B_SPLINE_SURFACE_WITH_KNOTS((6,1,6),(2,2),(-1.,-0.5,0.),(0.,0.65),
 .UNSPECIFIED.)
GEOMETRIC_REPRESENTATION_ITEM()
RATIONAL_B_SPLINE_SURFACE(((1.,1.),(1.,1.),(1.,1.),(1.,1.),(1.,1.),(1.,
1.),(1.,1.)))
REPRESENTATION_ITEM('')
SURFACE()
);
#51=(
BOUNDED_SURFACE()
B_SPLINE_SURFACE(5,1,((#12972,#12973),(#12974,#12975),(#12976,#12977),(#12978,
#12979),(#12980,#12981),(#12982,#12983),(#12984,#12985)),.UNSPECIFIED.,
 .F.,.F.,.F.)
B_SPLINE_SURFACE_WITH_KNOTS((6,1,6),(2,2),(-1.,-0.5,0.),(0.,0.65),
 .UNSPECIFIED.)
GEOMETRIC_REPRESENTATION_ITEM()
RATIONAL_B_SPLINE_SURFACE(((1.,1.),(1.,1.),(1.,1.),(1.,1.),(1.,1.),(1.,
1.),(1.,1.)))
REPRESENTATION_ITEM('')
SURFACE()
);
#52=(
BOUNDED_SURFACE()
B_SPLINE_SURFACE(5,1,((#12990,#12991),(#12992,#12993),(#12994,#12995),(#12996,
#12997),(#12998,#12999),(#13000,#13001),(#13002,#13003)),.UNSPECIFIED.,
 .F.,.F.,.F.)
B_SPLINE_SURFACE_WITH_KNOTS((6,1,6),(2,2),(-1.,-0.5,0.),(0.,0.65),
 .UNSPECIFIED.)
GEOMETRIC_REPRESENTATION_ITEM()
RATIONAL_B_SPLINE_SURFACE(((1.,1.),(1.,1.),(1.,1.),(1.,1.),(1.,1.),(1.,
1.),(1.,1.)))
REPRESENTATION_ITEM('')
SURFACE()
);
#53=(
BOUNDED_SURFACE()
B_SPLINE_SURFACE(5,1,((#13006,#13007),(#13008,#13009),(#13010,#13011),(#13012,
#13013),(#13014,#13015),(#13016,#13017),(#13018,#13019)),.UNSPECIFIED.,
 .F.,.F.,.F.)
B_SPLINE_SURFACE_WITH_KNOTS((6,1,6),(2,2),(-1.,-0.5,0.),(0.,0.65),
 .UNSPECIFIED.)
GEOMETRIC_REPRESENTATION_ITEM()
RATIONAL_B_SPLINE_SURFACE(((1.,1.),(1.,1.),(1.,1.),(1.,1.),(1.,1.),(1.,
1.),(1.,1.)))
REPRESENTATION_ITEM('')
SURFACE()
);
#54=(
BOUNDED_SURFACE()
B_SPLINE_SURFACE(5,1,((#13025,#13026),(#13027,#13028),(#13029,#13030),(#13031,
#13032),(#13033,#13034),(#13035,#13036),(#13037,#13038)),.UNSPECIFIED.,
 .F.,.F.,.F.)
B_SPLINE_SURFACE_WITH_KNOTS((6,1,6),(2,2),(-1.,-0.5,0.),(0.,0.65),
 .UNSPECIFIED.)
GEOMETRIC_REPRESENTATION_ITEM()
RATIONAL_B_SPLINE_SURFACE(((1.,1.),(1.,1.),(1.,1.),(1.,1.),(1.,1.),(1.,
1.),(1.,1.)))
REPRESENTATION_ITEM('')
SURFACE()
);
#55=(
BOUNDED_SURFACE()
B_SPLINE_SURFACE(5,1,((#13043,#13044),(#13045,#13046),(#13047,#13048),(#13049,
#13050),(#13051,#13052),(#13053,#13054),(#13055,#13056)),.UNSPECIFIED.,
 .F.,.F.,.F.)
B_SPLINE_SURFACE_WITH_KNOTS((6,1,6),(2,2),(-1.,-0.5,0.),(0.,0.65),
 .UNSPECIFIED.)
GEOMETRIC_REPRESENTATION_ITEM()
RATIONAL_B_SPLINE_SURFACE(((1.,1.),(1.,1.),(1.,1.),(1.,1.),(1.,1.),(1.,
1.),(1.,1.)))
REPRESENTATION_ITEM('')
SURFACE()
);
#56=(
BOUNDED_SURFACE()
B_SPLINE_SURFACE(5,1,((#13059,#13060),(#13061,#13062),(#13063,#13064),(#13065,
#13066),(#13067,#13068),(#13069,#13070),(#13071,#13072)),.UNSPECIFIED.,
 .F.,.F.,.F.)
B_SPLINE_SURFACE_WITH_KNOTS((6,1,6),(2,2),(-1.,-0.5,0.),(0.,0.65),
 .UNSPECIFIED.)
GEOMETRIC_REPRESENTATION_ITEM()
RATIONAL_B_SPLINE_SURFACE(((1.,1.),(1.,1.),(1.,1.),(1.,1.),(1.,1.),(1.,
1.),(1.,1.)))
REPRESENTATION_ITEM('')
SURFACE()
);
#57=(
BOUNDED_SURFACE()
B_SPLINE_SURFACE(5,1,((#13075,#13076),(#13077,#13078),(#13079,#13080),(#13081,
#13082),(#13083,#13084),(#13085,#13086),(#13087,#13088)),.UNSPECIFIED.,
 .F.,.F.,.F.)
B_SPLINE_SURFACE_WITH_KNOTS((6,1,6),(2,2),(-1.,-0.5,0.),(0.,0.65),
 .UNSPECIFIED.)
GEOMETRIC_REPRESENTATION_ITEM()
RATIONAL_B_SPLINE_SURFACE(((1.,1.),(1.,1.),(1.,1.),(1.,1.),(1.,1.),(1.,
1.),(1.,1.)))
REPRESENTATION_ITEM('')
SURFACE()
);
#58=(
BOUNDED_SURFACE()
B_SPLINE_SURFACE(5,1,((#13091,#13092),(#13093,#13094),(#13095,#13096),(#13097,
#13098),(#13099,#13100),(#13101,#13102),(#13103,#13104)),.UNSPECIFIED.,
 .F.,.F.,.F.)
B_SPLINE_SURFACE_WITH_KNOTS((6,1,6),(2,2),(-1.,-0.5,0.),(0.,0.65),
 .UNSPECIFIED.)
GEOMETRIC_REPRESENTATION_ITEM()
RATIONAL_B_SPLINE_SURFACE(((1.,1.),(1.,1.),(1.,1.),(1.,1.),(1.,1.),(1.,
1.),(1.,1.)))
REPRESENTATION_ITEM('')
SURFACE()
);
#59=(
BOUNDED_SURFACE()
B_SPLINE_SURFACE(5,1,((#13109,#13110),(#13111,#13112),(#13113,#13114),(#13115,
#13116),(#13117,#13118),(#13119,#13120),(#13121,#13122)),.UNSPECIFIED.,
 .F.,.F.,.F.)
B_SPLINE_SURFACE_WITH_KNOTS((6,1,6),(2,2),(-1.,-0.5,0.),(0.,0.65),
 .UNSPECIFIED.)
GEOMETRIC_REPRESENTATION_ITEM()
RATIONAL_B_SPLINE_SURFACE(((1.,1.),(1.,1.),(1.,1.),(1.,1.),(1.,1.),(1.,
1.),(1.,1.)))
REPRESENTATION_ITEM('')
SURFACE()
);
#60=(
BOUNDED_SURFACE()
B_SPLINE_SURFACE(5,1,((#13127,#13128),(#13129,#13130),(#13131,#13132),(#13133,
#13134),(#13135,#13136),(#13137,#13138),(#13139,#13140)),.UNSPECIFIED.,
 .F.,.F.,.F.)
B_SPLINE_SURFACE_WITH_KNOTS((6,1,6),(2,2),(-1.,-0.5,0.),(0.,0.65),
 .UNSPECIFIED.)
GEOMETRIC_REPRESENTATION_ITEM()
RATIONAL_B_SPLINE_SURFACE(((1.,1.),(1.,1.),(1.,1.),(1.,1.),(1.,1.),(1.,
1.),(1.,1.)))
REPRESENTATION_ITEM('')
SURFACE()
);
#61=(
BOUNDED_SURFACE()
B_SPLINE_SURFACE(5,1,((#13144,#13145),(#13146,#13147),(#13148,#13149),(#13150,
#13151),(#13152,#13153),(#13154,#13155),(#13156,#13157)),.UNSPECIFIED.,
 .F.,.F.,.F.)
B_SPLINE_SURFACE_WITH_KNOTS((6,1,6),(2,2),(-1.,-0.5,0.),(0.,0.65),
 .UNSPECIFIED.)
GEOMETRIC_REPRESENTATION_ITEM()
RATIONAL_B_SPLINE_SURFACE(((1.,1.),(1.,1.),(1.,1.),(1.,1.),(1.,1.),(1.,
1.),(1.,1.)))
REPRESENTATION_ITEM('')
SURFACE()
);
#62=(
BOUNDED_SURFACE()
B_SPLINE_SURFACE(5,1,((#13159,#13160),(#13161,#13162),(#13163,#13164),(#13165,
#13166),(#13167,#13168),(#13169,#13170),(#13171,#13172)),.UNSPECIFIED.,
 .F.,.F.,.F.)
B_SPLINE_SURFACE_WITH_KNOTS((6,1,6),(2,2),(-1.,-0.5,0.),(0.,0.65),
 .UNSPECIFIED.)
GEOMETRIC_REPRESENTATION_ITEM()
RATIONAL_B_SPLINE_SURFACE(((1.,1.),(1.,1.),(1.,1.),(1.,1.),(1.,1.),(1.,
1.),(1.,1.)))
REPRESENTATION_ITEM('')
SURFACE()
);
#63=(
BOUNDED_SURFACE()
B_SPLINE_SURFACE(5,1,((#13178,#13179),(#13180,#13181),(#13182,#13183),(#13184,
#13185),(#13186,#13187),(#13188,#13189),(#13190,#13191)),.UNSPECIFIED.,
 .F.,.F.,.F.)
B_SPLINE_SURFACE_WITH_KNOTS((6,1,6),(2,2),(-1.,-0.5,0.),(0.,0.65),
 .UNSPECIFIED.)
GEOMETRIC_REPRESENTATION_ITEM()
RATIONAL_B_SPLINE_SURFACE(((1.,1.),(1.,1.),(1.,1.),(1.,1.),(1.,1.),(1.,
1.),(1.,1.)))
REPRESENTATION_ITEM('')
SURFACE()
);
#64=(
BOUNDED_SURFACE()
B_SPLINE_SURFACE(5,1,((#13196,#13197),(#13198,#13199),(#13200,#13201),(#13202,
#13203),(#13204,#13205),(#13206,#13207),(#13208,#13209)),.UNSPECIFIED.,
 .F.,.F.,.F.)
B_SPLINE_SURFACE_WITH_KNOTS((6,1,6),(2,2),(-1.,-0.5,0.),(0.,0.65),
 .UNSPECIFIED.)
GEOMETRIC_REPRESENTATION_ITEM()
RATIONAL_B_SPLINE_SURFACE(((1.,1.),(1.,1.),(1.,1.),(1.,1.),(1.,1.),(1.,
1.),(1.,1.)))
REPRESENTATION_ITEM('')
SURFACE()
);
#65=(
BOUNDED_SURFACE()
B_SPLINE_SURFACE(5,1,((#13211,#13212),(#13213,#13214),(#13215,#13216),(#13217,
#13218),(#13219,#13220),(#13221,#13222),(#13223,#13224)),.UNSPECIFIED.,
 .F.,.F.,.F.)
B_SPLINE_SURFACE_WITH_KNOTS((6,1,6),(2,2),(-1.,-0.5,0.),(0.,0.65),
 .UNSPECIFIED.)
GEOMETRIC_REPRESENTATION_ITEM()
RATIONAL_B_SPLINE_SURFACE(((1.,1.),(1.,1.),(1.,1.),(1.,1.),(1.,1.),(1.,
1.),(1.,1.)))
REPRESENTATION_ITEM('')
SURFACE()
);
#66=(
BOUNDED_SURFACE()
B_SPLINE_SURFACE(5,1,((#13229,#13230),(#13231,#13232),(#13233,#13234),(#13235,
#13236),(#13237,#13238),(#13239,#13240),(#13241,#13242)),.UNSPECIFIED.,
 .F.,.F.,.F.)
B_SPLINE_SURFACE_WITH_KNOTS((6,1,6),(2,2),(-1.,-0.5,0.),(0.,0.65),
 .UNSPECIFIED.)
GEOMETRIC_REPRESENTATION_ITEM()
RATIONAL_B_SPLINE_SURFACE(((1.,1.),(1.,1.),(1.,1.),(1.,1.),(1.,1.),(1.,
1.),(1.,1.)))
REPRESENTATION_ITEM('')
SURFACE()
);
#67=(
BOUNDED_SURFACE()
B_SPLINE_SURFACE(5,1,((#13247,#13248),(#13249,#13250),(#13251,#13252),(#13253,
#13254),(#13255,#13256),(#13257,#13258),(#13259,#13260)),.UNSPECIFIED.,
 .F.,.F.,.F.)
B_SPLINE_SURFACE_WITH_KNOTS((6,1,6),(2,2),(-1.,-0.5,0.),(0.,0.65),
 .UNSPECIFIED.)
GEOMETRIC_REPRESENTATION_ITEM()
RATIONAL_B_SPLINE_SURFACE(((1.,1.),(1.,1.),(1.,1.),(1.,1.),(1.,1.),(1.,
1.),(1.,1.)))
REPRESENTATION_ITEM('')
SURFACE()
);
#68=(
BOUNDED_SURFACE()
B_SPLINE_SURFACE(5,1,((#13264,#13265),(#13266,#13267),(#13268,#13269),(#13270,
#13271),(#13272,#13273),(#13274,#13275),(#13276,#13277)),.UNSPECIFIED.,
 .F.,.F.,.F.)
B_SPLINE_SURFACE_WITH_KNOTS((6,1,6),(2,2),(-1.,-0.5,0.),(0.,0.65),
 .UNSPECIFIED.)
GEOMETRIC_REPRESENTATION_ITEM()
RATIONAL_B_SPLINE_SURFACE(((1.,1.),(1.,1.),(1.,1.),(1.,1.),(1.,1.),(1.,
1.),(1.,1.)))
REPRESENTATION_ITEM('')
SURFACE()
);
#69=(
BOUNDED_SURFACE()
B_SPLINE_SURFACE(5,1,((#13280,#13281),(#13282,#13283),(#13284,#13285),(#13286,
#13287),(#13288,#13289),(#13290,#13291),(#13292,#13293)),.UNSPECIFIED.,
 .F.,.F.,.F.)
B_SPLINE_SURFACE_WITH_KNOTS((6,1,6),(2,2),(-1.,-0.5,0.),(0.,0.65),
 .UNSPECIFIED.)
GEOMETRIC_REPRESENTATION_ITEM()
RATIONAL_B_SPLINE_SURFACE(((1.,1.),(1.,1.),(1.,1.),(1.,1.),(1.,1.),(1.,
1.),(1.,1.)))
REPRESENTATION_ITEM('')
SURFACE()
);
#70=(
BOUNDED_SURFACE()
B_SPLINE_SURFACE(5,1,((#13298,#13299),(#13300,#13301),(#13302,#13303),(#13304,
#13305),(#13306,#13307),(#13308,#13309),(#13310,#13311)),.UNSPECIFIED.,
 .F.,.F.,.F.)
B_SPLINE_SURFACE_WITH_KNOTS((6,1,6),(2,2),(-1.,-0.5,0.),(0.,0.65),
 .UNSPECIFIED.)
GEOMETRIC_REPRESENTATION_ITEM()
RATIONAL_B_SPLINE_SURFACE(((1.,1.),(1.,1.),(1.,1.),(1.,1.),(1.,1.),(1.,
1.),(1.,1.)))
REPRESENTATION_ITEM('')
SURFACE()
);
#71=(
BOUNDED_SURFACE()
B_SPLINE_SURFACE(5,1,((#13316,#13317),(#13318,#13319),(#13320,#13321),(#13322,
#13323),(#13324,#13325),(#13326,#13327),(#13328,#13329)),.UNSPECIFIED.,
 .F.,.F.,.F.)
B_SPLINE_SURFACE_WITH_KNOTS((6,1,6),(2,2),(-1.,-0.5,0.),(0.,0.65),
 .UNSPECIFIED.)
GEOMETRIC_REPRESENTATION_ITEM()
RATIONAL_B_SPLINE_SURFACE(((1.,1.),(1.,1.),(1.,1.),(1.,1.),(1.,1.),(1.,
1.),(1.,1.)))
REPRESENTATION_ITEM('')
SURFACE()
);
#72=(
BOUNDED_SURFACE()
B_SPLINE_SURFACE(5,1,((#13331,#13332),(#13333,#13334),(#13335,#13336),(#13337,
#13338),(#13339,#13340),(#13341,#13342),(#13343,#13344)),.UNSPECIFIED.,
 .F.,.F.,.F.)
B_SPLINE_SURFACE_WITH_KNOTS((6,1,6),(2,2),(-1.,-0.5,0.),(0.,0.65),
 .UNSPECIFIED.)
GEOMETRIC_REPRESENTATION_ITEM()
RATIONAL_B_SPLINE_SURFACE(((1.,1.),(1.,1.),(1.,1.),(1.,1.),(1.,1.),(1.,
1.),(1.,1.)))
REPRESENTATION_ITEM('')
SURFACE()
);
#73=(
BOUNDED_SURFACE()
B_SPLINE_SURFACE(5,1,((#13347,#13348),(#13349,#13350),(#13351,#13352),(#13353,
#13354),(#13355,#13356),(#13357,#13358),(#13359,#13360)),.UNSPECIFIED.,
 .F.,.F.,.F.)
B_SPLINE_SURFACE_WITH_KNOTS((6,1,6),(2,2),(-1.,-0.5,0.),(0.,0.65),
 .UNSPECIFIED.)
GEOMETRIC_REPRESENTATION_ITEM()
RATIONAL_B_SPLINE_SURFACE(((1.,1.),(1.,1.),(1.,1.),(1.,1.),(1.,1.),(1.,
1.),(1.,1.)))
REPRESENTATION_ITEM('')
SURFACE()
);
#74=(
BOUNDED_SURFACE()
B_SPLINE_SURFACE(5,1,((#13365,#13366),(#13367,#13368),(#13369,#13370),(#13371,
#13372),(#13373,#13374),(#13375,#13376),(#13377,#13378)),.UNSPECIFIED.,
 .F.,.F.,.F.)
B_SPLINE_SURFACE_WITH_KNOTS((6,1,6),(2,2),(-1.,-0.5,0.),(0.,0.65),
 .UNSPECIFIED.)
GEOMETRIC_REPRESENTATION_ITEM()
RATIONAL_B_SPLINE_SURFACE(((1.,1.),(1.,1.),(1.,1.),(1.,1.),(1.,1.),(1.,
1.),(1.,1.)))
REPRESENTATION_ITEM('')
SURFACE()
);
#75=(
BOUNDED_SURFACE()
B_SPLINE_SURFACE(5,1,((#13382,#13383),(#13384,#13385),(#13386,#13387),(#13388,
#13389),(#13390,#13391),(#13392,#13393),(#13394,#13395)),.UNSPECIFIED.,
 .F.,.F.,.F.)
B_SPLINE_SURFACE_WITH_KNOTS((6,1,6),(2,2),(-1.,-0.5,0.),(0.,0.65),
 .UNSPECIFIED.)
GEOMETRIC_REPRESENTATION_ITEM()
RATIONAL_B_SPLINE_SURFACE(((1.,1.),(1.,1.),(1.,1.),(1.,1.),(1.,1.),(1.,
1.),(1.,1.)))
REPRESENTATION_ITEM('')
SURFACE()
);
#76=(
BOUNDED_SURFACE()
B_SPLINE_SURFACE(5,1,((#13398,#13399),(#13400,#13401),(#13402,#13403),(#13404,
#13405),(#13406,#13407),(#13408,#13409),(#13410,#13411)),.UNSPECIFIED.,
 .F.,.F.,.F.)
B_SPLINE_SURFACE_WITH_KNOTS((6,1,6),(2,2),(-1.,-0.5,0.),(0.,0.65),
 .UNSPECIFIED.)
GEOMETRIC_REPRESENTATION_ITEM()
RATIONAL_B_SPLINE_SURFACE(((1.,1.),(1.,1.),(1.,1.),(1.,1.),(1.,1.),(1.,
1.),(1.,1.)))
REPRESENTATION_ITEM('')
SURFACE()
);
#77=(
BOUNDED_SURFACE()
B_SPLINE_SURFACE(5,1,((#13417,#13418),(#13419,#13420),(#13421,#13422),(#13423,
#13424),(#13425,#13426),(#13427,#13428),(#13429,#13430)),.UNSPECIFIED.,
 .F.,.F.,.F.)
B_SPLINE_SURFACE_WITH_KNOTS((6,1,6),(2,2),(-1.,-0.5,0.),(0.,0.65),
 .UNSPECIFIED.)
GEOMETRIC_REPRESENTATION_ITEM()
RATIONAL_B_SPLINE_SURFACE(((1.,1.),(1.,1.),(1.,1.),(1.,1.),(1.,1.),(1.,
1.),(1.,1.)))
REPRESENTATION_ITEM('')
SURFACE()
);
#78=(
BOUNDED_SURFACE()
B_SPLINE_SURFACE(5,1,((#13433,#13434),(#13435,#13436),(#13437,#13438),(#13439,
#13440),(#13441,#13442),(#13443,#13444),(#13445,#13446)),.UNSPECIFIED.,
 .F.,.F.,.F.)
B_SPLINE_SURFACE_WITH_KNOTS((6,1,6),(2,2),(-1.,-0.5,0.),(0.,0.65),
 .UNSPECIFIED.)
GEOMETRIC_REPRESENTATION_ITEM()
RATIONAL_B_SPLINE_SURFACE(((1.,1.),(1.,1.),(1.,1.),(1.,1.),(1.,1.),(1.,
1.),(1.,1.)))
REPRESENTATION_ITEM('')
SURFACE()
);
#79=(
BOUNDED_SURFACE()
B_SPLINE_SURFACE(5,1,((#13452,#13453),(#13454,#13455),(#13456,#13457),(#13458,
#13459),(#13460,#13461),(#13462,#13463),(#13464,#13465)),.UNSPECIFIED.,
 .F.,.F.,.F.)
B_SPLINE_SURFACE_WITH_KNOTS((6,1,6),(2,2),(-1.,-0.5,0.),(0.,0.65),
 .UNSPECIFIED.)
GEOMETRIC_REPRESENTATION_ITEM()
RATIONAL_B_SPLINE_SURFACE(((1.,1.),(1.,1.),(1.,1.),(1.,1.),(1.,1.),(1.,
1.),(1.,1.)))
REPRESENTATION_ITEM('')
SURFACE()
);
#80=CONICAL_SURFACE('',#6731,28.6875,0.785398163397448);
#81=CONICAL_SURFACE('',#6742,28.6853,0.785398163397447);
#82=(
BOUNDED_CURVE()
B_SPLINE_CURVE(5,(#11114,#11115,#11116,#11117,#11118,#11119,#11120),
 .UNSPECIFIED.,.F.,.F.)
B_SPLINE_CURVE_WITH_KNOTS((6,1,6),(-1.,-0.5,0.),.UNSPECIFIED.)
CURVE()
GEOMETRIC_REPRESENTATION_ITEM()
RATIONAL_B_SPLINE_CURVE((1.,1.,1.,1.,1.,1.,1.))
REPRESENTATION_ITEM('')
);
#83=(
BOUNDED_CURVE()
B_SPLINE_CURVE(5,(#11124,#11125,#11126,#11127,#11128,#11129,#11130),
 .UNSPECIFIED.,.F.,.F.)
B_SPLINE_CURVE_WITH_KNOTS((6,1,6),(-1.,-0.5,0.),.UNSPECIFIED.)
CURVE()
GEOMETRIC_REPRESENTATION_ITEM()
RATIONAL_B_SPLINE_CURVE((1.,1.,1.,1.,1.,1.,1.))
REPRESENTATION_ITEM('')
);
#84=(
BOUNDED_CURVE()
B_SPLINE_CURVE(5,(#11134,#11135,#11136,#11137,#11138,#11139,#11140),
 .UNSPECIFIED.,.F.,.F.)
B_SPLINE_CURVE_WITH_KNOTS((6,1,6),(-1.,-0.5,0.),.UNSPECIFIED.)
CURVE()
GEOMETRIC_REPRESENTATION_ITEM()
RATIONAL_B_SPLINE_CURVE((1.,1.,1.,1.,1.,1.,1.))
REPRESENTATION_ITEM('')
);
#85=(
BOUNDED_CURVE()
B_SPLINE_CURVE(5,(#11144,#11145,#11146,#11147,#11148,#11149,#11150),
 .UNSPECIFIED.,.F.,.F.)
B_SPLINE_CURVE_WITH_KNOTS((6,1,6),(-1.,-0.5,0.),.UNSPECIFIED.)
CURVE()
GEOMETRIC_REPRESENTATION_ITEM()
RATIONAL_B_SPLINE_CURVE((1.,1.,1.,1.,1.,1.,1.))
REPRESENTATION_ITEM('')
);
#86=(
BOUNDED_CURVE()
B_SPLINE_CURVE(5,(#11154,#11155,#11156,#11157,#11158,#11159,#11160),
 .UNSPECIFIED.,.F.,.F.)
B_SPLINE_CURVE_WITH_KNOTS((6,1,6),(-1.,-0.5,0.),.UNSPECIFIED.)
CURVE()
GEOMETRIC_REPRESENTATION_ITEM()
RATIONAL_B_SPLINE_CURVE((1.,1.,1.,1.,1.,1.,1.))
REPRESENTATION_ITEM('')
);
#87=(
BOUNDED_CURVE()
B_SPLINE_CURVE(5,(#11164,#11165,#11166,#11167,#11168,#11169,#11170),
 .UNSPECIFIED.,.F.,.F.)
B_SPLINE_CURVE_WITH_KNOTS((6,1,6),(-1.,-0.5,0.),.UNSPECIFIED.)
CURVE()
GEOMETRIC_REPRESENTATION_ITEM()
RATIONAL_B_SPLINE_CURVE((1.,1.,1.,1.,1.,1.,1.))
REPRESENTATION_ITEM('')
);
#88=(
BOUNDED_CURVE()
B_SPLINE_CURVE(5,(#11174,#11175,#11176,#11177,#11178,#11179,#11180),
 .UNSPECIFIED.,.F.,.F.)
B_SPLINE_CURVE_WITH_KNOTS((6,1,6),(-1.,-0.5,0.),.UNSPECIFIED.)
CURVE()
GEOMETRIC_REPRESENTATION_ITEM()
RATIONAL_B_SPLINE_CURVE((1.,1.,1.,1.,1.,1.,1.))
REPRESENTATION_ITEM('')
);
#89=(
BOUNDED_CURVE()
B_SPLINE_CURVE(5,(#11184,#11185,#11186,#11187,#11188,#11189,#11190),
 .UNSPECIFIED.,.F.,.F.)
B_SPLINE_CURVE_WITH_KNOTS((6,1,6),(-1.,-0.5,0.),.UNSPECIFIED.)
CURVE()
GEOMETRIC_REPRESENTATION_ITEM()
RATIONAL_B_SPLINE_CURVE((1.,1.,1.,1.,1.,1.,1.))
REPRESENTATION_ITEM('')
);
#90=(
BOUNDED_CURVE()
B_SPLINE_CURVE(5,(#11194,#11195,#11196,#11197,#11198,#11199,#11200),
 .UNSPECIFIED.,.F.,.F.)
B_SPLINE_CURVE_WITH_KNOTS((6,1,6),(-1.,-0.5,0.),.UNSPECIFIED.)
CURVE()
GEOMETRIC_REPRESENTATION_ITEM()
RATIONAL_B_SPLINE_CURVE((1.,1.,1.,1.,1.,1.,1.))
REPRESENTATION_ITEM('')
);
#91=(
BOUNDED_CURVE()
B_SPLINE_CURVE(5,(#11204,#11205,#11206,#11207,#11208,#11209,#11210),
 .UNSPECIFIED.,.F.,.F.)
B_SPLINE_CURVE_WITH_KNOTS((6,1,6),(-1.,-0.5,0.),.UNSPECIFIED.)
CURVE()
GEOMETRIC_REPRESENTATION_ITEM()
RATIONAL_B_SPLINE_CURVE((1.,1.,1.,1.,1.,1.,1.))
REPRESENTATION_ITEM('')
);
#92=(
BOUNDED_CURVE()
B_SPLINE_CURVE(5,(#11214,#11215,#11216,#11217,#11218,#11219,#11220),
 .UNSPECIFIED.,.F.,.F.)
B_SPLINE_CURVE_WITH_KNOTS((6,1,6),(-1.,-0.5,0.),.UNSPECIFIED.)
CURVE()
GEOMETRIC_REPRESENTATION_ITEM()
RATIONAL_B_SPLINE_CURVE((1.,1.,1.,1.,1.,1.,1.))
REPRESENTATION_ITEM('')
);
#93=(
BOUNDED_CURVE()
B_SPLINE_CURVE(5,(#11224,#11225,#11226,#11227,#11228,#11229,#11230),
 .UNSPECIFIED.,.F.,.F.)
B_SPLINE_CURVE_WITH_KNOTS((6,1,6),(-1.,-0.5,0.),.UNSPECIFIED.)
CURVE()
GEOMETRIC_REPRESENTATION_ITEM()
RATIONAL_B_SPLINE_CURVE((1.,1.,1.,1.,1.,1.,1.))
REPRESENTATION_ITEM('')
);
#94=(
BOUNDED_CURVE()
B_SPLINE_CURVE(5,(#11234,#11235,#11236,#11237,#11238,#11239,#11240),
 .UNSPECIFIED.,.F.,.F.)
B_SPLINE_CURVE_WITH_KNOTS((6,1,6),(-1.,-0.5,0.),.UNSPECIFIED.)
CURVE()
GEOMETRIC_REPRESENTATION_ITEM()
RATIONAL_B_SPLINE_CURVE((1.,1.,1.,1.,1.,1.,1.))
REPRESENTATION_ITEM('')
);
#95=(
BOUNDED_CURVE()
B_SPLINE_CURVE(5,(#11244,#11245,#11246,#11247,#11248,#11249,#11250),
 .UNSPECIFIED.,.F.,.F.)
B_SPLINE_CURVE_WITH_KNOTS((6,1,6),(-1.,-0.5,0.),.UNSPECIFIED.)
CURVE()
GEOMETRIC_REPRESENTATION_ITEM()
RATIONAL_B_SPLINE_CURVE((1.,1.,1.,1.,1.,1.,1.))
REPRESENTATION_ITEM('')
);
#96=(
BOUNDED_CURVE()
B_SPLINE_CURVE(5,(#11254,#11255,#11256,#11257,#11258,#11259,#11260),
 .UNSPECIFIED.,.F.,.F.)
B_SPLINE_CURVE_WITH_KNOTS((6,1,6),(-1.,-0.5,0.),.UNSPECIFIED.)
CURVE()
GEOMETRIC_REPRESENTATION_ITEM()
RATIONAL_B_SPLINE_CURVE((1.,1.,1.,1.,1.,1.,1.))
REPRESENTATION_ITEM('')
);
#97=(
BOUNDED_CURVE()
B_SPLINE_CURVE(5,(#11264,#11265,#11266,#11267,#11268,#11269,#11270),
 .UNSPECIFIED.,.F.,.F.)
B_SPLINE_CURVE_WITH_KNOTS((6,1,6),(-1.,-0.5,0.),.UNSPECIFIED.)
CURVE()
GEOMETRIC_REPRESENTATION_ITEM()
RATIONAL_B_SPLINE_CURVE((1.,1.,1.,1.,1.,1.,1.))
REPRESENTATION_ITEM('')
);
#98=(
BOUNDED_CURVE()
B_SPLINE_CURVE(5,(#11274,#11275,#11276,#11277,#11278,#11279,#11280),
 .UNSPECIFIED.,.F.,.F.)
B_SPLINE_CURVE_WITH_KNOTS((6,1,6),(-1.,-0.5,0.),.UNSPECIFIED.)
CURVE()
GEOMETRIC_REPRESENTATION_ITEM()
RATIONAL_B_SPLINE_CURVE((1.,1.,1.,1.,1.,1.,1.))
REPRESENTATION_ITEM('')
);
#99=(
BOUNDED_CURVE()
B_SPLINE_CURVE(5,(#11284,#11285,#11286,#11287,#11288,#11289,#11290),
 .UNSPECIFIED.,.F.,.F.)
B_SPLINE_CURVE_WITH_KNOTS((6,1,6),(-1.,-0.5,0.),.UNSPECIFIED.)
CURVE()
GEOMETRIC_REPRESENTATION_ITEM()
RATIONAL_B_SPLINE_CURVE((1.,1.,1.,1.,1.,1.,1.))
REPRESENTATION_ITEM('')
);
#100=(
BOUNDED_CURVE()
B_SPLINE_CURVE(5,(#11294,#11295,#11296,#11297,#11298,#11299,#11300),
 .UNSPECIFIED.,.F.,.F.)
B_SPLINE_CURVE_WITH_KNOTS((6,1,6),(-1.,-0.5,0.),.UNSPECIFIED.)
CURVE()
GEOMETRIC_REPRESENTATION_ITEM()
RATIONAL_B_SPLINE_CURVE((1.,1.,1.,1.,1.,1.,1.))
REPRESENTATION_ITEM('')
);
#101=(
BOUNDED_CURVE()
B_SPLINE_CURVE(5,(#11304,#11305,#11306,#11307,#11308,#11309,#11310),
 .UNSPECIFIED.,.F.,.F.)
B_SPLINE_CURVE_WITH_KNOTS((6,1,6),(-1.,-0.5,0.),.UNSPECIFIED.)
CURVE()
GEOMETRIC_REPRESENTATION_ITEM()
RATIONAL_B_SPLINE_CURVE((1.,1.,1.,1.,1.,1.,1.))
REPRESENTATION_ITEM('')
);
#102=(
BOUNDED_CURVE()
B_SPLINE_CURVE(5,(#11314,#11315,#11316,#11317,#11318,#11319,#11320),
 .UNSPECIFIED.,.F.,.F.)
B_SPLINE_CURVE_WITH_KNOTS((6,1,6),(-1.,-0.5,0.),.UNSPECIFIED.)
CURVE()
GEOMETRIC_REPRESENTATION_ITEM()
RATIONAL_B_SPLINE_CURVE((1.,1.,1.,1.,1.,1.,1.))
REPRESENTATION_ITEM('')
);
#103=(
BOUNDED_CURVE()
B_SPLINE_CURVE(5,(#11324,#11325,#11326,#11327,#11328,#11329,#11330),
 .UNSPECIFIED.,.F.,.F.)
B_SPLINE_CURVE_WITH_KNOTS((6,1,6),(-1.,-0.5,0.),.UNSPECIFIED.)
CURVE()
GEOMETRIC_REPRESENTATION_ITEM()
RATIONAL_B_SPLINE_CURVE((1.,1.,1.,1.,1.,1.,1.))
REPRESENTATION_ITEM('')
);
#104=(
BOUNDED_CURVE()
B_SPLINE_CURVE(5,(#11334,#11335,#11336,#11337,#11338,#11339,#11340),
 .UNSPECIFIED.,.F.,.F.)
B_SPLINE_CURVE_WITH_KNOTS((6,1,6),(-1.,-0.5,0.),.UNSPECIFIED.)
CURVE()
GEOMETRIC_REPRESENTATION_ITEM()
RATIONAL_B_SPLINE_CURVE((1.,1.,1.,1.,1.,1.,1.))
REPRESENTATION_ITEM('')
);
#105=(
BOUNDED_CURVE()
B_SPLINE_CURVE(5,(#11344,#11345,#11346,#11347,#11348,#11349,#11350),
 .UNSPECIFIED.,.F.,.F.)
B_SPLINE_CURVE_WITH_KNOTS((6,1,6),(-1.,-0.5,0.),.UNSPECIFIED.)
CURVE()
GEOMETRIC_REPRESENTATION_ITEM()
RATIONAL_B_SPLINE_CURVE((1.,1.,1.,1.,1.,1.,1.))
REPRESENTATION_ITEM('')
);
#106=(
BOUNDED_CURVE()
B_SPLINE_CURVE(5,(#11354,#11355,#11356,#11357,#11358,#11359,#11360),
 .UNSPECIFIED.,.F.,.F.)
B_SPLINE_CURVE_WITH_KNOTS((6,1,6),(-1.,-0.5,0.),.UNSPECIFIED.)
CURVE()
GEOMETRIC_REPRESENTATION_ITEM()
RATIONAL_B_SPLINE_CURVE((1.,1.,1.,1.,1.,1.,1.))
REPRESENTATION_ITEM('')
);
#107=(
BOUNDED_CURVE()
B_SPLINE_CURVE(5,(#11364,#11365,#11366,#11367,#11368,#11369,#11370),
 .UNSPECIFIED.,.F.,.F.)
B_SPLINE_CURVE_WITH_KNOTS((6,1,6),(-1.,-0.5,0.),.UNSPECIFIED.)
CURVE()
GEOMETRIC_REPRESENTATION_ITEM()
RATIONAL_B_SPLINE_CURVE((1.,1.,1.,1.,1.,1.,1.))
REPRESENTATION_ITEM('')
);
#108=(
BOUNDED_CURVE()
B_SPLINE_CURVE(5,(#11374,#11375,#11376,#11377,#11378,#11379,#11380),
 .UNSPECIFIED.,.F.,.F.)
B_SPLINE_CURVE_WITH_KNOTS((6,1,6),(-1.,-0.5,0.),.UNSPECIFIED.)
CURVE()
GEOMETRIC_REPRESENTATION_ITEM()
RATIONAL_B_SPLINE_CURVE((1.,1.,1.,1.,1.,1.,1.))
REPRESENTATION_ITEM('')
);
#109=(
BOUNDED_CURVE()
B_SPLINE_CURVE(5,(#11384,#11385,#11386,#11387,#11388,#11389,#11390),
 .UNSPECIFIED.,.F.,.F.)
B_SPLINE_CURVE_WITH_KNOTS((6,1,6),(-1.,-0.5,0.),.UNSPECIFIED.)
CURVE()
GEOMETRIC_REPRESENTATION_ITEM()
RATIONAL_B_SPLINE_CURVE((1.,1.,1.,1.,1.,1.,1.))
REPRESENTATION_ITEM('')
);
#110=(
BOUNDED_CURVE()
B_SPLINE_CURVE(5,(#11394,#11395,#11396,#11397,#11398,#11399,#11400),
 .UNSPECIFIED.,.F.,.F.)
B_SPLINE_CURVE_WITH_KNOTS((6,1,6),(-1.,-0.5,0.),.UNSPECIFIED.)
CURVE()
GEOMETRIC_REPRESENTATION_ITEM()
RATIONAL_B_SPLINE_CURVE((1.,1.,1.,1.,1.,1.,1.))
REPRESENTATION_ITEM('')
);
#111=(
BOUNDED_CURVE()
B_SPLINE_CURVE(5,(#11404,#11405,#11406,#11407,#11408,#11409,#11410),
 .UNSPECIFIED.,.F.,.F.)
B_SPLINE_CURVE_WITH_KNOTS((6,1,6),(-1.,-0.5,0.),.UNSPECIFIED.)
CURVE()
GEOMETRIC_REPRESENTATION_ITEM()
RATIONAL_B_SPLINE_CURVE((1.,1.,1.,1.,1.,1.,1.))
REPRESENTATION_ITEM('')
);
#112=(
BOUNDED_CURVE()
B_SPLINE_CURVE(5,(#11414,#11415,#11416,#11417,#11418,#11419,#11420),
 .UNSPECIFIED.,.F.,.F.)
B_SPLINE_CURVE_WITH_KNOTS((6,1,6),(-1.,-0.5,0.),.UNSPECIFIED.)
CURVE()
GEOMETRIC_REPRESENTATION_ITEM()
RATIONAL_B_SPLINE_CURVE((1.,1.,1.,1.,1.,1.,1.))
REPRESENTATION_ITEM('')
);
#113=(
BOUNDED_CURVE()
B_SPLINE_CURVE(5,(#11424,#11425,#11426,#11427,#11428,#11429,#11430),
 .UNSPECIFIED.,.F.,.F.)
B_SPLINE_CURVE_WITH_KNOTS((6,1,6),(-1.,-0.5,0.),.UNSPECIFIED.)
CURVE()
GEOMETRIC_REPRESENTATION_ITEM()
RATIONAL_B_SPLINE_CURVE((1.,1.,1.,1.,1.,1.,1.))
REPRESENTATION_ITEM('')
);
#114=(
BOUNDED_CURVE()
B_SPLINE_CURVE(5,(#11434,#11435,#11436,#11437,#11438,#11439,#11440),
 .UNSPECIFIED.,.F.,.F.)
B_SPLINE_CURVE_WITH_KNOTS((6,1,6),(-1.,-0.5,0.),.UNSPECIFIED.)
CURVE()
GEOMETRIC_REPRESENTATION_ITEM()
RATIONAL_B_SPLINE_CURVE((1.,1.,1.,1.,1.,1.,1.))
REPRESENTATION_ITEM('')
);
#115=(
BOUNDED_CURVE()
B_SPLINE_CURVE(5,(#11444,#11445,#11446,#11447,#11448,#11449,#11450),
 .UNSPECIFIED.,.F.,.F.)
B_SPLINE_CURVE_WITH_KNOTS((6,1,6),(-1.,-0.5,0.),.UNSPECIFIED.)
CURVE()
GEOMETRIC_REPRESENTATION_ITEM()
RATIONAL_B_SPLINE_CURVE((1.,1.,1.,1.,1.,1.,1.))
REPRESENTATION_ITEM('')
);
#116=(
BOUNDED_CURVE()
B_SPLINE_CURVE(5,(#11454,#11455,#11456,#11457,#11458,#11459,#11460),
 .UNSPECIFIED.,.F.,.F.)
B_SPLINE_CURVE_WITH_KNOTS((6,1,6),(-1.,-0.5,0.),.UNSPECIFIED.)
CURVE()
GEOMETRIC_REPRESENTATION_ITEM()
RATIONAL_B_SPLINE_CURVE((1.,1.,1.,1.,1.,1.,1.))
REPRESENTATION_ITEM('')
);
#117=(
BOUNDED_CURVE()
B_SPLINE_CURVE(5,(#11464,#11465,#11466,#11467,#11468,#11469,#11470),
 .UNSPECIFIED.,.F.,.F.)
B_SPLINE_CURVE_WITH_KNOTS((6,1,6),(-1.,-0.5,0.),.UNSPECIFIED.)
CURVE()
GEOMETRIC_REPRESENTATION_ITEM()
RATIONAL_B_SPLINE_CURVE((1.,1.,1.,1.,1.,1.,1.))
REPRESENTATION_ITEM('')
);
#118=(
BOUNDED_CURVE()
B_SPLINE_CURVE(5,(#11474,#11475,#11476,#11477,#11478,#11479,#11480),
 .UNSPECIFIED.,.F.,.F.)
B_SPLINE_CURVE_WITH_KNOTS((6,1,6),(-1.,-0.5,0.),.UNSPECIFIED.)
CURVE()
GEOMETRIC_REPRESENTATION_ITEM()
RATIONAL_B_SPLINE_CURVE((1.,1.,1.,1.,1.,1.,1.))
REPRESENTATION_ITEM('')
);
#119=(
BOUNDED_CURVE()
B_SPLINE_CURVE(5,(#11484,#11485,#11486,#11487,#11488,#11489,#11490),
 .UNSPECIFIED.,.F.,.F.)
B_SPLINE_CURVE_WITH_KNOTS((6,1,6),(-1.,-0.5,0.),.UNSPECIFIED.)
CURVE()
GEOMETRIC_REPRESENTATION_ITEM()
RATIONAL_B_SPLINE_CURVE((1.,1.,1.,1.,1.,1.,1.))
REPRESENTATION_ITEM('')
);
#120=(
BOUNDED_CURVE()
B_SPLINE_CURVE(5,(#11494,#11495,#11496,#11497,#11498,#11499,#11500),
 .UNSPECIFIED.,.F.,.F.)
B_SPLINE_CURVE_WITH_KNOTS((6,1,6),(-1.,-0.5,0.),.UNSPECIFIED.)
CURVE()
GEOMETRIC_REPRESENTATION_ITEM()
RATIONAL_B_SPLINE_CURVE((1.,1.,1.,1.,1.,1.,1.))
REPRESENTATION_ITEM('')
);
#121=(
BOUNDED_CURVE()
B_SPLINE_CURVE(5,(#11504,#11505,#11506,#11507,#11508,#11509,#11510),
 .UNSPECIFIED.,.F.,.F.)
B_SPLINE_CURVE_WITH_KNOTS((6,1,6),(-1.,-0.5,0.),.UNSPECIFIED.)
CURVE()
GEOMETRIC_REPRESENTATION_ITEM()
RATIONAL_B_SPLINE_CURVE((1.,1.,1.,1.,1.,1.,1.))
REPRESENTATION_ITEM('')
);
#122=(
BOUNDED_CURVE()
B_SPLINE_CURVE(5,(#11514,#11515,#11516,#11517,#11518,#11519,#11520),
 .UNSPECIFIED.,.F.,.F.)
B_SPLINE_CURVE_WITH_KNOTS((6,1,6),(-1.,-0.5,0.),.UNSPECIFIED.)
CURVE()
GEOMETRIC_REPRESENTATION_ITEM()
RATIONAL_B_SPLINE_CURVE((1.,1.,1.,1.,1.,1.,1.))
REPRESENTATION_ITEM('')
);
#123=(
BOUNDED_CURVE()
B_SPLINE_CURVE(5,(#11524,#11525,#11526,#11527,#11528,#11529,#11530),
 .UNSPECIFIED.,.F.,.F.)
B_SPLINE_CURVE_WITH_KNOTS((6,1,6),(-1.,-0.5,0.),.UNSPECIFIED.)
CURVE()
GEOMETRIC_REPRESENTATION_ITEM()
RATIONAL_B_SPLINE_CURVE((1.,1.,1.,1.,1.,1.,1.))
REPRESENTATION_ITEM('')
);
#124=(
BOUNDED_CURVE()
B_SPLINE_CURVE(5,(#11534,#11535,#11536,#11537,#11538,#11539,#11540),
 .UNSPECIFIED.,.F.,.F.)
B_SPLINE_CURVE_WITH_KNOTS((6,1,6),(-1.,-0.5,0.),.UNSPECIFIED.)
CURVE()
GEOMETRIC_REPRESENTATION_ITEM()
RATIONAL_B_SPLINE_CURVE((1.,1.,1.,1.,1.,1.,1.))
REPRESENTATION_ITEM('')
);
#125=(
BOUNDED_CURVE()
B_SPLINE_CURVE(5,(#11544,#11545,#11546,#11547,#11548,#11549,#11550),
 .UNSPECIFIED.,.F.,.F.)
B_SPLINE_CURVE_WITH_KNOTS((6,1,6),(-1.,-0.5,0.),.UNSPECIFIED.)
CURVE()
GEOMETRIC_REPRESENTATION_ITEM()
RATIONAL_B_SPLINE_CURVE((1.,1.,1.,1.,1.,1.,1.))
REPRESENTATION_ITEM('')
);
#126=(
BOUNDED_CURVE()
B_SPLINE_CURVE(5,(#11554,#11555,#11556,#11557,#11558,#11559,#11560),
 .UNSPECIFIED.,.F.,.F.)
B_SPLINE_CURVE_WITH_KNOTS((6,1,6),(-1.,-0.5,0.),.UNSPECIFIED.)
CURVE()
GEOMETRIC_REPRESENTATION_ITEM()
RATIONAL_B_SPLINE_CURVE((1.,1.,1.,1.,1.,1.,1.))
REPRESENTATION_ITEM('')
);
#127=(
BOUNDED_CURVE()
B_SPLINE_CURVE(5,(#11564,#11565,#11566,#11567,#11568,#11569,#11570),
 .UNSPECIFIED.,.F.,.F.)
B_SPLINE_CURVE_WITH_KNOTS((6,1,6),(-1.,-0.5,0.),.UNSPECIFIED.)
CURVE()
GEOMETRIC_REPRESENTATION_ITEM()
RATIONAL_B_SPLINE_CURVE((1.,1.,1.,1.,1.,1.,1.))
REPRESENTATION_ITEM('')
);
#128=(
BOUNDED_CURVE()
B_SPLINE_CURVE(5,(#11574,#11575,#11576,#11577,#11578,#11579,#11580),
 .UNSPECIFIED.,.F.,.F.)
B_SPLINE_CURVE_WITH_KNOTS((6,1,6),(-1.,-0.5,0.),.UNSPECIFIED.)
CURVE()
GEOMETRIC_REPRESENTATION_ITEM()
RATIONAL_B_SPLINE_CURVE((1.,1.,1.,1.,1.,1.,1.))
REPRESENTATION_ITEM('')
);
#129=(
BOUNDED_CURVE()
B_SPLINE_CURVE(5,(#11584,#11585,#11586,#11587,#11588,#11589,#11590),
 .UNSPECIFIED.,.F.,.F.)
B_SPLINE_CURVE_WITH_KNOTS((6,1,6),(-1.,-0.5,0.),.UNSPECIFIED.)
CURVE()
GEOMETRIC_REPRESENTATION_ITEM()
RATIONAL_B_SPLINE_CURVE((1.,1.,1.,1.,1.,1.,1.))
REPRESENTATION_ITEM('')
);
#130=(
BOUNDED_CURVE()
B_SPLINE_CURVE(5,(#11594,#11595,#11596,#11597,#11598,#11599,#11600),
 .UNSPECIFIED.,.F.,.F.)
B_SPLINE_CURVE_WITH_KNOTS((6,1,6),(-1.,-0.5,0.),.UNSPECIFIED.)
CURVE()
GEOMETRIC_REPRESENTATION_ITEM()
RATIONAL_B_SPLINE_CURVE((1.,1.,1.,1.,1.,1.,1.))
REPRESENTATION_ITEM('')
);
#131=(
BOUNDED_CURVE()
B_SPLINE_CURVE(5,(#11604,#11605,#11606,#11607,#11608,#11609,#11610),
 .UNSPECIFIED.,.F.,.F.)
B_SPLINE_CURVE_WITH_KNOTS((6,1,6),(-1.,-0.5,0.),.UNSPECIFIED.)
CURVE()
GEOMETRIC_REPRESENTATION_ITEM()
RATIONAL_B_SPLINE_CURVE((1.,1.,1.,1.,1.,1.,1.))
REPRESENTATION_ITEM('')
);
#132=(
BOUNDED_CURVE()
B_SPLINE_CURVE(5,(#11614,#11615,#11616,#11617,#11618,#11619,#11620),
 .UNSPECIFIED.,.F.,.F.)
B_SPLINE_CURVE_WITH_KNOTS((6,1,6),(-1.,-0.5,0.),.UNSPECIFIED.)
CURVE()
GEOMETRIC_REPRESENTATION_ITEM()
RATIONAL_B_SPLINE_CURVE((1.,1.,1.,1.,1.,1.,1.))
REPRESENTATION_ITEM('')
);
#133=(
BOUNDED_CURVE()
B_SPLINE_CURVE(5,(#11624,#11625,#11626,#11627,#11628,#11629,#11630),
 .UNSPECIFIED.,.F.,.F.)
B_SPLINE_CURVE_WITH_KNOTS((6,1,6),(-1.,-0.5,0.),.UNSPECIFIED.)
CURVE()
GEOMETRIC_REPRESENTATION_ITEM()
RATIONAL_B_SPLINE_CURVE((1.,1.,1.,1.,1.,1.,1.))
REPRESENTATION_ITEM('')
);
#134=(
BOUNDED_CURVE()
B_SPLINE_CURVE(5,(#11634,#11635,#11636,#11637,#11638,#11639,#11640),
 .UNSPECIFIED.,.F.,.F.)
B_SPLINE_CURVE_WITH_KNOTS((6,1,6),(-1.,-0.5,0.),.UNSPECIFIED.)
CURVE()
GEOMETRIC_REPRESENTATION_ITEM()
RATIONAL_B_SPLINE_CURVE((1.,1.,1.,1.,1.,1.,1.))
REPRESENTATION_ITEM('')
);
#135=(
BOUNDED_CURVE()
B_SPLINE_CURVE(5,(#11644,#11645,#11646,#11647,#11648,#11649,#11650),
 .UNSPECIFIED.,.F.,.F.)
B_SPLINE_CURVE_WITH_KNOTS((6,1,6),(-1.,-0.5,0.),.UNSPECIFIED.)
CURVE()
GEOMETRIC_REPRESENTATION_ITEM()
RATIONAL_B_SPLINE_CURVE((1.,1.,1.,1.,1.,1.,1.))
REPRESENTATION_ITEM('')
);
#136=(
BOUNDED_CURVE()
B_SPLINE_CURVE(5,(#11654,#11655,#11656,#11657,#11658,#11659,#11660),
 .UNSPECIFIED.,.F.,.F.)
B_SPLINE_CURVE_WITH_KNOTS((6,1,6),(-1.,-0.5,0.),.UNSPECIFIED.)
CURVE()
GEOMETRIC_REPRESENTATION_ITEM()
RATIONAL_B_SPLINE_CURVE((1.,1.,1.,1.,1.,1.,1.))
REPRESENTATION_ITEM('')
);
#137=(
BOUNDED_CURVE()
B_SPLINE_CURVE(5,(#11664,#11665,#11666,#11667,#11668,#11669,#11670),
 .UNSPECIFIED.,.F.,.F.)
B_SPLINE_CURVE_WITH_KNOTS((6,1,6),(-1.,-0.5,0.),.UNSPECIFIED.)
CURVE()
GEOMETRIC_REPRESENTATION_ITEM()
RATIONAL_B_SPLINE_CURVE((1.,1.,1.,1.,1.,1.,1.))
REPRESENTATION_ITEM('')
);
#138=(
BOUNDED_CURVE()
B_SPLINE_CURVE(5,(#11674,#11675,#11676,#11677,#11678,#11679,#11680),
 .UNSPECIFIED.,.F.,.F.)
B_SPLINE_CURVE_WITH_KNOTS((6,1,6),(-1.,-0.5,0.),.UNSPECIFIED.)
CURVE()
GEOMETRIC_REPRESENTATION_ITEM()
RATIONAL_B_SPLINE_CURVE((1.,1.,1.,1.,1.,1.,1.))
REPRESENTATION_ITEM('')
);
#139=(
BOUNDED_CURVE()
B_SPLINE_CURVE(5,(#11684,#11685,#11686,#11687,#11688,#11689,#11690),
 .UNSPECIFIED.,.F.,.F.)
B_SPLINE_CURVE_WITH_KNOTS((6,1,6),(-1.,-0.5,0.),.UNSPECIFIED.)
CURVE()
GEOMETRIC_REPRESENTATION_ITEM()
RATIONAL_B_SPLINE_CURVE((1.,1.,1.,1.,1.,1.,1.))
REPRESENTATION_ITEM('')
);
#140=(
BOUNDED_CURVE()
B_SPLINE_CURVE(5,(#11694,#11695,#11696,#11697,#11698,#11699,#11700),
 .UNSPECIFIED.,.F.,.F.)
B_SPLINE_CURVE_WITH_KNOTS((6,1,6),(-1.,-0.5,0.),.UNSPECIFIED.)
CURVE()
GEOMETRIC_REPRESENTATION_ITEM()
RATIONAL_B_SPLINE_CURVE((1.,1.,1.,1.,1.,1.,1.))
REPRESENTATION_ITEM('')
);
#141=(
BOUNDED_CURVE()
B_SPLINE_CURVE(5,(#11704,#11705,#11706,#11707,#11708,#11709,#11710),
 .UNSPECIFIED.,.F.,.F.)
B_SPLINE_CURVE_WITH_KNOTS((6,1,6),(-1.,-0.5,0.),.UNSPECIFIED.)
CURVE()
GEOMETRIC_REPRESENTATION_ITEM()
RATIONAL_B_SPLINE_CURVE((1.,1.,1.,1.,1.,1.,1.))
REPRESENTATION_ITEM('')
);
#142=(
BOUNDED_CURVE()
B_SPLINE_CURVE(5,(#11845,#11846,#11847,#11848,#11849,#11850,#11851),
 .UNSPECIFIED.,.F.,.F.)
B_SPLINE_CURVE_WITH_KNOTS((6,1,6),(0.,0.5,1.),.UNSPECIFIED.)
CURVE()
GEOMETRIC_REPRESENTATION_ITEM()
RATIONAL_B_SPLINE_CURVE((1.,1.,1.,1.,1.,1.,1.))
REPRESENTATION_ITEM('')
);
#143=(
BOUNDED_CURVE()
B_SPLINE_CURVE(5,(#11855,#11856,#11857,#11858,#11859,#11860,#11861),
 .UNSPECIFIED.,.F.,.F.)
B_SPLINE_CURVE_WITH_KNOTS((6,1,6),(0.,0.5,1.),.UNSPECIFIED.)
CURVE()
GEOMETRIC_REPRESENTATION_ITEM()
RATIONAL_B_SPLINE_CURVE((1.,1.,1.,1.,1.,1.,1.))
REPRESENTATION_ITEM('')
);
#144=(
BOUNDED_CURVE()
B_SPLINE_CURVE(5,(#11865,#11866,#11867,#11868,#11869,#11870,#11871),
 .UNSPECIFIED.,.F.,.F.)
B_SPLINE_CURVE_WITH_KNOTS((6,1,6),(0.,0.5,1.),.UNSPECIFIED.)
CURVE()
GEOMETRIC_REPRESENTATION_ITEM()
RATIONAL_B_SPLINE_CURVE((1.,1.,1.,1.,1.,1.,1.))
REPRESENTATION_ITEM('')
);
#145=(
BOUNDED_CURVE()
B_SPLINE_CURVE(5,(#11875,#11876,#11877,#11878,#11879,#11880,#11881),
 .UNSPECIFIED.,.F.,.F.)
B_SPLINE_CURVE_WITH_KNOTS((6,1,6),(0.,0.5,1.),.UNSPECIFIED.)
CURVE()
GEOMETRIC_REPRESENTATION_ITEM()
RATIONAL_B_SPLINE_CURVE((1.,1.,1.,1.,1.,1.,1.))
REPRESENTATION_ITEM('')
);
#146=(
BOUNDED_CURVE()
B_SPLINE_CURVE(5,(#11885,#11886,#11887,#11888,#11889,#11890,#11891),
 .UNSPECIFIED.,.F.,.F.)
B_SPLINE_CURVE_WITH_KNOTS((6,1,6),(0.,0.5,1.),.UNSPECIFIED.)
CURVE()
GEOMETRIC_REPRESENTATION_ITEM()
RATIONAL_B_SPLINE_CURVE((1.,1.,1.,1.,1.,1.,1.))
REPRESENTATION_ITEM('')
);
#147=(
BOUNDED_CURVE()
B_SPLINE_CURVE(5,(#11895,#11896,#11897,#11898,#11899,#11900,#11901),
 .UNSPECIFIED.,.F.,.F.)
B_SPLINE_CURVE_WITH_KNOTS((6,1,6),(0.,0.5,1.),.UNSPECIFIED.)
CURVE()
GEOMETRIC_REPRESENTATION_ITEM()
RATIONAL_B_SPLINE_CURVE((1.,1.,1.,1.,1.,1.,1.))
REPRESENTATION_ITEM('')
);
#148=(
BOUNDED_CURVE()
B_SPLINE_CURVE(5,(#11905,#11906,#11907,#11908,#11909,#11910,#11911),
 .UNSPECIFIED.,.F.,.F.)
B_SPLINE_CURVE_WITH_KNOTS((6,1,6),(0.,0.5,1.),.UNSPECIFIED.)
CURVE()
GEOMETRIC_REPRESENTATION_ITEM()
RATIONAL_B_SPLINE_CURVE((1.,1.,1.,1.,1.,1.,1.))
REPRESENTATION_ITEM('')
);
#149=(
BOUNDED_CURVE()
B_SPLINE_CURVE(5,(#11915,#11916,#11917,#11918,#11919,#11920,#11921),
 .UNSPECIFIED.,.F.,.F.)
B_SPLINE_CURVE_WITH_KNOTS((6,1,6),(0.,0.5,1.),.UNSPECIFIED.)
CURVE()
GEOMETRIC_REPRESENTATION_ITEM()
RATIONAL_B_SPLINE_CURVE((1.,1.,1.,1.,1.,1.,1.))
REPRESENTATION_ITEM('')
);
#150=(
BOUNDED_CURVE()
B_SPLINE_CURVE(5,(#11925,#11926,#11927,#11928,#11929,#11930,#11931),
 .UNSPECIFIED.,.F.,.F.)
B_SPLINE_CURVE_WITH_KNOTS((6,1,6),(0.,0.5,1.),.UNSPECIFIED.)
CURVE()
GEOMETRIC_REPRESENTATION_ITEM()
RATIONAL_B_SPLINE_CURVE((1.,1.,1.,1.,1.,1.,1.))
REPRESENTATION_ITEM('')
);
#151=(
BOUNDED_CURVE()
B_SPLINE_CURVE(5,(#11935,#11936,#11937,#11938,#11939,#11940,#11941),
 .UNSPECIFIED.,.F.,.F.)
B_SPLINE_CURVE_WITH_KNOTS((6,1,6),(0.,0.5,1.),.UNSPECIFIED.)
CURVE()
GEOMETRIC_REPRESENTATION_ITEM()
RATIONAL_B_SPLINE_CURVE((1.,1.,1.,1.,1.,1.,1.))
REPRESENTATION_ITEM('')
);
#152=(
BOUNDED_CURVE()
B_SPLINE_CURVE(5,(#11945,#11946,#11947,#11948,#11949,#11950,#11951),
 .UNSPECIFIED.,.F.,.F.)
B_SPLINE_CURVE_WITH_KNOTS((6,1,6),(0.,0.5,1.),.UNSPECIFIED.)
CURVE()
GEOMETRIC_REPRESENTATION_ITEM()
RATIONAL_B_SPLINE_CURVE((1.,1.,1.,1.,1.,1.,1.))
REPRESENTATION_ITEM('')
);
#153=(
BOUNDED_CURVE()
B_SPLINE_CURVE(5,(#11955,#11956,#11957,#11958,#11959,#11960,#11961),
 .UNSPECIFIED.,.F.,.F.)
B_SPLINE_CURVE_WITH_KNOTS((6,1,6),(0.,0.5,1.),.UNSPECIFIED.)
CURVE()
GEOMETRIC_REPRESENTATION_ITEM()
RATIONAL_B_SPLINE_CURVE((1.,1.,1.,1.,1.,1.,1.))
REPRESENTATION_ITEM('')
);
#154=(
BOUNDED_CURVE()
B_SPLINE_CURVE(5,(#11965,#11966,#11967,#11968,#11969,#11970,#11971),
 .UNSPECIFIED.,.F.,.F.)
B_SPLINE_CURVE_WITH_KNOTS((6,1,6),(0.,0.5,1.),.UNSPECIFIED.)
CURVE()
GEOMETRIC_REPRESENTATION_ITEM()
RATIONAL_B_SPLINE_CURVE((1.,1.,1.,1.,1.,1.,1.))
REPRESENTATION_ITEM('')
);
#155=(
BOUNDED_CURVE()
B_SPLINE_CURVE(5,(#11975,#11976,#11977,#11978,#11979,#11980,#11981),
 .UNSPECIFIED.,.F.,.F.)
B_SPLINE_CURVE_WITH_KNOTS((6,1,6),(0.,0.5,1.),.UNSPECIFIED.)
CURVE()
GEOMETRIC_REPRESENTATION_ITEM()
RATIONAL_B_SPLINE_CURVE((1.,1.,1.,1.,1.,1.,1.))
REPRESENTATION_ITEM('')
);
#156=(
BOUNDED_CURVE()
B_SPLINE_CURVE(5,(#11985,#11986,#11987,#11988,#11989,#11990,#11991),
 .UNSPECIFIED.,.F.,.F.)
B_SPLINE_CURVE_WITH_KNOTS((6,1,6),(0.,0.5,1.),.UNSPECIFIED.)
CURVE()
GEOMETRIC_REPRESENTATION_ITEM()
RATIONAL_B_SPLINE_CURVE((1.,1.,1.,1.,1.,1.,1.))
REPRESENTATION_ITEM('')
);
#157=(
BOUNDED_CURVE()
B_SPLINE_CURVE(5,(#11995,#11996,#11997,#11998,#11999,#12000,#12001),
 .UNSPECIFIED.,.F.,.F.)
B_SPLINE_CURVE_WITH_KNOTS((6,1,6),(0.,0.5,1.),.UNSPECIFIED.)
CURVE()
GEOMETRIC_REPRESENTATION_ITEM()
RATIONAL_B_SPLINE_CURVE((1.,1.,1.,1.,1.,1.,1.))
REPRESENTATION_ITEM('')
);
#158=(
BOUNDED_CURVE()
B_SPLINE_CURVE(5,(#12005,#12006,#12007,#12008,#12009,#12010,#12011),
 .UNSPECIFIED.,.F.,.F.)
B_SPLINE_CURVE_WITH_KNOTS((6,1,6),(0.,0.5,1.),.UNSPECIFIED.)
CURVE()
GEOMETRIC_REPRESENTATION_ITEM()
RATIONAL_B_SPLINE_CURVE((1.,1.,1.,1.,1.,1.,1.))
REPRESENTATION_ITEM('')
);
#159=(
BOUNDED_CURVE()
B_SPLINE_CURVE(5,(#12015,#12016,#12017,#12018,#12019,#12020,#12021),
 .UNSPECIFIED.,.F.,.F.)
B_SPLINE_CURVE_WITH_KNOTS((6,1,6),(0.,0.5,1.),.UNSPECIFIED.)
CURVE()
GEOMETRIC_REPRESENTATION_ITEM()
RATIONAL_B_SPLINE_CURVE((1.,1.,1.,1.,1.,1.,1.))
REPRESENTATION_ITEM('')
);
#160=(
BOUNDED_CURVE()
B_SPLINE_CURVE(5,(#12025,#12026,#12027,#12028,#12029,#12030,#12031),
 .UNSPECIFIED.,.F.,.F.)
B_SPLINE_CURVE_WITH_KNOTS((6,1,6),(0.,0.5,1.),.UNSPECIFIED.)
CURVE()
GEOMETRIC_REPRESENTATION_ITEM()
RATIONAL_B_SPLINE_CURVE((1.,1.,1.,1.,1.,1.,1.))
REPRESENTATION_ITEM('')
);
#161=(
BOUNDED_CURVE()
B_SPLINE_CURVE(5,(#12035,#12036,#12037,#12038,#12039,#12040,#12041),
 .UNSPECIFIED.,.F.,.F.)
B_SPLINE_CURVE_WITH_KNOTS((6,1,6),(0.,0.5,1.),.UNSPECIFIED.)
CURVE()
GEOMETRIC_REPRESENTATION_ITEM()
RATIONAL_B_SPLINE_CURVE((1.,1.,1.,1.,1.,1.,1.))
REPRESENTATION_ITEM('')
);
#162=(
BOUNDED_CURVE()
B_SPLINE_CURVE(5,(#12045,#12046,#12047,#12048,#12049,#12050,#12051),
 .UNSPECIFIED.,.F.,.F.)
B_SPLINE_CURVE_WITH_KNOTS((6,1,6),(0.,0.5,1.),.UNSPECIFIED.)
CURVE()
GEOMETRIC_REPRESENTATION_ITEM()
RATIONAL_B_SPLINE_CURVE((1.,1.,1.,1.,1.,1.,1.))
REPRESENTATION_ITEM('')
);
#163=(
BOUNDED_CURVE()
B_SPLINE_CURVE(5,(#12055,#12056,#12057,#12058,#12059,#12060,#12061),
 .UNSPECIFIED.,.F.,.F.)
B_SPLINE_CURVE_WITH_KNOTS((6,1,6),(0.,0.5,1.),.UNSPECIFIED.)
CURVE()
GEOMETRIC_REPRESENTATION_ITEM()
RATIONAL_B_SPLINE_CURVE((1.,1.,1.,1.,1.,1.,1.))
REPRESENTATION_ITEM('')
);
#164=(
BOUNDED_CURVE()
B_SPLINE_CURVE(5,(#12065,#12066,#12067,#12068,#12069,#12070,#12071),
 .UNSPECIFIED.,.F.,.F.)
B_SPLINE_CURVE_WITH_KNOTS((6,1,6),(0.,0.5,1.),.UNSPECIFIED.)
CURVE()
GEOMETRIC_REPRESENTATION_ITEM()
RATIONAL_B_SPLINE_CURVE((1.,1.,1.,1.,1.,1.,1.))
REPRESENTATION_ITEM('')
);
#165=(
BOUNDED_CURVE()
B_SPLINE_CURVE(5,(#12075,#12076,#12077,#12078,#12079,#12080,#12081),
 .UNSPECIFIED.,.F.,.F.)
B_SPLINE_CURVE_WITH_KNOTS((6,1,6),(0.,0.5,1.),.UNSPECIFIED.)
CURVE()
GEOMETRIC_REPRESENTATION_ITEM()
RATIONAL_B_SPLINE_CURVE((1.,1.,1.,1.,1.,1.,1.))
REPRESENTATION_ITEM('')
);
#166=(
BOUNDED_CURVE()
B_SPLINE_CURVE(5,(#12085,#12086,#12087,#12088,#12089,#12090,#12091),
 .UNSPECIFIED.,.F.,.F.)
B_SPLINE_CURVE_WITH_KNOTS((6,1,6),(0.,0.5,1.),.UNSPECIFIED.)
CURVE()
GEOMETRIC_REPRESENTATION_ITEM()
RATIONAL_B_SPLINE_CURVE((1.,1.,1.,1.,1.,1.,1.))
REPRESENTATION_ITEM('')
);
#167=(
BOUNDED_CURVE()
B_SPLINE_CURVE(5,(#12095,#12096,#12097,#12098,#12099,#12100,#12101),
 .UNSPECIFIED.,.F.,.F.)
B_SPLINE_CURVE_WITH_KNOTS((6,1,6),(0.,0.5,1.),.UNSPECIFIED.)
CURVE()
GEOMETRIC_REPRESENTATION_ITEM()
RATIONAL_B_SPLINE_CURVE((1.,1.,1.,1.,1.,1.,1.))
REPRESENTATION_ITEM('')
);
#168=(
BOUNDED_CURVE()
B_SPLINE_CURVE(5,(#12105,#12106,#12107,#12108,#12109,#12110,#12111),
 .UNSPECIFIED.,.F.,.F.)
B_SPLINE_CURVE_WITH_KNOTS((6,1,6),(0.,0.5,1.),.UNSPECIFIED.)
CURVE()
GEOMETRIC_REPRESENTATION_ITEM()
RATIONAL_B_SPLINE_CURVE((1.,1.,1.,1.,1.,1.,1.))
REPRESENTATION_ITEM('')
);
#169=(
BOUNDED_CURVE()
B_SPLINE_CURVE(5,(#12115,#12116,#12117,#12118,#12119,#12120,#12121),
 .UNSPECIFIED.,.F.,.F.)
B_SPLINE_CURVE_WITH_KNOTS((6,1,6),(0.,0.5,1.),.UNSPECIFIED.)
CURVE()
GEOMETRIC_REPRESENTATION_ITEM()
RATIONAL_B_SPLINE_CURVE((1.,1.,1.,1.,1.,1.,1.))
REPRESENTATION_ITEM('')
);
#170=(
BOUNDED_CURVE()
B_SPLINE_CURVE(5,(#12125,#12126,#12127,#12128,#12129,#12130,#12131),
 .UNSPECIFIED.,.F.,.F.)
B_SPLINE_CURVE_WITH_KNOTS((6,1,6),(0.,0.5,1.),.UNSPECIFIED.)
CURVE()
GEOMETRIC_REPRESENTATION_ITEM()
RATIONAL_B_SPLINE_CURVE((1.,1.,1.,1.,1.,1.,1.))
REPRESENTATION_ITEM('')
);
#171=(
BOUNDED_CURVE()
B_SPLINE_CURVE(5,(#12135,#12136,#12137,#12138,#12139,#12140,#12141),
 .UNSPECIFIED.,.F.,.F.)
B_SPLINE_CURVE_WITH_KNOTS((6,1,6),(0.,0.5,1.),.UNSPECIFIED.)
CURVE()
GEOMETRIC_REPRESENTATION_ITEM()
RATIONAL_B_SPLINE_CURVE((1.,1.,1.,1.,1.,1.,1.))
REPRESENTATION_ITEM('')
);
#172=(
BOUNDED_CURVE()
B_SPLINE_CURVE(5,(#12145,#12146,#12147,#12148,#12149,#12150,#12151),
 .UNSPECIFIED.,.F.,.F.)
B_SPLINE_CURVE_WITH_KNOTS((6,1,6),(0.,0.5,1.),.UNSPECIFIED.)
CURVE()
GEOMETRIC_REPRESENTATION_ITEM()
RATIONAL_B_SPLINE_CURVE((1.,1.,1.,1.,1.,1.,1.))
REPRESENTATION_ITEM('')
);
#173=(
BOUNDED_CURVE()
B_SPLINE_CURVE(5,(#12155,#12156,#12157,#12158,#12159,#12160,#12161),
 .UNSPECIFIED.,.F.,.F.)
B_SPLINE_CURVE_WITH_KNOTS((6,1,6),(0.,0.5,1.),.UNSPECIFIED.)
CURVE()
GEOMETRIC_REPRESENTATION_ITEM()
RATIONAL_B_SPLINE_CURVE((1.,1.,1.,1.,1.,1.,1.))
REPRESENTATION_ITEM('')
);
#174=(
BOUNDED_CURVE()
B_SPLINE_CURVE(5,(#12165,#12166,#12167,#12168,#12169,#12170,#12171),
 .UNSPECIFIED.,.F.,.F.)
B_SPLINE_CURVE_WITH_KNOTS((6,1,6),(0.,0.5,1.),.UNSPECIFIED.)
CURVE()
GEOMETRIC_REPRESENTATION_ITEM()
RATIONAL_B_SPLINE_CURVE((1.,1.,1.,1.,1.,1.,1.))
REPRESENTATION_ITEM('')
);
#175=(
BOUNDED_CURVE()
B_SPLINE_CURVE(5,(#12175,#12176,#12177,#12178,#12179,#12180,#12181),
 .UNSPECIFIED.,.F.,.F.)
B_SPLINE_CURVE_WITH_KNOTS((6,1,6),(0.,0.5,1.),.UNSPECIFIED.)
CURVE()
GEOMETRIC_REPRESENTATION_ITEM()
RATIONAL_B_SPLINE_CURVE((1.,1.,1.,1.,1.,1.,1.))
REPRESENTATION_ITEM('')
);
#176=(
BOUNDED_CURVE()
B_SPLINE_CURVE(5,(#12185,#12186,#12187,#12188,#12189,#12190,#12191),
 .UNSPECIFIED.,.F.,.F.)
B_SPLINE_CURVE_WITH_KNOTS((6,1,6),(0.,0.5,1.),.UNSPECIFIED.)
CURVE()
GEOMETRIC_REPRESENTATION_ITEM()
RATIONAL_B_SPLINE_CURVE((1.,1.,1.,1.,1.,1.,1.))
REPRESENTATION_ITEM('')
);
#177=(
BOUNDED_CURVE()
B_SPLINE_CURVE(5,(#12195,#12196,#12197,#12198,#12199,#12200,#12201),
 .UNSPECIFIED.,.F.,.F.)
B_SPLINE_CURVE_WITH_KNOTS((6,1,6),(0.,0.5,1.),.UNSPECIFIED.)
CURVE()
GEOMETRIC_REPRESENTATION_ITEM()
RATIONAL_B_SPLINE_CURVE((1.,1.,1.,1.,1.,1.,1.))
REPRESENTATION_ITEM('')
);
#178=(
BOUNDED_CURVE()
B_SPLINE_CURVE(5,(#12205,#12206,#12207,#12208,#12209,#12210,#12211),
 .UNSPECIFIED.,.F.,.F.)
B_SPLINE_CURVE_WITH_KNOTS((6,1,6),(0.,0.5,1.),.UNSPECIFIED.)
CURVE()
GEOMETRIC_REPRESENTATION_ITEM()
RATIONAL_B_SPLINE_CURVE((1.,1.,1.,1.,1.,1.,1.))
REPRESENTATION_ITEM('')
);
#179=(
BOUNDED_CURVE()
B_SPLINE_CURVE(5,(#12215,#12216,#12217,#12218,#12219,#12220,#12221),
 .UNSPECIFIED.,.F.,.F.)
B_SPLINE_CURVE_WITH_KNOTS((6,1,6),(0.,0.5,1.),.UNSPECIFIED.)
CURVE()
GEOMETRIC_REPRESENTATION_ITEM()
RATIONAL_B_SPLINE_CURVE((1.,1.,1.,1.,1.,1.,1.))
REPRESENTATION_ITEM('')
);
#180=(
BOUNDED_CURVE()
B_SPLINE_CURVE(5,(#12225,#12226,#12227,#12228,#12229,#12230,#12231),
 .UNSPECIFIED.,.F.,.F.)
B_SPLINE_CURVE_WITH_KNOTS((6,1,6),(0.,0.5,1.),.UNSPECIFIED.)
CURVE()
GEOMETRIC_REPRESENTATION_ITEM()
RATIONAL_B_SPLINE_CURVE((1.,1.,1.,1.,1.,1.,1.))
REPRESENTATION_ITEM('')
);
#181=(
BOUNDED_CURVE()
B_SPLINE_CURVE(5,(#12235,#12236,#12237,#12238,#12239,#12240,#12241),
 .UNSPECIFIED.,.F.,.F.)
B_SPLINE_CURVE_WITH_KNOTS((6,1,6),(0.,0.5,1.),.UNSPECIFIED.)
CURVE()
GEOMETRIC_REPRESENTATION_ITEM()
RATIONAL_B_SPLINE_CURVE((1.,1.,1.,1.,1.,1.,1.))
REPRESENTATION_ITEM('')
);
#182=(
BOUNDED_CURVE()
B_SPLINE_CURVE(5,(#12245,#12246,#12247,#12248,#12249,#12250,#12251),
 .UNSPECIFIED.,.F.,.F.)
B_SPLINE_CURVE_WITH_KNOTS((6,1,6),(0.,0.5,1.),.UNSPECIFIED.)
CURVE()
GEOMETRIC_REPRESENTATION_ITEM()
RATIONAL_B_SPLINE_CURVE((1.,1.,1.,1.,1.,1.,1.))
REPRESENTATION_ITEM('')
);
#183=(
BOUNDED_CURVE()
B_SPLINE_CURVE(5,(#12255,#12256,#12257,#12258,#12259,#12260,#12261),
 .UNSPECIFIED.,.F.,.F.)
B_SPLINE_CURVE_WITH_KNOTS((6,1,6),(0.,0.5,1.),.UNSPECIFIED.)
CURVE()
GEOMETRIC_REPRESENTATION_ITEM()
RATIONAL_B_SPLINE_CURVE((1.,1.,1.,1.,1.,1.,1.))
REPRESENTATION_ITEM('')
);
#184=(
BOUNDED_CURVE()
B_SPLINE_CURVE(5,(#12265,#12266,#12267,#12268,#12269,#12270,#12271),
 .UNSPECIFIED.,.F.,.F.)
B_SPLINE_CURVE_WITH_KNOTS((6,1,6),(0.,0.5,1.),.UNSPECIFIED.)
CURVE()
GEOMETRIC_REPRESENTATION_ITEM()
RATIONAL_B_SPLINE_CURVE((1.,1.,1.,1.,1.,1.,1.))
REPRESENTATION_ITEM('')
);
#185=(
BOUNDED_CURVE()
B_SPLINE_CURVE(5,(#12275,#12276,#12277,#12278,#12279,#12280,#12281),
 .UNSPECIFIED.,.F.,.F.)
B_SPLINE_CURVE_WITH_KNOTS((6,1,6),(0.,0.5,1.),.UNSPECIFIED.)
CURVE()
GEOMETRIC_REPRESENTATION_ITEM()
RATIONAL_B_SPLINE_CURVE((1.,1.,1.,1.,1.,1.,1.))
REPRESENTATION_ITEM('')
);
#186=(
BOUNDED_CURVE()
B_SPLINE_CURVE(5,(#12285,#12286,#12287,#12288,#12289,#12290,#12291),
 .UNSPECIFIED.,.F.,.F.)
B_SPLINE_CURVE_WITH_KNOTS((6,1,6),(0.,0.5,1.),.UNSPECIFIED.)
CURVE()
GEOMETRIC_REPRESENTATION_ITEM()
RATIONAL_B_SPLINE_CURVE((1.,1.,1.,1.,1.,1.,1.))
REPRESENTATION_ITEM('')
);
#187=(
BOUNDED_CURVE()
B_SPLINE_CURVE(5,(#12295,#12296,#12297,#12298,#12299,#12300,#12301),
 .UNSPECIFIED.,.F.,.F.)
B_SPLINE_CURVE_WITH_KNOTS((6,1,6),(0.,0.5,1.),.UNSPECIFIED.)
CURVE()
GEOMETRIC_REPRESENTATION_ITEM()
RATIONAL_B_SPLINE_CURVE((1.,1.,1.,1.,1.,1.,1.))
REPRESENTATION_ITEM('')
);
#188=(
BOUNDED_CURVE()
B_SPLINE_CURVE(5,(#12305,#12306,#12307,#12308,#12309,#12310,#12311),
 .UNSPECIFIED.,.F.,.F.)
B_SPLINE_CURVE_WITH_KNOTS((6,1,6),(0.,0.5,1.),.UNSPECIFIED.)
CURVE()
GEOMETRIC_REPRESENTATION_ITEM()
RATIONAL_B_SPLINE_CURVE((1.,1.,1.,1.,1.,1.,1.))
REPRESENTATION_ITEM('')
);
#189=(
BOUNDED_CURVE()
B_SPLINE_CURVE(5,(#12315,#12316,#12317,#12318,#12319,#12320,#12321),
 .UNSPECIFIED.,.F.,.F.)
B_SPLINE_CURVE_WITH_KNOTS((6,1,6),(0.,0.5,1.),.UNSPECIFIED.)
CURVE()
GEOMETRIC_REPRESENTATION_ITEM()
RATIONAL_B_SPLINE_CURVE((1.,1.,1.,1.,1.,1.,1.))
REPRESENTATION_ITEM('')
);
#190=(
BOUNDED_CURVE()
B_SPLINE_CURVE(5,(#12325,#12326,#12327,#12328,#12329,#12330,#12331),
 .UNSPECIFIED.,.F.,.F.)
B_SPLINE_CURVE_WITH_KNOTS((6,1,6),(0.,0.5,1.),.UNSPECIFIED.)
CURVE()
GEOMETRIC_REPRESENTATION_ITEM()
RATIONAL_B_SPLINE_CURVE((1.,1.,1.,1.,1.,1.,1.))
REPRESENTATION_ITEM('')
);
#191=(
BOUNDED_CURVE()
B_SPLINE_CURVE(5,(#12335,#12336,#12337,#12338,#12339,#12340,#12341),
 .UNSPECIFIED.,.F.,.F.)
B_SPLINE_CURVE_WITH_KNOTS((6,1,6),(0.,0.5,1.),.UNSPECIFIED.)
CURVE()
GEOMETRIC_REPRESENTATION_ITEM()
RATIONAL_B_SPLINE_CURVE((1.,1.,1.,1.,1.,1.,1.))
REPRESENTATION_ITEM('')
);
#192=(
BOUNDED_CURVE()
B_SPLINE_CURVE(5,(#12345,#12346,#12347,#12348,#12349,#12350,#12351),
 .UNSPECIFIED.,.F.,.F.)
B_SPLINE_CURVE_WITH_KNOTS((6,1,6),(0.,0.5,1.),.UNSPECIFIED.)
CURVE()
GEOMETRIC_REPRESENTATION_ITEM()
RATIONAL_B_SPLINE_CURVE((1.,1.,1.,1.,1.,1.,1.))
REPRESENTATION_ITEM('')
);
#193=(
BOUNDED_CURVE()
B_SPLINE_CURVE(5,(#12355,#12356,#12357,#12358,#12359,#12360,#12361),
 .UNSPECIFIED.,.F.,.F.)
B_SPLINE_CURVE_WITH_KNOTS((6,1,6),(0.,0.5,1.),.UNSPECIFIED.)
CURVE()
GEOMETRIC_REPRESENTATION_ITEM()
RATIONAL_B_SPLINE_CURVE((1.,1.,1.,1.,1.,1.,1.))
REPRESENTATION_ITEM('')
);
#194=(
BOUNDED_CURVE()
B_SPLINE_CURVE(5,(#12365,#12366,#12367,#12368,#12369,#12370,#12371),
 .UNSPECIFIED.,.F.,.F.)
B_SPLINE_CURVE_WITH_KNOTS((6,1,6),(0.,0.5,1.),.UNSPECIFIED.)
CURVE()
GEOMETRIC_REPRESENTATION_ITEM()
RATIONAL_B_SPLINE_CURVE((1.,1.,1.,1.,1.,1.,1.))
REPRESENTATION_ITEM('')
);
#195=(
BOUNDED_CURVE()
B_SPLINE_CURVE(5,(#12375,#12376,#12377,#12378,#12379,#12380,#12381),
 .UNSPECIFIED.,.F.,.F.)
B_SPLINE_CURVE_WITH_KNOTS((6,1,6),(0.,0.5,1.),.UNSPECIFIED.)
CURVE()
GEOMETRIC_REPRESENTATION_ITEM()
RATIONAL_B_SPLINE_CURVE((1.,1.,1.,1.,1.,1.,1.))
REPRESENTATION_ITEM('')
);
#196=(
BOUNDED_CURVE()
B_SPLINE_CURVE(5,(#12385,#12386,#12387,#12388,#12389,#12390,#12391),
 .UNSPECIFIED.,.F.,.F.)
B_SPLINE_CURVE_WITH_KNOTS((6,1,6),(0.,0.5,1.),.UNSPECIFIED.)
CURVE()
GEOMETRIC_REPRESENTATION_ITEM()
RATIONAL_B_SPLINE_CURVE((1.,1.,1.,1.,1.,1.,1.))
REPRESENTATION_ITEM('')
);
#197=(
BOUNDED_CURVE()
B_SPLINE_CURVE(5,(#12395,#12396,#12397,#12398,#12399,#12400,#12401),
 .UNSPECIFIED.,.F.,.F.)
B_SPLINE_CURVE_WITH_KNOTS((6,1,6),(0.,0.5,1.),.UNSPECIFIED.)
CURVE()
GEOMETRIC_REPRESENTATION_ITEM()
RATIONAL_B_SPLINE_CURVE((1.,1.,1.,1.,1.,1.,1.))
REPRESENTATION_ITEM('')
);
#198=(
BOUNDED_CURVE()
B_SPLINE_CURVE(5,(#12405,#12406,#12407,#12408,#12409,#12410,#12411),
 .UNSPECIFIED.,.F.,.F.)
B_SPLINE_CURVE_WITH_KNOTS((6,1,6),(0.,0.5,1.),.UNSPECIFIED.)
CURVE()
GEOMETRIC_REPRESENTATION_ITEM()
RATIONAL_B_SPLINE_CURVE((1.,1.,1.,1.,1.,1.,1.))
REPRESENTATION_ITEM('')
);
#199=(
BOUNDED_CURVE()
B_SPLINE_CURVE(5,(#12415,#12416,#12417,#12418,#12419,#12420,#12421),
 .UNSPECIFIED.,.F.,.F.)
B_SPLINE_CURVE_WITH_KNOTS((6,1,6),(0.,0.5,1.),.UNSPECIFIED.)
CURVE()
GEOMETRIC_REPRESENTATION_ITEM()
RATIONAL_B_SPLINE_CURVE((1.,1.,1.,1.,1.,1.,1.))
REPRESENTATION_ITEM('')
);
#200=(
BOUNDED_CURVE()
B_SPLINE_CURVE(5,(#12425,#12426,#12427,#12428,#12429,#12430,#12431),
 .UNSPECIFIED.,.F.,.F.)
B_SPLINE_CURVE_WITH_KNOTS((6,1,6),(0.,0.5,1.),.UNSPECIFIED.)
CURVE()
GEOMETRIC_REPRESENTATION_ITEM()
RATIONAL_B_SPLINE_CURVE((1.,1.,1.,1.,1.,1.,1.))
REPRESENTATION_ITEM('')
);
#201=(
BOUNDED_CURVE()
B_SPLINE_CURVE(5,(#12435,#12436,#12437,#12438,#12439,#12440,#12441),
 .UNSPECIFIED.,.F.,.F.)
B_SPLINE_CURVE_WITH_KNOTS((6,1,6),(0.,0.5,1.),.UNSPECIFIED.)
CURVE()
GEOMETRIC_REPRESENTATION_ITEM()
RATIONAL_B_SPLINE_CURVE((1.,1.,1.,1.,1.,1.,1.))
REPRESENTATION_ITEM('')
);
#202=B_SPLINE_SURFACE_WITH_KNOTS('',3,3,((#10226,#10227,#10228,#10229,#10230,
#10231,#10232,#10233,#10234,#10235,#10236,#10237,#10238,#10239,#10240,#10241,
#10242,#10243,#10244,#10245,#10246,#10247,#10248,#10249,#10250,#10251,#10252,
#10253,#10254,#10255,#10256,#10257,#10258,#10259,#10260,#10261,#10262,#10263,
#10264,#10265,#10266,#10267,#10268,#10269,#10270,#10271,#10272,#10273,#10274,
#10275,#10276,#10277,#10278,#10279,#10280,#10281,#10282,#10283,#10284,#10285,
#10286,#10287,#10288,#10289,#10290),(#10291,#10292,#10293,#10294,#10295,
#10296,#10297,#10298,#10299,#10300,#10301,#10302,#10303,#10304,#10305,#10306,
#10307,#10308,#10309,#10310,#10311,#10312,#10313,#10314,#10315,#10316,#10317,
#10318,#10319,#10320,#10321,#10322,#10323,#10324,#10325,#10326,#10327,#10328,
#10329,#10330,#10331,#10332,#10333,#10334,#10335,#10336,#10337,#10338,#10339,
#10340,#10341,#10342,#10343,#10344,#10345,#10346,#10347,#10348,#10349,#10350,
#10351,#10352,#10353,#10354,#10355),(#10356,#10357,#10358,#10359,#10360,
#10361,#10362,#10363,#10364,#10365,#10366,#10367,#10368,#10369,#10370,#10371,
#10372,#10373,#10374,#10375,#10376,#10377,#10378,#10379,#10380,#10381,#10382,
#10383,#10384,#10385,#10386,#10387,#10388,#10389,#10390,#10391,#10392,#10393,
#10394,#10395,#10396,#10397,#10398,#10399,#10400,#10401,#10402,#10403,#10404,
#10405,#10406,#10407,#10408,#10409,#10410,#10411,#10412,#10413,#10414,#10415,
#10416,#10417,#10418,#10419,#10420),(#10421,#10422,#10423,#10424,#10425,
#10426,#10427,#10428,#10429,#10430,#10431,#10432,#10433,#10434,#10435,#10436,
#10437,#10438,#10439,#10440,#10441,#10442,#10443,#10444,#10445,#10446,#10447,
#10448,#10449,#10450,#10451,#10452,#10453,#10454,#10455,#10456,#10457,#10458,
#10459,#10460,#10461,#10462,#10463,#10464,#10465,#10466,#10467,#10468,#10469,
#10470,#10471,#10472,#10473,#10474,#10475,#10476,#10477,#10478,#10479,#10480,
#10481,#10482,#10483,#10484,#10485)),.UNSPECIFIED.,.F.,.F.,.F.,(4,4),(4,
1,1,1,1,1,1,1,1,1,1,1,1,1,1,1,1,1,1,1,1,1,1,1,1,1,1,1,1,1,1,1,1,1,1,1,1,
1,1,1,1,1,1,1,1,1,1,1,1,1,1,1,1,1,1,1,1,1,1,1,1,1,4),(0.,0.0582188464445435),
(11.9482277910281,12.9336611475133,13.9190945039985,14.9045278604836,15.8899612169688,
16.875394573454,17.8608279299392,18.8462612864243,19.8316946429095,20.8171279993947,
21.8025613558799,22.7879947123651,23.7734280688502,24.7588614253354,25.7442947818206,
26.7297281383058,27.7151614947909,28.7005948512761,29.6860282077613,30.6714615642465,
31.6568949207316,32.6423282772168,33.627761633702,34.6131949901872,35.5986283466724,
36.5840617031575,37.5694950596427,38.5549284161279,39.5403617726131,40.5257951290982,
41.5112284855834,42.4966618420686,43.4820951985538,44.467528555039,45.4529619115241,
46.4383952680093,47.4238286244945,48.4092619809797,49.3946953374648,50.38012869395,
51.3655620504352,52.3509954069204,53.3364287634056,54.3218621198907,55.3072954763759,
56.2927288328611,57.2781621893463,58.2635955458314,59.2490289023166,60.2344622588018,
61.219895615287,62.2053289717721,63.1907623282573,64.1761956847425,65.1616290412277,
66.1470623977128,67.132495754198,68.1179291106832,69.1033624671684,70.0887958236536,
71.0742291801387,72.0596625366239,73.0450958931091),.UNSPECIFIED.);
#203=B_SPLINE_SURFACE_WITH_KNOTS('',3,3,((#10660,#10661,#10662,#10663,#10664,
#10665,#10666,#10667,#10668,#10669,#10670,#10671,#10672,#10673,#10674,#10675,
#10676,#10677,#10678,#10679,#10680,#10681,#10682,#10683,#10684,#10685,#10686,
#10687,#10688,#10689,#10690,#10691,#10692,#10693,#10694,#10695,#10696,#10697,
#10698,#10699,#10700,#10701,#10702,#10703,#10704,#10705,#10706,#10707,#10708,
#10709,#10710,#10711,#10712,#10713,#10714,#10715,#10716,#10717,#10718,#10719,
#10720,#10721,#10722,#10723,#10724),(#10725,#10726,#10727,#10728,#10729,
#10730,#10731,#10732,#10733,#10734,#10735,#10736,#10737,#10738,#10739,#10740,
#10741,#10742,#10743,#10744,#10745,#10746,#10747,#10748,#10749,#10750,#10751,
#10752,#10753,#10754,#10755,#10756,#10757,#10758,#10759,#10760,#10761,#10762,
#10763,#10764,#10765,#10766,#10767,#10768,#10769,#10770,#10771,#10772,#10773,
#10774,#10775,#10776,#10777,#10778,#10779,#10780,#10781,#10782,#10783,#10784,
#10785,#10786,#10787,#10788,#10789),(#10790,#10791,#10792,#10793,#10794,
#10795,#10796,#10797,#10798,#10799,#10800,#10801,#10802,#10803,#10804,#10805,
#10806,#10807,#10808,#10809,#10810,#10811,#10812,#10813,#10814,#10815,#10816,
#10817,#10818,#10819,#10820,#10821,#10822,#10823,#10824,#10825,#10826,#10827,
#10828,#10829,#10830,#10831,#10832,#10833,#10834,#10835,#10836,#10837,#10838,
#10839,#10840,#10841,#10842,#10843,#10844,#10845,#10846,#10847,#10848,#10849,
#10850,#10851,#10852,#10853,#10854),(#10855,#10856,#10857,#10858,#10859,
#10860,#10861,#10862,#10863,#10864,#10865,#10866,#10867,#10868,#10869,#10870,
#10871,#10872,#10873,#10874,#10875,#10876,#10877,#10878,#10879,#10880,#10881,
#10882,#10883,#10884,#10885,#10886,#10887,#10888,#10889,#10890,#10891,#10892,
#10893,#10894,#10895,#10896,#10897,#10898,#10899,#10900,#10901,#10902,#10903,
#10904,#10905,#10906,#10907,#10908,#10909,#10910,#10911,#10912,#10913,#10914,
#10915,#10916,#10917,#10918,#10919)),.UNSPECIFIED.,.F.,.F.,.F.,(4,4),(4,
1,1,1,1,1,1,1,1,1,1,1,1,1,1,1,1,1,1,1,1,1,1,1,1,1,1,1,1,1,1,1,1,1,1,1,1,
1,1,1,1,1,1,1,1,1,1,1,1,1,1,1,1,1,1,1,1,1,1,1,1,1,4),(0.,0.0582188464445435),
(14.5979180570376,15.5833514135228,16.5687847700079,17.5542181264931,18.5396514829783,
19.5250848394635,20.5105181959486,21.4959515524338,22.481384908919,23.4668182654042,
24.4522516218894,25.4376849783745,26.4231183348597,27.4085516913449,28.3939850478301,
29.3794184043152,30.3648517608004,31.3502851172856,32.3357184737708,33.3211518302559,
34.3065851867411,35.2920185432263,36.2774518997115,37.2628852561967,38.2483186126818,
39.233751969167,40.2191853256522,41.2046186821374,42.1900520386225,43.1754853951077,
44.1609187515929,45.1463521080781,46.1317854645633,47.1172188210484,48.1026521775336,
49.0880855340188,50.073518890504,51.0589522469891,52.0443856034743,53.0298189599595,
54.0152523164447,55.0006856729298,55.986119029415,56.9715523859002,57.9569857423854,
58.9424190988706,59.9278524553557,60.9132858118409,61.8987191683261,62.8841525248113,
63.8695858812964,64.8550192377816,65.8404525942668,66.825885950752,67.8113193072371,
68.7967526637223,69.7821860202075,70.7676193766927,71.7530527331779,72.738486089663,
73.7239194461482,74.7093528026334,75.6947861591186),.UNSPECIFIED.);
#204=FACE_BOUND('',#767,.T.);
#205=FACE_BOUND('',#908,.T.);
#206=FACE_BOUND('',#909,.T.);
#207=FACE_BOUND('',#911,.T.);
#208=FACE_BOUND('',#914,.T.);
#209=FACE_BOUND('',#924,.T.);
#210=FACE_BOUND('',#927,.T.);
#211=FACE_BOUND('',#930,.T.);
#212=FACE_BOUND('',#931,.T.);
#213=FACE_BOUND('',#932,.T.);
#214=FACE_BOUND('',#933,.T.);
#215=FACE_BOUND('',#934,.T.);
#216=FACE_BOUND('',#935,.T.);
#217=FACE_BOUND('',#936,.T.);
#218=ELLIPSE('',#6496,3.91106945007252,1.7145);
#219=ELLIPSE('',#6498,3.91106945007252,1.7145);
#220=ELLIPSE('',#6502,3.91106945007252,1.7145);
#221=ELLIPSE('',#6504,3.91106945007252,1.7145);
#222=ELLIPSE('',#6655,9.5,5.);
#223=ELLIPSE('',#6656,9.5,5.);
#224=ELLIPSE('',#6657,9.5,5.);
#225=ELLIPSE('',#6658,9.5,5.);
#226=ELLIPSE('',#6659,9.5,5.);
#227=ELLIPSE('',#6660,9.5,5.);
#228=ELLIPSE('',#6661,9.5,5.);
#229=ELLIPSE('',#6662,9.5,5.);
#230=ELLIPSE('',#6663,9.5,5.);
#231=ELLIPSE('',#6664,9.5,5.);
#232=ELLIPSE('',#6734,9.5,5.);
#233=ELLIPSE('',#6735,9.5,5.);
#234=ELLIPSE('',#6736,9.5,5.);
#235=ELLIPSE('',#6737,9.5,5.);
#236=ELLIPSE('',#6738,9.5,5.);
#237=PLANE('',#6399);
#238=PLANE('',#6401);
#239=PLANE('',#6403);
#240=PLANE('',#6405);
#241=PLANE('',#6407);
#242=PLANE('',#6409);
#243=PLANE('',#6411);
#244=PLANE('',#6413);
#245=PLANE('',#6415);
#246=PLANE('',#6417);
#247=PLANE('',#6494);
#248=PLANE('',#6499);
#249=PLANE('',#6500);
#250=PLANE('',#6505);
#251=PLANE('',#6506);
#252=PLANE('',#6507);
#253=PLANE('',#6508);
#254=PLANE('',#6509);
#255=PLANE('',#6510);
#256=PLANE('',#6511);
#257=PLANE('',#6512);
#258=PLANE('',#6513);
#259=PLANE('',#6514);
#260=PLANE('',#6516);
#261=PLANE('',#6517);
#262=PLANE('',#6518);
#263=PLANE('',#6519);
#264=PLANE('',#6520);
#265=PLANE('',#6521);
#266=PLANE('',#6522);
#267=PLANE('',#6523);
#268=PLANE('',#6524);
#269=PLANE('',#6525);
#270=PLANE('',#6526);
#271=PLANE('',#6527);
#272=PLANE('',#6528);
#273=PLANE('',#6529);
#274=PLANE('',#6530);
#275=PLANE('',#6531);
#276=PLANE('',#6532);
#277=PLANE('',#6533);
#278=PLANE('',#6534);
#279=PLANE('',#6535);
#280=PLANE('',#6536);
#281=PLANE('',#6537);
#282=PLANE('',#6538);
#283=PLANE('',#6539);
#284=PLANE('',#6540);
#285=PLANE('',#6541);
#286=PLANE('',#6542);
#287=PLANE('',#6543);
#288=PLANE('',#6544);
#289=PLANE('',#6545);
#290=PLANE('',#6546);
#291=PLANE('',#6547);
#292=PLANE('',#6548);
#293=PLANE('',#6549);
#294=PLANE('',#6550);
#295=PLANE('',#6551);
#296=PLANE('',#6552);
#297=PLANE('',#6553);
#298=PLANE('',#6554);
#299=PLANE('',#6555);
#300=PLANE('',#6556);
#301=PLANE('',#6557);
#302=PLANE('',#6558);
#303=PLANE('',#6559);
#304=PLANE('',#6560);
#305=PLANE('',#6561);
#306=PLANE('',#6562);
#307=PLANE('',#6563);
#308=PLANE('',#6564);
#309=PLANE('',#6565);
#310=PLANE('',#6566);
#311=PLANE('',#6567);
#312=PLANE('',#6568);
#313=PLANE('',#6569);
#314=PLANE('',#6570);
#315=PLANE('',#6571);
#316=PLANE('',#6572);
#317=PLANE('',#6573);
#318=PLANE('',#6574);
#319=PLANE('',#6575);
#320=PLANE('',#6576);
#321=PLANE('',#6577);
#322=PLANE('',#6578);
#323=PLANE('',#6579);
#324=PLANE('',#6580);
#325=PLANE('',#6581);
#326=PLANE('',#6582);
#327=PLANE('',#6583);
#328=PLANE('',#6584);
#329=PLANE('',#6585);
#330=PLANE('',#6586);
#331=PLANE('',#6587);
#332=PLANE('',#6588);
#333=PLANE('',#6589);
#334=PLANE('',#6590);
#335=PLANE('',#6591);
#336=PLANE('',#6592);
#337=PLANE('',#6593);
#338=PLANE('',#6594);
#339=PLANE('',#6595);
#340=PLANE('',#6596);
#341=PLANE('',#6597);
#342=PLANE('',#6598);
#343=PLANE('',#6599);
#344=PLANE('',#6600);
#345=PLANE('',#6601);
#346=PLANE('',#6602);
#347=PLANE('',#6603);
#348=PLANE('',#6604);
#349=PLANE('',#6605);
#350=PLANE('',#6606);
#351=PLANE('',#6607);
#352=PLANE('',#6608);
#353=PLANE('',#6609);
#354=PLANE('',#6610);
#355=PLANE('',#6611);
#356=PLANE('',#6612);
#357=PLANE('',#6613);
#358=PLANE('',#6614);
#359=PLANE('',#6615);
#360=PLANE('',#6616);
#361=PLANE('',#6617);
#362=PLANE('',#6618);
#363=PLANE('',#6619);
#364=PLANE('',#6620);
#365=PLANE('',#6621);
#366=PLANE('',#6622);
#367=PLANE('',#6623);
#368=PLANE('',#6624);
#369=PLANE('',#6625);
#370=PLANE('',#6626);
#371=PLANE('',#6627);
#372=PLANE('',#6628);
#373=PLANE('',#6629);
#374=PLANE('',#6630);
#375=PLANE('',#6631);
#376=PLANE('',#6632);
#377=PLANE('',#6633);
#378=PLANE('',#6634);
#379=PLANE('',#6635);
#380=PLANE('',#6636);
#381=PLANE('',#6637);
#382=PLANE('',#6638);
#383=PLANE('',#6639);
#384=PLANE('',#6640);
#385=PLANE('',#6641);
#386=PLANE('',#6642);
#387=PLANE('',#6643);
#388=PLANE('',#6644);
#389=PLANE('',#6645);
#390=PLANE('',#6646);
#391=PLANE('',#6647);
#392=PLANE('',#6648);
#393=PLANE('',#6649);
#394=PLANE('',#6650);
#395=PLANE('',#6651);
#396=PLANE('',#6653);
#397=PLANE('',#6665);
#398=PLANE('',#6729);
#399=PLANE('',#6745);
#400=PLANE('',#6808);
#401=FACE_OUTER_BOUND('',#722,.T.);
#402=FACE_OUTER_BOUND('',#723,.T.);
#403=FACE_OUTER_BOUND('',#724,.T.);
#404=FACE_OUTER_BOUND('',#725,.T.);
#405=FACE_OUTER_BOUND('',#726,.T.);
#406=FACE_OUTER_BOUND('',#727,.T.);
#407=FACE_OUTER_BOUND('',#728,.T.);
#408=FACE_OUTER_BOUND('',#729,.T.);
#409=FACE_OUTER_BOUND('',#730,.T.);
#410=FACE_OUTER_BOUND('',#731,.T.);
#411=FACE_OUTER_BOUND('',#732,.T.);
#412=FACE_OUTER_BOUND('',#733,.T.);
#413=FACE_OUTER_BOUND('',#734,.T.);
#414=FACE_OUTER_BOUND('',#735,.T.);
#415=FACE_OUTER_BOUND('',#736,.T.);
#416=FACE_OUTER_BOUND('',#737,.T.);
#417=FACE_OUTER_BOUND('',#738,.T.);
#418=FACE_OUTER_BOUND('',#739,.T.);
#419=FACE_OUTER_BOUND('',#740,.T.);
#420=FACE_OUTER_BOUND('',#741,.T.);
#421=FACE_OUTER_BOUND('',#742,.T.);
#422=FACE_OUTER_BOUND('',#743,.T.);
#423=FACE_OUTER_BOUND('',#744,.T.);
#424=FACE_OUTER_BOUND('',#745,.T.);
#425=FACE_OUTER_BOUND('',#746,.T.);
#426=FACE_OUTER_BOUND('',#747,.T.);
#427=FACE_OUTER_BOUND('',#748,.T.);
#428=FACE_OUTER_BOUND('',#749,.T.);
#429=FACE_OUTER_BOUND('',#750,.T.);
#430=FACE_OUTER_BOUND('',#751,.T.);
#431=FACE_OUTER_BOUND('',#752,.T.);
#432=FACE_OUTER_BOUND('',#753,.T.);
#433=FACE_OUTER_BOUND('',#754,.T.);
#434=FACE_OUTER_BOUND('',#755,.T.);
#435=FACE_OUTER_BOUND('',#756,.T.);
#436=FACE_OUTER_BOUND('',#757,.T.);
#437=FACE_OUTER_BOUND('',#758,.T.);
#438=FACE_OUTER_BOUND('',#759,.T.);
#439=FACE_OUTER_BOUND('',#760,.T.);
#440=FACE_OUTER_BOUND('',#761,.T.);
#441=FACE_OUTER_BOUND('',#762,.T.);
#442=FACE_OUTER_BOUND('',#763,.T.);
#443=FACE_OUTER_BOUND('',#764,.T.);
#444=FACE_OUTER_BOUND('',#765,.T.);
#445=FACE_OUTER_BOUND('',#766,.T.);
#446=FACE_OUTER_BOUND('',#768,.T.);
#447=FACE_OUTER_BOUND('',#769,.T.);
#448=FACE_OUTER_BOUND('',#770,.T.);
#449=FACE_OUTER_BOUND('',#771,.T.);
#450=FACE_OUTER_BOUND('',#772,.T.);
#451=FACE_OUTER_BOUND('',#773,.T.);
#452=FACE_OUTER_BOUND('',#774,.T.);
#453=FACE_OUTER_BOUND('',#775,.T.);
#454=FACE_OUTER_BOUND('',#776,.T.);
#455=FACE_OUTER_BOUND('',#777,.T.);
#456=FACE_OUTER_BOUND('',#778,.T.);
#457=FACE_OUTER_BOUND('',#779,.T.);
#458=FACE_OUTER_BOUND('',#780,.T.);
#459=FACE_OUTER_BOUND('',#781,.T.);
#460=FACE_OUTER_BOUND('',#782,.T.);
#461=FACE_OUTER_BOUND('',#783,.T.);
#462=FACE_OUTER_BOUND('',#784,.T.);
#463=FACE_OUTER_BOUND('',#785,.T.);
#464=FACE_OUTER_BOUND('',#786,.T.);
#465=FACE_OUTER_BOUND('',#787,.T.);
#466=FACE_OUTER_BOUND('',#788,.T.);
#467=FACE_OUTER_BOUND('',#789,.T.);
#468=FACE_OUTER_BOUND('',#790,.T.);
#469=FACE_OUTER_BOUND('',#791,.T.);
#470=FACE_OUTER_BOUND('',#792,.T.);
#471=FACE_OUTER_BOUND('',#793,.T.);
#472=FACE_OUTER_BOUND('',#794,.T.);
#473=FACE_OUTER_BOUND('',#795,.T.);
#474=FACE_OUTER_BOUND('',#796,.T.);
#475=FACE_OUTER_BOUND('',#797,.T.);
#476=FACE_OUTER_BOUND('',#798,.T.);
#477=FACE_OUTER_BOUND('',#799,.T.);
#478=FACE_OUTER_BOUND('',#800,.T.);
#479=FACE_OUTER_BOUND('',#801,.T.);
#480=FACE_OUTER_BOUND('',#802,.T.);
#481=FACE_OUTER_BOUND('',#803,.T.);
#482=FACE_OUTER_BOUND('',#804,.T.);
#483=FACE_OUTER_BOUND('',#805,.T.);
#484=FACE_OUTER_BOUND('',#806,.T.);
#485=FACE_OUTER_BOUND('',#807,.T.);
#486=FACE_OUTER_BOUND('',#808,.T.);
#487=FACE_OUTER_BOUND('',#809,.T.);
#488=FACE_OUTER_BOUND('',#810,.T.);
#489=FACE_OUTER_BOUND('',#811,.T.);
#490=FACE_OUTER_BOUND('',#812,.T.);
#491=FACE_OUTER_BOUND('',#813,.T.);
#492=FACE_OUTER_BOUND('',#814,.T.);
#493=FACE_OUTER_BOUND('',#815,.T.);
#494=FACE_OUTER_BOUND('',#816,.T.);
#495=FACE_OUTER_BOUND('',#817,.T.);
#496=FACE_OUTER_BOUND('',#818,.T.);
#497=FACE_OUTER_BOUND('',#819,.T.);
#498=FACE_OUTER_BOUND('',#820,.T.);
#499=FACE_OUTER_BOUND('',#821,.T.);
#500=FACE_OUTER_BOUND('',#822,.T.);
#501=FACE_OUTER_BOUND('',#823,.T.);
#502=FACE_OUTER_BOUND('',#824,.T.);
#503=FACE_OUTER_BOUND('',#825,.T.);
#504=FACE_OUTER_BOUND('',#826,.T.);
#505=FACE_OUTER_BOUND('',#827,.T.);
#506=FACE_OUTER_BOUND('',#828,.T.);
#507=FACE_OUTER_BOUND('',#829,.T.);
#508=FACE_OUTER_BOUND('',#830,.T.);
#509=FACE_OUTER_BOUND('',#831,.T.);
#510=FACE_OUTER_BOUND('',#832,.T.);
#511=FACE_OUTER_BOUND('',#833,.T.);
#512=FACE_OUTER_BOUND('',#834,.T.);
#513=FACE_OUTER_BOUND('',#835,.T.);
#514=FACE_OUTER_BOUND('',#836,.T.);
#515=FACE_OUTER_BOUND('',#837,.T.);
#516=FACE_OUTER_BOUND('',#838,.T.);
#517=FACE_OUTER_BOUND('',#839,.T.);
#518=FACE_OUTER_BOUND('',#840,.T.);
#519=FACE_OUTER_BOUND('',#841,.T.);
#520=FACE_OUTER_BOUND('',#842,.T.);
#521=FACE_OUTER_BOUND('',#843,.T.);
#522=FACE_OUTER_BOUND('',#844,.T.);
#523=FACE_OUTER_BOUND('',#845,.T.);
#524=FACE_OUTER_BOUND('',#846,.T.);
#525=FACE_OUTER_BOUND('',#847,.T.);
#526=FACE_OUTER_BOUND('',#848,.T.);
#527=FACE_OUTER_BOUND('',#849,.T.);
#528=FACE_OUTER_BOUND('',#850,.T.);
#529=FACE_OUTER_BOUND('',#851,.T.);
#530=FACE_OUTER_BOUND('',#852,.T.);
#531=FACE_OUTER_BOUND('',#853,.T.);
#532=FACE_OUTER_BOUND('',#854,.T.);
#533=FACE_OUTER_BOUND('',#855,.T.);
#534=FACE_OUTER_BOUND('',#856,.T.);
#535=FACE_OUTER_BOUND('',#857,.T.);
#536=FACE_OUTER_BOUND('',#858,.T.);
#537=FACE_OUTER_BOUND('',#859,.T.);
#538=FACE_OUTER_BOUND('',#860,.T.);
#539=FACE_OUTER_BOUND('',#861,.T.);
#540=FACE_OUTER_BOUND('',#862,.T.);
#541=FACE_OUTER_BOUND('',#863,.T.);
#542=FACE_OUTER_BOUND('',#864,.T.);
#543=FACE_OUTER_BOUND('',#865,.T.);
#544=FACE_OUTER_BOUND('',#866,.T.);
#545=FACE_OUTER_BOUND('',#867,.T.);
#546=FACE_OUTER_BOUND('',#868,.T.);
#547=FACE_OUTER_BOUND('',#869,.T.);
#548=FACE_OUTER_BOUND('',#870,.T.);
#549=FACE_OUTER_BOUND('',#871,.T.);
#550=FACE_OUTER_BOUND('',#872,.T.);
#551=FACE_OUTER_BOUND('',#873,.T.);
#552=FACE_OUTER_BOUND('',#874,.T.);
#553=FACE_OUTER_BOUND('',#875,.T.);
#554=FACE_OUTER_BOUND('',#876,.T.);
#555=FACE_OUTER_BOUND('',#877,.T.);
#556=FACE_OUTER_BOUND('',#878,.T.);
#557=FACE_OUTER_BOUND('',#879,.T.);
#558=FACE_OUTER_BOUND('',#880,.T.);
#559=FACE_OUTER_BOUND('',#881,.T.);
#560=FACE_OUTER_BOUND('',#882,.T.);
#561=FACE_OUTER_BOUND('',#883,.T.);
#562=FACE_OUTER_BOUND('',#884,.T.);
#563=FACE_OUTER_BOUND('',#885,.T.);
#564=FACE_OUTER_BOUND('',#886,.T.);
#565=FACE_OUTER_BOUND('',#887,.T.);
#566=FACE_OUTER_BOUND('',#888,.T.);
#567=FACE_OUTER_BOUND('',#889,.T.);
#568=FACE_OUTER_BOUND('',#890,.T.);
#569=FACE_OUTER_BOUND('',#891,.T.);
#570=FACE_OUTER_BOUND('',#892,.T.);
#571=FACE_OUTER_BOUND('',#893,.T.);
#572=FACE_OUTER_BOUND('',#894,.T.);
#573=FACE_OUTER_BOUND('',#895,.T.);
#574=FACE_OUTER_BOUND('',#896,.T.);
#575=FACE_OUTER_BOUND('',#897,.T.);
#576=FACE_OUTER_BOUND('',#898,.T.);
#577=FACE_OUTER_BOUND('',#899,.T.);
#578=FACE_OUTER_BOUND('',#900,.T.);
#579=FACE_OUTER_BOUND('',#901,.T.);
#580=FACE_OUTER_BOUND('',#902,.T.);
#581=FACE_OUTER_BOUND('',#903,.T.);
#582=FACE_OUTER_BOUND('',#904,.T.);
#583=FACE_OUTER_BOUND('',#905,.T.);
#584=FACE_OUTER_BOUND('',#906,.T.);
#585=FACE_OUTER_BOUND('',#907,.T.);
#586=FACE_OUTER_BOUND('',#910,.T.);
#587=FACE_OUTER_BOUND('',#912,.T.);
#588=FACE_OUTER_BOUND('',#913,.T.);
#589=FACE_OUTER_BOUND('',#915,.T.);
#590=FACE_OUTER_BOUND('',#916,.T.);
#591=FACE_OUTER_BOUND('',#917,.T.);
#592=FACE_OUTER_BOUND('',#918,.T.);
#593=FACE_OUTER_BOUND('',#919,.T.);
#594=FACE_OUTER_BOUND('',#920,.T.);
#595=FACE_OUTER_BOUND('',#921,.T.);
#596=FACE_OUTER_BOUND('',#922,.T.);
#597=FACE_OUTER_BOUND('',#923,.T.);
#598=FACE_OUTER_BOUND('',#925,.T.);
#599=FACE_OUTER_BOUND('',#926,.T.);
#600=FACE_OUTER_BOUND('',#928,.T.);
#601=FACE_OUTER_BOUND('',#929,.T.);
#602=FACE_OUTER_BOUND('',#937,.T.);
#603=FACE_OUTER_BOUND('',#938,.T.);
#604=FACE_OUTER_BOUND('',#939,.T.);
#605=FACE_OUTER_BOUND('',#940,.T.);
#606=FACE_OUTER_BOUND('',#941,.T.);
#607=FACE_OUTER_BOUND('',#942,.T.);
#608=FACE_OUTER_BOUND('',#943,.T.);
#609=FACE_OUTER_BOUND('',#944,.T.);
#610=FACE_OUTER_BOUND('',#945,.T.);
#611=FACE_OUTER_BOUND('',#946,.T.);
#612=FACE_OUTER_BOUND('',#947,.T.);
#613=FACE_OUTER_BOUND('',#948,.T.);
#614=FACE_OUTER_BOUND('',#949,.T.);
#615=FACE_OUTER_BOUND('',#950,.T.);
#616=FACE_OUTER_BOUND('',#951,.T.);
#617=FACE_OUTER_BOUND('',#952,.T.);
#618=FACE_OUTER_BOUND('',#953,.T.);
#619=FACE_OUTER_BOUND('',#954,.T.);
#620=FACE_OUTER_BOUND('',#955,.T.);
#621=FACE_OUTER_BOUND('',#956,.T.);
#622=FACE_OUTER_BOUND('',#957,.T.);
#623=FACE_OUTER_BOUND('',#958,.T.);
#624=FACE_OUTER_BOUND('',#959,.T.);
#625=FACE_OUTER_BOUND('',#960,.T.);
#626=FACE_OUTER_BOUND('',#961,.T.);
#627=FACE_OUTER_BOUND('',#962,.T.);
#628=FACE_OUTER_BOUND('',#963,.T.);
#629=FACE_OUTER_BOUND('',#964,.T.);
#630=FACE_OUTER_BOUND('',#965,.T.);
#631=FACE_OUTER_BOUND('',#966,.T.);
#632=FACE_OUTER_BOUND('',#967,.T.);
#633=FACE_OUTER_BOUND('',#968,.T.);
#634=FACE_OUTER_BOUND('',#969,.T.);
#635=FACE_OUTER_BOUND('',#970,.T.);
#636=FACE_OUTER_BOUND('',#971,.T.);
#637=FACE_OUTER_BOUND('',#972,.T.);
#638=FACE_OUTER_BOUND('',#973,.T.);
#639=FACE_OUTER_BOUND('',#974,.T.);
#640=FACE_OUTER_BOUND('',#975,.T.);
#641=FACE_OUTER_BOUND('',#976,.T.);
#642=FACE_OUTER_BOUND('',#977,.T.);
#643=FACE_OUTER_BOUND('',#978,.T.);
#644=FACE_OUTER_BOUND('',#979,.T.);
#645=FACE_OUTER_BOUND('',#980,.T.);
#646=FACE_OUTER_BOUND('',#981,.T.);
#647=FACE_OUTER_BOUND('',#982,.T.);
#648=FACE_OUTER_BOUND('',#983,.T.);
#649=FACE_OUTER_BOUND('',#984,.T.);
#650=FACE_OUTER_BOUND('',#985,.T.);
#651=FACE_OUTER_BOUND('',#986,.T.);
#652=FACE_OUTER_BOUND('',#987,.T.);
#653=FACE_OUTER_BOUND('',#988,.T.);
#654=FACE_OUTER_BOUND('',#989,.T.);
#655=FACE_OUTER_BOUND('',#990,.T.);
#656=FACE_OUTER_BOUND('',#991,.T.);
#657=FACE_OUTER_BOUND('',#992,.T.);
#658=FACE_OUTER_BOUND('',#993,.T.);
#659=FACE_OUTER_BOUND('',#994,.T.);
#660=FACE_OUTER_BOUND('',#995,.T.);
#661=FACE_OUTER_BOUND('',#996,.T.);
#662=FACE_OUTER_BOUND('',#997,.T.);
#663=FACE_OUTER_BOUND('',#998,.T.);
#664=FACE_OUTER_BOUND('',#999,.T.);
#665=FACE_OUTER_BOUND('',#1000,.T.);
#666=FACE_OUTER_BOUND('',#1001,.T.);
#667=FACE_OUTER_BOUND('',#1002,.T.);
#668=FACE_OUTER_BOUND('',#1003,.T.);
#669=FACE_OUTER_BOUND('',#1004,.T.);
#670=FACE_OUTER_BOUND('',#1005,.T.);
#671=FACE_OUTER_BOUND('',#1006,.T.);
#672=FACE_OUTER_BOUND('',#1007,.T.);
#673=FACE_OUTER_BOUND('',#1008,.T.);
#674=FACE_OUTER_BOUND('',#1009,.T.);
#675=FACE_OUTER_BOUND('',#1010,.T.);
#676=FACE_OUTER_BOUND('',#1011,.T.);
#677=FACE_OUTER_BOUND('',#1012,.T.);
#678=FACE_OUTER_BOUND('',#1013,.T.);
#679=FACE_OUTER_BOUND('',#1014,.T.);
#680=FACE_OUTER_BOUND('',#1015,.T.);
#681=FACE_OUTER_BOUND('',#1016,.T.);
#682=FACE_OUTER_BOUND('',#1017,.T.);
#683=FACE_OUTER_BOUND('',#1018,.T.);
#684=FACE_OUTER_BOUND('',#1019,.T.);
#685=FACE_OUTER_BOUND('',#1020,.T.);
#686=FACE_OUTER_BOUND('',#1021,.T.);
#687=FACE_OUTER_BOUND('',#1022,.T.);
#688=FACE_OUTER_BOUND('',#1023,.T.);
#689=FACE_OUTER_BOUND('',#1024,.T.);
#690=FACE_OUTER_BOUND('',#1025,.T.);
#691=FACE_OUTER_BOUND('',#1026,.T.);
#692=FACE_OUTER_BOUND('',#1027,.T.);
#693=FACE_OUTER_BOUND('',#1028,.T.);
#694=FACE_OUTER_BOUND('',#1029,.T.);
#695=FACE_OUTER_BOUND('',#1030,.T.);
#696=FACE_OUTER_BOUND('',#1031,.T.);
#697=FACE_OUTER_BOUND('',#1032,.T.);
#698=FACE_OUTER_BOUND('',#1033,.T.);
#699=FACE_OUTER_BOUND('',#1034,.T.);
#700=FACE_OUTER_BOUND('',#1035,.T.);
#701=FACE_OUTER_BOUND('',#1036,.T.);
#702=FACE_OUTER_BOUND('',#1037,.T.);
#703=FACE_OUTER_BOUND('',#1038,.T.);
#704=FACE_OUTER_BOUND('',#1039,.T.);
#705=FACE_OUTER_BOUND('',#1040,.T.);
#706=FACE_OUTER_BOUND('',#1041,.T.);
#707=FACE_OUTER_BOUND('',#1042,.T.);
#708=FACE_OUTER_BOUND('',#1043,.T.);
#709=FACE_OUTER_BOUND('',#1044,.T.);
#710=FACE_OUTER_BOUND('',#1045,.T.);
#711=FACE_OUTER_BOUND('',#1046,.T.);
#712=FACE_OUTER_BOUND('',#1047,.T.);
#713=FACE_OUTER_BOUND('',#1048,.T.);
#714=FACE_OUTER_BOUND('',#1049,.T.);
#715=FACE_OUTER_BOUND('',#1050,.T.);
#716=FACE_OUTER_BOUND('',#1051,.T.);
#717=FACE_OUTER_BOUND('',#1052,.T.);
#718=FACE_OUTER_BOUND('',#1053,.T.);
#719=FACE_OUTER_BOUND('',#1054,.T.);
#720=FACE_OUTER_BOUND('',#1055,.T.);
#721=FACE_OUTER_BOUND('',#1056,.T.);
#722=EDGE_LOOP('',(#4029,#4030,#4031,#4032));
#723=EDGE_LOOP('',(#4033,#4034,#4035,#4036));
#724=EDGE_LOOP('',(#4037,#4038,#4039,#4040));
#725=EDGE_LOOP('',(#4041,#4042,#4043,#4044));
#726=EDGE_LOOP('',(#4045,#4046,#4047,#4048));
#727=EDGE_LOOP('',(#4049,#4050,#4051,#4052));
#728=EDGE_LOOP('',(#4053,#4054,#4055,#4056));
#729=EDGE_LOOP('',(#4057,#4058,#4059,#4060));
#730=EDGE_LOOP('',(#4061,#4062,#4063,#4064));
#731=EDGE_LOOP('',(#4065,#4066,#4067,#4068));
#732=EDGE_LOOP('',(#4069,#4070,#4071,#4072));
#733=EDGE_LOOP('',(#4073,#4074,#4075,#4076));
#734=EDGE_LOOP('',(#4077,#4078,#4079,#4080));
#735=EDGE_LOOP('',(#4081,#4082,#4083,#4084));
#736=EDGE_LOOP('',(#4085,#4086,#4087,#4088));
#737=EDGE_LOOP('',(#4089,#4090,#4091,#4092));
#738=EDGE_LOOP('',(#4093,#4094,#4095,#4096));
#739=EDGE_LOOP('',(#4097,#4098,#4099,#4100));
#740=EDGE_LOOP('',(#4101,#4102,#4103,#4104));
#741=EDGE_LOOP('',(#4105,#4106,#4107,#4108));
#742=EDGE_LOOP('',(#4109,#4110,#4111,#4112));
#743=EDGE_LOOP('',(#4113,#4114,#4115,#4116));
#744=EDGE_LOOP('',(#4117,#4118,#4119,#4120));
#745=EDGE_LOOP('',(#4121,#4122,#4123,#4124));
#746=EDGE_LOOP('',(#4125,#4126,#4127,#4128));
#747=EDGE_LOOP('',(#4129,#4130,#4131,#4132));
#748=EDGE_LOOP('',(#4133,#4134,#4135,#4136));
#749=EDGE_LOOP('',(#4137,#4138,#4139,#4140));
#750=EDGE_LOOP('',(#4141,#4142,#4143,#4144));
#751=EDGE_LOOP('',(#4145,#4146,#4147,#4148,#4149,#4150,#4151,#4152,#4153,
#4154,#4155,#4156,#4157,#4158,#4159,#4160,#4161,#4162,#4163,#4164,#4165,
#4166,#4167,#4168,#4169,#4170,#4171,#4172,#4173,#4174,#4175,#4176,#4177,
#4178,#4179,#4180,#4181,#4182,#4183,#4184,#4185,#4186,#4187,#4188,#4189,
#4190,#4191,#4192,#4193,#4194,#4195,#4196,#4197,#4198,#4199,#4200,#4201,
#4202,#4203,#4204,#4205,#4206,#4207,#4208,#4209,#4210,#4211,#4212,#4213,
#4214,#4215,#4216,#4217,#4218,#4219,#4220,#4221,#4222,#4223,#4224,#4225,
#4226,#4227,#4228,#4229,#4230,#4231,#4232,#4233,#4234,#4235,#4236,#4237,
#4238,#4239,#4240,#4241,#4242,#4243,#4244,#4245,#4246,#4247,#4248,#4249,
#4250,#4251,#4252,#4253,#4254,#4255,#4256,#4257,#4258,#4259,#4260,#4261,
#4262,#4263,#4264,#4265,#4266,#4267,#4268,#4269,#4270,#4271,#4272,#4273,
#4274,#4275,#4276,#4277,#4278,#4279,#4280,#4281,#4282,#4283,#4284,#4285,
#4286,#4287,#4288,#4289,#4290,#4291,#4292,#4293,#4294,#4295,#4296,#4297,
#4298,#4299,#4300,#4301,#4302,#4303,#4304,#4305,#4306,#4307,#4308,#4309,
#4310,#4311,#4312,#4313,#4314,#4315));
#752=EDGE_LOOP('',(#4316,#4317,#4318,#4319));
#753=EDGE_LOOP('',(#4320,#4321,#4322,#4323,#4324,#4325,#4326,#4327,#4328,
#4329,#4330));
#754=EDGE_LOOP('',(#4331,#4332,#4333,#4334));
#755=EDGE_LOOP('',(#4335,#4336,#4337,#4338));
#756=EDGE_LOOP('',(#4339,#4340,#4341,#4342,#4343,#4344,#4345,#4346));
#757=EDGE_LOOP('',(#4347,#4348,#4349,#4350));
#758=EDGE_LOOP('',(#4351,#4352,#4353,#4354));
#759=EDGE_LOOP('',(#4355,#4356,#4357,#4358));
#760=EDGE_LOOP('',(#4359,#4360,#4361,#4362));
#761=EDGE_LOOP('',(#4363,#4364,#4365,#4366));
#762=EDGE_LOOP('',(#4367,#4368,#4369,#4370));
#763=EDGE_LOOP('',(#4371,#4372,#4373,#4374));
#764=EDGE_LOOP('',(#4375,#4376,#4377,#4378));
#765=EDGE_LOOP('',(#4379,#4380,#4381,#4382));
#766=EDGE_LOOP('',(#4383,#4384,#4385,#4386,#4387,#4388,#4389,#4390,#4391,
#4392,#4393,#4394,#4395,#4396,#4397,#4398,#4399,#4400,#4401,#4402,#4403,
#4404,#4405,#4406,#4407,#4408,#4409,#4410,#4411,#4412,#4413,#4414,#4415,
#4416,#4417,#4418,#4419,#4420,#4421,#4422,#4423,#4424,#4425,#4426,#4427,
#4428,#4429,#4430,#4431,#4432,#4433,#4434,#4435,#4436,#4437,#4438,#4439,
#4440,#4441,#4442,#4443,#4444,#4445,#4446,#4447,#4448,#4449,#4450,#4451,
#4452,#4453,#4454,#4455,#4456,#4457,#4458,#4459,#4460,#4461,#4462,#4463,
#4464,#4465,#4466,#4467,#4468,#4469,#4470,#4471,#4472,#4473,#4474,#4475,
#4476,#4477,#4478,#4479,#4480,#4481,#4482,#4483,#4484,#4485,#4486,#4487,
#4488,#4489,#4490,#4491,#4492,#4493,#4494,#4495,#4496,#4497,#4498,#4499,
#4500,#4501,#4502,#4503,#4504,#4505,#4506,#4507,#4508,#4509,#4510,#4511,
#4512,#4513,#4514,#4515,#4516,#4517,#4518,#4519,#4520,#4521,#4522,#4523,
#4524,#4525,#4526,#4527,#4528,#4529,#4530,#4531,#4532,#4533,#4534,#4535,
#4536,#4537,#4538,#4539,#4540,#4541,#4542));
#767=EDGE_LOOP('',(#4543));
#768=EDGE_LOOP('',(#4544,#4545,#4546,#4547));
#769=EDGE_LOOP('',(#4548,#4549,#4550,#4551));
#770=EDGE_LOOP('',(#4552,#4553,#4554,#4555));
#771=EDGE_LOOP('',(#4556,#4557,#4558,#4559));
#772=EDGE_LOOP('',(#4560,#4561,#4562,#4563));
#773=EDGE_LOOP('',(#4564,#4565,#4566,#4567));
#774=EDGE_LOOP('',(#4568,#4569,#4570,#4571));
#775=EDGE_LOOP('',(#4572,#4573,#4574,#4575));
#776=EDGE_LOOP('',(#4576,#4577,#4578,#4579));
#777=EDGE_LOOP('',(#4580,#4581,#4582,#4583));
#778=EDGE_LOOP('',(#4584,#4585,#4586,#4587));
#779=EDGE_LOOP('',(#4588,#4589,#4590,#4591));
#780=EDGE_LOOP('',(#4592,#4593,#4594,#4595));
#781=EDGE_LOOP('',(#4596,#4597,#4598,#4599));
#782=EDGE_LOOP('',(#4600,#4601,#4602,#4603));
#783=EDGE_LOOP('',(#4604,#4605,#4606,#4607));
#784=EDGE_LOOP('',(#4608,#4609,#4610,#4611));
#785=EDGE_LOOP('',(#4612,#4613,#4614,#4615));
#786=EDGE_LOOP('',(#4616,#4617,#4618,#4619));
#787=EDGE_LOOP('',(#4620,#4621,#4622,#4623));
#788=EDGE_LOOP('',(#4624,#4625,#4626,#4627));
#789=EDGE_LOOP('',(#4628,#4629,#4630,#4631));
#790=EDGE_LOOP('',(#4632,#4633,#4634,#4635));
#791=EDGE_LOOP('',(#4636,#4637,#4638,#4639));
#792=EDGE_LOOP('',(#4640,#4641,#4642,#4643));
#793=EDGE_LOOP('',(#4644,#4645,#4646,#4647));
#794=EDGE_LOOP('',(#4648,#4649,#4650,#4651));
#795=EDGE_LOOP('',(#4652,#4653,#4654,#4655));
#796=EDGE_LOOP('',(#4656,#4657,#4658,#4659));
#797=EDGE_LOOP('',(#4660,#4661,#4662,#4663));
#798=EDGE_LOOP('',(#4664,#4665,#4666,#4667));
#799=EDGE_LOOP('',(#4668,#4669,#4670,#4671));
#800=EDGE_LOOP('',(#4672,#4673,#4674,#4675));
#801=EDGE_LOOP('',(#4676,#4677,#4678,#4679));
#802=EDGE_LOOP('',(#4680,#4681,#4682,#4683));
#803=EDGE_LOOP('',(#4684,#4685,#4686,#4687));
#804=EDGE_LOOP('',(#4688,#4689,#4690,#4691));
#805=EDGE_LOOP('',(#4692,#4693,#4694,#4695));
#806=EDGE_LOOP('',(#4696,#4697,#4698,#4699));
#807=EDGE_LOOP('',(#4700,#4701,#4702,#4703));
#808=EDGE_LOOP('',(#4704,#4705,#4706,#4707));
#809=EDGE_LOOP('',(#4708,#4709,#4710,#4711));
#810=EDGE_LOOP('',(#4712,#4713,#4714,#4715));
#811=EDGE_LOOP('',(#4716,#4717,#4718,#4719));
#812=EDGE_LOOP('',(#4720,#4721,#4722,#4723));
#813=EDGE_LOOP('',(#4724,#4725,#4726,#4727));
#814=EDGE_LOOP('',(#4728,#4729,#4730,#4731));
#815=EDGE_LOOP('',(#4732,#4733,#4734,#4735));
#816=EDGE_LOOP('',(#4736,#4737,#4738,#4739));
#817=EDGE_LOOP('',(#4740,#4741,#4742,#4743));
#818=EDGE_LOOP('',(#4744,#4745,#4746,#4747));
#819=EDGE_LOOP('',(#4748,#4749,#4750,#4751));
#820=EDGE_LOOP('',(#4752,#4753,#4754,#4755));
#821=EDGE_LOOP('',(#4756,#4757,#4758,#4759));
#822=EDGE_LOOP('',(#4760,#4761,#4762,#4763));
#823=EDGE_LOOP('',(#4764,#4765,#4766,#4767));
#824=EDGE_LOOP('',(#4768,#4769,#4770,#4771));
#825=EDGE_LOOP('',(#4772,#4773,#4774,#4775));
#826=EDGE_LOOP('',(#4776,#4777,#4778,#4779));
#827=EDGE_LOOP('',(#4780,#4781,#4782,#4783));
#828=EDGE_LOOP('',(#4784,#4785,#4786,#4787));
#829=EDGE_LOOP('',(#4788,#4789,#4790,#4791));
#830=EDGE_LOOP('',(#4792,#4793,#4794,#4795));
#831=EDGE_LOOP('',(#4796,#4797,#4798,#4799));
#832=EDGE_LOOP('',(#4800,#4801,#4802,#4803));
#833=EDGE_LOOP('',(#4804,#4805,#4806,#4807));
#834=EDGE_LOOP('',(#4808,#4809,#4810,#4811));
#835=EDGE_LOOP('',(#4812,#4813,#4814,#4815));
#836=EDGE_LOOP('',(#4816,#4817,#4818,#4819));
#837=EDGE_LOOP('',(#4820,#4821,#4822,#4823));
#838=EDGE_LOOP('',(#4824,#4825,#4826,#4827));
#839=EDGE_LOOP('',(#4828,#4829,#4830,#4831));
#840=EDGE_LOOP('',(#4832,#4833,#4834,#4835));
#841=EDGE_LOOP('',(#4836,#4837,#4838,#4839));
#842=EDGE_LOOP('',(#4840,#4841,#4842,#4843));
#843=EDGE_LOOP('',(#4844,#4845,#4846,#4847));
#844=EDGE_LOOP('',(#4848,#4849,#4850,#4851));
#845=EDGE_LOOP('',(#4852,#4853,#4854,#4855));
#846=EDGE_LOOP('',(#4856,#4857,#4858,#4859));
#847=EDGE_LOOP('',(#4860,#4861,#4862,#4863));
#848=EDGE_LOOP('',(#4864,#4865,#4866,#4867));
#849=EDGE_LOOP('',(#4868,#4869,#4870,#4871));
#850=EDGE_LOOP('',(#4872,#4873,#4874,#4875));
#851=EDGE_LOOP('',(#4876,#4877,#4878,#4879));
#852=EDGE_LOOP('',(#4880,#4881,#4882,#4883));
#853=EDGE_LOOP('',(#4884,#4885,#4886,#4887));
#854=EDGE_LOOP('',(#4888,#4889,#4890,#4891));
#855=EDGE_LOOP('',(#4892,#4893,#4894,#4895));
#856=EDGE_LOOP('',(#4896,#4897,#4898,#4899));
#857=EDGE_LOOP('',(#4900,#4901,#4902,#4903));
#858=EDGE_LOOP('',(#4904,#4905,#4906,#4907));
#859=EDGE_LOOP('',(#4908,#4909,#4910,#4911));
#860=EDGE_LOOP('',(#4912,#4913,#4914,#4915));
#861=EDGE_LOOP('',(#4916,#4917,#4918,#4919));
#862=EDGE_LOOP('',(#4920,#4921,#4922,#4923));
#863=EDGE_LOOP('',(#4924,#4925,#4926,#4927));
#864=EDGE_LOOP('',(#4928,#4929,#4930,#4931));
#865=EDGE_LOOP('',(#4932,#4933,#4934,#4935));
#866=EDGE_LOOP('',(#4936,#4937,#4938,#4939));
#867=EDGE_LOOP('',(#4940,#4941,#4942,#4943));
#868=EDGE_LOOP('',(#4944,#4945,#4946,#4947));
#869=EDGE_LOOP('',(#4948,#4949,#4950,#4951));
#870=EDGE_LOOP('',(#4952,#4953,#4954,#4955));
#871=EDGE_LOOP('',(#4956,#4957,#4958,#4959));
#872=EDGE_LOOP('',(#4960,#4961,#4962,#4963));
#873=EDGE_LOOP('',(#4964,#4965,#4966,#4967));
#874=EDGE_LOOP('',(#4968,#4969,#4970,#4971));
#875=EDGE_LOOP('',(#4972,#4973,#4974,#4975));
#876=EDGE_LOOP('',(#4976,#4977,#4978,#4979));
#877=EDGE_LOOP('',(#4980,#4981,#4982,#4983));
#878=EDGE_LOOP('',(#4984,#4985,#4986,#4987));
#879=EDGE_LOOP('',(#4988,#4989,#4990,#4991));
#880=EDGE_LOOP('',(#4992,#4993,#4994,#4995));
#881=EDGE_LOOP('',(#4996,#4997,#4998,#4999));
#882=EDGE_LOOP('',(#5000,#5001,#5002,#5003));
#883=EDGE_LOOP('',(#5004,#5005,#5006,#5007));
#884=EDGE_LOOP('',(#5008,#5009,#5010,#5011));
#885=EDGE_LOOP('',(#5012,#5013,#5014,#5015));
#886=EDGE_LOOP('',(#5016,#5017,#5018,#5019));
#887=EDGE_LOOP('',(#5020,#5021,#5022,#5023));
#888=EDGE_LOOP('',(#5024,#5025,#5026,#5027));
#889=EDGE_LOOP('',(#5028,#5029,#5030,#5031));
#890=EDGE_LOOP('',(#5032,#5033,#5034,#5035));
#891=EDGE_LOOP('',(#5036,#5037,#5038,#5039));
#892=EDGE_LOOP('',(#5040,#5041,#5042,#5043));
#893=EDGE_LOOP('',(#5044,#5045,#5046,#5047));
#894=EDGE_LOOP('',(#5048,#5049,#5050,#5051));
#895=EDGE_LOOP('',(#5052,#5053,#5054,#5055));
#896=EDGE_LOOP('',(#5056,#5057,#5058,#5059));
#897=EDGE_LOOP('',(#5060,#5061,#5062,#5063));
#898=EDGE_LOOP('',(#5064,#5065,#5066,#5067));
#899=EDGE_LOOP('',(#5068,#5069,#5070,#5071));
#900=EDGE_LOOP('',(#5072,#5073,#5074,#5075));
#901=EDGE_LOOP('',(#5076,#5077,#5078,#5079));
#902=EDGE_LOOP('',(#5080,#5081,#5082,#5083));
#903=EDGE_LOOP('',(#5084,#5085,#5086,#5087));
#904=EDGE_LOOP('',(#5088,#5089,#5090,#5091));
#905=EDGE_LOOP('',(#5092,#5093,#5094,#5095,#5096,#5097,#5098,#5099,#5100,
#5101,#5102,#5103,#5104,#5105,#5106,#5107,#5108,#5109,#5110,#5111,#5112,
#5113,#5114));
#906=EDGE_LOOP('',(#5115,#5116,#5117,#5118,#5119,#5120,#5121,#5122,#5123,
#5124,#5125,#5126,#5127,#5128,#5129,#5130,#5131,#5132,#5133,#5134,#5135,
#5136,#5137));
#907=EDGE_LOOP('',(#5138));
#908=EDGE_LOOP('',(#5139,#5140,#5141,#5142));
#909=EDGE_LOOP('',(#5143,#5144,#5145,#5146,#5147,#5148,#5149,#5150,#5151,
#5152,#5153,#5154,#5155,#5156,#5157,#5158));
#910=EDGE_LOOP('',(#5159));
#911=EDGE_LOOP('',(#5160,#5161,#5162,#5163,#5164,#5165,#5166,#5167,#5168,
#5169,#5170,#5171,#5172,#5173,#5174,#5175,#5176,#5177,#5178,#5179,#5180,
#5181,#5182,#5183,#5184,#5185,#5186,#5187,#5188,#5189,#5190,#5191,#5192,
#5193,#5194,#5195,#5196,#5197,#5198,#5199,#5200,#5201,#5202,#5203,#5204,
#5205,#5206,#5207,#5208,#5209,#5210,#5211,#5212,#5213,#5214,#5215,#5216,
#5217,#5218,#5219,#5220,#5221,#5222,#5223,#5224,#5225,#5226,#5227,#5228,
#5229,#5230,#5231,#5232,#5233,#5234,#5235,#5236,#5237,#5238,#5239,#5240,
#5241,#5242,#5243,#5244,#5245,#5246,#5247,#5248,#5249,#5250,#5251,#5252,
#5253,#5254,#5255,#5256,#5257,#5258,#5259,#5260,#5261,#5262,#5263,#5264,
#5265,#5266,#5267,#5268,#5269,#5270,#5271,#5272,#5273,#5274,#5275,#5276,
#5277,#5278,#5279));
#912=EDGE_LOOP('',(#5280,#5281,#5282,#5283));
#913=EDGE_LOOP('',(#5284));
#914=EDGE_LOOP('',(#5285));
#915=EDGE_LOOP('',(#5286,#5287,#5288,#5289));
#916=EDGE_LOOP('',(#5290,#5291,#5292,#5293));
#917=EDGE_LOOP('',(#5294,#5295,#5296,#5297,#5298));
#918=EDGE_LOOP('',(#5299,#5300,#5301,#5302,#5303));
#919=EDGE_LOOP('',(#5304,#5305,#5306,#5307,#5308));
#920=EDGE_LOOP('',(#5309,#5310,#5311,#5312,#5313));
#921=EDGE_LOOP('',(#5314,#5315,#5316,#5317,#5318));
#922=EDGE_LOOP('',(#5319,#5320,#5321,#5322));
#923=EDGE_LOOP('',(#5323,#5324,#5325,#5326,#5327,#5328,#5329,#5330,#5331));
#924=EDGE_LOOP('',(#5332));
#925=EDGE_LOOP('',(#5333,#5334,#5335,#5336));
#926=EDGE_LOOP('',(#5337));
#927=EDGE_LOOP('',(#5338,#5339,#5340,#5341,#5342,#5343,#5344,#5345,#5346,
#5347,#5348,#5349,#5350,#5351,#5352,#5353,#5354,#5355,#5356,#5357,#5358,
#5359,#5360,#5361,#5362,#5363,#5364,#5365,#5366,#5367,#5368,#5369,#5370,
#5371,#5372,#5373,#5374,#5375,#5376,#5377,#5378,#5379,#5380,#5381,#5382,
#5383,#5384,#5385,#5386,#5387,#5388,#5389,#5390,#5391,#5392,#5393,#5394,
#5395,#5396,#5397,#5398,#5399,#5400,#5401,#5402,#5403,#5404,#5405,#5406,
#5407,#5408,#5409,#5410,#5411,#5412,#5413,#5414,#5415,#5416,#5417,#5418,
#5419,#5420,#5421,#5422,#5423,#5424,#5425,#5426,#5427,#5428,#5429,#5430,
#5431,#5432,#5433,#5434,#5435,#5436,#5437,#5438,#5439,#5440,#5441,#5442,
#5443,#5444,#5445,#5446,#5447,#5448,#5449,#5450,#5451,#5452,#5453,#5454,
#5455,#5456,#5457));
#928=EDGE_LOOP('',(#5458,#5459,#5460,#5461));
#929=EDGE_LOOP('',(#5462));
#930=EDGE_LOOP('',(#5463,#5464,#5465,#5466));
#931=EDGE_LOOP('',(#5467));
#932=EDGE_LOOP('',(#5468));
#933=EDGE_LOOP('',(#5469));
#934=EDGE_LOOP('',(#5470));
#935=EDGE_LOOP('',(#5471));
#936=EDGE_LOOP('',(#5472));
#937=EDGE_LOOP('',(#5473,#5474,#5475,#5476));
#938=EDGE_LOOP('',(#5477,#5478,#5479,#5480));
#939=EDGE_LOOP('',(#5481,#5482,#5483,#5484));
#940=EDGE_LOOP('',(#5485,#5486,#5487,#5488));
#941=EDGE_LOOP('',(#5489,#5490,#5491,#5492));
#942=EDGE_LOOP('',(#5493,#5494,#5495,#5496));
#943=EDGE_LOOP('',(#5497,#5498,#5499,#5500));
#944=EDGE_LOOP('',(#5501,#5502,#5503,#5504));
#945=EDGE_LOOP('',(#5505,#5506,#5507,#5508));
#946=EDGE_LOOP('',(#5509,#5510,#5511,#5512));
#947=EDGE_LOOP('',(#5513,#5514,#5515,#5516));
#948=EDGE_LOOP('',(#5517,#5518,#5519,#5520));
#949=EDGE_LOOP('',(#5521,#5522,#5523,#5524));
#950=EDGE_LOOP('',(#5525,#5526,#5527,#5528));
#951=EDGE_LOOP('',(#5529,#5530,#5531,#5532));
#952=EDGE_LOOP('',(#5533,#5534,#5535,#5536));
#953=EDGE_LOOP('',(#5537,#5538,#5539,#5540));
#954=EDGE_LOOP('',(#5541,#5542,#5543,#5544));
#955=EDGE_LOOP('',(#5545,#5546,#5547,#5548));
#956=EDGE_LOOP('',(#5549,#5550,#5551,#5552));
#957=EDGE_LOOP('',(#5553,#5554,#5555,#5556));
#958=EDGE_LOOP('',(#5557,#5558,#5559,#5560));
#959=EDGE_LOOP('',(#5561,#5562,#5563,#5564));
#960=EDGE_LOOP('',(#5565,#5566,#5567,#5568));
#961=EDGE_LOOP('',(#5569,#5570,#5571,#5572));
#962=EDGE_LOOP('',(#5573,#5574,#5575,#5576));
#963=EDGE_LOOP('',(#5577,#5578,#5579,#5580));
#964=EDGE_LOOP('',(#5581,#5582,#5583,#5584));
#965=EDGE_LOOP('',(#5585,#5586,#5587,#5588));
#966=EDGE_LOOP('',(#5589,#5590,#5591,#5592));
#967=EDGE_LOOP('',(#5593,#5594,#5595,#5596));
#968=EDGE_LOOP('',(#5597,#5598,#5599,#5600));
#969=EDGE_LOOP('',(#5601,#5602,#5603,#5604));
#970=EDGE_LOOP('',(#5605,#5606,#5607,#5608));
#971=EDGE_LOOP('',(#5609,#5610,#5611,#5612));
#972=EDGE_LOOP('',(#5613,#5614,#5615,#5616));
#973=EDGE_LOOP('',(#5617,#5618,#5619,#5620));
#974=EDGE_LOOP('',(#5621,#5622,#5623,#5624));
#975=EDGE_LOOP('',(#5625,#5626,#5627,#5628));
#976=EDGE_LOOP('',(#5629,#5630,#5631,#5632));
#977=EDGE_LOOP('',(#5633,#5634,#5635,#5636));
#978=EDGE_LOOP('',(#5637,#5638,#5639,#5640));
#979=EDGE_LOOP('',(#5641,#5642,#5643,#5644));
#980=EDGE_LOOP('',(#5645,#5646,#5647,#5648));
#981=EDGE_LOOP('',(#5649,#5650,#5651,#5652));
#982=EDGE_LOOP('',(#5653,#5654,#5655,#5656));
#983=EDGE_LOOP('',(#5657,#5658,#5659,#5660));
#984=EDGE_LOOP('',(#5661,#5662,#5663,#5664));
#985=EDGE_LOOP('',(#5665,#5666,#5667,#5668));
#986=EDGE_LOOP('',(#5669,#5670,#5671,#5672));
#987=EDGE_LOOP('',(#5673,#5674,#5675,#5676));
#988=EDGE_LOOP('',(#5677,#5678,#5679,#5680));
#989=EDGE_LOOP('',(#5681,#5682,#5683,#5684));
#990=EDGE_LOOP('',(#5685,#5686,#5687,#5688));
#991=EDGE_LOOP('',(#5689,#5690,#5691,#5692));
#992=EDGE_LOOP('',(#5693,#5694,#5695,#5696));
#993=EDGE_LOOP('',(#5697,#5698,#5699,#5700));
#994=EDGE_LOOP('',(#5701,#5702,#5703,#5704));
#995=EDGE_LOOP('',(#5705,#5706,#5707,#5708));
#996=EDGE_LOOP('',(#5709,#5710,#5711,#5712));
#997=EDGE_LOOP('',(#5713,#5714,#5715,#5716));
#998=EDGE_LOOP('',(#5717,#5718,#5719,#5720));
#999=EDGE_LOOP('',(#5721,#5722,#5723,#5724));
#1000=EDGE_LOOP('',(#5725,#5726,#5727,#5728));
#1001=EDGE_LOOP('',(#5729,#5730,#5731,#5732));
#1002=EDGE_LOOP('',(#5733,#5734,#5735,#5736));
#1003=EDGE_LOOP('',(#5737,#5738,#5739,#5740));
#1004=EDGE_LOOP('',(#5741,#5742,#5743,#5744));
#1005=EDGE_LOOP('',(#5745,#5746,#5747,#5748));
#1006=EDGE_LOOP('',(#5749,#5750,#5751,#5752));
#1007=EDGE_LOOP('',(#5753,#5754,#5755,#5756));
#1008=EDGE_LOOP('',(#5757,#5758,#5759,#5760));
#1009=EDGE_LOOP('',(#5761,#5762,#5763,#5764));
#1010=EDGE_LOOP('',(#5765,#5766,#5767,#5768));
#1011=EDGE_LOOP('',(#5769,#5770,#5771,#5772));
#1012=EDGE_LOOP('',(#5773,#5774,#5775,#5776));
#1013=EDGE_LOOP('',(#5777,#5778,#5779,#5780));
#1014=EDGE_LOOP('',(#5781,#5782,#5783,#5784));
#1015=EDGE_LOOP('',(#5785,#5786,#5787,#5788));
#1016=EDGE_LOOP('',(#5789,#5790,#5791,#5792));
#1017=EDGE_LOOP('',(#5793,#5794,#5795,#5796));
#1018=EDGE_LOOP('',(#5797,#5798,#5799,#5800));
#1019=EDGE_LOOP('',(#5801,#5802,#5803,#5804));
#1020=EDGE_LOOP('',(#5805,#5806,#5807,#5808));
#1021=EDGE_LOOP('',(#5809,#5810,#5811,#5812));
#1022=EDGE_LOOP('',(#5813,#5814,#5815,#5816));
#1023=EDGE_LOOP('',(#5817,#5818,#5819,#5820));
#1024=EDGE_LOOP('',(#5821,#5822,#5823,#5824));
#1025=EDGE_LOOP('',(#5825,#5826,#5827,#5828));
#1026=EDGE_LOOP('',(#5829,#5830,#5831,#5832));
#1027=EDGE_LOOP('',(#5833,#5834,#5835,#5836));
#1028=EDGE_LOOP('',(#5837,#5838,#5839,#5840));
#1029=EDGE_LOOP('',(#5841,#5842,#5843,#5844));
#1030=EDGE_LOOP('',(#5845,#5846,#5847,#5848));
#1031=EDGE_LOOP('',(#5849,#5850,#5851,#5852));
#1032=EDGE_LOOP('',(#5853,#5854,#5855,#5856));
#1033=EDGE_LOOP('',(#5857,#5858,#5859,#5860));
#1034=EDGE_LOOP('',(#5861,#5862,#5863,#5864));
#1035=EDGE_LOOP('',(#5865,#5866,#5867,#5868));
#1036=EDGE_LOOP('',(#5869,#5870,#5871,#5872));
#1037=EDGE_LOOP('',(#5873,#5874,#5875,#5876));
#1038=EDGE_LOOP('',(#5877,#5878,#5879,#5880));
#1039=EDGE_LOOP('',(#5881,#5882,#5883,#5884));
#1040=EDGE_LOOP('',(#5885,#5886,#5887,#5888));
#1041=EDGE_LOOP('',(#5889,#5890,#5891,#5892));
#1042=EDGE_LOOP('',(#5893,#5894,#5895,#5896));
#1043=EDGE_LOOP('',(#5897,#5898,#5899,#5900));
#1044=EDGE_LOOP('',(#5901,#5902,#5903,#5904));
#1045=EDGE_LOOP('',(#5905,#5906,#5907,#5908));
#1046=EDGE_LOOP('',(#5909,#5910,#5911,#5912));
#1047=EDGE_LOOP('',(#5913,#5914,#5915,#5916));
#1048=EDGE_LOOP('',(#5917,#5918,#5919,#5920));
#1049=EDGE_LOOP('',(#5921,#5922,#5923,#5924));
#1050=EDGE_LOOP('',(#5925,#5926,#5927,#5928));
#1051=EDGE_LOOP('',(#5929,#5930,#5931,#5932));
#1052=EDGE_LOOP('',(#5933,#5934,#5935,#5936));
#1053=EDGE_LOOP('',(#5937,#5938,#5939,#5940));
#1054=EDGE_LOOP('',(#5941,#5942,#5943,#5944));
#1055=EDGE_LOOP('',(#5945,#5946,#5947,#5948));
#1056=EDGE_LOOP('',(#5949,#5950,#5951,#5952));
#1057=CIRCLE('',#6377,1.90881);
#1058=CIRCLE('',#6386,1.90881);
#1059=CIRCLE('',#6388,2.413);
#1060=CIRCLE('',#6398,2.413);
#1061=CIRCLE('',#6400,15.);
#1062=CIRCLE('',#6402,15.);
#1063=CIRCLE('',#6404,15.);
#1064=CIRCLE('',#6406,15.);
#1065=CIRCLE('',#6408,15.);
#1066=CIRCLE('',#6410,15.);
#1067=CIRCLE('',#6412,15.);
#1068=CIRCLE('',#6414,15.);
#1069=CIRCLE('',#6416,15.);
#1070=CIRCLE('',#6418,15.);
#1071=CIRCLE('',#6420,15.);
#1072=CIRCLE('',#6421,15.);
#1073=CIRCLE('',#6422,15.);
#1074=CIRCLE('',#6423,15.);
#1075=CIRCLE('',#6424,15.);
#1076=CIRCLE('',#6425,15.);
#1077=CIRCLE('',#6426,15.);
#1078=CIRCLE('',#6427,15.);
#1079=CIRCLE('',#6428,15.);
#1080=CIRCLE('',#6429,15.);
#1081=CIRCLE('',#6430,15.);
#1082=CIRCLE('',#6431,15.);
#1083=CIRCLE('',#6432,15.);
#1084=CIRCLE('',#6433,15.);
#1085=CIRCLE('',#6434,15.);
#1086=CIRCLE('',#6435,15.);
#1087=CIRCLE('',#6436,15.);
#1088=CIRCLE('',#6437,15.);
#1089=CIRCLE('',#6438,15.);
#1090=CIRCLE('',#6439,15.);
#1091=CIRCLE('',#6440,15.);
#1092=CIRCLE('',#6441,15.);
#1093=CIRCLE('',#6442,15.);
#1094=CIRCLE('',#6443,15.);
#1095=CIRCLE('',#6444,15.);
#1096=CIRCLE('',#6445,15.);
#1097=CIRCLE('',#6446,15.);
#1098=CIRCLE('',#6447,15.);
#1099=CIRCLE('',#6448,15.);
#1100=CIRCLE('',#6449,15.);
#1101=CIRCLE('',#6450,15.);
#1102=CIRCLE('',#6451,15.);
#1103=CIRCLE('',#6452,15.);
#1104=CIRCLE('',#6453,15.);
#1105=CIRCLE('',#6454,15.);
#1106=CIRCLE('',#6455,15.);
#1107=CIRCLE('',#6456,15.);
#1108=CIRCLE('',#6457,15.);
#1109=CIRCLE('',#6458,15.);
#1110=CIRCLE('',#6459,15.);
#1111=CIRCLE('',#6460,15.);
#1112=CIRCLE('',#6461,15.);
#1113=CIRCLE('',#6462,15.);
#1114=CIRCLE('',#6463,15.);
#1115=CIRCLE('',#6464,15.);
#1116=CIRCLE('',#6465,15.);
#1117=CIRCLE('',#6466,15.);
#1118=CIRCLE('',#6467,15.);
#1119=CIRCLE('',#6468,15.);
#1120=CIRCLE('',#6469,15.);
#1121=CIRCLE('',#6470,15.);
#1122=CIRCLE('',#6471,15.);
#1123=CIRCLE('',#6472,15.);
#1124=CIRCLE('',#6473,15.);
#1125=CIRCLE('',#6474,15.);
#1126=CIRCLE('',#6475,15.);
#1127=CIRCLE('',#6476,15.);
#1128=CIRCLE('',#6477,15.);
#1129=CIRCLE('',#6478,15.);
#1130=CIRCLE('',#6479,15.);
#1131=CIRCLE('',#6480,15.);
#1132=CIRCLE('',#6481,15.);
#1133=CIRCLE('',#6482,15.);
#1134=CIRCLE('',#6483,15.);
#1135=CIRCLE('',#6484,15.);
#1136=CIRCLE('',#6485,15.);
#1137=CIRCLE('',#6486,15.);
#1138=CIRCLE('',#6487,15.);
#1139=CIRCLE('',#6488,15.);
#1140=CIRCLE('',#6489,15.);
#1141=CIRCLE('',#6490,15.);
#1142=CIRCLE('',#6491,15.);
#1143=CIRCLE('',#6492,15.);
#1144=CIRCLE('',#6493,15.);
#1145=CIRCLE('',#6497,1.7145);
#1146=CIRCLE('',#6503,1.7145);
#1147=CIRCLE('',#6515,7.);
#1148=CIRCLE('',#6654,29.);
#1149=CIRCLE('',#6666,28.375);
#1150=CIRCLE('',#6667,28.2650310824816);
#1151=CIRCLE('',#6668,28.2650310824816);
#1152=CIRCLE('',#6669,28.2650310824816);
#1153=CIRCLE('',#6670,28.2650310824816);
#1154=CIRCLE('',#6671,28.2650310824816);
#1155=CIRCLE('',#6672,28.2650310824816);
#1156=CIRCLE('',#6673,28.2650310824816);
#1157=CIRCLE('',#6674,28.2650310824816);
#1158=CIRCLE('',#6675,28.2650310824816);
#1159=CIRCLE('',#6676,28.2650310824816);
#1160=CIRCLE('',#6677,28.2650310824816);
#1161=CIRCLE('',#6678,28.2650310824816);
#1162=CIRCLE('',#6679,28.2650310824816);
#1163=CIRCLE('',#6680,28.2650310824816);
#1164=CIRCLE('',#6681,28.2650310824816);
#1165=CIRCLE('',#6682,28.2650310824816);
#1166=CIRCLE('',#6683,28.2650310824816);
#1167=CIRCLE('',#6684,28.2650310824816);
#1168=CIRCLE('',#6685,28.2650310824816);
#1169=CIRCLE('',#6686,28.2650310824816);
#1170=CIRCLE('',#6687,28.2650310824816);
#1171=CIRCLE('',#6688,28.2650310824816);
#1172=CIRCLE('',#6689,28.2650310824816);
#1173=CIRCLE('',#6690,28.2650310824816);
#1174=CIRCLE('',#6691,28.2650310824816);
#1175=CIRCLE('',#6692,28.2650310824816);
#1176=CIRCLE('',#6693,28.2650310824816);
#1177=CIRCLE('',#6694,28.2650310824816);
#1178=CIRCLE('',#6695,28.2650310824816);
#1179=CIRCLE('',#6696,28.2650310824816);
#1180=CIRCLE('',#6697,28.2650310824816);
#1181=CIRCLE('',#6698,28.2650310824816);
#1182=CIRCLE('',#6699,28.2650310824816);
#1183=CIRCLE('',#6700,28.2650310824816);
#1184=CIRCLE('',#6701,28.2650310824816);
#1185=CIRCLE('',#6702,28.2650310824816);
#1186=CIRCLE('',#6703,28.2650310824816);
#1187=CIRCLE('',#6704,28.2650310824816);
#1188=CIRCLE('',#6705,28.2650310824816);
#1189=CIRCLE('',#6706,28.2650310824816);
#1190=CIRCLE('',#6707,28.2650310824816);
#1191=CIRCLE('',#6708,28.2650310824816);
#1192=CIRCLE('',#6709,28.2650310824816);
#1193=CIRCLE('',#6710,28.2650310824816);
#1194=CIRCLE('',#6711,28.2650310824816);
#1195=CIRCLE('',#6712,28.2650310824816);
#1196=CIRCLE('',#6713,28.2650310824816);
#1197=CIRCLE('',#6714,28.2650310824816);
#1198=CIRCLE('',#6715,28.2650310824816);
#1199=CIRCLE('',#6716,28.2650310824816);
#1200=CIRCLE('',#6717,28.2650310824816);
#1201=CIRCLE('',#6718,28.2650310824816);
#1202=CIRCLE('',#6719,28.2650310824816);
#1203=CIRCLE('',#6720,28.2650310824816);
#1204=CIRCLE('',#6721,28.2650310824816);
#1205=CIRCLE('',#6722,28.2650310824816);
#1206=CIRCLE('',#6723,28.2650310824816);
#1207=CIRCLE('',#6724,28.2650310824816);
#1208=CIRCLE('',#6725,28.2650310824816);
#1209=CIRCLE('',#6726,28.2650310824816);
#1210=CIRCLE('',#6728,7.);
#1211=CIRCLE('',#6730,4.05);
#1212=CIRCLE('',#6732,29.);
#1213=CIRCLE('',#6741,4.05);
#1214=CIRCLE('',#6743,28.3706);
#1215=CIRCLE('',#6744,29.);
#1216=CIRCLE('',#6746,28.2650310824816);
#1217=CIRCLE('',#6747,28.2650310824816);
#1218=CIRCLE('',#6748,28.2650310824816);
#1219=CIRCLE('',#6749,28.2650310824816);
#1220=CIRCLE('',#6750,28.2650310824816);
#1221=CIRCLE('',#6751,28.2650310824816);
#1222=CIRCLE('',#6752,28.2650310824816);
#1223=CIRCLE('',#6753,28.2650310824816);
#1224=CIRCLE('',#6754,28.2650310824816);
#1225=CIRCLE('',#6755,28.2650310824816);
#1226=CIRCLE('',#6756,28.2650310824816);
#1227=CIRCLE('',#6757,28.2650310824816);
#1228=CIRCLE('',#6758,28.2650310824816);
#1229=CIRCLE('',#6759,28.2650310824816);
#1230=CIRCLE('',#6760,28.2650310824816);
#1231=CIRCLE('',#6761,28.2650310824816);
#1232=CIRCLE('',#6762,28.2650310824816);
#1233=CIRCLE('',#6763,28.2650310824816);
#1234=CIRCLE('',#6764,28.2650310824816);
#1235=CIRCLE('',#6765,28.2650310824816);
#1236=CIRCLE('',#6766,28.2650310824816);
#1237=CIRCLE('',#6767,28.2650310824816);
#1238=CIRCLE('',#6768,28.2650310824816);
#1239=CIRCLE('',#6769,28.2650310824816);
#1240=CIRCLE('',#6770,28.2650310824816);
#1241=CIRCLE('',#6771,28.2650310824816);
#1242=CIRCLE('',#6772,28.2650310824816);
#1243=CIRCLE('',#6773,28.2650310824816);
#1244=CIRCLE('',#6774,28.2650310824816);
#1245=CIRCLE('',#6775,28.2650310824816);
#1246=CIRCLE('',#6776,28.2650310824816);
#1247=CIRCLE('',#6777,28.2650310824816);
#1248=CIRCLE('',#6778,28.2650310824816);
#1249=CIRCLE('',#6779,28.2650310824816);
#1250=CIRCLE('',#6780,28.2650310824816);
#1251=CIRCLE('',#6781,28.2650310824816);
#1252=CIRCLE('',#6782,28.2650310824816);
#1253=CIRCLE('',#6783,28.2650310824816);
#1254=CIRCLE('',#6784,28.2650310824816);
#1255=CIRCLE('',#6785,28.2650310824816);
#1256=CIRCLE('',#6786,28.2650310824816);
#1257=CIRCLE('',#6787,28.2650310824816);
#1258=CIRCLE('',#6788,28.2650310824816);
#1259=CIRCLE('',#6789,28.2650310824816);
#1260=CIRCLE('',#6790,28.2650310824816);
#1261=CIRCLE('',#6791,28.2650310824816);
#1262=CIRCLE('',#6792,28.2650310824816);
#1263=CIRCLE('',#6793,28.2650310824816);
#1264=CIRCLE('',#6794,28.2650310824816);
#1265=CIRCLE('',#6795,28.2650310824816);
#1266=CIRCLE('',#6796,28.2650310824816);
#1267=CIRCLE('',#6797,28.2650310824816);
#1268=CIRCLE('',#6798,28.2650310824816);
#1269=CIRCLE('',#6799,28.2650310824816);
#1270=CIRCLE('',#6800,28.2650310824816);
#1271=CIRCLE('',#6801,28.2650310824816);
#1272=CIRCLE('',#6802,28.2650310824816);
#1273=CIRCLE('',#6803,28.2650310824816);
#1274=CIRCLE('',#6804,28.2650310824816);
#1275=CIRCLE('',#6805,28.2650310824816);
#1276=CIRCLE('',#6807,29.);
#1277=B_SPLINE_CURVE_WITH_KNOTS('',3,(#8411,#8412,#8413,#8414,#8415,#8416,
#8417,#8418,#8419,#8420,#8421,#8422,#8423),.UNSPECIFIED.,.F.,.F.,(4,3,3,
3,4),(57.6587129755276,58.1405680326255,59.1260013891106,60.1114347455958,
61.096868102081),.UNSPECIFIED.);
#1278=B_SPLINE_CURVE_WITH_KNOTS('',3,(#8426,#8427,#8428,#8429,#8430,#8431,
#8432,#8433,#8434,#8435,#8436,#8437,#8438,#8439,#8440,#8441,#8442,#8443,
#8444,#8445,#8446,#8447),.UNSPECIFIED.,.F.,.F.,(4,3,3,3,3,3,3,4),(-59.3686800678386,
-59.1260013891106,-58.1405680326255,-57.1551346761403,-56.1697013196551,
-55.1842679631699,-54.1988346066847,-54.0252179343575),.UNSPECIFIED.);
#1279=B_SPLINE_CURVE_WITH_KNOTS('',3,(#8452,#8453,#8454,#8455,#8456,#8457,
#8458,#8459,#8460,#8461,#8462,#8463,#8464,#8465,#8466,#8467,#8468,#8469,
#8470,#8471,#8472,#8473),.UNSPECIFIED.,.F.,.F.,(4,3,3,3,3,3,3,4),(51.375527668348,
52.2279678937144,53.2134012501996,54.1988346066847,55.1842679631699,56.1697013196551,
57.1551346761403,57.6587129755276),.UNSPECIFIED.);
#1280=B_SPLINE_CURVE_WITH_KNOTS('',3,(#8474,#8475,#8476,#8477,#8478,#8479,
#8480,#8481,#8482,#8483,#8484,#8485,#8486,#8487,#8488,#8489,#8490,#8491,
#8492,#8493,#8494,#8495),.UNSPECIFIED.,.F.,.F.,(4,3,3,3,3,3,3,4),(-54.0252179343575,
-53.2134012501996,-52.2279678937144,-51.2425345372292,-50.2571011807441,
-49.2716678242589,-48.2862344677737,-47.7420326271779),.UNSPECIFIED.);
#1281=B_SPLINE_CURVE_WITH_KNOTS('',3,(#8500,#8501,#8502,#8503,#8504,#8505,
#8506,#8507,#8508,#8509,#8510,#8511,#8512,#8513,#8514,#8515,#8516,#8517,
#8518,#8519,#8520,#8521,#8522,#8523,#8524),.UNSPECIFIED.,.F.,.F.,(4,3,3,
3,3,3,3,3,4),(45.0923423611684,45.3299343983181,46.3153677548033,47.3008011112885,
48.2862344677737,49.2716678242589,50.257101180744,51.2425345372292,51.375527668348),
 .UNSPECIFIED.);
#1282=B_SPLINE_CURVE_WITH_KNOTS('',3,(#8525,#8526,#8527,#8528,#8529,#8530,
#8531,#8532,#8533,#8534,#8535,#8536,#8537,#8538,#8539,#8540,#8541,#8542,
#8543,#8544,#8545,#8546),.UNSPECIFIED.,.F.,.F.,(4,3,3,3,3,3,3,4),(-47.7420326271779,
-47.3008011112885,-46.3153677548033,-45.3299343983182,-44.344501041833,
-43.3590676853478,-42.3736343288626,-41.4588473199984),.UNSPECIFIED.);
#1283=B_SPLINE_CURVE_WITH_KNOTS('',3,(#8551,#8552,#8553,#8554,#8555,#8556,
#8557,#8558,#8559,#8560,#8561,#8562,#8563,#8564,#8565,#8566,#8567,#8568,
#8569,#8570,#8571,#8572),.UNSPECIFIED.,.F.,.F.,(4,3,3,3,3,3,3,4),(38.8091570539888,
39.4173342594071,40.4027676158923,41.3882009723774,42.3736343288626,43.3590676853478,
44.344501041833,45.0923423611684),.UNSPECIFIED.);
#1284=B_SPLINE_CURVE_WITH_KNOTS('',3,(#8573,#8574,#8575,#8576,#8577,#8578,
#8579,#8580,#8581,#8582,#8583,#8584,#8585,#8586,#8587,#8588,#8589,#8590,
#8591,#8592,#8593,#8594,#8595,#8596,#8597),.UNSPECIFIED.,.F.,.F.,(4,3,3,
3,3,3,3,3,4),(-41.4588473199984,-41.3882009723774,-40.4027676158923,-39.4173342594071,
-38.4319009029219,-37.4464675464367,-36.4610341899516,-35.4756008334664,
-35.1756620128188),.UNSPECIFIED.);
#1285=B_SPLINE_CURVE_WITH_KNOTS('',3,(#8602,#8603,#8604,#8605,#8606,#8607,
#8608,#8609,#8610,#8611,#8612,#8613,#8614,#8615,#8616,#8617,#8618,#8619,
#8620,#8621,#8622,#8623),.UNSPECIFIED.,.F.,.F.,(4,3,3,3,3,3,3,4),(32.5259717468092,
33.504734120496,34.4901674769812,35.4756008334664,36.4610341899516,37.4464675464367,
38.4319009029219,38.8091570539888),.UNSPECIFIED.);
#1286=B_SPLINE_CURVE_WITH_KNOTS('',3,(#8624,#8625,#8626,#8627,#8628,#8629,
#8630,#8631,#8632,#8633,#8634,#8635,#8636,#8637,#8638,#8639,#8640,#8641,
#8642,#8643,#8644,#8645),.UNSPECIFIED.,.F.,.F.,(4,3,3,3,3,3,3,4),(-35.1756620128188,
-34.4901674769812,-33.504734120496,-32.5193007640109,-31.5338674075257,
-30.5484340510405,-29.5630006945553,-28.8924767056392),.UNSPECIFIED.);
#1287=B_SPLINE_CURVE_WITH_KNOTS('',3,(#8650,#8651,#8652,#8653,#8654,#8655,
#8656,#8657,#8658,#8659,#8660,#8661,#8662,#8663,#8664,#8665,#8666,#8667,
#8668,#8669,#8670,#8671,#8672,#8673,#8674),.UNSPECIFIED.,.F.,.F.,(4,3,3,
3,3,3,3,3,4),(26.2427864396297,26.6067006250998,27.592133981585,28.5775673380701,
29.5630006945553,30.5484340510405,31.5338674075257,32.5193007640108,32.5259717468092),
 .UNSPECIFIED.);
#1288=B_SPLINE_CURVE_WITH_KNOTS('',3,(#8675,#8676,#8677,#8678,#8679,#8680,
#8681,#8682,#8683,#8684,#8685,#8686,#8687,#8688,#8689,#8690,#8691,#8692,
#8693,#8694,#8695,#8696,#8697,#8698,#8699),.UNSPECIFIED.,.F.,.F.,(4,3,3,
3,3,3,3,3,4),(-28.8924767056392,-28.5775673380701,-27.592133981585,-26.6067006250998,
-25.6212672686146,-24.6358339121294,-23.6504005556443,-22.6649671991591,
-22.6092913984596),.UNSPECIFIED.);
#1289=B_SPLINE_CURVE_WITH_KNOTS('',3,(#8704,#8705,#8706,#8707,#8708,#8709,
#8710,#8711,#8712,#8713,#8714,#8715,#8716,#8717,#8718,#8719,#8720,#8721,
#8722,#8723,#8724,#8725),.UNSPECIFIED.,.F.,.F.,(4,3,3,3,3,3,3,4),(19.9596011324501,
20.6941004861887,21.6795338426739,22.6649671991591,23.6504005556443,24.6358339121294,
25.6212672686146,26.2427864396297),.UNSPECIFIED.);
#1290=B_SPLINE_CURVE_WITH_KNOTS('',3,(#8726,#8727,#8728,#8729,#8730,#8731,
#8732,#8733,#8734,#8735,#8736,#8737,#8738,#8739,#8740,#8741,#8742,#8743,
#8744,#8745,#8746,#8747),.UNSPECIFIED.,.F.,.F.,(4,3,3,3,3,3,3,4),(-22.6092913984596,
-21.6795338426739,-20.6941004861887,-19.7086671297035,-18.7232337732184,
-17.7378004167332,-16.752367060248,-16.32610609128),.UNSPECIFIED.);
#1291=B_SPLINE_CURVE_WITH_KNOTS('',3,(#8752,#8753,#8754,#8755,#8756,#8757,
#8758,#8759,#8760,#8761,#8762,#8763,#8764,#8765,#8766,#8767,#8768,#8769,
#8770,#8771,#8772,#8773,#8774,#8775,#8776),.UNSPECIFIED.,.F.,.F.,(4,3,3,
3,3,3,3,3,4),(13.6764158252705,13.7960669907925,14.7815003472777,15.7669337037628,
16.752367060248,17.7378004167332,18.7232337732184,19.7086671297035,19.9596011324501),
 .UNSPECIFIED.);
#1292=B_SPLINE_CURVE_WITH_KNOTS('',3,(#8777,#8778,#8779,#8780,#8781,#8782,
#8783,#8784,#8785,#8786,#8787,#8788,#8789,#8790,#8791,#8792,#8793,#8794,
#8795,#8796,#8797,#8798),.UNSPECIFIED.,.F.,.F.,(4,3,3,3,3,3,3,4),(-16.32610609128,
-15.7669337037628,-14.7815003472777,-13.7960669907925,-12.8106336343073,
-11.8252002778221,-10.839766921337,-10.0429207841004),.UNSPECIFIED.);
#1293=B_SPLINE_CURVE_WITH_KNOTS('',3,(#8804,#8805,#8806,#8807,#8808,#8809,
#8810,#8811,#8812,#8813,#8814,#8815,#8816),.UNSPECIFIED.,.F.,.F.,(4,3,3,
3,4),(-3.75973547692082,-2.95630006945553,-1.97086671297035,-0.98543335648518,
0.),.UNSPECIFIED.);
#1294=B_SPLINE_CURVE_WITH_KNOTS('',3,(#8819,#8820,#8821,#8822,#8823,#8824,
#8825,#8826,#8827,#8828,#8829,#8830,#8831,#8832,#8833,#8834,#8835,#8836,
#8837,#8838,#8839,#8840),.UNSPECIFIED.,.F.,.F.,(4,3,3,3,3,3,3,4),(1.72818803424237,
1.97086671297036,2.95630006945553,3.94173342594071,4.92716678242589,5.91260013891106,
6.89803349539624,7.3932305180909),.UNSPECIFIED.);
#1295=B_SPLINE_CURVE_WITH_KNOTS('',3,(#8846,#8847,#8848,#8849),
 .UNSPECIFIED.,.F.,.F.,(4,4),(72.2566310325652,73.0450958931091),
 .UNSPECIFIED.);
#1296=B_SPLINE_CURVE_WITH_KNOTS('',3,(#8852,#8853,#8854,#8855,#8856,#8857),
 .UNSPECIFIED.,.F.,.F.,(4,1,1,4),(72.2566310325652,72.738486089663,73.7239194461482,
73.9665981248762),.UNSPECIFIED.);
#1297=B_SPLINE_CURVE_WITH_KNOTS('',3,(#8862,#8863,#8864,#8865,#8866,#8867,
#8868,#8869,#8870,#8871,#8872),.UNSPECIFIED.,.F.,.F.,(4,1,1,1,1,1,1,1,4),
(65.9734457253856,66.1470623977128,67.132495754198,68.1179291106832,69.1033624671684,
70.0887958236536,71.0742291801387,72.0596625366239,72.2566310325652),
 .UNSPECIFIED.);
#1298=B_SPLINE_CURVE_WITH_KNOTS('',3,(#8873,#8874,#8875,#8876,#8877,#8878,
#8879,#8880,#8881,#8882),.UNSPECIFIED.,.F.,.F.,(4,1,1,1,1,1,1,4),(65.9734457253856,
66.825885950752,67.8113193072371,68.7967526637223,69.7821860202075,70.7676193766927,
71.7530527331779,72.2566310325652),.UNSPECIFIED.);
#1299=B_SPLINE_CURVE_WITH_KNOTS('',3,(#8887,#8888,#8889,#8890,#8891,#8892,
#8893,#8894,#8895,#8896),.UNSPECIFIED.,.F.,.F.,(4,1,1,1,1,1,1,4),(59.690260418206,
60.2344622588018,61.219895615287,62.2053289717721,63.1907623282573,64.1761956847425,
65.1616290412277,65.9734457253856),.UNSPECIFIED.);
#1300=B_SPLINE_CURVE_WITH_KNOTS('',3,(#8897,#8898,#8899,#8900,#8901,#8902,
#8903,#8904,#8905,#8906,#8907),.UNSPECIFIED.,.F.,.F.,(4,1,1,1,1,1,1,1,4),
(59.690260418206,59.9278524553557,60.9132858118409,61.8987191683261,62.8841525248113,
63.8695858812964,64.8550192377816,65.8404525942668,65.9734457253856),
 .UNSPECIFIED.);
#1301=B_SPLINE_CURVE_WITH_KNOTS('',3,(#8912,#8913,#8914,#8915,#8916,#8917,
#8918,#8919,#8920,#8921),.UNSPECIFIED.,.F.,.F.,(4,1,1,1,1,1,1,4),(53.4070751110265,
54.3218621198907,55.3072954763759,56.2927288328611,57.2781621893463,58.2635955458314,
59.2490289023166,59.690260418206),.UNSPECIFIED.);
#1302=B_SPLINE_CURVE_WITH_KNOTS('',3,(#8922,#8923,#8924,#8925,#8926,#8927,
#8928,#8929,#8930,#8931),.UNSPECIFIED.,.F.,.F.,(4,1,1,1,1,1,1,4),(53.4070751110265,
54.0152523164447,55.0006856729298,55.986119029415,56.9715523859002,57.9569857423854,
58.9424190988706,59.690260418206),.UNSPECIFIED.);
#1303=B_SPLINE_CURVE_WITH_KNOTS('',3,(#8936,#8937,#8938,#8939,#8940,#8941,
#8942,#8943,#8944,#8945,#8946),.UNSPECIFIED.,.F.,.F.,(4,1,1,1,1,1,1,1,4),
(47.1238898038469,47.4238286244945,48.4092619809797,49.3946953374648,50.38012869395,
51.3655620504352,52.3509954069204,53.3364287634056,53.4070751110265),
 .UNSPECIFIED.);
#1304=B_SPLINE_CURVE_WITH_KNOTS('',3,(#8947,#8948,#8949,#8950,#8951,#8952,
#8953,#8954,#8955,#8956),.UNSPECIFIED.,.F.,.F.,(4,1,1,1,1,1,1,4),(47.1238898038469,
48.1026521775336,49.0880855340188,50.073518890504,51.0589522469891,52.0443856034743,
53.0298189599595,53.4070751110265),.UNSPECIFIED.);
#1305=B_SPLINE_CURVE_WITH_KNOTS('',3,(#8961,#8962,#8963,#8964,#8965,#8966,
#8967,#8968,#8969,#8970),.UNSPECIFIED.,.F.,.F.,(4,1,1,1,1,1,1,4),(40.8407044966673,
41.5112284855834,42.4966618420686,43.4820951985538,44.467528555039,45.4529619115241,
46.4383952680093,47.1238898038469),.UNSPECIFIED.);
#1306=B_SPLINE_CURVE_WITH_KNOTS('',3,(#8971,#8972,#8973,#8974,#8975,#8976,
#8977,#8978,#8979,#8980,#8981),.UNSPECIFIED.,.F.,.F.,(4,1,1,1,1,1,1,1,4),
(40.8407044966673,41.2046186821374,42.1900520386225,43.1754853951077,44.1609187515929,
45.1463521080781,46.1317854645633,47.1172188210484,47.1238898038469),
 .UNSPECIFIED.);
#1307=B_SPLINE_CURVE_WITH_KNOTS('',3,(#8986,#8987,#8988,#8989,#8990,#8991,
#8992,#8993,#8994,#8995,#8996),.UNSPECIFIED.,.F.,.F.,(4,1,1,1,1,1,1,1,4),
(34.5575191894877,34.6131949901872,35.5986283466724,36.5840617031575,37.5694950596427,
38.5549284161279,39.5403617726131,40.5257951290982,40.8407044966673),
 .UNSPECIFIED.);
#1308=B_SPLINE_CURVE_WITH_KNOTS('',3,(#8997,#8998,#8999,#9000,#9001,#9002,
#9003,#9004,#9005,#9006),.UNSPECIFIED.,.F.,.F.,(4,1,1,1,1,1,1,4),(34.5575191894877,
35.2920185432263,36.2774518997115,37.2628852561967,38.2483186126818,39.233751969167,
40.2191853256522,40.8407044966673),.UNSPECIFIED.);
#1309=B_SPLINE_CURVE_WITH_KNOTS('',3,(#9011,#9012,#9013,#9014,#9015,#9016,
#9017,#9018,#9019,#9020),.UNSPECIFIED.,.F.,.F.,(4,1,1,1,1,1,1,4),(28.2743338823081,
28.7005948512761,29.6860282077613,30.6714615642465,31.6568949207316,32.6423282772168,
33.627761633702,34.5575191894877),.UNSPECIFIED.);
#1310=B_SPLINE_CURVE_WITH_KNOTS('',3,(#9021,#9022,#9023,#9024,#9025,#9026,
#9027,#9028,#9029,#9030,#9031),.UNSPECIFIED.,.F.,.F.,(4,1,1,1,1,1,1,1,4),
(28.2743338823081,28.3939850478301,29.3794184043152,30.3648517608004,31.3502851172856,
32.3357184737708,33.3211518302559,34.3065851867411,34.5575191894877),
 .UNSPECIFIED.);
#1311=B_SPLINE_CURVE_WITH_KNOTS('',3,(#9036,#9037,#9038,#9039,#9040,#9041,
#9042,#9043,#9044,#9045),.UNSPECIFIED.,.F.,.F.,(4,1,1,1,1,1,1,4),(21.9911485751285,
22.7879947123651,23.7734280688502,24.7588614253354,25.7442947818206,26.7297281383058,
27.7151614947909,28.2743338823081),.UNSPECIFIED.);
#1312=B_SPLINE_CURVE_WITH_KNOTS('',3,(#9046,#9047,#9048,#9049,#9050,#9051,
#9052,#9053,#9054,#9055),.UNSPECIFIED.,.F.,.F.,(4,1,1,1,1,1,1,4),(21.9911485751285,
22.481384908919,23.4668182654042,24.4522516218894,25.4376849783745,26.4231183348597,
27.4085516913449,28.2743338823081),.UNSPECIFIED.);
#1313=B_SPLINE_CURVE_WITH_KNOTS('',3,(#9061,#9062,#9063,#9064,#9065),
 .UNSPECIFIED.,.F.,.F.,(4,1,4),(14.5979180570376,15.5833514135228,15.7079632679489),
 .UNSPECIFIED.);
#1314=B_SPLINE_CURVE_WITH_KNOTS('',3,(#9068,#9069,#9070,#9071,#9072,#9073),
 .UNSPECIFIED.,.F.,.F.,(4,1,1,4),(13.6764158252705,13.9190945039985,14.9045278604836,
15.7079632679489),.UNSPECIFIED.);
#1315=B_SPLINE_CURVE_WITH_KNOTS('',3,(#9209,#9210,#9211,#9212,#9213,#9214,
#9215,#9216,#9217,#9218),.UNSPECIFIED.,.F.,.F.,(4,2,2,2,4),(0.800280483830581,
0.840366742207188,0.905010163929349,0.969653962288026,1.0342977606467),
 .UNSPECIFIED.);
#1316=B_SPLINE_CURVE_WITH_KNOTS('',3,(#9220,#9221,#9222,#9223,#9224,#9225,
#9226,#9227,#9228,#9229),.UNSPECIFIED.,.F.,.F.,(4,2,2,2,4),(0.,0.0646437983586772,
0.129287596717354,0.193931018439515,0.258574440161676),.UNSPECIFIED.);
#1317=B_SPLINE_CURVE_WITH_KNOTS('',3,(#9244,#9245,#9246,#9247,#9248,#9249,
#9250,#9251,#9252,#9253,#9254,#9255,#9256,#9257,#9258,#9259,#9260,#9261),
 .UNSPECIFIED.,.F.,.F.,(4,2,2,2,2,2,2,2,4),(0.258574440161676,0.323217861883837,
0.387861283605997,0.452505081964675,0.517148880323352,0.581792678682029,
0.646436477040706,0.711079898762867,0.751166157139474),.UNSPECIFIED.);
#1318=B_SPLINE_CURVE_WITH_KNOTS('',3,(#9335,#9336,#9337,#9338,#9339,#9340,
#9341,#9342,#9343,#9344),.UNSPECIFIED.,.F.,.F.,(4,2,2,2,4),(0.800280483830581,
0.840366742207188,0.905010163929349,0.969653962288026,1.0342977606467),
 .UNSPECIFIED.);
#1319=B_SPLINE_CURVE_WITH_KNOTS('',3,(#9346,#9347,#9348,#9349,#9350,#9351,
#9352,#9353,#9354,#9355,#9356,#9357,#9358,#9359,#9360,#9361,#9362,#9363,
#9364,#9365,#9366,#9367,#9368,#9369,#9370,#9371),.UNSPECIFIED.,.F.,.F.,
(4,2,2,2,2,2,2,2,2,2,2,2,4),(0.,0.0646437983586772,0.129287596717354,0.193931018439515,
0.258574440161676,0.323217861883836,0.387861283605997,0.452505081964674,
0.517148880323351,0.581792678682029,0.646436477040706,0.711079898762867,
0.751166157139474),.UNSPECIFIED.);
#1320=B_SPLINE_CURVE_WITH_KNOTS('',3,(#9552,#9553,#9554,#9555,#9556,#9557,
#9558,#9559,#9560,#9561),.UNSPECIFIED.,.F.,.F.,(4,2,2,2,4),(0.,0.0655334771340986,
0.131066954268197,0.196515542724541,0.261964131180884),.UNSPECIFIED.);
#1321=B_SPLINE_CURVE_WITH_KNOTS('',3,(#9569,#9570,#9571,#9572,#9573,#9574,
#9575,#9576,#9577,#9578),.UNSPECIFIED.,.F.,.F.,(4,2,2,2,4),(0.785892393542653,
0.851340981998997,0.91678957045534,0.982323047589439,1.04785652472354),
 .UNSPECIFIED.);
#1322=B_SPLINE_CURVE_WITH_KNOTS('',3,(#9579,#9580,#9581,#9582,#9583,#9584,
#9585,#9586,#9587,#9588,#9589,#9590,#9591,#9592,#9593,#9594,#9595,#9596),
 .UNSPECIFIED.,.F.,.F.,(4,2,2,2,2,2,2,2,4),(0.261964131180884,0.327412719637228,
0.392861308093572,0.45839478522767,0.523928262361769,0.589461739495867,
0.654995216629966,0.720443805086309,0.785892393542653),.UNSPECIFIED.);
#1323=B_SPLINE_CURVE_WITH_KNOTS('',3,(#9611,#9612,#9613,#9614,#9615,#9616,
#9617,#9618,#9619,#9620,#9621,#9622,#9623,#9624,#9625,#9626,#9627,#9628,
#9629,#9630,#9631,#9632,#9633,#9634,#9635,#9636,#9637,#9638,#9639,#9640,
#9641,#9642,#9643,#9644),.UNSPECIFIED.,.T.,.F.,(4,2,2,2,2,2,2,2,2,2,2,2,
2,2,2,2,4),(0.,0.0655334771340986,0.131066954268197,0.196515542724541,0.261964131180884,
0.327412719637228,0.392861308093572,0.45839478522767,0.523928262361769,
0.589461739495867,0.654995216629966,0.720443805086309,0.785892393542653,
0.851340981998997,0.91678957045534,0.982323047589439,1.04785652472354),
 .UNSPECIFIED.);
#1324=B_SPLINE_CURVE_WITH_KNOTS('',3,(#10205,#10206,#10207,#10208,#10209,
#10210,#10211,#10212,#10213,#10214,#10215),.UNSPECIFIED.,.F.,.F.,(4,1,1,
1,1,1,1,1,4),(15.7079632679489,15.8899612169688,16.875394573454,17.8608279299392,
18.8462612864243,19.8316946429095,20.8171279993947,21.8025613558799,21.9911485751285),
 .UNSPECIFIED.);
#1325=B_SPLINE_CURVE_WITH_KNOTS('',3,(#10216,#10217,#10218,#10219,#10220,
#10221,#10222,#10223,#10224,#10225),.UNSPECIFIED.,.F.,.F.,(4,1,1,1,1,1,
1,4),(15.7079632679489,16.5687847700079,17.5542181264931,18.5396514829783,
19.5250848394635,20.5105181959486,21.4959515524338,21.9911485751285),
 .UNSPECIFIED.);
#1326=B_SPLINE_CURVE_WITH_KNOTS('',3,(#10486,#10487,#10488,#10489,#10490,
#10491,#10492,#10493,#10494,#10495,#10496,#10497,#10498,#10499,#10500,#10501,
#10502,#10503,#10504,#10505,#10506,#10507,#10508,#10509,#10510,#10511,#10512,
#10513,#10514,#10515,#10516,#10517,#10518,#10519,#10520,#10521,#10522,#10523,
#10524,#10525,#10526,#10527,#10528,#10529,#10530,#10531,#10532,#10533,#10534,
#10535,#10536,#10537,#10538,#10539,#10540,#10541,#10542,#10543,#10544,#10545,
#10546,#10547,#10548,#10549,#10550,#10551,#10552,#10553,#10554,#10555,#10556,
#10557,#10558,#10559,#10560,#10561),.UNSPECIFIED.,.F.,.F.,(4,3,3,3,3,3,
3,3,3,3,3,3,3,3,3,3,3,3,3,3,3,3,3,3,3,4),(0.,0.0246801194450269,0.0499066793918188,
0.0719799193452617,0.0830055731496996,0.0909497220470764,0.0947824047866859,
0.119073994532799,0.143118036500416,0.163961677130153,0.173061156329638,
0.17855410473222,0.182373151682163,0.205108858656404,0.226492599019362,
0.245522740359448,0.255629436430692,0.260463282508312,0.264425532888791,
0.287034634151985,0.309959408049,0.320662133788556,0.324564048050782,0.346268612734009,
0.367374753234597,0.378733729740047),.UNSPECIFIED.);
#1327=B_SPLINE_CURVE_WITH_KNOTS('',3,(#10562,#10563,#10564,#10565,#10566,
#10567,#10568,#10569,#10570,#10571,#10572,#10573,#10574,#10575,#10576,#10577,
#10578,#10579,#10580,#10581,#10582,#10583,#10584,#10585,#10586,#10587,#10588,
#10589,#10590,#10591,#10592,#10593,#10594,#10595,#10596,#10597,#10598,#10599,
#10600,#10601,#10602,#10603,#10604,#10605,#10606,#10607,#10608,#10609,#10610,
#10611,#10612,#10613,#10614,#10615,#10616,#10617,#10618,#10619,#10620,#10621,
#10622,#10623,#10624,#10625,#10626,#10627,#10628,#10629,#10630,#10631,#10632,
#10633,#10634),.UNSPECIFIED.,.F.,.F.,(4,3,3,3,3,3,3,3,3,3,3,3,3,3,3,3,3,
3,3,3,3,3,3,3,4),(0.,0.0205093286444317,0.0415453602741209,0.0619309184500831,
0.0708496001520666,0.075565085862407,0.0793926386070253,0.101644915614323,
0.124323066720599,0.144399756460904,0.152706884324898,0.15613383547478,
0.180381830578299,0.204629825681819,0.22615957652843,0.235929232375151,
0.24003025181724,0.244245034996043,0.267907348964013,0.292102191021398,
0.303366203588431,0.307884218304586,0.332760849108139,0.358033920359921,
0.376867832454708),.UNSPECIFIED.);
#1328=B_SPLINE_CURVE_WITH_KNOTS('',3,(#10635,#10636,#10637,#10638,#10639,
#10640,#10641,#10642,#10643,#10644,#10645,#10646,#10647,#10648,#10649,#10650,
#10651,#10652,#10653,#10654,#10655,#10656,#10657,#10658,#10659),
 .UNSPECIFIED.,.F.,.F.,(4,3,3,3,3,3,3,3,4),(-10.0429207841004,-9.85433356485177,
-8.8689002083666,-7.88346685188142,-6.89803349539624,-5.91260013891106,
-4.92716678242589,-3.94173342594071,-3.75973547692082),.UNSPECIFIED.);
#1329=B_SPLINE_CURVE_WITH_KNOTS('',3,(#10920,#10921,#10922,#10923,#10924,
#10925,#10926,#10927,#10928,#10929,#10930,#10931,#10932,#10933,#10934,#10935,
#10936,#10937,#10938,#10939,#10940,#10941,#10942,#10943,#10944,#10945,#10946,
#10947,#10948,#10949,#10950,#10951,#10952,#10953,#10954,#10955,#10956,#10957,
#10958,#10959,#10960,#10961,#10962,#10963,#10964,#10965,#10966,#10967,#10968,
#10969,#10970,#10971,#10972,#10973,#10974,#10975,#10976,#10977,#10978,#10979,
#10980,#10981,#10982,#10983,#10984,#10985,#10986,#10987,#10988,#10989,#10990,
#10991,#10992),.UNSPECIFIED.,.F.,.F.,(4,3,3,3,3,3,3,3,3,3,3,3,3,3,3,3,3,
3,3,3,3,3,3,3,4),(0.,0.0205093204692739,0.0415453444103251,0.061930904569261,
0.0708495871387955,0.0755649783187579,0.0793926132893793,0.101644883179276,
0.124323030380762,0.144399729206024,0.152706847458819,0.15613381725314,
0.180381821467476,0.204629825681812,0.226159576528424,0.235929232902541,
0.240030251500486,0.244245035191761,0.267907355450235,0.292102201375738,
0.303366219219917,0.307884221275336,0.332760855782388,0.358033927365626,
0.376867832454702),.UNSPECIFIED.);
#1330=B_SPLINE_CURVE_WITH_KNOTS('',3,(#10993,#10994,#10995,#10996,#10997,
#10998,#10999,#11000,#11001,#11002,#11003,#11004,#11005,#11006,#11007,#11008,
#11009,#11010,#11011,#11012,#11013,#11014),.UNSPECIFIED.,.F.,.F.,(4,3,3,
3,3,3,3,4),(7.3932305180909,7.88346685188142,8.8689002083666,9.85433356485177,
10.8397669213369,11.8252002778221,12.8106336343073,13.6764158252705),
 .UNSPECIFIED.);
#1331=B_SPLINE_CURVE_WITH_KNOTS('',3,(#11015,#11016,#11017,#11018,#11019,
#11020,#11021,#11022,#11023,#11024,#11025,#11026,#11027,#11028,#11029,#11030,
#11031,#11032,#11033,#11034,#11035,#11036,#11037,#11038,#11039,#11040,#11041,
#11042,#11043,#11044,#11045,#11046,#11047,#11048,#11049,#11050,#11051,#11052,
#11053,#11054,#11055,#11056,#11057,#11058,#11059,#11060,#11061,#11062,#11063,
#11064,#11065,#11066,#11067,#11068,#11069,#11070,#11071,#11072,#11073,#11074,
#11075,#11076,#11077,#11078,#11079,#11080,#11081,#11082,#11083,#11084,#11085,
#11086,#11087,#11088,#11089,#11090),.UNSPECIFIED.,.F.,.F.,(4,3,3,3,3,3,
3,3,3,3,3,3,3,3,3,3,3,3,3,3,3,3,3,3,3,4),(0.,0.024680113049205,0.0499066737954763,
0.0719799144484638,0.0830055676231878,0.0909497366914453,0.0947824263145896,
0.119074016806188,0.143118060454282,0.163961695095555,0.173061158971244,
0.178554104393726,0.182373151294176,0.205108859808099,0.226492599019376,
0.245522740359465,0.255629435523495,0.260463281901353,0.264425532813346,
0.287034633687713,0.309959407700807,0.320662134398078,0.324564049996909,
0.346268616137256,0.367374761163194,0.378733729740089),.UNSPECIFIED.);
#1332=LINE('',#8409,#1880);
#1333=LINE('',#8451,#1881);
#1334=LINE('',#8499,#1882);
#1335=LINE('',#8550,#1883);
#1336=LINE('',#8601,#1884);
#1337=LINE('',#8649,#1885);
#1338=LINE('',#8703,#1886);
#1339=LINE('',#8751,#1887);
#1340=LINE('',#8802,#1888);
#1341=LINE('',#8844,#1889);
#1342=LINE('',#8861,#1890);
#1343=LINE('',#8886,#1891);
#1344=LINE('',#8911,#1892);
#1345=LINE('',#8935,#1893);
#1346=LINE('',#8960,#1894);
#1347=LINE('',#8985,#1895);
#1348=LINE('',#9010,#1896);
#1349=LINE('',#9035,#1897);
#1350=LINE('',#9059,#1898);
#1351=LINE('',#9077,#1899);
#1352=LINE('',#9081,#1900);
#1353=LINE('',#9082,#1901);
#1354=LINE('',#9086,#1902);
#1355=LINE('',#9090,#1903);
#1356=LINE('',#9091,#1904);
#1357=LINE('',#9095,#1905);
#1358=LINE('',#9099,#1906);
#1359=LINE('',#9100,#1907);
#1360=LINE('',#9104,#1908);
#1361=LINE('',#9108,#1909);
#1362=LINE('',#9109,#1910);
#1363=LINE('',#9113,#1911);
#1364=LINE('',#9117,#1912);
#1365=LINE('',#9118,#1913);
#1366=LINE('',#9122,#1914);
#1367=LINE('',#9126,#1915);
#1368=LINE('',#9127,#1916);
#1369=LINE('',#9131,#1917);
#1370=LINE('',#9135,#1918);
#1371=LINE('',#9136,#1919);
#1372=LINE('',#9140,#1920);
#1373=LINE('',#9144,#1921);
#1374=LINE('',#9145,#1922);
#1375=LINE('',#9149,#1923);
#1376=LINE('',#9153,#1924);
#1377=LINE('',#9154,#1925);
#1378=LINE('',#9158,#1926);
#1379=LINE('',#9162,#1927);
#1380=LINE('',#9163,#1928);
#1381=LINE('',#9166,#1929);
#1382=LINE('',#9170,#1930);
#1383=LINE('',#9174,#1931);
#1384=LINE('',#9178,#1932);
#1385=LINE('',#9182,#1933);
#1386=LINE('',#9186,#1934);
#1387=LINE('',#9190,#1935);
#1388=LINE('',#9193,#1936);
#1389=LINE('',#9195,#1937);
#1390=LINE('',#9199,#1938);
#1391=LINE('',#9203,#1939);
#1392=LINE('',#9207,#1940);
#1393=LINE('',#9231,#1941);
#1394=LINE('',#9263,#1942);
#1395=LINE('',#9267,#1943);
#1396=LINE('',#9271,#1944);
#1397=LINE('',#9274,#1945);
#1398=LINE('',#9276,#1946);
#1399=LINE('',#9280,#1947);
#1400=LINE('',#9284,#1948);
#1401=LINE('',#9288,#1949);
#1402=LINE('',#9292,#1950);
#1403=LINE('',#9296,#1951);
#1404=LINE('',#9300,#1952);
#1405=LINE('',#9303,#1953);
#1406=LINE('',#9305,#1954);
#1407=LINE('',#9309,#1955);
#1408=LINE('',#9313,#1956);
#1409=LINE('',#9317,#1957);
#1410=LINE('',#9321,#1958);
#1411=LINE('',#9325,#1959);
#1412=LINE('',#9329,#1960);
#1413=LINE('',#9333,#1961);
#1414=LINE('',#9373,#1962);
#1415=LINE('',#9377,#1963);
#1416=LINE('',#9381,#1964);
#1417=LINE('',#9385,#1965);
#1418=LINE('',#9389,#1966);
#1419=LINE('',#9393,#1967);
#1420=LINE('',#9397,#1968);
#1421=LINE('',#9400,#1969);
#1422=LINE('',#9402,#1970);
#1423=LINE('',#9406,#1971);
#1424=LINE('',#9410,#1972);
#1425=LINE('',#9414,#1973);
#1426=LINE('',#9418,#1974);
#1427=LINE('',#9422,#1975);
#1428=LINE('',#9426,#1976);
#1429=LINE('',#9429,#1977);
#1430=LINE('',#9431,#1978);
#1431=LINE('',#9435,#1979);
#1432=LINE('',#9439,#1980);
#1433=LINE('',#9443,#1981);
#1434=LINE('',#9447,#1982);
#1435=LINE('',#9451,#1983);
#1436=LINE('',#9455,#1984);
#1437=LINE('',#9458,#1985);
#1438=LINE('',#9460,#1986);
#1439=LINE('',#9464,#1987);
#1440=LINE('',#9468,#1988);
#1441=LINE('',#9472,#1989);
#1442=LINE('',#9476,#1990);
#1443=LINE('',#9480,#1991);
#1444=LINE('',#9484,#1992);
#1445=LINE('',#9487,#1993);
#1446=LINE('',#9489,#1994);
#1447=LINE('',#9493,#1995);
#1448=LINE('',#9497,#1996);
#1449=LINE('',#9501,#1997);
#1450=LINE('',#9505,#1998);
#1451=LINE('',#9509,#1999);
#1452=LINE('',#9513,#2000);
#1453=LINE('',#9516,#2001);
#1454=LINE('',#9518,#2002);
#1455=LINE('',#9522,#2003);
#1456=LINE('',#9526,#2004);
#1457=LINE('',#9529,#2005);
#1458=LINE('',#9531,#2006);
#1459=LINE('',#9535,#2007);
#1460=LINE('',#9539,#2008);
#1461=LINE('',#9542,#2009);
#1462=LINE('',#9545,#2010);
#1463=LINE('',#9547,#2011);
#1464=LINE('',#9548,#2012);
#1465=LINE('',#9562,#2013);
#1466=LINE('',#9599,#2014);
#1467=LINE('',#9601,#2015);
#1468=LINE('',#9602,#2016);
#1469=LINE('',#9605,#2017);
#1470=LINE('',#9607,#2018);
#1471=LINE('',#9608,#2019);
#1472=LINE('',#9645,#2020);
#1473=LINE('',#9653,#2021);
#1474=LINE('',#9655,#2022);
#1475=LINE('',#9656,#2023);
#1476=LINE('',#9659,#2024);
#1477=LINE('',#9661,#2025);
#1478=LINE('',#9662,#2026);
#1479=LINE('',#9665,#2027);
#1480=LINE('',#9667,#2028);
#1481=LINE('',#9668,#2029);
#1482=LINE('',#9671,#2030);
#1483=LINE('',#9673,#2031);
#1484=LINE('',#9674,#2032);
#1485=LINE('',#9677,#2033);
#1486=LINE('',#9679,#2034);
#1487=LINE('',#9680,#2035);
#1488=LINE('',#9683,#2036);
#1489=LINE('',#9685,#2037);
#1490=LINE('',#9686,#2038);
#1491=LINE('',#9689,#2039);
#1492=LINE('',#9691,#2040);
#1493=LINE('',#9692,#2041);
#1494=LINE('',#9694,#2042);
#1495=LINE('',#9695,#2043);
#1496=LINE('',#9699,#2044);
#1497=LINE('',#9701,#2045);
#1498=LINE('',#9702,#2046);
#1499=LINE('',#9704,#2047);
#1500=LINE('',#9706,#2048);
#1501=LINE('',#9707,#2049);
#1502=LINE('',#9709,#2050);
#1503=LINE('',#9711,#2051);
#1504=LINE('',#9712,#2052);
#1505=LINE('',#9714,#2053);
#1506=LINE('',#9716,#2054);
#1507=LINE('',#9717,#2055);
#1508=LINE('',#9719,#2056);
#1509=LINE('',#9721,#2057);
#1510=LINE('',#9722,#2058);
#1511=LINE('',#9724,#2059);
#1512=LINE('',#9726,#2060);
#1513=LINE('',#9727,#2061);
#1514=LINE('',#9729,#2062);
#1515=LINE('',#9731,#2063);
#1516=LINE('',#9732,#2064);
#1517=LINE('',#9734,#2065);
#1518=LINE('',#9736,#2066);
#1519=LINE('',#9737,#2067);
#1520=LINE('',#9739,#2068);
#1521=LINE('',#9741,#2069);
#1522=LINE('',#9742,#2070);
#1523=LINE('',#9744,#2071);
#1524=LINE('',#9746,#2072);
#1525=LINE('',#9747,#2073);
#1526=LINE('',#9749,#2074);
#1527=LINE('',#9751,#2075);
#1528=LINE('',#9752,#2076);
#1529=LINE('',#9754,#2077);
#1530=LINE('',#9756,#2078);
#1531=LINE('',#9757,#2079);
#1532=LINE('',#9759,#2080);
#1533=LINE('',#9761,#2081);
#1534=LINE('',#9762,#2082);
#1535=LINE('',#9764,#2083);
#1536=LINE('',#9766,#2084);
#1537=LINE('',#9767,#2085);
#1538=LINE('',#9769,#2086);
#1539=LINE('',#9771,#2087);
#1540=LINE('',#9772,#2088);
#1541=LINE('',#9774,#2089);
#1542=LINE('',#9776,#2090);
#1543=LINE('',#9777,#2091);
#1544=LINE('',#9779,#2092);
#1545=LINE('',#9781,#2093);
#1546=LINE('',#9782,#2094);
#1547=LINE('',#9784,#2095);
#1548=LINE('',#9786,#2096);
#1549=LINE('',#9787,#2097);
#1550=LINE('',#9789,#2098);
#1551=LINE('',#9791,#2099);
#1552=LINE('',#9792,#2100);
#1553=LINE('',#9794,#2101);
#1554=LINE('',#9796,#2102);
#1555=LINE('',#9797,#2103);
#1556=LINE('',#9799,#2104);
#1557=LINE('',#9801,#2105);
#1558=LINE('',#9802,#2106);
#1559=LINE('',#9804,#2107);
#1560=LINE('',#9806,#2108);
#1561=LINE('',#9807,#2109);
#1562=LINE('',#9809,#2110);
#1563=LINE('',#9811,#2111);
#1564=LINE('',#9812,#2112);
#1565=LINE('',#9814,#2113);
#1566=LINE('',#9816,#2114);
#1567=LINE('',#9817,#2115);
#1568=LINE('',#9819,#2116);
#1569=LINE('',#9821,#2117);
#1570=LINE('',#9822,#2118);
#1571=LINE('',#9824,#2119);
#1572=LINE('',#9826,#2120);
#1573=LINE('',#9827,#2121);
#1574=LINE('',#9829,#2122);
#1575=LINE('',#9831,#2123);
#1576=LINE('',#9832,#2124);
#1577=LINE('',#9834,#2125);
#1578=LINE('',#9836,#2126);
#1579=LINE('',#9837,#2127);
#1580=LINE('',#9839,#2128);
#1581=LINE('',#9841,#2129);
#1582=LINE('',#9842,#2130);
#1583=LINE('',#9844,#2131);
#1584=LINE('',#9846,#2132);
#1585=LINE('',#9847,#2133);
#1586=LINE('',#9849,#2134);
#1587=LINE('',#9851,#2135);
#1588=LINE('',#9852,#2136);
#1589=LINE('',#9854,#2137);
#1590=LINE('',#9856,#2138);
#1591=LINE('',#9857,#2139);
#1592=LINE('',#9859,#2140);
#1593=LINE('',#9861,#2141);
#1594=LINE('',#9862,#2142);
#1595=LINE('',#9864,#2143);
#1596=LINE('',#9866,#2144);
#1597=LINE('',#9867,#2145);
#1598=LINE('',#9869,#2146);
#1599=LINE('',#9871,#2147);
#1600=LINE('',#9872,#2148);
#1601=LINE('',#9874,#2149);
#1602=LINE('',#9876,#2150);
#1603=LINE('',#9877,#2151);
#1604=LINE('',#9879,#2152);
#1605=LINE('',#9881,#2153);
#1606=LINE('',#9882,#2154);
#1607=LINE('',#9884,#2155);
#1608=LINE('',#9886,#2156);
#1609=LINE('',#9887,#2157);
#1610=LINE('',#9889,#2158);
#1611=LINE('',#9891,#2159);
#1612=LINE('',#9892,#2160);
#1613=LINE('',#9896,#2161);
#1614=LINE('',#9898,#2162);
#1615=LINE('',#9902,#2163);
#1616=LINE('',#9903,#2164);
#1617=LINE('',#9906,#2165);
#1618=LINE('',#9907,#2166);
#1619=LINE('',#9909,#2167);
#1620=LINE('',#9912,#2168);
#1621=LINE('',#9914,#2169);
#1622=LINE('',#9918,#2170);
#1623=LINE('',#9919,#2171);
#1624=LINE('',#9922,#2172);
#1625=LINE('',#9923,#2173);
#1626=LINE('',#9925,#2174);
#1627=LINE('',#9928,#2175);
#1628=LINE('',#9930,#2176);
#1629=LINE('',#9934,#2177);
#1630=LINE('',#9935,#2178);
#1631=LINE('',#9938,#2179);
#1632=LINE('',#9939,#2180);
#1633=LINE('',#9941,#2181);
#1634=LINE('',#9944,#2182);
#1635=LINE('',#9946,#2183);
#1636=LINE('',#9950,#2184);
#1637=LINE('',#9951,#2185);
#1638=LINE('',#9954,#2186);
#1639=LINE('',#9955,#2187);
#1640=LINE('',#9957,#2188);
#1641=LINE('',#9960,#2189);
#1642=LINE('',#9962,#2190);
#1643=LINE('',#9966,#2191);
#1644=LINE('',#9967,#2192);
#1645=LINE('',#9970,#2193);
#1646=LINE('',#9971,#2194);
#1647=LINE('',#9973,#2195);
#1648=LINE('',#9976,#2196);
#1649=LINE('',#9978,#2197);
#1650=LINE('',#9982,#2198);
#1651=LINE('',#9983,#2199);
#1652=LINE('',#9986,#2200);
#1653=LINE('',#9987,#2201);
#1654=LINE('',#9989,#2202);
#1655=LINE('',#9992,#2203);
#1656=LINE('',#9994,#2204);
#1657=LINE('',#9998,#2205);
#1658=LINE('',#9999,#2206);
#1659=LINE('',#10002,#2207);
#1660=LINE('',#10003,#2208);
#1661=LINE('',#10005,#2209);
#1662=LINE('',#10008,#2210);
#1663=LINE('',#10010,#2211);
#1664=LINE('',#10014,#2212);
#1665=LINE('',#10015,#2213);
#1666=LINE('',#10018,#2214);
#1667=LINE('',#10019,#2215);
#1668=LINE('',#10021,#2216);
#1669=LINE('',#10024,#2217);
#1670=LINE('',#10026,#2218);
#1671=LINE('',#10030,#2219);
#1672=LINE('',#10031,#2220);
#1673=LINE('',#10034,#2221);
#1674=LINE('',#10035,#2222);
#1675=LINE('',#10037,#2223);
#1676=LINE('',#10040,#2224);
#1677=LINE('',#10042,#2225);
#1678=LINE('',#10046,#2226);
#1679=LINE('',#10047,#2227);
#1680=LINE('',#10050,#2228);
#1681=LINE('',#10051,#2229);
#1682=LINE('',#10053,#2230);
#1683=LINE('',#10056,#2231);
#1684=LINE('',#10058,#2232);
#1685=LINE('',#10062,#2233);
#1686=LINE('',#10063,#2234);
#1687=LINE('',#10066,#2235);
#1688=LINE('',#10067,#2236);
#1689=LINE('',#10069,#2237);
#1690=LINE('',#10072,#2238);
#1691=LINE('',#10074,#2239);
#1692=LINE('',#10078,#2240);
#1693=LINE('',#10079,#2241);
#1694=LINE('',#10082,#2242);
#1695=LINE('',#10083,#2243);
#1696=LINE('',#10085,#2244);
#1697=LINE('',#10088,#2245);
#1698=LINE('',#10090,#2246);
#1699=LINE('',#10094,#2247);
#1700=LINE('',#10095,#2248);
#1701=LINE('',#10098,#2249);
#1702=LINE('',#10099,#2250);
#1703=LINE('',#10101,#2251);
#1704=LINE('',#10104,#2252);
#1705=LINE('',#10106,#2253);
#1706=LINE('',#10110,#2254);
#1707=LINE('',#10111,#2255);
#1708=LINE('',#10114,#2256);
#1709=LINE('',#10115,#2257);
#1710=LINE('',#10117,#2258);
#1711=LINE('',#10120,#2259);
#1712=LINE('',#10122,#2260);
#1713=LINE('',#10126,#2261);
#1714=LINE('',#10127,#2262);
#1715=LINE('',#10130,#2263);
#1716=LINE('',#10131,#2264);
#1717=LINE('',#10133,#2265);
#1718=LINE('',#10136,#2266);
#1719=LINE('',#10138,#2267);
#1720=LINE('',#10142,#2268);
#1721=LINE('',#10143,#2269);
#1722=LINE('',#10146,#2270);
#1723=LINE('',#10147,#2271);
#1724=LINE('',#10149,#2272);
#1725=LINE('',#10152,#2273);
#1726=LINE('',#10154,#2274);
#1727=LINE('',#10158,#2275);
#1728=LINE('',#10159,#2276);
#1729=LINE('',#10162,#2277);
#1730=LINE('',#10163,#2278);
#1731=LINE('',#10165,#2279);
#1732=LINE('',#10168,#2280);
#1733=LINE('',#10170,#2281);
#1734=LINE('',#10174,#2282);
#1735=LINE('',#10175,#2283);
#1736=LINE('',#10178,#2284);
#1737=LINE('',#10179,#2285);
#1738=LINE('',#10181,#2286);
#1739=LINE('',#10184,#2287);
#1740=LINE('',#10186,#2288);
#1741=LINE('',#10190,#2289);
#1742=LINE('',#10191,#2290);
#1743=LINE('',#10194,#2291);
#1744=LINE('',#10195,#2292);
#1745=LINE('',#10197,#2293);
#1746=LINE('',#10200,#2294);
#1747=LINE('',#10202,#2295);
#1748=LINE('',#11715,#2296);
#1749=LINE('',#11721,#2297);
#1750=LINE('',#11724,#2298);
#1751=LINE('',#11745,#2299);
#1752=LINE('',#11766,#2300);
#1753=LINE('',#11787,#2301);
#1754=LINE('',#11808,#2302);
#1755=LINE('',#11829,#2303);
#1756=LINE('',#11834,#2304);
#1757=LINE('',#11835,#2305);
#1758=LINE('',#11840,#2306);
#1759=LINE('',#12446,#2307);
#1760=LINE('',#12462,#2308);
#1761=LINE('',#12463,#2309);
#1762=LINE('',#12478,#2310);
#1763=LINE('',#12479,#2311);
#1764=LINE('',#12494,#2312);
#1765=LINE('',#12495,#2313);
#1766=LINE('',#12510,#2314);
#1767=LINE('',#12511,#2315);
#1768=LINE('',#12527,#2316);
#1769=LINE('',#12528,#2317);
#1770=LINE('',#12543,#2318);
#1771=LINE('',#12544,#2319);
#1772=LINE('',#12559,#2320);
#1773=LINE('',#12560,#2321);
#1774=LINE('',#12562,#2322);
#1775=LINE('',#12577,#2323);
#1776=LINE('',#12579,#2324);
#1777=LINE('',#12594,#2325);
#1778=LINE('',#12597,#2326);
#1779=LINE('',#12612,#2327);
#1780=LINE('',#12615,#2328);
#1781=LINE('',#12630,#2329);
#1782=LINE('',#12632,#2330);
#1783=LINE('',#12647,#2331);
#1784=LINE('',#12663,#2332);
#1785=LINE('',#12664,#2333);
#1786=LINE('',#12667,#2334);
#1787=LINE('',#12682,#2335);
#1788=LINE('',#12698,#2336);
#1789=LINE('',#12699,#2337);
#1790=LINE('',#12715,#2338);
#1791=LINE('',#12716,#2339);
#1792=LINE('',#12718,#2340);
#1793=LINE('',#12733,#2341);
#1794=LINE('',#12736,#2342);
#1795=LINE('',#12751,#2343);
#1796=LINE('',#12766,#2344);
#1797=LINE('',#12767,#2345);
#1798=LINE('',#12769,#2346);
#1799=LINE('',#12784,#2347);
#1800=LINE('',#12787,#2348);
#1801=LINE('',#12802,#2349);
#1802=LINE('',#12818,#2350);
#1803=LINE('',#12819,#2351);
#1804=LINE('',#12834,#2352);
#1805=LINE('',#12835,#2353);
#1806=LINE('',#12850,#2354);
#1807=LINE('',#12851,#2355);
#1808=LINE('',#12866,#2356);
#1809=LINE('',#12867,#2357);
#1810=LINE('',#12869,#2358);
#1811=LINE('',#12884,#2359);
#1812=LINE('',#12887,#2360);
#1813=LINE('',#12902,#2361);
#1814=LINE('',#12904,#2362);
#1815=LINE('',#12919,#2363);
#1816=LINE('',#12935,#2364);
#1817=LINE('',#12936,#2365);
#1818=LINE('',#12951,#2366);
#1819=LINE('',#12952,#2367);
#1820=LINE('',#12954,#2368);
#1821=LINE('',#12969,#2369);
#1822=LINE('',#12971,#2370);
#1823=LINE('',#12986,#2371);
#1824=LINE('',#12989,#2372);
#1825=LINE('',#13004,#2373);
#1826=LINE('',#13020,#2374);
#1827=LINE('',#13021,#2375);
#1828=LINE('',#13024,#2376);
#1829=LINE('',#13039,#2377);
#1830=LINE('',#13042,#2378);
#1831=LINE('',#13057,#2379);
#1832=LINE('',#13073,#2380);
#1833=LINE('',#13074,#2381);
#1834=LINE('',#13089,#2382);
#1835=LINE('',#13090,#2383);
#1836=LINE('',#13105,#2384);
#1837=LINE('',#13106,#2385);
#1838=LINE('',#13108,#2386);
#1839=LINE('',#13123,#2387);
#1840=LINE('',#13126,#2388);
#1841=LINE('',#13141,#2389);
#1842=LINE('',#13143,#2390);
#1843=LINE('',#13158,#2391);
#1844=LINE('',#13173,#2392);
#1845=LINE('',#13174,#2393);
#1846=LINE('',#13177,#2394);
#1847=LINE('',#13192,#2395);
#1848=LINE('',#13195,#2396);
#1849=LINE('',#13210,#2397);
#1850=LINE('',#13225,#2398);
#1851=LINE('',#13226,#2399);
#1852=LINE('',#13228,#2400);
#1853=LINE('',#13243,#2401);
#1854=LINE('',#13246,#2402);
#1855=LINE('',#13261,#2403);
#1856=LINE('',#13263,#2404);
#1857=LINE('',#13278,#2405);
#1858=LINE('',#13294,#2406);
#1859=LINE('',#13295,#2407);
#1860=LINE('',#13297,#2408);
#1861=LINE('',#13312,#2409);
#1862=LINE('',#13315,#2410);
#1863=LINE('',#13330,#2411);
#1864=LINE('',#13345,#2412);
#1865=LINE('',#13346,#2413);
#1866=LINE('',#13361,#2414);
#1867=LINE('',#13362,#2415);
#1868=LINE('',#13364,#2416);
#1869=LINE('',#13379,#2417);
#1870=LINE('',#13381,#2418);
#1871=LINE('',#13396,#2419);
#1872=LINE('',#13412,#2420);
#1873=LINE('',#13413,#2421);
#1874=LINE('',#13416,#2422);
#1875=LINE('',#13431,#2423);
#1876=LINE('',#13447,#2424);
#1877=LINE('',#13448,#2425);
#1878=LINE('',#13451,#2426);
#1879=LINE('',#13466,#2427);
#1880=VECTOR('',#6873,1.8415);
#1881=VECTOR('',#6878,1.8415);
#1882=VECTOR('',#6881,1.8415);
#1883=VECTOR('',#6884,1.8415);
#1884=VECTOR('',#6887,1.8415);
#1885=VECTOR('',#6890,1.8415);
#1886=VECTOR('',#6893,1.8415);
#1887=VECTOR('',#6896,1.8415);
#1888=VECTOR('',#6899,1.8415);
#1889=VECTOR('',#6904,2.413);
#1890=VECTOR('',#6909,2.413);
#1891=VECTOR('',#6912,2.413);
#1892=VECTOR('',#6915,2.413);
#1893=VECTOR('',#6918,2.413);
#1894=VECTOR('',#6921,2.413);
#1895=VECTOR('',#6924,2.413);
#1896=VECTOR('',#6927,2.413);
#1897=VECTOR('',#6930,2.413);
#1898=VECTOR('',#6933,2.413);
#1899=VECTOR('',#6938,10.);
#1900=VECTOR('',#6941,10.);
#1901=VECTOR('',#6942,10.);
#1902=VECTOR('',#6945,10.);
#1903=VECTOR('',#6948,10.);
#1904=VECTOR('',#6949,10.);
#1905=VECTOR('',#6952,10.);
#1906=VECTOR('',#6955,10.);
#1907=VECTOR('',#6956,10.);
#1908=VECTOR('',#6959,10.);
#1909=VECTOR('',#6962,10.);
#1910=VECTOR('',#6963,10.);
#1911=VECTOR('',#6966,10.);
#1912=VECTOR('',#6969,10.);
#1913=VECTOR('',#6970,10.);
#1914=VECTOR('',#6973,10.);
#1915=VECTOR('',#6976,10.);
#1916=VECTOR('',#6977,10.);
#1917=VECTOR('',#6980,10.);
#1918=VECTOR('',#6983,10.);
#1919=VECTOR('',#6984,10.);
#1920=VECTOR('',#6987,10.);
#1921=VECTOR('',#6990,10.);
#1922=VECTOR('',#6991,10.);
#1923=VECTOR('',#6994,10.);
#1924=VECTOR('',#6997,10.);
#1925=VECTOR('',#6998,10.);
#1926=VECTOR('',#7001,10.);
#1927=VECTOR('',#7004,10.);
#1928=VECTOR('',#7005,10.);
#1929=VECTOR('',#7008,10.);
#1930=VECTOR('',#7011,10.);
#1931=VECTOR('',#7014,10.);
#1932=VECTOR('',#7017,10.);
#1933=VECTOR('',#7020,10.);
#1934=VECTOR('',#7023,10.);
#1935=VECTOR('',#7026,10.);
#1936=VECTOR('',#7029,10.);
#1937=VECTOR('',#7030,10.);
#1938=VECTOR('',#7033,10.);
#1939=VECTOR('',#7036,10.);
#1940=VECTOR('',#7039,10.);
#1941=VECTOR('',#7040,15.);
#1942=VECTOR('',#7053,10.);
#1943=VECTOR('',#7056,10.);
#1944=VECTOR('',#7059,10.);
#1945=VECTOR('',#7062,10.);
#1946=VECTOR('',#7063,10.);
#1947=VECTOR('',#7066,10.);
#1948=VECTOR('',#7069,10.);
#1949=VECTOR('',#7072,10.);
#1950=VECTOR('',#7075,10.);
#1951=VECTOR('',#7078,10.);
#1952=VECTOR('',#7081,10.);
#1953=VECTOR('',#7084,10.);
#1954=VECTOR('',#7085,10.);
#1955=VECTOR('',#7088,10.);
#1956=VECTOR('',#7091,10.);
#1957=VECTOR('',#7094,10.);
#1958=VECTOR('',#7097,10.);
#1959=VECTOR('',#7100,10.);
#1960=VECTOR('',#7103,10.);
#1961=VECTOR('',#7106,10.);
#1962=VECTOR('',#7107,10.);
#1963=VECTOR('',#7110,10.);
#1964=VECTOR('',#7113,10.);
#1965=VECTOR('',#7116,10.);
#1966=VECTOR('',#7119,10.);
#1967=VECTOR('',#7122,10.);
#1968=VECTOR('',#7125,10.);
#1969=VECTOR('',#7128,10.);
#1970=VECTOR('',#7129,10.);
#1971=VECTOR('',#7132,10.);
#1972=VECTOR('',#7135,10.);
#1973=VECTOR('',#7138,10.);
#1974=VECTOR('',#7141,10.);
#1975=VECTOR('',#7144,10.);
#1976=VECTOR('',#7147,10.);
#1977=VECTOR('',#7150,10.);
#1978=VECTOR('',#7151,10.);
#1979=VECTOR('',#7154,10.);
#1980=VECTOR('',#7157,10.);
#1981=VECTOR('',#7160,10.);
#1982=VECTOR('',#7163,10.);
#1983=VECTOR('',#7166,10.);
#1984=VECTOR('',#7169,10.);
#1985=VECTOR('',#7172,10.);
#1986=VECTOR('',#7173,10.);
#1987=VECTOR('',#7176,10.);
#1988=VECTOR('',#7179,10.);
#1989=VECTOR('',#7182,10.);
#1990=VECTOR('',#7185,10.);
#1991=VECTOR('',#7188,10.);
#1992=VECTOR('',#7191,10.);
#1993=VECTOR('',#7194,10.);
#1994=VECTOR('',#7195,10.);
#1995=VECTOR('',#7198,10.);
#1996=VECTOR('',#7201,10.);
#1997=VECTOR('',#7204,10.);
#1998=VECTOR('',#7207,10.);
#1999=VECTOR('',#7210,10.);
#2000=VECTOR('',#7213,10.);
#2001=VECTOR('',#7216,10.);
#2002=VECTOR('',#7217,10.);
#2003=VECTOR('',#7220,10.);
#2004=VECTOR('',#7223,10.);
#2005=VECTOR('',#7226,10.);
#2006=VECTOR('',#7227,10.);
#2007=VECTOR('',#7230,10.);
#2008=VECTOR('',#7233,10.);
#2009=VECTOR('',#7236,10.);
#2010=VECTOR('',#7239,10.);
#2011=VECTOR('',#7240,10.);
#2012=VECTOR('',#7241,10.);
#2013=VECTOR('',#7244,1.7145);
#2014=VECTOR('',#7253,10.);
#2015=VECTOR('',#7254,10.);
#2016=VECTOR('',#7255,10.);
#2017=VECTOR('',#7258,10.);
#2018=VECTOR('',#7259,10.);
#2019=VECTOR('',#7260,10.);
#2020=VECTOR('',#7263,1.7145);
#2021=VECTOR('',#7272,10.);
#2022=VECTOR('',#7273,10.);
#2023=VECTOR('',#7274,10.);
#2024=VECTOR('',#7277,10.);
#2025=VECTOR('',#7278,10.);
#2026=VECTOR('',#7279,10.);
#2027=VECTOR('',#7282,10.);
#2028=VECTOR('',#7283,10.);
#2029=VECTOR('',#7284,10.);
#2030=VECTOR('',#7287,10.);
#2031=VECTOR('',#7288,10.);
#2032=VECTOR('',#7289,10.);
#2033=VECTOR('',#7292,10.);
#2034=VECTOR('',#7293,10.);
#2035=VECTOR('',#7294,10.);
#2036=VECTOR('',#7297,10.);
#2037=VECTOR('',#7298,10.);
#2038=VECTOR('',#7299,10.);
#2039=VECTOR('',#7302,10.);
#2040=VECTOR('',#7303,10.);
#2041=VECTOR('',#7304,10.);
#2042=VECTOR('',#7307,10.);
#2043=VECTOR('',#7308,10.);
#2044=VECTOR('',#7313,10.);
#2045=VECTOR('',#7314,10.);
#2046=VECTOR('',#7315,10.);
#2047=VECTOR('',#7316,10.);
#2048=VECTOR('',#7317,10.);
#2049=VECTOR('',#7318,10.);
#2050=VECTOR('',#7319,10.);
#2051=VECTOR('',#7320,10.);
#2052=VECTOR('',#7321,10.);
#2053=VECTOR('',#7322,10.);
#2054=VECTOR('',#7323,10.);
#2055=VECTOR('',#7324,10.);
#2056=VECTOR('',#7325,10.);
#2057=VECTOR('',#7326,10.);
#2058=VECTOR('',#7327,10.);
#2059=VECTOR('',#7328,10.);
#2060=VECTOR('',#7329,10.);
#2061=VECTOR('',#7330,10.);
#2062=VECTOR('',#7331,10.);
#2063=VECTOR('',#7332,10.);
#2064=VECTOR('',#7333,10.);
#2065=VECTOR('',#7334,10.);
#2066=VECTOR('',#7335,10.);
#2067=VECTOR('',#7336,10.);
#2068=VECTOR('',#7337,10.);
#2069=VECTOR('',#7338,10.);
#2070=VECTOR('',#7339,10.);
#2071=VECTOR('',#7340,10.);
#2072=VECTOR('',#7341,10.);
#2073=VECTOR('',#7342,10.);
#2074=VECTOR('',#7343,10.);
#2075=VECTOR('',#7344,10.);
#2076=VECTOR('',#7345,10.);
#2077=VECTOR('',#7346,10.);
#2078=VECTOR('',#7347,10.);
#2079=VECTOR('',#7348,10.);
#2080=VECTOR('',#7349,10.);
#2081=VECTOR('',#7350,10.);
#2082=VECTOR('',#7351,10.);
#2083=VECTOR('',#7352,10.);
#2084=VECTOR('',#7353,10.);
#2085=VECTOR('',#7354,10.);
#2086=VECTOR('',#7355,10.);
#2087=VECTOR('',#7356,10.);
#2088=VECTOR('',#7357,10.);
#2089=VECTOR('',#7358,10.);
#2090=VECTOR('',#7359,10.);
#2091=VECTOR('',#7360,10.);
#2092=VECTOR('',#7361,10.);
#2093=VECTOR('',#7362,10.);
#2094=VECTOR('',#7363,10.);
#2095=VECTOR('',#7364,10.);
#2096=VECTOR('',#7365,10.);
#2097=VECTOR('',#7366,10.);
#2098=VECTOR('',#7367,10.);
#2099=VECTOR('',#7368,10.);
#2100=VECTOR('',#7369,10.);
#2101=VECTOR('',#7370,10.);
#2102=VECTOR('',#7371,10.);
#2103=VECTOR('',#7372,10.);
#2104=VECTOR('',#7373,10.);
#2105=VECTOR('',#7374,10.);
#2106=VECTOR('',#7375,10.);
#2107=VECTOR('',#7376,10.);
#2108=VECTOR('',#7377,10.);
#2109=VECTOR('',#7378,10.);
#2110=VECTOR('',#7379,10.);
#2111=VECTOR('',#7380,10.);
#2112=VECTOR('',#7381,10.);
#2113=VECTOR('',#7382,10.);
#2114=VECTOR('',#7383,10.);
#2115=VECTOR('',#7384,10.);
#2116=VECTOR('',#7385,10.);
#2117=VECTOR('',#7386,10.);
#2118=VECTOR('',#7387,10.);
#2119=VECTOR('',#7388,10.);
#2120=VECTOR('',#7389,10.);
#2121=VECTOR('',#7390,10.);
#2122=VECTOR('',#7391,10.);
#2123=VECTOR('',#7392,10.);
#2124=VECTOR('',#7393,10.);
#2125=VECTOR('',#7394,10.);
#2126=VECTOR('',#7395,10.);
#2127=VECTOR('',#7396,10.);
#2128=VECTOR('',#7397,10.);
#2129=VECTOR('',#7398,10.);
#2130=VECTOR('',#7399,10.);
#2131=VECTOR('',#7400,10.);
#2132=VECTOR('',#7401,10.);
#2133=VECTOR('',#7402,10.);
#2134=VECTOR('',#7403,10.);
#2135=VECTOR('',#7404,10.);
#2136=VECTOR('',#7405,10.);
#2137=VECTOR('',#7406,10.);
#2138=VECTOR('',#7407,10.);
#2139=VECTOR('',#7408,10.);
#2140=VECTOR('',#7409,10.);
#2141=VECTOR('',#7410,10.);
#2142=VECTOR('',#7411,10.);
#2143=VECTOR('',#7412,10.);
#2144=VECTOR('',#7413,10.);
#2145=VECTOR('',#7414,10.);
#2146=VECTOR('',#7415,10.);
#2147=VECTOR('',#7416,10.);
#2148=VECTOR('',#7417,10.);
#2149=VECTOR('',#7418,10.);
#2150=VECTOR('',#7419,10.);
#2151=VECTOR('',#7420,10.);
#2152=VECTOR('',#7421,10.);
#2153=VECTOR('',#7422,10.);
#2154=VECTOR('',#7423,10.);
#2155=VECTOR('',#7424,10.);
#2156=VECTOR('',#7425,10.);
#2157=VECTOR('',#7426,10.);
#2158=VECTOR('',#7427,10.);
#2159=VECTOR('',#7428,10.);
#2160=VECTOR('',#7429,10.);
#2161=VECTOR('',#7434,10.);
#2162=VECTOR('',#7437,10.);
#2163=VECTOR('',#7442,10.);
#2164=VECTOR('',#7443,10.);
#2165=VECTOR('',#7446,10.);
#2166=VECTOR('',#7447,10.);
#2167=VECTOR('',#7450,10.);
#2168=VECTOR('',#7455,10.);
#2169=VECTOR('',#7458,10.);
#2170=VECTOR('',#7463,10.);
#2171=VECTOR('',#7464,10.);
#2172=VECTOR('',#7467,10.);
#2173=VECTOR('',#7468,10.);
#2174=VECTOR('',#7471,10.);
#2175=VECTOR('',#7476,10.);
#2176=VECTOR('',#7479,10.);
#2177=VECTOR('',#7484,10.);
#2178=VECTOR('',#7485,10.);
#2179=VECTOR('',#7488,10.);
#2180=VECTOR('',#7489,10.);
#2181=VECTOR('',#7492,10.);
#2182=VECTOR('',#7497,10.);
#2183=VECTOR('',#7500,10.);
#2184=VECTOR('',#7505,10.);
#2185=VECTOR('',#7506,10.);
#2186=VECTOR('',#7509,10.);
#2187=VECTOR('',#7510,10.);
#2188=VECTOR('',#7513,10.);
#2189=VECTOR('',#7518,10.);
#2190=VECTOR('',#7521,10.);
#2191=VECTOR('',#7526,10.);
#2192=VECTOR('',#7527,10.);
#2193=VECTOR('',#7530,10.);
#2194=VECTOR('',#7531,10.);
#2195=VECTOR('',#7534,10.);
#2196=VECTOR('',#7539,10.);
#2197=VECTOR('',#7542,10.);
#2198=VECTOR('',#7547,10.);
#2199=VECTOR('',#7548,10.);
#2200=VECTOR('',#7551,10.);
#2201=VECTOR('',#7552,10.);
#2202=VECTOR('',#7555,10.);
#2203=VECTOR('',#7560,10.);
#2204=VECTOR('',#7563,10.);
#2205=VECTOR('',#7568,10.);
#2206=VECTOR('',#7569,10.);
#2207=VECTOR('',#7572,10.);
#2208=VECTOR('',#7573,10.);
#2209=VECTOR('',#7576,10.);
#2210=VECTOR('',#7581,10.);
#2211=VECTOR('',#7584,10.);
#2212=VECTOR('',#7589,10.);
#2213=VECTOR('',#7590,10.);
#2214=VECTOR('',#7593,10.);
#2215=VECTOR('',#7594,10.);
#2216=VECTOR('',#7597,10.);
#2217=VECTOR('',#7602,10.);
#2218=VECTOR('',#7605,10.);
#2219=VECTOR('',#7610,10.);
#2220=VECTOR('',#7611,10.);
#2221=VECTOR('',#7614,10.);
#2222=VECTOR('',#7615,10.);
#2223=VECTOR('',#7618,10.);
#2224=VECTOR('',#7623,10.);
#2225=VECTOR('',#7626,10.);
#2226=VECTOR('',#7631,10.);
#2227=VECTOR('',#7632,10.);
#2228=VECTOR('',#7635,10.);
#2229=VECTOR('',#7636,10.);
#2230=VECTOR('',#7639,10.);
#2231=VECTOR('',#7644,10.);
#2232=VECTOR('',#7647,10.);
#2233=VECTOR('',#7652,10.);
#2234=VECTOR('',#7653,10.);
#2235=VECTOR('',#7656,10.);
#2236=VECTOR('',#7657,10.);
#2237=VECTOR('',#7660,10.);
#2238=VECTOR('',#7665,10.);
#2239=VECTOR('',#7668,10.);
#2240=VECTOR('',#7673,10.);
#2241=VECTOR('',#7674,10.);
#2242=VECTOR('',#7677,10.);
#2243=VECTOR('',#7678,10.);
#2244=VECTOR('',#7681,10.);
#2245=VECTOR('',#7686,10.);
#2246=VECTOR('',#7689,10.);
#2247=VECTOR('',#7694,10.);
#2248=VECTOR('',#7695,10.);
#2249=VECTOR('',#7698,10.);
#2250=VECTOR('',#7699,10.);
#2251=VECTOR('',#7702,10.);
#2252=VECTOR('',#7707,10.);
#2253=VECTOR('',#7710,10.);
#2254=VECTOR('',#7715,10.);
#2255=VECTOR('',#7716,10.);
#2256=VECTOR('',#7719,10.);
#2257=VECTOR('',#7720,10.);
#2258=VECTOR('',#7723,10.);
#2259=VECTOR('',#7728,10.);
#2260=VECTOR('',#7731,10.);
#2261=VECTOR('',#7736,10.);
#2262=VECTOR('',#7737,10.);
#2263=VECTOR('',#7740,10.);
#2264=VECTOR('',#7741,10.);
#2265=VECTOR('',#7744,10.);
#2266=VECTOR('',#7749,10.);
#2267=VECTOR('',#7752,10.);
#2268=VECTOR('',#7757,10.);
#2269=VECTOR('',#7758,10.);
#2270=VECTOR('',#7761,10.);
#2271=VECTOR('',#7762,10.);
#2272=VECTOR('',#7765,10.);
#2273=VECTOR('',#7770,10.);
#2274=VECTOR('',#7773,10.);
#2275=VECTOR('',#7778,10.);
#2276=VECTOR('',#7779,10.);
#2277=VECTOR('',#7782,10.);
#2278=VECTOR('',#7783,10.);
#2279=VECTOR('',#7786,10.);
#2280=VECTOR('',#7791,10.);
#2281=VECTOR('',#7794,10.);
#2282=VECTOR('',#7799,10.);
#2283=VECTOR('',#7800,10.);
#2284=VECTOR('',#7803,10.);
#2285=VECTOR('',#7804,10.);
#2286=VECTOR('',#7807,10.);
#2287=VECTOR('',#7812,10.);
#2288=VECTOR('',#7815,10.);
#2289=VECTOR('',#7820,10.);
#2290=VECTOR('',#7821,10.);
#2291=VECTOR('',#7824,10.);
#2292=VECTOR('',#7825,10.);
#2293=VECTOR('',#7828,10.);
#2294=VECTOR('',#7833,10.);
#2295=VECTOR('',#7836,10.);
#2296=VECTOR('',#7993,7.);
#2297=VECTOR('',#8000,28.6875);
#2298=VECTOR('',#8005,29.);
#2299=VECTOR('',#8008,9.5);
#2300=VECTOR('',#8011,9.5);
#2301=VECTOR('',#8014,9.5);
#2302=VECTOR('',#8017,9.5);
#2303=VECTOR('',#8020,9.5);
#2304=VECTOR('',#8027,4.05);
#2305=VECTOR('',#8028,4.05);
#2306=VECTOR('',#8033,28.6853);
#2307=VECTOR('',#8162,29.);
#2308=VECTOR('',#8165,10.);
#2309=VECTOR('',#8166,10.);
#2310=VECTOR('',#8167,10.);
#2311=VECTOR('',#8168,10.);
#2312=VECTOR('',#8169,10.);
#2313=VECTOR('',#8170,10.);
#2314=VECTOR('',#8171,10.);
#2315=VECTOR('',#8172,10.);
#2316=VECTOR('',#8175,10.);
#2317=VECTOR('',#8176,10.);
#2318=VECTOR('',#8177,10.);
#2319=VECTOR('',#8178,10.);
#2320=VECTOR('',#8179,10.);
#2321=VECTOR('',#8180,10.);
#2322=VECTOR('',#8183,10.);
#2323=VECTOR('',#8184,10.);
#2324=VECTOR('',#8187,10.);
#2325=VECTOR('',#8188,10.);
#2326=VECTOR('',#8193,10.);
#2327=VECTOR('',#8194,10.);
#2328=VECTOR('',#8199,10.);
#2329=VECTOR('',#8200,10.);
#2330=VECTOR('',#8203,10.);
#2331=VECTOR('',#8204,10.);
#2332=VECTOR('',#8207,10.);
#2333=VECTOR('',#8208,10.);
#2334=VECTOR('',#8213,10.);
#2335=VECTOR('',#8214,10.);
#2336=VECTOR('',#8217,10.);
#2337=VECTOR('',#8218,10.);
#2338=VECTOR('',#8221,10.);
#2339=VECTOR('',#8222,10.);
#2340=VECTOR('',#8225,10.);
#2341=VECTOR('',#8226,10.);
#2342=VECTOR('',#8231,10.);
#2343=VECTOR('',#8232,10.);
#2344=VECTOR('',#8233,10.);
#2345=VECTOR('',#8234,10.);
#2346=VECTOR('',#8237,10.);
#2347=VECTOR('',#8238,10.);
#2348=VECTOR('',#8243,10.);
#2349=VECTOR('',#8244,10.);
#2350=VECTOR('',#8247,10.);
#2351=VECTOR('',#8248,10.);
#2352=VECTOR('',#8249,10.);
#2353=VECTOR('',#8250,10.);
#2354=VECTOR('',#8251,10.);
#2355=VECTOR('',#8252,10.);
#2356=VECTOR('',#8253,10.);
#2357=VECTOR('',#8254,10.);
#2358=VECTOR('',#8257,10.);
#2359=VECTOR('',#8258,10.);
#2360=VECTOR('',#8263,10.);
#2361=VECTOR('',#8264,10.);
#2362=VECTOR('',#8267,10.);
#2363=VECTOR('',#8268,10.);
#2364=VECTOR('',#8271,10.);
#2365=VECTOR('',#8272,10.);
#2366=VECTOR('',#8273,10.);
#2367=VECTOR('',#8274,10.);
#2368=VECTOR('',#8277,10.);
#2369=VECTOR('',#8278,10.);
#2370=VECTOR('',#8281,10.);
#2371=VECTOR('',#8282,10.);
#2372=VECTOR('',#8287,10.);
#2373=VECTOR('',#8288,10.);
#2374=VECTOR('',#8291,10.);
#2375=VECTOR('',#8292,10.);
#2376=VECTOR('',#8297,10.);
#2377=VECTOR('',#8298,10.);
#2378=VECTOR('',#8303,10.);
#2379=VECTOR('',#8304,10.);
#2380=VECTOR('',#8307,10.);
#2381=VECTOR('',#8308,10.);
#2382=VECTOR('',#8309,10.);
#2383=VECTOR('',#8310,10.);
#2384=VECTOR('',#8311,10.);
#2385=VECTOR('',#8312,10.);
#2386=VECTOR('',#8315,10.);
#2387=VECTOR('',#8316,10.);
#2388=VECTOR('',#8321,10.);
#2389=VECTOR('',#8322,10.);
#2390=VECTOR('',#8325,10.);
#2391=VECTOR('',#8326,10.);
#2392=VECTOR('',#8327,10.);
#2393=VECTOR('',#8328,10.);
#2394=VECTOR('',#8333,10.);
#2395=VECTOR('',#8334,10.);
#2396=VECTOR('',#8339,10.);
#2397=VECTOR('',#8340,10.);
#2398=VECTOR('',#8341,10.);
#2399=VECTOR('',#8342,10.);
#2400=VECTOR('',#8345,10.);
#2401=VECTOR('',#8346,10.);
#2402=VECTOR('',#8351,10.);
#2403=VECTOR('',#8352,10.);
#2404=VECTOR('',#8355,10.);
#2405=VECTOR('',#8356,10.);
#2406=VECTOR('',#8359,10.);
#2407=VECTOR('',#8360,10.);
#2408=VECTOR('',#8363,10.);
#2409=VECTOR('',#8364,10.);
#2410=VECTOR('',#8369,10.);
#2411=VECTOR('',#8370,10.);
#2412=VECTOR('',#8371,10.);
#2413=VECTOR('',#8372,10.);
#2414=VECTOR('',#8373,10.);
#2415=VECTOR('',#8374,10.);
#2416=VECTOR('',#8377,10.);
#2417=VECTOR('',#8378,10.);
#2418=VECTOR('',#8381,10.);
#2419=VECTOR('',#8382,10.);
#2420=VECTOR('',#8385,10.);
#2421=VECTOR('',#8386,10.);
#2422=VECTOR('',#8391,10.);
#2423=VECTOR('',#8392,10.);
#2424=VECTOR('',#8395,10.);
#2425=VECTOR('',#8396,10.);
#2426=VECTOR('',#8401,10.);
#2427=VECTOR('',#8402,10.);
#2428=VERTEX_POINT('',#8407);
#2429=VERTEX_POINT('',#8408);
#2430=VERTEX_POINT('',#8410);
#2431=VERTEX_POINT('',#8424);
#2432=VERTEX_POINT('',#8449);
#2433=VERTEX_POINT('',#8450);
#2434=VERTEX_POINT('',#8497);
#2435=VERTEX_POINT('',#8498);
#2436=VERTEX_POINT('',#8548);
#2437=VERTEX_POINT('',#8549);
#2438=VERTEX_POINT('',#8599);
#2439=VERTEX_POINT('',#8600);
#2440=VERTEX_POINT('',#8647);
#2441=VERTEX_POINT('',#8648);
#2442=VERTEX_POINT('',#8701);
#2443=VERTEX_POINT('',#8702);
#2444=VERTEX_POINT('',#8749);
#2445=VERTEX_POINT('',#8750);
#2446=VERTEX_POINT('',#8800);
#2447=VERTEX_POINT('',#8801);
#2448=VERTEX_POINT('',#8803);
#2449=VERTEX_POINT('',#8817);
#2450=VERTEX_POINT('',#8842);
#2451=VERTEX_POINT('',#8843);
#2452=VERTEX_POINT('',#8845);
#2453=VERTEX_POINT('',#8850);
#2454=VERTEX_POINT('',#8859);
#2455=VERTEX_POINT('',#8860);
#2456=VERTEX_POINT('',#8884);
#2457=VERTEX_POINT('',#8885);
#2458=VERTEX_POINT('',#8909);
#2459=VERTEX_POINT('',#8910);
#2460=VERTEX_POINT('',#8933);
#2461=VERTEX_POINT('',#8934);
#2462=VERTEX_POINT('',#8958);
#2463=VERTEX_POINT('',#8959);
#2464=VERTEX_POINT('',#8983);
#2465=VERTEX_POINT('',#8984);
#2466=VERTEX_POINT('',#9008);
#2467=VERTEX_POINT('',#9009);
#2468=VERTEX_POINT('',#9033);
#2469=VERTEX_POINT('',#9034);
#2470=VERTEX_POINT('',#9057);
#2471=VERTEX_POINT('',#9058);
#2472=VERTEX_POINT('',#9060);
#2473=VERTEX_POINT('',#9066);
#2474=VERTEX_POINT('',#9075);
#2475=VERTEX_POINT('',#9076);
#2476=VERTEX_POINT('',#9078);
#2477=VERTEX_POINT('',#9080);
#2478=VERTEX_POINT('',#9084);
#2479=VERTEX_POINT('',#9085);
#2480=VERTEX_POINT('',#9087);
#2481=VERTEX_POINT('',#9089);
#2482=VERTEX_POINT('',#9093);
#2483=VERTEX_POINT('',#9094);
#2484=VERTEX_POINT('',#9096);
#2485=VERTEX_POINT('',#9098);
#2486=VERTEX_POINT('',#9102);
#2487=VERTEX_POINT('',#9103);
#2488=VERTEX_POINT('',#9105);
#2489=VERTEX_POINT('',#9107);
#2490=VERTEX_POINT('',#9111);
#2491=VERTEX_POINT('',#9112);
#2492=VERTEX_POINT('',#9114);
#2493=VERTEX_POINT('',#9116);
#2494=VERTEX_POINT('',#9120);
#2495=VERTEX_POINT('',#9121);
#2496=VERTEX_POINT('',#9123);
#2497=VERTEX_POINT('',#9125);
#2498=VERTEX_POINT('',#9129);
#2499=VERTEX_POINT('',#9130);
#2500=VERTEX_POINT('',#9132);
#2501=VERTEX_POINT('',#9134);
#2502=VERTEX_POINT('',#9138);
#2503=VERTEX_POINT('',#9139);
#2504=VERTEX_POINT('',#9141);
#2505=VERTEX_POINT('',#9143);
#2506=VERTEX_POINT('',#9147);
#2507=VERTEX_POINT('',#9148);
#2508=VERTEX_POINT('',#9150);
#2509=VERTEX_POINT('',#9152);
#2510=VERTEX_POINT('',#9156);
#2511=VERTEX_POINT('',#9157);
#2512=VERTEX_POINT('',#9159);
#2513=VERTEX_POINT('',#9161);
#2514=VERTEX_POINT('',#9165);
#2515=VERTEX_POINT('',#9167);
#2516=VERTEX_POINT('',#9169);
#2517=VERTEX_POINT('',#9171);
#2518=VERTEX_POINT('',#9173);
#2519=VERTEX_POINT('',#9175);
#2520=VERTEX_POINT('',#9177);
#2521=VERTEX_POINT('',#9179);
#2522=VERTEX_POINT('',#9181);
#2523=VERTEX_POINT('',#9183);
#2524=VERTEX_POINT('',#9185);
#2525=VERTEX_POINT('',#9187);
#2526=VERTEX_POINT('',#9189);
#2527=VERTEX_POINT('',#9191);
#2528=VERTEX_POINT('',#9194);
#2529=VERTEX_POINT('',#9196);
#2530=VERTEX_POINT('',#9198);
#2531=VERTEX_POINT('',#9200);
#2532=VERTEX_POINT('',#9202);
#2533=VERTEX_POINT('',#9204);
#2534=VERTEX_POINT('',#9206);
#2535=VERTEX_POINT('',#9208);
#2536=VERTEX_POINT('',#9219);
#2537=VERTEX_POINT('',#9230);
#2538=VERTEX_POINT('',#9232);
#2539=VERTEX_POINT('',#9234);
#2540=VERTEX_POINT('',#9236);
#2541=VERTEX_POINT('',#9238);
#2542=VERTEX_POINT('',#9240);
#2543=VERTEX_POINT('',#9243);
#2544=VERTEX_POINT('',#9262);
#2545=VERTEX_POINT('',#9264);
#2546=VERTEX_POINT('',#9266);
#2547=VERTEX_POINT('',#9268);
#2548=VERTEX_POINT('',#9270);
#2549=VERTEX_POINT('',#9272);
#2550=VERTEX_POINT('',#9275);
#2551=VERTEX_POINT('',#9277);
#2552=VERTEX_POINT('',#9279);
#2553=VERTEX_POINT('',#9281);
#2554=VERTEX_POINT('',#9283);
#2555=VERTEX_POINT('',#9285);
#2556=VERTEX_POINT('',#9287);
#2557=VERTEX_POINT('',#9289);
#2558=VERTEX_POINT('',#9291);
#2559=VERTEX_POINT('',#9293);
#2560=VERTEX_POINT('',#9295);
#2561=VERTEX_POINT('',#9297);
#2562=VERTEX_POINT('',#9299);
#2563=VERTEX_POINT('',#9301);
#2564=VERTEX_POINT('',#9304);
#2565=VERTEX_POINT('',#9306);
#2566=VERTEX_POINT('',#9308);
#2567=VERTEX_POINT('',#9310);
#2568=VERTEX_POINT('',#9312);
#2569=VERTEX_POINT('',#9314);
#2570=VERTEX_POINT('',#9316);
#2571=VERTEX_POINT('',#9318);
#2572=VERTEX_POINT('',#9320);
#2573=VERTEX_POINT('',#9322);
#2574=VERTEX_POINT('',#9324);
#2575=VERTEX_POINT('',#9326);
#2576=VERTEX_POINT('',#9328);
#2577=VERTEX_POINT('',#9330);
#2578=VERTEX_POINT('',#9332);
#2579=VERTEX_POINT('',#9334);
#2580=VERTEX_POINT('',#9345);
#2581=VERTEX_POINT('',#9372);
#2582=VERTEX_POINT('',#9374);
#2583=VERTEX_POINT('',#9376);
#2584=VERTEX_POINT('',#9378);
#2585=VERTEX_POINT('',#9380);
#2586=VERTEX_POINT('',#9382);
#2587=VERTEX_POINT('',#9384);
#2588=VERTEX_POINT('',#9386);
#2589=VERTEX_POINT('',#9388);
#2590=VERTEX_POINT('',#9390);
#2591=VERTEX_POINT('',#9392);
#2592=VERTEX_POINT('',#9394);
#2593=VERTEX_POINT('',#9396);
#2594=VERTEX_POINT('',#9398);
#2595=VERTEX_POINT('',#9401);
#2596=VERTEX_POINT('',#9403);
#2597=VERTEX_POINT('',#9405);
#2598=VERTEX_POINT('',#9407);
#2599=VERTEX_POINT('',#9409);
#2600=VERTEX_POINT('',#9411);
#2601=VERTEX_POINT('',#9413);
#2602=VERTEX_POINT('',#9415);
#2603=VERTEX_POINT('',#9417);
#2604=VERTEX_POINT('',#9419);
#2605=VERTEX_POINT('',#9421);
#2606=VERTEX_POINT('',#9423);
#2607=VERTEX_POINT('',#9425);
#2608=VERTEX_POINT('',#9427);
#2609=VERTEX_POINT('',#9430);
#2610=VERTEX_POINT('',#9432);
#2611=VERTEX_POINT('',#9434);
#2612=VERTEX_POINT('',#9436);
#2613=VERTEX_POINT('',#9438);
#2614=VERTEX_POINT('',#9440);
#2615=VERTEX_POINT('',#9442);
#2616=VERTEX_POINT('',#9444);
#2617=VERTEX_POINT('',#9446);
#2618=VERTEX_POINT('',#9448);
#2619=VERTEX_POINT('',#9450);
#2620=VERTEX_POINT('',#9452);
#2621=VERTEX_POINT('',#9454);
#2622=VERTEX_POINT('',#9456);
#2623=VERTEX_POINT('',#9459);
#2624=VERTEX_POINT('',#9461);
#2625=VERTEX_POINT('',#9463);
#2626=VERTEX_POINT('',#9465);
#2627=VERTEX_POINT('',#9467);
#2628=VERTEX_POINT('',#9469);
#2629=VERTEX_POINT('',#9471);
#2630=VERTEX_POINT('',#9473);
#2631=VERTEX_POINT('',#9475);
#2632=VERTEX_POINT('',#9477);
#2633=VERTEX_POINT('',#9479);
#2634=VERTEX_POINT('',#9481);
#2635=VERTEX_POINT('',#9483);
#2636=VERTEX_POINT('',#9485);
#2637=VERTEX_POINT('',#9488);
#2638=VERTEX_POINT('',#9490);
#2639=VERTEX_POINT('',#9492);
#2640=VERTEX_POINT('',#9494);
#2641=VERTEX_POINT('',#9496);
#2642=VERTEX_POINT('',#9498);
#2643=VERTEX_POINT('',#9500);
#2644=VERTEX_POINT('',#9502);
#2645=VERTEX_POINT('',#9504);
#2646=VERTEX_POINT('',#9506);
#2647=VERTEX_POINT('',#9508);
#2648=VERTEX_POINT('',#9510);
#2649=VERTEX_POINT('',#9512);
#2650=VERTEX_POINT('',#9514);
#2651=VERTEX_POINT('',#9517);
#2652=VERTEX_POINT('',#9519);
#2653=VERTEX_POINT('',#9521);
#2654=VERTEX_POINT('',#9523);
#2655=VERTEX_POINT('',#9525);
#2656=VERTEX_POINT('',#9527);
#2657=VERTEX_POINT('',#9530);
#2658=VERTEX_POINT('',#9532);
#2659=VERTEX_POINT('',#9534);
#2660=VERTEX_POINT('',#9536);
#2661=VERTEX_POINT('',#9538);
#2662=VERTEX_POINT('',#9540);
#2663=VERTEX_POINT('',#9544);
#2664=VERTEX_POINT('',#9546);
#2665=VERTEX_POINT('',#9550);
#2666=VERTEX_POINT('',#9551);
#2667=VERTEX_POINT('',#9563);
#2668=VERTEX_POINT('',#9565);
#2669=VERTEX_POINT('',#9568);
#2670=VERTEX_POINT('',#9598);
#2671=VERTEX_POINT('',#9600);
#2672=VERTEX_POINT('',#9604);
#2673=VERTEX_POINT('',#9606);
#2674=VERTEX_POINT('',#9610);
#2675=VERTEX_POINT('',#9646);
#2676=VERTEX_POINT('',#9648);
#2677=VERTEX_POINT('',#9652);
#2678=VERTEX_POINT('',#9654);
#2679=VERTEX_POINT('',#9658);
#2680=VERTEX_POINT('',#9660);
#2681=VERTEX_POINT('',#9664);
#2682=VERTEX_POINT('',#9666);
#2683=VERTEX_POINT('',#9670);
#2684=VERTEX_POINT('',#9672);
#2685=VERTEX_POINT('',#9676);
#2686=VERTEX_POINT('',#9678);
#2687=VERTEX_POINT('',#9682);
#2688=VERTEX_POINT('',#9684);
#2689=VERTEX_POINT('',#9688);
#2690=VERTEX_POINT('',#9690);
#2691=VERTEX_POINT('',#9698);
#2692=VERTEX_POINT('',#9700);
#2693=VERTEX_POINT('',#9703);
#2694=VERTEX_POINT('',#9705);
#2695=VERTEX_POINT('',#9708);
#2696=VERTEX_POINT('',#9710);
#2697=VERTEX_POINT('',#9713);
#2698=VERTEX_POINT('',#9715);
#2699=VERTEX_POINT('',#9718);
#2700=VERTEX_POINT('',#9720);
#2701=VERTEX_POINT('',#9723);
#2702=VERTEX_POINT('',#9725);
#2703=VERTEX_POINT('',#9728);
#2704=VERTEX_POINT('',#9730);
#2705=VERTEX_POINT('',#9733);
#2706=VERTEX_POINT('',#9735);
#2707=VERTEX_POINT('',#9738);
#2708=VERTEX_POINT('',#9740);
#2709=VERTEX_POINT('',#9743);
#2710=VERTEX_POINT('',#9745);
#2711=VERTEX_POINT('',#9748);
#2712=VERTEX_POINT('',#9750);
#2713=VERTEX_POINT('',#9753);
#2714=VERTEX_POINT('',#9755);
#2715=VERTEX_POINT('',#9758);
#2716=VERTEX_POINT('',#9760);
#2717=VERTEX_POINT('',#9763);
#2718=VERTEX_POINT('',#9765);
#2719=VERTEX_POINT('',#9768);
#2720=VERTEX_POINT('',#9770);
#2721=VERTEX_POINT('',#9773);
#2722=VERTEX_POINT('',#9775);
#2723=VERTEX_POINT('',#9778);
#2724=VERTEX_POINT('',#9780);
#2725=VERTEX_POINT('',#9783);
#2726=VERTEX_POINT('',#9785);
#2727=VERTEX_POINT('',#9788);
#2728=VERTEX_POINT('',#9790);
#2729=VERTEX_POINT('',#9793);
#2730=VERTEX_POINT('',#9795);
#2731=VERTEX_POINT('',#9798);
#2732=VERTEX_POINT('',#9800);
#2733=VERTEX_POINT('',#9803);
#2734=VERTEX_POINT('',#9805);
#2735=VERTEX_POINT('',#9808);
#2736=VERTEX_POINT('',#9810);
#2737=VERTEX_POINT('',#9813);
#2738=VERTEX_POINT('',#9815);
#2739=VERTEX_POINT('',#9818);
#2740=VERTEX_POINT('',#9820);
#2741=VERTEX_POINT('',#9823);
#2742=VERTEX_POINT('',#9825);
#2743=VERTEX_POINT('',#9828);
#2744=VERTEX_POINT('',#9830);
#2745=VERTEX_POINT('',#9833);
#2746=VERTEX_POINT('',#9835);
#2747=VERTEX_POINT('',#9838);
#2748=VERTEX_POINT('',#9840);
#2749=VERTEX_POINT('',#9843);
#2750=VERTEX_POINT('',#9845);
#2751=VERTEX_POINT('',#9848);
#2752=VERTEX_POINT('',#9850);
#2753=VERTEX_POINT('',#9853);
#2754=VERTEX_POINT('',#9855);
#2755=VERTEX_POINT('',#9858);
#2756=VERTEX_POINT('',#9860);
#2757=VERTEX_POINT('',#9863);
#2758=VERTEX_POINT('',#9865);
#2759=VERTEX_POINT('',#9868);
#2760=VERTEX_POINT('',#9870);
#2761=VERTEX_POINT('',#9873);
#2762=VERTEX_POINT('',#9875);
#2763=VERTEX_POINT('',#9878);
#2764=VERTEX_POINT('',#9880);
#2765=VERTEX_POINT('',#9883);
#2766=VERTEX_POINT('',#9885);
#2767=VERTEX_POINT('',#9888);
#2768=VERTEX_POINT('',#9890);
#2769=VERTEX_POINT('',#9893);
#2770=VERTEX_POINT('',#9901);
#2771=VERTEX_POINT('',#9905);
#2772=VERTEX_POINT('',#9917);
#2773=VERTEX_POINT('',#9921);
#2774=VERTEX_POINT('',#9933);
#2775=VERTEX_POINT('',#9937);
#2776=VERTEX_POINT('',#9949);
#2777=VERTEX_POINT('',#9953);
#2778=VERTEX_POINT('',#9965);
#2779=VERTEX_POINT('',#9969);
#2780=VERTEX_POINT('',#9981);
#2781=VERTEX_POINT('',#9985);
#2782=VERTEX_POINT('',#9997);
#2783=VERTEX_POINT('',#10001);
#2784=VERTEX_POINT('',#10013);
#2785=VERTEX_POINT('',#10017);
#2786=VERTEX_POINT('',#10029);
#2787=VERTEX_POINT('',#10033);
#2788=VERTEX_POINT('',#10045);
#2789=VERTEX_POINT('',#10049);
#2790=VERTEX_POINT('',#10061);
#2791=VERTEX_POINT('',#10065);
#2792=VERTEX_POINT('',#10077);
#2793=VERTEX_POINT('',#10081);
#2794=VERTEX_POINT('',#10093);
#2795=VERTEX_POINT('',#10097);
#2796=VERTEX_POINT('',#10109);
#2797=VERTEX_POINT('',#10113);
#2798=VERTEX_POINT('',#10125);
#2799=VERTEX_POINT('',#10129);
#2800=VERTEX_POINT('',#10141);
#2801=VERTEX_POINT('',#10145);
#2802=VERTEX_POINT('',#10157);
#2803=VERTEX_POINT('',#10161);
#2804=VERTEX_POINT('',#10173);
#2805=VERTEX_POINT('',#10177);
#2806=VERTEX_POINT('',#10189);
#2807=VERTEX_POINT('',#10193);
#2808=VERTEX_POINT('',#11092);
#2809=VERTEX_POINT('',#11094);
#2810=VERTEX_POINT('',#11097);
#2811=VERTEX_POINT('',#11100);
#2812=VERTEX_POINT('',#11103);
#2813=VERTEX_POINT('',#11106);
#2814=VERTEX_POINT('',#11110);
#2815=VERTEX_POINT('',#11112);
#2816=VERTEX_POINT('',#11113);
#2817=VERTEX_POINT('',#11121);
#2818=VERTEX_POINT('',#11123);
#2819=VERTEX_POINT('',#11131);
#2820=VERTEX_POINT('',#11133);
#2821=VERTEX_POINT('',#11141);
#2822=VERTEX_POINT('',#11143);
#2823=VERTEX_POINT('',#11151);
#2824=VERTEX_POINT('',#11153);
#2825=VERTEX_POINT('',#11161);
#2826=VERTEX_POINT('',#11163);
#2827=VERTEX_POINT('',#11171);
#2828=VERTEX_POINT('',#11173);
#2829=VERTEX_POINT('',#11181);
#2830=VERTEX_POINT('',#11183);
#2831=VERTEX_POINT('',#11191);
#2832=VERTEX_POINT('',#11193);
#2833=VERTEX_POINT('',#11201);
#2834=VERTEX_POINT('',#11203);
#2835=VERTEX_POINT('',#11211);
#2836=VERTEX_POINT('',#11213);
#2837=VERTEX_POINT('',#11221);
#2838=VERTEX_POINT('',#11223);
#2839=VERTEX_POINT('',#11231);
#2840=VERTEX_POINT('',#11233);
#2841=VERTEX_POINT('',#11241);
#2842=VERTEX_POINT('',#11243);
#2843=VERTEX_POINT('',#11251);
#2844=VERTEX_POINT('',#11253);
#2845=VERTEX_POINT('',#11261);
#2846=VERTEX_POINT('',#11263);
#2847=VERTEX_POINT('',#11271);
#2848=VERTEX_POINT('',#11273);
#2849=VERTEX_POINT('',#11281);
#2850=VERTEX_POINT('',#11283);
#2851=VERTEX_POINT('',#11291);
#2852=VERTEX_POINT('',#11293);
#2853=VERTEX_POINT('',#11301);
#2854=VERTEX_POINT('',#11303);
#2855=VERTEX_POINT('',#11311);
#2856=VERTEX_POINT('',#11313);
#2857=VERTEX_POINT('',#11321);
#2858=VERTEX_POINT('',#11323);
#2859=VERTEX_POINT('',#11331);
#2860=VERTEX_POINT('',#11333);
#2861=VERTEX_POINT('',#11341);
#2862=VERTEX_POINT('',#11343);
#2863=VERTEX_POINT('',#11351);
#2864=VERTEX_POINT('',#11353);
#2865=VERTEX_POINT('',#11361);
#2866=VERTEX_POINT('',#11363);
#2867=VERTEX_POINT('',#11371);
#2868=VERTEX_POINT('',#11373);
#2869=VERTEX_POINT('',#11381);
#2870=VERTEX_POINT('',#11383);
#2871=VERTEX_POINT('',#11391);
#2872=VERTEX_POINT('',#11393);
#2873=VERTEX_POINT('',#11401);
#2874=VERTEX_POINT('',#11403);
#2875=VERTEX_POINT('',#11411);
#2876=VERTEX_POINT('',#11413);
#2877=VERTEX_POINT('',#11421);
#2878=VERTEX_POINT('',#11423);
#2879=VERTEX_POINT('',#11431);
#2880=VERTEX_POINT('',#11433);
#2881=VERTEX_POINT('',#11441);
#2882=VERTEX_POINT('',#11443);
#2883=VERTEX_POINT('',#11451);
#2884=VERTEX_POINT('',#11453);
#2885=VERTEX_POINT('',#11461);
#2886=VERTEX_POINT('',#11463);
#2887=VERTEX_POINT('',#11471);
#2888=VERTEX_POINT('',#11473);
#2889=VERTEX_POINT('',#11481);
#2890=VERTEX_POINT('',#11483);
#2891=VERTEX_POINT('',#11491);
#2892=VERTEX_POINT('',#11493);
#2893=VERTEX_POINT('',#11501);
#2894=VERTEX_POINT('',#11503);
#2895=VERTEX_POINT('',#11511);
#2896=VERTEX_POINT('',#11513);
#2897=VERTEX_POINT('',#11521);
#2898=VERTEX_POINT('',#11523);
#2899=VERTEX_POINT('',#11531);
#2900=VERTEX_POINT('',#11533);
#2901=VERTEX_POINT('',#11541);
#2902=VERTEX_POINT('',#11543);
#2903=VERTEX_POINT('',#11551);
#2904=VERTEX_POINT('',#11553);
#2905=VERTEX_POINT('',#11561);
#2906=VERTEX_POINT('',#11563);
#2907=VERTEX_POINT('',#11571);
#2908=VERTEX_POINT('',#11573);
#2909=VERTEX_POINT('',#11581);
#2910=VERTEX_POINT('',#11583);
#2911=VERTEX_POINT('',#11591);
#2912=VERTEX_POINT('',#11593);
#2913=VERTEX_POINT('',#11601);
#2914=VERTEX_POINT('',#11603);
#2915=VERTEX_POINT('',#11611);
#2916=VERTEX_POINT('',#11613);
#2917=VERTEX_POINT('',#11621);
#2918=VERTEX_POINT('',#11623);
#2919=VERTEX_POINT('',#11631);
#2920=VERTEX_POINT('',#11633);
#2921=VERTEX_POINT('',#11641);
#2922=VERTEX_POINT('',#11643);
#2923=VERTEX_POINT('',#11651);
#2924=VERTEX_POINT('',#11653);
#2925=VERTEX_POINT('',#11661);
#2926=VERTEX_POINT('',#11663);
#2927=VERTEX_POINT('',#11671);
#2928=VERTEX_POINT('',#11673);
#2929=VERTEX_POINT('',#11681);
#2930=VERTEX_POINT('',#11683);
#2931=VERTEX_POINT('',#11691);
#2932=VERTEX_POINT('',#11693);
#2933=VERTEX_POINT('',#11701);
#2934=VERTEX_POINT('',#11703);
#2935=VERTEX_POINT('',#11713);
#2936=VERTEX_POINT('',#11717);
#2937=VERTEX_POINT('',#11720);
#2938=VERTEX_POINT('',#11743);
#2939=VERTEX_POINT('',#11764);
#2940=VERTEX_POINT('',#11785);
#2941=VERTEX_POINT('',#11806);
#2942=VERTEX_POINT('',#11827);
#2943=VERTEX_POINT('',#11832);
#2944=VERTEX_POINT('',#11837);
#2945=VERTEX_POINT('',#11839);
#2946=VERTEX_POINT('',#11843);
#2947=VERTEX_POINT('',#11844);
#2948=VERTEX_POINT('',#11852);
#2949=VERTEX_POINT('',#11854);
#2950=VERTEX_POINT('',#11862);
#2951=VERTEX_POINT('',#11864);
#2952=VERTEX_POINT('',#11872);
#2953=VERTEX_POINT('',#11874);
#2954=VERTEX_POINT('',#11882);
#2955=VERTEX_POINT('',#11884);
#2956=VERTEX_POINT('',#11892);
#2957=VERTEX_POINT('',#11894);
#2958=VERTEX_POINT('',#11902);
#2959=VERTEX_POINT('',#11904);
#2960=VERTEX_POINT('',#11912);
#2961=VERTEX_POINT('',#11914);
#2962=VERTEX_POINT('',#11922);
#2963=VERTEX_POINT('',#11924);
#2964=VERTEX_POINT('',#11932);
#2965=VERTEX_POINT('',#11934);
#2966=VERTEX_POINT('',#11942);
#2967=VERTEX_POINT('',#11944);
#2968=VERTEX_POINT('',#11952);
#2969=VERTEX_POINT('',#11954);
#2970=VERTEX_POINT('',#11962);
#2971=VERTEX_POINT('',#11964);
#2972=VERTEX_POINT('',#11972);
#2973=VERTEX_POINT('',#11974);
#2974=VERTEX_POINT('',#11982);
#2975=VERTEX_POINT('',#11984);
#2976=VERTEX_POINT('',#11992);
#2977=VERTEX_POINT('',#11994);
#2978=VERTEX_POINT('',#12002);
#2979=VERTEX_POINT('',#12004);
#2980=VERTEX_POINT('',#12012);
#2981=VERTEX_POINT('',#12014);
#2982=VERTEX_POINT('',#12022);
#2983=VERTEX_POINT('',#12024);
#2984=VERTEX_POINT('',#12032);
#2985=VERTEX_POINT('',#12034);
#2986=VERTEX_POINT('',#12042);
#2987=VERTEX_POINT('',#12044);
#2988=VERTEX_POINT('',#12052);
#2989=VERTEX_POINT('',#12054);
#2990=VERTEX_POINT('',#12062);
#2991=VERTEX_POINT('',#12064);
#2992=VERTEX_POINT('',#12072);
#2993=VERTEX_POINT('',#12074);
#2994=VERTEX_POINT('',#12082);
#2995=VERTEX_POINT('',#12084);
#2996=VERTEX_POINT('',#12092);
#2997=VERTEX_POINT('',#12094);
#2998=VERTEX_POINT('',#12102);
#2999=VERTEX_POINT('',#12104);
#3000=VERTEX_POINT('',#12112);
#3001=VERTEX_POINT('',#12114);
#3002=VERTEX_POINT('',#12122);
#3003=VERTEX_POINT('',#12124);
#3004=VERTEX_POINT('',#12132);
#3005=VERTEX_POINT('',#12134);
#3006=VERTEX_POINT('',#12142);
#3007=VERTEX_POINT('',#12144);
#3008=VERTEX_POINT('',#12152);
#3009=VERTEX_POINT('',#12154);
#3010=VERTEX_POINT('',#12162);
#3011=VERTEX_POINT('',#12164);
#3012=VERTEX_POINT('',#12172);
#3013=VERTEX_POINT('',#12174);
#3014=VERTEX_POINT('',#12182);
#3015=VERTEX_POINT('',#12184);
#3016=VERTEX_POINT('',#12192);
#3017=VERTEX_POINT('',#12194);
#3018=VERTEX_POINT('',#12202);
#3019=VERTEX_POINT('',#12204);
#3020=VERTEX_POINT('',#12212);
#3021=VERTEX_POINT('',#12214);
#3022=VERTEX_POINT('',#12222);
#3023=VERTEX_POINT('',#12224);
#3024=VERTEX_POINT('',#12232);
#3025=VERTEX_POINT('',#12234);
#3026=VERTEX_POINT('',#12242);
#3027=VERTEX_POINT('',#12244);
#3028=VERTEX_POINT('',#12252);
#3029=VERTEX_POINT('',#12254);
#3030=VERTEX_POINT('',#12262);
#3031=VERTEX_POINT('',#12264);
#3032=VERTEX_POINT('',#12272);
#3033=VERTEX_POINT('',#12274);
#3034=VERTEX_POINT('',#12282);
#3035=VERTEX_POINT('',#12284);
#3036=VERTEX_POINT('',#12292);
#3037=VERTEX_POINT('',#12294);
#3038=VERTEX_POINT('',#12302);
#3039=VERTEX_POINT('',#12304);
#3040=VERTEX_POINT('',#12312);
#3041=VERTEX_POINT('',#12314);
#3042=VERTEX_POINT('',#12322);
#3043=VERTEX_POINT('',#12324);
#3044=VERTEX_POINT('',#12332);
#3045=VERTEX_POINT('',#12334);
#3046=VERTEX_POINT('',#12342);
#3047=VERTEX_POINT('',#12344);
#3048=VERTEX_POINT('',#12352);
#3049=VERTEX_POINT('',#12354);
#3050=VERTEX_POINT('',#12362);
#3051=VERTEX_POINT('',#12364);
#3052=VERTEX_POINT('',#12372);
#3053=VERTEX_POINT('',#12374);
#3054=VERTEX_POINT('',#12382);
#3055=VERTEX_POINT('',#12384);
#3056=VERTEX_POINT('',#12392);
#3057=VERTEX_POINT('',#12394);
#3058=VERTEX_POINT('',#12402);
#3059=VERTEX_POINT('',#12404);
#3060=VERTEX_POINT('',#12412);
#3061=VERTEX_POINT('',#12414);
#3062=VERTEX_POINT('',#12422);
#3063=VERTEX_POINT('',#12424);
#3064=VERTEX_POINT('',#12432);
#3065=VERTEX_POINT('',#12434);
#3066=VERTEX_POINT('',#12444);
#3067=EDGE_CURVE('',#2428,#2429,#1332,.T.);
#3068=EDGE_CURVE('',#2429,#2430,#1277,.T.);
#3069=EDGE_CURVE('',#2431,#2430,#1057,.T.);
#3070=EDGE_CURVE('',#2431,#2428,#1278,.T.);
#3071=EDGE_CURVE('',#2432,#2433,#1333,.T.);
#3072=EDGE_CURVE('',#2433,#2429,#1279,.T.);
#3073=EDGE_CURVE('',#2428,#2432,#1280,.T.);
#3074=EDGE_CURVE('',#2434,#2435,#1334,.T.);
#3075=EDGE_CURVE('',#2435,#2433,#1281,.T.);
#3076=EDGE_CURVE('',#2432,#2434,#1282,.T.);
#3077=EDGE_CURVE('',#2436,#2437,#1335,.T.);
#3078=EDGE_CURVE('',#2437,#2435,#1283,.T.);
#3079=EDGE_CURVE('',#2434,#2436,#1284,.T.);
#3080=EDGE_CURVE('',#2438,#2439,#1336,.T.);
#3081=EDGE_CURVE('',#2439,#2437,#1285,.T.);
#3082=EDGE_CURVE('',#2436,#2438,#1286,.T.);
#3083=EDGE_CURVE('',#2440,#2441,#1337,.T.);
#3084=EDGE_CURVE('',#2441,#2439,#1287,.T.);
#3085=EDGE_CURVE('',#2438,#2440,#1288,.T.);
#3086=EDGE_CURVE('',#2442,#2443,#1338,.T.);
#3087=EDGE_CURVE('',#2443,#2441,#1289,.T.);
#3088=EDGE_CURVE('',#2440,#2442,#1290,.T.);
#3089=EDGE_CURVE('',#2444,#2445,#1339,.T.);
#3090=EDGE_CURVE('',#2445,#2443,#1291,.T.);
#3091=EDGE_CURVE('',#2442,#2444,#1292,.T.);
#3092=EDGE_CURVE('',#2446,#2447,#1340,.T.);
#3093=EDGE_CURVE('',#2446,#2448,#1293,.T.);
#3094=EDGE_CURVE('',#2449,#2448,#1058,.F.);
#3095=EDGE_CURVE('',#2449,#2447,#1294,.T.);
#3096=EDGE_CURVE('',#2450,#2451,#1341,.T.);
#3097=EDGE_CURVE('',#2451,#2452,#1295,.T.);
#3098=EDGE_CURVE('',#2453,#2452,#1059,.T.);
#3099=EDGE_CURVE('',#2450,#2453,#1296,.T.);
#3100=EDGE_CURVE('',#2454,#2455,#1342,.T.);
#3101=EDGE_CURVE('',#2455,#2451,#1297,.T.);
#3102=EDGE_CURVE('',#2454,#2450,#1298,.T.);
#3103=EDGE_CURVE('',#2456,#2457,#1343,.T.);
#3104=EDGE_CURVE('',#2457,#2455,#1299,.T.);
#3105=EDGE_CURVE('',#2456,#2454,#1300,.T.);
#3106=EDGE_CURVE('',#2458,#2459,#1344,.T.);
#3107=EDGE_CURVE('',#2459,#2457,#1301,.T.);
#3108=EDGE_CURVE('',#2458,#2456,#1302,.T.);
#3109=EDGE_CURVE('',#2460,#2461,#1345,.T.);
#3110=EDGE_CURVE('',#2461,#2459,#1303,.T.);
#3111=EDGE_CURVE('',#2460,#2458,#1304,.T.);
#3112=EDGE_CURVE('',#2462,#2463,#1346,.T.);
#3113=EDGE_CURVE('',#2463,#2461,#1305,.T.);
#3114=EDGE_CURVE('',#2462,#2460,#1306,.T.);
#3115=EDGE_CURVE('',#2464,#2465,#1347,.T.);
#3116=EDGE_CURVE('',#2465,#2463,#1307,.T.);
#3117=EDGE_CURVE('',#2464,#2462,#1308,.T.);
#3118=EDGE_CURVE('',#2466,#2467,#1348,.T.);
#3119=EDGE_CURVE('',#2467,#2465,#1309,.T.);
#3120=EDGE_CURVE('',#2466,#2464,#1310,.T.);
#3121=EDGE_CURVE('',#2468,#2469,#1349,.T.);
#3122=EDGE_CURVE('',#2469,#2467,#1311,.T.);
#3123=EDGE_CURVE('',#2468,#2466,#1312,.T.);
#3124=EDGE_CURVE('',#2470,#2471,#1350,.T.);
#3125=EDGE_CURVE('',#2472,#2470,#1313,.T.);
#3126=EDGE_CURVE('',#2473,#2472,#1060,.T.);
#3127=EDGE_CURVE('',#2473,#2471,#1314,.T.);
#3128=EDGE_CURVE('',#2474,#2475,#1351,.T.);
#3129=EDGE_CURVE('',#2476,#2474,#1061,.T.);
#3130=EDGE_CURVE('',#2477,#2476,#1352,.T.);
#3131=EDGE_CURVE('',#2475,#2477,#1353,.T.);
#3132=EDGE_CURVE('',#2478,#2479,#1354,.T.);
#3133=EDGE_CURVE('',#2480,#2478,#1062,.T.);
#3134=EDGE_CURVE('',#2481,#2480,#1355,.T.);
#3135=EDGE_CURVE('',#2479,#2481,#1356,.T.);
#3136=EDGE_CURVE('',#2482,#2483,#1357,.T.);
#3137=EDGE_CURVE('',#2484,#2482,#1063,.T.);
#3138=EDGE_CURVE('',#2485,#2484,#1358,.T.);
#3139=EDGE_CURVE('',#2483,#2485,#1359,.T.);
#3140=EDGE_CURVE('',#2486,#2487,#1360,.T.);
#3141=EDGE_CURVE('',#2488,#2486,#1064,.T.);
#3142=EDGE_CURVE('',#2489,#2488,#1361,.T.);
#3143=EDGE_CURVE('',#2487,#2489,#1362,.T.);
#3144=EDGE_CURVE('',#2490,#2491,#1363,.T.);
#3145=EDGE_CURVE('',#2492,#2490,#1065,.T.);
#3146=EDGE_CURVE('',#2493,#2492,#1364,.T.);
#3147=EDGE_CURVE('',#2491,#2493,#1365,.T.);
#3148=EDGE_CURVE('',#2494,#2495,#1366,.T.);
#3149=EDGE_CURVE('',#2496,#2494,#1066,.T.);
#3150=EDGE_CURVE('',#2497,#2496,#1367,.T.);
#3151=EDGE_CURVE('',#2495,#2497,#1368,.T.);
#3152=EDGE_CURVE('',#2498,#2499,#1369,.T.);
#3153=EDGE_CURVE('',#2500,#2498,#1067,.T.);
#3154=EDGE_CURVE('',#2501,#2500,#1370,.T.);
#3155=EDGE_CURVE('',#2499,#2501,#1371,.T.);
#3156=EDGE_CURVE('',#2502,#2503,#1372,.T.);
#3157=EDGE_CURVE('',#2504,#2502,#1068,.T.);
#3158=EDGE_CURVE('',#2505,#2504,#1373,.T.);
#3159=EDGE_CURVE('',#2503,#2505,#1374,.T.);
#3160=EDGE_CURVE('',#2506,#2507,#1375,.T.);
#3161=EDGE_CURVE('',#2508,#2506,#1069,.T.);
#3162=EDGE_CURVE('',#2509,#2508,#1376,.T.);
#3163=EDGE_CURVE('',#2507,#2509,#1377,.T.);
#3164=EDGE_CURVE('',#2510,#2511,#1378,.T.);
#3165=EDGE_CURVE('',#2512,#2510,#1070,.T.);
#3166=EDGE_CURVE('',#2513,#2512,#1379,.T.);
#3167=EDGE_CURVE('',#2511,#2513,#1380,.T.);
#3168=EDGE_CURVE('',#2474,#2514,#1381,.T.);
#3169=EDGE_CURVE('',#2515,#2514,#1071,.T.);
#3170=EDGE_CURVE('',#2515,#2516,#1382,.T.);
#3171=EDGE_CURVE('',#2516,#2517,#1072,.T.);
#3172=EDGE_CURVE('',#2517,#2518,#1383,.T.);
#3173=EDGE_CURVE('',#2519,#2518,#1073,.T.);
#3174=EDGE_CURVE('',#2519,#2520,#1384,.T.);
#3175=EDGE_CURVE('',#2520,#2521,#1074,.T.);
#3176=EDGE_CURVE('',#2521,#2522,#1385,.T.);
#3177=EDGE_CURVE('',#2523,#2522,#1075,.T.);
#3178=EDGE_CURVE('',#2523,#2524,#1386,.T.);
#3179=EDGE_CURVE('',#2524,#2525,#1076,.T.);
#3180=EDGE_CURVE('',#2525,#2526,#1387,.T.);
#3181=EDGE_CURVE('',#2527,#2526,#1077,.T.);
#3182=EDGE_CURVE('',#2527,#2480,#1388,.T.);
#3183=EDGE_CURVE('',#2478,#2528,#1389,.T.);
#3184=EDGE_CURVE('',#2529,#2528,#1078,.T.);
#3185=EDGE_CURVE('',#2529,#2530,#1390,.T.);
#3186=EDGE_CURVE('',#2530,#2531,#1079,.T.);
#3187=EDGE_CURVE('',#2531,#2532,#1391,.T.);
#3188=EDGE_CURVE('',#2533,#2532,#1080,.T.);
#3189=EDGE_CURVE('',#2533,#2534,#1392,.T.);
#3190=EDGE_CURVE('',#2534,#2535,#1315,.T.);
#3191=EDGE_CURVE('',#2535,#2536,#1316,.T.);
#3192=EDGE_CURVE('',#2536,#2537,#1393,.T.);
#3193=EDGE_CURVE('',#2538,#2537,#1081,.T.);
#3194=EDGE_CURVE('',#2539,#2538,#1082,.T.);
#3195=EDGE_CURVE('',#2540,#2539,#1083,.T.);
#3196=EDGE_CURVE('',#2541,#2540,#1084,.T.);
#3197=EDGE_CURVE('',#2542,#2541,#1085,.T.);
#3198=EDGE_CURVE('',#2537,#2542,#1086,.T.);
#3199=EDGE_CURVE('',#2536,#2543,#1317,.T.);
#3200=EDGE_CURVE('',#2543,#2544,#1394,.T.);
#3201=EDGE_CURVE('',#2545,#2544,#1087,.T.);
#3202=EDGE_CURVE('',#2545,#2546,#1395,.T.);
#3203=EDGE_CURVE('',#2546,#2547,#1088,.T.);
#3204=EDGE_CURVE('',#2547,#2548,#1396,.T.);
#3205=EDGE_CURVE('',#2549,#2548,#1089,.T.);
#3206=EDGE_CURVE('',#2549,#2484,#1397,.T.);
#3207=EDGE_CURVE('',#2482,#2550,#1398,.T.);
#3208=EDGE_CURVE('',#2551,#2550,#1090,.T.);
#3209=EDGE_CURVE('',#2551,#2552,#1399,.T.);
#3210=EDGE_CURVE('',#2552,#2553,#1091,.T.);
#3211=EDGE_CURVE('',#2553,#2554,#1400,.T.);
#3212=EDGE_CURVE('',#2555,#2554,#1092,.T.);
#3213=EDGE_CURVE('',#2555,#2556,#1401,.T.);
#3214=EDGE_CURVE('',#2556,#2557,#1093,.T.);
#3215=EDGE_CURVE('',#2557,#2558,#1402,.T.);
#3216=EDGE_CURVE('',#2559,#2558,#1094,.T.);
#3217=EDGE_CURVE('',#2559,#2560,#1403,.T.);
#3218=EDGE_CURVE('',#2560,#2561,#1095,.T.);
#3219=EDGE_CURVE('',#2561,#2562,#1404,.T.);
#3220=EDGE_CURVE('',#2563,#2562,#1096,.T.);
#3221=EDGE_CURVE('',#2563,#2488,#1405,.T.);
#3222=EDGE_CURVE('',#2486,#2564,#1406,.T.);
#3223=EDGE_CURVE('',#2565,#2564,#1097,.T.);
#3224=EDGE_CURVE('',#2565,#2566,#1407,.T.);
#3225=EDGE_CURVE('',#2566,#2567,#1098,.T.);
#3226=EDGE_CURVE('',#2567,#2568,#1408,.T.);
#3227=EDGE_CURVE('',#2569,#2568,#1099,.T.);
#3228=EDGE_CURVE('',#2569,#2570,#1409,.T.);
#3229=EDGE_CURVE('',#2570,#2571,#1100,.T.);
#3230=EDGE_CURVE('',#2571,#2572,#1410,.T.);
#3231=EDGE_CURVE('',#2573,#2572,#1101,.T.);
#3232=EDGE_CURVE('',#2573,#2574,#1411,.T.);
#3233=EDGE_CURVE('',#2574,#2575,#1102,.T.);
#3234=EDGE_CURVE('',#2575,#2576,#1412,.T.);
#3235=EDGE_CURVE('',#2577,#2576,#1103,.T.);
#3236=EDGE_CURVE('',#2577,#2578,#1413,.T.);
#3237=EDGE_CURVE('',#2578,#2579,#1318,.T.);
#3238=EDGE_CURVE('',#2579,#2580,#1319,.T.);
#3239=EDGE_CURVE('',#2580,#2581,#1414,.T.);
#3240=EDGE_CURVE('',#2582,#2581,#1104,.T.);
#3241=EDGE_CURVE('',#2582,#2583,#1415,.T.);
#3242=EDGE_CURVE('',#2583,#2584,#1105,.T.);
#3243=EDGE_CURVE('',#2584,#2585,#1416,.T.);
#3244=EDGE_CURVE('',#2586,#2585,#1106,.T.);
#3245=EDGE_CURVE('',#2586,#2587,#1417,.T.);
#3246=EDGE_CURVE('',#2587,#2588,#1107,.T.);
#3247=EDGE_CURVE('',#2588,#2589,#1418,.T.);
#3248=EDGE_CURVE('',#2590,#2589,#1108,.T.);
#3249=EDGE_CURVE('',#2590,#2591,#1419,.T.);
#3250=EDGE_CURVE('',#2591,#2592,#1109,.T.);
#3251=EDGE_CURVE('',#2592,#2593,#1420,.T.);
#3252=EDGE_CURVE('',#2594,#2593,#1110,.T.);
#3253=EDGE_CURVE('',#2594,#2492,#1421,.T.);
#3254=EDGE_CURVE('',#2490,#2595,#1422,.T.);
#3255=EDGE_CURVE('',#2596,#2595,#1111,.T.);
#3256=EDGE_CURVE('',#2596,#2597,#1423,.T.);
#3257=EDGE_CURVE('',#2597,#2598,#1112,.T.);
#3258=EDGE_CURVE('',#2598,#2599,#1424,.T.);
#3259=EDGE_CURVE('',#2600,#2599,#1113,.T.);
#3260=EDGE_CURVE('',#2600,#2601,#1425,.T.);
#3261=EDGE_CURVE('',#2601,#2602,#1114,.T.);
#3262=EDGE_CURVE('',#2602,#2603,#1426,.T.);
#3263=EDGE_CURVE('',#2604,#2603,#1115,.T.);
#3264=EDGE_CURVE('',#2604,#2605,#1427,.T.);
#3265=EDGE_CURVE('',#2605,#2606,#1116,.T.);
#3266=EDGE_CURVE('',#2606,#2607,#1428,.T.);
#3267=EDGE_CURVE('',#2608,#2607,#1117,.T.);
#3268=EDGE_CURVE('',#2608,#2496,#1429,.T.);
#3269=EDGE_CURVE('',#2494,#2609,#1430,.T.);
#3270=EDGE_CURVE('',#2610,#2609,#1118,.T.);
#3271=EDGE_CURVE('',#2610,#2611,#1431,.T.);
#3272=EDGE_CURVE('',#2611,#2612,#1119,.T.);
#3273=EDGE_CURVE('',#2612,#2613,#1432,.T.);
#3274=EDGE_CURVE('',#2614,#2613,#1120,.T.);
#3275=EDGE_CURVE('',#2614,#2615,#1433,.T.);
#3276=EDGE_CURVE('',#2615,#2616,#1121,.T.);
#3277=EDGE_CURVE('',#2616,#2617,#1434,.T.);
#3278=EDGE_CURVE('',#2618,#2617,#1122,.T.);
#3279=EDGE_CURVE('',#2618,#2619,#1435,.T.);
#3280=EDGE_CURVE('',#2619,#2620,#1123,.T.);
#3281=EDGE_CURVE('',#2620,#2621,#1436,.T.);
#3282=EDGE_CURVE('',#2622,#2621,#1124,.T.);
#3283=EDGE_CURVE('',#2622,#2500,#1437,.T.);
#3284=EDGE_CURVE('',#2498,#2623,#1438,.T.);
#3285=EDGE_CURVE('',#2624,#2623,#1125,.T.);
#3286=EDGE_CURVE('',#2624,#2625,#1439,.T.);
#3287=EDGE_CURVE('',#2625,#2626,#1126,.T.);
#3288=EDGE_CURVE('',#2626,#2627,#1440,.T.);
#3289=EDGE_CURVE('',#2628,#2627,#1127,.T.);
#3290=EDGE_CURVE('',#2628,#2629,#1441,.T.);
#3291=EDGE_CURVE('',#2629,#2630,#1128,.T.);
#3292=EDGE_CURVE('',#2630,#2631,#1442,.T.);
#3293=EDGE_CURVE('',#2632,#2631,#1129,.T.);
#3294=EDGE_CURVE('',#2632,#2633,#1443,.T.);
#3295=EDGE_CURVE('',#2633,#2634,#1130,.T.);
#3296=EDGE_CURVE('',#2634,#2635,#1444,.T.);
#3297=EDGE_CURVE('',#2636,#2635,#1131,.T.);
#3298=EDGE_CURVE('',#2636,#2504,#1445,.T.);
#3299=EDGE_CURVE('',#2502,#2637,#1446,.T.);
#3300=EDGE_CURVE('',#2638,#2637,#1132,.T.);
#3301=EDGE_CURVE('',#2638,#2639,#1447,.T.);
#3302=EDGE_CURVE('',#2639,#2640,#1133,.T.);
#3303=EDGE_CURVE('',#2640,#2641,#1448,.T.);
#3304=EDGE_CURVE('',#2642,#2641,#1134,.T.);
#3305=EDGE_CURVE('',#2642,#2643,#1449,.T.);
#3306=EDGE_CURVE('',#2643,#2644,#1135,.T.);
#3307=EDGE_CURVE('',#2644,#2645,#1450,.T.);
#3308=EDGE_CURVE('',#2646,#2645,#1136,.T.);
#3309=EDGE_CURVE('',#2646,#2647,#1451,.T.);
#3310=EDGE_CURVE('',#2647,#2648,#1137,.T.);
#3311=EDGE_CURVE('',#2648,#2649,#1452,.T.);
#3312=EDGE_CURVE('',#2650,#2649,#1138,.T.);
#3313=EDGE_CURVE('',#2650,#2508,#1453,.T.);
#3314=EDGE_CURVE('',#2506,#2651,#1454,.T.);
#3315=EDGE_CURVE('',#2652,#2651,#1139,.T.);
#3316=EDGE_CURVE('',#2652,#2653,#1455,.T.);
#3317=EDGE_CURVE('',#2653,#2654,#1140,.T.);
#3318=EDGE_CURVE('',#2654,#2655,#1456,.T.);
#3319=EDGE_CURVE('',#2656,#2655,#1141,.T.);
#3320=EDGE_CURVE('',#2656,#2512,#1457,.T.);
#3321=EDGE_CURVE('',#2510,#2657,#1458,.T.);
#3322=EDGE_CURVE('',#2658,#2657,#1142,.T.);
#3323=EDGE_CURVE('',#2658,#2659,#1459,.T.);
#3324=EDGE_CURVE('',#2659,#2660,#1143,.T.);
#3325=EDGE_CURVE('',#2660,#2661,#1460,.T.);
#3326=EDGE_CURVE('',#2662,#2661,#1144,.T.);
#3327=EDGE_CURVE('',#2662,#2476,#1461,.T.);
#3328=EDGE_CURVE('',#2521,#2663,#1462,.T.);
#3329=EDGE_CURVE('',#2664,#2520,#1463,.T.);
#3330=EDGE_CURVE('',#2663,#2664,#1464,.T.);
#3331=EDGE_CURVE('',#2665,#2666,#1320,.T.);
#3332=EDGE_CURVE('',#2665,#2535,#1465,.T.);
#3333=EDGE_CURVE('',#2534,#2667,#218,.T.);
#3334=EDGE_CURVE('',#2667,#2668,#1145,.T.);
#3335=EDGE_CURVE('',#2668,#2543,#219,.T.);
#3336=EDGE_CURVE('',#2669,#2665,#1321,.T.);
#3337=EDGE_CURVE('',#2666,#2669,#1322,.T.);
#3338=EDGE_CURVE('',#2557,#2670,#1466,.T.);
#3339=EDGE_CURVE('',#2671,#2556,#1467,.T.);
#3340=EDGE_CURVE('',#2670,#2671,#1468,.T.);
#3341=EDGE_CURVE('',#2571,#2672,#1469,.T.);
#3342=EDGE_CURVE('',#2673,#2570,#1470,.T.);
#3343=EDGE_CURVE('',#2672,#2673,#1471,.T.);
#3344=EDGE_CURVE('',#2674,#2674,#1323,.T.);
#3345=EDGE_CURVE('',#2674,#2579,#1472,.T.);
#3346=EDGE_CURVE('',#2578,#2675,#220,.T.);
#3347=EDGE_CURVE('',#2675,#2676,#1146,.T.);
#3348=EDGE_CURVE('',#2676,#2580,#221,.T.);
#3349=EDGE_CURVE('',#2588,#2677,#1473,.T.);
#3350=EDGE_CURVE('',#2678,#2587,#1474,.T.);
#3351=EDGE_CURVE('',#2677,#2678,#1475,.T.);
#3352=EDGE_CURVE('',#2602,#2679,#1476,.T.);
#3353=EDGE_CURVE('',#2680,#2601,#1477,.T.);
#3354=EDGE_CURVE('',#2679,#2680,#1478,.T.);
#3355=EDGE_CURVE('',#2616,#2681,#1479,.T.);
#3356=EDGE_CURVE('',#2682,#2615,#1480,.T.);
#3357=EDGE_CURVE('',#2681,#2682,#1481,.T.);
#3358=EDGE_CURVE('',#2630,#2683,#1482,.T.);
#3359=EDGE_CURVE('',#2684,#2629,#1483,.T.);
#3360=EDGE_CURVE('',#2683,#2684,#1484,.T.);
#3361=EDGE_CURVE('',#2644,#2685,#1485,.T.);
#3362=EDGE_CURVE('',#2686,#2643,#1486,.T.);
#3363=EDGE_CURVE('',#2685,#2686,#1487,.T.);
#3364=EDGE_CURVE('',#2687,#2652,#1488,.T.);
#3365=EDGE_CURVE('',#2687,#2688,#1489,.T.);
#3366=EDGE_CURVE('',#2688,#2653,#1490,.T.);
#3367=EDGE_CURVE('',#2689,#2687,#1491,.T.);
#3368=EDGE_CURVE('',#2689,#2690,#1492,.T.);
#3369=EDGE_CURVE('',#2690,#2688,#1493,.T.);
#3370=EDGE_CURVE('',#2655,#2689,#1494,.T.);
#3371=EDGE_CURVE('',#2654,#2690,#1495,.T.);
#3372=EDGE_CURVE('',#2651,#2691,#1496,.T.);
#3373=EDGE_CURVE('',#2691,#2692,#1497,.T.);
#3374=EDGE_CURVE('',#2692,#2650,#1498,.T.);
#3375=EDGE_CURVE('',#2649,#2693,#1499,.T.);
#3376=EDGE_CURVE('',#2693,#2694,#1500,.T.);
#3377=EDGE_CURVE('',#2694,#2646,#1501,.T.);
#3378=EDGE_CURVE('',#2645,#2695,#1502,.T.);
#3379=EDGE_CURVE('',#2695,#2696,#1503,.T.);
#3380=EDGE_CURVE('',#2696,#2642,#1504,.T.);
#3381=EDGE_CURVE('',#2641,#2697,#1505,.T.);
#3382=EDGE_CURVE('',#2697,#2698,#1506,.T.);
#3383=EDGE_CURVE('',#2698,#2638,#1507,.T.);
#3384=EDGE_CURVE('',#2637,#2699,#1508,.T.);
#3385=EDGE_CURVE('',#2699,#2700,#1509,.T.);
#3386=EDGE_CURVE('',#2700,#2636,#1510,.T.);
#3387=EDGE_CURVE('',#2635,#2701,#1511,.T.);
#3388=EDGE_CURVE('',#2701,#2702,#1512,.T.);
#3389=EDGE_CURVE('',#2702,#2632,#1513,.T.);
#3390=EDGE_CURVE('',#2631,#2703,#1514,.T.);
#3391=EDGE_CURVE('',#2703,#2704,#1515,.T.);
#3392=EDGE_CURVE('',#2704,#2628,#1516,.T.);
#3393=EDGE_CURVE('',#2627,#2705,#1517,.T.);
#3394=EDGE_CURVE('',#2705,#2706,#1518,.T.);
#3395=EDGE_CURVE('',#2706,#2624,#1519,.T.);
#3396=EDGE_CURVE('',#2623,#2707,#1520,.T.);
#3397=EDGE_CURVE('',#2707,#2708,#1521,.T.);
#3398=EDGE_CURVE('',#2708,#2622,#1522,.T.);
#3399=EDGE_CURVE('',#2621,#2709,#1523,.T.);
#3400=EDGE_CURVE('',#2709,#2710,#1524,.T.);
#3401=EDGE_CURVE('',#2710,#2618,#1525,.T.);
#3402=EDGE_CURVE('',#2617,#2711,#1526,.T.);
#3403=EDGE_CURVE('',#2711,#2712,#1527,.T.);
#3404=EDGE_CURVE('',#2712,#2614,#1528,.T.);
#3405=EDGE_CURVE('',#2613,#2713,#1529,.T.);
#3406=EDGE_CURVE('',#2713,#2714,#1530,.T.);
#3407=EDGE_CURVE('',#2714,#2610,#1531,.T.);
#3408=EDGE_CURVE('',#2609,#2715,#1532,.T.);
#3409=EDGE_CURVE('',#2715,#2716,#1533,.T.);
#3410=EDGE_CURVE('',#2716,#2608,#1534,.T.);
#3411=EDGE_CURVE('',#2607,#2717,#1535,.T.);
#3412=EDGE_CURVE('',#2717,#2718,#1536,.T.);
#3413=EDGE_CURVE('',#2718,#2604,#1537,.T.);
#3414=EDGE_CURVE('',#2603,#2719,#1538,.T.);
#3415=EDGE_CURVE('',#2719,#2720,#1539,.T.);
#3416=EDGE_CURVE('',#2720,#2600,#1540,.T.);
#3417=EDGE_CURVE('',#2599,#2721,#1541,.T.);
#3418=EDGE_CURVE('',#2721,#2722,#1542,.T.);
#3419=EDGE_CURVE('',#2722,#2596,#1543,.T.);
#3420=EDGE_CURVE('',#2595,#2723,#1544,.T.);
#3421=EDGE_CURVE('',#2723,#2724,#1545,.T.);
#3422=EDGE_CURVE('',#2724,#2594,#1546,.T.);
#3423=EDGE_CURVE('',#2593,#2725,#1547,.T.);
#3424=EDGE_CURVE('',#2725,#2726,#1548,.T.);
#3425=EDGE_CURVE('',#2726,#2590,#1549,.T.);
#3426=EDGE_CURVE('',#2589,#2727,#1550,.T.);
#3427=EDGE_CURVE('',#2727,#2728,#1551,.T.);
#3428=EDGE_CURVE('',#2728,#2586,#1552,.T.);
#3429=EDGE_CURVE('',#2585,#2729,#1553,.T.);
#3430=EDGE_CURVE('',#2729,#2730,#1554,.T.);
#3431=EDGE_CURVE('',#2730,#2582,#1555,.T.);
#3432=EDGE_CURVE('',#2581,#2731,#1556,.T.);
#3433=EDGE_CURVE('',#2731,#2732,#1557,.T.);
#3434=EDGE_CURVE('',#2732,#2577,#1558,.T.);
#3435=EDGE_CURVE('',#2576,#2733,#1559,.T.);
#3436=EDGE_CURVE('',#2733,#2734,#1560,.T.);
#3437=EDGE_CURVE('',#2734,#2573,#1561,.T.);
#3438=EDGE_CURVE('',#2572,#2735,#1562,.T.);
#3439=EDGE_CURVE('',#2735,#2736,#1563,.T.);
#3440=EDGE_CURVE('',#2736,#2569,#1564,.T.);
#3441=EDGE_CURVE('',#2568,#2737,#1565,.T.);
#3442=EDGE_CURVE('',#2737,#2738,#1566,.T.);
#3443=EDGE_CURVE('',#2738,#2565,#1567,.T.);
#3444=EDGE_CURVE('',#2564,#2739,#1568,.T.);
#3445=EDGE_CURVE('',#2739,#2740,#1569,.T.);
#3446=EDGE_CURVE('',#2740,#2563,#1570,.T.);
#3447=EDGE_CURVE('',#2562,#2741,#1571,.T.);
#3448=EDGE_CURVE('',#2741,#2742,#1572,.T.);
#3449=EDGE_CURVE('',#2742,#2559,#1573,.T.);
#3450=EDGE_CURVE('',#2558,#2743,#1574,.T.);
#3451=EDGE_CURVE('',#2743,#2744,#1575,.T.);
#3452=EDGE_CURVE('',#2744,#2555,#1576,.T.);
#3453=EDGE_CURVE('',#2554,#2745,#1577,.T.);
#3454=EDGE_CURVE('',#2745,#2746,#1578,.T.);
#3455=EDGE_CURVE('',#2746,#2551,#1579,.T.);
#3456=EDGE_CURVE('',#2550,#2747,#1580,.T.);
#3457=EDGE_CURVE('',#2747,#2748,#1581,.T.);
#3458=EDGE_CURVE('',#2748,#2549,#1582,.T.);
#3459=EDGE_CURVE('',#2548,#2749,#1583,.T.);
#3460=EDGE_CURVE('',#2749,#2750,#1584,.T.);
#3461=EDGE_CURVE('',#2750,#2545,#1585,.T.);
#3462=EDGE_CURVE('',#2544,#2751,#1586,.T.);
#3463=EDGE_CURVE('',#2751,#2752,#1587,.T.);
#3464=EDGE_CURVE('',#2752,#2533,#1588,.T.);
#3465=EDGE_CURVE('',#2532,#2753,#1589,.T.);
#3466=EDGE_CURVE('',#2753,#2754,#1590,.T.);
#3467=EDGE_CURVE('',#2754,#2529,#1591,.T.);
#3468=EDGE_CURVE('',#2528,#2755,#1592,.T.);
#3469=EDGE_CURVE('',#2755,#2756,#1593,.T.);
#3470=EDGE_CURVE('',#2756,#2527,#1594,.T.);
#3471=EDGE_CURVE('',#2526,#2757,#1595,.T.);
#3472=EDGE_CURVE('',#2757,#2758,#1596,.T.);
#3473=EDGE_CURVE('',#2758,#2523,#1597,.T.);
#3474=EDGE_CURVE('',#2522,#2759,#1598,.T.);
#3475=EDGE_CURVE('',#2759,#2760,#1599,.T.);
#3476=EDGE_CURVE('',#2760,#2519,#1600,.T.);
#3477=EDGE_CURVE('',#2518,#2761,#1601,.T.);
#3478=EDGE_CURVE('',#2761,#2762,#1602,.T.);
#3479=EDGE_CURVE('',#2762,#2515,#1603,.T.);
#3480=EDGE_CURVE('',#2514,#2763,#1604,.T.);
#3481=EDGE_CURVE('',#2763,#2764,#1605,.T.);
#3482=EDGE_CURVE('',#2764,#2662,#1606,.T.);
#3483=EDGE_CURVE('',#2661,#2765,#1607,.T.);
#3484=EDGE_CURVE('',#2765,#2766,#1608,.T.);
#3485=EDGE_CURVE('',#2766,#2658,#1609,.T.);
#3486=EDGE_CURVE('',#2657,#2767,#1610,.T.);
#3487=EDGE_CURVE('',#2767,#2768,#1611,.T.);
#3488=EDGE_CURVE('',#2768,#2656,#1612,.T.);
#3489=EDGE_CURVE('',#2769,#2769,#1147,.T.);
#3490=EDGE_CURVE('',#2768,#2513,#1613,.T.);
#3491=EDGE_CURVE('',#2767,#2511,#1614,.T.);
#3492=EDGE_CURVE('',#2766,#2770,#1615,.T.);
#3493=EDGE_CURVE('',#2770,#2659,#1616,.T.);
#3494=EDGE_CURVE('',#2765,#2771,#1617,.T.);
#3495=EDGE_CURVE('',#2771,#2770,#1618,.T.);
#3496=EDGE_CURVE('',#2660,#2771,#1619,.T.);
#3497=EDGE_CURVE('',#2764,#2477,#1620,.T.);
#3498=EDGE_CURVE('',#2763,#2475,#1621,.T.);
#3499=EDGE_CURVE('',#2762,#2772,#1622,.T.);
#3500=EDGE_CURVE('',#2772,#2516,#1623,.T.);
#3501=EDGE_CURVE('',#2761,#2773,#1624,.T.);
#3502=EDGE_CURVE('',#2773,#2772,#1625,.T.);
#3503=EDGE_CURVE('',#2517,#2773,#1626,.T.);
#3504=EDGE_CURVE('',#2760,#2664,#1627,.T.);
#3505=EDGE_CURVE('',#2759,#2663,#1628,.T.);
#3506=EDGE_CURVE('',#2758,#2774,#1629,.T.);
#3507=EDGE_CURVE('',#2774,#2524,#1630,.T.);
#3508=EDGE_CURVE('',#2757,#2775,#1631,.T.);
#3509=EDGE_CURVE('',#2775,#2774,#1632,.T.);
#3510=EDGE_CURVE('',#2525,#2775,#1633,.T.);
#3511=EDGE_CURVE('',#2756,#2481,#1634,.T.);
#3512=EDGE_CURVE('',#2755,#2479,#1635,.T.);
#3513=EDGE_CURVE('',#2754,#2776,#1636,.T.);
#3514=EDGE_CURVE('',#2776,#2530,#1637,.T.);
#3515=EDGE_CURVE('',#2753,#2777,#1638,.T.);
#3516=EDGE_CURVE('',#2777,#2776,#1639,.T.);
#3517=EDGE_CURVE('',#2531,#2777,#1640,.T.);
#3518=EDGE_CURVE('',#2752,#2667,#1641,.T.);
#3519=EDGE_CURVE('',#2751,#2668,#1642,.T.);
#3520=EDGE_CURVE('',#2750,#2778,#1643,.T.);
#3521=EDGE_CURVE('',#2778,#2546,#1644,.T.);
#3522=EDGE_CURVE('',#2749,#2779,#1645,.T.);
#3523=EDGE_CURVE('',#2779,#2778,#1646,.T.);
#3524=EDGE_CURVE('',#2547,#2779,#1647,.T.);
#3525=EDGE_CURVE('',#2748,#2485,#1648,.T.);
#3526=EDGE_CURVE('',#2747,#2483,#1649,.T.);
#3527=EDGE_CURVE('',#2746,#2780,#1650,.T.);
#3528=EDGE_CURVE('',#2780,#2552,#1651,.T.);
#3529=EDGE_CURVE('',#2745,#2781,#1652,.T.);
#3530=EDGE_CURVE('',#2781,#2780,#1653,.T.);
#3531=EDGE_CURVE('',#2553,#2781,#1654,.T.);
#3532=EDGE_CURVE('',#2744,#2671,#1655,.T.);
#3533=EDGE_CURVE('',#2743,#2670,#1656,.T.);
#3534=EDGE_CURVE('',#2742,#2782,#1657,.T.);
#3535=EDGE_CURVE('',#2782,#2560,#1658,.T.);
#3536=EDGE_CURVE('',#2741,#2783,#1659,.T.);
#3537=EDGE_CURVE('',#2783,#2782,#1660,.T.);
#3538=EDGE_CURVE('',#2561,#2783,#1661,.T.);
#3539=EDGE_CURVE('',#2740,#2489,#1662,.T.);
#3540=EDGE_CURVE('',#2739,#2487,#1663,.T.);
#3541=EDGE_CURVE('',#2738,#2784,#1664,.T.);
#3542=EDGE_CURVE('',#2784,#2566,#1665,.T.);
#3543=EDGE_CURVE('',#2737,#2785,#1666,.T.);
#3544=EDGE_CURVE('',#2785,#2784,#1667,.T.);
#3545=EDGE_CURVE('',#2567,#2785,#1668,.T.);
#3546=EDGE_CURVE('',#2736,#2673,#1669,.T.);
#3547=EDGE_CURVE('',#2735,#2672,#1670,.T.);
#3548=EDGE_CURVE('',#2734,#2786,#1671,.T.);
#3549=EDGE_CURVE('',#2786,#2574,#1672,.T.);
#3550=EDGE_CURVE('',#2733,#2787,#1673,.T.);
#3551=EDGE_CURVE('',#2787,#2786,#1674,.T.);
#3552=EDGE_CURVE('',#2575,#2787,#1675,.T.);
#3553=EDGE_CURVE('',#2732,#2675,#1676,.T.);
#3554=EDGE_CURVE('',#2731,#2676,#1677,.T.);
#3555=EDGE_CURVE('',#2730,#2788,#1678,.T.);
#3556=EDGE_CURVE('',#2788,#2583,#1679,.T.);
#3557=EDGE_CURVE('',#2729,#2789,#1680,.T.);
#3558=EDGE_CURVE('',#2789,#2788,#1681,.T.);
#3559=EDGE_CURVE('',#2584,#2789,#1682,.T.);
#3560=EDGE_CURVE('',#2728,#2678,#1683,.T.);
#3561=EDGE_CURVE('',#2727,#2677,#1684,.T.);
#3562=EDGE_CURVE('',#2726,#2790,#1685,.T.);
#3563=EDGE_CURVE('',#2790,#2591,#1686,.T.);
#3564=EDGE_CURVE('',#2725,#2791,#1687,.T.);
#3565=EDGE_CURVE('',#2791,#2790,#1688,.T.);
#3566=EDGE_CURVE('',#2592,#2791,#1689,.T.);
#3567=EDGE_CURVE('',#2724,#2493,#1690,.T.);
#3568=EDGE_CURVE('',#2723,#2491,#1691,.T.);
#3569=EDGE_CURVE('',#2722,#2792,#1692,.T.);
#3570=EDGE_CURVE('',#2792,#2597,#1693,.T.);
#3571=EDGE_CURVE('',#2721,#2793,#1694,.T.);
#3572=EDGE_CURVE('',#2793,#2792,#1695,.T.);
#3573=EDGE_CURVE('',#2598,#2793,#1696,.T.);
#3574=EDGE_CURVE('',#2720,#2680,#1697,.T.);
#3575=EDGE_CURVE('',#2719,#2679,#1698,.T.);
#3576=EDGE_CURVE('',#2718,#2794,#1699,.T.);
#3577=EDGE_CURVE('',#2794,#2605,#1700,.T.);
#3578=EDGE_CURVE('',#2717,#2795,#1701,.T.);
#3579=EDGE_CURVE('',#2795,#2794,#1702,.T.);
#3580=EDGE_CURVE('',#2606,#2795,#1703,.T.);
#3581=EDGE_CURVE('',#2716,#2497,#1704,.T.);
#3582=EDGE_CURVE('',#2715,#2495,#1705,.T.);
#3583=EDGE_CURVE('',#2714,#2796,#1706,.T.);
#3584=EDGE_CURVE('',#2796,#2611,#1707,.T.);
#3585=EDGE_CURVE('',#2713,#2797,#1708,.T.);
#3586=EDGE_CURVE('',#2797,#2796,#1709,.T.);
#3587=EDGE_CURVE('',#2612,#2797,#1710,.T.);
#3588=EDGE_CURVE('',#2712,#2682,#1711,.T.);
#3589=EDGE_CURVE('',#2711,#2681,#1712,.T.);
#3590=EDGE_CURVE('',#2710,#2798,#1713,.T.);
#3591=EDGE_CURVE('',#2798,#2619,#1714,.T.);
#3592=EDGE_CURVE('',#2709,#2799,#1715,.T.);
#3593=EDGE_CURVE('',#2799,#2798,#1716,.T.);
#3594=EDGE_CURVE('',#2620,#2799,#1717,.T.);
#3595=EDGE_CURVE('',#2708,#2501,#1718,.T.);
#3596=EDGE_CURVE('',#2707,#2499,#1719,.T.);
#3597=EDGE_CURVE('',#2706,#2800,#1720,.T.);
#3598=EDGE_CURVE('',#2800,#2625,#1721,.T.);
#3599=EDGE_CURVE('',#2705,#2801,#1722,.T.);
#3600=EDGE_CURVE('',#2801,#2800,#1723,.T.);
#3601=EDGE_CURVE('',#2626,#2801,#1724,.T.);
#3602=EDGE_CURVE('',#2704,#2684,#1725,.T.);
#3603=EDGE_CURVE('',#2703,#2683,#1726,.T.);
#3604=EDGE_CURVE('',#2702,#2802,#1727,.T.);
#3605=EDGE_CURVE('',#2802,#2633,#1728,.T.);
#3606=EDGE_CURVE('',#2701,#2803,#1729,.T.);
#3607=EDGE_CURVE('',#2803,#2802,#1730,.T.);
#3608=EDGE_CURVE('',#2634,#2803,#1731,.T.);
#3609=EDGE_CURVE('',#2700,#2505,#1732,.T.);
#3610=EDGE_CURVE('',#2699,#2503,#1733,.T.);
#3611=EDGE_CURVE('',#2698,#2804,#1734,.T.);
#3612=EDGE_CURVE('',#2804,#2639,#1735,.T.);
#3613=EDGE_CURVE('',#2697,#2805,#1736,.T.);
#3614=EDGE_CURVE('',#2805,#2804,#1737,.T.);
#3615=EDGE_CURVE('',#2640,#2805,#1738,.T.);
#3616=EDGE_CURVE('',#2696,#2686,#1739,.T.);
#3617=EDGE_CURVE('',#2695,#2685,#1740,.T.);
#3618=EDGE_CURVE('',#2694,#2806,#1741,.T.);
#3619=EDGE_CURVE('',#2806,#2647,#1742,.T.);
#3620=EDGE_CURVE('',#2693,#2807,#1743,.T.);
#3621=EDGE_CURVE('',#2807,#2806,#1744,.T.);
#3622=EDGE_CURVE('',#2648,#2807,#1745,.T.);
#3623=EDGE_CURVE('',#2692,#2509,#1746,.T.);
#3624=EDGE_CURVE('',#2691,#2507,#1747,.T.);
#3625=EDGE_CURVE('',#2471,#2469,#1324,.T.);
#3626=EDGE_CURVE('',#2470,#2468,#1325,.T.);
#3627=EDGE_CURVE('',#2452,#2431,#1326,.T.);
#3628=EDGE_CURVE('',#2448,#2473,#1327,.T.);
#3629=EDGE_CURVE('',#2444,#2446,#1328,.T.);
#3630=EDGE_CURVE('',#2430,#2453,#1329,.T.);
#3631=EDGE_CURVE('',#2447,#2445,#1330,.T.);
#3632=EDGE_CURVE('',#2472,#2449,#1331,.T.);
#3633=EDGE_CURVE('',#2808,#2808,#1148,.T.);
#3634=EDGE_CURVE('',#2542,#2809,#222,.T.);
#3635=EDGE_CURVE('',#2809,#2542,#223,.T.);
#3636=EDGE_CURVE('',#2541,#2810,#224,.T.);
#3637=EDGE_CURVE('',#2810,#2541,#225,.T.);
#3638=EDGE_CURVE('',#2540,#2811,#226,.T.);
#3639=EDGE_CURVE('',#2811,#2540,#227,.T.);
#3640=EDGE_CURVE('',#2539,#2812,#228,.T.);
#3641=EDGE_CURVE('',#2812,#2539,#229,.T.);
#3642=EDGE_CURVE('',#2538,#2813,#230,.T.);
#3643=EDGE_CURVE('',#2813,#2538,#231,.T.);
#3644=EDGE_CURVE('',#2814,#2814,#1149,.T.);
#3645=EDGE_CURVE('',#2815,#2816,#82,.T.);
#3646=EDGE_CURVE('',#2816,#2817,#1150,.T.);
#3647=EDGE_CURVE('',#2817,#2818,#83,.T.);
#3648=EDGE_CURVE('',#2818,#2819,#1151,.T.);
#3649=EDGE_CURVE('',#2819,#2820,#84,.T.);
#3650=EDGE_CURVE('',#2820,#2821,#1152,.T.);
#3651=EDGE_CURVE('',#2821,#2822,#85,.T.);
#3652=EDGE_CURVE('',#2822,#2823,#1153,.T.);
#3653=EDGE_CURVE('',#2823,#2824,#86,.T.);
#3654=EDGE_CURVE('',#2824,#2825,#1154,.T.);
#3655=EDGE_CURVE('',#2825,#2826,#87,.T.);
#3656=EDGE_CURVE('',#2826,#2827,#1155,.T.);
#3657=EDGE_CURVE('',#2827,#2828,#88,.T.);
#3658=EDGE_CURVE('',#2828,#2829,#1156,.T.);
#3659=EDGE_CURVE('',#2829,#2830,#89,.T.);
#3660=EDGE_CURVE('',#2830,#2831,#1157,.T.);
#3661=EDGE_CURVE('',#2831,#2832,#90,.T.);
#3662=EDGE_CURVE('',#2832,#2833,#1158,.T.);
#3663=EDGE_CURVE('',#2833,#2834,#91,.T.);
#3664=EDGE_CURVE('',#2834,#2835,#1159,.T.);
#3665=EDGE_CURVE('',#2835,#2836,#92,.T.);
#3666=EDGE_CURVE('',#2836,#2837,#1160,.T.);
#3667=EDGE_CURVE('',#2837,#2838,#93,.T.);
#3668=EDGE_CURVE('',#2838,#2839,#1161,.T.);
#3669=EDGE_CURVE('',#2839,#2840,#94,.T.);
#3670=EDGE_CURVE('',#2840,#2841,#1162,.T.);
#3671=EDGE_CURVE('',#2841,#2842,#95,.T.);
#3672=EDGE_CURVE('',#2842,#2843,#1163,.T.);
#3673=EDGE_CURVE('',#2843,#2844,#96,.T.);
#3674=EDGE_CURVE('',#2844,#2845,#1164,.T.);
#3675=EDGE_CURVE('',#2845,#2846,#97,.T.);
#3676=EDGE_CURVE('',#2846,#2847,#1165,.T.);
#3677=EDGE_CURVE('',#2847,#2848,#98,.T.);
#3678=EDGE_CURVE('',#2848,#2849,#1166,.T.);
#3679=EDGE_CURVE('',#2849,#2850,#99,.T.);
#3680=EDGE_CURVE('',#2850,#2851,#1167,.T.);
#3681=EDGE_CURVE('',#2851,#2852,#100,.T.);
#3682=EDGE_CURVE('',#2852,#2853,#1168,.T.);
#3683=EDGE_CURVE('',#2853,#2854,#101,.T.);
#3684=EDGE_CURVE('',#2854,#2855,#1169,.T.);
#3685=EDGE_CURVE('',#2855,#2856,#102,.T.);
#3686=EDGE_CURVE('',#2856,#2857,#1170,.T.);
#3687=EDGE_CURVE('',#2857,#2858,#103,.T.);
#3688=EDGE_CURVE('',#2858,#2859,#1171,.T.);
#3689=EDGE_CURVE('',#2859,#2860,#104,.T.);
#3690=EDGE_CURVE('',#2860,#2861,#1172,.T.);
#3691=EDGE_CURVE('',#2861,#2862,#105,.T.);
#3692=EDGE_CURVE('',#2862,#2863,#1173,.T.);
#3693=EDGE_CURVE('',#2863,#2864,#106,.T.);
#3694=EDGE_CURVE('',#2864,#2865,#1174,.T.);
#3695=EDGE_CURVE('',#2865,#2866,#107,.T.);
#3696=EDGE_CURVE('',#2866,#2867,#1175,.T.);
#3697=EDGE_CURVE('',#2867,#2868,#108,.T.);
#3698=EDGE_CURVE('',#2868,#2869,#1176,.T.);
#3699=EDGE_CURVE('',#2869,#2870,#109,.T.);
#3700=EDGE_CURVE('',#2870,#2871,#1177,.T.);
#3701=EDGE_CURVE('',#2871,#2872,#110,.T.);
#3702=EDGE_CURVE('',#2872,#2873,#1178,.T.);
#3703=EDGE_CURVE('',#2873,#2874,#111,.T.);
#3704=EDGE_CURVE('',#2874,#2875,#1179,.T.);
#3705=EDGE_CURVE('',#2875,#2876,#112,.T.);
#3706=EDGE_CURVE('',#2876,#2877,#1180,.T.);
#3707=EDGE_CURVE('',#2877,#2878,#113,.T.);
#3708=EDGE_CURVE('',#2878,#2879,#1181,.T.);
#3709=EDGE_CURVE('',#2879,#2880,#114,.T.);
#3710=EDGE_CURVE('',#2880,#2881,#1182,.T.);
#3711=EDGE_CURVE('',#2881,#2882,#115,.T.);
#3712=EDGE_CURVE('',#2882,#2883,#1183,.T.);
#3713=EDGE_CURVE('',#2883,#2884,#116,.T.);
#3714=EDGE_CURVE('',#2884,#2885,#1184,.T.);
#3715=EDGE_CURVE('',#2885,#2886,#117,.T.);
#3716=EDGE_CURVE('',#2886,#2887,#1185,.T.);
#3717=EDGE_CURVE('',#2887,#2888,#118,.T.);
#3718=EDGE_CURVE('',#2888,#2889,#1186,.T.);
#3719=EDGE_CURVE('',#2889,#2890,#119,.T.);
#3720=EDGE_CURVE('',#2890,#2891,#1187,.T.);
#3721=EDGE_CURVE('',#2891,#2892,#120,.T.);
#3722=EDGE_CURVE('',#2892,#2893,#1188,.T.);
#3723=EDGE_CURVE('',#2893,#2894,#121,.T.);
#3724=EDGE_CURVE('',#2894,#2895,#1189,.T.);
#3725=EDGE_CURVE('',#2895,#2896,#122,.T.);
#3726=EDGE_CURVE('',#2896,#2897,#1190,.T.);
#3727=EDGE_CURVE('',#2897,#2898,#123,.T.);
#3728=EDGE_CURVE('',#2898,#2899,#1191,.T.);
#3729=EDGE_CURVE('',#2899,#2900,#124,.T.);
#3730=EDGE_CURVE('',#2900,#2901,#1192,.T.);
#3731=EDGE_CURVE('',#2901,#2902,#125,.T.);
#3732=EDGE_CURVE('',#2902,#2903,#1193,.T.);
#3733=EDGE_CURVE('',#2903,#2904,#126,.T.);
#3734=EDGE_CURVE('',#2904,#2905,#1194,.T.);
#3735=EDGE_CURVE('',#2905,#2906,#127,.T.);
#3736=EDGE_CURVE('',#2906,#2907,#1195,.T.);
#3737=EDGE_CURVE('',#2907,#2908,#128,.T.);
#3738=EDGE_CURVE('',#2908,#2909,#1196,.T.);
#3739=EDGE_CURVE('',#2909,#2910,#129,.T.);
#3740=EDGE_CURVE('',#2910,#2911,#1197,.T.);
#3741=EDGE_CURVE('',#2911,#2912,#130,.T.);
#3742=EDGE_CURVE('',#2912,#2913,#1198,.T.);
#3743=EDGE_CURVE('',#2913,#2914,#131,.T.);
#3744=EDGE_CURVE('',#2914,#2915,#1199,.T.);
#3745=EDGE_CURVE('',#2915,#2916,#132,.T.);
#3746=EDGE_CURVE('',#2916,#2917,#1200,.T.);
#3747=EDGE_CURVE('',#2917,#2918,#133,.T.);
#3748=EDGE_CURVE('',#2918,#2919,#1201,.T.);
#3749=EDGE_CURVE('',#2919,#2920,#134,.T.);
#3750=EDGE_CURVE('',#2920,#2921,#1202,.T.);
#3751=EDGE_CURVE('',#2921,#2922,#135,.T.);
#3752=EDGE_CURVE('',#2922,#2923,#1203,.T.);
#3753=EDGE_CURVE('',#2923,#2924,#136,.T.);
#3754=EDGE_CURVE('',#2924,#2925,#1204,.T.);
#3755=EDGE_CURVE('',#2925,#2926,#137,.T.);
#3756=EDGE_CURVE('',#2926,#2927,#1205,.T.);
#3757=EDGE_CURVE('',#2927,#2928,#138,.T.);
#3758=EDGE_CURVE('',#2928,#2929,#1206,.T.);
#3759=EDGE_CURVE('',#2929,#2930,#139,.T.);
#3760=EDGE_CURVE('',#2930,#2931,#1207,.T.);
#3761=EDGE_CURVE('',#2931,#2932,#140,.T.);
#3762=EDGE_CURVE('',#2932,#2933,#1208,.T.);
#3763=EDGE_CURVE('',#2933,#2934,#141,.T.);
#3764=EDGE_CURVE('',#2934,#2815,#1209,.T.);
#3765=EDGE_CURVE('',#2935,#2935,#1210,.T.);
#3766=EDGE_CURVE('',#2935,#2769,#1748,.T.);
#3767=EDGE_CURVE('',#2936,#2936,#1211,.T.);
#3768=EDGE_CURVE('',#2814,#2937,#1749,.T.);
#3769=EDGE_CURVE('',#2937,#2937,#1212,.T.);
#3770=EDGE_CURVE('',#2808,#2937,#1750,.T.);
#3771=EDGE_CURVE('',#2938,#2938,#232,.T.);
#3772=EDGE_CURVE('',#2938,#2812,#1751,.T.);
#3773=EDGE_CURVE('',#2939,#2939,#233,.T.);
#3774=EDGE_CURVE('',#2939,#2809,#1752,.T.);
#3775=EDGE_CURVE('',#2940,#2940,#234,.T.);
#3776=EDGE_CURVE('',#2940,#2813,#1753,.T.);
#3777=EDGE_CURVE('',#2941,#2941,#235,.T.);
#3778=EDGE_CURVE('',#2941,#2811,#1754,.T.);
#3779=EDGE_CURVE('',#2942,#2942,#236,.T.);
#3780=EDGE_CURVE('',#2942,#2810,#1755,.T.);
#3781=EDGE_CURVE('',#2943,#2943,#1213,.T.);
#3782=EDGE_CURVE('',#2943,#2669,#1756,.T.);
#3783=EDGE_CURVE('',#2666,#2936,#1757,.T.);
#3784=EDGE_CURVE('',#2944,#2944,#1214,.T.);
#3785=EDGE_CURVE('',#2944,#2945,#1758,.T.);
#3786=EDGE_CURVE('',#2945,#2945,#1215,.T.);
#3787=EDGE_CURVE('',#2946,#2947,#142,.T.);
#3788=EDGE_CURVE('',#2948,#2947,#1216,.T.);
#3789=EDGE_CURVE('',#2948,#2949,#143,.T.);
#3790=EDGE_CURVE('',#2950,#2949,#1217,.T.);
#3791=EDGE_CURVE('',#2950,#2951,#144,.T.);
#3792=EDGE_CURVE('',#2952,#2951,#1218,.T.);
#3793=EDGE_CURVE('',#2952,#2953,#145,.T.);
#3794=EDGE_CURVE('',#2954,#2953,#1219,.T.);
#3795=EDGE_CURVE('',#2954,#2955,#146,.T.);
#3796=EDGE_CURVE('',#2956,#2955,#1220,.T.);
#3797=EDGE_CURVE('',#2956,#2957,#147,.T.);
#3798=EDGE_CURVE('',#2958,#2957,#1221,.T.);
#3799=EDGE_CURVE('',#2958,#2959,#148,.T.);
#3800=EDGE_CURVE('',#2960,#2959,#1222,.T.);
#3801=EDGE_CURVE('',#2960,#2961,#149,.T.);
#3802=EDGE_CURVE('',#2962,#2961,#1223,.T.);
#3803=EDGE_CURVE('',#2962,#2963,#150,.T.);
#3804=EDGE_CURVE('',#2964,#2963,#1224,.T.);
#3805=EDGE_CURVE('',#2964,#2965,#151,.T.);
#3806=EDGE_CURVE('',#2966,#2965,#1225,.T.);
#3807=EDGE_CURVE('',#2966,#2967,#152,.T.);
#3808=EDGE_CURVE('',#2968,#2967,#1226,.T.);
#3809=EDGE_CURVE('',#2968,#2969,#153,.T.);
#3810=EDGE_CURVE('',#2970,#2969,#1227,.T.);
#3811=EDGE_CURVE('',#2970,#2971,#154,.T.);
#3812=EDGE_CURVE('',#2972,#2971,#1228,.T.);
#3813=EDGE_CURVE('',#2972,#2973,#155,.T.);
#3814=EDGE_CURVE('',#2974,#2973,#1229,.T.);
#3815=EDGE_CURVE('',#2974,#2975,#156,.T.);
#3816=EDGE_CURVE('',#2976,#2975,#1230,.T.);
#3817=EDGE_CURVE('',#2976,#2977,#157,.T.);
#3818=EDGE_CURVE('',#2978,#2977,#1231,.T.);
#3819=EDGE_CURVE('',#2978,#2979,#158,.T.);
#3820=EDGE_CURVE('',#2980,#2979,#1232,.T.);
#3821=EDGE_CURVE('',#2980,#2981,#159,.T.);
#3822=EDGE_CURVE('',#2982,#2981,#1233,.T.);
#3823=EDGE_CURVE('',#2982,#2983,#160,.T.);
#3824=EDGE_CURVE('',#2984,#2983,#1234,.T.);
#3825=EDGE_CURVE('',#2984,#2985,#161,.T.);
#3826=EDGE_CURVE('',#2986,#2985,#1235,.T.);
#3827=EDGE_CURVE('',#2986,#2987,#162,.T.);
#3828=EDGE_CURVE('',#2988,#2987,#1236,.T.);
#3829=EDGE_CURVE('',#2988,#2989,#163,.T.);
#3830=EDGE_CURVE('',#2990,#2989,#1237,.T.);
#3831=EDGE_CURVE('',#2990,#2991,#164,.T.);
#3832=EDGE_CURVE('',#2992,#2991,#1238,.T.);
#3833=EDGE_CURVE('',#2992,#2993,#165,.T.);
#3834=EDGE_CURVE('',#2994,#2993,#1239,.T.);
#3835=EDGE_CURVE('',#2994,#2995,#166,.T.);
#3836=EDGE_CURVE('',#2996,#2995,#1240,.T.);
#3837=EDGE_CURVE('',#2996,#2997,#167,.T.);
#3838=EDGE_CURVE('',#2998,#2997,#1241,.T.);
#3839=EDGE_CURVE('',#2998,#2999,#168,.T.);
#3840=EDGE_CURVE('',#3000,#2999,#1242,.T.);
#3841=EDGE_CURVE('',#3000,#3001,#169,.T.);
#3842=EDGE_CURVE('',#3002,#3001,#1243,.T.);
#3843=EDGE_CURVE('',#3002,#3003,#170,.T.);
#3844=EDGE_CURVE('',#3004,#3003,#1244,.T.);
#3845=EDGE_CURVE('',#3004,#3005,#171,.T.);
#3846=EDGE_CURVE('',#3006,#3005,#1245,.T.);
#3847=EDGE_CURVE('',#3006,#3007,#172,.T.);
#3848=EDGE_CURVE('',#3008,#3007,#1246,.T.);
#3849=EDGE_CURVE('',#3008,#3009,#173,.T.);
#3850=EDGE_CURVE('',#3010,#3009,#1247,.T.);
#3851=EDGE_CURVE('',#3010,#3011,#174,.T.);
#3852=EDGE_CURVE('',#3012,#3011,#1248,.T.);
#3853=EDGE_CURVE('',#3012,#3013,#175,.T.);
#3854=EDGE_CURVE('',#3014,#3013,#1249,.T.);
#3855=EDGE_CURVE('',#3014,#3015,#176,.T.);
#3856=EDGE_CURVE('',#3016,#3015,#1250,.T.);
#3857=EDGE_CURVE('',#3016,#3017,#177,.T.);
#3858=EDGE_CURVE('',#3018,#3017,#1251,.T.);
#3859=EDGE_CURVE('',#3018,#3019,#178,.T.);
#3860=EDGE_CURVE('',#3020,#3019,#1252,.T.);
#3861=EDGE_CURVE('',#3020,#3021,#179,.T.);
#3862=EDGE_CURVE('',#3022,#3021,#1253,.T.);
#3863=EDGE_CURVE('',#3022,#3023,#180,.T.);
#3864=EDGE_CURVE('',#3024,#3023,#1254,.T.);
#3865=EDGE_CURVE('',#3024,#3025,#181,.T.);
#3866=EDGE_CURVE('',#3026,#3025,#1255,.T.);
#3867=EDGE_CURVE('',#3026,#3027,#182,.T.);
#3868=EDGE_CURVE('',#3028,#3027,#1256,.T.);
#3869=EDGE_CURVE('',#3028,#3029,#183,.T.);
#3870=EDGE_CURVE('',#3030,#3029,#1257,.T.);
#3871=EDGE_CURVE('',#3030,#3031,#184,.T.);
#3872=EDGE_CURVE('',#3032,#3031,#1258,.T.);
#3873=EDGE_CURVE('',#3032,#3033,#185,.T.);
#3874=EDGE_CURVE('',#3034,#3033,#1259,.T.);
#3875=EDGE_CURVE('',#3034,#3035,#186,.T.);
#3876=EDGE_CURVE('',#3036,#3035,#1260,.T.);
#3877=EDGE_CURVE('',#3036,#3037,#187,.T.);
#3878=EDGE_CURVE('',#3038,#3037,#1261,.T.);
#3879=EDGE_CURVE('',#3038,#3039,#188,.T.);
#3880=EDGE_CURVE('',#3040,#3039,#1262,.T.);
#3881=EDGE_CURVE('',#3040,#3041,#189,.T.);
#3882=EDGE_CURVE('',#3042,#3041,#1263,.T.);
#3883=EDGE_CURVE('',#3042,#3043,#190,.T.);
#3884=EDGE_CURVE('',#3044,#3043,#1264,.T.);
#3885=EDGE_CURVE('',#3044,#3045,#191,.T.);
#3886=EDGE_CURVE('',#3046,#3045,#1265,.T.);
#3887=EDGE_CURVE('',#3046,#3047,#192,.T.);
#3888=EDGE_CURVE('',#3048,#3047,#1266,.T.);
#3889=EDGE_CURVE('',#3048,#3049,#193,.T.);
#3890=EDGE_CURVE('',#3050,#3049,#1267,.T.);
#3891=EDGE_CURVE('',#3050,#3051,#194,.T.);
#3892=EDGE_CURVE('',#3052,#3051,#1268,.T.);
#3893=EDGE_CURVE('',#3052,#3053,#195,.T.);
#3894=EDGE_CURVE('',#3054,#3053,#1269,.T.);
#3895=EDGE_CURVE('',#3054,#3055,#196,.T.);
#3896=EDGE_CURVE('',#3056,#3055,#1270,.T.);
#3897=EDGE_CURVE('',#3056,#3057,#197,.T.);
#3898=EDGE_CURVE('',#3058,#3057,#1271,.T.);
#3899=EDGE_CURVE('',#3058,#3059,#198,.T.);
#3900=EDGE_CURVE('',#3060,#3059,#1272,.T.);
#3901=EDGE_CURVE('',#3060,#3061,#199,.T.);
#3902=EDGE_CURVE('',#3062,#3061,#1273,.T.);
#3903=EDGE_CURVE('',#3062,#3063,#200,.T.);
#3904=EDGE_CURVE('',#3064,#3063,#1274,.T.);
#3905=EDGE_CURVE('',#3064,#3065,#201,.T.);
#3906=EDGE_CURVE('',#2946,#3065,#1275,.T.);
#3907=EDGE_CURVE('',#3066,#3066,#1276,.T.);
#3908=EDGE_CURVE('',#3066,#2945,#1759,.T.);
#3909=EDGE_CURVE('',#3026,#2856,#1760,.T.);
#3910=EDGE_CURVE('',#3027,#2855,#1761,.T.);
#3911=EDGE_CURVE('',#2986,#2896,#1762,.T.);
#3912=EDGE_CURVE('',#2987,#2895,#1763,.T.);
#3913=EDGE_CURVE('',#3002,#2880,#1764,.T.);
#3914=EDGE_CURVE('',#3003,#2879,#1765,.T.);
#3915=EDGE_CURVE('',#3024,#2858,#1766,.T.);
#3916=EDGE_CURVE('',#3025,#2857,#1767,.T.);
#3917=EDGE_CURVE('',#3018,#2864,#1768,.T.);
#3918=EDGE_CURVE('',#3019,#2863,#1769,.T.);
#3919=EDGE_CURVE('',#3008,#2874,#1770,.T.);
#3920=EDGE_CURVE('',#3009,#2873,#1771,.T.);
#3921=EDGE_CURVE('',#3012,#2870,#1772,.T.);
#3922=EDGE_CURVE('',#3013,#2869,#1773,.T.);
#3923=EDGE_CURVE('',#3014,#2868,#1774,.T.);
#3924=EDGE_CURVE('',#3015,#2867,#1775,.T.);
#3925=EDGE_CURVE('',#3016,#2866,#1776,.T.);
#3926=EDGE_CURVE('',#3017,#2865,#1777,.T.);
#3927=EDGE_CURVE('',#3010,#2872,#1778,.T.);
#3928=EDGE_CURVE('',#3011,#2871,#1779,.T.);
#3929=EDGE_CURVE('',#3004,#2878,#1780,.T.);
#3930=EDGE_CURVE('',#3005,#2877,#1781,.T.);
#3931=EDGE_CURVE('',#3006,#2876,#1782,.T.);
#3932=EDGE_CURVE('',#3007,#2875,#1783,.T.);
#3933=EDGE_CURVE('',#3022,#2860,#1784,.T.);
#3934=EDGE_CURVE('',#3023,#2859,#1785,.T.);
#3935=EDGE_CURVE('',#3020,#2862,#1786,.T.);
#3936=EDGE_CURVE('',#3021,#2861,#1787,.T.);
#3937=EDGE_CURVE('',#3000,#2882,#1788,.T.);
#3938=EDGE_CURVE('',#3001,#2881,#1789,.T.);
#3939=EDGE_CURVE('',#2996,#2886,#1790,.T.);
#3940=EDGE_CURVE('',#2997,#2885,#1791,.T.);
#3941=EDGE_CURVE('',#2998,#2884,#1792,.T.);
#3942=EDGE_CURVE('',#2999,#2883,#1793,.T.);
#3943=EDGE_CURVE('',#2988,#2894,#1794,.T.);
#3944=EDGE_CURVE('',#2989,#2893,#1795,.T.);
#3945=EDGE_CURVE('',#2992,#2890,#1796,.T.);
#3946=EDGE_CURVE('',#2993,#2889,#1797,.T.);
#3947=EDGE_CURVE('',#2990,#2892,#1798,.T.);
#3948=EDGE_CURVE('',#2991,#2891,#1799,.T.);
#3949=EDGE_CURVE('',#2994,#2888,#1800,.T.);
#3950=EDGE_CURVE('',#2995,#2887,#1801,.T.);
#3951=EDGE_CURVE('',#3056,#2826,#1802,.T.);
#3952=EDGE_CURVE('',#3057,#2825,#1803,.T.);
#3953=EDGE_CURVE('',#3030,#2852,#1804,.T.);
#3954=EDGE_CURVE('',#3031,#2851,#1805,.T.);
#3955=EDGE_CURVE('',#3046,#2836,#1806,.T.);
#3956=EDGE_CURVE('',#3047,#2835,#1807,.T.);
#3957=EDGE_CURVE('',#3052,#2830,#1808,.T.);
#3958=EDGE_CURVE('',#3053,#2829,#1809,.T.);
#3959=EDGE_CURVE('',#3054,#2828,#1810,.T.);
#3960=EDGE_CURVE('',#3055,#2827,#1811,.T.);
#3961=EDGE_CURVE('',#3048,#2834,#1812,.T.);
#3962=EDGE_CURVE('',#3049,#2833,#1813,.T.);
#3963=EDGE_CURVE('',#3050,#2832,#1814,.T.);
#3964=EDGE_CURVE('',#3051,#2831,#1815,.T.);
#3965=EDGE_CURVE('',#3036,#2846,#1816,.T.);
#3966=EDGE_CURVE('',#3037,#2845,#1817,.T.);
#3967=EDGE_CURVE('',#3040,#2842,#1818,.T.);
#3968=EDGE_CURVE('',#3041,#2841,#1819,.T.);
#3969=EDGE_CURVE('',#3042,#2840,#1820,.T.);
#3970=EDGE_CURVE('',#3043,#2839,#1821,.T.);
#3971=EDGE_CURVE('',#3044,#2838,#1822,.T.);
#3972=EDGE_CURVE('',#3045,#2837,#1823,.T.);
#3973=EDGE_CURVE('',#3038,#2844,#1824,.T.);
#3974=EDGE_CURVE('',#3039,#2843,#1825,.T.);
#3975=EDGE_CURVE('',#3034,#2848,#1826,.T.);
#3976=EDGE_CURVE('',#3035,#2847,#1827,.T.);
#3977=EDGE_CURVE('',#3032,#2850,#1828,.T.);
#3978=EDGE_CURVE('',#3033,#2849,#1829,.T.);
#3979=EDGE_CURVE('',#3028,#2854,#1830,.T.);
#3980=EDGE_CURVE('',#3029,#2853,#1831,.T.);
#3981=EDGE_CURVE('',#2960,#2922,#1832,.T.);
#3982=EDGE_CURVE('',#2961,#2921,#1833,.T.);
#3983=EDGE_CURVE('',#2972,#2910,#1834,.T.);
#3984=EDGE_CURVE('',#2973,#2909,#1835,.T.);
#3985=EDGE_CURVE('',#2982,#2900,#1836,.T.);
#3986=EDGE_CURVE('',#2983,#2899,#1837,.T.);
#3987=EDGE_CURVE('',#2984,#2898,#1838,.T.);
#3988=EDGE_CURVE('',#2985,#2897,#1839,.T.);
#3989=EDGE_CURVE('',#2974,#2908,#1840,.T.);
#3990=EDGE_CURVE('',#2975,#2907,#1841,.T.);
#3991=EDGE_CURVE('',#2976,#2906,#1842,.T.);
#3992=EDGE_CURVE('',#2977,#2905,#1843,.T.);
#3993=EDGE_CURVE('',#2980,#2902,#1844,.T.);
#3994=EDGE_CURVE('',#2981,#2901,#1845,.T.);
#3995=EDGE_CURVE('',#2978,#2904,#1846,.T.);
#3996=EDGE_CURVE('',#2979,#2903,#1847,.T.);
#3997=EDGE_CURVE('',#2962,#2920,#1848,.T.);
#3998=EDGE_CURVE('',#2963,#2919,#1849,.T.);
#3999=EDGE_CURVE('',#2966,#2916,#1850,.T.);
#4000=EDGE_CURVE('',#2967,#2915,#1851,.T.);
#4001=EDGE_CURVE('',#2964,#2918,#1852,.T.);
#4002=EDGE_CURVE('',#2965,#2917,#1853,.T.);
#4003=EDGE_CURVE('',#2968,#2914,#1854,.T.);
#4004=EDGE_CURVE('',#2969,#2913,#1855,.T.);
#4005=EDGE_CURVE('',#2970,#2912,#1856,.T.);
#4006=EDGE_CURVE('',#2971,#2911,#1857,.T.);
#4007=EDGE_CURVE('',#3060,#2822,#1858,.T.);
#4008=EDGE_CURVE('',#3061,#2821,#1859,.T.);
#4009=EDGE_CURVE('',#3058,#2824,#1860,.T.);
#4010=EDGE_CURVE('',#3059,#2823,#1861,.T.);
#4011=EDGE_CURVE('',#3062,#2820,#1862,.T.);
#4012=EDGE_CURVE('',#3063,#2819,#1863,.T.);
#4013=EDGE_CURVE('',#2948,#2934,#1864,.T.);
#4014=EDGE_CURVE('',#2949,#2933,#1865,.T.);
#4015=EDGE_CURVE('',#2954,#2928,#1866,.T.);
#4016=EDGE_CURVE('',#2955,#2927,#1867,.T.);
#4017=EDGE_CURVE('',#2950,#2932,#1868,.T.);
#4018=EDGE_CURVE('',#2951,#2931,#1869,.T.);
#4019=EDGE_CURVE('',#2952,#2930,#1870,.T.);
#4020=EDGE_CURVE('',#2953,#2929,#1871,.T.);
#4021=EDGE_CURVE('',#2958,#2924,#1872,.T.);
#4022=EDGE_CURVE('',#2959,#2923,#1873,.T.);
#4023=EDGE_CURVE('',#2956,#2926,#1874,.T.);
#4024=EDGE_CURVE('',#2957,#2925,#1875,.T.);
#4025=EDGE_CURVE('',#2946,#2816,#1876,.T.);
#4026=EDGE_CURVE('',#2947,#2815,#1877,.T.);
#4027=EDGE_CURVE('',#3064,#2818,#1878,.T.);
#4028=EDGE_CURVE('',#3065,#2817,#1879,.T.);
#4029=ORIENTED_EDGE('',*,*,#3067,.T.);
#4030=ORIENTED_EDGE('',*,*,#3068,.T.);
#4031=ORIENTED_EDGE('',*,*,#3069,.F.);
#4032=ORIENTED_EDGE('',*,*,#3070,.T.);
#4033=ORIENTED_EDGE('',*,*,#3071,.T.);
#4034=ORIENTED_EDGE('',*,*,#3072,.T.);
#4035=ORIENTED_EDGE('',*,*,#3067,.F.);
#4036=ORIENTED_EDGE('',*,*,#3073,.T.);
#4037=ORIENTED_EDGE('',*,*,#3074,.T.);
#4038=ORIENTED_EDGE('',*,*,#3075,.T.);
#4039=ORIENTED_EDGE('',*,*,#3071,.F.);
#4040=ORIENTED_EDGE('',*,*,#3076,.T.);
#4041=ORIENTED_EDGE('',*,*,#3077,.T.);
#4042=ORIENTED_EDGE('',*,*,#3078,.T.);
#4043=ORIENTED_EDGE('',*,*,#3074,.F.);
#4044=ORIENTED_EDGE('',*,*,#3079,.T.);
#4045=ORIENTED_EDGE('',*,*,#3080,.T.);
#4046=ORIENTED_EDGE('',*,*,#3081,.T.);
#4047=ORIENTED_EDGE('',*,*,#3077,.F.);
#4048=ORIENTED_EDGE('',*,*,#3082,.T.);
#4049=ORIENTED_EDGE('',*,*,#3083,.T.);
#4050=ORIENTED_EDGE('',*,*,#3084,.T.);
#4051=ORIENTED_EDGE('',*,*,#3080,.F.);
#4052=ORIENTED_EDGE('',*,*,#3085,.T.);
#4053=ORIENTED_EDGE('',*,*,#3086,.T.);
#4054=ORIENTED_EDGE('',*,*,#3087,.T.);
#4055=ORIENTED_EDGE('',*,*,#3083,.F.);
#4056=ORIENTED_EDGE('',*,*,#3088,.T.);
#4057=ORIENTED_EDGE('',*,*,#3089,.T.);
#4058=ORIENTED_EDGE('',*,*,#3090,.T.);
#4059=ORIENTED_EDGE('',*,*,#3086,.F.);
#4060=ORIENTED_EDGE('',*,*,#3091,.T.);
#4061=ORIENTED_EDGE('',*,*,#3092,.F.);
#4062=ORIENTED_EDGE('',*,*,#3093,.T.);
#4063=ORIENTED_EDGE('',*,*,#3094,.F.);
#4064=ORIENTED_EDGE('',*,*,#3095,.T.);
#4065=ORIENTED_EDGE('',*,*,#3096,.T.);
#4066=ORIENTED_EDGE('',*,*,#3097,.T.);
#4067=ORIENTED_EDGE('',*,*,#3098,.F.);
#4068=ORIENTED_EDGE('',*,*,#3099,.F.);
#4069=ORIENTED_EDGE('',*,*,#3100,.T.);
#4070=ORIENTED_EDGE('',*,*,#3101,.T.);
#4071=ORIENTED_EDGE('',*,*,#3096,.F.);
#4072=ORIENTED_EDGE('',*,*,#3102,.F.);
#4073=ORIENTED_EDGE('',*,*,#3103,.T.);
#4074=ORIENTED_EDGE('',*,*,#3104,.T.);
#4075=ORIENTED_EDGE('',*,*,#3100,.F.);
#4076=ORIENTED_EDGE('',*,*,#3105,.F.);
#4077=ORIENTED_EDGE('',*,*,#3106,.T.);
#4078=ORIENTED_EDGE('',*,*,#3107,.T.);
#4079=ORIENTED_EDGE('',*,*,#3103,.F.);
#4080=ORIENTED_EDGE('',*,*,#3108,.F.);
#4081=ORIENTED_EDGE('',*,*,#3109,.T.);
#4082=ORIENTED_EDGE('',*,*,#3110,.T.);
#4083=ORIENTED_EDGE('',*,*,#3106,.F.);
#4084=ORIENTED_EDGE('',*,*,#3111,.F.);
#4085=ORIENTED_EDGE('',*,*,#3112,.T.);
#4086=ORIENTED_EDGE('',*,*,#3113,.T.);
#4087=ORIENTED_EDGE('',*,*,#3109,.F.);
#4088=ORIENTED_EDGE('',*,*,#3114,.F.);
#4089=ORIENTED_EDGE('',*,*,#3115,.T.);
#4090=ORIENTED_EDGE('',*,*,#3116,.T.);
#4091=ORIENTED_EDGE('',*,*,#3112,.F.);
#4092=ORIENTED_EDGE('',*,*,#3117,.F.);
#4093=ORIENTED_EDGE('',*,*,#3118,.T.);
#4094=ORIENTED_EDGE('',*,*,#3119,.T.);
#4095=ORIENTED_EDGE('',*,*,#3115,.F.);
#4096=ORIENTED_EDGE('',*,*,#3120,.F.);
#4097=ORIENTED_EDGE('',*,*,#3121,.T.);
#4098=ORIENTED_EDGE('',*,*,#3122,.T.);
#4099=ORIENTED_EDGE('',*,*,#3118,.F.);
#4100=ORIENTED_EDGE('',*,*,#3123,.F.);
#4101=ORIENTED_EDGE('',*,*,#3124,.F.);
#4102=ORIENTED_EDGE('',*,*,#3125,.F.);
#4103=ORIENTED_EDGE('',*,*,#3126,.F.);
#4104=ORIENTED_EDGE('',*,*,#3127,.T.);
#4105=ORIENTED_EDGE('',*,*,#3128,.F.);
#4106=ORIENTED_EDGE('',*,*,#3129,.F.);
#4107=ORIENTED_EDGE('',*,*,#3130,.F.);
#4108=ORIENTED_EDGE('',*,*,#3131,.F.);
#4109=ORIENTED_EDGE('',*,*,#3132,.F.);
#4110=ORIENTED_EDGE('',*,*,#3133,.F.);
#4111=ORIENTED_EDGE('',*,*,#3134,.F.);
#4112=ORIENTED_EDGE('',*,*,#3135,.F.);
#4113=ORIENTED_EDGE('',*,*,#3136,.F.);
#4114=ORIENTED_EDGE('',*,*,#3137,.F.);
#4115=ORIENTED_EDGE('',*,*,#3138,.F.);
#4116=ORIENTED_EDGE('',*,*,#3139,.F.);
#4117=ORIENTED_EDGE('',*,*,#3140,.F.);
#4118=ORIENTED_EDGE('',*,*,#3141,.F.);
#4119=ORIENTED_EDGE('',*,*,#3142,.F.);
#4120=ORIENTED_EDGE('',*,*,#3143,.F.);
#4121=ORIENTED_EDGE('',*,*,#3144,.F.);
#4122=ORIENTED_EDGE('',*,*,#3145,.F.);
#4123=ORIENTED_EDGE('',*,*,#3146,.F.);
#4124=ORIENTED_EDGE('',*,*,#3147,.F.);
#4125=ORIENTED_EDGE('',*,*,#3148,.F.);
#4126=ORIENTED_EDGE('',*,*,#3149,.F.);
#4127=ORIENTED_EDGE('',*,*,#3150,.F.);
#4128=ORIENTED_EDGE('',*,*,#3151,.F.);
#4129=ORIENTED_EDGE('',*,*,#3152,.F.);
#4130=ORIENTED_EDGE('',*,*,#3153,.F.);
#4131=ORIENTED_EDGE('',*,*,#3154,.F.);
#4132=ORIENTED_EDGE('',*,*,#3155,.F.);
#4133=ORIENTED_EDGE('',*,*,#3156,.F.);
#4134=ORIENTED_EDGE('',*,*,#3157,.F.);
#4135=ORIENTED_EDGE('',*,*,#3158,.F.);
#4136=ORIENTED_EDGE('',*,*,#3159,.F.);
#4137=ORIENTED_EDGE('',*,*,#3160,.F.);
#4138=ORIENTED_EDGE('',*,*,#3161,.F.);
#4139=ORIENTED_EDGE('',*,*,#3162,.F.);
#4140=ORIENTED_EDGE('',*,*,#3163,.F.);
#4141=ORIENTED_EDGE('',*,*,#3164,.F.);
#4142=ORIENTED_EDGE('',*,*,#3165,.F.);
#4143=ORIENTED_EDGE('',*,*,#3166,.F.);
#4144=ORIENTED_EDGE('',*,*,#3167,.F.);
#4145=ORIENTED_EDGE('',*,*,#3168,.T.);
#4146=ORIENTED_EDGE('',*,*,#3169,.F.);
#4147=ORIENTED_EDGE('',*,*,#3170,.T.);
#4148=ORIENTED_EDGE('',*,*,#3171,.T.);
#4149=ORIENTED_EDGE('',*,*,#3172,.T.);
#4150=ORIENTED_EDGE('',*,*,#3173,.F.);
#4151=ORIENTED_EDGE('',*,*,#3174,.T.);
#4152=ORIENTED_EDGE('',*,*,#3175,.T.);
#4153=ORIENTED_EDGE('',*,*,#3176,.T.);
#4154=ORIENTED_EDGE('',*,*,#3177,.F.);
#4155=ORIENTED_EDGE('',*,*,#3178,.T.);
#4156=ORIENTED_EDGE('',*,*,#3179,.T.);
#4157=ORIENTED_EDGE('',*,*,#3180,.T.);
#4158=ORIENTED_EDGE('',*,*,#3181,.F.);
#4159=ORIENTED_EDGE('',*,*,#3182,.T.);
#4160=ORIENTED_EDGE('',*,*,#3133,.T.);
#4161=ORIENTED_EDGE('',*,*,#3183,.T.);
#4162=ORIENTED_EDGE('',*,*,#3184,.F.);
#4163=ORIENTED_EDGE('',*,*,#3185,.T.);
#4164=ORIENTED_EDGE('',*,*,#3186,.T.);
#4165=ORIENTED_EDGE('',*,*,#3187,.T.);
#4166=ORIENTED_EDGE('',*,*,#3188,.F.);
#4167=ORIENTED_EDGE('',*,*,#3189,.T.);
#4168=ORIENTED_EDGE('',*,*,#3190,.T.);
#4169=ORIENTED_EDGE('',*,*,#3191,.T.);
#4170=ORIENTED_EDGE('',*,*,#3192,.T.);
#4171=ORIENTED_EDGE('',*,*,#3193,.F.);
#4172=ORIENTED_EDGE('',*,*,#3194,.F.);
#4173=ORIENTED_EDGE('',*,*,#3195,.F.);
#4174=ORIENTED_EDGE('',*,*,#3196,.F.);
#4175=ORIENTED_EDGE('',*,*,#3197,.F.);
#4176=ORIENTED_EDGE('',*,*,#3198,.F.);
#4177=ORIENTED_EDGE('',*,*,#3192,.F.);
#4178=ORIENTED_EDGE('',*,*,#3199,.T.);
#4179=ORIENTED_EDGE('',*,*,#3200,.T.);
#4180=ORIENTED_EDGE('',*,*,#3201,.F.);
#4181=ORIENTED_EDGE('',*,*,#3202,.T.);
#4182=ORIENTED_EDGE('',*,*,#3203,.T.);
#4183=ORIENTED_EDGE('',*,*,#3204,.T.);
#4184=ORIENTED_EDGE('',*,*,#3205,.F.);
#4185=ORIENTED_EDGE('',*,*,#3206,.T.);
#4186=ORIENTED_EDGE('',*,*,#3137,.T.);
#4187=ORIENTED_EDGE('',*,*,#3207,.T.);
#4188=ORIENTED_EDGE('',*,*,#3208,.F.);
#4189=ORIENTED_EDGE('',*,*,#3209,.T.);
#4190=ORIENTED_EDGE('',*,*,#3210,.T.);
#4191=ORIENTED_EDGE('',*,*,#3211,.T.);
#4192=ORIENTED_EDGE('',*,*,#3212,.F.);
#4193=ORIENTED_EDGE('',*,*,#3213,.T.);
#4194=ORIENTED_EDGE('',*,*,#3214,.T.);
#4195=ORIENTED_EDGE('',*,*,#3215,.T.);
#4196=ORIENTED_EDGE('',*,*,#3216,.F.);
#4197=ORIENTED_EDGE('',*,*,#3217,.T.);
#4198=ORIENTED_EDGE('',*,*,#3218,.T.);
#4199=ORIENTED_EDGE('',*,*,#3219,.T.);
#4200=ORIENTED_EDGE('',*,*,#3220,.F.);
#4201=ORIENTED_EDGE('',*,*,#3221,.T.);
#4202=ORIENTED_EDGE('',*,*,#3141,.T.);
#4203=ORIENTED_EDGE('',*,*,#3222,.T.);
#4204=ORIENTED_EDGE('',*,*,#3223,.F.);
#4205=ORIENTED_EDGE('',*,*,#3224,.T.);
#4206=ORIENTED_EDGE('',*,*,#3225,.T.);
#4207=ORIENTED_EDGE('',*,*,#3226,.T.);
#4208=ORIENTED_EDGE('',*,*,#3227,.F.);
#4209=ORIENTED_EDGE('',*,*,#3228,.T.);
#4210=ORIENTED_EDGE('',*,*,#3229,.T.);
#4211=ORIENTED_EDGE('',*,*,#3230,.T.);
#4212=ORIENTED_EDGE('',*,*,#3231,.F.);
#4213=ORIENTED_EDGE('',*,*,#3232,.T.);
#4214=ORIENTED_EDGE('',*,*,#3233,.T.);
#4215=ORIENTED_EDGE('',*,*,#3234,.T.);
#4216=ORIENTED_EDGE('',*,*,#3235,.F.);
#4217=ORIENTED_EDGE('',*,*,#3236,.T.);
#4218=ORIENTED_EDGE('',*,*,#3237,.T.);
#4219=ORIENTED_EDGE('',*,*,#3238,.T.);
#4220=ORIENTED_EDGE('',*,*,#3239,.T.);
#4221=ORIENTED_EDGE('',*,*,#3240,.F.);
#4222=ORIENTED_EDGE('',*,*,#3241,.T.);
#4223=ORIENTED_EDGE('',*,*,#3242,.T.);
#4224=ORIENTED_EDGE('',*,*,#3243,.T.);
#4225=ORIENTED_EDGE('',*,*,#3244,.F.);
#4226=ORIENTED_EDGE('',*,*,#3245,.T.);
#4227=ORIENTED_EDGE('',*,*,#3246,.T.);
#4228=ORIENTED_EDGE('',*,*,#3247,.T.);
#4229=ORIENTED_EDGE('',*,*,#3248,.F.);
#4230=ORIENTED_EDGE('',*,*,#3249,.T.);
#4231=ORIENTED_EDGE('',*,*,#3250,.T.);
#4232=ORIENTED_EDGE('',*,*,#3251,.T.);
#4233=ORIENTED_EDGE('',*,*,#3252,.F.);
#4234=ORIENTED_EDGE('',*,*,#3253,.T.);
#4235=ORIENTED_EDGE('',*,*,#3145,.T.);
#4236=ORIENTED_EDGE('',*,*,#3254,.T.);
#4237=ORIENTED_EDGE('',*,*,#3255,.F.);
#4238=ORIENTED_EDGE('',*,*,#3256,.T.);
#4239=ORIENTED_EDGE('',*,*,#3257,.T.);
#4240=ORIENTED_EDGE('',*,*,#3258,.T.);
#4241=ORIENTED_EDGE('',*,*,#3259,.F.);
#4242=ORIENTED_EDGE('',*,*,#3260,.T.);
#4243=ORIENTED_EDGE('',*,*,#3261,.T.);
#4244=ORIENTED_EDGE('',*,*,#3262,.T.);
#4245=ORIENTED_EDGE('',*,*,#3263,.F.);
#4246=ORIENTED_EDGE('',*,*,#3264,.T.);
#4247=ORIENTED_EDGE('',*,*,#3265,.T.);
#4248=ORIENTED_EDGE('',*,*,#3266,.T.);
#4249=ORIENTED_EDGE('',*,*,#3267,.F.);
#4250=ORIENTED_EDGE('',*,*,#3268,.T.);
#4251=ORIENTED_EDGE('',*,*,#3149,.T.);
#4252=ORIENTED_EDGE('',*,*,#3269,.T.);
#4253=ORIENTED_EDGE('',*,*,#3270,.F.);
#4254=ORIENTED_EDGE('',*,*,#3271,.T.);
#4255=ORIENTED_EDGE('',*,*,#3272,.T.);
#4256=ORIENTED_EDGE('',*,*,#3273,.T.);
#4257=ORIENTED_EDGE('',*,*,#3274,.F.);
#4258=ORIENTED_EDGE('',*,*,#3275,.T.);
#4259=ORIENTED_EDGE('',*,*,#3276,.T.);
#4260=ORIENTED_EDGE('',*,*,#3277,.T.);
#4261=ORIENTED_EDGE('',*,*,#3278,.F.);
#4262=ORIENTED_EDGE('',*,*,#3279,.T.);
#4263=ORIENTED_EDGE('',*,*,#3280,.T.);
#4264=ORIENTED_EDGE('',*,*,#3281,.T.);
#4265=ORIENTED_EDGE('',*,*,#3282,.F.);
#4266=ORIENTED_EDGE('',*,*,#3283,.T.);
#4267=ORIENTED_EDGE('',*,*,#3153,.T.);
#4268=ORIENTED_EDGE('',*,*,#3284,.T.);
#4269=ORIENTED_EDGE('',*,*,#3285,.F.);
#4270=ORIENTED_EDGE('',*,*,#3286,.T.);
#4271=ORIENTED_EDGE('',*,*,#3287,.T.);
#4272=ORIENTED_EDGE('',*,*,#3288,.T.);
#4273=ORIENTED_EDGE('',*,*,#3289,.F.);
#4274=ORIENTED_EDGE('',*,*,#3290,.T.);
#4275=ORIENTED_EDGE('',*,*,#3291,.T.);
#4276=ORIENTED_EDGE('',*,*,#3292,.T.);
#4277=ORIENTED_EDGE('',*,*,#3293,.F.);
#4278=ORIENTED_EDGE('',*,*,#3294,.T.);
#4279=ORIENTED_EDGE('',*,*,#3295,.T.);
#4280=ORIENTED_EDGE('',*,*,#3296,.T.);
#4281=ORIENTED_EDGE('',*,*,#3297,.F.);
#4282=ORIENTED_EDGE('',*,*,#3298,.T.);
#4283=ORIENTED_EDGE('',*,*,#3157,.T.);
#4284=ORIENTED_EDGE('',*,*,#3299,.T.);
#4285=ORIENTED_EDGE('',*,*,#3300,.F.);
#4286=ORIENTED_EDGE('',*,*,#3301,.T.);
#4287=ORIENTED_EDGE('',*,*,#3302,.T.);
#4288=ORIENTED_EDGE('',*,*,#3303,.T.);
#4289=ORIENTED_EDGE('',*,*,#3304,.F.);
#4290=ORIENTED_EDGE('',*,*,#3305,.T.);
#4291=ORIENTED_EDGE('',*,*,#3306,.T.);
#4292=ORIENTED_EDGE('',*,*,#3307,.T.);
#4293=ORIENTED_EDGE('',*,*,#3308,.F.);
#4294=ORIENTED_EDGE('',*,*,#3309,.T.);
#4295=ORIENTED_EDGE('',*,*,#3310,.T.);
#4296=ORIENTED_EDGE('',*,*,#3311,.T.);
#4297=ORIENTED_EDGE('',*,*,#3312,.F.);
#4298=ORIENTED_EDGE('',*,*,#3313,.T.);
#4299=ORIENTED_EDGE('',*,*,#3161,.T.);
#4300=ORIENTED_EDGE('',*,*,#3314,.T.);
#4301=ORIENTED_EDGE('',*,*,#3315,.F.);
#4302=ORIENTED_EDGE('',*,*,#3316,.T.);
#4303=ORIENTED_EDGE('',*,*,#3317,.T.);
#4304=ORIENTED_EDGE('',*,*,#3318,.T.);
#4305=ORIENTED_EDGE('',*,*,#3319,.F.);
#4306=ORIENTED_EDGE('',*,*,#3320,.T.);
#4307=ORIENTED_EDGE('',*,*,#3165,.T.);
#4308=ORIENTED_EDGE('',*,*,#3321,.T.);
#4309=ORIENTED_EDGE('',*,*,#3322,.F.);
#4310=ORIENTED_EDGE('',*,*,#3323,.T.);
#4311=ORIENTED_EDGE('',*,*,#3324,.T.);
#4312=ORIENTED_EDGE('',*,*,#3325,.T.);
#4313=ORIENTED_EDGE('',*,*,#3326,.F.);
#4314=ORIENTED_EDGE('',*,*,#3327,.T.);
#4315=ORIENTED_EDGE('',*,*,#3129,.T.);
#4316=ORIENTED_EDGE('',*,*,#3328,.F.);
#4317=ORIENTED_EDGE('',*,*,#3175,.F.);
#4318=ORIENTED_EDGE('',*,*,#3329,.F.);
#4319=ORIENTED_EDGE('',*,*,#3330,.F.);
#4320=ORIENTED_EDGE('',*,*,#3331,.F.);
#4321=ORIENTED_EDGE('',*,*,#3332,.T.);
#4322=ORIENTED_EDGE('',*,*,#3190,.F.);
#4323=ORIENTED_EDGE('',*,*,#3333,.T.);
#4324=ORIENTED_EDGE('',*,*,#3334,.T.);
#4325=ORIENTED_EDGE('',*,*,#3335,.T.);
#4326=ORIENTED_EDGE('',*,*,#3199,.F.);
#4327=ORIENTED_EDGE('',*,*,#3191,.F.);
#4328=ORIENTED_EDGE('',*,*,#3332,.F.);
#4329=ORIENTED_EDGE('',*,*,#3336,.F.);
#4330=ORIENTED_EDGE('',*,*,#3337,.F.);
#4331=ORIENTED_EDGE('',*,*,#3338,.F.);
#4332=ORIENTED_EDGE('',*,*,#3214,.F.);
#4333=ORIENTED_EDGE('',*,*,#3339,.F.);
#4334=ORIENTED_EDGE('',*,*,#3340,.F.);
#4335=ORIENTED_EDGE('',*,*,#3341,.F.);
#4336=ORIENTED_EDGE('',*,*,#3229,.F.);
#4337=ORIENTED_EDGE('',*,*,#3342,.F.);
#4338=ORIENTED_EDGE('',*,*,#3343,.F.);
#4339=ORIENTED_EDGE('',*,*,#3344,.F.);
#4340=ORIENTED_EDGE('',*,*,#3345,.T.);
#4341=ORIENTED_EDGE('',*,*,#3237,.F.);
#4342=ORIENTED_EDGE('',*,*,#3346,.T.);
#4343=ORIENTED_EDGE('',*,*,#3347,.T.);
#4344=ORIENTED_EDGE('',*,*,#3348,.T.);
#4345=ORIENTED_EDGE('',*,*,#3238,.F.);
#4346=ORIENTED_EDGE('',*,*,#3345,.F.);
#4347=ORIENTED_EDGE('',*,*,#3349,.F.);
#4348=ORIENTED_EDGE('',*,*,#3246,.F.);
#4349=ORIENTED_EDGE('',*,*,#3350,.F.);
#4350=ORIENTED_EDGE('',*,*,#3351,.F.);
#4351=ORIENTED_EDGE('',*,*,#3352,.F.);
#4352=ORIENTED_EDGE('',*,*,#3261,.F.);
#4353=ORIENTED_EDGE('',*,*,#3353,.F.);
#4354=ORIENTED_EDGE('',*,*,#3354,.F.);
#4355=ORIENTED_EDGE('',*,*,#3355,.F.);
#4356=ORIENTED_EDGE('',*,*,#3276,.F.);
#4357=ORIENTED_EDGE('',*,*,#3356,.F.);
#4358=ORIENTED_EDGE('',*,*,#3357,.F.);
#4359=ORIENTED_EDGE('',*,*,#3358,.F.);
#4360=ORIENTED_EDGE('',*,*,#3291,.F.);
#4361=ORIENTED_EDGE('',*,*,#3359,.F.);
#4362=ORIENTED_EDGE('',*,*,#3360,.F.);
#4363=ORIENTED_EDGE('',*,*,#3361,.F.);
#4364=ORIENTED_EDGE('',*,*,#3306,.F.);
#4365=ORIENTED_EDGE('',*,*,#3362,.F.);
#4366=ORIENTED_EDGE('',*,*,#3363,.F.);
#4367=ORIENTED_EDGE('',*,*,#3364,.F.);
#4368=ORIENTED_EDGE('',*,*,#3365,.T.);
#4369=ORIENTED_EDGE('',*,*,#3366,.T.);
#4370=ORIENTED_EDGE('',*,*,#3316,.F.);
#4371=ORIENTED_EDGE('',*,*,#3367,.F.);
#4372=ORIENTED_EDGE('',*,*,#3368,.T.);
#4373=ORIENTED_EDGE('',*,*,#3369,.T.);
#4374=ORIENTED_EDGE('',*,*,#3365,.F.);
#4375=ORIENTED_EDGE('',*,*,#3370,.F.);
#4376=ORIENTED_EDGE('',*,*,#3318,.F.);
#4377=ORIENTED_EDGE('',*,*,#3371,.T.);
#4378=ORIENTED_EDGE('',*,*,#3368,.F.);
#4379=ORIENTED_EDGE('',*,*,#3371,.F.);
#4380=ORIENTED_EDGE('',*,*,#3317,.F.);
#4381=ORIENTED_EDGE('',*,*,#3366,.F.);
#4382=ORIENTED_EDGE('',*,*,#3369,.F.);
#4383=ORIENTED_EDGE('',*,*,#3370,.T.);
#4384=ORIENTED_EDGE('',*,*,#3367,.T.);
#4385=ORIENTED_EDGE('',*,*,#3364,.T.);
#4386=ORIENTED_EDGE('',*,*,#3315,.T.);
#4387=ORIENTED_EDGE('',*,*,#3372,.T.);
#4388=ORIENTED_EDGE('',*,*,#3373,.T.);
#4389=ORIENTED_EDGE('',*,*,#3374,.T.);
#4390=ORIENTED_EDGE('',*,*,#3312,.T.);
#4391=ORIENTED_EDGE('',*,*,#3375,.T.);
#4392=ORIENTED_EDGE('',*,*,#3376,.T.);
#4393=ORIENTED_EDGE('',*,*,#3377,.T.);
#4394=ORIENTED_EDGE('',*,*,#3308,.T.);
#4395=ORIENTED_EDGE('',*,*,#3378,.T.);
#4396=ORIENTED_EDGE('',*,*,#3379,.T.);
#4397=ORIENTED_EDGE('',*,*,#3380,.T.);
#4398=ORIENTED_EDGE('',*,*,#3304,.T.);
#4399=ORIENTED_EDGE('',*,*,#3381,.T.);
#4400=ORIENTED_EDGE('',*,*,#3382,.T.);
#4401=ORIENTED_EDGE('',*,*,#3383,.T.);
#4402=ORIENTED_EDGE('',*,*,#3300,.T.);
#4403=ORIENTED_EDGE('',*,*,#3384,.T.);
#4404=ORIENTED_EDGE('',*,*,#3385,.T.);
#4405=ORIENTED_EDGE('',*,*,#3386,.T.);
#4406=ORIENTED_EDGE('',*,*,#3297,.T.);
#4407=ORIENTED_EDGE('',*,*,#3387,.T.);
#4408=ORIENTED_EDGE('',*,*,#3388,.T.);
#4409=ORIENTED_EDGE('',*,*,#3389,.T.);
#4410=ORIENTED_EDGE('',*,*,#3293,.T.);
#4411=ORIENTED_EDGE('',*,*,#3390,.T.);
#4412=ORIENTED_EDGE('',*,*,#3391,.T.);
#4413=ORIENTED_EDGE('',*,*,#3392,.T.);
#4414=ORIENTED_EDGE('',*,*,#3289,.T.);
#4415=ORIENTED_EDGE('',*,*,#3393,.T.);
#4416=ORIENTED_EDGE('',*,*,#3394,.T.);
#4417=ORIENTED_EDGE('',*,*,#3395,.T.);
#4418=ORIENTED_EDGE('',*,*,#3285,.T.);
#4419=ORIENTED_EDGE('',*,*,#3396,.T.);
#4420=ORIENTED_EDGE('',*,*,#3397,.T.);
#4421=ORIENTED_EDGE('',*,*,#3398,.T.);
#4422=ORIENTED_EDGE('',*,*,#3282,.T.);
#4423=ORIENTED_EDGE('',*,*,#3399,.T.);
#4424=ORIENTED_EDGE('',*,*,#3400,.T.);
#4425=ORIENTED_EDGE('',*,*,#3401,.T.);
#4426=ORIENTED_EDGE('',*,*,#3278,.T.);
#4427=ORIENTED_EDGE('',*,*,#3402,.T.);
#4428=ORIENTED_EDGE('',*,*,#3403,.T.);
#4429=ORIENTED_EDGE('',*,*,#3404,.T.);
#4430=ORIENTED_EDGE('',*,*,#3274,.T.);
#4431=ORIENTED_EDGE('',*,*,#3405,.T.);
#4432=ORIENTED_EDGE('',*,*,#3406,.T.);
#4433=ORIENTED_EDGE('',*,*,#3407,.T.);
#4434=ORIENTED_EDGE('',*,*,#3270,.T.);
#4435=ORIENTED_EDGE('',*,*,#3408,.T.);
#4436=ORIENTED_EDGE('',*,*,#3409,.T.);
#4437=ORIENTED_EDGE('',*,*,#3410,.T.);
#4438=ORIENTED_EDGE('',*,*,#3267,.T.);
#4439=ORIENTED_EDGE('',*,*,#3411,.T.);
#4440=ORIENTED_EDGE('',*,*,#3412,.T.);
#4441=ORIENTED_EDGE('',*,*,#3413,.T.);
#4442=ORIENTED_EDGE('',*,*,#3263,.T.);
#4443=ORIENTED_EDGE('',*,*,#3414,.T.);
#4444=ORIENTED_EDGE('',*,*,#3415,.T.);
#4445=ORIENTED_EDGE('',*,*,#3416,.T.);
#4446=ORIENTED_EDGE('',*,*,#3259,.T.);
#4447=ORIENTED_EDGE('',*,*,#3417,.T.);
#4448=ORIENTED_EDGE('',*,*,#3418,.T.);
#4449=ORIENTED_EDGE('',*,*,#3419,.T.);
#4450=ORIENTED_EDGE('',*,*,#3255,.T.);
#4451=ORIENTED_EDGE('',*,*,#3420,.T.);
#4452=ORIENTED_EDGE('',*,*,#3421,.T.);
#4453=ORIENTED_EDGE('',*,*,#3422,.T.);
#4454=ORIENTED_EDGE('',*,*,#3252,.T.);
#4455=ORIENTED_EDGE('',*,*,#3423,.T.);
#4456=ORIENTED_EDGE('',*,*,#3424,.T.);
#4457=ORIENTED_EDGE('',*,*,#3425,.T.);
#4458=ORIENTED_EDGE('',*,*,#3248,.T.);
#4459=ORIENTED_EDGE('',*,*,#3426,.T.);
#4460=ORIENTED_EDGE('',*,*,#3427,.T.);
#4461=ORIENTED_EDGE('',*,*,#3428,.T.);
#4462=ORIENTED_EDGE('',*,*,#3244,.T.);
#4463=ORIENTED_EDGE('',*,*,#3429,.T.);
#4464=ORIENTED_EDGE('',*,*,#3430,.T.);
#4465=ORIENTED_EDGE('',*,*,#3431,.T.);
#4466=ORIENTED_EDGE('',*,*,#3240,.T.);
#4467=ORIENTED_EDGE('',*,*,#3432,.T.);
#4468=ORIENTED_EDGE('',*,*,#3433,.T.);
#4469=ORIENTED_EDGE('',*,*,#3434,.T.);
#4470=ORIENTED_EDGE('',*,*,#3235,.T.);
#4471=ORIENTED_EDGE('',*,*,#3435,.T.);
#4472=ORIENTED_EDGE('',*,*,#3436,.T.);
#4473=ORIENTED_EDGE('',*,*,#3437,.T.);
#4474=ORIENTED_EDGE('',*,*,#3231,.T.);
#4475=ORIENTED_EDGE('',*,*,#3438,.T.);
#4476=ORIENTED_EDGE('',*,*,#3439,.T.);
#4477=ORIENTED_EDGE('',*,*,#3440,.T.);
#4478=ORIENTED_EDGE('',*,*,#3227,.T.);
#4479=ORIENTED_EDGE('',*,*,#3441,.T.);
#4480=ORIENTED_EDGE('',*,*,#3442,.T.);
#4481=ORIENTED_EDGE('',*,*,#3443,.T.);
#4482=ORIENTED_EDGE('',*,*,#3223,.T.);
#4483=ORIENTED_EDGE('',*,*,#3444,.T.);
#4484=ORIENTED_EDGE('',*,*,#3445,.T.);
#4485=ORIENTED_EDGE('',*,*,#3446,.T.);
#4486=ORIENTED_EDGE('',*,*,#3220,.T.);
#4487=ORIENTED_EDGE('',*,*,#3447,.T.);
#4488=ORIENTED_EDGE('',*,*,#3448,.T.);
#4489=ORIENTED_EDGE('',*,*,#3449,.T.);
#4490=ORIENTED_EDGE('',*,*,#3216,.T.);
#4491=ORIENTED_EDGE('',*,*,#3450,.T.);
#4492=ORIENTED_EDGE('',*,*,#3451,.T.);
#4493=ORIENTED_EDGE('',*,*,#3452,.T.);
#4494=ORIENTED_EDGE('',*,*,#3212,.T.);
#4495=ORIENTED_EDGE('',*,*,#3453,.T.);
#4496=ORIENTED_EDGE('',*,*,#3454,.T.);
#4497=ORIENTED_EDGE('',*,*,#3455,.T.);
#4498=ORIENTED_EDGE('',*,*,#3208,.T.);
#4499=ORIENTED_EDGE('',*,*,#3456,.T.);
#4500=ORIENTED_EDGE('',*,*,#3457,.T.);
#4501=ORIENTED_EDGE('',*,*,#3458,.T.);
#4502=ORIENTED_EDGE('',*,*,#3205,.T.);
#4503=ORIENTED_EDGE('',*,*,#3459,.T.);
#4504=ORIENTED_EDGE('',*,*,#3460,.T.);
#4505=ORIENTED_EDGE('',*,*,#3461,.T.);
#4506=ORIENTED_EDGE('',*,*,#3201,.T.);
#4507=ORIENTED_EDGE('',*,*,#3462,.T.);
#4508=ORIENTED_EDGE('',*,*,#3463,.T.);
#4509=ORIENTED_EDGE('',*,*,#3464,.T.);
#4510=ORIENTED_EDGE('',*,*,#3188,.T.);
#4511=ORIENTED_EDGE('',*,*,#3465,.T.);
#4512=ORIENTED_EDGE('',*,*,#3466,.T.);
#4513=ORIENTED_EDGE('',*,*,#3467,.T.);
#4514=ORIENTED_EDGE('',*,*,#3184,.T.);
#4515=ORIENTED_EDGE('',*,*,#3468,.T.);
#4516=ORIENTED_EDGE('',*,*,#3469,.T.);
#4517=ORIENTED_EDGE('',*,*,#3470,.T.);
#4518=ORIENTED_EDGE('',*,*,#3181,.T.);
#4519=ORIENTED_EDGE('',*,*,#3471,.T.);
#4520=ORIENTED_EDGE('',*,*,#3472,.T.);
#4521=ORIENTED_EDGE('',*,*,#3473,.T.);
#4522=ORIENTED_EDGE('',*,*,#3177,.T.);
#4523=ORIENTED_EDGE('',*,*,#3474,.T.);
#4524=ORIENTED_EDGE('',*,*,#3475,.T.);
#4525=ORIENTED_EDGE('',*,*,#3476,.T.);
#4526=ORIENTED_EDGE('',*,*,#3173,.T.);
#4527=ORIENTED_EDGE('',*,*,#3477,.T.);
#4528=ORIENTED_EDGE('',*,*,#3478,.T.);
#4529=ORIENTED_EDGE('',*,*,#3479,.T.);
#4530=ORIENTED_EDGE('',*,*,#3169,.T.);
#4531=ORIENTED_EDGE('',*,*,#3480,.T.);
#4532=ORIENTED_EDGE('',*,*,#3481,.T.);
#4533=ORIENTED_EDGE('',*,*,#3482,.T.);
#4534=ORIENTED_EDGE('',*,*,#3326,.T.);
#4535=ORIENTED_EDGE('',*,*,#3483,.T.);
#4536=ORIENTED_EDGE('',*,*,#3484,.T.);
#4537=ORIENTED_EDGE('',*,*,#3485,.T.);
#4538=ORIENTED_EDGE('',*,*,#3322,.T.);
#4539=ORIENTED_EDGE('',*,*,#3486,.T.);
#4540=ORIENTED_EDGE('',*,*,#3487,.T.);
#4541=ORIENTED_EDGE('',*,*,#3488,.T.);
#4542=ORIENTED_EDGE('',*,*,#3319,.T.);
#4543=ORIENTED_EDGE('',*,*,#3489,.T.);
#4544=ORIENTED_EDGE('',*,*,#3488,.F.);
#4545=ORIENTED_EDGE('',*,*,#3490,.T.);
#4546=ORIENTED_EDGE('',*,*,#3166,.T.);
#4547=ORIENTED_EDGE('',*,*,#3320,.F.);
#4548=ORIENTED_EDGE('',*,*,#3487,.F.);
#4549=ORIENTED_EDGE('',*,*,#3491,.T.);
#4550=ORIENTED_EDGE('',*,*,#3167,.T.);
#4551=ORIENTED_EDGE('',*,*,#3490,.F.);
#4552=ORIENTED_EDGE('',*,*,#3486,.F.);
#4553=ORIENTED_EDGE('',*,*,#3321,.F.);
#4554=ORIENTED_EDGE('',*,*,#3164,.T.);
#4555=ORIENTED_EDGE('',*,*,#3491,.F.);
#4556=ORIENTED_EDGE('',*,*,#3485,.F.);
#4557=ORIENTED_EDGE('',*,*,#3492,.T.);
#4558=ORIENTED_EDGE('',*,*,#3493,.T.);
#4559=ORIENTED_EDGE('',*,*,#3323,.F.);
#4560=ORIENTED_EDGE('',*,*,#3484,.F.);
#4561=ORIENTED_EDGE('',*,*,#3494,.T.);
#4562=ORIENTED_EDGE('',*,*,#3495,.T.);
#4563=ORIENTED_EDGE('',*,*,#3492,.F.);
#4564=ORIENTED_EDGE('',*,*,#3483,.F.);
#4565=ORIENTED_EDGE('',*,*,#3325,.F.);
#4566=ORIENTED_EDGE('',*,*,#3496,.T.);
#4567=ORIENTED_EDGE('',*,*,#3494,.F.);
#4568=ORIENTED_EDGE('',*,*,#3496,.F.);
#4569=ORIENTED_EDGE('',*,*,#3324,.F.);
#4570=ORIENTED_EDGE('',*,*,#3493,.F.);
#4571=ORIENTED_EDGE('',*,*,#3495,.F.);
#4572=ORIENTED_EDGE('',*,*,#3482,.F.);
#4573=ORIENTED_EDGE('',*,*,#3497,.T.);
#4574=ORIENTED_EDGE('',*,*,#3130,.T.);
#4575=ORIENTED_EDGE('',*,*,#3327,.F.);
#4576=ORIENTED_EDGE('',*,*,#3481,.F.);
#4577=ORIENTED_EDGE('',*,*,#3498,.T.);
#4578=ORIENTED_EDGE('',*,*,#3131,.T.);
#4579=ORIENTED_EDGE('',*,*,#3497,.F.);
#4580=ORIENTED_EDGE('',*,*,#3480,.F.);
#4581=ORIENTED_EDGE('',*,*,#3168,.F.);
#4582=ORIENTED_EDGE('',*,*,#3128,.T.);
#4583=ORIENTED_EDGE('',*,*,#3498,.F.);
#4584=ORIENTED_EDGE('',*,*,#3479,.F.);
#4585=ORIENTED_EDGE('',*,*,#3499,.T.);
#4586=ORIENTED_EDGE('',*,*,#3500,.T.);
#4587=ORIENTED_EDGE('',*,*,#3170,.F.);
#4588=ORIENTED_EDGE('',*,*,#3478,.F.);
#4589=ORIENTED_EDGE('',*,*,#3501,.T.);
#4590=ORIENTED_EDGE('',*,*,#3502,.T.);
#4591=ORIENTED_EDGE('',*,*,#3499,.F.);
#4592=ORIENTED_EDGE('',*,*,#3477,.F.);
#4593=ORIENTED_EDGE('',*,*,#3172,.F.);
#4594=ORIENTED_EDGE('',*,*,#3503,.T.);
#4595=ORIENTED_EDGE('',*,*,#3501,.F.);
#4596=ORIENTED_EDGE('',*,*,#3503,.F.);
#4597=ORIENTED_EDGE('',*,*,#3171,.F.);
#4598=ORIENTED_EDGE('',*,*,#3500,.F.);
#4599=ORIENTED_EDGE('',*,*,#3502,.F.);
#4600=ORIENTED_EDGE('',*,*,#3476,.F.);
#4601=ORIENTED_EDGE('',*,*,#3504,.T.);
#4602=ORIENTED_EDGE('',*,*,#3329,.T.);
#4603=ORIENTED_EDGE('',*,*,#3174,.F.);
#4604=ORIENTED_EDGE('',*,*,#3475,.F.);
#4605=ORIENTED_EDGE('',*,*,#3505,.T.);
#4606=ORIENTED_EDGE('',*,*,#3330,.T.);
#4607=ORIENTED_EDGE('',*,*,#3504,.F.);
#4608=ORIENTED_EDGE('',*,*,#3474,.F.);
#4609=ORIENTED_EDGE('',*,*,#3176,.F.);
#4610=ORIENTED_EDGE('',*,*,#3328,.T.);
#4611=ORIENTED_EDGE('',*,*,#3505,.F.);
#4612=ORIENTED_EDGE('',*,*,#3473,.F.);
#4613=ORIENTED_EDGE('',*,*,#3506,.T.);
#4614=ORIENTED_EDGE('',*,*,#3507,.T.);
#4615=ORIENTED_EDGE('',*,*,#3178,.F.);
#4616=ORIENTED_EDGE('',*,*,#3472,.F.);
#4617=ORIENTED_EDGE('',*,*,#3508,.T.);
#4618=ORIENTED_EDGE('',*,*,#3509,.T.);
#4619=ORIENTED_EDGE('',*,*,#3506,.F.);
#4620=ORIENTED_EDGE('',*,*,#3471,.F.);
#4621=ORIENTED_EDGE('',*,*,#3180,.F.);
#4622=ORIENTED_EDGE('',*,*,#3510,.T.);
#4623=ORIENTED_EDGE('',*,*,#3508,.F.);
#4624=ORIENTED_EDGE('',*,*,#3510,.F.);
#4625=ORIENTED_EDGE('',*,*,#3179,.F.);
#4626=ORIENTED_EDGE('',*,*,#3507,.F.);
#4627=ORIENTED_EDGE('',*,*,#3509,.F.);
#4628=ORIENTED_EDGE('',*,*,#3470,.F.);
#4629=ORIENTED_EDGE('',*,*,#3511,.T.);
#4630=ORIENTED_EDGE('',*,*,#3134,.T.);
#4631=ORIENTED_EDGE('',*,*,#3182,.F.);
#4632=ORIENTED_EDGE('',*,*,#3469,.F.);
#4633=ORIENTED_EDGE('',*,*,#3512,.T.);
#4634=ORIENTED_EDGE('',*,*,#3135,.T.);
#4635=ORIENTED_EDGE('',*,*,#3511,.F.);
#4636=ORIENTED_EDGE('',*,*,#3468,.F.);
#4637=ORIENTED_EDGE('',*,*,#3183,.F.);
#4638=ORIENTED_EDGE('',*,*,#3132,.T.);
#4639=ORIENTED_EDGE('',*,*,#3512,.F.);
#4640=ORIENTED_EDGE('',*,*,#3467,.F.);
#4641=ORIENTED_EDGE('',*,*,#3513,.T.);
#4642=ORIENTED_EDGE('',*,*,#3514,.T.);
#4643=ORIENTED_EDGE('',*,*,#3185,.F.);
#4644=ORIENTED_EDGE('',*,*,#3466,.F.);
#4645=ORIENTED_EDGE('',*,*,#3515,.T.);
#4646=ORIENTED_EDGE('',*,*,#3516,.T.);
#4647=ORIENTED_EDGE('',*,*,#3513,.F.);
#4648=ORIENTED_EDGE('',*,*,#3465,.F.);
#4649=ORIENTED_EDGE('',*,*,#3187,.F.);
#4650=ORIENTED_EDGE('',*,*,#3517,.T.);
#4651=ORIENTED_EDGE('',*,*,#3515,.F.);
#4652=ORIENTED_EDGE('',*,*,#3517,.F.);
#4653=ORIENTED_EDGE('',*,*,#3186,.F.);
#4654=ORIENTED_EDGE('',*,*,#3514,.F.);
#4655=ORIENTED_EDGE('',*,*,#3516,.F.);
#4656=ORIENTED_EDGE('',*,*,#3464,.F.);
#4657=ORIENTED_EDGE('',*,*,#3518,.T.);
#4658=ORIENTED_EDGE('',*,*,#3333,.F.);
#4659=ORIENTED_EDGE('',*,*,#3189,.F.);
#4660=ORIENTED_EDGE('',*,*,#3463,.F.);
#4661=ORIENTED_EDGE('',*,*,#3519,.T.);
#4662=ORIENTED_EDGE('',*,*,#3334,.F.);
#4663=ORIENTED_EDGE('',*,*,#3518,.F.);
#4664=ORIENTED_EDGE('',*,*,#3462,.F.);
#4665=ORIENTED_EDGE('',*,*,#3200,.F.);
#4666=ORIENTED_EDGE('',*,*,#3335,.F.);
#4667=ORIENTED_EDGE('',*,*,#3519,.F.);
#4668=ORIENTED_EDGE('',*,*,#3461,.F.);
#4669=ORIENTED_EDGE('',*,*,#3520,.T.);
#4670=ORIENTED_EDGE('',*,*,#3521,.T.);
#4671=ORIENTED_EDGE('',*,*,#3202,.F.);
#4672=ORIENTED_EDGE('',*,*,#3460,.F.);
#4673=ORIENTED_EDGE('',*,*,#3522,.T.);
#4674=ORIENTED_EDGE('',*,*,#3523,.T.);
#4675=ORIENTED_EDGE('',*,*,#3520,.F.);
#4676=ORIENTED_EDGE('',*,*,#3459,.F.);
#4677=ORIENTED_EDGE('',*,*,#3204,.F.);
#4678=ORIENTED_EDGE('',*,*,#3524,.T.);
#4679=ORIENTED_EDGE('',*,*,#3522,.F.);
#4680=ORIENTED_EDGE('',*,*,#3524,.F.);
#4681=ORIENTED_EDGE('',*,*,#3203,.F.);
#4682=ORIENTED_EDGE('',*,*,#3521,.F.);
#4683=ORIENTED_EDGE('',*,*,#3523,.F.);
#4684=ORIENTED_EDGE('',*,*,#3458,.F.);
#4685=ORIENTED_EDGE('',*,*,#3525,.T.);
#4686=ORIENTED_EDGE('',*,*,#3138,.T.);
#4687=ORIENTED_EDGE('',*,*,#3206,.F.);
#4688=ORIENTED_EDGE('',*,*,#3457,.F.);
#4689=ORIENTED_EDGE('',*,*,#3526,.T.);
#4690=ORIENTED_EDGE('',*,*,#3139,.T.);
#4691=ORIENTED_EDGE('',*,*,#3525,.F.);
#4692=ORIENTED_EDGE('',*,*,#3456,.F.);
#4693=ORIENTED_EDGE('',*,*,#3207,.F.);
#4694=ORIENTED_EDGE('',*,*,#3136,.T.);
#4695=ORIENTED_EDGE('',*,*,#3526,.F.);
#4696=ORIENTED_EDGE('',*,*,#3455,.F.);
#4697=ORIENTED_EDGE('',*,*,#3527,.T.);
#4698=ORIENTED_EDGE('',*,*,#3528,.T.);
#4699=ORIENTED_EDGE('',*,*,#3209,.F.);
#4700=ORIENTED_EDGE('',*,*,#3454,.F.);
#4701=ORIENTED_EDGE('',*,*,#3529,.T.);
#4702=ORIENTED_EDGE('',*,*,#3530,.T.);
#4703=ORIENTED_EDGE('',*,*,#3527,.F.);
#4704=ORIENTED_EDGE('',*,*,#3453,.F.);
#4705=ORIENTED_EDGE('',*,*,#3211,.F.);
#4706=ORIENTED_EDGE('',*,*,#3531,.T.);
#4707=ORIENTED_EDGE('',*,*,#3529,.F.);
#4708=ORIENTED_EDGE('',*,*,#3531,.F.);
#4709=ORIENTED_EDGE('',*,*,#3210,.F.);
#4710=ORIENTED_EDGE('',*,*,#3528,.F.);
#4711=ORIENTED_EDGE('',*,*,#3530,.F.);
#4712=ORIENTED_EDGE('',*,*,#3452,.F.);
#4713=ORIENTED_EDGE('',*,*,#3532,.T.);
#4714=ORIENTED_EDGE('',*,*,#3339,.T.);
#4715=ORIENTED_EDGE('',*,*,#3213,.F.);
#4716=ORIENTED_EDGE('',*,*,#3451,.F.);
#4717=ORIENTED_EDGE('',*,*,#3533,.T.);
#4718=ORIENTED_EDGE('',*,*,#3340,.T.);
#4719=ORIENTED_EDGE('',*,*,#3532,.F.);
#4720=ORIENTED_EDGE('',*,*,#3450,.F.);
#4721=ORIENTED_EDGE('',*,*,#3215,.F.);
#4722=ORIENTED_EDGE('',*,*,#3338,.T.);
#4723=ORIENTED_EDGE('',*,*,#3533,.F.);
#4724=ORIENTED_EDGE('',*,*,#3449,.F.);
#4725=ORIENTED_EDGE('',*,*,#3534,.T.);
#4726=ORIENTED_EDGE('',*,*,#3535,.T.);
#4727=ORIENTED_EDGE('',*,*,#3217,.F.);
#4728=ORIENTED_EDGE('',*,*,#3448,.F.);
#4729=ORIENTED_EDGE('',*,*,#3536,.T.);
#4730=ORIENTED_EDGE('',*,*,#3537,.T.);
#4731=ORIENTED_EDGE('',*,*,#3534,.F.);
#4732=ORIENTED_EDGE('',*,*,#3447,.F.);
#4733=ORIENTED_EDGE('',*,*,#3219,.F.);
#4734=ORIENTED_EDGE('',*,*,#3538,.T.);
#4735=ORIENTED_EDGE('',*,*,#3536,.F.);
#4736=ORIENTED_EDGE('',*,*,#3538,.F.);
#4737=ORIENTED_EDGE('',*,*,#3218,.F.);
#4738=ORIENTED_EDGE('',*,*,#3535,.F.);
#4739=ORIENTED_EDGE('',*,*,#3537,.F.);
#4740=ORIENTED_EDGE('',*,*,#3446,.F.);
#4741=ORIENTED_EDGE('',*,*,#3539,.T.);
#4742=ORIENTED_EDGE('',*,*,#3142,.T.);
#4743=ORIENTED_EDGE('',*,*,#3221,.F.);
#4744=ORIENTED_EDGE('',*,*,#3445,.F.);
#4745=ORIENTED_EDGE('',*,*,#3540,.T.);
#4746=ORIENTED_EDGE('',*,*,#3143,.T.);
#4747=ORIENTED_EDGE('',*,*,#3539,.F.);
#4748=ORIENTED_EDGE('',*,*,#3444,.F.);
#4749=ORIENTED_EDGE('',*,*,#3222,.F.);
#4750=ORIENTED_EDGE('',*,*,#3140,.T.);
#4751=ORIENTED_EDGE('',*,*,#3540,.F.);
#4752=ORIENTED_EDGE('',*,*,#3443,.F.);
#4753=ORIENTED_EDGE('',*,*,#3541,.T.);
#4754=ORIENTED_EDGE('',*,*,#3542,.T.);
#4755=ORIENTED_EDGE('',*,*,#3224,.F.);
#4756=ORIENTED_EDGE('',*,*,#3442,.F.);
#4757=ORIENTED_EDGE('',*,*,#3543,.T.);
#4758=ORIENTED_EDGE('',*,*,#3544,.T.);
#4759=ORIENTED_EDGE('',*,*,#3541,.F.);
#4760=ORIENTED_EDGE('',*,*,#3441,.F.);
#4761=ORIENTED_EDGE('',*,*,#3226,.F.);
#4762=ORIENTED_EDGE('',*,*,#3545,.T.);
#4763=ORIENTED_EDGE('',*,*,#3543,.F.);
#4764=ORIENTED_EDGE('',*,*,#3545,.F.);
#4765=ORIENTED_EDGE('',*,*,#3225,.F.);
#4766=ORIENTED_EDGE('',*,*,#3542,.F.);
#4767=ORIENTED_EDGE('',*,*,#3544,.F.);
#4768=ORIENTED_EDGE('',*,*,#3440,.F.);
#4769=ORIENTED_EDGE('',*,*,#3546,.T.);
#4770=ORIENTED_EDGE('',*,*,#3342,.T.);
#4771=ORIENTED_EDGE('',*,*,#3228,.F.);
#4772=ORIENTED_EDGE('',*,*,#3439,.F.);
#4773=ORIENTED_EDGE('',*,*,#3547,.T.);
#4774=ORIENTED_EDGE('',*,*,#3343,.T.);
#4775=ORIENTED_EDGE('',*,*,#3546,.F.);
#4776=ORIENTED_EDGE('',*,*,#3438,.F.);
#4777=ORIENTED_EDGE('',*,*,#3230,.F.);
#4778=ORIENTED_EDGE('',*,*,#3341,.T.);
#4779=ORIENTED_EDGE('',*,*,#3547,.F.);
#4780=ORIENTED_EDGE('',*,*,#3437,.F.);
#4781=ORIENTED_EDGE('',*,*,#3548,.T.);
#4782=ORIENTED_EDGE('',*,*,#3549,.T.);
#4783=ORIENTED_EDGE('',*,*,#3232,.F.);
#4784=ORIENTED_EDGE('',*,*,#3436,.F.);
#4785=ORIENTED_EDGE('',*,*,#3550,.T.);
#4786=ORIENTED_EDGE('',*,*,#3551,.T.);
#4787=ORIENTED_EDGE('',*,*,#3548,.F.);
#4788=ORIENTED_EDGE('',*,*,#3435,.F.);
#4789=ORIENTED_EDGE('',*,*,#3234,.F.);
#4790=ORIENTED_EDGE('',*,*,#3552,.T.);
#4791=ORIENTED_EDGE('',*,*,#3550,.F.);
#4792=ORIENTED_EDGE('',*,*,#3552,.F.);
#4793=ORIENTED_EDGE('',*,*,#3233,.F.);
#4794=ORIENTED_EDGE('',*,*,#3549,.F.);
#4795=ORIENTED_EDGE('',*,*,#3551,.F.);
#4796=ORIENTED_EDGE('',*,*,#3434,.F.);
#4797=ORIENTED_EDGE('',*,*,#3553,.T.);
#4798=ORIENTED_EDGE('',*,*,#3346,.F.);
#4799=ORIENTED_EDGE('',*,*,#3236,.F.);
#4800=ORIENTED_EDGE('',*,*,#3433,.F.);
#4801=ORIENTED_EDGE('',*,*,#3554,.T.);
#4802=ORIENTED_EDGE('',*,*,#3347,.F.);
#4803=ORIENTED_EDGE('',*,*,#3553,.F.);
#4804=ORIENTED_EDGE('',*,*,#3432,.F.);
#4805=ORIENTED_EDGE('',*,*,#3239,.F.);
#4806=ORIENTED_EDGE('',*,*,#3348,.F.);
#4807=ORIENTED_EDGE('',*,*,#3554,.F.);
#4808=ORIENTED_EDGE('',*,*,#3431,.F.);
#4809=ORIENTED_EDGE('',*,*,#3555,.T.);
#4810=ORIENTED_EDGE('',*,*,#3556,.T.);
#4811=ORIENTED_EDGE('',*,*,#3241,.F.);
#4812=ORIENTED_EDGE('',*,*,#3430,.F.);
#4813=ORIENTED_EDGE('',*,*,#3557,.T.);
#4814=ORIENTED_EDGE('',*,*,#3558,.T.);
#4815=ORIENTED_EDGE('',*,*,#3555,.F.);
#4816=ORIENTED_EDGE('',*,*,#3429,.F.);
#4817=ORIENTED_EDGE('',*,*,#3243,.F.);
#4818=ORIENTED_EDGE('',*,*,#3559,.T.);
#4819=ORIENTED_EDGE('',*,*,#3557,.F.);
#4820=ORIENTED_EDGE('',*,*,#3559,.F.);
#4821=ORIENTED_EDGE('',*,*,#3242,.F.);
#4822=ORIENTED_EDGE('',*,*,#3556,.F.);
#4823=ORIENTED_EDGE('',*,*,#3558,.F.);
#4824=ORIENTED_EDGE('',*,*,#3428,.F.);
#4825=ORIENTED_EDGE('',*,*,#3560,.T.);
#4826=ORIENTED_EDGE('',*,*,#3350,.T.);
#4827=ORIENTED_EDGE('',*,*,#3245,.F.);
#4828=ORIENTED_EDGE('',*,*,#3427,.F.);
#4829=ORIENTED_EDGE('',*,*,#3561,.T.);
#4830=ORIENTED_EDGE('',*,*,#3351,.T.);
#4831=ORIENTED_EDGE('',*,*,#3560,.F.);
#4832=ORIENTED_EDGE('',*,*,#3426,.F.);
#4833=ORIENTED_EDGE('',*,*,#3247,.F.);
#4834=ORIENTED_EDGE('',*,*,#3349,.T.);
#4835=ORIENTED_EDGE('',*,*,#3561,.F.);
#4836=ORIENTED_EDGE('',*,*,#3425,.F.);
#4837=ORIENTED_EDGE('',*,*,#3562,.T.);
#4838=ORIENTED_EDGE('',*,*,#3563,.T.);
#4839=ORIENTED_EDGE('',*,*,#3249,.F.);
#4840=ORIENTED_EDGE('',*,*,#3424,.F.);
#4841=ORIENTED_EDGE('',*,*,#3564,.T.);
#4842=ORIENTED_EDGE('',*,*,#3565,.T.);
#4843=ORIENTED_EDGE('',*,*,#3562,.F.);
#4844=ORIENTED_EDGE('',*,*,#3423,.F.);
#4845=ORIENTED_EDGE('',*,*,#3251,.F.);
#4846=ORIENTED_EDGE('',*,*,#3566,.T.);
#4847=ORIENTED_EDGE('',*,*,#3564,.F.);
#4848=ORIENTED_EDGE('',*,*,#3566,.F.);
#4849=ORIENTED_EDGE('',*,*,#3250,.F.);
#4850=ORIENTED_EDGE('',*,*,#3563,.F.);
#4851=ORIENTED_EDGE('',*,*,#3565,.F.);
#4852=ORIENTED_EDGE('',*,*,#3422,.F.);
#4853=ORIENTED_EDGE('',*,*,#3567,.T.);
#4854=ORIENTED_EDGE('',*,*,#3146,.T.);
#4855=ORIENTED_EDGE('',*,*,#3253,.F.);
#4856=ORIENTED_EDGE('',*,*,#3421,.F.);
#4857=ORIENTED_EDGE('',*,*,#3568,.T.);
#4858=ORIENTED_EDGE('',*,*,#3147,.T.);
#4859=ORIENTED_EDGE('',*,*,#3567,.F.);
#4860=ORIENTED_EDGE('',*,*,#3420,.F.);
#4861=ORIENTED_EDGE('',*,*,#3254,.F.);
#4862=ORIENTED_EDGE('',*,*,#3144,.T.);
#4863=ORIENTED_EDGE('',*,*,#3568,.F.);
#4864=ORIENTED_EDGE('',*,*,#3419,.F.);
#4865=ORIENTED_EDGE('',*,*,#3569,.T.);
#4866=ORIENTED_EDGE('',*,*,#3570,.T.);
#4867=ORIENTED_EDGE('',*,*,#3256,.F.);
#4868=ORIENTED_EDGE('',*,*,#3418,.F.);
#4869=ORIENTED_EDGE('',*,*,#3571,.T.);
#4870=ORIENTED_EDGE('',*,*,#3572,.T.);
#4871=ORIENTED_EDGE('',*,*,#3569,.F.);
#4872=ORIENTED_EDGE('',*,*,#3417,.F.);
#4873=ORIENTED_EDGE('',*,*,#3258,.F.);
#4874=ORIENTED_EDGE('',*,*,#3573,.T.);
#4875=ORIENTED_EDGE('',*,*,#3571,.F.);
#4876=ORIENTED_EDGE('',*,*,#3573,.F.);
#4877=ORIENTED_EDGE('',*,*,#3257,.F.);
#4878=ORIENTED_EDGE('',*,*,#3570,.F.);
#4879=ORIENTED_EDGE('',*,*,#3572,.F.);
#4880=ORIENTED_EDGE('',*,*,#3416,.F.);
#4881=ORIENTED_EDGE('',*,*,#3574,.T.);
#4882=ORIENTED_EDGE('',*,*,#3353,.T.);
#4883=ORIENTED_EDGE('',*,*,#3260,.F.);
#4884=ORIENTED_EDGE('',*,*,#3415,.F.);
#4885=ORIENTED_EDGE('',*,*,#3575,.T.);
#4886=ORIENTED_EDGE('',*,*,#3354,.T.);
#4887=ORIENTED_EDGE('',*,*,#3574,.F.);
#4888=ORIENTED_EDGE('',*,*,#3414,.F.);
#4889=ORIENTED_EDGE('',*,*,#3262,.F.);
#4890=ORIENTED_EDGE('',*,*,#3352,.T.);
#4891=ORIENTED_EDGE('',*,*,#3575,.F.);
#4892=ORIENTED_EDGE('',*,*,#3413,.F.);
#4893=ORIENTED_EDGE('',*,*,#3576,.T.);
#4894=ORIENTED_EDGE('',*,*,#3577,.T.);
#4895=ORIENTED_EDGE('',*,*,#3264,.F.);
#4896=ORIENTED_EDGE('',*,*,#3412,.F.);
#4897=ORIENTED_EDGE('',*,*,#3578,.T.);
#4898=ORIENTED_EDGE('',*,*,#3579,.T.);
#4899=ORIENTED_EDGE('',*,*,#3576,.F.);
#4900=ORIENTED_EDGE('',*,*,#3411,.F.);
#4901=ORIENTED_EDGE('',*,*,#3266,.F.);
#4902=ORIENTED_EDGE('',*,*,#3580,.T.);
#4903=ORIENTED_EDGE('',*,*,#3578,.F.);
#4904=ORIENTED_EDGE('',*,*,#3580,.F.);
#4905=ORIENTED_EDGE('',*,*,#3265,.F.);
#4906=ORIENTED_EDGE('',*,*,#3577,.F.);
#4907=ORIENTED_EDGE('',*,*,#3579,.F.);
#4908=ORIENTED_EDGE('',*,*,#3410,.F.);
#4909=ORIENTED_EDGE('',*,*,#3581,.T.);
#4910=ORIENTED_EDGE('',*,*,#3150,.T.);
#4911=ORIENTED_EDGE('',*,*,#3268,.F.);
#4912=ORIENTED_EDGE('',*,*,#3409,.F.);
#4913=ORIENTED_EDGE('',*,*,#3582,.T.);
#4914=ORIENTED_EDGE('',*,*,#3151,.T.);
#4915=ORIENTED_EDGE('',*,*,#3581,.F.);
#4916=ORIENTED_EDGE('',*,*,#3408,.F.);
#4917=ORIENTED_EDGE('',*,*,#3269,.F.);
#4918=ORIENTED_EDGE('',*,*,#3148,.T.);
#4919=ORIENTED_EDGE('',*,*,#3582,.F.);
#4920=ORIENTED_EDGE('',*,*,#3407,.F.);
#4921=ORIENTED_EDGE('',*,*,#3583,.T.);
#4922=ORIENTED_EDGE('',*,*,#3584,.T.);
#4923=ORIENTED_EDGE('',*,*,#3271,.F.);
#4924=ORIENTED_EDGE('',*,*,#3406,.F.);
#4925=ORIENTED_EDGE('',*,*,#3585,.T.);
#4926=ORIENTED_EDGE('',*,*,#3586,.T.);
#4927=ORIENTED_EDGE('',*,*,#3583,.F.);
#4928=ORIENTED_EDGE('',*,*,#3405,.F.);
#4929=ORIENTED_EDGE('',*,*,#3273,.F.);
#4930=ORIENTED_EDGE('',*,*,#3587,.T.);
#4931=ORIENTED_EDGE('',*,*,#3585,.F.);
#4932=ORIENTED_EDGE('',*,*,#3587,.F.);
#4933=ORIENTED_EDGE('',*,*,#3272,.F.);
#4934=ORIENTED_EDGE('',*,*,#3584,.F.);
#4935=ORIENTED_EDGE('',*,*,#3586,.F.);
#4936=ORIENTED_EDGE('',*,*,#3404,.F.);
#4937=ORIENTED_EDGE('',*,*,#3588,.T.);
#4938=ORIENTED_EDGE('',*,*,#3356,.T.);
#4939=ORIENTED_EDGE('',*,*,#3275,.F.);
#4940=ORIENTED_EDGE('',*,*,#3403,.F.);
#4941=ORIENTED_EDGE('',*,*,#3589,.T.);
#4942=ORIENTED_EDGE('',*,*,#3357,.T.);
#4943=ORIENTED_EDGE('',*,*,#3588,.F.);
#4944=ORIENTED_EDGE('',*,*,#3402,.F.);
#4945=ORIENTED_EDGE('',*,*,#3277,.F.);
#4946=ORIENTED_EDGE('',*,*,#3355,.T.);
#4947=ORIENTED_EDGE('',*,*,#3589,.F.);
#4948=ORIENTED_EDGE('',*,*,#3401,.F.);
#4949=ORIENTED_EDGE('',*,*,#3590,.T.);
#4950=ORIENTED_EDGE('',*,*,#3591,.T.);
#4951=ORIENTED_EDGE('',*,*,#3279,.F.);
#4952=ORIENTED_EDGE('',*,*,#3400,.F.);
#4953=ORIENTED_EDGE('',*,*,#3592,.T.);
#4954=ORIENTED_EDGE('',*,*,#3593,.T.);
#4955=ORIENTED_EDGE('',*,*,#3590,.F.);
#4956=ORIENTED_EDGE('',*,*,#3399,.F.);
#4957=ORIENTED_EDGE('',*,*,#3281,.F.);
#4958=ORIENTED_EDGE('',*,*,#3594,.T.);
#4959=ORIENTED_EDGE('',*,*,#3592,.F.);
#4960=ORIENTED_EDGE('',*,*,#3594,.F.);
#4961=ORIENTED_EDGE('',*,*,#3280,.F.);
#4962=ORIENTED_EDGE('',*,*,#3591,.F.);
#4963=ORIENTED_EDGE('',*,*,#3593,.F.);
#4964=ORIENTED_EDGE('',*,*,#3398,.F.);
#4965=ORIENTED_EDGE('',*,*,#3595,.T.);
#4966=ORIENTED_EDGE('',*,*,#3154,.T.);
#4967=ORIENTED_EDGE('',*,*,#3283,.F.);
#4968=ORIENTED_EDGE('',*,*,#3397,.F.);
#4969=ORIENTED_EDGE('',*,*,#3596,.T.);
#4970=ORIENTED_EDGE('',*,*,#3155,.T.);
#4971=ORIENTED_EDGE('',*,*,#3595,.F.);
#4972=ORIENTED_EDGE('',*,*,#3396,.F.);
#4973=ORIENTED_EDGE('',*,*,#3284,.F.);
#4974=ORIENTED_EDGE('',*,*,#3152,.T.);
#4975=ORIENTED_EDGE('',*,*,#3596,.F.);
#4976=ORIENTED_EDGE('',*,*,#3395,.F.);
#4977=ORIENTED_EDGE('',*,*,#3597,.T.);
#4978=ORIENTED_EDGE('',*,*,#3598,.T.);
#4979=ORIENTED_EDGE('',*,*,#3286,.F.);
#4980=ORIENTED_EDGE('',*,*,#3394,.F.);
#4981=ORIENTED_EDGE('',*,*,#3599,.T.);
#4982=ORIENTED_EDGE('',*,*,#3600,.T.);
#4983=ORIENTED_EDGE('',*,*,#3597,.F.);
#4984=ORIENTED_EDGE('',*,*,#3393,.F.);
#4985=ORIENTED_EDGE('',*,*,#3288,.F.);
#4986=ORIENTED_EDGE('',*,*,#3601,.T.);
#4987=ORIENTED_EDGE('',*,*,#3599,.F.);
#4988=ORIENTED_EDGE('',*,*,#3601,.F.);
#4989=ORIENTED_EDGE('',*,*,#3287,.F.);
#4990=ORIENTED_EDGE('',*,*,#3598,.F.);
#4991=ORIENTED_EDGE('',*,*,#3600,.F.);
#4992=ORIENTED_EDGE('',*,*,#3392,.F.);
#4993=ORIENTED_EDGE('',*,*,#3602,.T.);
#4994=ORIENTED_EDGE('',*,*,#3359,.T.);
#4995=ORIENTED_EDGE('',*,*,#3290,.F.);
#4996=ORIENTED_EDGE('',*,*,#3391,.F.);
#4997=ORIENTED_EDGE('',*,*,#3603,.T.);
#4998=ORIENTED_EDGE('',*,*,#3360,.T.);
#4999=ORIENTED_EDGE('',*,*,#3602,.F.);
#5000=ORIENTED_EDGE('',*,*,#3390,.F.);
#5001=ORIENTED_EDGE('',*,*,#3292,.F.);
#5002=ORIENTED_EDGE('',*,*,#3358,.T.);
#5003=ORIENTED_EDGE('',*,*,#3603,.F.);
#5004=ORIENTED_EDGE('',*,*,#3389,.F.);
#5005=ORIENTED_EDGE('',*,*,#3604,.T.);
#5006=ORIENTED_EDGE('',*,*,#3605,.T.);
#5007=ORIENTED_EDGE('',*,*,#3294,.F.);
#5008=ORIENTED_EDGE('',*,*,#3388,.F.);
#5009=ORIENTED_EDGE('',*,*,#3606,.T.);
#5010=ORIENTED_EDGE('',*,*,#3607,.T.);
#5011=ORIENTED_EDGE('',*,*,#3604,.F.);
#5012=ORIENTED_EDGE('',*,*,#3387,.F.);
#5013=ORIENTED_EDGE('',*,*,#3296,.F.);
#5014=ORIENTED_EDGE('',*,*,#3608,.T.);
#5015=ORIENTED_EDGE('',*,*,#3606,.F.);
#5016=ORIENTED_EDGE('',*,*,#3608,.F.);
#5017=ORIENTED_EDGE('',*,*,#3295,.F.);
#5018=ORIENTED_EDGE('',*,*,#3605,.F.);
#5019=ORIENTED_EDGE('',*,*,#3607,.F.);
#5020=ORIENTED_EDGE('',*,*,#3386,.F.);
#5021=ORIENTED_EDGE('',*,*,#3609,.T.);
#5022=ORIENTED_EDGE('',*,*,#3158,.T.);
#5023=ORIENTED_EDGE('',*,*,#3298,.F.);
#5024=ORIENTED_EDGE('',*,*,#3385,.F.);
#5025=ORIENTED_EDGE('',*,*,#3610,.T.);
#5026=ORIENTED_EDGE('',*,*,#3159,.T.);
#5027=ORIENTED_EDGE('',*,*,#3609,.F.);
#5028=ORIENTED_EDGE('',*,*,#3384,.F.);
#5029=ORIENTED_EDGE('',*,*,#3299,.F.);
#5030=ORIENTED_EDGE('',*,*,#3156,.T.);
#5031=ORIENTED_EDGE('',*,*,#3610,.F.);
#5032=ORIENTED_EDGE('',*,*,#3383,.F.);
#5033=ORIENTED_EDGE('',*,*,#3611,.T.);
#5034=ORIENTED_EDGE('',*,*,#3612,.T.);
#5035=ORIENTED_EDGE('',*,*,#3301,.F.);
#5036=ORIENTED_EDGE('',*,*,#3382,.F.);
#5037=ORIENTED_EDGE('',*,*,#3613,.T.);
#5038=ORIENTED_EDGE('',*,*,#3614,.T.);
#5039=ORIENTED_EDGE('',*,*,#3611,.F.);
#5040=ORIENTED_EDGE('',*,*,#3381,.F.);
#5041=ORIENTED_EDGE('',*,*,#3303,.F.);
#5042=ORIENTED_EDGE('',*,*,#3615,.T.);
#5043=ORIENTED_EDGE('',*,*,#3613,.F.);
#5044=ORIENTED_EDGE('',*,*,#3615,.F.);
#5045=ORIENTED_EDGE('',*,*,#3302,.F.);
#5046=ORIENTED_EDGE('',*,*,#3612,.F.);
#5047=ORIENTED_EDGE('',*,*,#3614,.F.);
#5048=ORIENTED_EDGE('',*,*,#3380,.F.);
#5049=ORIENTED_EDGE('',*,*,#3616,.T.);
#5050=ORIENTED_EDGE('',*,*,#3362,.T.);
#5051=ORIENTED_EDGE('',*,*,#3305,.F.);
#5052=ORIENTED_EDGE('',*,*,#3379,.F.);
#5053=ORIENTED_EDGE('',*,*,#3617,.T.);
#5054=ORIENTED_EDGE('',*,*,#3363,.T.);
#5055=ORIENTED_EDGE('',*,*,#3616,.F.);
#5056=ORIENTED_EDGE('',*,*,#3378,.F.);
#5057=ORIENTED_EDGE('',*,*,#3307,.F.);
#5058=ORIENTED_EDGE('',*,*,#3361,.T.);
#5059=ORIENTED_EDGE('',*,*,#3617,.F.);
#5060=ORIENTED_EDGE('',*,*,#3377,.F.);
#5061=ORIENTED_EDGE('',*,*,#3618,.T.);
#5062=ORIENTED_EDGE('',*,*,#3619,.T.);
#5063=ORIENTED_EDGE('',*,*,#3309,.F.);
#5064=ORIENTED_EDGE('',*,*,#3376,.F.);
#5065=ORIENTED_EDGE('',*,*,#3620,.T.);
#5066=ORIENTED_EDGE('',*,*,#3621,.T.);
#5067=ORIENTED_EDGE('',*,*,#3618,.F.);
#5068=ORIENTED_EDGE('',*,*,#3375,.F.);
#5069=ORIENTED_EDGE('',*,*,#3311,.F.);
#5070=ORIENTED_EDGE('',*,*,#3622,.T.);
#5071=ORIENTED_EDGE('',*,*,#3620,.F.);
#5072=ORIENTED_EDGE('',*,*,#3622,.F.);
#5073=ORIENTED_EDGE('',*,*,#3310,.F.);
#5074=ORIENTED_EDGE('',*,*,#3619,.F.);
#5075=ORIENTED_EDGE('',*,*,#3621,.F.);
#5076=ORIENTED_EDGE('',*,*,#3374,.F.);
#5077=ORIENTED_EDGE('',*,*,#3623,.T.);
#5078=ORIENTED_EDGE('',*,*,#3162,.T.);
#5079=ORIENTED_EDGE('',*,*,#3313,.F.);
#5080=ORIENTED_EDGE('',*,*,#3373,.F.);
#5081=ORIENTED_EDGE('',*,*,#3624,.T.);
#5082=ORIENTED_EDGE('',*,*,#3163,.T.);
#5083=ORIENTED_EDGE('',*,*,#3623,.F.);
#5084=ORIENTED_EDGE('',*,*,#3372,.F.);
#5085=ORIENTED_EDGE('',*,*,#3314,.F.);
#5086=ORIENTED_EDGE('',*,*,#3160,.T.);
#5087=ORIENTED_EDGE('',*,*,#3624,.F.);
#5088=ORIENTED_EDGE('',*,*,#3124,.T.);
#5089=ORIENTED_EDGE('',*,*,#3625,.T.);
#5090=ORIENTED_EDGE('',*,*,#3121,.F.);
#5091=ORIENTED_EDGE('',*,*,#3626,.F.);
#5092=ORIENTED_EDGE('',*,*,#3627,.F.);
#5093=ORIENTED_EDGE('',*,*,#3097,.F.);
#5094=ORIENTED_EDGE('',*,*,#3101,.F.);
#5095=ORIENTED_EDGE('',*,*,#3104,.F.);
#5096=ORIENTED_EDGE('',*,*,#3107,.F.);
#5097=ORIENTED_EDGE('',*,*,#3110,.F.);
#5098=ORIENTED_EDGE('',*,*,#3113,.F.);
#5099=ORIENTED_EDGE('',*,*,#3116,.F.);
#5100=ORIENTED_EDGE('',*,*,#3119,.F.);
#5101=ORIENTED_EDGE('',*,*,#3122,.F.);
#5102=ORIENTED_EDGE('',*,*,#3625,.F.);
#5103=ORIENTED_EDGE('',*,*,#3127,.F.);
#5104=ORIENTED_EDGE('',*,*,#3628,.F.);
#5105=ORIENTED_EDGE('',*,*,#3093,.F.);
#5106=ORIENTED_EDGE('',*,*,#3629,.F.);
#5107=ORIENTED_EDGE('',*,*,#3091,.F.);
#5108=ORIENTED_EDGE('',*,*,#3088,.F.);
#5109=ORIENTED_EDGE('',*,*,#3085,.F.);
#5110=ORIENTED_EDGE('',*,*,#3082,.F.);
#5111=ORIENTED_EDGE('',*,*,#3079,.F.);
#5112=ORIENTED_EDGE('',*,*,#3076,.F.);
#5113=ORIENTED_EDGE('',*,*,#3073,.F.);
#5114=ORIENTED_EDGE('',*,*,#3070,.F.);
#5115=ORIENTED_EDGE('',*,*,#3630,.F.);
#5116=ORIENTED_EDGE('',*,*,#3068,.F.);
#5117=ORIENTED_EDGE('',*,*,#3072,.F.);
#5118=ORIENTED_EDGE('',*,*,#3075,.F.);
#5119=ORIENTED_EDGE('',*,*,#3078,.F.);
#5120=ORIENTED_EDGE('',*,*,#3081,.F.);
#5121=ORIENTED_EDGE('',*,*,#3084,.F.);
#5122=ORIENTED_EDGE('',*,*,#3087,.F.);
#5123=ORIENTED_EDGE('',*,*,#3090,.F.);
#5124=ORIENTED_EDGE('',*,*,#3631,.F.);
#5125=ORIENTED_EDGE('',*,*,#3095,.F.);
#5126=ORIENTED_EDGE('',*,*,#3632,.F.);
#5127=ORIENTED_EDGE('',*,*,#3125,.T.);
#5128=ORIENTED_EDGE('',*,*,#3626,.T.);
#5129=ORIENTED_EDGE('',*,*,#3123,.T.);
#5130=ORIENTED_EDGE('',*,*,#3120,.T.);
#5131=ORIENTED_EDGE('',*,*,#3117,.T.);
#5132=ORIENTED_EDGE('',*,*,#3114,.T.);
#5133=ORIENTED_EDGE('',*,*,#3111,.T.);
#5134=ORIENTED_EDGE('',*,*,#3108,.T.);
#5135=ORIENTED_EDGE('',*,*,#3105,.T.);
#5136=ORIENTED_EDGE('',*,*,#3102,.T.);
#5137=ORIENTED_EDGE('',*,*,#3099,.T.);
#5138=ORIENTED_EDGE('',*,*,#3633,.T.);
#5139=ORIENTED_EDGE('',*,*,#3630,.T.);
#5140=ORIENTED_EDGE('',*,*,#3098,.T.);
#5141=ORIENTED_EDGE('',*,*,#3627,.T.);
#5142=ORIENTED_EDGE('',*,*,#3069,.T.);
#5143=ORIENTED_EDGE('',*,*,#3193,.T.);
#5144=ORIENTED_EDGE('',*,*,#3198,.T.);
#5145=ORIENTED_EDGE('',*,*,#3634,.T.);
#5146=ORIENTED_EDGE('',*,*,#3635,.T.);
#5147=ORIENTED_EDGE('',*,*,#3197,.T.);
#5148=ORIENTED_EDGE('',*,*,#3636,.T.);
#5149=ORIENTED_EDGE('',*,*,#3637,.T.);
#5150=ORIENTED_EDGE('',*,*,#3196,.T.);
#5151=ORIENTED_EDGE('',*,*,#3638,.T.);
#5152=ORIENTED_EDGE('',*,*,#3639,.T.);
#5153=ORIENTED_EDGE('',*,*,#3195,.T.);
#5154=ORIENTED_EDGE('',*,*,#3640,.T.);
#5155=ORIENTED_EDGE('',*,*,#3641,.T.);
#5156=ORIENTED_EDGE('',*,*,#3194,.T.);
#5157=ORIENTED_EDGE('',*,*,#3642,.T.);
#5158=ORIENTED_EDGE('',*,*,#3643,.T.);
#5159=ORIENTED_EDGE('',*,*,#3644,.F.);
#5160=ORIENTED_EDGE('',*,*,#3645,.T.);
#5161=ORIENTED_EDGE('',*,*,#3646,.T.);
#5162=ORIENTED_EDGE('',*,*,#3647,.T.);
#5163=ORIENTED_EDGE('',*,*,#3648,.T.);
#5164=ORIENTED_EDGE('',*,*,#3649,.T.);
#5165=ORIENTED_EDGE('',*,*,#3650,.T.);
#5166=ORIENTED_EDGE('',*,*,#3651,.T.);
#5167=ORIENTED_EDGE('',*,*,#3652,.T.);
#5168=ORIENTED_EDGE('',*,*,#3653,.T.);
#5169=ORIENTED_EDGE('',*,*,#3654,.T.);
#5170=ORIENTED_EDGE('',*,*,#3655,.T.);
#5171=ORIENTED_EDGE('',*,*,#3656,.T.);
#5172=ORIENTED_EDGE('',*,*,#3657,.T.);
#5173=ORIENTED_EDGE('',*,*,#3658,.T.);
#5174=ORIENTED_EDGE('',*,*,#3659,.T.);
#5175=ORIENTED_EDGE('',*,*,#3660,.T.);
#5176=ORIENTED_EDGE('',*,*,#3661,.T.);
#5177=ORIENTED_EDGE('',*,*,#3662,.T.);
#5178=ORIENTED_EDGE('',*,*,#3663,.T.);
#5179=ORIENTED_EDGE('',*,*,#3664,.T.);
#5180=ORIENTED_EDGE('',*,*,#3665,.T.);
#5181=ORIENTED_EDGE('',*,*,#3666,.T.);
#5182=ORIENTED_EDGE('',*,*,#3667,.T.);
#5183=ORIENTED_EDGE('',*,*,#3668,.T.);
#5184=ORIENTED_EDGE('',*,*,#3669,.T.);
#5185=ORIENTED_EDGE('',*,*,#3670,.T.);
#5186=ORIENTED_EDGE('',*,*,#3671,.T.);
#5187=ORIENTED_EDGE('',*,*,#3672,.T.);
#5188=ORIENTED_EDGE('',*,*,#3673,.T.);
#5189=ORIENTED_EDGE('',*,*,#3674,.T.);
#5190=ORIENTED_EDGE('',*,*,#3675,.T.);
#5191=ORIENTED_EDGE('',*,*,#3676,.T.);
#5192=ORIENTED_EDGE('',*,*,#3677,.T.);
#5193=ORIENTED_EDGE('',*,*,#3678,.T.);
#5194=ORIENTED_EDGE('',*,*,#3679,.T.);
#5195=ORIENTED_EDGE('',*,*,#3680,.T.);
#5196=ORIENTED_EDGE('',*,*,#3681,.T.);
#5197=ORIENTED_EDGE('',*,*,#3682,.T.);
#5198=ORIENTED_EDGE('',*,*,#3683,.T.);
#5199=ORIENTED_EDGE('',*,*,#3684,.T.);
#5200=ORIENTED_EDGE('',*,*,#3685,.T.);
#5201=ORIENTED_EDGE('',*,*,#3686,.T.);
#5202=ORIENTED_EDGE('',*,*,#3687,.T.);
#5203=ORIENTED_EDGE('',*,*,#3688,.T.);
#5204=ORIENTED_EDGE('',*,*,#3689,.T.);
#5205=ORIENTED_EDGE('',*,*,#3690,.T.);
#5206=ORIENTED_EDGE('',*,*,#3691,.T.);
#5207=ORIENTED_EDGE('',*,*,#3692,.T.);
#5208=ORIENTED_EDGE('',*,*,#3693,.T.);
#5209=ORIENTED_EDGE('',*,*,#3694,.T.);
#5210=ORIENTED_EDGE('',*,*,#3695,.T.);
#5211=ORIENTED_EDGE('',*,*,#3696,.T.);
#5212=ORIENTED_EDGE('',*,*,#3697,.T.);
#5213=ORIENTED_EDGE('',*,*,#3698,.T.);
#5214=ORIENTED_EDGE('',*,*,#3699,.T.);
#5215=ORIENTED_EDGE('',*,*,#3700,.T.);
#5216=ORIENTED_EDGE('',*,*,#3701,.T.);
#5217=ORIENTED_EDGE('',*,*,#3702,.T.);
#5218=ORIENTED_EDGE('',*,*,#3703,.T.);
#5219=ORIENTED_EDGE('',*,*,#3704,.T.);
#5220=ORIENTED_EDGE('',*,*,#3705,.T.);
#5221=ORIENTED_EDGE('',*,*,#3706,.T.);
#5222=ORIENTED_EDGE('',*,*,#3707,.T.);
#5223=ORIENTED_EDGE('',*,*,#3708,.T.);
#5224=ORIENTED_EDGE('',*,*,#3709,.T.);
#5225=ORIENTED_EDGE('',*,*,#3710,.T.);
#5226=ORIENTED_EDGE('',*,*,#3711,.T.);
#5227=ORIENTED_EDGE('',*,*,#3712,.T.);
#5228=ORIENTED_EDGE('',*,*,#3713,.T.);
#5229=ORIENTED_EDGE('',*,*,#3714,.T.);
#5230=ORIENTED_EDGE('',*,*,#3715,.T.);
#5231=ORIENTED_EDGE('',*,*,#3716,.T.);
#5232=ORIENTED_EDGE('',*,*,#3717,.T.);
#5233=ORIENTED_EDGE('',*,*,#3718,.T.);
#5234=ORIENTED_EDGE('',*,*,#3719,.T.);
#5235=ORIENTED_EDGE('',*,*,#3720,.T.);
#5236=ORIENTED_EDGE('',*,*,#3721,.T.);
#5237=ORIENTED_EDGE('',*,*,#3722,.T.);
#5238=ORIENTED_EDGE('',*,*,#3723,.T.);
#5239=ORIENTED_EDGE('',*,*,#3724,.T.);
#5240=ORIENTED_EDGE('',*,*,#3725,.T.);
#5241=ORIENTED_EDGE('',*,*,#3726,.T.);
#5242=ORIENTED_EDGE('',*,*,#3727,.T.);
#5243=ORIENTED_EDGE('',*,*,#3728,.T.);
#5244=ORIENTED_EDGE('',*,*,#3729,.T.);
#5245=ORIENTED_EDGE('',*,*,#3730,.T.);
#5246=ORIENTED_EDGE('',*,*,#3731,.T.);
#5247=ORIENTED_EDGE('',*,*,#3732,.T.);
#5248=ORIENTED_EDGE('',*,*,#3733,.T.);
#5249=ORIENTED_EDGE('',*,*,#3734,.T.);
#5250=ORIENTED_EDGE('',*,*,#3735,.T.);
#5251=ORIENTED_EDGE('',*,*,#3736,.T.);
#5252=ORIENTED_EDGE('',*,*,#3737,.T.);
#5253=ORIENTED_EDGE('',*,*,#3738,.T.);
#5254=ORIENTED_EDGE('',*,*,#3739,.T.);
#5255=ORIENTED_EDGE('',*,*,#3740,.T.);
#5256=ORIENTED_EDGE('',*,*,#3741,.T.);
#5257=ORIENTED_EDGE('',*,*,#3742,.T.);
#5258=ORIENTED_EDGE('',*,*,#3743,.T.);
#5259=ORIENTED_EDGE('',*,*,#3744,.T.);
#5260=ORIENTED_EDGE('',*,*,#3745,.T.);
#5261=ORIENTED_EDGE('',*,*,#3746,.T.);
#5262=ORIENTED_EDGE('',*,*,#3747,.T.);
#5263=ORIENTED_EDGE('',*,*,#3748,.T.);
#5264=ORIENTED_EDGE('',*,*,#3749,.T.);
#5265=ORIENTED_EDGE('',*,*,#3750,.T.);
#5266=ORIENTED_EDGE('',*,*,#3751,.T.);
#5267=ORIENTED_EDGE('',*,*,#3752,.T.);
#5268=ORIENTED_EDGE('',*,*,#3753,.T.);
#5269=ORIENTED_EDGE('',*,*,#3754,.T.);
#5270=ORIENTED_EDGE('',*,*,#3755,.T.);
#5271=ORIENTED_EDGE('',*,*,#3756,.T.);
#5272=ORIENTED_EDGE('',*,*,#3757,.T.);
#5273=ORIENTED_EDGE('',*,*,#3758,.T.);
#5274=ORIENTED_EDGE('',*,*,#3759,.T.);
#5275=ORIENTED_EDGE('',*,*,#3760,.T.);
#5276=ORIENTED_EDGE('',*,*,#3761,.T.);
#5277=ORIENTED_EDGE('',*,*,#3762,.T.);
#5278=ORIENTED_EDGE('',*,*,#3763,.T.);
#5279=ORIENTED_EDGE('',*,*,#3764,.T.);
#5280=ORIENTED_EDGE('',*,*,#3765,.F.);
#5281=ORIENTED_EDGE('',*,*,#3766,.T.);
#5282=ORIENTED_EDGE('',*,*,#3489,.F.);
#5283=ORIENTED_EDGE('',*,*,#3766,.F.);
#5284=ORIENTED_EDGE('',*,*,#3765,.T.);
#5285=ORIENTED_EDGE('',*,*,#3767,.T.);
#5286=ORIENTED_EDGE('',*,*,#3644,.T.);
#5287=ORIENTED_EDGE('',*,*,#3768,.T.);
#5288=ORIENTED_EDGE('',*,*,#3769,.T.);
#5289=ORIENTED_EDGE('',*,*,#3768,.F.);
#5290=ORIENTED_EDGE('',*,*,#3633,.F.);
#5291=ORIENTED_EDGE('',*,*,#3770,.T.);
#5292=ORIENTED_EDGE('',*,*,#3769,.F.);
#5293=ORIENTED_EDGE('',*,*,#3770,.F.);
#5294=ORIENTED_EDGE('',*,*,#3771,.F.);
#5295=ORIENTED_EDGE('',*,*,#3772,.T.);
#5296=ORIENTED_EDGE('',*,*,#3640,.F.);
#5297=ORIENTED_EDGE('',*,*,#3641,.F.);
#5298=ORIENTED_EDGE('',*,*,#3772,.F.);
#5299=ORIENTED_EDGE('',*,*,#3773,.F.);
#5300=ORIENTED_EDGE('',*,*,#3774,.T.);
#5301=ORIENTED_EDGE('',*,*,#3634,.F.);
#5302=ORIENTED_EDGE('',*,*,#3635,.F.);
#5303=ORIENTED_EDGE('',*,*,#3774,.F.);
#5304=ORIENTED_EDGE('',*,*,#3775,.F.);
#5305=ORIENTED_EDGE('',*,*,#3776,.T.);
#5306=ORIENTED_EDGE('',*,*,#3642,.F.);
#5307=ORIENTED_EDGE('',*,*,#3643,.F.);
#5308=ORIENTED_EDGE('',*,*,#3776,.F.);
#5309=ORIENTED_EDGE('',*,*,#3777,.F.);
#5310=ORIENTED_EDGE('',*,*,#3778,.T.);
#5311=ORIENTED_EDGE('',*,*,#3638,.F.);
#5312=ORIENTED_EDGE('',*,*,#3639,.F.);
#5313=ORIENTED_EDGE('',*,*,#3778,.F.);
#5314=ORIENTED_EDGE('',*,*,#3779,.F.);
#5315=ORIENTED_EDGE('',*,*,#3780,.T.);
#5316=ORIENTED_EDGE('',*,*,#3636,.F.);
#5317=ORIENTED_EDGE('',*,*,#3637,.F.);
#5318=ORIENTED_EDGE('',*,*,#3780,.F.);
#5319=ORIENTED_EDGE('',*,*,#3092,.T.);
#5320=ORIENTED_EDGE('',*,*,#3631,.T.);
#5321=ORIENTED_EDGE('',*,*,#3089,.F.);
#5322=ORIENTED_EDGE('',*,*,#3629,.T.);
#5323=ORIENTED_EDGE('',*,*,#3781,.F.);
#5324=ORIENTED_EDGE('',*,*,#3782,.T.);
#5325=ORIENTED_EDGE('',*,*,#3336,.T.);
#5326=ORIENTED_EDGE('',*,*,#3331,.T.);
#5327=ORIENTED_EDGE('',*,*,#3783,.T.);
#5328=ORIENTED_EDGE('',*,*,#3767,.F.);
#5329=ORIENTED_EDGE('',*,*,#3783,.F.);
#5330=ORIENTED_EDGE('',*,*,#3337,.T.);
#5331=ORIENTED_EDGE('',*,*,#3782,.F.);
#5332=ORIENTED_EDGE('',*,*,#3344,.T.);
#5333=ORIENTED_EDGE('',*,*,#3784,.T.);
#5334=ORIENTED_EDGE('',*,*,#3785,.T.);
#5335=ORIENTED_EDGE('',*,*,#3786,.T.);
#5336=ORIENTED_EDGE('',*,*,#3785,.F.);
#5337=ORIENTED_EDGE('',*,*,#3784,.F.);
#5338=ORIENTED_EDGE('',*,*,#3787,.T.);
#5339=ORIENTED_EDGE('',*,*,#3788,.F.);
#5340=ORIENTED_EDGE('',*,*,#3789,.T.);
#5341=ORIENTED_EDGE('',*,*,#3790,.F.);
#5342=ORIENTED_EDGE('',*,*,#3791,.T.);
#5343=ORIENTED_EDGE('',*,*,#3792,.F.);
#5344=ORIENTED_EDGE('',*,*,#3793,.T.);
#5345=ORIENTED_EDGE('',*,*,#3794,.F.);
#5346=ORIENTED_EDGE('',*,*,#3795,.T.);
#5347=ORIENTED_EDGE('',*,*,#3796,.F.);
#5348=ORIENTED_EDGE('',*,*,#3797,.T.);
#5349=ORIENTED_EDGE('',*,*,#3798,.F.);
#5350=ORIENTED_EDGE('',*,*,#3799,.T.);
#5351=ORIENTED_EDGE('',*,*,#3800,.F.);
#5352=ORIENTED_EDGE('',*,*,#3801,.T.);
#5353=ORIENTED_EDGE('',*,*,#3802,.F.);
#5354=ORIENTED_EDGE('',*,*,#3803,.T.);
#5355=ORIENTED_EDGE('',*,*,#3804,.F.);
#5356=ORIENTED_EDGE('',*,*,#3805,.T.);
#5357=ORIENTED_EDGE('',*,*,#3806,.F.);
#5358=ORIENTED_EDGE('',*,*,#3807,.T.);
#5359=ORIENTED_EDGE('',*,*,#3808,.F.);
#5360=ORIENTED_EDGE('',*,*,#3809,.T.);
#5361=ORIENTED_EDGE('',*,*,#3810,.F.);
#5362=ORIENTED_EDGE('',*,*,#3811,.T.);
#5363=ORIENTED_EDGE('',*,*,#3812,.F.);
#5364=ORIENTED_EDGE('',*,*,#3813,.T.);
#5365=ORIENTED_EDGE('',*,*,#3814,.F.);
#5366=ORIENTED_EDGE('',*,*,#3815,.T.);
#5367=ORIENTED_EDGE('',*,*,#3816,.F.);
#5368=ORIENTED_EDGE('',*,*,#3817,.T.);
#5369=ORIENTED_EDGE('',*,*,#3818,.F.);
#5370=ORIENTED_EDGE('',*,*,#3819,.T.);
#5371=ORIENTED_EDGE('',*,*,#3820,.F.);
#5372=ORIENTED_EDGE('',*,*,#3821,.T.);
#5373=ORIENTED_EDGE('',*,*,#3822,.F.);
#5374=ORIENTED_EDGE('',*,*,#3823,.T.);
#5375=ORIENTED_EDGE('',*,*,#3824,.F.);
#5376=ORIENTED_EDGE('',*,*,#3825,.T.);
#5377=ORIENTED_EDGE('',*,*,#3826,.F.);
#5378=ORIENTED_EDGE('',*,*,#3827,.T.);
#5379=ORIENTED_EDGE('',*,*,#3828,.F.);
#5380=ORIENTED_EDGE('',*,*,#3829,.T.);
#5381=ORIENTED_EDGE('',*,*,#3830,.F.);
#5382=ORIENTED_EDGE('',*,*,#3831,.T.);
#5383=ORIENTED_EDGE('',*,*,#3832,.F.);
#5384=ORIENTED_EDGE('',*,*,#3833,.T.);
#5385=ORIENTED_EDGE('',*,*,#3834,.F.);
#5386=ORIENTED_EDGE('',*,*,#3835,.T.);
#5387=ORIENTED_EDGE('',*,*,#3836,.F.);
#5388=ORIENTED_EDGE('',*,*,#3837,.T.);
#5389=ORIENTED_EDGE('',*,*,#3838,.F.);
#5390=ORIENTED_EDGE('',*,*,#3839,.T.);
#5391=ORIENTED_EDGE('',*,*,#3840,.F.);
#5392=ORIENTED_EDGE('',*,*,#3841,.T.);
#5393=ORIENTED_EDGE('',*,*,#3842,.F.);
#5394=ORIENTED_EDGE('',*,*,#3843,.T.);
#5395=ORIENTED_EDGE('',*,*,#3844,.F.);
#5396=ORIENTED_EDGE('',*,*,#3845,.T.);
#5397=ORIENTED_EDGE('',*,*,#3846,.F.);
#5398=ORIENTED_EDGE('',*,*,#3847,.T.);
#5399=ORIENTED_EDGE('',*,*,#3848,.F.);
#5400=ORIENTED_EDGE('',*,*,#3849,.T.);
#5401=ORIENTED_EDGE('',*,*,#3850,.F.);
#5402=ORIENTED_EDGE('',*,*,#3851,.T.);
#5403=ORIENTED_EDGE('',*,*,#3852,.F.);
#5404=ORIENTED_EDGE('',*,*,#3853,.T.);
#5405=ORIENTED_EDGE('',*,*,#3854,.F.);
#5406=ORIENTED_EDGE('',*,*,#3855,.T.);
#5407=ORIENTED_EDGE('',*,*,#3856,.F.);
#5408=ORIENTED_EDGE('',*,*,#3857,.T.);
#5409=ORIENTED_EDGE('',*,*,#3858,.F.);
#5410=ORIENTED_EDGE('',*,*,#3859,.T.);
#5411=ORIENTED_EDGE('',*,*,#3860,.F.);
#5412=ORIENTED_EDGE('',*,*,#3861,.T.);
#5413=ORIENTED_EDGE('',*,*,#3862,.F.);
#5414=ORIENTED_EDGE('',*,*,#3863,.T.);
#5415=ORIENTED_EDGE('',*,*,#3864,.F.);
#5416=ORIENTED_EDGE('',*,*,#3865,.T.);
#5417=ORIENTED_EDGE('',*,*,#3866,.F.);
#5418=ORIENTED_EDGE('',*,*,#3867,.T.);
#5419=ORIENTED_EDGE('',*,*,#3868,.F.);
#5420=ORIENTED_EDGE('',*,*,#3869,.T.);
#5421=ORIENTED_EDGE('',*,*,#3870,.F.);
#5422=ORIENTED_EDGE('',*,*,#3871,.T.);
#5423=ORIENTED_EDGE('',*,*,#3872,.F.);
#5424=ORIENTED_EDGE('',*,*,#3873,.T.);
#5425=ORIENTED_EDGE('',*,*,#3874,.F.);
#5426=ORIENTED_EDGE('',*,*,#3875,.T.);
#5427=ORIENTED_EDGE('',*,*,#3876,.F.);
#5428=ORIENTED_EDGE('',*,*,#3877,.T.);
#5429=ORIENTED_EDGE('',*,*,#3878,.F.);
#5430=ORIENTED_EDGE('',*,*,#3879,.T.);
#5431=ORIENTED_EDGE('',*,*,#3880,.F.);
#5432=ORIENTED_EDGE('',*,*,#3881,.T.);
#5433=ORIENTED_EDGE('',*,*,#3882,.F.);
#5434=ORIENTED_EDGE('',*,*,#3883,.T.);
#5435=ORIENTED_EDGE('',*,*,#3884,.F.);
#5436=ORIENTED_EDGE('',*,*,#3885,.T.);
#5437=ORIENTED_EDGE('',*,*,#3886,.F.);
#5438=ORIENTED_EDGE('',*,*,#3887,.T.);
#5439=ORIENTED_EDGE('',*,*,#3888,.F.);
#5440=ORIENTED_EDGE('',*,*,#3889,.T.);
#5441=ORIENTED_EDGE('',*,*,#3890,.F.);
#5442=ORIENTED_EDGE('',*,*,#3891,.T.);
#5443=ORIENTED_EDGE('',*,*,#3892,.F.);
#5444=ORIENTED_EDGE('',*,*,#3893,.T.);
#5445=ORIENTED_EDGE('',*,*,#3894,.F.);
#5446=ORIENTED_EDGE('',*,*,#3895,.T.);
#5447=ORIENTED_EDGE('',*,*,#3896,.F.);
#5448=ORIENTED_EDGE('',*,*,#3897,.T.);
#5449=ORIENTED_EDGE('',*,*,#3898,.F.);
#5450=ORIENTED_EDGE('',*,*,#3899,.T.);
#5451=ORIENTED_EDGE('',*,*,#3900,.F.);
#5452=ORIENTED_EDGE('',*,*,#3901,.T.);
#5453=ORIENTED_EDGE('',*,*,#3902,.F.);
#5454=ORIENTED_EDGE('',*,*,#3903,.T.);
#5455=ORIENTED_EDGE('',*,*,#3904,.F.);
#5456=ORIENTED_EDGE('',*,*,#3905,.T.);
#5457=ORIENTED_EDGE('',*,*,#3906,.F.);
#5458=ORIENTED_EDGE('',*,*,#3907,.F.);
#5459=ORIENTED_EDGE('',*,*,#3908,.T.);
#5460=ORIENTED_EDGE('',*,*,#3786,.F.);
#5461=ORIENTED_EDGE('',*,*,#3908,.F.);
#5462=ORIENTED_EDGE('',*,*,#3907,.T.);
#5463=ORIENTED_EDGE('',*,*,#3632,.T.);
#5464=ORIENTED_EDGE('',*,*,#3094,.T.);
#5465=ORIENTED_EDGE('',*,*,#3628,.T.);
#5466=ORIENTED_EDGE('',*,*,#3126,.T.);
#5467=ORIENTED_EDGE('',*,*,#3771,.T.);
#5468=ORIENTED_EDGE('',*,*,#3773,.T.);
#5469=ORIENTED_EDGE('',*,*,#3775,.T.);
#5470=ORIENTED_EDGE('',*,*,#3777,.T.);
#5471=ORIENTED_EDGE('',*,*,#3779,.T.);
#5472=ORIENTED_EDGE('',*,*,#3781,.T.);
#5473=ORIENTED_EDGE('',*,*,#3867,.F.);
#5474=ORIENTED_EDGE('',*,*,#3909,.T.);
#5475=ORIENTED_EDGE('',*,*,#3685,.F.);
#5476=ORIENTED_EDGE('',*,*,#3910,.F.);
#5477=ORIENTED_EDGE('',*,*,#3827,.F.);
#5478=ORIENTED_EDGE('',*,*,#3911,.T.);
#5479=ORIENTED_EDGE('',*,*,#3725,.F.);
#5480=ORIENTED_EDGE('',*,*,#3912,.F.);
#5481=ORIENTED_EDGE('',*,*,#3843,.F.);
#5482=ORIENTED_EDGE('',*,*,#3913,.T.);
#5483=ORIENTED_EDGE('',*,*,#3709,.F.);
#5484=ORIENTED_EDGE('',*,*,#3914,.F.);
#5485=ORIENTED_EDGE('',*,*,#3865,.F.);
#5486=ORIENTED_EDGE('',*,*,#3915,.T.);
#5487=ORIENTED_EDGE('',*,*,#3687,.F.);
#5488=ORIENTED_EDGE('',*,*,#3916,.F.);
#5489=ORIENTED_EDGE('',*,*,#3866,.T.);
#5490=ORIENTED_EDGE('',*,*,#3916,.T.);
#5491=ORIENTED_EDGE('',*,*,#3686,.F.);
#5492=ORIENTED_EDGE('',*,*,#3909,.F.);
#5493=ORIENTED_EDGE('',*,*,#3859,.F.);
#5494=ORIENTED_EDGE('',*,*,#3917,.T.);
#5495=ORIENTED_EDGE('',*,*,#3693,.F.);
#5496=ORIENTED_EDGE('',*,*,#3918,.F.);
#5497=ORIENTED_EDGE('',*,*,#3849,.F.);
#5498=ORIENTED_EDGE('',*,*,#3919,.T.);
#5499=ORIENTED_EDGE('',*,*,#3703,.F.);
#5500=ORIENTED_EDGE('',*,*,#3920,.F.);
#5501=ORIENTED_EDGE('',*,*,#3853,.F.);
#5502=ORIENTED_EDGE('',*,*,#3921,.T.);
#5503=ORIENTED_EDGE('',*,*,#3699,.F.);
#5504=ORIENTED_EDGE('',*,*,#3922,.F.);
#5505=ORIENTED_EDGE('',*,*,#3854,.T.);
#5506=ORIENTED_EDGE('',*,*,#3922,.T.);
#5507=ORIENTED_EDGE('',*,*,#3698,.F.);
#5508=ORIENTED_EDGE('',*,*,#3923,.F.);
#5509=ORIENTED_EDGE('',*,*,#3855,.F.);
#5510=ORIENTED_EDGE('',*,*,#3923,.T.);
#5511=ORIENTED_EDGE('',*,*,#3697,.F.);
#5512=ORIENTED_EDGE('',*,*,#3924,.F.);
#5513=ORIENTED_EDGE('',*,*,#3856,.T.);
#5514=ORIENTED_EDGE('',*,*,#3924,.T.);
#5515=ORIENTED_EDGE('',*,*,#3696,.F.);
#5516=ORIENTED_EDGE('',*,*,#3925,.F.);
#5517=ORIENTED_EDGE('',*,*,#3857,.F.);
#5518=ORIENTED_EDGE('',*,*,#3925,.T.);
#5519=ORIENTED_EDGE('',*,*,#3695,.F.);
#5520=ORIENTED_EDGE('',*,*,#3926,.F.);
#5521=ORIENTED_EDGE('',*,*,#3858,.T.);
#5522=ORIENTED_EDGE('',*,*,#3926,.T.);
#5523=ORIENTED_EDGE('',*,*,#3694,.F.);
#5524=ORIENTED_EDGE('',*,*,#3917,.F.);
#5525=ORIENTED_EDGE('',*,*,#3850,.T.);
#5526=ORIENTED_EDGE('',*,*,#3920,.T.);
#5527=ORIENTED_EDGE('',*,*,#3702,.F.);
#5528=ORIENTED_EDGE('',*,*,#3927,.F.);
#5529=ORIENTED_EDGE('',*,*,#3851,.F.);
#5530=ORIENTED_EDGE('',*,*,#3927,.T.);
#5531=ORIENTED_EDGE('',*,*,#3701,.F.);
#5532=ORIENTED_EDGE('',*,*,#3928,.F.);
#5533=ORIENTED_EDGE('',*,*,#3852,.T.);
#5534=ORIENTED_EDGE('',*,*,#3928,.T.);
#5535=ORIENTED_EDGE('',*,*,#3700,.F.);
#5536=ORIENTED_EDGE('',*,*,#3921,.F.);
#5537=ORIENTED_EDGE('',*,*,#3844,.T.);
#5538=ORIENTED_EDGE('',*,*,#3914,.T.);
#5539=ORIENTED_EDGE('',*,*,#3708,.F.);
#5540=ORIENTED_EDGE('',*,*,#3929,.F.);
#5541=ORIENTED_EDGE('',*,*,#3845,.F.);
#5542=ORIENTED_EDGE('',*,*,#3929,.T.);
#5543=ORIENTED_EDGE('',*,*,#3707,.F.);
#5544=ORIENTED_EDGE('',*,*,#3930,.F.);
#5545=ORIENTED_EDGE('',*,*,#3846,.T.);
#5546=ORIENTED_EDGE('',*,*,#3930,.T.);
#5547=ORIENTED_EDGE('',*,*,#3706,.F.);
#5548=ORIENTED_EDGE('',*,*,#3931,.F.);
#5549=ORIENTED_EDGE('',*,*,#3847,.F.);
#5550=ORIENTED_EDGE('',*,*,#3931,.T.);
#5551=ORIENTED_EDGE('',*,*,#3705,.F.);
#5552=ORIENTED_EDGE('',*,*,#3932,.F.);
#5553=ORIENTED_EDGE('',*,*,#3848,.T.);
#5554=ORIENTED_EDGE('',*,*,#3932,.T.);
#5555=ORIENTED_EDGE('',*,*,#3704,.F.);
#5556=ORIENTED_EDGE('',*,*,#3919,.F.);
#5557=ORIENTED_EDGE('',*,*,#3863,.F.);
#5558=ORIENTED_EDGE('',*,*,#3933,.T.);
#5559=ORIENTED_EDGE('',*,*,#3689,.F.);
#5560=ORIENTED_EDGE('',*,*,#3934,.F.);
#5561=ORIENTED_EDGE('',*,*,#3864,.T.);
#5562=ORIENTED_EDGE('',*,*,#3934,.T.);
#5563=ORIENTED_EDGE('',*,*,#3688,.F.);
#5564=ORIENTED_EDGE('',*,*,#3915,.F.);
#5565=ORIENTED_EDGE('',*,*,#3860,.T.);
#5566=ORIENTED_EDGE('',*,*,#3918,.T.);
#5567=ORIENTED_EDGE('',*,*,#3692,.F.);
#5568=ORIENTED_EDGE('',*,*,#3935,.F.);
#5569=ORIENTED_EDGE('',*,*,#3861,.F.);
#5570=ORIENTED_EDGE('',*,*,#3935,.T.);
#5571=ORIENTED_EDGE('',*,*,#3691,.F.);
#5572=ORIENTED_EDGE('',*,*,#3936,.F.);
#5573=ORIENTED_EDGE('',*,*,#3862,.T.);
#5574=ORIENTED_EDGE('',*,*,#3936,.T.);
#5575=ORIENTED_EDGE('',*,*,#3690,.F.);
#5576=ORIENTED_EDGE('',*,*,#3933,.F.);
#5577=ORIENTED_EDGE('',*,*,#3841,.F.);
#5578=ORIENTED_EDGE('',*,*,#3937,.T.);
#5579=ORIENTED_EDGE('',*,*,#3711,.F.);
#5580=ORIENTED_EDGE('',*,*,#3938,.F.);
#5581=ORIENTED_EDGE('',*,*,#3842,.T.);
#5582=ORIENTED_EDGE('',*,*,#3938,.T.);
#5583=ORIENTED_EDGE('',*,*,#3710,.F.);
#5584=ORIENTED_EDGE('',*,*,#3913,.F.);
#5585=ORIENTED_EDGE('',*,*,#3837,.F.);
#5586=ORIENTED_EDGE('',*,*,#3939,.T.);
#5587=ORIENTED_EDGE('',*,*,#3715,.F.);
#5588=ORIENTED_EDGE('',*,*,#3940,.F.);
#5589=ORIENTED_EDGE('',*,*,#3838,.T.);
#5590=ORIENTED_EDGE('',*,*,#3940,.T.);
#5591=ORIENTED_EDGE('',*,*,#3714,.F.);
#5592=ORIENTED_EDGE('',*,*,#3941,.F.);
#5593=ORIENTED_EDGE('',*,*,#3839,.F.);
#5594=ORIENTED_EDGE('',*,*,#3941,.T.);
#5595=ORIENTED_EDGE('',*,*,#3713,.F.);
#5596=ORIENTED_EDGE('',*,*,#3942,.F.);
#5597=ORIENTED_EDGE('',*,*,#3840,.T.);
#5598=ORIENTED_EDGE('',*,*,#3942,.T.);
#5599=ORIENTED_EDGE('',*,*,#3712,.F.);
#5600=ORIENTED_EDGE('',*,*,#3937,.F.);
#5601=ORIENTED_EDGE('',*,*,#3828,.T.);
#5602=ORIENTED_EDGE('',*,*,#3912,.T.);
#5603=ORIENTED_EDGE('',*,*,#3724,.F.);
#5604=ORIENTED_EDGE('',*,*,#3943,.F.);
#5605=ORIENTED_EDGE('',*,*,#3829,.F.);
#5606=ORIENTED_EDGE('',*,*,#3943,.T.);
#5607=ORIENTED_EDGE('',*,*,#3723,.F.);
#5608=ORIENTED_EDGE('',*,*,#3944,.F.);
#5609=ORIENTED_EDGE('',*,*,#3833,.F.);
#5610=ORIENTED_EDGE('',*,*,#3945,.T.);
#5611=ORIENTED_EDGE('',*,*,#3719,.F.);
#5612=ORIENTED_EDGE('',*,*,#3946,.F.);
#5613=ORIENTED_EDGE('',*,*,#3830,.T.);
#5614=ORIENTED_EDGE('',*,*,#3944,.T.);
#5615=ORIENTED_EDGE('',*,*,#3722,.F.);
#5616=ORIENTED_EDGE('',*,*,#3947,.F.);
#5617=ORIENTED_EDGE('',*,*,#3831,.F.);
#5618=ORIENTED_EDGE('',*,*,#3947,.T.);
#5619=ORIENTED_EDGE('',*,*,#3721,.F.);
#5620=ORIENTED_EDGE('',*,*,#3948,.F.);
#5621=ORIENTED_EDGE('',*,*,#3832,.T.);
#5622=ORIENTED_EDGE('',*,*,#3948,.T.);
#5623=ORIENTED_EDGE('',*,*,#3720,.F.);
#5624=ORIENTED_EDGE('',*,*,#3945,.F.);
#5625=ORIENTED_EDGE('',*,*,#3834,.T.);
#5626=ORIENTED_EDGE('',*,*,#3946,.T.);
#5627=ORIENTED_EDGE('',*,*,#3718,.F.);
#5628=ORIENTED_EDGE('',*,*,#3949,.F.);
#5629=ORIENTED_EDGE('',*,*,#3835,.F.);
#5630=ORIENTED_EDGE('',*,*,#3949,.T.);
#5631=ORIENTED_EDGE('',*,*,#3717,.F.);
#5632=ORIENTED_EDGE('',*,*,#3950,.F.);
#5633=ORIENTED_EDGE('',*,*,#3836,.T.);
#5634=ORIENTED_EDGE('',*,*,#3950,.T.);
#5635=ORIENTED_EDGE('',*,*,#3716,.F.);
#5636=ORIENTED_EDGE('',*,*,#3939,.F.);
#5637=ORIENTED_EDGE('',*,*,#3897,.F.);
#5638=ORIENTED_EDGE('',*,*,#3951,.T.);
#5639=ORIENTED_EDGE('',*,*,#3655,.F.);
#5640=ORIENTED_EDGE('',*,*,#3952,.F.);
#5641=ORIENTED_EDGE('',*,*,#3871,.F.);
#5642=ORIENTED_EDGE('',*,*,#3953,.T.);
#5643=ORIENTED_EDGE('',*,*,#3681,.F.);
#5644=ORIENTED_EDGE('',*,*,#3954,.F.);
#5645=ORIENTED_EDGE('',*,*,#3887,.F.);
#5646=ORIENTED_EDGE('',*,*,#3955,.T.);
#5647=ORIENTED_EDGE('',*,*,#3665,.F.);
#5648=ORIENTED_EDGE('',*,*,#3956,.F.);
#5649=ORIENTED_EDGE('',*,*,#3893,.F.);
#5650=ORIENTED_EDGE('',*,*,#3957,.T.);
#5651=ORIENTED_EDGE('',*,*,#3659,.F.);
#5652=ORIENTED_EDGE('',*,*,#3958,.F.);
#5653=ORIENTED_EDGE('',*,*,#3894,.T.);
#5654=ORIENTED_EDGE('',*,*,#3958,.T.);
#5655=ORIENTED_EDGE('',*,*,#3658,.F.);
#5656=ORIENTED_EDGE('',*,*,#3959,.F.);
#5657=ORIENTED_EDGE('',*,*,#3895,.F.);
#5658=ORIENTED_EDGE('',*,*,#3959,.T.);
#5659=ORIENTED_EDGE('',*,*,#3657,.F.);
#5660=ORIENTED_EDGE('',*,*,#3960,.F.);
#5661=ORIENTED_EDGE('',*,*,#3896,.T.);
#5662=ORIENTED_EDGE('',*,*,#3960,.T.);
#5663=ORIENTED_EDGE('',*,*,#3656,.F.);
#5664=ORIENTED_EDGE('',*,*,#3951,.F.);
#5665=ORIENTED_EDGE('',*,*,#3888,.T.);
#5666=ORIENTED_EDGE('',*,*,#3956,.T.);
#5667=ORIENTED_EDGE('',*,*,#3664,.F.);
#5668=ORIENTED_EDGE('',*,*,#3961,.F.);
#5669=ORIENTED_EDGE('',*,*,#3889,.F.);
#5670=ORIENTED_EDGE('',*,*,#3961,.T.);
#5671=ORIENTED_EDGE('',*,*,#3663,.F.);
#5672=ORIENTED_EDGE('',*,*,#3962,.F.);
#5673=ORIENTED_EDGE('',*,*,#3890,.T.);
#5674=ORIENTED_EDGE('',*,*,#3962,.T.);
#5675=ORIENTED_EDGE('',*,*,#3662,.F.);
#5676=ORIENTED_EDGE('',*,*,#3963,.F.);
#5677=ORIENTED_EDGE('',*,*,#3891,.F.);
#5678=ORIENTED_EDGE('',*,*,#3963,.T.);
#5679=ORIENTED_EDGE('',*,*,#3661,.F.);
#5680=ORIENTED_EDGE('',*,*,#3964,.F.);
#5681=ORIENTED_EDGE('',*,*,#3892,.T.);
#5682=ORIENTED_EDGE('',*,*,#3964,.T.);
#5683=ORIENTED_EDGE('',*,*,#3660,.F.);
#5684=ORIENTED_EDGE('',*,*,#3957,.F.);
#5685=ORIENTED_EDGE('',*,*,#3877,.F.);
#5686=ORIENTED_EDGE('',*,*,#3965,.T.);
#5687=ORIENTED_EDGE('',*,*,#3675,.F.);
#5688=ORIENTED_EDGE('',*,*,#3966,.F.);
#5689=ORIENTED_EDGE('',*,*,#3881,.F.);
#5690=ORIENTED_EDGE('',*,*,#3967,.T.);
#5691=ORIENTED_EDGE('',*,*,#3671,.F.);
#5692=ORIENTED_EDGE('',*,*,#3968,.F.);
#5693=ORIENTED_EDGE('',*,*,#3882,.T.);
#5694=ORIENTED_EDGE('',*,*,#3968,.T.);
#5695=ORIENTED_EDGE('',*,*,#3670,.F.);
#5696=ORIENTED_EDGE('',*,*,#3969,.F.);
#5697=ORIENTED_EDGE('',*,*,#3883,.F.);
#5698=ORIENTED_EDGE('',*,*,#3969,.T.);
#5699=ORIENTED_EDGE('',*,*,#3669,.F.);
#5700=ORIENTED_EDGE('',*,*,#3970,.F.);
#5701=ORIENTED_EDGE('',*,*,#3884,.T.);
#5702=ORIENTED_EDGE('',*,*,#3970,.T.);
#5703=ORIENTED_EDGE('',*,*,#3668,.F.);
#5704=ORIENTED_EDGE('',*,*,#3971,.F.);
#5705=ORIENTED_EDGE('',*,*,#3885,.F.);
#5706=ORIENTED_EDGE('',*,*,#3971,.T.);
#5707=ORIENTED_EDGE('',*,*,#3667,.F.);
#5708=ORIENTED_EDGE('',*,*,#3972,.F.);
#5709=ORIENTED_EDGE('',*,*,#3886,.T.);
#5710=ORIENTED_EDGE('',*,*,#3972,.T.);
#5711=ORIENTED_EDGE('',*,*,#3666,.F.);
#5712=ORIENTED_EDGE('',*,*,#3955,.F.);
#5713=ORIENTED_EDGE('',*,*,#3878,.T.);
#5714=ORIENTED_EDGE('',*,*,#3966,.T.);
#5715=ORIENTED_EDGE('',*,*,#3674,.F.);
#5716=ORIENTED_EDGE('',*,*,#3973,.F.);
#5717=ORIENTED_EDGE('',*,*,#3879,.F.);
#5718=ORIENTED_EDGE('',*,*,#3973,.T.);
#5719=ORIENTED_EDGE('',*,*,#3673,.F.);
#5720=ORIENTED_EDGE('',*,*,#3974,.F.);
#5721=ORIENTED_EDGE('',*,*,#3880,.T.);
#5722=ORIENTED_EDGE('',*,*,#3974,.T.);
#5723=ORIENTED_EDGE('',*,*,#3672,.F.);
#5724=ORIENTED_EDGE('',*,*,#3967,.F.);
#5725=ORIENTED_EDGE('',*,*,#3875,.F.);
#5726=ORIENTED_EDGE('',*,*,#3975,.T.);
#5727=ORIENTED_EDGE('',*,*,#3677,.F.);
#5728=ORIENTED_EDGE('',*,*,#3976,.F.);
#5729=ORIENTED_EDGE('',*,*,#3876,.T.);
#5730=ORIENTED_EDGE('',*,*,#3976,.T.);
#5731=ORIENTED_EDGE('',*,*,#3676,.F.);
#5732=ORIENTED_EDGE('',*,*,#3965,.F.);
#5733=ORIENTED_EDGE('',*,*,#3872,.T.);
#5734=ORIENTED_EDGE('',*,*,#3954,.T.);
#5735=ORIENTED_EDGE('',*,*,#3680,.F.);
#5736=ORIENTED_EDGE('',*,*,#3977,.F.);
#5737=ORIENTED_EDGE('',*,*,#3873,.F.);
#5738=ORIENTED_EDGE('',*,*,#3977,.T.);
#5739=ORIENTED_EDGE('',*,*,#3679,.F.);
#5740=ORIENTED_EDGE('',*,*,#3978,.F.);
#5741=ORIENTED_EDGE('',*,*,#3874,.T.);
#5742=ORIENTED_EDGE('',*,*,#3978,.T.);
#5743=ORIENTED_EDGE('',*,*,#3678,.F.);
#5744=ORIENTED_EDGE('',*,*,#3975,.F.);
#5745=ORIENTED_EDGE('',*,*,#3868,.T.);
#5746=ORIENTED_EDGE('',*,*,#3910,.T.);
#5747=ORIENTED_EDGE('',*,*,#3684,.F.);
#5748=ORIENTED_EDGE('',*,*,#3979,.F.);
#5749=ORIENTED_EDGE('',*,*,#3869,.F.);
#5750=ORIENTED_EDGE('',*,*,#3979,.T.);
#5751=ORIENTED_EDGE('',*,*,#3683,.F.);
#5752=ORIENTED_EDGE('',*,*,#3980,.F.);
#5753=ORIENTED_EDGE('',*,*,#3870,.T.);
#5754=ORIENTED_EDGE('',*,*,#3980,.T.);
#5755=ORIENTED_EDGE('',*,*,#3682,.F.);
#5756=ORIENTED_EDGE('',*,*,#3953,.F.);
#5757=ORIENTED_EDGE('',*,*,#3801,.F.);
#5758=ORIENTED_EDGE('',*,*,#3981,.T.);
#5759=ORIENTED_EDGE('',*,*,#3751,.F.);
#5760=ORIENTED_EDGE('',*,*,#3982,.F.);
#5761=ORIENTED_EDGE('',*,*,#3813,.F.);
#5762=ORIENTED_EDGE('',*,*,#3983,.T.);
#5763=ORIENTED_EDGE('',*,*,#3739,.F.);
#5764=ORIENTED_EDGE('',*,*,#3984,.F.);
#5765=ORIENTED_EDGE('',*,*,#3823,.F.);
#5766=ORIENTED_EDGE('',*,*,#3985,.T.);
#5767=ORIENTED_EDGE('',*,*,#3729,.F.);
#5768=ORIENTED_EDGE('',*,*,#3986,.F.);
#5769=ORIENTED_EDGE('',*,*,#3824,.T.);
#5770=ORIENTED_EDGE('',*,*,#3986,.T.);
#5771=ORIENTED_EDGE('',*,*,#3728,.F.);
#5772=ORIENTED_EDGE('',*,*,#3987,.F.);
#5773=ORIENTED_EDGE('',*,*,#3825,.F.);
#5774=ORIENTED_EDGE('',*,*,#3987,.T.);
#5775=ORIENTED_EDGE('',*,*,#3727,.F.);
#5776=ORIENTED_EDGE('',*,*,#3988,.F.);
#5777=ORIENTED_EDGE('',*,*,#3826,.T.);
#5778=ORIENTED_EDGE('',*,*,#3988,.T.);
#5779=ORIENTED_EDGE('',*,*,#3726,.F.);
#5780=ORIENTED_EDGE('',*,*,#3911,.F.);
#5781=ORIENTED_EDGE('',*,*,#3814,.T.);
#5782=ORIENTED_EDGE('',*,*,#3984,.T.);
#5783=ORIENTED_EDGE('',*,*,#3738,.F.);
#5784=ORIENTED_EDGE('',*,*,#3989,.F.);
#5785=ORIENTED_EDGE('',*,*,#3815,.F.);
#5786=ORIENTED_EDGE('',*,*,#3989,.T.);
#5787=ORIENTED_EDGE('',*,*,#3737,.F.);
#5788=ORIENTED_EDGE('',*,*,#3990,.F.);
#5789=ORIENTED_EDGE('',*,*,#3816,.T.);
#5790=ORIENTED_EDGE('',*,*,#3990,.T.);
#5791=ORIENTED_EDGE('',*,*,#3736,.F.);
#5792=ORIENTED_EDGE('',*,*,#3991,.F.);
#5793=ORIENTED_EDGE('',*,*,#3817,.F.);
#5794=ORIENTED_EDGE('',*,*,#3991,.T.);
#5795=ORIENTED_EDGE('',*,*,#3735,.F.);
#5796=ORIENTED_EDGE('',*,*,#3992,.F.);
#5797=ORIENTED_EDGE('',*,*,#3821,.F.);
#5798=ORIENTED_EDGE('',*,*,#3993,.T.);
#5799=ORIENTED_EDGE('',*,*,#3731,.F.);
#5800=ORIENTED_EDGE('',*,*,#3994,.F.);
#5801=ORIENTED_EDGE('',*,*,#3822,.T.);
#5802=ORIENTED_EDGE('',*,*,#3994,.T.);
#5803=ORIENTED_EDGE('',*,*,#3730,.F.);
#5804=ORIENTED_EDGE('',*,*,#3985,.F.);
#5805=ORIENTED_EDGE('',*,*,#3818,.T.);
#5806=ORIENTED_EDGE('',*,*,#3992,.T.);
#5807=ORIENTED_EDGE('',*,*,#3734,.F.);
#5808=ORIENTED_EDGE('',*,*,#3995,.F.);
#5809=ORIENTED_EDGE('',*,*,#3819,.F.);
#5810=ORIENTED_EDGE('',*,*,#3995,.T.);
#5811=ORIENTED_EDGE('',*,*,#3733,.F.);
#5812=ORIENTED_EDGE('',*,*,#3996,.F.);
#5813=ORIENTED_EDGE('',*,*,#3820,.T.);
#5814=ORIENTED_EDGE('',*,*,#3996,.T.);
#5815=ORIENTED_EDGE('',*,*,#3732,.F.);
#5816=ORIENTED_EDGE('',*,*,#3993,.F.);
#5817=ORIENTED_EDGE('',*,*,#3802,.T.);
#5818=ORIENTED_EDGE('',*,*,#3982,.T.);
#5819=ORIENTED_EDGE('',*,*,#3750,.F.);
#5820=ORIENTED_EDGE('',*,*,#3997,.F.);
#5821=ORIENTED_EDGE('',*,*,#3803,.F.);
#5822=ORIENTED_EDGE('',*,*,#3997,.T.);
#5823=ORIENTED_EDGE('',*,*,#3749,.F.);
#5824=ORIENTED_EDGE('',*,*,#3998,.F.);
#5825=ORIENTED_EDGE('',*,*,#3807,.F.);
#5826=ORIENTED_EDGE('',*,*,#3999,.T.);
#5827=ORIENTED_EDGE('',*,*,#3745,.F.);
#5828=ORIENTED_EDGE('',*,*,#4000,.F.);
#5829=ORIENTED_EDGE('',*,*,#3804,.T.);
#5830=ORIENTED_EDGE('',*,*,#3998,.T.);
#5831=ORIENTED_EDGE('',*,*,#3748,.F.);
#5832=ORIENTED_EDGE('',*,*,#4001,.F.);
#5833=ORIENTED_EDGE('',*,*,#3805,.F.);
#5834=ORIENTED_EDGE('',*,*,#4001,.T.);
#5835=ORIENTED_EDGE('',*,*,#3747,.F.);
#5836=ORIENTED_EDGE('',*,*,#4002,.F.);
#5837=ORIENTED_EDGE('',*,*,#3806,.T.);
#5838=ORIENTED_EDGE('',*,*,#4002,.T.);
#5839=ORIENTED_EDGE('',*,*,#3746,.F.);
#5840=ORIENTED_EDGE('',*,*,#3999,.F.);
#5841=ORIENTED_EDGE('',*,*,#3808,.T.);
#5842=ORIENTED_EDGE('',*,*,#4000,.T.);
#5843=ORIENTED_EDGE('',*,*,#3744,.F.);
#5844=ORIENTED_EDGE('',*,*,#4003,.F.);
#5845=ORIENTED_EDGE('',*,*,#3809,.F.);
#5846=ORIENTED_EDGE('',*,*,#4003,.T.);
#5847=ORIENTED_EDGE('',*,*,#3743,.F.);
#5848=ORIENTED_EDGE('',*,*,#4004,.F.);
#5849=ORIENTED_EDGE('',*,*,#3810,.T.);
#5850=ORIENTED_EDGE('',*,*,#4004,.T.);
#5851=ORIENTED_EDGE('',*,*,#3742,.F.);
#5852=ORIENTED_EDGE('',*,*,#4005,.F.);
#5853=ORIENTED_EDGE('',*,*,#3811,.F.);
#5854=ORIENTED_EDGE('',*,*,#4005,.T.);
#5855=ORIENTED_EDGE('',*,*,#3741,.F.);
#5856=ORIENTED_EDGE('',*,*,#4006,.F.);
#5857=ORIENTED_EDGE('',*,*,#3812,.T.);
#5858=ORIENTED_EDGE('',*,*,#4006,.T.);
#5859=ORIENTED_EDGE('',*,*,#3740,.F.);
#5860=ORIENTED_EDGE('',*,*,#3983,.F.);
#5861=ORIENTED_EDGE('',*,*,#3901,.F.);
#5862=ORIENTED_EDGE('',*,*,#4007,.T.);
#5863=ORIENTED_EDGE('',*,*,#3651,.F.);
#5864=ORIENTED_EDGE('',*,*,#4008,.F.);
#5865=ORIENTED_EDGE('',*,*,#3898,.T.);
#5866=ORIENTED_EDGE('',*,*,#3952,.T.);
#5867=ORIENTED_EDGE('',*,*,#3654,.F.);
#5868=ORIENTED_EDGE('',*,*,#4009,.F.);
#5869=ORIENTED_EDGE('',*,*,#3899,.F.);
#5870=ORIENTED_EDGE('',*,*,#4009,.T.);
#5871=ORIENTED_EDGE('',*,*,#3653,.F.);
#5872=ORIENTED_EDGE('',*,*,#4010,.F.);
#5873=ORIENTED_EDGE('',*,*,#3900,.T.);
#5874=ORIENTED_EDGE('',*,*,#4010,.T.);
#5875=ORIENTED_EDGE('',*,*,#3652,.F.);
#5876=ORIENTED_EDGE('',*,*,#4007,.F.);
#5877=ORIENTED_EDGE('',*,*,#3902,.T.);
#5878=ORIENTED_EDGE('',*,*,#4008,.T.);
#5879=ORIENTED_EDGE('',*,*,#3650,.F.);
#5880=ORIENTED_EDGE('',*,*,#4011,.F.);
#5881=ORIENTED_EDGE('',*,*,#3903,.F.);
#5882=ORIENTED_EDGE('',*,*,#4011,.T.);
#5883=ORIENTED_EDGE('',*,*,#3649,.F.);
#5884=ORIENTED_EDGE('',*,*,#4012,.F.);
#5885=ORIENTED_EDGE('',*,*,#3789,.F.);
#5886=ORIENTED_EDGE('',*,*,#4013,.T.);
#5887=ORIENTED_EDGE('',*,*,#3763,.F.);
#5888=ORIENTED_EDGE('',*,*,#4014,.F.);
#5889=ORIENTED_EDGE('',*,*,#3795,.F.);
#5890=ORIENTED_EDGE('',*,*,#4015,.T.);
#5891=ORIENTED_EDGE('',*,*,#3757,.F.);
#5892=ORIENTED_EDGE('',*,*,#4016,.F.);
#5893=ORIENTED_EDGE('',*,*,#3790,.T.);
#5894=ORIENTED_EDGE('',*,*,#4014,.T.);
#5895=ORIENTED_EDGE('',*,*,#3762,.F.);
#5896=ORIENTED_EDGE('',*,*,#4017,.F.);
#5897=ORIENTED_EDGE('',*,*,#3791,.F.);
#5898=ORIENTED_EDGE('',*,*,#4017,.T.);
#5899=ORIENTED_EDGE('',*,*,#3761,.F.);
#5900=ORIENTED_EDGE('',*,*,#4018,.F.);
#5901=ORIENTED_EDGE('',*,*,#3792,.T.);
#5902=ORIENTED_EDGE('',*,*,#4018,.T.);
#5903=ORIENTED_EDGE('',*,*,#3760,.F.);
#5904=ORIENTED_EDGE('',*,*,#4019,.F.);
#5905=ORIENTED_EDGE('',*,*,#3793,.F.);
#5906=ORIENTED_EDGE('',*,*,#4019,.T.);
#5907=ORIENTED_EDGE('',*,*,#3759,.F.);
#5908=ORIENTED_EDGE('',*,*,#4020,.F.);
#5909=ORIENTED_EDGE('',*,*,#3794,.T.);
#5910=ORIENTED_EDGE('',*,*,#4020,.T.);
#5911=ORIENTED_EDGE('',*,*,#3758,.F.);
#5912=ORIENTED_EDGE('',*,*,#4015,.F.);
#5913=ORIENTED_EDGE('',*,*,#3799,.F.);
#5914=ORIENTED_EDGE('',*,*,#4021,.T.);
#5915=ORIENTED_EDGE('',*,*,#3753,.F.);
#5916=ORIENTED_EDGE('',*,*,#4022,.F.);
#5917=ORIENTED_EDGE('',*,*,#3800,.T.);
#5918=ORIENTED_EDGE('',*,*,#4022,.T.);
#5919=ORIENTED_EDGE('',*,*,#3752,.F.);
#5920=ORIENTED_EDGE('',*,*,#3981,.F.);
#5921=ORIENTED_EDGE('',*,*,#3796,.T.);
#5922=ORIENTED_EDGE('',*,*,#4016,.T.);
#5923=ORIENTED_EDGE('',*,*,#3756,.F.);
#5924=ORIENTED_EDGE('',*,*,#4023,.F.);
#5925=ORIENTED_EDGE('',*,*,#3797,.F.);
#5926=ORIENTED_EDGE('',*,*,#4023,.T.);
#5927=ORIENTED_EDGE('',*,*,#3755,.F.);
#5928=ORIENTED_EDGE('',*,*,#4024,.F.);
#5929=ORIENTED_EDGE('',*,*,#3798,.T.);
#5930=ORIENTED_EDGE('',*,*,#4024,.T.);
#5931=ORIENTED_EDGE('',*,*,#3754,.F.);
#5932=ORIENTED_EDGE('',*,*,#4021,.F.);
#5933=ORIENTED_EDGE('',*,*,#3787,.F.);
#5934=ORIENTED_EDGE('',*,*,#4025,.T.);
#5935=ORIENTED_EDGE('',*,*,#3645,.F.);
#5936=ORIENTED_EDGE('',*,*,#4026,.F.);
#5937=ORIENTED_EDGE('',*,*,#3788,.T.);
#5938=ORIENTED_EDGE('',*,*,#4026,.T.);
#5939=ORIENTED_EDGE('',*,*,#3764,.F.);
#5940=ORIENTED_EDGE('',*,*,#4013,.F.);
#5941=ORIENTED_EDGE('',*,*,#3904,.T.);
#5942=ORIENTED_EDGE('',*,*,#4012,.T.);
#5943=ORIENTED_EDGE('',*,*,#3648,.F.);
#5944=ORIENTED_EDGE('',*,*,#4027,.F.);
#5945=ORIENTED_EDGE('',*,*,#3905,.F.);
#5946=ORIENTED_EDGE('',*,*,#4027,.T.);
#5947=ORIENTED_EDGE('',*,*,#3647,.F.);
#5948=ORIENTED_EDGE('',*,*,#4028,.F.);
#5949=ORIENTED_EDGE('',*,*,#3906,.T.);
#5950=ORIENTED_EDGE('',*,*,#4028,.T.);
#5951=ORIENTED_EDGE('',*,*,#3646,.F.);
#5952=ORIENTED_EDGE('',*,*,#4025,.F.);
#5953=CYLINDRICAL_SURFACE('',#6376,1.90881);
#5954=CYLINDRICAL_SURFACE('',#6378,1.90881);
#5955=CYLINDRICAL_SURFACE('',#6379,1.90881);
#5956=CYLINDRICAL_SURFACE('',#6380,1.90881);
#5957=CYLINDRICAL_SURFACE('',#6381,1.90881);
#5958=CYLINDRICAL_SURFACE('',#6382,1.90881);
#5959=CYLINDRICAL_SURFACE('',#6383,1.90881);
#5960=CYLINDRICAL_SURFACE('',#6384,1.90881);
#5961=CYLINDRICAL_SURFACE('',#6385,1.90881);
#5962=CYLINDRICAL_SURFACE('',#6387,2.413);
#5963=CYLINDRICAL_SURFACE('',#6389,2.413);
#5964=CYLINDRICAL_SURFACE('',#6390,2.413);
#5965=CYLINDRICAL_SURFACE('',#6391,2.413);
#5966=CYLINDRICAL_SURFACE('',#6392,2.413);
#5967=CYLINDRICAL_SURFACE('',#6393,2.413);
#5968=CYLINDRICAL_SURFACE('',#6394,2.413);
#5969=CYLINDRICAL_SURFACE('',#6395,2.413);
#5970=CYLINDRICAL_SURFACE('',#6396,2.413);
#5971=CYLINDRICAL_SURFACE('',#6397,2.413);
#5972=CYLINDRICAL_SURFACE('',#6419,15.);
#5973=CYLINDRICAL_SURFACE('',#6495,1.7145);
#5974=CYLINDRICAL_SURFACE('',#6501,1.7145);
#5975=CYLINDRICAL_SURFACE('',#6652,2.413);
#5976=CYLINDRICAL_SURFACE('',#6727,7.);
#5977=CYLINDRICAL_SURFACE('',#6733,29.);
#5978=CYLINDRICAL_SURFACE('',#6739,1.90881);
#5979=CYLINDRICAL_SURFACE('',#6740,4.05);
#5980=CYLINDRICAL_SURFACE('',#6806,29.);
#5981=CYLINDRICAL_SURFACE('',#6809,28.2650310824816);
#5982=CYLINDRICAL_SURFACE('',#6810,28.2650310824816);
#5983=CYLINDRICAL_SURFACE('',#6811,28.2650310824816);
#5984=CYLINDRICAL_SURFACE('',#6812,28.2650310824816);
#5985=CYLINDRICAL_SURFACE('',#6813,28.2650310824816);
#5986=CYLINDRICAL_SURFACE('',#6814,28.2650310824816);
#5987=CYLINDRICAL_SURFACE('',#6815,28.2650310824816);
#5988=CYLINDRICAL_SURFACE('',#6816,28.2650310824816);
#5989=CYLINDRICAL_SURFACE('',#6817,28.2650310824816);
#5990=CYLINDRICAL_SURFACE('',#6818,28.2650310824816);
#5991=CYLINDRICAL_SURFACE('',#6819,28.2650310824816);
#5992=CYLINDRICAL_SURFACE('',#6820,28.2650310824816);
#5993=CYLINDRICAL_SURFACE('',#6821,28.2650310824816);
#5994=CYLINDRICAL_SURFACE('',#6822,28.2650310824816);
#5995=CYLINDRICAL_SURFACE('',#6823,28.2650310824816);
#5996=CYLINDRICAL_SURFACE('',#6824,28.2650310824816);
#5997=CYLINDRICAL_SURFACE('',#6825,28.2650310824816);
#5998=CYLINDRICAL_SURFACE('',#6826,28.2650310824816);
#5999=CYLINDRICAL_SURFACE('',#6827,28.2650310824816);
#6000=CYLINDRICAL_SURFACE('',#6828,28.2650310824816);
#6001=CYLINDRICAL_SURFACE('',#6829,28.2650310824816);
#6002=CYLINDRICAL_SURFACE('',#6830,28.2650310824816);
#6003=CYLINDRICAL_SURFACE('',#6831,28.2650310824816);
#6004=CYLINDRICAL_SURFACE('',#6832,28.2650310824816);
#6005=CYLINDRICAL_SURFACE('',#6833,28.2650310824816);
#6006=CYLINDRICAL_SURFACE('',#6834,28.2650310824816);
#6007=CYLINDRICAL_SURFACE('',#6835,28.2650310824816);
#6008=CYLINDRICAL_SURFACE('',#6836,28.2650310824816);
#6009=CYLINDRICAL_SURFACE('',#6837,28.2650310824816);
#6010=CYLINDRICAL_SURFACE('',#6838,28.2650310824816);
#6011=CYLINDRICAL_SURFACE('',#6839,28.2650310824816);
#6012=CYLINDRICAL_SURFACE('',#6840,28.2650310824816);
#6013=CYLINDRICAL_SURFACE('',#6841,28.2650310824816);
#6014=CYLINDRICAL_SURFACE('',#6842,28.2650310824816);
#6015=CYLINDRICAL_SURFACE('',#6843,28.2650310824816);
#6016=CYLINDRICAL_SURFACE('',#6844,28.2650310824816);
#6017=CYLINDRICAL_SURFACE('',#6845,28.2650310824816);
#6018=CYLINDRICAL_SURFACE('',#6846,28.2650310824816);
#6019=CYLINDRICAL_SURFACE('',#6847,28.2650310824816);
#6020=CYLINDRICAL_SURFACE('',#6848,28.2650310824816);
#6021=CYLINDRICAL_SURFACE('',#6849,28.2650310824816);
#6022=CYLINDRICAL_SURFACE('',#6850,28.2650310824816);
#6023=CYLINDRICAL_SURFACE('',#6851,28.2650310824816);
#6024=CYLINDRICAL_SURFACE('',#6852,28.2650310824816);
#6025=CYLINDRICAL_SURFACE('',#6853,28.2650310824816);
#6026=CYLINDRICAL_SURFACE('',#6854,28.2650310824816);
#6027=CYLINDRICAL_SURFACE('',#6855,28.2650310824816);
#6028=CYLINDRICAL_SURFACE('',#6856,28.2650310824816);
#6029=CYLINDRICAL_SURFACE('',#6857,28.2650310824816);
#6030=CYLINDRICAL_SURFACE('',#6858,28.2650310824816);
#6031=CYLINDRICAL_SURFACE('',#6859,28.2650310824816);
#6032=CYLINDRICAL_SURFACE('',#6860,28.2650310824816);
#6033=CYLINDRICAL_SURFACE('',#6861,28.2650310824816);
#6034=CYLINDRICAL_SURFACE('',#6862,28.2650310824816);
#6035=CYLINDRICAL_SURFACE('',#6863,28.2650310824816);
#6036=CYLINDRICAL_SURFACE('',#6864,28.2650310824816);
#6037=CYLINDRICAL_SURFACE('',#6865,28.2650310824816);
#6038=CYLINDRICAL_SURFACE('',#6866,28.2650310824816);
#6039=CYLINDRICAL_SURFACE('',#6867,28.2650310824816);
#6040=CYLINDRICAL_SURFACE('',#6868,28.2650310824816);
#6041=ADVANCED_FACE('',(#401),#5953,.F.);
#6042=ADVANCED_FACE('',(#402),#5954,.F.);
#6043=ADVANCED_FACE('',(#403),#5955,.F.);
#6044=ADVANCED_FACE('',(#404),#5956,.F.);
#6045=ADVANCED_FACE('',(#405),#5957,.F.);
#6046=ADVANCED_FACE('',(#406),#5958,.F.);
#6047=ADVANCED_FACE('',(#407),#5959,.F.);
#6048=ADVANCED_FACE('',(#408),#5960,.F.);
#6049=ADVANCED_FACE('',(#409),#5961,.F.);
#6050=ADVANCED_FACE('',(#410),#5962,.F.);
#6051=ADVANCED_FACE('',(#411),#5963,.F.);
#6052=ADVANCED_FACE('',(#412),#5964,.F.);
#6053=ADVANCED_FACE('',(#413),#5965,.F.);
#6054=ADVANCED_FACE('',(#414),#5966,.F.);
#6055=ADVANCED_FACE('',(#415),#5967,.F.);
#6056=ADVANCED_FACE('',(#416),#5968,.F.);
#6057=ADVANCED_FACE('',(#417),#5969,.F.);
#6058=ADVANCED_FACE('',(#418),#5970,.F.);
#6059=ADVANCED_FACE('',(#419),#5971,.F.);
#6060=ADVANCED_FACE('',(#420),#237,.T.);
#6061=ADVANCED_FACE('',(#421),#238,.T.);
#6062=ADVANCED_FACE('',(#422),#239,.T.);
#6063=ADVANCED_FACE('',(#423),#240,.T.);
#6064=ADVANCED_FACE('',(#424),#241,.T.);
#6065=ADVANCED_FACE('',(#425),#242,.T.);
#6066=ADVANCED_FACE('',(#426),#243,.T.);
#6067=ADVANCED_FACE('',(#427),#244,.T.);
#6068=ADVANCED_FACE('',(#428),#245,.T.);
#6069=ADVANCED_FACE('',(#429),#246,.T.);
#6070=ADVANCED_FACE('',(#430),#5972,.T.);
#6071=ADVANCED_FACE('',(#431),#247,.T.);
#6072=ADVANCED_FACE('',(#432),#5973,.F.);
#6073=ADVANCED_FACE('',(#433),#248,.T.);
#6074=ADVANCED_FACE('',(#434),#249,.T.);
#6075=ADVANCED_FACE('',(#435),#5974,.F.);
#6076=ADVANCED_FACE('',(#436),#250,.T.);
#6077=ADVANCED_FACE('',(#437),#251,.T.);
#6078=ADVANCED_FACE('',(#438),#252,.T.);
#6079=ADVANCED_FACE('',(#439),#253,.T.);
#6080=ADVANCED_FACE('',(#440),#254,.T.);
#6081=ADVANCED_FACE('',(#441),#255,.F.);
#6082=ADVANCED_FACE('',(#442),#256,.F.);
#6083=ADVANCED_FACE('',(#443),#257,.F.);
#6084=ADVANCED_FACE('',(#444),#258,.T.);
#6085=ADVANCED_FACE('',(#445,#204),#259,.T.);
#6086=ADVANCED_FACE('',(#446),#260,.F.);
#6087=ADVANCED_FACE('',(#447),#261,.F.);
#6088=ADVANCED_FACE('',(#448),#262,.F.);
#6089=ADVANCED_FACE('',(#449),#263,.F.);
#6090=ADVANCED_FACE('',(#450),#264,.F.);
#6091=ADVANCED_FACE('',(#451),#265,.F.);
#6092=ADVANCED_FACE('',(#452),#266,.T.);
#6093=ADVANCED_FACE('',(#453),#267,.F.);
#6094=ADVANCED_FACE('',(#454),#268,.F.);
#6095=ADVANCED_FACE('',(#455),#269,.F.);
#6096=ADVANCED_FACE('',(#456),#270,.F.);
#6097=ADVANCED_FACE('',(#457),#271,.F.);
#6098=ADVANCED_FACE('',(#458),#272,.F.);
#6099=ADVANCED_FACE('',(#459),#273,.T.);
#6100=ADVANCED_FACE('',(#460),#274,.F.);
#6101=ADVANCED_FACE('',(#461),#275,.F.);
#6102=ADVANCED_FACE('',(#462),#276,.F.);
#6103=ADVANCED_FACE('',(#463),#277,.F.);
#6104=ADVANCED_FACE('',(#464),#278,.F.);
#6105=ADVANCED_FACE('',(#465),#279,.F.);
#6106=ADVANCED_FACE('',(#466),#280,.T.);
#6107=ADVANCED_FACE('',(#467),#281,.F.);
#6108=ADVANCED_FACE('',(#468),#282,.F.);
#6109=ADVANCED_FACE('',(#469),#283,.F.);
#6110=ADVANCED_FACE('',(#470),#284,.F.);
#6111=ADVANCED_FACE('',(#471),#285,.F.);
#6112=ADVANCED_FACE('',(#472),#286,.F.);
#6113=ADVANCED_FACE('',(#473),#287,.T.);
#6114=ADVANCED_FACE('',(#474),#288,.F.);
#6115=ADVANCED_FACE('',(#475),#289,.F.);
#6116=ADVANCED_FACE('',(#476),#290,.F.);
#6117=ADVANCED_FACE('',(#477),#291,.F.);
#6118=ADVANCED_FACE('',(#478),#292,.F.);
#6119=ADVANCED_FACE('',(#479),#293,.F.);
#6120=ADVANCED_FACE('',(#480),#294,.T.);
#6121=ADVANCED_FACE('',(#481),#295,.F.);
#6122=ADVANCED_FACE('',(#482),#296,.F.);
#6123=ADVANCED_FACE('',(#483),#297,.F.);
#6124=ADVANCED_FACE('',(#484),#298,.F.);
#6125=ADVANCED_FACE('',(#485),#299,.F.);
#6126=ADVANCED_FACE('',(#486),#300,.F.);
#6127=ADVANCED_FACE('',(#487),#301,.T.);
#6128=ADVANCED_FACE('',(#488),#302,.F.);
#6129=ADVANCED_FACE('',(#489),#303,.F.);
#6130=ADVANCED_FACE('',(#490),#304,.F.);
#6131=ADVANCED_FACE('',(#491),#305,.F.);
#6132=ADVANCED_FACE('',(#492),#306,.F.);
#6133=ADVANCED_FACE('',(#493),#307,.F.);
#6134=ADVANCED_FACE('',(#494),#308,.T.);
#6135=ADVANCED_FACE('',(#495),#309,.F.);
#6136=ADVANCED_FACE('',(#496),#310,.F.);
#6137=ADVANCED_FACE('',(#497),#311,.F.);
#6138=ADVANCED_FACE('',(#498),#312,.F.);
#6139=ADVANCED_FACE('',(#499),#313,.F.);
#6140=ADVANCED_FACE('',(#500),#314,.F.);
#6141=ADVANCED_FACE('',(#501),#315,.T.);
#6142=ADVANCED_FACE('',(#502),#316,.F.);
#6143=ADVANCED_FACE('',(#503),#317,.F.);
#6144=ADVANCED_FACE('',(#504),#318,.F.);
#6145=ADVANCED_FACE('',(#505),#319,.F.);
#6146=ADVANCED_FACE('',(#506),#320,.F.);
#6147=ADVANCED_FACE('',(#507),#321,.F.);
#6148=ADVANCED_FACE('',(#508),#322,.T.);
#6149=ADVANCED_FACE('',(#509),#323,.F.);
#6150=ADVANCED_FACE('',(#510),#324,.F.);
#6151=ADVANCED_FACE('',(#511),#325,.F.);
#6152=ADVANCED_FACE('',(#512),#326,.F.);
#6153=ADVANCED_FACE('',(#513),#327,.F.);
#6154=ADVANCED_FACE('',(#514),#328,.F.);
#6155=ADVANCED_FACE('',(#515),#329,.T.);
#6156=ADVANCED_FACE('',(#516),#330,.F.);
#6157=ADVANCED_FACE('',(#517),#331,.F.);
#6158=ADVANCED_FACE('',(#518),#332,.F.);
#6159=ADVANCED_FACE('',(#519),#333,.F.);
#6160=ADVANCED_FACE('',(#520),#334,.F.);
#6161=ADVANCED_FACE('',(#521),#335,.F.);
#6162=ADVANCED_FACE('',(#522),#336,.T.);
#6163=ADVANCED_FACE('',(#523),#337,.F.);
#6164=ADVANCED_FACE('',(#524),#338,.F.);
#6165=ADVANCED_FACE('',(#525),#339,.F.);
#6166=ADVANCED_FACE('',(#526),#340,.F.);
#6167=ADVANCED_FACE('',(#527),#341,.F.);
#6168=ADVANCED_FACE('',(#528),#342,.F.);
#6169=ADVANCED_FACE('',(#529),#343,.T.);
#6170=ADVANCED_FACE('',(#530),#344,.F.);
#6171=ADVANCED_FACE('',(#531),#345,.F.);
#6172=ADVANCED_FACE('',(#532),#346,.F.);
#6173=ADVANCED_FACE('',(#533),#347,.F.);
#6174=ADVANCED_FACE('',(#534),#348,.F.);
#6175=ADVANCED_FACE('',(#535),#349,.F.);
#6176=ADVANCED_FACE('',(#536),#350,.T.);
#6177=ADVANCED_FACE('',(#537),#351,.F.);
#6178=ADVANCED_FACE('',(#538),#352,.F.);
#6179=ADVANCED_FACE('',(#539),#353,.F.);
#6180=ADVANCED_FACE('',(#540),#354,.F.);
#6181=ADVANCED_FACE('',(#541),#355,.F.);
#6182=ADVANCED_FACE('',(#542),#356,.F.);
#6183=ADVANCED_FACE('',(#543),#357,.T.);
#6184=ADVANCED_FACE('',(#544),#358,.F.);
#6185=ADVANCED_FACE('',(#545),#359,.F.);
#6186=ADVANCED_FACE('',(#546),#360,.F.);
#6187=ADVANCED_FACE('',(#547),#361,.F.);
#6188=ADVANCED_FACE('',(#548),#362,.F.);
#6189=ADVANCED_FACE('',(#549),#363,.F.);
#6190=ADVANCED_FACE('',(#550),#364,.T.);
#6191=ADVANCED_FACE('',(#551),#365,.F.);
#6192=ADVANCED_FACE('',(#552),#366,.F.);
#6193=ADVANCED_FACE('',(#553),#367,.F.);
#6194=ADVANCED_FACE('',(#554),#368,.F.);
#6195=ADVANCED_FACE('',(#555),#369,.F.);
#6196=ADVANCED_FACE('',(#556),#370,.F.);
#6197=ADVANCED_FACE('',(#557),#371,.T.);
#6198=ADVANCED_FACE('',(#558),#372,.F.);
#6199=ADVANCED_FACE('',(#559),#373,.F.);
#6200=ADVANCED_FACE('',(#560),#374,.F.);
#6201=ADVANCED_FACE('',(#561),#375,.F.);
#6202=ADVANCED_FACE('',(#562),#376,.F.);
#6203=ADVANCED_FACE('',(#563),#377,.F.);
#6204=ADVANCED_FACE('',(#564),#378,.T.);
#6205=ADVANCED_FACE('',(#565),#379,.F.);
#6206=ADVANCED_FACE('',(#566),#380,.F.);
#6207=ADVANCED_FACE('',(#567),#381,.F.);
#6208=ADVANCED_FACE('',(#568),#382,.F.);
#6209=ADVANCED_FACE('',(#569),#383,.F.);
#6210=ADVANCED_FACE('',(#570),#384,.F.);
#6211=ADVANCED_FACE('',(#571),#385,.T.);
#6212=ADVANCED_FACE('',(#572),#386,.F.);
#6213=ADVANCED_FACE('',(#573),#387,.F.);
#6214=ADVANCED_FACE('',(#574),#388,.F.);
#6215=ADVANCED_FACE('',(#575),#389,.F.);
#6216=ADVANCED_FACE('',(#576),#390,.F.);
#6217=ADVANCED_FACE('',(#577),#391,.F.);
#6218=ADVANCED_FACE('',(#578),#392,.T.);
#6219=ADVANCED_FACE('',(#579),#393,.F.);
#6220=ADVANCED_FACE('',(#580),#394,.F.);
#6221=ADVANCED_FACE('',(#581),#395,.F.);
#6222=ADVANCED_FACE('',(#582),#5975,.F.);
#6223=ADVANCED_FACE('',(#583),#202,.F.);
#6224=ADVANCED_FACE('',(#584),#203,.F.);
#6225=ADVANCED_FACE('',(#585,#205,#206),#396,.T.);
#6226=ADVANCED_FACE('',(#586,#207),#397,.F.);
#6227=ADVANCED_FACE('',(#587),#5976,.T.);
#6228=ADVANCED_FACE('',(#588,#208),#398,.T.);
#6229=ADVANCED_FACE('',(#589),#80,.T.);
#6230=ADVANCED_FACE('',(#590),#5977,.T.);
#6231=ADVANCED_FACE('',(#591),#15,.T.);
#6232=ADVANCED_FACE('',(#592),#16,.T.);
#6233=ADVANCED_FACE('',(#593),#17,.T.);
#6234=ADVANCED_FACE('',(#594),#18,.T.);
#6235=ADVANCED_FACE('',(#595),#19,.T.);
#6236=ADVANCED_FACE('',(#596),#5978,.F.);
#6237=ADVANCED_FACE('',(#597,#209),#5979,.F.);
#6238=ADVANCED_FACE('',(#598),#81,.T.);
#6239=ADVANCED_FACE('',(#599,#210),#399,.T.);
#6240=ADVANCED_FACE('',(#600),#5980,.T.);
#6241=ADVANCED_FACE('',(#601,#211,#212,#213,#214,#215,#216,#217),#400,.F.);
#6242=ADVANCED_FACE('',(#602),#20,.T.);
#6243=ADVANCED_FACE('',(#603),#21,.T.);
#6244=ADVANCED_FACE('',(#604),#22,.T.);
#6245=ADVANCED_FACE('',(#605),#23,.T.);
#6246=ADVANCED_FACE('',(#606),#5981,.T.);
#6247=ADVANCED_FACE('',(#607),#24,.T.);
#6248=ADVANCED_FACE('',(#608),#25,.T.);
#6249=ADVANCED_FACE('',(#609),#26,.T.);
#6250=ADVANCED_FACE('',(#610),#5982,.T.);
#6251=ADVANCED_FACE('',(#611),#27,.T.);
#6252=ADVANCED_FACE('',(#612),#5983,.T.);
#6253=ADVANCED_FACE('',(#613),#28,.T.);
#6254=ADVANCED_FACE('',(#614),#5984,.T.);
#6255=ADVANCED_FACE('',(#615),#5985,.T.);
#6256=ADVANCED_FACE('',(#616),#29,.T.);
#6257=ADVANCED_FACE('',(#617),#5986,.T.);
#6258=ADVANCED_FACE('',(#618),#5987,.T.);
#6259=ADVANCED_FACE('',(#619),#30,.T.);
#6260=ADVANCED_FACE('',(#620),#5988,.T.);
#6261=ADVANCED_FACE('',(#621),#31,.T.);
#6262=ADVANCED_FACE('',(#622),#5989,.T.);
#6263=ADVANCED_FACE('',(#623),#32,.T.);
#6264=ADVANCED_FACE('',(#624),#5990,.T.);
#6265=ADVANCED_FACE('',(#625),#5991,.T.);
#6266=ADVANCED_FACE('',(#626),#33,.T.);
#6267=ADVANCED_FACE('',(#627),#5992,.T.);
#6268=ADVANCED_FACE('',(#628),#34,.T.);
#6269=ADVANCED_FACE('',(#629),#5993,.T.);
#6270=ADVANCED_FACE('',(#630),#35,.T.);
#6271=ADVANCED_FACE('',(#631),#5994,.T.);
#6272=ADVANCED_FACE('',(#632),#36,.T.);
#6273=ADVANCED_FACE('',(#633),#5995,.T.);
#6274=ADVANCED_FACE('',(#634),#5996,.T.);
#6275=ADVANCED_FACE('',(#635),#37,.T.);
#6276=ADVANCED_FACE('',(#636),#38,.T.);
#6277=ADVANCED_FACE('',(#637),#5997,.T.);
#6278=ADVANCED_FACE('',(#638),#39,.T.);
#6279=ADVANCED_FACE('',(#639),#5998,.T.);
#6280=ADVANCED_FACE('',(#640),#5999,.T.);
#6281=ADVANCED_FACE('',(#641),#40,.T.);
#6282=ADVANCED_FACE('',(#642),#6000,.T.);
#6283=ADVANCED_FACE('',(#643),#41,.T.);
#6284=ADVANCED_FACE('',(#644),#42,.T.);
#6285=ADVANCED_FACE('',(#645),#43,.T.);
#6286=ADVANCED_FACE('',(#646),#44,.T.);
#6287=ADVANCED_FACE('',(#647),#6001,.T.);
#6288=ADVANCED_FACE('',(#648),#45,.T.);
#6289=ADVANCED_FACE('',(#649),#6002,.T.);
#6290=ADVANCED_FACE('',(#650),#6003,.T.);
#6291=ADVANCED_FACE('',(#651),#46,.T.);
#6292=ADVANCED_FACE('',(#652),#6004,.T.);
#6293=ADVANCED_FACE('',(#653),#47,.T.);
#6294=ADVANCED_FACE('',(#654),#6005,.T.);
#6295=ADVANCED_FACE('',(#655),#48,.T.);
#6296=ADVANCED_FACE('',(#656),#49,.T.);
#6297=ADVANCED_FACE('',(#657),#6006,.T.);
#6298=ADVANCED_FACE('',(#658),#50,.T.);
#6299=ADVANCED_FACE('',(#659),#6007,.T.);
#6300=ADVANCED_FACE('',(#660),#51,.T.);
#6301=ADVANCED_FACE('',(#661),#6008,.T.);
#6302=ADVANCED_FACE('',(#662),#6009,.T.);
#6303=ADVANCED_FACE('',(#663),#52,.T.);
#6304=ADVANCED_FACE('',(#664),#6010,.T.);
#6305=ADVANCED_FACE('',(#665),#53,.T.);
#6306=ADVANCED_FACE('',(#666),#6011,.T.);
#6307=ADVANCED_FACE('',(#667),#6012,.T.);
#6308=ADVANCED_FACE('',(#668),#54,.T.);
#6309=ADVANCED_FACE('',(#669),#6013,.T.);
#6310=ADVANCED_FACE('',(#670),#6014,.T.);
#6311=ADVANCED_FACE('',(#671),#55,.T.);
#6312=ADVANCED_FACE('',(#672),#6015,.T.);
#6313=ADVANCED_FACE('',(#673),#56,.T.);
#6314=ADVANCED_FACE('',(#674),#57,.T.);
#6315=ADVANCED_FACE('',(#675),#58,.T.);
#6316=ADVANCED_FACE('',(#676),#6016,.T.);
#6317=ADVANCED_FACE('',(#677),#59,.T.);
#6318=ADVANCED_FACE('',(#678),#6017,.T.);
#6319=ADVANCED_FACE('',(#679),#6018,.T.);
#6320=ADVANCED_FACE('',(#680),#60,.T.);
#6321=ADVANCED_FACE('',(#681),#6019,.T.);
#6322=ADVANCED_FACE('',(#682),#61,.T.);
#6323=ADVANCED_FACE('',(#683),#62,.T.);
#6324=ADVANCED_FACE('',(#684),#6020,.T.);
#6325=ADVANCED_FACE('',(#685),#6021,.T.);
#6326=ADVANCED_FACE('',(#686),#63,.T.);
#6327=ADVANCED_FACE('',(#687),#6022,.T.);
#6328=ADVANCED_FACE('',(#688),#6023,.T.);
#6329=ADVANCED_FACE('',(#689),#64,.T.);
#6330=ADVANCED_FACE('',(#690),#65,.T.);
#6331=ADVANCED_FACE('',(#691),#6024,.T.);
#6332=ADVANCED_FACE('',(#692),#66,.T.);
#6333=ADVANCED_FACE('',(#693),#6025,.T.);
#6334=ADVANCED_FACE('',(#694),#6026,.T.);
#6335=ADVANCED_FACE('',(#695),#67,.T.);
#6336=ADVANCED_FACE('',(#696),#6027,.T.);
#6337=ADVANCED_FACE('',(#697),#68,.T.);
#6338=ADVANCED_FACE('',(#698),#6028,.T.);
#6339=ADVANCED_FACE('',(#699),#69,.T.);
#6340=ADVANCED_FACE('',(#700),#6029,.T.);
#6341=ADVANCED_FACE('',(#701),#70,.T.);
#6342=ADVANCED_FACE('',(#702),#6030,.T.);
#6343=ADVANCED_FACE('',(#703),#6031,.T.);
#6344=ADVANCED_FACE('',(#704),#71,.T.);
#6345=ADVANCED_FACE('',(#705),#72,.T.);
#6346=ADVANCED_FACE('',(#706),#73,.T.);
#6347=ADVANCED_FACE('',(#707),#6032,.T.);
#6348=ADVANCED_FACE('',(#708),#74,.T.);
#6349=ADVANCED_FACE('',(#709),#6033,.T.);
#6350=ADVANCED_FACE('',(#710),#75,.T.);
#6351=ADVANCED_FACE('',(#711),#6034,.T.);
#6352=ADVANCED_FACE('',(#712),#76,.T.);
#6353=ADVANCED_FACE('',(#713),#6035,.T.);
#6354=ADVANCED_FACE('',(#714),#6036,.T.);
#6355=ADVANCED_FACE('',(#715),#77,.T.);
#6356=ADVANCED_FACE('',(#716),#6037,.T.);
#6357=ADVANCED_FACE('',(#717),#78,.T.);
#6358=ADVANCED_FACE('',(#718),#6038,.T.);
#6359=ADVANCED_FACE('',(#719),#6039,.T.);
#6360=ADVANCED_FACE('',(#720),#79,.T.);
#6361=ADVANCED_FACE('',(#721),#6040,.T.);
#6362=CLOSED_SHELL('',(#6041,#6042,#6043,#6044,#6045,#6046,#6047,#6048,
#6049,#6050,#6051,#6052,#6053,#6054,#6055,#6056,#6057,#6058,#6059,#6060,
#6061,#6062,#6063,#6064,#6065,#6066,#6067,#6068,#6069,#6070,#6071,#6072,
#6073,#6074,#6075,#6076,#6077,#6078,#6079,#6080,#6081,#6082,#6083,#6084,
#6085,#6086,#6087,#6088,#6089,#6090,#6091,#6092,#6093,#6094,#6095,#6096,
#6097,#6098,#6099,#6100,#6101,#6102,#6103,#6104,#6105,#6106,#6107,#6108,
#6109,#6110,#6111,#6112,#6113,#6114,#6115,#6116,#6117,#6118,#6119,#6120,
#6121,#6122,#6123,#6124,#6125,#6126,#6127,#6128,#6129,#6130,#6131,#6132,
#6133,#6134,#6135,#6136,#6137,#6138,#6139,#6140,#6141,#6142,#6143,#6144,
#6145,#6146,#6147,#6148,#6149,#6150,#6151,#6152,#6153,#6154,#6155,#6156,
#6157,#6158,#6159,#6160,#6161,#6162,#6163,#6164,#6165,#6166,#6167,#6168,
#6169,#6170,#6171,#6172,#6173,#6174,#6175,#6176,#6177,#6178,#6179,#6180,
#6181,#6182,#6183,#6184,#6185,#6186,#6187,#6188,#6189,#6190,#6191,#6192,
#6193,#6194,#6195,#6196,#6197,#6198,#6199,#6200,#6201,#6202,#6203,#6204,
#6205,#6206,#6207,#6208,#6209,#6210,#6211,#6212,#6213,#6214,#6215,#6216,
#6217,#6218,#6219,#6220,#6221,#6222,#6223,#6224,#6225,#6226,#6227,#6228,
#6229,#6230,#6231,#6232,#6233,#6234,#6235,#6236,#6237,#6238,#6239,#6240,
#6241,#6242,#6243,#6244,#6245,#6246,#6247,#6248,#6249,#6250,#6251,#6252,
#6253,#6254,#6255,#6256,#6257,#6258,#6259,#6260,#6261,#6262,#6263,#6264,
#6265,#6266,#6267,#6268,#6269,#6270,#6271,#6272,#6273,#6274,#6275,#6276,
#6277,#6278,#6279,#6280,#6281,#6282,#6283,#6284,#6285,#6286,#6287,#6288,
#6289,#6290,#6291,#6292,#6293,#6294,#6295,#6296,#6297,#6298,#6299,#6300,
#6301,#6302,#6303,#6304,#6305,#6306,#6307,#6308,#6309,#6310,#6311,#6312,
#6313,#6314,#6315,#6316,#6317,#6318,#6319,#6320,#6321,#6322,#6323,#6324,
#6325,#6326,#6327,#6328,#6329,#6330,#6331,#6332,#6333,#6334,#6335,#6336,
#6337,#6338,#6339,#6340,#6341,#6342,#6343,#6344,#6345,#6346,#6347,#6348,
#6349,#6350,#6351,#6352,#6353,#6354,#6355,#6356,#6357,#6358,#6359,#6360,
#6361));
#6363=DERIVED_UNIT_ELEMENT(#6365,1.);
#6364=DERIVED_UNIT_ELEMENT(#13473,-3.);
#6365=(
MASS_UNIT()
NAMED_UNIT(*)
SI_UNIT(.KILO.,.GRAM.)
);
#6366=DERIVED_UNIT((#6363,#6364));
#6367=MEASURE_REPRESENTATION_ITEM('density measure',
POSITIVE_RATIO_MEASURE(2700.),#6366);
#6368=PROPERTY_DEFINITION_REPRESENTATION(#6373,#6370);
#6369=PROPERTY_DEFINITION_REPRESENTATION(#6374,#6371);
#6370=REPRESENTATION('material name',(#6372),#13470);
#6371=REPRESENTATION('density',(#6367),#13470);
#6372=DESCRIPTIVE_REPRESENTATION_ITEM('Aluminum','Aluminum');
#6373=PROPERTY_DEFINITION('material property','material name',#13480);
#6374=PROPERTY_DEFINITION('material property','density of part',#13480);
#6375=AXIS2_PLACEMENT_3D('',#8405,#6869,#6870);
#6376=AXIS2_PLACEMENT_3D('',#8406,#6871,#6872);
#6377=AXIS2_PLACEMENT_3D('',#8425,#6874,#6875);
#6378=AXIS2_PLACEMENT_3D('',#8448,#6876,#6877);
#6379=AXIS2_PLACEMENT_3D('',#8496,#6879,#6880);
#6380=AXIS2_PLACEMENT_3D('',#8547,#6882,#6883);
#6381=AXIS2_PLACEMENT_3D('',#8598,#6885,#6886);
#6382=AXIS2_PLACEMENT_3D('',#8646,#6888,#6889);
#6383=AXIS2_PLACEMENT_3D('',#8700,#6891,#6892);
#6384=AXIS2_PLACEMENT_3D('',#8748,#6894,#6895);
#6385=AXIS2_PLACEMENT_3D('',#8799,#6897,#6898);
#6386=AXIS2_PLACEMENT_3D('',#8818,#6900,#6901);
#6387=AXIS2_PLACEMENT_3D('',#8841,#6902,#6903);
#6388=AXIS2_PLACEMENT_3D('',#8851,#6905,#6906);
#6389=AXIS2_PLACEMENT_3D('',#8858,#6907,#6908);
#6390=AXIS2_PLACEMENT_3D('',#8883,#6910,#6911);
#6391=AXIS2_PLACEMENT_3D('',#8908,#6913,#6914);
#6392=AXIS2_PLACEMENT_3D('',#8932,#6916,#6917);
#6393=AXIS2_PLACEMENT_3D('',#8957,#6919,#6920);
#6394=AXIS2_PLACEMENT_3D('',#8982,#6922,#6923);
#6395=AXIS2_PLACEMENT_3D('',#9007,#6925,#6926);
#6396=AXIS2_PLACEMENT_3D('',#9032,#6928,#6929);
#6397=AXIS2_PLACEMENT_3D('',#9056,#6931,#6932);
#6398=AXIS2_PLACEMENT_3D('',#9067,#6934,#6935);
#6399=AXIS2_PLACEMENT_3D('',#9074,#6936,#6937);
#6400=AXIS2_PLACEMENT_3D('',#9079,#6939,#6940);
#6401=AXIS2_PLACEMENT_3D('',#9083,#6943,#6944);
#6402=AXIS2_PLACEMENT_3D('',#9088,#6946,#6947);
#6403=AXIS2_PLACEMENT_3D('',#9092,#6950,#6951);
#6404=AXIS2_PLACEMENT_3D('',#9097,#6953,#6954);
#6405=AXIS2_PLACEMENT_3D('',#9101,#6957,#6958);
#6406=AXIS2_PLACEMENT_3D('',#9106,#6960,#6961);
#6407=AXIS2_PLACEMENT_3D('',#9110,#6964,#6965);
#6408=AXIS2_PLACEMENT_3D('',#9115,#6967,#6968);
#6409=AXIS2_PLACEMENT_3D('',#9119,#6971,#6972);
#6410=AXIS2_PLACEMENT_3D('',#9124,#6974,#6975);
#6411=AXIS2_PLACEMENT_3D('',#9128,#6978,#6979);
#6412=AXIS2_PLACEMENT_3D('',#9133,#6981,#6982);
#6413=AXIS2_PLACEMENT_3D('',#9137,#6985,#6986);
#6414=AXIS2_PLACEMENT_3D('',#9142,#6988,#6989);
#6415=AXIS2_PLACEMENT_3D('',#9146,#6992,#6993);
#6416=AXIS2_PLACEMENT_3D('',#9151,#6995,#6996);
#6417=AXIS2_PLACEMENT_3D('',#9155,#6999,#7000);
#6418=AXIS2_PLACEMENT_3D('',#9160,#7002,#7003);
#6419=AXIS2_PLACEMENT_3D('',#9164,#7006,#7007);
#6420=AXIS2_PLACEMENT_3D('',#9168,#7009,#7010);
#6421=AXIS2_PLACEMENT_3D('',#9172,#7012,#7013);
#6422=AXIS2_PLACEMENT_3D('',#9176,#7015,#7016);
#6423=AXIS2_PLACEMENT_3D('',#9180,#7018,#7019);
#6424=AXIS2_PLACEMENT_3D('',#9184,#7021,#7022);
#6425=AXIS2_PLACEMENT_3D('',#9188,#7024,#7025);
#6426=AXIS2_PLACEMENT_3D('',#9192,#7027,#7028);
#6427=AXIS2_PLACEMENT_3D('',#9197,#7031,#7032);
#6428=AXIS2_PLACEMENT_3D('',#9201,#7034,#7035);
#6429=AXIS2_PLACEMENT_3D('',#9205,#7037,#7038);
#6430=AXIS2_PLACEMENT_3D('',#9233,#7041,#7042);
#6431=AXIS2_PLACEMENT_3D('',#9235,#7043,#7044);
#6432=AXIS2_PLACEMENT_3D('',#9237,#7045,#7046);
#6433=AXIS2_PLACEMENT_3D('',#9239,#7047,#7048);
#6434=AXIS2_PLACEMENT_3D('',#9241,#7049,#7050);
#6435=AXIS2_PLACEMENT_3D('',#9242,#7051,#7052);
#6436=AXIS2_PLACEMENT_3D('',#9265,#7054,#7055);
#6437=AXIS2_PLACEMENT_3D('',#9269,#7057,#7058);
#6438=AXIS2_PLACEMENT_3D('',#9273,#7060,#7061);
#6439=AXIS2_PLACEMENT_3D('',#9278,#7064,#7065);
#6440=AXIS2_PLACEMENT_3D('',#9282,#7067,#7068);
#6441=AXIS2_PLACEMENT_3D('',#9286,#7070,#7071);
#6442=AXIS2_PLACEMENT_3D('',#9290,#7073,#7074);
#6443=AXIS2_PLACEMENT_3D('',#9294,#7076,#7077);
#6444=AXIS2_PLACEMENT_3D('',#9298,#7079,#7080);
#6445=AXIS2_PLACEMENT_3D('',#9302,#7082,#7083);
#6446=AXIS2_PLACEMENT_3D('',#9307,#7086,#7087);
#6447=AXIS2_PLACEMENT_3D('',#9311,#7089,#7090);
#6448=AXIS2_PLACEMENT_3D('',#9315,#7092,#7093);
#6449=AXIS2_PLACEMENT_3D('',#9319,#7095,#7096);
#6450=AXIS2_PLACEMENT_3D('',#9323,#7098,#7099);
#6451=AXIS2_PLACEMENT_3D('',#9327,#7101,#7102);
#6452=AXIS2_PLACEMENT_3D('',#9331,#7104,#7105);
#6453=AXIS2_PLACEMENT_3D('',#9375,#7108,#7109);
#6454=AXIS2_PLACEMENT_3D('',#9379,#7111,#7112);
#6455=AXIS2_PLACEMENT_3D('',#9383,#7114,#7115);
#6456=AXIS2_PLACEMENT_3D('',#9387,#7117,#7118);
#6457=AXIS2_PLACEMENT_3D('',#9391,#7120,#7121);
#6458=AXIS2_PLACEMENT_3D('',#9395,#7123,#7124);
#6459=AXIS2_PLACEMENT_3D('',#9399,#7126,#7127);
#6460=AXIS2_PLACEMENT_3D('',#9404,#7130,#7131);
#6461=AXIS2_PLACEMENT_3D('',#9408,#7133,#7134);
#6462=AXIS2_PLACEMENT_3D('',#9412,#7136,#7137);
#6463=AXIS2_PLACEMENT_3D('',#9416,#7139,#7140);
#6464=AXIS2_PLACEMENT_3D('',#9420,#7142,#7143);
#6465=AXIS2_PLACEMENT_3D('',#9424,#7145,#7146);
#6466=AXIS2_PLACEMENT_3D('',#9428,#7148,#7149);
#6467=AXIS2_PLACEMENT_3D('',#9433,#7152,#7153);
#6468=AXIS2_PLACEMENT_3D('',#9437,#7155,#7156);
#6469=AXIS2_PLACEMENT_3D('',#9441,#7158,#7159);
#6470=AXIS2_PLACEMENT_3D('',#9445,#7161,#7162);
#6471=AXIS2_PLACEMENT_3D('',#9449,#7164,#7165);
#6472=AXIS2_PLACEMENT_3D('',#9453,#7167,#7168);
#6473=AXIS2_PLACEMENT_3D('',#9457,#7170,#7171);
#6474=AXIS2_PLACEMENT_3D('',#9462,#7174,#7175);
#6475=AXIS2_PLACEMENT_3D('',#9466,#7177,#7178);
#6476=AXIS2_PLACEMENT_3D('',#9470,#7180,#7181);
#6477=AXIS2_PLACEMENT_3D('',#9474,#7183,#7184);
#6478=AXIS2_PLACEMENT_3D('',#9478,#7186,#7187);
#6479=AXIS2_PLACEMENT_3D('',#9482,#7189,#7190);
#6480=AXIS2_PLACEMENT_3D('',#9486,#7192,#7193);
#6481=AXIS2_PLACEMENT_3D('',#9491,#7196,#7197);
#6482=AXIS2_PLACEMENT_3D('',#9495,#7199,#7200);
#6483=AXIS2_PLACEMENT_3D('',#9499,#7202,#7203);
#6484=AXIS2_PLACEMENT_3D('',#9503,#7205,#7206);
#6485=AXIS2_PLACEMENT_3D('',#9507,#7208,#7209);
#6486=AXIS2_PLACEMENT_3D('',#9511,#7211,#7212);
#6487=AXIS2_PLACEMENT_3D('',#9515,#7214,#7215);
#6488=AXIS2_PLACEMENT_3D('',#9520,#7218,#7219);
#6489=AXIS2_PLACEMENT_3D('',#9524,#7221,#7222);
#6490=AXIS2_PLACEMENT_3D('',#9528,#7224,#7225);
#6491=AXIS2_PLACEMENT_3D('',#9533,#7228,#7229);
#6492=AXIS2_PLACEMENT_3D('',#9537,#7231,#7232);
#6493=AXIS2_PLACEMENT_3D('',#9541,#7234,#7235);
#6494=AXIS2_PLACEMENT_3D('',#9543,#7237,#7238);
#6495=AXIS2_PLACEMENT_3D('',#9549,#7242,#7243);
#6496=AXIS2_PLACEMENT_3D('',#9564,#7245,#7246);
#6497=AXIS2_PLACEMENT_3D('',#9566,#7247,#7248);
#6498=AXIS2_PLACEMENT_3D('',#9567,#7249,#7250);
#6499=AXIS2_PLACEMENT_3D('',#9597,#7251,#7252);
#6500=AXIS2_PLACEMENT_3D('',#9603,#7256,#7257);
#6501=AXIS2_PLACEMENT_3D('',#9609,#7261,#7262);
#6502=AXIS2_PLACEMENT_3D('',#9647,#7264,#7265);
#6503=AXIS2_PLACEMENT_3D('',#9649,#7266,#7267);
#6504=AXIS2_PLACEMENT_3D('',#9650,#7268,#7269);
#6505=AXIS2_PLACEMENT_3D('',#9651,#7270,#7271);
#6506=AXIS2_PLACEMENT_3D('',#9657,#7275,#7276);
#6507=AXIS2_PLACEMENT_3D('',#9663,#7280,#7281);
#6508=AXIS2_PLACEMENT_3D('',#9669,#7285,#7286);
#6509=AXIS2_PLACEMENT_3D('',#9675,#7290,#7291);
#6510=AXIS2_PLACEMENT_3D('',#9681,#7295,#7296);
#6511=AXIS2_PLACEMENT_3D('',#9687,#7300,#7301);
#6512=AXIS2_PLACEMENT_3D('',#9693,#7305,#7306);
#6513=AXIS2_PLACEMENT_3D('',#9696,#7309,#7310);
#6514=AXIS2_PLACEMENT_3D('',#9697,#7311,#7312);
#6515=AXIS2_PLACEMENT_3D('',#9894,#7430,#7431);
#6516=AXIS2_PLACEMENT_3D('',#9895,#7432,#7433);
#6517=AXIS2_PLACEMENT_3D('',#9897,#7435,#7436);
#6518=AXIS2_PLACEMENT_3D('',#9899,#7438,#7439);
#6519=AXIS2_PLACEMENT_3D('',#9900,#7440,#7441);
#6520=AXIS2_PLACEMENT_3D('',#9904,#7444,#7445);
#6521=AXIS2_PLACEMENT_3D('',#9908,#7448,#7449);
#6522=AXIS2_PLACEMENT_3D('',#9910,#7451,#7452);
#6523=AXIS2_PLACEMENT_3D('',#9911,#7453,#7454);
#6524=AXIS2_PLACEMENT_3D('',#9913,#7456,#7457);
#6525=AXIS2_PLACEMENT_3D('',#9915,#7459,#7460);
#6526=AXIS2_PLACEMENT_3D('',#9916,#7461,#7462);
#6527=AXIS2_PLACEMENT_3D('',#9920,#7465,#7466);
#6528=AXIS2_PLACEMENT_3D('',#9924,#7469,#7470);
#6529=AXIS2_PLACEMENT_3D('',#9926,#7472,#7473);
#6530=AXIS2_PLACEMENT_3D('',#9927,#7474,#7475);
#6531=AXIS2_PLACEMENT_3D('',#9929,#7477,#7478);
#6532=AXIS2_PLACEMENT_3D('',#9931,#7480,#7481);
#6533=AXIS2_PLACEMENT_3D('',#9932,#7482,#7483);
#6534=AXIS2_PLACEMENT_3D('',#9936,#7486,#7487);
#6535=AXIS2_PLACEMENT_3D('',#9940,#7490,#7491);
#6536=AXIS2_PLACEMENT_3D('',#9942,#7493,#7494);
#6537=AXIS2_PLACEMENT_3D('',#9943,#7495,#7496);
#6538=AXIS2_PLACEMENT_3D('',#9945,#7498,#7499);
#6539=AXIS2_PLACEMENT_3D('',#9947,#7501,#7502);
#6540=AXIS2_PLACEMENT_3D('',#9948,#7503,#7504);
#6541=AXIS2_PLACEMENT_3D('',#9952,#7507,#7508);
#6542=AXIS2_PLACEMENT_3D('',#9956,#7511,#7512);
#6543=AXIS2_PLACEMENT_3D('',#9958,#7514,#7515);
#6544=AXIS2_PLACEMENT_3D('',#9959,#7516,#7517);
#6545=AXIS2_PLACEMENT_3D('',#9961,#7519,#7520);
#6546=AXIS2_PLACEMENT_3D('',#9963,#7522,#7523);
#6547=AXIS2_PLACEMENT_3D('',#9964,#7524,#7525);
#6548=AXIS2_PLACEMENT_3D('',#9968,#7528,#7529);
#6549=AXIS2_PLACEMENT_3D('',#9972,#7532,#7533);
#6550=AXIS2_PLACEMENT_3D('',#9974,#7535,#7536);
#6551=AXIS2_PLACEMENT_3D('',#9975,#7537,#7538);
#6552=AXIS2_PLACEMENT_3D('',#9977,#7540,#7541);
#6553=AXIS2_PLACEMENT_3D('',#9979,#7543,#7544);
#6554=AXIS2_PLACEMENT_3D('',#9980,#7545,#7546);
#6555=AXIS2_PLACEMENT_3D('',#9984,#7549,#7550);
#6556=AXIS2_PLACEMENT_3D('',#9988,#7553,#7554);
#6557=AXIS2_PLACEMENT_3D('',#9990,#7556,#7557);
#6558=AXIS2_PLACEMENT_3D('',#9991,#7558,#7559);
#6559=AXIS2_PLACEMENT_3D('',#9993,#7561,#7562);
#6560=AXIS2_PLACEMENT_3D('',#9995,#7564,#7565);
#6561=AXIS2_PLACEMENT_3D('',#9996,#7566,#7567);
#6562=AXIS2_PLACEMENT_3D('',#10000,#7570,#7571);
#6563=AXIS2_PLACEMENT_3D('',#10004,#7574,#7575);
#6564=AXIS2_PLACEMENT_3D('',#10006,#7577,#7578);
#6565=AXIS2_PLACEMENT_3D('',#10007,#7579,#7580);
#6566=AXIS2_PLACEMENT_3D('',#10009,#7582,#7583);
#6567=AXIS2_PLACEMENT_3D('',#10011,#7585,#7586);
#6568=AXIS2_PLACEMENT_3D('',#10012,#7587,#7588);
#6569=AXIS2_PLACEMENT_3D('',#10016,#7591,#7592);
#6570=AXIS2_PLACEMENT_3D('',#10020,#7595,#7596);
#6571=AXIS2_PLACEMENT_3D('',#10022,#7598,#7599);
#6572=AXIS2_PLACEMENT_3D('',#10023,#7600,#7601);
#6573=AXIS2_PLACEMENT_3D('',#10025,#7603,#7604);
#6574=AXIS2_PLACEMENT_3D('',#10027,#7606,#7607);
#6575=AXIS2_PLACEMENT_3D('',#10028,#7608,#7609);
#6576=AXIS2_PLACEMENT_3D('',#10032,#7612,#7613);
#6577=AXIS2_PLACEMENT_3D('',#10036,#7616,#7617);
#6578=AXIS2_PLACEMENT_3D('',#10038,#7619,#7620);
#6579=AXIS2_PLACEMENT_3D('',#10039,#7621,#7622);
#6580=AXIS2_PLACEMENT_3D('',#10041,#7624,#7625);
#6581=AXIS2_PLACEMENT_3D('',#10043,#7627,#7628);
#6582=AXIS2_PLACEMENT_3D('',#10044,#7629,#7630);
#6583=AXIS2_PLACEMENT_3D('',#10048,#7633,#7634);
#6584=AXIS2_PLACEMENT_3D('',#10052,#7637,#7638);
#6585=AXIS2_PLACEMENT_3D('',#10054,#7640,#7641);
#6586=AXIS2_PLACEMENT_3D('',#10055,#7642,#7643);
#6587=AXIS2_PLACEMENT_3D('',#10057,#7645,#7646);
#6588=AXIS2_PLACEMENT_3D('',#10059,#7648,#7649);
#6589=AXIS2_PLACEMENT_3D('',#10060,#7650,#7651);
#6590=AXIS2_PLACEMENT_3D('',#10064,#7654,#7655);
#6591=AXIS2_PLACEMENT_3D('',#10068,#7658,#7659);
#6592=AXIS2_PLACEMENT_3D('',#10070,#7661,#7662);
#6593=AXIS2_PLACEMENT_3D('',#10071,#7663,#7664);
#6594=AXIS2_PLACEMENT_3D('',#10073,#7666,#7667);
#6595=AXIS2_PLACEMENT_3D('',#10075,#7669,#7670);
#6596=AXIS2_PLACEMENT_3D('',#10076,#7671,#7672);
#6597=AXIS2_PLACEMENT_3D('',#10080,#7675,#7676);
#6598=AXIS2_PLACEMENT_3D('',#10084,#7679,#7680);
#6599=AXIS2_PLACEMENT_3D('',#10086,#7682,#7683);
#6600=AXIS2_PLACEMENT_3D('',#10087,#7684,#7685);
#6601=AXIS2_PLACEMENT_3D('',#10089,#7687,#7688);
#6602=AXIS2_PLACEMENT_3D('',#10091,#7690,#7691);
#6603=AXIS2_PLACEMENT_3D('',#10092,#7692,#7693);
#6604=AXIS2_PLACEMENT_3D('',#10096,#7696,#7697);
#6605=AXIS2_PLACEMENT_3D('',#10100,#7700,#7701);
#6606=AXIS2_PLACEMENT_3D('',#10102,#7703,#7704);
#6607=AXIS2_PLACEMENT_3D('',#10103,#7705,#7706);
#6608=AXIS2_PLACEMENT_3D('',#10105,#7708,#7709);
#6609=AXIS2_PLACEMENT_3D('',#10107,#7711,#7712);
#6610=AXIS2_PLACEMENT_3D('',#10108,#7713,#7714);
#6611=AXIS2_PLACEMENT_3D('',#10112,#7717,#7718);
#6612=AXIS2_PLACEMENT_3D('',#10116,#7721,#7722);
#6613=AXIS2_PLACEMENT_3D('',#10118,#7724,#7725);
#6614=AXIS2_PLACEMENT_3D('',#10119,#7726,#7727);
#6615=AXIS2_PLACEMENT_3D('',#10121,#7729,#7730);
#6616=AXIS2_PLACEMENT_3D('',#10123,#7732,#7733);
#6617=AXIS2_PLACEMENT_3D('',#10124,#7734,#7735);
#6618=AXIS2_PLACEMENT_3D('',#10128,#7738,#7739);
#6619=AXIS2_PLACEMENT_3D('',#10132,#7742,#7743);
#6620=AXIS2_PLACEMENT_3D('',#10134,#7745,#7746);
#6621=AXIS2_PLACEMENT_3D('',#10135,#7747,#7748);
#6622=AXIS2_PLACEMENT_3D('',#10137,#7750,#7751);
#6623=AXIS2_PLACEMENT_3D('',#10139,#7753,#7754);
#6624=AXIS2_PLACEMENT_3D('',#10140,#7755,#7756);
#6625=AXIS2_PLACEMENT_3D('',#10144,#7759,#7760);
#6626=AXIS2_PLACEMENT_3D('',#10148,#7763,#7764);
#6627=AXIS2_PLACEMENT_3D('',#10150,#7766,#7767);
#6628=AXIS2_PLACEMENT_3D('',#10151,#7768,#7769);
#6629=AXIS2_PLACEMENT_3D('',#10153,#7771,#7772);
#6630=AXIS2_PLACEMENT_3D('',#10155,#7774,#7775);
#6631=AXIS2_PLACEMENT_3D('',#10156,#7776,#7777);
#6632=AXIS2_PLACEMENT_3D('',#10160,#7780,#7781);
#6633=AXIS2_PLACEMENT_3D('',#10164,#7784,#7785);
#6634=AXIS2_PLACEMENT_3D('',#10166,#7787,#7788);
#6635=AXIS2_PLACEMENT_3D('',#10167,#7789,#7790);
#6636=AXIS2_PLACEMENT_3D('',#10169,#7792,#7793);
#6637=AXIS2_PLACEMENT_3D('',#10171,#7795,#7796);
#6638=AXIS2_PLACEMENT_3D('',#10172,#7797,#7798);
#6639=AXIS2_PLACEMENT_3D('',#10176,#7801,#7802);
#6640=AXIS2_PLACEMENT_3D('',#10180,#7805,#7806);
#6641=AXIS2_PLACEMENT_3D('',#10182,#7808,#7809);
#6642=AXIS2_PLACEMENT_3D('',#10183,#7810,#7811);
#6643=AXIS2_PLACEMENT_3D('',#10185,#7813,#7814);
#6644=AXIS2_PLACEMENT_3D('',#10187,#7816,#7817);
#6645=AXIS2_PLACEMENT_3D('',#10188,#7818,#7819);
#6646=AXIS2_PLACEMENT_3D('',#10192,#7822,#7823);
#6647=AXIS2_PLACEMENT_3D('',#10196,#7826,#7827);
#6648=AXIS2_PLACEMENT_3D('',#10198,#7829,#7830);
#6649=AXIS2_PLACEMENT_3D('',#10199,#7831,#7832);
#6650=AXIS2_PLACEMENT_3D('',#10201,#7834,#7835);
#6651=AXIS2_PLACEMENT_3D('',#10203,#7837,#7838);
#6652=AXIS2_PLACEMENT_3D('',#10204,#7839,#7840);
#6653=AXIS2_PLACEMENT_3D('',#11091,#7841,#7842);
#6654=AXIS2_PLACEMENT_3D('',#11093,#7843,#7844);
#6655=AXIS2_PLACEMENT_3D('',#11095,#7845,#7846);
#6656=AXIS2_PLACEMENT_3D('',#11096,#7847,#7848);
#6657=AXIS2_PLACEMENT_3D('',#11098,#7849,#7850);
#6658=AXIS2_PLACEMENT_3D('',#11099,#7851,#7852);
#6659=AXIS2_PLACEMENT_3D('',#11101,#7853,#7854);
#6660=AXIS2_PLACEMENT_3D('',#11102,#7855,#7856);
#6661=AXIS2_PLACEMENT_3D('',#11104,#7857,#7858);
#6662=AXIS2_PLACEMENT_3D('',#11105,#7859,#7860);
#6663=AXIS2_PLACEMENT_3D('',#11107,#7861,#7862);
#6664=AXIS2_PLACEMENT_3D('',#11108,#7863,#7864);
#6665=AXIS2_PLACEMENT_3D('',#11109,#7865,#7866);
#6666=AXIS2_PLACEMENT_3D('',#11111,#7867,#7868);
#6667=AXIS2_PLACEMENT_3D('',#11122,#7869,#7870);
#6668=AXIS2_PLACEMENT_3D('',#11132,#7871,#7872);
#6669=AXIS2_PLACEMENT_3D('',#11142,#7873,#7874);
#6670=AXIS2_PLACEMENT_3D('',#11152,#7875,#7876);
#6671=AXIS2_PLACEMENT_3D('',#11162,#7877,#7878);
#6672=AXIS2_PLACEMENT_3D('',#11172,#7879,#7880);
#6673=AXIS2_PLACEMENT_3D('',#11182,#7881,#7882);
#6674=AXIS2_PLACEMENT_3D('',#11192,#7883,#7884);
#6675=AXIS2_PLACEMENT_3D('',#11202,#7885,#7886);
#6676=AXIS2_PLACEMENT_3D('',#11212,#7887,#7888);
#6677=AXIS2_PLACEMENT_3D('',#11222,#7889,#7890);
#6678=AXIS2_PLACEMENT_3D('',#11232,#7891,#7892);
#6679=AXIS2_PLACEMENT_3D('',#11242,#7893,#7894);
#6680=AXIS2_PLACEMENT_3D('',#11252,#7895,#7896);
#6681=AXIS2_PLACEMENT_3D('',#11262,#7897,#7898);
#6682=AXIS2_PLACEMENT_3D('',#11272,#7899,#7900);
#6683=AXIS2_PLACEMENT_3D('',#11282,#7901,#7902);
#6684=AXIS2_PLACEMENT_3D('',#11292,#7903,#7904);
#6685=AXIS2_PLACEMENT_3D('',#11302,#7905,#7906);
#6686=AXIS2_PLACEMENT_3D('',#11312,#7907,#7908);
#6687=AXIS2_PLACEMENT_3D('',#11322,#7909,#7910);
#6688=AXIS2_PLACEMENT_3D('',#11332,#7911,#7912);
#6689=AXIS2_PLACEMENT_3D('',#11342,#7913,#7914);
#6690=AXIS2_PLACEMENT_3D('',#11352,#7915,#7916);
#6691=AXIS2_PLACEMENT_3D('',#11362,#7917,#7918);
#6692=AXIS2_PLACEMENT_3D('',#11372,#7919,#7920);
#6693=AXIS2_PLACEMENT_3D('',#11382,#7921,#7922);
#6694=AXIS2_PLACEMENT_3D('',#11392,#7923,#7924);
#6695=AXIS2_PLACEMENT_3D('',#11402,#7925,#7926);
#6696=AXIS2_PLACEMENT_3D('',#11412,#7927,#7928);
#6697=AXIS2_PLACEMENT_3D('',#11422,#7929,#7930);
#6698=AXIS2_PLACEMENT_3D('',#11432,#7931,#7932);
#6699=AXIS2_PLACEMENT_3D('',#11442,#7933,#7934);
#6700=AXIS2_PLACEMENT_3D('',#11452,#7935,#7936);
#6701=AXIS2_PLACEMENT_3D('',#11462,#7937,#7938);
#6702=AXIS2_PLACEMENT_3D('',#11472,#7939,#7940);
#6703=AXIS2_PLACEMENT_3D('',#11482,#7941,#7942);
#6704=AXIS2_PLACEMENT_3D('',#11492,#7943,#7944);
#6705=AXIS2_PLACEMENT_3D('',#11502,#7945,#7946);
#6706=AXIS2_PLACEMENT_3D('',#11512,#7947,#7948);
#6707=AXIS2_PLACEMENT_3D('',#11522,#7949,#7950);
#6708=AXIS2_PLACEMENT_3D('',#11532,#7951,#7952);
#6709=AXIS2_PLACEMENT_3D('',#11542,#7953,#7954);
#6710=AXIS2_PLACEMENT_3D('',#11552,#7955,#7956);
#6711=AXIS2_PLACEMENT_3D('',#11562,#7957,#7958);
#6712=AXIS2_PLACEMENT_3D('',#11572,#7959,#7960);
#6713=AXIS2_PLACEMENT_3D('',#11582,#7961,#7962);
#6714=AXIS2_PLACEMENT_3D('',#11592,#7963,#7964);
#6715=AXIS2_PLACEMENT_3D('',#11602,#7965,#7966);
#6716=AXIS2_PLACEMENT_3D('',#11612,#7967,#7968);
#6717=AXIS2_PLACEMENT_3D('',#11622,#7969,#7970);
#6718=AXIS2_PLACEMENT_3D('',#11632,#7971,#7972);
#6719=AXIS2_PLACEMENT_3D('',#11642,#7973,#7974);
#6720=AXIS2_PLACEMENT_3D('',#11652,#7975,#7976);
#6721=AXIS2_PLACEMENT_3D('',#11662,#7977,#7978);
#6722=AXIS2_PLACEMENT_3D('',#11672,#7979,#7980);
#6723=AXIS2_PLACEMENT_3D('',#11682,#7981,#7982);
#6724=AXIS2_PLACEMENT_3D('',#11692,#7983,#7984);
#6725=AXIS2_PLACEMENT_3D('',#11702,#7985,#7986);
#6726=AXIS2_PLACEMENT_3D('',#11711,#7987,#7988);
#6727=AXIS2_PLACEMENT_3D('',#11712,#7989,#7990);
#6728=AXIS2_PLACEMENT_3D('',#11714,#7991,#7992);
#6729=AXIS2_PLACEMENT_3D('',#11716,#7994,#7995);
#6730=AXIS2_PLACEMENT_3D('',#11718,#7996,#7997);
#6731=AXIS2_PLACEMENT_3D('',#11719,#7998,#7999);
#6732=AXIS2_PLACEMENT_3D('',#11722,#8001,#8002);
#6733=AXIS2_PLACEMENT_3D('',#11723,#8003,#8004);
#6734=AXIS2_PLACEMENT_3D('',#11744,#8006,#8007);
#6735=AXIS2_PLACEMENT_3D('',#11765,#8009,#8010);
#6736=AXIS2_PLACEMENT_3D('',#11786,#8012,#8013);
#6737=AXIS2_PLACEMENT_3D('',#11807,#8015,#8016);
#6738=AXIS2_PLACEMENT_3D('',#11828,#8018,#8019);
#6739=AXIS2_PLACEMENT_3D('',#11830,#8021,#8022);
#6740=AXIS2_PLACEMENT_3D('',#11831,#8023,#8024);
#6741=AXIS2_PLACEMENT_3D('',#11833,#8025,#8026);
#6742=AXIS2_PLACEMENT_3D('',#11836,#8029,#8030);
#6743=AXIS2_PLACEMENT_3D('',#11838,#8031,#8032);
#6744=AXIS2_PLACEMENT_3D('',#11841,#8034,#8035);
#6745=AXIS2_PLACEMENT_3D('',#11842,#8036,#8037);
#6746=AXIS2_PLACEMENT_3D('',#11853,#8038,#8039);
#6747=AXIS2_PLACEMENT_3D('',#11863,#8040,#8041);
#6748=AXIS2_PLACEMENT_3D('',#11873,#8042,#8043);
#6749=AXIS2_PLACEMENT_3D('',#11883,#8044,#8045);
#6750=AXIS2_PLACEMENT_3D('',#11893,#8046,#8047);
#6751=AXIS2_PLACEMENT_3D('',#11903,#8048,#8049);
#6752=AXIS2_PLACEMENT_3D('',#11913,#8050,#8051);
#6753=AXIS2_PLACEMENT_3D('',#11923,#8052,#8053);
#6754=AXIS2_PLACEMENT_3D('',#11933,#8054,#8055);
#6755=AXIS2_PLACEMENT_3D('',#11943,#8056,#8057);
#6756=AXIS2_PLACEMENT_3D('',#11953,#8058,#8059);
#6757=AXIS2_PLACEMENT_3D('',#11963,#8060,#8061);
#6758=AXIS2_PLACEMENT_3D('',#11973,#8062,#8063);
#6759=AXIS2_PLACEMENT_3D('',#11983,#8064,#8065);
#6760=AXIS2_PLACEMENT_3D('',#11993,#8066,#8067);
#6761=AXIS2_PLACEMENT_3D('',#12003,#8068,#8069);
#6762=AXIS2_PLACEMENT_3D('',#12013,#8070,#8071);
#6763=AXIS2_PLACEMENT_3D('',#12023,#8072,#8073);
#6764=AXIS2_PLACEMENT_3D('',#12033,#8074,#8075);
#6765=AXIS2_PLACEMENT_3D('',#12043,#8076,#8077);
#6766=AXIS2_PLACEMENT_3D('',#12053,#8078,#8079);
#6767=AXIS2_PLACEMENT_3D('',#12063,#8080,#8081);
#6768=AXIS2_PLACEMENT_3D('',#12073,#8082,#8083);
#6769=AXIS2_PLACEMENT_3D('',#12083,#8084,#8085);
#6770=AXIS2_PLACEMENT_3D('',#12093,#8086,#8087);
#6771=AXIS2_PLACEMENT_3D('',#12103,#8088,#8089);
#6772=AXIS2_PLACEMENT_3D('',#12113,#8090,#8091);
#6773=AXIS2_PLACEMENT_3D('',#12123,#8092,#8093);
#6774=AXIS2_PLACEMENT_3D('',#12133,#8094,#8095);
#6775=AXIS2_PLACEMENT_3D('',#12143,#8096,#8097);
#6776=AXIS2_PLACEMENT_3D('',#12153,#8098,#8099);
#6777=AXIS2_PLACEMENT_3D('',#12163,#8100,#8101);
#6778=AXIS2_PLACEMENT_3D('',#12173,#8102,#8103);
#6779=AXIS2_PLACEMENT_3D('',#12183,#8104,#8105);
#6780=AXIS2_PLACEMENT_3D('',#12193,#8106,#8107);
#6781=AXIS2_PLACEMENT_3D('',#12203,#8108,#8109);
#6782=AXIS2_PLACEMENT_3D('',#12213,#8110,#8111);
#6783=AXIS2_PLACEMENT_3D('',#12223,#8112,#8113);
#6784=AXIS2_PLACEMENT_3D('',#12233,#8114,#8115);
#6785=AXIS2_PLACEMENT_3D('',#12243,#8116,#8117);
#6786=AXIS2_PLACEMENT_3D('',#12253,#8118,#8119);
#6787=AXIS2_PLACEMENT_3D('',#12263,#8120,#8121);
#6788=AXIS2_PLACEMENT_3D('',#12273,#8122,#8123);
#6789=AXIS2_PLACEMENT_3D('',#12283,#8124,#8125);
#6790=AXIS2_PLACEMENT_3D('',#12293,#8126,#8127);
#6791=AXIS2_PLACEMENT_3D('',#12303,#8128,#8129);
#6792=AXIS2_PLACEMENT_3D('',#12313,#8130,#8131);
#6793=AXIS2_PLACEMENT_3D('',#12323,#8132,#8133);
#6794=AXIS2_PLACEMENT_3D('',#12333,#8134,#8135);
#6795=AXIS2_PLACEMENT_3D('',#12343,#8136,#8137);
#6796=AXIS2_PLACEMENT_3D('',#12353,#8138,#8139);
#6797=AXIS2_PLACEMENT_3D('',#12363,#8140,#8141);
#6798=AXIS2_PLACEMENT_3D('',#12373,#8142,#8143);
#6799=AXIS2_PLACEMENT_3D('',#12383,#8144,#8145);
#6800=AXIS2_PLACEMENT_3D('',#12393,#8146,#8147);
#6801=AXIS2_PLACEMENT_3D('',#12403,#8148,#8149);
#6802=AXIS2_PLACEMENT_3D('',#12413,#8150,#8151);
#6803=AXIS2_PLACEMENT_3D('',#12423,#8152,#8153);
#6804=AXIS2_PLACEMENT_3D('',#12433,#8154,#8155);
#6805=AXIS2_PLACEMENT_3D('',#12442,#8156,#8157);
#6806=AXIS2_PLACEMENT_3D('',#12443,#8158,#8159);
#6807=AXIS2_PLACEMENT_3D('',#12445,#8160,#8161);
#6808=AXIS2_PLACEMENT_3D('',#12447,#8163,#8164);
#6809=AXIS2_PLACEMENT_3D('',#12512,#8173,#8174);
#6810=AXIS2_PLACEMENT_3D('',#12561,#8181,#8182);
#6811=AXIS2_PLACEMENT_3D('',#12578,#8185,#8186);
#6812=AXIS2_PLACEMENT_3D('',#12595,#8189,#8190);
#6813=AXIS2_PLACEMENT_3D('',#12596,#8191,#8192);
#6814=AXIS2_PLACEMENT_3D('',#12613,#8195,#8196);
#6815=AXIS2_PLACEMENT_3D('',#12614,#8197,#8198);
#6816=AXIS2_PLACEMENT_3D('',#12631,#8201,#8202);
#6817=AXIS2_PLACEMENT_3D('',#12648,#8205,#8206);
#6818=AXIS2_PLACEMENT_3D('',#12665,#8209,#8210);
#6819=AXIS2_PLACEMENT_3D('',#12666,#8211,#8212);
#6820=AXIS2_PLACEMENT_3D('',#12683,#8215,#8216);
#6821=AXIS2_PLACEMENT_3D('',#12700,#8219,#8220);
#6822=AXIS2_PLACEMENT_3D('',#12717,#8223,#8224);
#6823=AXIS2_PLACEMENT_3D('',#12734,#8227,#8228);
#6824=AXIS2_PLACEMENT_3D('',#12735,#8229,#8230);
#6825=AXIS2_PLACEMENT_3D('',#12768,#8235,#8236);
#6826=AXIS2_PLACEMENT_3D('',#12785,#8239,#8240);
#6827=AXIS2_PLACEMENT_3D('',#12786,#8241,#8242);
#6828=AXIS2_PLACEMENT_3D('',#12803,#8245,#8246);
#6829=AXIS2_PLACEMENT_3D('',#12868,#8255,#8256);
#6830=AXIS2_PLACEMENT_3D('',#12885,#8259,#8260);
#6831=AXIS2_PLACEMENT_3D('',#12886,#8261,#8262);
#6832=AXIS2_PLACEMENT_3D('',#12903,#8265,#8266);
#6833=AXIS2_PLACEMENT_3D('',#12920,#8269,#8270);
#6834=AXIS2_PLACEMENT_3D('',#12953,#8275,#8276);
#6835=AXIS2_PLACEMENT_3D('',#12970,#8279,#8280);
#6836=AXIS2_PLACEMENT_3D('',#12987,#8283,#8284);
#6837=AXIS2_PLACEMENT_3D('',#12988,#8285,#8286);
#6838=AXIS2_PLACEMENT_3D('',#13005,#8289,#8290);
#6839=AXIS2_PLACEMENT_3D('',#13022,#8293,#8294);
#6840=AXIS2_PLACEMENT_3D('',#13023,#8295,#8296);
#6841=AXIS2_PLACEMENT_3D('',#13040,#8299,#8300);
#6842=AXIS2_PLACEMENT_3D('',#13041,#8301,#8302);
#6843=AXIS2_PLACEMENT_3D('',#13058,#8305,#8306);
#6844=AXIS2_PLACEMENT_3D('',#13107,#8313,#8314);
#6845=AXIS2_PLACEMENT_3D('',#13124,#8317,#8318);
#6846=AXIS2_PLACEMENT_3D('',#13125,#8319,#8320);
#6847=AXIS2_PLACEMENT_3D('',#13142,#8323,#8324);
#6848=AXIS2_PLACEMENT_3D('',#13175,#8329,#8330);
#6849=AXIS2_PLACEMENT_3D('',#13176,#8331,#8332);
#6850=AXIS2_PLACEMENT_3D('',#13193,#8335,#8336);
#6851=AXIS2_PLACEMENT_3D('',#13194,#8337,#8338);
#6852=AXIS2_PLACEMENT_3D('',#13227,#8343,#8344);
#6853=AXIS2_PLACEMENT_3D('',#13244,#8347,#8348);
#6854=AXIS2_PLACEMENT_3D('',#13245,#8349,#8350);
#6855=AXIS2_PLACEMENT_3D('',#13262,#8353,#8354);
#6856=AXIS2_PLACEMENT_3D('',#13279,#8357,#8358);
#6857=AXIS2_PLACEMENT_3D('',#13296,#8361,#8362);
#6858=AXIS2_PLACEMENT_3D('',#13313,#8365,#8366);
#6859=AXIS2_PLACEMENT_3D('',#13314,#8367,#8368);
#6860=AXIS2_PLACEMENT_3D('',#13363,#8375,#8376);
#6861=AXIS2_PLACEMENT_3D('',#13380,#8379,#8380);
#6862=AXIS2_PLACEMENT_3D('',#13397,#8383,#8384);
#6863=AXIS2_PLACEMENT_3D('',#13414,#8387,#8388);
#6864=AXIS2_PLACEMENT_3D('',#13415,#8389,#8390);
#6865=AXIS2_PLACEMENT_3D('',#13432,#8393,#8394);
#6866=AXIS2_PLACEMENT_3D('',#13449,#8397,#8398);
#6867=AXIS2_PLACEMENT_3D('',#13450,#8399,#8400);
#6868=AXIS2_PLACEMENT_3D('',#13467,#8403,#8404);
#6869=DIRECTION('axis',(0.,0.,1.));
#6870=DIRECTION('refdir',(1.,0.,0.));
#6871=DIRECTION('center_axis',(0.,0.,1.));
#6872=DIRECTION('ref_axis',(0.891627971144799,-0.452768772191954,0.));
#6873=DIRECTION('',(0.,0.,1.));
#6874=DIRECTION('center_axis',(0.,0.,-1.));
#6875=DIRECTION('ref_axis',(1.,0.,0.));
#6876=DIRECTION('center_axis',(0.,0.,1.));
#6877=DIRECTION('ref_axis',(1.,0.,0.));
#6878=DIRECTION('',(0.,0.,1.));
#6879=DIRECTION('center_axis',(0.,0.,1.));
#6880=DIRECTION('ref_axis',(1.,0.,0.));
#6881=DIRECTION('',(0.,0.,1.));
#6882=DIRECTION('center_axis',(0.,0.,1.));
#6883=DIRECTION('ref_axis',(1.,0.,0.));
#6884=DIRECTION('',(0.,0.,1.));
#6885=DIRECTION('center_axis',(0.,0.,1.));
#6886=DIRECTION('ref_axis',(1.,0.,0.));
#6887=DIRECTION('',(0.,0.,1.));
#6888=DIRECTION('center_axis',(0.,0.,1.));
#6889=DIRECTION('ref_axis',(1.,0.,0.));
#6890=DIRECTION('',(0.,0.,1.));
#6891=DIRECTION('center_axis',(0.,0.,1.));
#6892=DIRECTION('ref_axis',(1.,0.,0.));
#6893=DIRECTION('',(0.,0.,1.));
#6894=DIRECTION('center_axis',(0.,0.,1.));
#6895=DIRECTION('ref_axis',(1.,0.,0.));
#6896=DIRECTION('',(0.,0.,1.));
#6897=DIRECTION('center_axis',(0.,0.,1.));
#6898=DIRECTION('ref_axis',(0.952495910877957,0.304551374583617,0.));
#6899=DIRECTION('',(0.,0.,1.));
#6900=DIRECTION('center_axis',(0.,0.,-1.));
#6901=DIRECTION('ref_axis',(1.,0.,0.));
#6902=DIRECTION('center_axis',(0.,0.,1.));
#6903=DIRECTION('ref_axis',(-0.65661969161332,-0.75422183778092,0.));
#6904=DIRECTION('',(1.22464679914735E-16,5.19883757947245E-30,1.));
#6905=DIRECTION('center_axis',(0.,0.,-1.));
#6906=DIRECTION('ref_axis',(1.,4.2329265754461E-14,0.));
#6907=DIRECTION('center_axis',(0.,0.,1.));
#6908=DIRECTION('ref_axis',(1.,4.2329265754461E-14,0.));
#6909=DIRECTION('',(1.22464679914735E-16,5.19883757947245E-30,1.));
#6910=DIRECTION('center_axis',(0.,0.,1.));
#6911=DIRECTION('ref_axis',(1.,4.2329265754461E-14,0.));
#6912=DIRECTION('',(1.22464679914735E-16,5.19883757947245E-30,1.));
#6913=DIRECTION('center_axis',(0.,0.,1.));
#6914=DIRECTION('ref_axis',(1.,4.2329265754461E-14,0.));
#6915=DIRECTION('',(1.22464679914735E-16,5.19883757947245E-30,1.));
#6916=DIRECTION('center_axis',(0.,0.,1.));
#6917=DIRECTION('ref_axis',(1.,4.2329265754461E-14,0.));
#6918=DIRECTION('',(1.22464679914735E-16,5.19883757947245E-30,1.));
#6919=DIRECTION('center_axis',(0.,0.,1.));
#6920=DIRECTION('ref_axis',(1.,4.2329265754461E-14,0.));
#6921=DIRECTION('',(1.22464679914735E-16,5.19883757947245E-30,1.));
#6922=DIRECTION('center_axis',(0.,0.,1.));
#6923=DIRECTION('ref_axis',(1.,4.2329265754461E-14,0.));
#6924=DIRECTION('',(1.22464679914735E-16,5.19883757947245E-30,1.));
#6925=DIRECTION('center_axis',(0.,0.,1.));
#6926=DIRECTION('ref_axis',(1.,4.2329265754461E-14,0.));
#6927=DIRECTION('',(1.22464679914735E-16,5.19883757947245E-30,1.));
#6928=DIRECTION('center_axis',(0.,0.,1.));
#6929=DIRECTION('ref_axis',(1.,4.2329265754461E-14,0.));
#6930=DIRECTION('',(1.22464679914735E-16,5.19883757947245E-30,1.));
#6931=DIRECTION('center_axis',(0.,0.,1.));
#6932=DIRECTION('ref_axis',(-0.527299011937655,0.849679793810335,0.));
#6933=DIRECTION('',(1.22464679914735E-16,5.19883757947245E-30,1.));
#6934=DIRECTION('center_axis',(0.,0.,1.));
#6935=DIRECTION('ref_axis',(1.,4.2329265754461E-14,0.));
#6936=DIRECTION('center_axis',(0.,0.,1.));
#6937=DIRECTION('ref_axis',(1.,0.,0.));
#6938=DIRECTION('',(0.882947592858925,0.469471562785895,0.));
#6939=DIRECTION('center_axis',(0.,0.,-1.));
#6940=DIRECTION('ref_axis',(1.,0.,0.));
#6941=DIRECTION('',(-0.173648177666935,-0.984807753012207,0.));
#6942=DIRECTION('',(0.809016994374947,-0.587785252292473,0.));
#6943=DIRECTION('center_axis',(0.,0.,1.));
#6944=DIRECTION('ref_axis',(1.,0.,0.));
#6945=DIRECTION('',(0.990268068741571,-0.139173100960061,0.));
#6946=DIRECTION('center_axis',(0.,0.,-1.));
#6947=DIRECTION('ref_axis',(1.,0.,0.));
#6948=DIRECTION('',(-0.719339800338655,-0.694658370458994,0.));
#6949=DIRECTION('',(0.309016994374947,-0.951056516295154,0.));
#6950=DIRECTION('center_axis',(0.,0.,1.));
#6951=DIRECTION('ref_axis',(1.,0.,0.));
#6952=DIRECTION('',(0.719339800338655,-0.694658370458994,0.));
#6953=DIRECTION('center_axis',(0.,0.,-1.));
#6954=DIRECTION('ref_axis',(1.,0.,0.));
#6955=DIRECTION('',(-0.990268068741571,-0.139173100960061,0.));
#6956=DIRECTION('',(-0.309016994374948,-0.951056516295153,0.));
#6957=DIRECTION('center_axis',(0.,0.,1.));
#6958=DIRECTION('ref_axis',(1.,0.,0.));
#6959=DIRECTION('',(0.173648177666935,-0.984807753012207,0.));
#6960=DIRECTION('center_axis',(0.,0.,-1.));
#6961=DIRECTION('ref_axis',(1.,0.,0.));
#6962=DIRECTION('',(-0.882947592858925,0.469471562785895,0.));
#6963=DIRECTION('',(-0.809016994374947,-0.587785252292473,0.));
#6964=DIRECTION('center_axis',(0.,0.,1.));
#6965=DIRECTION('ref_axis',(1.,0.,0.));
#6966=DIRECTION('',(-0.882947592858925,-0.469471562785895,0.));
#6967=DIRECTION('center_axis',(0.,0.,-1.));
#6968=DIRECTION('ref_axis',(1.,0.,0.));
#6969=DIRECTION('',(0.173648177666935,0.984807753012207,0.));
#6970=DIRECTION('',(-0.809016994374947,0.587785252292473,0.));
#6971=DIRECTION('center_axis',(0.,0.,1.));
#6972=DIRECTION('ref_axis',(1.,0.,0.));
#6973=DIRECTION('',(-0.990268068741571,0.139173100960061,0.));
#6974=DIRECTION('center_axis',(0.,0.,-1.));
#6975=DIRECTION('ref_axis',(1.,0.,0.));
#6976=DIRECTION('',(0.719339800338655,0.694658370458994,0.));
#6977=DIRECTION('',(-0.309016994374947,0.951056516295154,0.));
#6978=DIRECTION('center_axis',(0.,0.,1.));
#6979=DIRECTION('ref_axis',(1.,0.,0.));
#6980=DIRECTION('',(-0.719339800338655,0.694658370458994,0.));
#6981=DIRECTION('center_axis',(0.,0.,-1.));
#6982=DIRECTION('ref_axis',(1.,0.,0.));
#6983=DIRECTION('',(0.990268068741571,0.139173100960061,0.));
#6984=DIRECTION('',(0.309016994374948,0.951056516295154,0.));
#6985=DIRECTION('center_axis',(0.,0.,1.));
#6986=DIRECTION('ref_axis',(1.,0.,0.));
#6987=DIRECTION('',(-0.173648177666935,0.984807753012207,0.));
#6988=DIRECTION('center_axis',(0.,0.,-1.));
#6989=DIRECTION('ref_axis',(1.,0.,0.));
#6990=DIRECTION('',(0.882947592858925,-0.469471562785895,0.));
#6991=DIRECTION('',(0.809016994374947,0.587785252292473,0.));
#6992=DIRECTION('center_axis',(0.,0.,1.));
#6993=DIRECTION('ref_axis',(1.,0.,0.));
#6994=DIRECTION('',(0.438371146789073,0.898794046299169,0.));
#6995=DIRECTION('center_axis',(0.,0.,-1.));
#6996=DIRECTION('ref_axis',(1.,0.,0.));
#6997=DIRECTION('',(0.438371146789073,-0.898794046299169,0.));
#6998=DIRECTION('',(1.,0.,0.));
#6999=DIRECTION('center_axis',(0.,0.,1.));
#7000=DIRECTION('ref_axis',(1.,0.,0.));
#7001=DIRECTION('',(0.694658370458994,0.719339800338654,0.));
#7002=DIRECTION('center_axis',(0.,0.,-1.));
#7003=DIRECTION('ref_axis',(1.,0.,0.));
#7004=DIRECTION('',(0.139173100960061,-0.990268068741571,0.));
#7005=DIRECTION('',(0.951056516295153,-0.309016994374948,0.));
#7006=DIRECTION('center_axis',(0.,0.,1.));
#7007=DIRECTION('ref_axis',(1.,0.,0.));
#7008=DIRECTION('',(0.,0.,1.));
#7009=DIRECTION('center_axis',(0.,0.,1.));
#7010=DIRECTION('ref_axis',(1.,0.,0.));
#7011=DIRECTION('',(0.,0.,-1.));
#7012=DIRECTION('center_axis',(0.,0.,-1.));
#7013=DIRECTION('ref_axis',(1.,0.,0.));
#7014=DIRECTION('',(0.,0.,1.));
#7015=DIRECTION('center_axis',(0.,0.,1.));
#7016=DIRECTION('ref_axis',(1.,0.,0.));
#7017=DIRECTION('',(0.,0.,-1.));
#7018=DIRECTION('center_axis',(0.,0.,-1.));
#7019=DIRECTION('ref_axis',(1.,0.,0.));
#7020=DIRECTION('',(0.,0.,1.));
#7021=DIRECTION('center_axis',(0.,0.,1.));
#7022=DIRECTION('ref_axis',(1.,0.,0.));
#7023=DIRECTION('',(0.,0.,-1.));
#7024=DIRECTION('center_axis',(0.,0.,-1.));
#7025=DIRECTION('ref_axis',(1.,0.,0.));
#7026=DIRECTION('',(0.,0.,1.));
#7027=DIRECTION('center_axis',(0.,0.,1.));
#7028=DIRECTION('ref_axis',(1.,0.,0.));
#7029=DIRECTION('',(0.,0.,-1.));
#7030=DIRECTION('',(0.,0.,1.));
#7031=DIRECTION('center_axis',(0.,0.,1.));
#7032=DIRECTION('ref_axis',(1.,0.,0.));
#7033=DIRECTION('',(0.,0.,-1.));
#7034=DIRECTION('center_axis',(0.,0.,-1.));
#7035=DIRECTION('ref_axis',(1.,0.,0.));
#7036=DIRECTION('',(0.,0.,1.));
#7037=DIRECTION('center_axis',(0.,0.,1.));
#7038=DIRECTION('ref_axis',(1.,0.,0.));
#7039=DIRECTION('',(0.,0.,-1.));
#7040=DIRECTION('',(0.,0.,-1.));
#7041=DIRECTION('center_axis',(0.,0.,-1.));
#7042=DIRECTION('ref_axis',(1.,0.,0.));
#7043=DIRECTION('center_axis',(0.,0.,-1.));
#7044=DIRECTION('ref_axis',(1.,0.,0.));
#7045=DIRECTION('center_axis',(0.,0.,-1.));
#7046=DIRECTION('ref_axis',(1.,0.,0.));
#7047=DIRECTION('center_axis',(0.,0.,-1.));
#7048=DIRECTION('ref_axis',(1.,0.,0.));
#7049=DIRECTION('center_axis',(0.,0.,-1.));
#7050=DIRECTION('ref_axis',(1.,0.,0.));
#7051=DIRECTION('center_axis',(0.,0.,-1.));
#7052=DIRECTION('ref_axis',(1.,0.,0.));
#7053=DIRECTION('',(0.,0.,1.));
#7054=DIRECTION('center_axis',(0.,0.,1.));
#7055=DIRECTION('ref_axis',(1.,0.,0.));
#7056=DIRECTION('',(0.,0.,-1.));
#7057=DIRECTION('center_axis',(0.,0.,-1.));
#7058=DIRECTION('ref_axis',(1.,0.,0.));
#7059=DIRECTION('',(0.,0.,1.));
#7060=DIRECTION('center_axis',(0.,0.,1.));
#7061=DIRECTION('ref_axis',(1.,0.,0.));
#7062=DIRECTION('',(0.,0.,-1.));
#7063=DIRECTION('',(0.,0.,1.));
#7064=DIRECTION('center_axis',(0.,0.,1.));
#7065=DIRECTION('ref_axis',(1.,0.,0.));
#7066=DIRECTION('',(0.,0.,-1.));
#7067=DIRECTION('center_axis',(0.,0.,-1.));
#7068=DIRECTION('ref_axis',(1.,0.,0.));
#7069=DIRECTION('',(0.,0.,1.));
#7070=DIRECTION('center_axis',(0.,0.,1.));
#7071=DIRECTION('ref_axis',(1.,0.,0.));
#7072=DIRECTION('',(0.,0.,-1.));
#7073=DIRECTION('center_axis',(0.,0.,-1.));
#7074=DIRECTION('ref_axis',(1.,0.,0.));
#7075=DIRECTION('',(0.,0.,1.));
#7076=DIRECTION('center_axis',(0.,0.,1.));
#7077=DIRECTION('ref_axis',(1.,0.,0.));
#7078=DIRECTION('',(0.,0.,-1.));
#7079=DIRECTION('center_axis',(0.,0.,-1.));
#7080=DIRECTION('ref_axis',(1.,0.,0.));
#7081=DIRECTION('',(0.,0.,1.));
#7082=DIRECTION('center_axis',(0.,0.,1.));
#7083=DIRECTION('ref_axis',(1.,0.,0.));
#7084=DIRECTION('',(0.,0.,-1.));
#7085=DIRECTION('',(0.,0.,1.));
#7086=DIRECTION('center_axis',(0.,0.,1.));
#7087=DIRECTION('ref_axis',(1.,0.,0.));
#7088=DIRECTION('',(0.,0.,-1.));
#7089=DIRECTION('center_axis',(0.,0.,-1.));
#7090=DIRECTION('ref_axis',(1.,0.,0.));
#7091=DIRECTION('',(0.,0.,1.));
#7092=DIRECTION('center_axis',(0.,0.,1.));
#7093=DIRECTION('ref_axis',(1.,0.,0.));
#7094=DIRECTION('',(0.,0.,-1.));
#7095=DIRECTION('center_axis',(0.,0.,-1.));
#7096=DIRECTION('ref_axis',(1.,0.,0.));
#7097=DIRECTION('',(0.,0.,1.));
#7098=DIRECTION('center_axis',(0.,0.,1.));
#7099=DIRECTION('ref_axis',(1.,0.,0.));
#7100=DIRECTION('',(0.,0.,-1.));
#7101=DIRECTION('center_axis',(0.,0.,-1.));
#7102=DIRECTION('ref_axis',(1.,0.,0.));
#7103=DIRECTION('',(0.,0.,1.));
#7104=DIRECTION('center_axis',(0.,0.,1.));
#7105=DIRECTION('ref_axis',(1.,0.,0.));
#7106=DIRECTION('',(0.,0.,-1.));
#7107=DIRECTION('',(0.,0.,1.));
#7108=DIRECTION('center_axis',(0.,0.,1.));
#7109=DIRECTION('ref_axis',(1.,0.,0.));
#7110=DIRECTION('',(0.,0.,-1.));
#7111=DIRECTION('center_axis',(0.,0.,-1.));
#7112=DIRECTION('ref_axis',(1.,0.,0.));
#7113=DIRECTION('',(0.,0.,1.));
#7114=DIRECTION('center_axis',(0.,0.,1.));
#7115=DIRECTION('ref_axis',(1.,0.,0.));
#7116=DIRECTION('',(0.,0.,-1.));
#7117=DIRECTION('center_axis',(0.,0.,-1.));
#7118=DIRECTION('ref_axis',(1.,0.,0.));
#7119=DIRECTION('',(0.,0.,1.));
#7120=DIRECTION('center_axis',(0.,0.,1.));
#7121=DIRECTION('ref_axis',(1.,0.,0.));
#7122=DIRECTION('',(0.,0.,-1.));
#7123=DIRECTION('center_axis',(0.,0.,-1.));
#7124=DIRECTION('ref_axis',(1.,0.,0.));
#7125=DIRECTION('',(0.,0.,1.));
#7126=DIRECTION('center_axis',(0.,0.,1.));
#7127=DIRECTION('ref_axis',(1.,0.,0.));
#7128=DIRECTION('',(0.,0.,-1.));
#7129=DIRECTION('',(0.,0.,1.));
#7130=DIRECTION('center_axis',(0.,0.,1.));
#7131=DIRECTION('ref_axis',(1.,0.,0.));
#7132=DIRECTION('',(0.,0.,-1.));
#7133=DIRECTION('center_axis',(0.,0.,-1.));
#7134=DIRECTION('ref_axis',(1.,0.,0.));
#7135=DIRECTION('',(0.,0.,1.));
#7136=DIRECTION('center_axis',(0.,0.,1.));
#7137=DIRECTION('ref_axis',(1.,0.,0.));
#7138=DIRECTION('',(0.,0.,-1.));
#7139=DIRECTION('center_axis',(0.,0.,-1.));
#7140=DIRECTION('ref_axis',(1.,0.,0.));
#7141=DIRECTION('',(0.,0.,1.));
#7142=DIRECTION('center_axis',(0.,0.,1.));
#7143=DIRECTION('ref_axis',(1.,0.,0.));
#7144=DIRECTION('',(0.,0.,-1.));
#7145=DIRECTION('center_axis',(0.,0.,-1.));
#7146=DIRECTION('ref_axis',(1.,0.,0.));
#7147=DIRECTION('',(0.,0.,1.));
#7148=DIRECTION('center_axis',(0.,0.,1.));
#7149=DIRECTION('ref_axis',(1.,0.,0.));
#7150=DIRECTION('',(0.,0.,-1.));
#7151=DIRECTION('',(0.,0.,1.));
#7152=DIRECTION('center_axis',(0.,0.,1.));
#7153=DIRECTION('ref_axis',(1.,0.,0.));
#7154=DIRECTION('',(0.,0.,-1.));
#7155=DIRECTION('center_axis',(0.,0.,-1.));
#7156=DIRECTION('ref_axis',(1.,0.,0.));
#7157=DIRECTION('',(0.,0.,1.));
#7158=DIRECTION('center_axis',(0.,0.,1.));
#7159=DIRECTION('ref_axis',(1.,0.,0.));
#7160=DIRECTION('',(0.,0.,-1.));
#7161=DIRECTION('center_axis',(0.,0.,-1.));
#7162=DIRECTION('ref_axis',(1.,0.,0.));
#7163=DIRECTION('',(0.,0.,1.));
#7164=DIRECTION('center_axis',(0.,0.,1.));
#7165=DIRECTION('ref_axis',(1.,0.,0.));
#7166=DIRECTION('',(0.,0.,-1.));
#7167=DIRECTION('center_axis',(0.,0.,-1.));
#7168=DIRECTION('ref_axis',(1.,0.,0.));
#7169=DIRECTION('',(0.,0.,1.));
#7170=DIRECTION('center_axis',(0.,0.,1.));
#7171=DIRECTION('ref_axis',(1.,0.,0.));
#7172=DIRECTION('',(0.,0.,-1.));
#7173=DIRECTION('',(0.,0.,1.));
#7174=DIRECTION('center_axis',(0.,0.,1.));
#7175=DIRECTION('ref_axis',(1.,0.,0.));
#7176=DIRECTION('',(0.,0.,-1.));
#7177=DIRECTION('center_axis',(0.,0.,-1.));
#7178=DIRECTION('ref_axis',(1.,0.,0.));
#7179=DIRECTION('',(0.,0.,1.));
#7180=DIRECTION('center_axis',(0.,0.,1.));
#7181=DIRECTION('ref_axis',(1.,0.,0.));
#7182=DIRECTION('',(0.,0.,-1.));
#7183=DIRECTION('center_axis',(0.,0.,-1.));
#7184=DIRECTION('ref_axis',(1.,0.,0.));
#7185=DIRECTION('',(0.,0.,1.));
#7186=DIRECTION('center_axis',(0.,0.,1.));
#7187=DIRECTION('ref_axis',(1.,0.,0.));
#7188=DIRECTION('',(0.,0.,-1.));
#7189=DIRECTION('center_axis',(0.,0.,-1.));
#7190=DIRECTION('ref_axis',(1.,0.,0.));
#7191=DIRECTION('',(0.,0.,1.));
#7192=DIRECTION('center_axis',(0.,0.,1.));
#7193=DIRECTION('ref_axis',(1.,0.,0.));
#7194=DIRECTION('',(0.,0.,-1.));
#7195=DIRECTION('',(0.,0.,1.));
#7196=DIRECTION('center_axis',(0.,0.,1.));
#7197=DIRECTION('ref_axis',(1.,0.,0.));
#7198=DIRECTION('',(0.,0.,-1.));
#7199=DIRECTION('center_axis',(0.,0.,-1.));
#7200=DIRECTION('ref_axis',(1.,0.,0.));
#7201=DIRECTION('',(0.,0.,1.));
#7202=DIRECTION('center_axis',(0.,0.,1.));
#7203=DIRECTION('ref_axis',(1.,0.,0.));
#7204=DIRECTION('',(0.,0.,-1.));
#7205=DIRECTION('center_axis',(0.,0.,-1.));
#7206=DIRECTION('ref_axis',(1.,0.,0.));
#7207=DIRECTION('',(0.,0.,1.));
#7208=DIRECTION('center_axis',(0.,0.,1.));
#7209=DIRECTION('ref_axis',(1.,0.,0.));
#7210=DIRECTION('',(0.,0.,-1.));
#7211=DIRECTION('center_axis',(0.,0.,-1.));
#7212=DIRECTION('ref_axis',(1.,0.,0.));
#7213=DIRECTION('',(0.,0.,1.));
#7214=DIRECTION('center_axis',(0.,0.,1.));
#7215=DIRECTION('ref_axis',(1.,0.,0.));
#7216=DIRECTION('',(0.,0.,-1.));
#7217=DIRECTION('',(0.,0.,1.));
#7218=DIRECTION('center_axis',(0.,0.,1.));
#7219=DIRECTION('ref_axis',(1.,0.,0.));
#7220=DIRECTION('',(0.,0.,-1.));
#7221=DIRECTION('center_axis',(0.,0.,-1.));
#7222=DIRECTION('ref_axis',(1.,0.,0.));
#7223=DIRECTION('',(0.,0.,1.));
#7224=DIRECTION('center_axis',(0.,0.,1.));
#7225=DIRECTION('ref_axis',(1.,0.,0.));
#7226=DIRECTION('',(0.,0.,-1.));
#7227=DIRECTION('',(0.,0.,1.));
#7228=DIRECTION('center_axis',(0.,0.,1.));
#7229=DIRECTION('ref_axis',(1.,0.,0.));
#7230=DIRECTION('',(0.,0.,-1.));
#7231=DIRECTION('center_axis',(0.,0.,-1.));
#7232=DIRECTION('ref_axis',(1.,0.,0.));
#7233=DIRECTION('',(0.,0.,1.));
#7234=DIRECTION('center_axis',(0.,0.,1.));
#7235=DIRECTION('ref_axis',(1.,0.,0.));
#7236=DIRECTION('',(0.,0.,-1.));
#7237=DIRECTION('center_axis',(0.,0.,1.));
#7238=DIRECTION('ref_axis',(1.,0.,0.));
#7239=DIRECTION('',(0.984807753012207,0.173648177666935,0.));
#7240=DIRECTION('',(-0.469471562785895,-0.882947592858925,0.));
#7241=DIRECTION('',(0.587785252292473,-0.809016994374948,0.));
#7242=DIRECTION('center_axis',(-1.,6.09056518211292E-17,0.));
#7243=DIRECTION('ref_axis',(6.09056518211292E-17,1.,0.));
#7244=DIRECTION('',(-1.,6.09056518211292E-17,0.));
#7245=DIRECTION('center_axis',(-0.438371146789073,0.898794046299169,0.));
#7246=DIRECTION('ref_axis',(0.898794046299169,0.438371146789073,0.));
#7247=DIRECTION('center_axis',(-1.,1.83697019872103E-16,0.));
#7248=DIRECTION('ref_axis',(6.09056518211292E-17,1.,0.));
#7249=DIRECTION('center_axis',(-0.438371146789073,-0.898794046299169,0.));
#7250=DIRECTION('ref_axis',(-0.898794046299169,0.438371146789073,0.));
#7251=DIRECTION('center_axis',(0.,0.,1.));
#7252=DIRECTION('ref_axis',(1.,0.,0.));
#7253=DIRECTION('',(0.469471562785895,-0.882947592858925,0.));
#7254=DIRECTION('',(-0.984807753012207,0.173648177666935,0.));
#7255=DIRECTION('',(-0.587785252292473,-0.809016994374947,0.));
#7256=DIRECTION('center_axis',(0.,0.,1.));
#7257=DIRECTION('ref_axis',(1.,0.,0.));
#7258=DIRECTION('',(-0.139173100960061,-0.990268068741571,0.));
#7259=DIRECTION('',(-0.694658370458994,0.719339800338655,0.));
#7260=DIRECTION('',(-0.951056516295154,-0.309016994374947,0.));
#7261=DIRECTION('center_axis',(0.,1.,0.));
#7262=DIRECTION('ref_axis',(1.,0.,0.));
#7263=DIRECTION('',(0.,1.,0.));
#7264=DIRECTION('center_axis',(0.898794046299169,0.438371146789073,0.));
#7265=DIRECTION('ref_axis',(0.438371146789073,-0.898794046299169,0.));
#7266=DIRECTION('center_axis',(1.22464679914735E-16,1.,0.));
#7267=DIRECTION('ref_axis',(1.,0.,0.));
#7268=DIRECTION('center_axis',(-0.898794046299169,0.438371146789073,0.));
#7269=DIRECTION('ref_axis',(0.438371146789073,0.898794046299169,0.));
#7270=DIRECTION('center_axis',(0.,0.,1.));
#7271=DIRECTION('ref_axis',(1.,0.,0.));
#7272=DIRECTION('',(-0.694658370458994,-0.719339800338655,0.));
#7273=DIRECTION('',(-0.139173100960061,0.990268068741571,0.));
#7274=DIRECTION('',(-0.951056516295153,0.309016994374948,0.));
#7275=DIRECTION('center_axis',(0.,0.,1.));
#7276=DIRECTION('ref_axis',(1.,0.,0.));
#7277=DIRECTION('',(-0.984807753012207,-0.173648177666935,0.));
#7278=DIRECTION('',(0.469471562785895,0.882947592858925,0.));
#7279=DIRECTION('',(-0.587785252292473,0.809016994374947,0.));
#7280=DIRECTION('center_axis',(0.,0.,1.));
#7281=DIRECTION('ref_axis',(1.,0.,0.));
#7282=DIRECTION('',(-0.898794046299169,0.438371146789073,0.));
#7283=DIRECTION('',(0.898794046299169,0.438371146789073,0.));
#7284=DIRECTION('',(6.12323399573677E-17,1.,0.));
#7285=DIRECTION('center_axis',(0.,0.,1.));
#7286=DIRECTION('ref_axis',(1.,0.,0.));
#7287=DIRECTION('',(-0.469471562785895,0.882947592858925,0.));
#7288=DIRECTION('',(0.984807753012207,-0.173648177666935,0.));
#7289=DIRECTION('',(0.587785252292473,0.809016994374947,0.));
#7290=DIRECTION('center_axis',(0.,0.,1.));
#7291=DIRECTION('ref_axis',(1.,0.,0.));
#7292=DIRECTION('',(0.139173100960061,0.990268068741571,0.));
#7293=DIRECTION('',(0.694658370458994,-0.719339800338654,0.));
#7294=DIRECTION('',(0.951056516295154,0.309016994374947,0.));
#7295=DIRECTION('center_axis',(0.956304755963037,0.292371704722732,0.));
#7296=DIRECTION('ref_axis',(0.292371704722732,-0.956304755963037,0.));
#7297=DIRECTION('',(0.292371704722732,-0.956304755963037,0.));
#7298=DIRECTION('',(0.,0.,-1.));
#7299=DIRECTION('',(0.292371704722732,-0.956304755963037,0.));
#7300=DIRECTION('center_axis',(0.156434465040231,0.987688340595138,0.));
#7301=DIRECTION('ref_axis',(0.987688340595138,-0.156434465040231,0.));
#7302=DIRECTION('',(0.987688340595138,-0.156434465040231,0.));
#7303=DIRECTION('',(0.,0.,-1.));
#7304=DIRECTION('',(0.987688340595138,-0.156434465040231,0.));
#7305=DIRECTION('center_axis',(-0.819152044288995,0.573576436351042,0.));
#7306=DIRECTION('ref_axis',(0.573576436351042,0.819152044288994,0.));
#7307=DIRECTION('',(0.573576436351042,0.819152044288995,0.));
#7308=DIRECTION('',(0.573576436351042,0.819152044288995,0.));
#7309=DIRECTION('center_axis',(0.,0.,1.));
#7310=DIRECTION('ref_axis',(1.,0.,0.));
#7311=DIRECTION('center_axis',(0.,0.,1.));
#7312=DIRECTION('ref_axis',(1.,0.,0.));
#7313=DIRECTION('',(0.438371146789073,0.898794046299169,0.));
#7314=DIRECTION('',(1.,0.,0.));
#7315=DIRECTION('',(0.438371146789073,-0.898794046299169,0.));
#7316=DIRECTION('',(0.292371704722732,0.956304755963037,0.));
#7317=DIRECTION('',(0.987688340595138,0.156434465040231,0.));
#7318=DIRECTION('',(0.573576436351042,-0.819152044288995,0.));
#7319=DIRECTION('',(0.139173100960061,0.990268068741571,0.));
#7320=DIRECTION('',(0.951056516295154,0.309016994374947,0.));
#7321=DIRECTION('',(0.694658370458994,-0.719339800338654,0.));
#7322=DIRECTION('',(-0.0174524064372885,0.999847695156391,0.));
#7323=DIRECTION('',(0.891006524188368,0.453990499739547,0.));
#7324=DIRECTION('',(0.79863551004729,-0.601815023152052,0.));
#7325=DIRECTION('',(-0.173648177666935,0.984807753012207,0.));
#7326=DIRECTION('',(0.809016994374947,0.587785252292473,0.));
#7327=DIRECTION('',(0.882947592858925,-0.469471562785895,0.));
#7328=DIRECTION('',(-0.325568154457161,0.945518575599315,0.));
#7329=DIRECTION('',(0.707106781186548,0.707106781186548,0.));
#7330=DIRECTION('',(0.945518575599315,-0.325568154457161,0.));
#7331=DIRECTION('',(-0.469471562785895,0.882947592858925,0.));
#7332=DIRECTION('',(0.587785252292473,0.809016994374947,0.));
#7333=DIRECTION('',(0.984807753012207,-0.173648177666935,0.));
#7334=DIRECTION('',(-0.601815023152052,0.79863551004729,0.));
#7335=DIRECTION('',(0.453990499739547,0.891006524188368,0.));
#7336=DIRECTION('',(0.999847695156391,-0.0174524064372883,0.));
#7337=DIRECTION('',(-0.719339800338655,0.694658370458994,0.));
#7338=DIRECTION('',(0.309016994374948,0.951056516295154,0.));
#7339=DIRECTION('',(0.990268068741571,0.139173100960061,0.));
#7340=DIRECTION('',(-0.819152044288995,0.573576436351042,0.));
#7341=DIRECTION('',(0.156434465040231,0.987688340595138,0.));
#7342=DIRECTION('',(0.956304755963037,0.292371704722732,0.));
#7343=DIRECTION('',(-0.898794046299169,0.438371146789073,0.));
#7344=DIRECTION('',(6.12323399573677E-17,1.,0.));
#7345=DIRECTION('',(0.898794046299169,0.438371146789073,0.));
#7346=DIRECTION('',(-0.956304755963037,0.292371704722732,0.));
#7347=DIRECTION('',(-0.156434465040231,0.987688340595138,0.));
#7348=DIRECTION('',(0.819152044288995,0.573576436351042,0.));
#7349=DIRECTION('',(-0.990268068741571,0.139173100960061,0.));
#7350=DIRECTION('',(-0.309016994374947,0.951056516295154,0.));
#7351=DIRECTION('',(0.719339800338655,0.694658370458994,0.));
#7352=DIRECTION('',(-0.999847695156391,-0.0174524064372884,0.));
#7353=DIRECTION('',(-0.453990499739547,0.891006524188368,0.));
#7354=DIRECTION('',(0.601815023152052,0.79863551004729,0.));
#7355=DIRECTION('',(-0.984807753012207,-0.173648177666935,0.));
#7356=DIRECTION('',(-0.587785252292473,0.809016994374947,0.));
#7357=DIRECTION('',(0.469471562785895,0.882947592858925,0.));
#7358=DIRECTION('',(-0.945518575599315,-0.325568154457161,0.));
#7359=DIRECTION('',(-0.707106781186547,0.707106781186548,0.));
#7360=DIRECTION('',(0.325568154457161,0.945518575599315,0.));
#7361=DIRECTION('',(-0.882947592858925,-0.469471562785895,0.));
#7362=DIRECTION('',(-0.809016994374947,0.587785252292473,0.));
#7363=DIRECTION('',(0.173648177666935,0.984807753012207,0.));
#7364=DIRECTION('',(-0.79863551004729,-0.601815023152052,0.));
#7365=DIRECTION('',(-0.891006524188368,0.453990499739547,0.));
#7366=DIRECTION('',(0.0174524064372883,0.999847695156391,0.));
#7367=DIRECTION('',(-0.694658370458994,-0.719339800338655,0.));
#7368=DIRECTION('',(-0.951056516295153,0.309016994374948,0.));
#7369=DIRECTION('',(-0.139173100960061,0.990268068741571,0.));
#7370=DIRECTION('',(-0.573576436351042,-0.819152044288995,0.));
#7371=DIRECTION('',(-0.987688340595138,0.156434465040231,0.));
#7372=DIRECTION('',(-0.292371704722732,0.956304755963037,0.));
#7373=DIRECTION('',(-0.438371146789073,-0.898794046299169,0.));
#7374=DIRECTION('',(-1.,1.22464679914735E-16,0.));
#7375=DIRECTION('',(-0.438371146789073,0.898794046299169,0.));
#7376=DIRECTION('',(-0.292371704722732,-0.956304755963037,0.));
#7377=DIRECTION('',(-0.987688340595138,-0.156434465040231,0.));
#7378=DIRECTION('',(-0.573576436351042,0.819152044288995,0.));
#7379=DIRECTION('',(-0.139173100960061,-0.990268068741571,0.));
#7380=DIRECTION('',(-0.951056516295154,-0.309016994374947,0.));
#7381=DIRECTION('',(-0.694658370458994,0.719339800338655,0.));
#7382=DIRECTION('',(0.0174524064372883,-0.999847695156391,0.));
#7383=DIRECTION('',(-0.891006524188368,-0.453990499739547,0.));
#7384=DIRECTION('',(-0.79863551004729,0.601815023152052,0.));
#7385=DIRECTION('',(0.173648177666935,-0.984807753012207,0.));
#7386=DIRECTION('',(-0.809016994374947,-0.587785252292473,0.));
#7387=DIRECTION('',(-0.882947592858925,0.469471562785895,0.));
#7388=DIRECTION('',(0.325568154457161,-0.945518575599315,0.));
#7389=DIRECTION('',(-0.707106781186548,-0.707106781186547,0.));
#7390=DIRECTION('',(-0.945518575599315,0.325568154457161,0.));
#7391=DIRECTION('',(0.469471562785895,-0.882947592858925,0.));
#7392=DIRECTION('',(-0.587785252292473,-0.809016994374947,0.));
#7393=DIRECTION('',(-0.984807753012207,0.173648177666935,0.));
#7394=DIRECTION('',(0.601815023152052,-0.79863551004729,0.));
#7395=DIRECTION('',(-0.453990499739547,-0.891006524188368,0.));
#7396=DIRECTION('',(-0.999847695156391,0.0174524064372883,0.));
#7397=DIRECTION('',(0.719339800338655,-0.694658370458994,0.));
#7398=DIRECTION('',(-0.309016994374948,-0.951056516295153,0.));
#7399=DIRECTION('',(-0.990268068741571,-0.139173100960061,0.));
#7400=DIRECTION('',(0.819152044288995,-0.573576436351042,0.));
#7401=DIRECTION('',(-0.156434465040231,-0.987688340595138,0.));
#7402=DIRECTION('',(-0.956304755963037,-0.292371704722732,0.));
#7403=DIRECTION('',(0.898794046299169,-0.438371146789073,0.));
#7404=DIRECTION('',(-1.83697019872103E-16,-1.,0.));
#7405=DIRECTION('',(-0.898794046299169,-0.438371146789073,0.));
#7406=DIRECTION('',(0.956304755963037,-0.292371704722732,0.));
#7407=DIRECTION('',(0.156434465040231,-0.987688340595138,0.));
#7408=DIRECTION('',(-0.819152044288995,-0.573576436351042,0.));
#7409=DIRECTION('',(0.990268068741571,-0.139173100960061,0.));
#7410=DIRECTION('',(0.309016994374947,-0.951056516295154,0.));
#7411=DIRECTION('',(-0.719339800338655,-0.694658370458994,0.));
#7412=DIRECTION('',(0.999847695156391,0.0174524064372883,0.));
#7413=DIRECTION('',(0.453990499739547,-0.891006524188368,0.));
#7414=DIRECTION('',(-0.601815023152052,-0.79863551004729,0.));
#7415=DIRECTION('',(0.984807753012207,0.173648177666935,0.));
#7416=DIRECTION('',(0.587785252292473,-0.809016994374948,0.));
#7417=DIRECTION('',(-0.469471562785895,-0.882947592858925,0.));
#7418=DIRECTION('',(0.945518575599315,0.325568154457161,0.));
#7419=DIRECTION('',(0.707106781186547,-0.707106781186548,0.));
#7420=DIRECTION('',(-0.325568154457161,-0.945518575599315,0.));
#7421=DIRECTION('',(0.882947592858925,0.469471562785895,0.));
#7422=DIRECTION('',(0.809016994374947,-0.587785252292473,0.));
#7423=DIRECTION('',(-0.173648177666935,-0.984807753012207,0.));
#7424=DIRECTION('',(0.79863551004729,0.601815023152052,0.));
#7425=DIRECTION('',(0.891006524188368,-0.453990499739547,0.));
#7426=DIRECTION('',(-0.0174524064372884,-0.999847695156391,0.));
#7427=DIRECTION('',(0.694658370458994,0.719339800338654,0.));
#7428=DIRECTION('',(0.951056516295153,-0.309016994374948,0.));
#7429=DIRECTION('',(0.139173100960061,-0.990268068741571,0.));
#7430=DIRECTION('center_axis',(0.,0.,-1.));
#7431=DIRECTION('ref_axis',(1.,0.,0.));
#7432=DIRECTION('center_axis',(0.990268068741571,0.139173100960061,0.));
#7433=DIRECTION('ref_axis',(0.139173100960061,-0.990268068741571,0.));
#7434=DIRECTION('',(0.,0.,-1.));
#7435=DIRECTION('center_axis',(0.309016994374948,0.951056516295154,0.));
#7436=DIRECTION('ref_axis',(0.951056516295153,-0.309016994374948,0.));
#7437=DIRECTION('',(0.,0.,-1.));
#7438=DIRECTION('center_axis',(-0.719339800338654,0.694658370458994,0.));
#7439=DIRECTION('ref_axis',(0.694658370458994,0.719339800338654,0.));
#7440=DIRECTION('center_axis',(0.999847695156391,-0.0174524064372884,0.));
#7441=DIRECTION('ref_axis',(-0.0174524064372884,-0.999847695156391,0.));
#7442=DIRECTION('',(0.,0.,-1.));
#7443=DIRECTION('',(-0.0174524064372884,-0.999847695156391,0.));
#7444=DIRECTION('center_axis',(0.453990499739547,0.891006524188368,0.));
#7445=DIRECTION('ref_axis',(0.891006524188368,-0.453990499739547,0.));
#7446=DIRECTION('',(0.,0.,-1.));
#7447=DIRECTION('',(0.891006524188368,-0.453990499739547,0.));
#7448=DIRECTION('center_axis',(-0.601815023152052,0.79863551004729,0.));
#7449=DIRECTION('ref_axis',(0.79863551004729,0.601815023152052,0.));
#7450=DIRECTION('',(0.79863551004729,0.601815023152052,0.));
#7451=DIRECTION('center_axis',(0.,0.,1.));
#7452=DIRECTION('ref_axis',(1.,0.,0.));
#7453=DIRECTION('center_axis',(0.984807753012207,-0.173648177666935,0.));
#7454=DIRECTION('ref_axis',(-0.173648177666935,-0.984807753012207,0.));
#7455=DIRECTION('',(0.,0.,-1.));
#7456=DIRECTION('center_axis',(0.587785252292473,0.809016994374947,0.));
#7457=DIRECTION('ref_axis',(0.809016994374947,-0.587785252292473,0.));
#7458=DIRECTION('',(0.,0.,-1.));
#7459=DIRECTION('center_axis',(-0.469471562785895,0.882947592858925,0.));
#7460=DIRECTION('ref_axis',(0.882947592858925,0.469471562785895,0.));
#7461=DIRECTION('center_axis',(0.945518575599315,-0.325568154457161,0.));
#7462=DIRECTION('ref_axis',(-0.325568154457161,-0.945518575599315,0.));
#7463=DIRECTION('',(0.,0.,-1.));
#7464=DIRECTION('',(-0.325568154457161,-0.945518575599315,0.));
#7465=DIRECTION('center_axis',(0.707106781186548,0.707106781186547,0.));
#7466=DIRECTION('ref_axis',(0.707106781186547,-0.707106781186548,0.));
#7467=DIRECTION('',(0.,0.,-1.));
#7468=DIRECTION('',(0.707106781186547,-0.707106781186548,0.));
#7469=DIRECTION('center_axis',(-0.325568154457161,0.945518575599315,0.));
#7470=DIRECTION('ref_axis',(0.945518575599315,0.325568154457161,0.));
#7471=DIRECTION('',(0.945518575599315,0.325568154457161,0.));
#7472=DIRECTION('center_axis',(0.,0.,1.));
#7473=DIRECTION('ref_axis',(1.,0.,0.));
#7474=DIRECTION('center_axis',(0.882947592858925,-0.469471562785895,0.));
#7475=DIRECTION('ref_axis',(-0.469471562785895,-0.882947592858925,0.));
#7476=DIRECTION('',(0.,0.,-1.));
#7477=DIRECTION('center_axis',(0.809016994374948,0.587785252292473,0.));
#7478=DIRECTION('ref_axis',(0.587785252292473,-0.809016994374948,0.));
#7479=DIRECTION('',(0.,0.,-1.));
#7480=DIRECTION('center_axis',(-0.173648177666935,0.984807753012207,0.));
#7481=DIRECTION('ref_axis',(0.984807753012207,0.173648177666935,0.));
#7482=DIRECTION('center_axis',(0.79863551004729,-0.601815023152052,0.));
#7483=DIRECTION('ref_axis',(-0.601815023152052,-0.79863551004729,0.));
#7484=DIRECTION('',(0.,0.,-1.));
#7485=DIRECTION('',(-0.601815023152052,-0.79863551004729,0.));
#7486=DIRECTION('center_axis',(0.891006524188368,0.453990499739547,0.));
#7487=DIRECTION('ref_axis',(0.453990499739547,-0.891006524188368,0.));
#7488=DIRECTION('',(0.,0.,-1.));
#7489=DIRECTION('',(0.453990499739547,-0.891006524188368,0.));
#7490=DIRECTION('center_axis',(-0.0174524064372883,0.999847695156391,0.));
#7491=DIRECTION('ref_axis',(0.999847695156391,0.0174524064372883,0.));
#7492=DIRECTION('',(0.999847695156391,0.0174524064372883,0.));
#7493=DIRECTION('center_axis',(0.,0.,1.));
#7494=DIRECTION('ref_axis',(1.,0.,0.));
#7495=DIRECTION('center_axis',(0.694658370458994,-0.719339800338655,0.));
#7496=DIRECTION('ref_axis',(-0.719339800338655,-0.694658370458994,0.));
#7497=DIRECTION('',(0.,0.,-1.));
#7498=DIRECTION('center_axis',(0.951056516295154,0.309016994374947,0.));
#7499=DIRECTION('ref_axis',(0.309016994374947,-0.951056516295154,0.));
#7500=DIRECTION('',(0.,0.,-1.));
#7501=DIRECTION('center_axis',(0.139173100960061,0.990268068741571,0.));
#7502=DIRECTION('ref_axis',(0.990268068741571,-0.139173100960061,0.));
#7503=DIRECTION('center_axis',(0.573576436351042,-0.819152044288995,0.));
#7504=DIRECTION('ref_axis',(-0.819152044288995,-0.573576436351042,0.));
#7505=DIRECTION('',(0.,0.,-1.));
#7506=DIRECTION('',(-0.819152044288995,-0.573576436351042,0.));
#7507=DIRECTION('center_axis',(0.987688340595138,0.156434465040231,0.));
#7508=DIRECTION('ref_axis',(0.156434465040231,-0.987688340595138,0.));
#7509=DIRECTION('',(0.,0.,-1.));
#7510=DIRECTION('',(0.156434465040231,-0.987688340595138,0.));
#7511=DIRECTION('center_axis',(0.292371704722732,0.956304755963037,0.));
#7512=DIRECTION('ref_axis',(0.956304755963037,-0.292371704722732,0.));
#7513=DIRECTION('',(0.956304755963037,-0.292371704722732,0.));
#7514=DIRECTION('center_axis',(0.,0.,1.));
#7515=DIRECTION('ref_axis',(1.,0.,0.));
#7516=DIRECTION('center_axis',(0.438371146789073,-0.898794046299169,0.));
#7517=DIRECTION('ref_axis',(-0.898794046299169,-0.438371146789073,0.));
#7518=DIRECTION('',(0.,0.,-1.));
#7519=DIRECTION('center_axis',(1.,-1.83697019872103E-16,0.));
#7520=DIRECTION('ref_axis',(-1.83697019872103E-16,-1.,0.));
#7521=DIRECTION('',(0.,0.,-1.));
#7522=DIRECTION('center_axis',(0.438371146789073,0.898794046299169,0.));
#7523=DIRECTION('ref_axis',(0.898794046299169,-0.438371146789073,0.));
#7524=DIRECTION('center_axis',(0.292371704722732,-0.956304755963037,0.));
#7525=DIRECTION('ref_axis',(-0.956304755963037,-0.292371704722732,0.));
#7526=DIRECTION('',(0.,0.,-1.));
#7527=DIRECTION('',(-0.956304755963037,-0.292371704722732,0.));
#7528=DIRECTION('center_axis',(0.987688340595138,-0.156434465040231,0.));
#7529=DIRECTION('ref_axis',(-0.156434465040231,-0.987688340595138,0.));
#7530=DIRECTION('',(0.,0.,-1.));
#7531=DIRECTION('',(-0.156434465040231,-0.987688340595138,0.));
#7532=DIRECTION('center_axis',(0.573576436351042,0.819152044288995,0.));
#7533=DIRECTION('ref_axis',(0.819152044288995,-0.573576436351042,0.));
#7534=DIRECTION('',(0.819152044288995,-0.573576436351042,0.));
#7535=DIRECTION('center_axis',(0.,0.,1.));
#7536=DIRECTION('ref_axis',(1.,0.,0.));
#7537=DIRECTION('center_axis',(0.139173100960061,-0.990268068741571,0.));
#7538=DIRECTION('ref_axis',(-0.990268068741571,-0.139173100960061,0.));
#7539=DIRECTION('',(0.,0.,-1.));
#7540=DIRECTION('center_axis',(0.951056516295154,-0.309016994374948,0.));
#7541=DIRECTION('ref_axis',(-0.309016994374948,-0.951056516295153,0.));
#7542=DIRECTION('',(0.,0.,-1.));
#7543=DIRECTION('center_axis',(0.694658370458994,0.719339800338655,0.));
#7544=DIRECTION('ref_axis',(0.719339800338655,-0.694658370458994,0.));
#7545=DIRECTION('center_axis',(-0.0174524064372883,-0.999847695156391,0.));
#7546=DIRECTION('ref_axis',(-0.999847695156391,0.0174524064372883,0.));
#7547=DIRECTION('',(0.,0.,-1.));
#7548=DIRECTION('',(-0.999847695156391,0.0174524064372883,0.));
#7549=DIRECTION('center_axis',(0.891006524188368,-0.453990499739547,0.));
#7550=DIRECTION('ref_axis',(-0.453990499739547,-0.891006524188368,0.));
#7551=DIRECTION('',(0.,0.,-1.));
#7552=DIRECTION('',(-0.453990499739547,-0.891006524188368,0.));
#7553=DIRECTION('center_axis',(0.79863551004729,0.601815023152052,0.));
#7554=DIRECTION('ref_axis',(0.601815023152052,-0.79863551004729,0.));
#7555=DIRECTION('',(0.601815023152052,-0.79863551004729,0.));
#7556=DIRECTION('center_axis',(0.,0.,1.));
#7557=DIRECTION('ref_axis',(1.,0.,0.));
#7558=DIRECTION('center_axis',(-0.173648177666935,-0.984807753012207,0.));
#7559=DIRECTION('ref_axis',(-0.984807753012207,0.173648177666935,0.));
#7560=DIRECTION('',(0.,0.,-1.));
#7561=DIRECTION('center_axis',(0.809016994374947,-0.587785252292473,0.));
#7562=DIRECTION('ref_axis',(-0.587785252292473,-0.809016994374947,0.));
#7563=DIRECTION('',(0.,0.,-1.));
#7564=DIRECTION('center_axis',(0.882947592858925,0.469471562785895,0.));
#7565=DIRECTION('ref_axis',(0.469471562785895,-0.882947592858925,0.));
#7566=DIRECTION('center_axis',(-0.325568154457161,-0.945518575599315,0.));
#7567=DIRECTION('ref_axis',(-0.945518575599315,0.325568154457161,0.));
#7568=DIRECTION('',(0.,0.,-1.));
#7569=DIRECTION('',(-0.945518575599315,0.325568154457161,0.));
#7570=DIRECTION('center_axis',(0.707106781186547,-0.707106781186548,0.));
#7571=DIRECTION('ref_axis',(-0.707106781186548,-0.707106781186547,0.));
#7572=DIRECTION('',(0.,0.,-1.));
#7573=DIRECTION('',(-0.707106781186548,-0.707106781186547,0.));
#7574=DIRECTION('center_axis',(0.945518575599315,0.325568154457161,0.));
#7575=DIRECTION('ref_axis',(0.325568154457161,-0.945518575599315,0.));
#7576=DIRECTION('',(0.325568154457161,-0.945518575599315,0.));
#7577=DIRECTION('center_axis',(0.,0.,1.));
#7578=DIRECTION('ref_axis',(1.,0.,0.));
#7579=DIRECTION('center_axis',(-0.469471562785895,-0.882947592858925,0.));
#7580=DIRECTION('ref_axis',(-0.882947592858925,0.469471562785895,0.));
#7581=DIRECTION('',(0.,0.,-1.));
#7582=DIRECTION('center_axis',(0.587785252292473,-0.809016994374948,0.));
#7583=DIRECTION('ref_axis',(-0.809016994374947,-0.587785252292473,0.));
#7584=DIRECTION('',(0.,0.,-1.));
#7585=DIRECTION('center_axis',(0.984807753012207,0.173648177666935,0.));
#7586=DIRECTION('ref_axis',(0.173648177666935,-0.984807753012207,0.));
#7587=DIRECTION('center_axis',(-0.601815023152052,-0.79863551004729,0.));
#7588=DIRECTION('ref_axis',(-0.79863551004729,0.601815023152052,0.));
#7589=DIRECTION('',(0.,0.,-1.));
#7590=DIRECTION('',(-0.79863551004729,0.601815023152052,0.));
#7591=DIRECTION('center_axis',(0.453990499739547,-0.891006524188368,0.));
#7592=DIRECTION('ref_axis',(-0.891006524188368,-0.453990499739547,0.));
#7593=DIRECTION('',(0.,0.,-1.));
#7594=DIRECTION('',(-0.891006524188368,-0.453990499739547,0.));
#7595=DIRECTION('center_axis',(0.999847695156391,0.0174524064372883,0.));
#7596=DIRECTION('ref_axis',(0.0174524064372883,-0.999847695156391,0.));
#7597=DIRECTION('',(0.0174524064372883,-0.999847695156391,0.));
#7598=DIRECTION('center_axis',(0.,0.,1.));
#7599=DIRECTION('ref_axis',(1.,0.,0.));
#7600=DIRECTION('center_axis',(-0.719339800338655,-0.694658370458994,0.));
#7601=DIRECTION('ref_axis',(-0.694658370458994,0.719339800338655,0.));
#7602=DIRECTION('',(0.,0.,-1.));
#7603=DIRECTION('center_axis',(0.309016994374947,-0.951056516295154,0.));
#7604=DIRECTION('ref_axis',(-0.951056516295154,-0.309016994374947,0.));
#7605=DIRECTION('',(0.,0.,-1.));
#7606=DIRECTION('center_axis',(0.990268068741571,-0.139173100960061,0.));
#7607=DIRECTION('ref_axis',(-0.139173100960061,-0.990268068741571,0.));
#7608=DIRECTION('center_axis',(-0.819152044288995,-0.573576436351042,0.));
#7609=DIRECTION('ref_axis',(-0.573576436351042,0.819152044288995,0.));
#7610=DIRECTION('',(0.,0.,-1.));
#7611=DIRECTION('',(-0.573576436351042,0.819152044288995,0.));
#7612=DIRECTION('center_axis',(0.156434465040231,-0.987688340595138,0.));
#7613=DIRECTION('ref_axis',(-0.987688340595138,-0.156434465040231,0.));
#7614=DIRECTION('',(0.,0.,-1.));
#7615=DIRECTION('',(-0.987688340595138,-0.156434465040231,0.));
#7616=DIRECTION('center_axis',(0.956304755963037,-0.292371704722732,0.));
#7617=DIRECTION('ref_axis',(-0.292371704722732,-0.956304755963037,0.));
#7618=DIRECTION('',(-0.292371704722732,-0.956304755963037,0.));
#7619=DIRECTION('center_axis',(0.,0.,1.));
#7620=DIRECTION('ref_axis',(1.,0.,0.));
#7621=DIRECTION('center_axis',(-0.898794046299169,-0.438371146789073,0.));
#7622=DIRECTION('ref_axis',(-0.438371146789073,0.898794046299169,0.));
#7623=DIRECTION('',(0.,0.,-1.));
#7624=DIRECTION('center_axis',(-1.22464679914735E-16,-1.,0.));
#7625=DIRECTION('ref_axis',(-1.,1.22464679914735E-16,0.));
#7626=DIRECTION('',(0.,0.,-1.));
#7627=DIRECTION('center_axis',(0.898794046299169,-0.438371146789073,0.));
#7628=DIRECTION('ref_axis',(-0.438371146789073,-0.898794046299169,0.));
#7629=DIRECTION('center_axis',(-0.956304755963037,-0.292371704722732,0.));
#7630=DIRECTION('ref_axis',(-0.292371704722732,0.956304755963037,0.));
#7631=DIRECTION('',(0.,0.,-1.));
#7632=DIRECTION('',(-0.292371704722732,0.956304755963037,0.));
#7633=DIRECTION('center_axis',(-0.156434465040231,-0.987688340595138,0.));
#7634=DIRECTION('ref_axis',(-0.987688340595138,0.156434465040231,0.));
#7635=DIRECTION('',(0.,0.,-1.));
#7636=DIRECTION('',(-0.987688340595138,0.156434465040231,0.));
#7637=DIRECTION('center_axis',(0.819152044288995,-0.573576436351042,0.));
#7638=DIRECTION('ref_axis',(-0.573576436351042,-0.819152044288995,0.));
#7639=DIRECTION('',(-0.573576436351042,-0.819152044288995,0.));
#7640=DIRECTION('center_axis',(0.,0.,1.));
#7641=DIRECTION('ref_axis',(1.,0.,0.));
#7642=DIRECTION('center_axis',(-0.990268068741571,-0.139173100960061,0.));
#7643=DIRECTION('ref_axis',(-0.139173100960061,0.990268068741571,0.));
#7644=DIRECTION('',(0.,0.,-1.));
#7645=DIRECTION('center_axis',(-0.309016994374948,-0.951056516295154,0.));
#7646=DIRECTION('ref_axis',(-0.951056516295153,0.309016994374948,0.));
#7647=DIRECTION('',(0.,0.,-1.));
#7648=DIRECTION('center_axis',(0.719339800338655,-0.694658370458994,0.));
#7649=DIRECTION('ref_axis',(-0.694658370458994,-0.719339800338655,0.));
#7650=DIRECTION('center_axis',(-0.999847695156391,0.0174524064372883,0.));
#7651=DIRECTION('ref_axis',(0.0174524064372883,0.999847695156391,0.));
#7652=DIRECTION('',(0.,0.,-1.));
#7653=DIRECTION('',(0.0174524064372883,0.999847695156391,0.));
#7654=DIRECTION('center_axis',(-0.453990499739547,-0.891006524188368,0.));
#7655=DIRECTION('ref_axis',(-0.891006524188368,0.453990499739547,0.));
#7656=DIRECTION('',(0.,0.,-1.));
#7657=DIRECTION('',(-0.891006524188368,0.453990499739547,0.));
#7658=DIRECTION('center_axis',(0.601815023152052,-0.79863551004729,0.));
#7659=DIRECTION('ref_axis',(-0.79863551004729,-0.601815023152052,0.));
#7660=DIRECTION('',(-0.79863551004729,-0.601815023152052,0.));
#7661=DIRECTION('center_axis',(0.,0.,1.));
#7662=DIRECTION('ref_axis',(1.,0.,0.));
#7663=DIRECTION('center_axis',(-0.984807753012207,0.173648177666935,0.));
#7664=DIRECTION('ref_axis',(0.173648177666935,0.984807753012207,0.));
#7665=DIRECTION('',(0.,0.,-1.));
#7666=DIRECTION('center_axis',(-0.587785252292473,-0.809016994374947,0.));
#7667=DIRECTION('ref_axis',(-0.809016994374947,0.587785252292473,0.));
#7668=DIRECTION('',(0.,0.,-1.));
#7669=DIRECTION('center_axis',(0.469471562785895,-0.882947592858925,0.));
#7670=DIRECTION('ref_axis',(-0.882947592858925,-0.469471562785895,0.));
#7671=DIRECTION('center_axis',(-0.945518575599315,0.325568154457161,0.));
#7672=DIRECTION('ref_axis',(0.325568154457161,0.945518575599315,0.));
#7673=DIRECTION('',(0.,0.,-1.));
#7674=DIRECTION('',(0.325568154457161,0.945518575599315,0.));
#7675=DIRECTION('center_axis',(-0.707106781186548,-0.707106781186547,0.));
#7676=DIRECTION('ref_axis',(-0.707106781186547,0.707106781186548,0.));
#7677=DIRECTION('',(0.,0.,-1.));
#7678=DIRECTION('',(-0.707106781186547,0.707106781186548,0.));
#7679=DIRECTION('center_axis',(0.325568154457161,-0.945518575599315,0.));
#7680=DIRECTION('ref_axis',(-0.945518575599315,-0.325568154457161,0.));
#7681=DIRECTION('',(-0.945518575599315,-0.325568154457161,0.));
#7682=DIRECTION('center_axis',(0.,0.,1.));
#7683=DIRECTION('ref_axis',(1.,0.,0.));
#7684=DIRECTION('center_axis',(-0.882947592858925,0.469471562785895,0.));
#7685=DIRECTION('ref_axis',(0.469471562785895,0.882947592858925,0.));
#7686=DIRECTION('',(0.,0.,-1.));
#7687=DIRECTION('center_axis',(-0.809016994374948,-0.587785252292473,0.));
#7688=DIRECTION('ref_axis',(-0.587785252292473,0.809016994374947,0.));
#7689=DIRECTION('',(0.,0.,-1.));
#7690=DIRECTION('center_axis',(0.173648177666935,-0.984807753012207,0.));
#7691=DIRECTION('ref_axis',(-0.984807753012207,-0.173648177666935,0.));
#7692=DIRECTION('center_axis',(-0.79863551004729,0.601815023152052,0.));
#7693=DIRECTION('ref_axis',(0.601815023152052,0.79863551004729,0.));
#7694=DIRECTION('',(0.,0.,-1.));
#7695=DIRECTION('',(0.601815023152052,0.79863551004729,0.));
#7696=DIRECTION('center_axis',(-0.891006524188368,-0.453990499739547,0.));
#7697=DIRECTION('ref_axis',(-0.453990499739547,0.891006524188368,0.));
#7698=DIRECTION('',(0.,0.,-1.));
#7699=DIRECTION('',(-0.453990499739547,0.891006524188368,0.));
#7700=DIRECTION('center_axis',(0.0174524064372884,-0.999847695156391,0.));
#7701=DIRECTION('ref_axis',(-0.999847695156391,-0.0174524064372884,0.));
#7702=DIRECTION('',(-0.999847695156391,-0.0174524064372884,0.));
#7703=DIRECTION('center_axis',(0.,0.,1.));
#7704=DIRECTION('ref_axis',(1.,0.,0.));
#7705=DIRECTION('center_axis',(-0.694658370458994,0.719339800338655,0.));
#7706=DIRECTION('ref_axis',(0.719339800338655,0.694658370458994,0.));
#7707=DIRECTION('',(0.,0.,-1.));
#7708=DIRECTION('center_axis',(-0.951056516295154,-0.309016994374947,0.));
#7709=DIRECTION('ref_axis',(-0.309016994374947,0.951056516295154,0.));
#7710=DIRECTION('',(0.,0.,-1.));
#7711=DIRECTION('center_axis',(-0.139173100960061,-0.990268068741571,0.));
#7712=DIRECTION('ref_axis',(-0.990268068741571,0.139173100960061,0.));
#7713=DIRECTION('center_axis',(-0.573576436351042,0.819152044288995,0.));
#7714=DIRECTION('ref_axis',(0.819152044288994,0.573576436351042,0.));
#7715=DIRECTION('',(0.,0.,-1.));
#7716=DIRECTION('',(0.819152044288995,0.573576436351042,0.));
#7717=DIRECTION('center_axis',(-0.987688340595138,-0.156434465040231,0.));
#7718=DIRECTION('ref_axis',(-0.156434465040231,0.987688340595138,0.));
#7719=DIRECTION('',(0.,0.,-1.));
#7720=DIRECTION('',(-0.156434465040231,0.987688340595138,0.));
#7721=DIRECTION('center_axis',(-0.292371704722732,-0.956304755963037,0.));
#7722=DIRECTION('ref_axis',(-0.956304755963037,0.292371704722732,0.));
#7723=DIRECTION('',(-0.956304755963037,0.292371704722732,0.));
#7724=DIRECTION('center_axis',(0.,0.,1.));
#7725=DIRECTION('ref_axis',(1.,0.,0.));
#7726=DIRECTION('center_axis',(-0.438371146789073,0.898794046299169,0.));
#7727=DIRECTION('ref_axis',(0.898794046299169,0.438371146789073,0.));
#7728=DIRECTION('',(0.,0.,-1.));
#7729=DIRECTION('center_axis',(-1.,6.12323399573677E-17,0.));
#7730=DIRECTION('ref_axis',(6.12323399573677E-17,1.,0.));
#7731=DIRECTION('',(0.,0.,-1.));
#7732=DIRECTION('center_axis',(-0.438371146789073,-0.898794046299169,0.));
#7733=DIRECTION('ref_axis',(-0.898794046299169,0.438371146789073,0.));
#7734=DIRECTION('center_axis',(-0.292371704722732,0.956304755963037,0.));
#7735=DIRECTION('ref_axis',(0.956304755963037,0.292371704722732,0.));
#7736=DIRECTION('',(0.,0.,-1.));
#7737=DIRECTION('',(0.956304755963037,0.292371704722732,0.));
#7738=DIRECTION('center_axis',(-0.987688340595138,0.156434465040231,0.));
#7739=DIRECTION('ref_axis',(0.156434465040231,0.987688340595138,0.));
#7740=DIRECTION('',(0.,0.,-1.));
#7741=DIRECTION('',(0.156434465040231,0.987688340595138,0.));
#7742=DIRECTION('center_axis',(-0.573576436351042,-0.819152044288995,0.));
#7743=DIRECTION('ref_axis',(-0.819152044288995,0.573576436351042,0.));
#7744=DIRECTION('',(-0.819152044288995,0.573576436351042,0.));
#7745=DIRECTION('center_axis',(0.,0.,1.));
#7746=DIRECTION('ref_axis',(1.,0.,0.));
#7747=DIRECTION('center_axis',(-0.139173100960061,0.990268068741571,0.));
#7748=DIRECTION('ref_axis',(0.990268068741571,0.139173100960061,0.));
#7749=DIRECTION('',(0.,0.,-1.));
#7750=DIRECTION('center_axis',(-0.951056516295154,0.309016994374948,0.));
#7751=DIRECTION('ref_axis',(0.309016994374948,0.951056516295154,0.));
#7752=DIRECTION('',(0.,0.,-1.));
#7753=DIRECTION('center_axis',(-0.694658370458994,-0.719339800338655,0.));
#7754=DIRECTION('ref_axis',(-0.719339800338655,0.694658370458994,0.));
#7755=DIRECTION('center_axis',(0.0174524064372883,0.999847695156391,0.));
#7756=DIRECTION('ref_axis',(0.999847695156391,-0.0174524064372883,0.));
#7757=DIRECTION('',(0.,0.,-1.));
#7758=DIRECTION('',(0.999847695156391,-0.0174524064372883,0.));
#7759=DIRECTION('center_axis',(-0.891006524188368,0.453990499739547,0.));
#7760=DIRECTION('ref_axis',(0.453990499739547,0.891006524188368,0.));
#7761=DIRECTION('',(0.,0.,-1.));
#7762=DIRECTION('',(0.453990499739547,0.891006524188368,0.));
#7763=DIRECTION('center_axis',(-0.79863551004729,-0.601815023152052,0.));
#7764=DIRECTION('ref_axis',(-0.601815023152052,0.79863551004729,0.));
#7765=DIRECTION('',(-0.601815023152052,0.79863551004729,0.));
#7766=DIRECTION('center_axis',(0.,0.,1.));
#7767=DIRECTION('ref_axis',(1.,0.,0.));
#7768=DIRECTION('center_axis',(0.173648177666935,0.984807753012207,0.));
#7769=DIRECTION('ref_axis',(0.984807753012207,-0.173648177666935,0.));
#7770=DIRECTION('',(0.,0.,-1.));
#7771=DIRECTION('center_axis',(-0.809016994374947,0.587785252292473,0.));
#7772=DIRECTION('ref_axis',(0.587785252292473,0.809016994374947,0.));
#7773=DIRECTION('',(0.,0.,-1.));
#7774=DIRECTION('center_axis',(-0.882947592858925,-0.469471562785895,0.));
#7775=DIRECTION('ref_axis',(-0.469471562785895,0.882947592858925,0.));
#7776=DIRECTION('center_axis',(0.325568154457161,0.945518575599315,0.));
#7777=DIRECTION('ref_axis',(0.945518575599315,-0.325568154457161,0.));
#7778=DIRECTION('',(0.,0.,-1.));
#7779=DIRECTION('',(0.945518575599315,-0.325568154457161,0.));
#7780=DIRECTION('center_axis',(-0.707106781186548,0.707106781186548,0.));
#7781=DIRECTION('ref_axis',(0.707106781186548,0.707106781186548,0.));
#7782=DIRECTION('',(0.,0.,-1.));
#7783=DIRECTION('',(0.707106781186548,0.707106781186548,0.));
#7784=DIRECTION('center_axis',(-0.945518575599315,-0.325568154457161,0.));
#7785=DIRECTION('ref_axis',(-0.325568154457161,0.945518575599315,0.));
#7786=DIRECTION('',(-0.325568154457161,0.945518575599315,0.));
#7787=DIRECTION('center_axis',(0.,0.,1.));
#7788=DIRECTION('ref_axis',(1.,0.,0.));
#7789=DIRECTION('center_axis',(0.469471562785895,0.882947592858925,0.));
#7790=DIRECTION('ref_axis',(0.882947592858925,-0.469471562785895,0.));
#7791=DIRECTION('',(0.,0.,-1.));
#7792=DIRECTION('center_axis',(-0.587785252292473,0.809016994374947,0.));
#7793=DIRECTION('ref_axis',(0.809016994374947,0.587785252292473,0.));
#7794=DIRECTION('',(0.,0.,-1.));
#7795=DIRECTION('center_axis',(-0.984807753012207,-0.173648177666935,0.));
#7796=DIRECTION('ref_axis',(-0.173648177666935,0.984807753012207,0.));
#7797=DIRECTION('center_axis',(0.601815023152052,0.79863551004729,0.));
#7798=DIRECTION('ref_axis',(0.79863551004729,-0.601815023152052,0.));
#7799=DIRECTION('',(0.,0.,-1.));
#7800=DIRECTION('',(0.79863551004729,-0.601815023152052,0.));
#7801=DIRECTION('center_axis',(-0.453990499739547,0.891006524188368,0.));
#7802=DIRECTION('ref_axis',(0.891006524188368,0.453990499739547,0.));
#7803=DIRECTION('',(0.,0.,-1.));
#7804=DIRECTION('',(0.891006524188368,0.453990499739547,0.));
#7805=DIRECTION('center_axis',(-0.999847695156391,-0.0174524064372885,0.));
#7806=DIRECTION('ref_axis',(-0.0174524064372885,0.999847695156391,0.));
#7807=DIRECTION('',(-0.0174524064372885,0.999847695156391,0.));
#7808=DIRECTION('center_axis',(0.,0.,1.));
#7809=DIRECTION('ref_axis',(1.,0.,0.));
#7810=DIRECTION('center_axis',(0.719339800338654,0.694658370458994,0.));
#7811=DIRECTION('ref_axis',(0.694658370458994,-0.719339800338654,0.));
#7812=DIRECTION('',(0.,0.,-1.));
#7813=DIRECTION('center_axis',(-0.309016994374947,0.951056516295154,0.));
#7814=DIRECTION('ref_axis',(0.951056516295154,0.309016994374947,0.));
#7815=DIRECTION('',(0.,0.,-1.));
#7816=DIRECTION('center_axis',(-0.990268068741571,0.139173100960061,0.));
#7817=DIRECTION('ref_axis',(0.139173100960061,0.990268068741571,0.));
#7818=DIRECTION('center_axis',(0.819152044288995,0.573576436351042,0.));
#7819=DIRECTION('ref_axis',(0.573576436351042,-0.819152044288994,0.));
#7820=DIRECTION('',(0.,0.,-1.));
#7821=DIRECTION('',(0.573576436351042,-0.819152044288995,0.));
#7822=DIRECTION('center_axis',(-0.156434465040231,0.987688340595138,0.));
#7823=DIRECTION('ref_axis',(0.987688340595138,0.156434465040231,0.));
#7824=DIRECTION('',(0.,0.,-1.));
#7825=DIRECTION('',(0.987688340595138,0.156434465040231,0.));
#7826=DIRECTION('center_axis',(-0.956304755963037,0.292371704722732,0.));
#7827=DIRECTION('ref_axis',(0.292371704722732,0.956304755963037,0.));
#7828=DIRECTION('',(0.292371704722732,0.956304755963037,0.));
#7829=DIRECTION('center_axis',(0.,0.,1.));
#7830=DIRECTION('ref_axis',(1.,0.,0.));
#7831=DIRECTION('center_axis',(0.898794046299169,0.438371146789073,0.));
#7832=DIRECTION('ref_axis',(0.438371146789073,-0.898794046299169,0.));
#7833=DIRECTION('',(0.,0.,-1.));
#7834=DIRECTION('center_axis',(0.,1.,0.));
#7835=DIRECTION('ref_axis',(1.,0.,0.));
#7836=DIRECTION('',(0.,0.,-1.));
#7837=DIRECTION('center_axis',(-0.898794046299169,0.438371146789073,0.));
#7838=DIRECTION('ref_axis',(0.438371146789073,0.898794046299169,0.));
#7839=DIRECTION('center_axis',(0.,0.,1.));
#7840=DIRECTION('ref_axis',(1.,4.2329265754461E-14,0.));
#7841=DIRECTION('center_axis',(0.,0.,1.));
#7842=DIRECTION('ref_axis',(1.,0.,0.));
#7843=DIRECTION('center_axis',(0.,0.,1.));
#7844=DIRECTION('ref_axis',(1.,0.,0.));
#7845=DIRECTION('center_axis',(0.,0.,-1.));
#7846=DIRECTION('ref_axis',(0.309016994374947,0.951056516295154,0.));
#7847=DIRECTION('center_axis',(0.,0.,-1.));
#7848=DIRECTION('ref_axis',(0.309016994374947,0.951056516295154,0.));
#7849=DIRECTION('center_axis',(0.,0.,-1.));
#7850=DIRECTION('ref_axis',(1.,1.90785345775552E-16,0.));
#7851=DIRECTION('center_axis',(0.,0.,-1.));
#7852=DIRECTION('ref_axis',(1.,1.90785345775552E-16,0.));
#7853=DIRECTION('center_axis',(0.,0.,-1.));
#7854=DIRECTION('ref_axis',(0.309016994374947,-0.951056516295154,0.));
#7855=DIRECTION('center_axis',(0.,0.,-1.));
#7856=DIRECTION('ref_axis',(0.309016994374947,-0.951056516295154,0.));
#7857=DIRECTION('center_axis',(0.,0.,-1.));
#7858=DIRECTION('ref_axis',(-0.809016994374947,-0.587785252292473,0.));
#7859=DIRECTION('center_axis',(0.,0.,-1.));
#7860=DIRECTION('ref_axis',(-0.809016994374947,-0.587785252292473,0.));
#7861=DIRECTION('center_axis',(0.,0.,-1.));
#7862=DIRECTION('ref_axis',(-0.809016994374947,0.587785252292473,0.));
#7863=DIRECTION('center_axis',(0.,0.,-1.));
#7864=DIRECTION('ref_axis',(-0.809016994374947,0.587785252292473,0.));
#7865=DIRECTION('center_axis',(0.,0.,1.));
#7866=DIRECTION('ref_axis',(1.,0.,0.));
#7867=DIRECTION('center_axis',(0.,0.,1.));
#7868=DIRECTION('ref_axis',(1.,0.,0.));
#7869=DIRECTION('center_axis',(0.,0.,1.));
#7870=DIRECTION('ref_axis',(0.987688340595138,-0.156434465040232,0.));
#7871=DIRECTION('center_axis',(0.,0.,1.));
#7872=DIRECTION('ref_axis',(0.998629534754574,-0.052335956242944,0.));
#7873=DIRECTION('center_axis',(0.,0.,1.));
#7874=DIRECTION('ref_axis',(0.998629534754574,0.0523359562429434,0.));
#7875=DIRECTION('center_axis',(0.,0.,1.));
#7876=DIRECTION('ref_axis',(0.987688340595138,0.15643446504023,0.));
#7877=DIRECTION('center_axis',(0.,0.,1.));
#7878=DIRECTION('ref_axis',(0.965925826289068,0.258819045102521,0.));
#7879=DIRECTION('center_axis',(0.,0.,1.));
#7880=DIRECTION('ref_axis',(0.933580426497202,0.3583679495453,0.));
#7881=DIRECTION('center_axis',(0.,0.,1.));
#7882=DIRECTION('ref_axis',(0.891006524188368,0.453990499739546,0.));
#7883=DIRECTION('center_axis',(0.,0.,1.));
#7884=DIRECTION('ref_axis',(0.838670567945424,0.544639035015027,0.));
#7885=DIRECTION('center_axis',(0.,0.,1.));
#7886=DIRECTION('ref_axis',(0.777145961456971,0.629320391049837,0.));
#7887=DIRECTION('center_axis',(0.,0.,1.));
#7888=DIRECTION('ref_axis',(0.707106781186548,0.707106781186547,0.));
#7889=DIRECTION('center_axis',(0.,0.,1.));
#7890=DIRECTION('ref_axis',(0.629320391049838,0.777145961456971,0.));
#7891=DIRECTION('center_axis',(0.,0.,1.));
#7892=DIRECTION('ref_axis',(0.544639035015028,0.838670567945424,0.));
#7893=DIRECTION('center_axis',(0.,0.,1.));
#7894=DIRECTION('ref_axis',(0.453990499739548,0.891006524188367,0.));
#7895=DIRECTION('center_axis',(0.,0.,1.));
#7896=DIRECTION('ref_axis',(0.3583679495453,0.933580426497202,0.));
#7897=DIRECTION('center_axis',(0.,0.,1.));
#7898=DIRECTION('ref_axis',(0.258819045102521,0.965925826289068,0.));
#7899=DIRECTION('center_axis',(0.,0.,1.));
#7900=DIRECTION('ref_axis',(0.156434465040232,0.987688340595138,0.));
#7901=DIRECTION('center_axis',(0.,0.,1.));
#7902=DIRECTION('ref_axis',(0.060354288153608,0.998177018319632,0.));
#7903=DIRECTION('center_axis',(0.,0.,1.));
#7904=DIRECTION('ref_axis',(-0.0443142487459112,0.999017641164602,0.));
#7905=DIRECTION('center_axis',(0.,0.,1.));
#7906=DIRECTION('ref_axis',(-0.156434465040231,0.987688340595138,0.));
#7907=DIRECTION('center_axis',(0.,0.,1.));
#7908=DIRECTION('ref_axis',(-0.258819045102521,0.965925826289068,0.));
#7909=DIRECTION('center_axis',(0.,0.,1.));
#7910=DIRECTION('ref_axis',(-0.3583679495453,0.933580426497202,0.));
#7911=DIRECTION('center_axis',(0.,0.,1.));
#7912=DIRECTION('ref_axis',(-0.453990499739547,0.891006524188368,0.));
#7913=DIRECTION('center_axis',(0.,0.,1.));
#7914=DIRECTION('ref_axis',(-0.544639035015027,0.838670567945424,0.));
#7915=DIRECTION('center_axis',(0.,0.,1.));
#7916=DIRECTION('ref_axis',(-0.629320391049838,0.777145961456971,0.));
#7917=DIRECTION('center_axis',(0.,0.,1.));
#7918=DIRECTION('ref_axis',(-0.707106781186547,0.707106781186548,0.));
#7919=DIRECTION('center_axis',(0.,0.,1.));
#7920=DIRECTION('ref_axis',(-0.777145961456971,0.629320391049838,0.));
#7921=DIRECTION('center_axis',(0.,0.,1.));
#7922=DIRECTION('ref_axis',(-0.838670567945424,0.544639035015027,0.));
#7923=DIRECTION('center_axis',(0.,0.,1.));
#7924=DIRECTION('ref_axis',(-0.891006524188368,0.453990499739547,0.));
#7925=DIRECTION('center_axis',(0.,0.,1.));
#7926=DIRECTION('ref_axis',(-0.933580426497202,0.3583679495453,0.));
#7927=DIRECTION('center_axis',(0.,0.,1.));
#7928=DIRECTION('ref_axis',(-0.965925826289068,0.258819045102521,0.));
#7929=DIRECTION('center_axis',(0.,0.,1.));
#7930=DIRECTION('ref_axis',(-0.987688340595138,0.156434465040231,0.));
#7931=DIRECTION('center_axis',(0.,0.,1.));
#7932=DIRECTION('ref_axis',(-0.998629534754574,0.0523359562429439,0.));
#7933=DIRECTION('center_axis',(0.,0.,1.));
#7934=DIRECTION('ref_axis',(-0.998629534754574,-0.0523359562429437,0.));
#7935=DIRECTION('center_axis',(0.,0.,1.));
#7936=DIRECTION('ref_axis',(-0.987688340595138,-0.156434465040231,0.));
#7937=DIRECTION('center_axis',(0.,0.,1.));
#7938=DIRECTION('ref_axis',(-0.965925826289068,-0.258819045102521,0.));
#7939=DIRECTION('center_axis',(0.,0.,1.));
#7940=DIRECTION('ref_axis',(-0.933580426497202,-0.3583679495453,0.));
#7941=DIRECTION('center_axis',(0.,0.,1.));
#7942=DIRECTION('ref_axis',(-0.891006524188368,-0.453990499739547,0.));
#7943=DIRECTION('center_axis',(0.,0.,1.));
#7944=DIRECTION('ref_axis',(-0.838670567945424,-0.544639035015027,0.));
#7945=DIRECTION('center_axis',(0.,0.,1.));
#7946=DIRECTION('ref_axis',(-0.777145961456971,-0.629320391049837,0.));
#7947=DIRECTION('center_axis',(0.,0.,1.));
#7948=DIRECTION('ref_axis',(-0.707106781186548,-0.707106781186547,0.));
#7949=DIRECTION('center_axis',(0.,0.,1.));
#7950=DIRECTION('ref_axis',(-0.629320391049838,-0.777145961456971,0.));
#7951=DIRECTION('center_axis',(0.,0.,1.));
#7952=DIRECTION('ref_axis',(-0.544639035015027,-0.838670567945424,0.));
#7953=DIRECTION('center_axis',(0.,0.,1.));
#7954=DIRECTION('ref_axis',(-0.453990499739547,-0.891006524188368,0.));
#7955=DIRECTION('center_axis',(0.,0.,1.));
#7956=DIRECTION('ref_axis',(-0.3583679495453,-0.933580426497202,0.));
#7957=DIRECTION('center_axis',(0.,0.,1.));
#7958=DIRECTION('ref_axis',(-0.258819045102521,-0.965925826289068,0.));
#7959=DIRECTION('center_axis',(0.,0.,1.));
#7960=DIRECTION('ref_axis',(-0.156434465040231,-0.987688340595138,0.));
#7961=DIRECTION('center_axis',(0.,0.,1.));
#7962=DIRECTION('ref_axis',(-0.052335956242944,-0.998629534754574,0.));
#7963=DIRECTION('center_axis',(0.,0.,1.));
#7964=DIRECTION('ref_axis',(0.0523359562429434,-0.998629534754574,0.));
#7965=DIRECTION('center_axis',(0.,0.,1.));
#7966=DIRECTION('ref_axis',(0.156434465040231,-0.987688340595138,0.));
#7967=DIRECTION('center_axis',(0.,0.,1.));
#7968=DIRECTION('ref_axis',(0.258819045102521,-0.965925826289068,0.));
#7969=DIRECTION('center_axis',(0.,0.,1.));
#7970=DIRECTION('ref_axis',(0.3583679495453,-0.933580426497202,0.));
#7971=DIRECTION('center_axis',(0.,0.,1.));
#7972=DIRECTION('ref_axis',(0.453990499739546,-0.891006524188368,0.));
#7973=DIRECTION('center_axis',(0.,0.,1.));
#7974=DIRECTION('ref_axis',(0.544639035015027,-0.838670567945424,0.));
#7975=DIRECTION('center_axis',(0.,0.,1.));
#7976=DIRECTION('ref_axis',(0.629320391049837,-0.777145961456971,0.));
#7977=DIRECTION('center_axis',(0.,0.,1.));
#7978=DIRECTION('ref_axis',(0.707106781186547,-0.707106781186548,0.));
#7979=DIRECTION('center_axis',(0.,0.,1.));
#7980=DIRECTION('ref_axis',(0.777145961456971,-0.629320391049838,0.));
#7981=DIRECTION('center_axis',(0.,0.,1.));
#7982=DIRECTION('ref_axis',(0.838670567945424,-0.544639035015028,0.));
#7983=DIRECTION('center_axis',(0.,0.,1.));
#7984=DIRECTION('ref_axis',(0.891006524188367,-0.453990499739548,0.));
#7985=DIRECTION('center_axis',(0.,0.,1.));
#7986=DIRECTION('ref_axis',(0.933580426497202,-0.3583679495453,0.));
#7987=DIRECTION('center_axis',(0.,0.,1.));
#7988=DIRECTION('ref_axis',(0.965925826289068,-0.258819045102521,0.));
#7989=DIRECTION('center_axis',(0.,0.,1.));
#7990=DIRECTION('ref_axis',(1.,0.,0.));
#7991=DIRECTION('center_axis',(0.,0.,1.));
#7992=DIRECTION('ref_axis',(1.,0.,0.));
#7993=DIRECTION('',(0.,0.,-1.));
#7994=DIRECTION('center_axis',(0.,0.,1.));
#7995=DIRECTION('ref_axis',(1.,0.,0.));
#7996=DIRECTION('center_axis',(0.,0.,-1.));
#7997=DIRECTION('ref_axis',(1.,0.,0.));
#7998=DIRECTION('center_axis',(0.,0.,1.));
#7999=DIRECTION('ref_axis',(1.,0.,0.));
#8000=DIRECTION('',(-0.707106781186548,8.65956056235493E-17,0.707106781186548));
#8001=DIRECTION('center_axis',(0.,0.,-1.));
#8002=DIRECTION('ref_axis',(1.,0.,0.));
#8003=DIRECTION('center_axis',(0.,0.,1.));
#8004=DIRECTION('ref_axis',(1.,0.,0.));
#8005=DIRECTION('',(0.,0.,-1.));
#8006=DIRECTION('center_axis',(0.,0.,1.));
#8007=DIRECTION('ref_axis',(-0.809016994374947,-0.587785252292473,0.));
#8008=DIRECTION('',(0.,0.,1.));
#8009=DIRECTION('center_axis',(0.,0.,1.));
#8010=DIRECTION('ref_axis',(0.309016994374947,0.951056516295154,0.));
#8011=DIRECTION('',(0.,0.,1.));
#8012=DIRECTION('center_axis',(0.,0.,1.));
#8013=DIRECTION('ref_axis',(-0.809016994374947,0.587785252292473,0.));
#8014=DIRECTION('',(0.,0.,1.));
#8015=DIRECTION('center_axis',(0.,0.,1.));
#8016=DIRECTION('ref_axis',(0.309016994374947,-0.951056516295154,0.));
#8017=DIRECTION('',(0.,0.,1.));
#8018=DIRECTION('center_axis',(0.,0.,1.));
#8019=DIRECTION('ref_axis',(1.,1.90785345775552E-16,0.));
#8020=DIRECTION('',(0.,0.,1.));
#8021=DIRECTION('center_axis',(0.,0.,1.));
#8022=DIRECTION('ref_axis',(1.,0.,0.));
#8023=DIRECTION('center_axis',(0.,0.,1.));
#8024=DIRECTION('ref_axis',(1.,0.,0.));
#8025=DIRECTION('center_axis',(0.,0.,1.));
#8026=DIRECTION('ref_axis',(1.,0.,0.));
#8027=DIRECTION('',(0.,0.,1.));
#8028=DIRECTION('',(0.,0.,1.));
#8029=DIRECTION('center_axis',(0.,0.,-1.));
#8030=DIRECTION('ref_axis',(1.,0.,0.));
#8031=DIRECTION('center_axis',(0.,0.,-1.));
#8032=DIRECTION('ref_axis',(1.,0.,0.));
#8033=DIRECTION('',(-0.707106781186546,-8.65956056235492E-17,-0.707106781186549));
#8034=DIRECTION('center_axis',(0.,0.,1.));
#8035=DIRECTION('ref_axis',(1.,0.,0.));
#8036=DIRECTION('center_axis',(0.,0.,1.));
#8037=DIRECTION('ref_axis',(1.,0.,0.));
#8038=DIRECTION('center_axis',(0.,0.,1.));
#8039=DIRECTION('ref_axis',(0.965925826289068,-0.258819045102521,0.));
#8040=DIRECTION('center_axis',(0.,0.,1.));
#8041=DIRECTION('ref_axis',(0.930672256966086,-0.365854001090124,0.));
#8042=DIRECTION('center_axis',(0.,0.,1.));
#8043=DIRECTION('ref_axis',(0.887331780450307,-0.46113155541872,0.));
#8044=DIRECTION('center_axis',(0.,0.,1.));
#8045=DIRECTION('ref_axis',(0.838670567945424,-0.544639035015028,0.));
#8046=DIRECTION('center_axis',(0.,0.,1.));
#8047=DIRECTION('ref_axis',(0.772066810725795,-0.635541375345225,0.));
#8048=DIRECTION('center_axis',(0.,0.,1.));
#8049=DIRECTION('ref_axis',(0.707106781186547,-0.707106781186548,0.));
#8050=DIRECTION('center_axis',(0.,0.,1.));
#8051=DIRECTION('ref_axis',(0.629320391049837,-0.777145961456971,0.));
#8052=DIRECTION('center_axis',(0.,0.,1.));
#8053=DIRECTION('ref_axis',(0.537886085745882,-0.843017531704396,0.));
#8054=DIRECTION('center_axis',(0.,0.,1.));
#8055=DIRECTION('ref_axis',(0.446820162391466,-0.89462379941541,0.));
#8056=DIRECTION('center_axis',(0.,0.,1.));
#8057=DIRECTION('ref_axis',(0.3583679495453,-0.933580426497202,0.));
#8058=DIRECTION('center_axis',(0.,0.,1.));
#8059=DIRECTION('ref_axis',(0.251053323020436,-0.96797325841182,0.));
#8060=DIRECTION('center_axis',(0.,0.,1.));
#8061=DIRECTION('ref_axis',(0.148497269462816,-0.988912817675091,0.));
#8062=DIRECTION('center_axis',(0.,0.,1.));
#8063=DIRECTION('ref_axis',(0.0523359562429434,-0.998629534754574,0.));
#8064=DIRECTION('center_axis',(0.,0.,1.));
#8065=DIRECTION('ref_axis',(-0.0603542881536074,-0.998177018319632,0.));
#8066=DIRECTION('center_axis',(0.,0.,1.));
#8067=DIRECTION('ref_axis',(-0.164361570842168,-0.986400159179983,0.));
#8068=DIRECTION('center_axis',(0.,0.,1.));
#8069=DIRECTION('ref_axis',(-0.266568073765712,-0.963816093478853,0.));
#8070=DIRECTION('center_axis',(0.,0.,1.));
#8071=DIRECTION('ref_axis',(-0.3583679495453,-0.933580426497202,0.));
#8072=DIRECTION('center_axis',(0.,0.,1.));
#8073=DIRECTION('ref_axis',(-0.453990499739547,-0.891006524188368,0.));
#8074=DIRECTION('center_axis',(0.,0.,1.));
#8075=DIRECTION('ref_axis',(-0.551356855928166,-0.834269511261803,0.));
#8076=DIRECTION('center_axis',(0.,0.,1.));
#8077=DIRECTION('ref_axis',(-0.629320391049838,-0.777145961456971,0.));
#8078=DIRECTION('center_axis',(0.,0.,1.));
#8079=DIRECTION('ref_axis',(-0.712762770458418,-0.701405184646108,0.));
#8080=DIRECTION('center_axis',(0.,0.,1.));
#8081=DIRECTION('ref_axis',(-0.782174987503269,-0.623058816584968,0.));
#8082=DIRECTION('center_axis',(0.,0.,1.));
#8083=DIRECTION('ref_axis',(-0.838670567945424,-0.544639035015027,0.));
#8084=DIRECTION('center_axis',(0.,0.,1.));
#8085=DIRECTION('ref_axis',(-0.89462379941541,-0.446820162391466,0.));
#8086=DIRECTION('center_axis',(0.,0.,1.));
#8087=DIRECTION('ref_axis',(-0.933580426497202,-0.3583679495453,0.));
#8088=DIRECTION('center_axis',(0.,0.,1.));
#8089=DIRECTION('ref_axis',(-0.96797325841182,-0.251053323020436,0.));
#8090=DIRECTION('center_axis',(0.,0.,1.));
#8091=DIRECTION('ref_axis',(-0.987688340595138,-0.156434465040231,0.));
#8092=DIRECTION('center_axis',(0.,0.,1.));
#8093=DIRECTION('ref_axis',(-0.998629534754574,-0.0523359562429437,0.));
#8094=DIRECTION('center_axis',(0.,0.,1.));
#8095=DIRECTION('ref_axis',(-0.998177018319632,0.0603542881536074,0.));
#8096=DIRECTION('center_axis',(0.,0.,1.));
#8097=DIRECTION('ref_axis',(-0.986400159179983,0.164361570842168,0.));
#8098=DIRECTION('center_axis',(0.,0.,1.));
#8099=DIRECTION('ref_axis',(-0.965925826289068,0.258819045102521,0.));
#8100=DIRECTION('center_axis',(0.,0.,1.));
#8101=DIRECTION('ref_axis',(-0.930672256966086,0.365854001090123,0.));
#8102=DIRECTION('center_axis',(0.,0.,1.));
#8103=DIRECTION('ref_axis',(-0.891006524188368,0.453990499739547,0.));
#8104=DIRECTION('center_axis',(0.,0.,1.));
#8105=DIRECTION('ref_axis',(-0.834269511261803,0.551356855928166,0.));
#8106=DIRECTION('center_axis',(0.,0.,1.));
#8107=DIRECTION('ref_axis',(-0.772066810725795,0.635541375345224,0.));
#8108=DIRECTION('center_axis',(0.,0.,1.));
#8109=DIRECTION('ref_axis',(-0.707106781186547,0.707106781186548,0.));
#8110=DIRECTION('center_axis',(0.,0.,1.));
#8111=DIRECTION('ref_axis',(-0.623058816584968,0.782174987503269,0.));
#8112=DIRECTION('center_axis',(0.,0.,1.));
#8113=DIRECTION('ref_axis',(-0.544639035015027,0.838670567945424,0.));
#8114=DIRECTION('center_axis',(0.,0.,1.));
#8115=DIRECTION('ref_axis',(-0.453990499739547,0.891006524188368,0.));
#8116=DIRECTION('center_axis',(0.,0.,1.));
#8117=DIRECTION('ref_axis',(-0.3583679495453,0.933580426497202,0.));
#8118=DIRECTION('center_axis',(0.,0.,1.));
#8119=DIRECTION('ref_axis',(-0.251053323020436,0.96797325841182,0.));
#8120=DIRECTION('center_axis',(0.,0.,1.));
#8121=DIRECTION('ref_axis',(-0.156434465040231,0.987688340595138,0.));
#8122=DIRECTION('center_axis',(0.,0.,1.));
#8123=DIRECTION('ref_axis',(-0.0443142487459112,0.999017641164602,0.));
#8124=DIRECTION('center_axis',(0.,0.,1.));
#8125=DIRECTION('ref_axis',(0.0523359562429438,0.998629534754574,0.));
#8126=DIRECTION('center_axis',(0.,0.,1.));
#8127=DIRECTION('ref_axis',(0.156434465040232,0.987688340595138,0.));
#8128=DIRECTION('center_axis',(0.,0.,1.));
#8129=DIRECTION('ref_axis',(0.266568073765712,0.963816093478853,0.));
#8130=DIRECTION('center_axis',(0.,0.,1.));
#8131=DIRECTION('ref_axis',(0.3583679495453,0.933580426497202,0.));
#8132=DIRECTION('center_axis',(0.,0.,1.));
#8133=DIRECTION('ref_axis',(0.46113155541872,0.887331780450307,0.));
#8134=DIRECTION('center_axis',(0.,0.,1.));
#8135=DIRECTION('ref_axis',(0.551356855928166,0.834269511261803,0.));
#8136=DIRECTION('center_axis',(0.,0.,1.));
#8137=DIRECTION('ref_axis',(0.629320391049838,0.777145961456971,0.));
#8138=DIRECTION('center_axis',(0.,0.,1.));
#8139=DIRECTION('ref_axis',(0.712762770458418,0.701405184646108,0.));
#8140=DIRECTION('center_axis',(0.,0.,1.));
#8141=DIRECTION('ref_axis',(0.782174987503269,0.623058816584968,0.));
#8142=DIRECTION('center_axis',(0.,0.,1.));
#8143=DIRECTION('ref_axis',(0.838670567945424,0.544639035015027,0.));
#8144=DIRECTION('center_axis',(0.,0.,1.));
#8145=DIRECTION('ref_axis',(0.89462379941541,0.446820162391466,0.));
#8146=DIRECTION('center_axis',(0.,0.,1.));
#8147=DIRECTION('ref_axis',(0.933580426497202,0.3583679495453,0.));
#8148=DIRECTION('center_axis',(0.,0.,1.));
#8149=DIRECTION('ref_axis',(0.96797325841182,0.251053323020435,0.));
#8150=DIRECTION('center_axis',(0.,0.,1.));
#8151=DIRECTION('ref_axis',(0.987688340595138,0.15643446504023,0.));
#8152=DIRECTION('center_axis',(0.,0.,1.));
#8153=DIRECTION('ref_axis',(0.999017641164602,0.044314248745911,0.));
#8154=DIRECTION('center_axis',(0.,0.,1.));
#8155=DIRECTION('ref_axis',(0.998177018319632,-0.0603542881536079,0.));
#8156=DIRECTION('center_axis',(0.,0.,1.));
#8157=DIRECTION('ref_axis',(0.987688340595138,-0.156434465040232,0.));
#8158=DIRECTION('center_axis',(0.,0.,-1.));
#8159=DIRECTION('ref_axis',(1.,0.,0.));
#8160=DIRECTION('center_axis',(0.,0.,-1.));
#8161=DIRECTION('ref_axis',(1.,0.,0.));
#8162=DIRECTION('',(0.,0.,1.));
#8163=DIRECTION('center_axis',(0.,0.,1.));
#8164=DIRECTION('ref_axis',(1.,0.,0.));
#8165=DIRECTION('',(0.,0.,1.));
#8166=DIRECTION('',(0.,0.,1.));
#8167=DIRECTION('',(0.,0.,1.));
#8168=DIRECTION('',(0.,0.,1.));
#8169=DIRECTION('',(0.,0.,1.));
#8170=DIRECTION('',(0.,0.,1.));
#8171=DIRECTION('',(0.,0.,1.));
#8172=DIRECTION('',(0.,0.,1.));
#8173=DIRECTION('center_axis',(0.,0.,1.));
#8174=DIRECTION('ref_axis',(-0.3583679495453,0.933580426497202,0.));
#8175=DIRECTION('',(0.,0.,1.));
#8176=DIRECTION('',(0.,0.,1.));
#8177=DIRECTION('',(0.,0.,1.));
#8178=DIRECTION('',(0.,0.,1.));
#8179=DIRECTION('',(0.,0.,1.));
#8180=DIRECTION('',(0.,0.,1.));
#8181=DIRECTION('center_axis',(0.,0.,1.));
#8182=DIRECTION('ref_axis',(-0.834269511261803,0.551356855928166,0.));
#8183=DIRECTION('',(0.,0.,1.));
#8184=DIRECTION('',(0.,0.,1.));
#8185=DIRECTION('center_axis',(0.,0.,1.));
#8186=DIRECTION('ref_axis',(-0.772066810725795,0.635541375345224,0.));
#8187=DIRECTION('',(0.,0.,1.));
#8188=DIRECTION('',(0.,0.,1.));
#8189=DIRECTION('center_axis',(0.,0.,1.));
#8190=DIRECTION('ref_axis',(-0.707106781186547,0.707106781186548,0.));
#8191=DIRECTION('center_axis',(0.,0.,1.));
#8192=DIRECTION('ref_axis',(-0.930672256966086,0.365854001090123,0.));
#8193=DIRECTION('',(0.,0.,1.));
#8194=DIRECTION('',(0.,0.,1.));
#8195=DIRECTION('center_axis',(0.,0.,1.));
#8196=DIRECTION('ref_axis',(-0.891006524188368,0.453990499739547,0.));
#8197=DIRECTION('center_axis',(0.,0.,1.));
#8198=DIRECTION('ref_axis',(-0.998177018319632,0.0603542881536074,0.));
#8199=DIRECTION('',(0.,0.,1.));
#8200=DIRECTION('',(0.,0.,1.));
#8201=DIRECTION('center_axis',(0.,0.,1.));
#8202=DIRECTION('ref_axis',(-0.986400159179983,0.164361570842168,0.));
#8203=DIRECTION('',(0.,0.,1.));
#8204=DIRECTION('',(0.,0.,1.));
#8205=DIRECTION('center_axis',(0.,0.,1.));
#8206=DIRECTION('ref_axis',(-0.965925826289068,0.258819045102521,0.));
#8207=DIRECTION('',(0.,0.,1.));
#8208=DIRECTION('',(0.,0.,1.));
#8209=DIRECTION('center_axis',(0.,0.,1.));
#8210=DIRECTION('ref_axis',(-0.453990499739547,0.891006524188368,0.));
#8211=DIRECTION('center_axis',(0.,0.,1.));
#8212=DIRECTION('ref_axis',(-0.623058816584968,0.782174987503269,0.));
#8213=DIRECTION('',(0.,0.,1.));
#8214=DIRECTION('',(0.,0.,1.));
#8215=DIRECTION('center_axis',(0.,0.,1.));
#8216=DIRECTION('ref_axis',(-0.544639035015027,0.838670567945424,0.));
#8217=DIRECTION('',(0.,0.,1.));
#8218=DIRECTION('',(0.,0.,1.));
#8219=DIRECTION('center_axis',(0.,0.,1.));
#8220=DIRECTION('ref_axis',(-0.998629534754574,-0.0523359562429437,0.));
#8221=DIRECTION('',(0.,0.,1.));
#8222=DIRECTION('',(0.,0.,1.));
#8223=DIRECTION('center_axis',(0.,0.,1.));
#8224=DIRECTION('ref_axis',(-0.96797325841182,-0.251053323020436,0.));
#8225=DIRECTION('',(0.,0.,1.));
#8226=DIRECTION('',(0.,0.,1.));
#8227=DIRECTION('center_axis',(0.,0.,1.));
#8228=DIRECTION('ref_axis',(-0.987688340595138,-0.156434465040231,0.));
#8229=DIRECTION('center_axis',(0.,0.,1.));
#8230=DIRECTION('ref_axis',(-0.712762770458418,-0.701405184646108,0.));
#8231=DIRECTION('',(0.,0.,1.));
#8232=DIRECTION('',(0.,0.,1.));
#8233=DIRECTION('',(0.,0.,1.));
#8234=DIRECTION('',(0.,0.,1.));
#8235=DIRECTION('center_axis',(0.,0.,1.));
#8236=DIRECTION('ref_axis',(-0.782174987503269,-0.623058816584968,0.));
#8237=DIRECTION('',(0.,0.,1.));
#8238=DIRECTION('',(0.,0.,1.));
#8239=DIRECTION('center_axis',(0.,0.,1.));
#8240=DIRECTION('ref_axis',(-0.838670567945424,-0.544639035015027,0.));
#8241=DIRECTION('center_axis',(0.,0.,1.));
#8242=DIRECTION('ref_axis',(-0.89462379941541,-0.446820162391466,0.));
#8243=DIRECTION('',(0.,0.,1.));
#8244=DIRECTION('',(0.,0.,1.));
#8245=DIRECTION('center_axis',(0.,0.,1.));
#8246=DIRECTION('ref_axis',(-0.933580426497202,-0.3583679495453,0.));
#8247=DIRECTION('',(0.,0.,1.));
#8248=DIRECTION('',(0.,0.,1.));
#8249=DIRECTION('',(0.,0.,1.));
#8250=DIRECTION('',(0.,0.,1.));
#8251=DIRECTION('',(0.,0.,1.));
#8252=DIRECTION('',(0.,0.,1.));
#8253=DIRECTION('',(0.,0.,1.));
#8254=DIRECTION('',(0.,0.,1.));
#8255=DIRECTION('center_axis',(0.,0.,1.));
#8256=DIRECTION('ref_axis',(0.89462379941541,0.446820162391466,0.));
#8257=DIRECTION('',(0.,0.,1.));
#8258=DIRECTION('',(0.,0.,1.));
#8259=DIRECTION('center_axis',(0.,0.,1.));
#8260=DIRECTION('ref_axis',(0.933580426497202,0.3583679495453,0.));
#8261=DIRECTION('center_axis',(0.,0.,1.));
#8262=DIRECTION('ref_axis',(0.712762770458418,0.701405184646108,0.));
#8263=DIRECTION('',(0.,0.,1.));
#8264=DIRECTION('',(0.,0.,1.));
#8265=DIRECTION('center_axis',(0.,0.,1.));
#8266=DIRECTION('ref_axis',(0.782174987503269,0.623058816584968,0.));
#8267=DIRECTION('',(0.,0.,1.));
#8268=DIRECTION('',(0.,0.,1.));
#8269=DIRECTION('center_axis',(0.,0.,1.));
#8270=DIRECTION('ref_axis',(0.838670567945424,0.544639035015027,0.));
#8271=DIRECTION('',(0.,0.,1.));
#8272=DIRECTION('',(0.,0.,1.));
#8273=DIRECTION('',(0.,0.,1.));
#8274=DIRECTION('',(0.,0.,1.));
#8275=DIRECTION('center_axis',(0.,0.,1.));
#8276=DIRECTION('ref_axis',(0.46113155541872,0.887331780450307,0.));
#8277=DIRECTION('',(0.,0.,1.));
#8278=DIRECTION('',(0.,0.,1.));
#8279=DIRECTION('center_axis',(0.,0.,1.));
#8280=DIRECTION('ref_axis',(0.551356855928166,0.834269511261803,0.));
#8281=DIRECTION('',(0.,0.,1.));
#8282=DIRECTION('',(0.,0.,1.));
#8283=DIRECTION('center_axis',(0.,0.,1.));
#8284=DIRECTION('ref_axis',(0.629320391049838,0.777145961456971,0.));
#8285=DIRECTION('center_axis',(0.,0.,1.));
#8286=DIRECTION('ref_axis',(0.266568073765712,0.963816093478853,0.));
#8287=DIRECTION('',(0.,0.,1.));
#8288=DIRECTION('',(0.,0.,1.));
#8289=DIRECTION('center_axis',(0.,0.,1.));
#8290=DIRECTION('ref_axis',(0.3583679495453,0.933580426497202,0.));
#8291=DIRECTION('',(0.,0.,1.));
#8292=DIRECTION('',(0.,0.,1.));
#8293=DIRECTION('center_axis',(0.,0.,1.));
#8294=DIRECTION('ref_axis',(0.156434465040232,0.987688340595138,0.));
#8295=DIRECTION('center_axis',(0.,0.,1.));
#8296=DIRECTION('ref_axis',(-0.0443142487459112,0.999017641164602,0.));
#8297=DIRECTION('',(0.,0.,1.));
#8298=DIRECTION('',(0.,0.,1.));
#8299=DIRECTION('center_axis',(0.,0.,1.));
#8300=DIRECTION('ref_axis',(0.0523359562429438,0.998629534754574,0.));
#8301=DIRECTION('center_axis',(0.,0.,1.));
#8302=DIRECTION('ref_axis',(-0.251053323020436,0.96797325841182,0.));
#8303=DIRECTION('',(0.,0.,1.));
#8304=DIRECTION('',(0.,0.,1.));
#8305=DIRECTION('center_axis',(0.,0.,1.));
#8306=DIRECTION('ref_axis',(-0.156434465040231,0.987688340595138,0.));
#8307=DIRECTION('',(0.,0.,1.));
#8308=DIRECTION('',(0.,0.,1.));
#8309=DIRECTION('',(0.,0.,1.));
#8310=DIRECTION('',(0.,0.,1.));
#8311=DIRECTION('',(0.,0.,1.));
#8312=DIRECTION('',(0.,0.,1.));
#8313=DIRECTION('center_axis',(0.,0.,1.));
#8314=DIRECTION('ref_axis',(-0.551356855928166,-0.834269511261803,0.));
#8315=DIRECTION('',(0.,0.,1.));
#8316=DIRECTION('',(0.,0.,1.));
#8317=DIRECTION('center_axis',(0.,0.,1.));
#8318=DIRECTION('ref_axis',(-0.629320391049838,-0.777145961456971,0.));
#8319=DIRECTION('center_axis',(0.,0.,1.));
#8320=DIRECTION('ref_axis',(-0.0603542881536074,-0.998177018319632,0.));
#8321=DIRECTION('',(0.,0.,1.));
#8322=DIRECTION('',(0.,0.,1.));
#8323=DIRECTION('center_axis',(0.,0.,1.));
#8324=DIRECTION('ref_axis',(-0.164361570842168,-0.986400159179983,0.));
#8325=DIRECTION('',(0.,0.,1.));
#8326=DIRECTION('',(0.,0.,1.));
#8327=DIRECTION('',(0.,0.,1.));
#8328=DIRECTION('',(0.,0.,1.));
#8329=DIRECTION('center_axis',(0.,0.,1.));
#8330=DIRECTION('ref_axis',(-0.453990499739547,-0.891006524188368,0.));
#8331=DIRECTION('center_axis',(0.,0.,1.));
#8332=DIRECTION('ref_axis',(-0.266568073765712,-0.963816093478853,0.));
#8333=DIRECTION('',(0.,0.,1.));
#8334=DIRECTION('',(0.,0.,1.));
#8335=DIRECTION('center_axis',(0.,0.,1.));
#8336=DIRECTION('ref_axis',(-0.3583679495453,-0.933580426497202,0.));
#8337=DIRECTION('center_axis',(0.,0.,1.));
#8338=DIRECTION('ref_axis',(0.537886085745882,-0.843017531704396,0.));
#8339=DIRECTION('',(0.,0.,1.));
#8340=DIRECTION('',(0.,0.,1.));
#8341=DIRECTION('',(0.,0.,1.));
#8342=DIRECTION('',(0.,0.,1.));
#8343=DIRECTION('center_axis',(0.,0.,1.));
#8344=DIRECTION('ref_axis',(0.446820162391466,-0.89462379941541,0.));
#8345=DIRECTION('',(0.,0.,1.));
#8346=DIRECTION('',(0.,0.,1.));
#8347=DIRECTION('center_axis',(0.,0.,1.));
#8348=DIRECTION('ref_axis',(0.3583679495453,-0.933580426497202,0.));
#8349=DIRECTION('center_axis',(0.,0.,1.));
#8350=DIRECTION('ref_axis',(0.251053323020436,-0.96797325841182,0.));
#8351=DIRECTION('',(0.,0.,1.));
#8352=DIRECTION('',(0.,0.,1.));
#8353=DIRECTION('center_axis',(0.,0.,1.));
#8354=DIRECTION('ref_axis',(0.148497269462816,-0.988912817675091,0.));
#8355=DIRECTION('',(0.,0.,1.));
#8356=DIRECTION('',(0.,0.,1.));
#8357=DIRECTION('center_axis',(0.,0.,1.));
#8358=DIRECTION('ref_axis',(0.0523359562429434,-0.998629534754574,0.));
#8359=DIRECTION('',(0.,0.,1.));
#8360=DIRECTION('',(0.,0.,1.));
#8361=DIRECTION('center_axis',(0.,0.,1.));
#8362=DIRECTION('ref_axis',(0.96797325841182,0.251053323020435,0.));
#8363=DIRECTION('',(0.,0.,1.));
#8364=DIRECTION('',(0.,0.,1.));
#8365=DIRECTION('center_axis',(0.,0.,1.));
#8366=DIRECTION('ref_axis',(0.987688340595138,0.15643446504023,0.));
#8367=DIRECTION('center_axis',(0.,0.,1.));
#8368=DIRECTION('ref_axis',(0.999017641164602,0.044314248745911,0.));
#8369=DIRECTION('',(0.,0.,1.));
#8370=DIRECTION('',(0.,0.,1.));
#8371=DIRECTION('',(0.,0.,1.));
#8372=DIRECTION('',(0.,0.,1.));
#8373=DIRECTION('',(0.,0.,1.));
#8374=DIRECTION('',(0.,0.,1.));
#8375=DIRECTION('center_axis',(0.,0.,1.));
#8376=DIRECTION('ref_axis',(0.930672256966086,-0.365854001090124,0.));
#8377=DIRECTION('',(0.,0.,1.));
#8378=DIRECTION('',(0.,0.,1.));
#8379=DIRECTION('center_axis',(0.,0.,1.));
#8380=DIRECTION('ref_axis',(0.887331780450307,-0.46113155541872,0.));
#8381=DIRECTION('',(0.,0.,1.));
#8382=DIRECTION('',(0.,0.,1.));
#8383=DIRECTION('center_axis',(0.,0.,1.));
#8384=DIRECTION('ref_axis',(0.838670567945424,-0.544639035015028,0.));
#8385=DIRECTION('',(0.,0.,1.));
#8386=DIRECTION('',(0.,0.,1.));
#8387=DIRECTION('center_axis',(0.,0.,1.));
#8388=DIRECTION('ref_axis',(0.629320391049837,-0.777145961456971,0.));
#8389=DIRECTION('center_axis',(0.,0.,1.));
#8390=DIRECTION('ref_axis',(0.772066810725795,-0.635541375345225,0.));
#8391=DIRECTION('',(0.,0.,1.));
#8392=DIRECTION('',(0.,0.,1.));
#8393=DIRECTION('center_axis',(0.,0.,1.));
#8394=DIRECTION('ref_axis',(0.707106781186547,-0.707106781186548,0.));
#8395=DIRECTION('',(0.,0.,1.));
#8396=DIRECTION('',(0.,0.,1.));
#8397=DIRECTION('center_axis',(0.,0.,1.));
#8398=DIRECTION('ref_axis',(0.965925826289068,-0.258819045102521,0.));
#8399=DIRECTION('center_axis',(0.,0.,1.));
#8400=DIRECTION('ref_axis',(0.998177018319632,-0.0603542881536079,0.));
#8401=DIRECTION('',(0.,0.,1.));
#8402=DIRECTION('',(0.,0.,1.));
#8403=DIRECTION('center_axis',(0.,0.,1.));
#8404=DIRECTION('ref_axis',(0.987688340595138,-0.156434465040232,0.));
#8405=CARTESIAN_POINT('',(0.,0.,0.));
#8406=CARTESIAN_POINT('Origin',(0.,-23.,0.));
#8407=CARTESIAN_POINT('',(-1.90984648704478,-23.0015174087438,7.099952680879));
#8408=CARTESIAN_POINT('',(-1.90580351894867,-22.9999747956341,7.42088065245434));
#8409=CARTESIAN_POINT('',(-1.90881,-23.,0.));
#8410=CARTESIAN_POINT('',(1.82548414713731,-22.4421799173117,8.));
#8411=CARTESIAN_POINT('Ctrl Pts',(-1.90580351894867,-22.9999747956341,7.42088065245434));
#8412=CARTESIAN_POINT('Ctrl Pts',(-1.90593157860751,-23.3076172102609,7.44793504412726));
#8413=CARTESIAN_POINT('Ctrl Pts',(-1.83546211682082,-23.6152211723566,7.47498943580018));
#8414=CARTESIAN_POINT('Ctrl Pts',(-1.69403112576298,-23.8858027947369,7.5020438274731));
#8415=CARTESIAN_POINT('Ctrl Pts',(-1.40479307756533,-24.439164542046,7.5573722910872));
#8416=CARTESIAN_POINT('Ctrl Pts',(-0.81876818820636,-24.837685442922,7.6127007547013));
#8417=CARTESIAN_POINT('Ctrl Pts',(-0.197661449624263,-24.9018602570213,
7.6680292183154));
#8418=CARTESIAN_POINT('Ctrl Pts',(0.42344528895784,-24.9660350711206,7.7233576819295));
#8419=CARTESIAN_POINT('Ctrl Pts',(1.07963387676307,-24.6958637984431,7.7786861455436));
#8420=CARTESIAN_POINT('Ctrl Pts',(1.47595146767447,-24.2148077575179,7.8340146091577));
#8421=CARTESIAN_POINT('Ctrl Pts',(1.87226905858587,-23.7337517165927,7.8893430727718));
#8422=CARTESIAN_POINT('Ctrl Pts',(2.00871565260343,-23.0418109074197,7.9446715363859));
#8423=CARTESIAN_POINT('Ctrl Pts',(1.82548414713731,-22.4421799173117,8.));
#8424=CARTESIAN_POINT('',(-1.12477224178038,-21.4581395448596,8.));
#8425=CARTESIAN_POINT('Origin',(0.,-23.,8.));
#8426=CARTESIAN_POINT('Ctrl Pts',(-1.12477224178038,-21.4581395448596,8.));
#8427=CARTESIAN_POINT('Ctrl Pts',(-1.00090086687631,-21.3657777223209,7.9863744835127));
#8428=CARTESIAN_POINT('Ctrl Pts',(-0.866315911141673,-21.2885878156214,
7.97274896702541));
#8429=CARTESIAN_POINT('Ctrl Pts',(-0.724029390723313,-21.2302757305562,
7.95912345053811));
#8430=CARTESIAN_POINT('Ctrl Pts',(-0.146253526220501,-20.9934907191552,
7.90379498692401));
#8431=CARTESIAN_POINT('Ctrl Pts',(0.558512548332274,-21.0679799270964,7.84846652330992));
#8432=CARTESIAN_POINT('Ctrl Pts',(1.07481204000306,-21.4191247305384,7.79313805969582));
#8433=CARTESIAN_POINT('Ctrl Pts',(1.59111153167384,-21.7702695339803,7.73780959608172));
#8434=CARTESIAN_POINT('Ctrl Pts',(1.91894444046264,-22.3980699329231,7.6824811324676));
#8435=CARTESIAN_POINT('Ctrl Pts',(1.91164950647374,-23.0222280720339,7.6271526688535));
#8436=CARTESIAN_POINT('Ctrl Pts',(1.90435457248484,-23.6463862111448,7.5718242052394));
#8437=CARTESIAN_POINT('Ctrl Pts',(1.56193179571825,-24.2669020904236,7.51649574162531));
#8438=CARTESIAN_POINT('Ctrl Pts',(1.03759198121329,-24.6057681271778,7.46116727801121));
#8439=CARTESIAN_POINT('Ctrl Pts',(0.513252166708338,-24.9446341639319,7.40583881439712));
#8440=CARTESIAN_POINT('Ctrl Pts',(-0.193004685534978,-25.0018503581613,
7.35051035078301));
#8441=CARTESIAN_POINT('Ctrl Pts',(-0.765118297324588,-24.7519809575844,
7.29518188716891));
#8442=CARTESIAN_POINT('Ctrl Pts',(-1.33723190911421,-24.5021115570076,7.23985342355481));
#8443=CARTESIAN_POINT('Ctrl Pts',(-1.77520228045012,-23.9451565616244,7.18452495994071));
#8444=CARTESIAN_POINT('Ctrl Pts',(-1.8830445564044,-23.3302657100937,7.12919649632661));
#8445=CARTESIAN_POINT('Ctrl Pts',(-1.90204453947191,-23.2219323532161,7.11944855784407));
#8446=CARTESIAN_POINT('Ctrl Pts',(-1.91079719012754,-23.1118006399283,7.10970061936153));
#8447=CARTESIAN_POINT('Ctrl Pts',(-1.90984648704478,-23.0015174087438,7.099952680879));
#8448=CARTESIAN_POINT('Origin',(0.,-23.,0.));
#8449=CARTESIAN_POINT('',(-1.90599076468911,-22.9994958671295,6.04161934754566));
#8450=CARTESIAN_POINT('',(-1.91054279067045,-22.9987219689778,6.36254731912101));
#8451=CARTESIAN_POINT('',(-1.90881,-23.,0.));
#8452=CARTESIAN_POINT('Ctrl Pts',(-1.91054279067045,-22.9987219689778,6.36254731912101));
#8453=CARTESIAN_POINT('Ctrl Pts',(-1.90634213902851,-23.5396867523915,6.4104087068871));
#8454=CARTESIAN_POINT('Ctrl Pts',(-1.66482168850101,-24.0839341712787,6.45827009465319));
#8455=CARTESIAN_POINT('Ctrl Pts',(-1.25823683233314,-24.4393592922042,6.50613148241928));
#8456=CARTESIAN_POINT('Ctrl Pts',(-0.788218797535042,-24.8502359255097,
6.56145994603338));
#8457=CARTESIAN_POINT('Ctrl Pts',(-0.0976136787172383,-25.0087761453788,
6.61678840964748));
#8458=CARTESIAN_POINT('Ctrl Pts',(0.504543467135238,-24.844012624627,6.67211687326158));
#8459=CARTESIAN_POINT('Ctrl Pts',(1.10670061298771,-24.6792491038752,6.72744533687569));
#8460=CARTESIAN_POINT('Ctrl Pts',(1.62040978587487,-24.1911818425024,6.78277380048979));
#8461=CARTESIAN_POINT('Ctrl Pts',(1.81576888440457,-23.5982606283074,6.83810226410389));
#8462=CARTESIAN_POINT('Ctrl Pts',(2.01112798293427,-23.0053394141123,6.89343072771799));
#8463=CARTESIAN_POINT('Ctrl Pts',(1.88813700710653,-22.307564247095,6.94875919133209));
#8464=CARTESIAN_POINT('Ctrl Pts',(1.50186969402844,-21.8171090642067,7.00408765494619));
#8465=CARTESIAN_POINT('Ctrl Pts',(1.11560238095035,-21.3266538813183,7.05941611856029));
#8466=CARTESIAN_POINT('Ctrl Pts',(0.46605873062191,-21.043518682559,7.11474458217439));
#8467=CARTESIAN_POINT('Ctrl Pts',(-0.156160872596777,-21.0945598125365,
7.17007304578849));
#8468=CARTESIAN_POINT('Ctrl Pts',(-0.778380475815464,-21.1456009425141,
7.22540150940259));
#8469=CARTESIAN_POINT('Ctrl Pts',(-1.3732760319244,-21.5308184012286,7.2807299730167));
#8470=CARTESIAN_POINT('Ctrl Pts',(-1.67449820646069,-22.077528427457,7.3360584366308));
#8471=CARTESIAN_POINT('Ctrl Pts',(-1.82842941793477,-22.3569093753965,7.36433250857198));
#8472=CARTESIAN_POINT('Ctrl Pts',(-1.90566968603715,-22.6784630843941,7.39260658051316));
#8473=CARTESIAN_POINT('Ctrl Pts',(-1.90580351894867,-22.9999747956341,7.42088065245434));
#8474=CARTESIAN_POINT('Ctrl Pts',(-1.90984648704478,-23.0015174087438,7.099952680879));
#8475=CARTESIAN_POINT('Ctrl Pts',(-1.90540108088697,-22.4858424688985,7.05437215574744));
#8476=CARTESIAN_POINT('Ctrl Pts',(-1.68879985323325,-21.9668547152854,7.00879163061587));
#8477=CARTESIAN_POINT('Ctrl Pts',(-1.31565646792531,-21.6129186959098,6.96321110548431));
#8478=CARTESIAN_POINT('Ctrl Pts',(-0.862711922919273,-21.1832892409349,
6.90788264187021));
#8479=CARTESIAN_POINT('Ctrl Pts',(-0.179108652334543,-20.9968570386634,
6.8525541782561));
#8480=CARTESIAN_POINT('Ctrl Pts',(0.429240626280624,-21.1370272745329,6.797225714642));
#8481=CARTESIAN_POINT('Ctrl Pts',(1.03758990489579,-21.2771975104024,6.7418972510279));
#8482=CARTESIAN_POINT('Ctrl Pts',(1.5706851915414,-21.7439701844129,6.6865687874138));
#8483=CARTESIAN_POINT('Ctrl Pts',(1.78996820837152,-22.3284771891464,6.6312403237997));
#8484=CARTESIAN_POINT('Ctrl Pts',(2.00925122520164,-22.9129841938799,6.5759118601856));
#8485=CARTESIAN_POINT('Ctrl Pts',(1.91472197221627,-23.6152255293364,6.5205833965715));
#8486=CARTESIAN_POINT('Ctrl Pts',(1.54868168413006,-24.120943533918,6.4652549329574));
#8487=CARTESIAN_POINT('Ctrl Pts',(1.18264139604384,-24.6266615384995,6.4099264693433));
#8488=CARTESIAN_POINT('Ctrl Pts',(0.545090072856745,-24.9358562122061,6.3545980057292));
#8489=CARTESIAN_POINT('Ctrl Pts',(-0.0786691007524927,-24.9101666484344,
6.29926954211509));
#8490=CARTESIAN_POINT('Ctrl Pts',(-0.702428274361709,-24.8844770846626,
6.243941078501));
#8491=CARTESIAN_POINT('Ctrl Pts',(-1.31239529839307,-24.5239032834126,6.1886126148869));
#8492=CARTESIAN_POINT('Ctrl Pts',(-1.63561123550857,-23.9897997189065,6.1332841512728));
#8493=CARTESIAN_POINT('Ctrl Pts',(-1.81410601319248,-23.6948430473467,6.10272921669709));
#8494=CARTESIAN_POINT('Ctrl Pts',(-1.90514862544644,-23.3469639833157,6.07217428212138));
#8495=CARTESIAN_POINT('Ctrl Pts',(-1.90599076468911,-22.9994958671295,6.04161934754566));
#8496=CARTESIAN_POINT('Origin',(0.,-23.,0.));
#8497=CARTESIAN_POINT('',(-1.91138806064226,-22.9992416807381,4.98328601421233));
#8498=CARTESIAN_POINT('',(-1.90867123562631,-23.0016369494146,5.30421398578767));
#8499=CARTESIAN_POINT('',(-1.90881,-23.,0.));
#8500=CARTESIAN_POINT('Ctrl Pts',(-1.90867123562631,-23.0016369494146,5.30421398578767));
#8501=CARTESIAN_POINT('Ctrl Pts',(-1.909996129991,-23.1527981366801,5.31755390603283));
#8502=CARTESIAN_POINT('Ctrl Pts',(-1.89350612316115,-23.3036738578356,5.330893826278));
#8503=CARTESIAN_POINT('Ctrl Pts',(-1.85807966149582,-23.4499638084701,5.34423374652317));
#8504=CARTESIAN_POINT('Ctrl Pts',(-1.71114537259431,-24.0567139285633,5.39956221013727));
#8505=CARTESIAN_POINT('Ctrl Pts',(-1.23845732792819,-24.5845774786368,5.45489067375137));
#8506=CARTESIAN_POINT('Ctrl Pts',(-0.651542590506708,-24.7973367518356,
5.51021913736547));
#8507=CARTESIAN_POINT('Ctrl Pts',(-0.0646278530852246,-25.0100960250344,
5.56554760097958));
#8508=CARTESIAN_POINT('Ctrl Pts',(0.636513577091619,-24.9077510213585,5.62087606459368));
#8509=CARTESIAN_POINT('Ctrl Pts',(1.1381224562398,-24.5361005444677,5.67620452820778));
#8510=CARTESIAN_POINT('Ctrl Pts',(1.63973133538797,-24.1644500675768,5.73153299182188));
#8511=CARTESIAN_POINT('Ctrl Pts',(1.94180766350748,-23.523494117471,5.78686145543598));
#8512=CARTESIAN_POINT('Ctrl Pts',(1.90917253901391,-22.9000599755291,5.84218991905008));
#8513=CARTESIAN_POINT('Ctrl Pts',(1.87653741452035,-22.2766258335872,5.89751838266418));
#8514=CARTESIAN_POINT('Ctrl Pts',(1.50919083741372,-21.6707134998092,5.95284684627828));
#8515=CARTESIAN_POINT('Ctrl Pts',(0.971520336006394,-21.3534660991888,6.00817530989238));
#8516=CARTESIAN_POINT('Ctrl Pts',(0.433849834599054,-21.0362186985684,6.06350377350648));
#8517=CARTESIAN_POINT('Ctrl Pts',(-0.274144591108994,-21.0076362311057,
6.11883223712058));
#8518=CARTESIAN_POINT('Ctrl Pts',(-0.835638095941519,-21.280512131003,6.17416070073468));
#8519=CARTESIAN_POINT('Ctrl Pts',(-1.39713160077404,-21.5533880309003,6.22948916434878));
#8520=CARTESIAN_POINT('Ctrl Pts',(-1.81212418473104,-22.1277222981577,6.28481762796288));
#8521=CARTESIAN_POINT('Ctrl Pts',(-1.89490500132034,-22.7464959551572,6.34014609157698));
#8522=CARTESIAN_POINT('Ctrl Pts',(-1.90607702013047,-22.8300050484476,6.34761316742499));
#8523=CARTESIAN_POINT('Ctrl Pts',(-1.91119815370704,-22.9143235581212,6.355080243273));
#8524=CARTESIAN_POINT('Ctrl Pts',(-1.91054279067045,-22.9987219689778,6.36254731912101));
#8525=CARTESIAN_POINT('Ctrl Pts',(-1.90599076468911,-22.9994958671295,6.04161934754566));
#8526=CARTESIAN_POINT('Ctrl Pts',(-1.90667355983407,-22.7177734027949,6.01684581850727));
#8527=CARTESIAN_POINT('Ctrl Pts',(-1.84806083895383,-22.436321085209,5.99207228946888));
#8528=CARTESIAN_POINT('Ctrl Pts',(-1.72868777991753,-22.1835650838946,5.96729876043049));
#8529=CARTESIAN_POINT('Ctrl Pts',(-1.46208353701136,-21.6190673411506,5.91197029681639));
#8530=CARTESIAN_POINT('Ctrl Pts',(-0.892410200999423,-21.1977051834247,
5.85664183320229));
#8531=CARTESIAN_POINT('Ctrl Pts',(-0.274595503312329,-21.1080369294395,
5.80131336958819));
#8532=CARTESIAN_POINT('Ctrl Pts',(0.343219194374774,-21.0183686754544,5.74598490597409));
#8533=CARTESIAN_POINT('Ctrl Pts',(1.00917525373703,-21.26039432521,5.69065644235999));
#8534=CARTESIAN_POINT('Ctrl Pts',(1.42525865770445,-21.7258080911655,5.63532797874589));
#8535=CARTESIAN_POINT('Ctrl Pts',(1.84134206167186,-22.191221857121,5.57999951513179));
#8536=CARTESIAN_POINT('Ctrl Pts',(2.00755281024442,-22.8800237392764,5.52467105151769));
#8537=CARTESIAN_POINT('Ctrl Pts',(1.84951191122943,-23.4839761331414,5.46934258790359));
#8538=CARTESIAN_POINT('Ctrl Pts',(1.69147101221444,-24.0879285270063,5.41401412428949));
#8539=CARTESIAN_POINT('Ctrl Pts',(1.20917846561189,-24.6070314325809,5.35868566067539));
#8540=CARTESIAN_POINT('Ctrl Pts',(0.618459245357497,-24.8089873736218,5.30335719706128));
#8541=CARTESIAN_POINT('Ctrl Pts',(0.027740025103104,-25.0109433146628,5.24802873344719));
#8542=CARTESIAN_POINT('Ctrl Pts',(-0.671405868803129,-24.8957522911702,
5.19270026983308));
#8543=CARTESIAN_POINT('Ctrl Pts',(-1.16611202029306,-24.5149620311111,5.13737180621898));
#8544=CARTESIAN_POINT('Ctrl Pts',(-1.62535237136293,-24.1614708683535,5.0860098755501));
#8545=CARTESIAN_POINT('Ctrl Pts',(-1.90841508397818,-23.5790973673549,5.03464794488121));
#8546=CARTESIAN_POINT('Ctrl Pts',(-1.91138806064226,-22.9992416807381,4.98328601421233));
#8547=CARTESIAN_POINT('Origin',(0.,-23.,0.));
#8548=CARTESIAN_POINT('',(-1.90758022405564,-23.0015139372624,3.92495268087899));
#8549=CARTESIAN_POINT('',(-1.9065115893906,-22.9989407368849,4.24588065245434));
#8550=CARTESIAN_POINT('',(-1.90881,-23.,0.));
#8551=CARTESIAN_POINT('Ctrl Pts',(-1.9065115893906,-22.9989407368849,4.24588065245434));
#8552=CARTESIAN_POINT('Ctrl Pts',(-1.90450085810844,-23.3869900375561,4.28002756879268));
#8553=CARTESIAN_POINT('Ctrl Pts',(-1.78912982191691,-23.7761380717437,4.31417448513102));
#8554=CARTESIAN_POINT('Ctrl Pts',(-1.56898568505983,-24.0923421189482,4.34832140146936));
#8555=CARTESIAN_POINT('Ctrl Pts',(-1.21228475355349,-24.6046895282146,4.40364986508346));
#8556=CARTESIAN_POINT('Ctrl Pts',(-0.580513309290085,-24.9255303410884,
4.45897832869756));
#8557=CARTESIAN_POINT('Ctrl Pts',(0.0436121622240249,-24.911288925881,4.51430679231166));
#8558=CARTESIAN_POINT('Ctrl Pts',(0.66773763373813,-24.8970475106736,4.56963525592576));
#8559=CARTESIAN_POINT('Ctrl Pts',(1.28421713250294,-24.5477238673851,4.62496371953987));
#8560=CARTESIAN_POINT('Ctrl Pts',(1.61717729349557,-24.0196396350765,4.68029218315397));
#8561=CARTESIAN_POINT('Ctrl Pts',(1.95013745448821,-23.4915554027678,4.73562064676806));
#8562=CARTESIAN_POINT('Ctrl Pts',(1.99957827770866,-22.784710581439,4.79094911038216));
#8563=CARTESIAN_POINT('Ctrl Pts',(1.74337508540383,-22.2154168579581,4.84627757399626));
#8564=CARTESIAN_POINT('Ctrl Pts',(1.487171893099,-21.6461231344772,4.90160603761036));
#8565=CARTESIAN_POINT('Ctrl Pts',(0.925324685268871,-21.2143805088442,4.95693450122446));
#8566=CARTESIAN_POINT('Ctrl Pts',(0.309258999002159,-21.1133929335178,5.01226296483857));
#8567=CARTESIAN_POINT('Ctrl Pts',(-0.306806687264549,-21.0124053581913,
5.06759142845267));
#8568=CARTESIAN_POINT('Ctrl Pts',(-0.977090851967842,-21.2421728331712,
5.12291989206677));
#8569=CARTESIAN_POINT('Ctrl Pts',(-1.40164266775104,-21.6998749157176,5.17824835568087));
#8570=CARTESIAN_POINT('Ctrl Pts',(-1.72383329378588,-22.047223142791,5.2202368990498));
#8571=CARTESIAN_POINT('Ctrl Pts',(-1.90450101695417,-22.525844144769,5.26222544241874));
#8572=CARTESIAN_POINT('Ctrl Pts',(-1.90867123562631,-23.0016369494146,5.30421398578767));
#8573=CARTESIAN_POINT('Ctrl Pts',(-1.91138806064226,-22.9992416807381,4.98328601421233));
#8574=CARTESIAN_POINT('Ctrl Pts',(-1.91161765500778,-22.9544611077635,4.97931948126711));
#8575=CARTESIAN_POINT('Ctrl Pts',(-1.91017678720205,-22.9096955510967,4.9753529483219));
#8576=CARTESIAN_POINT('Ctrl Pts',(-1.90701759693927,-22.8650515900263,4.97138641537668));
#8577=CARTESIAN_POINT('Ctrl Pts',(-1.86295061302194,-22.2423209056261,4.91605795176258));
#8578=CARTESIAN_POINT('Ctrl Pts',(-1.48455023611366,-21.6432490334513,4.86072948814848));
#8579=CARTESIAN_POINT('Ctrl Pts',(-0.941149894256487,-21.3359194551352,
4.80540102453438));
#8580=CARTESIAN_POINT('Ctrl Pts',(-0.397749552399313,-21.0285898768192,
4.75007256092028));
#8581=CARTESIAN_POINT('Ctrl Pts',(0.310650754406758,-21.0130025923618,4.69474409730618));
#8582=CARTESIAN_POINT('Ctrl Pts',(0.867043276675493,-21.2961328850229,4.63941563369208));
#8583=CARTESIAN_POINT('Ctrl Pts',(1.42343579894424,-21.5792631776839,4.58408717007798));
#8584=CARTESIAN_POINT('Ctrl Pts',(1.82782053667564,-22.1611110474634,4.52875870646388));
#8585=CARTESIAN_POINT('Ctrl Pts',(1.89923611165297,-22.7813007102363,4.47343024284978));
#8586=CARTESIAN_POINT('Ctrl Pts',(1.97065168663029,-23.4014903730092,4.41810177923567));
#8587=CARTESIAN_POINT('Ctrl Pts',(1.70909809885355,-24.0600218287756,4.36277331562157));
#8588=CARTESIAN_POINT('Ctrl Pts',(1.23162006662605,-24.4622035419894,4.30744485200747));
#8589=CARTESIAN_POINT('Ctrl Pts',(0.754142034398544,-24.8643852552032,4.25211638839337));
#8590=CARTESIAN_POINT('Ctrl Pts',(0.0607395577202736,-25.0102172258645,
4.19678792477927));
#8591=CARTESIAN_POINT('Ctrl Pts',(-0.538291113288134,-24.8344399321981,
4.14145946116517));
#8592=CARTESIAN_POINT('Ctrl Pts',(-1.13732178429655,-24.6586626385317,4.08613099755107));
#8593=CARTESIAN_POINT('Ctrl Pts',(-1.64198064963509,-24.1612760805377,4.03080253393697));
#8594=CARTESIAN_POINT('Ctrl Pts',(-1.82643385551165,-23.5648597689753,3.97547407032287));
#8595=CARTESIAN_POINT('Ctrl Pts',(-1.88257634010606,-23.3833270413405,3.95863360717491));
#8596=CARTESIAN_POINT('Ctrl Pts',(-1.90905413261112,-23.1926199376119,3.94179314402695));
#8597=CARTESIAN_POINT('Ctrl Pts',(-1.90758022405564,-23.0015139372624,3.92495268087899));
#8598=CARTESIAN_POINT('Origin',(0.,-23.,0.));
#8599=CARTESIAN_POINT('',(-1.90734286823044,-22.9985503399937,2.86661934754566));
#8600=CARTESIAN_POINT('',(-1.91178244329487,-22.9999250641987,3.187547319121));
#8601=CARTESIAN_POINT('',(-1.90881,-23.,0.));
#8602=CARTESIAN_POINT('Ctrl Pts',(-1.91178244329487,-22.9999250641987,3.187547319121));
#8603=CARTESIAN_POINT('Ctrl Pts',(-1.91141847453632,-23.6199903304755,3.24250123155252));
#8604=CARTESIAN_POINT('Ctrl Pts',(-1.58140415807187,-24.2403889932384,3.29745514398403));
#8605=CARTESIAN_POINT('Ctrl Pts',(-1.06687235514759,-24.5864144353514,3.35240905641555));
#8606=CARTESIAN_POINT('Ctrl Pts',(-0.548833640945566,-24.9347982944144,
3.40773752002965));
#8607=CARTESIAN_POINT('Ctrl Pts',(0.156246375094452,-25.0050560779251,3.46306598364375));
#8608=CARTESIAN_POINT('Ctrl Pts',(0.732845766791769,-24.765747565443,3.51839444725785));
#8609=CARTESIAN_POINT('Ctrl Pts',(1.3094451584891,-24.5264390529609,3.57372291087195));
#8610=CARTESIAN_POINT('Ctrl Pts',(1.75756392584373,-23.9775642444861,3.62905137448605));
#8611=CARTESIAN_POINT('Ctrl Pts',(1.87666979824557,-23.3647435416085,3.68437983810015));
#8612=CARTESIAN_POINT('Ctrl Pts',(1.99577567064741,-22.7519228387309,3.73970830171425));
#8613=CARTESIAN_POINT('Ctrl Pts',(1.78586864809648,-22.0751562414506,3.79503676532835));
#8614=CARTESIAN_POINT('Ctrl Pts',(1.34088171192881,-21.6372954767345,3.85036522894245));
#8615=CARTESIAN_POINT('Ctrl Pts',(0.895894775761141,-21.1994347120184,3.90569369255655));
#8616=CARTESIAN_POINT('Ctrl Pts',(0.215827925976734,-21.0004797798665,3.96102215617065));
#8617=CARTESIAN_POINT('Ctrl Pts',(-0.394990253958304,-21.129462622232,4.01635061978475));
#8618=CARTESIAN_POINT('Ctrl Pts',(-1.00580843389335,-21.2584454645975,4.07167908339886));
#8619=CARTESIAN_POINT('Ctrl Pts',(-1.54737794397902,-21.7153660814805,4.12700754701295));
#8620=CARTESIAN_POINT('Ctrl Pts',(-1.77734748964722,-22.2957533927515,4.18233601062706));
#8621=CARTESIAN_POINT('Ctrl Pts',(-1.86538736072571,-22.5179446568662,4.20351755790282));
#8622=CARTESIAN_POINT('Ctrl Pts',(-1.90775885866932,-22.7582313115872,4.22469910517858));
#8623=CARTESIAN_POINT('Ctrl Pts',(-1.9065115893906,-22.9989407368849,4.24588065245434));
#8624=CARTESIAN_POINT('Ctrl Pts',(-1.90758022405564,-23.0015139372624,3.92495268087899));
#8625=CARTESIAN_POINT('Ctrl Pts',(-1.90421168290142,-22.5647511376939,3.88646468041285));
#8626=CARTESIAN_POINT('Ctrl Pts',(-1.75484380643522,-22.1259047926062,3.84797667994671));
#8627=CARTESIAN_POINT('Ctrl Pts',(-1.47992545184896,-21.7897323254272,3.80948867948057));
#8628=CARTESIAN_POINT('Ctrl Pts',(-1.08471629589514,-21.3064672585724,3.75416021586647));
#8629=CARTESIAN_POINT('Ctrl Pts',(-0.430050437572914,-21.0353831899937,
3.69883175225237));
#8630=CARTESIAN_POINT('Ctrl Pts',(0.191110433806066,-21.0977897094869,3.64350328863826));
#8631=CARTESIAN_POINT('Ctrl Pts',(0.812271305185037,-21.1601962289801,3.58817482502416));
#8632=CARTESIAN_POINT('Ctrl Pts',(1.39992718962077,-21.5560933365453,3.53284636141006));
#8633=CARTESIAN_POINT('Ctrl Pts',(1.69110322985661,-22.1083178519443,3.47751789779597));
#8634=CARTESIAN_POINT('Ctrl Pts',(1.98227927009245,-22.6605423673433,3.42218943418187));
#8635=CARTESIAN_POINT('Ctrl Pts',(1.9769754661284,-23.3690942905763,3.36686097056776));
#8636=CARTESIAN_POINT('Ctrl Pts',(1.67756525985153,-23.9168980238465,3.31153250695366));
#8637=CARTESIAN_POINT('Ctrl Pts',(1.37815505357466,-24.4647017571167,3.25620404333956));
#8638=CARTESIAN_POINT('Ctrl Pts',(0.784638444984946,-24.8517573004242,3.20087557972546));
#8639=CARTESIAN_POINT('Ctrl Pts',(0.162612953914685,-24.9048580562426,3.14554711611136));
#8640=CARTESIAN_POINT('Ctrl Pts',(-0.459412537155579,-24.9579588120609,
3.09021865249726));
#8641=CARTESIAN_POINT('Ctrl Pts',(-1.1099469107064,-24.6771047803901,3.03489018888316));
#8642=CARTESIAN_POINT('Ctrl Pts',(-1.4978773087625,-24.1879775903142,2.97956172526906));
#8643=CARTESIAN_POINT('Ctrl Pts',(-1.76183898228874,-23.8551580115789,2.94191426602792));
#8644=CARTESIAN_POINT('Ctrl Pts',(-1.90421693815881,-23.425909485646,2.90426680678679));
#8645=CARTESIAN_POINT('Ctrl Pts',(-1.90734286823044,-22.9985503399937,2.86661934754566));
#8646=CARTESIAN_POINT('Origin',(0.,-23.,0.));
#8647=CARTESIAN_POINT('',(-1.9115318263581,-23.000607865022,1.80828601421232));
#8648=CARTESIAN_POINT('',(-1.90666530783881,-23.0011577343027,2.12921398578767));
#8649=CARTESIAN_POINT('',(-1.90881,-23.,0.));
#8650=CARTESIAN_POINT('Ctrl Pts',(-1.90666530783881,-23.0011577343027,2.12921398578767));
#8651=CARTESIAN_POINT('Ctrl Pts',(-1.9079872350086,-23.2333071355181,2.14964643069826));
#8652=CARTESIAN_POINT('Ctrl Pts',(-1.86864422559947,-23.4650240558393,2.17007887560885));
#8653=CARTESIAN_POINT('Ctrl Pts',(-1.78658505627521,-23.6804713215607,2.19051132051943));
#8654=CARTESIAN_POINT('Ctrl Pts',(-1.5643792564295,-24.2638751312561,2.24583978413353));
#8655=CARTESIAN_POINT('Ctrl Pts',(-1.02895398556422,-24.7279804689561,2.30116824774763));
#8656=CARTESIAN_POINT('Ctrl Pts',(-0.419911003635252,-24.8651011050062,
2.35649671136173));
#8657=CARTESIAN_POINT('Ctrl Pts',(0.189131978293717,-25.0022217410563,2.41182517497584));
#8658=CARTESIAN_POINT('Ctrl Pts',(0.871792671286377,-24.8123576754565,2.46715363858994));
#8659=CARTESIAN_POINT('Ctrl Pts',(1.32258175232885,-24.3804727057155,2.52248210220404));
#8660=CARTESIAN_POINT('Ctrl Pts',(1.77337083337132,-23.9485877359745,2.57781056581814));
#8661=CARTESIAN_POINT('Ctrl Pts',(1.9922883024636,-23.2746818620924,2.63313902943224));
#8662=CARTESIAN_POINT('Ctrl Pts',(1.88136902098514,-22.6603266426436,2.68846749304634));
#8663=CARTESIAN_POINT('Ctrl Pts',(1.77044973950669,-22.0459714231948,2.74379595666044));
#8664=CARTESIAN_POINT('Ctrl Pts',(1.3296937074575,-21.4911668581792,2.79912442027454));
#8665=CARTESIAN_POINT('Ctrl Pts',(0.756338385872681,-21.2441869037695,2.85445288388864));
#8666=CARTESIAN_POINT('Ctrl Pts',(0.182983064287865,-20.9972069493598,2.90978134750274));
#8667=CARTESIAN_POINT('Ctrl Pts',(-0.522971546832582,-21.0580516055559,
2.96510981111684));
#8668=CARTESIAN_POINT('Ctrl Pts',(-1.04561214174692,-21.3994930078717,3.02043827473094));
#8669=CARTESIAN_POINT('Ctrl Pts',(-1.56825273666126,-21.7409344101874,3.07576673834504));
#8670=CARTESIAN_POINT('Ctrl Pts',(-1.90757931536949,-22.3629725586226,3.13109520195914));
#8671=CARTESIAN_POINT('Ctrl Pts',(-1.91174389854159,-22.9872466001478,3.18642366557324));
#8672=CARTESIAN_POINT('Ctrl Pts',(-1.91177209107487,-22.9914726813588,3.18679821675583));
#8673=CARTESIAN_POINT('Ctrl Pts',(-1.91178492400867,-22.9956988650349,3.18717276793842));
#8674=CARTESIAN_POINT('Ctrl Pts',(-1.91178244329487,-22.9999250641987,3.187547319121));
#8675=CARTESIAN_POINT('Ctrl Pts',(-1.90734286823044,-22.9985503399937,2.86661934754566));
#8676=CARTESIAN_POINT('Ctrl Pts',(-1.90881095092128,-22.7978425345955,2.84893834317269));
#8677=CARTESIAN_POINT('Ctrl Pts',(-1.87956449177249,-22.5975514660409,2.83125733879972));
#8678=CARTESIAN_POINT('Ctrl Pts',(-1.81777324782723,-22.4078618348085,2.81357633442675));
#8679=CARTESIAN_POINT('Ctrl Pts',(-1.62441236627446,-21.8142736178599,2.75824787081265));
#8680=CARTESIAN_POINT('Ctrl Pts',(-1.11236418060754,-21.3244975324437,2.70291940719855));
#8681=CARTESIAN_POINT('Ctrl Pts',(-0.510769250968846,-21.1577074175072,
2.64759094358445));
#8682=CARTESIAN_POINT('Ctrl Pts',(0.0908256786698648,-20.9909173025706,
2.59226247997035));
#8683=CARTESIAN_POINT('Ctrl Pts',(0.781967352280362,-21.1471131581136,2.53693401635625));
#8684=CARTESIAN_POINT('Ctrl Pts',(1.25337122464135,-21.5563976446447,2.48160555274215));
#8685=CARTESIAN_POINT('Ctrl Pts',(1.72477509700232,-21.9656821311757,2.42627708912805));
#8686=CARTESIAN_POINT('Ctrl Pts',(1.97644116811379,-22.6280552486947,2.37094862551395));
#8687=CARTESIAN_POINT('Ctrl Pts',(1.89574936410171,-23.2471063246337,2.31562016189985));
#8688=CARTESIAN_POINT('Ctrl Pts',(1.81505756008963,-23.8661574005726,2.26029169828575));
#8689=CARTESIAN_POINT('Ctrl Pts',(1.40200788095398,-24.4418864349315,2.20496323467165));
#8690=CARTESIAN_POINT('Ctrl Pts',(0.841439249046785,-24.7166558122266,2.14963477105755));
#8691=CARTESIAN_POINT('Ctrl Pts',(0.280870617139598,-24.9914251895218,2.09430630744345));
#8692=CARTESIAN_POINT('Ctrl Pts',(-0.427216967539128,-24.9652349097532,
2.03897784382935));
#8693=CARTESIAN_POINT('Ctrl Pts',(-0.965955697709489,-24.64980507236,1.98364938021525));
#8694=CARTESIAN_POINT('Ctrl Pts',(-1.50469442787985,-24.3343752349669,1.92832091660115));
#8695=CARTESIAN_POINT('Ctrl Pts',(-1.87408430354185,-23.7297058399492,1.87299245298704));
#8696=CARTESIAN_POINT('Ctrl Pts',(-1.90882407896054,-23.1063852561694,1.81766398937294));
#8697=CARTESIAN_POINT('Ctrl Pts',(-1.91078683453384,-23.0711683920699,1.81453799765274));
#8698=CARTESIAN_POINT('Ctrl Pts',(-1.91168134875728,-23.0358919912453,1.81141200593253));
#8699=CARTESIAN_POINT('Ctrl Pts',(-1.9115318263581,-23.000607865022,1.80828601421232));
#8700=CARTESIAN_POINT('Origin',(0.,-23.,0.));
#8701=CARTESIAN_POINT('',(-1.90607866909666,-23.0006439960814,0.74995268087899));
#8702=CARTESIAN_POINT('',(-1.90842778243554,-22.9983688002669,1.07088065245434));
#8703=CARTESIAN_POINT('',(-1.90881,-23.,0.));
#8704=CARTESIAN_POINT('Ctrl Pts',(-1.90842778243554,-22.9983688002669,1.07088065245434));
#8705=CARTESIAN_POINT('Ctrl Pts',(-1.90439384795608,-23.4658257680849,1.1121200934581));
#8706=CARTESIAN_POINT('Ctrl Pts',(-1.73072651085427,-23.9359664610168,1.15335953446186));
#8707=CARTESIAN_POINT('Ctrl Pts',(-1.41886363335331,-24.2813092401277,1.19459897546562));
#8708=CARTESIAN_POINT('Ctrl Pts',(-1.00045607373516,-24.7446347586934,1.24992743907972));
#8709=CARTESIAN_POINT('Ctrl Pts',(-0.333297013010186,-24.9833244582716,
1.30525590269382));
#8710=CARTESIAN_POINT('Ctrl Pts',(0.284061177425009,-24.8905651621224,1.36058436630792));
#8711=CARTESIAN_POINT('Ctrl Pts',(0.901419367860203,-24.7978058659731,1.41591282992202));
#8712=CARTESIAN_POINT('Ctrl Pts',(1.46897668800562,-24.3735975740964,1.47124129353612));
#8713=CARTESIAN_POINT('Ctrl Pts',(1.73275234797667,-23.8077726681175,1.52656975715023));
#8714=CARTESIAN_POINT('Ctrl Pts',(1.99652800794772,-23.2419477621385,1.58189822076433));
#8715=CARTESIAN_POINT('Ctrl Pts',(1.95652200774441,-22.5345062420572,1.63722668437843));
#8716=CARTESIAN_POINT('Ctrl Pts',(1.63063695450159,-22.0020268014806,1.69255514799253));
#8717=CARTESIAN_POINT('Ctrl Pts',(1.30475190125877,-21.469547360904,1.74788361160663));
#8718=CARTESIAN_POINT('Ctrl Pts',(0.692987794976453,-21.1120299998321,1.80321207522073));
#8719=CARTESIAN_POINT('Ctrl Pts',(0.0691078747574004,-21.0894630375834,
1.85854053883483));
#8720=CARTESIAN_POINT('Ctrl Pts',(-0.554772045461657,-21.0668960753348,
1.91386900244893));
#8721=CARTESIAN_POINT('Ctrl Pts',(-1.19076777961745,-21.3792795119095,1.96919746606303));
#8722=CARTESIAN_POINT('Ctrl Pts',(-1.55427248228227,-21.8868223710421,2.02452592967713));
#8723=CARTESIAN_POINT('Ctrl Pts',(-1.78353724176446,-22.2069329244213,2.05942194838065));
#8724=CARTESIAN_POINT('Ctrl Pts',(-1.90440762426528,-22.6046760659427,2.09431796708416));
#8725=CARTESIAN_POINT('Ctrl Pts',(-1.90666530783881,-23.0011577343027,2.12921398578767));
#8726=CARTESIAN_POINT('Ctrl Pts',(-1.9115318263581,-23.000607865022,1.80828601421232));
#8727=CARTESIAN_POINT('Ctrl Pts',(-1.90903487833676,-22.4113809020827,1.75608354231843));
#8728=CARTESIAN_POINT('Ctrl Pts',(-1.61538429115547,-21.8199995339585,1.70388107042454));
#8729=CARTESIAN_POINT('Ctrl Pts',(-1.14330238720964,-21.4677510513858,1.65167859853064));
#8730=CARTESIAN_POINT('Ctrl Pts',(-0.642951244864661,-21.0944092029238,
1.59635013491654));
#8731=CARTESIAN_POINT('Ctrl Pts',(0.0578407150006875,-20.9896972785419,
1.54102167130244));
#8732=CARTESIAN_POINT('Ctrl Pts',(0.645470462572536,-21.2004736553185,1.48569320768834));
#8733=CARTESIAN_POINT('Ctrl Pts',(1.23310021014439,-21.4112500320951,1.43036474407424));
#8734=CARTESIAN_POINT('Ctrl Pts',(1.70756774542274,-21.9375147100303,1.37503628046014));
#8735=CARTESIAN_POINT('Ctrl Pts',(1.85654977648539,-22.5437652842862,1.31970781684604));
#8736=CARTESIAN_POINT('Ctrl Pts',(2.00553180754805,-23.150015858542,1.26437935323194));
#8737=CARTESIAN_POINT('Ctrl Pts',(1.82902833439502,-23.8362523291185,1.20905088961784));
#8738=CARTESIAN_POINT('Ctrl Pts',(1.40602431402324,-24.2953852044685,1.15372242600374));
#8739=CARTESIAN_POINT('Ctrl Pts',(0.98302029365145,-24.7545180798184,1.09839396238964));
#8740=CARTESIAN_POINT('Ctrl Pts',(0.31351572606091,-24.9865473599419,1.04306549877553));
#8741=CARTESIAN_POINT('Ctrl Pts',(-0.30288740313167,-24.8876404258003,0.987737035161433));
#8742=CARTESIAN_POINT('Ctrl Pts',(-0.919290532324246,-24.7887334916587,
0.932408571547332));
#8743=CARTESIAN_POINT('Ctrl Pts',(-1.48259222311886,-24.358890343252,0.877080107933232));
#8744=CARTESIAN_POINT('Ctrl Pts',(-1.74071607798556,-23.7904648904743,0.821751644319132));
#8745=CARTESIAN_POINT('Ctrl Pts',(-1.85237063459777,-23.5445856712532,0.797818656505751));
#8746=CARTESIAN_POINT('Ctrl Pts',(-1.90692341640077,-23.2727763397987,0.773885668692371));
#8747=CARTESIAN_POINT('Ctrl Pts',(-1.90607866909666,-23.0006439960814,0.74995268087899));
#8748=CARTESIAN_POINT('Origin',(0.,-23.,0.));
#8749=CARTESIAN_POINT('',(-1.90957645152118,-22.9984404565642,-0.308380652454343));
#8750=CARTESIAN_POINT('',(-1.91075084259155,-23.0011842232597,0.0125473191210049));
#8751=CARTESIAN_POINT('',(-1.90881,-23.,0.));
#8752=CARTESIAN_POINT('Ctrl Pts',(-1.91075084259155,-23.0011842232597,0.0125473191210049));
#8753=CARTESIAN_POINT('Ctrl Pts',(-1.91130793060562,-23.0770943292032,0.0192652926038395));
#8754=CARTESIAN_POINT('Ctrl Pts',(-1.9071658920653,-23.1529431653259,0.0259832660866741));
#8755=CARTESIAN_POINT('Ctrl Pts',(-1.89811785130224,-23.2282021706271,0.0327012395695087));
#8756=CARTESIAN_POINT('Ctrl Pts',(-1.82359921924499,-23.8480267571754,0.0880297031836093));
#8757=CARTESIAN_POINT('Ctrl Pts',(-1.41630735000868,-24.427843226536,0.14335816679771));
#8758=CARTESIAN_POINT('Ctrl Pts',(-0.858504718329824,-24.7081852344955,
0.198686630411811));
#8759=CARTESIAN_POINT('Ctrl Pts',(-0.300702086650973,-24.988527242455,0.254015094025912));
#8760=CARTESIAN_POINT('Ctrl Pts',(0.407611307470406,-24.9693947890133,0.309343557640012));
#8761=CARTESIAN_POINT('Ctrl Pts',(0.949466690277437,-24.6593494090911,0.364672021254112));
#8762=CARTESIAN_POINT('Ctrl Pts',(1.49132207308447,-24.3493040291689,0.420000484868213));
#8763=CARTESIAN_POINT('Ctrl Pts',(1.86671944457714,-23.7483457227661,0.475328948482314));
#8764=CARTESIAN_POINT('Ctrl Pts',(1.90766917376581,-23.1254022579705,0.530657412096415));
#8765=CARTESIAN_POINT('Ctrl Pts',(1.94861890295448,-22.5024587931749,0.585985875710515));
#8766=CARTESIAN_POINT('Ctrl Pts',(1.65512098983916,-21.8575301699866,0.641314339324615));
#8767=CARTESIAN_POINT('Ctrl Pts',(1.15851519752884,-21.4792206311041,0.696642802938716));
#8768=CARTESIAN_POINT('Ctrl Pts',(0.661909405218527,-21.1009110922217,0.751971266552816));
#8769=CARTESIAN_POINT('Ctrl Pts',(-0.0378042662867734,-20.9892206376452,
0.807299730166917));
#8770=CARTESIAN_POINT('Ctrl Pts',(-0.627505330739762,-21.1941305542547,
0.862628193781018));
#8771=CARTESIAN_POINT('Ctrl Pts',(-1.21720639519276,-21.3990404708643,0.917956657395119));
#8772=CARTESIAN_POINT('Ctrl Pts',(-1.69689485259344,-21.9205507586598,0.973285121009219));
#8773=CARTESIAN_POINT('Ctrl Pts',(-1.85191105203811,-22.5252865713343,1.02861358462332));
#8774=CARTESIAN_POINT('Ctrl Pts',(-1.89138488876305,-22.6792784948671,1.04270260723366));
#8775=CARTESIAN_POINT('Ctrl Pts',(-1.90980593385337,-22.8386670286462,1.056791629844));
#8776=CARTESIAN_POINT('Ctrl Pts',(-1.90842778243554,-22.9983688002669,1.07088065245434));
#8777=CARTESIAN_POINT('Ctrl Pts',(-1.90607866909666,-23.0006439960814,0.74995268087899));
#8778=CARTESIAN_POINT('Ctrl Pts',(-1.90497052314553,-22.6436587137426,0.71855720507827));
#8779=CARTESIAN_POINT('Ctrl Pts',(-1.80853213564926,-22.2861175792289,0.68716172927755));
#8780=CARTESIAN_POINT('Ctrl Pts',(-1.62061068793408,-21.9858263166229,0.65576625347683));
#8781=CARTESIAN_POINT('Ctrl Pts',(-1.28943542407713,-21.4566209526977,0.600437789862729));
#8782=CARTESIAN_POINT('Ctrl Pts',(-0.674138877424437,-21.1052179819957,
0.545109326248629));
#8783=CARTESIAN_POINT('Ctrl Pts',(-0.0500650692789209,-21.0888693295219,
0.489780862634529));
#8784=CARTESIAN_POINT('Ctrl Pts',(0.574008738866593,-21.0725206770482,0.434452399020428));
#8785=CARTESIAN_POINT('Ctrl Pts',(1.20685980850493,-21.3912263428027,0.379123935406327));
#8786=CARTESIAN_POINT('Ctrl Pts',(1.56528856802957,-21.9023665860278,0.323795471792226));
#8787=CARTESIAN_POINT('Ctrl Pts',(1.9237173275542,-22.4135068292529,0.268467008178125));
#8788=CARTESIAN_POINT('Ctrl Pts',(2.00772377696513,-23.1170816499486,0.213138544564025));
#8789=CARTESIAN_POINT('Ctrl Pts',(1.77971511200291,-23.6982418759841,0.157810080949924));
#8790=CARTESIAN_POINT('Ctrl Pts',(1.55170644704069,-24.2794021020196,0.102481617335823));
#8791=CARTESIAN_POINT('Ctrl Pts',(1.01168266770531,-24.7381477333949,0.0471531537217228));
#8792=CARTESIAN_POINT('Ctrl Pts',(0.401303518390424,-24.8691925899521,-0.00817530989237771));
#8793=CARTESIAN_POINT('Ctrl Pts',(-0.209075630924469,-25.0002374465092,
-0.0635037735064784));
#8794=CARTESIAN_POINT('Ctrl Pts',(-0.889810150218879,-24.8035815282481,
-0.118832237120579));
#8795=CARTESIAN_POINT('Ctrl Pts',(-1.33627298844053,-24.3672248773909,-0.17416070073468));
#8796=CARTESIAN_POINT('Ctrl Pts',(-1.69729404147806,-24.0143759410273,-0.218900684641234));
#8797=CARTESIAN_POINT('Ctrl Pts',(-1.90513080746098,-23.5047927990566,-0.263640668547788));
#8798=CARTESIAN_POINT('Ctrl Pts',(-1.90957645152118,-22.9984404565642,-0.308380652454343));
#8799=CARTESIAN_POINT('Origin',(0.,-23.,0.));
#8800=CARTESIAN_POINT('',(-1.9096984520262,-23.0015124138477,-1.36671398578768));
#8801=CARTESIAN_POINT('',(-1.90585413426455,-23.00001569934,-1.04578601421233));
#8802=CARTESIAN_POINT('',(-1.90881,-23.,0.));
#8803=CARTESIAN_POINT('',(1.5555964246504,-24.1061986167569,-2.));
#8804=CARTESIAN_POINT('Ctrl Pts',(-1.9096984520262,-23.0015124138477,-1.36671398578768));
#8805=CARTESIAN_POINT('Ctrl Pts',(-1.9052342353588,-22.4911861680879,-1.41182393301615));
#8806=CARTESIAN_POINT('Ctrl Pts',(-1.69354527064244,-21.9776799614521,-1.45693388024462));
#8807=CARTESIAN_POINT('Ctrl Pts',(-1.32721769964468,-21.6241799839075,-1.5020438274731));
#8808=CARTESIAN_POINT('Ctrl Pts',(-0.877907892649434,-21.1906035368745,
-1.5573722910872));
#8809=CARTESIAN_POINT('Ctrl Pts',(-0.195965520157399,-20.9977345073748,
-1.6127007547013));
#8810=CARTESIAN_POINT('Ctrl Pts',(0.413585058833606,-21.1331604387096,-1.6680292183154));
#8811=CARTESIAN_POINT('Ctrl Pts',(1.02313563782461,-21.2685863700444,-1.7233576819295));
#8812=CARTESIAN_POINT('Ctrl Pts',(1.56029442331458,-21.7323072622137,-1.7786861455436));
#8813=CARTESIAN_POINT('Ctrl Pts',(1.78425003800853,-22.3139656067185,-1.8340146091577));
#8814=CARTESIAN_POINT('Ctrl Pts',(2.00820565270248,-22.8956239512233,-1.8893430727718));
#8815=CARTESIAN_POINT('Ctrl Pts',(1.9189580966004,-23.5952197480637,-1.9446715363859));
#8816=CARTESIAN_POINT('Ctrl Pts',(1.55559642465039,-24.1061986167569,-2.));
#8817=CARTESIAN_POINT('',(-1.55444330675754,-24.1073176615565,-2.));
#8818=CARTESIAN_POINT('Origin',(0.,-23.,-2.));
#8819=CARTESIAN_POINT('Ctrl Pts',(-1.55444330675754,-24.1073176615565,-2.));
#8820=CARTESIAN_POINT('Ctrl Pts',(-1.4661144172661,-24.2340962659627,-1.9863744835127));
#8821=CARTESIAN_POINT('Ctrl Pts',(-1.36282582104869,-24.3498669217398,-1.97274896702541));
#8822=CARTESIAN_POINT('Ctrl Pts',(-1.24626381310054,-24.4501617130723,-1.95912345053811));
#8823=CARTESIAN_POINT('Ctrl Pts',(-0.772946209209383,-24.8574238317667,
-1.90379498692401));
#8824=CARTESIAN_POINT('Ctrl Pts',(-0.0807648532120903,-25.0095062100784,
-1.84846652330991));
#8825=CARTESIAN_POINT('Ctrl Pts',(0.520052710064312,-24.839547016244,-1.79313805969581));
#8826=CARTESIAN_POINT('Ctrl Pts',(1.12087027334072,-24.6695878224096,-1.73780959608171));
#8827=CARTESIAN_POINT('Ctrl Pts',(1.63032404389623,-24.1775870564292,-1.68248113246761));
#8828=CARTESIAN_POINT('Ctrl Pts',(1.82067841221568,-23.5831193401714,-1.62715266885351));
#8829=CARTESIAN_POINT('Ctrl Pts',(2.01103278053513,-22.9886516239136,-1.57182420523941));
#8830=CARTESIAN_POINT('Ctrl Pts',(1.88228774661851,-22.2917169573785,-1.51649574162531));
#8831=CARTESIAN_POINT('Ctrl Pts',(1.49193123300333,-21.8044960384339,-1.46116727801121));
#8832=CARTESIAN_POINT('Ctrl Pts',(1.10157471938815,-21.3172751194893,-1.40583881439711));
#8833=CARTESIAN_POINT('Ctrl Pts',(0.449606726074396,-21.0397679481353,-1.35051035078301));
#8834=CARTESIAN_POINT('Ctrl Pts',(-0.172154000124295,-21.096002483178,-1.29518188716891));
#8835=CARTESIAN_POINT('Ctrl Pts',(-0.793914726322987,-21.1522370182207,
-1.23985342355481));
#8836=CARTESIAN_POINT('Ctrl Pts',(-1.38546818540662,-21.5422132596603,-1.1845249599407));
#8837=CARTESIAN_POINT('Ctrl Pts',(-1.68212843316265,-22.0914977406191,-1.1291964963266));
#8838=CARTESIAN_POINT('Ctrl Pts',(-1.8312052535015,-22.367522534983,-1.10139300228851));
#8839=CARTESIAN_POINT('Ctrl Pts',(-1.90581465394708,-22.6837763787419,-1.07358950825042));
#8840=CARTESIAN_POINT('Ctrl Pts',(-1.90585413426455,-23.00001569934,-1.04578601421233));
#8841=CARTESIAN_POINT('Origin',(0.,-23.,-4.30364155134372));
#8842=CARTESIAN_POINT('',(-2.40919939188454,-22.9999681381936,7.71197488467707));
#8843=CARTESIAN_POINT('',(-2.41358907813518,-22.9975123706271,7.86719178198961));
#8844=CARTESIAN_POINT('',(-2.413,-23.0000000000001,-4.30364155134372));
#8845=CARTESIAN_POINT('',(-1.7010080999853,-24.7114731793938,8.));
#8846=CARTESIAN_POINT('Ctrl Pts',(-2.41358907813518,-22.9975123706271,7.86719178198961));
#8847=CARTESIAN_POINT('Ctrl Pts',(-2.40787768542152,-23.6293110085817,7.91146118799308));
#8848=CARTESIAN_POINT('Ctrl Pts',(-2.15082025389041,-24.2644114746142,7.95573059399654));
#8849=CARTESIAN_POINT('Ctrl Pts',(-1.7010080999853,-24.7114731793938,8.));
#8850=CARTESIAN_POINT('',(0.332706668049432,-25.3895821163675,8.00000000000001));
#8851=CARTESIAN_POINT('Origin',(0.,-23.,8.));
#8852=CARTESIAN_POINT('Ctrl Pts',(-2.40919939188454,-22.9999681381936,7.71197488467707));
#8853=CARTESIAN_POINT('Ctrl Pts',(-2.40936127701547,-23.3888707248807,7.73902927634998));
#8854=CARTESIAN_POINT('Ctrl Pts',(-2.13809572778064,-24.5729631758388,7.821412131637));
#8855=CARTESIAN_POINT('Ctrl Pts',(-0.852598407420589,-25.4471539474012,
7.91742050341131));
#8856=CARTESIAN_POINT('Ctrl Pts',(0.139536903449298,-25.4185386207246,7.98637448351271));
#8857=CARTESIAN_POINT('Ctrl Pts',(0.332706668049432,-25.3895821163675,8.));
#8858=CARTESIAN_POINT('Origin',(0.,-23.,-4.30364155134372));
#8859=CARTESIAN_POINT('',(-2.41519048720816,-22.9983843919215,6.65364155134373));
#8860=CARTESIAN_POINT('',(-2.41431026306393,-23.0019182146462,6.80885844865628));
#8861=CARTESIAN_POINT('',(-2.413,-23.0000000000001,-4.30364155134372));
#8862=CARTESIAN_POINT('Ctrl Pts',(-2.41431026306393,-23.0019182146462,6.80885844865628));
#8863=CARTESIAN_POINT('Ctrl Pts',(-2.41551208332822,-23.1413314809473,6.81860638713882));
#8864=CARTESIAN_POINT('Ctrl Pts',(-2.34164601739429,-24.0707637998188,6.88368278923545));
#8865=CARTESIAN_POINT('Ctrl Pts',(-1.13679103245427,-25.6029450762091,7.00408765494618));
#8866=CARTESIAN_POINT('Ctrl Pts',(1.54162816767009,-25.3859575132633,7.1700730457885));
#8867=CARTESIAN_POINT('Ctrl Pts',(2.84023750071704,-23.0327036796708,7.33605843663079));
#8868=CARTESIAN_POINT('Ctrl Pts',(1.59695900431243,-20.6518239232012,7.5020438274731));
#8869=CARTESIAN_POINT('Ctrl Pts',(-1.07580654788373,-20.369329921029,7.66802921831539));
#8870=CARTESIAN_POINT('Ctrl Pts',(-2.32942020264204,-21.8934568059229,7.78974520315424));
#8871=CARTESIAN_POINT('Ctrl Pts',(-2.41501585628197,-22.8396810788561,7.85613272437898));
#8872=CARTESIAN_POINT('Ctrl Pts',(-2.41358907813518,-22.9975123706271,7.86719178198961));
#8873=CARTESIAN_POINT('Ctrl Pts',(-2.41519048720816,-22.9983843919215,6.65364155134373));
#8874=CARTESIAN_POINT('Ctrl Pts',(-2.409880282205,-23.6822387422115,6.70150293910982));
#8875=CARTESIAN_POINT('Ctrl Pts',(-1.7516160913325,-25.1655855397427,6.80469279049001));
#8876=CARTESIAN_POINT('Ctrl Pts',(0.74962324430544,-25.7397878203401,6.96321110548431));
#8877=CARTESIAN_POINT('Ctrl Pts',(2.69782170435652,-23.8888341344952,7.12919649632661));
#8878=CARTESIAN_POINT('Ctrl Pts',(2.23138886189598,-21.2425810060862,7.29518188716891));
#8879=CARTESIAN_POINT('Ctrl Pts',(-0.23195033096635,-20.1688147832464,7.46116727801121));
#8880=CARTESIAN_POINT('Ctrl Pts',(-2.12031511848797,-21.3916026778692,7.6000982771806));
#8881=CARTESIAN_POINT('Ctrl Pts',(-2.40903020856328,-22.5935328412169,7.68370081273588));
#8882=CARTESIAN_POINT('Ctrl Pts',(-2.40919939188454,-22.9999681381936,7.71197488467707));
#8883=CARTESIAN_POINT('Origin',(0.,-23.,-4.30364155134372));
#8884=CARTESIAN_POINT('',(-2.41282458262807,-23.0020693305974,5.5953082180104));
#8885=CARTESIAN_POINT('',(-2.40943609641338,-22.9993627062848,5.75052511532294));
#8886=CARTESIAN_POINT('',(-2.413,-23.0000000000001,-4.30364155134372));
#8887=CARTESIAN_POINT('Ctrl Pts',(-2.40943609641338,-22.9993627062848,5.75052511532294));
#8888=CARTESIAN_POINT('Ctrl Pts',(-2.40837151586709,-23.4386104912174,5.78108004989866));
#8889=CARTESIAN_POINT('Ctrl Pts',(-2.08487679889271,-24.6747024329349,5.86696344808847));
#8890=CARTESIAN_POINT('Ctrl Pts',(-0.116883816119503,-25.8380550121318,
6.00817530989238));
#8891=CARTESIAN_POINT('Ctrl Pts',(2.3009754933724,-24.6654604411887,6.17416070073468));
#8892=CARTESIAN_POINT('Ctrl Pts',(2.6594696663708,-22.0022697478405,6.34014609157698));
#8893=CARTESIAN_POINT('Ctrl Pts',(0.637751014421387,-20.2320739781402,6.50613148241928));
#8894=CARTESIAN_POINT('Ctrl Pts',(-1.80250442876693,-20.8975801510252,6.66236893477905));
#8895=CARTESIAN_POINT('Ctrl Pts',(-2.4086906544812,-22.3500337264851,6.76327792352472));
#8896=CARTESIAN_POINT('Ctrl Pts',(-2.41431026306393,-23.0019182146462,6.80885844865628));
#8897=CARTESIAN_POINT('Ctrl Pts',(-2.41282458262807,-23.0020693305974,5.5953082180104));
#8898=CARTESIAN_POINT('Ctrl Pts',(-2.41449943245702,-23.1931579904806,5.60864813825556));
#8899=CARTESIAN_POINT('Ctrl Pts',(-2.30719465727115,-24.1749456578016,5.67731652211483));
#8900=CARTESIAN_POINT('Ctrl Pts',(-0.968038348767734,-25.6704178007648,
5.80131336958819));
#8901=CARTESIAN_POINT('Ctrl Pts',(1.69098104711247,-25.2822830562854,5.96729876043049));
#8902=CARTESIAN_POINT('Ctrl Pts',(2.83657989626832,-22.85151198802,6.1332841512728));
#8903=CARTESIAN_POINT('Ctrl Pts',(1.44344916472618,-20.5536408619155,6.29926954211509));
#8904=CARTESIAN_POINT('Ctrl Pts',(-1.24155963536418,-20.4452442787238,6.46525493295739));
#8905=CARTESIAN_POINT('Ctrl Pts',(-2.36157634428794,-21.9953056550068,6.58337893603361));
#8906=CARTESIAN_POINT('Ctrl Pts',(-2.41601895678202,-22.8916931207122,6.64617447549572));
#8907=CARTESIAN_POINT('Ctrl Pts',(-2.41519048720816,-22.9983843919215,6.65364155134373));
#8908=CARTESIAN_POINT('Origin',(0.,-23.,-4.30364155134372));
#8909=CARTESIAN_POINT('',(-2.41009449091293,-22.9986609448313,4.53697488467706));
#8910=CARTESIAN_POINT('',(-2.41625902542934,-22.9990413795093,4.69219178198961));
#8911=CARTESIAN_POINT('',(-2.413,-23.0000000000001,-4.30364155134372));
#8912=CARTESIAN_POINT('Ctrl Pts',(-2.41625902542934,-22.9990413795093,4.69219178198961));
#8913=CARTESIAN_POINT('Ctrl Pts',(-2.41250077149605,-23.7320592135557,4.7435537126585));
#8914=CARTESIAN_POINT('Ctrl Pts',(-1.66920568073694,-25.2613152582007,4.85024410694148));
#8915=CARTESIAN_POINT('Ctrl Pts',(0.918884395287915,-25.687728038919,5.01226296483857));
#8916=CARTESIAN_POINT('Ctrl Pts',(2.7479379652377,-23.7190743052032,5.17824835568087));
#8917=CARTESIAN_POINT('Ctrl Pts',(2.11759780099047,-21.1068515984262,5.34423374652317));
#8918=CARTESIAN_POINT('Ctrl Pts',(-0.407984060862401,-20.1889898528461,
5.51021913736547));
#8919=CARTESIAN_POINT('Ctrl Pts',(-2.17072399642635,-21.4928105792269,5.64564959363206));
#8920=CARTESIAN_POINT('Ctrl Pts',(-2.41029924396855,-22.6432265238259,5.72575158628455));
#8921=CARTESIAN_POINT('Ctrl Pts',(-2.40943609641338,-22.9993627062848,5.75052511532294));
#8922=CARTESIAN_POINT('Ctrl Pts',(-2.41009449091293,-22.9986609448313,4.53697488467706));
#8923=CARTESIAN_POINT('Ctrl Pts',(-2.4075526483074,-23.4892089629785,4.5711218010154));
#8924=CARTESIAN_POINT('Ctrl Pts',(-2.02539419169153,-24.7782345022249,4.66059718096784));
#8925=CARTESIAN_POINT('Ctrl Pts',(0.064797376213777,-25.8397240136581,4.80540102453437));
#8926=CARTESIAN_POINT('Ctrl Pts',(2.40274357911426,-24.5149437297295,4.97138641537669));
#8927=CARTESIAN_POINT('Ctrl Pts',(2.59024370709603,-21.8342947067261,5.13737180621898));
#8928=CARTESIAN_POINT('Ctrl Pts',(0.459485833089564,-20.1969474238865,5.30335719706129));
#8929=CARTESIAN_POINT('Ctrl Pts',(-1.87821478260319,-20.9982904900242,5.45600266765842));
#8930=CARTESIAN_POINT('Ctrl Pts',(-2.40755284911042,-22.4006013806128,5.55331967464146));
#8931=CARTESIAN_POINT('Ctrl Pts',(-2.41282458262807,-23.0020693305974,5.5953082180104));
#8932=CARTESIAN_POINT('Origin',(0.,-23.,-4.30364155134372));
#8933=CARTESIAN_POINT('',(-2.4167575796808,-22.9999052707769,3.47864155134373));
#8934=CARTESIAN_POINT('',(-2.41144539301778,-23.0019138262133,3.63385844865628));
#8935=CARTESIAN_POINT('',(-2.413,-23.0000000000001,-4.30364155134372));
#8936=CARTESIAN_POINT('Ctrl Pts',(-2.41144539301778,-23.0019138262133,3.63385844865628));
#8937=CARTESIAN_POINT('Ctrl Pts',(-2.41330861740594,-23.2434982577928,3.65069891180423));
#8938=CARTESIAN_POINT('Ctrl Pts',(-2.26986784658529,-24.2766347609431,3.72286783856629));
#8939=CARTESIAN_POINT('Ctrl Pts',(-0.799773483712707,-25.725544559813,3.85036522894246));
#8940=CARTESIAN_POINT('Ctrl Pts',(1.82989658752226,-25.1724891820557,4.01635061978475));
#8941=CARTESIAN_POINT('Ctrl Pts',(2.82181638148593,-22.6750644995086,4.18233601062706));
#8942=CARTESIAN_POINT('Ctrl Pts',(1.28822156773414,-20.4684558117222,4.34832140146936));
#8943=CARTESIAN_POINT('Ctrl Pts',(-1.3983265019895,-20.527569265752,4.51430679231166));
#8944=CARTESIAN_POINT('Ctrl Pts',(-2.38932063761561,-22.0964807900863,4.62893025248508));
#8945=CARTESIAN_POINT('Ctrl Pts',(-2.41654926448089,-22.9424325380909,4.68822524904439));
#8946=CARTESIAN_POINT('Ctrl Pts',(-2.41625902542934,-22.9990413795093,4.69219178198961));
#8947=CARTESIAN_POINT('Ctrl Pts',(-2.4167575796808,-22.9999052707769,3.47864155134373));
#8948=CARTESIAN_POINT('Ctrl Pts',(-2.41629747280038,-23.7837535781128,3.53359546377524));
#8949=CARTESIAN_POINT('Ctrl Pts',(-1.57908652641492,-25.3576384845391,3.64387783982085));
#8950=CARTESIAN_POINT('Ctrl Pts',(1.08883575725585,-25.6234839233054,3.80948867948057));
#8951=CARTESIAN_POINT('Ctrl Pts',(2.78828816838114,-23.5419227734008,3.97547407032287));
#8952=CARTESIAN_POINT('Ctrl Pts',(1.99223359184068,-20.9753428635552,4.14145946116518));
#8953=CARTESIAN_POINT('Ctrl Pts',(-0.586862245665069,-20.2208231607836,
4.30744485200747));
#8954=CARTESIAN_POINT('Ctrl Pts',(-2.21819435634457,-21.5971733069259,4.43928332651144));
#8955=CARTESIAN_POINT('Ctrl Pts',(-2.4116712118907,-22.6943709195048,4.5157933374013));
#8956=CARTESIAN_POINT('Ctrl Pts',(-2.41009449091293,-22.9986609448313,4.53697488467706));
#8957=CARTESIAN_POINT('Origin',(0.,-23.,-4.30364155134372));
#8958=CARTESIAN_POINT('',(-2.41028881230456,-23.0014635363774,2.42030821801039));
#8959=CARTESIAN_POINT('',(-2.41114534240707,-22.9981674291338,2.57552511532294));
#8960=CARTESIAN_POINT('',(-2.413,-23.0000000000001,-4.30364155134372));
#8961=CARTESIAN_POINT('Ctrl Pts',(-2.41114534240707,-22.9981674291338,2.57552511532294));
#8962=CARTESIAN_POINT('Ctrl Pts',(-2.40719373419942,-23.5384085314221,2.61317257456407));
#8963=CARTESIAN_POINT('Ctrl Pts',(-1.96269328950807,-24.8785117762982,2.7061484974193));
#8964=CARTESIAN_POINT('Ctrl Pts',(0.241604450532903,-25.8301692635331,2.85445288388865));
#8965=CARTESIAN_POINT('Ctrl Pts',(2.49246584039406,-24.3622939495925,3.02043827473094));
#8966=CARTESIAN_POINT('Ctrl Pts',(2.51258006700423,-21.6751708874317,3.18642366557325));
#8967=CARTESIAN_POINT('Ctrl Pts',(0.283944976329767,-20.1737646910768,3.35240905641554));
#8968=CARTESIAN_POINT('Ctrl Pts',(-1.94692464768363,-21.0975232870971,3.50155398410989));
#8969=CARTESIAN_POINT('Ctrl Pts',(-2.4071870908268,-22.4497852040042,3.59537044819013));
#8970=CARTESIAN_POINT('Ctrl Pts',(-2.41144539301778,-23.0019138262133,3.63385844865628));
#8971=CARTESIAN_POINT('Ctrl Pts',(-2.41028881230456,-23.0014635363774,2.42030821801039));
#8972=CARTESIAN_POINT('Ctrl Pts',(-2.41195991118851,-23.2949325066431,2.44074066292098));
#8973=CARTESIAN_POINT('Ctrl Pts',(-2.22754882132307,-24.3810509927079,2.51650157144567));
#8974=CARTESIAN_POINT('Ctrl Pts',(-0.623888594762461,-25.7710998221202,
2.64759094358446));
#8975=CARTESIAN_POINT('Ctrl Pts',(1.96504417307398,-25.051056459566,2.81357633442675));
#8976=CARTESIAN_POINT('Ctrl Pts',(2.79527010376325,-22.495325600532,2.97956172526906));
#8977=CARTESIAN_POINT('Ctrl Pts',(1.12374024170046,-20.39127635197,3.14554711611136));
#8978=CARTESIAN_POINT('Ctrl Pts',(-1.55353273460463,-20.6220245491211,3.31153250695366));
#8979=CARTESIAN_POINT('Ctrl Pts',(-2.4143481002083,-22.2000323733332,3.42256398536445));
#8980=CARTESIAN_POINT('Ctrl Pts',(-2.41676071564635,-22.9945627701706,3.47826700016114));
#8981=CARTESIAN_POINT('Ctrl Pts',(-2.4167575796808,-22.9999052707769,3.47864155134373));
#8982=CARTESIAN_POINT('Origin',(0.,-23.,-4.30364155134372));
#8983=CARTESIAN_POINT('',(-2.41251682410348,-22.9979379377959,1.36197488467706));
#8984=CARTESIAN_POINT('',(-2.41644076518988,-23.0007684255102,1.51719178198961));
#8985=CARTESIAN_POINT('',(-2.413,-23.0000000000001,-4.30364155134372));
#8986=CARTESIAN_POINT('Ctrl Pts',(-2.41644076518988,-23.0007684255102,1.51719178198961));
#8987=CARTESIAN_POINT('Ctrl Pts',(-2.41662978219483,-23.0453724440226,1.52031777370981));
#8988=CARTESIAN_POINT('Ctrl Pts',(-2.39548458859629,-23.8792622865284,1.57877222904412));
#8989=CARTESIAN_POINT('Ctrl Pts',(-1.43518206867194,-25.4512207564675,1.69255514799253));
#8990=CARTESIAN_POINT('Ctrl Pts',(1.25018002891206,-25.5505451707597,1.85854053883483));
#8991=CARTESIAN_POINT('Ctrl Pts',(2.81663589788957,-23.3671416472428,2.02452592967713));
#8992=CARTESIAN_POINT('Ctrl Pts',(1.86221367211749,-20.8551477883884,2.19051132051943));
#8993=CARTESIAN_POINT('Ctrl Pts',(-0.758882495267593,-20.2627882563888,
2.35649671136174));
#8994=CARTESIAN_POINT('Ctrl Pts',(-2.26033596152291,-21.6989343491228,2.48483464296291));
#8995=CARTESIAN_POINT('Ctrl Pts',(-2.4130012020961,-22.74444498718,2.55784411094997));
#8996=CARTESIAN_POINT('Ctrl Pts',(-2.41114534240707,-22.9981674291338,2.57552511532294));
#8997=CARTESIAN_POINT('Ctrl Pts',(-2.41251682410348,-22.9979379377959,1.36197488467706));
#8998=CARTESIAN_POINT('Ctrl Pts',(-2.40741737266569,-23.5888682364347,1.40321432568082));
#8999=CARTESIAN_POINT('Ctrl Pts',(-1.89333489226773,-24.9805582202385,1.49978223029868));
#9000=CARTESIAN_POINT('Ctrl Pts',(0.422047831442519,-25.8089333998101,1.65167859853064));
#9001=CARTESIAN_POINT('Ctrl Pts',(2.57446082201395,-24.2001594386011,1.81766398937294));
#9002=CARTESIAN_POINT('Ctrl Pts',(2.42274145996546,-21.5172474861971,1.98364938021525));
#9003=CARTESIAN_POINT('Ctrl Pts',(0.102677983046467,-20.1613932226508,2.14963477105755));
#9004=CARTESIAN_POINT('Ctrl Pts',(-2.01237481029648,-21.2002483983044,2.29518771698927));
#9005=CARTESIAN_POINT('Ctrl Pts',(-2.40743478782706,-22.5002558385171,2.38541219930688));
#9006=CARTESIAN_POINT('Ctrl Pts',(-2.41028881230456,-23.0014635363774,2.42030821801039));
#9007=CARTESIAN_POINT('Origin',(0.,-23.,-4.30364155134372));
#9008=CARTESIAN_POINT('',(-2.4154534936287,-23.0014970220848,0.303641551343727));
#9009=CARTESIAN_POINT('',(-2.4095472197496,-23.0008141001694,0.458858448656273));
#9010=CARTESIAN_POINT('',(-2.413,-23.0000000000001,-4.30364155134372));
#9011=CARTESIAN_POINT('Ctrl Pts',(-2.4095472197496,-23.0008141001694,0.458858448656273));
#9012=CARTESIAN_POINT('Ctrl Pts',(-2.41061509724648,-23.3448270429924,0.482791436469653));
#9013=CARTESIAN_POINT('Ctrl Pts',(-2.18222533998441,-24.4827794109694,0.562052887897134));
#9014=CARTESIAN_POINT('Ctrl Pts',(-0.450019160948958,-25.8045879016129,
0.696642802938717));
#9015=CARTESIAN_POINT('Ctrl Pts',(2.08902011733851,-24.9246365398672,0.862628193781019));
#9016=CARTESIAN_POINT('Ctrl Pts',(2.75839456642186,-22.3221429388786,1.02861358462332));
#9017=CARTESIAN_POINT('Ctrl Pts',(0.959016688120741,-20.3263287910205,1.19459897546562));
#9018=CARTESIAN_POINT('Ctrl Pts',(-1.64862519748661,-20.7159611149893,1.35745837458772));
#9019=CARTESIAN_POINT('Ctrl Pts',(-2.41328427733855,-22.2559040013022,1.46498931009571));
#9020=CARTESIAN_POINT('Ctrl Pts',(-2.41644076518988,-23.0007684255102,1.51719178198961));
#9021=CARTESIAN_POINT('Ctrl Pts',(-2.4154534936287,-23.0014970220848,0.303641551343727));
#9022=CARTESIAN_POINT('Ctrl Pts',(-2.41615772997384,-23.0974579011884,0.310359524826561));
#9023=CARTESIAN_POINT('Ctrl Pts',(-2.36779761567605,-23.9830262870305,0.372405961923495));
#9024=CARTESIAN_POINT('Ctrl Pts',(-1.27553520523451,-25.5379596954116,0.489780862634529));
#9025=CARTESIAN_POINT('Ctrl Pts',(1.41068325550527,-25.4654014887466,0.655766253476832));
#9026=CARTESIAN_POINT('Ctrl Pts',(2.83434594180483,-23.1863180912111,0.821751644319132));
#9027=CARTESIAN_POINT('Ctrl Pts',(1.72128000384249,-20.7404809972832,0.987737035161436));
#9028=CARTESIAN_POINT('Ctrl Pts',(-0.932324738393183,-20.3169044230409,
1.15372242600374));
#9029=CARTESIAN_POINT('Ctrl Pts',(-2.29952373861066,-21.803303216001,1.27846837584228));
#9030=CARTESIAN_POINT('Ctrl Pts',(-2.41425899821784,-22.7960527973572,1.34788586206672));
#9031=CARTESIAN_POINT('Ctrl Pts',(-2.41251682410348,-22.9979379377959,1.36197488467706));
#9032=CARTESIAN_POINT('Origin',(0.,-23.,-4.30364155134372));
#9033=CARTESIAN_POINT('',(-2.40926337664847,-23.0000198461385,-0.754691781989606));
#9034=CARTESIAN_POINT('',(-2.41396890079191,-22.9980285212721,-0.599474884677059));
#9035=CARTESIAN_POINT('',(-2.413,-23.0000000000001,-4.30364155134372));
#9036=CARTESIAN_POINT('Ctrl Pts',(-2.41396890079191,-22.9980285212721,-0.599474884677059));
#9037=CARTESIAN_POINT('Ctrl Pts',(-2.40834899146764,-23.6381279562259,-0.554734900770505));
#9038=CARTESIAN_POINT('Ctrl Pts',(-1.82069954021942,-25.078952212359,-0.454666453249851));
#9039=CARTESIAN_POINT('Ctrl Pts',(0.59624210771982,-25.7771772408939,-0.299269542115095));
#9040=CARTESIAN_POINT('Ctrl Pts',(2.64423648044879,-24.0374233494505,-0.133284151272793));
#9041=CARTESIAN_POINT('Ctrl Pts',(2.32564914735343,-21.369175526453,0.0327012395695088));
#9042=CARTESIAN_POINT('Ctrl Pts',(-0.0743848492789776,-20.1605113249886,
0.198686630411811));
#9043=CARTESIAN_POINT('Ctrl Pts',(-2.07138948103274,-21.3010237558183,0.340739033440732));
#9044=CARTESIAN_POINT('Ctrl Pts',(-2.40814636991118,-22.5495353001403,0.427462972855553));
#9045=CARTESIAN_POINT('Ctrl Pts',(-2.4095472197496,-23.0008141001694,0.458858448656273));
#9046=CARTESIAN_POINT('Ctrl Pts',(-2.40926337664847,-23.0000198461385,-0.754691781989606));
#9047=CARTESIAN_POINT('Ctrl Pts',(-2.40931278526885,-23.3957853704949,-0.727166812413599));
#9048=CARTESIAN_POINT('Ctrl Pts',(-2.13136412847661,-24.587032522808,-0.644313379223491));
#9049=CARTESIAN_POINT('Ctrl Pts',(-0.269790069238139,-25.8276058154214,
-0.506131482419282));
#9050=CARTESIAN_POINT('Ctrl Pts',(2.20778871796111,-24.7871524690999,-0.340146091576981));
#9051=CARTESIAN_POINT('Ctrl Pts',(2.70941681167362,-22.1471766512462,-0.174160700734678));
#9052=CARTESIAN_POINT('Ctrl Pts',(0.786121531167899,-20.2704887870038,-0.0081753098923767));
#9053=CARTESIAN_POINT('Ctrl Pts',(-1.73442842126755,-20.8137791279142,0.151092107467092));
#9054=CARTESIAN_POINT('Ctrl Pts',(-2.4103577197331,-22.3071350424532,0.25503106121246));
#9055=CARTESIAN_POINT('Ctrl Pts',(-2.4154534936287,-23.0014970220848,0.303641551343727));
#9056=CARTESIAN_POINT('Origin',(0.,-23.,-4.30364155134372));
#9057=CARTESIAN_POINT('',(-2.41496217932401,-22.997618687553,-1.81302511532294));
#9058=CARTESIAN_POINT('',(-2.41412312631389,-23.0019119004062,-1.6578082180104));
#9059=CARTESIAN_POINT('',(-2.413,-23.0000000000001,-4.30364155134372));
#9060=CARTESIAN_POINT('',(-1.0728705235123,-20.838630563791,-2.));
#9061=CARTESIAN_POINT('Ctrl Pts',(-1.0728705235123,-20.838630563791,-2.));
#9062=CARTESIAN_POINT('Ctrl Pts',(-1.78283236955494,-21.1910446974772,-1.9446715363859));
#9063=CARTESIAN_POINT('Ctrl Pts',(-2.3653702567561,-22.0091252516436,-1.88234657482688));
#9064=CARTESIAN_POINT('Ctrl Pts',(-2.41572710525548,-22.8977400634802,-1.82002161326786));
#9065=CARTESIAN_POINT('Ctrl Pts',(-2.41496217932401,-22.997618687553,-1.81302511532294));
#9066=CARTESIAN_POINT('',(1.07091750473594,-20.8380721810088,-2.));
#9067=CARTESIAN_POINT('Origin',(0.,-23.,-2.));
#9068=CARTESIAN_POINT('Ctrl Pts',(1.07091750473594,-20.8380721810088,-2.));
#9069=CARTESIAN_POINT('Ctrl Pts',(0.896802301884037,-20.7495455768114,-1.98637448351271));
#9070=CARTESIAN_POINT('Ctrl Pts',(-0.0354291672713916,-20.4088164491303,
-1.91742050341131));
#9071=CARTESIAN_POINT('Ctrl Pts',(-1.81265250070064,-20.9114561931166,-1.80335657608144));
#9072=CARTESIAN_POINT('Ctrl Pts',(-2.40847973864386,-22.3567889017744,-1.70291816523887));
#9073=CARTESIAN_POINT('Ctrl Pts',(-2.41412312631389,-23.0019119004062,-1.6578082180104));
#9074=CARTESIAN_POINT('Origin',(-8.78677521714444,-12.0557632374468,10.));
#9075=CARTESIAN_POINT('',(-9.01780839532171,-11.9866230334179,10.));
#9076=CARTESIAN_POINT('',(-8.72514437843154,-11.8310108153295,10.));
#9077=CARTESIAN_POINT('',(-8.79575002063507,-11.8685525012176,10.));
#9078=CARTESIAN_POINT('',(-8.61329989813423,-12.2805156595642,10.));
#9079=CARTESIAN_POINT('Origin',(0.,0.,10.));
#9080=CARTESIAN_POINT('',(-8.55574203896718,-11.954088819294,10.));
#9081=CARTESIAN_POINT('',(-8.59669789468985,-12.1863610192608,10.));
#9082=CARTESIAN_POINT('',(-8.6071740986106,-11.9167212406601,10.));
#9083=CARTESIAN_POINT('Origin',(-14.1446491546263,-4.63461108550573,10.));
#9084=CARTESIAN_POINT('',(-14.3411204876647,-4.39684695643194,10.));
#9085=CARTESIAN_POINT('',(-14.0128837574896,-4.44297762047073,10.));
#9086=CARTESIAN_POINT('',(-14.0642850286561,-4.43575364291623,10.));
#9087=CARTESIAN_POINT('',(-14.1866119904772,-4.87237521457952,10.));
#9088=CARTESIAN_POINT('Origin',(0.,0.,10.));
#9089=CARTESIAN_POINT('',(-13.9481778215879,-4.64212201415272,10.));
#9090=CARTESIAN_POINT('',(-14.116350338654,-4.80452432611445,10.));
#9091=CARTESIAN_POINT('',(-13.9586621962861,-4.60985442674669,10.));
#9092=CARTESIAN_POINT('Origin',(-14.1446491546263,4.63461108550574,10.));
#9093=CARTESIAN_POINT('',(-14.1866119904772,4.87237521457952,10.));
#9094=CARTESIAN_POINT('',(-13.9481778215879,4.64212201415272,10.));
#9095=CARTESIAN_POINT('',(-13.9971332542094,4.68939772590105,10.));
#9096=CARTESIAN_POINT('',(-14.3411204876647,4.39684695643195,10.));
#9097=CARTESIAN_POINT('Origin',(0.,0.,10.));
#9098=CARTESIAN_POINT('',(-14.0128837574896,4.44297762047074,10.));
#9099=CARTESIAN_POINT('',(-14.2284033937436,4.41268831089683,10.));
#9100=CARTESIAN_POINT('',(-13.9910151642369,4.5102822299057,10.));
#9101=CARTESIAN_POINT('Origin',(-8.78677521714444,12.0557632374468,10.));
#9102=CARTESIAN_POINT('',(-8.61329989813423,12.2805156595642,10.));
#9103=CARTESIAN_POINT('',(-8.55574203896718,11.954088819294,10.));
#9104=CARTESIAN_POINT('',(-8.56791896510632,12.0231475991257,10.));
#9105=CARTESIAN_POINT('',(-9.0178083953217,11.9866230334179,10.));
#9106=CARTESIAN_POINT('Origin',(0.,0.,10.));
#9107=CARTESIAN_POINT('',(-8.72514437843154,11.8310108153295,10.));
#9108=CARTESIAN_POINT('',(-8.94208202908016,11.9463586102619,10.));
#9109=CARTESIAN_POINT('',(-8.69187526834278,11.8551822386779,10.));
#9110=CARTESIAN_POINT('Origin',(8.78677521714444,12.0557632374468,10.));
#9111=CARTESIAN_POINT('',(9.0178083953217,11.9866230334179,10.));
#9112=CARTESIAN_POINT('',(8.72514437843154,11.8310108153295,10.));
#9113=CARTESIAN_POINT('',(8.79575002063507,11.8685525012176,10.));
#9114=CARTESIAN_POINT('',(8.61329989813423,12.2805156595642,10.));
#9115=CARTESIAN_POINT('Origin',(0.,0.,10.));
#9116=CARTESIAN_POINT('',(8.55574203896718,11.954088819294,10.));
#9117=CARTESIAN_POINT('',(8.59669789468985,12.1863610192608,10.));
#9118=CARTESIAN_POINT('',(8.6071740986106,11.9167212406601,10.));
#9119=CARTESIAN_POINT('Origin',(14.1446491546263,4.63461108550573,10.));
#9120=CARTESIAN_POINT('',(14.3411204876647,4.39684695643195,10.));
#9121=CARTESIAN_POINT('',(14.0128837574896,4.44297762047073,10.));
#9122=CARTESIAN_POINT('',(14.0642850286561,4.43575364291623,10.));
#9123=CARTESIAN_POINT('',(14.1866119904772,4.87237521457952,10.));
#9124=CARTESIAN_POINT('Origin',(0.,0.,10.));
#9125=CARTESIAN_POINT('',(13.9481778215879,4.64212201415272,10.));
#9126=CARTESIAN_POINT('',(14.116350338654,4.80452432611445,10.));
#9127=CARTESIAN_POINT('',(13.9586621962861,4.60985442674669,10.));
#9128=CARTESIAN_POINT('Origin',(14.1446491546263,-4.63461108550573,10.));
#9129=CARTESIAN_POINT('',(14.1866119904772,-4.87237521457952,10.));
#9130=CARTESIAN_POINT('',(13.9481778215879,-4.64212201415272,10.));
#9131=CARTESIAN_POINT('',(13.9971332542094,-4.68939772590105,10.));
#9132=CARTESIAN_POINT('',(14.3411204876647,-4.39684695643195,10.));
#9133=CARTESIAN_POINT('Origin',(0.,0.,10.));
#9134=CARTESIAN_POINT('',(14.0128837574896,-4.44297762047074,10.));
#9135=CARTESIAN_POINT('',(14.2284033937436,-4.41268831089683,10.));
#9136=CARTESIAN_POINT('',(13.9910151642369,-4.5102822299057,10.));
#9137=CARTESIAN_POINT('Origin',(8.78677521714444,-12.0557632374468,10.));
#9138=CARTESIAN_POINT('',(8.61329989813423,-12.2805156595642,10.));
#9139=CARTESIAN_POINT('',(8.55574203896718,-11.954088819294,10.));
#9140=CARTESIAN_POINT('',(8.56791896510632,-12.0231475991257,10.));
#9141=CARTESIAN_POINT('',(9.0178083953217,-11.9866230334179,10.));
#9142=CARTESIAN_POINT('Origin',(0.,0.,10.));
#9143=CARTESIAN_POINT('',(8.72514437843154,-11.8310108153295,10.));
#9144=CARTESIAN_POINT('',(8.94208202908015,-11.9463586102619,10.));
#9145=CARTESIAN_POINT('',(8.69187526834278,-11.8551822386779,10.));
#9146=CARTESIAN_POINT('Origin',(1.07552855510562E-15,-14.85,10.));
#9147=CARTESIAN_POINT('',(-0.249999999999999,-14.9979165219706,10.));
#9148=CARTESIAN_POINT('',(-0.104696403562721,-14.7,10.));
#9149=CARTESIAN_POINT('',(-0.124187091501972,-14.7399618323569,10.));
#9150=CARTESIAN_POINT('',(0.250000000000001,-14.9979165219706,10.));
#9151=CARTESIAN_POINT('Origin',(0.,0.,10.));
#9152=CARTESIAN_POINT('',(0.104696403562722,-14.7,10.));
#9153=CARTESIAN_POINT('',(0.196838889720612,-14.8889200933422,10.));
#9154=CARTESIAN_POINT('',(0.0523482017813615,-14.7,10.));
#9155=CARTESIAN_POINT('Origin',(-4.63461108550574,-14.1446491546263,12.));
#9156=CARTESIAN_POINT('',(-4.87237521457953,-14.1866119904772,12.));
#9157=CARTESIAN_POINT('',(-4.64212201415272,-13.9481778215879,12.));
#9158=CARTESIAN_POINT('',(-4.68939772590105,-13.9971332542094,12.));
#9159=CARTESIAN_POINT('',(-4.39684695643195,-14.3411204876647,12.));
#9160=CARTESIAN_POINT('Origin',(0.,0.,12.));
#9161=CARTESIAN_POINT('',(-4.44297762047074,-14.0128837574896,12.));
#9162=CARTESIAN_POINT('',(-4.41268831089684,-14.2284033937436,12.));
#9163=CARTESIAN_POINT('',(-4.5102822299057,-13.9910151642369,12.));
#9164=CARTESIAN_POINT('Origin',(0.,0.,8.));
#9165=CARTESIAN_POINT('',(-9.01780839532171,-11.9866230334179,15.));
#9166=CARTESIAN_POINT('',(-9.0178083953217,-11.9866230334179,8.));
#9167=CARTESIAN_POINT('',(-10.4283517810586,-10.7819051716518,15.));
#9168=CARTESIAN_POINT('Origin',(0.,0.,15.));
#9169=CARTESIAN_POINT('',(-10.4283517810586,-10.7819051716518,13.5));
#9170=CARTESIAN_POINT('',(-10.4283517810586,-10.7819051716518,8.));
#9171=CARTESIAN_POINT('',(-10.7819051716518,-10.4283517810586,13.5));
#9172=CARTESIAN_POINT('Origin',(0.,0.,13.5));
#9173=CARTESIAN_POINT('',(-10.7819051716518,-10.4283517810586,15.));
#9174=CARTESIAN_POINT('',(-10.7819051716518,-10.4283517810586,8.));
#9175=CARTESIAN_POINT('',(-11.9866230334179,-9.0178083953217,15.));
#9176=CARTESIAN_POINT('Origin',(0.,0.,15.));
#9177=CARTESIAN_POINT('',(-11.9866230334179,-9.0178083953217,12.));
#9178=CARTESIAN_POINT('',(-11.9866230334179,-9.0178083953217,8.));
#9179=CARTESIAN_POINT('',(-12.2805156595642,-8.61329989813423,12.));
#9180=CARTESIAN_POINT('Origin',(0.,0.,12.));
#9181=CARTESIAN_POINT('',(-12.2805156595642,-8.61329989813423,15.));
#9182=CARTESIAN_POINT('',(-12.2805156595642,-8.61329989813423,8.));
#9183=CARTESIAN_POINT('',(-13.2497438453735,-7.03166324790855,15.));
#9184=CARTESIAN_POINT('Origin',(0.,0.,15.));
#9185=CARTESIAN_POINT('',(-13.2497438453735,-7.03166324790855,13.5));
#9186=CARTESIAN_POINT('',(-13.2497438453735,-7.03166324790855,8.));
#9187=CARTESIAN_POINT('',(-13.4767390952432,-6.58615998581436,13.5));
#9188=CARTESIAN_POINT('Origin',(0.,0.,13.5));
#9189=CARTESIAN_POINT('',(-13.4767390952432,-6.58615998581436,15.));
#9190=CARTESIAN_POINT('',(-13.4767390952432,-6.58615998581436,8.));
#9191=CARTESIAN_POINT('',(-14.1866119904772,-4.87237521457952,15.));
#9192=CARTESIAN_POINT('Origin',(0.,0.,15.));
#9193=CARTESIAN_POINT('',(-14.1866119904772,-4.87237521457952,8.));
#9194=CARTESIAN_POINT('',(-14.3411204876647,-4.39684695643194,15.));
#9195=CARTESIAN_POINT('',(-14.3411204876647,-4.39684695643194,8.));
#9196=CARTESIAN_POINT('',(-14.7741586657095,-2.5931131329813,15.));
#9197=CARTESIAN_POINT('Origin',(0.,0.,15.));
#9198=CARTESIAN_POINT('',(-14.7741586657095,-2.5931131329813,13.5));
#9199=CARTESIAN_POINT('',(-14.7741586657095,-2.5931131329813,8.));
#9200=CARTESIAN_POINT('',(-14.8523758982296,-2.09926896268373,13.5));
#9201=CARTESIAN_POINT('Origin',(0.,0.,13.5));
#9202=CARTESIAN_POINT('',(-14.8523758982296,-2.09926896268373,15.));
#9203=CARTESIAN_POINT('',(-14.8523758982296,-2.09926896268373,8.));
#9204=CARTESIAN_POINT('',(-14.9979165219706,-0.249999999999998,15.));
#9205=CARTESIAN_POINT('Origin',(0.,0.,15.));
#9206=CARTESIAN_POINT('',(-14.9979165219706,-0.249999999999998,12.6961751825799));
#9207=CARTESIAN_POINT('',(-14.9979165219706,-0.249999999999998,8.));
#9208=CARTESIAN_POINT('',(-14.9016941905946,-1.7145,11.));
#9209=CARTESIAN_POINT('Ctrl Pts',(-14.9979165219706,-0.249999999999999,
12.6961751825799));
#9210=CARTESIAN_POINT('Ctrl Pts',(-14.9956258553891,-0.387420904680752,
12.6759206554986));
#9211=CARTESIAN_POINT('Ctrl Pts',(-14.9913682089864,-0.525415712791394,
12.63815239631));
#9212=CARTESIAN_POINT('Ctrl Pts',(-14.9763825594352,-0.867553152321256,
12.4963683080625));
#9213=CARTESIAN_POINT('Ctrl Pts',(-14.9632626251303,-1.06021841335929,12.3644507393294));
#9214=CARTESIAN_POINT('Ctrl Pts',(-14.9385930898936,-1.36445162561448,12.0602175270742));
#9215=CARTESIAN_POINT('Ctrl Pts',(-14.9254355534087,-1.49636850086164,11.8675526526543));
#9216=CARTESIAN_POINT('Ctrl Pts',(-14.9068499204694,-1.67139781075981,11.4451916464977));
#9217=CARTESIAN_POINT('Ctrl Pts',(-14.9016941905946,-1.7145,11.2154793278623));
#9218=CARTESIAN_POINT('Ctrl Pts',(-14.9016941905946,-1.7145,11.));
#9219=CARTESIAN_POINT('',(-15.,-3.63373587047937E-16,9.2855));
#9220=CARTESIAN_POINT('Ctrl Pts',(-14.9016941905946,-1.7145,11.));
#9221=CARTESIAN_POINT('Ctrl Pts',(-14.9016941905946,-1.7145,10.7845206721377));
#9222=CARTESIAN_POINT('Ctrl Pts',(-14.9068499204694,-1.67139781075981,10.5548083535023));
#9223=CARTESIAN_POINT('Ctrl Pts',(-14.9254355534087,-1.49636850086164,10.1324473473457));
#9224=CARTESIAN_POINT('Ctrl Pts',(-14.9385930898936,-1.36445162561448,9.93978247292581));
#9225=CARTESIAN_POINT('Ctrl Pts',(-14.9632626251303,-1.06021841335929,9.63554926067063));
#9226=CARTESIAN_POINT('Ctrl Pts',(-14.9763825594352,-0.867553152321258,
9.50363169193752));
#9227=CARTESIAN_POINT('Ctrl Pts',(-14.994882065264,-0.44519084261858,9.3286018703734));
#9228=CARTESIAN_POINT('Ctrl Pts',(-15.,-0.215478072407201,9.2855));
#9229=CARTESIAN_POINT('Ctrl Pts',(-15.,1.04083408558608E-15,9.2855));
#9230=CARTESIAN_POINT('',(-15.,-1.83697019872103E-15,8.));
#9231=CARTESIAN_POINT('',(-15.,-1.83697019872103E-15,8.));
#9232=CARTESIAN_POINT('',(-8.8167787843871,-12.1352549156242,8.));
#9233=CARTESIAN_POINT('Origin',(0.,0.,8.));
#9234=CARTESIAN_POINT('',(8.8167787843871,-12.1352549156242,8.));
#9235=CARTESIAN_POINT('Origin',(0.,0.,8.));
#9236=CARTESIAN_POINT('',(14.2658477444273,4.63525491562421,8.));
#9237=CARTESIAN_POINT('Origin',(0.,0.,8.));
#9238=CARTESIAN_POINT('',(-7.29215715216797E-16,15.,8.));
#9239=CARTESIAN_POINT('Origin',(0.,0.,8.));
#9240=CARTESIAN_POINT('',(-14.2658477444273,4.63525491562421,8.));
#9241=CARTESIAN_POINT('Origin',(0.,0.,8.));
#9242=CARTESIAN_POINT('Origin',(0.,0.,8.));
#9243=CARTESIAN_POINT('',(-14.9979165219706,0.250000000000002,12.6961751825799));
#9244=CARTESIAN_POINT('Ctrl Pts',(-15.,1.11022302462516E-15,9.2855));
#9245=CARTESIAN_POINT('Ctrl Pts',(-15.,0.215478072407204,9.2855));
#9246=CARTESIAN_POINT('Ctrl Pts',(-14.994882065264,0.445190842618582,9.3286018703734));
#9247=CARTESIAN_POINT('Ctrl Pts',(-14.9763825594352,0.86755315232126,9.50363169193752));
#9248=CARTESIAN_POINT('Ctrl Pts',(-14.9632626251303,1.0602184133593,9.63554926067063));
#9249=CARTESIAN_POINT('Ctrl Pts',(-14.9385930898936,1.36445162561448,9.93978247292581));
#9250=CARTESIAN_POINT('Ctrl Pts',(-14.9254355534087,1.49636850086164,10.1324473473457));
#9251=CARTESIAN_POINT('Ctrl Pts',(-14.9068499204694,1.67139781075981,10.5548083535023));
#9252=CARTESIAN_POINT('Ctrl Pts',(-14.9016941905946,1.7145,10.7845206721377));
#9253=CARTESIAN_POINT('Ctrl Pts',(-14.9016941905946,1.7145,11.2154793278623));
#9254=CARTESIAN_POINT('Ctrl Pts',(-14.9068499204694,1.67139781075981,11.4451916464977));
#9255=CARTESIAN_POINT('Ctrl Pts',(-14.9254355534087,1.49636850086164,11.8675526526543));
#9256=CARTESIAN_POINT('Ctrl Pts',(-14.9385930898936,1.36445162561448,12.0602175270742));
#9257=CARTESIAN_POINT('Ctrl Pts',(-14.9632626251303,1.0602184133593,12.3644507393294));
#9258=CARTESIAN_POINT('Ctrl Pts',(-14.9763825594352,0.867553152321258,12.4963683080625));
#9259=CARTESIAN_POINT('Ctrl Pts',(-14.9913682089864,0.525415712791397,12.63815239631));
#9260=CARTESIAN_POINT('Ctrl Pts',(-14.9956258553891,0.387420904680754,12.6759206554986));
#9261=CARTESIAN_POINT('Ctrl Pts',(-14.9979165219706,0.250000000000001,12.6961751825799));
#9262=CARTESIAN_POINT('',(-14.9979165219706,0.250000000000002,15.));
#9263=CARTESIAN_POINT('',(-14.9979165219706,0.250000000000001,8.));
#9264=CARTESIAN_POINT('',(-14.8523758982296,2.09926896268374,15.));
#9265=CARTESIAN_POINT('Origin',(0.,0.,15.));
#9266=CARTESIAN_POINT('',(-14.8523758982296,2.09926896268374,13.5));
#9267=CARTESIAN_POINT('',(-14.8523758982296,2.09926896268373,8.));
#9268=CARTESIAN_POINT('',(-14.7741586657095,2.5931131329813,13.5));
#9269=CARTESIAN_POINT('Origin',(0.,0.,13.5));
#9270=CARTESIAN_POINT('',(-14.7741586657095,2.5931131329813,15.));
#9271=CARTESIAN_POINT('',(-14.7741586657095,2.5931131329813,8.));
#9272=CARTESIAN_POINT('',(-14.3411204876647,4.39684695643195,15.));
#9273=CARTESIAN_POINT('Origin',(0.,0.,15.));
#9274=CARTESIAN_POINT('',(-14.3411204876647,4.39684695643195,8.));
#9275=CARTESIAN_POINT('',(-14.1866119904772,4.87237521457952,15.));
#9276=CARTESIAN_POINT('',(-14.1866119904772,4.87237521457953,8.));
#9277=CARTESIAN_POINT('',(-13.4767390952432,6.58615998581437,15.));
#9278=CARTESIAN_POINT('Origin',(0.,0.,15.));
#9279=CARTESIAN_POINT('',(-13.4767390952432,6.58615998581437,13.5));
#9280=CARTESIAN_POINT('',(-13.4767390952432,6.58615998581437,8.));
#9281=CARTESIAN_POINT('',(-13.2497438453735,7.03166324790855,13.5));
#9282=CARTESIAN_POINT('Origin',(0.,0.,13.5));
#9283=CARTESIAN_POINT('',(-13.2497438453735,7.03166324790855,15.));
#9284=CARTESIAN_POINT('',(-13.2497438453735,7.03166324790855,8.));
#9285=CARTESIAN_POINT('',(-12.2805156595642,8.61329989813423,15.));
#9286=CARTESIAN_POINT('Origin',(0.,0.,15.));
#9287=CARTESIAN_POINT('',(-12.2805156595642,8.61329989813423,12.));
#9288=CARTESIAN_POINT('',(-12.2805156595642,8.61329989813423,8.));
#9289=CARTESIAN_POINT('',(-11.9866230334179,9.0178083953217,12.));
#9290=CARTESIAN_POINT('Origin',(0.,0.,12.));
#9291=CARTESIAN_POINT('',(-11.9866230334179,9.0178083953217,15.));
#9292=CARTESIAN_POINT('',(-11.9866230334179,9.0178083953217,8.));
#9293=CARTESIAN_POINT('',(-10.7819051716518,10.4283517810586,15.));
#9294=CARTESIAN_POINT('Origin',(0.,0.,15.));
#9295=CARTESIAN_POINT('',(-10.7819051716518,10.4283517810586,13.5));
#9296=CARTESIAN_POINT('',(-10.7819051716518,10.4283517810586,8.));
#9297=CARTESIAN_POINT('',(-10.4283517810586,10.7819051716518,13.5));
#9298=CARTESIAN_POINT('Origin',(0.,0.,13.5));
#9299=CARTESIAN_POINT('',(-10.4283517810586,10.7819051716518,15.));
#9300=CARTESIAN_POINT('',(-10.4283517810586,10.7819051716518,8.));
#9301=CARTESIAN_POINT('',(-9.0178083953217,11.9866230334179,15.));
#9302=CARTESIAN_POINT('Origin',(0.,0.,15.));
#9303=CARTESIAN_POINT('',(-9.0178083953217,11.9866230334179,8.));
#9304=CARTESIAN_POINT('',(-8.61329989813423,12.2805156595642,15.));
#9305=CARTESIAN_POINT('',(-8.61329989813423,12.2805156595642,8.));
#9306=CARTESIAN_POINT('',(-7.03166324790855,13.2497438453735,15.));
#9307=CARTESIAN_POINT('Origin',(0.,0.,15.));
#9308=CARTESIAN_POINT('',(-7.03166324790855,13.2497438453735,13.5));
#9309=CARTESIAN_POINT('',(-7.03166324790855,13.2497438453735,8.));
#9310=CARTESIAN_POINT('',(-6.58615998581436,13.4767390952432,13.5));
#9311=CARTESIAN_POINT('Origin',(0.,0.,13.5));
#9312=CARTESIAN_POINT('',(-6.58615998581436,13.4767390952432,15.));
#9313=CARTESIAN_POINT('',(-6.58615998581436,13.4767390952432,8.));
#9314=CARTESIAN_POINT('',(-4.87237521457952,14.1866119904772,15.));
#9315=CARTESIAN_POINT('Origin',(0.,0.,15.));
#9316=CARTESIAN_POINT('',(-4.87237521457952,14.1866119904772,12.));
#9317=CARTESIAN_POINT('',(-4.87237521457952,14.1866119904772,8.));
#9318=CARTESIAN_POINT('',(-4.39684695643194,14.3411204876647,12.));
#9319=CARTESIAN_POINT('Origin',(0.,0.,12.));
#9320=CARTESIAN_POINT('',(-4.39684695643194,14.3411204876647,15.));
#9321=CARTESIAN_POINT('',(-4.39684695643194,14.3411204876647,8.));
#9322=CARTESIAN_POINT('',(-2.5931131329813,14.7741586657095,15.));
#9323=CARTESIAN_POINT('Origin',(0.,0.,15.));
#9324=CARTESIAN_POINT('',(-2.5931131329813,14.7741586657095,13.5));
#9325=CARTESIAN_POINT('',(-2.5931131329813,14.7741586657095,8.));
#9326=CARTESIAN_POINT('',(-2.09926896268373,14.8523758982296,13.5));
#9327=CARTESIAN_POINT('Origin',(0.,0.,13.5));
#9328=CARTESIAN_POINT('',(-2.09926896268373,14.8523758982296,15.));
#9329=CARTESIAN_POINT('',(-2.09926896268373,14.8523758982296,8.));
#9330=CARTESIAN_POINT('',(-0.249999999999999,14.9979165219706,15.));
#9331=CARTESIAN_POINT('Origin',(0.,0.,15.));
#9332=CARTESIAN_POINT('',(-0.249999999999999,14.9979165219706,12.6961751825799));
#9333=CARTESIAN_POINT('',(-0.249999999999999,14.9979165219706,8.));
#9334=CARTESIAN_POINT('',(-1.7145,14.9016941905946,11.));
#9335=CARTESIAN_POINT('Ctrl Pts',(-0.25,14.9979165219706,12.6961751825799));
#9336=CARTESIAN_POINT('Ctrl Pts',(-0.387420904680753,14.9956258553891,12.6759206554986));
#9337=CARTESIAN_POINT('Ctrl Pts',(-0.525415712791395,14.9913682089864,12.63815239631));
#9338=CARTESIAN_POINT('Ctrl Pts',(-0.867553152321257,14.9763825594352,12.4963683080625));
#9339=CARTESIAN_POINT('Ctrl Pts',(-1.0602184133593,14.9632626251303,12.3644507393294));
#9340=CARTESIAN_POINT('Ctrl Pts',(-1.36445162561448,14.9385930898936,12.0602175270742));
#9341=CARTESIAN_POINT('Ctrl Pts',(-1.49636850086164,14.9254355534087,11.8675526526543));
#9342=CARTESIAN_POINT('Ctrl Pts',(-1.67139781075981,14.9068499204694,11.4451916464977));
#9343=CARTESIAN_POINT('Ctrl Pts',(-1.7145,14.9016941905946,11.2154793278623));
#9344=CARTESIAN_POINT('Ctrl Pts',(-1.7145,14.9016941905946,11.));
#9345=CARTESIAN_POINT('',(0.250000000000001,14.9979165219706,12.6961751825799));
#9346=CARTESIAN_POINT('Ctrl Pts',(-1.7145,14.9016941905946,11.));
#9347=CARTESIAN_POINT('Ctrl Pts',(-1.7145,14.9016941905946,10.7845206721377));
#9348=CARTESIAN_POINT('Ctrl Pts',(-1.67139781075981,14.9068499204694,10.5548083535023));
#9349=CARTESIAN_POINT('Ctrl Pts',(-1.49636850086164,14.9254355534087,10.1324473473457));
#9350=CARTESIAN_POINT('Ctrl Pts',(-1.36445162561448,14.9385930898936,9.93978247292581));
#9351=CARTESIAN_POINT('Ctrl Pts',(-1.0602184133593,14.9632626251303,9.63554926067063));
#9352=CARTESIAN_POINT('Ctrl Pts',(-0.867553152321259,14.9763825594352,9.50363169193752));
#9353=CARTESIAN_POINT('Ctrl Pts',(-0.44519084261858,14.994882065264,9.3286018703734));
#9354=CARTESIAN_POINT('Ctrl Pts',(-0.215478072407202,15.,9.2855));
#9355=CARTESIAN_POINT('Ctrl Pts',(0.215478072407202,15.,9.2855));
#9356=CARTESIAN_POINT('Ctrl Pts',(0.44519084261858,14.994882065264,9.3286018703734));
#9357=CARTESIAN_POINT('Ctrl Pts',(0.867553152321259,14.9763825594352,9.50363169193752));
#9358=CARTESIAN_POINT('Ctrl Pts',(1.0602184133593,14.9632626251303,9.63554926067063));
#9359=CARTESIAN_POINT('Ctrl Pts',(1.36445162561448,14.9385930898936,9.93978247292581));
#9360=CARTESIAN_POINT('Ctrl Pts',(1.49636850086164,14.9254355534087,10.1324473473457));
#9361=CARTESIAN_POINT('Ctrl Pts',(1.67139781075981,14.9068499204694,10.5548083535023));
#9362=CARTESIAN_POINT('Ctrl Pts',(1.7145,14.9016941905946,10.7845206721377));
#9363=CARTESIAN_POINT('Ctrl Pts',(1.7145,14.9016941905946,11.2154793278623));
#9364=CARTESIAN_POINT('Ctrl Pts',(1.67139781075981,14.9068499204694,11.4451916464977));
#9365=CARTESIAN_POINT('Ctrl Pts',(1.49636850086164,14.9254355534087,11.8675526526543));
#9366=CARTESIAN_POINT('Ctrl Pts',(1.36445162561448,14.9385930898936,12.0602175270742));
#9367=CARTESIAN_POINT('Ctrl Pts',(1.0602184133593,14.9632626251303,12.3644507393294));
#9368=CARTESIAN_POINT('Ctrl Pts',(0.867553152321257,14.9763825594352,12.4963683080625));
#9369=CARTESIAN_POINT('Ctrl Pts',(0.525415712791396,14.9913682089864,12.63815239631));
#9370=CARTESIAN_POINT('Ctrl Pts',(0.387420904680753,14.9956258553891,12.6759206554986));
#9371=CARTESIAN_POINT('Ctrl Pts',(0.25,14.9979165219706,12.6961751825799));
#9372=CARTESIAN_POINT('',(0.250000000000001,14.9979165219706,15.));
#9373=CARTESIAN_POINT('',(0.250000000000002,14.9979165219706,8.));
#9374=CARTESIAN_POINT('',(2.09926896268373,14.8523758982296,15.));
#9375=CARTESIAN_POINT('Origin',(0.,0.,15.));
#9376=CARTESIAN_POINT('',(2.09926896268373,14.8523758982296,13.5));
#9377=CARTESIAN_POINT('',(2.09926896268373,14.8523758982296,8.));
#9378=CARTESIAN_POINT('',(2.5931131329813,14.7741586657095,13.5));
#9379=CARTESIAN_POINT('Origin',(0.,0.,13.5));
#9380=CARTESIAN_POINT('',(2.5931131329813,14.7741586657095,15.));
#9381=CARTESIAN_POINT('',(2.5931131329813,14.7741586657095,8.));
#9382=CARTESIAN_POINT('',(4.39684695643195,14.3411204876647,15.));
#9383=CARTESIAN_POINT('Origin',(0.,0.,15.));
#9384=CARTESIAN_POINT('',(4.39684695643195,14.3411204876647,12.));
#9385=CARTESIAN_POINT('',(4.39684695643195,14.3411204876647,8.));
#9386=CARTESIAN_POINT('',(4.87237521457952,14.1866119904772,12.));
#9387=CARTESIAN_POINT('Origin',(0.,0.,12.));
#9388=CARTESIAN_POINT('',(4.87237521457952,14.1866119904772,15.));
#9389=CARTESIAN_POINT('',(4.87237521457953,14.1866119904772,8.));
#9390=CARTESIAN_POINT('',(6.58615998581437,13.4767390952432,15.));
#9391=CARTESIAN_POINT('Origin',(0.,0.,15.));
#9392=CARTESIAN_POINT('',(6.58615998581437,13.4767390952432,13.5));
#9393=CARTESIAN_POINT('',(6.58615998581437,13.4767390952432,8.));
#9394=CARTESIAN_POINT('',(7.03166324790855,13.2497438453735,13.5));
#9395=CARTESIAN_POINT('Origin',(0.,0.,13.5));
#9396=CARTESIAN_POINT('',(7.03166324790855,13.2497438453735,15.));
#9397=CARTESIAN_POINT('',(7.03166324790855,13.2497438453735,8.));
#9398=CARTESIAN_POINT('',(8.61329989813423,12.2805156595642,15.));
#9399=CARTESIAN_POINT('Origin',(0.,0.,15.));
#9400=CARTESIAN_POINT('',(8.61329989813423,12.2805156595642,8.));
#9401=CARTESIAN_POINT('',(9.0178083953217,11.9866230334179,15.));
#9402=CARTESIAN_POINT('',(9.0178083953217,11.9866230334179,8.));
#9403=CARTESIAN_POINT('',(10.4283517810586,10.7819051716518,15.));
#9404=CARTESIAN_POINT('Origin',(0.,0.,15.));
#9405=CARTESIAN_POINT('',(10.4283517810586,10.7819051716518,13.5));
#9406=CARTESIAN_POINT('',(10.4283517810586,10.7819051716518,8.));
#9407=CARTESIAN_POINT('',(10.7819051716518,10.4283517810586,13.5));
#9408=CARTESIAN_POINT('Origin',(0.,0.,13.5));
#9409=CARTESIAN_POINT('',(10.7819051716518,10.4283517810586,15.));
#9410=CARTESIAN_POINT('',(10.7819051716518,10.4283517810586,8.));
#9411=CARTESIAN_POINT('',(11.9866230334179,9.0178083953217,15.));
#9412=CARTESIAN_POINT('Origin',(0.,0.,15.));
#9413=CARTESIAN_POINT('',(11.9866230334179,9.0178083953217,12.));
#9414=CARTESIAN_POINT('',(11.9866230334179,9.0178083953217,8.));
#9415=CARTESIAN_POINT('',(12.2805156595642,8.61329989813423,12.));
#9416=CARTESIAN_POINT('Origin',(0.,0.,12.));
#9417=CARTESIAN_POINT('',(12.2805156595642,8.61329989813423,15.));
#9418=CARTESIAN_POINT('',(12.2805156595642,8.61329989813423,8.));
#9419=CARTESIAN_POINT('',(13.2497438453735,7.03166324790855,15.));
#9420=CARTESIAN_POINT('Origin',(0.,0.,15.));
#9421=CARTESIAN_POINT('',(13.2497438453735,7.03166324790855,13.5));
#9422=CARTESIAN_POINT('',(13.2497438453735,7.03166324790855,8.));
#9423=CARTESIAN_POINT('',(13.4767390952432,6.58615998581437,13.5));
#9424=CARTESIAN_POINT('Origin',(0.,0.,13.5));
#9425=CARTESIAN_POINT('',(13.4767390952432,6.58615998581437,15.));
#9426=CARTESIAN_POINT('',(13.4767390952432,6.58615998581437,8.));
#9427=CARTESIAN_POINT('',(14.1866119904772,4.87237521457952,15.));
#9428=CARTESIAN_POINT('Origin',(0.,0.,15.));
#9429=CARTESIAN_POINT('',(14.1866119904772,4.87237521457952,8.));
#9430=CARTESIAN_POINT('',(14.3411204876647,4.39684695643195,15.));
#9431=CARTESIAN_POINT('',(14.3411204876647,4.39684695643194,8.));
#9432=CARTESIAN_POINT('',(14.7741586657095,2.5931131329813,15.));
#9433=CARTESIAN_POINT('Origin',(0.,0.,15.));
#9434=CARTESIAN_POINT('',(14.7741586657095,2.5931131329813,13.5));
#9435=CARTESIAN_POINT('',(14.7741586657095,2.5931131329813,8.));
#9436=CARTESIAN_POINT('',(14.8523758982296,2.09926896268373,13.5));
#9437=CARTESIAN_POINT('Origin',(0.,0.,13.5));
#9438=CARTESIAN_POINT('',(14.8523758982296,2.09926896268373,15.));
#9439=CARTESIAN_POINT('',(14.8523758982296,2.09926896268373,8.));
#9440=CARTESIAN_POINT('',(14.9979165219706,0.25,15.));
#9441=CARTESIAN_POINT('Origin',(0.,0.,15.));
#9442=CARTESIAN_POINT('',(14.9979165219706,0.25,12.));
#9443=CARTESIAN_POINT('',(14.9979165219706,0.249999999999999,8.));
#9444=CARTESIAN_POINT('',(14.9979165219706,-0.25,12.));
#9445=CARTESIAN_POINT('Origin',(0.,0.,12.));
#9446=CARTESIAN_POINT('',(14.9979165219706,-0.25,15.));
#9447=CARTESIAN_POINT('',(14.9979165219706,-0.250000000000002,8.));
#9448=CARTESIAN_POINT('',(14.8523758982296,-2.09926896268373,15.));
#9449=CARTESIAN_POINT('Origin',(0.,0.,15.));
#9450=CARTESIAN_POINT('',(14.8523758982296,-2.09926896268373,13.5));
#9451=CARTESIAN_POINT('',(14.8523758982296,-2.09926896268373,8.));
#9452=CARTESIAN_POINT('',(14.7741586657095,-2.5931131329813,13.5));
#9453=CARTESIAN_POINT('Origin',(0.,0.,13.5));
#9454=CARTESIAN_POINT('',(14.7741586657095,-2.5931131329813,15.));
#9455=CARTESIAN_POINT('',(14.7741586657095,-2.5931131329813,8.));
#9456=CARTESIAN_POINT('',(14.3411204876647,-4.39684695643195,15.));
#9457=CARTESIAN_POINT('Origin',(0.,0.,15.));
#9458=CARTESIAN_POINT('',(14.3411204876647,-4.39684695643195,8.));
#9459=CARTESIAN_POINT('',(14.1866119904772,-4.87237521457952,15.));
#9460=CARTESIAN_POINT('',(14.1866119904772,-4.87237521457952,8.));
#9461=CARTESIAN_POINT('',(13.4767390952432,-6.58615998581437,15.));
#9462=CARTESIAN_POINT('Origin',(0.,0.,15.));
#9463=CARTESIAN_POINT('',(13.4767390952432,-6.58615998581437,13.5));
#9464=CARTESIAN_POINT('',(13.4767390952432,-6.58615998581437,8.));
#9465=CARTESIAN_POINT('',(13.2497438453735,-7.03166324790855,13.5));
#9466=CARTESIAN_POINT('Origin',(0.,0.,13.5));
#9467=CARTESIAN_POINT('',(13.2497438453735,-7.03166324790855,15.));
#9468=CARTESIAN_POINT('',(13.2497438453735,-7.03166324790855,8.));
#9469=CARTESIAN_POINT('',(12.2805156595642,-8.61329989813423,15.));
#9470=CARTESIAN_POINT('Origin',(0.,0.,15.));
#9471=CARTESIAN_POINT('',(12.2805156595642,-8.61329989813423,12.));
#9472=CARTESIAN_POINT('',(12.2805156595642,-8.61329989813423,8.));
#9473=CARTESIAN_POINT('',(11.9866230334179,-9.0178083953217,12.));
#9474=CARTESIAN_POINT('Origin',(0.,0.,12.));
#9475=CARTESIAN_POINT('',(11.9866230334179,-9.0178083953217,15.));
#9476=CARTESIAN_POINT('',(11.9866230334179,-9.0178083953217,8.));
#9477=CARTESIAN_POINT('',(10.7819051716518,-10.4283517810586,15.));
#9478=CARTESIAN_POINT('Origin',(0.,0.,15.));
#9479=CARTESIAN_POINT('',(10.7819051716518,-10.4283517810586,13.5));
#9480=CARTESIAN_POINT('',(10.7819051716518,-10.4283517810586,8.));
#9481=CARTESIAN_POINT('',(10.4283517810586,-10.7819051716518,13.5));
#9482=CARTESIAN_POINT('Origin',(0.,0.,13.5));
#9483=CARTESIAN_POINT('',(10.4283517810586,-10.7819051716518,15.));
#9484=CARTESIAN_POINT('',(10.4283517810586,-10.7819051716518,8.));
#9485=CARTESIAN_POINT('',(9.0178083953217,-11.9866230334179,15.));
#9486=CARTESIAN_POINT('Origin',(0.,0.,15.));
#9487=CARTESIAN_POINT('',(9.0178083953217,-11.9866230334179,8.));
#9488=CARTESIAN_POINT('',(8.61329989813423,-12.2805156595642,15.));
#9489=CARTESIAN_POINT('',(8.61329989813423,-12.2805156595642,8.));
#9490=CARTESIAN_POINT('',(7.03166324790855,-13.2497438453735,15.));
#9491=CARTESIAN_POINT('Origin',(0.,0.,15.));
#9492=CARTESIAN_POINT('',(7.03166324790855,-13.2497438453735,13.5));
#9493=CARTESIAN_POINT('',(7.03166324790855,-13.2497438453735,8.));
#9494=CARTESIAN_POINT('',(6.58615998581437,-13.4767390952432,13.5));
#9495=CARTESIAN_POINT('Origin',(0.,0.,13.5));
#9496=CARTESIAN_POINT('',(6.58615998581437,-13.4767390952432,15.));
#9497=CARTESIAN_POINT('',(6.58615998581437,-13.4767390952432,8.));
#9498=CARTESIAN_POINT('',(4.87237521457952,-14.1866119904772,15.));
#9499=CARTESIAN_POINT('Origin',(0.,0.,15.));
#9500=CARTESIAN_POINT('',(4.87237521457952,-14.1866119904772,12.));
#9501=CARTESIAN_POINT('',(4.87237521457952,-14.1866119904772,8.));
#9502=CARTESIAN_POINT('',(4.39684695643195,-14.3411204876647,12.));
#9503=CARTESIAN_POINT('Origin',(0.,0.,12.));
#9504=CARTESIAN_POINT('',(4.39684695643195,-14.3411204876647,15.));
#9505=CARTESIAN_POINT('',(4.39684695643195,-14.3411204876647,8.));
#9506=CARTESIAN_POINT('',(2.5931131329813,-14.7741586657095,15.));
#9507=CARTESIAN_POINT('Origin',(0.,0.,15.));
#9508=CARTESIAN_POINT('',(2.5931131329813,-14.7741586657095,13.5));
#9509=CARTESIAN_POINT('',(2.5931131329813,-14.7741586657095,8.));
#9510=CARTESIAN_POINT('',(2.09926896268373,-14.8523758982296,13.5));
#9511=CARTESIAN_POINT('Origin',(0.,0.,13.5));
#9512=CARTESIAN_POINT('',(2.09926896268373,-14.8523758982296,15.));
#9513=CARTESIAN_POINT('',(2.09926896268373,-14.8523758982296,8.));
#9514=CARTESIAN_POINT('',(0.250000000000001,-14.9979165219706,15.));
#9515=CARTESIAN_POINT('Origin',(0.,0.,15.));
#9516=CARTESIAN_POINT('',(0.250000000000001,-14.9979165219706,8.));
#9517=CARTESIAN_POINT('',(-0.249999999999999,-14.9979165219706,15.));
#9518=CARTESIAN_POINT('',(-0.25,-14.9979165219706,8.));
#9519=CARTESIAN_POINT('',(-2.09926896268374,-14.8523758982296,15.));
#9520=CARTESIAN_POINT('Origin',(0.,0.,15.));
#9521=CARTESIAN_POINT('',(-2.09926896268374,-14.8523758982296,13.5));
#9522=CARTESIAN_POINT('',(-2.09926896268374,-14.8523758982296,8.));
#9523=CARTESIAN_POINT('',(-2.5931131329813,-14.7741586657095,13.5));
#9524=CARTESIAN_POINT('Origin',(0.,0.,13.5));
#9525=CARTESIAN_POINT('',(-2.5931131329813,-14.7741586657095,15.));
#9526=CARTESIAN_POINT('',(-2.5931131329813,-14.7741586657095,8.));
#9527=CARTESIAN_POINT('',(-4.39684695643195,-14.3411204876647,15.));
#9528=CARTESIAN_POINT('Origin',(0.,0.,15.));
#9529=CARTESIAN_POINT('',(-4.39684695643195,-14.3411204876647,8.));
#9530=CARTESIAN_POINT('',(-4.87237521457953,-14.1866119904772,15.));
#9531=CARTESIAN_POINT('',(-4.87237521457953,-14.1866119904772,8.));
#9532=CARTESIAN_POINT('',(-6.58615998581437,-13.4767390952432,15.));
#9533=CARTESIAN_POINT('Origin',(0.,0.,15.));
#9534=CARTESIAN_POINT('',(-6.58615998581437,-13.4767390952432,13.5));
#9535=CARTESIAN_POINT('',(-6.58615998581437,-13.4767390952432,8.));
#9536=CARTESIAN_POINT('',(-7.03166324790855,-13.2497438453735,13.5));
#9537=CARTESIAN_POINT('Origin',(0.,0.,13.5));
#9538=CARTESIAN_POINT('',(-7.03166324790855,-13.2497438453735,15.));
#9539=CARTESIAN_POINT('',(-7.03166324790856,-13.2497438453735,8.));
#9540=CARTESIAN_POINT('',(-8.61329989813423,-12.2805156595642,15.));
#9541=CARTESIAN_POINT('Origin',(0.,0.,15.));
#9542=CARTESIAN_POINT('',(-8.61329989813424,-12.2805156595642,8.));
#9543=CARTESIAN_POINT('Origin',(-12.0557632374468,-8.78677521714444,12.));
#9544=CARTESIAN_POINT('',(-11.954088819294,-8.55574203896717,12.));
#9545=CARTESIAN_POINT('',(-12.0231475991257,-8.56791896510632,12.));
#9546=CARTESIAN_POINT('',(-11.8310108153295,-8.72514437843153,12.));
#9547=CARTESIAN_POINT('',(-11.9463586102619,-8.94208202908015,12.));
#9548=CARTESIAN_POINT('',(-11.8551822386779,-8.69187526834277,12.));
#9549=CARTESIAN_POINT('Origin',(0.,0.,11.));
#9550=CARTESIAN_POINT('',(-3.66919470047584,-1.7145,11.));
#9551=CARTESIAN_POINT('',(-4.05,-3.98241597101222E-17,12.7145));
#9552=CARTESIAN_POINT('Ctrl Pts',(-3.66919470047584,-1.7145,11.));
#9553=CARTESIAN_POINT('Ctrl Pts',(-3.66919470047584,-1.7145,11.2184449237803));
#9554=CARTESIAN_POINT('Ctrl Pts',(-3.69077036979384,-1.67027736298458,11.4492202059221));
#9555=CARTESIAN_POINT('Ctrl Pts',(-3.76536383275506,-1.49453902246249,11.8706200292614));
#9556=CARTESIAN_POINT('Ctrl Pts',(-3.81698154220536,-1.3631324553658,12.0615366973229));
#9557=CARTESIAN_POINT('Ctrl Pts',(-3.91153916065223,-1.06173203309809,12.3629371195906));
#9558=CARTESIAN_POINT('Ctrl Pts',(-3.96105720577564,-0.870743044206548,
12.4944908742283));
#9559=CARTESIAN_POINT('Ctrl Pts',(-4.03069687869129,-0.449054915106249,
12.6703431414183));
#9560=CARTESIAN_POINT('Ctrl Pts',(-4.05,-0.218161961521145,12.7145));
#9561=CARTESIAN_POINT('Ctrl Pts',(-4.05,3.46944695195361E-16,12.7145));
#9562=CARTESIAN_POINT('',(-1.04422740047326E-16,-1.7145,11.));
#9563=CARTESIAN_POINT('',(-14.7,-0.104696403562719,12.7113003573543));
#9564=CARTESIAN_POINT('Origin',(-14.4853405615758,8.82239108753817E-16,
11.));
#9565=CARTESIAN_POINT('',(-14.7,0.104696403562724,12.7113003573543));
#9566=CARTESIAN_POINT('Origin',(-14.7,8.953130817706E-16,11.));
#9567=CARTESIAN_POINT('Origin',(-14.4853405615758,8.82239108753817E-16,
11.));
#9568=CARTESIAN_POINT('',(-4.05,-1.09213098749194E-16,9.2855));
#9569=CARTESIAN_POINT('Ctrl Pts',(-4.05,3.46944695195361E-16,9.2855));
#9570=CARTESIAN_POINT('Ctrl Pts',(-4.05,-0.218161961521145,9.2855));
#9571=CARTESIAN_POINT('Ctrl Pts',(-4.03069687869129,-0.449054915106249,
9.32965685858174));
#9572=CARTESIAN_POINT('Ctrl Pts',(-3.96105720577564,-0.870743044206549,
9.50550912577166));
#9573=CARTESIAN_POINT('Ctrl Pts',(-3.91153916065223,-1.06173203309809,9.63706288040941));
#9574=CARTESIAN_POINT('Ctrl Pts',(-3.81698154220536,-1.3631324553658,9.93846330267713));
#9575=CARTESIAN_POINT('Ctrl Pts',(-3.76536383275506,-1.49453902246249,10.1293799707386));
#9576=CARTESIAN_POINT('Ctrl Pts',(-3.69077036979384,-1.67027736298458,10.5507797940779));
#9577=CARTESIAN_POINT('Ctrl Pts',(-3.66919470047584,-1.7145,10.7815550762197));
#9578=CARTESIAN_POINT('Ctrl Pts',(-3.66919470047584,-1.7145,11.));
#9579=CARTESIAN_POINT('Ctrl Pts',(-4.05,4.16333634234434E-16,12.7145));
#9580=CARTESIAN_POINT('Ctrl Pts',(-4.05,0.218161961521146,12.7145));
#9581=CARTESIAN_POINT('Ctrl Pts',(-4.03069687869129,0.449054915106249,12.6703431414183));
#9582=CARTESIAN_POINT('Ctrl Pts',(-3.96105720577564,0.870743044206549,12.4944908742283));
#9583=CARTESIAN_POINT('Ctrl Pts',(-3.91153916065223,1.06173203309809,12.3629371195906));
#9584=CARTESIAN_POINT('Ctrl Pts',(-3.81698154220536,1.3631324553658,12.0615366973229));
#9585=CARTESIAN_POINT('Ctrl Pts',(-3.76536383275506,1.49453902246249,11.8706200292614));
#9586=CARTESIAN_POINT('Ctrl Pts',(-3.69077036979384,1.67027736298458,11.4492202059221));
#9587=CARTESIAN_POINT('Ctrl Pts',(-3.66919470047584,1.7145,11.2184449237803));
#9588=CARTESIAN_POINT('Ctrl Pts',(-3.66919470047584,1.7145,10.7815550762197));
#9589=CARTESIAN_POINT('Ctrl Pts',(-3.69077036979384,1.67027736298458,10.5507797940779));
#9590=CARTESIAN_POINT('Ctrl Pts',(-3.76536383275506,1.49453902246249,10.1293799707386));
#9591=CARTESIAN_POINT('Ctrl Pts',(-3.81698154220536,1.3631324553658,9.93846330267713));
#9592=CARTESIAN_POINT('Ctrl Pts',(-3.91153916065223,1.06173203309809,9.63706288040941));
#9593=CARTESIAN_POINT('Ctrl Pts',(-3.96105720577564,0.870743044206549,9.50550912577166));
#9594=CARTESIAN_POINT('Ctrl Pts',(-4.03069687869128,0.44905491510625,9.32965685858174));
#9595=CARTESIAN_POINT('Ctrl Pts',(-4.05,0.218161961521146,9.2855));
#9596=CARTESIAN_POINT('Ctrl Pts',(-4.05,4.16333634234434E-16,9.2855));
#9597=CARTESIAN_POINT('Origin',(-12.0557632374468,8.78677521714444,12.));
#9598=CARTESIAN_POINT('',(-11.8310108153295,8.72514437843154,12.));
#9599=CARTESIAN_POINT('',(-11.8685525012176,8.79575002063507,12.));
#9600=CARTESIAN_POINT('',(-11.954088819294,8.55574203896718,12.));
#9601=CARTESIAN_POINT('',(-12.1863610192608,8.59669789468985,12.));
#9602=CARTESIAN_POINT('',(-11.9167212406601,8.6071740986106,12.));
#9603=CARTESIAN_POINT('Origin',(-4.63461108550573,14.1446491546263,12.));
#9604=CARTESIAN_POINT('',(-4.44297762047073,14.0128837574896,12.));
#9605=CARTESIAN_POINT('',(-4.43575364291623,14.0642850286561,12.));
#9606=CARTESIAN_POINT('',(-4.64212201415272,13.9481778215879,12.));
#9607=CARTESIAN_POINT('',(-4.80452432611445,14.116350338654,12.));
#9608=CARTESIAN_POINT('',(-4.60985442674669,13.9586621962861,12.));
#9609=CARTESIAN_POINT('Origin',(0.,0.,11.));
#9610=CARTESIAN_POINT('',(-1.7145,3.66919470047584,11.));
#9611=CARTESIAN_POINT('Ctrl Pts',(-1.7145,3.66919470047584,11.));
#9612=CARTESIAN_POINT('Ctrl Pts',(-1.7145,3.66919470047584,11.2184449237803));
#9613=CARTESIAN_POINT('Ctrl Pts',(-1.67027736298458,3.69077036979384,11.4492202059221));
#9614=CARTESIAN_POINT('Ctrl Pts',(-1.49453902246249,3.76536383275506,11.8706200292614));
#9615=CARTESIAN_POINT('Ctrl Pts',(-1.3631324553658,3.81698154220536,12.0615366973229));
#9616=CARTESIAN_POINT('Ctrl Pts',(-1.06173203309809,3.91153916065223,12.3629371195906));
#9617=CARTESIAN_POINT('Ctrl Pts',(-0.870743044206548,3.96105720577564,12.4944908742283));
#9618=CARTESIAN_POINT('Ctrl Pts',(-0.449054915106249,4.03069687869129,12.6703431414183));
#9619=CARTESIAN_POINT('Ctrl Pts',(-0.218161961521145,4.05,12.7145));
#9620=CARTESIAN_POINT('Ctrl Pts',(0.218161961521145,4.05,12.7145));
#9621=CARTESIAN_POINT('Ctrl Pts',(0.449054915106249,4.03069687869128,12.6703431414183));
#9622=CARTESIAN_POINT('Ctrl Pts',(0.870743044206548,3.96105720577564,12.4944908742283));
#9623=CARTESIAN_POINT('Ctrl Pts',(1.06173203309809,3.91153916065223,12.3629371195906));
#9624=CARTESIAN_POINT('Ctrl Pts',(1.3631324553658,3.81698154220536,12.0615366973229));
#9625=CARTESIAN_POINT('Ctrl Pts',(1.49453902246249,3.76536383275506,11.8706200292614));
#9626=CARTESIAN_POINT('Ctrl Pts',(1.67027736298458,3.69077036979384,11.4492202059221));
#9627=CARTESIAN_POINT('Ctrl Pts',(1.7145,3.66919470047584,11.2184449237803));
#9628=CARTESIAN_POINT('Ctrl Pts',(1.7145,3.66919470047584,10.7815550762197));
#9629=CARTESIAN_POINT('Ctrl Pts',(1.67027736298458,3.69077036979384,10.5507797940779));
#9630=CARTESIAN_POINT('Ctrl Pts',(1.49453902246249,3.76536383275506,10.1293799707386));
#9631=CARTESIAN_POINT('Ctrl Pts',(1.3631324553658,3.81698154220536,9.93846330267713));
#9632=CARTESIAN_POINT('Ctrl Pts',(1.06173203309809,3.91153916065223,9.63706288040941));
#9633=CARTESIAN_POINT('Ctrl Pts',(0.870743044206549,3.96105720577564,9.50550912577166));
#9634=CARTESIAN_POINT('Ctrl Pts',(0.44905491510625,4.03069687869128,9.32965685858174));
#9635=CARTESIAN_POINT('Ctrl Pts',(0.218161961521146,4.05,9.2855));
#9636=CARTESIAN_POINT('Ctrl Pts',(-0.218161961521145,4.05,9.2855));
#9637=CARTESIAN_POINT('Ctrl Pts',(-0.44905491510625,4.03069687869129,9.32965685858174));
#9638=CARTESIAN_POINT('Ctrl Pts',(-0.870743044206549,3.96105720577564,9.50550912577166));
#9639=CARTESIAN_POINT('Ctrl Pts',(-1.06173203309809,3.91153916065223,9.63706288040941));
#9640=CARTESIAN_POINT('Ctrl Pts',(-1.3631324553658,3.81698154220536,9.93846330267713));
#9641=CARTESIAN_POINT('Ctrl Pts',(-1.49453902246249,3.76536383275506,10.1293799707386));
#9642=CARTESIAN_POINT('Ctrl Pts',(-1.67027736298458,3.69077036979384,10.5507797940779));
#9643=CARTESIAN_POINT('Ctrl Pts',(-1.7145,3.66919470047584,10.7815550762197));
#9644=CARTESIAN_POINT('Ctrl Pts',(-1.7145,3.66919470047584,11.));
#9645=CARTESIAN_POINT('',(-1.7145,0.,11.));
#9646=CARTESIAN_POINT('',(-0.10469640356272,14.7,12.7113003573543));
#9647=CARTESIAN_POINT('Origin',(0.,14.4853405615758,11.));
#9648=CARTESIAN_POINT('',(0.104696403562723,14.7,12.7113003573543));
#9649=CARTESIAN_POINT('Origin',(0.,14.7,11.));
#9650=CARTESIAN_POINT('Origin',(0.,14.4853405615758,11.));
#9651=CARTESIAN_POINT('Origin',(4.63461108550573,14.1446491546263,12.));
#9652=CARTESIAN_POINT('',(4.64212201415272,13.9481778215879,12.));
#9653=CARTESIAN_POINT('',(4.68939772590105,13.9971332542094,12.));
#9654=CARTESIAN_POINT('',(4.44297762047074,14.0128837574896,12.));
#9655=CARTESIAN_POINT('',(4.41268831089683,14.2284033937436,12.));
#9656=CARTESIAN_POINT('',(4.5102822299057,13.9910151642369,12.));
#9657=CARTESIAN_POINT('Origin',(12.0557632374468,8.78677521714444,12.));
#9658=CARTESIAN_POINT('',(11.954088819294,8.55574203896718,12.));
#9659=CARTESIAN_POINT('',(12.0231475991257,8.56791896510632,12.));
#9660=CARTESIAN_POINT('',(11.8310108153295,8.72514437843154,12.));
#9661=CARTESIAN_POINT('',(11.9463586102619,8.94208202908016,12.));
#9662=CARTESIAN_POINT('',(11.8551822386779,8.69187526834278,12.));
#9663=CARTESIAN_POINT('Origin',(14.85,1.56125112837913E-16,12.));
#9664=CARTESIAN_POINT('',(14.7,-0.104696403562722,12.));
#9665=CARTESIAN_POINT('',(14.7399618323569,-0.124187091501973,12.));
#9666=CARTESIAN_POINT('',(14.7,0.104696403562721,12.));
#9667=CARTESIAN_POINT('',(14.8889200933422,0.196838889720612,12.));
#9668=CARTESIAN_POINT('',(14.7,0.0523482017813606,12.));
#9669=CARTESIAN_POINT('Origin',(12.0557632374468,-8.78677521714444,12.));
#9670=CARTESIAN_POINT('',(11.8310108153295,-8.72514437843154,12.));
#9671=CARTESIAN_POINT('',(11.8685525012176,-8.79575002063507,12.));
#9672=CARTESIAN_POINT('',(11.954088819294,-8.55574203896718,12.));
#9673=CARTESIAN_POINT('',(12.1863610192608,-8.59669789468985,12.));
#9674=CARTESIAN_POINT('',(11.9167212406601,-8.6071740986106,12.));
#9675=CARTESIAN_POINT('Origin',(4.63461108550574,-14.1446491546263,12.));
#9676=CARTESIAN_POINT('',(4.44297762047074,-14.0128837574896,12.));
#9677=CARTESIAN_POINT('',(4.43575364291623,-14.0642850286561,12.));
#9678=CARTESIAN_POINT('',(4.64212201415272,-13.9481778215879,12.));
#9679=CARTESIAN_POINT('',(4.80452432611445,-14.116350338654,12.));
#9680=CARTESIAN_POINT('',(4.60985442674669,-13.9586621962861,12.));
#9681=CARTESIAN_POINT('Origin',(-2.19617921899025,-14.5353967326315,15.));
#9682=CARTESIAN_POINT('',(-2.19617921899025,-14.5353967326315,15.));
#9683=CARTESIAN_POINT('',(-4.13433586189939,-8.19597200213959,15.));
#9684=CARTESIAN_POINT('',(-2.19617921899025,-14.5353967326315,13.5));
#9685=CARTESIAN_POINT('',(-2.19617921899025,-14.5353967326315,15.));
#9686=CARTESIAN_POINT('',(-2.13426875788573,-14.7378967264468,13.5));
#9687=CARTESIAN_POINT('Origin',(-2.40299405319254,-14.5026404808656,15.));
#9688=CARTESIAN_POINT('',(-2.40299405319254,-14.5026404808656,15.));
#9689=CARTESIAN_POINT('',(-2.35129034464197,-14.510829543807,15.));
#9690=CARTESIAN_POINT('',(-2.40299405319254,-14.5026404808656,13.5));
#9691=CARTESIAN_POINT('',(-2.40299405319254,-14.5026404808656,15.));
#9692=CARTESIAN_POINT('',(-2.25837089421565,-14.5255465389581,13.5));
#9693=CARTESIAN_POINT('Origin',(-2.59311313298131,-14.7741586657095,15.));
#9694=CARTESIAN_POINT('',(1.30423288803538,-9.20817171421019,15.));
#9695=CARTESIAN_POINT('',(-2.43473071872674,-14.5479651364889,13.5));
#9696=CARTESIAN_POINT('Origin',(-2.34619104783252,-14.6775081895476,13.5));
#9697=CARTESIAN_POINT('Origin',(0.,0.,15.));
#9698=CARTESIAN_POINT('',(-0.104696403562721,-14.7,15.));
#9699=CARTESIAN_POINT('',(2.72865103304432,-8.89077686619566,15.));
#9700=CARTESIAN_POINT('',(0.104696403562722,-14.7,15.));
#9701=CARTESIAN_POINT('',(-0.0523482017813605,-14.7,15.));
#9702=CARTESIAN_POINT('',(-2.80130283126296,-8.74181860521034,15.));
#9703=CARTESIAN_POINT('',(2.19617921899025,-14.5353967326315,15.));
#9704=CARTESIAN_POINT('',(4.08588073374613,-8.35446158493867,15.));
#9705=CARTESIAN_POINT('',(2.40299405319254,-14.5026404808656,15.));
#9706=CARTESIAN_POINT('',(2.24788292754082,-14.52720766969,15.));
#9707=CARTESIAN_POINT('',(-1.39929242792976,-9.0724126217882,15.));
#9708=CARTESIAN_POINT('',(4.44297762047074,-14.0128837574896,15.));
#9709=CARTESIAN_POINT('',(5.3425024905224,-7.61243173259213,15.));
#9710=CARTESIAN_POINT('',(4.64212201415272,-13.9481778215879,15.));
#9711=CARTESIAN_POINT('',(4.49276371889123,-13.9967072735142,15.));
#9712=CARTESIAN_POINT('',(0.0371731989643906,-9.17961373000641,15.));
#9713=CARTESIAN_POINT('',(6.58037516753789,-13.1453270781434,15.));
#9714=CARTESIAN_POINT('',(6.46757410523279,-6.68295854677672,15.));
#9715=CARTESIAN_POINT('',(6.76694552480478,-13.0502647329946,15.));
#9716=CARTESIAN_POINT('',(6.62701775685462,-13.1215614918562,15.));
#9717=CARTESIAN_POINT('',(1.47272349832926,-9.06078228280055,15.));
#9718=CARTESIAN_POINT('',(8.55574203896718,-11.954088819294,15.));
#9719=CARTESIAN_POINT('',(7.43339258082451,-5.58892874207185,15.));
#9720=CARTESIAN_POINT('',(8.72514437843154,-11.8310108153295,15.));
#9721=CARTESIAN_POINT('',(8.59809262383327,-11.9233193183028,15.));
#9722=CARTESIAN_POINT('',(2.8720104574762,-8.71884430477978,15.));
#9723=CARTESIAN_POINT('',(10.3204381465172,-10.4685012203673,15.));
#9724=CARTESIAN_POINT('',(8.21617626106075,-4.35728096314611,15.));
#9725=CARTESIAN_POINT('',(10.4685012203673,-10.3204381465172,15.));
#9726=CARTESIAN_POINT('',(10.3574539149797,-10.4314854519048,15.));
#9727=CARTESIAN_POINT('',(4.20057898750384,-8.16221944379007,15.));
#9728=CARTESIAN_POINT('',(11.8310108153295,-8.72514437843154,15.));
#9729=CARTESIAN_POINT('',(8.796650413824,-3.01834246592128,15.));
#9730=CARTESIAN_POINT('',(11.954088819294,-8.55574203896718,15.));
#9731=CARTESIAN_POINT('',(11.8617803163206,-8.68279379356545,15.));
#9732=CARTESIAN_POINT('',(5.42571532193674,-7.40461365124099,15.));
#9733=CARTESIAN_POINT('',(13.0502647329946,-6.76694552480478,15.));
#9734=CARTESIAN_POINT('',(9.16052183898996,-1.60508235988115,15.));
#9735=CARTESIAN_POINT('',(13.1453270781434,-6.5803751675379,15.));
#9736=CARTESIAN_POINT('',(13.0740303192818,-6.72030293548806,15.));
#9737=CARTESIAN_POINT('',(6.51725253822679,-6.46468169609455,15.));
#9738=CARTESIAN_POINT('',(13.9481778215879,-4.64212201415272,15.));
#9739=CARTESIAN_POINT('',(9.29883081445104,-0.152299799177791,15.));
#9740=CARTESIAN_POINT('',(14.0128837574896,-4.44297762047074,15.));
#9741=CARTESIAN_POINT('',(13.9643543055633,-4.59233591573223,15.));
#9742=CARTESIAN_POINT('',(7.44831336750459,-5.3655678225418,15.));
#9743=CARTESIAN_POINT('',(14.5026404808656,-2.40299405319254,15.));
#9744=CARTESIAN_POINT('',(9.20817171421019,1.30423288803538,15.));
#9745=CARTESIAN_POINT('',(14.5353967326315,-2.19617921899025,15.));
#9746=CARTESIAN_POINT('',(14.510829543807,-2.35129034464197,15.));
#9747=CARTESIAN_POINT('',(8.19597200213959,-4.13433586189939,15.));
#9748=CARTESIAN_POINT('',(14.7,-0.104696403562722,15.));
#9749=CARTESIAN_POINT('',(8.89077686619565,2.72865103304432,15.));
#9750=CARTESIAN_POINT('',(14.7,0.104696403562721,15.));
#9751=CARTESIAN_POINT('',(14.7,-0.0523482017813614,15.));
#9752=CARTESIAN_POINT('',(8.74181860521034,-2.80130283126296,15.));
#9753=CARTESIAN_POINT('',(14.5353967326315,2.19617921899025,15.));
#9754=CARTESIAN_POINT('',(8.35446158493867,4.08588073374613,15.));
#9755=CARTESIAN_POINT('',(14.5026404808656,2.40299405319254,15.));
#9756=CARTESIAN_POINT('',(14.52720766969,2.24788292754082,15.));
#9757=CARTESIAN_POINT('',(9.0724126217882,-1.39929242792976,15.));
#9758=CARTESIAN_POINT('',(14.0128837574896,4.44297762047073,15.));
#9759=CARTESIAN_POINT('',(7.61243173259213,5.3425024905224,15.));
#9760=CARTESIAN_POINT('',(13.9481778215879,4.64212201415272,15.));
#9761=CARTESIAN_POINT('',(13.9967072735142,4.49276371889123,15.));
#9762=CARTESIAN_POINT('',(9.17961373000641,0.0371731989643895,15.));
#9763=CARTESIAN_POINT('',(13.1453270781434,6.58037516753789,15.));
#9764=CARTESIAN_POINT('',(6.68295854677672,6.46757410523279,15.));
#9765=CARTESIAN_POINT('',(13.0502647329946,6.76694552480478,15.));
#9766=CARTESIAN_POINT('',(13.1215614918562,6.62701775685461,15.));
#9767=CARTESIAN_POINT('',(9.06078228280055,1.47272349832926,15.));
#9768=CARTESIAN_POINT('',(11.954088819294,8.55574203896718,15.));
#9769=CARTESIAN_POINT('',(5.58892874207185,7.43339258082451,15.));
#9770=CARTESIAN_POINT('',(11.8310108153295,8.72514437843154,15.));
#9771=CARTESIAN_POINT('',(11.9233193183028,8.59809262383327,15.));
#9772=CARTESIAN_POINT('',(8.71884430477978,2.8720104574762,15.));
#9773=CARTESIAN_POINT('',(10.4685012203673,10.3204381465172,15.));
#9774=CARTESIAN_POINT('',(4.35728096314611,8.21617626106075,15.));
#9775=CARTESIAN_POINT('',(10.3204381465172,10.4685012203673,15.));
#9776=CARTESIAN_POINT('',(10.4314854519048,10.3574539149797,15.));
#9777=CARTESIAN_POINT('',(8.16221944379007,4.20057898750384,15.));
#9778=CARTESIAN_POINT('',(8.72514437843154,11.8310108153295,15.));
#9779=CARTESIAN_POINT('',(3.01834246592129,8.796650413824,15.));
#9780=CARTESIAN_POINT('',(8.55574203896718,11.954088819294,15.));
#9781=CARTESIAN_POINT('',(8.68279379356545,11.8617803163206,15.));
#9782=CARTESIAN_POINT('',(7.40461365124099,5.42571532193674,15.));
#9783=CARTESIAN_POINT('',(6.76694552480478,13.0502647329946,15.));
#9784=CARTESIAN_POINT('',(1.60508235988115,9.16052183898996,15.));
#9785=CARTESIAN_POINT('',(6.5803751675379,13.1453270781434,15.));
#9786=CARTESIAN_POINT('',(6.72030293548806,13.0740303192818,15.));
#9787=CARTESIAN_POINT('',(6.46468169609455,6.51725253822679,15.));
#9788=CARTESIAN_POINT('',(4.64212201415272,13.9481778215879,15.));
#9789=CARTESIAN_POINT('',(0.152299799177791,9.29883081445104,15.));
#9790=CARTESIAN_POINT('',(4.44297762047074,14.0128837574896,15.));
#9791=CARTESIAN_POINT('',(4.59233591573223,13.9643543055633,15.));
#9792=CARTESIAN_POINT('',(5.3655678225418,7.44831336750459,15.));
#9793=CARTESIAN_POINT('',(2.40299405319254,14.5026404808656,15.));
#9794=CARTESIAN_POINT('',(-1.30423288803538,9.20817171421019,15.));
#9795=CARTESIAN_POINT('',(2.19617921899025,14.5353967326315,15.));
#9796=CARTESIAN_POINT('',(2.35129034464197,14.510829543807,15.));
#9797=CARTESIAN_POINT('',(4.13433586189939,8.19597200213959,15.));
#9798=CARTESIAN_POINT('',(0.104696403562723,14.7,15.));
#9799=CARTESIAN_POINT('',(-2.72865103304432,8.89077686619566,15.));
#9800=CARTESIAN_POINT('',(-0.10469640356272,14.7,15.));
#9801=CARTESIAN_POINT('',(0.0523482017813623,14.7,15.));
#9802=CARTESIAN_POINT('',(2.80130283126296,8.74181860521034,15.));
#9803=CARTESIAN_POINT('',(-2.19617921899025,14.5353967326315,15.));
#9804=CARTESIAN_POINT('',(-4.08588073374613,8.35446158493867,15.));
#9805=CARTESIAN_POINT('',(-2.40299405319254,14.5026404808656,15.));
#9806=CARTESIAN_POINT('',(-2.24788292754082,14.52720766969,15.));
#9807=CARTESIAN_POINT('',(1.39929242792976,9.0724126217882,15.));
#9808=CARTESIAN_POINT('',(-4.44297762047073,14.0128837574896,15.));
#9809=CARTESIAN_POINT('',(-5.3425024905224,7.61243173259213,15.));
#9810=CARTESIAN_POINT('',(-4.64212201415272,13.9481778215879,15.));
#9811=CARTESIAN_POINT('',(-4.49276371889123,13.9967072735142,15.));
#9812=CARTESIAN_POINT('',(-0.0371731989643892,9.17961373000641,15.));
#9813=CARTESIAN_POINT('',(-6.58037516753789,13.1453270781434,15.));
#9814=CARTESIAN_POINT('',(-6.46757410523279,6.68295854677672,15.));
#9815=CARTESIAN_POINT('',(-6.76694552480478,13.0502647329946,15.));
#9816=CARTESIAN_POINT('',(-6.62701775685461,13.1215614918562,15.));
#9817=CARTESIAN_POINT('',(-1.47272349832926,9.06078228280055,15.));
#9818=CARTESIAN_POINT('',(-8.55574203896718,11.954088819294,15.));
#9819=CARTESIAN_POINT('',(-7.43339258082451,5.58892874207185,15.));
#9820=CARTESIAN_POINT('',(-8.72514437843154,11.8310108153295,15.));
#9821=CARTESIAN_POINT('',(-8.59809262383327,11.9233193183028,15.));
#9822=CARTESIAN_POINT('',(-2.8720104574762,8.71884430477978,15.));
#9823=CARTESIAN_POINT('',(-10.3204381465172,10.4685012203673,15.));
#9824=CARTESIAN_POINT('',(-8.21617626106075,4.35728096314611,15.));
#9825=CARTESIAN_POINT('',(-10.4685012203673,10.3204381465172,15.));
#9826=CARTESIAN_POINT('',(-10.3574539149797,10.4314854519048,15.));
#9827=CARTESIAN_POINT('',(-4.20057898750384,8.16221944379007,15.));
#9828=CARTESIAN_POINT('',(-11.8310108153295,8.72514437843154,15.));
#9829=CARTESIAN_POINT('',(-8.796650413824,3.01834246592129,15.));
#9830=CARTESIAN_POINT('',(-11.954088819294,8.55574203896718,15.));
#9831=CARTESIAN_POINT('',(-11.8617803163206,8.68279379356545,15.));
#9832=CARTESIAN_POINT('',(-5.42571532193674,7.40461365124099,15.));
#9833=CARTESIAN_POINT('',(-13.0502647329946,6.76694552480478,15.));
#9834=CARTESIAN_POINT('',(-9.16052183898996,1.60508235988115,15.));
#9835=CARTESIAN_POINT('',(-13.1453270781434,6.5803751675379,15.));
#9836=CARTESIAN_POINT('',(-13.0740303192818,6.72030293548806,15.));
#9837=CARTESIAN_POINT('',(-6.51725253822679,6.46468169609456,15.));
#9838=CARTESIAN_POINT('',(-13.9481778215879,4.64212201415272,15.));
#9839=CARTESIAN_POINT('',(-9.29883081445104,0.152299799177792,15.));
#9840=CARTESIAN_POINT('',(-14.0128837574896,4.44297762047074,15.));
#9841=CARTESIAN_POINT('',(-13.9643543055633,4.59233591573223,15.));
#9842=CARTESIAN_POINT('',(-7.44831336750459,5.3655678225418,15.));
#9843=CARTESIAN_POINT('',(-14.5026404808656,2.40299405319254,15.));
#9844=CARTESIAN_POINT('',(-9.20817171421019,-1.30423288803537,15.));
#9845=CARTESIAN_POINT('',(-14.5353967326315,2.19617921899025,15.));
#9846=CARTESIAN_POINT('',(-14.510829543807,2.35129034464197,15.));
#9847=CARTESIAN_POINT('',(-8.19597200213959,4.13433586189939,15.));
#9848=CARTESIAN_POINT('',(-14.7,0.104696403562724,15.));
#9849=CARTESIAN_POINT('',(-8.89077686619566,-2.72865103304432,15.));
#9850=CARTESIAN_POINT('',(-14.7,-0.104696403562719,15.));
#9851=CARTESIAN_POINT('',(-14.7,0.0523482017813632,15.));
#9852=CARTESIAN_POINT('',(-8.74181860521034,2.80130283126296,15.));
#9853=CARTESIAN_POINT('',(-14.5353967326315,-2.19617921899025,15.));
#9854=CARTESIAN_POINT('',(-8.35446158493867,-4.08588073374613,15.));
#9855=CARTESIAN_POINT('',(-14.5026404808656,-2.40299405319253,15.));
#9856=CARTESIAN_POINT('',(-14.52720766969,-2.24788292754082,15.));
#9857=CARTESIAN_POINT('',(-9.0724126217882,1.39929242792976,15.));
#9858=CARTESIAN_POINT('',(-14.0128837574896,-4.44297762047073,15.));
#9859=CARTESIAN_POINT('',(-7.61243173259213,-5.3425024905224,15.));
#9860=CARTESIAN_POINT('',(-13.9481778215879,-4.64212201415272,15.));
#9861=CARTESIAN_POINT('',(-13.9967072735142,-4.49276371889123,15.));
#9862=CARTESIAN_POINT('',(-9.17961373000641,-0.0371731989643889,15.));
#9863=CARTESIAN_POINT('',(-13.1453270781434,-6.58037516753789,15.));
#9864=CARTESIAN_POINT('',(-6.68295854677672,-6.46757410523279,15.));
#9865=CARTESIAN_POINT('',(-13.0502647329946,-6.76694552480478,15.));
#9866=CARTESIAN_POINT('',(-13.1215614918562,-6.62701775685461,15.));
#9867=CARTESIAN_POINT('',(-9.06078228280055,-1.47272349832926,15.));
#9868=CARTESIAN_POINT('',(-11.954088819294,-8.55574203896717,15.));
#9869=CARTESIAN_POINT('',(-5.58892874207185,-7.43339258082451,15.));
#9870=CARTESIAN_POINT('',(-11.8310108153295,-8.72514437843153,15.));
#9871=CARTESIAN_POINT('',(-11.9233193183028,-8.59809262383326,15.));
#9872=CARTESIAN_POINT('',(-8.71884430477978,-2.8720104574762,15.));
#9873=CARTESIAN_POINT('',(-10.4685012203673,-10.3204381465172,15.));
#9874=CARTESIAN_POINT('',(-4.35728096314611,-8.21617626106075,15.));
#9875=CARTESIAN_POINT('',(-10.3204381465172,-10.4685012203673,15.));
#9876=CARTESIAN_POINT('',(-10.4314854519048,-10.3574539149797,15.));
#9877=CARTESIAN_POINT('',(-8.16221944379007,-4.20057898750384,15.));
#9878=CARTESIAN_POINT('',(-8.72514437843154,-11.8310108153295,15.));
#9879=CARTESIAN_POINT('',(-3.01834246592129,-8.796650413824,15.));
#9880=CARTESIAN_POINT('',(-8.55574203896718,-11.954088819294,15.));
#9881=CARTESIAN_POINT('',(-8.68279379356545,-11.8617803163206,15.));
#9882=CARTESIAN_POINT('',(-7.40461365124099,-5.42571532193674,15.));
#9883=CARTESIAN_POINT('',(-6.76694552480479,-13.0502647329946,15.));
#9884=CARTESIAN_POINT('',(-1.60508235988115,-9.16052183898996,15.));
#9885=CARTESIAN_POINT('',(-6.5803751675379,-13.1453270781434,15.));
#9886=CARTESIAN_POINT('',(-6.72030293548806,-13.0740303192818,15.));
#9887=CARTESIAN_POINT('',(-6.46468169609456,-6.51725253822679,15.));
#9888=CARTESIAN_POINT('',(-4.64212201415272,-13.9481778215879,15.));
#9889=CARTESIAN_POINT('',(-0.152299799177793,-9.29883081445104,15.));
#9890=CARTESIAN_POINT('',(-4.44297762047074,-14.0128837574896,15.));
#9891=CARTESIAN_POINT('',(-4.59233591573223,-13.9643543055633,15.));
#9892=CARTESIAN_POINT('',(-5.3655678225418,-7.44831336750459,15.));
#9893=CARTESIAN_POINT('',(-7.,8.57252759403147E-16,15.));
#9894=CARTESIAN_POINT('Origin',(0.,0.,15.));
#9895=CARTESIAN_POINT('Origin',(-4.44297762047074,-14.0128837574896,15.));
#9896=CARTESIAN_POINT('',(-4.44297762047074,-14.0128837574896,15.));
#9897=CARTESIAN_POINT('Origin',(-4.64212201415272,-13.9481778215879,15.));
#9898=CARTESIAN_POINT('',(-4.64212201415272,-13.9481778215879,15.));
#9899=CARTESIAN_POINT('Origin',(-4.87237521457952,-14.1866119904772,15.));
#9900=CARTESIAN_POINT('Origin',(-6.5803751675379,-13.1453270781434,15.));
#9901=CARTESIAN_POINT('',(-6.5803751675379,-13.1453270781434,13.5));
#9902=CARTESIAN_POINT('',(-6.5803751675379,-13.1453270781434,15.));
#9903=CARTESIAN_POINT('',(-6.58433300131389,-13.3720712233109,13.5));
#9904=CARTESIAN_POINT('Origin',(-6.76694552480479,-13.0502647329946,15.));
#9905=CARTESIAN_POINT('',(-6.76694552480479,-13.0502647329946,13.5));
#9906=CARTESIAN_POINT('',(-6.76694552480479,-13.0502647329946,15.));
#9907=CARTESIAN_POINT('',(-6.64604237470346,-13.1118679648953,13.5));
#9908=CARTESIAN_POINT('Origin',(-7.03166324790855,-13.2497438453735,15.));
#9909=CARTESIAN_POINT('',(-6.83065067078598,-13.0982700037612,13.5));
#9910=CARTESIAN_POINT('Origin',(-6.80601920772323,-13.2635019141189,13.5));
#9911=CARTESIAN_POINT('Origin',(-8.55574203896718,-11.954088819294,15.));
#9912=CARTESIAN_POINT('',(-8.55574203896718,-11.954088819294,15.));
#9913=CARTESIAN_POINT('Origin',(-8.72514437843154,-11.8310108153295,15.));
#9914=CARTESIAN_POINT('',(-8.72514437843154,-11.8310108153295,15.));
#9915=CARTESIAN_POINT('Origin',(-9.01780839532171,-11.9866230334179,15.));
#9916=CARTESIAN_POINT('Origin',(-10.3204381465172,-10.4685012203673,15.));
#9917=CARTESIAN_POINT('',(-10.3204381465172,-10.4685012203673,13.5));
#9918=CARTESIAN_POINT('',(-10.3204381465172,-10.4685012203673,15.));
#9919=CARTESIAN_POINT('',(-10.3993474707162,-10.6976705380561,13.5));
#9920=CARTESIAN_POINT('Origin',(-10.4685012203673,-10.3204381465172,15.));
#9921=CARTESIAN_POINT('',(-10.4685012203673,-10.3204381465172,13.5));
#9922=CARTESIAN_POINT('',(-10.4685012203673,-10.3204381465172,15.));
#9923=CARTESIAN_POINT('',(-10.3574539149797,-10.4314854519048,13.5));
#9924=CARTESIAN_POINT('Origin',(-10.7819051716518,-10.4283517810586,15.));
#9925=CARTESIAN_POINT('',(-10.5409685624138,-10.3453906534455,13.5));
#9926=CARTESIAN_POINT('Origin',(-10.5511716590845,-10.5511716590845,13.5));
#9927=CARTESIAN_POINT('Origin',(-11.8310108153295,-8.72514437843153,15.));
#9928=CARTESIAN_POINT('',(-11.8310108153295,-8.72514437843153,15.));
#9929=CARTESIAN_POINT('Origin',(-11.954088819294,-8.55574203896717,15.));
#9930=CARTESIAN_POINT('',(-11.954088819294,-8.55574203896717,15.));
#9931=CARTESIAN_POINT('Origin',(-12.2805156595642,-8.61329989813423,15.));
#9932=CARTESIAN_POINT('Origin',(-13.0502647329946,-6.76694552480478,15.));
#9933=CARTESIAN_POINT('',(-13.0502647329946,-6.76694552480478,13.5));
#9934=CARTESIAN_POINT('',(-13.0502647329946,-6.76694552480478,15.));
#9935=CARTESIAN_POINT('',(-13.1980095599506,-6.96300953233786,13.5));
#9936=CARTESIAN_POINT('Origin',(-13.1453270781434,-6.58037516753789,15.));
#9937=CARTESIAN_POINT('',(-13.1453270781434,-6.58037516753789,13.5));
#9938=CARTESIAN_POINT('',(-13.1453270781434,-6.58037516753789,15.));
#9939=CARTESIAN_POINT('',(-13.0643367923209,-6.7393275533369,13.5));
#9940=CARTESIAN_POINT('Origin',(-13.4767390952432,-6.58615998581436,15.));
#9941=CARTESIAN_POINT('',(-13.206365214761,-6.58144059217565,13.5));
#9942=CARTESIAN_POINT('Origin',(-13.2635019141189,-6.80601920772322,13.5));
#9943=CARTESIAN_POINT('Origin',(-13.9481778215879,-4.64212201415272,15.));
#9944=CARTESIAN_POINT('',(-13.9481778215879,-4.64212201415272,15.));
#9945=CARTESIAN_POINT('Origin',(-14.0128837574896,-4.44297762047073,15.));
#9946=CARTESIAN_POINT('',(-14.0128837574896,-4.44297762047073,15.));
#9947=CARTESIAN_POINT('Origin',(-14.3411204876647,-4.39684695643194,15.));
#9948=CARTESIAN_POINT('Origin',(-14.5026404808656,-2.40299405319253,15.));
#9949=CARTESIAN_POINT('',(-14.5026404808656,-2.40299405319253,13.5));
#9950=CARTESIAN_POINT('',(-14.5026404808656,-2.40299405319253,15.));
#9951=CARTESIAN_POINT('',(-14.6837242289109,-2.52979025862112,13.5));
#9952=CARTESIAN_POINT('Origin',(-14.5353967326315,-2.19617921899025,15.));
#9953=CARTESIAN_POINT('',(-14.5353967326315,-2.19617921899025,13.5));
#9954=CARTESIAN_POINT('',(-14.5353967326315,-2.19617921899025,15.));
#9955=CARTESIAN_POINT('',(-14.5091684130751,-2.36177831131679,13.5));
#9956=CARTESIAN_POINT('Origin',(-14.8523758982296,-2.09926896268373,15.));
#9957=CARTESIAN_POINT('',(-14.5794071436477,-2.18272388603899,13.5));
#9958=CARTESIAN_POINT('Origin',(-14.6775081895476,-2.34619104783252,13.5));
#9959=CARTESIAN_POINT('Origin',(-14.7,-0.10469640356272,15.));
#9960=CARTESIAN_POINT('',(-14.7,-0.104696403562719,15.));
#9961=CARTESIAN_POINT('Origin',(-14.7,0.104696403562724,15.));
#9962=CARTESIAN_POINT('',(-14.7,0.104696403562724,15.));
#9963=CARTESIAN_POINT('Origin',(-14.9979165219706,0.250000000000002,15.));
#9964=CARTESIAN_POINT('Origin',(-14.5353967326315,2.19617921899025,15.));
#9965=CARTESIAN_POINT('',(-14.5353967326315,2.19617921899025,13.5));
#9966=CARTESIAN_POINT('',(-14.5353967326315,2.19617921899025,15.));
#9967=CARTESIAN_POINT('',(-14.7378967264468,2.13426875788573,13.5));
#9968=CARTESIAN_POINT('Origin',(-14.5026404808656,2.40299405319254,15.));
#9969=CARTESIAN_POINT('',(-14.5026404808656,2.40299405319254,13.5));
#9970=CARTESIAN_POINT('',(-14.5026404808656,2.40299405319254,15.));
#9971=CARTESIAN_POINT('',(-14.5255465389581,2.25837089421565,13.5));
#9972=CARTESIAN_POINT('Origin',(-14.7741586657095,2.5931131329813,15.));
#9973=CARTESIAN_POINT('',(-14.5479651364889,2.43473071872674,13.5));
#9974=CARTESIAN_POINT('Origin',(-14.6775081895476,2.34619104783252,13.5));
#9975=CARTESIAN_POINT('Origin',(-14.0128837574896,4.44297762047074,15.));
#9976=CARTESIAN_POINT('',(-14.0128837574896,4.44297762047074,15.));
#9977=CARTESIAN_POINT('Origin',(-13.9481778215879,4.64212201415272,15.));
#9978=CARTESIAN_POINT('',(-13.9481778215879,4.64212201415272,15.));
#9979=CARTESIAN_POINT('Origin',(-14.1866119904772,4.87237521457952,15.));
#9980=CARTESIAN_POINT('Origin',(-13.1453270781434,6.5803751675379,15.));
#9981=CARTESIAN_POINT('',(-13.1453270781434,6.5803751675379,13.5));
#9982=CARTESIAN_POINT('',(-13.1453270781434,6.5803751675379,15.));
#9983=CARTESIAN_POINT('',(-13.3720712233109,6.58433300131389,13.5));
#9984=CARTESIAN_POINT('Origin',(-13.0502647329946,6.76694552480478,15.));
#9985=CARTESIAN_POINT('',(-13.0502647329946,6.76694552480478,13.5));
#9986=CARTESIAN_POINT('',(-13.0502647329946,6.76694552480478,15.));
#9987=CARTESIAN_POINT('',(-13.1118679648953,6.64604237470346,13.5));
#9988=CARTESIAN_POINT('Origin',(-13.2497438453735,7.03166324790855,15.));
#9989=CARTESIAN_POINT('',(-13.0982700037612,6.83065067078598,13.5));
#9990=CARTESIAN_POINT('Origin',(-13.2635019141189,6.80601920772322,13.5));
#9991=CARTESIAN_POINT('Origin',(-11.954088819294,8.55574203896718,15.));
#9992=CARTESIAN_POINT('',(-11.954088819294,8.55574203896718,15.));
#9993=CARTESIAN_POINT('Origin',(-11.8310108153295,8.72514437843154,15.));
#9994=CARTESIAN_POINT('',(-11.8310108153295,8.72514437843154,15.));
#9995=CARTESIAN_POINT('Origin',(-11.9866230334179,9.0178083953217,15.));
#9996=CARTESIAN_POINT('Origin',(-10.4685012203673,10.3204381465172,15.));
#9997=CARTESIAN_POINT('',(-10.4685012203673,10.3204381465172,13.5));
#9998=CARTESIAN_POINT('',(-10.4685012203673,10.3204381465172,15.));
#9999=CARTESIAN_POINT('',(-10.6976705380561,10.3993474707162,13.5));
#10000=CARTESIAN_POINT('Origin',(-10.3204381465172,10.4685012203673,15.));
#10001=CARTESIAN_POINT('',(-10.3204381465172,10.4685012203673,13.5));
#10002=CARTESIAN_POINT('',(-10.3204381465172,10.4685012203673,15.));
#10003=CARTESIAN_POINT('',(-10.4314854519048,10.3574539149797,13.5));
#10004=CARTESIAN_POINT('Origin',(-10.4283517810586,10.7819051716518,15.));
#10005=CARTESIAN_POINT('',(-10.3453906534455,10.5409685624138,13.5));
#10006=CARTESIAN_POINT('Origin',(-10.5511716590845,10.5511716590845,13.5));
#10007=CARTESIAN_POINT('Origin',(-8.72514437843154,11.8310108153295,15.));
#10008=CARTESIAN_POINT('',(-8.72514437843154,11.8310108153295,15.));
#10009=CARTESIAN_POINT('Origin',(-8.55574203896718,11.954088819294,15.));
#10010=CARTESIAN_POINT('',(-8.55574203896718,11.954088819294,15.));
#10011=CARTESIAN_POINT('Origin',(-8.61329989813423,12.2805156595642,15.));
#10012=CARTESIAN_POINT('Origin',(-6.76694552480478,13.0502647329946,15.));
#10013=CARTESIAN_POINT('',(-6.76694552480478,13.0502647329946,13.5));
#10014=CARTESIAN_POINT('',(-6.76694552480478,13.0502647329946,15.));
#10015=CARTESIAN_POINT('',(-6.96300953233786,13.1980095599506,13.5));
#10016=CARTESIAN_POINT('Origin',(-6.58037516753789,13.1453270781434,15.));
#10017=CARTESIAN_POINT('',(-6.58037516753789,13.1453270781434,13.5));
#10018=CARTESIAN_POINT('',(-6.58037516753789,13.1453270781434,15.));
#10019=CARTESIAN_POINT('',(-6.7393275533369,13.0643367923209,13.5));
#10020=CARTESIAN_POINT('Origin',(-6.58615998581436,13.4767390952432,15.));
#10021=CARTESIAN_POINT('',(-6.58144059217565,13.206365214761,13.5));
#10022=CARTESIAN_POINT('Origin',(-6.80601920772322,13.2635019141189,13.5));
#10023=CARTESIAN_POINT('Origin',(-4.64212201415272,13.9481778215879,15.));
#10024=CARTESIAN_POINT('',(-4.64212201415272,13.9481778215879,15.));
#10025=CARTESIAN_POINT('Origin',(-4.44297762047073,14.0128837574896,15.));
#10026=CARTESIAN_POINT('',(-4.44297762047073,14.0128837574896,15.));
#10027=CARTESIAN_POINT('Origin',(-4.39684695643194,14.3411204876647,15.));
#10028=CARTESIAN_POINT('Origin',(-2.40299405319254,14.5026404808656,15.));
#10029=CARTESIAN_POINT('',(-2.40299405319254,14.5026404808656,13.5));
#10030=CARTESIAN_POINT('',(-2.40299405319254,14.5026404808656,15.));
#10031=CARTESIAN_POINT('',(-2.52979025862112,14.6837242289109,13.5));
#10032=CARTESIAN_POINT('Origin',(-2.19617921899025,14.5353967326315,15.));
#10033=CARTESIAN_POINT('',(-2.19617921899025,14.5353967326315,13.5));
#10034=CARTESIAN_POINT('',(-2.19617921899025,14.5353967326315,15.));
#10035=CARTESIAN_POINT('',(-2.36177831131679,14.5091684130751,13.5));
#10036=CARTESIAN_POINT('Origin',(-2.09926896268373,14.8523758982296,15.));
#10037=CARTESIAN_POINT('',(-2.18272388603899,14.5794071436477,13.5));
#10038=CARTESIAN_POINT('Origin',(-2.34619104783252,14.6775081895476,13.5));
#10039=CARTESIAN_POINT('Origin',(-0.104696403562721,14.7,15.));
#10040=CARTESIAN_POINT('',(-0.10469640356272,14.7,15.));
#10041=CARTESIAN_POINT('Origin',(0.104696403562723,14.7,15.));
#10042=CARTESIAN_POINT('',(0.104696403562723,14.7,15.));
#10043=CARTESIAN_POINT('Origin',(0.250000000000001,14.9979165219706,15.));
#10044=CARTESIAN_POINT('Origin',(2.19617921899025,14.5353967326315,15.));
#10045=CARTESIAN_POINT('',(2.19617921899025,14.5353967326315,13.5));
#10046=CARTESIAN_POINT('',(2.19617921899025,14.5353967326315,15.));
#10047=CARTESIAN_POINT('',(2.13426875788573,14.7378967264468,13.5));
#10048=CARTESIAN_POINT('Origin',(2.40299405319254,14.5026404808656,15.));
#10049=CARTESIAN_POINT('',(2.40299405319254,14.5026404808656,13.5));
#10050=CARTESIAN_POINT('',(2.40299405319254,14.5026404808656,15.));
#10051=CARTESIAN_POINT('',(2.25837089421565,14.5255465389581,13.5));
#10052=CARTESIAN_POINT('Origin',(2.5931131329813,14.7741586657095,15.));
#10053=CARTESIAN_POINT('',(2.43473071872674,14.5479651364889,13.5));
#10054=CARTESIAN_POINT('Origin',(2.34619104783252,14.6775081895476,13.5));
#10055=CARTESIAN_POINT('Origin',(4.44297762047074,14.0128837574896,15.));
#10056=CARTESIAN_POINT('',(4.44297762047074,14.0128837574896,15.));
#10057=CARTESIAN_POINT('Origin',(4.64212201415272,13.9481778215879,15.));
#10058=CARTESIAN_POINT('',(4.64212201415272,13.9481778215879,15.));
#10059=CARTESIAN_POINT('Origin',(4.87237521457952,14.1866119904772,15.));
#10060=CARTESIAN_POINT('Origin',(6.58037516753789,13.1453270781434,15.));
#10061=CARTESIAN_POINT('',(6.5803751675379,13.1453270781434,13.5));
#10062=CARTESIAN_POINT('',(6.5803751675379,13.1453270781434,15.));
#10063=CARTESIAN_POINT('',(6.58433300131389,13.3720712233109,13.5));
#10064=CARTESIAN_POINT('Origin',(6.76694552480478,13.0502647329946,15.));
#10065=CARTESIAN_POINT('',(6.76694552480478,13.0502647329946,13.5));
#10066=CARTESIAN_POINT('',(6.76694552480478,13.0502647329946,15.));
#10067=CARTESIAN_POINT('',(6.64604237470346,13.1118679648953,13.5));
#10068=CARTESIAN_POINT('Origin',(7.03166324790855,13.2497438453735,15.));
#10069=CARTESIAN_POINT('',(6.83065067078598,13.0982700037612,13.5));
#10070=CARTESIAN_POINT('Origin',(6.80601920772322,13.2635019141189,13.5));
#10071=CARTESIAN_POINT('Origin',(8.55574203896718,11.954088819294,15.));
#10072=CARTESIAN_POINT('',(8.55574203896718,11.954088819294,15.));
#10073=CARTESIAN_POINT('Origin',(8.72514437843154,11.8310108153295,15.));
#10074=CARTESIAN_POINT('',(8.72514437843154,11.8310108153295,15.));
#10075=CARTESIAN_POINT('Origin',(9.0178083953217,11.9866230334179,15.));
#10076=CARTESIAN_POINT('Origin',(10.3204381465172,10.4685012203673,15.));
#10077=CARTESIAN_POINT('',(10.3204381465172,10.4685012203673,13.5));
#10078=CARTESIAN_POINT('',(10.3204381465172,10.4685012203673,15.));
#10079=CARTESIAN_POINT('',(10.3993474707162,10.6976705380561,13.5));
#10080=CARTESIAN_POINT('Origin',(10.4685012203673,10.3204381465172,15.));
#10081=CARTESIAN_POINT('',(10.4685012203673,10.3204381465172,13.5));
#10082=CARTESIAN_POINT('',(10.4685012203673,10.3204381465172,15.));
#10083=CARTESIAN_POINT('',(10.3574539149797,10.4314854519048,13.5));
#10084=CARTESIAN_POINT('Origin',(10.7819051716518,10.4283517810586,15.));
#10085=CARTESIAN_POINT('',(10.5409685624138,10.3453906534455,13.5));
#10086=CARTESIAN_POINT('Origin',(10.5511716590845,10.5511716590845,13.5));
#10087=CARTESIAN_POINT('Origin',(11.8310108153295,8.72514437843154,15.));
#10088=CARTESIAN_POINT('',(11.8310108153295,8.72514437843154,15.));
#10089=CARTESIAN_POINT('Origin',(11.954088819294,8.55574203896718,15.));
#10090=CARTESIAN_POINT('',(11.954088819294,8.55574203896718,15.));
#10091=CARTESIAN_POINT('Origin',(12.2805156595642,8.61329989813423,15.));
#10092=CARTESIAN_POINT('Origin',(13.0502647329946,6.76694552480478,15.));
#10093=CARTESIAN_POINT('',(13.0502647329946,6.76694552480478,13.5));
#10094=CARTESIAN_POINT('',(13.0502647329946,6.76694552480478,15.));
#10095=CARTESIAN_POINT('',(13.1980095599506,6.96300953233786,13.5));
#10096=CARTESIAN_POINT('Origin',(13.1453270781434,6.58037516753789,15.));
#10097=CARTESIAN_POINT('',(13.1453270781434,6.58037516753789,13.5));
#10098=CARTESIAN_POINT('',(13.1453270781434,6.58037516753789,15.));
#10099=CARTESIAN_POINT('',(13.0643367923209,6.7393275533369,13.5));
#10100=CARTESIAN_POINT('Origin',(13.4767390952432,6.58615998581437,15.));
#10101=CARTESIAN_POINT('',(13.206365214761,6.58144059217565,13.5));
#10102=CARTESIAN_POINT('Origin',(13.2635019141189,6.80601920772322,13.5));
#10103=CARTESIAN_POINT('Origin',(13.9481778215879,4.64212201415272,15.));
#10104=CARTESIAN_POINT('',(13.9481778215879,4.64212201415272,15.));
#10105=CARTESIAN_POINT('Origin',(14.0128837574896,4.44297762047073,15.));
#10106=CARTESIAN_POINT('',(14.0128837574896,4.44297762047073,15.));
#10107=CARTESIAN_POINT('Origin',(14.3411204876647,4.39684695643194,15.));
#10108=CARTESIAN_POINT('Origin',(14.5026404808656,2.40299405319254,15.));
#10109=CARTESIAN_POINT('',(14.5026404808656,2.40299405319254,13.5));
#10110=CARTESIAN_POINT('',(14.5026404808656,2.40299405319254,15.));
#10111=CARTESIAN_POINT('',(14.6837242289109,2.52979025862112,13.5));
#10112=CARTESIAN_POINT('Origin',(14.5353967326315,2.19617921899025,15.));
#10113=CARTESIAN_POINT('',(14.5353967326315,2.19617921899025,13.5));
#10114=CARTESIAN_POINT('',(14.5353967326315,2.19617921899025,15.));
#10115=CARTESIAN_POINT('',(14.5091684130751,2.36177831131679,13.5));
#10116=CARTESIAN_POINT('Origin',(14.8523758982296,2.09926896268373,15.));
#10117=CARTESIAN_POINT('',(14.5794071436477,2.18272388603899,13.5));
#10118=CARTESIAN_POINT('Origin',(14.6775081895476,2.34619104783252,13.5));
#10119=CARTESIAN_POINT('Origin',(14.7,0.104696403562722,15.));
#10120=CARTESIAN_POINT('',(14.7,0.104696403562721,15.));
#10121=CARTESIAN_POINT('Origin',(14.7,-0.104696403562722,15.));
#10122=CARTESIAN_POINT('',(14.7,-0.104696403562722,15.));
#10123=CARTESIAN_POINT('Origin',(14.9979165219706,-0.25,15.));
#10124=CARTESIAN_POINT('Origin',(14.5353967326315,-2.19617921899025,15.));
#10125=CARTESIAN_POINT('',(14.5353967326315,-2.19617921899025,13.5));
#10126=CARTESIAN_POINT('',(14.5353967326315,-2.19617921899025,15.));
#10127=CARTESIAN_POINT('',(14.7378967264468,-2.13426875788573,13.5));
#10128=CARTESIAN_POINT('Origin',(14.5026404808656,-2.40299405319254,15.));
#10129=CARTESIAN_POINT('',(14.5026404808656,-2.40299405319254,13.5));
#10130=CARTESIAN_POINT('',(14.5026404808656,-2.40299405319254,15.));
#10131=CARTESIAN_POINT('',(14.5255465389581,-2.25837089421565,13.5));
#10132=CARTESIAN_POINT('Origin',(14.7741586657095,-2.5931131329813,15.));
#10133=CARTESIAN_POINT('',(14.5479651364889,-2.43473071872674,13.5));
#10134=CARTESIAN_POINT('Origin',(14.6775081895476,-2.34619104783252,13.5));
#10135=CARTESIAN_POINT('Origin',(14.0128837574896,-4.44297762047074,15.));
#10136=CARTESIAN_POINT('',(14.0128837574896,-4.44297762047074,15.));
#10137=CARTESIAN_POINT('Origin',(13.9481778215879,-4.64212201415272,15.));
#10138=CARTESIAN_POINT('',(13.9481778215879,-4.64212201415272,15.));
#10139=CARTESIAN_POINT('Origin',(14.1866119904772,-4.87237521457952,15.));
#10140=CARTESIAN_POINT('Origin',(13.1453270781434,-6.58037516753789,15.));
#10141=CARTESIAN_POINT('',(13.1453270781434,-6.5803751675379,13.5));
#10142=CARTESIAN_POINT('',(13.1453270781434,-6.5803751675379,15.));
#10143=CARTESIAN_POINT('',(13.3720712233109,-6.58433300131389,13.5));
#10144=CARTESIAN_POINT('Origin',(13.0502647329946,-6.76694552480478,15.));
#10145=CARTESIAN_POINT('',(13.0502647329946,-6.76694552480478,13.5));
#10146=CARTESIAN_POINT('',(13.0502647329946,-6.76694552480478,15.));
#10147=CARTESIAN_POINT('',(13.1118679648953,-6.64604237470346,13.5));
#10148=CARTESIAN_POINT('Origin',(13.2497438453735,-7.03166324790855,15.));
#10149=CARTESIAN_POINT('',(13.0982700037612,-6.83065067078598,13.5));
#10150=CARTESIAN_POINT('Origin',(13.2635019141189,-6.80601920772322,13.5));
#10151=CARTESIAN_POINT('Origin',(11.954088819294,-8.55574203896718,15.));
#10152=CARTESIAN_POINT('',(11.954088819294,-8.55574203896718,15.));
#10153=CARTESIAN_POINT('Origin',(11.8310108153295,-8.72514437843154,15.));
#10154=CARTESIAN_POINT('',(11.8310108153295,-8.72514437843154,15.));
#10155=CARTESIAN_POINT('Origin',(11.9866230334179,-9.0178083953217,15.));
#10156=CARTESIAN_POINT('Origin',(10.4685012203673,-10.3204381465172,15.));
#10157=CARTESIAN_POINT('',(10.4685012203673,-10.3204381465172,13.5));
#10158=CARTESIAN_POINT('',(10.4685012203673,-10.3204381465172,15.));
#10159=CARTESIAN_POINT('',(10.6976705380561,-10.3993474707162,13.5));
#10160=CARTESIAN_POINT('Origin',(10.3204381465172,-10.4685012203673,15.));
#10161=CARTESIAN_POINT('',(10.3204381465172,-10.4685012203673,13.5));
#10162=CARTESIAN_POINT('',(10.3204381465172,-10.4685012203673,15.));
#10163=CARTESIAN_POINT('',(10.4314854519048,-10.3574539149797,13.5));
#10164=CARTESIAN_POINT('Origin',(10.4283517810586,-10.7819051716518,15.));
#10165=CARTESIAN_POINT('',(10.3453906534455,-10.5409685624138,13.5));
#10166=CARTESIAN_POINT('Origin',(10.5511716590845,-10.5511716590845,13.5));
#10167=CARTESIAN_POINT('Origin',(8.72514437843154,-11.8310108153295,15.));
#10168=CARTESIAN_POINT('',(8.72514437843154,-11.8310108153295,15.));
#10169=CARTESIAN_POINT('Origin',(8.55574203896718,-11.954088819294,15.));
#10170=CARTESIAN_POINT('',(8.55574203896718,-11.954088819294,15.));
#10171=CARTESIAN_POINT('Origin',(8.61329989813423,-12.2805156595642,15.));
#10172=CARTESIAN_POINT('Origin',(6.76694552480478,-13.0502647329946,15.));
#10173=CARTESIAN_POINT('',(6.76694552480478,-13.0502647329946,13.5));
#10174=CARTESIAN_POINT('',(6.76694552480478,-13.0502647329946,15.));
#10175=CARTESIAN_POINT('',(6.96300953233786,-13.1980095599506,13.5));
#10176=CARTESIAN_POINT('Origin',(6.58037516753789,-13.1453270781434,15.));
#10177=CARTESIAN_POINT('',(6.58037516753789,-13.1453270781434,13.5));
#10178=CARTESIAN_POINT('',(6.58037516753789,-13.1453270781434,15.));
#10179=CARTESIAN_POINT('',(6.7393275533369,-13.0643367923209,13.5));
#10180=CARTESIAN_POINT('Origin',(6.58615998581437,-13.4767390952432,15.));
#10181=CARTESIAN_POINT('',(6.58144059217565,-13.206365214761,13.5));
#10182=CARTESIAN_POINT('Origin',(6.80601920772322,-13.2635019141189,13.5));
#10183=CARTESIAN_POINT('Origin',(4.64212201415272,-13.9481778215879,15.));
#10184=CARTESIAN_POINT('',(4.64212201415272,-13.9481778215879,15.));
#10185=CARTESIAN_POINT('Origin',(4.44297762047074,-14.0128837574896,15.));
#10186=CARTESIAN_POINT('',(4.44297762047074,-14.0128837574896,15.));
#10187=CARTESIAN_POINT('Origin',(4.39684695643195,-14.3411204876647,15.));
#10188=CARTESIAN_POINT('Origin',(2.40299405319254,-14.5026404808656,15.));
#10189=CARTESIAN_POINT('',(2.40299405319254,-14.5026404808656,13.5));
#10190=CARTESIAN_POINT('',(2.40299405319254,-14.5026404808656,15.));
#10191=CARTESIAN_POINT('',(2.52979025862112,-14.6837242289109,13.5));
#10192=CARTESIAN_POINT('Origin',(2.19617921899025,-14.5353967326315,15.));
#10193=CARTESIAN_POINT('',(2.19617921899025,-14.5353967326315,13.5));
#10194=CARTESIAN_POINT('',(2.19617921899025,-14.5353967326315,15.));
#10195=CARTESIAN_POINT('',(2.36177831131679,-14.5091684130751,13.5));
#10196=CARTESIAN_POINT('Origin',(2.09926896268373,-14.8523758982296,15.));
#10197=CARTESIAN_POINT('',(2.18272388603899,-14.5794071436477,13.5));
#10198=CARTESIAN_POINT('Origin',(2.34619104783252,-14.6775081895476,13.5));
#10199=CARTESIAN_POINT('Origin',(0.104696403562722,-14.7,15.));
#10200=CARTESIAN_POINT('',(0.104696403562722,-14.7,15.));
#10201=CARTESIAN_POINT('Origin',(-0.104696403562721,-14.7,15.));
#10202=CARTESIAN_POINT('',(-0.104696403562721,-14.7,15.));
#10203=CARTESIAN_POINT('Origin',(-0.249999999999999,-14.9979165219706,15.));
#10204=CARTESIAN_POINT('Origin',(0.,-23.,-4.30364155134372));
#10205=CARTESIAN_POINT('Ctrl Pts',(-2.41412312631389,-23.0019119004062,
-1.6578082180104));
#10206=CARTESIAN_POINT('Ctrl Pts',(-2.41540149290307,-23.1480481815878,
-1.64758970162477));
#10207=CARTESIAN_POINT('Ctrl Pts',(-2.33737682577856,-24.0841205828015,
-1.58204272162504));
#10208=CARTESIAN_POINT('Ctrl Pts',(-1.11490200012237,-25.6127388297674,
-1.46116727801121));
#10209=CARTESIAN_POINT('Ctrl Pts',(1.56154043216437,-25.3725952878537,-1.29518188716891));
#10210=CARTESIAN_POINT('Ctrl Pts',(2.84045401245145,-23.0094206138604,-1.12919649632661));
#10211=CARTESIAN_POINT('Ctrl Pts',(1.57714991271389,-20.6375923081251,-0.963211105484302));
#10212=CARTESIAN_POINT('Ctrl Pts',(-1.09768563363073,-20.3802238514322,
-0.797225714642002));
#10213=CARTESIAN_POINT('Ctrl Pts',(-2.33392578541141,-21.9048818746531,
-0.675980307706253));
#10214=CARTESIAN_POINT('Ctrl Pts',(-2.41529894811519,-22.8465380805966,
-0.610063364384606));
#10215=CARTESIAN_POINT('Ctrl Pts',(-2.41396890079191,-22.9980285212721,
-0.599474884677059));
#10216=CARTESIAN_POINT('Ctrl Pts',(-2.41496217932401,-22.997618687553,-1.81302511532294));
#10217=CARTESIAN_POINT('Ctrl Pts',(-2.40967805372998,-23.6875824762626,
-1.76469314965376));
#10218=CARTESIAN_POINT('Ctrl Pts',(-1.74147522429249,-25.1800987555139,
-1.66103272037048));
#10219=CARTESIAN_POINT('Ctrl Pts',(0.772915073381168,-25.7325471177253,
-1.50204382747309));
#10220=CARTESIAN_POINT('Ctrl Pts',(2.70497528107672,-23.8666759493363,-1.33605843663079));
#10221=CARTESIAN_POINT('Ctrl Pts',(2.21672066143287,-21.2236103477062,-1.17007304578849));
#10222=CARTESIAN_POINT('Ctrl Pts',(-0.255812646543432,-20.1711879413735,
-1.00408765494619));
#10223=CARTESIAN_POINT('Ctrl Pts',(-2.12720847267151,-21.4048886311632,
-0.865627233679893));
#10224=CARTESIAN_POINT('Ctrl Pts',(-2.40921346806352,-22.6002495805786,
-0.782495276027699));
#10225=CARTESIAN_POINT('Ctrl Pts',(-2.40926337664847,-23.0000198461385,
-0.754691781989606));
#10226=CARTESIAN_POINT('Ctrl Pts',(1.55559642465039,-24.1061986167569,-2.));
#10227=CARTESIAN_POINT('Ctrl Pts',(1.9189580966004,-23.5952197480637,-1.9446715363859));
#10228=CARTESIAN_POINT('Ctrl Pts',(2.09745320880456,-22.196028154383,-1.8340146091577));
#10229=CARTESIAN_POINT('Ctrl Pts',(0.485976852334635,-20.8048654778751,
-1.6680292183154));
#10230=CARTESIAN_POINT('Ctrl Pts',(-1.55985026514147,-21.3834725663743,
-1.5020438274731));
#10231=CARTESIAN_POINT('Ctrl Pts',(-2.20988198963686,-23.4063241600727,
-1.33605843663079));
#10232=CARTESIAN_POINT('Ctrl Pts',(-0.88194616114944,-25.0668139269161,
-1.17007304578849));
#10233=CARTESIAN_POINT('Ctrl Pts',(1.23526066818056,-24.8768477461284,-1.00408765494619));
#10234=CARTESIAN_POINT('Ctrl Pts',(2.24694862142869,-23.0074522013854,-0.838102264103888));
#10235=CARTESIAN_POINT('Ctrl Pts',(1.24760858884683,-21.13121117848,-0.672116873261585));
#10236=CARTESIAN_POINT('Ctrl Pts',(-0.868327109129993,-20.9276191835277,
-0.506131482419284));
#10237=CARTESIAN_POINT('Ctrl Pts',(-2.20711814095998,-22.5787534596274,
-0.340146091576981));
#10238=CARTESIAN_POINT('Ctrl Pts',(-1.57054466951329,-24.606925609987,-0.17416070073468));
#10239=CARTESIAN_POINT('Ctrl Pts',(0.471658888369938,-25.1968933647703,
-0.00817530989237766));
#10240=CARTESIAN_POINT('Ctrl Pts',(2.09173022637607,-23.8206564706443,0.157810080949924));
#10241=CARTESIAN_POINT('Ctrl Pts',(1.83971087814327,-21.7099320085573,0.323795471792226));
#10242=CARTESIAN_POINT('Ctrl Pts',(-0.0588423307717357,-20.7538150112936,
0.489780862634528));
#10243=CARTESIAN_POINT('Ctrl Pts',(-1.90473197072982,-21.8080239233997,
0.65576625347683));
#10244=CARTESIAN_POINT('Ctrl Pts',(-2.04589391391348,-23.9290471948452,
0.821751644319132));
#10245=CARTESIAN_POINT('Ctrl Pts',(-0.355988841529628,-25.2185766400654,
0.987737035161432));
#10246=CARTESIAN_POINT('Ctrl Pts',(1.65252486124199,-24.522488799695,1.15372242600374));
#10247=CARTESIAN_POINT('Ctrl Pts',(2.18203528070108,-22.4637793879656,1.31970781684604));
#10248=CARTESIAN_POINT('Ctrl Pts',(0.758632674866042,-20.8849853541599,
1.48569320768834));
#10249=CARTESIAN_POINT('Ctrl Pts',(-1.34374320473001,-21.1991211273058,
1.65167859853064));
#10250=CARTESIAN_POINT('Ctrl Pts',(-2.24347417920385,-23.1250364449315,
1.81766398937294));
#10251=CARTESIAN_POINT('Ctrl Pts',(-1.13530455221786,-24.9390446299846,
1.98364938021525));
#10252=CARTESIAN_POINT('Ctrl Pts',(0.988958201818328,-25.0176154692904,
2.14963477105755));
#10253=CARTESIAN_POINT('Ctrl Pts',(2.22810723922527,-23.2904283662137,2.31562016189985));
#10254=CARTESIAN_POINT('Ctrl Pts',(1.47310902589084,-21.3033090136567,2.48160555274215));
#10255=CARTESIAN_POINT('Ctrl Pts',(-0.600315994940624,-20.8347214470275,
2.64759094358445));
#10256=CARTESIAN_POINT('Ctrl Pts',(-2.13646055194139,-22.3040497032761,
2.81357633442676));
#10257=CARTESIAN_POINT('Ctrl Pts',(-1.76048128425721,-24.3962507487193,
2.97956172526906));
#10258=CARTESIAN_POINT('Ctrl Pts',(0.191121836395236,-25.2388128437317,
3.14554711611136));
#10259=CARTESIAN_POINT('Ctrl Pts',(1.97167166216435,-24.0776462138092,3.31153250695366));
#10260=CARTESIAN_POINT('Ctrl Pts',(1.98758307405651,-21.9519904441104,3.47751789779597));
#10261=CARTESIAN_POINT('Ctrl Pts',(0.224615420749288,-20.764299121415,3.64350328863826));
#10262=CARTESIAN_POINT('Ctrl Pts',(-1.73938215421736,-21.5775513271511,
3.80948867948057));
#10263=CARTESIAN_POINT('Ctrl Pts',(-2.14663951497364,-23.6638895225438,
3.97547407032287));
#10264=CARTESIAN_POINT('Ctrl Pts',(-0.632662918958001,-25.1560491965257,
4.14145946116517));
#10265=CARTESIAN_POINT('Ctrl Pts',(1.44754451107681,-24.718553284542,4.30744485200747));
#10266=CARTESIAN_POINT('Ctrl Pts',(2.23220527440703,-22.7429589172429,4.47343024284978));
#10267=CARTESIAN_POINT('Ctrl Pts',(1.01905106121285,-20.9974153079045,4.63941563369208));
#10268=CARTESIAN_POINT('Ctrl Pts',(-1.10614985920538,-21.0441771612765,
4.80540102453438));
#10269=CARTESIAN_POINT('Ctrl Pts',(-2.24135098993022,-22.841392777801,4.97138641537668));
#10270=CARTESIAN_POINT('Ctrl Pts',(-1.37055176270936,-24.7805612676776,
5.13737180621898));
#10271=CARTESIAN_POINT('Ctrl Pts',(0.726885919009332,-25.1261343381554,
5.30335719706129));
#10272=CARTESIAN_POINT('Ctrl Pts',(2.17376355881698,-23.5688256214318,5.46934258790358));
#10273=CARTESIAN_POINT('Ctrl Pts',(1.6751313130993,-21.5024199749656,5.63532797874589));
#10274=CARTESIAN_POINT('Ctrl Pts',(-0.322736864987465,-20.7763430256988,
5.80131336958819));
#10275=CARTESIAN_POINT('Ctrl Pts',(-2.03175687302331,-22.0404294988765,
5.96729876043049));
#10276=CARTESIAN_POINT('Ctrl Pts',(-1.92236232242445,-24.1633294821625,
6.1332841512728));
#10277=CARTESIAN_POINT('Ctrl Pts',(-0.0924612503303267,-25.2450508859127,
6.29926954211509));
#10278=CARTESIAN_POINT('Ctrl Pts',(1.82019271923091,-24.317466864793,6.4652549329574));
#10279=CARTESIAN_POINT('Ctrl Pts',(2.103780478187,-22.2107428584233,6.63124032379971));
#10280=CARTESIAN_POINT('Ctrl Pts',(0.504494618250186,-20.810424836392,6.79722571464199));
#10281=CARTESIAN_POINT('Ctrl Pts',(-1.546315193504,-21.3697214432064,6.96321110548431));
#10282=CARTESIAN_POINT('Ctrl Pts',(-2.21317265178603,-23.3882015662413,
7.12919649632661));
#10283=CARTESIAN_POINT('Ctrl Pts',(-0.899261537778301,-25.0590665523907,
7.2951818871689));
#10284=CARTESIAN_POINT('Ctrl Pts',(1.21950901895165,-24.8874179697025,7.46116727801122));
#10285=CARTESIAN_POINT('Ctrl Pts',(2.24677734925143,-23.0258703318659,7.62715266885349));
#10286=CARTESIAN_POINT('Ctrl Pts',(1.26327862288505,-21.1424691350376,7.79313805969583));
#10287=CARTESIAN_POINT('Ctrl Pts',(-0.851019600773284,-20.919001511214,
7.95912345053811));
#10288=CARTESIAN_POINT('Ctrl Pts',(-2.20337656413184,-22.5631792034438,
8.12510884138043));
#10289=CARTESIAN_POINT('Ctrl Pts',(-1.79030162994201,-23.9118699462206,
8.23576576860862));
#10290=CARTESIAN_POINT('Ctrl Pts',(-1.34558693383048,-24.3538653624363,
8.29109423222272));
#10291=CARTESIAN_POINT('Ctrl Pts',(1.69256066962405,-24.203595123932,-2.09703141074091));
#10292=CARTESIAN_POINT('Ctrl Pts',(2.08791493056589,-23.6476265433579,-2.04170294712681));
#10293=CARTESIAN_POINT('Ctrl Pts',(2.28212584661681,-22.1252415447777,-1.9310460198986));
#10294=CARTESIAN_POINT('Ctrl Pts',(0.528765233433956,-20.6115923784553,
-1.7650606290563));
#10295=CARTESIAN_POINT('Ctrl Pts',(-1.69718904430784,-21.2411435818656,
-1.599075238214));
#10296=CARTESIAN_POINT('Ctrl Pts',(-2.40445354649777,-23.4420994298772,
-1.4330898473717));
#10297=CARTESIAN_POINT('Ctrl Pts',(-0.959598107473751,-25.2487888945332,
-1.2671044565294));
#10298=CARTESIAN_POINT('Ctrl Pts',(1.34402058950849,-25.0420969267035,-1.1011190656871));
#10299=CARTESIAN_POINT('Ctrl Pts',(2.44478375176961,-23.0081083388771,-0.935133674844791));
#10300=CARTESIAN_POINT('Ctrl Pts',(1.35745569680252,-20.9666715550283,-0.769148284002493));
#10301=CARTESIAN_POINT('Ctrl Pts',(-0.944779950630241,-20.7451540728293,
-0.603162893160189));
#10302=CARTESIAN_POINT('Ctrl Pts',(-2.40144635164109,-22.5416643319875,
-0.437177502317888));
#10303=CARTESIAN_POINT('Ctrl Pts',(-1.70882504959685,-24.7484091910837,
-0.271192111475585));
#10304=CARTESIAN_POINT('Ctrl Pts',(0.513186628153234,-25.3903213234781,
-0.105206720633284));
#10305=CARTESIAN_POINT('Ctrl Pts',(2.27589897773364,-23.892912096913,0.0607786702090187));
#10306=CARTESIAN_POINT('Ctrl Pts',(2.00169030121333,-21.5963465145225,0.22676406105132));
#10307=CARTESIAN_POINT('Ctrl Pts',(-0.0640231702741512,-20.5560471158587,
0.392749451893623));
#10308=CARTESIAN_POINT('Ctrl Pts',(-2.07243624936804,-21.7030750428473,
0.558734842735923));
#10309=CARTESIAN_POINT('Ctrl Pts',(-2.22602695534698,-24.0108462049037,
0.724720233578227));
#10310=CARTESIAN_POINT('Ctrl Pts',(-0.387332281336072,-25.4139137272479,
0.890705624420527));
#10311=CARTESIAN_POINT('Ctrl Pts',(1.79802327994083,-24.6565380464191,1.05669101526283));
#10312=CARTESIAN_POINT('Ctrl Pts',(2.37415504260801,-22.4165672382699,1.22267640610513));
#10313=CARTESIAN_POINT('Ctrl Pts',(0.825427345950941,-20.6987664997801,
1.38866179694743));
#10314=CARTESIAN_POINT('Ctrl Pts',(-1.46205459356962,-21.0405607120342,
1.55464718778974));
#10315=CARTESIAN_POINT('Ctrl Pts',(-2.44100339835309,-23.136045420012,1.72063257863203));
#10316=CARTESIAN_POINT('Ctrl Pts',(-1.23526372436922,-25.1097700054789,
1.88661796947434));
#10317=CARTESIAN_POINT('Ctrl Pts',(1.07603214418291,-25.1952587031135,2.05260336031664));
#10318=CARTESIAN_POINT('Ctrl Pts',(2.42428345878004,-23.3159994598901,2.21858875115894));
#10319=CARTESIAN_POINT('Ctrl Pts',(1.60281057463305,-21.1539219385673,2.38457414200125));
#10320=CARTESIAN_POINT('Ctrl Pts',(-0.653171495049615,-20.6440770501479,
2.55055953284355));
#10321=CARTESIAN_POINT('Ctrl Pts',(-2.32456763535694,-22.2427739730034,
2.71654492368585));
#10322=CARTESIAN_POINT('Ctrl Pts',(-1.91548484820712,-24.519185223601,2.88253031452815));
#10323=CARTESIAN_POINT('Ctrl Pts',(0.207949374441127,-25.4359316503322,
3.04851570537045));
#10324=CARTESIAN_POINT('Ctrl Pts',(2.14526972157425,-24.1725287924036,3.21450109621276));
#10325=CARTESIAN_POINT('Ctrl Pts',(2.16258207170575,-21.8597172585508,3.38048648705506));
#10326=CARTESIAN_POINT('Ctrl Pts',(0.244391939276113,-20.5674543113023,
3.54647187789736));
#10327=CARTESIAN_POINT('Ctrl Pts',(-1.89252802142169,-21.4523102264367,
3.71245726873966));
#10328=CARTESIAN_POINT('Ctrl Pts',(-2.33564281669121,-23.7223424257263,
3.87844265958196));
#10329=CARTESIAN_POINT('Ctrl Pts',(-0.688366440542902,-25.3458809842882,
4.04442805042427));
#10330=CARTESIAN_POINT('Ctrl Pts',(1.57499520322529,-24.8698652503798,4.21041344126656));
#10331=CARTESIAN_POINT('Ctrl Pts',(2.4287423101,-22.7203274446649,4.37639883210887));
#10332=CARTESIAN_POINT('Ctrl Pts',(1.10877456338661,-20.8210954758436,4.54238422295117));
#10333=CARTESIAN_POINT('Ctrl Pts',(-1.20354207346675,-20.8719745294351,
4.70836961379347));
#10334=CARTESIAN_POINT('Ctrl Pts',(-2.43869327048074,-22.8274280257022,
4.87435500463578));
#10335=CARTESIAN_POINT('Ctrl Pts',(-1.49122354132892,-24.9373327964574,
5.04034039547807));
#10336=CARTESIAN_POINT('Ctrl Pts',(0.790885411102193,-25.31333223841,5.20632578632038));
#10337=CARTESIAN_POINT('Ctrl Pts',(2.36515502762389,-23.6189085160223,5.37231117716268));
#10338=CARTESIAN_POINT('Ctrl Pts',(1.82262014239636,-21.3705638494525,5.53829656800498));
#10339=CARTESIAN_POINT('Ctrl Pts',(-0.351152596945777,-20.5805586347479,
5.70428195884729));
#10340=CARTESIAN_POINT('Ctrl Pts',(-2.21064520271731,-21.9559430298266,
5.87026734968959));
#10341=CARTESIAN_POINT('Ctrl Pts',(-2.09161888529926,-24.2657561409379,
6.03625274053188));
#10342=CARTESIAN_POINT('Ctrl Pts',(-0.100602105593386,-25.4427189279857,
6.2022381313742));
#10343=CARTESIAN_POINT('Ctrl Pts',(1.98045364394474,-24.4334647235916,6.36822352221649));
#10344=CARTESIAN_POINT('Ctrl Pts',(2.2890102075816,-22.1412518215624,6.5342089130588));
#10345=CARTESIAN_POINT('Ctrl Pts',(0.548913416973919,-20.6176412169748,
6.70019430390109));
#10346=CARTESIAN_POINT('Ctrl Pts',(-1.68246226199393,-21.2261817255201,
6.8661796947434));
#10347=CARTESIAN_POINT('Ctrl Pts',(-2.40803393871419,-23.4223812117942,
7.0321650855857));
#10348=CARTESIAN_POINT('Ctrl Pts',(-0.978438036003623,-25.2403593936634,
7.198150476428));
#10349=CARTESIAN_POINT('Ctrl Pts',(1.32688206852446,-25.0535978175561,7.36413586727031));
#10350=CARTESIAN_POINT('Ctrl Pts',(2.44459739973997,-23.0281481144675,7.5301212581126));
#10351=CARTESIAN_POINT('Ctrl Pts',(1.37450541669418,-20.9789207310921,7.69610664895492));
#10352=CARTESIAN_POINT('Ctrl Pts',(-0.925948583143433,-20.735777647819,
7.8620920397972));
#10353=CARTESIAN_POINT('Ctrl Pts',(-2.39737534345327,-22.52471882282,8.02807743063952));
#10354=CARTESIAN_POINT('Ctrl Pts',(-1.9479307599236,-23.9921565660142,8.13873435786771));
#10355=CARTESIAN_POINT('Ctrl Pts',(-1.46406065588209,-24.4730679680888,
8.19406282148181));
#10356=CARTESIAN_POINT('Ctrl Pts',(1.8295249145977,-24.3009916311071,-2.19406282148181));
#10357=CARTESIAN_POINT('Ctrl Pts',(2.25687176453137,-23.700033338652,-2.13873435786771));
#10358=CARTESIAN_POINT('Ctrl Pts',(2.46679848442905,-22.0544549351725,-2.02807743063951));
#10359=CARTESIAN_POINT('Ctrl Pts',(0.57155361453328,-20.4183192790356,-1.86209203979721));
#10360=CARTESIAN_POINT('Ctrl Pts',(-1.83452782347421,-21.098814597357,-1.69610664895491));
#10361=CARTESIAN_POINT('Ctrl Pts',(-2.59902510335867,-23.4778746996818,
-1.5301212581126));
#10362=CARTESIAN_POINT('Ctrl Pts',(-1.03725005379806,-25.4307638621503,
-1.3641358672703));
#10363=CARTESIAN_POINT('Ctrl Pts',(1.45278051083644,-25.2073461072786,-1.198150476428));
#10364=CARTESIAN_POINT('Ctrl Pts',(2.64261888211053,-23.0087644763687,-1.0321650855857));
#10365=CARTESIAN_POINT('Ctrl Pts',(1.46730280475821,-20.8021319315767,-0.866179694743398));
#10366=CARTESIAN_POINT('Ctrl Pts',(-1.02123279213049,-20.5626889621307,
-0.700194303901095));
#10367=CARTESIAN_POINT('Ctrl Pts',(-2.5957745623222,-22.5045752043478,-0.534208913058793));
#10368=CARTESIAN_POINT('Ctrl Pts',(-1.84710542968041,-24.8898927721803,
-0.368223522216492));
#10369=CARTESIAN_POINT('Ctrl Pts',(0.554714367936526,-25.583749282186,-0.202238131374189));
#10370=CARTESIAN_POINT('Ctrl Pts',(2.46006772909121,-23.9651677231817,-0.0362527405318872));
#10371=CARTESIAN_POINT('Ctrl Pts',(2.16366972428338,-21.4827610204877,0.129732650310414));
#10372=CARTESIAN_POINT('Ctrl Pts',(-0.0692040097765647,-20.3582792204236,
0.295718041152717));
#10373=CARTESIAN_POINT('Ctrl Pts',(-2.24014052800626,-21.598126162295,0.461703431995018));
#10374=CARTESIAN_POINT('Ctrl Pts',(-2.40615999678048,-24.0926452149622,
0.62768882283732));
#10375=CARTESIAN_POINT('Ctrl Pts',(-0.418675721142514,-25.6092508144304,
0.793674213679622));
#10376=CARTESIAN_POINT('Ctrl Pts',(1.94352169863966,-24.7905872931432,0.959659604521925));
#10377=CARTESIAN_POINT('Ctrl Pts',(2.56627480451494,-22.3693550885742,1.12564499536423));
#10378=CARTESIAN_POINT('Ctrl Pts',(0.892222017035839,-20.5125476454003,
1.29163038620653));
#10379=CARTESIAN_POINT('Ctrl Pts',(-1.58036598240924,-20.8820002967626,
1.45761577704883));
#10380=CARTESIAN_POINT('Ctrl Pts',(-2.63853261750233,-23.1470543950924,
1.62360116789113));
#10381=CARTESIAN_POINT('Ctrl Pts',(-1.33522289652058,-25.2804953809732,
1.78958655873344));
#10382=CARTESIAN_POINT('Ctrl Pts',(1.16310608654748,-25.3729019369366,1.95557194957573));
#10383=CARTESIAN_POINT('Ctrl Pts',(2.6204596783348,-23.3415705535665,2.12155734041804));
#10384=CARTESIAN_POINT('Ctrl Pts',(1.73251212337527,-21.0045348634778,2.28754273126034));
#10385=CARTESIAN_POINT('Ctrl Pts',(-0.706026995158604,-20.4534326532683,
2.45352812210264));
#10386=CARTESIAN_POINT('Ctrl Pts',(-2.5126747187725,-22.1814982427308,2.61951351294494));
#10387=CARTESIAN_POINT('Ctrl Pts',(-2.07048841215702,-24.6421196984827,
2.78549890378725));
#10388=CARTESIAN_POINT('Ctrl Pts',(0.224776912487014,-25.6330504569327,
2.95148429462955));
#10389=CARTESIAN_POINT('Ctrl Pts',(2.31886778098416,-24.267411370998,3.11746968547185));
#10390=CARTESIAN_POINT('Ctrl Pts',(2.33758106935499,-21.7674440729913,3.28345507631416));
#10391=CARTESIAN_POINT('Ctrl Pts',(0.264168457802941,-20.3706095011896,
3.44944046715645));
#10392=CARTESIAN_POINT('Ctrl Pts',(-2.04567388862601,-21.3270691257223,
3.61542585799877));
#10393=CARTESIAN_POINT('Ctrl Pts',(-2.52464611840878,-23.7807953289087,
3.78141124884105));
#10394=CARTESIAN_POINT('Ctrl Pts',(-0.744069962127804,-25.5357127720506,
3.94739663968336));
#10395=CARTESIAN_POINT('Ctrl Pts',(1.70244589537378,-25.0211772162177,4.11338203052566));
#10396=CARTESIAN_POINT('Ctrl Pts',(2.62527934579297,-22.6976959720868,4.27936742136796));
#10397=CARTESIAN_POINT('Ctrl Pts',(1.19849806556037,-20.6447756437829,4.44535281221027));
#10398=CARTESIAN_POINT('Ctrl Pts',(-1.30093428772813,-20.6997718975935,
4.61133820305256));
#10399=CARTESIAN_POINT('Ctrl Pts',(-2.63603555103126,-22.8134632736036,
4.77732359389488));
#10400=CARTESIAN_POINT('Ctrl Pts',(-1.61189531994848,-25.0941043252372,
4.94330898473716));
#10401=CARTESIAN_POINT('Ctrl Pts',(0.854884903195053,-25.5005301386644,
5.10929437557948));
#10402=CARTESIAN_POINT('Ctrl Pts',(2.5565464964308,-23.6689914106128,5.27527976642178));
#10403=CARTESIAN_POINT('Ctrl Pts',(1.97010897169341,-21.2387077239393,5.44126515726408));
#10404=CARTESIAN_POINT('Ctrl Pts',(-0.379568328904087,-20.384774243797,
5.60725054810638));
#10405=CARTESIAN_POINT('Ctrl Pts',(-2.38953353241132,-21.8714565607767,
5.77323593894868));
#10406=CARTESIAN_POINT('Ctrl Pts',(-2.26087544817407,-24.3681827997134,
5.93922132979098));
#10407=CARTESIAN_POINT('Ctrl Pts',(-0.108742960856445,-25.6403869700588,
6.10520672063329));
#10408=CARTESIAN_POINT('Ctrl Pts',(2.14071456865857,-24.5494625823902,6.27119211147559));
#10409=CARTESIAN_POINT('Ctrl Pts',(2.47423993697619,-22.0717607847014,6.43717750231788));
#10410=CARTESIAN_POINT('Ctrl Pts',(0.593332215697656,-20.4248575975575,
6.6031628931602));
#10411=CARTESIAN_POINT('Ctrl Pts',(-1.81860933048386,-21.082642007834,6.76914828400248));
#10412=CARTESIAN_POINT('Ctrl Pts',(-2.60289522564234,-23.456560857347,6.93513367484481));
#10413=CARTESIAN_POINT('Ctrl Pts',(-1.05761453422895,-25.4216522349363,
7.10111906568709));
#10414=CARTESIAN_POINT('Ctrl Pts',(1.43425511809728,-25.2197776654097,7.2671044565294));
#10415=CARTESIAN_POINT('Ctrl Pts',(2.6424174502285,-23.0304258970691,7.4330898473717));
#10416=CARTESIAN_POINT('Ctrl Pts',(1.48573221050331,-20.8153723271466,7.59907523821401));
#10417=CARTESIAN_POINT('Ctrl Pts',(-1.00087756551358,-20.552553784424,7.76506062905629));
#10418=CARTESIAN_POINT('Ctrl Pts',(-2.5913741227747,-22.4862584421962,7.93104601989862));
#10419=CARTESIAN_POINT('Ctrl Pts',(-2.10555988990518,-24.0724431858078,
8.04170294712681));
#10420=CARTESIAN_POINT('Ctrl Pts',(-1.58253437793369,-24.5922705737413,
8.09703141074091));
#10421=CARTESIAN_POINT('Ctrl Pts',(1.96648915957136,-24.3983881382822,-2.29109423222272));
#10422=CARTESIAN_POINT('Ctrl Pts',(2.42582859849685,-23.7524401339462,-2.23576576860862));
#10423=CARTESIAN_POINT('Ctrl Pts',(2.65147112224129,-21.9836683255673,-2.12510884138042));
#10424=CARTESIAN_POINT('Ctrl Pts',(0.614341995632602,-20.2250461796158,
-1.95912345053812));
#10425=CARTESIAN_POINT('Ctrl Pts',(-1.97186660264058,-20.9564856128483,
-1.79313805969581));
#10426=CARTESIAN_POINT('Ctrl Pts',(-2.79359666021958,-23.5136499694865,
-1.62715266885351));
#10427=CARTESIAN_POINT('Ctrl Pts',(-1.11490200012237,-25.6127388297674,
-1.46116727801121));
#10428=CARTESIAN_POINT('Ctrl Pts',(1.56154043216437,-25.3725952878537,-1.29518188716891));
#10429=CARTESIAN_POINT('Ctrl Pts',(2.84045401245145,-23.0094206138604,-1.12919649632661));
#10430=CARTESIAN_POINT('Ctrl Pts',(1.57714991271389,-20.6375923081251,-0.963211105484302));
#10431=CARTESIAN_POINT('Ctrl Pts',(-1.09768563363073,-20.3802238514322,
-0.797225714642002));
#10432=CARTESIAN_POINT('Ctrl Pts',(-2.79010277300331,-22.467486076708,-0.631240323799699));
#10433=CARTESIAN_POINT('Ctrl Pts',(-1.98538580976397,-25.0313763532769,
-0.465254932957398));
#10434=CARTESIAN_POINT('Ctrl Pts',(0.59624210771982,-25.7771772408939,-0.299269542115095));
#10435=CARTESIAN_POINT('Ctrl Pts',(2.64423648044879,-24.0374233494505,-0.133284151272793));
#10436=CARTESIAN_POINT('Ctrl Pts',(2.32564914735343,-21.369175526453,0.0327012395695088));
#10437=CARTESIAN_POINT('Ctrl Pts',(-0.0743848492789776,-20.1605113249886,
0.198686630411811));
#10438=CARTESIAN_POINT('Ctrl Pts',(-2.40784480664449,-21.4931772817428,
0.364672021254112));
#10439=CARTESIAN_POINT('Ctrl Pts',(-2.58629303821398,-24.1744442250206,
0.530657412096414));
#10440=CARTESIAN_POINT('Ctrl Pts',(-0.450019160948958,-25.8045879016129,
0.696642802938717));
#10441=CARTESIAN_POINT('Ctrl Pts',(2.08902011733851,-24.9246365398672,0.862628193781019));
#10442=CARTESIAN_POINT('Ctrl Pts',(2.75839456642186,-22.3221429388786,1.02861358462332));
#10443=CARTESIAN_POINT('Ctrl Pts',(0.959016688120741,-20.3263287910205,
1.19459897546562));
#10444=CARTESIAN_POINT('Ctrl Pts',(-1.69867737124885,-20.723439881491,1.36058436630793));
#10445=CARTESIAN_POINT('Ctrl Pts',(-2.83606183665157,-23.1580633701729,
1.52656975715022));
#10446=CARTESIAN_POINT('Ctrl Pts',(-1.43518206867194,-25.4512207564675,
1.69255514799253));
#10447=CARTESIAN_POINT('Ctrl Pts',(1.25018002891206,-25.5505451707597,1.85854053883483));
#10448=CARTESIAN_POINT('Ctrl Pts',(2.81663589788957,-23.3671416472428,2.02452592967713));
#10449=CARTESIAN_POINT('Ctrl Pts',(1.86221367211749,-20.8551477883884,2.19051132051943));
#10450=CARTESIAN_POINT('Ctrl Pts',(-0.758882495267593,-20.2627882563888,
2.35649671136174));
#10451=CARTESIAN_POINT('Ctrl Pts',(-2.70078180218805,-22.1202225124581,
2.52248210220404));
#10452=CARTESIAN_POINT('Ctrl Pts',(-2.22549197610692,-24.7650541733644,
2.68846749304634));
#10453=CARTESIAN_POINT('Ctrl Pts',(0.241604450532903,-25.8301692635331,
2.85445288388865));
#10454=CARTESIAN_POINT('Ctrl Pts',(2.49246584039406,-24.3622939495925,3.02043827473094));
#10455=CARTESIAN_POINT('Ctrl Pts',(2.51258006700423,-21.6751708874317,3.18642366557325));
#10456=CARTESIAN_POINT('Ctrl Pts',(0.283944976329767,-20.1737646910768,
3.35240905641554));
#10457=CARTESIAN_POINT('Ctrl Pts',(-2.19881975583033,-21.201828025008,3.51839444725785));
#10458=CARTESIAN_POINT('Ctrl Pts',(-2.71364942012635,-23.8392482320912,
3.68437983810015));
#10459=CARTESIAN_POINT('Ctrl Pts',(-0.799773483712707,-25.725544559813,
3.85036522894246));
#10460=CARTESIAN_POINT('Ctrl Pts',(1.82989658752226,-25.1724891820557,4.01635061978475));
#10461=CARTESIAN_POINT('Ctrl Pts',(2.82181638148593,-22.6750644995086,4.18233601062706));
#10462=CARTESIAN_POINT('Ctrl Pts',(1.28822156773414,-20.4684558117222,4.34832140146936));
#10463=CARTESIAN_POINT('Ctrl Pts',(-1.3983265019895,-20.527569265752,4.51430679231166));
#10464=CARTESIAN_POINT('Ctrl Pts',(-2.83337783158178,-22.7994985215049,
4.68029218315397));
#10465=CARTESIAN_POINT('Ctrl Pts',(-1.73256709856805,-25.2508758540169,
4.84627757399627));
#10466=CARTESIAN_POINT('Ctrl Pts',(0.918884395287915,-25.687728038919,5.01226296483857));
#10467=CARTESIAN_POINT('Ctrl Pts',(2.7479379652377,-23.7190743052032,5.17824835568087));
#10468=CARTESIAN_POINT('Ctrl Pts',(2.11759780099047,-21.1068515984262,5.34423374652317));
#10469=CARTESIAN_POINT('Ctrl Pts',(-0.407984060862401,-20.1889898528461,
5.51021913736547));
#10470=CARTESIAN_POINT('Ctrl Pts',(-2.56842186210532,-21.7869700917268,
5.67620452820777));
#10471=CARTESIAN_POINT('Ctrl Pts',(-2.43013201104888,-24.4706094584888,
5.84218991905009));
#10472=CARTESIAN_POINT('Ctrl Pts',(-0.116883816119503,-25.8380550121318,
6.00817530989238));
#10473=CARTESIAN_POINT('Ctrl Pts',(2.3009754933724,-24.6654604411887,6.17416070073468));
#10474=CARTESIAN_POINT('Ctrl Pts',(2.6594696663708,-22.0022697478405,6.34014609157698));
#10475=CARTESIAN_POINT('Ctrl Pts',(0.637751014421387,-20.2320739781402,
6.50613148241928));
#10476=CARTESIAN_POINT('Ctrl Pts',(-1.95475639897379,-20.9391022901478,
6.67211687326159));
#10477=CARTESIAN_POINT('Ctrl Pts',(-2.7977565125705,-23.4907405028999,6.83810226410389));
#10478=CARTESIAN_POINT('Ctrl Pts',(-1.13679103245427,-25.6029450762091,
7.00408765494618));
#10479=CARTESIAN_POINT('Ctrl Pts',(1.54162816767009,-25.3859575132633,7.1700730457885));
#10480=CARTESIAN_POINT('Ctrl Pts',(2.84023750071704,-23.0327036796708,7.33605843663079));
#10481=CARTESIAN_POINT('Ctrl Pts',(1.59695900431243,-20.6518239232012,7.5020438274731));
#10482=CARTESIAN_POINT('Ctrl Pts',(-1.07580654788373,-20.369329921029,7.66802921831539));
#10483=CARTESIAN_POINT('Ctrl Pts',(-2.78537290209614,-22.4477980615723,
7.8340146091577));
#10484=CARTESIAN_POINT('Ctrl Pts',(-2.26318901988677,-24.1527298056015,
7.9446715363859));
#10485=CARTESIAN_POINT('Ctrl Pts',(-1.7010080999853,-24.7114731793938,8.));
#10486=CARTESIAN_POINT('Ctrl Pts',(-1.7010080999853,-24.7114731793938,8.));
#10487=CARTESIAN_POINT('Ctrl Pts',(-1.75197498943115,-24.6468957364762,
8.));
#10488=CARTESIAN_POINT('Ctrl Pts',(-1.79920331013989,-24.5796989197021,
8.));
#10489=CARTESIAN_POINT('Ctrl Pts',(-1.84267057020819,-24.51023877143,8.));
#10490=CARTESIAN_POINT('Ctrl Pts',(-1.88710023531894,-24.4392407117082,
8.));
#10491=CARTESIAN_POINT('Ctrl Pts',(-1.92760068284118,-24.3658769674969,
8.));
#10492=CARTESIAN_POINT('Ctrl Pts',(-1.96409705545972,-24.2905100103557,
8.));
#10493=CARTESIAN_POINT('Ctrl Pts',(-1.99603138150094,-24.2245639228571,
8.));
#10494=CARTESIAN_POINT('Ctrl Pts',(-2.02489933915813,-24.1570834115679,
8.));
#10495=CARTESIAN_POINT('Ctrl Pts',(-2.05061804668164,-24.0883099291983,
8.));
#10496=CARTESIAN_POINT('Ctrl Pts',(-2.06346462317199,-24.0539573552612,
8.));
#10497=CARTESIAN_POINT('Ctrl Pts',(-2.07552497155311,-24.0192822180797,
8.));
#10498=CARTESIAN_POINT('Ctrl Pts',(-2.08678587786437,-23.9843151757988,
8.));
#10499=CARTESIAN_POINT('Ctrl Pts',(-2.09489952972056,-23.9591208974996,
8.));
#10500=CARTESIAN_POINT('Ctrl Pts',(-2.10259811770632,-23.9337750877493,
8.));
#10501=CARTESIAN_POINT('Ctrl Pts',(-2.10987607691147,-23.9082894343838,
8.));
#10502=CARTESIAN_POINT('Ctrl Pts',(-2.11338735407728,-23.8959937907569,
8.));
#10503=CARTESIAN_POINT('Ctrl Pts',(-2.11679929281034,-23.8836704370266,
8.00000000000001));
#10504=CARTESIAN_POINT('Ctrl Pts',(-2.12010957985572,-23.8713282606703,
8.00000000000001));
#10505=CARTESIAN_POINT('Ctrl Pts',(-2.14109021934809,-23.7931033970459,
8.00000000000001));
#10506=CARTESIAN_POINT('Ctrl Pts',(-2.1580183080968,-23.7140299095515,8.));
#10507=CARTESIAN_POINT('Ctrl Pts',(-2.17082775326576,-23.6344417541797,
8.));
#10508=CARTESIAN_POINT('Ctrl Pts',(-2.18350666149874,-23.5556646561024,
8.));
#10509=CARTESIAN_POINT('Ctrl Pts',(-2.19215034813356,-23.476382360943,8.));
#10510=CARTESIAN_POINT('Ctrl Pts',(-2.19664452361302,-23.3969259154155,
8.));
#10511=CARTESIAN_POINT('Ctrl Pts',(-2.20054049828928,-23.3280455832932,
8.));
#10512=CARTESIAN_POINT('Ctrl Pts',(-2.20131730804809,-23.2590341324396,
8.));
#10513=CARTESIAN_POINT('Ctrl Pts',(-2.19887022507579,-23.1901198908931,
8.));
#10514=CARTESIAN_POINT('Ctrl Pts',(-2.19780192894646,-23.1600347575597,
8.));
#10515=CARTESIAN_POINT('Ctrl Pts',(-2.19611885055325,-23.1299683465671,
8.00000000000001));
#10516=CARTESIAN_POINT('Ctrl Pts',(-2.19381060415234,-23.0999407115674,
8.00000000000001));
#10517=CARTESIAN_POINT('Ctrl Pts',(-2.19241721909121,-23.0818143720167,
8.00000000000001));
#10518=CARTESIAN_POINT('Ctrl Pts',(-2.19079600343581,-23.0637021760864,
8.));
#10519=CARTESIAN_POINT('Ctrl Pts',(-2.18894449413228,-23.045608671838,8.));
#10520=CARTESIAN_POINT('Ctrl Pts',(-2.18765720715264,-23.0330289173693,
8.));
#10521=CARTESIAN_POINT('Ctrl Pts',(-2.18625950732598,-23.020467259127,8.00000000000001));
#10522=CARTESIAN_POINT('Ctrl Pts',(-2.1847513433692,-23.0079276002769,8.00000000000001));
#10523=CARTESIAN_POINT('Ctrl Pts',(-2.17577287983103,-22.933275988786,8.00000000000001));
#10524=CARTESIAN_POINT('Ctrl Pts',(-2.16288016150508,-22.8593726684769,
8.));
#10525=CARTESIAN_POINT('Ctrl Pts',(-2.14597943442709,-22.7865041317938,
8.));
#10526=CARTESIAN_POINT('Ctrl Pts',(-2.13008370001292,-22.7179686835305,
8.));
#10527=CARTESIAN_POINT('Ctrl Pts',(-2.11064200686078,-22.6503481880723,
8.));
#10528=CARTESIAN_POINT('Ctrl Pts',(-2.08753928836553,-22.583901055199,8.));
#10529=CARTESIAN_POINT('Ctrl Pts',(-2.06697936803155,-22.5247674186715,
8.00000000000001));
#10530=CARTESIAN_POINT('Ctrl Pts',(-2.04351879530768,-22.4665631842116,
8.));
#10531=CARTESIAN_POINT('Ctrl Pts',(-2.01728882596155,-22.409450791219,8.));
#10532=CARTESIAN_POINT('Ctrl Pts',(-2.0033583814419,-22.3791190355288,8.));
#10533=CARTESIAN_POINT('Ctrl Pts',(-1.98864657490579,-22.3490955442537,
8.00000000000001));
#10534=CARTESIAN_POINT('Ctrl Pts',(-1.9731717418821,-22.3194069366103,8.00000000000001));
#10535=CARTESIAN_POINT('Ctrl Pts',(-1.96577041504036,-22.3052074238719,
8.00000000000001));
#10536=CARTESIAN_POINT('Ctrl Pts',(-1.95819453211915,-22.2910845417745,
8.));
#10537=CARTESIAN_POINT('Ctrl Pts',(-1.950446044343,-22.2770413451067,8.));
#10538=CARTESIAN_POINT('Ctrl Pts',(-1.94409469426975,-22.265530291497,8.));
#10539=CARTESIAN_POINT('Ctrl Pts',(-1.93762778821853,-22.2540737027916,
8.));
#10540=CARTESIAN_POINT('Ctrl Pts',(-1.93105299953525,-22.2426841585215,
8.));
#10541=CARTESIAN_POINT('Ctrl Pts',(-1.89353642464724,-22.1776939799569,
8.));
#10542=CARTESIAN_POINT('Ctrl Pts',(-1.85245665648208,-22.1147858083406,
8.));
#10543=CARTESIAN_POINT('Ctrl Pts',(-1.80807100415613,-22.054221185731,8.));
#10544=CARTESIAN_POINT('Ctrl Pts',(-1.76306563078906,-21.9928109481758,
8.));
#10545=CARTESIAN_POINT('Ctrl Pts',(-1.71466046477352,-21.9338093767372,
8.));
#10546=CARTESIAN_POINT('Ctrl Pts',(-1.66309703980291,-21.877537022629,8.));
#10547=CARTESIAN_POINT('Ctrl Pts',(-1.63902399122535,-21.8512655498789,
8.));
#10548=CARTESIAN_POINT('Ctrl Pts',(-1.61426227855184,-21.8255896883022,
8.));
#10549=CARTESIAN_POINT('Ctrl Pts',(-1.58883542863728,-21.8005462831764,
8.));
#10550=CARTESIAN_POINT('Ctrl Pts',(-1.5795655107921,-21.7914161585696,8.));
#10551=CARTESIAN_POINT('Ctrl Pts',(-1.5702096512306,-21.7823726246284,8.));
#10552=CARTESIAN_POINT('Ctrl Pts',(-1.56077511695121,-21.7734229012743,
8.));
#10553=CARTESIAN_POINT('Ctrl Pts',(-1.50829511719683,-21.7236396829922,
8.));
#10554=CARTESIAN_POINT('Ctrl Pts',(-1.45332804138943,-21.6767016294668,
8.));
#10555=CARTESIAN_POINT('Ctrl Pts',(-1.39609565629124,-21.632873244381,8.));
#10556=CARTESIAN_POINT('Ctrl Pts',(-1.34044124540137,-21.5902532671073,
8.));
#10557=CARTESIAN_POINT('Ctrl Pts',(-1.28264387099932,-21.5505736075283,
8.));
#10558=CARTESIAN_POINT('Ctrl Pts',(-1.22289798499038,-21.5141252567867,
8.));
#10559=CARTESIAN_POINT('Ctrl Pts',(-1.19074373511916,-21.49450935592,8.));
#10560=CARTESIAN_POINT('Ctrl Pts',(-1.15802502639049,-21.4758302256009,
8.));
#10561=CARTESIAN_POINT('Ctrl Pts',(-1.12477224178038,-21.4581395448596,
8.));
#10562=CARTESIAN_POINT('Ctrl Pts',(1.55559642465039,-24.1061986167569,-2.));
#10563=CARTESIAN_POINT('Ctrl Pts',(1.60317800225342,-24.0571100376374,-2.));
#10564=CARTESIAN_POINT('Ctrl Pts',(1.64772756648879,-24.0054406565931,-2.));
#10565=CARTESIAN_POINT('Ctrl Pts',(1.68926737545181,-23.9515491556862,-2.));
#10566=CARTESIAN_POINT('Ctrl Pts',(1.73187397415559,-23.8962736594813,-2.));
#10567=CARTESIAN_POINT('Ctrl Pts',(1.77131473593703,-23.8386600323724,-2.));
#10568=CARTESIAN_POINT('Ctrl Pts',(1.80759095578613,-23.7790456665541,-2.));
#10569=CARTESIAN_POINT('Ctrl Pts',(1.84274544704931,-23.7212746884577,-2.));
#10570=CARTESIAN_POINT('Ctrl Pts',(1.87492830209322,-23.6616239856283,-2.));
#10571=CARTESIAN_POINT('Ctrl Pts',(1.9041146970347,-23.6003643404965,-2.));
#10572=CARTESIAN_POINT('Ctrl Pts',(1.91688374482159,-23.5735632457513,-2.));
#10573=CARTESIAN_POINT('Ctrl Pts',(1.92907888969128,-23.5464537826346,-2.));
#10574=CARTESIAN_POINT('Ctrl Pts',(1.94069624954386,-23.5190569321668,-2.));
#10575=CARTESIAN_POINT('Ctrl Pts',(1.94683858046307,-23.5045716684019,-2.));
#10576=CARTESIAN_POINT('Ctrl Pts',(1.95281937506868,-23.4900060515248,-2.));
#10577=CARTESIAN_POINT('Ctrl Pts',(1.95863792376409,-23.4753630871246,-2.));
#10578=CARTESIAN_POINT('Ctrl Pts',(1.96336083109472,-23.4634774146781,-2.));
#10579=CARTESIAN_POINT('Ctrl Pts',(1.96797344840077,-23.4515492451808,-2.));
#10580=CARTESIAN_POINT('Ctrl Pts',(1.97247436472644,-23.4395844286848,-2.));
#10581=CARTESIAN_POINT('Ctrl Pts',(1.99864138149879,-23.3700244699396,-2.));
#10582=CARTESIAN_POINT('Ctrl Pts',(2.0210521053269,-23.2991877557653,-2.));
#10583=CARTESIAN_POINT('Ctrl Pts',(2.03971065124631,-23.2274456181343,-2.));
#10584=CARTESIAN_POINT('Ctrl Pts',(2.05872629282065,-23.1543304471634,-2.));
#10585=CARTESIAN_POINT('Ctrl Pts',(2.07384531547278,-23.0802740951058,-2.));
#10586=CARTESIAN_POINT('Ctrl Pts',(2.08503480704711,-23.0056305382503,-2.));
#10587=CARTESIAN_POINT('Ctrl Pts',(2.09494072705076,-22.9395495105211,-2.));
#10588=CARTESIAN_POINT('Ctrl Pts',(2.10176661174907,-22.8730072756472,-2.));
#10589=CARTESIAN_POINT('Ctrl Pts',(2.10546077680311,-22.8062324405645,-2.));
#10590=CARTESIAN_POINT('Ctrl Pts',(2.10698931073233,-22.7786030305221,-2.));
#10591=CARTESIAN_POINT('Ctrl Pts',(2.10798133408562,-22.7509336576445,-2.));
#10592=CARTESIAN_POINT('Ctrl Pts',(2.10843166836203,-22.7232400600269,-2.));
#10593=CARTESIAN_POINT('Ctrl Pts',(2.10861744539491,-22.7118155812235,-2.));
#10594=CARTESIAN_POINT('Ctrl Pts',(2.10871102503972,-22.7003858370927,-2.));
#10595=CARTESIAN_POINT('Ctrl Pts',(2.10871199873531,-22.6889554818188,-2.));
#10596=CARTESIAN_POINT('Ctrl Pts',(2.10871888828962,-22.6080779943403,-2.));
#10597=CARTESIAN_POINT('Ctrl Pts',(2.10409419958564,-22.527505923273,-2.));
#10598=CARTESIAN_POINT('Ctrl Pts',(2.09482047974488,-22.4476531787826,-2.));
#10599=CARTESIAN_POINT('Ctrl Pts',(2.08554675990412,-22.3678004342923,-2.));
#10600=CARTESIAN_POINT('Ctrl Pts',(2.07162449353206,-22.2886658358044,-2.));
#10601=CARTESIAN_POINT('Ctrl Pts',(2.05298458837303,-22.2106386400458,-2.));
#10602=CARTESIAN_POINT('Ctrl Pts',(2.03643425041045,-22.1413584345372,-2.));
#10603=CARTESIAN_POINT('Ctrl Pts',(2.01616442299542,-22.0729502812686,-2.));
#10604=CARTESIAN_POINT('Ctrl Pts',(1.9923935904526,-22.005576807494,-2.));
#10605=CARTESIAN_POINT('Ctrl Pts',(1.98160698847157,-21.9750044308481,-2.));
#10606=CARTESIAN_POINT('Ctrl Pts',(1.97009893550735,-21.944645122228,-2.));
#10607=CARTESIAN_POINT('Ctrl Pts',(1.95788719216428,-21.9145143551599,-2.));
#10608=CARTESIAN_POINT('Ctrl Pts',(1.95276105490238,-21.9018663291198,-2.));
#10609=CARTESIAN_POINT('Ctrl Pts',(1.94751090266649,-21.8892585774769,-2.));
#10610=CARTESIAN_POINT('Ctrl Pts',(1.94213796711513,-21.876692263095,-2.));
#10611=CARTESIAN_POINT('Ctrl Pts',(1.93661598442218,-21.8637773546865,-2.));
#10612=CARTESIAN_POINT('Ctrl Pts',(1.93096786427488,-21.8509145876503,-2.));
#10613=CARTESIAN_POINT('Ctrl Pts',(1.92519713761209,-21.8381087504276,-2.));
#10614=CARTESIAN_POINT('Ctrl Pts',(1.89279956451625,-21.7662151966831,-2.));
#10615=CARTESIAN_POINT('Ctrl Pts',(1.85652636040808,-21.6960795189585,-2.));
#10616=CARTESIAN_POINT('Ctrl Pts',(1.81669836031422,-21.6279106897337,-2.));
#10617=CARTESIAN_POINT('Ctrl Pts',(1.7759740180949,-21.5582076987851,-2.));
#10618=CARTESIAN_POINT('Ctrl Pts',(1.73153281656466,-21.490560306532,-2.));
#10619=CARTESIAN_POINT('Ctrl Pts',(1.68366349909149,-21.4251967640191,-2.));
#10620=CARTESIAN_POINT('Ctrl Pts',(1.6613777328809,-21.3947664862539,-2.));
#10621=CARTESIAN_POINT('Ctrl Pts',(1.63834822142736,-21.3648313527705,-2.));
#10622=CARTESIAN_POINT('Ctrl Pts',(1.61460049137425,-21.3354154891058,-2.));
#10623=CARTESIAN_POINT('Ctrl Pts',(1.6050752362117,-21.3236167358521,-2.));
#10624=CARTESIAN_POINT('Ctrl Pts',(1.59543305361344,-21.3118999240216,-2.));
#10625=CARTESIAN_POINT('Ctrl Pts',(1.58567984357812,-21.3002718264849,-2.));
#10626=CARTESIAN_POINT('Ctrl Pts',(1.53197771544414,-21.2362463844402,-2.));
#10627=CARTESIAN_POINT('Ctrl Pts',(1.47503827245079,-21.1750562010305,-2.));
#10628=CARTESIAN_POINT('Ctrl Pts',(1.41518815158357,-21.1169325818166,-2.));
#10629=CARTESIAN_POINT('Ctrl Pts',(1.35438424364886,-21.0578826895139,-2.));
#10630=CARTESIAN_POINT('Ctrl Pts',(1.29057570220719,-21.0019969730735,-2.));
#10631=CARTESIAN_POINT('Ctrl Pts',(1.22405422051295,-20.9495351380557,-2.));
#10632=CARTESIAN_POINT('Ctrl Pts',(1.17448130845321,-20.9104397080142,-2.));
#10633=CARTESIAN_POINT('Ctrl Pts',(1.12340066156298,-20.873245997592,-2.));
#10634=CARTESIAN_POINT('Ctrl Pts',(1.07091750473594,-20.8380721810088,-2.));
#10635=CARTESIAN_POINT('Ctrl Pts',(-1.90957645152118,-22.9984404565642,
-0.308380652454343));
#10636=CARTESIAN_POINT('Ctrl Pts',(-1.91062858895638,-22.8786035448088,
-0.318969132161889));
#10637=CARTESIAN_POINT('Ctrl Pts',(-1.90028852740531,-22.7589475942978,
-0.329557611869435));
#10638=CARTESIAN_POINT('Ctrl Pts',(-1.8778907237472,-22.6415931053374,-0.340146091576982));
#10639=CARTESIAN_POINT('Ctrl Pts',(-1.76085446368332,-22.0283753675941,
-0.395474555191083));
#10640=CARTESIAN_POINT('Ctrl Pts',(-1.31459078640666,-21.4779972755609,
-0.450803018805183));
#10641=CARTESIAN_POINT('Ctrl Pts',(-0.73880299810552,-21.236740228703,-0.506131482419284));
#10642=CARTESIAN_POINT('Ctrl Pts',(-0.163015209804383,-20.9954831818451,
-0.561459946033385));
#10643=CARTESIAN_POINT('Ctrl Pts',(0.542296689521227,-21.0633471801626,
-0.616788409647485));
#10644=CARTESIAN_POINT('Ctrl Pts',(1.06150931128101,-21.4099860164722,-0.672116873261586));
#10645=CARTESIAN_POINT('Ctrl Pts',(1.58072193304079,-21.7566248527818,-0.727445336875687));
#10646=CARTESIAN_POINT('Ctrl Pts',(1.91383527723474,-22.3820385270836,-0.782773800489787));
#10647=CARTESIAN_POINT('Ctrl Pts',(1.91177729045703,-23.0063112883583,-0.838102264103888));
#10648=CARTESIAN_POINT('Ctrl Pts',(1.90971930367932,-23.6305840496331,-0.893430727717988));
#10649=CARTESIAN_POINT('Ctrl Pts',(1.57248998592994,-24.2537158978808,-0.948759191332089));
#10650=CARTESIAN_POINT('Ctrl Pts',(1.05100752216691,-24.5969428521359,-1.00408765494619));
#10651=CARTESIAN_POINT('Ctrl Pts',(0.529525058403888,-24.940169806391,-1.05941611856029));
#10652=CARTESIAN_POINT('Ctrl Pts',(-0.176210551372775,-25.0034918666535,
-1.11474458217439));
#10653=CARTESIAN_POINT('Ctrl Pts',(-0.750400994342342,-24.7584046023109,
-1.17007304578849));
#10654=CARTESIAN_POINT('Ctrl Pts',(-1.32459143731191,-24.5133173379683,
-1.22540150940259));
#10655=CARTESIAN_POINT('Ctrl Pts',(-1.76723671347438,-23.9598207490205,
-1.28072997301669));
#10656=CARTESIAN_POINT('Ctrl Pts',(-1.88022073080639,-23.3459305222635,
-1.33605843663079));
#10657=CARTESIAN_POINT('Ctrl Pts',(-1.90108754974562,-23.2325522187407,
-1.34627695301642));
#10658=CARTESIAN_POINT('Ctrl Pts',(-1.91070970728069,-23.1171139036455,
-1.35649546940205));
#10659=CARTESIAN_POINT('Ctrl Pts',(-1.9096984520262,-23.0015124138477,-1.36671398578768));
#10660=CARTESIAN_POINT('Ctrl Pts',(-1.0728705235123,-20.838630563791,-2.));
#10661=CARTESIAN_POINT('Ctrl Pts',(-1.78283236955494,-21.1910446974772,
-1.9446715363859));
#10662=CARTESIAN_POINT('Ctrl Pts',(-2.81711864874735,-22.6435330437952,
-1.8340146091577));
#10663=CARTESIAN_POINT('Ctrl Pts',(-1.85212400125927,-25.155787599178,-1.6680292183154));
#10664=CARTESIAN_POINT('Ctrl Pts',(0.772915073381168,-25.7325471177253,
-1.50204382747309));
#10665=CARTESIAN_POINT('Ctrl Pts',(2.70497528107672,-23.8666759493363,-1.33605843663079));
#10666=CARTESIAN_POINT('Ctrl Pts',(2.21672066143287,-21.2236103477062,-1.17007304578849));
#10667=CARTESIAN_POINT('Ctrl Pts',(-0.255812646543432,-20.1711879413735,
-1.00408765494619));
#10668=CARTESIAN_POINT('Ctrl Pts',(-2.49922895843744,-21.6501397552159,
-0.838102264103886));
#10669=CARTESIAN_POINT('Ctrl Pts',(-2.50593029419398,-24.3374175374683,
-0.672116873261585));
#10670=CARTESIAN_POINT('Ctrl Pts',(-0.269790069238139,-25.8276058154214,
-0.506131482419282));
#10671=CARTESIAN_POINT('Ctrl Pts',(2.20778871796111,-24.7871524690999,-0.340146091576981));
#10672=CARTESIAN_POINT('Ctrl Pts',(2.70941681167362,-22.1471766512462,-0.174160700734678));
#10673=CARTESIAN_POINT('Ctrl Pts',(0.786121531167899,-20.2704887870038,
-0.0081753098923767));
#10674=CARTESIAN_POINT('Ctrl Pts',(-1.84074638650711,-20.8366953663026,
0.157810080949925));
#10675=CARTESIAN_POINT('Ctrl Pts',(-2.82015506860578,-23.3390549213893,
0.323795471792227));
#10676=CARTESIAN_POINT('Ctrl Pts',(-1.27553520523451,-25.5379596954116,
0.489780862634529));
#10677=CARTESIAN_POINT('Ctrl Pts',(1.41068325550527,-25.4654014887466,0.655766253476832));
#10678=CARTESIAN_POINT('Ctrl Pts',(2.83434594180483,-23.1863180912111,0.821751644319132));
#10679=CARTESIAN_POINT('Ctrl Pts',(1.72128000384249,-20.7404809972832,0.987737035161436));
#10680=CARTESIAN_POINT('Ctrl Pts',(-0.932324738393183,-20.3169044230409,
1.15372242600374));
#10681=CARTESIAN_POINT('Ctrl Pts',(-2.75150252095065,-22.294687949611,1.31970781684604));
#10682=CARTESIAN_POINT('Ctrl Pts',(-2.10809631102746,-24.9037229622881,
1.48569320768834));
#10683=CARTESIAN_POINT('Ctrl Pts',(0.422047831442519,-25.8089333998101,
1.65167859853064));
#10684=CARTESIAN_POINT('Ctrl Pts',(2.57446082201395,-24.2001594386011,1.81766398937294));
#10685=CARTESIAN_POINT('Ctrl Pts',(2.42274145996546,-21.5172474861971,1.98364938021525));
#10686=CARTESIAN_POINT('Ctrl Pts',(0.102677983046467,-20.1613932226508,
2.14963477105755));
#10687=CARTESIAN_POINT('Ctrl Pts',(-2.30928188700542,-21.3460809062674,
2.31562016189985));
#10688=CARTESIAN_POINT('Ctrl Pts',(-2.65444351421163,-24.0110196991061,
2.48160555274215));
#10689=CARTESIAN_POINT('Ctrl Pts',(-0.623888594762461,-25.7710998221202,
2.64759094358446));
#10690=CARTESIAN_POINT('Ctrl Pts',(1.96504417307398,-25.051056459566,2.81357633442675));
#10691=CARTESIAN_POINT('Ctrl Pts',(2.79527010376325,-22.495325600532,2.97956172526906));
#10692=CARTESIAN_POINT('Ctrl Pts',(1.12374024170046,-20.39127635197,3.14554711611136));
#10693=CARTESIAN_POINT('Ctrl Pts',(-1.55353273460463,-20.6220245491211,
3.31153250695366));
#10694=CARTESIAN_POINT('Ctrl Pts',(-2.84039999916678,-22.9810514593545,
3.47751789779597));
#10695=CARTESIAN_POINT('Ctrl Pts',(-1.58512039139897,-25.3570372393326,
3.64350328863826));
#10696=CARTESIAN_POINT('Ctrl Pts',(1.08883575725585,-25.6234839233054,3.80948867948057));
#10697=CARTESIAN_POINT('Ctrl Pts',(2.78828816838114,-23.5419227734008,3.97547407032287));
#10698=CARTESIAN_POINT('Ctrl Pts',(1.99223359184068,-20.9753428635552,4.14145946116518));
#10699=CARTESIAN_POINT('Ctrl Pts',(-0.586862245665069,-20.2208231607836,
4.30744485200747));
#10700=CARTESIAN_POINT('Ctrl Pts',(-2.64071867113966,-21.9536558395812,
4.47343024284978));
#10701=CARTESIAN_POINT('Ctrl Pts',(-2.33114223276919,-24.6229624478694,
4.63941563369208));
#10702=CARTESIAN_POINT('Ctrl Pts',(0.064797376213777,-25.8397240136581,
4.80540102453437));
#10703=CARTESIAN_POINT('Ctrl Pts',(2.40274357911426,-24.5149437297295,4.97138641537669));
#10704=CARTESIAN_POINT('Ctrl Pts',(2.59024370709603,-21.8342947067261,5.13737180621898));
#10705=CARTESIAN_POINT('Ctrl Pts',(0.459485833089564,-20.1969474238865,
5.30335719706129));
#10706=CARTESIAN_POINT('Ctrl Pts',(-2.08251000111455,-21.0683210814952,
5.46934258790358));
#10707=CARTESIAN_POINT('Ctrl Pts',(-2.76066765987679,-23.6685400659551,
5.63532797874589));
#10708=CARTESIAN_POINT('Ctrl Pts',(-0.968038348767734,-25.6704178007648,
5.80131336958819));
#10709=CARTESIAN_POINT('Ctrl Pts',(1.69098104711247,-25.2822830562854,5.96729876043049));
#10710=CARTESIAN_POINT('Ctrl Pts',(2.83657989626832,-22.85151198802,6.1332841512728));
#10711=CARTESIAN_POINT('Ctrl Pts',(1.44344916472618,-20.5536408619155,6.29926954211509));
#10712=CARTESIAN_POINT('Ctrl Pts',(-1.24155963536418,-20.4452442787238,
6.46525493295739));
#10713=CARTESIAN_POINT('Ctrl Pts',(-2.8153838060594,-22.6233582663262,6.6312403237997));
#10714=CARTESIAN_POINT('Ctrl Pts',(-1.86943808454451,-25.138537485507,6.797225714642));
#10715=CARTESIAN_POINT('Ctrl Pts',(0.74962324430544,-25.7397878203401,6.96321110548431));
#10716=CARTESIAN_POINT('Ctrl Pts',(2.69782170435652,-23.8888341344952,7.12919649632661));
#10717=CARTESIAN_POINT('Ctrl Pts',(2.23138886189598,-21.2425810060862,7.29518188716891));
#10718=CARTESIAN_POINT('Ctrl Pts',(-0.23195033096635,-20.1688147832464,
7.46116727801121));
#10719=CARTESIAN_POINT('Ctrl Pts',(-2.48804126231759,-21.6297193172932,
7.62715266885352));
#10720=CARTESIAN_POINT('Ctrl Pts',(-2.51666941926557,-24.3155175769948,
7.79313805969581));
#10721=CARTESIAN_POINT('Ctrl Pts',(-0.294219739061913,-25.8268742869036,
7.95912345053812));
#10722=CARTESIAN_POINT('Ctrl Pts',(2.19431981548889,-24.8022726539952,8.12510884138042));
#10723=CARTESIAN_POINT('Ctrl Pts',(2.5392945708227,-23.0528547731852,8.23576576860862));
#10724=CARTESIAN_POINT('Ctrl Pts',(2.3076645905262,-22.2948382188238,8.29109423222272));
#10725=CARTESIAN_POINT('Ctrl Pts',(-0.998146032664164,-20.9891680490849,
-2.09703141074091));
#10726=CARTESIAN_POINT('Ctrl Pts',(-1.65865965890348,-21.3170368474951,
-2.0417029471268));
#10727=CARTESIAN_POINT('Ctrl Pts',(-2.6209088060188,-22.6683606546046,-1.9310460198986));
#10728=CARTESIAN_POINT('Ctrl Pts',(-1.72312518924174,-25.0056388839371,
-1.7650606290563));
#10729=CARTESIAN_POINT('Ctrl Pts',(0.719082216515848,-25.5422276079469,
-1.599075238214));
#10730=CARTESIAN_POINT('Ctrl Pts',(2.51657612553506,-23.8063127297071,-1.4330898473717));
#10731=CARTESIAN_POINT('Ctrl Pts',(2.06232801185588,-21.3473343287519,-1.2671044565294));
#10732=CARTESIAN_POINT('Ctrl Pts',(-0.237995520108742,-20.3682122198427,
-1.10111906568709));
#10733=CARTESIAN_POINT('Ctrl Pts',(-2.32515985378838,-21.7441563371772,
-0.935133674844793));
#10734=CARTESIAN_POINT('Ctrl Pts',(-2.33139444738784,-24.244267579157,-0.769148284002489));
#10735=CARTESIAN_POINT('Ctrl Pts',(-0.250999427573658,-25.6306655507332,
-0.603162893160189));
#10736=CARTESIAN_POINT('Ctrl Pts',(2.05401817041189,-24.6626788673047,-0.437177502317886));
#10737=CARTESIAN_POINT('Ctrl Pts',(2.52070830742197,-22.2065750493962,-0.271192111475585));
#10738=CARTESIAN_POINT('Ctrl Pts',(0.731368856102345,-20.4605968486809,
-0.105206720633282));
#10739=CARTESIAN_POINT('Ctrl Pts',(-1.7125400153767,-20.9873676364041,0.0607786702090194));
#10740=CARTESIAN_POINT('Ctrl Pts',(-2.62373374189762,-23.3154400435311,
0.226764061051321));
#10741=CARTESIAN_POINT('Ctrl Pts',(-1.18669529708046,-25.3611930289066,
0.392749451893624));
#10742=CARTESIAN_POINT('Ctrl Pts',(1.31243040420078,-25.2936884376883,0.558734842735924));
#10743=CARTESIAN_POINT('Ctrl Pts',(2.63693623322649,-23.1733411995951,0.724720233578229));
#10744=CARTESIAN_POINT('Ctrl Pts',(1.6013943614696,-20.8978545137882,0.890705624420528));
#10745=CARTESIAN_POINT('Ctrl Pts',(-0.867389138192816,-20.5037796763835,
1.05669101526283));
#10746=CARTESIAN_POINT('Ctrl Pts',(-2.55986278396514,-22.3438123152258,
1.22267640610513));
#10747=CARTESIAN_POINT('Ctrl Pts',(-1.96126925217169,-24.7711303278971,
1.38866179694744));
#10748=CARTESIAN_POINT('Ctrl Pts',(0.392652570199942,-25.61329365249,1.55464718778974));
#10749=CARTESIAN_POINT('Ctrl Pts',(2.39515188405965,-24.116569386474,1.72063257863204));
#10750=CARTESIAN_POINT('Ctrl Pts',(2.25399964249067,-21.6205198981234,1.88661796947434));
#10751=CARTESIAN_POINT('Ctrl Pts',(0.0955265515956881,-20.3590996946873,
2.05260336031664));
#10752=CARTESIAN_POINT('Ctrl Pts',(-2.14844242926136,-21.4612749203397,
2.21858875115894));
#10753=CARTESIAN_POINT('Ctrl Pts',(-2.46956385190601,-23.9406030639227,
2.38457414200125));
#10754=CARTESIAN_POINT('Ctrl Pts',(-0.580435301407955,-25.5780951502989,
2.55055953284355));
#10755=CARTESIAN_POINT('Ctrl Pts',(1.82818057014234,-24.9082021763295,2.71654492368585));
#10756=CARTESIAN_POINT('Ctrl Pts',(2.60058199302745,-22.5304757297581,2.88253031452816));
#10757=CARTESIAN_POINT('Ctrl Pts',(1.04547271960308,-20.5729716657012,3.04851570537045));
#10758=CARTESIAN_POINT('Ctrl Pts',(-1.44533054238743,-20.7876484533314,
3.21450109621276));
#10759=CARTESIAN_POINT('Ctrl Pts',(-2.64256863080376,-22.982371208589,3.38048648705506));
#10760=CARTESIAN_POINT('Ctrl Pts',(-1.47471814659452,-25.1928716631896,
3.54647187789736));
#10761=CARTESIAN_POINT('Ctrl Pts',(1.01299930188207,-25.4407605693488,3.71245726873966));
#10762=CARTESIAN_POINT('Ctrl Pts',(2.59408634332021,-23.5041783276042,3.87844265958196));
#10763=CARTESIAN_POINT('Ctrl Pts',(1.8534762697423,-21.1163584570936,4.04442805042427));
#10764=CARTESIAN_POINT('Ctrl Pts',(-0.545987805045938,-20.4143903897606,
4.21041344126657));
#10765=CARTESIAN_POINT('Ctrl Pts',(-2.45679493211467,-22.0265327925086,
4.37639883210886));
#10766=CARTESIAN_POINT('Ctrl Pts',(-2.16878022111843,-24.5099245370265,
4.54238422295118));
#10767=CARTESIAN_POINT('Ctrl Pts',(0.0602842958002902,-25.6419397270927,
4.70836961379347));
#10768=CARTESIAN_POINT('Ctrl Pts',(2.23539459649875,-24.4094292278519,4.87435500463578));
#10769=CARTESIAN_POINT('Ctrl Pts',(2.40983550504039,-21.9154850578541,5.04034039547808));
#10770=CARTESIAN_POINT('Ctrl Pts',(0.427483047872626,-20.3921775769948,
5.20632578632037));
#10771=CARTESIAN_POINT('Ctrl Pts',(-1.93746500630008,-21.2028608237139,
5.37231117716269));
#10772=CARTESIAN_POINT('Ctrl Pts',(-2.56838957900467,-23.6219768368,5.53829656800497));
#10773=CARTESIAN_POINT('Ctrl Pts',(-0.900615326932512,-25.4844255434133,
5.70428195884729));
#10774=CARTESIAN_POINT('Ctrl Pts',(1.57320570049779,-25.1233240434178,5.87026734968958));
#10775=CARTESIAN_POINT('Ctrl Pts',(2.63901459472121,-22.8618540478018,6.03625274053189));
#10776=CARTESIAN_POINT('Ctrl Pts',(1.34291419658648,-20.7240276299541,6.20223813137419));
#10777=CARTESIAN_POINT('Ctrl Pts',(-1.15508609584847,-20.6231807736968,
6.36822352221649));
#10778=CARTESIAN_POINT('Ctrl Pts',(-2.61929479360227,-22.6495910326892,
6.53420891305879));
#10779=CARTESIAN_POINT('Ctrl Pts',(-1.73923336181396,-24.9895902255516,
6.7001943039011));
#10780=CARTESIAN_POINT('Ctrl Pts',(0.697412642903817,-25.548964001976,6.86617969474339));
#10781=CARTESIAN_POINT('Ctrl Pts',(2.50992078915836,-23.8269276167067,7.03216508558571));
#10782=CARTESIAN_POINT('Ctrl Pts',(2.07597458502358,-21.3649836974167,7.198150476428));
#10783=CARTESIAN_POINT('Ctrl Pts',(-0.215795193879745,-20.3660043500974,
7.36413586727031));
#10784=CARTESIAN_POINT('Ctrl Pts',(-2.3147513708895,-21.7251581648432,7.5301212581126));
#10785=CARTESIAN_POINT('Ctrl Pts',(-2.34138560181847,-24.2238929317199,
7.69610664895491));
#10786=CARTESIAN_POINT('Ctrl Pts',(-0.273727592323745,-25.6299849725351,
7.86209203979721));
#10787=CARTESIAN_POINT('Ctrl Pts',(2.04148736518203,-24.6767459445853,8.02807743063951));
#10788=CARTESIAN_POINT('Ctrl Pts',(2.36243493141628,-23.0491734845967,8.13873435786771));
#10789=CARTESIAN_POINT('Ctrl Pts',(2.14693777606324,-22.3439521183198,8.19406282148181));
#10790=CARTESIAN_POINT('Ctrl Pts',(-0.923421541816025,-21.1397055343787,
-2.19406282148181));
#10791=CARTESIAN_POINT('Ctrl Pts',(-1.53448694825202,-21.4430289975129,
-2.13873435786771));
#10792=CARTESIAN_POINT('Ctrl Pts',(-2.42469896329026,-22.6931882654139,
-2.02807743063951));
#10793=CARTESIAN_POINT('Ctrl Pts',(-1.59412637722421,-24.8554901686961,
-1.86209203979721));
#10794=CARTESIAN_POINT('Ctrl Pts',(0.665249359650526,-25.3519080981685,
-1.69610664895491));
#10795=CARTESIAN_POINT('Ctrl Pts',(2.3281769699934,-23.7459495100779,-1.5301212581126));
#10796=CARTESIAN_POINT('Ctrl Pts',(1.90793536227889,-21.4710583097976,-1.3641358672703));
#10797=CARTESIAN_POINT('Ctrl Pts',(-0.220178393674046,-20.565236498312,
-1.198150476428));
#10798=CARTESIAN_POINT('Ctrl Pts',(-2.15109074913931,-21.8381729191385,
-1.0321650855857));
#10799=CARTESIAN_POINT('Ctrl Pts',(-2.1568586005817,-24.1511176208456,-0.866179694743397));
#10800=CARTESIAN_POINT('Ctrl Pts',(-0.232208785909177,-25.4337252860451,
-0.700194303901094));
#10801=CARTESIAN_POINT('Ctrl Pts',(1.90024762286267,-24.5382052655095,-0.534208913058792));
#10802=CARTESIAN_POINT('Ctrl Pts',(2.33199980317032,-22.2659734475463,-0.36822352221649));
#10803=CARTESIAN_POINT('Ctrl Pts',(0.676616181036793,-20.650704910358,-0.202238131374189));
#10804=CARTESIAN_POINT('Ctrl Pts',(-1.5843336442463,-21.1380399065054,-0.0362527405318864));
#10805=CARTESIAN_POINT('Ctrl Pts',(-2.42731241518946,-23.2918251656729,
0.129732650310415));
#10806=CARTESIAN_POINT('Ctrl Pts',(-1.09785538892641,-25.1844263624016,
0.295718041152718));
#10807=CARTESIAN_POINT('Ctrl Pts',(1.21417755289629,-25.12197538663,0.461703431995019));
#10808=CARTESIAN_POINT('Ctrl Pts',(2.43952652464815,-23.1603643079792,0.627688822837322));
#10809=CARTESIAN_POINT('Ctrl Pts',(1.48150871909671,-21.0552280302932,0.793674213679622));
#10810=CARTESIAN_POINT('Ctrl Pts',(-0.802453537992445,-20.6906549297261,
0.959659604521925));
#10811=CARTESIAN_POINT('Ctrl Pts',(-2.36822304697963,-22.3929366808406,
1.12564499536423));
#10812=CARTESIAN_POINT('Ctrl Pts',(-1.81444219331591,-24.6385376935062,
1.29163038620653));
#10813=CARTESIAN_POINT('Ctrl Pts',(0.363257308957366,-25.4176539051699,
1.45761577704883));
#10814=CARTESIAN_POINT('Ctrl Pts',(2.21584294610534,-24.0329793343468,1.62360116789113));
#10815=CARTESIAN_POINT('Ctrl Pts',(2.08525782501589,-21.7237923100497,1.78958655873343));
#10816=CARTESIAN_POINT('Ctrl Pts',(0.0883751201449082,-20.5568061667237,
1.95557194957574));
#10817=CARTESIAN_POINT('Ctrl Pts',(-1.9876029715173,-21.5764689344119,2.12155734041804));
#10818=CARTESIAN_POINT('Ctrl Pts',(-2.2846841896004,-23.8701864287393,2.28754273126034));
#10819=CARTESIAN_POINT('Ctrl Pts',(-0.536982008053445,-25.3850904784776,
2.45352812210264));
#10820=CARTESIAN_POINT('Ctrl Pts',(1.69131696721069,-24.7653478930931,2.61951351294494));
#10821=CARTESIAN_POINT('Ctrl Pts',(2.40589388229167,-22.5656258589842,2.78549890378725));
#10822=CARTESIAN_POINT('Ctrl Pts',(0.967205197505698,-20.7546669794324,
2.95148429462955));
#10823=CARTESIAN_POINT('Ctrl Pts',(-1.33712835017023,-20.9532723575417,
3.11746968547185));
#10824=CARTESIAN_POINT('Ctrl Pts',(-2.44473726244074,-22.9836909578234,
3.28345507631415));
#10825=CARTESIAN_POINT('Ctrl Pts',(-1.36431590179006,-25.0287060870466,
3.44944046715645));
#10826=CARTESIAN_POINT('Ctrl Pts',(0.937162846508279,-25.2580372153923,
3.61542585799875));
#10827=CARTESIAN_POINT('Ctrl Pts',(2.39988451825928,-23.4664338818077,3.78141124884106));
#10828=CARTESIAN_POINT('Ctrl Pts',(1.71471894764392,-21.2573740506319,3.94739663968336));
#10829=CARTESIAN_POINT('Ctrl Pts',(-0.505113364426807,-20.6079576187376,
4.11338203052566));
#10830=CARTESIAN_POINT('Ctrl Pts',(-2.27287119308968,-22.099409745436,4.27936742136796));
#10831=CARTESIAN_POINT('Ctrl Pts',(-2.00641820946766,-24.3968866261837,
4.44535281221026));
#10832=CARTESIAN_POINT('Ctrl Pts',(0.0557712153868048,-25.4441554405274,
4.61133820305256));
#10833=CARTESIAN_POINT('Ctrl Pts',(2.06804561388325,-24.3039147259743,4.77732359389488));
#10834=CARTESIAN_POINT('Ctrl Pts',(2.22942730298476,-21.9966754089821,4.94330898473716));
#10835=CARTESIAN_POINT('Ctrl Pts',(0.395480262655686,-20.587407730103,5.10929437557948));
#10836=CARTESIAN_POINT('Ctrl Pts',(-1.79242001148561,-21.3374005659326,
5.27527976642177));
#10837=CARTESIAN_POINT('Ctrl Pts',(-2.37611149813255,-23.5754136076449,
5.44126515726408));
#10838=CARTESIAN_POINT('Ctrl Pts',(-0.833192305097284,-25.2984332860618,
5.60725054810638));
#10839=CARTESIAN_POINT('Ctrl Pts',(1.45543035388312,-24.9643650305502,5.77323593894869));
#10840=CARTESIAN_POINT('Ctrl Pts',(2.4414492931741,-22.8721961075835,5.93922132979098));
#10841=CARTESIAN_POINT('Ctrl Pts',(1.24237922844678,-20.8944143979926,6.10520672063328));
#10842=CARTESIAN_POINT('Ctrl Pts',(-1.06861255633275,-20.80111726867,6.2711921114756));
#10843=CARTESIAN_POINT('Ctrl Pts',(-2.42320578114516,-22.675823799052,6.43717750231789));
#10844=CARTESIAN_POINT('Ctrl Pts',(-1.6090286390834,-24.8406429655961,6.60316289316019));
#10845=CARTESIAN_POINT('Ctrl Pts',(0.64520204150219,-25.358140183612,6.76914828400249));
#10846=CARTESIAN_POINT('Ctrl Pts',(2.32201987396019,-23.7650210989181,6.9351336748448));
#10847=CARTESIAN_POINT('Ctrl Pts',(1.92056030815117,-21.4873863887472,7.10111906568709));
#10848=CARTESIAN_POINT('Ctrl Pts',(-0.19964005679314,-20.5631939169485,
7.2671044565294));
#10849=CARTESIAN_POINT('Ctrl Pts',(-2.14146147946142,-21.8205970123931,
7.4330898473717));
#10850=CARTESIAN_POINT('Ctrl Pts',(-2.16610178437138,-24.132268286445,7.59907523821401));
#10851=CARTESIAN_POINT('Ctrl Pts',(-0.253235445585572,-25.4330956581665,
7.7650606290563));
#10852=CARTESIAN_POINT('Ctrl Pts',(1.88865491487517,-24.5512192351755,7.93104601989861));
#10853=CARTESIAN_POINT('Ctrl Pts',(2.18557529200985,-23.0454921960082,8.04170294712681));
#10854=CARTESIAN_POINT('Ctrl Pts',(1.98621096160027,-22.3930660178157,8.09703141074091));
#10855=CARTESIAN_POINT('Ctrl Pts',(-0.848697050967887,-21.2902430196726,
-2.29109423222272));
#10856=CARTESIAN_POINT('Ctrl Pts',(-1.41031423760056,-21.5690211475307,
-2.23576576860862));
#10857=CARTESIAN_POINT('Ctrl Pts',(-2.22848912056172,-22.7180158762232,
-2.12510884138042));
#10858=CARTESIAN_POINT('Ctrl Pts',(-1.46512756520668,-24.7053414534551,
-1.95912345053811));
#10859=CARTESIAN_POINT('Ctrl Pts',(0.611416502785205,-25.16158858839,-1.79313805969581));
#10860=CARTESIAN_POINT('Ctrl Pts',(2.13977781445174,-23.6855862904487,-1.62715266885351));
#10861=CARTESIAN_POINT('Ctrl Pts',(1.7535427127019,-21.5947822908434,-1.46116727801121));
#10862=CARTESIAN_POINT('Ctrl Pts',(-0.202361267239354,-20.7622607767812,
-1.29518188716891));
#10863=CARTESIAN_POINT('Ctrl Pts',(-1.97702164449025,-21.9321895010998,
-1.1291964963266));
#10864=CARTESIAN_POINT('Ctrl Pts',(-1.98232275377556,-24.0579676625341,
-0.963211105484304));
#10865=CARTESIAN_POINT('Ctrl Pts',(-0.213418144244698,-25.236785021357,
-0.797225714641998));
#10866=CARTESIAN_POINT('Ctrl Pts',(1.74647707531344,-24.4137316637143,-0.631240323799699));
#10867=CARTESIAN_POINT('Ctrl Pts',(2.14329129891866,-22.3253718456963,-0.465254932957395));
#10868=CARTESIAN_POINT('Ctrl Pts',(0.62186350597124,-20.8408129720351,-0.299269542115095));
#10869=CARTESIAN_POINT('Ctrl Pts',(-1.45612727311589,-21.2887121766068,
-0.133284151272792));
#10870=CARTESIAN_POINT('Ctrl Pts',(-2.23089108848131,-23.2682102878148,
0.0327012395695092));
#10871=CARTESIAN_POINT('Ctrl Pts',(-1.00901548077236,-25.0076596958966,
0.198686630411812));
#10872=CARTESIAN_POINT('Ctrl Pts',(1.1159247015918,-24.9502623355717,0.364672021254113));
#10873=CARTESIAN_POINT('Ctrl Pts',(2.24211681606982,-23.1473874163633,0.530657412096415));
#10874=CARTESIAN_POINT('Ctrl Pts',(1.36162307672383,-21.2126015467982,0.696642802938716));
#10875=CARTESIAN_POINT('Ctrl Pts',(-0.737517937792079,-20.8775301830687,
0.862628193781019));
#10876=CARTESIAN_POINT('Ctrl Pts',(-2.17658330999412,-22.4420610464554,
1.02861358462332));
#10877=CARTESIAN_POINT('Ctrl Pts',(-1.66761513446014,-24.5059450591153,
1.19459897546562));
#10878=CARTESIAN_POINT('Ctrl Pts',(0.333862047714789,-25.2220141578498,
1.36058436630793));
#10879=CARTESIAN_POINT('Ctrl Pts',(2.03653400815104,-23.9493892822198,1.52656975715023));
#10880=CARTESIAN_POINT('Ctrl Pts',(1.9165160075411,-21.8270647219759,1.69255514799253));
#10881=CARTESIAN_POINT('Ctrl Pts',(0.0812236886941285,-20.7545126387601,
1.85854053883483));
#10882=CARTESIAN_POINT('Ctrl Pts',(-1.82676351377323,-21.6916629484841,
2.02452592967713));
#10883=CARTESIAN_POINT('Ctrl Pts',(-2.09980452729478,-23.799769793556,2.19051132051943));
#10884=CARTESIAN_POINT('Ctrl Pts',(-0.493528714698939,-25.1920858066562,
2.35649671136174));
#10885=CARTESIAN_POINT('Ctrl Pts',(1.55445336427905,-24.6224936098566,2.52248210220404));
#10886=CARTESIAN_POINT('Ctrl Pts',(2.21120577155587,-22.6007759882103,2.68846749304634));
#10887=CARTESIAN_POINT('Ctrl Pts',(0.888937675408316,-20.9363622931636,
2.85445288388864));
#10888=CARTESIAN_POINT('Ctrl Pts',(-1.22892615795303,-21.1188962617521,
3.02043827473095));
#10889=CARTESIAN_POINT('Ctrl Pts',(-2.24690589407772,-22.9850107070578,
3.18642366557324));
#10890=CARTESIAN_POINT('Ctrl Pts',(-1.25391365698561,-24.8645405109036,
3.35240905641555));
#10891=CARTESIAN_POINT('Ctrl Pts',(0.861326391134493,-25.0753138614358,
3.51839444725785));
#10892=CARTESIAN_POINT('Ctrl Pts',(2.20568269319835,-23.4286894360112,3.68437983810015));
#10893=CARTESIAN_POINT('Ctrl Pts',(1.57596162554555,-21.3983896441703,3.85036522894245));
#10894=CARTESIAN_POINT('Ctrl Pts',(-0.464238923807679,-20.8015248477145,
4.01635061978476));
#10895=CARTESIAN_POINT('Ctrl Pts',(-2.08894745406469,-22.1722866983635,
4.18233601062705));
#10896=CARTESIAN_POINT('Ctrl Pts',(-1.84405619781689,-24.2838487153409,
4.34832140146936));
#10897=CARTESIAN_POINT('Ctrl Pts',(0.0512581349733164,-25.2463711539621,
4.51430679231166));
#10898=CARTESIAN_POINT('Ctrl Pts',(1.90069663126775,-24.1984002240966,4.68029218315397));
#10899=CARTESIAN_POINT('Ctrl Pts',(2.04901910092912,-22.0778657601101,4.84627757399626));
#10900=CARTESIAN_POINT('Ctrl Pts',(0.36347747743875,-20.7826378832113,5.01226296483857));
#10901=CARTESIAN_POINT('Ctrl Pts',(-1.64737501667114,-21.4719403081512,
5.17824835568087));
#10902=CARTESIAN_POINT('Ctrl Pts',(-2.18383341726043,-23.5288503784898,
5.34423374652316));
#10903=CARTESIAN_POINT('Ctrl Pts',(-0.765769283262059,-25.1124410287102,
5.51021913736548));
#10904=CARTESIAN_POINT('Ctrl Pts',(1.33765500726844,-24.8054060176826,5.67620452820777));
#10905=CARTESIAN_POINT('Ctrl Pts',(2.24388399162699,-22.8825381673653,5.84218991905008));
#10906=CARTESIAN_POINT('Ctrl Pts',(1.14184426030708,-21.0648011660312,6.00817530989238));
#10907=CARTESIAN_POINT('Ctrl Pts',(-0.982139016817032,-20.979053763643,
6.17416070073468));
#10908=CARTESIAN_POINT('Ctrl Pts',(-2.22711676868804,-22.702056565415,6.34014609157698));
#10909=CARTESIAN_POINT('Ctrl Pts',(-1.47882391635284,-24.6916957056405,
6.50613148241928));
#10910=CARTESIAN_POINT('Ctrl Pts',(0.592991440100564,-25.167316365248,6.67211687326158));
#10911=CARTESIAN_POINT('Ctrl Pts',(2.13411895876203,-23.7031145811296,6.83810226410389));
#10912=CARTESIAN_POINT('Ctrl Pts',(1.76514603127877,-21.6097890800777,7.00408765494619));
#10913=CARTESIAN_POINT('Ctrl Pts',(-0.183484919706537,-20.7603834837996,
7.1700730457885));
#10914=CARTESIAN_POINT('Ctrl Pts',(-1.96817158803333,-21.916035859943,7.3360584366308));
#10915=CARTESIAN_POINT('Ctrl Pts',(-1.99081796692429,-24.04064364117,7.5020438274731));
#10916=CARTESIAN_POINT('Ctrl Pts',(-0.2327432988474,-25.236206343798,7.6680292183154));
#10917=CARTESIAN_POINT('Ctrl Pts',(1.73582246456831,-24.4256925257657,7.83401460915771));
#10918=CARTESIAN_POINT('Ctrl Pts',(2.00871565260343,-23.0418109074197,7.9446715363859));
#10919=CARTESIAN_POINT('Ctrl Pts',(1.82548414713731,-22.4421799173117,8.));
#10920=CARTESIAN_POINT('Ctrl Pts',(1.82548414713731,-22.4421799173117,8.));
#10921=CARTESIAN_POINT('Ctrl Pts',(1.85511129846743,-22.5037909821077,8.));
#10922=CARTESIAN_POINT('Ctrl Pts',(1.88104615986179,-22.5668922330488,8.00000000000001));
#10923=CARTESIAN_POINT('Ctrl Pts',(1.90342321661223,-22.6311504101477,8.00000000000001));
#10924=CARTESIAN_POINT('Ctrl Pts',(1.92637494249889,-22.6970588128121,8.00000000000001));
#10925=CARTESIAN_POINT('Ctrl Pts',(1.94558411580999,-22.7641848735859,8.00000000000001));
#10926=CARTESIAN_POINT('Ctrl Pts',(1.96115860440814,-22.83220890518,8.00000000000001));
#10927=CARTESIAN_POINT('Ctrl Pts',(1.97625150766552,-22.8981295369591,8.00000000000001));
#10928=CARTESIAN_POINT('Ctrl Pts',(1.98793098831615,-22.9648943008326,8.00000000000001));
#10929=CARTESIAN_POINT('Ctrl Pts',(1.99625908116956,-23.0322384490084,8.00000000000001));
#10930=CARTESIAN_POINT('Ctrl Pts',(1.99990262179293,-23.0617015138353,8.00000000000001));
#10931=CARTESIAN_POINT('Ctrl Pts',(2.00290421409964,-23.0912757480172,8.00000000000001));
#10932=CARTESIAN_POINT('Ctrl Pts',(2.00526680646758,-23.1209400190438,8.00000000000001));
#10933=CARTESIAN_POINT('Ctrl Pts',(2.0065159312264,-23.1366237975467,8.00000000000001));
#10934=CARTESIAN_POINT('Ctrl Pts',(2.00758641066581,-23.152332752878,8.00000000000001));
#10935=CARTESIAN_POINT('Ctrl Pts',(2.00847852152622,-23.1680638094245,8.00000000000001));
#10936=CARTESIAN_POINT('Ctrl Pts',(2.0092026766592,-23.1808332149444,8.00000000000001));
#10937=CARTESIAN_POINT('Ctrl Pts',(2.00980875860238,-23.1936080814962,8.));
#10938=CARTESIAN_POINT('Ctrl Pts',(2.01029727768049,-23.2063824109857,8.));
#10939=CARTESIAN_POINT('Ctrl Pts',(2.01313732341523,-23.2806470233759,8.));
#10940=CARTESIAN_POINT('Ctrl Pts',(2.01201009655769,-23.3549357043522,8.00000000000001));
#10941=CARTESIAN_POINT('Ctrl Pts',(2.00703686780137,-23.4288974579487,8.));
#10942=CARTESIAN_POINT('Ctrl Pts',(2.00196845840491,-23.5042747360259,8.));
#10943=CARTESIAN_POINT('Ctrl Pts',(1.99290570768859,-23.579313358306,8.));
#10944=CARTESIAN_POINT('Ctrl Pts',(1.97992927183865,-23.6536670916055,8.));
#10945=CARTESIAN_POINT('Ctrl Pts',(1.96844138475203,-23.7194915832064,8.));
#10946=CARTESIAN_POINT('Ctrl Pts',(1.95388557994202,-23.7847801434105,8.));
#10947=CARTESIAN_POINT('Ctrl Pts',(1.93628507838443,-23.8492995480142,8.00000000000001));
#10948=CARTESIAN_POINT('Ctrl Pts',(1.92900253412654,-23.8759956860749,8.00000000000001));
#10949=CARTESIAN_POINT('Ctrl Pts',(1.92119835297427,-23.902560165699,8.));
#10950=CARTESIAN_POINT('Ctrl Pts',(1.91287259623355,-23.9289764188565,8.));
#10951=CARTESIAN_POINT('Ctrl Pts',(1.90943793742684,-23.9398740248488,8.));
#10952=CARTESIAN_POINT('Ctrl Pts',(1.90591414246087,-23.9507474854156,8.));
#10953=CARTESIAN_POINT('Ctrl Pts',(1.90230229468113,-23.9615922560222,8.));
#10954=CARTESIAN_POINT('Ctrl Pts',(1.87674616041644,-24.0383259476371,8.));
#10955=CARTESIAN_POINT('Ctrl Pts',(1.84689240782997,-24.113305991307,8.00000000000001));
#10956=CARTESIAN_POINT('Ctrl Pts',(1.81285530325645,-24.186134177839,8.00000000000001));
#10957=CARTESIAN_POINT('Ctrl Pts',(1.77881819868293,-24.258962364371,8.));
#10958=CARTESIAN_POINT('Ctrl Pts',(1.74059782874276,-24.3296399669911,8.));
#10959=CARTESIAN_POINT('Ctrl Pts',(1.69825167536737,-24.3977758446926,8.));
#10960=CARTESIAN_POINT('Ctrl Pts',(1.66065261676338,-24.4582735441182,8.));
#10961=CARTESIAN_POINT('Ctrl Pts',(1.61980037151185,-24.5167682881349,8.));
#10962=CARTESIAN_POINT('Ctrl Pts',(1.57595362399857,-24.5731748420726,8.));
#10963=CARTESIAN_POINT('Ctrl Pts',(1.5560570790093,-24.5987707095374,8.));
#10964=CARTESIAN_POINT('Ctrl Pts',(1.53554341106018,-24.6239364047588,8.));
#10965=CARTESIAN_POINT('Ctrl Pts',(1.51443436088803,-24.6486628609831,8.));
#10966=CARTESIAN_POINT('Ctrl Pts',(1.50557339341631,-24.6590423106744,8.));
#10967=CARTESIAN_POINT('Ctrl Pts',(1.49660749788893,-24.6693443535785,8.));
#10968=CARTESIAN_POINT('Ctrl Pts',(1.48753821036205,-24.6795682757314,8.));
#10969=CARTESIAN_POINT('Ctrl Pts',(1.47821733452428,-24.6900758165586,8.));
#10970=CARTESIAN_POINT('Ctrl Pts',(1.46879326763556,-24.7004940210627,8.));
#10971=CARTESIAN_POINT('Ctrl Pts',(1.45927087309081,-24.7108194622812,8.));
#10972=CARTESIAN_POINT('Ctrl Pts',(1.4058109648607,-24.7687877744936,8.));
#10973=CARTESIAN_POINT('Ctrl Pts',(1.34922970924388,-24.8238633651009,8.));
#10974=CARTESIAN_POINT('Ctrl Pts',(1.28989754272419,-24.8759493796275,8.));
#10975=CARTESIAN_POINT('Ctrl Pts',(1.22923009288456,-24.9292076012465,8.));
#10976=CARTESIAN_POINT('Ctrl Pts',(1.1656860282726,-24.979340823964,8.00000000000001));
#10977=CARTESIAN_POINT('Ctrl Pts',(1.09961143198363,-25.0262237599363,8.00000000000001));
#10978=CARTESIAN_POINT('Ctrl Pts',(1.06885011058744,-25.0480503187417,8.00000000000001));
#10979=CARTESIAN_POINT('Ctrl Pts',(1.03753966882118,-25.0691720421549,8.));
#10980=CARTESIAN_POINT('Ctrl Pts',(1.00571194996619,-25.0895741095133,8.));
#10981=CARTESIAN_POINT('Ctrl Pts',(0.992945839223531,-25.097757386878,8.));
#10982=CARTESIAN_POINT('Ctrl Pts',(0.980094694526519,-25.1058259671793,
8.));
#10983=CARTESIAN_POINT('Ctrl Pts',(0.967166254083363,-25.1137752895402,
8.));
#10984=CARTESIAN_POINT('Ctrl Pts',(0.895980786767162,-25.1575451649242,
8.));
#10985=CARTESIAN_POINT('Ctrl Pts',(0.822620088955227,-25.1976019175313,
8.00000000000001));
#10986=CARTESIAN_POINT('Ctrl Pts',(0.747467160207027,-25.2338293385155,
8.00000000000001));
#10987=CARTESIAN_POINT('Ctrl Pts',(0.671116585236572,-25.2706340840911,
8.));
#10988=CARTESIAN_POINT('Ctrl Pts',(0.592915492382159,-25.3034871950576,
8.));
#10989=CARTESIAN_POINT('Ctrl Pts',(0.513222704899181,-25.3322344739463,
8.));
#10990=CARTESIAN_POINT('Ctrl Pts',(0.453834340062128,-25.3536574149757,
8.));
#10991=CARTESIAN_POINT('Ctrl Pts',(0.393616600770036,-25.3727995817686,
8.));
#10992=CARTESIAN_POINT('Ctrl Pts',(0.332706668049398,-25.3895821163675,
8.));
#10993=CARTESIAN_POINT('Ctrl Pts',(-1.90585413426455,-23.00001569934,-1.04578601421233));
#10994=CARTESIAN_POINT('Ctrl Pts',(-1.90589321908374,-23.3130870588704,
-1.01826104463632));
#10995=CARTESIAN_POINT('Ctrl Pts',(-1.8328489247318,-23.6261441847572,-0.990736075060312));
#10996=CARTESIAN_POINT('Ctrl Pts',(-1.68662180063953,-23.9001408620989,
-0.963211105484303));
#10997=CARTESIAN_POINT('Ctrl Pts',(-1.39268788393193,-24.4509067821418,
-0.907882641870202));
#10998=CARTESIAN_POINT('Ctrl Pts',(-0.803053014088314,-24.8438459017494,
-0.8525541782561));
#10999=CARTESIAN_POINT('Ctrl Pts',(-0.181586375906813,-24.9031399019461,
-0.797225714641999));
#11000=CARTESIAN_POINT('Ctrl Pts',(0.439880262274685,-24.9624339021428,
-0.741897251027899));
#11001=CARTESIAN_POINT('Ctrl Pts',(1.09317866879406,-24.6880827829285,-0.686568787413799));
#11002=CARTESIAN_POINT('Ctrl Pts',(1.48596357598796,-24.2028472536517,-0.631240323799699));
#11003=CARTESIAN_POINT('Ctrl Pts',(1.87874848318185,-23.717611724375,-0.575911860185598));
#11004=CARTESIAN_POINT('Ctrl Pts',(2.01101989105026,-23.0214917850357,-0.520583396571497));
#11005=CARTESIAN_POINT('Ctrl Pts',(1.82358429615989,-22.4260053364225,-0.465254932957396));
#11006=CARTESIAN_POINT('Ctrl Pts',(1.63614870126952,-21.8305188878093,-0.409926469343296));
#11007=CARTESIAN_POINT('Ctrl Pts',(1.12900610362038,-21.3356659299222,-0.354598005729195));
#11008=CARTESIAN_POINT('Ctrl Pts',(0.529103008281288,-21.1628893184072,
-0.299269542115095));
#11009=CARTESIAN_POINT('Ctrl Pts',(-0.0708000870578025,-20.9901127068923,
-0.243941078500994));
#11010=CARTESIAN_POINT('Ctrl Pts',(-0.763463680086843,-21.1394124417495,
-0.188612614886894));
#11011=CARTESIAN_POINT('Ctrl Pts',(-1.23892277916227,-21.5439786610462,
-0.133284151272793));
#11012=CARTESIAN_POINT('Ctrl Pts',(-1.65665170806635,-21.8994225126544,
-0.0846736611415272));
#11013=CARTESIAN_POINT('Ctrl Pts',(-1.90671981724148,-22.4519073520038,
-0.0360631710102611));
#11014=CARTESIAN_POINT('Ctrl Pts',(-1.91075084259155,-23.0011842232597,
0.0125473191210049));
#11015=CARTESIAN_POINT('Ctrl Pts',(-1.0728705235123,-20.838630563791,-2.));
#11016=CARTESIAN_POINT('Ctrl Pts',(-1.14163543787713,-20.8837886527474,
-2.));
#11017=CARTESIAN_POINT('Ctrl Pts',(-1.20768132841533,-20.9326134781505,
-2.));
#11018=CARTESIAN_POINT('Ctrl Pts',(-1.27087432382037,-20.9847743573646,
-2.));
#11019=CARTESIAN_POINT('Ctrl Pts',(-1.33546648894319,-21.0380901418365,
-2.));
#11020=CARTESIAN_POINT('Ctrl Pts',(-1.39707857078793,-21.0948922370946,
-2.));
#11021=CARTESIAN_POINT('Ctrl Pts',(-1.45552498488613,-21.1548604114931,
-2.));
#11022=CARTESIAN_POINT('Ctrl Pts',(-1.50666559722206,-21.2073325640917,
-2.));
#11023=CARTESIAN_POINT('Ctrl Pts',(-1.55538201066201,-21.2622296599161,
-2.));
#11024=CARTESIAN_POINT('Ctrl Pts',(-1.60151927747417,-21.3193488190807,
-2.));
#11025=CARTESIAN_POINT('Ctrl Pts',(-1.62456498744933,-21.3478800188479,
-2.));
#11026=CARTESIAN_POINT('Ctrl Pts',(-1.64696672494055,-21.3769657469095,
-2.));
#11027=CARTESIAN_POINT('Ctrl Pts',(-1.66870226341344,-21.4065810931303,
-2.));
#11028=CARTESIAN_POINT('Ctrl Pts',(-1.68436308546923,-21.4279194495673,
-2.));
#11029=CARTESIAN_POINT('Ctrl Pts',(-1.69967801320496,-21.4495327587806,
-2.));
#11030=CARTESIAN_POINT('Ctrl Pts',(-1.71463807280007,-21.4714116908554,
-2.));
#11031=CARTESIAN_POINT('Ctrl Pts',(-1.72185560111287,-21.4819672511925,
-2.));
#11032=CARTESIAN_POINT('Ctrl Pts',(-1.72898764120336,-21.4925804987827,
-2.));
#11033=CARTESIAN_POINT('Ctrl Pts',(-1.73602918945609,-21.5032437330011,
-2.));
#11034=CARTESIAN_POINT('Ctrl Pts',(-1.78065852900636,-21.5708273216609,
-2.));
#11035=CARTESIAN_POINT('Ctrl Pts',(-1.82171128406813,-21.6404969066623,
-2.));
#11036=CARTESIAN_POINT('Ctrl Pts',(-1.85901919808645,-21.7119565400787,
-2.));
#11037=CARTESIAN_POINT('Ctrl Pts',(-1.89594692059955,-21.7826879541265,
-2.));
#11038=CARTESIAN_POINT('Ctrl Pts',(-1.9292059539157,-21.8551740645682,-2.));
#11039=CARTESIAN_POINT('Ctrl Pts',(-1.95858323494741,-21.9291369169473,
-2.));
#11040=CARTESIAN_POINT('Ctrl Pts',(-1.98405022051526,-21.9932548621059,
-2.));
#11041=CARTESIAN_POINT('Ctrl Pts',(-2.00659938277385,-22.0584830653768,
-2.));
#11042=CARTESIAN_POINT('Ctrl Pts',(-2.02605919619197,-22.1246380037624,
-2.));
#11043=CARTESIAN_POINT('Ctrl Pts',(-2.03455454128285,-22.1535184980907,
-2.));
#11044=CARTESIAN_POINT('Ctrl Pts',(-2.04246070423154,-22.1825755407951,
-2.));
#11045=CARTESIAN_POINT('Ctrl Pts',(-2.04976149352149,-22.2117933888251,
-2.));
#11046=CARTESIAN_POINT('Ctrl Pts',(-2.05416865834555,-22.2294309163523,
-2.));
#11047=CARTESIAN_POINT('Ctrl Pts',(-2.0583552018118,-22.2471270346478,-2.));
#11048=CARTESIAN_POINT('Ctrl Pts',(-2.06231734965301,-22.2648782072757,
-2.));
#11049=CARTESIAN_POINT('Ctrl Pts',(-2.06507208818912,-22.2772199575735,
-2.));
#11050=CARTESIAN_POINT('Ctrl Pts',(-2.06771635439186,-22.2895794370055,
-2.));
#11051=CARTESIAN_POINT('Ctrl Pts',(-2.07024886594874,-22.3019529586918,
-2.));
#11052=CARTESIAN_POINT('Ctrl Pts',(-2.08532551885884,-22.3756155215464,
-2.));
#11053=CARTESIAN_POINT('Ctrl Pts',(-2.09645206416773,-22.4498053136091,
-2.));
#11054=CARTESIAN_POINT('Ctrl Pts',(-2.10344900377541,-22.5242801602429,
-2.));
#11055=CARTESIAN_POINT('Ctrl Pts',(-2.110029873325,-22.5943263915817,-2.));
#11056=CARTESIAN_POINT('Ctrl Pts',(-2.11295737640455,-22.6646253274357,
-2.));
#11057=CARTESIAN_POINT('Ctrl Pts',(-2.11204067082367,-22.734968172647,-2.));
#11058=CARTESIAN_POINT('Ctrl Pts',(-2.11122486229744,-22.7975687437355,
-2.));
#11059=CARTESIAN_POINT('Ctrl Pts',(-2.10736334603942,-22.8602043512995,
-2.));
#11060=CARTESIAN_POINT('Ctrl Pts',(-2.10052930740841,-22.9226793981212,
-2.));
#11061=CARTESIAN_POINT('Ctrl Pts',(-2.09689982594801,-22.955859196542,-2.));
#11062=CARTESIAN_POINT('Ctrl Pts',(-2.09243160586129,-22.9889934943887,
-2.));
#11063=CARTESIAN_POINT('Ctrl Pts',(-2.08713362926942,-23.022051241877,-2.));
#11064=CARTESIAN_POINT('Ctrl Pts',(-2.08459970452519,-23.0378621543824,
-2.));
#11065=CARTESIAN_POINT('Ctrl Pts',(-2.08187595163727,-23.0536555356634,
-2.));
#11066=CARTESIAN_POINT('Ctrl Pts',(-2.07896325628529,-23.0694278708216,
-2.));
#11067=CARTESIAN_POINT('Ctrl Pts',(-2.07657575181936,-23.0823562811351,
-2.));
#11068=CARTESIAN_POINT('Ctrl Pts',(-2.07406140060022,-23.095269541805,-2.));
#11069=CARTESIAN_POINT('Ctrl Pts',(-2.07142350664798,-23.108153292879,-2.));
#11070=CARTESIAN_POINT('Ctrl Pts',(-2.05637135276206,-23.1816695931192,
-2.));
#11071=CARTESIAN_POINT('Ctrl Pts',(-2.03728061450549,-23.2543368179023,
-2.));
#11072=CARTESIAN_POINT('Ctrl Pts',(-2.01431274551234,-23.325825506929,-2.));
#11073=CARTESIAN_POINT('Ctrl Pts',(-1.99102419418267,-23.3983123364378,
-2.));
#11074=CARTESIAN_POINT('Ctrl Pts',(-1.96374883618024,-23.4695885323554,
-2.));
#11075=CARTESIAN_POINT('Ctrl Pts',(-1.93261450759553,-23.5392736363116,
-2.));
#11076=CARTESIAN_POINT('Ctrl Pts',(-1.91807904436458,-23.5718070266991,
-2.));
#11077=CARTESIAN_POINT('Ctrl Pts',(-1.90270196729967,-23.6039930018079,
-2.));
#11078=CARTESIAN_POINT('Ctrl Pts',(-1.88649395160615,-23.6357891692161,
-2.));
#11079=CARTESIAN_POINT('Ctrl Pts',(-1.88058496121058,-23.6473811648918,
-2.));
#11080=CARTESIAN_POINT('Ctrl Pts',(-1.87456706626555,-23.6589181720029,
-2.));
#11081=CARTESIAN_POINT('Ctrl Pts',(-1.8684448792646,-23.6703910438974,-2.));
#11082=CARTESIAN_POINT('Ctrl Pts',(-1.83438996205277,-23.7342093660903,
-2.));
#11083=CARTESIAN_POINT('Ctrl Pts',(-1.79707620255825,-23.7961144550448,
-2.));
#11084=CARTESIAN_POINT('Ctrl Pts',(-1.75663039805515,-23.8557852742358,
-2.));
#11085=CARTESIAN_POINT('Ctrl Pts',(-1.71729973325342,-23.9138108968405,
-2.));
#11086=CARTESIAN_POINT('Ctrl Pts',(-1.67500662264902,-23.9697242490091,
-2.));
#11087=CARTESIAN_POINT('Ctrl Pts',(-1.62984357715564,-24.0231877976794,
-2.));
#11088=CARTESIAN_POINT('Ctrl Pts',(-1.60553759356813,-24.0519609710187,
-2.));
#11089=CARTESIAN_POINT('Ctrl Pts',(-1.58040000631293,-24.0800238031681,
-2.));
#11090=CARTESIAN_POINT('Ctrl Pts',(-1.55444330675755,-24.1073176615565,
-2.));
#11091=CARTESIAN_POINT('Origin',(0.,0.,8.));
#11092=CARTESIAN_POINT('',(-29.,3.55147571752733E-15,8.));
#11093=CARTESIAN_POINT('Origin',(0.,0.,8.));
#11094=CARTESIAN_POINT('',(-21.9567917724651,-2.85469701730501,8.));
#11095=CARTESIAN_POINT('Origin',(-19.0211303259031,6.18033988749895,8.));
#11096=CARTESIAN_POINT('Origin',(-19.0211303259031,6.18033988749895,8.));
#11097=CARTESIAN_POINT('',(-9.5,20.,8.));
#11098=CARTESIAN_POINT('Origin',(8.83043469843272E-16,20.,8.));
#11099=CARTESIAN_POINT('Origin',(8.83043469843272E-16,20.,8.));
#11100=CARTESIAN_POINT('',(16.0854688793411,15.2153767923029,8.));
#11101=CARTESIAN_POINT('Origin',(19.0211303259031,6.18033988749895,8.));
#11102=CARTESIAN_POINT('Origin',(19.0211303259031,6.18033988749895,8.));
#11103=CARTESIAN_POINT('',(19.4413664924115,-10.5963799907205,8.));
#11104=CARTESIAN_POINT('Origin',(11.7557050458495,-16.180339887499,8.));
#11105=CARTESIAN_POINT('Origin',(11.7557050458495,-16.180339887499,8.));
#11106=CARTESIAN_POINT('',(-4.07004359928747,-21.7642997842774,8.));
#11107=CARTESIAN_POINT('Origin',(-11.7557050458495,-16.1803398874989,8.));
#11108=CARTESIAN_POINT('Origin',(-11.7557050458495,-16.1803398874989,8.));
#11109=CARTESIAN_POINT('Origin',(0.,0.,6.5));
#11110=CARTESIAN_POINT('',(-28.375,-3.47493529258062E-15,6.5));
#11111=CARTESIAN_POINT('Origin',(0.,0.,6.5));
#11112=CARTESIAN_POINT('',(27.3597942360211,-7.09602997853271,6.5));
#11113=CARTESIAN_POINT('',(27.880631158987,-4.64568490861938,6.5));
#11114=CARTESIAN_POINT('Ctrl Pts',(27.3597942360211,-7.09602997853292,6.5));
#11115=CARTESIAN_POINT('Ctrl Pts',(27.3695840378041,-6.48150325968209,6.5));
#11116=CARTESIAN_POINT('Ctrl Pts',(26.429887035531,-7.15298486924824,6.5));
#11117=CARTESIAN_POINT('Ctrl Pts',(25.5066534619518,-5.42160655958126,6.5));
#11118=CARTESIAN_POINT('Ctrl Pts',(27.0542843010064,-4.21542669381652,6.5));
#11119=CARTESIAN_POINT('Ctrl Pts',(27.6396240532314,-5.2110648723392,6.5));
#11120=CARTESIAN_POINT('Ctrl Pts',(27.880631158987,-4.64568490861938,6.5));
#11121=CARTESIAN_POINT('',(27.9516515294509,-4.19727993702996,6.5));
#11122=CARTESIAN_POINT('Origin',(0.,0.,6.5));
#11123=CARTESIAN_POINT('',(28.2135044486232,-1.70591583062278,6.5));
#11124=CARTESIAN_POINT('Ctrl Pts',(27.9516515294509,-4.19727993703018,6.5));
#11125=CARTESIAN_POINT('Ctrl Pts',(27.8971521681171,-3.58509634690812,6.5));
#11126=CARTESIAN_POINT('Ctrl Pts',(27.0327918651049,-4.35112459354362,6.5));
#11127=CARTESIAN_POINT('Ctrl Pts',(25.9336375475969,-2.72573514209743,6.5));
#11128=CARTESIAN_POINT('Ctrl Pts',(27.3467101751911,-1.36439138253002,6.5));
#11129=CARTESIAN_POINT('Ctrl Pts',(28.0329159037798,-2.29339068614587,6.5));
#11130=CARTESIAN_POINT('Ctrl Pts',(28.2135044486232,-1.70591583062278,6.5));
#11131=CARTESIAN_POINT('',(28.2372646794649,-1.25254361819979,6.5));
#11132=CARTESIAN_POINT('Origin',(0.,0.,6.5));
#11133=CARTESIAN_POINT('',(28.2372646794649,1.2525436182,6.5));
#11134=CARTESIAN_POINT('Ctrl Pts',(28.2372646794649,-1.25254361820001,6.5));
#11135=CARTESIAN_POINT('Ctrl Pts',(28.1190732614217,-0.649410368327758,
6.5));
#11136=CARTESIAN_POINT('Ctrl Pts',(27.3395197700294,-1.50159248626076,6.5));
#11137=CARTESIAN_POINT('Ctrl Pts',(26.076487273308,-4.7901730008395E-15,
6.5));
#11138=CARTESIAN_POINT('Ctrl Pts',(27.3395197700294,1.50159248626075,6.5));
#11139=CARTESIAN_POINT('Ctrl Pts',(28.1190732614217,0.649410368327747,6.5));
#11140=CARTESIAN_POINT('Ctrl Pts',(28.2372646794649,1.25254361819999,6.5));
#11141=CARTESIAN_POINT('',(28.2135044486232,1.70591583062296,6.5));
#11142=CARTESIAN_POINT('Origin',(0.,0.,6.5));
#11143=CARTESIAN_POINT('',(27.9516515294509,4.19727993703014,6.5));
#11144=CARTESIAN_POINT('Ctrl Pts',(28.2135044486232,1.70591583062274,6.5));
#11145=CARTESIAN_POINT('Ctrl Pts',(28.0329159037798,2.29339068614584,6.5));
#11146=CARTESIAN_POINT('Ctrl Pts',(27.3467101751911,1.36439138252999,6.5));
#11147=CARTESIAN_POINT('Ctrl Pts',(25.9336375475969,2.7257351420974,6.5));
#11148=CARTESIAN_POINT('Ctrl Pts',(27.0327918651049,4.35112459354359,6.5));
#11149=CARTESIAN_POINT('Ctrl Pts',(27.8971521681171,3.58509634690809,6.5));
#11150=CARTESIAN_POINT('Ctrl Pts',(27.9516515294509,4.19727993703014,6.5));
#11151=CARTESIAN_POINT('',(27.8806311589869,4.64568490861956,6.5));
#11152=CARTESIAN_POINT('Origin',(0.,0.,6.5));
#11153=CARTESIAN_POINT('',(27.3597942360211,7.09602997853289,6.5));
#11154=CARTESIAN_POINT('Ctrl Pts',(27.880631158987,4.64568490861935,6.5));
#11155=CARTESIAN_POINT('Ctrl Pts',(27.6396240532314,5.21106487233916,6.5));
#11156=CARTESIAN_POINT('Ctrl Pts',(27.0542843010064,4.21542669381648,6.5));
#11157=CARTESIAN_POINT('Ctrl Pts',(25.5066534619518,5.42160655958123,6.5));
#11158=CARTESIAN_POINT('Ctrl Pts',(26.429887035531,7.15298486924821,6.5));
#11159=CARTESIAN_POINT('Ctrl Pts',(27.3695840378041,6.48150325968206,6.5));
#11160=CARTESIAN_POINT('Ctrl Pts',(27.3597942360211,7.09602997853289,6.5));
#11161=CARTESIAN_POINT('',(27.2422918399757,7.53455489058529,6.5));
#11162=CARTESIAN_POINT('Origin',(0.,0.,6.5));
#11163=CARTESIAN_POINT('',(26.4681773115364,9.91703443065111,6.5));
#11164=CARTESIAN_POINT('Ctrl Pts',(27.2422918399757,7.53455489058508,6.5));
#11165=CARTESIAN_POINT('Ctrl Pts',(26.9435066975925,8.07164554130574,6.5));
#11166=CARTESIAN_POINT('Ctrl Pts',(26.4654460265469,7.0202769081108,6.5));
#11167=CARTESIAN_POINT('Ctrl Pts',(24.8002131433672,8.0580777210542,6.5));
#11168=CARTESIAN_POINT('Ctrl Pts',(25.5374108327863,9.87647554586706,6.5));
#11169=CARTESIAN_POINT('Ctrl Pts',(26.5421490173194,9.30689746640122,6.5));
#11170=CARTESIAN_POINT('Ctrl Pts',(26.4681773115364,9.91703443065111,6.5));
#11171=CARTESIAN_POINT('',(26.3054802707496,10.3408747124628,6.5));
#11172=CARTESIAN_POINT('Origin',(0.,0.,6.5));
#11173=CARTESIAN_POINT('',(25.2865694976043,12.6293857782742,6.5));
#11174=CARTESIAN_POINT('Ctrl Pts',(26.3054802707497,10.3408747124626,6.5));
#11175=CARTESIAN_POINT('Ctrl Pts',(25.9521906442836,10.8437915726213,6.5));
#11176=CARTESIAN_POINT('Ctrl Pts',(25.58664678717,9.74821149951244,6.5));
#11177=CARTESIAN_POINT('Ctrl Pts',(23.8220564998056,10.6062628967541,6.5));
#11178=CARTESIAN_POINT('Ctrl Pts',(24.3651414129109,12.49175748962,6.5));
#11179=CARTESIAN_POINT('Ctrl Pts',(25.4239126578991,12.030323356885,6.5));
#11180=CARTESIAN_POINT('Ctrl Pts',(25.2865694976043,12.6293857782742,6.5));
#11181=CARTESIAN_POINT('',(25.0804603549016,13.0338977470233,6.5));
#11182=CARTESIAN_POINT('Origin',(0.,0.,6.5));
#11183=CARTESIAN_POINT('',(23.8279167367017,15.2033669324417,6.5));
#11184=CARTESIAN_POINT('Ctrl Pts',(25.0804603549017,13.0338977470231,6.5));
#11185=CARTESIAN_POINT('Ctrl Pts',(24.6765369594308,13.497130754258,6.5));
#11186=CARTESIAN_POINT('Ctrl Pts',(24.4275148912427,12.369342645781,6.5));
#11187=CARTESIAN_POINT('Ctrl Pts',(22.5829004201463,13.038243636654,6.5));
#11188=CARTESIAN_POINT('Ctrl Pts',(22.925922404982,14.9701771242483,6.5));
#11189=CARTESIAN_POINT('Ctrl Pts',(24.0271265911031,14.6219425071637,6.5));
#11190=CARTESIAN_POINT('Ctrl Pts',(23.8279167367017,15.2033669324417,6.5));
#11191=CARTESIAN_POINT('',(23.5806536669814,15.5841186703491,6.5));
#11192=CARTESIAN_POINT('Origin',(0.,0.,6.5));
#11193=CARTESIAN_POINT('',(22.1082003337195,17.6107768169883,6.5));
#11194=CARTESIAN_POINT('Ctrl Pts',(23.5806536669816,15.5841186703489,6.5));
#11195=CARTESIAN_POINT('Ctrl Pts',(23.1305219717532,16.0025925468948,6.5));
#11196=CARTESIAN_POINT('Ctrl Pts',(23.0007500303809,14.8549526855711,6.5));
#11197=CARTESIAN_POINT('Ctrl Pts',(21.0963213577082,15.3273746508428,6.5));
#11198=CARTESIAN_POINT('Ctrl Pts',(21.2355221936264,17.2845803655925,6.5));
#11199=CARTESIAN_POINT('Ctrl Pts',(22.3670942973755,17.0533605954957,6.5));
#11200=CARTESIAN_POINT('Ctrl Pts',(22.1082003337195,17.6107768169883,6.5));
#11201=CARTESIAN_POINT('',(21.8224924029169,17.963596728336,6.5));
#11202=CARTESIAN_POINT('Origin',(0.,0.,6.5));
#11203=CARTESIAN_POINT('',(20.1462618614428,19.825239345436,6.5));
#11204=CARTESIAN_POINT('Ctrl Pts',(21.822492402917,17.9635967283358,6.5));
#11205=CARTESIAN_POINT('Ctrl Pts',(21.3310841449802,18.3327265868301,6.5));
#11206=CARTESIAN_POINT('Ctrl Pts',(21.3219841389698,17.1778087551393,6.5));
#11207=CARTESIAN_POINT('Ctrl Pts',(19.378606583786,17.4485757408976,6.5));
#11208=CARTESIAN_POINT('Ctrl Pts',(19.3124611572987,19.4096101274202,6.5));
#11209=CARTESIAN_POINT('Ctrl Pts',(20.4620034379104,19.2979384964984,6.5));
#11210=CARTESIAN_POINT('Ctrl Pts',(20.1462618614428,19.825239345436,6.5));
#11211=CARTESIAN_POINT('',(19.8252393454358,20.146261861443,6.5));
#11212=CARTESIAN_POINT('Origin',(0.,0.,6.5));
#11213=CARTESIAN_POINT('',(17.9635967283359,21.822492402917,6.5));
#11214=CARTESIAN_POINT('Ctrl Pts',(19.825239345436,20.1462618614428,6.5));
#11215=CARTESIAN_POINT('Ctrl Pts',(19.2979384964984,20.4620034379104,6.5));
#11216=CARTESIAN_POINT('Ctrl Pts',(19.4096101274202,19.3124611572987,6.5));
#11217=CARTESIAN_POINT('Ctrl Pts',(17.4485757408976,19.3786065837859,6.5));
#11218=CARTESIAN_POINT('Ctrl Pts',(17.1778087551394,21.3219841389698,6.5));
#11219=CARTESIAN_POINT('Ctrl Pts',(18.3327265868301,21.3310841449802,6.5));
#11220=CARTESIAN_POINT('Ctrl Pts',(17.9635967283359,21.822492402917,6.5));
#11221=CARTESIAN_POINT('',(17.6107768169881,22.1082003337197,6.5));
#11222=CARTESIAN_POINT('Origin',(0.,0.,6.5));
#11223=CARTESIAN_POINT('',(15.5841186703489,23.5806536669816,6.5));
#11224=CARTESIAN_POINT('Ctrl Pts',(17.6107768169883,22.1082003337195,6.5));
#11225=CARTESIAN_POINT('Ctrl Pts',(17.0533605954957,22.3670942973755,6.5));
#11226=CARTESIAN_POINT('Ctrl Pts',(17.2845803655925,21.2355221936264,6.5));
#11227=CARTESIAN_POINT('Ctrl Pts',(15.3273746508428,21.0963213577082,6.5));
#11228=CARTESIAN_POINT('Ctrl Pts',(14.8549526855711,23.0007500303809,6.5));
#11229=CARTESIAN_POINT('Ctrl Pts',(16.0025925468949,23.1305219717532,6.5));
#11230=CARTESIAN_POINT('Ctrl Pts',(15.5841186703489,23.5806536669816,6.5));
#11231=CARTESIAN_POINT('',(15.2033669324415,23.8279167367018,6.5));
#11232=CARTESIAN_POINT('Origin',(0.,0.,6.5));
#11233=CARTESIAN_POINT('',(13.0338977470232,25.0804603549016,6.5));
#11234=CARTESIAN_POINT('Ctrl Pts',(15.2033669324417,23.8279167367016,6.5));
#11235=CARTESIAN_POINT('Ctrl Pts',(14.6219425071637,24.0271265911031,6.5));
#11236=CARTESIAN_POINT('Ctrl Pts',(14.9701771242483,22.925922404982,6.5));
#11237=CARTESIAN_POINT('Ctrl Pts',(13.038243636654,22.5829004201463,6.5));
#11238=CARTESIAN_POINT('Ctrl Pts',(12.3693426457811,24.4275148912427,6.5));
#11239=CARTESIAN_POINT('Ctrl Pts',(13.497130754258,24.6765369594308,6.5));
#11240=CARTESIAN_POINT('Ctrl Pts',(13.0338977470232,25.0804603549016,6.5));
#11241=CARTESIAN_POINT('',(12.6293857782741,25.2865694976044,6.5));
#11242=CARTESIAN_POINT('Origin',(0.,0.,6.5));
#11243=CARTESIAN_POINT('',(10.3408747124626,26.3054802707497,6.5));
#11244=CARTESIAN_POINT('Ctrl Pts',(12.6293857782743,25.2865694976043,6.5));
#11245=CARTESIAN_POINT('Ctrl Pts',(12.030323356885,25.4239126578991,6.5));
#11246=CARTESIAN_POINT('Ctrl Pts',(12.49175748962,24.3651414129109,6.5));
#11247=CARTESIAN_POINT('Ctrl Pts',(10.6062628967541,23.8220564998056,6.5));
#11248=CARTESIAN_POINT('Ctrl Pts',(9.74821149951248,25.58664678717,6.5));
#11249=CARTESIAN_POINT('Ctrl Pts',(10.8437915726214,25.9521906442836,6.5));
#11250=CARTESIAN_POINT('Ctrl Pts',(10.3408747124626,26.3054802707497,6.5));
#11251=CARTESIAN_POINT('',(9.91703443065092,26.4681773115364,6.5));
#11252=CARTESIAN_POINT('Origin',(0.,0.,6.5));
#11253=CARTESIAN_POINT('',(7.53455489058509,27.2422918399757,6.5));
#11254=CARTESIAN_POINT('Ctrl Pts',(9.91703443065113,26.4681773115364,6.5));
#11255=CARTESIAN_POINT('Ctrl Pts',(9.30689746640124,26.5421490173194,6.5));
#11256=CARTESIAN_POINT('Ctrl Pts',(9.87647554586707,25.5374108327863,6.5));
#11257=CARTESIAN_POINT('Ctrl Pts',(8.05807772105421,24.8002131433672,6.5));
#11258=CARTESIAN_POINT('Ctrl Pts',(7.02027690811081,26.4654460265469,6.5));
#11259=CARTESIAN_POINT('Ctrl Pts',(8.07164554130575,26.9435066975925,6.5));
#11260=CARTESIAN_POINT('Ctrl Pts',(7.53455489058509,27.2422918399757,6.5));
#11261=CARTESIAN_POINT('',(7.09602997853271,27.3597942360211,6.5));
#11262=CARTESIAN_POINT('Origin',(0.,0.,6.5));
#11263=CARTESIAN_POINT('',(4.64568490861938,27.880631158987,6.5));
#11264=CARTESIAN_POINT('Ctrl Pts',(7.09602997853292,27.3597942360211,6.5));
#11265=CARTESIAN_POINT('Ctrl Pts',(6.4815032596821,27.3695840378041,6.5));
#11266=CARTESIAN_POINT('Ctrl Pts',(7.15298486924825,26.429887035531,6.5));
#11267=CARTESIAN_POINT('Ctrl Pts',(5.42160655958126,25.5066534619518,6.5));
#11268=CARTESIAN_POINT('Ctrl Pts',(4.21542669381652,27.0542843010064,6.5));
#11269=CARTESIAN_POINT('Ctrl Pts',(5.2110648723392,27.6396240532314,6.5));
#11270=CARTESIAN_POINT('Ctrl Pts',(4.64568490861938,27.880631158987,6.5));
#11271=CARTESIAN_POINT('',(4.19727993702996,27.9516515294509,6.5));
#11272=CARTESIAN_POINT('Origin',(0.,0.,6.5));
#11273=CARTESIAN_POINT('',(1.70591583062278,28.2135044486232,6.5));
#11274=CARTESIAN_POINT('Ctrl Pts',(4.19727993703018,27.9516515294509,6.5));
#11275=CARTESIAN_POINT('Ctrl Pts',(3.58509634690812,27.8971521681171,6.5));
#11276=CARTESIAN_POINT('Ctrl Pts',(4.35112459354363,27.0327918651049,6.5));
#11277=CARTESIAN_POINT('Ctrl Pts',(2.72573514209743,25.9336375475969,6.5));
#11278=CARTESIAN_POINT('Ctrl Pts',(1.36439138253002,27.3467101751911,6.5));
#11279=CARTESIAN_POINT('Ctrl Pts',(2.29339068614587,28.0329159037798,6.5));
#11280=CARTESIAN_POINT('Ctrl Pts',(1.70591583062278,28.2135044486232,6.5));
#11281=CARTESIAN_POINT('',(1.25254361819978,28.2372646794649,6.5));
#11282=CARTESIAN_POINT('Origin',(0.,0.,6.5));
#11283=CARTESIAN_POINT('',(-1.2525436182,28.2372646794649,6.5));
#11284=CARTESIAN_POINT('Ctrl Pts',(1.2525436182,28.2372646794649,6.5));
#11285=CARTESIAN_POINT('Ctrl Pts',(0.649410368327752,28.1190732614217,6.5));
#11286=CARTESIAN_POINT('Ctrl Pts',(1.50159248626075,27.3395197700294,6.5));
#11287=CARTESIAN_POINT('Ctrl Pts',(0.,26.076487273308,6.5));
#11288=CARTESIAN_POINT('Ctrl Pts',(-1.50159248626075,27.3395197700294,6.5));
#11289=CARTESIAN_POINT('Ctrl Pts',(-0.649410368327752,28.1190732614217,
6.5));
#11290=CARTESIAN_POINT('Ctrl Pts',(-1.2525436182,28.2372646794649,6.5));
#11291=CARTESIAN_POINT('',(-1.70591583062297,28.2135044486232,6.5));
#11292=CARTESIAN_POINT('Origin',(0.,0.,6.5));
#11293=CARTESIAN_POINT('',(-4.19727993703015,27.9516515294509,6.5));
#11294=CARTESIAN_POINT('Ctrl Pts',(-1.70591583062275,28.2135044486232,6.5));
#11295=CARTESIAN_POINT('Ctrl Pts',(-2.29339068614585,28.0329159037798,6.5));
#11296=CARTESIAN_POINT('Ctrl Pts',(-1.36439138253,27.3467101751911,6.5));
#11297=CARTESIAN_POINT('Ctrl Pts',(-2.72573514209741,25.9336375475969,6.5));
#11298=CARTESIAN_POINT('Ctrl Pts',(-4.3511245935436,27.0327918651049,6.5));
#11299=CARTESIAN_POINT('Ctrl Pts',(-3.5850963469081,27.8971521681171,6.5));
#11300=CARTESIAN_POINT('Ctrl Pts',(-4.19727993703015,27.9516515294509,6.5));
#11301=CARTESIAN_POINT('',(-4.64568490861958,27.8806311589869,6.5));
#11302=CARTESIAN_POINT('Origin',(0.,0.,6.5));
#11303=CARTESIAN_POINT('',(-7.09602997853291,27.3597942360211,6.5));
#11304=CARTESIAN_POINT('Ctrl Pts',(-4.64568490861937,27.880631158987,6.5));
#11305=CARTESIAN_POINT('Ctrl Pts',(-5.21106487233919,27.6396240532314,6.5));
#11306=CARTESIAN_POINT('Ctrl Pts',(-4.2154266938165,27.0542843010064,6.5));
#11307=CARTESIAN_POINT('Ctrl Pts',(-5.42160655958125,25.5066534619518,6.5));
#11308=CARTESIAN_POINT('Ctrl Pts',(-7.15298486924823,26.429887035531,6.5));
#11309=CARTESIAN_POINT('Ctrl Pts',(-6.48150325968208,27.3695840378041,6.5));
#11310=CARTESIAN_POINT('Ctrl Pts',(-7.09602997853291,27.3597942360211,6.5));
#11311=CARTESIAN_POINT('',(-7.53455489058529,27.2422918399757,6.5));
#11312=CARTESIAN_POINT('Origin',(0.,0.,6.5));
#11313=CARTESIAN_POINT('',(-9.91703443065112,26.4681773115364,6.5));
#11314=CARTESIAN_POINT('Ctrl Pts',(-7.53455489058508,27.2422918399757,6.5));
#11315=CARTESIAN_POINT('Ctrl Pts',(-8.07164554130574,26.9435066975925,6.5));
#11316=CARTESIAN_POINT('Ctrl Pts',(-7.02027690811081,26.4654460265469,6.5));
#11317=CARTESIAN_POINT('Ctrl Pts',(-8.05807772105421,24.8002131433672,6.5));
#11318=CARTESIAN_POINT('Ctrl Pts',(-9.87647554586706,25.5374108327863,6.5));
#11319=CARTESIAN_POINT('Ctrl Pts',(-9.30689746640123,26.5421490173194,6.5));
#11320=CARTESIAN_POINT('Ctrl Pts',(-9.91703443065112,26.4681773115364,6.5));
#11321=CARTESIAN_POINT('',(-10.3408747124628,26.3054802707496,6.5));
#11322=CARTESIAN_POINT('Origin',(0.,0.,6.5));
#11323=CARTESIAN_POINT('',(-12.6293857782742,25.2865694976043,6.5));
#11324=CARTESIAN_POINT('Ctrl Pts',(-10.3408747124626,26.3054802707497,6.5));
#11325=CARTESIAN_POINT('Ctrl Pts',(-10.8437915726213,25.9521906442836,6.5));
#11326=CARTESIAN_POINT('Ctrl Pts',(-9.74821149951245,25.58664678717,6.5));
#11327=CARTESIAN_POINT('Ctrl Pts',(-10.6062628967541,23.8220564998056,6.5));
#11328=CARTESIAN_POINT('Ctrl Pts',(-12.49175748962,24.3651414129109,6.5));
#11329=CARTESIAN_POINT('Ctrl Pts',(-12.030323356885,25.4239126578991,6.5));
#11330=CARTESIAN_POINT('Ctrl Pts',(-12.6293857782742,25.2865694976043,6.5));
#11331=CARTESIAN_POINT('',(-13.0338977470234,25.0804603549015,6.5));
#11332=CARTESIAN_POINT('Origin',(0.,0.,6.5));
#11333=CARTESIAN_POINT('',(-15.2033669324417,23.8279167367016,6.5));
#11334=CARTESIAN_POINT('Ctrl Pts',(-13.0338977470232,25.0804603549016,6.5));
#11335=CARTESIAN_POINT('Ctrl Pts',(-13.497130754258,24.6765369594308,6.5));
#11336=CARTESIAN_POINT('Ctrl Pts',(-12.369342645781,24.4275148912427,6.5));
#11337=CARTESIAN_POINT('Ctrl Pts',(-13.038243636654,22.5829004201463,6.5));
#11338=CARTESIAN_POINT('Ctrl Pts',(-14.9701771242483,22.925922404982,6.5));
#11339=CARTESIAN_POINT('Ctrl Pts',(-14.6219425071637,24.0271265911031,6.5));
#11340=CARTESIAN_POINT('Ctrl Pts',(-15.2033669324417,23.8279167367016,6.5));
#11341=CARTESIAN_POINT('',(-15.5841186703491,23.5806536669814,6.5));
#11342=CARTESIAN_POINT('Origin',(0.,0.,6.5));
#11343=CARTESIAN_POINT('',(-17.6107768169883,22.1082003337195,6.5));
#11344=CARTESIAN_POINT('Ctrl Pts',(-15.5841186703489,23.5806536669816,6.5));
#11345=CARTESIAN_POINT('Ctrl Pts',(-16.0025925468948,23.1305219717532,6.5));
#11346=CARTESIAN_POINT('Ctrl Pts',(-14.8549526855711,23.0007500303809,6.5));
#11347=CARTESIAN_POINT('Ctrl Pts',(-15.3273746508428,21.0963213577082,6.5));
#11348=CARTESIAN_POINT('Ctrl Pts',(-17.2845803655925,21.2355221936264,6.5));
#11349=CARTESIAN_POINT('Ctrl Pts',(-17.0533605954957,22.3670942973755,6.5));
#11350=CARTESIAN_POINT('Ctrl Pts',(-17.6107768169883,22.1082003337195,6.5));
#11351=CARTESIAN_POINT('',(-17.963596728336,21.8224924029169,6.5));
#11352=CARTESIAN_POINT('Origin',(0.,0.,6.5));
#11353=CARTESIAN_POINT('',(-19.825239345436,20.1462618614428,6.5));
#11354=CARTESIAN_POINT('Ctrl Pts',(-17.9635967283358,21.822492402917,6.5));
#11355=CARTESIAN_POINT('Ctrl Pts',(-18.3327265868301,21.3310841449802,6.5));
#11356=CARTESIAN_POINT('Ctrl Pts',(-17.1778087551393,21.3219841389698,6.5));
#11357=CARTESIAN_POINT('Ctrl Pts',(-17.4485757408976,19.378606583786,6.5));
#11358=CARTESIAN_POINT('Ctrl Pts',(-19.4096101274202,19.3124611572987,6.5));
#11359=CARTESIAN_POINT('Ctrl Pts',(-19.2979384964984,20.4620034379104,6.5));
#11360=CARTESIAN_POINT('Ctrl Pts',(-19.825239345436,20.1462618614428,6.5));
#11361=CARTESIAN_POINT('',(-20.146261861443,19.8252393454358,6.5));
#11362=CARTESIAN_POINT('Origin',(0.,0.,6.5));
#11363=CARTESIAN_POINT('',(-21.822492402917,17.9635967283358,6.5));
#11364=CARTESIAN_POINT('Ctrl Pts',(-20.1462618614428,19.825239345436,6.5));
#11365=CARTESIAN_POINT('Ctrl Pts',(-20.4620034379104,19.2979384964984,6.5));
#11366=CARTESIAN_POINT('Ctrl Pts',(-19.3124611572987,19.4096101274202,6.5));
#11367=CARTESIAN_POINT('Ctrl Pts',(-19.378606583786,17.4485757408976,6.5));
#11368=CARTESIAN_POINT('Ctrl Pts',(-21.3219841389698,17.1778087551393,6.5));
#11369=CARTESIAN_POINT('Ctrl Pts',(-21.3310841449802,18.3327265868301,6.5));
#11370=CARTESIAN_POINT('Ctrl Pts',(-21.822492402917,17.9635967283358,6.5));
#11371=CARTESIAN_POINT('',(-22.1082003337197,17.6107768169881,6.5));
#11372=CARTESIAN_POINT('Origin',(0.,0.,6.5));
#11373=CARTESIAN_POINT('',(-23.5806536669816,15.5841186703489,6.5));
#11374=CARTESIAN_POINT('Ctrl Pts',(-22.1082003337195,17.6107768169883,6.5));
#11375=CARTESIAN_POINT('Ctrl Pts',(-22.3670942973755,17.0533605954957,6.5));
#11376=CARTESIAN_POINT('Ctrl Pts',(-21.2355221936264,17.2845803655925,6.5));
#11377=CARTESIAN_POINT('Ctrl Pts',(-21.0963213577082,15.3273746508428,6.5));
#11378=CARTESIAN_POINT('Ctrl Pts',(-23.0007500303809,14.8549526855711,6.5));
#11379=CARTESIAN_POINT('Ctrl Pts',(-23.1305219717532,16.0025925468948,6.5));
#11380=CARTESIAN_POINT('Ctrl Pts',(-23.5806536669816,15.5841186703489,6.5));
#11381=CARTESIAN_POINT('',(-23.8279167367018,15.2033669324415,6.5));
#11382=CARTESIAN_POINT('Origin',(0.,0.,6.5));
#11383=CARTESIAN_POINT('',(-25.0804603549016,13.0338977470232,6.5));
#11384=CARTESIAN_POINT('Ctrl Pts',(-23.8279167367016,15.2033669324417,6.5));
#11385=CARTESIAN_POINT('Ctrl Pts',(-24.0271265911031,14.6219425071637,6.5));
#11386=CARTESIAN_POINT('Ctrl Pts',(-22.925922404982,14.9701771242483,6.5));
#11387=CARTESIAN_POINT('Ctrl Pts',(-22.5829004201463,13.038243636654,6.5));
#11388=CARTESIAN_POINT('Ctrl Pts',(-24.4275148912427,12.369342645781,6.5));
#11389=CARTESIAN_POINT('Ctrl Pts',(-24.6765369594308,13.497130754258,6.5));
#11390=CARTESIAN_POINT('Ctrl Pts',(-25.0804603549016,13.0338977470232,6.5));
#11391=CARTESIAN_POINT('',(-25.2865694976044,12.6293857782741,6.5));
#11392=CARTESIAN_POINT('Origin',(0.,0.,6.5));
#11393=CARTESIAN_POINT('',(-26.3054802707497,10.3408747124626,6.5));
#11394=CARTESIAN_POINT('Ctrl Pts',(-25.2865694976043,12.6293857782743,6.5));
#11395=CARTESIAN_POINT('Ctrl Pts',(-25.4239126578991,12.030323356885,6.5));
#11396=CARTESIAN_POINT('Ctrl Pts',(-24.3651414129109,12.49175748962,6.5));
#11397=CARTESIAN_POINT('Ctrl Pts',(-23.8220564998056,10.6062628967541,6.5));
#11398=CARTESIAN_POINT('Ctrl Pts',(-25.58664678717,9.74821149951246,6.5));
#11399=CARTESIAN_POINT('Ctrl Pts',(-25.9521906442836,10.8437915726213,6.5));
#11400=CARTESIAN_POINT('Ctrl Pts',(-26.3054802707497,10.3408747124626,6.5));
#11401=CARTESIAN_POINT('',(-26.4681773115365,9.91703443065092,6.5));
#11402=CARTESIAN_POINT('Origin',(0.,0.,6.5));
#11403=CARTESIAN_POINT('',(-27.2422918399757,7.53455489058508,6.5));
#11404=CARTESIAN_POINT('Ctrl Pts',(-26.4681773115364,9.91703443065112,6.5));
#11405=CARTESIAN_POINT('Ctrl Pts',(-26.5421490173194,9.30689746640123,6.5));
#11406=CARTESIAN_POINT('Ctrl Pts',(-25.5374108327863,9.87647554586706,6.5));
#11407=CARTESIAN_POINT('Ctrl Pts',(-24.8002131433672,8.05807772105421,6.5));
#11408=CARTESIAN_POINT('Ctrl Pts',(-26.4654460265469,7.02027690811081,6.5));
#11409=CARTESIAN_POINT('Ctrl Pts',(-26.9435066975925,8.07164554130574,6.5));
#11410=CARTESIAN_POINT('Ctrl Pts',(-27.2422918399757,7.53455489058508,6.5));
#11411=CARTESIAN_POINT('',(-27.3597942360211,7.0960299785327,6.5));
#11412=CARTESIAN_POINT('Origin',(0.,0.,6.5));
#11413=CARTESIAN_POINT('',(-27.880631158987,4.64568490861937,6.5));
#11414=CARTESIAN_POINT('Ctrl Pts',(-27.3597942360211,7.09602997853291,6.5));
#11415=CARTESIAN_POINT('Ctrl Pts',(-27.3695840378041,6.48150325968209,6.5));
#11416=CARTESIAN_POINT('Ctrl Pts',(-26.429887035531,7.15298486924824,6.5));
#11417=CARTESIAN_POINT('Ctrl Pts',(-25.5066534619518,5.42160655958125,6.5));
#11418=CARTESIAN_POINT('Ctrl Pts',(-27.0542843010064,4.21542669381651,6.5));
#11419=CARTESIAN_POINT('Ctrl Pts',(-27.6396240532314,5.21106487233919,6.5));
#11420=CARTESIAN_POINT('Ctrl Pts',(-27.880631158987,4.64568490861937,6.5));
#11421=CARTESIAN_POINT('',(-27.9516515294509,4.19727993702994,6.5));
#11422=CARTESIAN_POINT('Origin',(0.,0.,6.5));
#11423=CARTESIAN_POINT('',(-28.2135044486232,1.70591583062276,6.5));
#11424=CARTESIAN_POINT('Ctrl Pts',(-27.9516515294509,4.19727993703016,6.5));
#11425=CARTESIAN_POINT('Ctrl Pts',(-27.8971521681171,3.58509634690811,6.5));
#11426=CARTESIAN_POINT('Ctrl Pts',(-27.0327918651049,4.35112459354361,6.5));
#11427=CARTESIAN_POINT('Ctrl Pts',(-25.9336375475969,2.72573514209741,6.5));
#11428=CARTESIAN_POINT('Ctrl Pts',(-27.3467101751911,1.36439138253001,6.5));
#11429=CARTESIAN_POINT('Ctrl Pts',(-28.0329159037798,2.29339068614586,6.5));
#11430=CARTESIAN_POINT('Ctrl Pts',(-28.2135044486232,1.70591583062276,6.5));
#11431=CARTESIAN_POINT('',(-28.2372646794649,1.25254361819978,6.5));
#11432=CARTESIAN_POINT('Origin',(0.,0.,6.5));
#11433=CARTESIAN_POINT('',(-28.2372646794649,-1.2525436182,6.5));
#11434=CARTESIAN_POINT('Ctrl Pts',(-28.2372646794649,1.2525436182,6.5));
#11435=CARTESIAN_POINT('Ctrl Pts',(-28.1190732614217,0.649410368327754,
6.5));
#11436=CARTESIAN_POINT('Ctrl Pts',(-27.3395197700294,1.50159248626075,6.5));
#11437=CARTESIAN_POINT('Ctrl Pts',(-26.076487273308,1.59672433361317E-15,
6.5));
#11438=CARTESIAN_POINT('Ctrl Pts',(-27.3395197700294,-1.50159248626075,
6.5));
#11439=CARTESIAN_POINT('Ctrl Pts',(-28.1190732614217,-0.649410368327751,
6.5));
#11440=CARTESIAN_POINT('Ctrl Pts',(-28.2372646794649,-1.2525436182,6.5));
#11441=CARTESIAN_POINT('',(-28.2135044486232,-1.70591583062297,6.5));
#11442=CARTESIAN_POINT('Origin',(0.,0.,6.5));
#11443=CARTESIAN_POINT('',(-27.9516515294509,-4.19727993703015,6.5));
#11444=CARTESIAN_POINT('Ctrl Pts',(-28.2135044486232,-1.70591583062275,
6.5));
#11445=CARTESIAN_POINT('Ctrl Pts',(-28.0329159037798,-2.29339068614585,
6.5));
#11446=CARTESIAN_POINT('Ctrl Pts',(-27.3467101751911,-1.36439138253,6.5));
#11447=CARTESIAN_POINT('Ctrl Pts',(-25.9336375475969,-2.7257351420974,6.5));
#11448=CARTESIAN_POINT('Ctrl Pts',(-27.0327918651049,-4.3511245935436,6.5));
#11449=CARTESIAN_POINT('Ctrl Pts',(-27.8971521681171,-3.5850963469081,6.5));
#11450=CARTESIAN_POINT('Ctrl Pts',(-27.9516515294509,-4.19727993703015,
6.5));
#11451=CARTESIAN_POINT('',(-27.8806311589869,-4.64568490861958,6.5));
#11452=CARTESIAN_POINT('Origin',(0.,0.,6.5));
#11453=CARTESIAN_POINT('',(-27.3597942360211,-7.0960299785329,6.5));
#11454=CARTESIAN_POINT('Ctrl Pts',(-27.880631158987,-4.64568490861936,6.5));
#11455=CARTESIAN_POINT('Ctrl Pts',(-27.6396240532314,-5.21106487233918,
6.5));
#11456=CARTESIAN_POINT('Ctrl Pts',(-27.0542843010064,-4.2154266938165,6.5));
#11457=CARTESIAN_POINT('Ctrl Pts',(-25.5066534619518,-5.42160655958124,
6.5));
#11458=CARTESIAN_POINT('Ctrl Pts',(-26.429887035531,-7.15298486924823,6.5));
#11459=CARTESIAN_POINT('Ctrl Pts',(-27.3695840378041,-6.48150325968207,
6.5));
#11460=CARTESIAN_POINT('Ctrl Pts',(-27.3597942360211,-7.0960299785329,6.5));
#11461=CARTESIAN_POINT('',(-27.2422918399757,-7.53455489058529,6.5));
#11462=CARTESIAN_POINT('Origin',(0.,0.,6.5));
#11463=CARTESIAN_POINT('',(-26.4681773115364,-9.91703443065112,6.5));
#11464=CARTESIAN_POINT('Ctrl Pts',(-27.2422918399757,-7.53455489058508,
6.5));
#11465=CARTESIAN_POINT('Ctrl Pts',(-26.9435066975925,-8.07164554130574,
6.5));
#11466=CARTESIAN_POINT('Ctrl Pts',(-26.4654460265469,-7.0202769081108,6.5));
#11467=CARTESIAN_POINT('Ctrl Pts',(-24.8002131433672,-8.0580777210542,6.5));
#11468=CARTESIAN_POINT('Ctrl Pts',(-25.5374108327863,-9.87647554586706,
6.5));
#11469=CARTESIAN_POINT('Ctrl Pts',(-26.5421490173194,-9.30689746640123,
6.5));
#11470=CARTESIAN_POINT('Ctrl Pts',(-26.4681773115364,-9.91703443065112,
6.5));
#11471=CARTESIAN_POINT('',(-26.3054802707496,-10.3408747124628,6.5));
#11472=CARTESIAN_POINT('Origin',(0.,0.,6.5));
#11473=CARTESIAN_POINT('',(-25.2865694976043,-12.6293857782742,6.5));
#11474=CARTESIAN_POINT('Ctrl Pts',(-26.3054802707497,-10.3408747124626,
6.5));
#11475=CARTESIAN_POINT('Ctrl Pts',(-25.9521906442836,-10.8437915726213,
6.5));
#11476=CARTESIAN_POINT('Ctrl Pts',(-25.58664678717,-9.74821149951245,6.5));
#11477=CARTESIAN_POINT('Ctrl Pts',(-23.8220564998056,-10.6062628967541,
6.5));
#11478=CARTESIAN_POINT('Ctrl Pts',(-24.3651414129109,-12.49175748962,6.5));
#11479=CARTESIAN_POINT('Ctrl Pts',(-25.4239126578991,-12.030323356885,6.5));
#11480=CARTESIAN_POINT('Ctrl Pts',(-25.2865694976043,-12.6293857782742,
6.5));
#11481=CARTESIAN_POINT('',(-25.0804603549016,-13.0338977470234,6.5));
#11482=CARTESIAN_POINT('Origin',(0.,0.,6.5));
#11483=CARTESIAN_POINT('',(-23.8279167367017,-15.2033669324417,6.5));
#11484=CARTESIAN_POINT('Ctrl Pts',(-25.0804603549016,-13.0338977470232,
6.5));
#11485=CARTESIAN_POINT('Ctrl Pts',(-24.6765369594308,-13.497130754258,6.5));
#11486=CARTESIAN_POINT('Ctrl Pts',(-24.4275148912427,-12.369342645781,6.5));
#11487=CARTESIAN_POINT('Ctrl Pts',(-22.5829004201463,-13.038243636654,6.5));
#11488=CARTESIAN_POINT('Ctrl Pts',(-22.925922404982,-14.9701771242483,6.5));
#11489=CARTESIAN_POINT('Ctrl Pts',(-24.0271265911031,-14.6219425071637,
6.5));
#11490=CARTESIAN_POINT('Ctrl Pts',(-23.8279167367017,-15.2033669324417,
6.5));
#11491=CARTESIAN_POINT('',(-23.5806536669814,-15.5841186703491,6.5));
#11492=CARTESIAN_POINT('Origin',(0.,0.,6.5));
#11493=CARTESIAN_POINT('',(-22.1082003337195,-17.6107768169883,6.5));
#11494=CARTESIAN_POINT('Ctrl Pts',(-23.5806536669816,-15.5841186703489,
6.5));
#11495=CARTESIAN_POINT('Ctrl Pts',(-23.1305219717532,-16.0025925468948,
6.5));
#11496=CARTESIAN_POINT('Ctrl Pts',(-23.0007500303809,-14.8549526855711,
6.5));
#11497=CARTESIAN_POINT('Ctrl Pts',(-21.0963213577082,-15.3273746508428,
6.5));
#11498=CARTESIAN_POINT('Ctrl Pts',(-21.2355221936264,-17.2845803655925,
6.5));
#11499=CARTESIAN_POINT('Ctrl Pts',(-22.3670942973755,-17.0533605954957,
6.5));
#11500=CARTESIAN_POINT('Ctrl Pts',(-22.1082003337195,-17.6107768169883,
6.5));
#11501=CARTESIAN_POINT('',(-21.8224924029169,-17.963596728336,6.5));
#11502=CARTESIAN_POINT('Origin',(0.,0.,6.5));
#11503=CARTESIAN_POINT('',(-20.1462618614428,-19.825239345436,6.5));
#11504=CARTESIAN_POINT('Ctrl Pts',(-21.822492402917,-17.9635967283358,6.5));
#11505=CARTESIAN_POINT('Ctrl Pts',(-21.3310841449802,-18.3327265868301,
6.5));
#11506=CARTESIAN_POINT('Ctrl Pts',(-21.3219841389698,-17.1778087551393,
6.5));
#11507=CARTESIAN_POINT('Ctrl Pts',(-19.378606583786,-17.4485757408976,6.5));
#11508=CARTESIAN_POINT('Ctrl Pts',(-19.3124611572987,-19.4096101274202,
6.5));
#11509=CARTESIAN_POINT('Ctrl Pts',(-20.4620034379104,-19.2979384964984,
6.5));
#11510=CARTESIAN_POINT('Ctrl Pts',(-20.1462618614428,-19.825239345436,6.5));
#11511=CARTESIAN_POINT('',(-19.8252393454358,-20.146261861443,6.5));
#11512=CARTESIAN_POINT('Origin',(0.,0.,6.5));
#11513=CARTESIAN_POINT('',(-17.9635967283359,-21.822492402917,6.5));
#11514=CARTESIAN_POINT('Ctrl Pts',(-19.825239345436,-20.1462618614428,6.5));
#11515=CARTESIAN_POINT('Ctrl Pts',(-19.2979384964984,-20.4620034379104,
6.5));
#11516=CARTESIAN_POINT('Ctrl Pts',(-19.4096101274202,-19.3124611572987,
6.5));
#11517=CARTESIAN_POINT('Ctrl Pts',(-17.4485757408976,-19.378606583786,6.5));
#11518=CARTESIAN_POINT('Ctrl Pts',(-17.1778087551393,-21.3219841389698,
6.5));
#11519=CARTESIAN_POINT('Ctrl Pts',(-18.3327265868301,-21.3310841449802,
6.5));
#11520=CARTESIAN_POINT('Ctrl Pts',(-17.9635967283359,-21.822492402917,6.5));
#11521=CARTESIAN_POINT('',(-17.6107768169881,-22.1082003337197,6.5));
#11522=CARTESIAN_POINT('Origin',(0.,0.,6.5));
#11523=CARTESIAN_POINT('',(-15.5841186703489,-23.5806536669816,6.5));
#11524=CARTESIAN_POINT('Ctrl Pts',(-17.6107768169883,-22.1082003337195,
6.5));
#11525=CARTESIAN_POINT('Ctrl Pts',(-17.0533605954957,-22.3670942973755,
6.5));
#11526=CARTESIAN_POINT('Ctrl Pts',(-17.2845803655925,-21.2355221936264,
6.5));
#11527=CARTESIAN_POINT('Ctrl Pts',(-15.3273746508428,-21.0963213577082,
6.5));
#11528=CARTESIAN_POINT('Ctrl Pts',(-14.8549526855711,-23.0007500303809,
6.5));
#11529=CARTESIAN_POINT('Ctrl Pts',(-16.0025925468949,-23.1305219717532,
6.5));
#11530=CARTESIAN_POINT('Ctrl Pts',(-15.5841186703489,-23.5806536669816,
6.5));
#11531=CARTESIAN_POINT('',(-15.2033669324415,-23.8279167367018,6.5));
#11532=CARTESIAN_POINT('Origin',(0.,0.,6.5));
#11533=CARTESIAN_POINT('',(-13.0338977470232,-25.0804603549016,6.5));
#11534=CARTESIAN_POINT('Ctrl Pts',(-15.2033669324417,-23.8279167367016,
6.5));
#11535=CARTESIAN_POINT('Ctrl Pts',(-14.6219425071637,-24.0271265911031,
6.5));
#11536=CARTESIAN_POINT('Ctrl Pts',(-14.9701771242483,-22.925922404982,6.5));
#11537=CARTESIAN_POINT('Ctrl Pts',(-13.038243636654,-22.5829004201463,6.5));
#11538=CARTESIAN_POINT('Ctrl Pts',(-12.3693426457811,-24.4275148912427,
6.5));
#11539=CARTESIAN_POINT('Ctrl Pts',(-13.497130754258,-24.6765369594308,6.5));
#11540=CARTESIAN_POINT('Ctrl Pts',(-13.0338977470232,-25.0804603549016,
6.5));
#11541=CARTESIAN_POINT('',(-12.6293857782741,-25.2865694976044,6.5));
#11542=CARTESIAN_POINT('Origin',(0.,0.,6.5));
#11543=CARTESIAN_POINT('',(-10.3408747124626,-26.3054802707497,6.5));
#11544=CARTESIAN_POINT('Ctrl Pts',(-12.6293857782743,-25.2865694976043,
6.5));
#11545=CARTESIAN_POINT('Ctrl Pts',(-12.030323356885,-25.4239126578991,6.5));
#11546=CARTESIAN_POINT('Ctrl Pts',(-12.49175748962,-24.3651414129109,6.5));
#11547=CARTESIAN_POINT('Ctrl Pts',(-10.6062628967541,-23.8220564998056,
6.5));
#11548=CARTESIAN_POINT('Ctrl Pts',(-9.74821149951246,-25.58664678717,6.5));
#11549=CARTESIAN_POINT('Ctrl Pts',(-10.8437915726213,-25.9521906442836,
6.5));
#11550=CARTESIAN_POINT('Ctrl Pts',(-10.3408747124626,-26.3054802707497,
6.5));
#11551=CARTESIAN_POINT('',(-9.91703443065092,-26.4681773115364,6.5));
#11552=CARTESIAN_POINT('Origin',(0.,0.,6.5));
#11553=CARTESIAN_POINT('',(-7.53455489058508,-27.2422918399757,6.5));
#11554=CARTESIAN_POINT('Ctrl Pts',(-9.91703443065112,-26.4681773115364,
6.5));
#11555=CARTESIAN_POINT('Ctrl Pts',(-9.30689746640123,-26.5421490173194,
6.5));
#11556=CARTESIAN_POINT('Ctrl Pts',(-9.87647554586706,-25.5374108327863,
6.5));
#11557=CARTESIAN_POINT('Ctrl Pts',(-8.05807772105421,-24.8002131433672,
6.5));
#11558=CARTESIAN_POINT('Ctrl Pts',(-7.02027690811081,-26.4654460265469,
6.5));
#11559=CARTESIAN_POINT('Ctrl Pts',(-8.07164554130574,-26.9435066975925,
6.5));
#11560=CARTESIAN_POINT('Ctrl Pts',(-7.53455489058508,-27.2422918399757,
6.5));
#11561=CARTESIAN_POINT('',(-7.09602997853271,-27.3597942360211,6.5));
#11562=CARTESIAN_POINT('Origin',(0.,0.,6.5));
#11563=CARTESIAN_POINT('',(-4.64568490861938,-27.880631158987,6.5));
#11564=CARTESIAN_POINT('Ctrl Pts',(-7.09602997853292,-27.3597942360211,
6.5));
#11565=CARTESIAN_POINT('Ctrl Pts',(-6.48150325968209,-27.3695840378041,
6.5));
#11566=CARTESIAN_POINT('Ctrl Pts',(-7.15298486924824,-26.429887035531,6.5));
#11567=CARTESIAN_POINT('Ctrl Pts',(-5.42160655958126,-25.5066534619518,
6.5));
#11568=CARTESIAN_POINT('Ctrl Pts',(-4.21542669381651,-27.0542843010064,
6.5));
#11569=CARTESIAN_POINT('Ctrl Pts',(-5.2110648723392,-27.6396240532314,6.5));
#11570=CARTESIAN_POINT('Ctrl Pts',(-4.64568490861938,-27.880631158987,6.5));
#11571=CARTESIAN_POINT('',(-4.19727993702995,-27.9516515294509,6.5));
#11572=CARTESIAN_POINT('Origin',(0.,0.,6.5));
#11573=CARTESIAN_POINT('',(-1.70591583062276,-28.2135044486232,6.5));
#11574=CARTESIAN_POINT('Ctrl Pts',(-4.19727993703016,-27.9516515294509,
6.5));
#11575=CARTESIAN_POINT('Ctrl Pts',(-3.58509634690811,-27.8971521681171,
6.5));
#11576=CARTESIAN_POINT('Ctrl Pts',(-4.35112459354361,-27.0327918651049,
6.5));
#11577=CARTESIAN_POINT('Ctrl Pts',(-2.72573514209741,-25.9336375475969,
6.5));
#11578=CARTESIAN_POINT('Ctrl Pts',(-1.36439138253001,-27.3467101751911,
6.5));
#11579=CARTESIAN_POINT('Ctrl Pts',(-2.29339068614586,-28.0329159037798,
6.5));
#11580=CARTESIAN_POINT('Ctrl Pts',(-1.70591583062276,-28.2135044486232,
6.5));
#11581=CARTESIAN_POINT('',(-1.25254361819979,-28.2372646794649,6.5));
#11582=CARTESIAN_POINT('Origin',(0.,0.,6.5));
#11583=CARTESIAN_POINT('',(1.2525436182,-28.2372646794649,6.5));
#11584=CARTESIAN_POINT('Ctrl Pts',(-1.2525436182,-28.2372646794649,6.5));
#11585=CARTESIAN_POINT('Ctrl Pts',(-0.649410368327756,-28.1190732614217,
6.5));
#11586=CARTESIAN_POINT('Ctrl Pts',(-1.50159248626075,-27.3395197700294,
6.5));
#11587=CARTESIAN_POINT('Ctrl Pts',(-3.19344866722633E-15,-26.076487273308,
6.5));
#11588=CARTESIAN_POINT('Ctrl Pts',(1.50159248626075,-27.3395197700294,6.5));
#11589=CARTESIAN_POINT('Ctrl Pts',(0.649410368327749,-28.1190732614217,
6.5));
#11590=CARTESIAN_POINT('Ctrl Pts',(1.2525436182,-28.2372646794649,6.5));
#11591=CARTESIAN_POINT('',(1.70591583062296,-28.2135044486232,6.5));
#11592=CARTESIAN_POINT('Origin',(0.,0.,6.5));
#11593=CARTESIAN_POINT('',(4.19727993703014,-27.9516515294509,6.5));
#11594=CARTESIAN_POINT('Ctrl Pts',(1.70591583062274,-28.2135044486232,6.5));
#11595=CARTESIAN_POINT('Ctrl Pts',(2.29339068614584,-28.0329159037798,6.5));
#11596=CARTESIAN_POINT('Ctrl Pts',(1.36439138252999,-27.3467101751911,6.5));
#11597=CARTESIAN_POINT('Ctrl Pts',(2.7257351420974,-25.9336375475969,6.5));
#11598=CARTESIAN_POINT('Ctrl Pts',(4.35112459354359,-27.0327918651049,6.5));
#11599=CARTESIAN_POINT('Ctrl Pts',(3.58509634690809,-27.8971521681171,6.5));
#11600=CARTESIAN_POINT('Ctrl Pts',(4.19727993703014,-27.9516515294509,6.5));
#11601=CARTESIAN_POINT('',(4.64568490861958,-27.8806311589869,6.5));
#11602=CARTESIAN_POINT('Origin',(0.,0.,6.5));
#11603=CARTESIAN_POINT('',(7.0960299785329,-27.3597942360211,6.5));
#11604=CARTESIAN_POINT('Ctrl Pts',(4.64568490861936,-27.880631158987,6.5));
#11605=CARTESIAN_POINT('Ctrl Pts',(5.21106487233918,-27.6396240532314,6.5));
#11606=CARTESIAN_POINT('Ctrl Pts',(4.2154266938165,-27.0542843010064,6.5));
#11607=CARTESIAN_POINT('Ctrl Pts',(5.42160655958124,-25.5066534619518,6.5));
#11608=CARTESIAN_POINT('Ctrl Pts',(7.15298486924823,-26.429887035531,6.5));
#11609=CARTESIAN_POINT('Ctrl Pts',(6.48150325968207,-27.3695840378041,6.5));
#11610=CARTESIAN_POINT('Ctrl Pts',(7.0960299785329,-27.3597942360211,6.5));
#11611=CARTESIAN_POINT('',(7.53455489058529,-27.2422918399757,6.5));
#11612=CARTESIAN_POINT('Origin',(0.,0.,6.5));
#11613=CARTESIAN_POINT('',(9.91703443065112,-26.4681773115364,6.5));
#11614=CARTESIAN_POINT('Ctrl Pts',(7.53455489058508,-27.2422918399757,6.5));
#11615=CARTESIAN_POINT('Ctrl Pts',(8.07164554130574,-26.9435066975925,6.5));
#11616=CARTESIAN_POINT('Ctrl Pts',(7.0202769081108,-26.4654460265469,6.5));
#11617=CARTESIAN_POINT('Ctrl Pts',(8.0580777210542,-24.8002131433672,6.5));
#11618=CARTESIAN_POINT('Ctrl Pts',(9.87647554586706,-25.5374108327863,6.5));
#11619=CARTESIAN_POINT('Ctrl Pts',(9.30689746640123,-26.5421490173194,6.5));
#11620=CARTESIAN_POINT('Ctrl Pts',(9.91703443065112,-26.4681773115364,6.5));
#11621=CARTESIAN_POINT('',(10.3408747124628,-26.3054802707496,6.5));
#11622=CARTESIAN_POINT('Origin',(0.,0.,6.5));
#11623=CARTESIAN_POINT('',(12.6293857782742,-25.2865694976043,6.5));
#11624=CARTESIAN_POINT('Ctrl Pts',(10.3408747124626,-26.3054802707497,6.5));
#11625=CARTESIAN_POINT('Ctrl Pts',(10.8437915726213,-25.9521906442836,6.5));
#11626=CARTESIAN_POINT('Ctrl Pts',(9.74821149951245,-25.58664678717,6.5));
#11627=CARTESIAN_POINT('Ctrl Pts',(10.6062628967541,-23.8220564998056,6.5));
#11628=CARTESIAN_POINT('Ctrl Pts',(12.49175748962,-24.3651414129109,6.5));
#11629=CARTESIAN_POINT('Ctrl Pts',(12.030323356885,-25.4239126578991,6.5));
#11630=CARTESIAN_POINT('Ctrl Pts',(12.6293857782742,-25.2865694976043,6.5));
#11631=CARTESIAN_POINT('',(13.0338977470233,-25.0804603549016,6.5));
#11632=CARTESIAN_POINT('Origin',(0.,0.,6.5));
#11633=CARTESIAN_POINT('',(15.2033669324417,-23.8279167367017,6.5));
#11634=CARTESIAN_POINT('Ctrl Pts',(13.0338977470232,-25.0804603549016,6.5));
#11635=CARTESIAN_POINT('Ctrl Pts',(13.497130754258,-24.6765369594308,6.5));
#11636=CARTESIAN_POINT('Ctrl Pts',(12.369342645781,-24.4275148912427,6.5));
#11637=CARTESIAN_POINT('Ctrl Pts',(13.038243636654,-22.5829004201463,6.5));
#11638=CARTESIAN_POINT('Ctrl Pts',(14.9701771242483,-22.925922404982,6.5));
#11639=CARTESIAN_POINT('Ctrl Pts',(14.6219425071637,-24.0271265911031,6.5));
#11640=CARTESIAN_POINT('Ctrl Pts',(15.2033669324417,-23.8279167367017,6.5));
#11641=CARTESIAN_POINT('',(15.5841186703491,-23.5806536669814,6.5));
#11642=CARTESIAN_POINT('Origin',(0.,0.,6.5));
#11643=CARTESIAN_POINT('',(17.6107768169883,-22.1082003337195,6.5));
#11644=CARTESIAN_POINT('Ctrl Pts',(15.5841186703489,-23.5806536669816,6.5));
#11645=CARTESIAN_POINT('Ctrl Pts',(16.0025925468948,-23.1305219717532,6.5));
#11646=CARTESIAN_POINT('Ctrl Pts',(14.8549526855711,-23.0007500303809,6.5));
#11647=CARTESIAN_POINT('Ctrl Pts',(15.3273746508428,-21.0963213577082,6.5));
#11648=CARTESIAN_POINT('Ctrl Pts',(17.2845803655925,-21.2355221936264,6.5));
#11649=CARTESIAN_POINT('Ctrl Pts',(17.0533605954957,-22.3670942973755,6.5));
#11650=CARTESIAN_POINT('Ctrl Pts',(17.6107768169883,-22.1082003337195,6.5));
#11651=CARTESIAN_POINT('',(17.963596728336,-21.8224924029169,6.5));
#11652=CARTESIAN_POINT('Origin',(0.,0.,6.5));
#11653=CARTESIAN_POINT('',(19.825239345436,-20.1462618614428,6.5));
#11654=CARTESIAN_POINT('Ctrl Pts',(17.9635967283358,-21.822492402917,6.5));
#11655=CARTESIAN_POINT('Ctrl Pts',(18.3327265868301,-21.3310841449802,6.5));
#11656=CARTESIAN_POINT('Ctrl Pts',(17.1778087551393,-21.3219841389698,6.5));
#11657=CARTESIAN_POINT('Ctrl Pts',(17.4485757408976,-19.378606583786,6.5));
#11658=CARTESIAN_POINT('Ctrl Pts',(19.4096101274202,-19.3124611572987,6.5));
#11659=CARTESIAN_POINT('Ctrl Pts',(19.2979384964984,-20.4620034379104,6.5));
#11660=CARTESIAN_POINT('Ctrl Pts',(19.825239345436,-20.1462618614428,6.5));
#11661=CARTESIAN_POINT('',(20.146261861443,-19.8252393454358,6.5));
#11662=CARTESIAN_POINT('Origin',(0.,0.,6.5));
#11663=CARTESIAN_POINT('',(21.822492402917,-17.9635967283359,6.5));
#11664=CARTESIAN_POINT('Ctrl Pts',(20.1462618614428,-19.825239345436,6.5));
#11665=CARTESIAN_POINT('Ctrl Pts',(20.4620034379104,-19.2979384964984,6.5));
#11666=CARTESIAN_POINT('Ctrl Pts',(19.3124611572987,-19.4096101274202,6.5));
#11667=CARTESIAN_POINT('Ctrl Pts',(19.378606583786,-17.4485757408976,6.5));
#11668=CARTESIAN_POINT('Ctrl Pts',(21.3219841389698,-17.1778087551393,6.5));
#11669=CARTESIAN_POINT('Ctrl Pts',(21.3310841449802,-18.3327265868301,6.5));
#11670=CARTESIAN_POINT('Ctrl Pts',(21.822492402917,-17.9635967283359,6.5));
#11671=CARTESIAN_POINT('',(22.1082003337197,-17.6107768169881,6.5));
#11672=CARTESIAN_POINT('Origin',(0.,0.,6.5));
#11673=CARTESIAN_POINT('',(23.5806536669816,-15.5841186703489,6.5));
#11674=CARTESIAN_POINT('Ctrl Pts',(22.1082003337195,-17.6107768169883,6.5));
#11675=CARTESIAN_POINT('Ctrl Pts',(22.3670942973755,-17.0533605954957,6.5));
#11676=CARTESIAN_POINT('Ctrl Pts',(21.2355221936264,-17.2845803655925,6.5));
#11677=CARTESIAN_POINT('Ctrl Pts',(21.0963213577082,-15.3273746508428,6.5));
#11678=CARTESIAN_POINT('Ctrl Pts',(23.0007500303809,-14.8549526855711,6.5));
#11679=CARTESIAN_POINT('Ctrl Pts',(23.1305219717532,-16.0025925468949,6.5));
#11680=CARTESIAN_POINT('Ctrl Pts',(23.5806536669816,-15.5841186703489,6.5));
#11681=CARTESIAN_POINT('',(23.8279167367018,-15.2033669324415,6.5));
#11682=CARTESIAN_POINT('Origin',(0.,0.,6.5));
#11683=CARTESIAN_POINT('',(25.0804603549016,-13.0338977470232,6.5));
#11684=CARTESIAN_POINT('Ctrl Pts',(23.8279167367016,-15.2033669324417,6.5));
#11685=CARTESIAN_POINT('Ctrl Pts',(24.0271265911031,-14.6219425071637,6.5));
#11686=CARTESIAN_POINT('Ctrl Pts',(22.925922404982,-14.9701771242483,6.5));
#11687=CARTESIAN_POINT('Ctrl Pts',(22.5829004201463,-13.038243636654,6.5));
#11688=CARTESIAN_POINT('Ctrl Pts',(24.4275148912427,-12.3693426457811,6.5));
#11689=CARTESIAN_POINT('Ctrl Pts',(24.6765369594308,-13.497130754258,6.5));
#11690=CARTESIAN_POINT('Ctrl Pts',(25.0804603549016,-13.0338977470232,6.5));
#11691=CARTESIAN_POINT('',(25.2865694976044,-12.6293857782741,6.5));
#11692=CARTESIAN_POINT('Origin',(0.,0.,6.5));
#11693=CARTESIAN_POINT('',(26.3054802707497,-10.3408747124626,6.5));
#11694=CARTESIAN_POINT('Ctrl Pts',(25.2865694976043,-12.6293857782743,6.5));
#11695=CARTESIAN_POINT('Ctrl Pts',(25.4239126578991,-12.030323356885,6.5));
#11696=CARTESIAN_POINT('Ctrl Pts',(24.3651414129109,-12.49175748962,6.5));
#11697=CARTESIAN_POINT('Ctrl Pts',(23.8220564998056,-10.6062628967541,6.5));
#11698=CARTESIAN_POINT('Ctrl Pts',(25.58664678717,-9.74821149951248,6.5));
#11699=CARTESIAN_POINT('Ctrl Pts',(25.9521906442836,-10.8437915726214,6.5));
#11700=CARTESIAN_POINT('Ctrl Pts',(26.3054802707497,-10.3408747124626,6.5));
#11701=CARTESIAN_POINT('',(26.4681773115364,-9.91703443065092,6.5));
#11702=CARTESIAN_POINT('Origin',(0.,0.,6.5));
#11703=CARTESIAN_POINT('',(27.2422918399757,-7.53455489058509,6.5));
#11704=CARTESIAN_POINT('Ctrl Pts',(26.4681773115364,-9.91703443065112,6.5));
#11705=CARTESIAN_POINT('Ctrl Pts',(26.5421490173194,-9.30689746640124,6.5));
#11706=CARTESIAN_POINT('Ctrl Pts',(25.5374108327863,-9.87647554586707,6.5));
#11707=CARTESIAN_POINT('Ctrl Pts',(24.8002131433672,-8.05807772105421,6.5));
#11708=CARTESIAN_POINT('Ctrl Pts',(26.4654460265469,-7.02027690811081,6.5));
#11709=CARTESIAN_POINT('Ctrl Pts',(26.9435066975925,-8.07164554130575,6.5));
#11710=CARTESIAN_POINT('Ctrl Pts',(27.2422918399757,-7.53455489058509,6.5));
#11711=CARTESIAN_POINT('Origin',(0.,0.,6.5));
#11712=CARTESIAN_POINT('Origin',(0.,0.,15.));
#11713=CARTESIAN_POINT('',(-7.,8.57252759403147E-16,22.8));
#11714=CARTESIAN_POINT('Origin',(0.,0.,22.8));
#11715=CARTESIAN_POINT('',(-7.,-8.57252759403147E-16,15.));
#11716=CARTESIAN_POINT('Origin',(0.,0.,22.8));
#11717=CARTESIAN_POINT('',(-4.05,-4.95981953654678E-16,22.8));
#11718=CARTESIAN_POINT('Origin',(0.,0.,22.8));
#11719=CARTESIAN_POINT('Origin',(0.,0.,6.8125));
#11720=CARTESIAN_POINT('',(-29.,3.55147571752733E-15,7.125));
#11721=CARTESIAN_POINT('',(-28.6875,3.51320550505397E-15,6.8125));
#11722=CARTESIAN_POINT('Origin',(0.,0.,7.125));
#11723=CARTESIAN_POINT('Origin',(0.,0.,6.5));
#11724=CARTESIAN_POINT('',(-29.,-3.55147571752733E-15,6.5));
#11725=CARTESIAN_POINT('Ctrl Pts',(19.4413664924115,-10.5963799907205,-2.));
#11726=CARTESIAN_POINT('Ctrl Pts',(16.5024402309491,-6.55129501884572,-2.));
#11727=CARTESIAN_POINT('Ctrl Pts',(8.8167787843871,-12.1352549156242,-2.));
#11728=CARTESIAN_POINT('Ctrl Pts',(1.1311173378251,-17.7192148124027,-2.));
#11729=CARTESIAN_POINT('Ctrl Pts',(4.07004359928746,-21.7642997842774,-2.));
#11730=CARTESIAN_POINT('Ctrl Pts',(7.00896986074983,-25.8093847561522,-2.));
#11731=CARTESIAN_POINT('Ctrl Pts',(14.6946313073118,-20.2254248593737,-2.));
#11732=CARTESIAN_POINT('Ctrl Pts',(22.3802927538738,-14.6414649625952,-2.));
#11733=CARTESIAN_POINT('Ctrl Pts',(19.4413664924115,-10.5963799907205,-2.));
#11734=CARTESIAN_POINT('Ctrl Pts',(19.4413664924115,-10.5963799907205,8.));
#11735=CARTESIAN_POINT('Ctrl Pts',(16.5024402309491,-6.55129501884572,8.));
#11736=CARTESIAN_POINT('Ctrl Pts',(8.8167787843871,-12.1352549156242,8.));
#11737=CARTESIAN_POINT('Ctrl Pts',(1.1311173378251,-17.7192148124027,8.));
#11738=CARTESIAN_POINT('Ctrl Pts',(4.07004359928746,-21.7642997842774,8.));
#11739=CARTESIAN_POINT('Ctrl Pts',(7.00896986074983,-25.8093847561522,8.));
#11740=CARTESIAN_POINT('Ctrl Pts',(14.6946313073118,-20.2254248593737,8.));
#11741=CARTESIAN_POINT('Ctrl Pts',(22.3802927538738,-14.6414649625952,8.));
#11742=CARTESIAN_POINT('Ctrl Pts',(19.4413664924115,-10.5963799907205,8.));
#11743=CARTESIAN_POINT('',(19.4413664924115,-10.5963799907205,-2.));
#11744=CARTESIAN_POINT('Origin',(11.7557050458495,-16.180339887499,-2.));
#11745=CARTESIAN_POINT('',(19.4413664924115,-10.5963799907205,0.));
#11746=CARTESIAN_POINT('Ctrl Pts',(-21.9567917724651,-2.85469701730501,
-2.));
#11747=CARTESIAN_POINT('Ctrl Pts',(-17.2015091909893,-4.39978198917974,
-2.));
#11748=CARTESIAN_POINT('Ctrl Pts',(-14.2658477444273,4.63525491562421,-2.));
#11749=CARTESIAN_POINT('Ctrl Pts',(-11.3301862978653,13.6702918204282,-2.));
#11750=CARTESIAN_POINT('Ctrl Pts',(-16.0854688793411,15.2153767923029,-2.));
#11751=CARTESIAN_POINT('Ctrl Pts',(-20.8407514608168,16.7604617641776,-2.));
#11752=CARTESIAN_POINT('Ctrl Pts',(-23.7764129073788,7.72542485937369,-2.));
#11753=CARTESIAN_POINT('Ctrl Pts',(-26.7120743539408,-1.30961204543027,
-2.));
#11754=CARTESIAN_POINT('Ctrl Pts',(-21.9567917724651,-2.85469701730501,
-2.));
#11755=CARTESIAN_POINT('Ctrl Pts',(-21.9567917724651,-2.85469701730501,
8.));
#11756=CARTESIAN_POINT('Ctrl Pts',(-17.2015091909893,-4.39978198917974,
8.));
#11757=CARTESIAN_POINT('Ctrl Pts',(-14.2658477444273,4.63525491562421,8.));
#11758=CARTESIAN_POINT('Ctrl Pts',(-11.3301862978653,13.6702918204282,8.));
#11759=CARTESIAN_POINT('Ctrl Pts',(-16.0854688793411,15.2153767923029,8.));
#11760=CARTESIAN_POINT('Ctrl Pts',(-20.8407514608168,16.7604617641776,8.));
#11761=CARTESIAN_POINT('Ctrl Pts',(-23.7764129073788,7.72542485937369,8.));
#11762=CARTESIAN_POINT('Ctrl Pts',(-26.7120743539408,-1.30961204543027,
8.));
#11763=CARTESIAN_POINT('Ctrl Pts',(-21.9567917724651,-2.85469701730501,
8.));
#11764=CARTESIAN_POINT('',(-21.9567917724651,-2.85469701730501,-2.));
#11765=CARTESIAN_POINT('Origin',(-19.0211303259031,6.18033988749895,-2.));
#11766=CARTESIAN_POINT('',(-21.9567917724651,-2.85469701730501,0.));
#11767=CARTESIAN_POINT('Ctrl Pts',(-4.07004359928747,-21.7642997842774,
-2.));
#11768=CARTESIAN_POINT('Ctrl Pts',(-1.1311173378251,-17.7192148124027,-2.));
#11769=CARTESIAN_POINT('Ctrl Pts',(-8.8167787843871,-12.1352549156242,-2.));
#11770=CARTESIAN_POINT('Ctrl Pts',(-16.5024402309491,-6.55129501884572,
-2.));
#11771=CARTESIAN_POINT('Ctrl Pts',(-19.4413664924115,-10.5963799907205,
-2.));
#11772=CARTESIAN_POINT('Ctrl Pts',(-22.3802927538738,-14.6414649625952,
-2.));
#11773=CARTESIAN_POINT('Ctrl Pts',(-14.6946313073118,-20.2254248593737,
-2.));
#11774=CARTESIAN_POINT('Ctrl Pts',(-7.00896986074984,-25.8093847561522,
-2.));
#11775=CARTESIAN_POINT('Ctrl Pts',(-4.07004359928747,-21.7642997842774,
-2.));
#11776=CARTESIAN_POINT('Ctrl Pts',(-4.07004359928747,-21.7642997842774,
8.));
#11777=CARTESIAN_POINT('Ctrl Pts',(-1.1311173378251,-17.7192148124027,8.));
#11778=CARTESIAN_POINT('Ctrl Pts',(-8.8167787843871,-12.1352549156242,8.));
#11779=CARTESIAN_POINT('Ctrl Pts',(-16.5024402309491,-6.55129501884572,
8.));
#11780=CARTESIAN_POINT('Ctrl Pts',(-19.4413664924115,-10.5963799907205,
8.));
#11781=CARTESIAN_POINT('Ctrl Pts',(-22.3802927538738,-14.6414649625952,
8.));
#11782=CARTESIAN_POINT('Ctrl Pts',(-14.6946313073118,-20.2254248593737,
8.));
#11783=CARTESIAN_POINT('Ctrl Pts',(-7.00896986074984,-25.8093847561522,
8.));
#11784=CARTESIAN_POINT('Ctrl Pts',(-4.07004359928747,-21.7642997842774,
8.));
#11785=CARTESIAN_POINT('',(-4.07004359928747,-21.7642997842774,-2.));
#11786=CARTESIAN_POINT('Origin',(-11.7557050458495,-16.1803398874989,-2.));
#11787=CARTESIAN_POINT('',(-4.07004359928747,-21.7642997842774,0.));
#11788=CARTESIAN_POINT('Ctrl Pts',(16.0854688793411,15.2153767923029,-2.));
#11789=CARTESIAN_POINT('Ctrl Pts',(11.3301862978653,13.6702918204282,-2.));
#11790=CARTESIAN_POINT('Ctrl Pts',(14.2658477444273,4.63525491562421,-2.));
#11791=CARTESIAN_POINT('Ctrl Pts',(17.2015091909893,-4.39978198917975,-2.));
#11792=CARTESIAN_POINT('Ctrl Pts',(21.9567917724651,-2.85469701730501,-2.));
#11793=CARTESIAN_POINT('Ctrl Pts',(26.7120743539408,-1.30961204543028,-2.));
#11794=CARTESIAN_POINT('Ctrl Pts',(23.7764129073788,7.72542485937368,-2.));
#11795=CARTESIAN_POINT('Ctrl Pts',(20.8407514608168,16.7604617641776,-2.));
#11796=CARTESIAN_POINT('Ctrl Pts',(16.0854688793411,15.2153767923029,-2.));
#11797=CARTESIAN_POINT('Ctrl Pts',(16.0854688793411,15.2153767923029,8.));
#11798=CARTESIAN_POINT('Ctrl Pts',(11.3301862978653,13.6702918204282,8.));
#11799=CARTESIAN_POINT('Ctrl Pts',(14.2658477444273,4.63525491562421,8.));
#11800=CARTESIAN_POINT('Ctrl Pts',(17.2015091909893,-4.39978198917975,8.));
#11801=CARTESIAN_POINT('Ctrl Pts',(21.9567917724651,-2.85469701730501,8.));
#11802=CARTESIAN_POINT('Ctrl Pts',(26.7120743539408,-1.30961204543028,8.));
#11803=CARTESIAN_POINT('Ctrl Pts',(23.7764129073788,7.72542485937368,8.));
#11804=CARTESIAN_POINT('Ctrl Pts',(20.8407514608168,16.7604617641776,8.));
#11805=CARTESIAN_POINT('Ctrl Pts',(16.0854688793411,15.2153767923029,8.));
#11806=CARTESIAN_POINT('',(16.0854688793411,15.2153767923029,-2.));
#11807=CARTESIAN_POINT('Origin',(19.0211303259031,6.18033988749895,-2.));
#11808=CARTESIAN_POINT('',(16.0854688793411,15.2153767923029,0.));
#11809=CARTESIAN_POINT('Ctrl Pts',(-9.5,20.,-2.));
#11810=CARTESIAN_POINT('Ctrl Pts',(-9.5,15.,-2.));
#11811=CARTESIAN_POINT('Ctrl Pts',(2.45094138532901E-17,15.,-2.));
#11812=CARTESIAN_POINT('Ctrl Pts',(9.5,15.,-2.));
#11813=CARTESIAN_POINT('Ctrl Pts',(9.5,20.,-2.));
#11814=CARTESIAN_POINT('Ctrl Pts',(9.5,25.,-2.));
#11815=CARTESIAN_POINT('Ctrl Pts',(1.74157752583325E-15,25.,-2.));
#11816=CARTESIAN_POINT('Ctrl Pts',(-9.5,25.,-2.));
#11817=CARTESIAN_POINT('Ctrl Pts',(-9.5,20.,-2.));
#11818=CARTESIAN_POINT('Ctrl Pts',(-9.5,20.,8.));
#11819=CARTESIAN_POINT('Ctrl Pts',(-9.5,15.,8.));
#11820=CARTESIAN_POINT('Ctrl Pts',(2.45094138532901E-17,15.,8.));
#11821=CARTESIAN_POINT('Ctrl Pts',(9.5,15.,8.));
#11822=CARTESIAN_POINT('Ctrl Pts',(9.5,20.,8.));
#11823=CARTESIAN_POINT('Ctrl Pts',(9.5,25.,8.));
#11824=CARTESIAN_POINT('Ctrl Pts',(1.74157752583325E-15,25.,8.));
#11825=CARTESIAN_POINT('Ctrl Pts',(-9.5,25.,8.));
#11826=CARTESIAN_POINT('Ctrl Pts',(-9.5,20.,8.));
#11827=CARTESIAN_POINT('',(-9.5,20.,-2.));
#11828=CARTESIAN_POINT('Origin',(8.83043469843272E-16,20.,-2.));
#11829=CARTESIAN_POINT('',(-9.5,20.,0.));
#11830=CARTESIAN_POINT('Origin',(0.,-23.,0.));
#11831=CARTESIAN_POINT('Origin',(0.,0.,0.));
#11832=CARTESIAN_POINT('',(-4.05,-4.95981953654678E-16,-2.));
#11833=CARTESIAN_POINT('Origin',(0.,0.,-2.));
#11834=CARTESIAN_POINT('',(-4.05,-4.95981953654678E-16,0.));
#11835=CARTESIAN_POINT('',(-4.05,-4.95981953654678E-16,0.));
#11836=CARTESIAN_POINT('Origin',(0.,0.,-0.3147));
#11837=CARTESIAN_POINT('',(-28.3706,3.47439644798899E-15,0.));
#11838=CARTESIAN_POINT('Origin',(0.,0.,0.));
#11839=CARTESIAN_POINT('',(-29.,-3.55147571752733E-15,-0.6294));
#11840=CARTESIAN_POINT('',(-28.6853,-3.51293608275816E-15,-0.3147));
#11841=CARTESIAN_POINT('Origin',(0.,0.,-0.6294));
#11842=CARTESIAN_POINT('Origin',(0.,0.,0.));
#11843=CARTESIAN_POINT('',(27.880631158987,-4.64568490861938,0.));
#11844=CARTESIAN_POINT('',(27.3597942360211,-7.09602997853271,0.));
#11845=CARTESIAN_POINT('Ctrl Pts',(27.880631158987,-4.64568490861938,0.));
#11846=CARTESIAN_POINT('Ctrl Pts',(27.6396240532314,-5.2110648723392,0.));
#11847=CARTESIAN_POINT('Ctrl Pts',(27.0542843010064,-4.21542669381652,0.));
#11848=CARTESIAN_POINT('Ctrl Pts',(25.5066534619518,-5.42160655958126,0.));
#11849=CARTESIAN_POINT('Ctrl Pts',(26.429887035531,-7.15298486924824,0.));
#11850=CARTESIAN_POINT('Ctrl Pts',(27.3695840378041,-6.48150325968209,0.));
#11851=CARTESIAN_POINT('Ctrl Pts',(27.3597942360211,-7.09602997853292,0.));
#11852=CARTESIAN_POINT('',(27.2422918399757,-7.53455489058509,0.));
#11853=CARTESIAN_POINT('Origin',(0.,0.,0.));
#11854=CARTESIAN_POINT('',(26.4681773115364,-9.91703443065092,0.));
#11855=CARTESIAN_POINT('Ctrl Pts',(27.2422918399757,-7.53455489058509,0.));
#11856=CARTESIAN_POINT('Ctrl Pts',(26.9435066975925,-8.07164554130575,0.));
#11857=CARTESIAN_POINT('Ctrl Pts',(26.4654460265469,-7.02027690811081,0.));
#11858=CARTESIAN_POINT('Ctrl Pts',(24.8002131433672,-8.05807772105421,0.));
#11859=CARTESIAN_POINT('Ctrl Pts',(25.5374108327863,-9.87647554586707,0.));
#11860=CARTESIAN_POINT('Ctrl Pts',(26.5421490173194,-9.30689746640124,0.));
#11861=CARTESIAN_POINT('Ctrl Pts',(26.4681773115364,-9.91703443065112,0.));
#11862=CARTESIAN_POINT('',(26.3054802707497,-10.3408747124626,0.));
#11863=CARTESIAN_POINT('Origin',(0.,0.,0.));
#11864=CARTESIAN_POINT('',(25.2865694976044,-12.6293857782741,0.));
#11865=CARTESIAN_POINT('Ctrl Pts',(26.3054802707497,-10.3408747124626,0.));
#11866=CARTESIAN_POINT('Ctrl Pts',(25.9521906442836,-10.8437915726214,0.));
#11867=CARTESIAN_POINT('Ctrl Pts',(25.58664678717,-9.74821149951248,0.));
#11868=CARTESIAN_POINT('Ctrl Pts',(23.8220564998056,-10.6062628967541,0.));
#11869=CARTESIAN_POINT('Ctrl Pts',(24.3651414129109,-12.49175748962,0.));
#11870=CARTESIAN_POINT('Ctrl Pts',(25.4239126578991,-12.030323356885,0.));
#11871=CARTESIAN_POINT('Ctrl Pts',(25.2865694976043,-12.6293857782743,0.));
#11872=CARTESIAN_POINT('',(25.0804603549016,-13.0338977470232,0.));
#11873=CARTESIAN_POINT('Origin',(0.,0.,0.));
#11874=CARTESIAN_POINT('',(23.8279167367018,-15.2033669324415,0.));
#11875=CARTESIAN_POINT('Ctrl Pts',(25.0804603549016,-13.0338977470232,0.));
#11876=CARTESIAN_POINT('Ctrl Pts',(24.6765369594308,-13.497130754258,0.));
#11877=CARTESIAN_POINT('Ctrl Pts',(24.4275148912427,-12.3693426457811,0.));
#11878=CARTESIAN_POINT('Ctrl Pts',(22.5829004201463,-13.038243636654,0.));
#11879=CARTESIAN_POINT('Ctrl Pts',(22.925922404982,-14.9701771242483,0.));
#11880=CARTESIAN_POINT('Ctrl Pts',(24.0271265911031,-14.6219425071637,0.));
#11881=CARTESIAN_POINT('Ctrl Pts',(23.8279167367016,-15.2033669324417,0.));
#11882=CARTESIAN_POINT('',(23.5806536669816,-15.5841186703489,0.));
#11883=CARTESIAN_POINT('Origin',(0.,0.,0.));
#11884=CARTESIAN_POINT('',(22.1082003337197,-17.6107768169881,0.));
#11885=CARTESIAN_POINT('Ctrl Pts',(23.5806536669816,-15.5841186703489,0.));
#11886=CARTESIAN_POINT('Ctrl Pts',(23.1305219717532,-16.0025925468949,0.));
#11887=CARTESIAN_POINT('Ctrl Pts',(23.0007500303809,-14.8549526855711,0.));
#11888=CARTESIAN_POINT('Ctrl Pts',(21.0963213577082,-15.3273746508428,0.));
#11889=CARTESIAN_POINT('Ctrl Pts',(21.2355221936264,-17.2845803655925,0.));
#11890=CARTESIAN_POINT('Ctrl Pts',(22.3670942973755,-17.0533605954957,0.));
#11891=CARTESIAN_POINT('Ctrl Pts',(22.1082003337195,-17.6107768169883,0.));
#11892=CARTESIAN_POINT('',(21.822492402917,-17.9635967283359,0.));
#11893=CARTESIAN_POINT('Origin',(0.,0.,0.));
#11894=CARTESIAN_POINT('',(20.146261861443,-19.8252393454358,0.));
#11895=CARTESIAN_POINT('Ctrl Pts',(21.822492402917,-17.9635967283359,0.));
#11896=CARTESIAN_POINT('Ctrl Pts',(21.3310841449802,-18.3327265868301,0.));
#11897=CARTESIAN_POINT('Ctrl Pts',(21.3219841389698,-17.1778087551393,0.));
#11898=CARTESIAN_POINT('Ctrl Pts',(19.378606583786,-17.4485757408976,0.));
#11899=CARTESIAN_POINT('Ctrl Pts',(19.3124611572987,-19.4096101274202,0.));
#11900=CARTESIAN_POINT('Ctrl Pts',(20.4620034379104,-19.2979384964984,0.));
#11901=CARTESIAN_POINT('Ctrl Pts',(20.1462618614428,-19.825239345436,0.));
#11902=CARTESIAN_POINT('',(19.825239345436,-20.1462618614428,0.));
#11903=CARTESIAN_POINT('Origin',(0.,0.,0.));
#11904=CARTESIAN_POINT('',(17.963596728336,-21.8224924029169,0.));
#11905=CARTESIAN_POINT('Ctrl Pts',(19.825239345436,-20.1462618614428,0.));
#11906=CARTESIAN_POINT('Ctrl Pts',(19.2979384964984,-20.4620034379104,0.));
#11907=CARTESIAN_POINT('Ctrl Pts',(19.4096101274202,-19.3124611572987,0.));
#11908=CARTESIAN_POINT('Ctrl Pts',(17.4485757408976,-19.378606583786,0.));
#11909=CARTESIAN_POINT('Ctrl Pts',(17.1778087551393,-21.3219841389698,0.));
#11910=CARTESIAN_POINT('Ctrl Pts',(18.3327265868301,-21.3310841449802,0.));
#11911=CARTESIAN_POINT('Ctrl Pts',(17.9635967283358,-21.822492402917,0.));
#11912=CARTESIAN_POINT('',(17.6107768169883,-22.1082003337195,0.));
#11913=CARTESIAN_POINT('Origin',(0.,0.,0.));
#11914=CARTESIAN_POINT('',(15.5841186703491,-23.5806536669814,0.));
#11915=CARTESIAN_POINT('Ctrl Pts',(17.6107768169883,-22.1082003337195,0.));
#11916=CARTESIAN_POINT('Ctrl Pts',(17.0533605954957,-22.3670942973755,0.));
#11917=CARTESIAN_POINT('Ctrl Pts',(17.2845803655925,-21.2355221936264,0.));
#11918=CARTESIAN_POINT('Ctrl Pts',(15.3273746508428,-21.0963213577082,0.));
#11919=CARTESIAN_POINT('Ctrl Pts',(14.8549526855711,-23.0007500303809,0.));
#11920=CARTESIAN_POINT('Ctrl Pts',(16.0025925468948,-23.1305219717532,0.));
#11921=CARTESIAN_POINT('Ctrl Pts',(15.5841186703489,-23.5806536669816,0.));
#11922=CARTESIAN_POINT('',(15.2033669324417,-23.8279167367017,0.));
#11923=CARTESIAN_POINT('Origin',(0.,0.,0.));
#11924=CARTESIAN_POINT('',(13.0338977470233,-25.0804603549016,0.));
#11925=CARTESIAN_POINT('Ctrl Pts',(15.2033669324417,-23.8279167367017,0.));
#11926=CARTESIAN_POINT('Ctrl Pts',(14.6219425071637,-24.0271265911031,0.));
#11927=CARTESIAN_POINT('Ctrl Pts',(14.9701771242483,-22.925922404982,0.));
#11928=CARTESIAN_POINT('Ctrl Pts',(13.038243636654,-22.5829004201463,0.));
#11929=CARTESIAN_POINT('Ctrl Pts',(12.369342645781,-24.4275148912427,0.));
#11930=CARTESIAN_POINT('Ctrl Pts',(13.497130754258,-24.6765369594308,0.));
#11931=CARTESIAN_POINT('Ctrl Pts',(13.0338977470232,-25.0804603549016,0.));
#11932=CARTESIAN_POINT('',(12.6293857782742,-25.2865694976043,0.));
#11933=CARTESIAN_POINT('Origin',(0.,0.,0.));
#11934=CARTESIAN_POINT('',(10.3408747124628,-26.3054802707496,0.));
#11935=CARTESIAN_POINT('Ctrl Pts',(12.6293857782742,-25.2865694976043,0.));
#11936=CARTESIAN_POINT('Ctrl Pts',(12.030323356885,-25.4239126578991,0.));
#11937=CARTESIAN_POINT('Ctrl Pts',(12.49175748962,-24.3651414129109,0.));
#11938=CARTESIAN_POINT('Ctrl Pts',(10.6062628967541,-23.8220564998056,0.));
#11939=CARTESIAN_POINT('Ctrl Pts',(9.74821149951245,-25.58664678717,0.));
#11940=CARTESIAN_POINT('Ctrl Pts',(10.8437915726213,-25.9521906442836,0.));
#11941=CARTESIAN_POINT('Ctrl Pts',(10.3408747124626,-26.3054802707497,0.));
#11942=CARTESIAN_POINT('',(9.91703443065112,-26.4681773115364,0.));
#11943=CARTESIAN_POINT('Origin',(0.,0.,0.));
#11944=CARTESIAN_POINT('',(7.53455489058529,-27.2422918399757,0.));
#11945=CARTESIAN_POINT('Ctrl Pts',(9.91703443065112,-26.4681773115364,0.));
#11946=CARTESIAN_POINT('Ctrl Pts',(9.30689746640123,-26.5421490173194,0.));
#11947=CARTESIAN_POINT('Ctrl Pts',(9.87647554586706,-25.5374108327863,0.));
#11948=CARTESIAN_POINT('Ctrl Pts',(8.0580777210542,-24.8002131433672,0.));
#11949=CARTESIAN_POINT('Ctrl Pts',(7.0202769081108,-26.4654460265469,0.));
#11950=CARTESIAN_POINT('Ctrl Pts',(8.07164554130574,-26.9435066975925,0.));
#11951=CARTESIAN_POINT('Ctrl Pts',(7.53455489058508,-27.2422918399757,0.));
#11952=CARTESIAN_POINT('',(7.0960299785329,-27.3597942360211,0.));
#11953=CARTESIAN_POINT('Origin',(0.,0.,0.));
#11954=CARTESIAN_POINT('',(4.64568490861958,-27.8806311589869,0.));
#11955=CARTESIAN_POINT('Ctrl Pts',(7.0960299785329,-27.3597942360211,0.));
#11956=CARTESIAN_POINT('Ctrl Pts',(6.48150325968207,-27.3695840378041,0.));
#11957=CARTESIAN_POINT('Ctrl Pts',(7.15298486924823,-26.429887035531,0.));
#11958=CARTESIAN_POINT('Ctrl Pts',(5.42160655958124,-25.5066534619518,0.));
#11959=CARTESIAN_POINT('Ctrl Pts',(4.2154266938165,-27.0542843010064,0.));
#11960=CARTESIAN_POINT('Ctrl Pts',(5.21106487233918,-27.6396240532314,0.));
#11961=CARTESIAN_POINT('Ctrl Pts',(4.64568490861936,-27.880631158987,0.));
#11962=CARTESIAN_POINT('',(4.19727993703014,-27.9516515294509,0.));
#11963=CARTESIAN_POINT('Origin',(0.,0.,0.));
#11964=CARTESIAN_POINT('',(1.70591583062296,-28.2135044486232,0.));
#11965=CARTESIAN_POINT('Ctrl Pts',(4.19727993703014,-27.9516515294509,0.));
#11966=CARTESIAN_POINT('Ctrl Pts',(3.58509634690809,-27.8971521681171,0.));
#11967=CARTESIAN_POINT('Ctrl Pts',(4.35112459354359,-27.0327918651049,0.));
#11968=CARTESIAN_POINT('Ctrl Pts',(2.7257351420974,-25.9336375475969,0.));
#11969=CARTESIAN_POINT('Ctrl Pts',(1.36439138252999,-27.3467101751911,0.));
#11970=CARTESIAN_POINT('Ctrl Pts',(2.29339068614584,-28.0329159037798,0.));
#11971=CARTESIAN_POINT('Ctrl Pts',(1.70591583062274,-28.2135044486232,0.));
#11972=CARTESIAN_POINT('',(1.2525436182,-28.2372646794649,0.));
#11973=CARTESIAN_POINT('Origin',(0.,0.,0.));
#11974=CARTESIAN_POINT('',(-1.25254361819979,-28.2372646794649,0.));
#11975=CARTESIAN_POINT('Ctrl Pts',(1.2525436182,-28.2372646794649,0.));
#11976=CARTESIAN_POINT('Ctrl Pts',(0.649410368327749,-28.1190732614217,
0.));
#11977=CARTESIAN_POINT('Ctrl Pts',(1.50159248626075,-27.3395197700294,0.));
#11978=CARTESIAN_POINT('Ctrl Pts',(-3.19344866722633E-15,-26.076487273308,
0.));
#11979=CARTESIAN_POINT('Ctrl Pts',(-1.50159248626075,-27.3395197700294,
0.));
#11980=CARTESIAN_POINT('Ctrl Pts',(-0.649410368327756,-28.1190732614217,
0.));
#11981=CARTESIAN_POINT('Ctrl Pts',(-1.2525436182,-28.2372646794649,0.));
#11982=CARTESIAN_POINT('',(-1.70591583062276,-28.2135044486232,0.));
#11983=CARTESIAN_POINT('Origin',(0.,0.,0.));
#11984=CARTESIAN_POINT('',(-4.19727993702995,-27.9516515294509,0.));
#11985=CARTESIAN_POINT('Ctrl Pts',(-1.70591583062276,-28.2135044486232,
0.));
#11986=CARTESIAN_POINT('Ctrl Pts',(-2.29339068614586,-28.0329159037798,
0.));
#11987=CARTESIAN_POINT('Ctrl Pts',(-1.36439138253001,-27.3467101751911,
0.));
#11988=CARTESIAN_POINT('Ctrl Pts',(-2.72573514209741,-25.9336375475969,
0.));
#11989=CARTESIAN_POINT('Ctrl Pts',(-4.35112459354361,-27.0327918651049,
0.));
#11990=CARTESIAN_POINT('Ctrl Pts',(-3.58509634690811,-27.8971521681171,
0.));
#11991=CARTESIAN_POINT('Ctrl Pts',(-4.19727993703016,-27.9516515294509,
0.));
#11992=CARTESIAN_POINT('',(-4.64568490861938,-27.880631158987,0.));
#11993=CARTESIAN_POINT('Origin',(0.,0.,0.));
#11994=CARTESIAN_POINT('',(-7.09602997853271,-27.3597942360211,0.));
#11995=CARTESIAN_POINT('Ctrl Pts',(-4.64568490861938,-27.880631158987,0.));
#11996=CARTESIAN_POINT('Ctrl Pts',(-5.2110648723392,-27.6396240532314,0.));
#11997=CARTESIAN_POINT('Ctrl Pts',(-4.21542669381651,-27.0542843010064,
0.));
#11998=CARTESIAN_POINT('Ctrl Pts',(-5.42160655958126,-25.5066534619518,
0.));
#11999=CARTESIAN_POINT('Ctrl Pts',(-7.15298486924824,-26.429887035531,0.));
#12000=CARTESIAN_POINT('Ctrl Pts',(-6.48150325968209,-27.3695840378041,
0.));
#12001=CARTESIAN_POINT('Ctrl Pts',(-7.09602997853292,-27.3597942360211,
0.));
#12002=CARTESIAN_POINT('',(-7.53455489058508,-27.2422918399757,0.));
#12003=CARTESIAN_POINT('Origin',(0.,0.,0.));
#12004=CARTESIAN_POINT('',(-9.91703443065092,-26.4681773115364,0.));
#12005=CARTESIAN_POINT('Ctrl Pts',(-7.53455489058508,-27.2422918399757,
0.));
#12006=CARTESIAN_POINT('Ctrl Pts',(-8.07164554130574,-26.9435066975925,
0.));
#12007=CARTESIAN_POINT('Ctrl Pts',(-7.02027690811081,-26.4654460265469,
0.));
#12008=CARTESIAN_POINT('Ctrl Pts',(-8.05807772105421,-24.8002131433672,
0.));
#12009=CARTESIAN_POINT('Ctrl Pts',(-9.87647554586706,-25.5374108327863,
0.));
#12010=CARTESIAN_POINT('Ctrl Pts',(-9.30689746640123,-26.5421490173194,
0.));
#12011=CARTESIAN_POINT('Ctrl Pts',(-9.91703443065112,-26.4681773115364,
0.));
#12012=CARTESIAN_POINT('',(-10.3408747124626,-26.3054802707497,0.));
#12013=CARTESIAN_POINT('Origin',(0.,0.,0.));
#12014=CARTESIAN_POINT('',(-12.6293857782741,-25.2865694976044,0.));
#12015=CARTESIAN_POINT('Ctrl Pts',(-10.3408747124626,-26.3054802707497,
0.));
#12016=CARTESIAN_POINT('Ctrl Pts',(-10.8437915726213,-25.9521906442836,
0.));
#12017=CARTESIAN_POINT('Ctrl Pts',(-9.74821149951246,-25.58664678717,0.));
#12018=CARTESIAN_POINT('Ctrl Pts',(-10.6062628967541,-23.8220564998056,
0.));
#12019=CARTESIAN_POINT('Ctrl Pts',(-12.49175748962,-24.3651414129109,0.));
#12020=CARTESIAN_POINT('Ctrl Pts',(-12.030323356885,-25.4239126578991,0.));
#12021=CARTESIAN_POINT('Ctrl Pts',(-12.6293857782743,-25.2865694976043,
0.));
#12022=CARTESIAN_POINT('',(-13.0338977470232,-25.0804603549016,0.));
#12023=CARTESIAN_POINT('Origin',(0.,0.,0.));
#12024=CARTESIAN_POINT('',(-15.2033669324415,-23.8279167367018,0.));
#12025=CARTESIAN_POINT('Ctrl Pts',(-13.0338977470232,-25.0804603549016,
0.));
#12026=CARTESIAN_POINT('Ctrl Pts',(-13.497130754258,-24.6765369594308,0.));
#12027=CARTESIAN_POINT('Ctrl Pts',(-12.3693426457811,-24.4275148912427,
0.));
#12028=CARTESIAN_POINT('Ctrl Pts',(-13.038243636654,-22.5829004201463,0.));
#12029=CARTESIAN_POINT('Ctrl Pts',(-14.9701771242483,-22.925922404982,0.));
#12030=CARTESIAN_POINT('Ctrl Pts',(-14.6219425071637,-24.0271265911031,
0.));
#12031=CARTESIAN_POINT('Ctrl Pts',(-15.2033669324417,-23.8279167367016,
0.));
#12032=CARTESIAN_POINT('',(-15.5841186703489,-23.5806536669816,0.));
#12033=CARTESIAN_POINT('Origin',(0.,0.,0.));
#12034=CARTESIAN_POINT('',(-17.6107768169881,-22.1082003337197,0.));
#12035=CARTESIAN_POINT('Ctrl Pts',(-15.5841186703489,-23.5806536669816,
0.));
#12036=CARTESIAN_POINT('Ctrl Pts',(-16.0025925468949,-23.1305219717532,
0.));
#12037=CARTESIAN_POINT('Ctrl Pts',(-14.8549526855711,-23.0007500303809,
0.));
#12038=CARTESIAN_POINT('Ctrl Pts',(-15.3273746508428,-21.0963213577082,
0.));
#12039=CARTESIAN_POINT('Ctrl Pts',(-17.2845803655925,-21.2355221936264,
0.));
#12040=CARTESIAN_POINT('Ctrl Pts',(-17.0533605954957,-22.3670942973755,
0.));
#12041=CARTESIAN_POINT('Ctrl Pts',(-17.6107768169883,-22.1082003337195,
0.));
#12042=CARTESIAN_POINT('',(-17.9635967283359,-21.822492402917,0.));
#12043=CARTESIAN_POINT('Origin',(0.,0.,0.));
#12044=CARTESIAN_POINT('',(-19.8252393454358,-20.146261861443,0.));
#12045=CARTESIAN_POINT('Ctrl Pts',(-17.9635967283359,-21.822492402917,0.));
#12046=CARTESIAN_POINT('Ctrl Pts',(-18.3327265868301,-21.3310841449802,
0.));
#12047=CARTESIAN_POINT('Ctrl Pts',(-17.1778087551393,-21.3219841389698,
0.));
#12048=CARTESIAN_POINT('Ctrl Pts',(-17.4485757408976,-19.378606583786,0.));
#12049=CARTESIAN_POINT('Ctrl Pts',(-19.4096101274202,-19.3124611572987,
0.));
#12050=CARTESIAN_POINT('Ctrl Pts',(-19.2979384964984,-20.4620034379104,
0.));
#12051=CARTESIAN_POINT('Ctrl Pts',(-19.825239345436,-20.1462618614428,0.));
#12052=CARTESIAN_POINT('',(-20.1462618614428,-19.825239345436,0.));
#12053=CARTESIAN_POINT('Origin',(0.,0.,0.));
#12054=CARTESIAN_POINT('',(-21.8224924029169,-17.963596728336,0.));
#12055=CARTESIAN_POINT('Ctrl Pts',(-20.1462618614428,-19.825239345436,0.));
#12056=CARTESIAN_POINT('Ctrl Pts',(-20.4620034379104,-19.2979384964984,
0.));
#12057=CARTESIAN_POINT('Ctrl Pts',(-19.3124611572987,-19.4096101274202,
0.));
#12058=CARTESIAN_POINT('Ctrl Pts',(-19.378606583786,-17.4485757408976,0.));
#12059=CARTESIAN_POINT('Ctrl Pts',(-21.3219841389698,-17.1778087551393,
0.));
#12060=CARTESIAN_POINT('Ctrl Pts',(-21.3310841449802,-18.3327265868301,
0.));
#12061=CARTESIAN_POINT('Ctrl Pts',(-21.822492402917,-17.9635967283358,0.));
#12062=CARTESIAN_POINT('',(-22.1082003337195,-17.6107768169883,0.));
#12063=CARTESIAN_POINT('Origin',(0.,0.,0.));
#12064=CARTESIAN_POINT('',(-23.5806536669814,-15.5841186703491,0.));
#12065=CARTESIAN_POINT('Ctrl Pts',(-22.1082003337195,-17.6107768169883,
0.));
#12066=CARTESIAN_POINT('Ctrl Pts',(-22.3670942973755,-17.0533605954957,
0.));
#12067=CARTESIAN_POINT('Ctrl Pts',(-21.2355221936264,-17.2845803655925,
0.));
#12068=CARTESIAN_POINT('Ctrl Pts',(-21.0963213577082,-15.3273746508428,
0.));
#12069=CARTESIAN_POINT('Ctrl Pts',(-23.0007500303809,-14.8549526855711,
0.));
#12070=CARTESIAN_POINT('Ctrl Pts',(-23.1305219717532,-16.0025925468948,
0.));
#12071=CARTESIAN_POINT('Ctrl Pts',(-23.5806536669816,-15.5841186703489,
0.));
#12072=CARTESIAN_POINT('',(-23.8279167367017,-15.2033669324417,0.));
#12073=CARTESIAN_POINT('Origin',(0.,0.,0.));
#12074=CARTESIAN_POINT('',(-25.0804603549016,-13.0338977470234,0.));
#12075=CARTESIAN_POINT('Ctrl Pts',(-23.8279167367017,-15.2033669324417,
0.));
#12076=CARTESIAN_POINT('Ctrl Pts',(-24.0271265911031,-14.6219425071637,
0.));
#12077=CARTESIAN_POINT('Ctrl Pts',(-22.925922404982,-14.9701771242483,0.));
#12078=CARTESIAN_POINT('Ctrl Pts',(-22.5829004201463,-13.038243636654,0.));
#12079=CARTESIAN_POINT('Ctrl Pts',(-24.4275148912427,-12.369342645781,0.));
#12080=CARTESIAN_POINT('Ctrl Pts',(-24.6765369594308,-13.497130754258,0.));
#12081=CARTESIAN_POINT('Ctrl Pts',(-25.0804603549016,-13.0338977470232,
0.));
#12082=CARTESIAN_POINT('',(-25.2865694976043,-12.6293857782742,0.));
#12083=CARTESIAN_POINT('Origin',(0.,0.,0.));
#12084=CARTESIAN_POINT('',(-26.3054802707496,-10.3408747124628,0.));
#12085=CARTESIAN_POINT('Ctrl Pts',(-25.2865694976043,-12.6293857782742,
0.));
#12086=CARTESIAN_POINT('Ctrl Pts',(-25.4239126578991,-12.030323356885,0.));
#12087=CARTESIAN_POINT('Ctrl Pts',(-24.3651414129109,-12.49175748962,0.));
#12088=CARTESIAN_POINT('Ctrl Pts',(-23.8220564998056,-10.6062628967541,
0.));
#12089=CARTESIAN_POINT('Ctrl Pts',(-25.58664678717,-9.74821149951245,0.));
#12090=CARTESIAN_POINT('Ctrl Pts',(-25.9521906442836,-10.8437915726213,
0.));
#12091=CARTESIAN_POINT('Ctrl Pts',(-26.3054802707497,-10.3408747124626,
0.));
#12092=CARTESIAN_POINT('',(-26.4681773115364,-9.91703443065112,0.));
#12093=CARTESIAN_POINT('Origin',(0.,0.,0.));
#12094=CARTESIAN_POINT('',(-27.2422918399757,-7.53455489058529,0.));
#12095=CARTESIAN_POINT('Ctrl Pts',(-26.4681773115364,-9.91703443065112,
0.));
#12096=CARTESIAN_POINT('Ctrl Pts',(-26.5421490173194,-9.30689746640123,
0.));
#12097=CARTESIAN_POINT('Ctrl Pts',(-25.5374108327863,-9.87647554586706,
0.));
#12098=CARTESIAN_POINT('Ctrl Pts',(-24.8002131433672,-8.0580777210542,0.));
#12099=CARTESIAN_POINT('Ctrl Pts',(-26.4654460265469,-7.0202769081108,0.));
#12100=CARTESIAN_POINT('Ctrl Pts',(-26.9435066975925,-8.07164554130574,
0.));
#12101=CARTESIAN_POINT('Ctrl Pts',(-27.2422918399757,-7.53455489058508,
0.));
#12102=CARTESIAN_POINT('',(-27.3597942360211,-7.0960299785329,0.));
#12103=CARTESIAN_POINT('Origin',(0.,0.,0.));
#12104=CARTESIAN_POINT('',(-27.8806311589869,-4.64568490861958,0.));
#12105=CARTESIAN_POINT('Ctrl Pts',(-27.3597942360211,-7.0960299785329,0.));
#12106=CARTESIAN_POINT('Ctrl Pts',(-27.3695840378041,-6.48150325968207,
0.));
#12107=CARTESIAN_POINT('Ctrl Pts',(-26.429887035531,-7.15298486924823,0.));
#12108=CARTESIAN_POINT('Ctrl Pts',(-25.5066534619518,-5.42160655958124,
0.));
#12109=CARTESIAN_POINT('Ctrl Pts',(-27.0542843010064,-4.2154266938165,0.));
#12110=CARTESIAN_POINT('Ctrl Pts',(-27.6396240532314,-5.21106487233918,
0.));
#12111=CARTESIAN_POINT('Ctrl Pts',(-27.880631158987,-4.64568490861936,0.));
#12112=CARTESIAN_POINT('',(-27.9516515294509,-4.19727993703015,0.));
#12113=CARTESIAN_POINT('Origin',(0.,0.,0.));
#12114=CARTESIAN_POINT('',(-28.2135044486232,-1.70591583062297,0.));
#12115=CARTESIAN_POINT('Ctrl Pts',(-27.9516515294509,-4.19727993703015,
0.));
#12116=CARTESIAN_POINT('Ctrl Pts',(-27.8971521681171,-3.5850963469081,0.));
#12117=CARTESIAN_POINT('Ctrl Pts',(-27.0327918651049,-4.3511245935436,0.));
#12118=CARTESIAN_POINT('Ctrl Pts',(-25.9336375475969,-2.7257351420974,0.));
#12119=CARTESIAN_POINT('Ctrl Pts',(-27.3467101751911,-1.36439138253,0.));
#12120=CARTESIAN_POINT('Ctrl Pts',(-28.0329159037798,-2.29339068614585,
0.));
#12121=CARTESIAN_POINT('Ctrl Pts',(-28.2135044486232,-1.70591583062275,
0.));
#12122=CARTESIAN_POINT('',(-28.2372646794649,-1.2525436182,0.));
#12123=CARTESIAN_POINT('Origin',(0.,0.,0.));
#12124=CARTESIAN_POINT('',(-28.2372646794649,1.25254361819978,0.));
#12125=CARTESIAN_POINT('Ctrl Pts',(-28.2372646794649,-1.2525436182,0.));
#12126=CARTESIAN_POINT('Ctrl Pts',(-28.1190732614217,-0.649410368327751,
0.));
#12127=CARTESIAN_POINT('Ctrl Pts',(-27.3395197700294,-1.50159248626075,
0.));
#12128=CARTESIAN_POINT('Ctrl Pts',(-26.076487273308,1.59672433361317E-15,
0.));
#12129=CARTESIAN_POINT('Ctrl Pts',(-27.3395197700294,1.50159248626075,0.));
#12130=CARTESIAN_POINT('Ctrl Pts',(-28.1190732614217,0.649410368327754,
0.));
#12131=CARTESIAN_POINT('Ctrl Pts',(-28.2372646794649,1.2525436182,0.));
#12132=CARTESIAN_POINT('',(-28.2135044486232,1.70591583062276,0.));
#12133=CARTESIAN_POINT('Origin',(0.,0.,0.));
#12134=CARTESIAN_POINT('',(-27.9516515294509,4.19727993702994,0.));
#12135=CARTESIAN_POINT('Ctrl Pts',(-28.2135044486232,1.70591583062276,0.));
#12136=CARTESIAN_POINT('Ctrl Pts',(-28.0329159037798,2.29339068614586,0.));
#12137=CARTESIAN_POINT('Ctrl Pts',(-27.3467101751911,1.36439138253001,0.));
#12138=CARTESIAN_POINT('Ctrl Pts',(-25.9336375475969,2.72573514209741,0.));
#12139=CARTESIAN_POINT('Ctrl Pts',(-27.0327918651049,4.35112459354361,0.));
#12140=CARTESIAN_POINT('Ctrl Pts',(-27.8971521681171,3.58509634690811,0.));
#12141=CARTESIAN_POINT('Ctrl Pts',(-27.9516515294509,4.19727993703016,0.));
#12142=CARTESIAN_POINT('',(-27.880631158987,4.64568490861937,0.));
#12143=CARTESIAN_POINT('Origin',(0.,0.,0.));
#12144=CARTESIAN_POINT('',(-27.3597942360211,7.0960299785327,0.));
#12145=CARTESIAN_POINT('Ctrl Pts',(-27.880631158987,4.64568490861937,0.));
#12146=CARTESIAN_POINT('Ctrl Pts',(-27.6396240532314,5.21106487233919,0.));
#12147=CARTESIAN_POINT('Ctrl Pts',(-27.0542843010064,4.21542669381651,0.));
#12148=CARTESIAN_POINT('Ctrl Pts',(-25.5066534619518,5.42160655958125,0.));
#12149=CARTESIAN_POINT('Ctrl Pts',(-26.429887035531,7.15298486924824,0.));
#12150=CARTESIAN_POINT('Ctrl Pts',(-27.3695840378041,6.48150325968209,0.));
#12151=CARTESIAN_POINT('Ctrl Pts',(-27.3597942360211,7.09602997853291,0.));
#12152=CARTESIAN_POINT('',(-27.2422918399757,7.53455489058508,0.));
#12153=CARTESIAN_POINT('Origin',(0.,0.,0.));
#12154=CARTESIAN_POINT('',(-26.4681773115365,9.91703443065092,0.));
#12155=CARTESIAN_POINT('Ctrl Pts',(-27.2422918399757,7.53455489058508,0.));
#12156=CARTESIAN_POINT('Ctrl Pts',(-26.9435066975925,8.07164554130574,0.));
#12157=CARTESIAN_POINT('Ctrl Pts',(-26.4654460265469,7.02027690811081,0.));
#12158=CARTESIAN_POINT('Ctrl Pts',(-24.8002131433672,8.05807772105421,0.));
#12159=CARTESIAN_POINT('Ctrl Pts',(-25.5374108327863,9.87647554586706,0.));
#12160=CARTESIAN_POINT('Ctrl Pts',(-26.5421490173194,9.30689746640123,0.));
#12161=CARTESIAN_POINT('Ctrl Pts',(-26.4681773115364,9.91703443065112,0.));
#12162=CARTESIAN_POINT('',(-26.3054802707497,10.3408747124626,0.));
#12163=CARTESIAN_POINT('Origin',(0.,0.,0.));
#12164=CARTESIAN_POINT('',(-25.2865694976044,12.6293857782741,0.));
#12165=CARTESIAN_POINT('Ctrl Pts',(-26.3054802707497,10.3408747124626,0.));
#12166=CARTESIAN_POINT('Ctrl Pts',(-25.9521906442836,10.8437915726213,0.));
#12167=CARTESIAN_POINT('Ctrl Pts',(-25.58664678717,9.74821149951246,0.));
#12168=CARTESIAN_POINT('Ctrl Pts',(-23.8220564998056,10.6062628967541,0.));
#12169=CARTESIAN_POINT('Ctrl Pts',(-24.3651414129109,12.49175748962,0.));
#12170=CARTESIAN_POINT('Ctrl Pts',(-25.4239126578991,12.030323356885,0.));
#12171=CARTESIAN_POINT('Ctrl Pts',(-25.2865694976043,12.6293857782743,0.));
#12172=CARTESIAN_POINT('',(-25.0804603549016,13.0338977470232,0.));
#12173=CARTESIAN_POINT('Origin',(0.,0.,0.));
#12174=CARTESIAN_POINT('',(-23.8279167367018,15.2033669324415,0.));
#12175=CARTESIAN_POINT('Ctrl Pts',(-25.0804603549016,13.0338977470232,0.));
#12176=CARTESIAN_POINT('Ctrl Pts',(-24.6765369594308,13.497130754258,0.));
#12177=CARTESIAN_POINT('Ctrl Pts',(-24.4275148912427,12.369342645781,0.));
#12178=CARTESIAN_POINT('Ctrl Pts',(-22.5829004201463,13.038243636654,0.));
#12179=CARTESIAN_POINT('Ctrl Pts',(-22.925922404982,14.9701771242483,0.));
#12180=CARTESIAN_POINT('Ctrl Pts',(-24.0271265911031,14.6219425071637,0.));
#12181=CARTESIAN_POINT('Ctrl Pts',(-23.8279167367016,15.2033669324417,0.));
#12182=CARTESIAN_POINT('',(-23.5806536669816,15.5841186703489,0.));
#12183=CARTESIAN_POINT('Origin',(0.,0.,0.));
#12184=CARTESIAN_POINT('',(-22.1082003337197,17.6107768169881,0.));
#12185=CARTESIAN_POINT('Ctrl Pts',(-23.5806536669816,15.5841186703489,0.));
#12186=CARTESIAN_POINT('Ctrl Pts',(-23.1305219717532,16.0025925468948,0.));
#12187=CARTESIAN_POINT('Ctrl Pts',(-23.0007500303809,14.8549526855711,0.));
#12188=CARTESIAN_POINT('Ctrl Pts',(-21.0963213577082,15.3273746508428,0.));
#12189=CARTESIAN_POINT('Ctrl Pts',(-21.2355221936264,17.2845803655925,0.));
#12190=CARTESIAN_POINT('Ctrl Pts',(-22.3670942973755,17.0533605954957,0.));
#12191=CARTESIAN_POINT('Ctrl Pts',(-22.1082003337195,17.6107768169883,0.));
#12192=CARTESIAN_POINT('',(-21.822492402917,17.9635967283358,0.));
#12193=CARTESIAN_POINT('Origin',(0.,0.,0.));
#12194=CARTESIAN_POINT('',(-20.146261861443,19.8252393454358,0.));
#12195=CARTESIAN_POINT('Ctrl Pts',(-21.822492402917,17.9635967283358,0.));
#12196=CARTESIAN_POINT('Ctrl Pts',(-21.3310841449802,18.3327265868301,0.));
#12197=CARTESIAN_POINT('Ctrl Pts',(-21.3219841389698,17.1778087551393,0.));
#12198=CARTESIAN_POINT('Ctrl Pts',(-19.378606583786,17.4485757408976,0.));
#12199=CARTESIAN_POINT('Ctrl Pts',(-19.3124611572987,19.4096101274202,0.));
#12200=CARTESIAN_POINT('Ctrl Pts',(-20.4620034379104,19.2979384964984,0.));
#12201=CARTESIAN_POINT('Ctrl Pts',(-20.1462618614428,19.825239345436,0.));
#12202=CARTESIAN_POINT('',(-19.825239345436,20.1462618614428,0.));
#12203=CARTESIAN_POINT('Origin',(0.,0.,0.));
#12204=CARTESIAN_POINT('',(-17.963596728336,21.8224924029169,0.));
#12205=CARTESIAN_POINT('Ctrl Pts',(-19.825239345436,20.1462618614428,0.));
#12206=CARTESIAN_POINT('Ctrl Pts',(-19.2979384964984,20.4620034379104,0.));
#12207=CARTESIAN_POINT('Ctrl Pts',(-19.4096101274202,19.3124611572987,0.));
#12208=CARTESIAN_POINT('Ctrl Pts',(-17.4485757408976,19.378606583786,0.));
#12209=CARTESIAN_POINT('Ctrl Pts',(-17.1778087551393,21.3219841389698,0.));
#12210=CARTESIAN_POINT('Ctrl Pts',(-18.3327265868301,21.3310841449802,0.));
#12211=CARTESIAN_POINT('Ctrl Pts',(-17.9635967283358,21.822492402917,0.));
#12212=CARTESIAN_POINT('',(-17.6107768169883,22.1082003337195,0.));
#12213=CARTESIAN_POINT('Origin',(0.,0.,0.));
#12214=CARTESIAN_POINT('',(-15.5841186703491,23.5806536669814,0.));
#12215=CARTESIAN_POINT('Ctrl Pts',(-17.6107768169883,22.1082003337195,0.));
#12216=CARTESIAN_POINT('Ctrl Pts',(-17.0533605954957,22.3670942973755,0.));
#12217=CARTESIAN_POINT('Ctrl Pts',(-17.2845803655925,21.2355221936264,0.));
#12218=CARTESIAN_POINT('Ctrl Pts',(-15.3273746508428,21.0963213577082,0.));
#12219=CARTESIAN_POINT('Ctrl Pts',(-14.8549526855711,23.0007500303809,0.));
#12220=CARTESIAN_POINT('Ctrl Pts',(-16.0025925468948,23.1305219717532,0.));
#12221=CARTESIAN_POINT('Ctrl Pts',(-15.5841186703489,23.5806536669816,0.));
#12222=CARTESIAN_POINT('',(-15.2033669324417,23.8279167367016,0.));
#12223=CARTESIAN_POINT('Origin',(0.,0.,0.));
#12224=CARTESIAN_POINT('',(-13.0338977470234,25.0804603549015,0.));
#12225=CARTESIAN_POINT('Ctrl Pts',(-15.2033669324417,23.8279167367016,0.));
#12226=CARTESIAN_POINT('Ctrl Pts',(-14.6219425071637,24.0271265911031,0.));
#12227=CARTESIAN_POINT('Ctrl Pts',(-14.9701771242483,22.925922404982,0.));
#12228=CARTESIAN_POINT('Ctrl Pts',(-13.038243636654,22.5829004201463,0.));
#12229=CARTESIAN_POINT('Ctrl Pts',(-12.369342645781,24.4275148912427,0.));
#12230=CARTESIAN_POINT('Ctrl Pts',(-13.497130754258,24.6765369594308,0.));
#12231=CARTESIAN_POINT('Ctrl Pts',(-13.0338977470232,25.0804603549016,0.));
#12232=CARTESIAN_POINT('',(-12.6293857782742,25.2865694976043,0.));
#12233=CARTESIAN_POINT('Origin',(0.,0.,0.));
#12234=CARTESIAN_POINT('',(-10.3408747124628,26.3054802707496,0.));
#12235=CARTESIAN_POINT('Ctrl Pts',(-12.6293857782742,25.2865694976043,0.));
#12236=CARTESIAN_POINT('Ctrl Pts',(-12.030323356885,25.4239126578991,0.));
#12237=CARTESIAN_POINT('Ctrl Pts',(-12.49175748962,24.3651414129109,0.));
#12238=CARTESIAN_POINT('Ctrl Pts',(-10.6062628967541,23.8220564998056,0.));
#12239=CARTESIAN_POINT('Ctrl Pts',(-9.74821149951245,25.58664678717,0.));
#12240=CARTESIAN_POINT('Ctrl Pts',(-10.8437915726213,25.9521906442836,0.));
#12241=CARTESIAN_POINT('Ctrl Pts',(-10.3408747124626,26.3054802707497,0.));
#12242=CARTESIAN_POINT('',(-9.91703443065112,26.4681773115364,0.));
#12243=CARTESIAN_POINT('Origin',(0.,0.,0.));
#12244=CARTESIAN_POINT('',(-7.53455489058529,27.2422918399757,0.));
#12245=CARTESIAN_POINT('Ctrl Pts',(-9.91703443065112,26.4681773115364,0.));
#12246=CARTESIAN_POINT('Ctrl Pts',(-9.30689746640123,26.5421490173194,0.));
#12247=CARTESIAN_POINT('Ctrl Pts',(-9.87647554586706,25.5374108327863,0.));
#12248=CARTESIAN_POINT('Ctrl Pts',(-8.05807772105421,24.8002131433672,0.));
#12249=CARTESIAN_POINT('Ctrl Pts',(-7.02027690811081,26.4654460265469,0.));
#12250=CARTESIAN_POINT('Ctrl Pts',(-8.07164554130574,26.9435066975925,0.));
#12251=CARTESIAN_POINT('Ctrl Pts',(-7.53455489058508,27.2422918399757,0.));
#12252=CARTESIAN_POINT('',(-7.09602997853291,27.3597942360211,0.));
#12253=CARTESIAN_POINT('Origin',(0.,0.,0.));
#12254=CARTESIAN_POINT('',(-4.64568490861958,27.8806311589869,0.));
#12255=CARTESIAN_POINT('Ctrl Pts',(-7.09602997853291,27.3597942360211,0.));
#12256=CARTESIAN_POINT('Ctrl Pts',(-6.48150325968208,27.3695840378041,0.));
#12257=CARTESIAN_POINT('Ctrl Pts',(-7.15298486924823,26.429887035531,0.));
#12258=CARTESIAN_POINT('Ctrl Pts',(-5.42160655958125,25.5066534619518,0.));
#12259=CARTESIAN_POINT('Ctrl Pts',(-4.2154266938165,27.0542843010064,0.));
#12260=CARTESIAN_POINT('Ctrl Pts',(-5.21106487233919,27.6396240532314,0.));
#12261=CARTESIAN_POINT('Ctrl Pts',(-4.64568490861937,27.880631158987,0.));
#12262=CARTESIAN_POINT('',(-4.19727993703015,27.9516515294509,0.));
#12263=CARTESIAN_POINT('Origin',(0.,0.,0.));
#12264=CARTESIAN_POINT('',(-1.70591583062297,28.2135044486232,0.));
#12265=CARTESIAN_POINT('Ctrl Pts',(-4.19727993703015,27.9516515294509,0.));
#12266=CARTESIAN_POINT('Ctrl Pts',(-3.5850963469081,27.8971521681171,0.));
#12267=CARTESIAN_POINT('Ctrl Pts',(-4.3511245935436,27.0327918651049,0.));
#12268=CARTESIAN_POINT('Ctrl Pts',(-2.72573514209741,25.9336375475969,0.));
#12269=CARTESIAN_POINT('Ctrl Pts',(-1.36439138253,27.3467101751911,0.));
#12270=CARTESIAN_POINT('Ctrl Pts',(-2.29339068614585,28.0329159037798,0.));
#12271=CARTESIAN_POINT('Ctrl Pts',(-1.70591583062275,28.2135044486232,0.));
#12272=CARTESIAN_POINT('',(-1.2525436182,28.2372646794649,0.));
#12273=CARTESIAN_POINT('Origin',(0.,0.,0.));
#12274=CARTESIAN_POINT('',(1.25254361819978,28.2372646794649,0.));
#12275=CARTESIAN_POINT('Ctrl Pts',(-1.2525436182,28.2372646794649,0.));
#12276=CARTESIAN_POINT('Ctrl Pts',(-0.649410368327752,28.1190732614217,
0.));
#12277=CARTESIAN_POINT('Ctrl Pts',(-1.50159248626075,27.3395197700294,0.));
#12278=CARTESIAN_POINT('Ctrl Pts',(0.,26.076487273308,0.));
#12279=CARTESIAN_POINT('Ctrl Pts',(1.50159248626075,27.3395197700294,0.));
#12280=CARTESIAN_POINT('Ctrl Pts',(0.649410368327752,28.1190732614217,0.));
#12281=CARTESIAN_POINT('Ctrl Pts',(1.2525436182,28.2372646794649,0.));
#12282=CARTESIAN_POINT('',(1.70591583062278,28.2135044486232,0.));
#12283=CARTESIAN_POINT('Origin',(0.,0.,0.));
#12284=CARTESIAN_POINT('',(4.19727993702996,27.9516515294509,0.));
#12285=CARTESIAN_POINT('Ctrl Pts',(1.70591583062278,28.2135044486232,0.));
#12286=CARTESIAN_POINT('Ctrl Pts',(2.29339068614587,28.0329159037798,0.));
#12287=CARTESIAN_POINT('Ctrl Pts',(1.36439138253002,27.3467101751911,0.));
#12288=CARTESIAN_POINT('Ctrl Pts',(2.72573514209743,25.9336375475969,0.));
#12289=CARTESIAN_POINT('Ctrl Pts',(4.35112459354363,27.0327918651049,0.));
#12290=CARTESIAN_POINT('Ctrl Pts',(3.58509634690812,27.8971521681171,0.));
#12291=CARTESIAN_POINT('Ctrl Pts',(4.19727993703018,27.9516515294509,0.));
#12292=CARTESIAN_POINT('',(4.64568490861938,27.880631158987,0.));
#12293=CARTESIAN_POINT('Origin',(0.,0.,0.));
#12294=CARTESIAN_POINT('',(7.09602997853271,27.3597942360211,0.));
#12295=CARTESIAN_POINT('Ctrl Pts',(4.64568490861938,27.880631158987,0.));
#12296=CARTESIAN_POINT('Ctrl Pts',(5.2110648723392,27.6396240532314,0.));
#12297=CARTESIAN_POINT('Ctrl Pts',(4.21542669381652,27.0542843010064,0.));
#12298=CARTESIAN_POINT('Ctrl Pts',(5.42160655958126,25.5066534619518,0.));
#12299=CARTESIAN_POINT('Ctrl Pts',(7.15298486924825,26.429887035531,0.));
#12300=CARTESIAN_POINT('Ctrl Pts',(6.4815032596821,27.3695840378041,0.));
#12301=CARTESIAN_POINT('Ctrl Pts',(7.09602997853292,27.3597942360211,0.));
#12302=CARTESIAN_POINT('',(7.53455489058509,27.2422918399757,0.));
#12303=CARTESIAN_POINT('Origin',(0.,0.,0.));
#12304=CARTESIAN_POINT('',(9.91703443065092,26.4681773115364,0.));
#12305=CARTESIAN_POINT('Ctrl Pts',(7.53455489058509,27.2422918399757,0.));
#12306=CARTESIAN_POINT('Ctrl Pts',(8.07164554130575,26.9435066975925,0.));
#12307=CARTESIAN_POINT('Ctrl Pts',(7.02027690811081,26.4654460265469,0.));
#12308=CARTESIAN_POINT('Ctrl Pts',(8.05807772105421,24.8002131433672,0.));
#12309=CARTESIAN_POINT('Ctrl Pts',(9.87647554586707,25.5374108327863,0.));
#12310=CARTESIAN_POINT('Ctrl Pts',(9.30689746640124,26.5421490173194,0.));
#12311=CARTESIAN_POINT('Ctrl Pts',(9.91703443065113,26.4681773115364,0.));
#12312=CARTESIAN_POINT('',(10.3408747124626,26.3054802707497,0.));
#12313=CARTESIAN_POINT('Origin',(0.,0.,0.));
#12314=CARTESIAN_POINT('',(12.6293857782741,25.2865694976044,0.));
#12315=CARTESIAN_POINT('Ctrl Pts',(10.3408747124626,26.3054802707497,0.));
#12316=CARTESIAN_POINT('Ctrl Pts',(10.8437915726214,25.9521906442836,0.));
#12317=CARTESIAN_POINT('Ctrl Pts',(9.74821149951248,25.58664678717,0.));
#12318=CARTESIAN_POINT('Ctrl Pts',(10.6062628967541,23.8220564998056,0.));
#12319=CARTESIAN_POINT('Ctrl Pts',(12.49175748962,24.3651414129109,0.));
#12320=CARTESIAN_POINT('Ctrl Pts',(12.030323356885,25.4239126578991,0.));
#12321=CARTESIAN_POINT('Ctrl Pts',(12.6293857782743,25.2865694976043,0.));
#12322=CARTESIAN_POINT('',(13.0338977470232,25.0804603549016,0.));
#12323=CARTESIAN_POINT('Origin',(0.,0.,0.));
#12324=CARTESIAN_POINT('',(15.2033669324415,23.8279167367018,0.));
#12325=CARTESIAN_POINT('Ctrl Pts',(13.0338977470232,25.0804603549016,0.));
#12326=CARTESIAN_POINT('Ctrl Pts',(13.497130754258,24.6765369594308,0.));
#12327=CARTESIAN_POINT('Ctrl Pts',(12.3693426457811,24.4275148912427,0.));
#12328=CARTESIAN_POINT('Ctrl Pts',(13.038243636654,22.5829004201463,0.));
#12329=CARTESIAN_POINT('Ctrl Pts',(14.9701771242483,22.925922404982,0.));
#12330=CARTESIAN_POINT('Ctrl Pts',(14.6219425071637,24.0271265911031,0.));
#12331=CARTESIAN_POINT('Ctrl Pts',(15.2033669324417,23.8279167367016,0.));
#12332=CARTESIAN_POINT('',(15.5841186703489,23.5806536669816,0.));
#12333=CARTESIAN_POINT('Origin',(0.,0.,0.));
#12334=CARTESIAN_POINT('',(17.6107768169881,22.1082003337197,0.));
#12335=CARTESIAN_POINT('Ctrl Pts',(15.5841186703489,23.5806536669816,0.));
#12336=CARTESIAN_POINT('Ctrl Pts',(16.0025925468949,23.1305219717532,0.));
#12337=CARTESIAN_POINT('Ctrl Pts',(14.8549526855711,23.0007500303809,0.));
#12338=CARTESIAN_POINT('Ctrl Pts',(15.3273746508428,21.0963213577082,0.));
#12339=CARTESIAN_POINT('Ctrl Pts',(17.2845803655925,21.2355221936264,0.));
#12340=CARTESIAN_POINT('Ctrl Pts',(17.0533605954957,22.3670942973755,0.));
#12341=CARTESIAN_POINT('Ctrl Pts',(17.6107768169883,22.1082003337195,0.));
#12342=CARTESIAN_POINT('',(17.9635967283359,21.822492402917,0.));
#12343=CARTESIAN_POINT('Origin',(0.,0.,0.));
#12344=CARTESIAN_POINT('',(19.8252393454358,20.146261861443,0.));
#12345=CARTESIAN_POINT('Ctrl Pts',(17.9635967283359,21.822492402917,0.));
#12346=CARTESIAN_POINT('Ctrl Pts',(18.3327265868301,21.3310841449802,0.));
#12347=CARTESIAN_POINT('Ctrl Pts',(17.1778087551394,21.3219841389698,0.));
#12348=CARTESIAN_POINT('Ctrl Pts',(17.4485757408976,19.3786065837859,0.));
#12349=CARTESIAN_POINT('Ctrl Pts',(19.4096101274202,19.3124611572987,0.));
#12350=CARTESIAN_POINT('Ctrl Pts',(19.2979384964984,20.4620034379104,0.));
#12351=CARTESIAN_POINT('Ctrl Pts',(19.825239345436,20.1462618614428,0.));
#12352=CARTESIAN_POINT('',(20.1462618614428,19.825239345436,0.));
#12353=CARTESIAN_POINT('Origin',(0.,0.,0.));
#12354=CARTESIAN_POINT('',(21.8224924029169,17.963596728336,0.));
#12355=CARTESIAN_POINT('Ctrl Pts',(20.1462618614428,19.825239345436,0.));
#12356=CARTESIAN_POINT('Ctrl Pts',(20.4620034379104,19.2979384964984,0.));
#12357=CARTESIAN_POINT('Ctrl Pts',(19.3124611572987,19.4096101274202,0.));
#12358=CARTESIAN_POINT('Ctrl Pts',(19.378606583786,17.4485757408976,0.));
#12359=CARTESIAN_POINT('Ctrl Pts',(21.3219841389698,17.1778087551393,0.));
#12360=CARTESIAN_POINT('Ctrl Pts',(21.3310841449802,18.3327265868301,0.));
#12361=CARTESIAN_POINT('Ctrl Pts',(21.822492402917,17.9635967283358,0.));
#12362=CARTESIAN_POINT('',(22.1082003337195,17.6107768169883,0.));
#12363=CARTESIAN_POINT('Origin',(0.,0.,0.));
#12364=CARTESIAN_POINT('',(23.5806536669814,15.5841186703491,0.));
#12365=CARTESIAN_POINT('Ctrl Pts',(22.1082003337195,17.6107768169883,0.));
#12366=CARTESIAN_POINT('Ctrl Pts',(22.3670942973755,17.0533605954957,0.));
#12367=CARTESIAN_POINT('Ctrl Pts',(21.2355221936264,17.2845803655925,0.));
#12368=CARTESIAN_POINT('Ctrl Pts',(21.0963213577082,15.3273746508428,0.));
#12369=CARTESIAN_POINT('Ctrl Pts',(23.0007500303809,14.8549526855711,0.));
#12370=CARTESIAN_POINT('Ctrl Pts',(23.1305219717532,16.0025925468948,0.));
#12371=CARTESIAN_POINT('Ctrl Pts',(23.5806536669816,15.5841186703489,0.));
#12372=CARTESIAN_POINT('',(23.8279167367017,15.2033669324417,0.));
#12373=CARTESIAN_POINT('Origin',(0.,0.,0.));
#12374=CARTESIAN_POINT('',(25.0804603549016,13.0338977470233,0.));
#12375=CARTESIAN_POINT('Ctrl Pts',(23.8279167367017,15.2033669324417,0.));
#12376=CARTESIAN_POINT('Ctrl Pts',(24.0271265911031,14.6219425071637,0.));
#12377=CARTESIAN_POINT('Ctrl Pts',(22.925922404982,14.9701771242483,0.));
#12378=CARTESIAN_POINT('Ctrl Pts',(22.5829004201463,13.038243636654,0.));
#12379=CARTESIAN_POINT('Ctrl Pts',(24.4275148912427,12.369342645781,0.));
#12380=CARTESIAN_POINT('Ctrl Pts',(24.6765369594308,13.497130754258,0.));
#12381=CARTESIAN_POINT('Ctrl Pts',(25.0804603549017,13.0338977470231,0.));
#12382=CARTESIAN_POINT('',(25.2865694976043,12.6293857782742,0.));
#12383=CARTESIAN_POINT('Origin',(0.,0.,0.));
#12384=CARTESIAN_POINT('',(26.3054802707496,10.3408747124628,0.));
#12385=CARTESIAN_POINT('Ctrl Pts',(25.2865694976043,12.6293857782742,0.));
#12386=CARTESIAN_POINT('Ctrl Pts',(25.4239126578991,12.030323356885,0.));
#12387=CARTESIAN_POINT('Ctrl Pts',(24.3651414129109,12.49175748962,0.));
#12388=CARTESIAN_POINT('Ctrl Pts',(23.8220564998056,10.6062628967541,0.));
#12389=CARTESIAN_POINT('Ctrl Pts',(25.58664678717,9.74821149951244,0.));
#12390=CARTESIAN_POINT('Ctrl Pts',(25.9521906442836,10.8437915726213,0.));
#12391=CARTESIAN_POINT('Ctrl Pts',(26.3054802707497,10.3408747124626,0.));
#12392=CARTESIAN_POINT('',(26.4681773115364,9.91703443065111,0.));
#12393=CARTESIAN_POINT('Origin',(0.,0.,0.));
#12394=CARTESIAN_POINT('',(27.2422918399757,7.53455489058529,0.));
#12395=CARTESIAN_POINT('Ctrl Pts',(26.4681773115364,9.91703443065111,0.));
#12396=CARTESIAN_POINT('Ctrl Pts',(26.5421490173194,9.30689746640122,0.));
#12397=CARTESIAN_POINT('Ctrl Pts',(25.5374108327863,9.87647554586706,0.));
#12398=CARTESIAN_POINT('Ctrl Pts',(24.8002131433672,8.0580777210542,0.));
#12399=CARTESIAN_POINT('Ctrl Pts',(26.4654460265469,7.0202769081108,0.));
#12400=CARTESIAN_POINT('Ctrl Pts',(26.9435066975925,8.07164554130574,0.));
#12401=CARTESIAN_POINT('Ctrl Pts',(27.2422918399757,7.53455489058508,0.));
#12402=CARTESIAN_POINT('',(27.3597942360211,7.09602997853289,0.));
#12403=CARTESIAN_POINT('Origin',(0.,0.,0.));
#12404=CARTESIAN_POINT('',(27.8806311589869,4.64568490861956,0.));
#12405=CARTESIAN_POINT('Ctrl Pts',(27.3597942360211,7.09602997853289,0.));
#12406=CARTESIAN_POINT('Ctrl Pts',(27.3695840378041,6.48150325968206,0.));
#12407=CARTESIAN_POINT('Ctrl Pts',(26.429887035531,7.15298486924821,0.));
#12408=CARTESIAN_POINT('Ctrl Pts',(25.5066534619518,5.42160655958123,0.));
#12409=CARTESIAN_POINT('Ctrl Pts',(27.0542843010064,4.21542669381648,0.));
#12410=CARTESIAN_POINT('Ctrl Pts',(27.6396240532314,5.21106487233916,0.));
#12411=CARTESIAN_POINT('Ctrl Pts',(27.880631158987,4.64568490861935,0.));
#12412=CARTESIAN_POINT('',(27.9516515294509,4.19727993703014,0.));
#12413=CARTESIAN_POINT('Origin',(0.,0.,0.));
#12414=CARTESIAN_POINT('',(28.2135044486232,1.70591583062296,0.));
#12415=CARTESIAN_POINT('Ctrl Pts',(27.9516515294509,4.19727993703014,0.));
#12416=CARTESIAN_POINT('Ctrl Pts',(27.8971521681171,3.58509634690809,0.));
#12417=CARTESIAN_POINT('Ctrl Pts',(27.0327918651049,4.35112459354359,0.));
#12418=CARTESIAN_POINT('Ctrl Pts',(25.9336375475969,2.7257351420974,0.));
#12419=CARTESIAN_POINT('Ctrl Pts',(27.3467101751911,1.36439138252999,0.));
#12420=CARTESIAN_POINT('Ctrl Pts',(28.0329159037798,2.29339068614584,0.));
#12421=CARTESIAN_POINT('Ctrl Pts',(28.2135044486232,1.70591583062274,0.));
#12422=CARTESIAN_POINT('',(28.2372646794649,1.2525436182,0.));
#12423=CARTESIAN_POINT('Origin',(0.,0.,0.));
#12424=CARTESIAN_POINT('',(28.2372646794649,-1.25254361819979,0.));
#12425=CARTESIAN_POINT('Ctrl Pts',(28.2372646794649,1.25254361819999,0.));
#12426=CARTESIAN_POINT('Ctrl Pts',(28.1190732614217,0.649410368327747,0.));
#12427=CARTESIAN_POINT('Ctrl Pts',(27.3395197700294,1.50159248626075,0.));
#12428=CARTESIAN_POINT('Ctrl Pts',(26.076487273308,-4.7901730008395E-15,
0.));
#12429=CARTESIAN_POINT('Ctrl Pts',(27.3395197700294,-1.50159248626076,0.));
#12430=CARTESIAN_POINT('Ctrl Pts',(28.1190732614217,-0.649410368327758,
0.));
#12431=CARTESIAN_POINT('Ctrl Pts',(28.2372646794649,-1.25254361820001,0.));
#12432=CARTESIAN_POINT('',(28.2135044486232,-1.70591583062278,0.));
#12433=CARTESIAN_POINT('Origin',(0.,0.,0.));
#12434=CARTESIAN_POINT('',(27.9516515294509,-4.19727993702996,0.));
#12435=CARTESIAN_POINT('Ctrl Pts',(28.2135044486232,-1.70591583062278,0.));
#12436=CARTESIAN_POINT('Ctrl Pts',(28.0329159037798,-2.29339068614587,0.));
#12437=CARTESIAN_POINT('Ctrl Pts',(27.3467101751911,-1.36439138253002,0.));
#12438=CARTESIAN_POINT('Ctrl Pts',(25.9336375475969,-2.72573514209743,0.));
#12439=CARTESIAN_POINT('Ctrl Pts',(27.0327918651049,-4.35112459354362,0.));
#12440=CARTESIAN_POINT('Ctrl Pts',(27.8971521681171,-3.58509634690812,0.));
#12441=CARTESIAN_POINT('Ctrl Pts',(27.9516515294509,-4.19727993703018,0.));
#12442=CARTESIAN_POINT('Origin',(0.,0.,0.));
#12443=CARTESIAN_POINT('Origin',(0.,0.,0.));
#12444=CARTESIAN_POINT('',(-29.,-3.55147571752733E-15,-2.));
#12445=CARTESIAN_POINT('Origin',(0.,0.,-2.));
#12446=CARTESIAN_POINT('',(-29.,3.55147571752733E-15,0.));
#12447=CARTESIAN_POINT('Origin',(0.,0.,-2.));
#12448=CARTESIAN_POINT('Ctrl Pts',(-7.53455489058508,27.2422918399757,0.));
#12449=CARTESIAN_POINT('Ctrl Pts',(-7.53455489058508,27.2422918399757,6.5));
#12450=CARTESIAN_POINT('Ctrl Pts',(-8.07164554130574,26.9435066975925,0.));
#12451=CARTESIAN_POINT('Ctrl Pts',(-8.07164554130574,26.9435066975925,6.5));
#12452=CARTESIAN_POINT('Ctrl Pts',(-7.02027690811081,26.4654460265469,0.));
#12453=CARTESIAN_POINT('Ctrl Pts',(-7.02027690811081,26.4654460265469,6.5));
#12454=CARTESIAN_POINT('Ctrl Pts',(-8.05807772105421,24.8002131433672,0.));
#12455=CARTESIAN_POINT('Ctrl Pts',(-8.05807772105421,24.8002131433672,6.5));
#12456=CARTESIAN_POINT('Ctrl Pts',(-9.87647554586706,25.5374108327863,0.));
#12457=CARTESIAN_POINT('Ctrl Pts',(-9.87647554586706,25.5374108327863,6.5));
#12458=CARTESIAN_POINT('Ctrl Pts',(-9.30689746640123,26.5421490173194,0.));
#12459=CARTESIAN_POINT('Ctrl Pts',(-9.30689746640123,26.5421490173194,6.5));
#12460=CARTESIAN_POINT('Ctrl Pts',(-9.91703443065112,26.4681773115364,0.));
#12461=CARTESIAN_POINT('Ctrl Pts',(-9.91703443065112,26.4681773115364,6.5));
#12462=CARTESIAN_POINT('',(-9.91703443065112,26.4681773115364,0.));
#12463=CARTESIAN_POINT('',(-7.53455489058529,27.2422918399757,0.));
#12464=CARTESIAN_POINT('Ctrl Pts',(-19.825239345436,-20.1462618614428,0.));
#12465=CARTESIAN_POINT('Ctrl Pts',(-19.825239345436,-20.1462618614428,6.5));
#12466=CARTESIAN_POINT('Ctrl Pts',(-19.2979384964984,-20.4620034379104,
0.));
#12467=CARTESIAN_POINT('Ctrl Pts',(-19.2979384964984,-20.4620034379104,
6.5));
#12468=CARTESIAN_POINT('Ctrl Pts',(-19.4096101274202,-19.3124611572987,
0.));
#12469=CARTESIAN_POINT('Ctrl Pts',(-19.4096101274202,-19.3124611572987,
6.5));
#12470=CARTESIAN_POINT('Ctrl Pts',(-17.4485757408976,-19.378606583786,0.));
#12471=CARTESIAN_POINT('Ctrl Pts',(-17.4485757408976,-19.378606583786,6.5));
#12472=CARTESIAN_POINT('Ctrl Pts',(-17.1778087551393,-21.3219841389698,
0.));
#12473=CARTESIAN_POINT('Ctrl Pts',(-17.1778087551393,-21.3219841389698,
6.5));
#12474=CARTESIAN_POINT('Ctrl Pts',(-18.3327265868301,-21.3310841449802,
0.));
#12475=CARTESIAN_POINT('Ctrl Pts',(-18.3327265868301,-21.3310841449802,
6.5));
#12476=CARTESIAN_POINT('Ctrl Pts',(-17.9635967283359,-21.822492402917,0.));
#12477=CARTESIAN_POINT('Ctrl Pts',(-17.9635967283359,-21.822492402917,6.5));
#12478=CARTESIAN_POINT('',(-17.9635967283359,-21.822492402917,0.));
#12479=CARTESIAN_POINT('',(-19.8252393454358,-20.146261861443,0.));
#12480=CARTESIAN_POINT('Ctrl Pts',(-28.2372646794649,1.2525436182,0.));
#12481=CARTESIAN_POINT('Ctrl Pts',(-28.2372646794649,1.2525436182,6.5));
#12482=CARTESIAN_POINT('Ctrl Pts',(-28.1190732614217,0.649410368327754,
0.));
#12483=CARTESIAN_POINT('Ctrl Pts',(-28.1190732614217,0.649410368327754,
6.5));
#12484=CARTESIAN_POINT('Ctrl Pts',(-27.3395197700294,1.50159248626075,0.));
#12485=CARTESIAN_POINT('Ctrl Pts',(-27.3395197700294,1.50159248626075,6.5));
#12486=CARTESIAN_POINT('Ctrl Pts',(-26.076487273308,1.59672433361317E-15,
0.));
#12487=CARTESIAN_POINT('Ctrl Pts',(-26.076487273308,1.59672433361317E-15,
6.5));
#12488=CARTESIAN_POINT('Ctrl Pts',(-27.3395197700294,-1.50159248626075,
0.));
#12489=CARTESIAN_POINT('Ctrl Pts',(-27.3395197700294,-1.50159248626075,
6.5));
#12490=CARTESIAN_POINT('Ctrl Pts',(-28.1190732614217,-0.649410368327751,
0.));
#12491=CARTESIAN_POINT('Ctrl Pts',(-28.1190732614217,-0.649410368327751,
6.5));
#12492=CARTESIAN_POINT('Ctrl Pts',(-28.2372646794649,-1.2525436182,0.));
#12493=CARTESIAN_POINT('Ctrl Pts',(-28.2372646794649,-1.2525436182,6.5));
#12494=CARTESIAN_POINT('',(-28.2372646794649,-1.2525436182,0.));
#12495=CARTESIAN_POINT('',(-28.2372646794649,1.25254361819978,0.));
#12496=CARTESIAN_POINT('Ctrl Pts',(-10.3408747124626,26.3054802707497,0.));
#12497=CARTESIAN_POINT('Ctrl Pts',(-10.3408747124626,26.3054802707497,6.5));
#12498=CARTESIAN_POINT('Ctrl Pts',(-10.8437915726213,25.9521906442836,0.));
#12499=CARTESIAN_POINT('Ctrl Pts',(-10.8437915726213,25.9521906442836,6.5));
#12500=CARTESIAN_POINT('Ctrl Pts',(-9.74821149951245,25.58664678717,0.));
#12501=CARTESIAN_POINT('Ctrl Pts',(-9.74821149951245,25.58664678717,6.5));
#12502=CARTESIAN_POINT('Ctrl Pts',(-10.6062628967541,23.8220564998056,0.));
#12503=CARTESIAN_POINT('Ctrl Pts',(-10.6062628967541,23.8220564998056,6.5));
#12504=CARTESIAN_POINT('Ctrl Pts',(-12.49175748962,24.3651414129109,0.));
#12505=CARTESIAN_POINT('Ctrl Pts',(-12.49175748962,24.3651414129109,6.5));
#12506=CARTESIAN_POINT('Ctrl Pts',(-12.030323356885,25.4239126578991,0.));
#12507=CARTESIAN_POINT('Ctrl Pts',(-12.030323356885,25.4239126578991,6.5));
#12508=CARTESIAN_POINT('Ctrl Pts',(-12.6293857782742,25.2865694976043,0.));
#12509=CARTESIAN_POINT('Ctrl Pts',(-12.6293857782742,25.2865694976043,6.5));
#12510=CARTESIAN_POINT('',(-12.6293857782742,25.2865694976043,0.));
#12511=CARTESIAN_POINT('',(-10.3408747124628,26.3054802707496,0.));
#12512=CARTESIAN_POINT('Origin',(0.,0.,0.));
#12513=CARTESIAN_POINT('Ctrl Pts',(-17.9635967283358,21.822492402917,0.));
#12514=CARTESIAN_POINT('Ctrl Pts',(-17.9635967283358,21.822492402917,6.5));
#12515=CARTESIAN_POINT('Ctrl Pts',(-18.3327265868301,21.3310841449802,0.));
#12516=CARTESIAN_POINT('Ctrl Pts',(-18.3327265868301,21.3310841449802,6.5));
#12517=CARTESIAN_POINT('Ctrl Pts',(-17.1778087551393,21.3219841389698,0.));
#12518=CARTESIAN_POINT('Ctrl Pts',(-17.1778087551393,21.3219841389698,6.5));
#12519=CARTESIAN_POINT('Ctrl Pts',(-17.4485757408976,19.378606583786,0.));
#12520=CARTESIAN_POINT('Ctrl Pts',(-17.4485757408976,19.378606583786,6.5));
#12521=CARTESIAN_POINT('Ctrl Pts',(-19.4096101274202,19.3124611572987,0.));
#12522=CARTESIAN_POINT('Ctrl Pts',(-19.4096101274202,19.3124611572987,6.5));
#12523=CARTESIAN_POINT('Ctrl Pts',(-19.2979384964984,20.4620034379104,0.));
#12524=CARTESIAN_POINT('Ctrl Pts',(-19.2979384964984,20.4620034379104,6.5));
#12525=CARTESIAN_POINT('Ctrl Pts',(-19.825239345436,20.1462618614428,0.));
#12526=CARTESIAN_POINT('Ctrl Pts',(-19.825239345436,20.1462618614428,6.5));
#12527=CARTESIAN_POINT('',(-19.825239345436,20.1462618614428,0.));
#12528=CARTESIAN_POINT('',(-17.963596728336,21.8224924029169,0.));
#12529=CARTESIAN_POINT('Ctrl Pts',(-26.4681773115364,9.91703443065112,0.));
#12530=CARTESIAN_POINT('Ctrl Pts',(-26.4681773115364,9.91703443065112,6.5));
#12531=CARTESIAN_POINT('Ctrl Pts',(-26.5421490173194,9.30689746640123,0.));
#12532=CARTESIAN_POINT('Ctrl Pts',(-26.5421490173194,9.30689746640123,6.5));
#12533=CARTESIAN_POINT('Ctrl Pts',(-25.5374108327863,9.87647554586706,0.));
#12534=CARTESIAN_POINT('Ctrl Pts',(-25.5374108327863,9.87647554586706,6.5));
#12535=CARTESIAN_POINT('Ctrl Pts',(-24.8002131433672,8.05807772105421,0.));
#12536=CARTESIAN_POINT('Ctrl Pts',(-24.8002131433672,8.05807772105421,6.5));
#12537=CARTESIAN_POINT('Ctrl Pts',(-26.4654460265469,7.02027690811081,0.));
#12538=CARTESIAN_POINT('Ctrl Pts',(-26.4654460265469,7.02027690811081,6.5));
#12539=CARTESIAN_POINT('Ctrl Pts',(-26.9435066975925,8.07164554130574,0.));
#12540=CARTESIAN_POINT('Ctrl Pts',(-26.9435066975925,8.07164554130574,6.5));
#12541=CARTESIAN_POINT('Ctrl Pts',(-27.2422918399757,7.53455489058508,0.));
#12542=CARTESIAN_POINT('Ctrl Pts',(-27.2422918399757,7.53455489058508,6.5));
#12543=CARTESIAN_POINT('',(-27.2422918399757,7.53455489058508,0.));
#12544=CARTESIAN_POINT('',(-26.4681773115365,9.91703443065092,0.));
#12545=CARTESIAN_POINT('Ctrl Pts',(-23.8279167367016,15.2033669324417,0.));
#12546=CARTESIAN_POINT('Ctrl Pts',(-23.8279167367016,15.2033669324417,6.5));
#12547=CARTESIAN_POINT('Ctrl Pts',(-24.0271265911031,14.6219425071637,0.));
#12548=CARTESIAN_POINT('Ctrl Pts',(-24.0271265911031,14.6219425071637,6.5));
#12549=CARTESIAN_POINT('Ctrl Pts',(-22.925922404982,14.9701771242483,0.));
#12550=CARTESIAN_POINT('Ctrl Pts',(-22.925922404982,14.9701771242483,6.5));
#12551=CARTESIAN_POINT('Ctrl Pts',(-22.5829004201463,13.038243636654,0.));
#12552=CARTESIAN_POINT('Ctrl Pts',(-22.5829004201463,13.038243636654,6.5));
#12553=CARTESIAN_POINT('Ctrl Pts',(-24.4275148912427,12.369342645781,0.));
#12554=CARTESIAN_POINT('Ctrl Pts',(-24.4275148912427,12.369342645781,6.5));
#12555=CARTESIAN_POINT('Ctrl Pts',(-24.6765369594308,13.497130754258,0.));
#12556=CARTESIAN_POINT('Ctrl Pts',(-24.6765369594308,13.497130754258,6.5));
#12557=CARTESIAN_POINT('Ctrl Pts',(-25.0804603549016,13.0338977470232,0.));
#12558=CARTESIAN_POINT('Ctrl Pts',(-25.0804603549016,13.0338977470232,6.5));
#12559=CARTESIAN_POINT('',(-25.0804603549016,13.0338977470232,0.));
#12560=CARTESIAN_POINT('',(-23.8279167367018,15.2033669324415,0.));
#12561=CARTESIAN_POINT('Origin',(0.,0.,0.));
#12562=CARTESIAN_POINT('',(-23.5806536669816,15.5841186703489,0.));
#12563=CARTESIAN_POINT('Ctrl Pts',(-22.1082003337195,17.6107768169883,0.));
#12564=CARTESIAN_POINT('Ctrl Pts',(-22.1082003337195,17.6107768169883,6.5));
#12565=CARTESIAN_POINT('Ctrl Pts',(-22.3670942973755,17.0533605954957,0.));
#12566=CARTESIAN_POINT('Ctrl Pts',(-22.3670942973755,17.0533605954957,6.5));
#12567=CARTESIAN_POINT('Ctrl Pts',(-21.2355221936264,17.2845803655925,0.));
#12568=CARTESIAN_POINT('Ctrl Pts',(-21.2355221936264,17.2845803655925,6.5));
#12569=CARTESIAN_POINT('Ctrl Pts',(-21.0963213577082,15.3273746508428,0.));
#12570=CARTESIAN_POINT('Ctrl Pts',(-21.0963213577082,15.3273746508428,6.5));
#12571=CARTESIAN_POINT('Ctrl Pts',(-23.0007500303809,14.8549526855711,0.));
#12572=CARTESIAN_POINT('Ctrl Pts',(-23.0007500303809,14.8549526855711,6.5));
#12573=CARTESIAN_POINT('Ctrl Pts',(-23.1305219717532,16.0025925468948,0.));
#12574=CARTESIAN_POINT('Ctrl Pts',(-23.1305219717532,16.0025925468948,6.5));
#12575=CARTESIAN_POINT('Ctrl Pts',(-23.5806536669816,15.5841186703489,0.));
#12576=CARTESIAN_POINT('Ctrl Pts',(-23.5806536669816,15.5841186703489,6.5));
#12577=CARTESIAN_POINT('',(-22.1082003337197,17.6107768169881,0.));
#12578=CARTESIAN_POINT('Origin',(0.,0.,0.));
#12579=CARTESIAN_POINT('',(-21.822492402917,17.9635967283358,0.));
#12580=CARTESIAN_POINT('Ctrl Pts',(-20.1462618614428,19.825239345436,0.));
#12581=CARTESIAN_POINT('Ctrl Pts',(-20.1462618614428,19.825239345436,6.5));
#12582=CARTESIAN_POINT('Ctrl Pts',(-20.4620034379104,19.2979384964984,0.));
#12583=CARTESIAN_POINT('Ctrl Pts',(-20.4620034379104,19.2979384964984,6.5));
#12584=CARTESIAN_POINT('Ctrl Pts',(-19.3124611572987,19.4096101274202,0.));
#12585=CARTESIAN_POINT('Ctrl Pts',(-19.3124611572987,19.4096101274202,6.5));
#12586=CARTESIAN_POINT('Ctrl Pts',(-19.378606583786,17.4485757408976,0.));
#12587=CARTESIAN_POINT('Ctrl Pts',(-19.378606583786,17.4485757408976,6.5));
#12588=CARTESIAN_POINT('Ctrl Pts',(-21.3219841389698,17.1778087551393,0.));
#12589=CARTESIAN_POINT('Ctrl Pts',(-21.3219841389698,17.1778087551393,6.5));
#12590=CARTESIAN_POINT('Ctrl Pts',(-21.3310841449802,18.3327265868301,0.));
#12591=CARTESIAN_POINT('Ctrl Pts',(-21.3310841449802,18.3327265868301,6.5));
#12592=CARTESIAN_POINT('Ctrl Pts',(-21.822492402917,17.9635967283358,0.));
#12593=CARTESIAN_POINT('Ctrl Pts',(-21.822492402917,17.9635967283358,6.5));
#12594=CARTESIAN_POINT('',(-20.146261861443,19.8252393454358,0.));
#12595=CARTESIAN_POINT('Origin',(0.,0.,0.));
#12596=CARTESIAN_POINT('Origin',(0.,0.,0.));
#12597=CARTESIAN_POINT('',(-26.3054802707497,10.3408747124626,0.));
#12598=CARTESIAN_POINT('Ctrl Pts',(-25.2865694976043,12.6293857782743,0.));
#12599=CARTESIAN_POINT('Ctrl Pts',(-25.2865694976043,12.6293857782743,6.5));
#12600=CARTESIAN_POINT('Ctrl Pts',(-25.4239126578991,12.030323356885,0.));
#12601=CARTESIAN_POINT('Ctrl Pts',(-25.4239126578991,12.030323356885,6.5));
#12602=CARTESIAN_POINT('Ctrl Pts',(-24.3651414129109,12.49175748962,0.));
#12603=CARTESIAN_POINT('Ctrl Pts',(-24.3651414129109,12.49175748962,6.5));
#12604=CARTESIAN_POINT('Ctrl Pts',(-23.8220564998056,10.6062628967541,0.));
#12605=CARTESIAN_POINT('Ctrl Pts',(-23.8220564998056,10.6062628967541,6.5));
#12606=CARTESIAN_POINT('Ctrl Pts',(-25.58664678717,9.74821149951246,0.));
#12607=CARTESIAN_POINT('Ctrl Pts',(-25.58664678717,9.74821149951246,6.5));
#12608=CARTESIAN_POINT('Ctrl Pts',(-25.9521906442836,10.8437915726213,0.));
#12609=CARTESIAN_POINT('Ctrl Pts',(-25.9521906442836,10.8437915726213,6.5));
#12610=CARTESIAN_POINT('Ctrl Pts',(-26.3054802707497,10.3408747124626,0.));
#12611=CARTESIAN_POINT('Ctrl Pts',(-26.3054802707497,10.3408747124626,6.5));
#12612=CARTESIAN_POINT('',(-25.2865694976044,12.6293857782741,0.));
#12613=CARTESIAN_POINT('Origin',(0.,0.,0.));
#12614=CARTESIAN_POINT('Origin',(0.,0.,0.));
#12615=CARTESIAN_POINT('',(-28.2135044486232,1.70591583062276,0.));
#12616=CARTESIAN_POINT('Ctrl Pts',(-27.9516515294509,4.19727993703016,0.));
#12617=CARTESIAN_POINT('Ctrl Pts',(-27.9516515294509,4.19727993703016,6.5));
#12618=CARTESIAN_POINT('Ctrl Pts',(-27.8971521681171,3.58509634690811,0.));
#12619=CARTESIAN_POINT('Ctrl Pts',(-27.8971521681171,3.58509634690811,6.5));
#12620=CARTESIAN_POINT('Ctrl Pts',(-27.0327918651049,4.35112459354361,0.));
#12621=CARTESIAN_POINT('Ctrl Pts',(-27.0327918651049,4.35112459354361,6.5));
#12622=CARTESIAN_POINT('Ctrl Pts',(-25.9336375475969,2.72573514209741,0.));
#12623=CARTESIAN_POINT('Ctrl Pts',(-25.9336375475969,2.72573514209741,6.5));
#12624=CARTESIAN_POINT('Ctrl Pts',(-27.3467101751911,1.36439138253001,0.));
#12625=CARTESIAN_POINT('Ctrl Pts',(-27.3467101751911,1.36439138253001,6.5));
#12626=CARTESIAN_POINT('Ctrl Pts',(-28.0329159037798,2.29339068614586,0.));
#12627=CARTESIAN_POINT('Ctrl Pts',(-28.0329159037798,2.29339068614586,6.5));
#12628=CARTESIAN_POINT('Ctrl Pts',(-28.2135044486232,1.70591583062276,0.));
#12629=CARTESIAN_POINT('Ctrl Pts',(-28.2135044486232,1.70591583062276,6.5));
#12630=CARTESIAN_POINT('',(-27.9516515294509,4.19727993702994,0.));
#12631=CARTESIAN_POINT('Origin',(0.,0.,0.));
#12632=CARTESIAN_POINT('',(-27.880631158987,4.64568490861937,0.));
#12633=CARTESIAN_POINT('Ctrl Pts',(-27.3597942360211,7.09602997853291,0.));
#12634=CARTESIAN_POINT('Ctrl Pts',(-27.3597942360211,7.09602997853291,6.5));
#12635=CARTESIAN_POINT('Ctrl Pts',(-27.3695840378041,6.48150325968209,0.));
#12636=CARTESIAN_POINT('Ctrl Pts',(-27.3695840378041,6.48150325968209,6.5));
#12637=CARTESIAN_POINT('Ctrl Pts',(-26.429887035531,7.15298486924824,0.));
#12638=CARTESIAN_POINT('Ctrl Pts',(-26.429887035531,7.15298486924824,6.5));
#12639=CARTESIAN_POINT('Ctrl Pts',(-25.5066534619518,5.42160655958125,0.));
#12640=CARTESIAN_POINT('Ctrl Pts',(-25.5066534619518,5.42160655958125,6.5));
#12641=CARTESIAN_POINT('Ctrl Pts',(-27.0542843010064,4.21542669381651,0.));
#12642=CARTESIAN_POINT('Ctrl Pts',(-27.0542843010064,4.21542669381651,6.5));
#12643=CARTESIAN_POINT('Ctrl Pts',(-27.6396240532314,5.21106487233919,0.));
#12644=CARTESIAN_POINT('Ctrl Pts',(-27.6396240532314,5.21106487233919,6.5));
#12645=CARTESIAN_POINT('Ctrl Pts',(-27.880631158987,4.64568490861937,0.));
#12646=CARTESIAN_POINT('Ctrl Pts',(-27.880631158987,4.64568490861937,6.5));
#12647=CARTESIAN_POINT('',(-27.3597942360211,7.0960299785327,0.));
#12648=CARTESIAN_POINT('Origin',(0.,0.,0.));
#12649=CARTESIAN_POINT('Ctrl Pts',(-13.0338977470232,25.0804603549016,0.));
#12650=CARTESIAN_POINT('Ctrl Pts',(-13.0338977470232,25.0804603549016,6.5));
#12651=CARTESIAN_POINT('Ctrl Pts',(-13.497130754258,24.6765369594308,0.));
#12652=CARTESIAN_POINT('Ctrl Pts',(-13.497130754258,24.6765369594308,6.5));
#12653=CARTESIAN_POINT('Ctrl Pts',(-12.369342645781,24.4275148912427,0.));
#12654=CARTESIAN_POINT('Ctrl Pts',(-12.369342645781,24.4275148912427,6.5));
#12655=CARTESIAN_POINT('Ctrl Pts',(-13.038243636654,22.5829004201463,0.));
#12656=CARTESIAN_POINT('Ctrl Pts',(-13.038243636654,22.5829004201463,6.5));
#12657=CARTESIAN_POINT('Ctrl Pts',(-14.9701771242483,22.925922404982,0.));
#12658=CARTESIAN_POINT('Ctrl Pts',(-14.9701771242483,22.925922404982,6.5));
#12659=CARTESIAN_POINT('Ctrl Pts',(-14.6219425071637,24.0271265911031,0.));
#12660=CARTESIAN_POINT('Ctrl Pts',(-14.6219425071637,24.0271265911031,6.5));
#12661=CARTESIAN_POINT('Ctrl Pts',(-15.2033669324417,23.8279167367016,0.));
#12662=CARTESIAN_POINT('Ctrl Pts',(-15.2033669324417,23.8279167367016,6.5));
#12663=CARTESIAN_POINT('',(-15.2033669324417,23.8279167367016,0.));
#12664=CARTESIAN_POINT('',(-13.0338977470234,25.0804603549015,0.));
#12665=CARTESIAN_POINT('Origin',(0.,0.,0.));
#12666=CARTESIAN_POINT('Origin',(0.,0.,0.));
#12667=CARTESIAN_POINT('',(-17.6107768169883,22.1082003337195,0.));
#12668=CARTESIAN_POINT('Ctrl Pts',(-15.5841186703489,23.5806536669816,0.));
#12669=CARTESIAN_POINT('Ctrl Pts',(-15.5841186703489,23.5806536669816,6.5));
#12670=CARTESIAN_POINT('Ctrl Pts',(-16.0025925468948,23.1305219717532,0.));
#12671=CARTESIAN_POINT('Ctrl Pts',(-16.0025925468948,23.1305219717532,6.5));
#12672=CARTESIAN_POINT('Ctrl Pts',(-14.8549526855711,23.0007500303809,0.));
#12673=CARTESIAN_POINT('Ctrl Pts',(-14.8549526855711,23.0007500303809,6.5));
#12674=CARTESIAN_POINT('Ctrl Pts',(-15.3273746508428,21.0963213577082,0.));
#12675=CARTESIAN_POINT('Ctrl Pts',(-15.3273746508428,21.0963213577082,6.5));
#12676=CARTESIAN_POINT('Ctrl Pts',(-17.2845803655925,21.2355221936264,0.));
#12677=CARTESIAN_POINT('Ctrl Pts',(-17.2845803655925,21.2355221936264,6.5));
#12678=CARTESIAN_POINT('Ctrl Pts',(-17.0533605954957,22.3670942973755,0.));
#12679=CARTESIAN_POINT('Ctrl Pts',(-17.0533605954957,22.3670942973755,6.5));
#12680=CARTESIAN_POINT('Ctrl Pts',(-17.6107768169883,22.1082003337195,0.));
#12681=CARTESIAN_POINT('Ctrl Pts',(-17.6107768169883,22.1082003337195,6.5));
#12682=CARTESIAN_POINT('',(-15.5841186703491,23.5806536669814,0.));
#12683=CARTESIAN_POINT('Origin',(0.,0.,0.));
#12684=CARTESIAN_POINT('Ctrl Pts',(-28.2135044486232,-1.70591583062275,
0.));
#12685=CARTESIAN_POINT('Ctrl Pts',(-28.2135044486232,-1.70591583062275,
6.5));
#12686=CARTESIAN_POINT('Ctrl Pts',(-28.0329159037798,-2.29339068614585,
0.));
#12687=CARTESIAN_POINT('Ctrl Pts',(-28.0329159037798,-2.29339068614585,
6.5));
#12688=CARTESIAN_POINT('Ctrl Pts',(-27.3467101751911,-1.36439138253,0.));
#12689=CARTESIAN_POINT('Ctrl Pts',(-27.3467101751911,-1.36439138253,6.5));
#12690=CARTESIAN_POINT('Ctrl Pts',(-25.9336375475969,-2.7257351420974,0.));
#12691=CARTESIAN_POINT('Ctrl Pts',(-25.9336375475969,-2.7257351420974,6.5));
#12692=CARTESIAN_POINT('Ctrl Pts',(-27.0327918651049,-4.3511245935436,0.));
#12693=CARTESIAN_POINT('Ctrl Pts',(-27.0327918651049,-4.3511245935436,6.5));
#12694=CARTESIAN_POINT('Ctrl Pts',(-27.8971521681171,-3.5850963469081,0.));
#12695=CARTESIAN_POINT('Ctrl Pts',(-27.8971521681171,-3.5850963469081,6.5));
#12696=CARTESIAN_POINT('Ctrl Pts',(-27.9516515294509,-4.19727993703015,
0.));
#12697=CARTESIAN_POINT('Ctrl Pts',(-27.9516515294509,-4.19727993703015,
6.5));
#12698=CARTESIAN_POINT('',(-27.9516515294509,-4.19727993703015,0.));
#12699=CARTESIAN_POINT('',(-28.2135044486232,-1.70591583062297,0.));
#12700=CARTESIAN_POINT('Origin',(0.,0.,0.));
#12701=CARTESIAN_POINT('Ctrl Pts',(-27.2422918399757,-7.53455489058508,
0.));
#12702=CARTESIAN_POINT('Ctrl Pts',(-27.2422918399757,-7.53455489058508,
6.5));
#12703=CARTESIAN_POINT('Ctrl Pts',(-26.9435066975925,-8.07164554130574,
0.));
#12704=CARTESIAN_POINT('Ctrl Pts',(-26.9435066975925,-8.07164554130574,
6.5));
#12705=CARTESIAN_POINT('Ctrl Pts',(-26.4654460265469,-7.0202769081108,0.));
#12706=CARTESIAN_POINT('Ctrl Pts',(-26.4654460265469,-7.0202769081108,6.5));
#12707=CARTESIAN_POINT('Ctrl Pts',(-24.8002131433672,-8.0580777210542,0.));
#12708=CARTESIAN_POINT('Ctrl Pts',(-24.8002131433672,-8.0580777210542,6.5));
#12709=CARTESIAN_POINT('Ctrl Pts',(-25.5374108327863,-9.87647554586706,
0.));
#12710=CARTESIAN_POINT('Ctrl Pts',(-25.5374108327863,-9.87647554586706,
6.5));
#12711=CARTESIAN_POINT('Ctrl Pts',(-26.5421490173194,-9.30689746640123,
0.));
#12712=CARTESIAN_POINT('Ctrl Pts',(-26.5421490173194,-9.30689746640123,
6.5));
#12713=CARTESIAN_POINT('Ctrl Pts',(-26.4681773115364,-9.91703443065112,
0.));
#12714=CARTESIAN_POINT('Ctrl Pts',(-26.4681773115364,-9.91703443065112,
6.5));
#12715=CARTESIAN_POINT('',(-26.4681773115364,-9.91703443065112,0.));
#12716=CARTESIAN_POINT('',(-27.2422918399757,-7.53455489058529,0.));
#12717=CARTESIAN_POINT('Origin',(0.,0.,0.));
#12718=CARTESIAN_POINT('',(-27.3597942360211,-7.0960299785329,0.));
#12719=CARTESIAN_POINT('Ctrl Pts',(-27.880631158987,-4.64568490861936,0.));
#12720=CARTESIAN_POINT('Ctrl Pts',(-27.880631158987,-4.64568490861936,6.5));
#12721=CARTESIAN_POINT('Ctrl Pts',(-27.6396240532314,-5.21106487233918,
0.));
#12722=CARTESIAN_POINT('Ctrl Pts',(-27.6396240532314,-5.21106487233918,
6.5));
#12723=CARTESIAN_POINT('Ctrl Pts',(-27.0542843010064,-4.2154266938165,0.));
#12724=CARTESIAN_POINT('Ctrl Pts',(-27.0542843010064,-4.2154266938165,6.5));
#12725=CARTESIAN_POINT('Ctrl Pts',(-25.5066534619518,-5.42160655958124,
0.));
#12726=CARTESIAN_POINT('Ctrl Pts',(-25.5066534619518,-5.42160655958124,
6.5));
#12727=CARTESIAN_POINT('Ctrl Pts',(-26.429887035531,-7.15298486924823,0.));
#12728=CARTESIAN_POINT('Ctrl Pts',(-26.429887035531,-7.15298486924823,6.5));
#12729=CARTESIAN_POINT('Ctrl Pts',(-27.3695840378041,-6.48150325968207,
0.));
#12730=CARTESIAN_POINT('Ctrl Pts',(-27.3695840378041,-6.48150325968207,
6.5));
#12731=CARTESIAN_POINT('Ctrl Pts',(-27.3597942360211,-7.0960299785329,0.));
#12732=CARTESIAN_POINT('Ctrl Pts',(-27.3597942360211,-7.0960299785329,6.5));
#12733=CARTESIAN_POINT('',(-27.8806311589869,-4.64568490861958,0.));
#12734=CARTESIAN_POINT('Origin',(0.,0.,0.));
#12735=CARTESIAN_POINT('Origin',(0.,0.,0.));
#12736=CARTESIAN_POINT('',(-20.1462618614428,-19.825239345436,0.));
#12737=CARTESIAN_POINT('Ctrl Pts',(-21.822492402917,-17.9635967283358,0.));
#12738=CARTESIAN_POINT('Ctrl Pts',(-21.822492402917,-17.9635967283358,6.5));
#12739=CARTESIAN_POINT('Ctrl Pts',(-21.3310841449802,-18.3327265868301,
0.));
#12740=CARTESIAN_POINT('Ctrl Pts',(-21.3310841449802,-18.3327265868301,
6.5));
#12741=CARTESIAN_POINT('Ctrl Pts',(-21.3219841389698,-17.1778087551393,
0.));
#12742=CARTESIAN_POINT('Ctrl Pts',(-21.3219841389698,-17.1778087551393,
6.5));
#12743=CARTESIAN_POINT('Ctrl Pts',(-19.378606583786,-17.4485757408976,0.));
#12744=CARTESIAN_POINT('Ctrl Pts',(-19.378606583786,-17.4485757408976,6.5));
#12745=CARTESIAN_POINT('Ctrl Pts',(-19.3124611572987,-19.4096101274202,
0.));
#12746=CARTESIAN_POINT('Ctrl Pts',(-19.3124611572987,-19.4096101274202,
6.5));
#12747=CARTESIAN_POINT('Ctrl Pts',(-20.4620034379104,-19.2979384964984,
0.));
#12748=CARTESIAN_POINT('Ctrl Pts',(-20.4620034379104,-19.2979384964984,
6.5));
#12749=CARTESIAN_POINT('Ctrl Pts',(-20.1462618614428,-19.825239345436,0.));
#12750=CARTESIAN_POINT('Ctrl Pts',(-20.1462618614428,-19.825239345436,6.5));
#12751=CARTESIAN_POINT('',(-21.8224924029169,-17.963596728336,0.));
#12752=CARTESIAN_POINT('Ctrl Pts',(-25.0804603549016,-13.0338977470232,
0.));
#12753=CARTESIAN_POINT('Ctrl Pts',(-25.0804603549016,-13.0338977470232,
6.5));
#12754=CARTESIAN_POINT('Ctrl Pts',(-24.6765369594308,-13.497130754258,0.));
#12755=CARTESIAN_POINT('Ctrl Pts',(-24.6765369594308,-13.497130754258,6.5));
#12756=CARTESIAN_POINT('Ctrl Pts',(-24.4275148912427,-12.369342645781,0.));
#12757=CARTESIAN_POINT('Ctrl Pts',(-24.4275148912427,-12.369342645781,6.5));
#12758=CARTESIAN_POINT('Ctrl Pts',(-22.5829004201463,-13.038243636654,0.));
#12759=CARTESIAN_POINT('Ctrl Pts',(-22.5829004201463,-13.038243636654,6.5));
#12760=CARTESIAN_POINT('Ctrl Pts',(-22.925922404982,-14.9701771242483,0.));
#12761=CARTESIAN_POINT('Ctrl Pts',(-22.925922404982,-14.9701771242483,6.5));
#12762=CARTESIAN_POINT('Ctrl Pts',(-24.0271265911031,-14.6219425071637,
0.));
#12763=CARTESIAN_POINT('Ctrl Pts',(-24.0271265911031,-14.6219425071637,
6.5));
#12764=CARTESIAN_POINT('Ctrl Pts',(-23.8279167367017,-15.2033669324417,
0.));
#12765=CARTESIAN_POINT('Ctrl Pts',(-23.8279167367017,-15.2033669324417,
6.5));
#12766=CARTESIAN_POINT('',(-23.8279167367017,-15.2033669324417,0.));
#12767=CARTESIAN_POINT('',(-25.0804603549016,-13.0338977470234,0.));
#12768=CARTESIAN_POINT('Origin',(0.,0.,0.));
#12769=CARTESIAN_POINT('',(-22.1082003337195,-17.6107768169883,0.));
#12770=CARTESIAN_POINT('Ctrl Pts',(-23.5806536669816,-15.5841186703489,
0.));
#12771=CARTESIAN_POINT('Ctrl Pts',(-23.5806536669816,-15.5841186703489,
6.5));
#12772=CARTESIAN_POINT('Ctrl Pts',(-23.1305219717532,-16.0025925468948,
0.));
#12773=CARTESIAN_POINT('Ctrl Pts',(-23.1305219717532,-16.0025925468948,
6.5));
#12774=CARTESIAN_POINT('Ctrl Pts',(-23.0007500303809,-14.8549526855711,
0.));
#12775=CARTESIAN_POINT('Ctrl Pts',(-23.0007500303809,-14.8549526855711,
6.5));
#12776=CARTESIAN_POINT('Ctrl Pts',(-21.0963213577082,-15.3273746508428,
0.));
#12777=CARTESIAN_POINT('Ctrl Pts',(-21.0963213577082,-15.3273746508428,
6.5));
#12778=CARTESIAN_POINT('Ctrl Pts',(-21.2355221936264,-17.2845803655925,
0.));
#12779=CARTESIAN_POINT('Ctrl Pts',(-21.2355221936264,-17.2845803655925,
6.5));
#12780=CARTESIAN_POINT('Ctrl Pts',(-22.3670942973755,-17.0533605954957,
0.));
#12781=CARTESIAN_POINT('Ctrl Pts',(-22.3670942973755,-17.0533605954957,
6.5));
#12782=CARTESIAN_POINT('Ctrl Pts',(-22.1082003337195,-17.6107768169883,
0.));
#12783=CARTESIAN_POINT('Ctrl Pts',(-22.1082003337195,-17.6107768169883,
6.5));
#12784=CARTESIAN_POINT('',(-23.5806536669814,-15.5841186703491,0.));
#12785=CARTESIAN_POINT('Origin',(0.,0.,0.));
#12786=CARTESIAN_POINT('Origin',(0.,0.,0.));
#12787=CARTESIAN_POINT('',(-25.2865694976043,-12.6293857782742,0.));
#12788=CARTESIAN_POINT('Ctrl Pts',(-26.3054802707497,-10.3408747124626,
0.));
#12789=CARTESIAN_POINT('Ctrl Pts',(-26.3054802707497,-10.3408747124626,
6.5));
#12790=CARTESIAN_POINT('Ctrl Pts',(-25.9521906442836,-10.8437915726213,
0.));
#12791=CARTESIAN_POINT('Ctrl Pts',(-25.9521906442836,-10.8437915726213,
6.5));
#12792=CARTESIAN_POINT('Ctrl Pts',(-25.58664678717,-9.74821149951245,0.));
#12793=CARTESIAN_POINT('Ctrl Pts',(-25.58664678717,-9.74821149951245,6.5));
#12794=CARTESIAN_POINT('Ctrl Pts',(-23.8220564998056,-10.6062628967541,
0.));
#12795=CARTESIAN_POINT('Ctrl Pts',(-23.8220564998056,-10.6062628967541,
6.5));
#12796=CARTESIAN_POINT('Ctrl Pts',(-24.3651414129109,-12.49175748962,0.));
#12797=CARTESIAN_POINT('Ctrl Pts',(-24.3651414129109,-12.49175748962,6.5));
#12798=CARTESIAN_POINT('Ctrl Pts',(-25.4239126578991,-12.030323356885,0.));
#12799=CARTESIAN_POINT('Ctrl Pts',(-25.4239126578991,-12.030323356885,6.5));
#12800=CARTESIAN_POINT('Ctrl Pts',(-25.2865694976043,-12.6293857782742,
0.));
#12801=CARTESIAN_POINT('Ctrl Pts',(-25.2865694976043,-12.6293857782742,
6.5));
#12802=CARTESIAN_POINT('',(-26.3054802707496,-10.3408747124628,0.));
#12803=CARTESIAN_POINT('Origin',(0.,0.,0.));
#12804=CARTESIAN_POINT('Ctrl Pts',(27.2422918399757,7.53455489058508,0.));
#12805=CARTESIAN_POINT('Ctrl Pts',(27.2422918399757,7.53455489058508,6.5));
#12806=CARTESIAN_POINT('Ctrl Pts',(26.9435066975925,8.07164554130574,0.));
#12807=CARTESIAN_POINT('Ctrl Pts',(26.9435066975925,8.07164554130574,6.5));
#12808=CARTESIAN_POINT('Ctrl Pts',(26.4654460265469,7.0202769081108,0.));
#12809=CARTESIAN_POINT('Ctrl Pts',(26.4654460265469,7.0202769081108,6.5));
#12810=CARTESIAN_POINT('Ctrl Pts',(24.8002131433672,8.0580777210542,0.));
#12811=CARTESIAN_POINT('Ctrl Pts',(24.8002131433672,8.0580777210542,6.5));
#12812=CARTESIAN_POINT('Ctrl Pts',(25.5374108327863,9.87647554586706,0.));
#12813=CARTESIAN_POINT('Ctrl Pts',(25.5374108327863,9.87647554586706,6.5));
#12814=CARTESIAN_POINT('Ctrl Pts',(26.5421490173194,9.30689746640122,0.));
#12815=CARTESIAN_POINT('Ctrl Pts',(26.5421490173194,9.30689746640122,6.5));
#12816=CARTESIAN_POINT('Ctrl Pts',(26.4681773115364,9.91703443065111,0.));
#12817=CARTESIAN_POINT('Ctrl Pts',(26.4681773115364,9.91703443065111,6.5));
#12818=CARTESIAN_POINT('',(26.4681773115364,9.91703443065111,0.));
#12819=CARTESIAN_POINT('',(27.2422918399757,7.53455489058529,0.));
#12820=CARTESIAN_POINT('Ctrl Pts',(-1.70591583062275,28.2135044486232,0.));
#12821=CARTESIAN_POINT('Ctrl Pts',(-1.70591583062275,28.2135044486232,6.5));
#12822=CARTESIAN_POINT('Ctrl Pts',(-2.29339068614585,28.0329159037798,0.));
#12823=CARTESIAN_POINT('Ctrl Pts',(-2.29339068614585,28.0329159037798,6.5));
#12824=CARTESIAN_POINT('Ctrl Pts',(-1.36439138253,27.3467101751911,0.));
#12825=CARTESIAN_POINT('Ctrl Pts',(-1.36439138253,27.3467101751911,6.5));
#12826=CARTESIAN_POINT('Ctrl Pts',(-2.72573514209741,25.9336375475969,0.));
#12827=CARTESIAN_POINT('Ctrl Pts',(-2.72573514209741,25.9336375475969,6.5));
#12828=CARTESIAN_POINT('Ctrl Pts',(-4.3511245935436,27.0327918651049,0.));
#12829=CARTESIAN_POINT('Ctrl Pts',(-4.3511245935436,27.0327918651049,6.5));
#12830=CARTESIAN_POINT('Ctrl Pts',(-3.5850963469081,27.8971521681171,0.));
#12831=CARTESIAN_POINT('Ctrl Pts',(-3.5850963469081,27.8971521681171,6.5));
#12832=CARTESIAN_POINT('Ctrl Pts',(-4.19727993703015,27.9516515294509,0.));
#12833=CARTESIAN_POINT('Ctrl Pts',(-4.19727993703015,27.9516515294509,6.5));
#12834=CARTESIAN_POINT('',(-4.19727993703015,27.9516515294509,0.));
#12835=CARTESIAN_POINT('',(-1.70591583062297,28.2135044486232,0.));
#12836=CARTESIAN_POINT('Ctrl Pts',(19.825239345436,20.1462618614428,0.));
#12837=CARTESIAN_POINT('Ctrl Pts',(19.825239345436,20.1462618614428,6.5));
#12838=CARTESIAN_POINT('Ctrl Pts',(19.2979384964984,20.4620034379104,0.));
#12839=CARTESIAN_POINT('Ctrl Pts',(19.2979384964984,20.4620034379104,6.5));
#12840=CARTESIAN_POINT('Ctrl Pts',(19.4096101274202,19.3124611572987,0.));
#12841=CARTESIAN_POINT('Ctrl Pts',(19.4096101274202,19.3124611572987,6.5));
#12842=CARTESIAN_POINT('Ctrl Pts',(17.4485757408976,19.3786065837859,0.));
#12843=CARTESIAN_POINT('Ctrl Pts',(17.4485757408976,19.3786065837859,6.5));
#12844=CARTESIAN_POINT('Ctrl Pts',(17.1778087551394,21.3219841389698,0.));
#12845=CARTESIAN_POINT('Ctrl Pts',(17.1778087551394,21.3219841389698,6.5));
#12846=CARTESIAN_POINT('Ctrl Pts',(18.3327265868301,21.3310841449802,0.));
#12847=CARTESIAN_POINT('Ctrl Pts',(18.3327265868301,21.3310841449802,6.5));
#12848=CARTESIAN_POINT('Ctrl Pts',(17.9635967283359,21.822492402917,0.));
#12849=CARTESIAN_POINT('Ctrl Pts',(17.9635967283359,21.822492402917,6.5));
#12850=CARTESIAN_POINT('',(17.9635967283359,21.822492402917,0.));
#12851=CARTESIAN_POINT('',(19.8252393454358,20.146261861443,0.));
#12852=CARTESIAN_POINT('Ctrl Pts',(25.0804603549017,13.0338977470231,0.));
#12853=CARTESIAN_POINT('Ctrl Pts',(25.0804603549017,13.0338977470231,6.5));
#12854=CARTESIAN_POINT('Ctrl Pts',(24.6765369594308,13.497130754258,0.));
#12855=CARTESIAN_POINT('Ctrl Pts',(24.6765369594308,13.497130754258,6.5));
#12856=CARTESIAN_POINT('Ctrl Pts',(24.4275148912427,12.369342645781,0.));
#12857=CARTESIAN_POINT('Ctrl Pts',(24.4275148912427,12.369342645781,6.5));
#12858=CARTESIAN_POINT('Ctrl Pts',(22.5829004201463,13.038243636654,0.));
#12859=CARTESIAN_POINT('Ctrl Pts',(22.5829004201463,13.038243636654,6.5));
#12860=CARTESIAN_POINT('Ctrl Pts',(22.925922404982,14.9701771242483,0.));
#12861=CARTESIAN_POINT('Ctrl Pts',(22.925922404982,14.9701771242483,6.5));
#12862=CARTESIAN_POINT('Ctrl Pts',(24.0271265911031,14.6219425071637,0.));
#12863=CARTESIAN_POINT('Ctrl Pts',(24.0271265911031,14.6219425071637,6.5));
#12864=CARTESIAN_POINT('Ctrl Pts',(23.8279167367017,15.2033669324417,0.));
#12865=CARTESIAN_POINT('Ctrl Pts',(23.8279167367017,15.2033669324417,6.5));
#12866=CARTESIAN_POINT('',(23.8279167367017,15.2033669324417,0.));
#12867=CARTESIAN_POINT('',(25.0804603549016,13.0338977470233,0.));
#12868=CARTESIAN_POINT('Origin',(0.,0.,0.));
#12869=CARTESIAN_POINT('',(25.2865694976043,12.6293857782742,0.));
#12870=CARTESIAN_POINT('Ctrl Pts',(26.3054802707497,10.3408747124626,0.));
#12871=CARTESIAN_POINT('Ctrl Pts',(26.3054802707497,10.3408747124626,6.5));
#12872=CARTESIAN_POINT('Ctrl Pts',(25.9521906442836,10.8437915726213,0.));
#12873=CARTESIAN_POINT('Ctrl Pts',(25.9521906442836,10.8437915726213,6.5));
#12874=CARTESIAN_POINT('Ctrl Pts',(25.58664678717,9.74821149951244,0.));
#12875=CARTESIAN_POINT('Ctrl Pts',(25.58664678717,9.74821149951244,6.5));
#12876=CARTESIAN_POINT('Ctrl Pts',(23.8220564998056,10.6062628967541,0.));
#12877=CARTESIAN_POINT('Ctrl Pts',(23.8220564998056,10.6062628967541,6.5));
#12878=CARTESIAN_POINT('Ctrl Pts',(24.3651414129109,12.49175748962,0.));
#12879=CARTESIAN_POINT('Ctrl Pts',(24.3651414129109,12.49175748962,6.5));
#12880=CARTESIAN_POINT('Ctrl Pts',(25.4239126578991,12.030323356885,0.));
#12881=CARTESIAN_POINT('Ctrl Pts',(25.4239126578991,12.030323356885,6.5));
#12882=CARTESIAN_POINT('Ctrl Pts',(25.2865694976043,12.6293857782742,0.));
#12883=CARTESIAN_POINT('Ctrl Pts',(25.2865694976043,12.6293857782742,6.5));
#12884=CARTESIAN_POINT('',(26.3054802707496,10.3408747124628,0.));
#12885=CARTESIAN_POINT('Origin',(0.,0.,0.));
#12886=CARTESIAN_POINT('Origin',(0.,0.,0.));
#12887=CARTESIAN_POINT('',(20.1462618614428,19.825239345436,0.));
#12888=CARTESIAN_POINT('Ctrl Pts',(21.822492402917,17.9635967283358,0.));
#12889=CARTESIAN_POINT('Ctrl Pts',(21.822492402917,17.9635967283358,6.5));
#12890=CARTESIAN_POINT('Ctrl Pts',(21.3310841449802,18.3327265868301,0.));
#12891=CARTESIAN_POINT('Ctrl Pts',(21.3310841449802,18.3327265868301,6.5));
#12892=CARTESIAN_POINT('Ctrl Pts',(21.3219841389698,17.1778087551393,0.));
#12893=CARTESIAN_POINT('Ctrl Pts',(21.3219841389698,17.1778087551393,6.5));
#12894=CARTESIAN_POINT('Ctrl Pts',(19.378606583786,17.4485757408976,0.));
#12895=CARTESIAN_POINT('Ctrl Pts',(19.378606583786,17.4485757408976,6.5));
#12896=CARTESIAN_POINT('Ctrl Pts',(19.3124611572987,19.4096101274202,0.));
#12897=CARTESIAN_POINT('Ctrl Pts',(19.3124611572987,19.4096101274202,6.5));
#12898=CARTESIAN_POINT('Ctrl Pts',(20.4620034379104,19.2979384964984,0.));
#12899=CARTESIAN_POINT('Ctrl Pts',(20.4620034379104,19.2979384964984,6.5));
#12900=CARTESIAN_POINT('Ctrl Pts',(20.1462618614428,19.825239345436,0.));
#12901=CARTESIAN_POINT('Ctrl Pts',(20.1462618614428,19.825239345436,6.5));
#12902=CARTESIAN_POINT('',(21.8224924029169,17.963596728336,0.));
#12903=CARTESIAN_POINT('Origin',(0.,0.,0.));
#12904=CARTESIAN_POINT('',(22.1082003337195,17.6107768169883,0.));
#12905=CARTESIAN_POINT('Ctrl Pts',(23.5806536669816,15.5841186703489,0.));
#12906=CARTESIAN_POINT('Ctrl Pts',(23.5806536669816,15.5841186703489,6.5));
#12907=CARTESIAN_POINT('Ctrl Pts',(23.1305219717532,16.0025925468948,0.));
#12908=CARTESIAN_POINT('Ctrl Pts',(23.1305219717532,16.0025925468948,6.5));
#12909=CARTESIAN_POINT('Ctrl Pts',(23.0007500303809,14.8549526855711,0.));
#12910=CARTESIAN_POINT('Ctrl Pts',(23.0007500303809,14.8549526855711,6.5));
#12911=CARTESIAN_POINT('Ctrl Pts',(21.0963213577082,15.3273746508428,0.));
#12912=CARTESIAN_POINT('Ctrl Pts',(21.0963213577082,15.3273746508428,6.5));
#12913=CARTESIAN_POINT('Ctrl Pts',(21.2355221936264,17.2845803655925,0.));
#12914=CARTESIAN_POINT('Ctrl Pts',(21.2355221936264,17.2845803655925,6.5));
#12915=CARTESIAN_POINT('Ctrl Pts',(22.3670942973755,17.0533605954957,0.));
#12916=CARTESIAN_POINT('Ctrl Pts',(22.3670942973755,17.0533605954957,6.5));
#12917=CARTESIAN_POINT('Ctrl Pts',(22.1082003337195,17.6107768169883,0.));
#12918=CARTESIAN_POINT('Ctrl Pts',(22.1082003337195,17.6107768169883,6.5));
#12919=CARTESIAN_POINT('',(23.5806536669814,15.5841186703491,0.));
#12920=CARTESIAN_POINT('Origin',(0.,0.,0.));
#12921=CARTESIAN_POINT('Ctrl Pts',(7.09602997853292,27.3597942360211,0.));
#12922=CARTESIAN_POINT('Ctrl Pts',(7.09602997853292,27.3597942360211,6.5));
#12923=CARTESIAN_POINT('Ctrl Pts',(6.4815032596821,27.3695840378041,0.));
#12924=CARTESIAN_POINT('Ctrl Pts',(6.4815032596821,27.3695840378041,6.5));
#12925=CARTESIAN_POINT('Ctrl Pts',(7.15298486924825,26.429887035531,0.));
#12926=CARTESIAN_POINT('Ctrl Pts',(7.15298486924825,26.429887035531,6.5));
#12927=CARTESIAN_POINT('Ctrl Pts',(5.42160655958126,25.5066534619518,0.));
#12928=CARTESIAN_POINT('Ctrl Pts',(5.42160655958126,25.5066534619518,6.5));
#12929=CARTESIAN_POINT('Ctrl Pts',(4.21542669381652,27.0542843010064,0.));
#12930=CARTESIAN_POINT('Ctrl Pts',(4.21542669381652,27.0542843010064,6.5));
#12931=CARTESIAN_POINT('Ctrl Pts',(5.2110648723392,27.6396240532314,0.));
#12932=CARTESIAN_POINT('Ctrl Pts',(5.2110648723392,27.6396240532314,6.5));
#12933=CARTESIAN_POINT('Ctrl Pts',(4.64568490861938,27.880631158987,0.));
#12934=CARTESIAN_POINT('Ctrl Pts',(4.64568490861938,27.880631158987,6.5));
#12935=CARTESIAN_POINT('',(4.64568490861938,27.880631158987,0.));
#12936=CARTESIAN_POINT('',(7.09602997853271,27.3597942360211,0.));
#12937=CARTESIAN_POINT('Ctrl Pts',(12.6293857782743,25.2865694976043,0.));
#12938=CARTESIAN_POINT('Ctrl Pts',(12.6293857782743,25.2865694976043,6.5));
#12939=CARTESIAN_POINT('Ctrl Pts',(12.030323356885,25.4239126578991,0.));
#12940=CARTESIAN_POINT('Ctrl Pts',(12.030323356885,25.4239126578991,6.5));
#12941=CARTESIAN_POINT('Ctrl Pts',(12.49175748962,24.3651414129109,0.));
#12942=CARTESIAN_POINT('Ctrl Pts',(12.49175748962,24.3651414129109,6.5));
#12943=CARTESIAN_POINT('Ctrl Pts',(10.6062628967541,23.8220564998056,0.));
#12944=CARTESIAN_POINT('Ctrl Pts',(10.6062628967541,23.8220564998056,6.5));
#12945=CARTESIAN_POINT('Ctrl Pts',(9.74821149951248,25.58664678717,0.));
#12946=CARTESIAN_POINT('Ctrl Pts',(9.74821149951248,25.58664678717,6.5));
#12947=CARTESIAN_POINT('Ctrl Pts',(10.8437915726214,25.9521906442836,0.));
#12948=CARTESIAN_POINT('Ctrl Pts',(10.8437915726214,25.9521906442836,6.5));
#12949=CARTESIAN_POINT('Ctrl Pts',(10.3408747124626,26.3054802707497,0.));
#12950=CARTESIAN_POINT('Ctrl Pts',(10.3408747124626,26.3054802707497,6.5));
#12951=CARTESIAN_POINT('',(10.3408747124626,26.3054802707497,0.));
#12952=CARTESIAN_POINT('',(12.6293857782741,25.2865694976044,0.));
#12953=CARTESIAN_POINT('Origin',(0.,0.,0.));
#12954=CARTESIAN_POINT('',(13.0338977470232,25.0804603549016,0.));
#12955=CARTESIAN_POINT('Ctrl Pts',(15.2033669324417,23.8279167367016,0.));
#12956=CARTESIAN_POINT('Ctrl Pts',(15.2033669324417,23.8279167367016,6.5));
#12957=CARTESIAN_POINT('Ctrl Pts',(14.6219425071637,24.0271265911031,0.));
#12958=CARTESIAN_POINT('Ctrl Pts',(14.6219425071637,24.0271265911031,6.5));
#12959=CARTESIAN_POINT('Ctrl Pts',(14.9701771242483,22.925922404982,0.));
#12960=CARTESIAN_POINT('Ctrl Pts',(14.9701771242483,22.925922404982,6.5));
#12961=CARTESIAN_POINT('Ctrl Pts',(13.038243636654,22.5829004201463,0.));
#12962=CARTESIAN_POINT('Ctrl Pts',(13.038243636654,22.5829004201463,6.5));
#12963=CARTESIAN_POINT('Ctrl Pts',(12.3693426457811,24.4275148912427,0.));
#12964=CARTESIAN_POINT('Ctrl Pts',(12.3693426457811,24.4275148912427,6.5));
#12965=CARTESIAN_POINT('Ctrl Pts',(13.497130754258,24.6765369594308,0.));
#12966=CARTESIAN_POINT('Ctrl Pts',(13.497130754258,24.6765369594308,6.5));
#12967=CARTESIAN_POINT('Ctrl Pts',(13.0338977470232,25.0804603549016,0.));
#12968=CARTESIAN_POINT('Ctrl Pts',(13.0338977470232,25.0804603549016,6.5));
#12969=CARTESIAN_POINT('',(15.2033669324415,23.8279167367018,0.));
#12970=CARTESIAN_POINT('Origin',(0.,0.,0.));
#12971=CARTESIAN_POINT('',(15.5841186703489,23.5806536669816,0.));
#12972=CARTESIAN_POINT('Ctrl Pts',(17.6107768169883,22.1082003337195,0.));
#12973=CARTESIAN_POINT('Ctrl Pts',(17.6107768169883,22.1082003337195,6.5));
#12974=CARTESIAN_POINT('Ctrl Pts',(17.0533605954957,22.3670942973755,0.));
#12975=CARTESIAN_POINT('Ctrl Pts',(17.0533605954957,22.3670942973755,6.5));
#12976=CARTESIAN_POINT('Ctrl Pts',(17.2845803655925,21.2355221936264,0.));
#12977=CARTESIAN_POINT('Ctrl Pts',(17.2845803655925,21.2355221936264,6.5));
#12978=CARTESIAN_POINT('Ctrl Pts',(15.3273746508428,21.0963213577082,0.));
#12979=CARTESIAN_POINT('Ctrl Pts',(15.3273746508428,21.0963213577082,6.5));
#12980=CARTESIAN_POINT('Ctrl Pts',(14.8549526855711,23.0007500303809,0.));
#12981=CARTESIAN_POINT('Ctrl Pts',(14.8549526855711,23.0007500303809,6.5));
#12982=CARTESIAN_POINT('Ctrl Pts',(16.0025925468949,23.1305219717532,0.));
#12983=CARTESIAN_POINT('Ctrl Pts',(16.0025925468949,23.1305219717532,6.5));
#12984=CARTESIAN_POINT('Ctrl Pts',(15.5841186703489,23.5806536669816,0.));
#12985=CARTESIAN_POINT('Ctrl Pts',(15.5841186703489,23.5806536669816,6.5));
#12986=CARTESIAN_POINT('',(17.6107768169881,22.1082003337197,0.));
#12987=CARTESIAN_POINT('Origin',(0.,0.,0.));
#12988=CARTESIAN_POINT('Origin',(0.,0.,0.));
#12989=CARTESIAN_POINT('',(7.53455489058509,27.2422918399757,0.));
#12990=CARTESIAN_POINT('Ctrl Pts',(9.91703443065113,26.4681773115364,0.));
#12991=CARTESIAN_POINT('Ctrl Pts',(9.91703443065113,26.4681773115364,6.5));
#12992=CARTESIAN_POINT('Ctrl Pts',(9.30689746640124,26.5421490173194,0.));
#12993=CARTESIAN_POINT('Ctrl Pts',(9.30689746640124,26.5421490173194,6.5));
#12994=CARTESIAN_POINT('Ctrl Pts',(9.87647554586707,25.5374108327863,0.));
#12995=CARTESIAN_POINT('Ctrl Pts',(9.87647554586707,25.5374108327863,6.5));
#12996=CARTESIAN_POINT('Ctrl Pts',(8.05807772105421,24.8002131433672,0.));
#12997=CARTESIAN_POINT('Ctrl Pts',(8.05807772105421,24.8002131433672,6.5));
#12998=CARTESIAN_POINT('Ctrl Pts',(7.02027690811081,26.4654460265469,0.));
#12999=CARTESIAN_POINT('Ctrl Pts',(7.02027690811081,26.4654460265469,6.5));
#13000=CARTESIAN_POINT('Ctrl Pts',(8.07164554130575,26.9435066975925,0.));
#13001=CARTESIAN_POINT('Ctrl Pts',(8.07164554130575,26.9435066975925,6.5));
#13002=CARTESIAN_POINT('Ctrl Pts',(7.53455489058509,27.2422918399757,0.));
#13003=CARTESIAN_POINT('Ctrl Pts',(7.53455489058509,27.2422918399757,6.5));
#13004=CARTESIAN_POINT('',(9.91703443065092,26.4681773115364,0.));
#13005=CARTESIAN_POINT('Origin',(0.,0.,0.));
#13006=CARTESIAN_POINT('Ctrl Pts',(4.19727993703018,27.9516515294509,0.));
#13007=CARTESIAN_POINT('Ctrl Pts',(4.19727993703018,27.9516515294509,6.5));
#13008=CARTESIAN_POINT('Ctrl Pts',(3.58509634690812,27.8971521681171,0.));
#13009=CARTESIAN_POINT('Ctrl Pts',(3.58509634690812,27.8971521681171,6.5));
#13010=CARTESIAN_POINT('Ctrl Pts',(4.35112459354363,27.0327918651049,0.));
#13011=CARTESIAN_POINT('Ctrl Pts',(4.35112459354363,27.0327918651049,6.5));
#13012=CARTESIAN_POINT('Ctrl Pts',(2.72573514209743,25.9336375475969,0.));
#13013=CARTESIAN_POINT('Ctrl Pts',(2.72573514209743,25.9336375475969,6.5));
#13014=CARTESIAN_POINT('Ctrl Pts',(1.36439138253002,27.3467101751911,0.));
#13015=CARTESIAN_POINT('Ctrl Pts',(1.36439138253002,27.3467101751911,6.5));
#13016=CARTESIAN_POINT('Ctrl Pts',(2.29339068614587,28.0329159037798,0.));
#13017=CARTESIAN_POINT('Ctrl Pts',(2.29339068614587,28.0329159037798,6.5));
#13018=CARTESIAN_POINT('Ctrl Pts',(1.70591583062278,28.2135044486232,0.));
#13019=CARTESIAN_POINT('Ctrl Pts',(1.70591583062278,28.2135044486232,6.5));
#13020=CARTESIAN_POINT('',(1.70591583062278,28.2135044486232,0.));
#13021=CARTESIAN_POINT('',(4.19727993702996,27.9516515294509,0.));
#13022=CARTESIAN_POINT('Origin',(0.,0.,0.));
#13023=CARTESIAN_POINT('Origin',(0.,0.,0.));
#13024=CARTESIAN_POINT('',(-1.2525436182,28.2372646794649,0.));
#13025=CARTESIAN_POINT('Ctrl Pts',(1.2525436182,28.2372646794649,0.));
#13026=CARTESIAN_POINT('Ctrl Pts',(1.2525436182,28.2372646794649,6.5));
#13027=CARTESIAN_POINT('Ctrl Pts',(0.649410368327752,28.1190732614217,0.));
#13028=CARTESIAN_POINT('Ctrl Pts',(0.649410368327752,28.1190732614217,6.5));
#13029=CARTESIAN_POINT('Ctrl Pts',(1.50159248626075,27.3395197700294,0.));
#13030=CARTESIAN_POINT('Ctrl Pts',(1.50159248626075,27.3395197700294,6.5));
#13031=CARTESIAN_POINT('Ctrl Pts',(0.,26.076487273308,0.));
#13032=CARTESIAN_POINT('Ctrl Pts',(0.,26.076487273308,6.5));
#13033=CARTESIAN_POINT('Ctrl Pts',(-1.50159248626075,27.3395197700294,0.));
#13034=CARTESIAN_POINT('Ctrl Pts',(-1.50159248626075,27.3395197700294,6.5));
#13035=CARTESIAN_POINT('Ctrl Pts',(-0.649410368327752,28.1190732614217,
0.));
#13036=CARTESIAN_POINT('Ctrl Pts',(-0.649410368327752,28.1190732614217,
6.5));
#13037=CARTESIAN_POINT('Ctrl Pts',(-1.2525436182,28.2372646794649,0.));
#13038=CARTESIAN_POINT('Ctrl Pts',(-1.2525436182,28.2372646794649,6.5));
#13039=CARTESIAN_POINT('',(1.25254361819978,28.2372646794649,0.));
#13040=CARTESIAN_POINT('Origin',(0.,0.,0.));
#13041=CARTESIAN_POINT('Origin',(0.,0.,0.));
#13042=CARTESIAN_POINT('',(-7.09602997853291,27.3597942360211,0.));
#13043=CARTESIAN_POINT('Ctrl Pts',(-4.64568490861937,27.880631158987,0.));
#13044=CARTESIAN_POINT('Ctrl Pts',(-4.64568490861937,27.880631158987,6.5));
#13045=CARTESIAN_POINT('Ctrl Pts',(-5.21106487233919,27.6396240532314,0.));
#13046=CARTESIAN_POINT('Ctrl Pts',(-5.21106487233919,27.6396240532314,6.5));
#13047=CARTESIAN_POINT('Ctrl Pts',(-4.2154266938165,27.0542843010064,0.));
#13048=CARTESIAN_POINT('Ctrl Pts',(-4.2154266938165,27.0542843010064,6.5));
#13049=CARTESIAN_POINT('Ctrl Pts',(-5.42160655958125,25.5066534619518,0.));
#13050=CARTESIAN_POINT('Ctrl Pts',(-5.42160655958125,25.5066534619518,6.5));
#13051=CARTESIAN_POINT('Ctrl Pts',(-7.15298486924823,26.429887035531,0.));
#13052=CARTESIAN_POINT('Ctrl Pts',(-7.15298486924823,26.429887035531,6.5));
#13053=CARTESIAN_POINT('Ctrl Pts',(-6.48150325968208,27.3695840378041,0.));
#13054=CARTESIAN_POINT('Ctrl Pts',(-6.48150325968208,27.3695840378041,6.5));
#13055=CARTESIAN_POINT('Ctrl Pts',(-7.09602997853291,27.3597942360211,0.));
#13056=CARTESIAN_POINT('Ctrl Pts',(-7.09602997853291,27.3597942360211,6.5));
#13057=CARTESIAN_POINT('',(-4.64568490861958,27.8806311589869,0.));
#13058=CARTESIAN_POINT('Origin',(0.,0.,0.));
#13059=CARTESIAN_POINT('Ctrl Pts',(15.5841186703489,-23.5806536669816,0.));
#13060=CARTESIAN_POINT('Ctrl Pts',(15.5841186703489,-23.5806536669816,6.5));
#13061=CARTESIAN_POINT('Ctrl Pts',(16.0025925468948,-23.1305219717532,0.));
#13062=CARTESIAN_POINT('Ctrl Pts',(16.0025925468948,-23.1305219717532,6.5));
#13063=CARTESIAN_POINT('Ctrl Pts',(14.8549526855711,-23.0007500303809,0.));
#13064=CARTESIAN_POINT('Ctrl Pts',(14.8549526855711,-23.0007500303809,6.5));
#13065=CARTESIAN_POINT('Ctrl Pts',(15.3273746508428,-21.0963213577082,0.));
#13066=CARTESIAN_POINT('Ctrl Pts',(15.3273746508428,-21.0963213577082,6.5));
#13067=CARTESIAN_POINT('Ctrl Pts',(17.2845803655925,-21.2355221936264,0.));
#13068=CARTESIAN_POINT('Ctrl Pts',(17.2845803655925,-21.2355221936264,6.5));
#13069=CARTESIAN_POINT('Ctrl Pts',(17.0533605954957,-22.3670942973755,0.));
#13070=CARTESIAN_POINT('Ctrl Pts',(17.0533605954957,-22.3670942973755,6.5));
#13071=CARTESIAN_POINT('Ctrl Pts',(17.6107768169883,-22.1082003337195,0.));
#13072=CARTESIAN_POINT('Ctrl Pts',(17.6107768169883,-22.1082003337195,6.5));
#13073=CARTESIAN_POINT('',(17.6107768169883,-22.1082003337195,0.));
#13074=CARTESIAN_POINT('',(15.5841186703491,-23.5806536669814,0.));
#13075=CARTESIAN_POINT('Ctrl Pts',(-1.2525436182,-28.2372646794649,0.));
#13076=CARTESIAN_POINT('Ctrl Pts',(-1.2525436182,-28.2372646794649,6.5));
#13077=CARTESIAN_POINT('Ctrl Pts',(-0.649410368327756,-28.1190732614217,
0.));
#13078=CARTESIAN_POINT('Ctrl Pts',(-0.649410368327756,-28.1190732614217,
6.5));
#13079=CARTESIAN_POINT('Ctrl Pts',(-1.50159248626075,-27.3395197700294,
0.));
#13080=CARTESIAN_POINT('Ctrl Pts',(-1.50159248626075,-27.3395197700294,
6.5));
#13081=CARTESIAN_POINT('Ctrl Pts',(-3.19344866722633E-15,-26.076487273308,
0.));
#13082=CARTESIAN_POINT('Ctrl Pts',(-3.19344866722633E-15,-26.076487273308,
6.5));
#13083=CARTESIAN_POINT('Ctrl Pts',(1.50159248626075,-27.3395197700294,0.));
#13084=CARTESIAN_POINT('Ctrl Pts',(1.50159248626075,-27.3395197700294,6.5));
#13085=CARTESIAN_POINT('Ctrl Pts',(0.649410368327749,-28.1190732614217,
0.));
#13086=CARTESIAN_POINT('Ctrl Pts',(0.649410368327749,-28.1190732614217,
6.5));
#13087=CARTESIAN_POINT('Ctrl Pts',(1.2525436182,-28.2372646794649,0.));
#13088=CARTESIAN_POINT('Ctrl Pts',(1.2525436182,-28.2372646794649,6.5));
#13089=CARTESIAN_POINT('',(1.2525436182,-28.2372646794649,0.));
#13090=CARTESIAN_POINT('',(-1.25254361819979,-28.2372646794649,0.));
#13091=CARTESIAN_POINT('Ctrl Pts',(-15.2033669324417,-23.8279167367016,
0.));
#13092=CARTESIAN_POINT('Ctrl Pts',(-15.2033669324417,-23.8279167367016,
6.5));
#13093=CARTESIAN_POINT('Ctrl Pts',(-14.6219425071637,-24.0271265911031,
0.));
#13094=CARTESIAN_POINT('Ctrl Pts',(-14.6219425071637,-24.0271265911031,
6.5));
#13095=CARTESIAN_POINT('Ctrl Pts',(-14.9701771242483,-22.925922404982,0.));
#13096=CARTESIAN_POINT('Ctrl Pts',(-14.9701771242483,-22.925922404982,6.5));
#13097=CARTESIAN_POINT('Ctrl Pts',(-13.038243636654,-22.5829004201463,0.));
#13098=CARTESIAN_POINT('Ctrl Pts',(-13.038243636654,-22.5829004201463,6.5));
#13099=CARTESIAN_POINT('Ctrl Pts',(-12.3693426457811,-24.4275148912427,
0.));
#13100=CARTESIAN_POINT('Ctrl Pts',(-12.3693426457811,-24.4275148912427,
6.5));
#13101=CARTESIAN_POINT('Ctrl Pts',(-13.497130754258,-24.6765369594308,0.));
#13102=CARTESIAN_POINT('Ctrl Pts',(-13.497130754258,-24.6765369594308,6.5));
#13103=CARTESIAN_POINT('Ctrl Pts',(-13.0338977470232,-25.0804603549016,
0.));
#13104=CARTESIAN_POINT('Ctrl Pts',(-13.0338977470232,-25.0804603549016,
6.5));
#13105=CARTESIAN_POINT('',(-13.0338977470232,-25.0804603549016,0.));
#13106=CARTESIAN_POINT('',(-15.2033669324415,-23.8279167367018,0.));
#13107=CARTESIAN_POINT('Origin',(0.,0.,0.));
#13108=CARTESIAN_POINT('',(-15.5841186703489,-23.5806536669816,0.));
#13109=CARTESIAN_POINT('Ctrl Pts',(-17.6107768169883,-22.1082003337195,
0.));
#13110=CARTESIAN_POINT('Ctrl Pts',(-17.6107768169883,-22.1082003337195,
6.5));
#13111=CARTESIAN_POINT('Ctrl Pts',(-17.0533605954957,-22.3670942973755,
0.));
#13112=CARTESIAN_POINT('Ctrl Pts',(-17.0533605954957,-22.3670942973755,
6.5));
#13113=CARTESIAN_POINT('Ctrl Pts',(-17.2845803655925,-21.2355221936264,
0.));
#13114=CARTESIAN_POINT('Ctrl Pts',(-17.2845803655925,-21.2355221936264,
6.5));
#13115=CARTESIAN_POINT('Ctrl Pts',(-15.3273746508428,-21.0963213577082,
0.));
#13116=CARTESIAN_POINT('Ctrl Pts',(-15.3273746508428,-21.0963213577082,
6.5));
#13117=CARTESIAN_POINT('Ctrl Pts',(-14.8549526855711,-23.0007500303809,
0.));
#13118=CARTESIAN_POINT('Ctrl Pts',(-14.8549526855711,-23.0007500303809,
6.5));
#13119=CARTESIAN_POINT('Ctrl Pts',(-16.0025925468949,-23.1305219717532,
0.));
#13120=CARTESIAN_POINT('Ctrl Pts',(-16.0025925468949,-23.1305219717532,
6.5));
#13121=CARTESIAN_POINT('Ctrl Pts',(-15.5841186703489,-23.5806536669816,
0.));
#13122=CARTESIAN_POINT('Ctrl Pts',(-15.5841186703489,-23.5806536669816,
6.5));
#13123=CARTESIAN_POINT('',(-17.6107768169881,-22.1082003337197,0.));
#13124=CARTESIAN_POINT('Origin',(0.,0.,0.));
#13125=CARTESIAN_POINT('Origin',(0.,0.,0.));
#13126=CARTESIAN_POINT('',(-1.70591583062276,-28.2135044486232,0.));
#13127=CARTESIAN_POINT('Ctrl Pts',(-4.19727993703016,-27.9516515294509,
0.));
#13128=CARTESIAN_POINT('Ctrl Pts',(-4.19727993703016,-27.9516515294509,
6.5));
#13129=CARTESIAN_POINT('Ctrl Pts',(-3.58509634690811,-27.8971521681171,
0.));
#13130=CARTESIAN_POINT('Ctrl Pts',(-3.58509634690811,-27.8971521681171,
6.5));
#13131=CARTESIAN_POINT('Ctrl Pts',(-4.35112459354361,-27.0327918651049,
0.));
#13132=CARTESIAN_POINT('Ctrl Pts',(-4.35112459354361,-27.0327918651049,
6.5));
#13133=CARTESIAN_POINT('Ctrl Pts',(-2.72573514209741,-25.9336375475969,
0.));
#13134=CARTESIAN_POINT('Ctrl Pts',(-2.72573514209741,-25.9336375475969,
6.5));
#13135=CARTESIAN_POINT('Ctrl Pts',(-1.36439138253001,-27.3467101751911,
0.));
#13136=CARTESIAN_POINT('Ctrl Pts',(-1.36439138253001,-27.3467101751911,
6.5));
#13137=CARTESIAN_POINT('Ctrl Pts',(-2.29339068614586,-28.0329159037798,
0.));
#13138=CARTESIAN_POINT('Ctrl Pts',(-2.29339068614586,-28.0329159037798,
6.5));
#13139=CARTESIAN_POINT('Ctrl Pts',(-1.70591583062276,-28.2135044486232,
0.));
#13140=CARTESIAN_POINT('Ctrl Pts',(-1.70591583062276,-28.2135044486232,
6.5));
#13141=CARTESIAN_POINT('',(-4.19727993702995,-27.9516515294509,0.));
#13142=CARTESIAN_POINT('Origin',(0.,0.,0.));
#13143=CARTESIAN_POINT('',(-4.64568490861938,-27.880631158987,0.));
#13144=CARTESIAN_POINT('Ctrl Pts',(-7.09602997853292,-27.3597942360211,
0.));
#13145=CARTESIAN_POINT('Ctrl Pts',(-7.09602997853292,-27.3597942360211,
6.5));
#13146=CARTESIAN_POINT('Ctrl Pts',(-6.48150325968209,-27.3695840378041,
0.));
#13147=CARTESIAN_POINT('Ctrl Pts',(-6.48150325968209,-27.3695840378041,
6.5));
#13148=CARTESIAN_POINT('Ctrl Pts',(-7.15298486924824,-26.429887035531,0.));
#13149=CARTESIAN_POINT('Ctrl Pts',(-7.15298486924824,-26.429887035531,6.5));
#13150=CARTESIAN_POINT('Ctrl Pts',(-5.42160655958126,-25.5066534619518,
0.));
#13151=CARTESIAN_POINT('Ctrl Pts',(-5.42160655958126,-25.5066534619518,
6.5));
#13152=CARTESIAN_POINT('Ctrl Pts',(-4.21542669381651,-27.0542843010064,
0.));
#13153=CARTESIAN_POINT('Ctrl Pts',(-4.21542669381651,-27.0542843010064,
6.5));
#13154=CARTESIAN_POINT('Ctrl Pts',(-5.2110648723392,-27.6396240532314,0.));
#13155=CARTESIAN_POINT('Ctrl Pts',(-5.2110648723392,-27.6396240532314,6.5));
#13156=CARTESIAN_POINT('Ctrl Pts',(-4.64568490861938,-27.880631158987,0.));
#13157=CARTESIAN_POINT('Ctrl Pts',(-4.64568490861938,-27.880631158987,6.5));
#13158=CARTESIAN_POINT('',(-7.09602997853271,-27.3597942360211,0.));
#13159=CARTESIAN_POINT('Ctrl Pts',(-12.6293857782743,-25.2865694976043,
0.));
#13160=CARTESIAN_POINT('Ctrl Pts',(-12.6293857782743,-25.2865694976043,
6.5));
#13161=CARTESIAN_POINT('Ctrl Pts',(-12.030323356885,-25.4239126578991,0.));
#13162=CARTESIAN_POINT('Ctrl Pts',(-12.030323356885,-25.4239126578991,6.5));
#13163=CARTESIAN_POINT('Ctrl Pts',(-12.49175748962,-24.3651414129109,0.));
#13164=CARTESIAN_POINT('Ctrl Pts',(-12.49175748962,-24.3651414129109,6.5));
#13165=CARTESIAN_POINT('Ctrl Pts',(-10.6062628967541,-23.8220564998056,
0.));
#13166=CARTESIAN_POINT('Ctrl Pts',(-10.6062628967541,-23.8220564998056,
6.5));
#13167=CARTESIAN_POINT('Ctrl Pts',(-9.74821149951246,-25.58664678717,0.));
#13168=CARTESIAN_POINT('Ctrl Pts',(-9.74821149951246,-25.58664678717,6.5));
#13169=CARTESIAN_POINT('Ctrl Pts',(-10.8437915726213,-25.9521906442836,
0.));
#13170=CARTESIAN_POINT('Ctrl Pts',(-10.8437915726213,-25.9521906442836,
6.5));
#13171=CARTESIAN_POINT('Ctrl Pts',(-10.3408747124626,-26.3054802707497,
0.));
#13172=CARTESIAN_POINT('Ctrl Pts',(-10.3408747124626,-26.3054802707497,
6.5));
#13173=CARTESIAN_POINT('',(-10.3408747124626,-26.3054802707497,0.));
#13174=CARTESIAN_POINT('',(-12.6293857782741,-25.2865694976044,0.));
#13175=CARTESIAN_POINT('Origin',(0.,0.,0.));
#13176=CARTESIAN_POINT('Origin',(0.,0.,0.));
#13177=CARTESIAN_POINT('',(-7.53455489058508,-27.2422918399757,0.));
#13178=CARTESIAN_POINT('Ctrl Pts',(-9.91703443065112,-26.4681773115364,
0.));
#13179=CARTESIAN_POINT('Ctrl Pts',(-9.91703443065112,-26.4681773115364,
6.5));
#13180=CARTESIAN_POINT('Ctrl Pts',(-9.30689746640123,-26.5421490173194,
0.));
#13181=CARTESIAN_POINT('Ctrl Pts',(-9.30689746640123,-26.5421490173194,
6.5));
#13182=CARTESIAN_POINT('Ctrl Pts',(-9.87647554586706,-25.5374108327863,
0.));
#13183=CARTESIAN_POINT('Ctrl Pts',(-9.87647554586706,-25.5374108327863,
6.5));
#13184=CARTESIAN_POINT('Ctrl Pts',(-8.05807772105421,-24.8002131433672,
0.));
#13185=CARTESIAN_POINT('Ctrl Pts',(-8.05807772105421,-24.8002131433672,
6.5));
#13186=CARTESIAN_POINT('Ctrl Pts',(-7.02027690811081,-26.4654460265469,
0.));
#13187=CARTESIAN_POINT('Ctrl Pts',(-7.02027690811081,-26.4654460265469,
6.5));
#13188=CARTESIAN_POINT('Ctrl Pts',(-8.07164554130574,-26.9435066975925,
0.));
#13189=CARTESIAN_POINT('Ctrl Pts',(-8.07164554130574,-26.9435066975925,
6.5));
#13190=CARTESIAN_POINT('Ctrl Pts',(-7.53455489058508,-27.2422918399757,
0.));
#13191=CARTESIAN_POINT('Ctrl Pts',(-7.53455489058508,-27.2422918399757,
6.5));
#13192=CARTESIAN_POINT('',(-9.91703443065092,-26.4681773115364,0.));
#13193=CARTESIAN_POINT('Origin',(0.,0.,0.));
#13194=CARTESIAN_POINT('Origin',(0.,0.,0.));
#13195=CARTESIAN_POINT('',(15.2033669324417,-23.8279167367017,0.));
#13196=CARTESIAN_POINT('Ctrl Pts',(13.0338977470232,-25.0804603549016,0.));
#13197=CARTESIAN_POINT('Ctrl Pts',(13.0338977470232,-25.0804603549016,6.5));
#13198=CARTESIAN_POINT('Ctrl Pts',(13.497130754258,-24.6765369594308,0.));
#13199=CARTESIAN_POINT('Ctrl Pts',(13.497130754258,-24.6765369594308,6.5));
#13200=CARTESIAN_POINT('Ctrl Pts',(12.369342645781,-24.4275148912427,0.));
#13201=CARTESIAN_POINT('Ctrl Pts',(12.369342645781,-24.4275148912427,6.5));
#13202=CARTESIAN_POINT('Ctrl Pts',(13.038243636654,-22.5829004201463,0.));
#13203=CARTESIAN_POINT('Ctrl Pts',(13.038243636654,-22.5829004201463,6.5));
#13204=CARTESIAN_POINT('Ctrl Pts',(14.9701771242483,-22.925922404982,0.));
#13205=CARTESIAN_POINT('Ctrl Pts',(14.9701771242483,-22.925922404982,6.5));
#13206=CARTESIAN_POINT('Ctrl Pts',(14.6219425071637,-24.0271265911031,0.));
#13207=CARTESIAN_POINT('Ctrl Pts',(14.6219425071637,-24.0271265911031,6.5));
#13208=CARTESIAN_POINT('Ctrl Pts',(15.2033669324417,-23.8279167367017,0.));
#13209=CARTESIAN_POINT('Ctrl Pts',(15.2033669324417,-23.8279167367017,6.5));
#13210=CARTESIAN_POINT('',(13.0338977470233,-25.0804603549016,0.));
#13211=CARTESIAN_POINT('Ctrl Pts',(7.53455489058508,-27.2422918399757,0.));
#13212=CARTESIAN_POINT('Ctrl Pts',(7.53455489058508,-27.2422918399757,6.5));
#13213=CARTESIAN_POINT('Ctrl Pts',(8.07164554130574,-26.9435066975925,0.));
#13214=CARTESIAN_POINT('Ctrl Pts',(8.07164554130574,-26.9435066975925,6.5));
#13215=CARTESIAN_POINT('Ctrl Pts',(7.0202769081108,-26.4654460265469,0.));
#13216=CARTESIAN_POINT('Ctrl Pts',(7.0202769081108,-26.4654460265469,6.5));
#13217=CARTESIAN_POINT('Ctrl Pts',(8.0580777210542,-24.8002131433672,0.));
#13218=CARTESIAN_POINT('Ctrl Pts',(8.0580777210542,-24.8002131433672,6.5));
#13219=CARTESIAN_POINT('Ctrl Pts',(9.87647554586706,-25.5374108327863,0.));
#13220=CARTESIAN_POINT('Ctrl Pts',(9.87647554586706,-25.5374108327863,6.5));
#13221=CARTESIAN_POINT('Ctrl Pts',(9.30689746640123,-26.5421490173194,0.));
#13222=CARTESIAN_POINT('Ctrl Pts',(9.30689746640123,-26.5421490173194,6.5));
#13223=CARTESIAN_POINT('Ctrl Pts',(9.91703443065112,-26.4681773115364,0.));
#13224=CARTESIAN_POINT('Ctrl Pts',(9.91703443065112,-26.4681773115364,6.5));
#13225=CARTESIAN_POINT('',(9.91703443065112,-26.4681773115364,0.));
#13226=CARTESIAN_POINT('',(7.53455489058529,-27.2422918399757,0.));
#13227=CARTESIAN_POINT('Origin',(0.,0.,0.));
#13228=CARTESIAN_POINT('',(12.6293857782742,-25.2865694976043,0.));
#13229=CARTESIAN_POINT('Ctrl Pts',(10.3408747124626,-26.3054802707497,0.));
#13230=CARTESIAN_POINT('Ctrl Pts',(10.3408747124626,-26.3054802707497,6.5));
#13231=CARTESIAN_POINT('Ctrl Pts',(10.8437915726213,-25.9521906442836,0.));
#13232=CARTESIAN_POINT('Ctrl Pts',(10.8437915726213,-25.9521906442836,6.5));
#13233=CARTESIAN_POINT('Ctrl Pts',(9.74821149951245,-25.58664678717,0.));
#13234=CARTESIAN_POINT('Ctrl Pts',(9.74821149951245,-25.58664678717,6.5));
#13235=CARTESIAN_POINT('Ctrl Pts',(10.6062628967541,-23.8220564998056,0.));
#13236=CARTESIAN_POINT('Ctrl Pts',(10.6062628967541,-23.8220564998056,6.5));
#13237=CARTESIAN_POINT('Ctrl Pts',(12.49175748962,-24.3651414129109,0.));
#13238=CARTESIAN_POINT('Ctrl Pts',(12.49175748962,-24.3651414129109,6.5));
#13239=CARTESIAN_POINT('Ctrl Pts',(12.030323356885,-25.4239126578991,0.));
#13240=CARTESIAN_POINT('Ctrl Pts',(12.030323356885,-25.4239126578991,6.5));
#13241=CARTESIAN_POINT('Ctrl Pts',(12.6293857782742,-25.2865694976043,0.));
#13242=CARTESIAN_POINT('Ctrl Pts',(12.6293857782742,-25.2865694976043,6.5));
#13243=CARTESIAN_POINT('',(10.3408747124628,-26.3054802707496,0.));
#13244=CARTESIAN_POINT('Origin',(0.,0.,0.));
#13245=CARTESIAN_POINT('Origin',(0.,0.,0.));
#13246=CARTESIAN_POINT('',(7.0960299785329,-27.3597942360211,0.));
#13247=CARTESIAN_POINT('Ctrl Pts',(4.64568490861936,-27.880631158987,0.));
#13248=CARTESIAN_POINT('Ctrl Pts',(4.64568490861936,-27.880631158987,6.5));
#13249=CARTESIAN_POINT('Ctrl Pts',(5.21106487233918,-27.6396240532314,0.));
#13250=CARTESIAN_POINT('Ctrl Pts',(5.21106487233918,-27.6396240532314,6.5));
#13251=CARTESIAN_POINT('Ctrl Pts',(4.2154266938165,-27.0542843010064,0.));
#13252=CARTESIAN_POINT('Ctrl Pts',(4.2154266938165,-27.0542843010064,6.5));
#13253=CARTESIAN_POINT('Ctrl Pts',(5.42160655958124,-25.5066534619518,0.));
#13254=CARTESIAN_POINT('Ctrl Pts',(5.42160655958124,-25.5066534619518,6.5));
#13255=CARTESIAN_POINT('Ctrl Pts',(7.15298486924823,-26.429887035531,0.));
#13256=CARTESIAN_POINT('Ctrl Pts',(7.15298486924823,-26.429887035531,6.5));
#13257=CARTESIAN_POINT('Ctrl Pts',(6.48150325968207,-27.3695840378041,0.));
#13258=CARTESIAN_POINT('Ctrl Pts',(6.48150325968207,-27.3695840378041,6.5));
#13259=CARTESIAN_POINT('Ctrl Pts',(7.0960299785329,-27.3597942360211,0.));
#13260=CARTESIAN_POINT('Ctrl Pts',(7.0960299785329,-27.3597942360211,6.5));
#13261=CARTESIAN_POINT('',(4.64568490861958,-27.8806311589869,0.));
#13262=CARTESIAN_POINT('Origin',(0.,0.,0.));
#13263=CARTESIAN_POINT('',(4.19727993703014,-27.9516515294509,0.));
#13264=CARTESIAN_POINT('Ctrl Pts',(1.70591583062274,-28.2135044486232,0.));
#13265=CARTESIAN_POINT('Ctrl Pts',(1.70591583062274,-28.2135044486232,6.5));
#13266=CARTESIAN_POINT('Ctrl Pts',(2.29339068614584,-28.0329159037798,0.));
#13267=CARTESIAN_POINT('Ctrl Pts',(2.29339068614584,-28.0329159037798,6.5));
#13268=CARTESIAN_POINT('Ctrl Pts',(1.36439138252999,-27.3467101751911,0.));
#13269=CARTESIAN_POINT('Ctrl Pts',(1.36439138252999,-27.3467101751911,6.5));
#13270=CARTESIAN_POINT('Ctrl Pts',(2.7257351420974,-25.9336375475969,0.));
#13271=CARTESIAN_POINT('Ctrl Pts',(2.7257351420974,-25.9336375475969,6.5));
#13272=CARTESIAN_POINT('Ctrl Pts',(4.35112459354359,-27.0327918651049,0.));
#13273=CARTESIAN_POINT('Ctrl Pts',(4.35112459354359,-27.0327918651049,6.5));
#13274=CARTESIAN_POINT('Ctrl Pts',(3.58509634690809,-27.8971521681171,0.));
#13275=CARTESIAN_POINT('Ctrl Pts',(3.58509634690809,-27.8971521681171,6.5));
#13276=CARTESIAN_POINT('Ctrl Pts',(4.19727993703014,-27.9516515294509,0.));
#13277=CARTESIAN_POINT('Ctrl Pts',(4.19727993703014,-27.9516515294509,6.5));
#13278=CARTESIAN_POINT('',(1.70591583062296,-28.2135044486232,0.));
#13279=CARTESIAN_POINT('Origin',(0.,0.,0.));
#13280=CARTESIAN_POINT('Ctrl Pts',(28.2135044486232,1.70591583062274,0.));
#13281=CARTESIAN_POINT('Ctrl Pts',(28.2135044486232,1.70591583062274,6.5));
#13282=CARTESIAN_POINT('Ctrl Pts',(28.0329159037798,2.29339068614584,0.));
#13283=CARTESIAN_POINT('Ctrl Pts',(28.0329159037798,2.29339068614584,6.5));
#13284=CARTESIAN_POINT('Ctrl Pts',(27.3467101751911,1.36439138252999,0.));
#13285=CARTESIAN_POINT('Ctrl Pts',(27.3467101751911,1.36439138252999,6.5));
#13286=CARTESIAN_POINT('Ctrl Pts',(25.9336375475969,2.7257351420974,0.));
#13287=CARTESIAN_POINT('Ctrl Pts',(25.9336375475969,2.7257351420974,6.5));
#13288=CARTESIAN_POINT('Ctrl Pts',(27.0327918651049,4.35112459354359,0.));
#13289=CARTESIAN_POINT('Ctrl Pts',(27.0327918651049,4.35112459354359,6.5));
#13290=CARTESIAN_POINT('Ctrl Pts',(27.8971521681171,3.58509634690809,0.));
#13291=CARTESIAN_POINT('Ctrl Pts',(27.8971521681171,3.58509634690809,6.5));
#13292=CARTESIAN_POINT('Ctrl Pts',(27.9516515294509,4.19727993703014,0.));
#13293=CARTESIAN_POINT('Ctrl Pts',(27.9516515294509,4.19727993703014,6.5));
#13294=CARTESIAN_POINT('',(27.9516515294509,4.19727993703014,0.));
#13295=CARTESIAN_POINT('',(28.2135044486232,1.70591583062296,0.));
#13296=CARTESIAN_POINT('Origin',(0.,0.,0.));
#13297=CARTESIAN_POINT('',(27.3597942360211,7.09602997853289,0.));
#13298=CARTESIAN_POINT('Ctrl Pts',(27.880631158987,4.64568490861935,0.));
#13299=CARTESIAN_POINT('Ctrl Pts',(27.880631158987,4.64568490861935,6.5));
#13300=CARTESIAN_POINT('Ctrl Pts',(27.6396240532314,5.21106487233916,0.));
#13301=CARTESIAN_POINT('Ctrl Pts',(27.6396240532314,5.21106487233916,6.5));
#13302=CARTESIAN_POINT('Ctrl Pts',(27.0542843010064,4.21542669381648,0.));
#13303=CARTESIAN_POINT('Ctrl Pts',(27.0542843010064,4.21542669381648,6.5));
#13304=CARTESIAN_POINT('Ctrl Pts',(25.5066534619518,5.42160655958123,0.));
#13305=CARTESIAN_POINT('Ctrl Pts',(25.5066534619518,5.42160655958123,6.5));
#13306=CARTESIAN_POINT('Ctrl Pts',(26.429887035531,7.15298486924821,0.));
#13307=CARTESIAN_POINT('Ctrl Pts',(26.429887035531,7.15298486924821,6.5));
#13308=CARTESIAN_POINT('Ctrl Pts',(27.3695840378041,6.48150325968206,0.));
#13309=CARTESIAN_POINT('Ctrl Pts',(27.3695840378041,6.48150325968206,6.5));
#13310=CARTESIAN_POINT('Ctrl Pts',(27.3597942360211,7.09602997853289,0.));
#13311=CARTESIAN_POINT('Ctrl Pts',(27.3597942360211,7.09602997853289,6.5));
#13312=CARTESIAN_POINT('',(27.8806311589869,4.64568490861956,0.));
#13313=CARTESIAN_POINT('Origin',(0.,0.,0.));
#13314=CARTESIAN_POINT('Origin',(0.,0.,0.));
#13315=CARTESIAN_POINT('',(28.2372646794649,1.2525436182,0.));
#13316=CARTESIAN_POINT('Ctrl Pts',(28.2372646794649,-1.25254361820001,0.));
#13317=CARTESIAN_POINT('Ctrl Pts',(28.2372646794649,-1.25254361820001,6.5));
#13318=CARTESIAN_POINT('Ctrl Pts',(28.1190732614217,-0.649410368327758,
0.));
#13319=CARTESIAN_POINT('Ctrl Pts',(28.1190732614217,-0.649410368327758,
6.5));
#13320=CARTESIAN_POINT('Ctrl Pts',(27.3395197700294,-1.50159248626076,0.));
#13321=CARTESIAN_POINT('Ctrl Pts',(27.3395197700294,-1.50159248626076,6.5));
#13322=CARTESIAN_POINT('Ctrl Pts',(26.076487273308,-4.7901730008395E-15,
0.));
#13323=CARTESIAN_POINT('Ctrl Pts',(26.076487273308,-4.7901730008395E-15,
6.5));
#13324=CARTESIAN_POINT('Ctrl Pts',(27.3395197700294,1.50159248626075,0.));
#13325=CARTESIAN_POINT('Ctrl Pts',(27.3395197700294,1.50159248626075,6.5));
#13326=CARTESIAN_POINT('Ctrl Pts',(28.1190732614217,0.649410368327747,0.));
#13327=CARTESIAN_POINT('Ctrl Pts',(28.1190732614217,0.649410368327747,6.5));
#13328=CARTESIAN_POINT('Ctrl Pts',(28.2372646794649,1.25254361819999,0.));
#13329=CARTESIAN_POINT('Ctrl Pts',(28.2372646794649,1.25254361819999,6.5));
#13330=CARTESIAN_POINT('',(28.2372646794649,-1.25254361819979,0.));
#13331=CARTESIAN_POINT('Ctrl Pts',(26.4681773115364,-9.91703443065112,0.));
#13332=CARTESIAN_POINT('Ctrl Pts',(26.4681773115364,-9.91703443065112,6.5));
#13333=CARTESIAN_POINT('Ctrl Pts',(26.5421490173194,-9.30689746640124,0.));
#13334=CARTESIAN_POINT('Ctrl Pts',(26.5421490173194,-9.30689746640124,6.5));
#13335=CARTESIAN_POINT('Ctrl Pts',(25.5374108327863,-9.87647554586707,0.));
#13336=CARTESIAN_POINT('Ctrl Pts',(25.5374108327863,-9.87647554586707,6.5));
#13337=CARTESIAN_POINT('Ctrl Pts',(24.8002131433672,-8.05807772105421,0.));
#13338=CARTESIAN_POINT('Ctrl Pts',(24.8002131433672,-8.05807772105421,6.5));
#13339=CARTESIAN_POINT('Ctrl Pts',(26.4654460265469,-7.02027690811081,0.));
#13340=CARTESIAN_POINT('Ctrl Pts',(26.4654460265469,-7.02027690811081,6.5));
#13341=CARTESIAN_POINT('Ctrl Pts',(26.9435066975925,-8.07164554130575,0.));
#13342=CARTESIAN_POINT('Ctrl Pts',(26.9435066975925,-8.07164554130575,6.5));
#13343=CARTESIAN_POINT('Ctrl Pts',(27.2422918399757,-7.53455489058509,0.));
#13344=CARTESIAN_POINT('Ctrl Pts',(27.2422918399757,-7.53455489058509,6.5));
#13345=CARTESIAN_POINT('',(27.2422918399757,-7.53455489058509,0.));
#13346=CARTESIAN_POINT('',(26.4681773115364,-9.91703443065092,0.));
#13347=CARTESIAN_POINT('Ctrl Pts',(22.1082003337195,-17.6107768169883,0.));
#13348=CARTESIAN_POINT('Ctrl Pts',(22.1082003337195,-17.6107768169883,6.5));
#13349=CARTESIAN_POINT('Ctrl Pts',(22.3670942973755,-17.0533605954957,0.));
#13350=CARTESIAN_POINT('Ctrl Pts',(22.3670942973755,-17.0533605954957,6.5));
#13351=CARTESIAN_POINT('Ctrl Pts',(21.2355221936264,-17.2845803655925,0.));
#13352=CARTESIAN_POINT('Ctrl Pts',(21.2355221936264,-17.2845803655925,6.5));
#13353=CARTESIAN_POINT('Ctrl Pts',(21.0963213577082,-15.3273746508428,0.));
#13354=CARTESIAN_POINT('Ctrl Pts',(21.0963213577082,-15.3273746508428,6.5));
#13355=CARTESIAN_POINT('Ctrl Pts',(23.0007500303809,-14.8549526855711,0.));
#13356=CARTESIAN_POINT('Ctrl Pts',(23.0007500303809,-14.8549526855711,6.5));
#13357=CARTESIAN_POINT('Ctrl Pts',(23.1305219717532,-16.0025925468949,0.));
#13358=CARTESIAN_POINT('Ctrl Pts',(23.1305219717532,-16.0025925468949,6.5));
#13359=CARTESIAN_POINT('Ctrl Pts',(23.5806536669816,-15.5841186703489,0.));
#13360=CARTESIAN_POINT('Ctrl Pts',(23.5806536669816,-15.5841186703489,6.5));
#13361=CARTESIAN_POINT('',(23.5806536669816,-15.5841186703489,0.));
#13362=CARTESIAN_POINT('',(22.1082003337197,-17.6107768169881,0.));
#13363=CARTESIAN_POINT('Origin',(0.,0.,0.));
#13364=CARTESIAN_POINT('',(26.3054802707497,-10.3408747124626,0.));
#13365=CARTESIAN_POINT('Ctrl Pts',(25.2865694976043,-12.6293857782743,0.));
#13366=CARTESIAN_POINT('Ctrl Pts',(25.2865694976043,-12.6293857782743,6.5));
#13367=CARTESIAN_POINT('Ctrl Pts',(25.4239126578991,-12.030323356885,0.));
#13368=CARTESIAN_POINT('Ctrl Pts',(25.4239126578991,-12.030323356885,6.5));
#13369=CARTESIAN_POINT('Ctrl Pts',(24.3651414129109,-12.49175748962,0.));
#13370=CARTESIAN_POINT('Ctrl Pts',(24.3651414129109,-12.49175748962,6.5));
#13371=CARTESIAN_POINT('Ctrl Pts',(23.8220564998056,-10.6062628967541,0.));
#13372=CARTESIAN_POINT('Ctrl Pts',(23.8220564998056,-10.6062628967541,6.5));
#13373=CARTESIAN_POINT('Ctrl Pts',(25.58664678717,-9.74821149951248,0.));
#13374=CARTESIAN_POINT('Ctrl Pts',(25.58664678717,-9.74821149951248,6.5));
#13375=CARTESIAN_POINT('Ctrl Pts',(25.9521906442836,-10.8437915726214,0.));
#13376=CARTESIAN_POINT('Ctrl Pts',(25.9521906442836,-10.8437915726214,6.5));
#13377=CARTESIAN_POINT('Ctrl Pts',(26.3054802707497,-10.3408747124626,0.));
#13378=CARTESIAN_POINT('Ctrl Pts',(26.3054802707497,-10.3408747124626,6.5));
#13379=CARTESIAN_POINT('',(25.2865694976044,-12.6293857782741,0.));
#13380=CARTESIAN_POINT('Origin',(0.,0.,0.));
#13381=CARTESIAN_POINT('',(25.0804603549016,-13.0338977470232,0.));
#13382=CARTESIAN_POINT('Ctrl Pts',(23.8279167367016,-15.2033669324417,0.));
#13383=CARTESIAN_POINT('Ctrl Pts',(23.8279167367016,-15.2033669324417,6.5));
#13384=CARTESIAN_POINT('Ctrl Pts',(24.0271265911031,-14.6219425071637,0.));
#13385=CARTESIAN_POINT('Ctrl Pts',(24.0271265911031,-14.6219425071637,6.5));
#13386=CARTESIAN_POINT('Ctrl Pts',(22.925922404982,-14.9701771242483,0.));
#13387=CARTESIAN_POINT('Ctrl Pts',(22.925922404982,-14.9701771242483,6.5));
#13388=CARTESIAN_POINT('Ctrl Pts',(22.5829004201463,-13.038243636654,0.));
#13389=CARTESIAN_POINT('Ctrl Pts',(22.5829004201463,-13.038243636654,6.5));
#13390=CARTESIAN_POINT('Ctrl Pts',(24.4275148912427,-12.3693426457811,0.));
#13391=CARTESIAN_POINT('Ctrl Pts',(24.4275148912427,-12.3693426457811,6.5));
#13392=CARTESIAN_POINT('Ctrl Pts',(24.6765369594308,-13.497130754258,0.));
#13393=CARTESIAN_POINT('Ctrl Pts',(24.6765369594308,-13.497130754258,6.5));
#13394=CARTESIAN_POINT('Ctrl Pts',(25.0804603549016,-13.0338977470232,0.));
#13395=CARTESIAN_POINT('Ctrl Pts',(25.0804603549016,-13.0338977470232,6.5));
#13396=CARTESIAN_POINT('',(23.8279167367018,-15.2033669324415,0.));
#13397=CARTESIAN_POINT('Origin',(0.,0.,0.));
#13398=CARTESIAN_POINT('Ctrl Pts',(17.9635967283358,-21.822492402917,0.));
#13399=CARTESIAN_POINT('Ctrl Pts',(17.9635967283358,-21.822492402917,6.5));
#13400=CARTESIAN_POINT('Ctrl Pts',(18.3327265868301,-21.3310841449802,0.));
#13401=CARTESIAN_POINT('Ctrl Pts',(18.3327265868301,-21.3310841449802,6.5));
#13402=CARTESIAN_POINT('Ctrl Pts',(17.1778087551393,-21.3219841389698,0.));
#13403=CARTESIAN_POINT('Ctrl Pts',(17.1778087551393,-21.3219841389698,6.5));
#13404=CARTESIAN_POINT('Ctrl Pts',(17.4485757408976,-19.378606583786,0.));
#13405=CARTESIAN_POINT('Ctrl Pts',(17.4485757408976,-19.378606583786,6.5));
#13406=CARTESIAN_POINT('Ctrl Pts',(19.4096101274202,-19.3124611572987,0.));
#13407=CARTESIAN_POINT('Ctrl Pts',(19.4096101274202,-19.3124611572987,6.5));
#13408=CARTESIAN_POINT('Ctrl Pts',(19.2979384964984,-20.4620034379104,0.));
#13409=CARTESIAN_POINT('Ctrl Pts',(19.2979384964984,-20.4620034379104,6.5));
#13410=CARTESIAN_POINT('Ctrl Pts',(19.825239345436,-20.1462618614428,0.));
#13411=CARTESIAN_POINT('Ctrl Pts',(19.825239345436,-20.1462618614428,6.5));
#13412=CARTESIAN_POINT('',(19.825239345436,-20.1462618614428,0.));
#13413=CARTESIAN_POINT('',(17.963596728336,-21.8224924029169,0.));
#13414=CARTESIAN_POINT('Origin',(0.,0.,0.));
#13415=CARTESIAN_POINT('Origin',(0.,0.,0.));
#13416=CARTESIAN_POINT('',(21.822492402917,-17.9635967283359,0.));
#13417=CARTESIAN_POINT('Ctrl Pts',(20.1462618614428,-19.825239345436,0.));
#13418=CARTESIAN_POINT('Ctrl Pts',(20.1462618614428,-19.825239345436,6.5));
#13419=CARTESIAN_POINT('Ctrl Pts',(20.4620034379104,-19.2979384964984,0.));
#13420=CARTESIAN_POINT('Ctrl Pts',(20.4620034379104,-19.2979384964984,6.5));
#13421=CARTESIAN_POINT('Ctrl Pts',(19.3124611572987,-19.4096101274202,0.));
#13422=CARTESIAN_POINT('Ctrl Pts',(19.3124611572987,-19.4096101274202,6.5));
#13423=CARTESIAN_POINT('Ctrl Pts',(19.378606583786,-17.4485757408976,0.));
#13424=CARTESIAN_POINT('Ctrl Pts',(19.378606583786,-17.4485757408976,6.5));
#13425=CARTESIAN_POINT('Ctrl Pts',(21.3219841389698,-17.1778087551393,0.));
#13426=CARTESIAN_POINT('Ctrl Pts',(21.3219841389698,-17.1778087551393,6.5));
#13427=CARTESIAN_POINT('Ctrl Pts',(21.3310841449802,-18.3327265868301,0.));
#13428=CARTESIAN_POINT('Ctrl Pts',(21.3310841449802,-18.3327265868301,6.5));
#13429=CARTESIAN_POINT('Ctrl Pts',(21.822492402917,-17.9635967283359,0.));
#13430=CARTESIAN_POINT('Ctrl Pts',(21.822492402917,-17.9635967283359,6.5));
#13431=CARTESIAN_POINT('',(20.146261861443,-19.8252393454358,0.));
#13432=CARTESIAN_POINT('Origin',(0.,0.,0.));
#13433=CARTESIAN_POINT('Ctrl Pts',(27.3597942360211,-7.09602997853292,0.));
#13434=CARTESIAN_POINT('Ctrl Pts',(27.3597942360211,-7.09602997853292,6.5));
#13435=CARTESIAN_POINT('Ctrl Pts',(27.3695840378041,-6.48150325968209,0.));
#13436=CARTESIAN_POINT('Ctrl Pts',(27.3695840378041,-6.48150325968209,6.5));
#13437=CARTESIAN_POINT('Ctrl Pts',(26.429887035531,-7.15298486924824,0.));
#13438=CARTESIAN_POINT('Ctrl Pts',(26.429887035531,-7.15298486924824,6.5));
#13439=CARTESIAN_POINT('Ctrl Pts',(25.5066534619518,-5.42160655958126,0.));
#13440=CARTESIAN_POINT('Ctrl Pts',(25.5066534619518,-5.42160655958126,6.5));
#13441=CARTESIAN_POINT('Ctrl Pts',(27.0542843010064,-4.21542669381652,0.));
#13442=CARTESIAN_POINT('Ctrl Pts',(27.0542843010064,-4.21542669381652,6.5));
#13443=CARTESIAN_POINT('Ctrl Pts',(27.6396240532314,-5.2110648723392,0.));
#13444=CARTESIAN_POINT('Ctrl Pts',(27.6396240532314,-5.2110648723392,6.5));
#13445=CARTESIAN_POINT('Ctrl Pts',(27.880631158987,-4.64568490861938,0.));
#13446=CARTESIAN_POINT('Ctrl Pts',(27.880631158987,-4.64568490861938,6.5));
#13447=CARTESIAN_POINT('',(27.880631158987,-4.64568490861938,0.));
#13448=CARTESIAN_POINT('',(27.3597942360211,-7.09602997853271,0.));
#13449=CARTESIAN_POINT('Origin',(0.,0.,0.));
#13450=CARTESIAN_POINT('Origin',(0.,0.,0.));
#13451=CARTESIAN_POINT('',(28.2135044486232,-1.70591583062278,0.));
#13452=CARTESIAN_POINT('Ctrl Pts',(27.9516515294509,-4.19727993703018,0.));
#13453=CARTESIAN_POINT('Ctrl Pts',(27.9516515294509,-4.19727993703018,6.5));
#13454=CARTESIAN_POINT('Ctrl Pts',(27.8971521681171,-3.58509634690812,0.));
#13455=CARTESIAN_POINT('Ctrl Pts',(27.8971521681171,-3.58509634690812,6.5));
#13456=CARTESIAN_POINT('Ctrl Pts',(27.0327918651049,-4.35112459354362,0.));
#13457=CARTESIAN_POINT('Ctrl Pts',(27.0327918651049,-4.35112459354362,6.5));
#13458=CARTESIAN_POINT('Ctrl Pts',(25.9336375475969,-2.72573514209743,0.));
#13459=CARTESIAN_POINT('Ctrl Pts',(25.9336375475969,-2.72573514209743,6.5));
#13460=CARTESIAN_POINT('Ctrl Pts',(27.3467101751911,-1.36439138253002,0.));
#13461=CARTESIAN_POINT('Ctrl Pts',(27.3467101751911,-1.36439138253002,6.5));
#13462=CARTESIAN_POINT('Ctrl Pts',(28.0329159037798,-2.29339068614587,0.));
#13463=CARTESIAN_POINT('Ctrl Pts',(28.0329159037798,-2.29339068614587,6.5));
#13464=CARTESIAN_POINT('Ctrl Pts',(28.2135044486232,-1.70591583062278,0.));
#13465=CARTESIAN_POINT('Ctrl Pts',(28.2135044486232,-1.70591583062278,6.5));
#13466=CARTESIAN_POINT('',(27.9516515294509,-4.19727993702996,0.));
#13467=CARTESIAN_POINT('Origin',(0.,0.,0.));
#13468=UNCERTAINTY_MEASURE_WITH_UNIT(LENGTH_MEASURE(0.01),#13472,
'DISTANCE_ACCURACY_VALUE',
'Maximum model space distance between geometric entities at asserted c
onnectivities');
#13469=UNCERTAINTY_MEASURE_WITH_UNIT(LENGTH_MEASURE(0.01),#13472,
'DISTANCE_ACCURACY_VALUE',
'Maximum model space distance between geometric entities at asserted c
onnectivities');
#13470=(
GEOMETRIC_REPRESENTATION_CONTEXT(3)
GLOBAL_UNCERTAINTY_ASSIGNED_CONTEXT((#13468))
GLOBAL_UNIT_ASSIGNED_CONTEXT((#13472,#13474,#13475))
REPRESENTATION_CONTEXT('','3D')
);
#13471=(
GEOMETRIC_REPRESENTATION_CONTEXT(3)
GLOBAL_UNCERTAINTY_ASSIGNED_CONTEXT((#13469))
GLOBAL_UNIT_ASSIGNED_CONTEXT((#13472,#13474,#13475))
REPRESENTATION_CONTEXT('','3D')
);
#13472=(
LENGTH_UNIT()
NAMED_UNIT(*)
SI_UNIT(.MILLI.,.METRE.)
);
#13473=(
LENGTH_UNIT()
NAMED_UNIT(*)
SI_UNIT($,.METRE.)
);
#13474=(
NAMED_UNIT(*)
PLANE_ANGLE_UNIT()
SI_UNIT($,.RADIAN.)
);
#13475=(
NAMED_UNIT(*)
SI_UNIT($,.STERADIAN.)
SOLID_ANGLE_UNIT()
);
#13476=SHAPE_DEFINITION_REPRESENTATION(#13477,#13478);
#13477=PRODUCT_DEFINITION_SHAPE('',$,#13480);
#13478=SHAPE_REPRESENTATION('',(#6375),#13470);
#13479=PRODUCT_DEFINITION_CONTEXT('part definition',#13484,'design');
#13480=PRODUCT_DEFINITION('HTD-3-60t','HTD-3-60t v4',#13481,#13479);
#13481=PRODUCT_DEFINITION_FORMATION('',$,#13486);
#13482=PRODUCT_RELATED_PRODUCT_CATEGORY('HTD-3-60t v4','HTD-3-60t v4',(#13486));
#13483=APPLICATION_PROTOCOL_DEFINITION('international standard',
'automotive_design',2009,#13484);
#13484=APPLICATION_CONTEXT(
'Core Data for Automotive Mechanical Design Process');
#13485=PRODUCT_CONTEXT('part definition',#13484,'mechanical');
#13486=PRODUCT('HTD-3-60t','HTD-3-60t v4',$,(#13485));
#13487=PRESENTATION_STYLE_ASSIGNMENT((#13488));
#13488=SURFACE_STYLE_USAGE(.BOTH.,#13489);
#13489=SURFACE_SIDE_STYLE('',(#13490));
#13490=SURFACE_STYLE_FILL_AREA(#13491);
#13491=FILL_AREA_STYLE('Paint - Enamel Glossy (Green)',(#13492));
#13492=FILL_AREA_STYLE_COLOUR('Paint - Enamel Glossy (Green)',#13493);
#13493=COLOUR_RGB('Paint - Enamel Glossy (Green)',0.266666666666667,0.588235294117647,
0.282352941176471);
ENDSEC;
END-ISO-10303-21;
