ISO-10303-21;
HEADER;
/* Generated by software containing ST-Developer
 * from STEP Tools, Inc. (www.steptools.com) 
 */

FILE_DESCRIPTION(
/* description */ (''),
/* implementation_level */ '2;1');

FILE_NAME(
/* name */ 'Base_05c .step',
/* time_stamp */ '2026-03-03T14:30:41-08:00',
/* author */ (''),
/* organization */ (''),
/* preprocessor_version */ 'ST-DEVELOPER v20.1',
/* originating_system */ 'Autodesk Translation Framework v14.24.0.0',
/* authorisation */ '');

FILE_SCHEMA (('AUTOMOTIVE_DESIGN { 1 0 10303 214 3 1 1 }'));
ENDSEC;

DATA;
#10=MECHANICAL_DESIGN_GEOMETRIC_PRESENTATION_REPRESENTATION('',(#14,#15),
#5677);
#11=SHAPE_REPRESENTATION_RELATIONSHIP('SRR','None',#5683,#12);
#12=ADVANCED_BREP_SHAPE_REPRESENTATION('',(#13),#5676);
#13=MANIFOLD_SOLID_BREP('Body18',#2632);
#14=STYLED_ITEM('',(#5693),#2574);
#15=STYLED_ITEM('',(#5692),#13);
#16=ELLIPSE('',#2704,4.24264068711929,3.);
#17=ELLIPSE('',#2706,4.24264068711929,3.);
#18=ELLIPSE('',#2707,4.24264068711928,3.);
#19=ELLIPSE('',#2709,4.24264068711929,3.);
#20=ELLIPSE('',#2710,4.24264068711929,3.);
#21=ELLIPSE('',#2715,4.24264068711929,3.);
#22=ELLIPSE('',#2716,4.24264068711929,3.);
#23=ELLIPSE('',#2718,4.24264068711929,3.);
#24=ELLIPSE('',#2719,4.24264068711929,3.);
#25=ELLIPSE('',#2721,4.24264068711929,3.);
#26=ELLIPSE('',#2722,4.24264068711928,3.);
#27=ELLIPSE('',#2750,2.50121885927184,2.25);
#28=ELLIPSE('',#2760,2.42465018347515,2.25);
#29=ELLIPSE('',#2798,4.24264068711928,3.);
#30=ELLIPSE('',#2799,4.24264068711929,3.);
#31=ELLIPSE('',#2801,4.24264068711928,3.);
#32=B_SPLINE_SURFACE_WITH_KNOTS('',3,3,((#3861,#3862,#3863,#3864,#3865,
#3866,#3867,#3868,#3869,#3870,#3871,#3872,#3873,#3874,#3875),(#3876,#3877,
#3878,#3879,#3880,#3881,#3882,#3883,#3884,#3885,#3886,#3887,#3888,#3889,
#3890),(#3891,#3892,#3893,#3894,#3895,#3896,#3897,#3898,#3899,#3900,#3901,
#3902,#3903,#3904,#3905),(#3906,#3907,#3908,#3909,#3910,#3911,#3912,#3913,
#3914,#3915,#3916,#3917,#3918,#3919,#3920),(#3921,#3922,#3923,#3924,#3925,
#3926,#3927,#3928,#3929,#3930,#3931,#3932,#3933,#3934,#3935)),
 .UNSPECIFIED.,.F.,.F.,.F.,(4,1,4),(4,2,1,1,1,1,1,1,1,1,1,4),(0.,0.571428571428571,
1.),(-0.0441472585645908,0.,0.00948308106544434,0.0189661621308887,0.0379323242617774,
0.0758646485235547,0.085347729588999,0.0948308106544434,0.104313891719888,
0.113796972785332,0.151729297047109,0.379323242617774),.UNSPECIFIED.);
#33=B_SPLINE_SURFACE_WITH_KNOTS('',3,3,((#3990,#3991,#3992,#3993),(#3994,
#3995,#3996,#3997),(#3998,#3999,#4000,#4001),(#4002,#4003,#4004,#4005),
(#4006,#4007,#4008,#4009)),.UNSPECIFIED.,.F.,.F.,.F.,(4,1,4),(4,4),(0.,
0.571428571428571,1.),(-0.646889457443205,-0.169378855329847),
 .UNSPECIFIED.);
#34=B_SPLINE_SURFACE_WITH_KNOTS('',3,3,((#4036,#4037,#4038,#4039),(#4040,
#4041,#4042,#4043),(#4044,#4045,#4046,#4047),(#4048,#4049,#4050,#4051)),
 .UNSPECIFIED.,.F.,.F.,.F.,(4,4),(4,4),(-1.07379383162964E-15,0.475279314488645),
(-1.90188770565593,-1.74079940050012),.UNSPECIFIED.);
#35=B_SPLINE_SURFACE_WITH_KNOTS('',3,1,((#4056,#4057),(#4058,#4059),(#4060,
#4061),(#4062,#4063),(#4064,#4065),(#4066,#4067),(#4068,#4069),(#4070,#4071),
(#4072,#4073),(#4074,#4075),(#4076,#4077),(#4078,#4079),(#4080,#4081),(#4082,
#4083),(#4084,#4085),(#4086,#4087),(#4088,#4089),(#4090,#4091),(#4092,#4093),
(#4094,#4095),(#4096,#4097),(#4098,#4099),(#4100,#4101),(#4102,#4103),(#4104,
#4105),(#4106,#4107),(#4108,#4109),(#4110,#4111),(#4112,#4113),(#4114,#4115),
(#4116,#4117),(#4118,#4119),(#4120,#4121),(#4122,#4123)),.UNSPECIFIED.,
 .F.,.F.,.F.,(4,3,3,3,3,3,3,3,3,3,3,4),(2,2),(-8.28927417681837,-1.25476018660111,
-0.989512014208906,-0.723431268610046,-0.518662187631783,-0.0478123610546586,
0.304005708766478,0.329572856927166,0.690238120566665,1.36907361698667,
3.30844453216916,7.11306081720308),(-0.730722552842849,5.726),
 .UNSPECIFIED.);
#36=B_SPLINE_SURFACE_WITH_KNOTS('',3,3,((#4331,#4332,#4333,#4334,#4335,
#4336,#4337,#4338,#4339,#4340,#4341,#4342,#4343,#4344,#4345),(#4346,#4347,
#4348,#4349,#4350,#4351,#4352,#4353,#4354,#4355,#4356,#4357,#4358,#4359,
#4360),(#4361,#4362,#4363,#4364,#4365,#4366,#4367,#4368,#4369,#4370,#4371,
#4372,#4373,#4374,#4375),(#4376,#4377,#4378,#4379,#4380,#4381,#4382,#4383,
#4384,#4385,#4386,#4387,#4388,#4389,#4390),(#4391,#4392,#4393,#4394,#4395,
#4396,#4397,#4398,#4399,#4400,#4401,#4402,#4403,#4404,#4405)),
 .UNSPECIFIED.,.F.,.F.,.F.,(4,1,4),(4,2,1,1,1,1,1,1,1,1,1,4),(0.,0.571428571428571,
1.),(-0.0441510015423972,0.,0.00948310066420779,0.0189662013284156,0.0379324026568311,
0.0758648053136623,0.0853479059778701,0.0948310066420779,0.104314107306286,
0.113797207970493,0.151729610627325,0.379324026568311),.UNSPECIFIED.);
#37=B_SPLINE_SURFACE_WITH_KNOTS('',3,3,((#4448,#4449,#4450,#4451),(#4452,
#4453,#4454,#4455),(#4456,#4457,#4458,#4459),(#4460,#4461,#4462,#4463),
(#4464,#4465,#4466,#4467)),.UNSPECIFIED.,.F.,.F.,.F.,(4,1,4),(4,4),(0.,
0.571428571428571,1.),(0.379176704255351,0.856687306368709),
 .UNSPECIFIED.);
#38=B_SPLINE_SURFACE_WITH_KNOTS('',3,1,((#4486,#4487),(#4488,#4489),(#4490,
#4491),(#4492,#4493),(#4494,#4495),(#4496,#4497),(#4498,#4499),(#4500,#4501),
(#4502,#4503),(#4504,#4505),(#4506,#4507),(#4508,#4509),(#4510,#4511),(#4512,
#4513),(#4514,#4515),(#4516,#4517),(#4518,#4519),(#4520,#4521),(#4522,#4523),
(#4524,#4525),(#4526,#4527),(#4528,#4529),(#4530,#4531),(#4532,#4533),(#4534,
#4535),(#4536,#4537),(#4538,#4539),(#4540,#4541),(#4542,#4543),(#4544,#4545),
(#4546,#4547),(#4548,#4549),(#4550,#4551),(#4552,#4553),(#4554,#4555),(#4556,
#4557),(#4558,#4559)),.UNSPECIFIED.,.F.,.F.,.F.,(4,3,3,3,3,3,3,3,3,3,3,
3,4),(2,2),(-8.27606502268205,-1.28358080507199,-0.921773037186728,-0.613263781245414,
-0.159942366202667,0.030959452278893,0.372370406695837,0.506524496776501,
0.714366286326241,1.21136064067316,2.05035087465048,3.72833134260512,7.0842922785144),
(-0.769259558873027,5.726),.UNSPECIFIED.);
#39=B_SPLINE_SURFACE_WITH_KNOTS('',3,3,((#4770,#4771,#4772,#4773),(#4774,
#4775,#4776,#4777),(#4778,#4779,#4780,#4781),(#4782,#4783,#4784,#4785)),
 .UNSPECIFIED.,.F.,.F.,.F.,(4,4),(4,4),(-3.71230823859037E-16,0.475279314488645),
(-0.243584261727723,-0.0824959565719112),.UNSPECIFIED.);
#40=B_SPLINE_SURFACE_WITH_KNOTS('',3,1,((#4819,#4820),(#4821,#4822),(#4823,
#4824),(#4825,#4826),(#4827,#4828),(#4829,#4830)),.UNSPECIFIED.,.F.,.F.,
 .F.,(4,2,4),(2,2),(-0.617620269957498,-0.287207726432198,0.),(0.,6.2975),
 .UNSPECIFIED.);
#41=B_SPLINE_SURFACE_WITH_KNOTS('',3,1,((#4839,#4840),(#4841,#4842),(#4843,
#4844),(#4845,#4846),(#4847,#4848),(#4849,#4850)),.UNSPECIFIED.,.F.,.F.,
 .F.,(4,2,4),(2,2),(-0.617321649339019,-0.330252788408924,0.),(0.,6.2975),
 .UNSPECIFIED.);
#42=B_SPLINE_SURFACE_WITH_KNOTS('',3,1,((#4928,#4929),(#4930,#4931),(#4932,
#4933),(#4934,#4935),(#4936,#4937),(#4938,#4939)),.UNSPECIFIED.,.F.,.F.,
 .F.,(4,2,4),(2,2),(-0.0893208577737836,-0.0439686437003351,0.),(0.,6.2975),
 .UNSPECIFIED.);
#43=B_SPLINE_SURFACE_WITH_KNOTS('',3,1,((#4958,#4959),(#4960,#4961),(#4962,
#4963),(#4964,#4965),(#4966,#4967),(#4968,#4969)),.UNSPECIFIED.,.F.,.F.,
 .F.,(4,2,4),(2,2),(-0.217659144406562,-0.105174324476631,0.),(0.,6.2975),
 .UNSPECIFIED.);
#44=B_SPLINE_SURFACE_WITH_KNOTS('',3,1,((#4977,#4978),(#4979,#4980),(#4981,
#4982),(#4983,#4984),(#4985,#4986),(#4987,#4988)),.UNSPECIFIED.,.F.,.F.,
 .F.,(4,2,4),(2,2),(-0.217647153037573,-0.112478622868995,0.),(0.,6.2975),
 .UNSPECIFIED.);
#45=B_SPLINE_SURFACE_WITH_KNOTS('',3,1,((#4998,#4999),(#5000,#5001),(#5002,
#5003),(#5004,#5005),(#5006,#5007),(#5008,#5009)),.UNSPECIFIED.,.F.,.F.,
 .F.,(4,2,4),(2,2),(-0.0893203671174174,-0.0453519649451586,0.),(0.,6.2975),
 .UNSPECIFIED.);
#46=CONICAL_SURFACE('',#2639,2.64970446053239,0.785398163397448);
#47=CONICAL_SURFACE('',#2644,2.64970446053239,0.785398163397444);
#48=CONICAL_SURFACE('',#2646,9.59407230361309,0.785398163397447);
#49=CONICAL_SURFACE('',#2648,2.64970446053239,0.785398163397446);
#50=CONICAL_SURFACE('',#2658,2.64970446053239,0.785398163397449);
#51=CONICAL_SURFACE('',#2671,2.64970446053239,0.785398163397448);
#52=CONICAL_SURFACE('',#2726,2.64970446053239,0.785398163397445);
#53=CONICAL_SURFACE('',#2768,2.64970446053239,0.785398163397444);
#54=CONICAL_SURFACE('',#2769,2.64970446053239,0.785398163397448);
#55=CONICAL_SURFACE('',#2771,9.59407230361309,0.785398163397448);
#56=CONICAL_SURFACE('',#2775,9.59407230361309,0.785398163397445);
#57=CONICAL_SURFACE('',#2779,9.59407230361309,0.785398163397447);
#58=FACE_BOUND('',#452,.T.);
#59=FACE_BOUND('',#453,.T.);
#60=FACE_BOUND('',#454,.T.);
#61=FACE_BOUND('',#462,.T.);
#62=FACE_BOUND('',#466,.T.);
#63=FACE_BOUND('',#469,.T.);
#64=FACE_BOUND('',#512,.T.);
#65=FACE_BOUND('',#517,.T.);
#66=FACE_BOUND('',#523,.T.);
#67=FACE_BOUND('',#535,.T.);
#68=FACE_BOUND('',#536,.T.);
#69=FACE_BOUND('',#542,.T.);
#70=FACE_BOUND('',#543,.T.);
#71=FACE_BOUND('',#545,.T.);
#72=FACE_BOUND('',#548,.T.);
#73=FACE_BOUND('',#550,.T.);
#74=FACE_BOUND('',#551,.T.);
#75=FACE_BOUND('',#552,.T.);
#76=FACE_BOUND('',#553,.T.);
#77=FACE_BOUND('',#554,.T.);
#78=FACE_BOUND('',#555,.T.);
#79=FACE_BOUND('',#556,.T.);
#80=FACE_BOUND('',#557,.T.);
#81=FACE_BOUND('',#570,.T.);
#82=FACE_BOUND('',#571,.T.);
#83=FACE_BOUND('',#573,.T.);
#84=FACE_BOUND('',#574,.T.);
#85=FACE_BOUND('',#587,.T.);
#86=FACE_BOUND('',#593,.T.);
#87=FACE_BOUND('',#599,.T.);
#88=FACE_BOUND('',#601,.T.);
#89=FACE_BOUND('',#604,.T.);
#90=FACE_BOUND('',#606,.T.);
#91=FACE_BOUND('',#609,.T.);
#92=FACE_BOUND('',#612,.T.);
#93=FACE_BOUND('',#614,.T.);
#94=FACE_BOUND('',#616,.T.);
#95=FACE_BOUND('',#619,.T.);
#96=B_SPLINE_CURVE_WITH_KNOTS('',3,(#3543,#3544,#3545,#3546,#3547,#3548,
#3549,#3550,#3551,#3552,#3553,#3554,#3555,#3556,#3557,#3558,#3559,#3560,
#3561,#3562,#3563,#3564,#3565,#3566,#3567,#3568,#3569,#3570,#3571,#3572,
#3573,#3574,#3575,#3576),.UNSPECIFIED.,.T.,.F.,(4,2,2,2,2,2,2,2,2,2,2,2,
2,2,2,2,4),(0.,0.0850832503426434,0.170166500685287,0.255241522126453,0.340316543567619,
0.425391565008784,0.51046658644995,0.595549836792594,0.680633087135237,
0.76571633747788,0.850799587820524,0.93587460926169,1.02094963070286,1.10602465214402,
1.19109967358519,1.27618292392783,1.36126617427047),.UNSPECIFIED.);
#97=B_SPLINE_CURVE_WITH_KNOTS('',3,(#3578,#3579,#3580,#3581,#3582,#3583,
#3584,#3585,#3586,#3587,#3588,#3589,#3590,#3591,#3592,#3593,#3594,#3595,
#3596,#3597,#3598,#3599,#3600,#3601,#3602,#3603,#3604,#3605,#3606,#3607,
#3608,#3609,#3610,#3611),.UNSPECIFIED.,.T.,.F.,(4,2,2,2,2,2,2,2,2,2,2,2,
2,2,2,2,4),(0.,0.0850832503426434,0.170166500685287,0.255241522126453,0.340316543567619,
0.425391565008784,0.51046658644995,0.595549836792594,0.680633087135237,
0.765716337477881,0.850799587820524,0.93587460926169,1.02094963070286,1.10602465214402,
1.19109967358519,1.27618292392783,1.36126617427047),.UNSPECIFIED.);
#98=B_SPLINE_CURVE_WITH_KNOTS('',3,(#3613,#3614,#3615,#3616,#3617,#3618,
#3619,#3620,#3621,#3622,#3623,#3624,#3625,#3626,#3627,#3628,#3629,#3630,
#3631,#3632,#3633,#3634,#3635,#3636,#3637,#3638,#3639,#3640,#3641,#3642,
#3643,#3644,#3645,#3646),.UNSPECIFIED.,.T.,.F.,(4,2,2,2,2,2,2,2,2,2,2,2,
2,2,2,2,4),(0.,0.0850832503426435,0.170166500685287,0.255241522126453,0.340316543567619,
0.425391565008785,0.51046658644995,0.595549836792594,0.680633087135237,
0.765716337477881,0.850799587820524,0.93587460926169,1.02094963070286,1.10602465214402,
1.19109967358519,1.27618292392783,1.36126617427047),.UNSPECIFIED.);
#99=B_SPLINE_CURVE_WITH_KNOTS('',3,(#3681,#3682,#3683,#3684,#3685,#3686,
#3687,#3688,#3689,#3690),.UNSPECIFIED.,.F.,.F.,(4,2,2,2,4),(0.252851037293739,
0.286809727038602,0.390888967015788,0.493743640057416,0.494578025913218),
 .UNSPECIFIED.);
#100=B_SPLINE_CURVE_WITH_KNOTS('',3,(#3698,#3699,#3700,#3701,#3702,#3703,
#3704,#3705),.UNSPECIFIED.,.F.,.F.,(4,2,2,4),(8.63851784293004,8.74078399458873,
8.95348302751051,8.99819100261849),.UNSPECIFIED.);
#101=B_SPLINE_CURVE_WITH_KNOTS('',3,(#3706,#3707,#3708,#3709,#3710,#3711,
#3712,#3713,#3714,#3715),.UNSPECIFIED.,.F.,.F.,(4,3,3,4),(2.45023691059431,
2.47801836755634,2.51934685559489,2.55107801245797),.UNSPECIFIED.);
#102=B_SPLINE_CURVE_WITH_KNOTS('',3,(#3729,#3730,#3731,#3732,#3733,#3734,
#3735),.UNSPECIFIED.,.F.,.F.,(4,3,4),(0.,0.0225794812632161,0.0329539615011357),
 .UNSPECIFIED.);
#103=B_SPLINE_CURVE_WITH_KNOTS('',3,(#3736,#3737,#3738,#3739,#3740,#3741,
#3742,#3743),.UNSPECIFIED.,.F.,.F.,(4,2,2,4),(4.79694728378572,4.80507359356898,
5.0195775743875,5.14984382883846),.UNSPECIFIED.);
#104=B_SPLINE_CURVE_WITH_KNOTS('',3,(#3754,#3755,#3756,#3757),
 .UNSPECIFIED.,.F.,.F.,(4,4),(-6.2975,-3.95081049246521),.UNSPECIFIED.);
#105=B_SPLINE_CURVE_WITH_KNOTS('',3,(#3761,#3762,#3763,#3764),
 .UNSPECIFIED.,.F.,.F.,(4,4),(-2.34668950753479,0.),.UNSPECIFIED.);
#106=B_SPLINE_CURVE_WITH_KNOTS('',3,(#3765,#3766,#3767,#3768,#3769,#3770,
#3771,#3772),.UNSPECIFIED.,.F.,.F.,(4,2,2,4),(8.63851784293004,8.74078399458873,
8.95348302751051,8.99819100261849),.UNSPECIFIED.);
#107=B_SPLINE_CURVE_WITH_KNOTS('',3,(#3777,#3778,#3779,#3780,#3781,#3782,
#3783,#3784,#3785,#3786),.UNSPECIFIED.,.F.,.F.,(4,3,3,4),(6.93269455349272,
6.97970558740842,7.06289738704007,7.08123240902497),.UNSPECIFIED.);
#108=B_SPLINE_CURVE_WITH_KNOTS('',3,(#3788,#3789,#3790,#3791,#3792,#3793,
#3794,#3795),.UNSPECIFIED.,.F.,.F.,(4,2,2,4),(4.79694728378571,4.80507359356897,
5.01957757438749,5.14984382883845),.UNSPECIFIED.);
#109=B_SPLINE_CURVE_WITH_KNOTS('',3,(#3803,#3804,#3805,#3806),
 .UNSPECIFIED.,.F.,.F.,(4,4),(-5.89768950753479,-5.726),.UNSPECIFIED.);
#110=B_SPLINE_CURVE_WITH_KNOTS('',3,(#3808,#3809,#3810,#3811),
 .UNSPECIFIED.,.F.,.F.,(4,4),(-2.99418950753479,-0.572499999999991),
 .UNSPECIFIED.);
#111=B_SPLINE_CURVE_WITH_KNOTS('',3,(#3813,#3814,#3815,#3816,#3817,#3818,
#3819,#3820),.UNSPECIFIED.,.F.,.F.,(4,2,2,4),(0.277776448780747,0.336091652215455,
0.504137478323183,0.606876282097519),.UNSPECIFIED.);
#112=B_SPLINE_CURVE_WITH_KNOTS('',3,(#3824,#3825,#3826,#3827,#3828,#3829,
#3830,#3831),.UNSPECIFIED.,.F.,.F.,(4,2,2,4),(-0.606876282097519,-0.50413747832318,
-0.336091652215455,-0.277776448780744),.UNSPECIFIED.);
#113=B_SPLINE_CURVE_WITH_KNOTS('',3,(#3833,#3834,#3835,#3836),
 .UNSPECIFIED.,.F.,.F.,(4,4),(-5.725,-3.3033104924652),.UNSPECIFIED.);
#114=B_SPLINE_CURVE_WITH_KNOTS('',3,(#3837,#3838,#3839,#3840),
 .UNSPECIFIED.,.F.,.F.,(4,4),(-0.769259558873025,-0.597570051338238),
 .UNSPECIFIED.);
#115=B_SPLINE_CURVE_WITH_KNOTS('',3,(#3854,#3855,#3856,#3857,#3858,#3859,
#3860),.UNSPECIFIED.,.F.,.F.,(4,3,4),(0.,0.022579481301423,0.03295351015992),
 .UNSPECIFIED.);
#116=B_SPLINE_CURVE_WITH_KNOTS('',3,(#3938,#3939,#3940,#3941,#3942,#3943,
#3944,#3945),.UNSPECIFIED.,.F.,.F.,(4,2,2,4),(0.294842319281181,0.305138274962997,
0.416749737175009,0.532923412234311),.UNSPECIFIED.);
#117=B_SPLINE_CURVE_WITH_KNOTS('',3,(#3947,#3948,#3949,#3950,#3951,#3952,
#3953,#3954,#3955,#3956,#3957,#3958,#3959,#3960,#3961),.UNSPECIFIED.,.F.,
 .F.,(4,2,1,1,1,1,1,1,1,1,1,4),(-0.0244037304848869,0.,0.00948308106544434,
0.0189661621308887,0.0379323242617774,0.0758646485235547,0.085347729588999,
0.0948308106544434,0.104313891719888,0.113796972785332,0.151729297047109,
0.379323242617774),.UNSPECIFIED.);
#118=B_SPLINE_CURVE_WITH_KNOTS('',3,(#3965,#3966,#3967,#3968,#3969,#3970,
#3971,#3972,#3973,#3974,#3975,#3976,#3977,#3978,#3979),.UNSPECIFIED.,.F.,
 .F.,(4,1,1,1,1,1,1,1,1,1,2,4),(-0.379323242617774,-0.151729297047109,-0.113796972785332,
-0.104313891719888,-0.0948308106544434,-0.085347729588999,-0.0758646485235547,
-0.0379323242617774,-0.0189661621308887,-0.00948308106544434,0.,3.58025248389906E-5),
 .UNSPECIFIED.);
#119=B_SPLINE_CURVE_WITH_KNOTS('',3,(#3980,#3981,#3982,#3983,#3984,#3985,
#3986,#3987,#3988,#3989),.UNSPECIFIED.,.F.,.F.,(4,2,2,2,4),(-0.00084111140465881,
0.,0.10368373057205,0.208601898663852,0.242834311950805),.UNSPECIFIED.);
#120=B_SPLINE_CURVE_WITH_KNOTS('',3,(#4012,#4013,#4014,#4015,#4016,#4017,
#4018,#4019),.UNSPECIFIED.,.F.,.F.,(4,2,2,4),(0.,0.142500238115061,0.313392376199337,
0.505861564940738),.UNSPECIFIED.);
#121=B_SPLINE_CURVE_WITH_KNOTS('',3,(#4020,#4021,#4022,#4023),
 .UNSPECIFIED.,.F.,.F.,(4,4),(0.580809450539328,0.646889457443205),
 .UNSPECIFIED.);
#122=B_SPLINE_CURVE_WITH_KNOTS('',3,(#4024,#4025,#4026,#4027),
 .UNSPECIFIED.,.F.,.F.,(4,4),(-0.646889457443205,-0.169378855329847),
 .UNSPECIFIED.);
#123=B_SPLINE_CURVE_WITH_KNOTS('',3,(#4052,#4053,#4054,#4055),
 .UNSPECIFIED.,.F.,.F.,(4,4),(1.74079940050012,1.90188770565593),
 .UNSPECIFIED.);
#124=B_SPLINE_CURVE_WITH_KNOTS('',3,(#4125,#4126,#4127,#4128),
 .UNSPECIFIED.,.F.,.F.,(4,4),(-0.505102168279132,-0.139220626015048),
 .UNSPECIFIED.);
#125=B_SPLINE_CURVE_WITH_KNOTS('',3,(#4130,#4131,#4132,#4133,#4134,#4135,
#4136),.UNSPECIFIED.,.F.,.F.,(4,3,4),(0.,0.0478123610546589,0.139851034920697),
 .UNSPECIFIED.);
#126=B_SPLINE_CURVE_WITH_KNOTS('',3,(#4140,#4141,#4142,#4143,#4144,#4145,
#4146,#4147,#4148,#4149,#4150,#4151,#4152,#4153,#4154,#4155,#4156,#4157,
#4158,#4159),.UNSPECIFIED.,.F.,.F.,(4,2,2,2,2,2,2,2,2,4),(-1.29716231337402,
-1.13930984799035,-0.971397173740728,-0.844256000162236,-0.758303490214209,
-0.702399768055346,-0.669356013880043,-0.652916635553945,-0.642739809962184,
-0.640287738954495),.UNSPECIFIED.);
#127=B_SPLINE_CURVE_WITH_KNOTS('',3,(#4161,#4162,#4163,#4164,#4165,#4166,
#4167,#4168,#4169,#4170,#4171,#4172,#4173,#4174,#4175,#4176,#4177,#4178),
 .UNSPECIFIED.,.F.,.F.,(4,2,2,2,2,2,2,2,4),(-0.640287738954495,-0.633452119658445,
-0.621453900009875,-0.596480059717447,-0.500792193264698,-0.408198614550033,
-0.292755228612718,-0.0648884984983948,0.),.UNSPECIFIED.);
#128=B_SPLINE_CURVE_WITH_KNOTS('',3,(#4182,#4183,#4184,#4185,#4186,#4187,
#4188,#4189,#4190,#4191,#4192,#4193,#4194,#4195,#4196,#4197,#4198,#4199,
#4200,#4201),.UNSPECIFIED.,.F.,.F.,(4,2,2,2,2,2,2,2,2,4),(-1.29716231337564,
-1.13930984799163,-0.971397173741635,-0.844256000162851,-0.758303490214631,
-0.70239976805565,-0.669356013880255,-0.652916635554126,-0.642739809962347,
-0.640287738954653),.UNSPECIFIED.);
#129=B_SPLINE_CURVE_WITH_KNOTS('',3,(#4203,#4204,#4205,#4206,#4207,#4208,
#4209,#4210,#4211,#4212,#4213,#4214,#4215,#4216,#4217,#4218,#4219,#4220),
 .UNSPECIFIED.,.F.,.F.,(4,2,2,2,2,2,2,2,4),(-0.640287738954653,-0.633452119658587,
-0.621453900009996,-0.596480059717577,-0.500792193264812,-0.408198614550138,
-0.292755228612848,-0.0648884984984184,0.),.UNSPECIFIED.);
#130=B_SPLINE_CURVE_WITH_KNOTS('',3,(#4224,#4225,#4226,#4227,#4228,#4229,
#4230,#4231,#4232,#4233,#4234,#4235,#4236,#4237,#4238,#4239,#4240,#4241,
#4242,#4243),.UNSPECIFIED.,.F.,.F.,(4,2,2,2,2,2,2,2,2,4),(-1.29716231337314,
-1.13930984798967,-0.971397173740261,-0.84425600016189,-0.758303490213954,
-0.702399768055149,-0.669356013879867,-0.652916635553775,-0.642739809962018,
-0.640287738954329),.UNSPECIFIED.);
#131=B_SPLINE_CURVE_WITH_KNOTS('',3,(#4245,#4246,#4247,#4248,#4249,#4250,
#4251,#4252,#4253,#4254,#4255,#4256,#4257,#4258,#4259,#4260,#4261,#4262),
 .UNSPECIFIED.,.F.,.F.,(4,2,2,2,2,2,2,2,4),(-0.640287738954329,-0.633452119658274,
-0.621453900009689,-0.596480059717276,-0.500792193264565,-0.408198614549943,
-0.292755228612669,-0.0648884984983937,0.),.UNSPECIFIED.);
#132=B_SPLINE_CURVE_WITH_KNOTS('',3,(#4266,#4267,#4268,#4269,#4270,#4271,
#4272,#4273,#4274,#4275,#4276,#4277,#4278,#4279,#4280,#4281,#4282,#4283,
#4284,#4285),.UNSPECIFIED.,.F.,.F.,(4,2,2,2,2,2,2,2,2,4),(-1.29716231337631,
-1.13930984799226,-0.971397173742203,-0.844256000163396,-0.758303490215164,
-0.702399768056178,-0.669356013880785,-0.652916635554631,-0.642739809962836,
-0.640287738955138),.UNSPECIFIED.);
#133=B_SPLINE_CURVE_WITH_KNOTS('',3,(#4287,#4288,#4289,#4290,#4291,#4292,
#4293,#4294,#4295,#4296,#4297,#4298,#4299,#4300,#4301,#4302,#4303,#4304),
 .UNSPECIFIED.,.F.,.F.,(4,2,2,2,2,2,2,2,4),(-0.640287738955138,-0.633452119659063,
-0.621453900010459,-0.596480059718009,-0.500792193265165,-0.408198614550406,
-0.292755228612978,-0.0648884984984183,-0.011827448435731),
 .UNSPECIFIED.);
#134=B_SPLINE_CURVE_WITH_KNOTS('',3,(#4306,#4307,#4308,#4309,#4310,#4311,
#4312,#4313,#4314,#4315),.UNSPECIFIED.,.F.,.F.,(4,3,3,4),(-0.617321649339019,
-0.518662187631783,-0.047812361054659,-0.0118223940580073),
 .UNSPECIFIED.);
#135=B_SPLINE_CURVE_WITH_KNOTS('',3,(#4319,#4320,#4321,#4322,#4323,#4324,
#4325),.UNSPECIFIED.,.F.,.F.,(4,3,4),(0.,0.128639238797069,0.217659159443698),
 .UNSPECIFIED.);
#136=B_SPLINE_CURVE_WITH_KNOTS('',3,(#4326,#4327,#4328,#4329),
 .UNSPECIFIED.,.F.,.F.,(4,4),(0.0323252438285529,0.0893208698313678),
 .UNSPECIFIED.);
#137=B_SPLINE_CURVE_WITH_KNOTS('',3,(#4407,#4408,#4409,#4410,#4411,#4412,
#4413,#4414,#4415,#4416,#4417,#4418,#4419,#4420,#4421),.UNSPECIFIED.,.F.,
 .F.,(4,2,1,1,1,1,1,1,1,1,1,4),(-3.57851036305768E-5,0.,0.00948310066420779,
0.0189662013284156,0.0379324026568311,0.0758648053136623,0.0853479059778701,
0.0948310066420779,0.104314107306286,0.113797207970493,0.151729610627325,
0.379324026568311),.UNSPECIFIED.);
#138=B_SPLINE_CURVE_WITH_KNOTS('',3,(#4425,#4426,#4427,#4428,#4429,#4430,
#4431,#4432,#4433,#4434,#4435,#4436,#4437,#4438,#4439),.UNSPECIFIED.,.F.,
 .F.,(4,1,1,1,1,1,1,1,1,1,2,4),(-0.379324026568311,-0.151729610627325,-0.113797207970493,
-0.104314107306286,-0.0948310066420779,-0.0853479059778701,-0.0758648053136623,
-0.0379324026568311,-0.0189662013284156,-0.00948310066420779,0.,0.0244037235148563),
 .UNSPECIFIED.);
#139=B_SPLINE_CURVE_WITH_KNOTS('',3,(#4440,#4441,#4442,#4443,#4444,#4445,
#4446,#4447),.UNSPECIFIED.,.F.,.F.,(4,2,2,4),(0.,0.0994697821579264,0.192446657792283,
0.205398392334249),.UNSPECIFIED.);
#140=B_SPLINE_CURVE_WITH_KNOTS('',3,(#4470,#4471,#4472,#4473,#4474,#4475,
#4476,#4477),.UNSPECIFIED.,.F.,.F.,(4,2,2,4),(0.,0.307030324734372,0.470428461188204,
0.611757129543346),.UNSPECIFIED.);
#141=B_SPLINE_CURVE_WITH_KNOTS('',3,(#4478,#4479,#4480,#4481),
 .UNSPECIFIED.,.F.,.F.,(4,4),(-0.856687306368709,-0.379176704255351),
 .UNSPECIFIED.);
#142=B_SPLINE_CURVE_WITH_KNOTS('',3,(#4482,#4483,#4484,#4485),
 .UNSPECIFIED.,.F.,.F.,(4,4),(0.379176704255351,0.445256711159229),
 .UNSPECIFIED.);
#143=B_SPLINE_CURVE_WITH_KNOTS('',3,(#4561,#4562,#4563,#4564,#4565,#4566,
#4567),.UNSPECIFIED.,.F.,.F.,(4,3,4),(-0.775805597381472,-0.460099665225611,
-0.409029587403072),.UNSPECIFIED.);
#144=B_SPLINE_CURVE_WITH_KNOTS('',3,(#4569,#4570,#4571,#4572),
 .UNSPECIFIED.,.F.,.F.,(4,4),(0.,0.0569953126835651),.UNSPECIFIED.);
#145=B_SPLINE_CURVE_WITH_KNOTS('',3,(#4574,#4575,#4576,#4577,#4578,#4579,
#4580),.UNSPECIFIED.,.F.,.F.,(4,3,4),(0.,0.0259592192782491,0.217647103777474),
 .UNSPECIFIED.);
#146=B_SPLINE_CURVE_WITH_KNOTS('',3,(#4584,#4585,#4586,#4587,#4588,#4589,
#4590),.UNSPECIFIED.,.F.,.F.,(4,3,4),(-0.605792156983543,-0.159942366202667,
0.),.UNSPECIFIED.);
#147=B_SPLINE_CURVE_WITH_KNOTS('',3,(#4592,#4593,#4594,#4595,#4596,#4597,
#4598,#4599,#4600,#4601,#4602,#4603,#4604,#4605,#4606,#4607,#4608,#4609,
#4610,#4611,#4612,#4613,#4614,#4615,#4616,#4617,#4618,#4619,#4620,#4621,
#4622,#4623,#4624,#4625),.UNSPECIFIED.,.F.,.F.,(4,2,2,2,2,2,2,2,2,2,2,2,
2,2,2,2,4),(-1.28423759741225,-1.13930984799046,-0.971397173740797,-0.844256000162273,
-0.758303490214225,-0.702399768055351,-0.669356013880021,-0.652916635553918,
-0.642739809962157,-0.633452119658401,-0.621453900009786,-0.596480059717347,
-0.500792193264591,-0.408198614549915,-0.292755228612597,-0.0648884984983728,
0.),.UNSPECIFIED.);
#148=B_SPLINE_CURVE_WITH_KNOTS('',3,(#4629,#4630,#4631,#4632,#4633,#4634,
#4635,#4636,#4637,#4638,#4639,#4640,#4641,#4642,#4643,#4644,#4645,#4646,
#4647,#4648,#4649,#4650,#4651,#4652,#4653,#4654,#4655,#4656,#4657,#4658,
#4659,#4660,#4661,#4662),.UNSPECIFIED.,.F.,.F.,(4,2,2,2,2,2,2,2,2,2,2,2,
2,2,2,2,4),(-1.29716231337545,-1.13930984799151,-0.971397173741582,-0.844256000162887,
-0.758303490214729,-0.70239976805578,-0.669356013880413,-0.652916635554292,
-0.642739809962527,-0.633452119658774,-0.621453900010167,-0.596480059717726,
-0.500792193264935,-0.408198614550227,-0.292755228612864,-0.0648884984984079,
0.),.UNSPECIFIED.);
#149=B_SPLINE_CURVE_WITH_KNOTS('',3,(#4666,#4667,#4668,#4669,#4670,#4671,
#4672,#4673,#4674,#4675,#4676,#4677,#4678,#4679,#4680,#4681,#4682,#4683,
#4684,#4685,#4686,#4687,#4688,#4689,#4690,#4691,#4692,#4693,#4694,#4695,
#4696,#4697,#4698,#4699),.UNSPECIFIED.,.F.,.F.,(4,2,2,2,2,2,2,2,2,2,2,2,
2,2,2,2,4),(-1.2971623133748,-1.13930984799096,-0.971397173741154,-0.844256000162546,
-0.758303490214449,-0.702399768055547,-0.669356013880195,-0.652916635554083,
-0.642739809962314,-0.633452119658552,-0.621453900009936,-0.59648005971751,
-0.500792193264743,-0.408198614550066,-0.292755228612756,-0.0648884984983963,
0.),.UNSPECIFIED.);
#150=B_SPLINE_CURVE_WITH_KNOTS('',3,(#4703,#4704,#4705,#4706,#4707,#4708,
#4709,#4710,#4711,#4712,#4713,#4714,#4715,#4716,#4717,#4718,#4719,#4720,
#4721,#4722,#4723,#4724,#4725,#4726,#4727,#4728,#4729,#4730,#4731,#4732,
#4733,#4734,#4735,#4736),.UNSPECIFIED.,.F.,.F.,(4,2,2,2,2,2,2,2,2,2,2,2,
2,2,2,2,4),(-1.2971623133775,-1.13930984799304,-0.971397173742566,-0.844256000163434,
-0.758303490214984,-0.702399768055838,-0.669356013880363,-0.652916635554177,
-0.64273980996238,-0.633452119658596,-0.621453900009951,-0.596480059717525,
-0.500792193264767,-0.408198614550084,-0.292755228612756,-0.0648884984983967,
0.),.UNSPECIFIED.);
#151=B_SPLINE_CURVE_WITH_KNOTS('',3,(#4739,#4740,#4741,#4742,#4743,#4744,
#4745),.UNSPECIFIED.,.F.,.F.,(4,3,4),(0.477701584076256,0.613263781245415,
0.617620269957498),.UNSPECIFIED.);
#152=B_SPLINE_CURVE_WITH_KNOTS('',3,(#4786,#4787,#4788,#4789),
 .UNSPECIFIED.,.F.,.F.,(4,4),(0.0824959565719112,0.243584261727723),
 .UNSPECIFIED.);
#153=B_SPLINE_CURVE_WITH_KNOTS('',3,(#4831,#4832,#4833,#4834),
 .UNSPECIFIED.,.F.,.F.,(4,4),(-1.29716231337418,-1.28423759741225),
 .UNSPECIFIED.);
#154=B_SPLINE_CURVE_WITH_KNOTS('',3,(#4835,#4836,#4837,#4838),
 .UNSPECIFIED.,.F.,.F.,(4,4),(-0.617620269957498,-0.605792156983543),
 .UNSPECIFIED.);
#155=B_SPLINE_CURVE_WITH_KNOTS('',3,(#4852,#4853,#4854,#4855),
 .UNSPECIFIED.,.F.,.F.,(4,4),(-0.011827448435731,0.),.UNSPECIFIED.);
#156=B_SPLINE_CURVE_WITH_KNOTS('',3,(#4858,#4859,#4860,#4861),
 .UNSPECIFIED.,.F.,.F.,(4,4),(-0.0118223940580073,0.),.UNSPECIFIED.);
#157=B_SPLINE_CURVE_WITH_KNOTS('',3,(#4941,#4942,#4943,#4944,#4945,#4946,
#4947),.UNSPECIFIED.,.F.,.F.,(4,3,4),(0.0604203684123568,0.070732030706637,
0.0931757550878142),.UNSPECIFIED.);
#158=B_SPLINE_CURVE_WITH_KNOTS('',3,(#4949,#4950,#4951,#4952,#4953,#4954,
#4955),.UNSPECIFIED.,.F.,.F.,(4,3,4),(0.0323254836343764,0.0439686437005236,
0.0893208577737836),.UNSPECIFIED.);
#159=B_SPLINE_CURVE_WITH_KNOTS('',3,(#4970,#4971,#4972,#4973,#4974,#4975,
#4976),.UNSPECIFIED.,.F.,.F.,(4,3,4),(0.,0.105174324476631,0.217659144406562),
 .UNSPECIFIED.);
#160=B_SPLINE_CURVE_WITH_KNOTS('',3,(#4990,#4991,#4992,#4993,#4994,#4995,
#4996),.UNSPECIFIED.,.F.,.F.,(4,3,4),(0.,0.112478622868995,0.217647153037573),
 .UNSPECIFIED.);
#161=B_SPLINE_CURVE_WITH_KNOTS('',3,(#5012,#5013,#5014,#5015,#5016,#5017,
#5018),.UNSPECIFIED.,.F.,.F.,(4,3,4),(0.0604199196672268,0.0707320305395643,
0.0931757545598173),.UNSPECIFIED.);
#162=B_SPLINE_CURVE_WITH_KNOTS('',3,(#5019,#5020,#5021,#5022,#5023,#5024,
#5025),.UNSPECIFIED.,.F.,.F.,(4,3,4),(0.,0.0453519649449699,0.0569950610530366),
 .UNSPECIFIED.);
#163=B_SPLINE_CURVE_WITH_KNOTS('',3,(#5139,#5140,#5141,#5142,#5143,#5144,
#5145,#5146,#5147,#5148),.UNSPECIFIED.,.F.,.F.,(4,2,2,2,4),(0.344357084930766,
0.430376443698411,0.516395802466056,0.602554986163794,0.688714169861531),
 .UNSPECIFIED.);
#164=B_SPLINE_CURVE_WITH_KNOTS('',3,(#5150,#5151,#5152,#5153,#5154,#5155,
#5156,#5157,#5158,#5159),.UNSPECIFIED.,.F.,.F.,(4,2,2,2,4),(0.,0.0861591836977374,
0.172318367395475,0.25833772616312,0.344357084930766),.UNSPECIFIED.);
#165=B_SPLINE_CURVE_WITH_KNOTS('',3,(#5161,#5162,#5163,#5164,#5165,#5166,
#5167,#5168,#5169,#5170),.UNSPECIFIED.,.F.,.F.,(4,2,2,2,4),(1.0330712547923,
1.11909061355994,1.20510997232759,1.29126915602532,1.37742833972306),
 .UNSPECIFIED.);
#166=B_SPLINE_CURVE_WITH_KNOTS('',3,(#5171,#5172,#5173,#5174,#5175,#5176,
#5177,#5178,#5179,#5180),.UNSPECIFIED.,.F.,.F.,(4,2,2,2,4),(0.688714169861531,
0.774873353559268,0.861032537257006,0.947051896024651,1.0330712547923),
 .UNSPECIFIED.);
#167=B_SPLINE_CURVE_WITH_KNOTS('',3,(#5184,#5185,#5186,#5187,#5188,#5189,
#5190,#5191,#5192,#5193,#5194,#5195,#5196,#5197,#5198,#5199,#5200,#5201),
 .UNSPECIFIED.,.F.,.F.,(4,2,2,2,2,2,2,2,4),(0.,0.0861591836977374,0.172318367395475,
0.25833772616312,0.344357084930766,0.430376443698411,0.516395802466056,
0.602554986163794,0.688714169861531),.UNSPECIFIED.);
#168=B_SPLINE_CURVE_WITH_KNOTS('',3,(#5202,#5203,#5204,#5205,#5206,#5207,
#5208,#5209,#5210,#5211,#5212,#5213,#5214,#5215,#5216,#5217,#5218,#5219),
 .UNSPECIFIED.,.F.,.F.,(4,2,2,2,2,2,2,2,4),(0.688714169861531,0.774873353559268,
0.861032537257006,0.947051896024651,1.0330712547923,1.11909061355994,1.20510997232759,
1.29126915602532,1.37742833972306),.UNSPECIFIED.);
#169=B_SPLINE_CURVE_WITH_KNOTS('',3,(#5224,#5225,#5226,#5227,#5228,#5229,
#5230,#5231,#5232,#5233,#5234,#5235,#5236,#5237,#5238,#5239,#5240,#5241),
 .UNSPECIFIED.,.F.,.F.,(4,2,2,2,2,2,2,2,4),(0.,0.0861591836977374,0.172318367395475,
0.25833772616312,0.344357084930765,0.430376443698411,0.516395802466056,
0.602554986163794,0.688714169861531),.UNSPECIFIED.);
#170=B_SPLINE_CURVE_WITH_KNOTS('',3,(#5242,#5243,#5244,#5245,#5246,#5247,
#5248,#5249,#5250,#5251,#5252,#5253,#5254,#5255,#5256,#5257,#5258,#5259),
 .UNSPECIFIED.,.F.,.F.,(4,2,2,2,2,2,2,2,4),(0.688714169861531,0.774873353559268,
0.861032537257006,0.947051896024651,1.0330712547923,1.11909061355994,1.20510997232759,
1.29126915602532,1.37742833972306),.UNSPECIFIED.);
#171=B_SPLINE_CURVE_WITH_KNOTS('',3,(#5264,#5265,#5266,#5267,#5268,#5269,
#5270,#5271,#5272,#5273),.UNSPECIFIED.,.F.,.F.,(4,2,2,2,4),(0.339815442267299,
0.424767752496991,0.509720062726683,0.59467547363064,0.679630884534597),
 .UNSPECIFIED.);
#172=B_SPLINE_CURVE_WITH_KNOTS('',3,(#5275,#5276,#5277,#5278,#5279,#5280,
#5281,#5282,#5283,#5284,#5285,#5286,#5287,#5288,#5289,#5290,#5291,#5292,
#5293),.UNSPECIFIED.,.F.,.F.,(4,2,2,2,3,2,2,2,4),(1.0194463268019,1.10439863703159,
1.18935094726128,1.27430635816524,1.35926176906919,1.44421717997315,1.52917259087711,
1.6141249011068,1.69907721133649),.UNSPECIFIED.);
#173=B_SPLINE_CURVE_WITH_KNOTS('',3,(#5294,#5295,#5296,#5297,#5298,#5299,
#5300,#5301,#5302,#5303),.UNSPECIFIED.,.F.,.F.,(4,2,2,2,4),(0.679630884534597,
0.764586295438555,0.849541706342512,0.934494016572204,1.0194463268019),
 .UNSPECIFIED.);
#174=B_SPLINE_CURVE_WITH_KNOTS('',3,(#5307,#5308,#5309,#5310,#5311,#5312,
#5313,#5314,#5315,#5316),.UNSPECIFIED.,.F.,.F.,(4,2,2,2,4),(0.344357084930766,
0.430376443698411,0.516395802466056,0.602554986163794,0.688714169861532),
 .UNSPECIFIED.);
#175=B_SPLINE_CURVE_WITH_KNOTS('',3,(#5318,#5319,#5320,#5321,#5322,#5323,
#5324,#5325,#5326,#5327),.UNSPECIFIED.,.F.,.F.,(4,2,2,2,4),(0.,0.0861591836977376,
0.172318367395475,0.25833772616312,0.344357084930766),.UNSPECIFIED.);
#176=B_SPLINE_CURVE_WITH_KNOTS('',3,(#5329,#5330,#5331,#5332,#5333,#5334,
#5335,#5336,#5337,#5338),.UNSPECIFIED.,.F.,.F.,(4,2,2,2,4),(1.0330712547923,
1.11909061355994,1.20510997232759,1.29126915602533,1.37742833972306),
 .UNSPECIFIED.);
#177=B_SPLINE_CURVE_WITH_KNOTS('',3,(#5339,#5340,#5341,#5342,#5343,#5344,
#5345,#5346,#5347,#5348),.UNSPECIFIED.,.F.,.F.,(4,2,2,2,4),(0.688714169861532,
0.774873353559269,0.861032537257007,0.947051896024652,1.0330712547923),
 .UNSPECIFIED.);
#178=B_SPLINE_CURVE_WITH_KNOTS('',3,(#5352,#5353,#5354,#5355,#5356,#5357,
#5358,#5359,#5360,#5361,#5362,#5363,#5364,#5365,#5366,#5367,#5368,#5369),
 .UNSPECIFIED.,.F.,.F.,(4,2,2,2,2,2,2,2,4),(0.,0.0861591836977376,0.172318367395475,
0.25833772616312,0.344357084930766,0.430376443698411,0.516395802466056,
0.602554986163794,0.688714169861531),.UNSPECIFIED.);
#179=B_SPLINE_CURVE_WITH_KNOTS('',3,(#5370,#5371,#5372,#5373,#5374,#5375,
#5376,#5377,#5378,#5379,#5380,#5381,#5382,#5383,#5384,#5385,#5386,#5387),
 .UNSPECIFIED.,.F.,.F.,(4,2,2,2,2,2,2,2,4),(0.688714169861531,0.774873353559269,
0.861032537257007,0.947051896024652,1.0330712547923,1.11909061355994,1.20510997232759,
1.29126915602533,1.37742833972306),.UNSPECIFIED.);
#180=B_SPLINE_CURVE_WITH_KNOTS('',3,(#5392,#5393,#5394,#5395,#5396,#5397,
#5398,#5399,#5400,#5401,#5402,#5403,#5404,#5405,#5406,#5407,#5408,#5409),
 .UNSPECIFIED.,.F.,.F.,(4,2,2,2,2,2,2,2,4),(0.,0.0861591836977376,0.172318367395475,
0.25833772616312,0.344357084930766,0.430376443698411,0.516395802466056,
0.602554986163794,0.688714169861532),.UNSPECIFIED.);
#181=B_SPLINE_CURVE_WITH_KNOTS('',3,(#5410,#5411,#5412,#5413,#5414,#5415,
#5416,#5417,#5418,#5419,#5420,#5421,#5422,#5423,#5424,#5425,#5426,#5427),
 .UNSPECIFIED.,.F.,.F.,(4,2,2,2,2,2,2,2,4),(0.688714169861532,0.774873353559269,
0.861032537257007,0.947051896024652,1.0330712547923,1.11909061355994,1.20510997232759,
1.29126915602533,1.37742833972306),.UNSPECIFIED.);
#182=CIRCLE('',#2636,9.84407230361314);
#183=CIRCLE('',#2637,9.84407230361314);
#184=CIRCLE('',#2640,1.39970446053239);
#185=CIRCLE('',#2641,3.89970446053239);
#186=CIRCLE('',#2643,1.39970446053239);
#187=CIRCLE('',#2645,3.89970446053239);
#188=CIRCLE('',#2647,8.34407230361309);
#189=CIRCLE('',#2649,3.89970446053239);
#190=CIRCLE('',#2650,1.39970446053239);
#191=CIRCLE('',#2652,12.6);
#192=CIRCLE('',#2653,3.89970446053239);
#193=CIRCLE('',#2654,8.34407230361309);
#194=CIRCLE('',#2655,5.05);
#195=CIRCLE('',#2657,12.6);
#196=CIRCLE('',#2659,1.39970446053239);
#197=CIRCLE('',#2660,3.89970446053239);
#198=CIRCLE('',#2662,12.6);
#199=CIRCLE('',#2663,5.05);
#200=CIRCLE('',#2665,12.6);
#201=CIRCLE('',#2667,3.89970446053239);
#202=CIRCLE('',#2668,8.34407230361309);
#203=CIRCLE('',#2669,3.89970446053239);
#204=CIRCLE('',#2670,5.05);
#205=CIRCLE('',#2672,1.39970446053239);
#206=CIRCLE('',#2673,3.5);
#207=CIRCLE('',#2675,3.5);
#208=CIRCLE('',#2681,3.);
#209=CIRCLE('',#2683,3.);
#210=CIRCLE('',#2684,3.);
#211=CIRCLE('',#2686,3.);
#212=CIRCLE('',#2688,3.);
#213=CIRCLE('',#2689,3.);
#214=CIRCLE('',#2691,3.);
#215=CIRCLE('',#2693,3.);
#216=CIRCLE('',#2695,3.);
#217=CIRCLE('',#2696,3.);
#218=CIRCLE('',#2698,3.);
#219=CIRCLE('',#2699,3.);
#220=CIRCLE('',#2701,3.);
#221=CIRCLE('',#2702,3.);
#222=CIRCLE('',#2712,3.);
#223=CIRCLE('',#2713,3.);
#224=CIRCLE('',#2724,1.39970446053239);
#225=CIRCLE('',#2727,1.39970446053239);
#226=CIRCLE('',#2729,1.39970446053239);
#227=CIRCLE('',#2731,3.);
#228=CIRCLE('',#2732,3.);
#229=CIRCLE('',#2733,3.);
#230=CIRCLE('',#2734,3.);
#231=CIRCLE('',#2736,12.5);
#232=CIRCLE('',#2737,5.05);
#233=CIRCLE('',#2740,3.);
#234=CIRCLE('',#2741,3.);
#235=CIRCLE('',#2742,3.);
#236=CIRCLE('',#2743,3.);
#237=CIRCLE('',#2744,3.);
#238=CIRCLE('',#2745,3.);
#239=CIRCLE('',#2746,3.);
#240=CIRCLE('',#2747,3.);
#241=CIRCLE('',#2752,3.);
#242=CIRCLE('',#2754,3.);
#243=CIRCLE('',#2756,3.);
#244=CIRCLE('',#2758,3.);
#245=CIRCLE('',#2770,3.89970446053239);
#246=CIRCLE('',#2772,8.34407230361309);
#247=CIRCLE('',#2774,5.05);
#248=CIRCLE('',#2776,10.8440723036131);
#249=CIRCLE('',#2778,10.8440723036131);
#250=CIRCLE('',#2782,5.05);
#251=CIRCLE('',#2784,12.5);
#252=CIRCLE('',#2788,1.625);
#253=CIRCLE('',#2789,1.625);
#254=CIRCLE('',#2790,1.625);
#255=CIRCLE('',#2791,1.625);
#256=CIRCLE('',#2792,1.625);
#257=CIRCLE('',#2793,1.625);
#258=CIRCLE('',#2794,1.625);
#259=CIRCLE('',#2795,1.625);
#260=CIRCLE('',#2803,1.625);
#261=CIRCLE('',#2805,1.625);
#262=CIRCLE('',#2807,1.625);
#263=CIRCLE('',#2809,1.625);
#264=CIRCLE('',#2811,1.625);
#265=CIRCLE('',#2813,1.625);
#266=CIRCLE('',#2815,1.625);
#267=CIRCLE('',#2817,1.625);
#268=CIRCLE('',#2819,2.5);
#269=CIRCLE('',#2820,2.5);
#270=CIRCLE('',#2821,2.5);
#271=CIRCLE('',#2822,2.5);
#272=CIRCLE('',#2829,2.5);
#273=CIRCLE('',#2831,2.5);
#274=CIRCLE('',#2834,2.5);
#275=CIRCLE('',#2838,2.5);
#276=CIRCLE('',#2851,3.);
#277=CIRCLE('',#2855,3.);
#278=CIRCLE('',#2858,3.);
#279=CIRCLE('',#2863,3.);
#280=CYLINDRICAL_SURFACE('',#2635,9.84407230361314);
#281=CYLINDRICAL_SURFACE('',#2642,1.39970446053239);
#282=CYLINDRICAL_SURFACE('',#2656,12.6);
#283=CYLINDRICAL_SURFACE('',#2664,12.6);
#284=CYLINDRICAL_SURFACE('',#2723,1.39970446053239);
#285=CYLINDRICAL_SURFACE('',#2728,1.39970446053239);
#286=CYLINDRICAL_SURFACE('',#2751,3.);
#287=CYLINDRICAL_SURFACE('',#2753,3.);
#288=CYLINDRICAL_SURFACE('',#2755,3.);
#289=CYLINDRICAL_SURFACE('',#2757,3.);
#290=CYLINDRICAL_SURFACE('',#2761,2.25);
#291=CYLINDRICAL_SURFACE('',#2762,2.25);
#292=CYLINDRICAL_SURFACE('',#2763,2.25);
#293=CYLINDRICAL_SURFACE('',#2764,2.25);
#294=CYLINDRICAL_SURFACE('',#2765,2.25);
#295=CYLINDRICAL_SURFACE('',#2766,2.25);
#296=CYLINDRICAL_SURFACE('',#2773,5.05);
#297=CYLINDRICAL_SURFACE('',#2777,10.8440723036131);
#298=CYLINDRICAL_SURFACE('',#2780,5.05);
#299=CYLINDRICAL_SURFACE('',#2781,5.05);
#300=CYLINDRICAL_SURFACE('',#2783,12.5);
#301=CYLINDRICAL_SURFACE('',#2785,1.39970446053239);
#302=CYLINDRICAL_SURFACE('',#2802,1.625);
#303=CYLINDRICAL_SURFACE('',#2804,1.625);
#304=CYLINDRICAL_SURFACE('',#2806,1.625);
#305=CYLINDRICAL_SURFACE('',#2808,1.625);
#306=CYLINDRICAL_SURFACE('',#2810,1.625);
#307=CYLINDRICAL_SURFACE('',#2812,1.625);
#308=CYLINDRICAL_SURFACE('',#2814,1.625);
#309=CYLINDRICAL_SURFACE('',#2816,1.625);
#310=CYLINDRICAL_SURFACE('',#2828,2.5);
#311=CYLINDRICAL_SURFACE('',#2830,2.5);
#312=CYLINDRICAL_SURFACE('',#2833,2.5);
#313=CYLINDRICAL_SURFACE('',#2837,2.5);
#314=CYLINDRICAL_SURFACE('',#2852,3.);
#315=CYLINDRICAL_SURFACE('',#2856,3.);
#316=CYLINDRICAL_SURFACE('',#2859,3.);
#317=CYLINDRICAL_SURFACE('',#2864,3.);
#318=FACE_OUTER_BOUND('',#450,.T.);
#319=FACE_OUTER_BOUND('',#451,.T.);
#320=FACE_OUTER_BOUND('',#455,.T.);
#321=FACE_OUTER_BOUND('',#456,.T.);
#322=FACE_OUTER_BOUND('',#457,.T.);
#323=FACE_OUTER_BOUND('',#458,.T.);
#324=FACE_OUTER_BOUND('',#459,.T.);
#325=FACE_OUTER_BOUND('',#460,.T.);
#326=FACE_OUTER_BOUND('',#461,.T.);
#327=FACE_OUTER_BOUND('',#463,.T.);
#328=FACE_OUTER_BOUND('',#464,.T.);
#329=FACE_OUTER_BOUND('',#465,.T.);
#330=FACE_OUTER_BOUND('',#467,.T.);
#331=FACE_OUTER_BOUND('',#468,.T.);
#332=FACE_OUTER_BOUND('',#470,.T.);
#333=FACE_OUTER_BOUND('',#471,.T.);
#334=FACE_OUTER_BOUND('',#472,.T.);
#335=FACE_OUTER_BOUND('',#473,.T.);
#336=FACE_OUTER_BOUND('',#474,.T.);
#337=FACE_OUTER_BOUND('',#475,.T.);
#338=FACE_OUTER_BOUND('',#476,.T.);
#339=FACE_OUTER_BOUND('',#477,.T.);
#340=FACE_OUTER_BOUND('',#478,.T.);
#341=FACE_OUTER_BOUND('',#479,.T.);
#342=FACE_OUTER_BOUND('',#480,.T.);
#343=FACE_OUTER_BOUND('',#481,.T.);
#344=FACE_OUTER_BOUND('',#482,.T.);
#345=FACE_OUTER_BOUND('',#483,.T.);
#346=FACE_OUTER_BOUND('',#484,.T.);
#347=FACE_OUTER_BOUND('',#485,.T.);
#348=FACE_OUTER_BOUND('',#486,.T.);
#349=FACE_OUTER_BOUND('',#487,.T.);
#350=FACE_OUTER_BOUND('',#488,.T.);
#351=FACE_OUTER_BOUND('',#489,.T.);
#352=FACE_OUTER_BOUND('',#490,.T.);
#353=FACE_OUTER_BOUND('',#491,.T.);
#354=FACE_OUTER_BOUND('',#492,.T.);
#355=FACE_OUTER_BOUND('',#493,.T.);
#356=FACE_OUTER_BOUND('',#494,.T.);
#357=FACE_OUTER_BOUND('',#495,.T.);
#358=FACE_OUTER_BOUND('',#496,.T.);
#359=FACE_OUTER_BOUND('',#497,.T.);
#360=FACE_OUTER_BOUND('',#498,.T.);
#361=FACE_OUTER_BOUND('',#499,.T.);
#362=FACE_OUTER_BOUND('',#500,.T.);
#363=FACE_OUTER_BOUND('',#501,.T.);
#364=FACE_OUTER_BOUND('',#502,.T.);
#365=FACE_OUTER_BOUND('',#503,.T.);
#366=FACE_OUTER_BOUND('',#504,.T.);
#367=FACE_OUTER_BOUND('',#505,.T.);
#368=FACE_OUTER_BOUND('',#506,.T.);
#369=FACE_OUTER_BOUND('',#507,.T.);
#370=FACE_OUTER_BOUND('',#508,.T.);
#371=FACE_OUTER_BOUND('',#509,.T.);
#372=FACE_OUTER_BOUND('',#510,.T.);
#373=FACE_OUTER_BOUND('',#511,.T.);
#374=FACE_OUTER_BOUND('',#513,.T.);
#375=FACE_OUTER_BOUND('',#514,.T.);
#376=FACE_OUTER_BOUND('',#515,.T.);
#377=FACE_OUTER_BOUND('',#516,.T.);
#378=FACE_OUTER_BOUND('',#518,.T.);
#379=FACE_OUTER_BOUND('',#519,.T.);
#380=FACE_OUTER_BOUND('',#520,.T.);
#381=FACE_OUTER_BOUND('',#521,.T.);
#382=FACE_OUTER_BOUND('',#522,.T.);
#383=FACE_OUTER_BOUND('',#524,.T.);
#384=FACE_OUTER_BOUND('',#525,.T.);
#385=FACE_OUTER_BOUND('',#526,.T.);
#386=FACE_OUTER_BOUND('',#527,.T.);
#387=FACE_OUTER_BOUND('',#528,.T.);
#388=FACE_OUTER_BOUND('',#529,.T.);
#389=FACE_OUTER_BOUND('',#530,.T.);
#390=FACE_OUTER_BOUND('',#531,.T.);
#391=FACE_OUTER_BOUND('',#532,.T.);
#392=FACE_OUTER_BOUND('',#533,.T.);
#393=FACE_OUTER_BOUND('',#534,.T.);
#394=FACE_OUTER_BOUND('',#537,.T.);
#395=FACE_OUTER_BOUND('',#538,.T.);
#396=FACE_OUTER_BOUND('',#539,.T.);
#397=FACE_OUTER_BOUND('',#540,.T.);
#398=FACE_OUTER_BOUND('',#541,.T.);
#399=FACE_OUTER_BOUND('',#544,.T.);
#400=FACE_OUTER_BOUND('',#546,.T.);
#401=FACE_OUTER_BOUND('',#547,.T.);
#402=FACE_OUTER_BOUND('',#549,.T.);
#403=FACE_OUTER_BOUND('',#558,.T.);
#404=FACE_OUTER_BOUND('',#559,.T.);
#405=FACE_OUTER_BOUND('',#560,.T.);
#406=FACE_OUTER_BOUND('',#561,.T.);
#407=FACE_OUTER_BOUND('',#562,.T.);
#408=FACE_OUTER_BOUND('',#563,.T.);
#409=FACE_OUTER_BOUND('',#564,.T.);
#410=FACE_OUTER_BOUND('',#565,.T.);
#411=FACE_OUTER_BOUND('',#566,.T.);
#412=FACE_OUTER_BOUND('',#567,.T.);
#413=FACE_OUTER_BOUND('',#568,.T.);
#414=FACE_OUTER_BOUND('',#569,.T.);
#415=FACE_OUTER_BOUND('',#572,.T.);
#416=FACE_OUTER_BOUND('',#575,.T.);
#417=FACE_OUTER_BOUND('',#576,.T.);
#418=FACE_OUTER_BOUND('',#577,.T.);
#419=FACE_OUTER_BOUND('',#578,.T.);
#420=FACE_OUTER_BOUND('',#579,.T.);
#421=FACE_OUTER_BOUND('',#580,.T.);
#422=FACE_OUTER_BOUND('',#581,.T.);
#423=FACE_OUTER_BOUND('',#582,.T.);
#424=FACE_OUTER_BOUND('',#583,.T.);
#425=FACE_OUTER_BOUND('',#584,.T.);
#426=FACE_OUTER_BOUND('',#585,.T.);
#427=FACE_OUTER_BOUND('',#586,.T.);
#428=FACE_OUTER_BOUND('',#588,.T.);
#429=FACE_OUTER_BOUND('',#589,.T.);
#430=FACE_OUTER_BOUND('',#590,.T.);
#431=FACE_OUTER_BOUND('',#591,.T.);
#432=FACE_OUTER_BOUND('',#592,.T.);
#433=FACE_OUTER_BOUND('',#594,.T.);
#434=FACE_OUTER_BOUND('',#595,.T.);
#435=FACE_OUTER_BOUND('',#596,.T.);
#436=FACE_OUTER_BOUND('',#597,.T.);
#437=FACE_OUTER_BOUND('',#598,.T.);
#438=FACE_OUTER_BOUND('',#600,.T.);
#439=FACE_OUTER_BOUND('',#602,.T.);
#440=FACE_OUTER_BOUND('',#603,.T.);
#441=FACE_OUTER_BOUND('',#605,.T.);
#442=FACE_OUTER_BOUND('',#607,.T.);
#443=FACE_OUTER_BOUND('',#608,.T.);
#444=FACE_OUTER_BOUND('',#610,.T.);
#445=FACE_OUTER_BOUND('',#611,.T.);
#446=FACE_OUTER_BOUND('',#613,.T.);
#447=FACE_OUTER_BOUND('',#615,.T.);
#448=FACE_OUTER_BOUND('',#617,.T.);
#449=FACE_OUTER_BOUND('',#618,.T.);
#450=EDGE_LOOP('',(#1648,#1649,#1650,#1651,#1652,#1653));
#451=EDGE_LOOP('',(#1654,#1655,#1656,#1657));
#452=EDGE_LOOP('',(#1658));
#453=EDGE_LOOP('',(#1659));
#454=EDGE_LOOP('',(#1660));
#455=EDGE_LOOP('',(#1661,#1662,#1663,#1664,#1665,#1666));
#456=EDGE_LOOP('',(#1667,#1668,#1669,#1670,#1671));
#457=EDGE_LOOP('',(#1672,#1673,#1674,#1675,#1676,#1677));
#458=EDGE_LOOP('',(#1678,#1679,#1680,#1681,#1682,#1683));
#459=EDGE_LOOP('',(#1684,#1685,#1686,#1687,#1688,#1689));
#460=EDGE_LOOP('',(#1690,#1691,#1692,#1693,#1694));
#461=EDGE_LOOP('',(#1695,#1696,#1697,#1698));
#462=EDGE_LOOP('',(#1699));
#463=EDGE_LOOP('',(#1700,#1701,#1702,#1703,#1704,#1705));
#464=EDGE_LOOP('',(#1706,#1707,#1708,#1709,#1710,#1711));
#465=EDGE_LOOP('',(#1712,#1713,#1714,#1715));
#466=EDGE_LOOP('',(#1716));
#467=EDGE_LOOP('',(#1717,#1718,#1719,#1720,#1721,#1722,#1723,#1724,#1725,
#1726));
#468=EDGE_LOOP('',(#1727,#1728,#1729,#1730));
#469=EDGE_LOOP('',(#1731));
#470=EDGE_LOOP('',(#1732,#1733,#1734,#1735,#1736));
#471=EDGE_LOOP('',(#1737,#1738,#1739,#1740,#1741));
#472=EDGE_LOOP('',(#1742,#1743,#1744,#1745));
#473=EDGE_LOOP('',(#1746,#1747,#1748,#1749,#1750));
#474=EDGE_LOOP('',(#1751,#1752,#1753));
#475=EDGE_LOOP('',(#1754,#1755,#1756,#1757,#1758,#1759,#1760,#1761,#1762,
#1763,#1764,#1765,#1766,#1767,#1768,#1769,#1770,#1771,#1772,#1773,#1774,
#1775,#1776));
#476=EDGE_LOOP('',(#1777,#1778,#1779,#1780,#1781));
#477=EDGE_LOOP('',(#1782,#1783,#1784,#1785));
#478=EDGE_LOOP('',(#1786,#1787,#1788,#1789,#1790,#1791,#1792,#1793,#1794,
#1795,#1796,#1797,#1798,#1799,#1800,#1801,#1802,#1803,#1804));
#479=EDGE_LOOP('',(#1805,#1806,#1807,#1808,#1809,#1810,#1811,#1812,#1813));
#480=EDGE_LOOP('',(#1814,#1815,#1816,#1817,#1818));
#481=EDGE_LOOP('',(#1819,#1820,#1821,#1822,#1823));
#482=EDGE_LOOP('',(#1824,#1825,#1826));
#483=EDGE_LOOP('',(#1827,#1828,#1829,#1830,#1831,#1832,#1833));
#484=EDGE_LOOP('',(#1834,#1835,#1836));
#485=EDGE_LOOP('',(#1837,#1838,#1839,#1840));
#486=EDGE_LOOP('',(#1841,#1842,#1843,#1844));
#487=EDGE_LOOP('',(#1845,#1846,#1847,#1848));
#488=EDGE_LOOP('',(#1849,#1850,#1851));
#489=EDGE_LOOP('',(#1852,#1853,#1854));
#490=EDGE_LOOP('',(#1855,#1856,#1857));
#491=EDGE_LOOP('',(#1858,#1859,#1860,#1861));
#492=EDGE_LOOP('',(#1862,#1863,#1864,#1865));
#493=EDGE_LOOP('',(#1866,#1867,#1868,#1869));
#494=EDGE_LOOP('',(#1870,#1871,#1872,#1873));
#495=EDGE_LOOP('',(#1874,#1875,#1876,#1877));
#496=EDGE_LOOP('',(#1878,#1879,#1880,#1881));
#497=EDGE_LOOP('',(#1882,#1883,#1884,#1885));
#498=EDGE_LOOP('',(#1886,#1887,#1888,#1889));
#499=EDGE_LOOP('',(#1890,#1891,#1892,#1893));
#500=EDGE_LOOP('',(#1894,#1895,#1896,#1897));
#501=EDGE_LOOP('',(#1898,#1899,#1900,#1901));
#502=EDGE_LOOP('',(#1902,#1903,#1904,#1905,#1906,#1907,#1908,#1909));
#503=EDGE_LOOP('',(#1910,#1911,#1912,#1913));
#504=EDGE_LOOP('',(#1914,#1915,#1916,#1917));
#505=EDGE_LOOP('',(#1918,#1919,#1920,#1921,#1922,#1923,#1924,#1925));
#506=EDGE_LOOP('',(#1926,#1927,#1928,#1929));
#507=EDGE_LOOP('',(#1930,#1931,#1932,#1933,#1934,#1935,#1936));
#508=EDGE_LOOP('',(#1937,#1938,#1939,#1940,#1941));
#509=EDGE_LOOP('',(#1942,#1943,#1944,#1945,#1946,#1947));
#510=EDGE_LOOP('',(#1948,#1949,#1950,#1951,#1952,#1953,#1954,#1955,#1956,
#1957,#1958));
#511=EDGE_LOOP('',(#1959,#1960,#1961,#1962,#1963,#1964,#1965,#1966,#1967,
#1968,#1969,#1970,#1971,#1972,#1973,#1974,#1975,#1976,#1977,#1978));
#512=EDGE_LOOP('',(#1979));
#513=EDGE_LOOP('',(#1980,#1981,#1982,#1983,#1984,#1985,#1986,#1987));
#514=EDGE_LOOP('',(#1988,#1989,#1990,#1991,#1992,#1993,#1994,#1995,#1996,
#1997,#1998,#1999,#2000,#2001,#2002));
#515=EDGE_LOOP('',(#2003,#2004,#2005,#2006,#2007,#2008,#2009,#2010,#2011));
#516=EDGE_LOOP('',(#2012,#2013,#2014,#2015));
#517=EDGE_LOOP('',(#2016));
#518=EDGE_LOOP('',(#2017,#2018,#2019,#2020,#2021,#2022,#2023,#2024,#2025,
#2026,#2027));
#519=EDGE_LOOP('',(#2028,#2029,#2030,#2031,#2032,#2033,#2034,#2035,#2036,
#2037,#2038));
#520=EDGE_LOOP('',(#2039,#2040,#2041,#2042,#2043,#2044,#2045,#2046,#2047,
#2048));
#521=EDGE_LOOP('',(#2049,#2050,#2051,#2052,#2053,#2054,#2055,#2056,#2057,
#2058));
#522=EDGE_LOOP('',(#2059,#2060,#2061,#2062));
#523=EDGE_LOOP('',(#2063));
#524=EDGE_LOOP('',(#2064,#2065,#2066,#2067,#2068,#2069,#2070));
#525=EDGE_LOOP('',(#2071,#2072,#2073,#2074,#2075));
#526=EDGE_LOOP('',(#2076,#2077,#2078,#2079,#2080));
#527=EDGE_LOOP('',(#2081,#2082,#2083,#2084,#2085,#2086,#2087,#2088,#2089));
#528=EDGE_LOOP('',(#2090,#2091,#2092,#2093,#2094));
#529=EDGE_LOOP('',(#2095,#2096,#2097,#2098,#2099));
#530=EDGE_LOOP('',(#2100,#2101,#2102,#2103,#2104));
#531=EDGE_LOOP('',(#2105,#2106,#2107,#2108,#2109));
#532=EDGE_LOOP('',(#2110,#2111,#2112,#2113,#2114));
#533=EDGE_LOOP('',(#2115,#2116,#2117,#2118,#2119,#2120));
#534=EDGE_LOOP('',(#2121,#2122,#2123,#2124,#2125,#2126,#2127,#2128,#2129,
#2130));
#535=EDGE_LOOP('',(#2131,#2132));
#536=EDGE_LOOP('',(#2133,#2134));
#537=EDGE_LOOP('',(#2135,#2136,#2137,#2138));
#538=EDGE_LOOP('',(#2139,#2140,#2141,#2142));
#539=EDGE_LOOP('',(#2143,#2144,#2145,#2146));
#540=EDGE_LOOP('',(#2147,#2148,#2149,#2150));
#541=EDGE_LOOP('',(#2151,#2152,#2153,#2154,#2155,#2156,#2157,#2158,#2159,
#2160));
#542=EDGE_LOOP('',(#2161,#2162));
#543=EDGE_LOOP('',(#2163,#2164));
#544=EDGE_LOOP('',(#2165,#2166,#2167,#2168));
#545=EDGE_LOOP('',(#2169,#2170,#2171));
#546=EDGE_LOOP('',(#2172,#2173,#2174,#2175));
#547=EDGE_LOOP('',(#2176,#2177,#2178,#2179,#2180,#2181,#2182,#2183));
#548=EDGE_LOOP('',(#2184));
#549=EDGE_LOOP('',(#2185,#2186,#2187,#2188));
#550=EDGE_LOOP('',(#2189));
#551=EDGE_LOOP('',(#2190));
#552=EDGE_LOOP('',(#2191));
#553=EDGE_LOOP('',(#2192));
#554=EDGE_LOOP('',(#2193));
#555=EDGE_LOOP('',(#2194));
#556=EDGE_LOOP('',(#2195));
#557=EDGE_LOOP('',(#2196));
#558=EDGE_LOOP('',(#2197,#2198,#2199,#2200));
#559=EDGE_LOOP('',(#2201,#2202,#2203,#2204));
#560=EDGE_LOOP('',(#2205,#2206,#2207,#2208));
#561=EDGE_LOOP('',(#2209,#2210,#2211,#2212));
#562=EDGE_LOOP('',(#2213,#2214,#2215,#2216));
#563=EDGE_LOOP('',(#2217,#2218,#2219,#2220));
#564=EDGE_LOOP('',(#2221,#2222,#2223,#2224));
#565=EDGE_LOOP('',(#2225,#2226,#2227,#2228));
#566=EDGE_LOOP('',(#2229,#2230,#2231,#2232));
#567=EDGE_LOOP('',(#2233,#2234,#2235,#2236));
#568=EDGE_LOOP('',(#2237,#2238,#2239,#2240));
#569=EDGE_LOOP('',(#2241,#2242,#2243,#2244,#2245,#2246,#2247,#2248,#2249,
#2250));
#570=EDGE_LOOP('',(#2251,#2252,#2253,#2254));
#571=EDGE_LOOP('',(#2255,#2256,#2257,#2258));
#572=EDGE_LOOP('',(#2259,#2260,#2261,#2262));
#573=EDGE_LOOP('',(#2263,#2264,#2265,#2266));
#574=EDGE_LOOP('',(#2267,#2268,#2269,#2270));
#575=EDGE_LOOP('',(#2271,#2272,#2273,#2274));
#576=EDGE_LOOP('',(#2275,#2276,#2277,#2278));
#577=EDGE_LOOP('',(#2279,#2280,#2281,#2282));
#578=EDGE_LOOP('',(#2283,#2284,#2285,#2286));
#579=EDGE_LOOP('',(#2287,#2288,#2289,#2290));
#580=EDGE_LOOP('',(#2291,#2292,#2293,#2294));
#581=EDGE_LOOP('',(#2295,#2296,#2297,#2298));
#582=EDGE_LOOP('',(#2299,#2300,#2301,#2302));
#583=EDGE_LOOP('',(#2303,#2304,#2305,#2306));
#584=EDGE_LOOP('',(#2307,#2308,#2309,#2310));
#585=EDGE_LOOP('',(#2311,#2312,#2313,#2314));
#586=EDGE_LOOP('',(#2315,#2316,#2317,#2318));
#587=EDGE_LOOP('',(#2319,#2320,#2321,#2322));
#588=EDGE_LOOP('',(#2323,#2324,#2325,#2326));
#589=EDGE_LOOP('',(#2327,#2328,#2329,#2330));
#590=EDGE_LOOP('',(#2331,#2332,#2333,#2334));
#591=EDGE_LOOP('',(#2335,#2336,#2337,#2338));
#592=EDGE_LOOP('',(#2339,#2340,#2341,#2342));
#593=EDGE_LOOP('',(#2343,#2344,#2345,#2346));
#594=EDGE_LOOP('',(#2347,#2348,#2349,#2350));
#595=EDGE_LOOP('',(#2351,#2352,#2353,#2354));
#596=EDGE_LOOP('',(#2355,#2356,#2357,#2358));
#597=EDGE_LOOP('',(#2359,#2360,#2361,#2362));
#598=EDGE_LOOP('',(#2363));
#599=EDGE_LOOP('',(#2364));
#600=EDGE_LOOP('',(#2365));
#601=EDGE_LOOP('',(#2366));
#602=EDGE_LOOP('',(#2367,#2368,#2369,#2370,#2371,#2372,#2373,#2374,#2375,
#2376));
#603=EDGE_LOOP('',(#2377));
#604=EDGE_LOOP('',(#2378));
#605=EDGE_LOOP('',(#2379));
#606=EDGE_LOOP('',(#2380));
#607=EDGE_LOOP('',(#2381,#2382,#2383,#2384,#2385,#2386,#2387,#2388,#2389,
#2390));
#608=EDGE_LOOP('',(#2391));
#609=EDGE_LOOP('',(#2392));
#610=EDGE_LOOP('',(#2393,#2394,#2395,#2396,#2397,#2398,#2399,#2400,#2401,
#2402));
#611=EDGE_LOOP('',(#2403));
#612=EDGE_LOOP('',(#2404));
#613=EDGE_LOOP('',(#2405));
#614=EDGE_LOOP('',(#2406));
#615=EDGE_LOOP('',(#2407));
#616=EDGE_LOOP('',(#2408));
#617=EDGE_LOOP('',(#2409,#2410,#2411,#2412,#2413,#2414,#2415,#2416,#2417,
#2418));
#618=EDGE_LOOP('',(#2419,#2420,#2421,#2422,#2423,#2424,#2425,#2426,#2427,
#2428,#2429,#2430));
#619=EDGE_LOOP('',(#2431));
#620=LINE('',#3522,#802);
#621=LINE('',#3532,#803);
#622=LINE('',#3540,#804);
#623=LINE('',#3657,#805);
#624=LINE('',#3674,#806);
#625=LINE('',#3679,#807);
#626=LINE('',#3691,#808);
#627=LINE('',#3694,#809);
#628=LINE('',#3718,#810);
#629=LINE('',#3725,#811);
#630=LINE('',#3851,#812);
#631=LINE('',#4030,#813);
#632=LINE('',#4032,#814);
#633=LINE('',#4034,#815);
#634=LINE('',#4035,#816);
#635=LINE('',#4138,#817);
#636=LINE('',#4180,#818);
#637=LINE('',#4222,#819);
#638=LINE('',#4264,#820);
#639=LINE('',#4317,#821);
#640=LINE('',#4330,#822);
#641=LINE('',#4582,#823);
#642=LINE('',#4627,#824);
#643=LINE('',#4664,#825);
#644=LINE('',#4701,#826);
#645=LINE('',#4738,#827);
#646=LINE('',#4748,#828);
#647=LINE('',#4750,#829);
#648=LINE('',#4752,#830);
#649=LINE('',#4754,#831);
#650=LINE('',#4755,#832);
#651=LINE('',#4758,#833);
#652=LINE('',#4760,#834);
#653=LINE('',#4761,#835);
#654=LINE('',#4764,#836);
#655=LINE('',#4766,#837);
#656=LINE('',#4768,#838);
#657=LINE('',#4769,#839);
#658=LINE('',#4792,#840);
#659=LINE('',#4793,#841);
#660=LINE('',#4799,#842);
#661=LINE('',#4800,#843);
#662=LINE('',#4806,#844);
#663=LINE('',#4811,#845);
#664=LINE('',#4812,#846);
#665=LINE('',#4818,#847);
#666=LINE('',#4857,#848);
#667=LINE('',#4865,#849);
#668=LINE('',#4869,#850);
#669=LINE('',#4875,#851);
#670=LINE('',#4880,#852);
#671=LINE('',#4887,#853);
#672=LINE('',#4890,#854);
#673=LINE('',#4896,#855);
#674=LINE('',#4902,#856);
#675=LINE('',#4908,#857);
#676=LINE('',#4914,#858);
#677=LINE('',#4920,#859);
#678=LINE('',#4926,#860);
#679=LINE('',#4956,#861);
#680=LINE('',#4957,#862);
#681=LINE('',#4997,#863);
#682=LINE('',#5011,#864);
#683=LINE('',#5028,#865);
#684=LINE('',#5032,#866);
#685=LINE('',#5037,#867);
#686=LINE('',#5041,#868);
#687=LINE('',#5046,#869);
#688=LINE('',#5048,#870);
#689=LINE('',#5053,#871);
#690=LINE('',#5057,#872);
#691=LINE('',#5059,#873);
#692=LINE('',#5061,#874);
#693=LINE('',#5065,#875);
#694=LINE('',#5067,#876);
#695=LINE('',#5069,#877);
#696=LINE('',#5070,#878);
#697=LINE('',#5075,#879);
#698=LINE('',#5077,#880);
#699=LINE('',#5079,#881);
#700=LINE('',#5080,#882);
#701=LINE('',#5083,#883);
#702=LINE('',#5085,#884);
#703=LINE('',#5087,#885);
#704=LINE('',#5101,#886);
#705=LINE('',#5103,#887);
#706=LINE('',#5104,#888);
#707=LINE('',#5107,#889);
#708=LINE('',#5109,#890);
#709=LINE('',#5110,#891);
#710=LINE('',#5115,#892);
#711=LINE('',#5119,#893);
#712=LINE('',#5123,#894);
#713=LINE('',#5127,#895);
#714=LINE('',#5131,#896);
#715=LINE('',#5132,#897);
#716=LINE('',#5137,#898);
#717=LINE('',#5220,#899);
#718=LINE('',#5260,#900);
#719=LINE('',#5305,#901);
#720=LINE('',#5388,#902);
#721=LINE('',#5428,#903);
#722=LINE('',#5431,#904);
#723=LINE('',#5432,#905);
#724=LINE('',#5434,#906);
#725=LINE('',#5437,#907);
#726=LINE('',#5444,#908);
#727=LINE('',#5445,#909);
#728=LINE('',#5450,#910);
#729=LINE('',#5453,#911);
#730=LINE('',#5455,#912);
#731=LINE('',#5457,#913);
#732=LINE('',#5464,#914);
#733=LINE('',#5466,#915);
#734=LINE('',#5468,#916);
#735=LINE('',#5469,#917);
#736=LINE('',#5472,#918);
#737=LINE('',#5474,#919);
#738=LINE('',#5475,#920);
#739=LINE('',#5493,#921);
#740=LINE('',#5502,#922);
#741=LINE('',#5506,#923);
#742=LINE('',#5510,#924);
#743=LINE('',#5514,#925);
#744=LINE('',#5518,#926);
#745=LINE('',#5522,#927);
#746=LINE('',#5526,#928);
#747=LINE('',#5530,#929);
#748=LINE('',#5533,#930);
#749=LINE('',#5535,#931);
#750=LINE('',#5537,#932);
#751=LINE('',#5538,#933);
#752=LINE('',#5541,#934);
#753=LINE('',#5545,#935);
#754=LINE('',#5551,#936);
#755=LINE('',#5554,#937);
#756=LINE('',#5557,#938);
#757=LINE('',#5559,#939);
#758=LINE('',#5560,#940);
#759=LINE('',#5563,#941);
#760=LINE('',#5565,#942);
#761=LINE('',#5567,#943);
#762=LINE('',#5568,#944);
#763=LINE('',#5571,#945);
#764=LINE('',#5573,#946);
#765=LINE('',#5575,#947);
#766=LINE('',#5576,#948);
#767=LINE('',#5578,#949);
#768=LINE('',#5579,#950);
#769=LINE('',#5581,#951);
#770=LINE('',#5586,#952);
#771=LINE('',#5587,#953);
#772=LINE('',#5588,#954);
#773=LINE('',#5592,#955);
#774=LINE('',#5597,#956);
#775=LINE('',#5598,#957);
#776=LINE('',#5601,#958);
#777=LINE('',#5602,#959);
#778=LINE('',#5606,#960);
#779=LINE('',#5608,#961);
#780=LINE('',#5611,#962);
#781=LINE('',#5612,#963);
#782=LINE('',#5618,#964);
#783=LINE('',#5620,#965);
#784=LINE('',#5622,#966);
#785=LINE('',#5623,#967);
#786=LINE('',#5625,#968);
#787=LINE('',#5626,#969);
#788=LINE('',#5628,#970);
#789=LINE('',#5630,#971);
#790=LINE('',#5635,#972);
#791=LINE('',#5637,#973);
#792=LINE('',#5639,#974);
#793=LINE('',#5640,#975);
#794=LINE('',#5642,#976);
#795=LINE('',#5643,#977);
#796=LINE('',#5645,#978);
#797=LINE('',#5647,#979);
#798=LINE('',#5654,#980);
#799=LINE('',#5660,#981);
#800=LINE('',#5665,#982);
#801=LINE('',#5672,#983);
#802=VECTOR('',#2870,10.);
#803=VECTOR('',#2871,10.);
#804=VECTOR('',#2876,10.);
#805=VECTOR('',#2881,10.);
#806=VECTOR('',#2888,10.);
#807=VECTOR('',#2893,10.);
#808=VECTOR('',#2894,10.);
#809=VECTOR('',#2897,10.);
#810=VECTOR('',#2902,10.);
#811=VECTOR('',#2909,10.);
#812=VECTOR('',#2954,10.);
#813=VECTOR('',#2961,10.);
#814=VECTOR('',#2962,10.);
#815=VECTOR('',#2963,10.);
#816=VECTOR('',#2964,10.);
#817=VECTOR('',#2965,10.);
#818=VECTOR('',#2966,10.);
#819=VECTOR('',#2967,10.);
#820=VECTOR('',#2968,10.);
#821=VECTOR('',#2969,10.);
#822=VECTOR('',#2970,10.);
#823=VECTOR('',#2973,10.);
#824=VECTOR('',#2974,10.);
#825=VECTOR('',#2975,10.);
#826=VECTOR('',#2976,10.);
#827=VECTOR('',#2977,10.);
#828=VECTOR('',#2980,10.);
#829=VECTOR('',#2981,10.);
#830=VECTOR('',#2982,10.);
#831=VECTOR('',#2983,10.);
#832=VECTOR('',#2984,10.);
#833=VECTOR('',#2987,10.);
#834=VECTOR('',#2988,10.);
#835=VECTOR('',#2989,10.);
#836=VECTOR('',#2992,10.);
#837=VECTOR('',#2993,10.);
#838=VECTOR('',#2994,10.);
#839=VECTOR('',#2995,10.);
#840=VECTOR('',#2998,10.);
#841=VECTOR('',#2999,10.);
#842=VECTOR('',#3004,10.);
#843=VECTOR('',#3005,10.);
#844=VECTOR('',#3012,10.);
#845=VECTOR('',#3017,10.);
#846=VECTOR('',#3018,10.);
#847=VECTOR('',#3025,10.);
#848=VECTOR('',#3026,10.);
#849=VECTOR('',#3031,10.);
#850=VECTOR('',#3036,10.);
#851=VECTOR('',#3043,10.);
#852=VECTOR('',#3048,10.);
#853=VECTOR('',#3057,10.);
#854=VECTOR('',#3060,10.);
#855=VECTOR('',#3067,10.);
#856=VECTOR('',#3074,10.);
#857=VECTOR('',#3081,10.);
#858=VECTOR('',#3088,10.);
#859=VECTOR('',#3095,10.);
#860=VECTOR('',#3102,10.);
#861=VECTOR('',#3105,10.);
#862=VECTOR('',#3106,10.);
#863=VECTOR('',#3107,10.);
#864=VECTOR('',#3108,10.);
#865=VECTOR('',#3111,10.);
#866=VECTOR('',#3116,10.);
#867=VECTOR('',#3117,10.);
#868=VECTOR('',#3122,10.);
#869=VECTOR('',#3129,10.);
#870=VECTOR('',#3130,10.);
#871=VECTOR('',#3135,10.);
#872=VECTOR('',#3142,10.);
#873=VECTOR('',#3143,10.);
#874=VECTOR('',#3144,10.);
#875=VECTOR('',#3147,10.);
#876=VECTOR('',#3148,10.);
#877=VECTOR('',#3149,10.);
#878=VECTOR('',#3150,10.);
#879=VECTOR('',#3155,10.);
#880=VECTOR('',#3156,10.);
#881=VECTOR('',#3157,10.);
#882=VECTOR('',#3158,10.);
#883=VECTOR('',#3161,10.);
#884=VECTOR('',#3162,10.);
#885=VECTOR('',#3163,10.);
#886=VECTOR('',#3182,10.);
#887=VECTOR('',#3183,10.);
#888=VECTOR('',#3184,10.);
#889=VECTOR('',#3187,10.);
#890=VECTOR('',#3188,10.);
#891=VECTOR('',#3189,10.);
#892=VECTOR('',#3194,3.);
#893=VECTOR('',#3199,3.);
#894=VECTOR('',#3204,3.);
#895=VECTOR('',#3209,3.);
#896=VECTOR('',#3214,10.);
#897=VECTOR('',#3215,10.);
#898=VECTOR('',#3220,2.25);
#899=VECTOR('',#3223,2.25);
#900=VECTOR('',#3226,2.25);
#901=VECTOR('',#3229,2.25);
#902=VECTOR('',#3232,2.25);
#903=VECTOR('',#3235,2.25);
#904=VECTOR('',#3238,10.);
#905=VECTOR('',#3239,10.);
#906=VECTOR('',#3242,10.);
#907=VECTOR('',#3245,10.);
#908=VECTOR('',#3256,5.05);
#909=VECTOR('',#3257,5.05);
#910=VECTOR('',#3266,10.);
#911=VECTOR('',#3271,5.05);
#912=VECTOR('',#3274,5.05);
#913=VECTOR('',#3275,5.05);
#914=VECTOR('',#3286,10.);
#915=VECTOR('',#3287,10.);
#916=VECTOR('',#3288,10.);
#917=VECTOR('',#3289,10.);
#918=VECTOR('',#3292,10.);
#919=VECTOR('',#3293,10.);
#920=VECTOR('',#3294,10.);
#921=VECTOR('',#3313,10.);
#922=VECTOR('',#3328,1.625);
#923=VECTOR('',#3333,1.625);
#924=VECTOR('',#3338,1.625);
#925=VECTOR('',#3343,1.625);
#926=VECTOR('',#3348,1.625);
#927=VECTOR('',#3353,1.625);
#928=VECTOR('',#3358,1.625);
#929=VECTOR('',#3363,1.625);
#930=VECTOR('',#3366,10.);
#931=VECTOR('',#3367,10.);
#932=VECTOR('',#3368,10.);
#933=VECTOR('',#3369,10.);
#934=VECTOR('',#3370,10.);
#935=VECTOR('',#3373,10.);
#936=VECTOR('',#3378,10.);
#937=VECTOR('',#3381,10.);
#938=VECTOR('',#3384,10.);
#939=VECTOR('',#3385,10.);
#940=VECTOR('',#3386,10.);
#941=VECTOR('',#3387,10.);
#942=VECTOR('',#3388,10.);
#943=VECTOR('',#3389,10.);
#944=VECTOR('',#3390,10.);
#945=VECTOR('',#3391,10.);
#946=VECTOR('',#3392,10.);
#947=VECTOR('',#3393,10.);
#948=VECTOR('',#3394,10.);
#949=VECTOR('',#3397,10.);
#950=VECTOR('',#3398,10.);
#951=VECTOR('',#3401,10.);
#952=VECTOR('',#3406,10.);
#953=VECTOR('',#3407,10.);
#954=VECTOR('',#3408,10.);
#955=VECTOR('',#3413,10.);
#956=VECTOR('',#3418,10.);
#957=VECTOR('',#3419,10.);
#958=VECTOR('',#3422,10.);
#959=VECTOR('',#3423,10.);
#960=VECTOR('',#3428,10.);
#961=VECTOR('',#3431,10.);
#962=VECTOR('',#3434,10.);
#963=VECTOR('',#3435,10.);
#964=VECTOR('',#3442,10.);
#965=VECTOR('',#3443,10.);
#966=VECTOR('',#3444,10.);
#967=VECTOR('',#3445,10.);
#968=VECTOR('',#3448,10.);
#969=VECTOR('',#3449,10.);
#970=VECTOR('',#3452,10.);
#971=VECTOR('',#3455,10.);
#972=VECTOR('',#3460,10.);
#973=VECTOR('',#3461,10.);
#974=VECTOR('',#3462,10.);
#975=VECTOR('',#3463,10.);
#976=VECTOR('',#3466,10.);
#977=VECTOR('',#3467,10.);
#978=VECTOR('',#3470,10.);
#979=VECTOR('',#3473,10.);
#980=VECTOR('',#3484,3.);
#981=VECTOR('',#3493,3.);
#982=VECTOR('',#3500,3.);
#983=VECTOR('',#3511,3.);
#984=(
BOUNDED_CURVE()
B_SPLINE_CURVE(2,(#3518,#3519,#3520),.UNSPECIFIED.,.F.,.F.)
B_SPLINE_CURVE_WITH_KNOTS((3,3),(0.46570532106929,0.902777416661959),
 .UNSPECIFIED.)
CURVE()
GEOMETRIC_REPRESENTATION_ITEM()
RATIONAL_B_SPLINE_CURVE((1.0507919877647,1.0507919877647,1.0060537400587))
REPRESENTATION_ITEM('')
);
#985=(
BOUNDED_CURVE()
B_SPLINE_CURVE(2,(#3524,#3525,#3526),.UNSPECIFIED.,.F.,.F.)
B_SPLINE_CURVE_WITH_KNOTS((3,3),(0.0286332254749854,0.465705321069294),
 .UNSPECIFIED.)
CURVE()
GEOMETRIC_REPRESENTATION_ITEM()
RATIONAL_B_SPLINE_CURVE((1.00605374005836,1.05079198776471,1.05079198776471))
REPRESENTATION_ITEM('')
);
#986=(
BOUNDED_CURVE()
B_SPLINE_CURVE(2,(#3528,#3529,#3530),.UNSPECIFIED.,.F.,.F.)
B_SPLINE_CURVE_WITH_KNOTS((3,3),(0.441752362049031,0.574444870114114),
 .UNSPECIFIED.)
CURVE()
GEOMETRIC_REPRESENTATION_ITEM()
RATIONAL_B_SPLINE_CURVE((1.89349191524925,1.89349191524926,1.81287509353691))
REPRESENTATION_ITEM('')
);
#987=(
BOUNDED_CURVE()
B_SPLINE_CURVE(2,(#3533,#3534,#3535),.UNSPECIFIED.,.F.,.F.)
B_SPLINE_CURVE_WITH_KNOTS((3,3),(0.340475876587759,0.446741185750607),
 .UNSPECIFIED.)
CURVE()
GEOMETRIC_REPRESENTATION_ITEM()
RATIONAL_B_SPLINE_CURVE((1.13628405254271,1.08940971067026,1.))
REPRESENTATION_ITEM('')
);
#988=(
BOUNDED_CURVE()
B_SPLINE_CURVE(2,(#3649,#3650,#3651),.UNSPECIFIED.,.F.,.F.)
B_SPLINE_CURVE_WITH_KNOTS((3,3),(0.0286332254749828,0.465705321069291),
 .UNSPECIFIED.)
CURVE()
GEOMETRIC_REPRESENTATION_ITEM()
RATIONAL_B_SPLINE_CURVE((1.00605374005836,1.0507919877647,1.0507919877647))
REPRESENTATION_ITEM('')
);
#989=(
BOUNDED_CURVE()
B_SPLINE_CURVE(2,(#3653,#3654,#3655),.UNSPECIFIED.,.F.,.F.)
B_SPLINE_CURVE_WITH_KNOTS((3,3),(0.446741185750607,0.553006494913459),
 .UNSPECIFIED.)
CURVE()
GEOMETRIC_REPRESENTATION_ITEM()
RATIONAL_B_SPLINE_CURVE((1.,1.08940971067026,1.13628405254271))
REPRESENTATION_ITEM('')
);
#990=(
BOUNDED_CURVE()
B_SPLINE_CURVE(2,(#3659,#3660,#3661),.UNSPECIFIED.,.F.,.F.)
B_SPLINE_CURVE_WITH_KNOTS((3,3),(0.309361075629644,0.442130648462906),
 .UNSPECIFIED.)
CURVE()
GEOMETRIC_REPRESENTATION_ITEM()
RATIONAL_B_SPLINE_CURVE((1.81376781742019,1.89442433770988,1.89442433770988))
REPRESENTATION_ITEM('')
);
#991=(
BOUNDED_CURVE()
B_SPLINE_CURVE(2,(#3662,#3663,#3664),.UNSPECIFIED.,.F.,.F.)
B_SPLINE_CURVE_WITH_KNOTS((3,3),(0.465705321069293,0.902777416661964),
 .UNSPECIFIED.)
CURVE()
GEOMETRIC_REPRESENTATION_ITEM()
RATIONAL_B_SPLINE_CURVE((1.05079198776471,1.05079198776471,1.0060537400587))
REPRESENTATION_ITEM('')
);
#992=(
BOUNDED_CURVE()
B_SPLINE_CURVE(2,(#3669,#3670,#3671),.UNSPECIFIED.,.F.,.F.)
B_SPLINE_CURVE_WITH_KNOTS((3,3),(0.,0.446741185750607),.UNSPECIFIED.)
CURVE()
GEOMETRIC_REPRESENTATION_ITEM()
RATIONAL_B_SPLINE_CURVE((1.,1.3758799600464,1.))
REPRESENTATION_ITEM('')
);
#993=(
BOUNDED_CURVE()
B_SPLINE_CURVE(2,(#5034,#5035,#5036),.UNSPECIFIED.,.F.,.F.)
B_SPLINE_CURVE_WITH_KNOTS((3,3),(0.446741185750607,0.893482371501215),
 .UNSPECIFIED.)
CURVE()
GEOMETRIC_REPRESENTATION_ITEM()
RATIONAL_B_SPLINE_CURVE((1.,1.3758799600464,1.))
REPRESENTATION_ITEM('')
);
#994=VERTEX_POINT('',#3516);
#995=VERTEX_POINT('',#3517);
#996=VERTEX_POINT('',#3521);
#997=VERTEX_POINT('',#3523);
#998=VERTEX_POINT('',#3527);
#999=VERTEX_POINT('',#3531);
#1000=VERTEX_POINT('',#3537);
#1001=VERTEX_POINT('',#3539);
#1002=VERTEX_POINT('',#3542);
#1003=VERTEX_POINT('',#3577);
#1004=VERTEX_POINT('',#3612);
#1005=VERTEX_POINT('',#3648);
#1006=VERTEX_POINT('',#3652);
#1007=VERTEX_POINT('',#3656);
#1008=VERTEX_POINT('',#3658);
#1009=VERTEX_POINT('',#3666);
#1010=VERTEX_POINT('',#3668);
#1011=VERTEX_POINT('',#3672);
#1012=VERTEX_POINT('',#3676);
#1013=VERTEX_POINT('',#3678);
#1014=VERTEX_POINT('',#3680);
#1015=VERTEX_POINT('',#3693);
#1016=VERTEX_POINT('',#3695);
#1017=VERTEX_POINT('',#3697);
#1018=VERTEX_POINT('',#3717);
#1019=VERTEX_POINT('',#3721);
#1020=VERTEX_POINT('',#3722);
#1021=VERTEX_POINT('',#3724);
#1022=VERTEX_POINT('',#3726);
#1023=VERTEX_POINT('',#3728);
#1024=VERTEX_POINT('',#3745);
#1025=VERTEX_POINT('',#3747);
#1026=VERTEX_POINT('',#3750);
#1027=VERTEX_POINT('',#3753);
#1028=VERTEX_POINT('',#3758);
#1029=VERTEX_POINT('',#3760);
#1030=VERTEX_POINT('',#3774);
#1031=VERTEX_POINT('',#3776);
#1032=VERTEX_POINT('',#3787);
#1033=VERTEX_POINT('',#3799);
#1034=VERTEX_POINT('',#3802);
#1035=VERTEX_POINT('',#3807);
#1036=VERTEX_POINT('',#3812);
#1037=VERTEX_POINT('',#3821);
#1038=VERTEX_POINT('',#3823);
#1039=VERTEX_POINT('',#3832);
#1040=VERTEX_POINT('',#3842);
#1041=VERTEX_POINT('',#3844);
#1042=VERTEX_POINT('',#3847);
#1043=VERTEX_POINT('',#3850);
#1044=VERTEX_POINT('',#3852);
#1045=VERTEX_POINT('',#3936);
#1046=VERTEX_POINT('',#3937);
#1047=VERTEX_POINT('',#3946);
#1048=VERTEX_POINT('',#3962);
#1049=VERTEX_POINT('',#3964);
#1050=VERTEX_POINT('',#4010);
#1051=VERTEX_POINT('',#4011);
#1052=VERTEX_POINT('',#4029);
#1053=VERTEX_POINT('',#4031);
#1054=VERTEX_POINT('',#4033);
#1055=VERTEX_POINT('',#4124);
#1056=VERTEX_POINT('',#4129);
#1057=VERTEX_POINT('',#4137);
#1058=VERTEX_POINT('',#4139);
#1059=VERTEX_POINT('',#4160);
#1060=VERTEX_POINT('',#4179);
#1061=VERTEX_POINT('',#4181);
#1062=VERTEX_POINT('',#4202);
#1063=VERTEX_POINT('',#4221);
#1064=VERTEX_POINT('',#4223);
#1065=VERTEX_POINT('',#4244);
#1066=VERTEX_POINT('',#4263);
#1067=VERTEX_POINT('',#4265);
#1068=VERTEX_POINT('',#4286);
#1069=VERTEX_POINT('',#4305);
#1070=VERTEX_POINT('',#4316);
#1071=VERTEX_POINT('',#4318);
#1072=VERTEX_POINT('',#4406);
#1073=VERTEX_POINT('',#4422);
#1074=VERTEX_POINT('',#4424);
#1075=VERTEX_POINT('',#4468);
#1076=VERTEX_POINT('',#4469);
#1077=VERTEX_POINT('',#4560);
#1078=VERTEX_POINT('',#4568);
#1079=VERTEX_POINT('',#4573);
#1080=VERTEX_POINT('',#4581);
#1081=VERTEX_POINT('',#4583);
#1082=VERTEX_POINT('',#4591);
#1083=VERTEX_POINT('',#4626);
#1084=VERTEX_POINT('',#4628);
#1085=VERTEX_POINT('',#4663);
#1086=VERTEX_POINT('',#4665);
#1087=VERTEX_POINT('',#4700);
#1088=VERTEX_POINT('',#4702);
#1089=VERTEX_POINT('',#4737);
#1090=VERTEX_POINT('',#4747);
#1091=VERTEX_POINT('',#4749);
#1092=VERTEX_POINT('',#4751);
#1093=VERTEX_POINT('',#4753);
#1094=VERTEX_POINT('',#4757);
#1095=VERTEX_POINT('',#4759);
#1096=VERTEX_POINT('',#4763);
#1097=VERTEX_POINT('',#4765);
#1098=VERTEX_POINT('',#4767);
#1099=VERTEX_POINT('',#4791);
#1100=VERTEX_POINT('',#4795);
#1101=VERTEX_POINT('',#4796);
#1102=VERTEX_POINT('',#4798);
#1103=VERTEX_POINT('',#4802);
#1104=VERTEX_POINT('',#4804);
#1105=VERTEX_POINT('',#4808);
#1106=VERTEX_POINT('',#4810);
#1107=VERTEX_POINT('',#4814);
#1108=VERTEX_POINT('',#4816);
#1109=VERTEX_POINT('',#4851);
#1110=VERTEX_POINT('',#4856);
#1111=VERTEX_POINT('',#4863);
#1112=VERTEX_POINT('',#4867);
#1113=VERTEX_POINT('',#4871);
#1114=VERTEX_POINT('',#4873);
#1115=VERTEX_POINT('',#4877);
#1116=VERTEX_POINT('',#4879);
#1117=VERTEX_POINT('',#4883);
#1118=VERTEX_POINT('',#4885);
#1119=VERTEX_POINT('',#4889);
#1120=VERTEX_POINT('',#4893);
#1121=VERTEX_POINT('',#4895);
#1122=VERTEX_POINT('',#4899);
#1123=VERTEX_POINT('',#4901);
#1124=VERTEX_POINT('',#4905);
#1125=VERTEX_POINT('',#4907);
#1126=VERTEX_POINT('',#4911);
#1127=VERTEX_POINT('',#4913);
#1128=VERTEX_POINT('',#4917);
#1129=VERTEX_POINT('',#4919);
#1130=VERTEX_POINT('',#4923);
#1131=VERTEX_POINT('',#4925);
#1132=VERTEX_POINT('',#4940);
#1133=VERTEX_POINT('',#4948);
#1134=VERTEX_POINT('',#4989);
#1135=VERTEX_POINT('',#5010);
#1136=VERTEX_POINT('',#5027);
#1137=VERTEX_POINT('',#5031);
#1138=VERTEX_POINT('',#5033);
#1139=VERTEX_POINT('',#5039);
#1140=VERTEX_POINT('',#5045);
#1141=VERTEX_POINT('',#5047);
#1142=VERTEX_POINT('',#5050);
#1143=VERTEX_POINT('',#5052);
#1144=VERTEX_POINT('',#5058);
#1145=VERTEX_POINT('',#5060);
#1146=VERTEX_POINT('',#5062);
#1147=VERTEX_POINT('',#5064);
#1148=VERTEX_POINT('',#5066);
#1149=VERTEX_POINT('',#5068);
#1150=VERTEX_POINT('',#5071);
#1151=VERTEX_POINT('',#5074);
#1152=VERTEX_POINT('',#5076);
#1153=VERTEX_POINT('',#5078);
#1154=VERTEX_POINT('',#5082);
#1155=VERTEX_POINT('',#5084);
#1156=VERTEX_POINT('',#5086);
#1157=VERTEX_POINT('',#5088);
#1158=VERTEX_POINT('',#5091);
#1159=VERTEX_POINT('',#5094);
#1160=VERTEX_POINT('',#5097);
#1161=VERTEX_POINT('',#5102);
#1162=VERTEX_POINT('',#5106);
#1163=VERTEX_POINT('',#5108);
#1164=VERTEX_POINT('',#5111);
#1165=VERTEX_POINT('',#5114);
#1166=VERTEX_POINT('',#5118);
#1167=VERTEX_POINT('',#5122);
#1168=VERTEX_POINT('',#5126);
#1169=VERTEX_POINT('',#5130);
#1170=VERTEX_POINT('',#5133);
#1171=VERTEX_POINT('',#5136);
#1172=VERTEX_POINT('',#5138);
#1173=VERTEX_POINT('',#5149);
#1174=VERTEX_POINT('',#5160);
#1175=VERTEX_POINT('',#5182);
#1176=VERTEX_POINT('',#5183);
#1177=VERTEX_POINT('',#5222);
#1178=VERTEX_POINT('',#5223);
#1179=VERTEX_POINT('',#5262);
#1180=VERTEX_POINT('',#5263);
#1181=VERTEX_POINT('',#5274);
#1182=VERTEX_POINT('',#5304);
#1183=VERTEX_POINT('',#5306);
#1184=VERTEX_POINT('',#5317);
#1185=VERTEX_POINT('',#5328);
#1186=VERTEX_POINT('',#5350);
#1187=VERTEX_POINT('',#5351);
#1188=VERTEX_POINT('',#5390);
#1189=VERTEX_POINT('',#5391);
#1190=VERTEX_POINT('',#5430);
#1191=VERTEX_POINT('',#5436);
#1192=VERTEX_POINT('',#5442);
#1193=VERTEX_POINT('',#5456);
#1194=VERTEX_POINT('',#5463);
#1195=VERTEX_POINT('',#5465);
#1196=VERTEX_POINT('',#5467);
#1197=VERTEX_POINT('',#5471);
#1198=VERTEX_POINT('',#5473);
#1199=VERTEX_POINT('',#5476);
#1200=VERTEX_POINT('',#5478);
#1201=VERTEX_POINT('',#5480);
#1202=VERTEX_POINT('',#5482);
#1203=VERTEX_POINT('',#5484);
#1204=VERTEX_POINT('',#5486);
#1205=VERTEX_POINT('',#5488);
#1206=VERTEX_POINT('',#5490);
#1207=VERTEX_POINT('',#5500);
#1208=VERTEX_POINT('',#5504);
#1209=VERTEX_POINT('',#5508);
#1210=VERTEX_POINT('',#5512);
#1211=VERTEX_POINT('',#5516);
#1212=VERTEX_POINT('',#5520);
#1213=VERTEX_POINT('',#5524);
#1214=VERTEX_POINT('',#5528);
#1215=VERTEX_POINT('',#5532);
#1216=VERTEX_POINT('',#5534);
#1217=VERTEX_POINT('',#5536);
#1218=VERTEX_POINT('',#5539);
#1219=VERTEX_POINT('',#5540);
#1220=VERTEX_POINT('',#5542);
#1221=VERTEX_POINT('',#5544);
#1222=VERTEX_POINT('',#5547);
#1223=VERTEX_POINT('',#5548);
#1224=VERTEX_POINT('',#5550);
#1225=VERTEX_POINT('',#5552);
#1226=VERTEX_POINT('',#5556);
#1227=VERTEX_POINT('',#5558);
#1228=VERTEX_POINT('',#5561);
#1229=VERTEX_POINT('',#5562);
#1230=VERTEX_POINT('',#5564);
#1231=VERTEX_POINT('',#5566);
#1232=VERTEX_POINT('',#5569);
#1233=VERTEX_POINT('',#5570);
#1234=VERTEX_POINT('',#5572);
#1235=VERTEX_POINT('',#5574);
#1236=VERTEX_POINT('',#5584);
#1237=VERTEX_POINT('',#5585);
#1238=VERTEX_POINT('',#5590);
#1239=VERTEX_POINT('',#5594);
#1240=VERTEX_POINT('',#5595);
#1241=VERTEX_POINT('',#5600);
#1242=VERTEX_POINT('',#5604);
#1243=VERTEX_POINT('',#5610);
#1244=VERTEX_POINT('',#5616);
#1245=VERTEX_POINT('',#5617);
#1246=VERTEX_POINT('',#5619);
#1247=VERTEX_POINT('',#5621);
#1248=VERTEX_POINT('',#5633);
#1249=VERTEX_POINT('',#5634);
#1250=VERTEX_POINT('',#5636);
#1251=VERTEX_POINT('',#5638);
#1252=VERTEX_POINT('',#5651);
#1253=VERTEX_POINT('',#5657);
#1254=VERTEX_POINT('',#5662);
#1255=VERTEX_POINT('',#5669);
#1256=EDGE_CURVE('',#994,#995,#984,.T.);
#1257=EDGE_CURVE('',#994,#996,#620,.T.);
#1258=EDGE_CURVE('',#997,#996,#985,.T.);
#1259=EDGE_CURVE('',#998,#997,#986,.T.);
#1260=EDGE_CURVE('',#999,#998,#621,.T.);
#1261=EDGE_CURVE('',#995,#999,#987,.T.);
#1262=EDGE_CURVE('',#1000,#994,#182,.T.);
#1263=EDGE_CURVE('',#1000,#1001,#622,.T.);
#1264=EDGE_CURVE('',#996,#1001,#183,.T.);
#1265=EDGE_CURVE('',#1002,#1002,#96,.T.);
#1266=EDGE_CURVE('',#1003,#1003,#97,.T.);
#1267=EDGE_CURVE('',#1004,#1004,#98,.T.);
#1268=EDGE_CURVE('',#1005,#1000,#988,.T.);
#1269=EDGE_CURVE('',#1006,#1005,#989,.T.);
#1270=EDGE_CURVE('',#1006,#1007,#623,.T.);
#1271=EDGE_CURVE('',#1008,#1007,#990,.T.);
#1272=EDGE_CURVE('',#1001,#1008,#991,.T.);
#1273=EDGE_CURVE('',#999,#1009,#184,.T.);
#1274=EDGE_CURVE('',#1010,#1009,#992,.T.);
#1275=EDGE_CURVE('',#1010,#1011,#185,.T.);
#1276=EDGE_CURVE('',#995,#1011,#624,.T.);
#1277=EDGE_CURVE('',#1012,#998,#186,.T.);
#1278=EDGE_CURVE('',#1013,#1012,#625,.T.);
#1279=EDGE_CURVE('',#1013,#1014,#99,.F.);
#1280=EDGE_CURVE('',#1014,#1009,#626,.F.);
#1281=EDGE_CURVE('',#997,#1015,#627,.T.);
#1282=EDGE_CURVE('',#1015,#1016,#187,.T.);
#1283=EDGE_CURVE('',#1016,#1017,#100,.T.);
#1284=EDGE_CURVE('',#1012,#1017,#101,.T.);
#1285=EDGE_CURVE('',#1008,#1018,#628,.T.);
#1286=EDGE_CURVE('',#1018,#1015,#188,.T.);
#1287=EDGE_CURVE('',#1019,#1020,#189,.T.);
#1288=EDGE_CURVE('',#1021,#1020,#629,.T.);
#1289=EDGE_CURVE('',#1021,#1022,#190,.T.);
#1290=EDGE_CURVE('',#1022,#1023,#102,.T.);
#1291=EDGE_CURVE('',#1023,#1019,#103,.T.);
#1292=EDGE_CURVE('',#1019,#1024,#191,.F.);
#1293=EDGE_CURVE('',#1025,#1024,#192,.T.);
#1294=EDGE_CURVE('',#1020,#1025,#193,.T.);
#1295=EDGE_CURVE('',#1026,#1026,#194,.T.);
#1296=EDGE_CURVE('',#1023,#1027,#104,.F.);
#1297=EDGE_CURVE('',#1028,#1027,#195,.F.);
#1298=EDGE_CURVE('',#1028,#1029,#105,.F.);
#1299=EDGE_CURVE('',#1024,#1029,#106,.T.);
#1300=EDGE_CURVE('',#1007,#1030,#196,.T.);
#1301=EDGE_CURVE('',#1031,#1030,#107,.T.);
#1302=EDGE_CURVE('',#1031,#1032,#108,.T.);
#1303=EDGE_CURVE('',#1032,#1018,#197,.T.);
#1304=EDGE_CURVE('',#1032,#1016,#198,.F.);
#1305=EDGE_CURVE('',#1033,#1033,#199,.T.);
#1306=EDGE_CURVE('',#1034,#1031,#109,.F.);
#1307=EDGE_CURVE('',#1034,#1035,#110,.F.);
#1308=EDGE_CURVE('',#1036,#1035,#111,.T.);
#1309=EDGE_CURVE('',#1037,#1036,#200,.F.);
#1310=EDGE_CURVE('',#1038,#1037,#112,.T.);
#1311=EDGE_CURVE('',#1038,#1039,#113,.F.);
#1312=EDGE_CURVE('',#1017,#1039,#114,.F.);
#1313=EDGE_CURVE('',#1040,#1036,#201,.T.);
#1314=EDGE_CURVE('',#1041,#1040,#202,.T.);
#1315=EDGE_CURVE('',#1037,#1041,#203,.T.);
#1316=EDGE_CURVE('',#1042,#1042,#204,.T.);
#1317=EDGE_CURVE('',#1043,#1041,#630,.T.);
#1318=EDGE_CURVE('',#1043,#1044,#205,.T.);
#1319=EDGE_CURVE('',#1044,#1038,#115,.T.);
#1320=EDGE_CURVE('',#1045,#1046,#116,.T.);
#1321=EDGE_CURVE('',#1046,#1047,#117,.T.);
#1322=EDGE_CURVE('',#1047,#1048,#206,.T.);
#1323=EDGE_CURVE('',#1048,#1049,#118,.T.);
#1324=EDGE_CURVE('',#1049,#1045,#119,.T.);
#1325=EDGE_CURVE('',#1050,#1051,#120,.F.);
#1326=EDGE_CURVE('',#1050,#1048,#121,.T.);
#1327=EDGE_CURVE('',#1047,#1051,#122,.T.);
#1328=EDGE_CURVE('',#1047,#1052,#631,.T.);
#1329=EDGE_CURVE('',#1052,#1053,#632,.T.);
#1330=EDGE_CURVE('',#1053,#1054,#633,.T.);
#1331=EDGE_CURVE('',#1054,#1051,#634,.T.);
#1332=EDGE_CURVE('',#1046,#1052,#123,.T.);
#1333=EDGE_CURVE('',#1050,#1055,#124,.T.);
#1334=EDGE_CURVE('',#1056,#1055,#125,.T.);
#1335=EDGE_CURVE('',#1056,#1057,#635,.T.);
#1336=EDGE_CURVE('',#1057,#1058,#126,.T.);
#1337=EDGE_CURVE('',#1058,#1059,#127,.T.);
#1338=EDGE_CURVE('',#1059,#1060,#636,.T.);
#1339=EDGE_CURVE('',#1060,#1061,#128,.T.);
#1340=EDGE_CURVE('',#1061,#1062,#129,.T.);
#1341=EDGE_CURVE('',#1062,#1063,#637,.T.);
#1342=EDGE_CURVE('',#1063,#1064,#130,.T.);
#1343=EDGE_CURVE('',#1064,#1065,#131,.T.);
#1344=EDGE_CURVE('',#1065,#1066,#638,.T.);
#1345=EDGE_CURVE('',#1066,#1067,#132,.T.);
#1346=EDGE_CURVE('',#1067,#1068,#133,.T.);
#1347=EDGE_CURVE('',#1069,#1068,#134,.T.);
#1348=EDGE_CURVE('',#1069,#1070,#639,.T.);
#1349=EDGE_CURVE('',#1071,#1070,#135,.T.);
#1350=EDGE_CURVE('',#1034,#1071,#136,.T.);
#1351=EDGE_CURVE('',#1049,#1030,#640,.T.);
#1352=EDGE_CURVE('',#1013,#1072,#137,.T.);
#1353=EDGE_CURVE('',#1072,#1073,#207,.T.);
#1354=EDGE_CURVE('',#1073,#1074,#138,.T.);
#1355=EDGE_CURVE('',#1014,#1074,#139,.F.);
#1356=EDGE_CURVE('',#1075,#1076,#140,.T.);
#1357=EDGE_CURVE('',#1076,#1073,#141,.T.);
#1358=EDGE_CURVE('',#1072,#1075,#142,.T.);
#1359=EDGE_CURVE('',#1077,#1075,#143,.T.);
#1360=EDGE_CURVE('',#1078,#1039,#144,.T.);
#1361=EDGE_CURVE('',#1079,#1078,#145,.T.);
#1362=EDGE_CURVE('',#1079,#1080,#641,.T.);
#1363=EDGE_CURVE('',#1081,#1080,#146,.T.);
#1364=EDGE_CURVE('',#1081,#1082,#147,.T.);
#1365=EDGE_CURVE('',#1083,#1082,#642,.T.);
#1366=EDGE_CURVE('',#1083,#1084,#148,.T.);
#1367=EDGE_CURVE('',#1085,#1084,#643,.T.);
#1368=EDGE_CURVE('',#1085,#1086,#149,.T.);
#1369=EDGE_CURVE('',#1087,#1086,#644,.T.);
#1370=EDGE_CURVE('',#1087,#1088,#150,.T.);
#1371=EDGE_CURVE('',#1089,#1088,#645,.T.);
#1372=EDGE_CURVE('',#1077,#1089,#151,.T.);
#1373=EDGE_CURVE('',#1090,#1054,#646,.T.);
#1374=EDGE_CURVE('',#1090,#1091,#647,.T.);
#1375=EDGE_CURVE('',#1091,#1092,#648,.T.);
#1376=EDGE_CURVE('',#1092,#1093,#649,.T.);
#1377=EDGE_CURVE('',#1093,#1056,#650,.T.);
#1378=EDGE_CURVE('',#1053,#1094,#651,.T.);
#1379=EDGE_CURVE('',#1095,#1094,#652,.T.);
#1380=EDGE_CURVE('',#1090,#1095,#653,.T.);
#1381=EDGE_CURVE('',#1076,#1096,#654,.T.);
#1382=EDGE_CURVE('',#1096,#1097,#655,.T.);
#1383=EDGE_CURVE('',#1097,#1098,#656,.T.);
#1384=EDGE_CURVE('',#1098,#1073,#657,.T.);
#1385=EDGE_CURVE('',#1098,#1074,#152,.T.);
#1386=EDGE_CURVE('',#1099,#1097,#658,.T.);
#1387=EDGE_CURVE('',#1099,#1010,#659,.T.);
#1388=EDGE_CURVE('',#1100,#1101,#208,.T.);
#1389=EDGE_CURVE('',#1101,#1102,#660,.T.);
#1390=EDGE_CURVE('',#1100,#1102,#661,.T.);
#1391=EDGE_CURVE('',#1103,#1083,#209,.T.);
#1392=EDGE_CURVE('',#1082,#1104,#210,.T.);
#1393=EDGE_CURVE('',#1103,#1104,#662,.T.);
#1394=EDGE_CURVE('',#1088,#1105,#211,.T.);
#1395=EDGE_CURVE('',#1106,#1105,#663,.T.);
#1396=EDGE_CURVE('',#1089,#1106,#664,.T.);
#1397=EDGE_CURVE('',#1107,#1085,#212,.T.);
#1398=EDGE_CURVE('',#1084,#1108,#213,.T.);
#1399=EDGE_CURVE('',#1107,#1108,#665,.T.);
#1400=EDGE_CURVE('',#1101,#1081,#153,.T.);
#1401=EDGE_CURVE('',#1102,#1081,#154,.T.);
#1402=EDGE_CURVE('',#1068,#1109,#155,.T.);
#1403=EDGE_CURVE('',#1109,#1110,#666,.T.);
#1404=EDGE_CURVE('',#1068,#1110,#156,.T.);
#1405=EDGE_CURVE('',#1109,#1111,#214,.T.);
#1406=EDGE_CURVE('',#1110,#1111,#667,.T.);
#1407=EDGE_CURVE('',#1112,#1057,#215,.T.);
#1408=EDGE_CURVE('',#1112,#1093,#668,.T.);
#1409=EDGE_CURVE('',#1113,#1060,#216,.T.);
#1410=EDGE_CURVE('',#1059,#1114,#217,.T.);
#1411=EDGE_CURVE('',#1113,#1114,#669,.T.);
#1412=EDGE_CURVE('',#1065,#1115,#218,.T.);
#1413=EDGE_CURVE('',#1116,#1115,#670,.T.);
#1414=EDGE_CURVE('',#1116,#1066,#219,.T.);
#1415=EDGE_CURVE('',#1117,#1063,#220,.T.);
#1416=EDGE_CURVE('',#1062,#1118,#221,.T.);
#1417=EDGE_CURVE('',#1117,#1118,#671,.T.);
#1418=EDGE_CURVE('',#1092,#1119,#672,.T.);
#1419=EDGE_CURVE('',#1119,#1112,#16,.T.);
#1420=EDGE_CURVE('',#1114,#1120,#17,.T.);
#1421=EDGE_CURVE('',#1120,#1121,#673,.T.);
#1422=EDGE_CURVE('',#1121,#1113,#18,.T.);
#1423=EDGE_CURVE('',#1115,#1122,#19,.T.);
#1424=EDGE_CURVE('',#1122,#1123,#674,.T.);
#1425=EDGE_CURVE('',#1123,#1116,#20,.T.);
#1426=EDGE_CURVE('',#1086,#1124,#222,.T.);
#1427=EDGE_CURVE('',#1125,#1124,#675,.T.);
#1428=EDGE_CURVE('',#1125,#1087,#223,.T.);
#1429=EDGE_CURVE('',#1108,#1126,#21,.T.);
#1430=EDGE_CURVE('',#1126,#1127,#676,.T.);
#1431=EDGE_CURVE('',#1127,#1107,#22,.T.);
#1432=EDGE_CURVE('',#1104,#1128,#23,.T.);
#1433=EDGE_CURVE('',#1128,#1129,#677,.T.);
#1434=EDGE_CURVE('',#1129,#1103,#24,.T.);
#1435=EDGE_CURVE('',#1124,#1130,#25,.T.);
#1436=EDGE_CURVE('',#1130,#1131,#678,.T.);
#1437=EDGE_CURVE('',#1131,#1125,#26,.T.);
#1438=EDGE_CURVE('',#1029,#1132,#157,.T.);
#1439=EDGE_CURVE('',#1028,#1133,#158,.T.);
#1440=EDGE_CURVE('',#1133,#1078,#679,.T.);
#1441=EDGE_CURVE('',#1132,#1044,#680,.T.);
#1442=EDGE_CURVE('',#1133,#1080,#159,.T.);
#1443=EDGE_CURVE('',#1069,#1134,#160,.T.);
#1444=EDGE_CURVE('',#1134,#1071,#681,.T.);
#1445=EDGE_CURVE('',#1022,#1135,#682,.T.);
#1446=EDGE_CURVE('',#1035,#1135,#161,.T.);
#1447=EDGE_CURVE('',#1134,#1027,#162,.T.);
#1448=EDGE_CURVE('',#1136,#1043,#683,.T.);
#1449=EDGE_CURVE('',#1132,#1136,#224,.T.);
#1450=EDGE_CURVE('',#1137,#1045,#684,.T.);
#1451=EDGE_CURVE('',#1137,#1138,#993,.T.);
#1452=EDGE_CURVE('',#1138,#1094,#685,.T.);
#1453=EDGE_CURVE('',#1135,#1139,#225,.T.);
#1454=EDGE_CURVE('',#1139,#1040,#686,.T.);
#1455=EDGE_CURVE('',#1137,#1006,#226,.T.);
#1456=EDGE_CURVE('',#1091,#1140,#687,.T.);
#1457=EDGE_CURVE('',#1141,#1140,#688,.T.);
#1458=EDGE_CURVE('',#1123,#1141,#227,.T.);
#1459=EDGE_CURVE('',#1142,#1122,#228,.T.);
#1460=EDGE_CURVE('',#1143,#1142,#689,.T.);
#1461=EDGE_CURVE('',#1121,#1143,#229,.T.);
#1462=EDGE_CURVE('',#1119,#1120,#230,.T.);
#1463=EDGE_CURVE('',#1141,#1111,#690,.T.);
#1464=EDGE_CURVE('',#1140,#1144,#691,.T.);
#1465=EDGE_CURVE('',#1145,#1144,#692,.T.);
#1466=EDGE_CURVE('',#1146,#1145,#231,.T.);
#1467=EDGE_CURVE('',#1147,#1146,#693,.T.);
#1468=EDGE_CURVE('',#1147,#1148,#694,.T.);
#1469=EDGE_CURVE('',#1148,#1149,#695,.T.);
#1470=EDGE_CURVE('',#1149,#1100,#696,.T.);
#1471=EDGE_CURVE('',#1150,#1150,#232,.T.);
#1472=EDGE_CURVE('',#1151,#1095,#697,.T.);
#1473=EDGE_CURVE('',#1152,#1151,#698,.T.);
#1474=EDGE_CURVE('',#1153,#1152,#699,.T.);
#1475=EDGE_CURVE('',#1153,#1144,#700,.T.);
#1476=EDGE_CURVE('',#1148,#1154,#701,.T.);
#1477=EDGE_CURVE('',#1155,#1154,#702,.T.);
#1478=EDGE_CURVE('',#1156,#1155,#703,.T.);
#1479=EDGE_CURVE('',#1157,#1156,#233,.T.);
#1480=EDGE_CURVE('',#1131,#1157,#234,.T.);
#1481=EDGE_CURVE('',#1158,#1130,#235,.T.);
#1482=EDGE_CURVE('',#1127,#1158,#236,.T.);
#1483=EDGE_CURVE('',#1159,#1126,#237,.T.);
#1484=EDGE_CURVE('',#1129,#1159,#238,.T.);
#1485=EDGE_CURVE('',#1160,#1128,#239,.T.);
#1486=EDGE_CURVE('',#1149,#1160,#240,.T.);
#1487=EDGE_CURVE('',#1155,#1106,#704,.T.);
#1488=EDGE_CURVE('',#1154,#1161,#705,.T.);
#1489=EDGE_CURVE('',#1096,#1161,#706,.T.);
#1490=EDGE_CURVE('',#1162,#1146,#707,.T.);
#1491=EDGE_CURVE('',#1162,#1163,#708,.T.);
#1492=EDGE_CURVE('',#1163,#1147,#709,.T.);
#1493=EDGE_CURVE('',#1164,#1164,#27,.T.);
#1494=EDGE_CURVE('',#1067,#1165,#710,.T.);
#1495=EDGE_CURVE('',#1165,#1165,#241,.T.);
#1496=EDGE_CURVE('',#1160,#1166,#711,.T.);
#1497=EDGE_CURVE('',#1166,#1166,#242,.T.);
#1498=EDGE_CURVE('',#1159,#1167,#712,.T.);
#1499=EDGE_CURVE('',#1167,#1167,#243,.T.);
#1500=EDGE_CURVE('',#1158,#1168,#713,.T.);
#1501=EDGE_CURVE('',#1168,#1168,#244,.T.);
#1502=EDGE_CURVE('',#1169,#1153,#714,.T.);
#1503=EDGE_CURVE('',#1169,#1145,#715,.T.);
#1504=EDGE_CURVE('',#1170,#1170,#28,.T.);
#1505=EDGE_CURVE('',#1002,#1171,#716,.T.);
#1506=EDGE_CURVE('',#1172,#1171,#163,.T.);
#1507=EDGE_CURVE('',#1173,#1172,#164,.T.);
#1508=EDGE_CURVE('',#1174,#1173,#165,.T.);
#1509=EDGE_CURVE('',#1171,#1174,#166,.T.);
#1510=EDGE_CURVE('',#1175,#1176,#167,.T.);
#1511=EDGE_CURVE('',#1176,#1175,#168,.T.);
#1512=EDGE_CURVE('',#1176,#1003,#717,.T.);
#1513=EDGE_CURVE('',#1177,#1178,#169,.T.);
#1514=EDGE_CURVE('',#1178,#1177,#170,.T.);
#1515=EDGE_CURVE('',#1178,#1004,#718,.T.);
#1516=EDGE_CURVE('',#1179,#1180,#171,.T.);
#1517=EDGE_CURVE('',#1181,#1179,#172,.T.);
#1518=EDGE_CURVE('',#1180,#1181,#173,.T.);
#1519=EDGE_CURVE('',#1180,#1182,#719,.T.);
#1520=EDGE_CURVE('',#1183,#1182,#174,.T.);
#1521=EDGE_CURVE('',#1184,#1183,#175,.T.);
#1522=EDGE_CURVE('',#1185,#1184,#176,.T.);
#1523=EDGE_CURVE('',#1182,#1185,#177,.T.);
#1524=EDGE_CURVE('',#1186,#1187,#178,.T.);
#1525=EDGE_CURVE('',#1187,#1186,#179,.T.);
#1526=EDGE_CURVE('',#1187,#1164,#720,.T.);
#1527=EDGE_CURVE('',#1188,#1189,#180,.T.);
#1528=EDGE_CURVE('',#1189,#1188,#181,.T.);
#1529=EDGE_CURVE('',#1189,#1170,#721,.T.);
#1530=EDGE_CURVE('',#1161,#1190,#722,.T.);
#1531=EDGE_CURVE('',#1099,#1190,#723,.T.);
#1532=EDGE_CURVE('',#1136,#1025,#724,.T.);
#1533=EDGE_CURVE('',#1005,#1191,#725,.T.);
#1534=EDGE_CURVE('',#1191,#1138,#245,.T.);
#1535=EDGE_CURVE('',#1011,#1191,#246,.T.);
#1536=EDGE_CURVE('',#1192,#1192,#247,.T.);
#1537=EDGE_CURVE('',#1192,#1174,#726,.T.);
#1538=EDGE_CURVE('',#1172,#1033,#727,.T.);
#1539=EDGE_CURVE('',#1136,#1021,#248,.T.);
#1540=EDGE_CURVE('',#1139,#1043,#249,.T.);
#1541=EDGE_CURVE('',#1021,#1139,#728,.T.);
#1542=EDGE_CURVE('',#1042,#1026,#729,.T.);
#1543=EDGE_CURVE('',#1150,#1185,#730,.T.);
#1544=EDGE_CURVE('',#1183,#1193,#731,.T.);
#1545=EDGE_CURVE('',#1193,#1193,#250,.T.);
#1546=EDGE_CURVE('',#1169,#1162,#251,.T.);
#1547=EDGE_CURVE('',#1194,#1152,#732,.T.);
#1548=EDGE_CURVE('',#1194,#1195,#733,.T.);
#1549=EDGE_CURVE('',#1195,#1196,#734,.T.);
#1550=EDGE_CURVE('',#1163,#1196,#735,.T.);
#1551=EDGE_CURVE('',#1194,#1197,#736,.T.);
#1552=EDGE_CURVE('',#1198,#1197,#737,.T.);
#1553=EDGE_CURVE('',#1195,#1198,#738,.T.);
#1554=EDGE_CURVE('',#1199,#1199,#252,.T.);
#1555=EDGE_CURVE('',#1200,#1200,#253,.T.);
#1556=EDGE_CURVE('',#1201,#1201,#254,.T.);
#1557=EDGE_CURVE('',#1202,#1202,#255,.T.);
#1558=EDGE_CURVE('',#1203,#1203,#256,.T.);
#1559=EDGE_CURVE('',#1204,#1204,#257,.T.);
#1560=EDGE_CURVE('',#1205,#1205,#258,.T.);
#1561=EDGE_CURVE('',#1206,#1206,#259,.T.);
#1562=EDGE_CURVE('',#1197,#1151,#739,.T.);
#1563=EDGE_CURVE('',#1118,#1143,#29,.T.);
#1564=EDGE_CURVE('',#1142,#1117,#30,.T.);
#1565=EDGE_CURVE('',#1105,#1156,#31,.T.);
#1566=EDGE_CURVE('',#1207,#1207,#260,.T.);
#1567=EDGE_CURVE('',#1207,#1206,#740,.T.);
#1568=EDGE_CURVE('',#1208,#1208,#261,.T.);
#1569=EDGE_CURVE('',#1208,#1205,#741,.T.);
#1570=EDGE_CURVE('',#1209,#1209,#262,.T.);
#1571=EDGE_CURVE('',#1209,#1204,#742,.T.);
#1572=EDGE_CURVE('',#1210,#1210,#263,.T.);
#1573=EDGE_CURVE('',#1210,#1203,#743,.T.);
#1574=EDGE_CURVE('',#1211,#1211,#264,.T.);
#1575=EDGE_CURVE('',#1211,#1202,#744,.T.);
#1576=EDGE_CURVE('',#1212,#1212,#265,.T.);
#1577=EDGE_CURVE('',#1212,#1201,#745,.T.);
#1578=EDGE_CURVE('',#1213,#1213,#266,.T.);
#1579=EDGE_CURVE('',#1213,#1200,#746,.T.);
#1580=EDGE_CURVE('',#1214,#1214,#267,.T.);
#1581=EDGE_CURVE('',#1214,#1199,#747,.T.);
#1582=EDGE_CURVE('',#1190,#1215,#748,.T.);
#1583=EDGE_CURVE('',#1196,#1216,#749,.T.);
#1584=EDGE_CURVE('',#1216,#1217,#750,.T.);
#1585=EDGE_CURVE('',#1217,#1215,#751,.T.);
#1586=EDGE_CURVE('',#1218,#1219,#752,.T.);
#1587=EDGE_CURVE('',#1219,#1220,#268,.T.);
#1588=EDGE_CURVE('',#1220,#1221,#753,.T.);
#1589=EDGE_CURVE('',#1221,#1218,#269,.T.);
#1590=EDGE_CURVE('',#1222,#1223,#270,.T.);
#1591=EDGE_CURVE('',#1223,#1224,#754,.T.);
#1592=EDGE_CURVE('',#1224,#1225,#271,.T.);
#1593=EDGE_CURVE('',#1225,#1222,#755,.T.);
#1594=EDGE_CURVE('',#1226,#1195,#756,.T.);
#1595=EDGE_CURVE('',#1198,#1227,#757,.T.);
#1596=EDGE_CURVE('',#1226,#1227,#758,.T.);
#1597=EDGE_CURVE('',#1228,#1229,#759,.T.);
#1598=EDGE_CURVE('',#1229,#1230,#760,.T.);
#1599=EDGE_CURVE('',#1230,#1231,#761,.T.);
#1600=EDGE_CURVE('',#1231,#1228,#762,.T.);
#1601=EDGE_CURVE('',#1232,#1233,#763,.T.);
#1602=EDGE_CURVE('',#1233,#1234,#764,.T.);
#1603=EDGE_CURVE('',#1234,#1235,#765,.T.);
#1604=EDGE_CURVE('',#1235,#1232,#766,.T.);
#1605=EDGE_CURVE('',#1216,#1226,#767,.T.);
#1606=EDGE_CURVE('',#1227,#1217,#768,.T.);
#1607=EDGE_CURVE('',#1215,#1198,#769,.T.);
#1608=EDGE_CURVE('',#1236,#1237,#770,.T.);
#1609=EDGE_CURVE('',#1237,#1222,#771,.T.);
#1610=EDGE_CURVE('',#1236,#1225,#772,.T.);
#1611=EDGE_CURVE('',#1237,#1238,#272,.T.);
#1612=EDGE_CURVE('',#1238,#1223,#773,.T.);
#1613=EDGE_CURVE('',#1239,#1240,#273,.T.);
#1614=EDGE_CURVE('',#1240,#1218,#774,.T.);
#1615=EDGE_CURVE('',#1239,#1221,#775,.T.);
#1616=EDGE_CURVE('',#1240,#1241,#776,.T.);
#1617=EDGE_CURVE('',#1241,#1219,#777,.T.);
#1618=EDGE_CURVE('',#1242,#1236,#274,.T.);
#1619=EDGE_CURVE('',#1242,#1224,#778,.T.);
#1620=EDGE_CURVE('',#1238,#1242,#779,.T.);
#1621=EDGE_CURVE('',#1243,#1239,#780,.T.);
#1622=EDGE_CURVE('',#1243,#1220,#781,.T.);
#1623=EDGE_CURVE('',#1241,#1243,#275,.T.);
#1624=EDGE_CURVE('',#1244,#1245,#782,.T.);
#1625=EDGE_CURVE('',#1246,#1244,#783,.T.);
#1626=EDGE_CURVE('',#1247,#1246,#784,.T.);
#1627=EDGE_CURVE('',#1245,#1247,#785,.T.);
#1628=EDGE_CURVE('',#1233,#1244,#786,.T.);
#1629=EDGE_CURVE('',#1234,#1245,#787,.T.);
#1630=EDGE_CURVE('',#1235,#1247,#788,.T.);
#1631=EDGE_CURVE('',#1232,#1246,#789,.T.);
#1632=EDGE_CURVE('',#1248,#1249,#790,.T.);
#1633=EDGE_CURVE('',#1250,#1248,#791,.T.);
#1634=EDGE_CURVE('',#1251,#1250,#792,.T.);
#1635=EDGE_CURVE('',#1249,#1251,#793,.T.);
#1636=EDGE_CURVE('',#1229,#1248,#794,.T.);
#1637=EDGE_CURVE('',#1230,#1249,#795,.T.);
#1638=EDGE_CURVE('',#1231,#1251,#796,.T.);
#1639=EDGE_CURVE('',#1228,#1250,#797,.T.);
#1640=EDGE_CURVE('',#1252,#1252,#276,.T.);
#1641=EDGE_CURVE('',#1064,#1252,#798,.T.);
#1642=EDGE_CURVE('',#1253,#1253,#277,.T.);
#1643=EDGE_CURVE('',#1061,#1253,#799,.T.);
#1644=EDGE_CURVE('',#1254,#1254,#278,.T.);
#1645=EDGE_CURVE('',#1157,#1254,#800,.T.);
#1646=EDGE_CURVE('',#1255,#1255,#279,.T.);
#1647=EDGE_CURVE('',#1058,#1255,#801,.T.);
#1648=ORIENTED_EDGE('',*,*,#1256,.F.);
#1649=ORIENTED_EDGE('',*,*,#1257,.T.);
#1650=ORIENTED_EDGE('',*,*,#1258,.F.);
#1651=ORIENTED_EDGE('',*,*,#1259,.F.);
#1652=ORIENTED_EDGE('',*,*,#1260,.F.);
#1653=ORIENTED_EDGE('',*,*,#1261,.F.);
#1654=ORIENTED_EDGE('',*,*,#1262,.F.);
#1655=ORIENTED_EDGE('',*,*,#1263,.T.);
#1656=ORIENTED_EDGE('',*,*,#1264,.F.);
#1657=ORIENTED_EDGE('',*,*,#1257,.F.);
#1658=ORIENTED_EDGE('',*,*,#1265,.F.);
#1659=ORIENTED_EDGE('',*,*,#1266,.F.);
#1660=ORIENTED_EDGE('',*,*,#1267,.F.);
#1661=ORIENTED_EDGE('',*,*,#1268,.F.);
#1662=ORIENTED_EDGE('',*,*,#1269,.F.);
#1663=ORIENTED_EDGE('',*,*,#1270,.T.);
#1664=ORIENTED_EDGE('',*,*,#1271,.F.);
#1665=ORIENTED_EDGE('',*,*,#1272,.F.);
#1666=ORIENTED_EDGE('',*,*,#1263,.F.);
#1667=ORIENTED_EDGE('',*,*,#1261,.T.);
#1668=ORIENTED_EDGE('',*,*,#1273,.T.);
#1669=ORIENTED_EDGE('',*,*,#1274,.F.);
#1670=ORIENTED_EDGE('',*,*,#1275,.T.);
#1671=ORIENTED_EDGE('',*,*,#1276,.F.);
#1672=ORIENTED_EDGE('',*,*,#1260,.T.);
#1673=ORIENTED_EDGE('',*,*,#1277,.F.);
#1674=ORIENTED_EDGE('',*,*,#1278,.F.);
#1675=ORIENTED_EDGE('',*,*,#1279,.T.);
#1676=ORIENTED_EDGE('',*,*,#1280,.T.);
#1677=ORIENTED_EDGE('',*,*,#1273,.F.);
#1678=ORIENTED_EDGE('',*,*,#1259,.T.);
#1679=ORIENTED_EDGE('',*,*,#1281,.T.);
#1680=ORIENTED_EDGE('',*,*,#1282,.T.);
#1681=ORIENTED_EDGE('',*,*,#1283,.T.);
#1682=ORIENTED_EDGE('',*,*,#1284,.F.);
#1683=ORIENTED_EDGE('',*,*,#1277,.T.);
#1684=ORIENTED_EDGE('',*,*,#1258,.T.);
#1685=ORIENTED_EDGE('',*,*,#1264,.T.);
#1686=ORIENTED_EDGE('',*,*,#1272,.T.);
#1687=ORIENTED_EDGE('',*,*,#1285,.T.);
#1688=ORIENTED_EDGE('',*,*,#1286,.T.);
#1689=ORIENTED_EDGE('',*,*,#1281,.F.);
#1690=ORIENTED_EDGE('',*,*,#1287,.T.);
#1691=ORIENTED_EDGE('',*,*,#1288,.F.);
#1692=ORIENTED_EDGE('',*,*,#1289,.T.);
#1693=ORIENTED_EDGE('',*,*,#1290,.T.);
#1694=ORIENTED_EDGE('',*,*,#1291,.T.);
#1695=ORIENTED_EDGE('',*,*,#1287,.F.);
#1696=ORIENTED_EDGE('',*,*,#1292,.T.);
#1697=ORIENTED_EDGE('',*,*,#1293,.F.);
#1698=ORIENTED_EDGE('',*,*,#1294,.F.);
#1699=ORIENTED_EDGE('',*,*,#1295,.F.);
#1700=ORIENTED_EDGE('',*,*,#1291,.F.);
#1701=ORIENTED_EDGE('',*,*,#1296,.T.);
#1702=ORIENTED_EDGE('',*,*,#1297,.F.);
#1703=ORIENTED_EDGE('',*,*,#1298,.T.);
#1704=ORIENTED_EDGE('',*,*,#1299,.F.);
#1705=ORIENTED_EDGE('',*,*,#1292,.F.);
#1706=ORIENTED_EDGE('',*,*,#1271,.T.);
#1707=ORIENTED_EDGE('',*,*,#1300,.T.);
#1708=ORIENTED_EDGE('',*,*,#1301,.F.);
#1709=ORIENTED_EDGE('',*,*,#1302,.T.);
#1710=ORIENTED_EDGE('',*,*,#1303,.T.);
#1711=ORIENTED_EDGE('',*,*,#1285,.F.);
#1712=ORIENTED_EDGE('',*,*,#1303,.F.);
#1713=ORIENTED_EDGE('',*,*,#1304,.T.);
#1714=ORIENTED_EDGE('',*,*,#1282,.F.);
#1715=ORIENTED_EDGE('',*,*,#1286,.F.);
#1716=ORIENTED_EDGE('',*,*,#1305,.F.);
#1717=ORIENTED_EDGE('',*,*,#1302,.F.);
#1718=ORIENTED_EDGE('',*,*,#1306,.F.);
#1719=ORIENTED_EDGE('',*,*,#1307,.T.);
#1720=ORIENTED_EDGE('',*,*,#1308,.F.);
#1721=ORIENTED_EDGE('',*,*,#1309,.F.);
#1722=ORIENTED_EDGE('',*,*,#1310,.F.);
#1723=ORIENTED_EDGE('',*,*,#1311,.T.);
#1724=ORIENTED_EDGE('',*,*,#1312,.F.);
#1725=ORIENTED_EDGE('',*,*,#1283,.F.);
#1726=ORIENTED_EDGE('',*,*,#1304,.F.);
#1727=ORIENTED_EDGE('',*,*,#1313,.F.);
#1728=ORIENTED_EDGE('',*,*,#1314,.F.);
#1729=ORIENTED_EDGE('',*,*,#1315,.F.);
#1730=ORIENTED_EDGE('',*,*,#1309,.T.);
#1731=ORIENTED_EDGE('',*,*,#1316,.F.);
#1732=ORIENTED_EDGE('',*,*,#1315,.T.);
#1733=ORIENTED_EDGE('',*,*,#1317,.F.);
#1734=ORIENTED_EDGE('',*,*,#1318,.T.);
#1735=ORIENTED_EDGE('',*,*,#1319,.T.);
#1736=ORIENTED_EDGE('',*,*,#1310,.T.);
#1737=ORIENTED_EDGE('',*,*,#1320,.T.);
#1738=ORIENTED_EDGE('',*,*,#1321,.T.);
#1739=ORIENTED_EDGE('',*,*,#1322,.T.);
#1740=ORIENTED_EDGE('',*,*,#1323,.T.);
#1741=ORIENTED_EDGE('',*,*,#1324,.T.);
#1742=ORIENTED_EDGE('',*,*,#1325,.F.);
#1743=ORIENTED_EDGE('',*,*,#1326,.T.);
#1744=ORIENTED_EDGE('',*,*,#1322,.F.);
#1745=ORIENTED_EDGE('',*,*,#1327,.T.);
#1746=ORIENTED_EDGE('',*,*,#1327,.F.);
#1747=ORIENTED_EDGE('',*,*,#1328,.T.);
#1748=ORIENTED_EDGE('',*,*,#1329,.T.);
#1749=ORIENTED_EDGE('',*,*,#1330,.T.);
#1750=ORIENTED_EDGE('',*,*,#1331,.T.);
#1751=ORIENTED_EDGE('',*,*,#1321,.F.);
#1752=ORIENTED_EDGE('',*,*,#1332,.T.);
#1753=ORIENTED_EDGE('',*,*,#1328,.F.);
#1754=ORIENTED_EDGE('',*,*,#1333,.T.);
#1755=ORIENTED_EDGE('',*,*,#1334,.F.);
#1756=ORIENTED_EDGE('',*,*,#1335,.T.);
#1757=ORIENTED_EDGE('',*,*,#1336,.T.);
#1758=ORIENTED_EDGE('',*,*,#1337,.T.);
#1759=ORIENTED_EDGE('',*,*,#1338,.T.);
#1760=ORIENTED_EDGE('',*,*,#1339,.T.);
#1761=ORIENTED_EDGE('',*,*,#1340,.T.);
#1762=ORIENTED_EDGE('',*,*,#1341,.T.);
#1763=ORIENTED_EDGE('',*,*,#1342,.T.);
#1764=ORIENTED_EDGE('',*,*,#1343,.T.);
#1765=ORIENTED_EDGE('',*,*,#1344,.T.);
#1766=ORIENTED_EDGE('',*,*,#1345,.T.);
#1767=ORIENTED_EDGE('',*,*,#1346,.T.);
#1768=ORIENTED_EDGE('',*,*,#1347,.F.);
#1769=ORIENTED_EDGE('',*,*,#1348,.T.);
#1770=ORIENTED_EDGE('',*,*,#1349,.F.);
#1771=ORIENTED_EDGE('',*,*,#1350,.F.);
#1772=ORIENTED_EDGE('',*,*,#1306,.T.);
#1773=ORIENTED_EDGE('',*,*,#1301,.T.);
#1774=ORIENTED_EDGE('',*,*,#1351,.F.);
#1775=ORIENTED_EDGE('',*,*,#1323,.F.);
#1776=ORIENTED_EDGE('',*,*,#1326,.F.);
#1777=ORIENTED_EDGE('',*,*,#1279,.F.);
#1778=ORIENTED_EDGE('',*,*,#1352,.T.);
#1779=ORIENTED_EDGE('',*,*,#1353,.T.);
#1780=ORIENTED_EDGE('',*,*,#1354,.T.);
#1781=ORIENTED_EDGE('',*,*,#1355,.F.);
#1782=ORIENTED_EDGE('',*,*,#1356,.T.);
#1783=ORIENTED_EDGE('',*,*,#1357,.T.);
#1784=ORIENTED_EDGE('',*,*,#1353,.F.);
#1785=ORIENTED_EDGE('',*,*,#1358,.T.);
#1786=ORIENTED_EDGE('',*,*,#1359,.T.);
#1787=ORIENTED_EDGE('',*,*,#1358,.F.);
#1788=ORIENTED_EDGE('',*,*,#1352,.F.);
#1789=ORIENTED_EDGE('',*,*,#1278,.T.);
#1790=ORIENTED_EDGE('',*,*,#1284,.T.);
#1791=ORIENTED_EDGE('',*,*,#1312,.T.);
#1792=ORIENTED_EDGE('',*,*,#1360,.F.);
#1793=ORIENTED_EDGE('',*,*,#1361,.F.);
#1794=ORIENTED_EDGE('',*,*,#1362,.T.);
#1795=ORIENTED_EDGE('',*,*,#1363,.F.);
#1796=ORIENTED_EDGE('',*,*,#1364,.T.);
#1797=ORIENTED_EDGE('',*,*,#1365,.F.);
#1798=ORIENTED_EDGE('',*,*,#1366,.T.);
#1799=ORIENTED_EDGE('',*,*,#1367,.F.);
#1800=ORIENTED_EDGE('',*,*,#1368,.T.);
#1801=ORIENTED_EDGE('',*,*,#1369,.F.);
#1802=ORIENTED_EDGE('',*,*,#1370,.T.);
#1803=ORIENTED_EDGE('',*,*,#1371,.F.);
#1804=ORIENTED_EDGE('',*,*,#1372,.F.);
#1805=ORIENTED_EDGE('',*,*,#1331,.F.);
#1806=ORIENTED_EDGE('',*,*,#1373,.F.);
#1807=ORIENTED_EDGE('',*,*,#1374,.T.);
#1808=ORIENTED_EDGE('',*,*,#1375,.T.);
#1809=ORIENTED_EDGE('',*,*,#1376,.T.);
#1810=ORIENTED_EDGE('',*,*,#1377,.T.);
#1811=ORIENTED_EDGE('',*,*,#1334,.T.);
#1812=ORIENTED_EDGE('',*,*,#1333,.F.);
#1813=ORIENTED_EDGE('',*,*,#1325,.T.);
#1814=ORIENTED_EDGE('',*,*,#1330,.F.);
#1815=ORIENTED_EDGE('',*,*,#1378,.T.);
#1816=ORIENTED_EDGE('',*,*,#1379,.F.);
#1817=ORIENTED_EDGE('',*,*,#1380,.F.);
#1818=ORIENTED_EDGE('',*,*,#1373,.T.);
#1819=ORIENTED_EDGE('',*,*,#1357,.F.);
#1820=ORIENTED_EDGE('',*,*,#1381,.T.);
#1821=ORIENTED_EDGE('',*,*,#1382,.T.);
#1822=ORIENTED_EDGE('',*,*,#1383,.T.);
#1823=ORIENTED_EDGE('',*,*,#1384,.T.);
#1824=ORIENTED_EDGE('',*,*,#1354,.F.);
#1825=ORIENTED_EDGE('',*,*,#1384,.F.);
#1826=ORIENTED_EDGE('',*,*,#1385,.T.);
#1827=ORIENTED_EDGE('',*,*,#1385,.F.);
#1828=ORIENTED_EDGE('',*,*,#1383,.F.);
#1829=ORIENTED_EDGE('',*,*,#1386,.F.);
#1830=ORIENTED_EDGE('',*,*,#1387,.T.);
#1831=ORIENTED_EDGE('',*,*,#1274,.T.);
#1832=ORIENTED_EDGE('',*,*,#1280,.F.);
#1833=ORIENTED_EDGE('',*,*,#1355,.T.);
#1834=ORIENTED_EDGE('',*,*,#1388,.T.);
#1835=ORIENTED_EDGE('',*,*,#1389,.T.);
#1836=ORIENTED_EDGE('',*,*,#1390,.F.);
#1837=ORIENTED_EDGE('',*,*,#1391,.T.);
#1838=ORIENTED_EDGE('',*,*,#1365,.T.);
#1839=ORIENTED_EDGE('',*,*,#1392,.T.);
#1840=ORIENTED_EDGE('',*,*,#1393,.F.);
#1841=ORIENTED_EDGE('',*,*,#1394,.T.);
#1842=ORIENTED_EDGE('',*,*,#1395,.F.);
#1843=ORIENTED_EDGE('',*,*,#1396,.F.);
#1844=ORIENTED_EDGE('',*,*,#1371,.T.);
#1845=ORIENTED_EDGE('',*,*,#1397,.T.);
#1846=ORIENTED_EDGE('',*,*,#1367,.T.);
#1847=ORIENTED_EDGE('',*,*,#1398,.T.);
#1848=ORIENTED_EDGE('',*,*,#1399,.F.);
#1849=ORIENTED_EDGE('',*,*,#1400,.T.);
#1850=ORIENTED_EDGE('',*,*,#1401,.F.);
#1851=ORIENTED_EDGE('',*,*,#1389,.F.);
#1852=ORIENTED_EDGE('',*,*,#1402,.T.);
#1853=ORIENTED_EDGE('',*,*,#1403,.T.);
#1854=ORIENTED_EDGE('',*,*,#1404,.F.);
#1855=ORIENTED_EDGE('',*,*,#1405,.T.);
#1856=ORIENTED_EDGE('',*,*,#1406,.F.);
#1857=ORIENTED_EDGE('',*,*,#1403,.F.);
#1858=ORIENTED_EDGE('',*,*,#1407,.T.);
#1859=ORIENTED_EDGE('',*,*,#1335,.F.);
#1860=ORIENTED_EDGE('',*,*,#1377,.F.);
#1861=ORIENTED_EDGE('',*,*,#1408,.F.);
#1862=ORIENTED_EDGE('',*,*,#1409,.T.);
#1863=ORIENTED_EDGE('',*,*,#1338,.F.);
#1864=ORIENTED_EDGE('',*,*,#1410,.T.);
#1865=ORIENTED_EDGE('',*,*,#1411,.F.);
#1866=ORIENTED_EDGE('',*,*,#1412,.T.);
#1867=ORIENTED_EDGE('',*,*,#1413,.F.);
#1868=ORIENTED_EDGE('',*,*,#1414,.T.);
#1869=ORIENTED_EDGE('',*,*,#1344,.F.);
#1870=ORIENTED_EDGE('',*,*,#1415,.T.);
#1871=ORIENTED_EDGE('',*,*,#1341,.F.);
#1872=ORIENTED_EDGE('',*,*,#1416,.T.);
#1873=ORIENTED_EDGE('',*,*,#1417,.F.);
#1874=ORIENTED_EDGE('',*,*,#1408,.T.);
#1875=ORIENTED_EDGE('',*,*,#1376,.F.);
#1876=ORIENTED_EDGE('',*,*,#1418,.T.);
#1877=ORIENTED_EDGE('',*,*,#1419,.T.);
#1878=ORIENTED_EDGE('',*,*,#1411,.T.);
#1879=ORIENTED_EDGE('',*,*,#1420,.T.);
#1880=ORIENTED_EDGE('',*,*,#1421,.T.);
#1881=ORIENTED_EDGE('',*,*,#1422,.T.);
#1882=ORIENTED_EDGE('',*,*,#1413,.T.);
#1883=ORIENTED_EDGE('',*,*,#1423,.T.);
#1884=ORIENTED_EDGE('',*,*,#1424,.T.);
#1885=ORIENTED_EDGE('',*,*,#1425,.T.);
#1886=ORIENTED_EDGE('',*,*,#1426,.T.);
#1887=ORIENTED_EDGE('',*,*,#1427,.F.);
#1888=ORIENTED_EDGE('',*,*,#1428,.T.);
#1889=ORIENTED_EDGE('',*,*,#1369,.T.);
#1890=ORIENTED_EDGE('',*,*,#1399,.T.);
#1891=ORIENTED_EDGE('',*,*,#1429,.T.);
#1892=ORIENTED_EDGE('',*,*,#1430,.T.);
#1893=ORIENTED_EDGE('',*,*,#1431,.T.);
#1894=ORIENTED_EDGE('',*,*,#1393,.T.);
#1895=ORIENTED_EDGE('',*,*,#1432,.T.);
#1896=ORIENTED_EDGE('',*,*,#1433,.T.);
#1897=ORIENTED_EDGE('',*,*,#1434,.T.);
#1898=ORIENTED_EDGE('',*,*,#1427,.T.);
#1899=ORIENTED_EDGE('',*,*,#1435,.T.);
#1900=ORIENTED_EDGE('',*,*,#1436,.T.);
#1901=ORIENTED_EDGE('',*,*,#1437,.T.);
#1902=ORIENTED_EDGE('',*,*,#1438,.F.);
#1903=ORIENTED_EDGE('',*,*,#1298,.F.);
#1904=ORIENTED_EDGE('',*,*,#1439,.T.);
#1905=ORIENTED_EDGE('',*,*,#1440,.T.);
#1906=ORIENTED_EDGE('',*,*,#1360,.T.);
#1907=ORIENTED_EDGE('',*,*,#1311,.F.);
#1908=ORIENTED_EDGE('',*,*,#1319,.F.);
#1909=ORIENTED_EDGE('',*,*,#1441,.F.);
#1910=ORIENTED_EDGE('',*,*,#1361,.T.);
#1911=ORIENTED_EDGE('',*,*,#1440,.F.);
#1912=ORIENTED_EDGE('',*,*,#1442,.T.);
#1913=ORIENTED_EDGE('',*,*,#1362,.F.);
#1914=ORIENTED_EDGE('',*,*,#1349,.T.);
#1915=ORIENTED_EDGE('',*,*,#1348,.F.);
#1916=ORIENTED_EDGE('',*,*,#1443,.T.);
#1917=ORIENTED_EDGE('',*,*,#1444,.T.);
#1918=ORIENTED_EDGE('',*,*,#1296,.F.);
#1919=ORIENTED_EDGE('',*,*,#1290,.F.);
#1920=ORIENTED_EDGE('',*,*,#1445,.T.);
#1921=ORIENTED_EDGE('',*,*,#1446,.F.);
#1922=ORIENTED_EDGE('',*,*,#1307,.F.);
#1923=ORIENTED_EDGE('',*,*,#1350,.T.);
#1924=ORIENTED_EDGE('',*,*,#1444,.F.);
#1925=ORIENTED_EDGE('',*,*,#1447,.T.);
#1926=ORIENTED_EDGE('',*,*,#1441,.T.);
#1927=ORIENTED_EDGE('',*,*,#1318,.F.);
#1928=ORIENTED_EDGE('',*,*,#1448,.F.);
#1929=ORIENTED_EDGE('',*,*,#1449,.F.);
#1930=ORIENTED_EDGE('',*,*,#1450,.F.);
#1931=ORIENTED_EDGE('',*,*,#1451,.T.);
#1932=ORIENTED_EDGE('',*,*,#1452,.T.);
#1933=ORIENTED_EDGE('',*,*,#1378,.F.);
#1934=ORIENTED_EDGE('',*,*,#1329,.F.);
#1935=ORIENTED_EDGE('',*,*,#1332,.F.);
#1936=ORIENTED_EDGE('',*,*,#1320,.F.);
#1937=ORIENTED_EDGE('',*,*,#1313,.T.);
#1938=ORIENTED_EDGE('',*,*,#1308,.T.);
#1939=ORIENTED_EDGE('',*,*,#1446,.T.);
#1940=ORIENTED_EDGE('',*,*,#1453,.T.);
#1941=ORIENTED_EDGE('',*,*,#1454,.T.);
#1942=ORIENTED_EDGE('',*,*,#1270,.F.);
#1943=ORIENTED_EDGE('',*,*,#1455,.F.);
#1944=ORIENTED_EDGE('',*,*,#1450,.T.);
#1945=ORIENTED_EDGE('',*,*,#1324,.F.);
#1946=ORIENTED_EDGE('',*,*,#1351,.T.);
#1947=ORIENTED_EDGE('',*,*,#1300,.F.);
#1948=ORIENTED_EDGE('',*,*,#1375,.F.);
#1949=ORIENTED_EDGE('',*,*,#1456,.T.);
#1950=ORIENTED_EDGE('',*,*,#1457,.F.);
#1951=ORIENTED_EDGE('',*,*,#1458,.F.);
#1952=ORIENTED_EDGE('',*,*,#1424,.F.);
#1953=ORIENTED_EDGE('',*,*,#1459,.F.);
#1954=ORIENTED_EDGE('',*,*,#1460,.F.);
#1955=ORIENTED_EDGE('',*,*,#1461,.F.);
#1956=ORIENTED_EDGE('',*,*,#1421,.F.);
#1957=ORIENTED_EDGE('',*,*,#1462,.F.);
#1958=ORIENTED_EDGE('',*,*,#1418,.F.);
#1959=ORIENTED_EDGE('',*,*,#1406,.T.);
#1960=ORIENTED_EDGE('',*,*,#1463,.F.);
#1961=ORIENTED_EDGE('',*,*,#1457,.T.);
#1962=ORIENTED_EDGE('',*,*,#1464,.T.);
#1963=ORIENTED_EDGE('',*,*,#1465,.F.);
#1964=ORIENTED_EDGE('',*,*,#1466,.F.);
#1965=ORIENTED_EDGE('',*,*,#1467,.F.);
#1966=ORIENTED_EDGE('',*,*,#1468,.T.);
#1967=ORIENTED_EDGE('',*,*,#1469,.T.);
#1968=ORIENTED_EDGE('',*,*,#1470,.T.);
#1969=ORIENTED_EDGE('',*,*,#1390,.T.);
#1970=ORIENTED_EDGE('',*,*,#1401,.T.);
#1971=ORIENTED_EDGE('',*,*,#1363,.T.);
#1972=ORIENTED_EDGE('',*,*,#1442,.F.);
#1973=ORIENTED_EDGE('',*,*,#1439,.F.);
#1974=ORIENTED_EDGE('',*,*,#1297,.T.);
#1975=ORIENTED_EDGE('',*,*,#1447,.F.);
#1976=ORIENTED_EDGE('',*,*,#1443,.F.);
#1977=ORIENTED_EDGE('',*,*,#1347,.T.);
#1978=ORIENTED_EDGE('',*,*,#1404,.T.);
#1979=ORIENTED_EDGE('',*,*,#1471,.F.);
#1980=ORIENTED_EDGE('',*,*,#1472,.F.);
#1981=ORIENTED_EDGE('',*,*,#1473,.F.);
#1982=ORIENTED_EDGE('',*,*,#1474,.F.);
#1983=ORIENTED_EDGE('',*,*,#1475,.T.);
#1984=ORIENTED_EDGE('',*,*,#1464,.F.);
#1985=ORIENTED_EDGE('',*,*,#1456,.F.);
#1986=ORIENTED_EDGE('',*,*,#1374,.F.);
#1987=ORIENTED_EDGE('',*,*,#1380,.T.);
#1988=ORIENTED_EDGE('',*,*,#1469,.F.);
#1989=ORIENTED_EDGE('',*,*,#1476,.T.);
#1990=ORIENTED_EDGE('',*,*,#1477,.F.);
#1991=ORIENTED_EDGE('',*,*,#1478,.F.);
#1992=ORIENTED_EDGE('',*,*,#1479,.F.);
#1993=ORIENTED_EDGE('',*,*,#1480,.F.);
#1994=ORIENTED_EDGE('',*,*,#1436,.F.);
#1995=ORIENTED_EDGE('',*,*,#1481,.F.);
#1996=ORIENTED_EDGE('',*,*,#1482,.F.);
#1997=ORIENTED_EDGE('',*,*,#1430,.F.);
#1998=ORIENTED_EDGE('',*,*,#1483,.F.);
#1999=ORIENTED_EDGE('',*,*,#1484,.F.);
#2000=ORIENTED_EDGE('',*,*,#1433,.F.);
#2001=ORIENTED_EDGE('',*,*,#1485,.F.);
#2002=ORIENTED_EDGE('',*,*,#1486,.F.);
#2003=ORIENTED_EDGE('',*,*,#1372,.T.);
#2004=ORIENTED_EDGE('',*,*,#1396,.T.);
#2005=ORIENTED_EDGE('',*,*,#1487,.F.);
#2006=ORIENTED_EDGE('',*,*,#1477,.T.);
#2007=ORIENTED_EDGE('',*,*,#1488,.T.);
#2008=ORIENTED_EDGE('',*,*,#1489,.F.);
#2009=ORIENTED_EDGE('',*,*,#1381,.F.);
#2010=ORIENTED_EDGE('',*,*,#1356,.F.);
#2011=ORIENTED_EDGE('',*,*,#1359,.F.);
#2012=ORIENTED_EDGE('',*,*,#1467,.T.);
#2013=ORIENTED_EDGE('',*,*,#1490,.F.);
#2014=ORIENTED_EDGE('',*,*,#1491,.T.);
#2015=ORIENTED_EDGE('',*,*,#1492,.T.);
#2016=ORIENTED_EDGE('',*,*,#1493,.T.);
#2017=ORIENTED_EDGE('',*,*,#1458,.T.);
#2018=ORIENTED_EDGE('',*,*,#1463,.T.);
#2019=ORIENTED_EDGE('',*,*,#1405,.F.);
#2020=ORIENTED_EDGE('',*,*,#1402,.F.);
#2021=ORIENTED_EDGE('',*,*,#1346,.F.);
#2022=ORIENTED_EDGE('',*,*,#1494,.T.);
#2023=ORIENTED_EDGE('',*,*,#1495,.T.);
#2024=ORIENTED_EDGE('',*,*,#1494,.F.);
#2025=ORIENTED_EDGE('',*,*,#1345,.F.);
#2026=ORIENTED_EDGE('',*,*,#1414,.F.);
#2027=ORIENTED_EDGE('',*,*,#1425,.F.);
#2028=ORIENTED_EDGE('',*,*,#1470,.F.);
#2029=ORIENTED_EDGE('',*,*,#1486,.T.);
#2030=ORIENTED_EDGE('',*,*,#1496,.T.);
#2031=ORIENTED_EDGE('',*,*,#1497,.T.);
#2032=ORIENTED_EDGE('',*,*,#1496,.F.);
#2033=ORIENTED_EDGE('',*,*,#1485,.T.);
#2034=ORIENTED_EDGE('',*,*,#1432,.F.);
#2035=ORIENTED_EDGE('',*,*,#1392,.F.);
#2036=ORIENTED_EDGE('',*,*,#1364,.F.);
#2037=ORIENTED_EDGE('',*,*,#1400,.F.);
#2038=ORIENTED_EDGE('',*,*,#1388,.F.);
#2039=ORIENTED_EDGE('',*,*,#1484,.T.);
#2040=ORIENTED_EDGE('',*,*,#1498,.T.);
#2041=ORIENTED_EDGE('',*,*,#1499,.T.);
#2042=ORIENTED_EDGE('',*,*,#1498,.F.);
#2043=ORIENTED_EDGE('',*,*,#1483,.T.);
#2044=ORIENTED_EDGE('',*,*,#1429,.F.);
#2045=ORIENTED_EDGE('',*,*,#1398,.F.);
#2046=ORIENTED_EDGE('',*,*,#1366,.F.);
#2047=ORIENTED_EDGE('',*,*,#1391,.F.);
#2048=ORIENTED_EDGE('',*,*,#1434,.F.);
#2049=ORIENTED_EDGE('',*,*,#1431,.F.);
#2050=ORIENTED_EDGE('',*,*,#1482,.T.);
#2051=ORIENTED_EDGE('',*,*,#1500,.T.);
#2052=ORIENTED_EDGE('',*,*,#1501,.T.);
#2053=ORIENTED_EDGE('',*,*,#1500,.F.);
#2054=ORIENTED_EDGE('',*,*,#1481,.T.);
#2055=ORIENTED_EDGE('',*,*,#1435,.F.);
#2056=ORIENTED_EDGE('',*,*,#1426,.F.);
#2057=ORIENTED_EDGE('',*,*,#1368,.F.);
#2058=ORIENTED_EDGE('',*,*,#1397,.F.);
#2059=ORIENTED_EDGE('',*,*,#1465,.T.);
#2060=ORIENTED_EDGE('',*,*,#1475,.F.);
#2061=ORIENTED_EDGE('',*,*,#1502,.F.);
#2062=ORIENTED_EDGE('',*,*,#1503,.T.);
#2063=ORIENTED_EDGE('',*,*,#1504,.T.);
#2064=ORIENTED_EDGE('',*,*,#1265,.T.);
#2065=ORIENTED_EDGE('',*,*,#1505,.T.);
#2066=ORIENTED_EDGE('',*,*,#1506,.F.);
#2067=ORIENTED_EDGE('',*,*,#1507,.F.);
#2068=ORIENTED_EDGE('',*,*,#1508,.F.);
#2069=ORIENTED_EDGE('',*,*,#1509,.F.);
#2070=ORIENTED_EDGE('',*,*,#1505,.F.);
#2071=ORIENTED_EDGE('',*,*,#1510,.F.);
#2072=ORIENTED_EDGE('',*,*,#1511,.F.);
#2073=ORIENTED_EDGE('',*,*,#1512,.T.);
#2074=ORIENTED_EDGE('',*,*,#1266,.T.);
#2075=ORIENTED_EDGE('',*,*,#1512,.F.);
#2076=ORIENTED_EDGE('',*,*,#1513,.F.);
#2077=ORIENTED_EDGE('',*,*,#1514,.F.);
#2078=ORIENTED_EDGE('',*,*,#1515,.T.);
#2079=ORIENTED_EDGE('',*,*,#1267,.T.);
#2080=ORIENTED_EDGE('',*,*,#1515,.F.);
#2081=ORIENTED_EDGE('',*,*,#1516,.F.);
#2082=ORIENTED_EDGE('',*,*,#1517,.F.);
#2083=ORIENTED_EDGE('',*,*,#1518,.F.);
#2084=ORIENTED_EDGE('',*,*,#1519,.T.);
#2085=ORIENTED_EDGE('',*,*,#1520,.F.);
#2086=ORIENTED_EDGE('',*,*,#1521,.F.);
#2087=ORIENTED_EDGE('',*,*,#1522,.F.);
#2088=ORIENTED_EDGE('',*,*,#1523,.F.);
#2089=ORIENTED_EDGE('',*,*,#1519,.F.);
#2090=ORIENTED_EDGE('',*,*,#1524,.F.);
#2091=ORIENTED_EDGE('',*,*,#1525,.F.);
#2092=ORIENTED_EDGE('',*,*,#1526,.T.);
#2093=ORIENTED_EDGE('',*,*,#1493,.F.);
#2094=ORIENTED_EDGE('',*,*,#1526,.F.);
#2095=ORIENTED_EDGE('',*,*,#1527,.F.);
#2096=ORIENTED_EDGE('',*,*,#1528,.F.);
#2097=ORIENTED_EDGE('',*,*,#1529,.T.);
#2098=ORIENTED_EDGE('',*,*,#1504,.F.);
#2099=ORIENTED_EDGE('',*,*,#1529,.F.);
#2100=ORIENTED_EDGE('',*,*,#1382,.F.);
#2101=ORIENTED_EDGE('',*,*,#1489,.T.);
#2102=ORIENTED_EDGE('',*,*,#1530,.T.);
#2103=ORIENTED_EDGE('',*,*,#1531,.F.);
#2104=ORIENTED_EDGE('',*,*,#1386,.T.);
#2105=ORIENTED_EDGE('',*,*,#1293,.T.);
#2106=ORIENTED_EDGE('',*,*,#1299,.T.);
#2107=ORIENTED_EDGE('',*,*,#1438,.T.);
#2108=ORIENTED_EDGE('',*,*,#1449,.T.);
#2109=ORIENTED_EDGE('',*,*,#1532,.T.);
#2110=ORIENTED_EDGE('',*,*,#1269,.T.);
#2111=ORIENTED_EDGE('',*,*,#1533,.T.);
#2112=ORIENTED_EDGE('',*,*,#1534,.T.);
#2113=ORIENTED_EDGE('',*,*,#1451,.F.);
#2114=ORIENTED_EDGE('',*,*,#1455,.T.);
#2115=ORIENTED_EDGE('',*,*,#1256,.T.);
#2116=ORIENTED_EDGE('',*,*,#1276,.T.);
#2117=ORIENTED_EDGE('',*,*,#1535,.T.);
#2118=ORIENTED_EDGE('',*,*,#1533,.F.);
#2119=ORIENTED_EDGE('',*,*,#1268,.T.);
#2120=ORIENTED_EDGE('',*,*,#1262,.T.);
#2121=ORIENTED_EDGE('',*,*,#1536,.F.);
#2122=ORIENTED_EDGE('',*,*,#1537,.T.);
#2123=ORIENTED_EDGE('',*,*,#1508,.T.);
#2124=ORIENTED_EDGE('',*,*,#1507,.T.);
#2125=ORIENTED_EDGE('',*,*,#1538,.T.);
#2126=ORIENTED_EDGE('',*,*,#1305,.T.);
#2127=ORIENTED_EDGE('',*,*,#1538,.F.);
#2128=ORIENTED_EDGE('',*,*,#1506,.T.);
#2129=ORIENTED_EDGE('',*,*,#1509,.T.);
#2130=ORIENTED_EDGE('',*,*,#1537,.F.);
#2131=ORIENTED_EDGE('',*,*,#1510,.T.);
#2132=ORIENTED_EDGE('',*,*,#1511,.T.);
#2133=ORIENTED_EDGE('',*,*,#1513,.T.);
#2134=ORIENTED_EDGE('',*,*,#1514,.T.);
#2135=ORIENTED_EDGE('',*,*,#1288,.T.);
#2136=ORIENTED_EDGE('',*,*,#1294,.T.);
#2137=ORIENTED_EDGE('',*,*,#1532,.F.);
#2138=ORIENTED_EDGE('',*,*,#1539,.T.);
#2139=ORIENTED_EDGE('',*,*,#1539,.F.);
#2140=ORIENTED_EDGE('',*,*,#1448,.T.);
#2141=ORIENTED_EDGE('',*,*,#1540,.F.);
#2142=ORIENTED_EDGE('',*,*,#1541,.F.);
#2143=ORIENTED_EDGE('',*,*,#1317,.T.);
#2144=ORIENTED_EDGE('',*,*,#1314,.T.);
#2145=ORIENTED_EDGE('',*,*,#1454,.F.);
#2146=ORIENTED_EDGE('',*,*,#1540,.T.);
#2147=ORIENTED_EDGE('',*,*,#1316,.T.);
#2148=ORIENTED_EDGE('',*,*,#1542,.T.);
#2149=ORIENTED_EDGE('',*,*,#1295,.T.);
#2150=ORIENTED_EDGE('',*,*,#1542,.F.);
#2151=ORIENTED_EDGE('',*,*,#1471,.T.);
#2152=ORIENTED_EDGE('',*,*,#1543,.T.);
#2153=ORIENTED_EDGE('',*,*,#1522,.T.);
#2154=ORIENTED_EDGE('',*,*,#1521,.T.);
#2155=ORIENTED_EDGE('',*,*,#1544,.T.);
#2156=ORIENTED_EDGE('',*,*,#1545,.T.);
#2157=ORIENTED_EDGE('',*,*,#1544,.F.);
#2158=ORIENTED_EDGE('',*,*,#1520,.T.);
#2159=ORIENTED_EDGE('',*,*,#1523,.T.);
#2160=ORIENTED_EDGE('',*,*,#1543,.F.);
#2161=ORIENTED_EDGE('',*,*,#1524,.T.);
#2162=ORIENTED_EDGE('',*,*,#1525,.T.);
#2163=ORIENTED_EDGE('',*,*,#1527,.T.);
#2164=ORIENTED_EDGE('',*,*,#1528,.T.);
#2165=ORIENTED_EDGE('',*,*,#1466,.T.);
#2166=ORIENTED_EDGE('',*,*,#1503,.F.);
#2167=ORIENTED_EDGE('',*,*,#1546,.T.);
#2168=ORIENTED_EDGE('',*,*,#1490,.T.);
#2169=ORIENTED_EDGE('',*,*,#1516,.T.);
#2170=ORIENTED_EDGE('',*,*,#1518,.T.);
#2171=ORIENTED_EDGE('',*,*,#1517,.T.);
#2172=ORIENTED_EDGE('',*,*,#1445,.F.);
#2173=ORIENTED_EDGE('',*,*,#1289,.F.);
#2174=ORIENTED_EDGE('',*,*,#1541,.T.);
#2175=ORIENTED_EDGE('',*,*,#1453,.F.);
#2176=ORIENTED_EDGE('',*,*,#1502,.T.);
#2177=ORIENTED_EDGE('',*,*,#1474,.T.);
#2178=ORIENTED_EDGE('',*,*,#1547,.F.);
#2179=ORIENTED_EDGE('',*,*,#1548,.T.);
#2180=ORIENTED_EDGE('',*,*,#1549,.T.);
#2181=ORIENTED_EDGE('',*,*,#1550,.F.);
#2182=ORIENTED_EDGE('',*,*,#1491,.F.);
#2183=ORIENTED_EDGE('',*,*,#1546,.F.);
#2184=ORIENTED_EDGE('',*,*,#1545,.F.);
#2185=ORIENTED_EDGE('',*,*,#1548,.F.);
#2186=ORIENTED_EDGE('',*,*,#1551,.T.);
#2187=ORIENTED_EDGE('',*,*,#1552,.F.);
#2188=ORIENTED_EDGE('',*,*,#1553,.F.);
#2189=ORIENTED_EDGE('',*,*,#1554,.T.);
#2190=ORIENTED_EDGE('',*,*,#1555,.T.);
#2191=ORIENTED_EDGE('',*,*,#1556,.T.);
#2192=ORIENTED_EDGE('',*,*,#1557,.T.);
#2193=ORIENTED_EDGE('',*,*,#1558,.T.);
#2194=ORIENTED_EDGE('',*,*,#1559,.T.);
#2195=ORIENTED_EDGE('',*,*,#1560,.T.);
#2196=ORIENTED_EDGE('',*,*,#1561,.T.);
#2197=ORIENTED_EDGE('',*,*,#1547,.T.);
#2198=ORIENTED_EDGE('',*,*,#1473,.T.);
#2199=ORIENTED_EDGE('',*,*,#1562,.F.);
#2200=ORIENTED_EDGE('',*,*,#1551,.F.);
#2201=ORIENTED_EDGE('',*,*,#1417,.T.);
#2202=ORIENTED_EDGE('',*,*,#1563,.T.);
#2203=ORIENTED_EDGE('',*,*,#1460,.T.);
#2204=ORIENTED_EDGE('',*,*,#1564,.T.);
#2205=ORIENTED_EDGE('',*,*,#1395,.T.);
#2206=ORIENTED_EDGE('',*,*,#1565,.T.);
#2207=ORIENTED_EDGE('',*,*,#1478,.T.);
#2208=ORIENTED_EDGE('',*,*,#1487,.T.);
#2209=ORIENTED_EDGE('',*,*,#1566,.T.);
#2210=ORIENTED_EDGE('',*,*,#1567,.T.);
#2211=ORIENTED_EDGE('',*,*,#1561,.F.);
#2212=ORIENTED_EDGE('',*,*,#1567,.F.);
#2213=ORIENTED_EDGE('',*,*,#1568,.T.);
#2214=ORIENTED_EDGE('',*,*,#1569,.T.);
#2215=ORIENTED_EDGE('',*,*,#1560,.F.);
#2216=ORIENTED_EDGE('',*,*,#1569,.F.);
#2217=ORIENTED_EDGE('',*,*,#1570,.T.);
#2218=ORIENTED_EDGE('',*,*,#1571,.T.);
#2219=ORIENTED_EDGE('',*,*,#1559,.F.);
#2220=ORIENTED_EDGE('',*,*,#1571,.F.);
#2221=ORIENTED_EDGE('',*,*,#1572,.T.);
#2222=ORIENTED_EDGE('',*,*,#1573,.T.);
#2223=ORIENTED_EDGE('',*,*,#1558,.F.);
#2224=ORIENTED_EDGE('',*,*,#1573,.F.);
#2225=ORIENTED_EDGE('',*,*,#1574,.T.);
#2226=ORIENTED_EDGE('',*,*,#1575,.T.);
#2227=ORIENTED_EDGE('',*,*,#1557,.F.);
#2228=ORIENTED_EDGE('',*,*,#1575,.F.);
#2229=ORIENTED_EDGE('',*,*,#1576,.T.);
#2230=ORIENTED_EDGE('',*,*,#1577,.T.);
#2231=ORIENTED_EDGE('',*,*,#1556,.F.);
#2232=ORIENTED_EDGE('',*,*,#1577,.F.);
#2233=ORIENTED_EDGE('',*,*,#1578,.T.);
#2234=ORIENTED_EDGE('',*,*,#1579,.T.);
#2235=ORIENTED_EDGE('',*,*,#1555,.F.);
#2236=ORIENTED_EDGE('',*,*,#1579,.F.);
#2237=ORIENTED_EDGE('',*,*,#1580,.T.);
#2238=ORIENTED_EDGE('',*,*,#1581,.T.);
#2239=ORIENTED_EDGE('',*,*,#1554,.F.);
#2240=ORIENTED_EDGE('',*,*,#1581,.F.);
#2241=ORIENTED_EDGE('',*,*,#1582,.F.);
#2242=ORIENTED_EDGE('',*,*,#1530,.F.);
#2243=ORIENTED_EDGE('',*,*,#1488,.F.);
#2244=ORIENTED_EDGE('',*,*,#1476,.F.);
#2245=ORIENTED_EDGE('',*,*,#1468,.F.);
#2246=ORIENTED_EDGE('',*,*,#1492,.F.);
#2247=ORIENTED_EDGE('',*,*,#1550,.T.);
#2248=ORIENTED_EDGE('',*,*,#1583,.T.);
#2249=ORIENTED_EDGE('',*,*,#1584,.T.);
#2250=ORIENTED_EDGE('',*,*,#1585,.T.);
#2251=ORIENTED_EDGE('',*,*,#1586,.T.);
#2252=ORIENTED_EDGE('',*,*,#1587,.T.);
#2253=ORIENTED_EDGE('',*,*,#1588,.T.);
#2254=ORIENTED_EDGE('',*,*,#1589,.T.);
#2255=ORIENTED_EDGE('',*,*,#1590,.T.);
#2256=ORIENTED_EDGE('',*,*,#1591,.T.);
#2257=ORIENTED_EDGE('',*,*,#1592,.T.);
#2258=ORIENTED_EDGE('',*,*,#1593,.T.);
#2259=ORIENTED_EDGE('',*,*,#1594,.T.);
#2260=ORIENTED_EDGE('',*,*,#1553,.T.);
#2261=ORIENTED_EDGE('',*,*,#1595,.T.);
#2262=ORIENTED_EDGE('',*,*,#1596,.F.);
#2263=ORIENTED_EDGE('',*,*,#1597,.T.);
#2264=ORIENTED_EDGE('',*,*,#1598,.T.);
#2265=ORIENTED_EDGE('',*,*,#1599,.T.);
#2266=ORIENTED_EDGE('',*,*,#1600,.T.);
#2267=ORIENTED_EDGE('',*,*,#1601,.T.);
#2268=ORIENTED_EDGE('',*,*,#1602,.T.);
#2269=ORIENTED_EDGE('',*,*,#1603,.T.);
#2270=ORIENTED_EDGE('',*,*,#1604,.T.);
#2271=ORIENTED_EDGE('',*,*,#1605,.T.);
#2272=ORIENTED_EDGE('',*,*,#1596,.T.);
#2273=ORIENTED_EDGE('',*,*,#1606,.T.);
#2274=ORIENTED_EDGE('',*,*,#1584,.F.);
#2275=ORIENTED_EDGE('',*,*,#1585,.F.);
#2276=ORIENTED_EDGE('',*,*,#1606,.F.);
#2277=ORIENTED_EDGE('',*,*,#1595,.F.);
#2278=ORIENTED_EDGE('',*,*,#1607,.F.);
#2279=ORIENTED_EDGE('',*,*,#1583,.F.);
#2280=ORIENTED_EDGE('',*,*,#1549,.F.);
#2281=ORIENTED_EDGE('',*,*,#1594,.F.);
#2282=ORIENTED_EDGE('',*,*,#1605,.F.);
#2283=ORIENTED_EDGE('',*,*,#1608,.T.);
#2284=ORIENTED_EDGE('',*,*,#1609,.T.);
#2285=ORIENTED_EDGE('',*,*,#1593,.F.);
#2286=ORIENTED_EDGE('',*,*,#1610,.F.);
#2287=ORIENTED_EDGE('',*,*,#1611,.T.);
#2288=ORIENTED_EDGE('',*,*,#1612,.T.);
#2289=ORIENTED_EDGE('',*,*,#1590,.F.);
#2290=ORIENTED_EDGE('',*,*,#1609,.F.);
#2291=ORIENTED_EDGE('',*,*,#1613,.T.);
#2292=ORIENTED_EDGE('',*,*,#1614,.T.);
#2293=ORIENTED_EDGE('',*,*,#1589,.F.);
#2294=ORIENTED_EDGE('',*,*,#1615,.F.);
#2295=ORIENTED_EDGE('',*,*,#1616,.T.);
#2296=ORIENTED_EDGE('',*,*,#1617,.T.);
#2297=ORIENTED_EDGE('',*,*,#1586,.F.);
#2298=ORIENTED_EDGE('',*,*,#1614,.F.);
#2299=ORIENTED_EDGE('',*,*,#1618,.T.);
#2300=ORIENTED_EDGE('',*,*,#1610,.T.);
#2301=ORIENTED_EDGE('',*,*,#1592,.F.);
#2302=ORIENTED_EDGE('',*,*,#1619,.F.);
#2303=ORIENTED_EDGE('',*,*,#1620,.T.);
#2304=ORIENTED_EDGE('',*,*,#1619,.T.);
#2305=ORIENTED_EDGE('',*,*,#1591,.F.);
#2306=ORIENTED_EDGE('',*,*,#1612,.F.);
#2307=ORIENTED_EDGE('',*,*,#1621,.T.);
#2308=ORIENTED_EDGE('',*,*,#1615,.T.);
#2309=ORIENTED_EDGE('',*,*,#1588,.F.);
#2310=ORIENTED_EDGE('',*,*,#1622,.F.);
#2311=ORIENTED_EDGE('',*,*,#1623,.T.);
#2312=ORIENTED_EDGE('',*,*,#1622,.T.);
#2313=ORIENTED_EDGE('',*,*,#1587,.F.);
#2314=ORIENTED_EDGE('',*,*,#1617,.F.);
#2315=ORIENTED_EDGE('',*,*,#1624,.F.);
#2316=ORIENTED_EDGE('',*,*,#1625,.F.);
#2317=ORIENTED_EDGE('',*,*,#1626,.F.);
#2318=ORIENTED_EDGE('',*,*,#1627,.F.);
#2319=ORIENTED_EDGE('',*,*,#1618,.F.);
#2320=ORIENTED_EDGE('',*,*,#1620,.F.);
#2321=ORIENTED_EDGE('',*,*,#1611,.F.);
#2322=ORIENTED_EDGE('',*,*,#1608,.F.);
#2323=ORIENTED_EDGE('',*,*,#1602,.F.);
#2324=ORIENTED_EDGE('',*,*,#1628,.T.);
#2325=ORIENTED_EDGE('',*,*,#1624,.T.);
#2326=ORIENTED_EDGE('',*,*,#1629,.F.);
#2327=ORIENTED_EDGE('',*,*,#1603,.F.);
#2328=ORIENTED_EDGE('',*,*,#1629,.T.);
#2329=ORIENTED_EDGE('',*,*,#1627,.T.);
#2330=ORIENTED_EDGE('',*,*,#1630,.F.);
#2331=ORIENTED_EDGE('',*,*,#1604,.F.);
#2332=ORIENTED_EDGE('',*,*,#1630,.T.);
#2333=ORIENTED_EDGE('',*,*,#1626,.T.);
#2334=ORIENTED_EDGE('',*,*,#1631,.F.);
#2335=ORIENTED_EDGE('',*,*,#1601,.F.);
#2336=ORIENTED_EDGE('',*,*,#1631,.T.);
#2337=ORIENTED_EDGE('',*,*,#1625,.T.);
#2338=ORIENTED_EDGE('',*,*,#1628,.F.);
#2339=ORIENTED_EDGE('',*,*,#1632,.F.);
#2340=ORIENTED_EDGE('',*,*,#1633,.F.);
#2341=ORIENTED_EDGE('',*,*,#1634,.F.);
#2342=ORIENTED_EDGE('',*,*,#1635,.F.);
#2343=ORIENTED_EDGE('',*,*,#1621,.F.);
#2344=ORIENTED_EDGE('',*,*,#1623,.F.);
#2345=ORIENTED_EDGE('',*,*,#1616,.F.);
#2346=ORIENTED_EDGE('',*,*,#1613,.F.);
#2347=ORIENTED_EDGE('',*,*,#1598,.F.);
#2348=ORIENTED_EDGE('',*,*,#1636,.T.);
#2349=ORIENTED_EDGE('',*,*,#1632,.T.);
#2350=ORIENTED_EDGE('',*,*,#1637,.F.);
#2351=ORIENTED_EDGE('',*,*,#1599,.F.);
#2352=ORIENTED_EDGE('',*,*,#1637,.T.);
#2353=ORIENTED_EDGE('',*,*,#1635,.T.);
#2354=ORIENTED_EDGE('',*,*,#1638,.F.);
#2355=ORIENTED_EDGE('',*,*,#1600,.F.);
#2356=ORIENTED_EDGE('',*,*,#1638,.T.);
#2357=ORIENTED_EDGE('',*,*,#1634,.T.);
#2358=ORIENTED_EDGE('',*,*,#1639,.F.);
#2359=ORIENTED_EDGE('',*,*,#1597,.F.);
#2360=ORIENTED_EDGE('',*,*,#1639,.T.);
#2361=ORIENTED_EDGE('',*,*,#1633,.T.);
#2362=ORIENTED_EDGE('',*,*,#1636,.F.);
#2363=ORIENTED_EDGE('',*,*,#1501,.F.);
#2364=ORIENTED_EDGE('',*,*,#1578,.F.);
#2365=ORIENTED_EDGE('',*,*,#1640,.F.);
#2366=ORIENTED_EDGE('',*,*,#1580,.F.);
#2367=ORIENTED_EDGE('',*,*,#1564,.F.);
#2368=ORIENTED_EDGE('',*,*,#1459,.T.);
#2369=ORIENTED_EDGE('',*,*,#1423,.F.);
#2370=ORIENTED_EDGE('',*,*,#1412,.F.);
#2371=ORIENTED_EDGE('',*,*,#1343,.F.);
#2372=ORIENTED_EDGE('',*,*,#1641,.T.);
#2373=ORIENTED_EDGE('',*,*,#1640,.T.);
#2374=ORIENTED_EDGE('',*,*,#1641,.F.);
#2375=ORIENTED_EDGE('',*,*,#1342,.F.);
#2376=ORIENTED_EDGE('',*,*,#1415,.F.);
#2377=ORIENTED_EDGE('',*,*,#1495,.F.);
#2378=ORIENTED_EDGE('',*,*,#1574,.F.);
#2379=ORIENTED_EDGE('',*,*,#1642,.F.);
#2380=ORIENTED_EDGE('',*,*,#1568,.F.);
#2381=ORIENTED_EDGE('',*,*,#1422,.F.);
#2382=ORIENTED_EDGE('',*,*,#1461,.T.);
#2383=ORIENTED_EDGE('',*,*,#1563,.F.);
#2384=ORIENTED_EDGE('',*,*,#1416,.F.);
#2385=ORIENTED_EDGE('',*,*,#1340,.F.);
#2386=ORIENTED_EDGE('',*,*,#1643,.T.);
#2387=ORIENTED_EDGE('',*,*,#1642,.T.);
#2388=ORIENTED_EDGE('',*,*,#1643,.F.);
#2389=ORIENTED_EDGE('',*,*,#1339,.F.);
#2390=ORIENTED_EDGE('',*,*,#1409,.F.);
#2391=ORIENTED_EDGE('',*,*,#1644,.F.);
#2392=ORIENTED_EDGE('',*,*,#1570,.F.);
#2393=ORIENTED_EDGE('',*,*,#1437,.F.);
#2394=ORIENTED_EDGE('',*,*,#1480,.T.);
#2395=ORIENTED_EDGE('',*,*,#1645,.T.);
#2396=ORIENTED_EDGE('',*,*,#1644,.T.);
#2397=ORIENTED_EDGE('',*,*,#1645,.F.);
#2398=ORIENTED_EDGE('',*,*,#1479,.T.);
#2399=ORIENTED_EDGE('',*,*,#1565,.F.);
#2400=ORIENTED_EDGE('',*,*,#1394,.F.);
#2401=ORIENTED_EDGE('',*,*,#1370,.F.);
#2402=ORIENTED_EDGE('',*,*,#1428,.F.);
#2403=ORIENTED_EDGE('',*,*,#1499,.F.);
#2404=ORIENTED_EDGE('',*,*,#1572,.F.);
#2405=ORIENTED_EDGE('',*,*,#1497,.F.);
#2406=ORIENTED_EDGE('',*,*,#1566,.F.);
#2407=ORIENTED_EDGE('',*,*,#1646,.F.);
#2408=ORIENTED_EDGE('',*,*,#1576,.F.);
#2409=ORIENTED_EDGE('',*,*,#1419,.F.);
#2410=ORIENTED_EDGE('',*,*,#1462,.T.);
#2411=ORIENTED_EDGE('',*,*,#1420,.F.);
#2412=ORIENTED_EDGE('',*,*,#1410,.F.);
#2413=ORIENTED_EDGE('',*,*,#1337,.F.);
#2414=ORIENTED_EDGE('',*,*,#1647,.T.);
#2415=ORIENTED_EDGE('',*,*,#1646,.T.);
#2416=ORIENTED_EDGE('',*,*,#1647,.F.);
#2417=ORIENTED_EDGE('',*,*,#1336,.F.);
#2418=ORIENTED_EDGE('',*,*,#1407,.F.);
#2419=ORIENTED_EDGE('',*,*,#1387,.F.);
#2420=ORIENTED_EDGE('',*,*,#1531,.T.);
#2421=ORIENTED_EDGE('',*,*,#1582,.T.);
#2422=ORIENTED_EDGE('',*,*,#1607,.T.);
#2423=ORIENTED_EDGE('',*,*,#1552,.T.);
#2424=ORIENTED_EDGE('',*,*,#1562,.T.);
#2425=ORIENTED_EDGE('',*,*,#1472,.T.);
#2426=ORIENTED_EDGE('',*,*,#1379,.T.);
#2427=ORIENTED_EDGE('',*,*,#1452,.F.);
#2428=ORIENTED_EDGE('',*,*,#1534,.F.);
#2429=ORIENTED_EDGE('',*,*,#1535,.F.);
#2430=ORIENTED_EDGE('',*,*,#1275,.F.);
#2431=ORIENTED_EDGE('',*,*,#1536,.T.);
#2432=PLANE('',#2634);
#2433=PLANE('',#2638);
#2434=PLANE('',#2651);
#2435=PLANE('',#2661);
#2436=PLANE('',#2666);
#2437=PLANE('',#2674);
#2438=PLANE('',#2676);
#2439=PLANE('',#2677);
#2440=PLANE('',#2678);
#2441=PLANE('',#2679);
#2442=PLANE('',#2680);
#2443=PLANE('',#2682);
#2444=PLANE('',#2685);
#2445=PLANE('',#2687);
#2446=PLANE('',#2690);
#2447=PLANE('',#2692);
#2448=PLANE('',#2694);
#2449=PLANE('',#2697);
#2450=PLANE('',#2700);
#2451=PLANE('',#2703);
#2452=PLANE('',#2705);
#2453=PLANE('',#2708);
#2454=PLANE('',#2711);
#2455=PLANE('',#2714);
#2456=PLANE('',#2717);
#2457=PLANE('',#2720);
#2458=PLANE('',#2725);
#2459=PLANE('',#2730);
#2460=PLANE('',#2735);
#2461=PLANE('',#2738);
#2462=PLANE('',#2739);
#2463=PLANE('',#2748);
#2464=PLANE('',#2749);
#2465=PLANE('',#2759);
#2466=PLANE('',#2767);
#2467=PLANE('',#2786);
#2468=PLANE('',#2787);
#2469=PLANE('',#2796);
#2470=PLANE('',#2797);
#2471=PLANE('',#2800);
#2472=PLANE('',#2818);
#2473=PLANE('',#2823);
#2474=PLANE('',#2824);
#2475=PLANE('',#2825);
#2476=PLANE('',#2826);
#2477=PLANE('',#2827);
#2478=PLANE('',#2832);
#2479=PLANE('',#2835);
#2480=PLANE('',#2836);
#2481=PLANE('',#2839);
#2482=PLANE('',#2840);
#2483=PLANE('',#2841);
#2484=PLANE('',#2842);
#2485=PLANE('',#2843);
#2486=PLANE('',#2844);
#2487=PLANE('',#2845);
#2488=PLANE('',#2846);
#2489=PLANE('',#2847);
#2490=PLANE('',#2848);
#2491=PLANE('',#2849);
#2492=PLANE('',#2850);
#2493=PLANE('',#2853);
#2494=PLANE('',#2854);
#2495=PLANE('',#2857);
#2496=PLANE('',#2860);
#2497=PLANE('',#2861);
#2498=PLANE('',#2862);
#2499=PLANE('',#2865);
#2500=ADVANCED_FACE('',(#318),#2432,.F.);
#2501=ADVANCED_FACE('',(#319,#58,#59,#60),#280,.T.);
#2502=ADVANCED_FACE('',(#320),#2433,.F.);
#2503=ADVANCED_FACE('',(#321),#46,.F.);
#2504=ADVANCED_FACE('',(#322),#281,.F.);
#2505=ADVANCED_FACE('',(#323),#47,.F.);
#2506=ADVANCED_FACE('',(#324),#48,.T.);
#2507=ADVANCED_FACE('',(#325),#49,.F.);
#2508=ADVANCED_FACE('',(#326,#61),#2434,.F.);
#2509=ADVANCED_FACE('',(#327),#282,.F.);
#2510=ADVANCED_FACE('',(#328),#50,.F.);
#2511=ADVANCED_FACE('',(#329,#62),#2435,.F.);
#2512=ADVANCED_FACE('',(#330),#283,.F.);
#2513=ADVANCED_FACE('',(#331,#63),#2436,.F.);
#2514=ADVANCED_FACE('',(#332),#51,.F.);
#2515=ADVANCED_FACE('',(#333),#32,.T.);
#2516=ADVANCED_FACE('',(#334),#33,.T.);
#2517=ADVANCED_FACE('',(#335),#2437,.T.);
#2518=ADVANCED_FACE('',(#336),#34,.T.);
#2519=ADVANCED_FACE('',(#337),#35,.T.);
#2520=ADVANCED_FACE('',(#338),#36,.T.);
#2521=ADVANCED_FACE('',(#339),#37,.T.);
#2522=ADVANCED_FACE('',(#340),#38,.T.);
#2523=ADVANCED_FACE('',(#341),#2438,.F.);
#2524=ADVANCED_FACE('',(#342),#2439,.T.);
#2525=ADVANCED_FACE('',(#343),#2440,.T.);
#2526=ADVANCED_FACE('',(#344),#39,.T.);
#2527=ADVANCED_FACE('',(#345),#2441,.F.);
#2528=ADVANCED_FACE('',(#346),#2442,.T.);
#2529=ADVANCED_FACE('',(#347),#2443,.T.);
#2530=ADVANCED_FACE('',(#348),#2444,.T.);
#2531=ADVANCED_FACE('',(#349),#2445,.T.);
#2532=ADVANCED_FACE('',(#350),#40,.T.);
#2533=ADVANCED_FACE('',(#351),#41,.T.);
#2534=ADVANCED_FACE('',(#352),#2446,.T.);
#2535=ADVANCED_FACE('',(#353),#2447,.T.);
#2536=ADVANCED_FACE('',(#354),#2448,.T.);
#2537=ADVANCED_FACE('',(#355),#2449,.T.);
#2538=ADVANCED_FACE('',(#356),#2450,.T.);
#2539=ADVANCED_FACE('',(#357),#2451,.T.);
#2540=ADVANCED_FACE('',(#358),#2452,.T.);
#2541=ADVANCED_FACE('',(#359),#2453,.T.);
#2542=ADVANCED_FACE('',(#360),#2454,.T.);
#2543=ADVANCED_FACE('',(#361),#2455,.T.);
#2544=ADVANCED_FACE('',(#362),#2456,.T.);
#2545=ADVANCED_FACE('',(#363),#2457,.T.);
#2546=ADVANCED_FACE('',(#364),#42,.F.);
#2547=ADVANCED_FACE('',(#365),#43,.F.);
#2548=ADVANCED_FACE('',(#366),#44,.F.);
#2549=ADVANCED_FACE('',(#367),#45,.F.);
#2550=ADVANCED_FACE('',(#368),#284,.F.);
#2551=ADVANCED_FACE('',(#369),#2458,.F.);
#2552=ADVANCED_FACE('',(#370),#52,.F.);
#2553=ADVANCED_FACE('',(#371),#285,.F.);
#2554=ADVANCED_FACE('',(#372),#2459,.F.);
#2555=ADVANCED_FACE('',(#373,#64),#2460,.F.);
#2556=ADVANCED_FACE('',(#374),#2461,.T.);
#2557=ADVANCED_FACE('',(#375),#2462,.F.);
#2558=ADVANCED_FACE('',(#376),#2463,.F.);
#2559=ADVANCED_FACE('',(#377,#65),#2464,.T.);
#2560=ADVANCED_FACE('',(#378),#286,.F.);
#2561=ADVANCED_FACE('',(#379),#287,.F.);
#2562=ADVANCED_FACE('',(#380),#288,.F.);
#2563=ADVANCED_FACE('',(#381),#289,.F.);
#2564=ADVANCED_FACE('',(#382,#66),#2465,.T.);
#2565=ADVANCED_FACE('',(#383),#290,.F.);
#2566=ADVANCED_FACE('',(#384),#291,.F.);
#2567=ADVANCED_FACE('',(#385),#292,.F.);
#2568=ADVANCED_FACE('',(#386),#293,.F.);
#2569=ADVANCED_FACE('',(#387),#294,.F.);
#2570=ADVANCED_FACE('',(#388),#295,.F.);
#2571=ADVANCED_FACE('',(#389),#2466,.T.);
#2572=ADVANCED_FACE('',(#390),#53,.F.);
#2573=ADVANCED_FACE('',(#391),#54,.F.);
#2574=ADVANCED_FACE('',(#392),#55,.T.);
#2575=ADVANCED_FACE('',(#393,#67,#68),#296,.F.);
#2576=ADVANCED_FACE('',(#394),#56,.T.);
#2577=ADVANCED_FACE('',(#395),#297,.T.);
#2578=ADVANCED_FACE('',(#396),#57,.T.);
#2579=ADVANCED_FACE('',(#397),#298,.F.);
#2580=ADVANCED_FACE('',(#398,#69,#70),#299,.F.);
#2581=ADVANCED_FACE('',(#399,#71),#300,.T.);
#2582=ADVANCED_FACE('',(#400),#301,.F.);
#2583=ADVANCED_FACE('',(#401,#72),#2467,.F.);
#2584=ADVANCED_FACE('',(#402,#73,#74,#75,#76,#77,#78,#79,#80),#2468,.T.);
#2585=ADVANCED_FACE('',(#403),#2469,.T.);
#2586=ADVANCED_FACE('',(#404),#2470,.T.);
#2587=ADVANCED_FACE('',(#405),#2471,.T.);
#2588=ADVANCED_FACE('',(#406),#302,.F.);
#2589=ADVANCED_FACE('',(#407),#303,.F.);
#2590=ADVANCED_FACE('',(#408),#304,.F.);
#2591=ADVANCED_FACE('',(#409),#305,.F.);
#2592=ADVANCED_FACE('',(#410),#306,.F.);
#2593=ADVANCED_FACE('',(#411),#307,.F.);
#2594=ADVANCED_FACE('',(#412),#308,.F.);
#2595=ADVANCED_FACE('',(#413),#309,.F.);
#2596=ADVANCED_FACE('',(#414,#81,#82),#2472,.T.);
#2597=ADVANCED_FACE('',(#415,#83,#84),#2473,.T.);
#2598=ADVANCED_FACE('',(#416),#2474,.T.);
#2599=ADVANCED_FACE('',(#417),#2475,.F.);
#2600=ADVANCED_FACE('',(#418),#2476,.F.);
#2601=ADVANCED_FACE('',(#419),#2477,.F.);
#2602=ADVANCED_FACE('',(#420),#310,.F.);
#2603=ADVANCED_FACE('',(#421),#311,.F.);
#2604=ADVANCED_FACE('',(#422),#2478,.F.);
#2605=ADVANCED_FACE('',(#423),#312,.F.);
#2606=ADVANCED_FACE('',(#424),#2479,.F.);
#2607=ADVANCED_FACE('',(#425),#2480,.F.);
#2608=ADVANCED_FACE('',(#426),#313,.F.);
#2609=ADVANCED_FACE('',(#427,#85),#2481,.T.);
#2610=ADVANCED_FACE('',(#428),#2482,.F.);
#2611=ADVANCED_FACE('',(#429),#2483,.F.);
#2612=ADVANCED_FACE('',(#430),#2484,.F.);
#2613=ADVANCED_FACE('',(#431),#2485,.F.);
#2614=ADVANCED_FACE('',(#432,#86),#2486,.T.);
#2615=ADVANCED_FACE('',(#433),#2487,.F.);
#2616=ADVANCED_FACE('',(#434),#2488,.F.);
#2617=ADVANCED_FACE('',(#435),#2489,.F.);
#2618=ADVANCED_FACE('',(#436),#2490,.F.);
#2619=ADVANCED_FACE('',(#437,#87),#2491,.F.);
#2620=ADVANCED_FACE('',(#438,#88),#2492,.F.);
#2621=ADVANCED_FACE('',(#439),#314,.F.);
#2622=ADVANCED_FACE('',(#440,#89),#2493,.F.);
#2623=ADVANCED_FACE('',(#441,#90),#2494,.F.);
#2624=ADVANCED_FACE('',(#442),#315,.F.);
#2625=ADVANCED_FACE('',(#443,#91),#2495,.F.);
#2626=ADVANCED_FACE('',(#444),#316,.F.);
#2627=ADVANCED_FACE('',(#445,#92),#2496,.F.);
#2628=ADVANCED_FACE('',(#446,#93),#2497,.F.);
#2629=ADVANCED_FACE('',(#447,#94),#2498,.F.);
#2630=ADVANCED_FACE('',(#448),#317,.F.);
#2631=ADVANCED_FACE('',(#449,#95),#2499,.T.);
#2632=CLOSED_SHELL('',(#2500,#2501,#2502,#2503,#2504,#2505,#2506,#2507,
#2508,#2509,#2510,#2511,#2512,#2513,#2514,#2515,#2516,#2517,#2518,#2519,
#2520,#2521,#2522,#2523,#2524,#2525,#2526,#2527,#2528,#2529,#2530,#2531,
#2532,#2533,#2534,#2535,#2536,#2537,#2538,#2539,#2540,#2541,#2542,#2543,
#2544,#2545,#2546,#2547,#2548,#2549,#2550,#2551,#2552,#2553,#2554,#2555,
#2556,#2557,#2558,#2559,#2560,#2561,#2562,#2563,#2564,#2565,#2566,#2567,
#2568,#2569,#2570,#2571,#2572,#2573,#2574,#2575,#2576,#2577,#2578,#2579,
#2580,#2581,#2582,#2583,#2584,#2585,#2586,#2587,#2588,#2589,#2590,#2591,
#2592,#2593,#2594,#2595,#2596,#2597,#2598,#2599,#2600,#2601,#2602,#2603,
#2604,#2605,#2606,#2607,#2608,#2609,#2610,#2611,#2612,#2613,#2614,#2615,
#2616,#2617,#2618,#2619,#2620,#2621,#2622,#2623,#2624,#2625,#2626,#2627,
#2628,#2629,#2630,#2631));
#2633=AXIS2_PLACEMENT_3D('',#3514,#2866,#2867);
#2634=AXIS2_PLACEMENT_3D('',#3515,#2868,#2869);
#2635=AXIS2_PLACEMENT_3D('',#3536,#2872,#2873);
#2636=AXIS2_PLACEMENT_3D('',#3538,#2874,#2875);
#2637=AXIS2_PLACEMENT_3D('',#3541,#2877,#2878);
#2638=AXIS2_PLACEMENT_3D('',#3647,#2879,#2880);
#2639=AXIS2_PLACEMENT_3D('',#3665,#2882,#2883);
#2640=AXIS2_PLACEMENT_3D('',#3667,#2884,#2885);
#2641=AXIS2_PLACEMENT_3D('',#3673,#2886,#2887);
#2642=AXIS2_PLACEMENT_3D('',#3675,#2889,#2890);
#2643=AXIS2_PLACEMENT_3D('',#3677,#2891,#2892);
#2644=AXIS2_PLACEMENT_3D('',#3692,#2895,#2896);
#2645=AXIS2_PLACEMENT_3D('',#3696,#2898,#2899);
#2646=AXIS2_PLACEMENT_3D('',#3716,#2900,#2901);
#2647=AXIS2_PLACEMENT_3D('',#3719,#2903,#2904);
#2648=AXIS2_PLACEMENT_3D('',#3720,#2905,#2906);
#2649=AXIS2_PLACEMENT_3D('',#3723,#2907,#2908);
#2650=AXIS2_PLACEMENT_3D('',#3727,#2910,#2911);
#2651=AXIS2_PLACEMENT_3D('',#3744,#2912,#2913);
#2652=AXIS2_PLACEMENT_3D('',#3746,#2914,#2915);
#2653=AXIS2_PLACEMENT_3D('',#3748,#2916,#2917);
#2654=AXIS2_PLACEMENT_3D('',#3749,#2918,#2919);
#2655=AXIS2_PLACEMENT_3D('',#3751,#2920,#2921);
#2656=AXIS2_PLACEMENT_3D('',#3752,#2922,#2923);
#2657=AXIS2_PLACEMENT_3D('',#3759,#2924,#2925);
#2658=AXIS2_PLACEMENT_3D('',#3773,#2926,#2927);
#2659=AXIS2_PLACEMENT_3D('',#3775,#2928,#2929);
#2660=AXIS2_PLACEMENT_3D('',#3796,#2930,#2931);
#2661=AXIS2_PLACEMENT_3D('',#3797,#2932,#2933);
#2662=AXIS2_PLACEMENT_3D('',#3798,#2934,#2935);
#2663=AXIS2_PLACEMENT_3D('',#3800,#2936,#2937);
#2664=AXIS2_PLACEMENT_3D('',#3801,#2938,#2939);
#2665=AXIS2_PLACEMENT_3D('',#3822,#2940,#2941);
#2666=AXIS2_PLACEMENT_3D('',#3841,#2942,#2943);
#2667=AXIS2_PLACEMENT_3D('',#3843,#2944,#2945);
#2668=AXIS2_PLACEMENT_3D('',#3845,#2946,#2947);
#2669=AXIS2_PLACEMENT_3D('',#3846,#2948,#2949);
#2670=AXIS2_PLACEMENT_3D('',#3848,#2950,#2951);
#2671=AXIS2_PLACEMENT_3D('',#3849,#2952,#2953);
#2672=AXIS2_PLACEMENT_3D('',#3853,#2955,#2956);
#2673=AXIS2_PLACEMENT_3D('',#3963,#2957,#2958);
#2674=AXIS2_PLACEMENT_3D('',#4028,#2959,#2960);
#2675=AXIS2_PLACEMENT_3D('',#4423,#2971,#2972);
#2676=AXIS2_PLACEMENT_3D('',#4746,#2978,#2979);
#2677=AXIS2_PLACEMENT_3D('',#4756,#2985,#2986);
#2678=AXIS2_PLACEMENT_3D('',#4762,#2990,#2991);
#2679=AXIS2_PLACEMENT_3D('',#4790,#2996,#2997);
#2680=AXIS2_PLACEMENT_3D('',#4794,#3000,#3001);
#2681=AXIS2_PLACEMENT_3D('',#4797,#3002,#3003);
#2682=AXIS2_PLACEMENT_3D('',#4801,#3006,#3007);
#2683=AXIS2_PLACEMENT_3D('',#4803,#3008,#3009);
#2684=AXIS2_PLACEMENT_3D('',#4805,#3010,#3011);
#2685=AXIS2_PLACEMENT_3D('',#4807,#3013,#3014);
#2686=AXIS2_PLACEMENT_3D('',#4809,#3015,#3016);
#2687=AXIS2_PLACEMENT_3D('',#4813,#3019,#3020);
#2688=AXIS2_PLACEMENT_3D('',#4815,#3021,#3022);
#2689=AXIS2_PLACEMENT_3D('',#4817,#3023,#3024);
#2690=AXIS2_PLACEMENT_3D('',#4862,#3027,#3028);
#2691=AXIS2_PLACEMENT_3D('',#4864,#3029,#3030);
#2692=AXIS2_PLACEMENT_3D('',#4866,#3032,#3033);
#2693=AXIS2_PLACEMENT_3D('',#4868,#3034,#3035);
#2694=AXIS2_PLACEMENT_3D('',#4870,#3037,#3038);
#2695=AXIS2_PLACEMENT_3D('',#4872,#3039,#3040);
#2696=AXIS2_PLACEMENT_3D('',#4874,#3041,#3042);
#2697=AXIS2_PLACEMENT_3D('',#4876,#3044,#3045);
#2698=AXIS2_PLACEMENT_3D('',#4878,#3046,#3047);
#2699=AXIS2_PLACEMENT_3D('',#4881,#3049,#3050);
#2700=AXIS2_PLACEMENT_3D('',#4882,#3051,#3052);
#2701=AXIS2_PLACEMENT_3D('',#4884,#3053,#3054);
#2702=AXIS2_PLACEMENT_3D('',#4886,#3055,#3056);
#2703=AXIS2_PLACEMENT_3D('',#4888,#3058,#3059);
#2704=AXIS2_PLACEMENT_3D('',#4891,#3061,#3062);
#2705=AXIS2_PLACEMENT_3D('',#4892,#3063,#3064);
#2706=AXIS2_PLACEMENT_3D('',#4894,#3065,#3066);
#2707=AXIS2_PLACEMENT_3D('',#4897,#3068,#3069);
#2708=AXIS2_PLACEMENT_3D('',#4898,#3070,#3071);
#2709=AXIS2_PLACEMENT_3D('',#4900,#3072,#3073);
#2710=AXIS2_PLACEMENT_3D('',#4903,#3075,#3076);
#2711=AXIS2_PLACEMENT_3D('',#4904,#3077,#3078);
#2712=AXIS2_PLACEMENT_3D('',#4906,#3079,#3080);
#2713=AXIS2_PLACEMENT_3D('',#4909,#3082,#3083);
#2714=AXIS2_PLACEMENT_3D('',#4910,#3084,#3085);
#2715=AXIS2_PLACEMENT_3D('',#4912,#3086,#3087);
#2716=AXIS2_PLACEMENT_3D('',#4915,#3089,#3090);
#2717=AXIS2_PLACEMENT_3D('',#4916,#3091,#3092);
#2718=AXIS2_PLACEMENT_3D('',#4918,#3093,#3094);
#2719=AXIS2_PLACEMENT_3D('',#4921,#3096,#3097);
#2720=AXIS2_PLACEMENT_3D('',#4922,#3098,#3099);
#2721=AXIS2_PLACEMENT_3D('',#4924,#3100,#3101);
#2722=AXIS2_PLACEMENT_3D('',#4927,#3103,#3104);
#2723=AXIS2_PLACEMENT_3D('',#5026,#3109,#3110);
#2724=AXIS2_PLACEMENT_3D('',#5029,#3112,#3113);
#2725=AXIS2_PLACEMENT_3D('',#5030,#3114,#3115);
#2726=AXIS2_PLACEMENT_3D('',#5038,#3118,#3119);
#2727=AXIS2_PLACEMENT_3D('',#5040,#3120,#3121);
#2728=AXIS2_PLACEMENT_3D('',#5042,#3123,#3124);
#2729=AXIS2_PLACEMENT_3D('',#5043,#3125,#3126);
#2730=AXIS2_PLACEMENT_3D('',#5044,#3127,#3128);
#2731=AXIS2_PLACEMENT_3D('',#5049,#3131,#3132);
#2732=AXIS2_PLACEMENT_3D('',#5051,#3133,#3134);
#2733=AXIS2_PLACEMENT_3D('',#5054,#3136,#3137);
#2734=AXIS2_PLACEMENT_3D('',#5055,#3138,#3139);
#2735=AXIS2_PLACEMENT_3D('',#5056,#3140,#3141);
#2736=AXIS2_PLACEMENT_3D('',#5063,#3145,#3146);
#2737=AXIS2_PLACEMENT_3D('',#5072,#3151,#3152);
#2738=AXIS2_PLACEMENT_3D('',#5073,#3153,#3154);
#2739=AXIS2_PLACEMENT_3D('',#5081,#3159,#3160);
#2740=AXIS2_PLACEMENT_3D('',#5089,#3164,#3165);
#2741=AXIS2_PLACEMENT_3D('',#5090,#3166,#3167);
#2742=AXIS2_PLACEMENT_3D('',#5092,#3168,#3169);
#2743=AXIS2_PLACEMENT_3D('',#5093,#3170,#3171);
#2744=AXIS2_PLACEMENT_3D('',#5095,#3172,#3173);
#2745=AXIS2_PLACEMENT_3D('',#5096,#3174,#3175);
#2746=AXIS2_PLACEMENT_3D('',#5098,#3176,#3177);
#2747=AXIS2_PLACEMENT_3D('',#5099,#3178,#3179);
#2748=AXIS2_PLACEMENT_3D('',#5100,#3180,#3181);
#2749=AXIS2_PLACEMENT_3D('',#5105,#3185,#3186);
#2750=AXIS2_PLACEMENT_3D('',#5112,#3190,#3191);
#2751=AXIS2_PLACEMENT_3D('',#5113,#3192,#3193);
#2752=AXIS2_PLACEMENT_3D('',#5116,#3195,#3196);
#2753=AXIS2_PLACEMENT_3D('',#5117,#3197,#3198);
#2754=AXIS2_PLACEMENT_3D('',#5120,#3200,#3201);
#2755=AXIS2_PLACEMENT_3D('',#5121,#3202,#3203);
#2756=AXIS2_PLACEMENT_3D('',#5124,#3205,#3206);
#2757=AXIS2_PLACEMENT_3D('',#5125,#3207,#3208);
#2758=AXIS2_PLACEMENT_3D('',#5128,#3210,#3211);
#2759=AXIS2_PLACEMENT_3D('',#5129,#3212,#3213);
#2760=AXIS2_PLACEMENT_3D('',#5134,#3216,#3217);
#2761=AXIS2_PLACEMENT_3D('',#5135,#3218,#3219);
#2762=AXIS2_PLACEMENT_3D('',#5181,#3221,#3222);
#2763=AXIS2_PLACEMENT_3D('',#5221,#3224,#3225);
#2764=AXIS2_PLACEMENT_3D('',#5261,#3227,#3228);
#2765=AXIS2_PLACEMENT_3D('',#5349,#3230,#3231);
#2766=AXIS2_PLACEMENT_3D('',#5389,#3233,#3234);
#2767=AXIS2_PLACEMENT_3D('',#5429,#3236,#3237);
#2768=AXIS2_PLACEMENT_3D('',#5433,#3240,#3241);
#2769=AXIS2_PLACEMENT_3D('',#5435,#3243,#3244);
#2770=AXIS2_PLACEMENT_3D('',#5438,#3246,#3247);
#2771=AXIS2_PLACEMENT_3D('',#5439,#3248,#3249);
#2772=AXIS2_PLACEMENT_3D('',#5440,#3250,#3251);
#2773=AXIS2_PLACEMENT_3D('',#5441,#3252,#3253);
#2774=AXIS2_PLACEMENT_3D('',#5443,#3254,#3255);
#2775=AXIS2_PLACEMENT_3D('',#5446,#3258,#3259);
#2776=AXIS2_PLACEMENT_3D('',#5447,#3260,#3261);
#2777=AXIS2_PLACEMENT_3D('',#5448,#3262,#3263);
#2778=AXIS2_PLACEMENT_3D('',#5449,#3264,#3265);
#2779=AXIS2_PLACEMENT_3D('',#5451,#3267,#3268);
#2780=AXIS2_PLACEMENT_3D('',#5452,#3269,#3270);
#2781=AXIS2_PLACEMENT_3D('',#5454,#3272,#3273);
#2782=AXIS2_PLACEMENT_3D('',#5458,#3276,#3277);
#2783=AXIS2_PLACEMENT_3D('',#5459,#3278,#3279);
#2784=AXIS2_PLACEMENT_3D('',#5460,#3280,#3281);
#2785=AXIS2_PLACEMENT_3D('',#5461,#3282,#3283);
#2786=AXIS2_PLACEMENT_3D('',#5462,#3284,#3285);
#2787=AXIS2_PLACEMENT_3D('',#5470,#3290,#3291);
#2788=AXIS2_PLACEMENT_3D('',#5477,#3295,#3296);
#2789=AXIS2_PLACEMENT_3D('',#5479,#3297,#3298);
#2790=AXIS2_PLACEMENT_3D('',#5481,#3299,#3300);
#2791=AXIS2_PLACEMENT_3D('',#5483,#3301,#3302);
#2792=AXIS2_PLACEMENT_3D('',#5485,#3303,#3304);
#2793=AXIS2_PLACEMENT_3D('',#5487,#3305,#3306);
#2794=AXIS2_PLACEMENT_3D('',#5489,#3307,#3308);
#2795=AXIS2_PLACEMENT_3D('',#5491,#3309,#3310);
#2796=AXIS2_PLACEMENT_3D('',#5492,#3311,#3312);
#2797=AXIS2_PLACEMENT_3D('',#5494,#3314,#3315);
#2798=AXIS2_PLACEMENT_3D('',#5495,#3316,#3317);
#2799=AXIS2_PLACEMENT_3D('',#5496,#3318,#3319);
#2800=AXIS2_PLACEMENT_3D('',#5497,#3320,#3321);
#2801=AXIS2_PLACEMENT_3D('',#5498,#3322,#3323);
#2802=AXIS2_PLACEMENT_3D('',#5499,#3324,#3325);
#2803=AXIS2_PLACEMENT_3D('',#5501,#3326,#3327);
#2804=AXIS2_PLACEMENT_3D('',#5503,#3329,#3330);
#2805=AXIS2_PLACEMENT_3D('',#5505,#3331,#3332);
#2806=AXIS2_PLACEMENT_3D('',#5507,#3334,#3335);
#2807=AXIS2_PLACEMENT_3D('',#5509,#3336,#3337);
#2808=AXIS2_PLACEMENT_3D('',#5511,#3339,#3340);
#2809=AXIS2_PLACEMENT_3D('',#5513,#3341,#3342);
#2810=AXIS2_PLACEMENT_3D('',#5515,#3344,#3345);
#2811=AXIS2_PLACEMENT_3D('',#5517,#3346,#3347);
#2812=AXIS2_PLACEMENT_3D('',#5519,#3349,#3350);
#2813=AXIS2_PLACEMENT_3D('',#5521,#3351,#3352);
#2814=AXIS2_PLACEMENT_3D('',#5523,#3354,#3355);
#2815=AXIS2_PLACEMENT_3D('',#5525,#3356,#3357);
#2816=AXIS2_PLACEMENT_3D('',#5527,#3359,#3360);
#2817=AXIS2_PLACEMENT_3D('',#5529,#3361,#3362);
#2818=AXIS2_PLACEMENT_3D('',#5531,#3364,#3365);
#2819=AXIS2_PLACEMENT_3D('',#5543,#3371,#3372);
#2820=AXIS2_PLACEMENT_3D('',#5546,#3374,#3375);
#2821=AXIS2_PLACEMENT_3D('',#5549,#3376,#3377);
#2822=AXIS2_PLACEMENT_3D('',#5553,#3379,#3380);
#2823=AXIS2_PLACEMENT_3D('',#5555,#3382,#3383);
#2824=AXIS2_PLACEMENT_3D('',#5577,#3395,#3396);
#2825=AXIS2_PLACEMENT_3D('',#5580,#3399,#3400);
#2826=AXIS2_PLACEMENT_3D('',#5582,#3402,#3403);
#2827=AXIS2_PLACEMENT_3D('',#5583,#3404,#3405);
#2828=AXIS2_PLACEMENT_3D('',#5589,#3409,#3410);
#2829=AXIS2_PLACEMENT_3D('',#5591,#3411,#3412);
#2830=AXIS2_PLACEMENT_3D('',#5593,#3414,#3415);
#2831=AXIS2_PLACEMENT_3D('',#5596,#3416,#3417);
#2832=AXIS2_PLACEMENT_3D('',#5599,#3420,#3421);
#2833=AXIS2_PLACEMENT_3D('',#5603,#3424,#3425);
#2834=AXIS2_PLACEMENT_3D('',#5605,#3426,#3427);
#2835=AXIS2_PLACEMENT_3D('',#5607,#3429,#3430);
#2836=AXIS2_PLACEMENT_3D('',#5609,#3432,#3433);
#2837=AXIS2_PLACEMENT_3D('',#5613,#3436,#3437);
#2838=AXIS2_PLACEMENT_3D('',#5614,#3438,#3439);
#2839=AXIS2_PLACEMENT_3D('',#5615,#3440,#3441);
#2840=AXIS2_PLACEMENT_3D('',#5624,#3446,#3447);
#2841=AXIS2_PLACEMENT_3D('',#5627,#3450,#3451);
#2842=AXIS2_PLACEMENT_3D('',#5629,#3453,#3454);
#2843=AXIS2_PLACEMENT_3D('',#5631,#3456,#3457);
#2844=AXIS2_PLACEMENT_3D('',#5632,#3458,#3459);
#2845=AXIS2_PLACEMENT_3D('',#5641,#3464,#3465);
#2846=AXIS2_PLACEMENT_3D('',#5644,#3468,#3469);
#2847=AXIS2_PLACEMENT_3D('',#5646,#3471,#3472);
#2848=AXIS2_PLACEMENT_3D('',#5648,#3474,#3475);
#2849=AXIS2_PLACEMENT_3D('',#5649,#3476,#3477);
#2850=AXIS2_PLACEMENT_3D('',#5650,#3478,#3479);
#2851=AXIS2_PLACEMENT_3D('',#5652,#3480,#3481);
#2852=AXIS2_PLACEMENT_3D('',#5653,#3482,#3483);
#2853=AXIS2_PLACEMENT_3D('',#5655,#3485,#3486);
#2854=AXIS2_PLACEMENT_3D('',#5656,#3487,#3488);
#2855=AXIS2_PLACEMENT_3D('',#5658,#3489,#3490);
#2856=AXIS2_PLACEMENT_3D('',#5659,#3491,#3492);
#2857=AXIS2_PLACEMENT_3D('',#5661,#3494,#3495);
#2858=AXIS2_PLACEMENT_3D('',#5663,#3496,#3497);
#2859=AXIS2_PLACEMENT_3D('',#5664,#3498,#3499);
#2860=AXIS2_PLACEMENT_3D('',#5666,#3501,#3502);
#2861=AXIS2_PLACEMENT_3D('',#5667,#3503,#3504);
#2862=AXIS2_PLACEMENT_3D('',#5668,#3505,#3506);
#2863=AXIS2_PLACEMENT_3D('',#5670,#3507,#3508);
#2864=AXIS2_PLACEMENT_3D('',#5671,#3509,#3510);
#2865=AXIS2_PLACEMENT_3D('',#5673,#3512,#3513);
#2866=DIRECTION('axis',(0.,0.,1.));
#2867=DIRECTION('refdir',(1.,0.,0.));
#2868=DIRECTION('center_axis',(-0.63042058296994,0.776253752691631,0.));
#2869=DIRECTION('ref_axis',(0.776253752691631,0.63042058296994,0.));
#2870=DIRECTION('',(0.,0.,-1.));
#2871=DIRECTION('',(0.,0.,-1.));
#2872=DIRECTION('center_axis',(0.,0.,-1.));
#2873=DIRECTION('ref_axis',(-1.,-6.20294777111414E-16,0.));
#2874=DIRECTION('center_axis',(0.,0.,1.));
#2875=DIRECTION('ref_axis',(0.886192352292928,0.463317509638398,0.));
#2876=DIRECTION('',(0.,0.,-1.));
#2877=DIRECTION('center_axis',(0.,0.,-1.));
#2878=DIRECTION('ref_axis',(0.886192352292928,0.463317509638398,0.));
#2879=DIRECTION('center_axis',(-0.63042058296994,-0.776253752691632,0.));
#2880=DIRECTION('ref_axis',(-0.776253752691632,0.63042058296994,0.));
#2881=DIRECTION('',(0.,0.,-1.));
#2882=DIRECTION('center_axis',(0.,0.,1.));
#2883=DIRECTION('ref_axis',(1.,7.93183886977737E-16,0.));
#2884=DIRECTION('center_axis',(0.,0.,-1.));
#2885=DIRECTION('ref_axis',(1.,7.93183886977737E-16,0.));
#2886=DIRECTION('center_axis',(0.,0.,1.));
#2887=DIRECTION('ref_axis',(1.,7.93183886977737E-16,0.));
#2888=DIRECTION('',(-0.626632621741994,0.327614952907778,0.707106781186541));
#2889=DIRECTION('center_axis',(0.,0.,1.));
#2890=DIRECTION('ref_axis',(1.,7.93183886977737E-16,0.));
#2891=DIRECTION('center_axis',(0.,-2.01858731750028E-16,1.));
#2892=DIRECTION('ref_axis',(1.,7.93183886977737E-16,0.));
#2893=DIRECTION('',(0.,0.,-1.));
#2894=DIRECTION('',(0.,0.,-1.));
#2895=DIRECTION('center_axis',(0.,0.,-1.));
#2896=DIRECTION('ref_axis',(1.,7.93183886977737E-16,1.17821808938603E-31));
#2897=DIRECTION('',(-0.626632621741985,0.327614952907774,-0.70710678118655));
#2898=DIRECTION('center_axis',(0.,2.01858731750028E-16,-1.));
#2899=DIRECTION('ref_axis',(1.,7.93183886977737E-16,1.60111093469884E-31));
#2900=DIRECTION('center_axis',(0.,-2.01858731750028E-16,1.));
#2901=DIRECTION('ref_axis',(-1.,0.,0.));
#2902=DIRECTION('',(-0.626632621741992,-0.327614952907777,-0.707106781186542));
#2903=DIRECTION('center_axis',(0.,-2.01858731750028E-16,1.));
#2904=DIRECTION('ref_axis',(-1.,0.,0.));
#2905=DIRECTION('center_axis',(0.,4.4408920985006E-16,-1.));
#2906=DIRECTION('ref_axis',(-0.886192352292928,-0.463317509638398,-1.37645022786644E-16));
#2907=DIRECTION('center_axis',(0.,4.03717463500057E-16,-1.));
#2908=DIRECTION('ref_axis',(-0.886192352292928,-0.463317509638398,-1.87049369786377E-16));
#2909=DIRECTION('',(-0.626632621741991,-0.327614952907776,-0.707106781186543));
#2910=DIRECTION('center_axis',(0.,-4.03717463500057E-16,1.));
#2911=DIRECTION('ref_axis',(-0.886192352292928,-0.463317509638398,0.));
#2912=DIRECTION('center_axis',(0.,-4.03717463500057E-16,1.));
#2913=DIRECTION('ref_axis',(0.,-1.,-4.03717463500057E-16));
#2914=DIRECTION('center_axis',(0.,-4.03717463500057E-16,1.));
#2915=DIRECTION('ref_axis',(1.,0.,0.));
#2916=DIRECTION('center_axis',(0.,4.03717463500057E-16,-1.));
#2917=DIRECTION('ref_axis',(1.,7.93183886977737E-16,3.20222186939768E-31));
#2918=DIRECTION('center_axis',(0.,-4.03717463500057E-16,1.));
#2919=DIRECTION('ref_axis',(-1.,0.,0.));
#2920=DIRECTION('center_axis',(0.,4.03717463500057E-16,-1.));
#2921=DIRECTION('ref_axis',(1.,0.,0.));
#2922=DIRECTION('center_axis',(0.,0.,1.));
#2923=DIRECTION('ref_axis',(1.,0.,0.));
#2924=DIRECTION('center_axis',(0.,1.00929365875014E-16,-1.));
#2925=DIRECTION('ref_axis',(1.,0.,0.));
#2926=DIRECTION('center_axis',(0.,0.,-1.));
#2927=DIRECTION('ref_axis',(-0.886192352292928,-0.463317509638398,-6.88225113933222E-17));
#2928=DIRECTION('center_axis',(0.,-2.01858731750028E-16,1.));
#2929=DIRECTION('ref_axis',(-0.886192352292928,-0.463317509638398,0.));
#2930=DIRECTION('center_axis',(0.,2.01858731750028E-16,-1.));
#2931=DIRECTION('ref_axis',(-0.886192352292928,-0.463317509638398,-9.35246848931887E-17));
#2932=DIRECTION('center_axis',(0.,-2.01858731750028E-16,1.));
#2933=DIRECTION('ref_axis',(0.,-1.,-2.01858731750028E-16));
#2934=DIRECTION('center_axis',(0.,-2.01858731750028E-16,1.));
#2935=DIRECTION('ref_axis',(1.,0.,0.));
#2936=DIRECTION('center_axis',(0.,2.01858731750028E-16,-1.));
#2937=DIRECTION('ref_axis',(1.,0.,0.));
#2938=DIRECTION('center_axis',(0.,0.,1.));
#2939=DIRECTION('ref_axis',(1.,0.,0.));
#2940=DIRECTION('center_axis',(0.,2.01858731750028E-16,-1.));
#2941=DIRECTION('ref_axis',(1.,0.,0.));
#2942=DIRECTION('center_axis',(0.,2.01858731750028E-16,-1.));
#2943=DIRECTION('ref_axis',(0.,1.,2.01858731750028E-16));
#2944=DIRECTION('center_axis',(0.,-2.01858731750028E-16,1.));
#2945=DIRECTION('ref_axis',(-0.886192352292928,-0.463317509638398,-9.35246848931887E-17));
#2946=DIRECTION('center_axis',(0.,2.01858731750028E-16,-1.));
#2947=DIRECTION('ref_axis',(-1.,0.,0.));
#2948=DIRECTION('center_axis',(0.,-2.01858731750028E-16,1.));
#2949=DIRECTION('ref_axis',(1.,7.93183886977737E-16,1.60111093469884E-31));
#2950=DIRECTION('center_axis',(0.,-2.01858731750028E-16,1.));
#2951=DIRECTION('ref_axis',(1.,0.,0.));
#2952=DIRECTION('center_axis',(0.,0.,1.));
#2953=DIRECTION('ref_axis',(1.,7.93183886977737E-16,1.17821808938603E-31));
#2954=DIRECTION('',(-0.626632621741992,0.327614952907777,0.707106781186542));
#2955=DIRECTION('center_axis',(0.,2.01858731750028E-16,-1.));
#2956=DIRECTION('ref_axis',(1.,7.93183886977737E-16,0.));
#2957=DIRECTION('center_axis',(0.625168163411004,0.467257461058278,-0.625168163411002));
#2958=DIRECTION('ref_axis',(0.707106781186546,3.1720657846433E-16,0.707106781186549));
#2959=DIRECTION('center_axis',(-0.707106781186547,-2.21591072430203E-16,
-0.707106781186548));
#2960=DIRECTION('ref_axis',(-0.707106781186548,0.,0.707106781186547));
#2961=DIRECTION('',(-0.707106781186547,-1.42735678062161E-16,0.707106781186548));
#2962=DIRECTION('',(-3.13377099931592E-16,1.,0.));
#2963=DIRECTION('',(0.68021390336051,0.273163122236733,-0.680213903360508));
#2964=DIRECTION('',(3.13377099931592E-16,-1.,0.));
#2965=DIRECTION('',(0.,0.,-1.));
#2966=DIRECTION('',(0.,0.,-1.));
#2967=DIRECTION('',(0.,0.,-1.));
#2968=DIRECTION('',(0.,0.,-1.));
#2969=DIRECTION('',(0.,0.,1.));
#2970=DIRECTION('',(0.,0.,-1.));
#2971=DIRECTION('center_axis',(0.625168163411004,-0.467257461058276,-0.625168163411002));
#2972=DIRECTION('ref_axis',(0.598671875634292,0.800994372841982,0.));
#2973=DIRECTION('',(0.,0.,-1.));
#2974=DIRECTION('',(0.,0.,-1.));
#2975=DIRECTION('',(0.,0.,-1.));
#2976=DIRECTION('',(0.,0.,-1.));
#2977=DIRECTION('',(0.,0.,-1.));
#2978=DIRECTION('center_axis',(0.,0.,1.));
#2979=DIRECTION('ref_axis',(1.,0.,0.));
#2980=DIRECTION('',(-0.92796891499423,-0.372657608005567,0.));
#2981=DIRECTION('',(1.,-5.66755828204006E-15,0.));
#2982=DIRECTION('',(0.,-1.,-2.01858731750028E-16));
#2983=DIRECTION('',(-0.707106781186548,-0.707106781186548,0.));
#2984=DIRECTION('',(0.,1.,0.));
#2985=DIRECTION('center_axis',(-0.372657608005567,0.92796891499423,0.));
#2986=DIRECTION('ref_axis',(-0.92796891499423,-0.372657608005567,3.20398361544934E-44));
#2987=DIRECTION('',(0.,0.,1.));
#2988=DIRECTION('',(-0.92796891499423,-0.372657608005567,3.20398361544934E-44));
#2989=DIRECTION('',(0.,0.,1.));
#2990=DIRECTION('center_axis',(-0.707106781186547,-2.21591072430203E-16,
-0.707106781186548));
#2991=DIRECTION('ref_axis',(-0.707106781186548,0.,0.707106781186547));
#2992=DIRECTION('',(3.13377099931592E-16,-1.,0.));
#2993=DIRECTION('',(-0.668784567385303,0.324737439871822,0.668784567385303));
#2994=DIRECTION('',(-3.13377099931592E-16,1.,0.));
#2995=DIRECTION('',(0.707106781186547,1.42735678062161E-16,-0.707106781186548));
#2996=DIRECTION('center_axis',(1.,3.13377099931592E-16,0.));
#2997=DIRECTION('ref_axis',(-3.13377099931592E-16,1.,0.));
#2998=DIRECTION('',(0.,0.,-1.));
#2999=DIRECTION('',(3.13377099931592E-16,1.,0.));
#3000=DIRECTION('center_axis',(1.,0.,0.));
#3001=DIRECTION('ref_axis',(0.,-1.,0.));
#3002=DIRECTION('center_axis',(-1.,0.,0.));
#3003=DIRECTION('ref_axis',(0.,1.,0.));
#3004=DIRECTION('',(0.,0.,-1.));
#3005=DIRECTION('',(0.,-1.,-1.00929365875014E-16));
#3006=DIRECTION('center_axis',(1.,0.,0.));
#3007=DIRECTION('ref_axis',(0.,-1.,0.));
#3008=DIRECTION('center_axis',(-1.,0.,0.));
#3009=DIRECTION('ref_axis',(0.,1.,0.));
#3010=DIRECTION('center_axis',(-1.,0.,0.));
#3011=DIRECTION('ref_axis',(0.,1.,0.));
#3012=DIRECTION('',(0.,0.,-1.));
#3013=DIRECTION('center_axis',(1.,0.,0.));
#3014=DIRECTION('ref_axis',(0.,-1.,0.));
#3015=DIRECTION('center_axis',(-1.,0.,0.));
#3016=DIRECTION('ref_axis',(0.,1.,0.));
#3017=DIRECTION('',(0.,0.,-1.));
#3018=DIRECTION('',(0.,1.,0.));
#3019=DIRECTION('center_axis',(1.,0.,0.));
#3020=DIRECTION('ref_axis',(0.,-1.,0.));
#3021=DIRECTION('center_axis',(-1.,0.,0.));
#3022=DIRECTION('ref_axis',(0.,1.,0.));
#3023=DIRECTION('center_axis',(-1.,0.,0.));
#3024=DIRECTION('ref_axis',(0.,1.,0.));
#3025=DIRECTION('',(0.,0.,-1.));
#3026=DIRECTION('',(0.,0.,-1.));
#3027=DIRECTION('center_axis',(1.,0.,0.));
#3028=DIRECTION('ref_axis',(0.,-1.,0.));
#3029=DIRECTION('center_axis',(-1.,0.,0.));
#3030=DIRECTION('ref_axis',(0.,1.,0.));
#3031=DIRECTION('',(0.,-1.,-1.00929365875014E-16));
#3032=DIRECTION('center_axis',(1.,0.,0.));
#3033=DIRECTION('ref_axis',(0.,-1.,0.));
#3034=DIRECTION('center_axis',(-1.,0.,0.));
#3035=DIRECTION('ref_axis',(0.,1.,0.));
#3036=DIRECTION('',(0.,0.,1.));
#3037=DIRECTION('center_axis',(1.,0.,0.));
#3038=DIRECTION('ref_axis',(0.,-1.,0.));
#3039=DIRECTION('center_axis',(-1.,0.,0.));
#3040=DIRECTION('ref_axis',(0.,1.,0.));
#3041=DIRECTION('center_axis',(-1.,0.,0.));
#3042=DIRECTION('ref_axis',(0.,1.,0.));
#3043=DIRECTION('',(0.,0.,1.));
#3044=DIRECTION('center_axis',(1.,0.,0.));
#3045=DIRECTION('ref_axis',(0.,-1.,0.));
#3046=DIRECTION('center_axis',(-1.,0.,0.));
#3047=DIRECTION('ref_axis',(0.,1.,0.));
#3048=DIRECTION('',(0.,0.,1.));
#3049=DIRECTION('center_axis',(-1.,0.,0.));
#3050=DIRECTION('ref_axis',(0.,1.,0.));
#3051=DIRECTION('center_axis',(1.,0.,0.));
#3052=DIRECTION('ref_axis',(0.,-1.,0.));
#3053=DIRECTION('center_axis',(-1.,0.,0.));
#3054=DIRECTION('ref_axis',(0.,1.,0.));
#3055=DIRECTION('center_axis',(-1.,0.,0.));
#3056=DIRECTION('ref_axis',(0.,1.,0.));
#3057=DIRECTION('',(0.,0.,1.));
#3058=DIRECTION('center_axis',(-0.707106781186547,0.707106781186548,0.));
#3059=DIRECTION('ref_axis',(0.,0.,1.));
#3060=DIRECTION('',(0.,0.,-1.));
#3061=DIRECTION('center_axis',(0.707106781186548,-0.707106781186548,0.));
#3062=DIRECTION('ref_axis',(0.707106781186548,0.707106781186548,0.));
#3063=DIRECTION('center_axis',(-0.707106781186547,0.707106781186548,0.));
#3064=DIRECTION('ref_axis',(0.,0.,1.));
#3065=DIRECTION('center_axis',(0.707106781186548,-0.707106781186548,0.));
#3066=DIRECTION('ref_axis',(0.707106781186548,0.707106781186548,0.));
#3067=DIRECTION('',(0.,0.,-1.));
#3068=DIRECTION('center_axis',(0.707106781186547,-0.707106781186548,0.));
#3069=DIRECTION('ref_axis',(0.707106781186548,0.707106781186547,0.));
#3070=DIRECTION('center_axis',(-0.707106781186547,0.707106781186548,0.));
#3071=DIRECTION('ref_axis',(0.,0.,1.));
#3072=DIRECTION('center_axis',(0.707106781186548,-0.707106781186548,0.));
#3073=DIRECTION('ref_axis',(0.707106781186548,0.707106781186548,0.));
#3074=DIRECTION('',(0.,0.,-1.));
#3075=DIRECTION('center_axis',(0.707106781186547,-0.707106781186548,0.));
#3076=DIRECTION('ref_axis',(0.707106781186548,0.707106781186547,0.));
#3077=DIRECTION('center_axis',(1.,0.,0.));
#3078=DIRECTION('ref_axis',(0.,-1.,0.));
#3079=DIRECTION('center_axis',(-1.,0.,0.));
#3080=DIRECTION('ref_axis',(0.,1.,0.));
#3081=DIRECTION('',(0.,0.,-1.));
#3082=DIRECTION('center_axis',(-1.,0.,0.));
#3083=DIRECTION('ref_axis',(0.,1.,0.));
#3084=DIRECTION('center_axis',(-0.707106781186548,-0.707106781186547,0.));
#3085=DIRECTION('ref_axis',(0.,0.,1.));
#3086=DIRECTION('center_axis',(0.707106781186548,0.707106781186547,0.));
#3087=DIRECTION('ref_axis',(-0.707106781186547,0.707106781186548,0.));
#3088=DIRECTION('',(0.,-1.39212918448296E-16,1.));
#3089=DIRECTION('center_axis',(0.707106781186548,0.707106781186548,0.));
#3090=DIRECTION('ref_axis',(-0.707106781186548,0.707106781186548,0.));
#3091=DIRECTION('center_axis',(-0.707106781186548,-0.707106781186547,0.));
#3092=DIRECTION('ref_axis',(0.,0.,1.));
#3093=DIRECTION('center_axis',(0.707106781186548,0.707106781186548,0.));
#3094=DIRECTION('ref_axis',(-0.707106781186548,0.707106781186548,0.));
#3095=DIRECTION('',(0.,0.,1.));
#3096=DIRECTION('center_axis',(0.707106781186548,0.707106781186547,0.));
#3097=DIRECTION('ref_axis',(-0.707106781186547,0.707106781186548,0.));
#3098=DIRECTION('center_axis',(-0.707106781186548,-0.707106781186547,0.));
#3099=DIRECTION('ref_axis',(0.,0.,1.));
#3100=DIRECTION('center_axis',(0.707106781186548,0.707106781186548,0.));
#3101=DIRECTION('ref_axis',(-0.707106781186548,0.707106781186548,0.));
#3102=DIRECTION('',(0.,0.,1.));
#3103=DIRECTION('center_axis',(0.707106781186548,0.707106781186547,0.));
#3104=DIRECTION('ref_axis',(-0.707106781186547,0.707106781186548,0.));
#3105=DIRECTION('',(0.,0.,1.));
#3106=DIRECTION('',(0.,0.,1.));
#3107=DIRECTION('',(0.,0.,1.));
#3108=DIRECTION('',(0.,0.,1.));
#3109=DIRECTION('center_axis',(0.,0.,1.));
#3110=DIRECTION('ref_axis',(1.,7.93183886977737E-16,0.));
#3111=DIRECTION('',(0.,0.,1.));
#3112=DIRECTION('center_axis',(0.,-4.03717463500057E-16,1.));
#3113=DIRECTION('ref_axis',(1.,7.93183886977737E-16,0.));
#3114=DIRECTION('center_axis',(1.,3.13377099931592E-16,0.));
#3115=DIRECTION('ref_axis',(-3.13377099931592E-16,1.,0.));
#3116=DIRECTION('',(0.,0.,-1.));
#3117=DIRECTION('',(3.13377099931592E-16,1.,0.));
#3118=DIRECTION('center_axis',(0.,0.,1.));
#3119=DIRECTION('ref_axis',(-0.886192352292928,-0.463317509638398,-6.88225113933222E-17));
#3120=DIRECTION('center_axis',(0.,2.01858731750028E-16,-1.));
#3121=DIRECTION('ref_axis',(-0.886192352292928,-0.463317509638398,0.));
#3122=DIRECTION('',(-0.626632621741985,-0.327614952907774,0.70710678118655));
#3123=DIRECTION('center_axis',(0.,0.,1.));
#3124=DIRECTION('ref_axis',(-0.886192352292928,-0.463317509638398,0.));
#3125=DIRECTION('center_axis',(0.,0.,-1.));
#3126=DIRECTION('ref_axis',(-0.886192352292928,-0.463317509638398,0.));
#3127=DIRECTION('center_axis',(1.,0.,0.));
#3128=DIRECTION('ref_axis',(0.,0.,-1.));
#3129=DIRECTION('',(0.,0.,-1.));
#3130=DIRECTION('',(0.,1.,1.00929365875014E-16));
#3131=DIRECTION('center_axis',(-1.,0.,0.));
#3132=DIRECTION('ref_axis',(0.,1.,0.));
#3133=DIRECTION('center_axis',(-1.,0.,0.));
#3134=DIRECTION('ref_axis',(0.,1.,0.));
#3135=DIRECTION('',(0.,1.39212918448296E-16,-1.));
#3136=DIRECTION('center_axis',(-1.,0.,0.));
#3137=DIRECTION('ref_axis',(0.,1.,0.));
#3138=DIRECTION('center_axis',(-1.,0.,0.));
#3139=DIRECTION('ref_axis',(0.,1.,0.));
#3140=DIRECTION('center_axis',(0.,1.00929365875014E-16,-1.));
#3141=DIRECTION('ref_axis',(0.,1.,1.00929365875014E-16));
#3142=DIRECTION('',(-1.,0.,0.));
#3143=DIRECTION('',(-1.,5.66755828204006E-15,5.72023063465988E-31));
#3144=DIRECTION('',(0.92796891499423,0.372657608005567,3.76120960645015E-17));
#3145=DIRECTION('center_axis',(0.,1.00929365875014E-16,-1.));
#3146=DIRECTION('ref_axis',(1.,0.,0.));
#3147=DIRECTION('',(-0.899561424486871,0.436794280611768,4.40853697599788E-17));
#3148=DIRECTION('',(1.,-8.43371764590938E-17,-8.51209773970551E-33));
#3149=DIRECTION('',(0.,1.,1.00929365875014E-16));
#3150=DIRECTION('',(-1.,0.,0.));
#3151=DIRECTION('center_axis',(0.,-1.00929365875014E-16,1.));
#3152=DIRECTION('ref_axis',(1.,0.,0.));
#3153=DIRECTION('center_axis',(5.66755828204006E-15,1.,0.));
#3154=DIRECTION('ref_axis',(-1.,5.66755828204006E-15,0.));
#3155=DIRECTION('',(-1.,5.66755828204006E-15,0.));
#3156=DIRECTION('',(0.,0.,1.));
#3157=DIRECTION('',(1.,-5.66755828204006E-15,0.));
#3158=DIRECTION('',(0.,0.,1.));
#3159=DIRECTION('center_axis',(1.,0.,0.));
#3160=DIRECTION('ref_axis',(0.,0.,-1.));
#3161=DIRECTION('',(0.,0.,1.));
#3162=DIRECTION('',(0.,-1.,-2.01858731750028E-16));
#3163=DIRECTION('',(0.,0.,1.));
#3164=DIRECTION('center_axis',(-1.,0.,0.));
#3165=DIRECTION('ref_axis',(0.,1.,0.));
#3166=DIRECTION('center_axis',(-1.,0.,0.));
#3167=DIRECTION('ref_axis',(0.,1.,0.));
#3168=DIRECTION('center_axis',(-1.,0.,0.));
#3169=DIRECTION('ref_axis',(0.,1.,0.));
#3170=DIRECTION('center_axis',(-1.,0.,0.));
#3171=DIRECTION('ref_axis',(0.,1.,0.));
#3172=DIRECTION('center_axis',(-1.,0.,0.));
#3173=DIRECTION('ref_axis',(0.,1.,0.));
#3174=DIRECTION('center_axis',(-1.,0.,0.));
#3175=DIRECTION('ref_axis',(0.,1.,0.));
#3176=DIRECTION('center_axis',(-1.,0.,0.));
#3177=DIRECTION('ref_axis',(0.,1.,0.));
#3178=DIRECTION('center_axis',(-1.,0.,0.));
#3179=DIRECTION('ref_axis',(0.,1.,0.));
#3180=DIRECTION('center_axis',(0.,0.,1.));
#3181=DIRECTION('ref_axis',(1.,0.,0.));
#3182=DIRECTION('',(-0.707106781186547,0.707106781186548,1.42735678062161E-16));
#3183=DIRECTION('',(-1.,8.43371764590938E-17,0.));
#3184=DIRECTION('',(0.899561424486871,-0.436794280611768,0.));
#3185=DIRECTION('center_axis',(-0.436794280611768,-0.899561424486871,0.));
#3186=DIRECTION('ref_axis',(0.899561424486871,-0.436794280611768,2.87929756817852E-44));
#3187=DIRECTION('',(0.,0.,1.));
#3188=DIRECTION('',(0.899561424486871,-0.436794280611768,2.87929756817852E-44));
#3189=DIRECTION('',(0.,0.,1.));
#3190=DIRECTION('center_axis',(0.436794280611768,0.899561424486871,0.));
#3191=DIRECTION('ref_axis',(0.899561424486871,-0.436794280611768,0.));
#3192=DIRECTION('center_axis',(1.,0.,0.));
#3193=DIRECTION('ref_axis',(0.,1.,0.));
#3194=DIRECTION('',(1.,0.,0.));
#3195=DIRECTION('center_axis',(1.,0.,2.46519032881565E-32));
#3196=DIRECTION('ref_axis',(0.,1.,0.));
#3197=DIRECTION('center_axis',(1.,0.,0.));
#3198=DIRECTION('ref_axis',(0.,1.,0.));
#3199=DIRECTION('',(1.,0.,0.));
#3200=DIRECTION('center_axis',(1.,0.,2.46519032881565E-32));
#3201=DIRECTION('ref_axis',(0.,1.,0.));
#3202=DIRECTION('center_axis',(1.,0.,0.));
#3203=DIRECTION('ref_axis',(0.,1.,0.));
#3204=DIRECTION('',(1.,0.,0.));
#3205=DIRECTION('center_axis',(1.,0.,2.46519032881565E-32));
#3206=DIRECTION('ref_axis',(0.,1.,0.));
#3207=DIRECTION('center_axis',(1.,0.,0.));
#3208=DIRECTION('ref_axis',(0.,1.,0.));
#3209=DIRECTION('',(1.,0.,0.));
#3210=DIRECTION('center_axis',(1.,0.,2.46519032881565E-32));
#3211=DIRECTION('ref_axis',(0.,1.,0.));
#3212=DIRECTION('center_axis',(-0.372657608005567,0.92796891499423,0.));
#3213=DIRECTION('ref_axis',(-0.92796891499423,-0.372657608005567,3.20398361544934E-44));
#3214=DIRECTION('',(0.92796891499423,0.372657608005567,-3.20398361544934E-44));
#3215=DIRECTION('',(0.,0.,1.));
#3216=DIRECTION('center_axis',(0.372657608005567,-0.92796891499423,0.));
#3217=DIRECTION('ref_axis',(0.927968914994231,0.372657608005567,0.));
#3218=DIRECTION('center_axis',(1.,0.,0.));
#3219=DIRECTION('ref_axis',(0.,1.,0.));
#3220=DIRECTION('',(1.,0.,0.));
#3221=DIRECTION('center_axis',(0.,-1.,0.));
#3222=DIRECTION('ref_axis',(1.,0.,0.));
#3223=DIRECTION('',(0.,-1.,0.));
#3224=DIRECTION('center_axis',(0.,-1.,0.));
#3225=DIRECTION('ref_axis',(1.,0.,0.));
#3226=DIRECTION('',(0.,1.,0.));
#3227=DIRECTION('center_axis',(1.,0.,0.));
#3228=DIRECTION('ref_axis',(0.,1.,0.));
#3229=DIRECTION('',(1.,0.,0.));
#3230=DIRECTION('center_axis',(0.,-1.,0.));
#3231=DIRECTION('ref_axis',(1.,0.,0.));
#3232=DIRECTION('',(0.,-1.,0.));
#3233=DIRECTION('center_axis',(0.,-1.,0.));
#3234=DIRECTION('ref_axis',(1.,0.,0.));
#3235=DIRECTION('',(0.,1.,0.));
#3236=DIRECTION('center_axis',(-0.436794280611768,-0.899561424486871,0.));
#3237=DIRECTION('ref_axis',(0.899561424486871,-0.436794280611768,2.87929756817852E-44));
#3238=DIRECTION('',(0.,0.,1.));
#3239=DIRECTION('',(0.899561424486871,-0.436794280611768,2.87929756817852E-44));
#3240=DIRECTION('center_axis',(0.,4.44089209850059E-16,-1.));
#3241=DIRECTION('ref_axis',(1.,7.93183886977737E-16,2.35643617877207E-31));
#3242=DIRECTION('',(-0.626632621741985,0.327614952907774,-0.70710678118655));
#3243=DIRECTION('center_axis',(0.,0.,1.));
#3244=DIRECTION('ref_axis',(-0.886192352292928,-0.463317509638398,0.));
#3245=DIRECTION('',(-0.626632621741987,-0.327614952907775,0.707106781186548));
#3246=DIRECTION('center_axis',(0.,0.,1.));
#3247=DIRECTION('ref_axis',(-0.886192352292928,-0.463317509638398,0.));
#3248=DIRECTION('center_axis',(0.,0.,-1.));
#3249=DIRECTION('ref_axis',(-1.,0.,0.));
#3250=DIRECTION('center_axis',(0.,0.,-1.));
#3251=DIRECTION('ref_axis',(-1.,0.,0.));
#3252=DIRECTION('center_axis',(0.,0.,1.));
#3253=DIRECTION('ref_axis',(1.,0.,0.));
#3254=DIRECTION('center_axis',(-7.00649232162409E-46,6.97602014351215E-44,
-1.));
#3255=DIRECTION('ref_axis',(1.,0.,-7.00649232162409E-46));
#3256=DIRECTION('',(0.,0.,-1.));
#3257=DIRECTION('',(0.,0.,-1.));
#3258=DIRECTION('center_axis',(0.,-4.03717463500057E-16,1.));
#3259=DIRECTION('ref_axis',(-1.,0.,0.));
#3260=DIRECTION('center_axis',(0.,4.03717463500057E-16,-1.));
#3261=DIRECTION('ref_axis',(-1.,0.,0.));
#3262=DIRECTION('center_axis',(0.,0.,1.));
#3263=DIRECTION('ref_axis',(-1.,1.22464679914735E-16,0.));
#3264=DIRECTION('center_axis',(0.,-2.01858731750028E-16,1.));
#3265=DIRECTION('ref_axis',(-1.,0.,0.));
#3266=DIRECTION('',(0.,0.,1.));
#3267=DIRECTION('center_axis',(0.,2.01858731750029E-16,-1.));
#3268=DIRECTION('ref_axis',(-1.,0.,0.));
#3269=DIRECTION('center_axis',(0.,0.,1.));
#3270=DIRECTION('ref_axis',(1.,0.,0.));
#3271=DIRECTION('',(0.,0.,-1.));
#3272=DIRECTION('center_axis',(0.,0.,1.));
#3273=DIRECTION('ref_axis',(1.,0.,0.));
#3274=DIRECTION('',(0.,0.,-1.));
#3275=DIRECTION('',(0.,0.,-1.));
#3276=DIRECTION('center_axis',(-7.00649232162409E-46,6.97602014351215E-44,
-1.));
#3277=DIRECTION('ref_axis',(1.,0.,-7.00649232162409E-46));
#3278=DIRECTION('center_axis',(0.,0.,1.));
#3279=DIRECTION('ref_axis',(-0.999384748446523,0.0350731317746254,0.));
#3280=DIRECTION('center_axis',(7.00649232162409E-46,-6.97602014351215E-44,
1.));
#3281=DIRECTION('ref_axis',(1.,0.,-7.00649232162409E-46));
#3282=DIRECTION('center_axis',(0.,0.,1.));
#3283=DIRECTION('ref_axis',(-0.886192352292928,-0.463317509638398,0.));
#3284=DIRECTION('center_axis',(0.,0.,1.));
#3285=DIRECTION('ref_axis',(1.,0.,0.));
#3286=DIRECTION('',(-0.707106781186547,0.707106781186548,0.));
#3287=DIRECTION('',(-4.75809867696496E-16,-1.,0.));
#3288=DIRECTION('',(0.,-1.,0.));
#3289=DIRECTION('',(1.,-8.43371764590938E-17,0.));
#3290=DIRECTION('center_axis',(1.,-4.75809867696496E-16,0.));
#3291=DIRECTION('ref_axis',(4.75809867696496E-16,1.,0.));
#3292=DIRECTION('',(0.,0.,1.));
#3293=DIRECTION('',(4.75809867696496E-16,1.,0.));
#3294=DIRECTION('',(0.,0.,1.));
#3295=DIRECTION('center_axis',(-1.,4.75809867696496E-16,0.));
#3296=DIRECTION('ref_axis',(0.,1.,0.));
#3297=DIRECTION('center_axis',(-1.,4.75809867696496E-16,0.));
#3298=DIRECTION('ref_axis',(0.,1.,0.));
#3299=DIRECTION('center_axis',(-1.,4.75809867696496E-16,0.));
#3300=DIRECTION('ref_axis',(0.,1.,0.));
#3301=DIRECTION('center_axis',(-1.,4.75809867696496E-16,0.));
#3302=DIRECTION('ref_axis',(0.,1.,0.));
#3303=DIRECTION('center_axis',(-1.,4.75809867696496E-16,0.));
#3304=DIRECTION('ref_axis',(0.,1.,0.));
#3305=DIRECTION('center_axis',(-1.,4.75809867696496E-16,0.));
#3306=DIRECTION('ref_axis',(0.,1.,0.));
#3307=DIRECTION('center_axis',(-1.,4.75809867696496E-16,0.));
#3308=DIRECTION('ref_axis',(0.,1.,0.));
#3309=DIRECTION('center_axis',(-1.,4.75809867696496E-16,0.));
#3310=DIRECTION('ref_axis',(0.,1.,0.));
#3311=DIRECTION('center_axis',(0.707106781186548,0.707106781186547,0.));
#3312=DIRECTION('ref_axis',(-0.707106781186547,0.707106781186548,0.));
#3313=DIRECTION('',(-0.707106781186547,0.707106781186548,0.));
#3314=DIRECTION('center_axis',(-0.707106781186547,0.707106781186548,0.));
#3315=DIRECTION('ref_axis',(0.,0.,1.));
#3316=DIRECTION('center_axis',(0.707106781186547,-0.707106781186548,0.));
#3317=DIRECTION('ref_axis',(0.707106781186548,0.707106781186547,0.));
#3318=DIRECTION('center_axis',(0.707106781186548,-0.707106781186548,0.));
#3319=DIRECTION('ref_axis',(0.707106781186548,0.707106781186548,0.));
#3320=DIRECTION('center_axis',(-0.707106781186548,-0.707106781186547,0.));
#3321=DIRECTION('ref_axis',(0.,0.,1.));
#3322=DIRECTION('center_axis',(0.707106781186548,0.707106781186547,0.));
#3323=DIRECTION('ref_axis',(-0.707106781186547,0.707106781186548,0.));
#3324=DIRECTION('center_axis',(1.,0.,0.));
#3325=DIRECTION('ref_axis',(0.,1.,0.));
#3326=DIRECTION('center_axis',(-1.,0.,-2.46519032881565E-32));
#3327=DIRECTION('ref_axis',(0.,1.,0.));
#3328=DIRECTION('',(1.,0.,0.));
#3329=DIRECTION('center_axis',(1.,0.,0.));
#3330=DIRECTION('ref_axis',(0.,1.,0.));
#3331=DIRECTION('center_axis',(-1.,0.,-2.46519032881565E-32));
#3332=DIRECTION('ref_axis',(0.,1.,0.));
#3333=DIRECTION('',(1.,0.,0.));
#3334=DIRECTION('center_axis',(1.,0.,0.));
#3335=DIRECTION('ref_axis',(0.,1.,0.));
#3336=DIRECTION('center_axis',(-1.,0.,-2.46519032881565E-32));
#3337=DIRECTION('ref_axis',(0.,1.,0.));
#3338=DIRECTION('',(1.,0.,0.));
#3339=DIRECTION('center_axis',(1.,0.,0.));
#3340=DIRECTION('ref_axis',(0.,1.,0.));
#3341=DIRECTION('center_axis',(-1.,0.,-2.46519032881565E-32));
#3342=DIRECTION('ref_axis',(0.,1.,0.));
#3343=DIRECTION('',(1.,0.,0.));
#3344=DIRECTION('center_axis',(1.,0.,0.));
#3345=DIRECTION('ref_axis',(0.,1.,0.));
#3346=DIRECTION('center_axis',(-1.,0.,-2.46519032881565E-32));
#3347=DIRECTION('ref_axis',(0.,1.,0.));
#3348=DIRECTION('',(1.,0.,0.));
#3349=DIRECTION('center_axis',(1.,0.,0.));
#3350=DIRECTION('ref_axis',(0.,1.,0.));
#3351=DIRECTION('center_axis',(-1.,0.,-2.46519032881565E-32));
#3352=DIRECTION('ref_axis',(0.,1.,0.));
#3353=DIRECTION('',(1.,0.,0.));
#3354=DIRECTION('center_axis',(1.,0.,0.));
#3355=DIRECTION('ref_axis',(0.,1.,0.));
#3356=DIRECTION('center_axis',(-1.,0.,-2.46519032881565E-32));
#3357=DIRECTION('ref_axis',(0.,1.,0.));
#3358=DIRECTION('',(1.,0.,0.));
#3359=DIRECTION('center_axis',(1.,0.,0.));
#3360=DIRECTION('ref_axis',(0.,1.,0.));
#3361=DIRECTION('center_axis',(-1.,0.,-2.46519032881565E-32));
#3362=DIRECTION('ref_axis',(0.,1.,0.));
#3363=DIRECTION('',(1.,0.,0.));
#3364=DIRECTION('center_axis',(-8.43371764590938E-17,-1.,0.));
#3365=DIRECTION('ref_axis',(1.,-8.43371764590938E-17,0.));
#3366=DIRECTION('',(1.,-8.43371764590938E-17,0.));
#3367=DIRECTION('',(0.892978943411137,-7.53113227247202E-17,0.450098441037434));
#3368=DIRECTION('',(0.,0.,1.));
#3369=DIRECTION('',(-0.892978943411137,7.53113227247202E-17,0.450098441037434));
#3370=DIRECTION('',(1.,-8.43371764590938E-17,0.));
#3371=DIRECTION('center_axis',(8.43371764590938E-17,1.,0.));
#3372=DIRECTION('ref_axis',(0.,0.,1.));
#3373=DIRECTION('',(-1.,8.43371764590938E-17,0.));
#3374=DIRECTION('center_axis',(8.43371764590938E-17,1.,0.));
#3375=DIRECTION('ref_axis',(0.,0.,-1.));
#3376=DIRECTION('center_axis',(8.43371764590938E-17,1.,0.));
#3377=DIRECTION('ref_axis',(0.,0.,-1.));
#3378=DIRECTION('',(1.,-8.43371764590938E-17,0.));
#3379=DIRECTION('center_axis',(8.43371764590938E-17,1.,0.));
#3380=DIRECTION('ref_axis',(0.,0.,1.));
#3381=DIRECTION('',(-1.,8.43371764590938E-17,0.));
#3382=DIRECTION('center_axis',(0.,1.,0.));
#3383=DIRECTION('ref_axis',(-1.,0.,0.));
#3384=DIRECTION('',(-0.892978943411137,0.,-0.450098441037434));
#3385=DIRECTION('',(0.892978943411137,0.,-0.450098441037434));
#3386=DIRECTION('',(0.,0.,1.));
#3387=DIRECTION('',(1.,0.,4.6746232615796E-16));
#3388=DIRECTION('',(0.,0.,1.));
#3389=DIRECTION('',(-1.,0.,-4.6746232615796E-16));
#3390=DIRECTION('',(0.,0.,-1.));
#3391=DIRECTION('',(-1.,0.,4.6746232615796E-16));
#3392=DIRECTION('',(0.,0.,-1.));
#3393=DIRECTION('',(1.,0.,0.));
#3394=DIRECTION('',(-1.11022302462516E-15,0.,1.));
#3395=DIRECTION('center_axis',(1.,2.22044604925031E-15,0.));
#3396=DIRECTION('ref_axis',(-2.22044604925031E-15,1.,0.));
#3397=DIRECTION('',(-2.22044604925031E-15,1.,-1.11919694473149E-15));
#3398=DIRECTION('',(2.22044604925031E-15,-1.,-1.11919694473149E-15));
#3399=DIRECTION('center_axis',(-0.450098441037434,0.,-0.892978943411137));
#3400=DIRECTION('ref_axis',(0.892978943411137,0.,-0.450098441037434));
#3401=DIRECTION('',(0.,1.,0.));
#3402=DIRECTION('center_axis',(-0.450098441037434,0.,0.892978943411137));
#3403=DIRECTION('ref_axis',(-0.892978943411137,0.,-0.450098441037434));
#3404=DIRECTION('center_axis',(0.,0.,-1.));
#3405=DIRECTION('ref_axis',(1.,0.,0.));
#3406=DIRECTION('',(-1.,0.,0.));
#3407=DIRECTION('',(0.,-1.,0.));
#3408=DIRECTION('',(0.,-1.,0.));
#3409=DIRECTION('center_axis',(0.,-1.,0.));
#3410=DIRECTION('ref_axis',(0.,0.,-1.));
#3411=DIRECTION('center_axis',(0.,1.,0.));
#3412=DIRECTION('ref_axis',(0.,0.,-1.));
#3413=DIRECTION('',(0.,-1.,0.));
#3414=DIRECTION('center_axis',(0.,-1.,0.));
#3415=DIRECTION('ref_axis',(0.,0.,-1.));
#3416=DIRECTION('center_axis',(0.,1.,0.));
#3417=DIRECTION('ref_axis',(0.,0.,-1.));
#3418=DIRECTION('',(0.,-1.,0.));
#3419=DIRECTION('',(0.,-1.,0.));
#3420=DIRECTION('center_axis',(0.,0.,1.));
#3421=DIRECTION('ref_axis',(-1.,0.,0.));
#3422=DIRECTION('',(1.,0.,0.));
#3423=DIRECTION('',(0.,-1.,0.));
#3424=DIRECTION('center_axis',(0.,-1.,0.));
#3425=DIRECTION('ref_axis',(0.,0.,1.));
#3426=DIRECTION('center_axis',(0.,1.,0.));
#3427=DIRECTION('ref_axis',(0.,0.,1.));
#3428=DIRECTION('',(0.,-1.,0.));
#3429=DIRECTION('center_axis',(0.,0.,1.));
#3430=DIRECTION('ref_axis',(-1.,0.,0.));
#3431=DIRECTION('',(1.,0.,0.));
#3432=DIRECTION('center_axis',(0.,0.,-1.));
#3433=DIRECTION('ref_axis',(1.,0.,0.));
#3434=DIRECTION('',(-1.,0.,0.));
#3435=DIRECTION('',(0.,-1.,0.));
#3436=DIRECTION('center_axis',(0.,-1.,0.));
#3437=DIRECTION('ref_axis',(0.,0.,1.));
#3438=DIRECTION('center_axis',(0.,1.,0.));
#3439=DIRECTION('ref_axis',(0.,0.,1.));
#3440=DIRECTION('center_axis',(0.,1.,0.));
#3441=DIRECTION('ref_axis',(0.,0.,1.));
#3442=DIRECTION('',(0.,0.,-1.));
#3443=DIRECTION('',(-1.,0.,4.6746232615796E-16));
#3444=DIRECTION('',(-1.11022302462516E-15,0.,1.));
#3445=DIRECTION('',(1.,0.,0.));
#3446=DIRECTION('center_axis',(-1.,0.,0.));
#3447=DIRECTION('ref_axis',(0.,0.,-1.));
#3448=DIRECTION('',(0.,-1.,0.));
#3449=DIRECTION('',(0.,-1.,0.));
#3450=DIRECTION('center_axis',(0.,0.,-1.));
#3451=DIRECTION('ref_axis',(1.,0.,0.));
#3452=DIRECTION('',(0.,-1.,0.));
#3453=DIRECTION('center_axis',(1.,0.,1.11022302462516E-15));
#3454=DIRECTION('ref_axis',(-1.11022302462516E-15,0.,1.));
#3455=DIRECTION('',(0.,-1.,0.));
#3456=DIRECTION('center_axis',(4.6746232615796E-16,0.,1.));
#3457=DIRECTION('ref_axis',(-1.,0.,4.6746232615796E-16));
#3458=DIRECTION('center_axis',(0.,1.,0.));
#3459=DIRECTION('ref_axis',(0.,0.,1.));
#3460=DIRECTION('',(0.,0.,1.));
#3461=DIRECTION('',(1.,0.,4.6746232615796E-16));
#3462=DIRECTION('',(0.,0.,-1.));
#3463=DIRECTION('',(-1.,0.,-4.6746232615796E-16));
#3464=DIRECTION('center_axis',(1.,0.,0.));
#3465=DIRECTION('ref_axis',(0.,0.,1.));
#3466=DIRECTION('',(0.,-1.,0.));
#3467=DIRECTION('',(0.,-1.,0.));
#3468=DIRECTION('center_axis',(-4.6746232615796E-16,0.,1.));
#3469=DIRECTION('ref_axis',(-1.,0.,-4.6746232615796E-16));
#3470=DIRECTION('',(0.,-1.,0.));
#3471=DIRECTION('center_axis',(-1.,0.,0.));
#3472=DIRECTION('ref_axis',(0.,0.,-1.));
#3473=DIRECTION('',(0.,-1.,0.));
#3474=DIRECTION('center_axis',(4.6746232615796E-16,0.,-1.));
#3475=DIRECTION('ref_axis',(1.,0.,4.6746232615796E-16));
#3476=DIRECTION('center_axis',(1.,0.,2.46519032881565E-32));
#3477=DIRECTION('ref_axis',(0.,1.,0.));
#3478=DIRECTION('center_axis',(1.,0.,2.46519032881565E-32));
#3479=DIRECTION('ref_axis',(0.,1.,0.));
#3480=DIRECTION('center_axis',(1.,0.,2.46519032881565E-32));
#3481=DIRECTION('ref_axis',(0.,1.,0.));
#3482=DIRECTION('center_axis',(1.,0.,0.));
#3483=DIRECTION('ref_axis',(0.,1.,0.));
#3484=DIRECTION('',(1.,0.,0.));
#3485=DIRECTION('center_axis',(1.,0.,2.46519032881565E-32));
#3486=DIRECTION('ref_axis',(0.,1.,0.));
#3487=DIRECTION('center_axis',(1.,0.,2.46519032881565E-32));
#3488=DIRECTION('ref_axis',(0.,1.,0.));
#3489=DIRECTION('center_axis',(1.,0.,2.46519032881565E-32));
#3490=DIRECTION('ref_axis',(0.,1.,0.));
#3491=DIRECTION('center_axis',(1.,0.,0.));
#3492=DIRECTION('ref_axis',(0.,1.,0.));
#3493=DIRECTION('',(1.,0.,0.));
#3494=DIRECTION('center_axis',(1.,0.,2.46519032881565E-32));
#3495=DIRECTION('ref_axis',(0.,1.,0.));
#3496=DIRECTION('center_axis',(1.,0.,2.46519032881565E-32));
#3497=DIRECTION('ref_axis',(0.,1.,0.));
#3498=DIRECTION('center_axis',(1.,0.,0.));
#3499=DIRECTION('ref_axis',(0.,1.,0.));
#3500=DIRECTION('',(1.,0.,0.));
#3501=DIRECTION('center_axis',(1.,0.,2.46519032881565E-32));
#3502=DIRECTION('ref_axis',(0.,1.,0.));
#3503=DIRECTION('center_axis',(1.,0.,2.46519032881565E-32));
#3504=DIRECTION('ref_axis',(0.,1.,0.));
#3505=DIRECTION('center_axis',(1.,0.,2.46519032881565E-32));
#3506=DIRECTION('ref_axis',(0.,1.,0.));
#3507=DIRECTION('center_axis',(1.,0.,2.46519032881565E-32));
#3508=DIRECTION('ref_axis',(0.,1.,0.));
#3509=DIRECTION('center_axis',(1.,0.,0.));
#3510=DIRECTION('ref_axis',(0.,1.,0.));
#3511=DIRECTION('',(1.,0.,0.));
#3512=DIRECTION('center_axis',(0.,0.,1.));
#3513=DIRECTION('ref_axis',(1.,0.,0.));
#3514=CARTESIAN_POINT('',(0.,0.,0.));
#3515=CARTESIAN_POINT('Origin',(6.20590580044204,-7.64149806744745,80.));
#3516=CARTESIAN_POINT('',(6.20590580044204,-7.64149806744745,78.5));
#3517=CARTESIAN_POINT('',(9.49961448251422,-4.96657154981687,77.6244870375758));
#3518=CARTESIAN_POINT('Ctrl Pts',(6.20590580044204,-7.64149806744745,78.5));
#3519=CARTESIAN_POINT('Ctrl Pts',(7.78264409729859,-6.36097829817271,78.4999999999931));
#3520=CARTESIAN_POINT('Ctrl Pts',(9.49961448251422,-4.96657154981687,77.6244870375758));
#3521=CARTESIAN_POINT('',(6.20590580044204,-7.64149806744745,69.75));
#3522=CARTESIAN_POINT('',(6.20590580044204,-7.64149806744745,80.));
#3523=CARTESIAN_POINT('',(9.49961448251422,-4.96657154981687,70.6255129624242));
#3524=CARTESIAN_POINT('Ctrl Pts',(9.49961448251422,-4.96657154981687,70.6255129624242));
#3525=CARTESIAN_POINT('Ctrl Pts',(7.78264409729104,-6.36097829817885,69.75));
#3526=CARTESIAN_POINT('Ctrl Pts',(6.20590580044204,-7.64149806744745,69.75));
#3527=CARTESIAN_POINT('',(9.96793882957316,-4.58623031878491,70.75));
#3528=CARTESIAN_POINT('Ctrl Pts',(9.96793882957316,-4.58623031878491,70.75));
#3529=CARTESIAN_POINT('Ctrl Pts',(9.74374628413832,-4.7683042793944,70.75));
#3530=CARTESIAN_POINT('Ctrl Pts',(9.49961448251422,-4.96657154981687,70.6255129624242));
#3531=CARTESIAN_POINT('',(9.96793882957316,-4.58623031878491,77.5));
#3532=CARTESIAN_POINT('',(9.96793882957316,-4.58623031878491,0.));
#3533=CARTESIAN_POINT('Ctrl Pts',(9.49961448251422,-4.96657154981687,77.6244870375758));
#3534=CARTESIAN_POINT('Ctrl Pts',(9.74374628413801,-4.76830427939465,77.5000000000003));
#3535=CARTESIAN_POINT('Ctrl Pts',(9.96793882957316,-4.58623031878491,77.5));
#3536=CARTESIAN_POINT('Origin',(0.,0.,80.));
#3537=CARTESIAN_POINT('',(6.20590580044204,7.64149806744746,78.5));
#3538=CARTESIAN_POINT('Origin',(0.,0.,78.5));
#3539=CARTESIAN_POINT('',(6.20590580044204,7.64149806744746,69.75));
#3540=CARTESIAN_POINT('',(6.20590580044204,7.64149806744746,80.));
#3541=CARTESIAN_POINT('Origin',(0.,0.,69.75));
#3542=CARTESIAN_POINT('',(-9.58348890116555,-2.25,74.0443835229071));
#3543=CARTESIAN_POINT('Ctrl Pts',(-9.58348890116555,-2.25,74.0443835229071));
#3544=CARTESIAN_POINT('Ctrl Pts',(-9.58348890116555,-2.25,74.3279943573826));
#3545=CARTESIAN_POINT('Ctrl Pts',(-9.59738723624036,-2.19311439582059,74.6297936930579));
#3546=CARTESIAN_POINT('Ctrl Pts',(-9.64704509776352,-1.96318951715317,75.183832124656));
#3547=CARTESIAN_POINT('Ctrl Pts',(-9.68202901411752,-1.79020206908954,75.436161969157));
#3548=CARTESIAN_POINT('Ctrl Pts',(-9.74727656948405,-1.39179771319569,75.8345663250509));
#3549=CARTESIAN_POINT('Ctrl Pts',(-9.78185729245107,-1.13945977255622,76.0075688291611));
#3550=CARTESIAN_POINT('Ctrl Pts',(-9.83058573122676,-0.585392893048597,
76.2375046637231));
#3551=CARTESIAN_POINT('Ctrl Pts',(-9.84407230361314,-0.283583404803886,
76.2943835229071));
#3552=CARTESIAN_POINT('Ctrl Pts',(-9.84407230361314,0.283583404803886,76.2943835229071));
#3553=CARTESIAN_POINT('Ctrl Pts',(-9.83058573122676,0.5853928930486,76.2375046637231));
#3554=CARTESIAN_POINT('Ctrl Pts',(-9.78185729245107,1.13945977255622,76.0075688291611));
#3555=CARTESIAN_POINT('Ctrl Pts',(-9.74727656948405,1.39179771319569,75.8345663250509));
#3556=CARTESIAN_POINT('Ctrl Pts',(-9.68202901411752,1.79020206908954,75.436161969157));
#3557=CARTESIAN_POINT('Ctrl Pts',(-9.64704509776352,1.96318951715317,75.183832124656));
#3558=CARTESIAN_POINT('Ctrl Pts',(-9.59738723624036,2.19311439582059,74.6297936930579));
#3559=CARTESIAN_POINT('Ctrl Pts',(-9.58348890116555,2.25,74.3279943573826));
#3560=CARTESIAN_POINT('Ctrl Pts',(-9.58348890116555,2.25,73.7607726884316));
#3561=CARTESIAN_POINT('Ctrl Pts',(-9.59738723624036,2.19311439582059,73.4589733527563));
#3562=CARTESIAN_POINT('Ctrl Pts',(-9.64704509776352,1.96318951715317,72.9049349211582));
#3563=CARTESIAN_POINT('Ctrl Pts',(-9.68202901411752,1.79020206908954,72.6526050766572));
#3564=CARTESIAN_POINT('Ctrl Pts',(-9.74727656948405,1.39179771319569,72.2542007207633));
#3565=CARTESIAN_POINT('Ctrl Pts',(-9.78185729245107,1.13945977255622,72.0811982166531));
#3566=CARTESIAN_POINT('Ctrl Pts',(-9.83058573122676,0.5853928930486,71.8512623820911));
#3567=CARTESIAN_POINT('Ctrl Pts',(-9.84407230361314,0.283583404803886,71.7943835229071));
#3568=CARTESIAN_POINT('Ctrl Pts',(-9.84407230361314,-0.283583404803886,
71.7943835229071));
#3569=CARTESIAN_POINT('Ctrl Pts',(-9.83058573122676,-0.585392893048601,
71.8512623820911));
#3570=CARTESIAN_POINT('Ctrl Pts',(-9.78185729245107,-1.13945977255622,72.0811982166531));
#3571=CARTESIAN_POINT('Ctrl Pts',(-9.74727656948405,-1.39179771319569,72.2542007207633));
#3572=CARTESIAN_POINT('Ctrl Pts',(-9.68202901411752,-1.79020206908954,72.6526050766572));
#3573=CARTESIAN_POINT('Ctrl Pts',(-9.64704509776352,-1.96318951715317,72.9049349211582));
#3574=CARTESIAN_POINT('Ctrl Pts',(-9.59738723624036,-2.19311439582059,73.4589733527563));
#3575=CARTESIAN_POINT('Ctrl Pts',(-9.58348890116555,-2.25,73.7607726884316));
#3576=CARTESIAN_POINT('Ctrl Pts',(-9.58348890116555,-2.25,74.0443835229071));
#3577=CARTESIAN_POINT('',(-2.25,-9.58348890116555,74.0443835229071));
#3578=CARTESIAN_POINT('Ctrl Pts',(-2.25,-9.58348890116555,74.0443835229071));
#3579=CARTESIAN_POINT('Ctrl Pts',(-2.25,-9.58348890116555,73.7607726884316));
#3580=CARTESIAN_POINT('Ctrl Pts',(-2.19311439582059,-9.59738723624036,73.4589733527563));
#3581=CARTESIAN_POINT('Ctrl Pts',(-1.96318951715317,-9.64704509776352,72.9049349211582));
#3582=CARTESIAN_POINT('Ctrl Pts',(-1.79020206908954,-9.68202901411752,72.6526050766572));
#3583=CARTESIAN_POINT('Ctrl Pts',(-1.39179771319569,-9.74727656948405,72.2542007207633));
#3584=CARTESIAN_POINT('Ctrl Pts',(-1.13945977255623,-9.78185729245107,72.0811982166531));
#3585=CARTESIAN_POINT('Ctrl Pts',(-0.585392893048609,-9.83058573122676,
71.8512623820911));
#3586=CARTESIAN_POINT('Ctrl Pts',(-0.283583404803887,-9.84407230361314,
71.7943835229071));
#3587=CARTESIAN_POINT('Ctrl Pts',(0.283583404803886,-9.84407230361314,71.7943835229071));
#3588=CARTESIAN_POINT('Ctrl Pts',(0.5853928930486,-9.83058573122676,71.8512623820911));
#3589=CARTESIAN_POINT('Ctrl Pts',(1.13945977255622,-9.78185729245107,72.0811982166531));
#3590=CARTESIAN_POINT('Ctrl Pts',(1.39179771319569,-9.74727656948405,72.2542007207633));
#3591=CARTESIAN_POINT('Ctrl Pts',(1.79020206908954,-9.68202901411752,72.6526050766572));
#3592=CARTESIAN_POINT('Ctrl Pts',(1.96318951715317,-9.64704509776352,72.9049349211582));
#3593=CARTESIAN_POINT('Ctrl Pts',(2.19311439582059,-9.59738723624036,73.4589733527563));
#3594=CARTESIAN_POINT('Ctrl Pts',(2.25,-9.58348890116555,73.7607726884316));
#3595=CARTESIAN_POINT('Ctrl Pts',(2.25,-9.58348890116555,74.3279943573826));
#3596=CARTESIAN_POINT('Ctrl Pts',(2.19311439582059,-9.59738723624036,74.6297936930579));
#3597=CARTESIAN_POINT('Ctrl Pts',(1.96318951715317,-9.64704509776352,75.183832124656));
#3598=CARTESIAN_POINT('Ctrl Pts',(1.79020206908954,-9.68202901411752,75.436161969157));
#3599=CARTESIAN_POINT('Ctrl Pts',(1.39179771319569,-9.74727656948405,75.8345663250509));
#3600=CARTESIAN_POINT('Ctrl Pts',(1.13945977255622,-9.78185729245107,76.0075688291611));
#3601=CARTESIAN_POINT('Ctrl Pts',(0.5853928930486,-9.83058573122676,76.2375046637231));
#3602=CARTESIAN_POINT('Ctrl Pts',(0.283583404803887,-9.84407230361314,76.2943835229071));
#3603=CARTESIAN_POINT('Ctrl Pts',(-0.283583404803885,-9.84407230361314,
76.2943835229071));
#3604=CARTESIAN_POINT('Ctrl Pts',(-0.585392893048598,-9.83058573122676,
76.2375046637231));
#3605=CARTESIAN_POINT('Ctrl Pts',(-1.13945977255622,-9.78185729245107,76.0075688291611));
#3606=CARTESIAN_POINT('Ctrl Pts',(-1.39179771319568,-9.74727656948405,75.8345663250509));
#3607=CARTESIAN_POINT('Ctrl Pts',(-1.79020206908954,-9.68202901411752,75.436161969157));
#3608=CARTESIAN_POINT('Ctrl Pts',(-1.96318951715316,-9.64704509776352,75.183832124656));
#3609=CARTESIAN_POINT('Ctrl Pts',(-2.19311439582059,-9.59738723624036,74.6297936930579));
#3610=CARTESIAN_POINT('Ctrl Pts',(-2.25,-9.58348890116555,74.3279943573826));
#3611=CARTESIAN_POINT('Ctrl Pts',(-2.25,-9.58348890116555,74.0443835229071));
#3612=CARTESIAN_POINT('',(-2.25,9.58348890116555,74.0443835229071));
#3613=CARTESIAN_POINT('Ctrl Pts',(-2.25,9.58348890116555,74.0443835229071));
#3614=CARTESIAN_POINT('Ctrl Pts',(-2.25,9.58348890116555,74.3279943573826));
#3615=CARTESIAN_POINT('Ctrl Pts',(-2.19311439582059,9.59738723624036,74.6297936930579));
#3616=CARTESIAN_POINT('Ctrl Pts',(-1.96318951715317,9.64704509776352,75.183832124656));
#3617=CARTESIAN_POINT('Ctrl Pts',(-1.79020206908954,9.68202901411752,75.436161969157));
#3618=CARTESIAN_POINT('Ctrl Pts',(-1.39179771319569,9.74727656948405,75.8345663250509));
#3619=CARTESIAN_POINT('Ctrl Pts',(-1.13945977255622,9.78185729245107,76.0075688291611));
#3620=CARTESIAN_POINT('Ctrl Pts',(-0.5853928930486,9.83058573122676,76.2375046637231));
#3621=CARTESIAN_POINT('Ctrl Pts',(-0.283583404803886,9.84407230361314,76.2943835229071));
#3622=CARTESIAN_POINT('Ctrl Pts',(0.283583404803886,9.84407230361314,76.2943835229071));
#3623=CARTESIAN_POINT('Ctrl Pts',(0.5853928930486,9.83058573122676,76.2375046637231));
#3624=CARTESIAN_POINT('Ctrl Pts',(1.13945977255622,9.78185729245107,76.0075688291611));
#3625=CARTESIAN_POINT('Ctrl Pts',(1.39179771319569,9.74727656948405,75.8345663250509));
#3626=CARTESIAN_POINT('Ctrl Pts',(1.79020206908954,9.68202901411752,75.436161969157));
#3627=CARTESIAN_POINT('Ctrl Pts',(1.96318951715317,9.64704509776352,75.183832124656));
#3628=CARTESIAN_POINT('Ctrl Pts',(2.19311439582059,9.59738723624036,74.6297936930579));
#3629=CARTESIAN_POINT('Ctrl Pts',(2.25,9.58348890116555,74.3279943573826));
#3630=CARTESIAN_POINT('Ctrl Pts',(2.25,9.58348890116555,73.7607726884316));
#3631=CARTESIAN_POINT('Ctrl Pts',(2.19311439582059,9.59738723624036,73.4589733527563));
#3632=CARTESIAN_POINT('Ctrl Pts',(1.96318951715317,9.64704509776352,72.9049349211582));
#3633=CARTESIAN_POINT('Ctrl Pts',(1.79020206908954,9.68202901411752,72.6526050766572));
#3634=CARTESIAN_POINT('Ctrl Pts',(1.39179771319569,9.74727656948405,72.2542007207633));
#3635=CARTESIAN_POINT('Ctrl Pts',(1.13945977255622,9.78185729245107,72.0811982166531));
#3636=CARTESIAN_POINT('Ctrl Pts',(0.585392893048601,9.83058573122676,71.8512623820911));
#3637=CARTESIAN_POINT('Ctrl Pts',(0.283583404803886,9.84407230361314,71.7943835229071));
#3638=CARTESIAN_POINT('Ctrl Pts',(-0.283583404803886,9.84407230361314,71.7943835229071));
#3639=CARTESIAN_POINT('Ctrl Pts',(-0.585392893048601,9.83058573122676,71.8512623820911));
#3640=CARTESIAN_POINT('Ctrl Pts',(-1.13945977255622,9.78185729245107,72.0811982166531));
#3641=CARTESIAN_POINT('Ctrl Pts',(-1.39179771319569,9.74727656948405,72.2542007207633));
#3642=CARTESIAN_POINT('Ctrl Pts',(-1.79020206908954,9.68202901411752,72.6526050766572));
#3643=CARTESIAN_POINT('Ctrl Pts',(-1.96318951715317,9.64704509776352,72.9049349211582));
#3644=CARTESIAN_POINT('Ctrl Pts',(-2.19311439582059,9.59738723624036,73.4589733527563));
#3645=CARTESIAN_POINT('Ctrl Pts',(-2.25,9.58348890116555,73.7607726884316));
#3646=CARTESIAN_POINT('Ctrl Pts',(-2.25,9.58348890116555,74.0443835229071));
#3647=CARTESIAN_POINT('Origin',(9.96793882957316,4.58623031878491,80.));
#3648=CARTESIAN_POINT('',(9.49961448251422,4.96657154981687,77.6244870375758));
#3649=CARTESIAN_POINT('Ctrl Pts',(9.49961448251422,4.96657154981687,77.6244870375758));
#3650=CARTESIAN_POINT('Ctrl Pts',(7.78264409729104,6.36097829817885,78.5));
#3651=CARTESIAN_POINT('Ctrl Pts',(6.20590580044204,7.64149806744746,78.5));
#3652=CARTESIAN_POINT('',(9.96793882957316,4.58623031878491,77.5));
#3653=CARTESIAN_POINT('Ctrl Pts',(9.96793882957317,4.58623031878491,77.5));
#3654=CARTESIAN_POINT('Ctrl Pts',(9.74374628413802,4.76830427939465,77.5000000000003));
#3655=CARTESIAN_POINT('Ctrl Pts',(9.49961448251422,4.96657154981687,77.6244870375758));
#3656=CARTESIAN_POINT('',(9.96793882957316,4.58623031878491,70.75));
#3657=CARTESIAN_POINT('',(9.96793882957316,4.58623031878491,0.));
#3658=CARTESIAN_POINT('',(9.49961448251422,4.96657154981687,70.6255129624242));
#3659=CARTESIAN_POINT('Ctrl Pts',(9.49961448251422,4.96657154981687,70.6255129624242));
#3660=CARTESIAN_POINT('Ctrl Pts',(9.74374628413831,4.76830427939441,70.75));
#3661=CARTESIAN_POINT('Ctrl Pts',(9.96793882957316,4.58623031878491,70.75));
#3662=CARTESIAN_POINT('Ctrl Pts',(6.20590580044204,7.64149806744746,69.75));
#3663=CARTESIAN_POINT('Ctrl Pts',(7.78264409729858,6.36097829817272,69.7500000000068));
#3664=CARTESIAN_POINT('Ctrl Pts',(9.49961448251422,4.96657154981687,70.6255129624242));
#3665=CARTESIAN_POINT('Origin',(10.8503413315676,-5.67275615893239,78.75));
#3666=CARTESIAN_POINT('',(12.2500457921,-5.67275615893239,77.5));
#3667=CARTESIAN_POINT('Origin',(10.8503413315676,-5.67275615893239,77.5));
#3668=CARTESIAN_POINT('',(12.2500457921,-2.03290419729138,80.));
#3669=CARTESIAN_POINT('Ctrl Pts',(12.2500457921,-2.03290419729137,80.));
#3670=CARTESIAN_POINT('Ctrl Pts',(12.2500457921,-4.71138157880981,77.5));
#3671=CARTESIAN_POINT('Ctrl Pts',(12.2500457921,-5.67275615893239,77.5));
#3672=CARTESIAN_POINT('',(7.39445306244115,-3.86595479995275,80.));
#3673=CARTESIAN_POINT('Origin',(10.8503413315676,-5.67275615893239,80.));
#3674=CARTESIAN_POINT('',(9.60993394317352,-5.02424857404877,77.5));
#3675=CARTESIAN_POINT('Origin',(10.8503413315676,-5.67275615893239,0.));
#3676=CARTESIAN_POINT('',(11.4580157254638,-4.41184204296843,70.75));
#3677=CARTESIAN_POINT('Origin',(10.8503413315676,-5.67275615893239,70.75));
#3678=CARTESIAN_POINT('',(11.4580157254638,-4.41184204296843,71.8617893503683));
#3679=CARTESIAN_POINT('',(11.4580157254638,-4.41184204296843,69.));
#3680=CARTESIAN_POINT('',(12.2500457921,-5.67275615893246,73.7103720635139));
#3681=CARTESIAN_POINT('Ctrl Pts',(12.2500457921,-5.67275615893246,73.7103720635139));
#3682=CARTESIAN_POINT('Ctrl Pts',(12.2500457921,-5.59650443021076,73.6272874721243));
#3683=CARTESIAN_POINT('Ctrl Pts',(12.2438165685736,-5.52063684647158,73.5434150111244));
#3684=CARTESIAN_POINT('Ctrl Pts',(12.1938923709587,-5.21671820921873,73.1982321094978));
#3685=CARTESIAN_POINT('Ctrl Pts',(12.1007798570821,-5.00513680968586,72.9357329820159));
#3686=CARTESIAN_POINT('Ctrl Pts',(11.8316910141197,-4.6504587520657,72.4021976701501));
#3687=CARTESIAN_POINT('Ctrl Pts',(11.6590830649755,-4.50967366136691,72.136258960372));
#3688=CARTESIAN_POINT('Ctrl Pts',(11.4612047748802,-4.4133826772517,71.8661366998474));
#3689=CARTESIAN_POINT('Ctrl Pts',(11.4596109800036,-4.41261084658743,71.8639630255679));
#3690=CARTESIAN_POINT('Ctrl Pts',(11.4580157254638,-4.41184204296842,71.8617893503683));
#3691=CARTESIAN_POINT('',(12.2500457921,-5.67275615893239,0.));
#3692=CARTESIAN_POINT('Origin',(10.8503413315676,-5.67275615893239,69.5));
#3693=CARTESIAN_POINT('',(7.3944530624412,-3.86595479995277,68.25));
#3694=CARTESIAN_POINT('',(9.60993394317352,-5.02424857404877,70.75));
#3695=CARTESIAN_POINT('',(12.4230495441754,-2.10424333739286,68.25));
#3696=CARTESIAN_POINT('Origin',(10.8503413315676,-5.67275615893239,68.25));
#3697=CARTESIAN_POINT('',(11.7475908053957,-4.55566792786552,70.7168950753478));
#3698=CARTESIAN_POINT('Ctrl Pts',(12.4230495441754,-2.10424333739291,68.25));
#3699=CARTESIAN_POINT('Ctrl Pts',(12.3818700197075,-2.34735936089629,68.4890760717258));
#3700=CARTESIAN_POINT('Ctrl Pts',(12.3337752852581,-2.58795747292356,68.7272455676663));
#3701=CARTESIAN_POINT('Ctrl Pts',(12.1652420626414,-3.32030577571365,69.4573889288745));
#3702=CARTESIAN_POINT('Ctrl Pts',(12.0239525032863,-3.79859841102519,69.9425161506979));
#3703=CARTESIAN_POINT('Ctrl Pts',(11.8213294920378,-4.36199244430015,70.5187116875996));
#3704=CARTESIAN_POINT('Ctrl Pts',(11.7850426894268,-4.4590916594775,70.618146492654));
#3705=CARTESIAN_POINT('Ctrl Pts',(11.7475908053957,-4.55566792786552,70.7168950753479));
#3706=CARTESIAN_POINT('Ctrl Pts',(11.4580157254638,-4.41184204296843,70.75));
#3707=CARTESIAN_POINT('Ctrl Pts',(11.4848666279865,-4.42478234216047,70.75));
#3708=CARTESIAN_POINT('Ctrl Pts',(11.5117720899795,-4.43782543993606,70.7491492499212));
#3709=CARTESIAN_POINT('Ctrl Pts',(11.5388124054976,-4.45101663059445,70.7474236047817));
#3710=CARTESIAN_POINT('Ctrl Pts',(11.5790383503778,-4.47064022218954,70.7448564858361));
#3711=CARTESIAN_POINT('Ctrl Pts',(11.6188017371207,-4.49022073712941,70.740397854471));
#3712=CARTESIAN_POINT('Ctrl Pts',(11.6581441719849,-4.50978135793329,70.7341919150992));
#3713=CARTESIAN_POINT('Ctrl Pts',(11.6883504783683,-4.52479959732517,70.7294271234256));
#3714=CARTESIAN_POINT('Ctrl Pts',(11.7182885632726,-4.53979613455003,70.7236360336529));
#3715=CARTESIAN_POINT('Ctrl Pts',(11.7479732038058,-4.55477878237907,70.7168950753478));
#3716=CARTESIAN_POINT('Origin',(0.,2.52323414687536E-16,69.5));
#3717=CARTESIAN_POINT('',(7.39445306244115,3.86595479995275,68.25));
#3718=CARTESIAN_POINT('',(9.60993394317352,5.02424857404877,70.75));
#3719=CARTESIAN_POINT('Origin',(0.,5.04646829375072E-16,68.25));
#3720=CARTESIAN_POINT('Origin',(10.8503413315676,5.67275615893239,34.));
#3721=CARTESIAN_POINT('',(12.4230495441754,2.10424333739285,32.75));
#3722=CARTESIAN_POINT('',(7.39445306244115,3.86595479995275,32.75));
#3723=CARTESIAN_POINT('Origin',(10.8503413315676,5.67275615893239,32.75));
#3724=CARTESIAN_POINT('',(9.60993394317352,5.02424857404877,35.25));
#3725=CARTESIAN_POINT('',(9.60993394317352,5.02424857404877,35.25));
#3726=CARTESIAN_POINT('',(11.4580157254638,4.41184204296843,35.25));
#3727=CARTESIAN_POINT('Origin',(10.8503413315676,5.67275615893239,35.25));
#3728=CARTESIAN_POINT('',(11.7475908053957,4.55566792786552,35.2168950753479));
#3729=CARTESIAN_POINT('Ctrl Pts',(11.4580157254638,4.41184204296843,35.25));
#3730=CARTESIAN_POINT('Ctrl Pts',(11.5258176256952,4.44451792319411,35.25));
#3731=CARTESIAN_POINT('Ctrl Pts',(11.5923274374721,4.47727812782755,35.2445616876903));
#3732=CARTESIAN_POINT('Ctrl Pts',(11.6579478922537,4.51023845706234,35.2341919150992));
#3733=CARTESIAN_POINT('Ctrl Pts',(11.688098191253,4.52538257309829,35.2294273680503));
#3734=CARTESIAN_POINT('Ctrl Pts',(11.7179728080284,4.54052535954679,35.2236364794682));
#3735=CARTESIAN_POINT('Ctrl Pts',(11.7475908052772,4.55566792809731,35.2168950753479));
#3736=CARTESIAN_POINT('Ctrl Pts',(11.7475908053957,4.55566792786562,35.216895075348));
#3737=CARTESIAN_POINT('Ctrl Pts',(11.754393802217,4.53812520434554,35.1989577589336));
#3738=CARTESIAN_POINT('Ctrl Pts',(11.7611808903698,4.52050694263878,35.1809377401562));
#3739=CARTESIAN_POINT('Ctrl Pts',(11.9466694144138,4.03573876084783,34.6850244283445));
#3740=CARTESIAN_POINT('Ctrl Pts',(12.1050816903307,3.53411208627591,34.1731112608027));
#3741=CARTESIAN_POINT('Ctrl Pts',(12.3037028781213,2.73420414401966,33.3722142857483));
#3742=CARTESIAN_POINT('Ctrl Pts',(12.3690879035554,2.42282252592808,33.0632852365345));
#3743=CARTESIAN_POINT('Ctrl Pts',(12.4230495441754,2.10424333739285,32.75));
#3744=CARTESIAN_POINT('Origin',(0.,21.,32.75));
#3745=CARTESIAN_POINT('',(12.4230495441754,-2.10424333739285,32.75));
#3746=CARTESIAN_POINT('Origin',(0.,0.,32.75));
#3747=CARTESIAN_POINT('',(7.3944530624412,-3.86595479995277,32.75));
#3748=CARTESIAN_POINT('Origin',(10.8503413315676,-5.67275615893239,32.75));
#3749=CARTESIAN_POINT('Origin',(0.,1.00929365875015E-15,32.75));
#3750=CARTESIAN_POINT('',(-5.05,6.18446633569413E-16,32.75));
#3751=CARTESIAN_POINT('Origin',(0.,0.,32.75));
#3752=CARTESIAN_POINT('Origin',(0.,0.,0.));
#3753=CARTESIAN_POINT('',(11.7475908054225,4.55566792788248,11.75));
#3754=CARTESIAN_POINT('Ctrl Pts',(11.7475908053957,4.55566792786551,11.75));
#3755=CARTESIAN_POINT('Ctrl Pts',(11.7475908053957,4.55566792786551,19.5722983584493));
#3756=CARTESIAN_POINT('Ctrl Pts',(11.7475908053957,4.55566792786551,27.3945967168986));
#3757=CARTESIAN_POINT('Ctrl Pts',(11.7475908053957,4.55566792786551,35.2168950753479));
#3758=CARTESIAN_POINT('',(11.7475908054225,-4.55566792788248,11.75));
#3759=CARTESIAN_POINT('Origin',(0.,0.,11.75));
#3760=CARTESIAN_POINT('',(11.7475908053957,-4.55566792786552,35.2168950753479));
#3761=CARTESIAN_POINT('Ctrl Pts',(11.7475908053957,-4.55566792786552,35.2168950753479));
#3762=CARTESIAN_POINT('Ctrl Pts',(11.7475908053957,-4.55566792786552,27.3945967168986));
#3763=CARTESIAN_POINT('Ctrl Pts',(11.7475908053957,-4.55566792786552,19.5722983584493));
#3764=CARTESIAN_POINT('Ctrl Pts',(11.7475908053957,-4.55566792786552,11.75));
#3765=CARTESIAN_POINT('Ctrl Pts',(12.4230495441754,-2.10424333739291,32.75));
#3766=CARTESIAN_POINT('Ctrl Pts',(12.3818700197075,-2.34735936089629,32.9890760717258));
#3767=CARTESIAN_POINT('Ctrl Pts',(12.3337752852581,-2.58795747292357,33.2272455676663));
#3768=CARTESIAN_POINT('Ctrl Pts',(12.1652420626414,-3.32030577571366,33.9573889288745));
#3769=CARTESIAN_POINT('Ctrl Pts',(12.0239525032863,-3.79859841102518,34.4425161506979));
#3770=CARTESIAN_POINT('Ctrl Pts',(11.8213294920378,-4.36199244430015,35.0187116875996));
#3771=CARTESIAN_POINT('Ctrl Pts',(11.7850426894268,-4.4590916594775,35.118146492654));
#3772=CARTESIAN_POINT('Ctrl Pts',(11.7475908053957,-4.55566792786552,35.2168950753479));
#3773=CARTESIAN_POINT('Origin',(10.8503413315676,5.67275615893239,69.5));
#3774=CARTESIAN_POINT('',(11.4580157254638,4.41184204296843,70.75));
#3775=CARTESIAN_POINT('Origin',(10.8503413315676,5.67275615893239,70.75));
#3776=CARTESIAN_POINT('',(11.7475908053957,4.55566792786552,70.7168950753478));
#3777=CARTESIAN_POINT('Ctrl Pts',(11.7478093909927,4.5551140362375,70.7168950753478));
#3778=CARTESIAN_POINT('Ctrl Pts',(11.718158210207,4.54006718504541,70.7236356557841));
#3779=CARTESIAN_POINT('Ctrl Pts',(11.6882477596877,4.52501301154596,70.7294269278462));
#3780=CARTESIAN_POINT('Ctrl Pts',(11.6580637211347,4.50994604670192,70.7341919150992));
#3781=CARTESIAN_POINT('Ctrl Pts',(11.6046493569267,4.48328320149391,70.742624145403));
#3782=CARTESIAN_POINT('Ctrl Pts',(11.5505479371318,4.45666472577637,70.7478134267669));
#3783=CARTESIAN_POINT('Ctrl Pts',(11.4955945805009,4.43001054753049,70.7494431202066));
#3784=CARTESIAN_POINT('Ctrl Pts',(11.4834831583844,4.42413611103204,70.7498022958126));
#3785=CARTESIAN_POINT('Ctrl Pts',(11.4709598073082,4.41808020541719,70.75));
#3786=CARTESIAN_POINT('Ctrl Pts',(11.4580157254638,4.41184204296843,70.75));
#3787=CARTESIAN_POINT('',(12.4230495441754,2.10424333739285,68.25));
#3788=CARTESIAN_POINT('Ctrl Pts',(11.7475908053957,4.55566792786562,70.7168950753479));
#3789=CARTESIAN_POINT('Ctrl Pts',(11.754393802217,4.53812520434553,70.6989577589335));
#3790=CARTESIAN_POINT('Ctrl Pts',(11.7611808903698,4.52050694263878,70.6809377401562));
#3791=CARTESIAN_POINT('Ctrl Pts',(11.9466694144138,4.03573876084783,70.1850244283445));
#3792=CARTESIAN_POINT('Ctrl Pts',(12.1050816903307,3.53411208627591,69.6731112608027));
#3793=CARTESIAN_POINT('Ctrl Pts',(12.3037028781213,2.73420414401966,68.8722142857483));
#3794=CARTESIAN_POINT('Ctrl Pts',(12.3690879035554,2.42282252592808,68.5632852365345));
#3795=CARTESIAN_POINT('Ctrl Pts',(12.4230495441754,2.10424333739286,68.25));
#3796=CARTESIAN_POINT('Origin',(10.8503413315676,5.67275615893239,68.25));
#3797=CARTESIAN_POINT('Origin',(0.,21.,68.25));
#3798=CARTESIAN_POINT('Origin',(0.,0.,68.25));
#3799=CARTESIAN_POINT('',(-5.05,6.18446633569413E-16,68.25));
#3800=CARTESIAN_POINT('Origin',(0.,0.,68.25));
#3801=CARTESIAN_POINT('Origin',(0.,0.,0.));
#3802=CARTESIAN_POINT('',(11.7475908054225,4.55566792788248,69.));
#3803=CARTESIAN_POINT('Ctrl Pts',(11.7475908053957,4.55566792786552,70.7168950753478));
#3804=CARTESIAN_POINT('Ctrl Pts',(11.7475908053957,4.55566792786552,70.1445967168985));
#3805=CARTESIAN_POINT('Ctrl Pts',(11.7475908053957,4.55566792786552,69.5722983584493));
#3806=CARTESIAN_POINT('Ctrl Pts',(11.7475908053957,4.55566792786552,69.));
#3807=CARTESIAN_POINT('',(11.7475908053957,4.55566792786552,44.7831049246521));
#3808=CARTESIAN_POINT('Ctrl Pts',(11.7475908053957,4.55566792786551,44.7831049246521));
#3809=CARTESIAN_POINT('Ctrl Pts',(11.7475908053957,4.55566792786551,52.8554032831014));
#3810=CARTESIAN_POINT('Ctrl Pts',(11.7475908053957,4.55566792786551,60.9277016415507));
#3811=CARTESIAN_POINT('Ctrl Pts',(11.7475908053957,4.55566792786551,69.0000000000001));
#3812=CARTESIAN_POINT('',(12.4230495441754,2.10424333739286,47.25));
#3813=CARTESIAN_POINT('Ctrl Pts',(12.4230495441755,2.10424333739254,47.2500000000003));
#3814=CARTESIAN_POINT('Ctrl Pts',(12.3976062769672,2.25445551270373,47.1022839577532));
#3815=CARTESIAN_POINT('Ctrl Pts',(12.3693808713218,2.40451747928862,46.9541181466243));
#3816=CARTESIAN_POINT('Ctrl Pts',(12.2493014548971,2.98463557556938,46.3788357475446));
#3817=CARTESIAN_POINT('Ctrl Pts',(12.1374219205898,3.41006965320329,45.9512492008773));
#3818=CARTESIAN_POINT('Ctrl Pts',(11.9269335113331,4.0715629692914,45.2786683732385));
#3819=CARTESIAN_POINT('Ctrl Pts',(11.8401773177848,4.3169173255678,45.0272258043228));
#3820=CARTESIAN_POINT('Ctrl Pts',(11.7475908053957,4.55566792786551,44.7831049246521));
#3821=CARTESIAN_POINT('',(12.4230495441754,-2.10424333739285,47.25));
#3822=CARTESIAN_POINT('Origin',(0.,0.,47.25));
#3823=CARTESIAN_POINT('',(11.7475908053957,-4.55566792786552,44.7831049246521));
#3824=CARTESIAN_POINT('Ctrl Pts',(11.7475908053957,-4.55566792786552,44.7831049246521));
#3825=CARTESIAN_POINT('Ctrl Pts',(11.8401773177848,-4.3169173255678,45.0272258043228));
#3826=CARTESIAN_POINT('Ctrl Pts',(11.9269335113331,-4.07156296929139,45.2786683732386));
#3827=CARTESIAN_POINT('Ctrl Pts',(12.1374219205898,-3.41006965320328,45.9512492008773));
#3828=CARTESIAN_POINT('Ctrl Pts',(12.2493014548971,-2.98463557556938,46.3788357475446));
#3829=CARTESIAN_POINT('Ctrl Pts',(12.3693808713218,-2.40451747928862,46.9541181466242));
#3830=CARTESIAN_POINT('Ctrl Pts',(12.3976062769672,-2.25445551270373,47.1022839577532));
#3831=CARTESIAN_POINT('Ctrl Pts',(12.4230495441755,-2.10424333739254,47.2500000000003));
#3832=CARTESIAN_POINT('',(11.7475908054225,-4.55566792788248,69.));
#3833=CARTESIAN_POINT('Ctrl Pts',(11.7475908053957,-4.55566792786551,69.));
#3834=CARTESIAN_POINT('Ctrl Pts',(11.7475908053957,-4.55566792786551,60.9277016415506));
#3835=CARTESIAN_POINT('Ctrl Pts',(11.7475908053957,-4.55566792786551,52.8554032831013));
#3836=CARTESIAN_POINT('Ctrl Pts',(11.7475908053957,-4.55566792786551,44.783104924652));
#3837=CARTESIAN_POINT('Ctrl Pts',(11.7475908053957,-4.55566792786552,69.));
#3838=CARTESIAN_POINT('Ctrl Pts',(11.7475908053957,-4.55566792786552,69.5722983584493));
#3839=CARTESIAN_POINT('Ctrl Pts',(11.7475908053957,-4.55566792786552,70.1445967168986));
#3840=CARTESIAN_POINT('Ctrl Pts',(11.7475908053957,-4.55566792786552,70.7168950753478));
#3841=CARTESIAN_POINT('Origin',(0.,-23.,47.25));
#3842=CARTESIAN_POINT('',(7.3944530624412,3.86595479995277,47.25));
#3843=CARTESIAN_POINT('Origin',(10.8503413315676,5.67275615893239,47.25));
#3844=CARTESIAN_POINT('',(7.39445306244115,-3.86595479995275,47.25));
#3845=CARTESIAN_POINT('Origin',(0.,-5.04646829375074E-16,47.25));
#3846=CARTESIAN_POINT('Origin',(10.8503413315676,-5.67275615893239,47.25));
#3847=CARTESIAN_POINT('',(-5.05,-6.18446633569413E-16,47.25));
#3848=CARTESIAN_POINT('Origin',(0.,0.,47.25));
#3849=CARTESIAN_POINT('Origin',(10.8503413315676,-5.67275615893239,46.));
#3850=CARTESIAN_POINT('',(9.60993394317352,-5.02424857404877,44.75));
#3851=CARTESIAN_POINT('',(9.60993394317352,-5.02424857404877,44.75));
#3852=CARTESIAN_POINT('',(11.4580157254638,-4.41184204296843,44.75));
#3853=CARTESIAN_POINT('Origin',(10.8503413315676,-5.67275615893239,44.75));
#3854=CARTESIAN_POINT('Ctrl Pts',(11.4580157254638,-4.41184204296843,44.75));
#3855=CARTESIAN_POINT('Ctrl Pts',(11.5258176258099,-4.44451792324941,44.75));
#3856=CARTESIAN_POINT('Ctrl Pts',(11.5923274376651,-4.4772781279245,44.7554383123402));
#3857=CARTESIAN_POINT('Ctrl Pts',(11.6579478922537,-4.51023845706234,44.7658080849008));
#3858=CARTESIAN_POINT('Ctrl Pts',(11.6880968793151,-4.52538191412838,44.7705724246287));
#3859=CARTESIAN_POINT('Ctrl Pts',(11.7179712033587,-4.54052453913945,44.7763631552901));
#3860=CARTESIAN_POINT('Ctrl Pts',(11.7475908052772,-4.55566792809731,44.7831049246521));
#3861=CARTESIAN_POINT('Ctrl Pts',(11.1625333805574,4.2694397551562,72.1572716952747));
#3862=CARTESIAN_POINT('Ctrl Pts',(11.2610274955262,4.31690718442694,72.0587775803059));
#3863=CARTESIAN_POINT('Ctrl Pts',(11.359339990397,4.36428368086837,71.9602833764808));
#3864=CARTESIAN_POINT('Ctrl Pts',(11.4797414893852,4.42230780934697,71.8406321382618));
#3865=CARTESIAN_POINT('Ctrl Pts',(11.5412421260493,4.45220159051586,71.7983582177582));
#3866=CARTESIAN_POINT('Ctrl Pts',(11.6523658936414,4.50724715133042,71.7139709807868));
#3867=CARTESIAN_POINT('Ctrl Pts',(11.8499765543863,4.60758067467256,71.5667131043928));
#3868=CARTESIAN_POINT('Ctrl Pts',(12.0402575404096,4.70900408703258,71.4202854436436));
#3869=CARTESIAN_POINT('Ctrl Pts',(12.2013255623561,4.79787621375448,71.2953511182994));
#3870=CARTESIAN_POINT('Ctrl Pts',(12.2811622435813,4.84254007737743,71.2329977958618));
#3871=CARTESIAN_POINT('Ctrl Pts',(12.3604742071471,4.88750522977024,71.1707575251461));
#3872=CARTESIAN_POINT('Ctrl Pts',(12.5180840955933,4.97799124742782,71.0465003142179));
#3873=CARTESIAN_POINT('Ctrl Pts',(13.2669645706315,5.4220313733067,70.4486139690369));
#3874=CARTESIAN_POINT('Ctrl Pts',(13.9364240173674,5.88379577657392,69.8853716660124));
#3875=CARTESIAN_POINT('Ctrl Pts',(14.4845598523547,6.29347844047317,69.4110900361595));
#3876=CARTESIAN_POINT('Ctrl Pts',(11.6685123351619,4.51328701697263,72.7807683579859));
#3877=CARTESIAN_POINT('Ctrl Pts',(11.7670064501307,4.56075444624337,72.6822742430171));
#3878=CARTESIAN_POINT('Ctrl Pts',(11.865372493707,4.60807009772865,72.583802564098));
#3879=CARTESIAN_POINT('Ctrl Pts',(11.9856245632943,4.66615666878489,72.4641075069685));
#3880=CARTESIAN_POINT('Ctrl Pts',(12.0431489805449,4.6979933064011,72.4206196154597));
#3881=CARTESIAN_POINT('Ctrl Pts',(12.1487021721457,4.75566223098456,72.3345569092352));
#3882=CARTESIAN_POINT('Ctrl Pts',(12.3357408794119,4.86079620133102,72.1841648361669));
#3883=CARTESIAN_POINT('Ctrl Pts',(12.5166823559171,4.96600166602903,72.0350770830636));
#3884=CARTESIAN_POINT('Ctrl Pts',(12.6699407980736,5.05791892580096,71.9079501092821));
#3885=CARTESIAN_POINT('Ctrl Pts',(12.7459823515962,5.10401493812495,71.8445421935018));
#3886=CARTESIAN_POINT('Ctrl Pts',(12.8215684305661,5.15035519801421,71.7812741596985));
#3887=CARTESIAN_POINT('Ctrl Pts',(12.9718790809122,5.24344726168286,71.6550224222201));
#3888=CARTESIAN_POINT('Ctrl Pts',(13.6872974053803,5.69856520487579,71.0481947894983));
#3889=CARTESIAN_POINT('Ctrl Pts',(14.3324691760808,6.16401782707554,70.4793342565738));
#3890=CARTESIAN_POINT('Ctrl Pts',(14.8630260777525,6.57634819924471,70.0009761850746));
#3891=CARTESIAN_POINT('Ctrl Pts',(12.3105371461122,5.43521836639171,73.8671010459591));
#3892=CARTESIAN_POINT('Ctrl Pts',(12.409031261081,5.48268579566245,73.7686069309903));
#3893=CARTESIAN_POINT('Ctrl Pts',(12.5074534916095,5.53007148059596,73.6701386383602));
#3894=CARTESIAN_POINT('Ctrl Pts',(12.6273777360172,5.58811547377071,73.5503600479092));
#3895=CARTESIAN_POINT('Ctrl Pts',(12.6766830652587,5.61836427843369,73.504868179076));
#3896=CARTESIAN_POINT('Ctrl Pts',(12.7708015136683,5.67371721591696,73.4160344204425));
#3897=CARTESIAN_POINT('Ctrl Pts',(12.9363002669945,5.77427125558494,73.2604562974415));
#3898=CARTESIAN_POINT('Ctrl Pts',(13.0984223725406,5.87514661351021,73.1068841700147));
#3899=CARTESIAN_POINT('Ctrl Pts',(13.2362131702376,5.96314573243436,72.9761257949961));
#3900=CARTESIAN_POINT('Ctrl Pts',(13.304766698288,6.00729857290648,72.9109661353974));
#3901=CARTESIAN_POINT('Ctrl Pts',(13.3730448574378,6.05168034441629,72.8459974436042));
#3902=CARTESIAN_POINT('Ctrl Pts',(13.5090645886982,6.14088680490187,72.7164262998751));
#3903=CARTESIAN_POINT('Ctrl Pts',(14.1597952173958,6.5771583545947,72.0947459241908));
#3904=CARTESIAN_POINT('Ctrl Pts',(14.7586954129539,7.02682976194349,71.5154478139044));
#3905=CARTESIAN_POINT('Ctrl Pts',(15.2575834675707,7.42562950844942,71.0302956301101));
#3906=CARTESIAN_POINT('Ctrl Pts',(12.2614542603605,6.82664679985446,74.4885915317395));
#3907=CARTESIAN_POINT('Ctrl Pts',(12.3599483753293,6.87411422912521,74.3900974167707));
#3908=CARTESIAN_POINT('Ctrl Pts',(12.4584342163743,6.92155999617421,74.2916245820904));
#3909=CARTESIAN_POINT('Ctrl Pts',(12.5781472130362,6.97933822752953,74.1719151154466));
#3910=CARTESIAN_POINT('Ctrl Pts',(12.6219493061835,7.00279367555245,74.1280944963785));
#3911=CARTESIAN_POINT('Ctrl Pts',(12.7084513583938,7.04862857051408,74.0415685457132));
#3912=CARTESIAN_POINT('Ctrl Pts',(12.8596715781621,7.13112149362951,73.8903039745623));
#3913=CARTESIAN_POINT('Ctrl Pts',(13.0095213574882,7.21596372632672,73.7404464012373));
#3914=CARTESIAN_POINT('Ctrl Pts',(13.137242788233,7.29060567797822,73.6126936923882));
#3915=CARTESIAN_POINT('Ctrl Pts',(13.2009407964536,7.32825981788077,73.5489824402403));
#3916=CARTESIAN_POINT('Ctrl Pts',(13.2644886787319,7.36626469967143,73.4854191062303));
#3917=CARTESIAN_POINT('Ctrl Pts',(13.3912965025736,7.44295251820485,73.3585881923728));
#3918=CARTESIAN_POINT('Ctrl Pts',(14.0006245207189,7.82178296447122,72.7491437441584));
#3919=CARTESIAN_POINT('Ctrl Pts',(14.5717863099611,8.22805865129223,72.1783117833366));
#3920=CARTESIAN_POINT('Ctrl Pts',(15.0513671620473,8.59580160218191,71.6986786300527));
#3921=CARTESIAN_POINT('Ctrl Pts',(12.1179003626724,7.42239063179716,74.6321454294276));
#3922=CARTESIAN_POINT('Ctrl Pts',(12.2163944776412,7.4698580610679,74.5336513144588));
#3923=CARTESIAN_POINT('Ctrl Pts',(12.3148886814663,7.51732382094087,74.4351571106338));
#3924=CARTESIAN_POINT('Ctrl Pts',(12.4345399196853,7.57498695428868,74.3155058724147));
#3925=CARTESIAN_POINT('Ctrl Pts',(12.4768138401889,7.595547740808,74.2732319519111));
#3926=CARTESIAN_POINT('Ctrl Pts',(12.5612010771603,7.63732590916086,74.1888447149398));
#3927=CARTESIAN_POINT('Ctrl Pts',(12.7084589535543,7.71212016124819,74.0415868385457));
#3928=CARTESIAN_POINT('Ctrl Pts',(12.8548866143035,7.79011364437585,73.8951591777965));
#3929=CARTESIAN_POINT('Ctrl Pts',(12.9798209396476,7.85906037866233,73.7702248524523));
#3930=CARTESIAN_POINT('Ctrl Pts',(13.0421742620852,7.89394265817703,73.7078715300147));
#3931=CARTESIAN_POINT('Ctrl Pts',(13.1044145328009,7.92922863774894,73.645631259299));
#3932=CARTESIAN_POINT('Ctrl Pts',(13.2286717437292,8.00057557927199,73.5213740483708));
#3933=CARTESIAN_POINT('Ctrl Pts',(13.8265580889101,8.35490260300493,72.9234877031898));
#3934=CARTESIAN_POINT('Ctrl Pts',(14.3898003919346,8.74247551488817,72.3602454001653));
#3935=CARTESIAN_POINT('Ctrl Pts',(14.8640820217875,9.09695874542011,71.8859637703124));
#3936=CARTESIAN_POINT('',(12.2500457921,5.67275615893413,73.7103720635157));
#3937=CARTESIAN_POINT('',(12.2500457921,7.48607569386199,74.5));
#3938=CARTESIAN_POINT('Ctrl Pts',(12.2500457921,5.67275615893338,73.7103720635149));
#3939=CARTESIAN_POINT('Ctrl Pts',(12.2500457921,5.69276223990032,73.7321708750344));
#3940=CARTESIAN_POINT('Ctrl Pts',(12.2500457921,5.71313976852359,73.7536376082184));
#3941=CARTESIAN_POINT('Ctrl Pts',(12.2500457921,5.95881440073344,74.0036890193068));
#3942=CARTESIAN_POINT('Ctrl Pts',(12.2500457921,6.22116296105672,74.185381250733));
#3943=CARTESIAN_POINT('Ctrl Pts',(12.2500457921,6.82446964852623,74.4393415437678));
#3944=CARTESIAN_POINT('Ctrl Pts',(12.2500457921,7.15185466192406,74.5));
#3945=CARTESIAN_POINT('Ctrl Pts',(12.2500457921,7.48607569386199,74.5));
#3946=CARTESIAN_POINT('',(14.8640820217875,9.09695874542011,71.8859637703124));
#3947=CARTESIAN_POINT('Ctrl Pts',(12.2500459570334,7.48607500938052,74.4999998350666));
#3948=CARTESIAN_POINT('Ctrl Pts',(12.304491580746,7.51231355649912,74.4455542113539));
#3949=CARTESIAN_POINT('Ctrl Pts',(12.3589372106728,7.53855198582422,74.3911085814272));
#3950=CARTESIAN_POINT('Ctrl Pts',(12.4345399196853,7.57498695428868,74.3155058724147));
#3951=CARTESIAN_POINT('Ctrl Pts',(12.4768138401889,7.595547740808,74.2732319519111));
#3952=CARTESIAN_POINT('Ctrl Pts',(12.5612010771603,7.63732590916086,74.1888447149398));
#3953=CARTESIAN_POINT('Ctrl Pts',(12.7084589535543,7.71212016124819,74.0415868385457));
#3954=CARTESIAN_POINT('Ctrl Pts',(12.8548866143035,7.79011364437585,73.8951591777965));
#3955=CARTESIAN_POINT('Ctrl Pts',(12.9798209396476,7.85906037866233,73.7702248524523));
#3956=CARTESIAN_POINT('Ctrl Pts',(13.0421742620852,7.89394265817703,73.7078715300147));
#3957=CARTESIAN_POINT('Ctrl Pts',(13.1044145328009,7.92922863774894,73.645631259299));
#3958=CARTESIAN_POINT('Ctrl Pts',(13.2286717437292,8.00057557927199,73.5213740483708));
#3959=CARTESIAN_POINT('Ctrl Pts',(13.8265580889101,8.35490260300493,72.9234877031898));
#3960=CARTESIAN_POINT('Ctrl Pts',(14.3898003919346,8.74247551488817,72.3602454001653));
#3961=CARTESIAN_POINT('Ctrl Pts',(14.8640820217875,9.09695874542011,71.8859637703124));
#3962=CARTESIAN_POINT('',(14.4845598523547,6.29347844047317,69.4110900361595));
#3963=CARTESIAN_POINT('Origin',(12.3892082876346,9.09695874542011,69.4110900361595));
#3964=CARTESIAN_POINT('',(11.4580157254638,4.41184204296842,71.8617893503683));
#3965=CARTESIAN_POINT('Ctrl Pts',(14.4845598523547,6.29347844047317,69.4110900361595));
#3966=CARTESIAN_POINT('Ctrl Pts',(13.9364240173674,5.88379577657392,69.8853716660124));
#3967=CARTESIAN_POINT('Ctrl Pts',(13.2669645706315,5.4220313733067,70.4486139690369));
#3968=CARTESIAN_POINT('Ctrl Pts',(12.5180840955933,4.97799124742782,71.0465003142179));
#3969=CARTESIAN_POINT('Ctrl Pts',(12.3604742071471,4.88750522977024,71.1707575251461));
#3970=CARTESIAN_POINT('Ctrl Pts',(12.2811622435813,4.84254007737743,71.2329977958618));
#3971=CARTESIAN_POINT('Ctrl Pts',(12.2013255623561,4.79787621375448,71.2953511182994));
#3972=CARTESIAN_POINT('Ctrl Pts',(12.0402575404096,4.70900408703258,71.4202854436436));
#3973=CARTESIAN_POINT('Ctrl Pts',(11.8499765543863,4.60758067467256,71.5667131043928));
#3974=CARTESIAN_POINT('Ctrl Pts',(11.6523658936414,4.50724715133042,71.7139709807868));
#3975=CARTESIAN_POINT('Ctrl Pts',(11.5412421260493,4.45220159051586,71.7983582177582));
#3976=CARTESIAN_POINT('Ctrl Pts',(11.4797414893852,4.42230780934697,71.8406321382618));
#3977=CARTESIAN_POINT('Ctrl Pts',(11.4583713496309,4.41200906933851,71.861869113748));
#3978=CARTESIAN_POINT('Ctrl Pts',(11.4582909725627,4.41197033386446,71.8619489904831));
#3979=CARTESIAN_POINT('Ctrl Pts',(11.4582105960196,4.4119315986451,71.8620288672182));
#3980=CARTESIAN_POINT('Ctrl Pts',(11.4580157254638,4.41184204296842,71.8617893503683));
#3981=CARTESIAN_POINT('Ctrl Pts',(11.4596109800057,4.41261084658843,71.8639630255707));
#3982=CARTESIAN_POINT('Ctrl Pts',(11.4612047748848,4.41338267725391,71.8661366998551));
#3983=CARTESIAN_POINT('Ctrl Pts',(11.6590830646859,4.50967366122727,72.1362589599324));
#3984=CARTESIAN_POINT('Ctrl Pts',(11.8316910136166,4.650458751657,72.4021976693773));
#3985=CARTESIAN_POINT('Ctrl Pts',(12.1007798563993,5.00513680852854,72.9357329804349));
#3986=CARTESIAN_POINT('Ctrl Pts',(12.1938923703417,5.21671820760247,73.1982321075329));
#3987=CARTESIAN_POINT('Ctrl Pts',(12.2438165684587,5.52063684507409,73.5434150095793));
#3988=CARTESIAN_POINT('Ctrl Pts',(12.2500457921001,5.59650442950804,73.6272874713586));
#3989=CARTESIAN_POINT('Ctrl Pts',(12.2500457921,5.67275615893413,73.7103720635157));
#3990=CARTESIAN_POINT('Ctrl Pts',(14.4845598523547,6.29347844047318,69.4110900361595));
#3991=CARTESIAN_POINT('Ctrl Pts',(15.6345933998131,7.15302597818743,68.4160086157179));
#3992=CARTESIAN_POINT('Ctrl Pts',(16.6863123782373,8.07938233519004,67.4576674647227));
#3993=CARTESIAN_POINT('Ctrl Pts',(17.6944571265055,9.04369913601034,66.5251262658471));
#3994=CARTESIAN_POINT('Ctrl Pts',(14.8630260777525,6.57634819924471,70.0009761850746));
#3995=CARTESIAN_POINT('Ctrl Pts',(15.9761821364881,7.44144433222758,68.9973450406617));
#3996=CARTESIAN_POINT('Ctrl Pts',(17.0046526372106,8.36652796039447,68.0343763969129));
#3997=CARTESIAN_POINT('Ctrl Pts',(17.9935940430099,9.32983141495763,67.0979561855832));
#3998=CARTESIAN_POINT('Ctrl Pts',(15.2573538267383,7.42579063584711,71.0301864176411));
#3999=CARTESIAN_POINT('Ctrl Pts',(16.3040699758065,8.26248836412471,70.0123020852792));
#4000=CARTESIAN_POINT('Ctrl Pts',(17.2919831954962,9.16529025950139,69.0410398249097));
#4001=CARTESIAN_POINT('Ctrl Pts',(18.2484975116116,10.1089559298055,68.0981126160134));
#4002=CARTESIAN_POINT('Ctrl Pts',(15.0513671620473,8.59580160218192,71.6986786300527));
#4003=CARTESIAN_POINT('Ctrl Pts',(16.0575607865398,9.36736756716625,70.6923660574124));
#4004=CARTESIAN_POINT('Ctrl Pts',(17.0223562205642,10.2264034121096,69.7277359602101));
#4005=CARTESIAN_POINT('Ctrl Pts',(17.9600320914792,11.1338798368563,68.7900137006208));
#4006=CARTESIAN_POINT('Ctrl Pts',(14.8640820217875,9.09695874542011,71.8859637703124));
#4007=CARTESIAN_POINT('Ctrl Pts',(15.8591634422292,9.84069338399313,70.8908823498708));
#4008=CARTESIAN_POINT('Ctrl Pts',(16.8175045932244,10.6809400510147,69.9325411988756));
#4009=CARTESIAN_POINT('Ctrl Pts',(17.7500457921,11.5729400808494,69.));
#4010=CARTESIAN_POINT('',(14.9562964954582,6.6542724080587,69.000000000003));
#4011=CARTESIAN_POINT('',(17.750045792088,11.5729400808264,69.000000000012));
#4012=CARTESIAN_POINT('Ctrl Pts',(17.7500457921,11.5729400808494,69.));
#4013=CARTESIAN_POINT('Ctrl Pts',(17.7500457921,11.0979392871325,69.));
#4014=CARTESIAN_POINT('Ctrl Pts',(17.6562209728069,10.5846491720208,68.999999999452));
#4015=CARTESIAN_POINT('Ctrl Pts',(17.2547864254078,9.42971103675123,68.999999999452));
#4016=CARTESIAN_POINT('Ctrl Pts',(16.924565196963,8.82737852228966,69.));
#4017=CARTESIAN_POINT('Ctrl Pts',(16.0880699322356,7.67363005958214,69.));
#4018=CARTESIAN_POINT('Ctrl Pts',(15.5519086324887,7.12002723794275,69.));
#4019=CARTESIAN_POINT('Ctrl Pts',(14.956296495465,6.65427240806406,69.));
#4020=CARTESIAN_POINT('Ctrl Pts',(14.9564967038322,6.65408405348969,69.0000606322054));
#4021=CARTESIAN_POINT('Ctrl Pts',(14.8009704558286,6.53265374511225,69.1363861772815));
#4022=CARTESIAN_POINT('Ctrl Pts',(14.6437065276733,6.41242639047678,69.2733863143119));
#4023=CARTESIAN_POINT('Ctrl Pts',(14.4845598523547,6.29347844047318,69.4110900361595));
#4024=CARTESIAN_POINT('Ctrl Pts',(14.8640820217875,9.09695874542011,71.8859637703124));
#4025=CARTESIAN_POINT('Ctrl Pts',(15.8591634422292,9.84069338399313,70.8908823498708));
#4026=CARTESIAN_POINT('Ctrl Pts',(16.8175045932244,10.6809400510147,69.9325411988756));
#4027=CARTESIAN_POINT('Ctrl Pts',(17.7500457921,11.5729400808494,69.));
#4028=CARTESIAN_POINT('Origin',(15.0000457921,0.57808168886078,71.75));
#4029=CARTESIAN_POINT('',(12.2500457921,9.09695874542011,74.5));
#4030=CARTESIAN_POINT('',(17.7500457921,9.09695874542011,69.));
#4031=CARTESIAN_POINT('',(12.2500457921,18.3897030246415,74.5));
#4032=CARTESIAN_POINT('',(12.2500457921,0.578081688860779,74.5));
#4033=CARTESIAN_POINT('',(17.7500457921,20.5984158499448,69.));
#4034=CARTESIAN_POINT('',(30.8491554397826,25.8588106642888,55.9008903523174));
#4035=CARTESIAN_POINT('',(17.7500457921,0.57808168886078,69.));
#4036=CARTESIAN_POINT('Ctrl Pts',(12.2500457921,9.09695874542011,74.5));
#4037=CARTESIAN_POINT('Ctrl Pts',(12.2500457921,8.55999772823407,74.5));
#4038=CARTESIAN_POINT('Ctrl Pts',(12.2500457921,8.02303671104802,74.5));
#4039=CARTESIAN_POINT('Ctrl Pts',(12.2500457921,7.48607569386198,74.5));
#4040=CARTESIAN_POINT('Ctrl Pts',(13.1213912019958,9.09695874542011,73.6286545901041));
#4041=CARTESIAN_POINT('Ctrl Pts',(13.1213912019958,8.55999772823407,73.6286545901041));
#4042=CARTESIAN_POINT('Ctrl Pts',(13.1213912019958,8.02303671104802,73.6286545901041));
#4043=CARTESIAN_POINT('Ctrl Pts',(13.1213912019958,7.48607569386198,73.6286545901041));
#4044=CARTESIAN_POINT('Ctrl Pts',(13.9927366118917,9.09695874542011,72.7573091802083));
#4045=CARTESIAN_POINT('Ctrl Pts',(13.9927366118917,8.55999772823407,72.7573091802083));
#4046=CARTESIAN_POINT('Ctrl Pts',(13.9927366118917,8.02303671104803,72.7573091802083));
#4047=CARTESIAN_POINT('Ctrl Pts',(13.9927366118917,7.48607569386198,72.7573091802083));
#4048=CARTESIAN_POINT('Ctrl Pts',(14.8640820217875,9.09695874542011,71.8859637703124));
#4049=CARTESIAN_POINT('Ctrl Pts',(14.8640820217875,8.55999772823407,71.8859637703124));
#4050=CARTESIAN_POINT('Ctrl Pts',(14.8640820217875,8.02303671104803,71.8859637703124));
#4051=CARTESIAN_POINT('Ctrl Pts',(14.8640820217875,7.48607569386198,71.8859637703124));
#4052=CARTESIAN_POINT('Ctrl Pts',(12.2500457921,7.48607569386198,74.5));
#4053=CARTESIAN_POINT('Ctrl Pts',(12.2500457921,8.02303671104802,74.5));
#4054=CARTESIAN_POINT('Ctrl Pts',(12.2500457921,8.55999772823407,74.5));
#4055=CARTESIAN_POINT('Ctrl Pts',(12.2500457921,9.09695874542011,74.5));
#4056=CARTESIAN_POINT('Ctrl Pts',(-54.2369506033392,-27.2486400949176,76.3072255284285));
#4057=CARTESIAN_POINT('Ctrl Pts',(-54.2369506033392,-27.2486400949176,11.74));
#4058=CARTESIAN_POINT('Ctrl Pts',(-33.1034210218271,-17.0637237578406,76.3072255284285));
#4059=CARTESIAN_POINT('Ctrl Pts',(-33.1034210218271,-17.0637237578406,11.74));
#4060=CARTESIAN_POINT('Ctrl Pts',(-11.969891440315,-6.87880742076361,76.3072255284285));
#4061=CARTESIAN_POINT('Ctrl Pts',(-11.969891440315,-6.87880742076361,11.74));
#4062=CARTESIAN_POINT('Ctrl Pts',(9.16363814119706,3.30610891631341,76.3072255284285));
#4063=CARTESIAN_POINT('Ctrl Pts',(9.16363814119706,3.30610891631341,11.74));
#4064=CARTESIAN_POINT('Ctrl Pts',(9.96051339163912,3.69014830384382,76.3072255284285));
#4065=CARTESIAN_POINT('Ctrl Pts',(9.96051339163912,3.69014830384382,11.74));
#4066=CARTESIAN_POINT('Ctrl Pts',(10.7946886133083,4.09216372726823,76.3072255284285));
#4067=CARTESIAN_POINT('Ctrl Pts',(10.7946886133083,4.09216372726823,11.74));
#4068=CARTESIAN_POINT('Ctrl Pts',(11.4580157254638,4.41184204296843,76.3072255284285));
#4069=CARTESIAN_POINT('Ctrl Pts',(11.4580157254638,4.41184204296843,11.74));
#4070=CARTESIAN_POINT('Ctrl Pts',(12.1234249193763,4.73252377972146,76.3072255284285));
#4071=CARTESIAN_POINT('Ctrl Pts',(12.1234249193763,4.73252377972146,11.74));
#4072=CARTESIAN_POINT('Ctrl Pts',(12.6595302102399,5.04512513179268,76.3072255284285));
#4073=CARTESIAN_POINT('Ctrl Pts',(12.6595302102399,5.04512513179268,11.74));
#4074=CARTESIAN_POINT('Ctrl Pts',(13.2842784089799,5.45248397055359,76.3072255284285));
#4075=CARTESIAN_POINT('Ctrl Pts',(13.2842784089799,5.45248397055359,11.74));
#4076=CARTESIAN_POINT('Ctrl Pts',(13.7650689833256,5.76597713539611,76.3072255284285));
#4077=CARTESIAN_POINT('Ctrl Pts',(13.7650689833256,5.76597713539611,11.74));
#4078=CARTESIAN_POINT('Ctrl Pts',(14.3344859934985,6.17130820738867,76.3072255284285));
#4079=CARTESIAN_POINT('Ctrl Pts',(14.3344859934985,6.17130820738867,11.74));
#4080=CARTESIAN_POINT('Ctrl Pts',(14.8781129231142,6.59335427488382,76.3072255284285));
#4081=CARTESIAN_POINT('Ctrl Pts',(14.8781129231142,6.59335427488382,11.74));
#4082=CARTESIAN_POINT('Ctrl Pts',(16.1281387781374,7.56381483825736,76.3072255284285));
#4083=CARTESIAN_POINT('Ctrl Pts',(16.1281387781374,7.56381483825736,11.74));
#4084=CARTESIAN_POINT('Ctrl Pts',(17.2958159792014,8.63250281734835,76.3072255284285));
#4085=CARTESIAN_POINT('Ctrl Pts',(17.2958159792014,8.63250281734835,11.74));
#4086=CARTESIAN_POINT('Ctrl Pts',(18.4120913116351,9.74448610320945,76.3072255284285));
#4087=CARTESIAN_POINT('Ctrl Pts',(18.4120913116351,9.74448610320945,11.74));
#4088=CARTESIAN_POINT('Ctrl Pts',(19.2461700575077,10.5753578402747,76.3072255284285));
#4089=CARTESIAN_POINT('Ctrl Pts',(19.2461700575077,10.5753578402747,11.74));
#4090=CARTESIAN_POINT('Ctrl Pts',(20.0114855177576,11.3911853478117,76.3072255284285));
#4091=CARTESIAN_POINT('Ctrl Pts',(20.0114855177576,11.3911853478117,11.74));
#4092=CARTESIAN_POINT('Ctrl Pts',(20.75,12.2120998970075,76.3072255284285));
#4093=CARTESIAN_POINT('Ctrl Pts',(20.75,12.2120998970075,11.74));
#4094=CARTESIAN_POINT('Ctrl Pts',(20.8036689579245,12.271756991702,76.3072255284285));
#4095=CARTESIAN_POINT('Ctrl Pts',(20.8036689579245,12.271756991702,11.74));
#4096=CARTESIAN_POINT('Ctrl Pts',(20.8573420254854,12.3314186545674,76.3072255284285));
#4097=CARTESIAN_POINT('Ctrl Pts',(20.8573420254854,12.3314186545674,11.74));
#4098=CARTESIAN_POINT('Ctrl Pts',(20.9110435196995,12.3911119158018,76.3072255284285));
#4099=CARTESIAN_POINT('Ctrl Pts',(20.9110435196995,12.3911119158018,11.74));
#4100=CARTESIAN_POINT('Ctrl Pts',(21.6685884538015,13.2331802476044,76.3072255284285));
#4101=CARTESIAN_POINT('Ctrl Pts',(21.6685884538015,13.2331802476044,11.74));
#4102=CARTESIAN_POINT('Ctrl Pts',(22.4524875802882,14.1045432519979,76.3072255284285));
#4103=CARTESIAN_POINT('Ctrl Pts',(22.4524875802882,14.1045432519979,11.74));
#4104=CARTESIAN_POINT('Ctrl Pts',(23.2565430649805,14.9983115688228,76.3072255284285));
#4105=CARTESIAN_POINT('Ctrl Pts',(23.2565430649805,14.9983115688228,11.74));
#4106=CARTESIAN_POINT('Ctrl Pts',(24.7699169856969,16.6805408273709,76.3072255284285));
#4107=CARTESIAN_POINT('Ctrl Pts',(24.7699169856969,16.6805408273709,11.74));
#4108=CARTESIAN_POINT('Ctrl Pts',(26.2832909064134,18.362770085919,76.3072255284285));
#4109=CARTESIAN_POINT('Ctrl Pts',(26.2832909064134,18.362770085919,11.74));
#4110=CARTESIAN_POINT('Ctrl Pts',(27.7966648271298,20.0449993444671,76.3072255284285));
#4111=CARTESIAN_POINT('Ctrl Pts',(27.7966648271298,20.0449993444671,11.74));
#4112=CARTESIAN_POINT('Ctrl Pts',(32.1202356791426,24.8509744502218,76.3072255284285));
#4113=CARTESIAN_POINT('Ctrl Pts',(32.1202356791426,24.8509744502218,11.74));
#4114=CARTESIAN_POINT('Ctrl Pts',(36.4438065311553,29.6569495559766,76.3072255284285));
#4115=CARTESIAN_POINT('Ctrl Pts',(36.4438065311553,29.6569495559766,11.74));
#4116=CARTESIAN_POINT('Ctrl Pts',(40.7673773831681,34.4629246617313,76.3072255284285));
#4117=CARTESIAN_POINT('Ctrl Pts',(40.7673773831681,34.4629246617313,11.74));
#4118=CARTESIAN_POINT('Ctrl Pts',(49.2492659916285,43.8911835933661,76.3072255284285));
#4119=CARTESIAN_POINT('Ctrl Pts',(49.2492659916285,43.8911835933661,11.74));
#4120=CARTESIAN_POINT('Ctrl Pts',(57.7311546000888,53.3194425250009,76.3072255284285));
#4121=CARTESIAN_POINT('Ctrl Pts',(57.7311546000888,53.3194425250009,11.74));
#4122=CARTESIAN_POINT('Ctrl Pts',(66.2130432085492,62.7477014566357,76.3072255284285));
#4123=CARTESIAN_POINT('Ctrl Pts',(66.2130432085492,62.7477014566357,11.74));
#4124=CARTESIAN_POINT('',(17.7500457921,9.09695874542011,69.));
#4125=CARTESIAN_POINT('Ctrl Pts',(14.9562821291265,6.65425236270575,69.000000000003));
#4126=CARTESIAN_POINT('Ctrl Pts',(15.9331853804333,7.41795159276958,69.000000000003));
#4127=CARTESIAN_POINT('Ctrl Pts',(16.8599140057232,8.24126933403665,69.000000000003));
#4128=CARTESIAN_POINT('Ctrl Pts',(17.7513611771685,9.09776945274904,69.000000000003));
#4129=CARTESIAN_POINT('',(18.75,10.0841360540338,69.));
#4130=CARTESIAN_POINT('Ctrl Pts',(18.7484425958406,10.082451503825,69.));
#4131=CARTESIAN_POINT('Ctrl Pts',(18.637525276619,9.97004053688037,69.));
#4132=CARTESIAN_POINT('Ctrl Pts',(18.5254432897355,9.85740224621163,69.));
#4133=CARTESIAN_POINT('Ctrl Pts',(18.4120913116351,9.74448610320945,69.));
#4134=CARTESIAN_POINT('Ctrl Pts',(18.193889041044,9.52712281407783,69.));
#4135=CARTESIAN_POINT('Ctrl Pts',(17.9737227103085,9.31141383419081,69.));
#4136=CARTESIAN_POINT('Ctrl Pts',(17.7513611771685,9.09776945274904,69.));
#4137=CARTESIAN_POINT('',(18.75,10.0841360540338,68.2488199553177));
#4138=CARTESIAN_POINT('',(18.75,10.0841360540338,69.));
#4139=CARTESIAN_POINT('',(15.3899119827189,7.,65.25));
#4140=CARTESIAN_POINT('Ctrl Pts',(18.75,10.0841360540338,68.2488199553177));
#4141=CARTESIAN_POINT('Ctrl Pts',(18.4120852811562,9.74146516096404,68.2584340626015));
#4142=CARTESIAN_POINT('Ctrl Pts',(18.0665519876785,9.40028551277023,68.209215542389));
#4143=CARTESIAN_POINT('Ctrl Pts',(17.3670191136605,8.72984988370393,67.9920194132731));
#4144=CARTESIAN_POINT('Ctrl Pts',(17.0067607785796,8.39618346313081,67.8145276284705));
#4145=CARTESIAN_POINT('Ctrl Pts',(16.4214287943135,7.8716527806376,67.3843807819153));
#4146=CARTESIAN_POINT('Ctrl Pts',(16.179126726621,7.66076758063819,67.1560567885665));
#4147=CARTESIAN_POINT('Ctrl Pts',(15.8315907446279,7.36483048191435,66.7004818315537));
#4148=CARTESIAN_POINT('Ctrl Pts',(15.7059698104469,7.25986304361308,66.4947586438501));
#4149=CARTESIAN_POINT('Ctrl Pts',(15.5431462939291,7.12516124807441,66.1216318966584));
#4150=CARTESIAN_POINT('Ctrl Pts',(15.4907082379769,7.08219337673742,65.9666285174709));
#4151=CARTESIAN_POINT('Ctrl Pts',(15.4313610391198,7.03371777003897,65.7089728261806));
#4152=CARTESIAN_POINT('Ctrl Pts',(15.4147639273741,7.02020831553564,65.6115233644784));
#4153=CARTESIAN_POINT('Ctrl Pts',(15.3987631692631,7.00719287842009,65.4634136590606));
#4154=CARTESIAN_POINT('Ctrl Pts',(15.394926690067,7.0040748818031,65.4139980730116));
#4155=CARTESIAN_POINT('Ctrl Pts',(15.3911561202647,7.00101078210327,65.3337104072365));
#4156=CARTESIAN_POINT('Ctrl Pts',(15.3902938046033,7.00031021375567,65.3029806300318));
#4157=CARTESIAN_POINT('Ctrl Pts',(15.3899457663242,7.00002744739451,65.2648185689884));
#4158=CARTESIAN_POINT('Ctrl Pts',(15.3899119827189,7.,65.2574091113993));
#4159=CARTESIAN_POINT('Ctrl Pts',(15.3899119827189,7.,65.25));
#4160=CARTESIAN_POINT('',(18.75,10.0841360540338,62.2511800446823));
#4161=CARTESIAN_POINT('Ctrl Pts',(15.3899119827189,7.,65.25));
#4162=CARTESIAN_POINT('Ctrl Pts',(15.3899119827189,7.,65.2293456777194));
#4163=CARTESIAN_POINT('Ctrl Pts',(15.3901745258538,7.00021329622776,65.2086940457588));
#4164=CARTESIAN_POINT('Ctrl Pts',(15.3916206468352,7.00138827663937,65.1518084365835));
#4165=CARTESIAN_POINT('Ctrl Pts',(15.3933490874664,7.00279266479967,65.1156255391921));
#4166=CARTESIAN_POINT('Ctrl Pts',(15.4011413511379,7.00912669714186,65.0043476000383));
#4167=CARTESIAN_POINT('Ctrl Pts',(15.4098528490738,7.01620970104646,64.9297702030007));
#4168=CARTESIAN_POINT('Ctrl Pts',(15.4679029989547,7.06350022985725,64.5728952623731));
#4169=CARTESIAN_POINT('Ctrl Pts',(15.5610353178159,7.13951649207907,64.3086618814594));
#4170=CARTESIAN_POINT('Ctrl Pts',(15.8047046179247,7.34237390990137,63.8353801228865));
#4171=CARTESIAN_POINT('Ctrl Pts',(15.9522263474147,7.46672717283384,63.6266165235964));
#4172=CARTESIAN_POINT('Ctrl Pts',(16.3136435372119,7.77780766315671,63.2143167596184));
#4173=CARTESIAN_POINT('Ctrl Pts',(16.5382973908053,7.9752913362717,63.0207244592683));
#4174=CARTESIAN_POINT('Ctrl Pts',(17.2282907293113,8.59770874958933,62.5476209127194));
#4175=CARTESIAN_POINT('Ctrl Pts',(17.7541542629506,9.0929546842134,62.3405302469776));
#4176=CARTESIAN_POINT('Ctrl Pts',(18.4450627491965,9.77672680580208,62.25442281052));
#4177=CARTESIAN_POINT('Ctrl Pts',(18.5981591707695,9.93015805409672,62.2468599782843));
#4178=CARTESIAN_POINT('Ctrl Pts',(18.75,10.0841360540338,62.2511800446823));
#4179=CARTESIAN_POINT('',(18.75,10.0841360540338,53.2488199553177));
#4180=CARTESIAN_POINT('',(18.75,10.0841360540338,69.));
#4181=CARTESIAN_POINT('',(15.3899119827189,7.,50.25));
#4182=CARTESIAN_POINT('Ctrl Pts',(18.75,10.0841360540338,53.2488199553177));
#4183=CARTESIAN_POINT('Ctrl Pts',(18.4120852811562,9.74146516096404,53.2584340626015));
#4184=CARTESIAN_POINT('Ctrl Pts',(18.0665519876785,9.40028551277024,53.209215542389));
#4185=CARTESIAN_POINT('Ctrl Pts',(17.3670191136607,8.72984988370408,52.9920194132731));
#4186=CARTESIAN_POINT('Ctrl Pts',(17.0067607785798,8.39618346313098,52.8145276284706));
#4187=CARTESIAN_POINT('Ctrl Pts',(16.4214287943137,7.87165278063776,52.3843807819154));
#4188=CARTESIAN_POINT('Ctrl Pts',(16.1791267266211,7.66076758063831,52.1560567885666));
#4189=CARTESIAN_POINT('Ctrl Pts',(15.831590744628,7.36483048191442,51.7004818315538));
#4190=CARTESIAN_POINT('Ctrl Pts',(15.705969810447,7.25986304361313,51.4947586438503));
#4191=CARTESIAN_POINT('Ctrl Pts',(15.5431462939292,7.12516124807445,51.1216318966585));
#4192=CARTESIAN_POINT('Ctrl Pts',(15.4907082379769,7.08219337673744,50.966628517471));
#4193=CARTESIAN_POINT('Ctrl Pts',(15.4313610391198,7.03371777003897,50.7089728261805));
#4194=CARTESIAN_POINT('Ctrl Pts',(15.4147639273741,7.02020831553565,50.6115233644784));
#4195=CARTESIAN_POINT('Ctrl Pts',(15.3987631692632,7.0071928784201,50.4634136590607));
#4196=CARTESIAN_POINT('Ctrl Pts',(15.394926690067,7.0040748818031,50.4139980730116));
#4197=CARTESIAN_POINT('Ctrl Pts',(15.3911561202647,7.00101078210328,50.3337104072365));
#4198=CARTESIAN_POINT('Ctrl Pts',(15.3902938046033,7.00031021375567,50.3029806300318));
#4199=CARTESIAN_POINT('Ctrl Pts',(15.3899457663242,7.00002744739451,50.2648185689884));
#4200=CARTESIAN_POINT('Ctrl Pts',(15.3899119827189,7.,50.2574091113993));
#4201=CARTESIAN_POINT('Ctrl Pts',(15.3899119827189,7.,50.25));
#4202=CARTESIAN_POINT('',(18.75,10.0841360540338,47.2511800446823));
#4203=CARTESIAN_POINT('Ctrl Pts',(15.3899119827189,7.,50.25));
#4204=CARTESIAN_POINT('Ctrl Pts',(15.3899119827189,7.,50.2293456777194));
#4205=CARTESIAN_POINT('Ctrl Pts',(15.3901745258539,7.00021329622776,50.2086940457588));
#4206=CARTESIAN_POINT('Ctrl Pts',(15.3916206468352,7.00138827663938,50.1518084365836));
#4207=CARTESIAN_POINT('Ctrl Pts',(15.3933490874664,7.00279266479966,50.1156255391922));
#4208=CARTESIAN_POINT('Ctrl Pts',(15.4011413511379,7.00912669714186,50.0043476000383));
#4209=CARTESIAN_POINT('Ctrl Pts',(15.4098528490739,7.01620970104647,49.9297702030007));
#4210=CARTESIAN_POINT('Ctrl Pts',(15.4679029989547,7.06350022985726,49.5728952623731));
#4211=CARTESIAN_POINT('Ctrl Pts',(15.5610353178159,7.13951649207907,49.3086618814595));
#4212=CARTESIAN_POINT('Ctrl Pts',(15.8047046179247,7.34237390990136,48.8353801228866));
#4213=CARTESIAN_POINT('Ctrl Pts',(15.9522263474147,7.4667271728338,48.6266165235964));
#4214=CARTESIAN_POINT('Ctrl Pts',(16.3136435372119,7.77780766315671,48.2143167596184));
#4215=CARTESIAN_POINT('Ctrl Pts',(16.5382973908053,7.97529133627171,48.0207244592683));
#4216=CARTESIAN_POINT('Ctrl Pts',(17.2282907293116,8.59770874958959,47.5476209127192));
#4217=CARTESIAN_POINT('Ctrl Pts',(17.754154262951,9.09295468421374,47.3405302469776));
#4218=CARTESIAN_POINT('Ctrl Pts',(18.4450627491964,9.77672680580197,47.25442281052));
#4219=CARTESIAN_POINT('Ctrl Pts',(18.5981591707694,9.93015805409666,47.2468599782842));
#4220=CARTESIAN_POINT('Ctrl Pts',(18.75,10.0841360540338,47.2511800446823));
#4221=CARTESIAN_POINT('',(18.75,10.0841360540338,32.7488199553177));
#4222=CARTESIAN_POINT('',(18.75,10.0841360540338,69.));
#4223=CARTESIAN_POINT('',(15.3899119827189,7.,29.75));
#4224=CARTESIAN_POINT('Ctrl Pts',(18.75,10.0841360540338,32.7488199553177));
#4225=CARTESIAN_POINT('Ctrl Pts',(18.4120852811562,9.74146516096408,32.7584340626015));
#4226=CARTESIAN_POINT('Ctrl Pts',(18.0665519876786,9.40028551277032,32.709215542389));
#4227=CARTESIAN_POINT('Ctrl Pts',(17.3670191136608,8.72984988370416,32.4920194132732));
#4228=CARTESIAN_POINT('Ctrl Pts',(17.0067607785799,8.39618346313111,32.3145276284707));
#4229=CARTESIAN_POINT('Ctrl Pts',(16.4214287943139,7.8716527806379,31.8843807819156));
#4230=CARTESIAN_POINT('Ctrl Pts',(16.1791267266212,7.66076758063842,31.6560567885668));
#4231=CARTESIAN_POINT('Ctrl Pts',(15.831590744628,7.36483048191449,31.200481831554));
#4232=CARTESIAN_POINT('Ctrl Pts',(15.7059698104471,7.25986304361319,30.9947586438504));
#4233=CARTESIAN_POINT('Ctrl Pts',(15.5431462939292,7.12516124807447,30.6216318966586));
#4234=CARTESIAN_POINT('Ctrl Pts',(15.4907082379769,7.08219337673746,30.466628517471));
#4235=CARTESIAN_POINT('Ctrl Pts',(15.4313610391198,7.03371777003898,30.2089728261806));
#4236=CARTESIAN_POINT('Ctrl Pts',(15.4147639273741,7.02020831553565,30.1115233644785));
#4237=CARTESIAN_POINT('Ctrl Pts',(15.3987631692631,7.00719287842009,29.9634136590607));
#4238=CARTESIAN_POINT('Ctrl Pts',(15.394926690067,7.0040748818031,29.9139980730116));
#4239=CARTESIAN_POINT('Ctrl Pts',(15.3911561202647,7.00101078210328,29.8337104072365));
#4240=CARTESIAN_POINT('Ctrl Pts',(15.3902938046033,7.00031021375567,29.8029806300318));
#4241=CARTESIAN_POINT('Ctrl Pts',(15.3899457663242,7.00002744739451,29.7648185689884));
#4242=CARTESIAN_POINT('Ctrl Pts',(15.3899119827189,7.,29.7574091113993));
#4243=CARTESIAN_POINT('Ctrl Pts',(15.3899119827189,7.,29.75));
#4244=CARTESIAN_POINT('',(18.75,10.0841360540338,26.7511800446823));
#4245=CARTESIAN_POINT('Ctrl Pts',(15.3899119827189,7.,29.75));
#4246=CARTESIAN_POINT('Ctrl Pts',(15.3899119827189,7.,29.7293456777194));
#4247=CARTESIAN_POINT('Ctrl Pts',(15.3901745258539,7.00021329622776,29.7086940457588));
#4248=CARTESIAN_POINT('Ctrl Pts',(15.3916206468352,7.00138827663938,29.6518084365836));
#4249=CARTESIAN_POINT('Ctrl Pts',(15.3933490874664,7.00279266479966,29.6156255391922));
#4250=CARTESIAN_POINT('Ctrl Pts',(15.4011413511379,7.00912669714186,29.5043476000383));
#4251=CARTESIAN_POINT('Ctrl Pts',(15.4098528490739,7.01620970104646,29.4297702030007));
#4252=CARTESIAN_POINT('Ctrl Pts',(15.4679029989547,7.06350022985725,29.0728952623731));
#4253=CARTESIAN_POINT('Ctrl Pts',(15.5610353178159,7.13951649207905,28.8086618814595));
#4254=CARTESIAN_POINT('Ctrl Pts',(15.8047046179247,7.34237390990137,28.3353801228865));
#4255=CARTESIAN_POINT('Ctrl Pts',(15.9522263474147,7.46672717283386,28.1266165235964));
#4256=CARTESIAN_POINT('Ctrl Pts',(16.3136435372118,7.77780766315671,27.7143167596184));
#4257=CARTESIAN_POINT('Ctrl Pts',(16.5382973908053,7.97529133627169,27.5207244592683));
#4258=CARTESIAN_POINT('Ctrl Pts',(17.2282907293113,8.59770874958939,27.0476209127194));
#4259=CARTESIAN_POINT('Ctrl Pts',(17.7541542629507,9.09295468421348,26.8405302469776));
#4260=CARTESIAN_POINT('Ctrl Pts',(18.4450627491965,9.77672680580209,26.75442281052));
#4261=CARTESIAN_POINT('Ctrl Pts',(18.5981591707695,9.93015805409672,26.7468599782843));
#4262=CARTESIAN_POINT('Ctrl Pts',(18.75,10.0841360540338,26.7511800446823));
#4263=CARTESIAN_POINT('',(18.75,10.0841360540338,17.7488199553177));
#4264=CARTESIAN_POINT('',(18.75,10.0841360540338,69.));
#4265=CARTESIAN_POINT('',(15.3899119827189,7.,14.75));
#4266=CARTESIAN_POINT('Ctrl Pts',(18.75,10.0841360540338,17.7488199553177));
#4267=CARTESIAN_POINT('Ctrl Pts',(18.4120852811562,9.74146516096401,17.7584340626015));
#4268=CARTESIAN_POINT('Ctrl Pts',(18.0665519876785,9.40028551277017,17.709215542389));
#4269=CARTESIAN_POINT('Ctrl Pts',(17.3670191136605,8.72984988370394,17.4920194132731));
#4270=CARTESIAN_POINT('Ctrl Pts',(17.0067607785796,8.39618346313083,17.3145276284705));
#4271=CARTESIAN_POINT('Ctrl Pts',(16.4214287943136,7.87165278063766,16.8843807819153));
#4272=CARTESIAN_POINT('Ctrl Pts',(16.179126726621,7.66076758063822,16.6560567885665));
#4273=CARTESIAN_POINT('Ctrl Pts',(15.8315907446279,7.36483048191436,16.2004818315537));
#4274=CARTESIAN_POINT('Ctrl Pts',(15.705969810447,7.25986304361308,15.9947586438502));
#4275=CARTESIAN_POINT('Ctrl Pts',(15.5431462939292,7.12516124807442,15.6216318966584));
#4276=CARTESIAN_POINT('Ctrl Pts',(15.4907082379769,7.08219337673743,15.4666285174709));
#4277=CARTESIAN_POINT('Ctrl Pts',(15.4313610391198,7.03371777003896,15.2089728261805));
#4278=CARTESIAN_POINT('Ctrl Pts',(15.4147639273741,7.02020831553564,15.1115233644784));
#4279=CARTESIAN_POINT('Ctrl Pts',(15.3987631692631,7.00719287842009,14.9634136590606));
#4280=CARTESIAN_POINT('Ctrl Pts',(15.394926690067,7.00407488180309,14.9139980730116));
#4281=CARTESIAN_POINT('Ctrl Pts',(15.3911561202647,7.00101078210327,14.8337104072365));
#4282=CARTESIAN_POINT('Ctrl Pts',(15.3902938046033,7.00031021375567,14.8029806300318));
#4283=CARTESIAN_POINT('Ctrl Pts',(15.3899457663242,7.00002744739451,14.7648185689884));
#4284=CARTESIAN_POINT('Ctrl Pts',(15.3899119827189,7.,14.7574091113993));
#4285=CARTESIAN_POINT('Ctrl Pts',(15.3899119827189,7.,14.75));
#4286=CARTESIAN_POINT('',(18.6668528698803,9.99999999893962,11.75));
#4287=CARTESIAN_POINT('Ctrl Pts',(15.3899119827189,7.,14.75));
#4288=CARTESIAN_POINT('Ctrl Pts',(15.3899119827189,7.,14.7293456777194));
#4289=CARTESIAN_POINT('Ctrl Pts',(15.3901745258538,7.00021329622776,14.7086940457588));
#4290=CARTESIAN_POINT('Ctrl Pts',(15.3916206468352,7.00138827663937,14.6518084365835));
#4291=CARTESIAN_POINT('Ctrl Pts',(15.3933490874664,7.00279266479966,14.6156255391922));
#4292=CARTESIAN_POINT('Ctrl Pts',(15.4011413511379,7.00912669714186,14.5043476000383));
#4293=CARTESIAN_POINT('Ctrl Pts',(15.4098528490739,7.01620970104646,14.4297702030007));
#4294=CARTESIAN_POINT('Ctrl Pts',(15.4679029989547,7.06350022985726,14.0728952623731));
#4295=CARTESIAN_POINT('Ctrl Pts',(15.5610353178159,7.13951649207907,13.8086618814594));
#4296=CARTESIAN_POINT('Ctrl Pts',(15.8047046179247,7.34237390990137,13.3353801228865));
#4297=CARTESIAN_POINT('Ctrl Pts',(15.9522263474147,7.46672717283384,13.1266165235964));
#4298=CARTESIAN_POINT('Ctrl Pts',(16.3136435372119,7.77780766315671,12.7143167596184));
#4299=CARTESIAN_POINT('Ctrl Pts',(16.5382973908053,7.9752913362717,12.5207244592683));
#4300=CARTESIAN_POINT('Ctrl Pts',(17.2282907293113,8.59770874958935,12.0476209127194));
#4301=CARTESIAN_POINT('Ctrl Pts',(17.7541542629507,9.09295468421343,11.8405302469776));
#4302=CARTESIAN_POINT('Ctrl Pts',(18.4171497225577,9.74910209163992,11.7579015913071));
#4303=CARTESIAN_POINT('Ctrl Pts',(18.5423479869248,9.8742864538489,11.7500000000444));
#4304=CARTESIAN_POINT('Ctrl Pts',(18.6668528698803,9.99999999893962,11.75));
#4305=CARTESIAN_POINT('',(14.083745497468,6.,11.75));
#4306=CARTESIAN_POINT('Ctrl Pts',(14.0871773033408,6.00336113443212,11.75));
#4307=CARTESIAN_POINT('Ctrl Pts',(14.3482779971896,6.19054380814225,11.75));
#4308=CARTESIAN_POINT('Ctrl Pts',(14.6161889061229,6.39000893761023,11.75));
#4309=CARTESIAN_POINT('Ctrl Pts',(14.8781129231142,6.59335427488382,11.75));
#4310=CARTESIAN_POINT('Ctrl Pts',(16.1281387781374,7.56381483825735,11.75));
#4311=CARTESIAN_POINT('Ctrl Pts',(17.2958159792014,8.63250281734835,11.75));
#4312=CARTESIAN_POINT('Ctrl Pts',(18.4120913116351,9.74448610320945,11.75));
#4313=CARTESIAN_POINT('Ctrl Pts',(18.49741514549,9.82948186937527,11.75));
#4314=CARTESIAN_POINT('Ctrl Pts',(18.5820193924698,9.91432020225362,11.75));
#4315=CARTESIAN_POINT('Ctrl Pts',(18.665948973561,9.9990226525315,11.75));
#4316=CARTESIAN_POINT('',(14.083745497468,6.,69.));
#4317=CARTESIAN_POINT('',(14.083745497468,6.,11.75));
#4318=CARTESIAN_POINT('',(12.2500457921,4.82489160559342,69.));
#4319=CARTESIAN_POINT('Ctrl Pts',(12.2508064126918,4.82295882755759,69.));
#4320=CARTESIAN_POINT('Ctrl Pts',(12.5936659202034,5.0144528991205,69.));
#4321=CARTESIAN_POINT('Ctrl Pts',(12.9242534755216,5.21773445208461,69.));
#4322=CARTESIAN_POINT('Ctrl Pts',(13.2842784089799,5.45248397055359,69.));
#4323=CARTESIAN_POINT('Ctrl Pts',(13.5334200496408,5.61493349762914,69.));
#4324=CARTESIAN_POINT('Ctrl Pts',(13.8063598861592,5.80204357300607,69.));
#4325=CARTESIAN_POINT('Ctrl Pts',(14.0871773033181,6.00336113441588,69.));
#4326=CARTESIAN_POINT('Ctrl Pts',(11.7478093910209,4.55511403625179,69.));
#4327=CARTESIAN_POINT('Ctrl Pts',(11.9212700208219,4.64313873594842,69.));
#4328=CARTESIAN_POINT('Ctrl Pts',(12.0874314450743,4.73171055514554,69.));
#4329=CARTESIAN_POINT('Ctrl Pts',(12.2508064126841,4.82295882755328,69.));
#4330=CARTESIAN_POINT('',(11.4580157254638,4.41184204296842,69.));
#4331=CARTESIAN_POINT('Ctrl Pts',(12.1178753105198,-7.42237855837244,74.6321704815802));
#4332=CARTESIAN_POINT('Ctrl Pts',(12.2163777762061,-7.46985001211809,74.5336680158939));
#4333=CARTESIAN_POINT('Ctrl Pts',(12.3148802308192,-7.51731972702508,74.4351655612808));
#4334=CARTESIAN_POINT('Ctrl Pts',(12.4345398296612,-7.57498688248692,74.3155059624388));
#4335=CARTESIAN_POINT('Ctrl Pts',(12.4768137809713,-7.5955476822367,74.2732320111287));
#4336=CARTESIAN_POINT('Ctrl Pts',(12.5612010105545,-7.63732584289092,74.1888447815455));
#4337=CARTESIAN_POINT('Ctrl Pts',(12.7084589416832,-7.71212011548622,74.0415868504168));
#4338=CARTESIAN_POINT('Ctrl Pts',(12.8548868769595,-7.79011370408568,73.8951589151405));
#4339=CARTESIAN_POINT('Ctrl Pts',(12.9798216579343,-7.85906070716628,73.7702241341657));
#4340=CARTESIAN_POINT('Ctrl Pts',(13.0421751006756,-7.89394305642511,73.7078706914244));
#4341=CARTESIAN_POINT('Ctrl Pts',(13.1044156153286,-7.92922919426257,73.6456301767714));
#4342=CARTESIAN_POINT('Ctrl Pts',(13.2286724971356,-8.00057592560601,73.5213732949644));
#4343=CARTESIAN_POINT('Ctrl Pts',(13.8265685046428,-8.35490933626232,72.9234772874572));
#4344=CARTESIAN_POINT('Ctrl Pts',(14.3897994117323,-8.74247478227432,72.3602463803677));
#4345=CARTESIAN_POINT('Ctrl Pts',(14.8640820217876,-9.09695874542012,71.8859637703124));
#4346=CARTESIAN_POINT('Ctrl Pts',(12.3092805074372,-6.62805344911552,74.4407652846627));
#4347=CARTESIAN_POINT('Ctrl Pts',(12.4077829731236,-6.67552490286117,74.3422628189764));
#4348=CARTESIAN_POINT('Ctrl Pts',(12.5062966700312,-6.7229408607927,74.2438079890824));
#4349=CARTESIAN_POINT('Ctrl Pts',(12.6260448536467,-6.78075411479514,74.124075966358));
#4350=CARTESIAN_POINT('Ctrl Pts',(12.6703280173476,-6.80521257976144,74.0797131230231));
#4351=CARTESIAN_POINT('Ctrl Pts',(12.7574980844369,-6.85244893647309,73.9924398750429));
#4352=CARTESIAN_POINT('Ctrl Pts',(12.909969407629,-6.93759965984871,73.8397756330434));
#4353=CARTESIAN_POINT('Ctrl Pts',(13.0609501881763,-7.02474079696043,73.6887636315523));
#4354=CARTESIAN_POINT('Ctrl Pts',(13.1895486215462,-7.10134649177725,73.5600252532379));
#4355=CARTESIAN_POINT('Ctrl Pts',(13.2536726173648,-7.13995222555661,73.4958418444609));
#4356=CARTESIAN_POINT('Ctrl Pts',(13.3176300998001,-7.17889578574638,73.4318145408973));
#4357=CARTESIAN_POINT('Ctrl Pts',(13.4452481914836,-7.257411810926,73.3040921518872));
#4358=CARTESIAN_POINT('Ctrl Pts',(14.0581923690246,-7.64466060042914,72.6906127337839));
#4359=CARTESIAN_POINT('Ctrl Pts',(14.632555312536,-8.05647478120279,72.1177484481047));
#4360=CARTESIAN_POINT('Ctrl Pts',(15.1137955421339,-8.42874922110253,71.6362502499661));
#4361=CARTESIAN_POINT('Ctrl Pts',(12.2526001679653,-5.24408239895561,73.7171055225417));
#4362=CARTESIAN_POINT('Ctrl Pts',(12.3511026336516,-5.29155385270125,73.6186030568553));
#4363=CARTESIAN_POINT('Ctrl Pts',(12.4495184448769,-5.3389302565124,73.520121082813));
#4364=CARTESIAN_POINT('Ctrl Pts',(12.5694990434013,-5.39700947842097,73.4003416105369));
#4365=CARTESIAN_POINT('Ctrl Pts',(12.6200560308726,-5.42810500455603,73.3550697969343));
#4366=CARTESIAN_POINT('Ctrl Pts',(12.7159074628702,-5.48464760980984,73.2665406441354));
#4367=CARTESIAN_POINT('Ctrl Pts',(12.8846565699921,-5.58746679205935,73.1115341237323));
#4368=CARTESIAN_POINT('Ctrl Pts',(13.049575067989,-5.6903558300556,72.958447706026));
#4369=CARTESIAN_POINT('Ctrl Pts',(13.1896620964242,-5.78005205378032,72.8280939621553));
#4370=CARTESIAN_POINT('Ctrl Pts',(13.2593230402701,-5.82503147644881,72.7631292703725));
#4371=CARTESIAN_POINT('Ctrl Pts',(13.3286804513109,-5.87022719445011,72.6983511137662));
#4372=CARTESIAN_POINT('Ctrl Pts',(13.4668014542607,-5.96103052987953,72.5691505145311));
#4373=CARTESIAN_POINT('Ctrl Pts',(14.1269937370818,-6.40468170110709,71.9491304993616));
#4374=CARTESIAN_POINT('Ctrl Pts',(14.7322269244257,-6.85985361661777,71.3708811358131));
#4375=CARTESIAN_POINT('Ctrl Pts',(15.2355349104598,-7.26275971956388,70.8865164275637));
#4376=CARTESIAN_POINT('Ctrl Pts',(11.5419925443582,-4.4523131280938,72.6249192444607));
#4377=CARTESIAN_POINT('Ctrl Pts',(11.6404950100445,-4.49978458183945,72.5264167787744));
#4378=CARTESIAN_POINT('Ctrl Pts',(11.7388399526715,-4.54714122687779,72.4279178599933));
#4379=CARTESIAN_POINT('Ctrl Pts',(11.8591333304695,-4.60522218267368,72.3082217509574));
#4380=CARTESIAN_POINT('Ctrl Pts',(11.9176717994973,-4.63654244448885,72.2650559386916));
#4381=CARTESIAN_POINT('Ctrl Pts',(12.0246436237167,-4.69351587707956,72.1794361604901));
#4382=CARTESIAN_POINT('Ctrl Pts',(12.2143746066273,-4.79737603564199,72.0298723550714));
#4383=CARTESIAN_POINT('Ctrl Pts',(12.3976581993943,-4.90162340126225,71.8814569363935));
#4384=CARTESIAN_POINT('Ctrl Pts',(12.5529068909982,-4.99272729710321,71.7549096176892));
#4385=CARTESIAN_POINT('Ctrl Pts',(12.629913272085,-5.0384431438305,71.6917787731645));
#4386=CARTESIAN_POINT('Ctrl Pts',(12.7064499931098,-5.08441385507551,71.62878328761));
#4387=CARTESIAN_POINT('Ctrl Pts',(12.8586132580754,-5.17681533581395,71.5030541981529));
#4388=CARTESIAN_POINT('Ctrl Pts',(13.5825567803396,-5.62897503715995,70.8985725043445));
#4389=CARTESIAN_POINT('Ctrl Pts',(14.2333785555478,-6.09405099114991,70.3307886916263));
#4390=CARTESIAN_POINT('Ctrl Pts',(14.7684095214031,-6.50563075955184,69.8535046478458));
#4391=CARTESIAN_POINT('Ctrl Pts',(11.1625083284048,-4.26942768173148,72.1572967474273));
#4392=CARTESIAN_POINT('Ctrl Pts',(11.2610107940911,-4.31689913547713,72.058794281741));
#4393=CARTESIAN_POINT('Ctrl Pts',(11.3593315219344,-4.36427957418811,71.9602918271278));
#4394=CARTESIAN_POINT('Ctrl Pts',(11.4797414311122,-4.42230774728998,71.8406322282859));
#4395=CARTESIAN_POINT('Ctrl Pts',(11.5412421190028,-4.45220155133967,71.7983582769758));
#4396=CARTESIAN_POINT('Ctrl Pts',(11.6523658746348,-4.50724710170691,71.7139710473926));
#4397=CARTESIAN_POINT('Ctrl Pts',(11.8499766163154,-4.60758065754957,71.5667131162639));
#4398=CARTESIAN_POINT('Ctrl Pts',(12.0402579833641,-4.70900422583571,71.4202851809876));
#4399=CARTESIAN_POINT('Ctrl Pts',(12.2013265761278,-4.79787669002019,71.2953504000128));
#4400=CARTESIAN_POINT('Ctrl Pts',(12.2811634078075,-4.84254064160325,71.2329969572715));
#4401=CARTESIAN_POINT('Ctrl Pts',(12.3604756660046,-4.88750598586392,71.1707564426185));
#4402=CARTESIAN_POINT('Ctrl Pts',(12.5180851492885,-4.97799174709011,71.0464995608115));
#4403=CARTESIAN_POINT('Ctrl Pts',(13.2669772470688,-5.42203956242301,70.4486035533043));
#4404=CARTESIAN_POINT('Ctrl Pts',(13.9364228845298,-5.88379492987889,69.8853726462148));
#4405=CARTESIAN_POINT('Ctrl Pts',(14.4845598523547,-6.29347844047319,69.4110900361595));
#4406=CARTESIAN_POINT('',(14.4845598523547,-6.29347844047318,69.4110900361595));
#4407=CARTESIAN_POINT('Ctrl Pts',(11.4582106176753,-4.41193157661528,71.8620288783178));
#4408=CARTESIAN_POINT('Ctrl Pts',(11.4582909550837,-4.41197029296914,71.8619490404727));
#4409=CARTESIAN_POINT('Ctrl Pts',(11.4583712930168,-4.41200900957745,71.8618692026276));
#4410=CARTESIAN_POINT('Ctrl Pts',(11.4797414311122,-4.42230774728998,71.8406322282859));
#4411=CARTESIAN_POINT('Ctrl Pts',(11.5412421190028,-4.45220155133967,71.7983582769758));
#4412=CARTESIAN_POINT('Ctrl Pts',(11.6523658746348,-4.50724710170691,71.7139710473926));
#4413=CARTESIAN_POINT('Ctrl Pts',(11.8499766163154,-4.60758065754957,71.5667131162639));
#4414=CARTESIAN_POINT('Ctrl Pts',(12.0402579833641,-4.70900422583571,71.4202851809876));
#4415=CARTESIAN_POINT('Ctrl Pts',(12.2013265761278,-4.79787669002019,71.2953504000128));
#4416=CARTESIAN_POINT('Ctrl Pts',(12.2811634078075,-4.84254064160325,71.2329969572715));
#4417=CARTESIAN_POINT('Ctrl Pts',(12.3604756660046,-4.88750598586392,71.1707564426185));
#4418=CARTESIAN_POINT('Ctrl Pts',(12.5180851492885,-4.97799174709011,71.0464995608115));
#4419=CARTESIAN_POINT('Ctrl Pts',(13.2669772470688,-5.42203956242301,70.4486035533043));
#4420=CARTESIAN_POINT('Ctrl Pts',(13.9364228845298,-5.88379492987889,69.8853726462148));
#4421=CARTESIAN_POINT('Ctrl Pts',(14.4845598523547,-6.29347844047319,69.4110900361595));
#4422=CARTESIAN_POINT('',(14.8640820217876,-9.09695874542011,71.8859637703124));
#4423=CARTESIAN_POINT('Origin',(12.3892082876346,-9.09695874542011,69.4110900361595));
#4424=CARTESIAN_POINT('',(12.2500457921,-7.48607569386199,74.5));
#4425=CARTESIAN_POINT('Ctrl Pts',(14.8640820217876,-9.09695874542012,71.8859637703124));
#4426=CARTESIAN_POINT('Ctrl Pts',(14.3897994117323,-8.74247478227432,72.3602463803677));
#4427=CARTESIAN_POINT('Ctrl Pts',(13.8265685046428,-8.35490933626232,72.9234772874572));
#4428=CARTESIAN_POINT('Ctrl Pts',(13.2286724971356,-8.00057592560601,73.5213732949644));
#4429=CARTESIAN_POINT('Ctrl Pts',(13.1044156153286,-7.92922919426257,73.6456301767714));
#4430=CARTESIAN_POINT('Ctrl Pts',(13.0421751006756,-7.89394305642511,73.7078706914244));
#4431=CARTESIAN_POINT('Ctrl Pts',(12.9798216579343,-7.85906070716628,73.7702241341657));
#4432=CARTESIAN_POINT('Ctrl Pts',(12.8548868769595,-7.79011370408568,73.8951589151405));
#4433=CARTESIAN_POINT('Ctrl Pts',(12.7084589416832,-7.71212011548622,74.0415868504168));
#4434=CARTESIAN_POINT('Ctrl Pts',(12.5612010105545,-7.63732584289092,74.1888447815455));
#4435=CARTESIAN_POINT('Ctrl Pts',(12.4768137809713,-7.5955476822367,74.2732320111287));
#4436=CARTESIAN_POINT('Ctrl Pts',(12.4345398296612,-7.57498688248692,74.3155059624388));
#4437=CARTESIAN_POINT('Ctrl Pts',(12.3589371138429,-7.53855191522459,74.3911086782571));
#4438=CARTESIAN_POINT('Ctrl Pts',(12.3044915368835,-7.51231351929504,74.4455542552165));
#4439=CARTESIAN_POINT('Ctrl Pts',(12.2500459591108,-7.48607500075891,74.4999998329892));
#4440=CARTESIAN_POINT('Ctrl Pts',(12.2500457921,-7.486075693862,74.5));
#4441=CARTESIAN_POINT('Ctrl Pts',(12.2500457921,-7.15450975333557,74.5));
#4442=CARTESIAN_POINT('Ctrl Pts',(12.2500457921,-6.8296002572834,74.4403014715751));
#4443=CARTESIAN_POINT('Ctrl Pts',(12.2500457921,-6.23819532247529,74.1936456072871));
#4444=CARTESIAN_POINT('Ctrl Pts',(12.2500457921,-5.98307379610139,74.0209579402308));
#4445=CARTESIAN_POINT('Ctrl Pts',(12.2500457921,-5.73181410317579,73.773159755191));
#4446=CARTESIAN_POINT('Ctrl Pts',(12.2500457921,-5.70189012865702,73.7421167073495));
#4447=CARTESIAN_POINT('Ctrl Pts',(12.2500457921,-5.67275615893222,73.7103720635136));
#4448=CARTESIAN_POINT('Ctrl Pts',(14.8640820217876,-9.09695874542011,71.8859637703124));
#4449=CARTESIAN_POINT('Ctrl Pts',(15.8591634422292,-9.8406933839931,70.8908823498708));
#4450=CARTESIAN_POINT('Ctrl Pts',(16.8175045932244,-10.6809400510147,69.9325411988756));
#4451=CARTESIAN_POINT('Ctrl Pts',(17.7500457921,-11.5729400808494,69.));
#4452=CARTESIAN_POINT('Ctrl Pts',(15.1137955421339,-8.42874922110251,71.6362502499661));
#4453=CARTESIAN_POINT('Ctrl Pts',(16.1234800278828,-9.20980520266995,70.6260343192828));
#4454=CARTESIAN_POINT('Ctrl Pts',(17.0907357027595,-10.0748088336431,69.6595317263018));
#4455=CARTESIAN_POINT('Ctrl Pts',(18.0300275246055,-10.987526422192,68.7200182674944));
#4456=CARTESIAN_POINT('Ctrl Pts',(15.2353002046917,-7.26288343294846,70.8863741865201));
#4457=CARTESIAN_POINT('Ctrl Pts',(16.2912919417134,-8.10820499443778,69.8701508461826));
#4458=CARTESIAN_POINT('Ctrl Pts',(17.284513128626,-9.01682611848492,68.8997892127312));
#4459=CARTESIAN_POINT('Ctrl Pts',(18.2453423576586,-9.96539888486373,67.9576413965339));
#4460=CARTESIAN_POINT('Ctrl Pts',(14.7684095214031,-6.50563075955183,69.8535046478458));
#4461=CARTESIAN_POINT('Ctrl Pts',(15.8909367975974,-7.36916153366242,68.8521183827276));
#4462=CARTESIAN_POINT('Ctrl Pts',(16.9249982730197,-8.2948106795285,67.8901560777105));
#4463=CARTESIAN_POINT('Ctrl Pts',(17.9188098138838,-9.25829834522081,66.9547487056492));
#4464=CARTESIAN_POINT('Ctrl Pts',(14.4845598523547,-6.29347844047317,69.4110900361595));
#4465=CARTESIAN_POINT('Ctrl Pts',(15.6345933998131,-7.15302597818741,68.4160086157179));
#4466=CARTESIAN_POINT('Ctrl Pts',(16.6863123782373,-8.07938233519003,67.4576674647227));
#4467=CARTESIAN_POINT('Ctrl Pts',(17.6944571265055,-9.04369913601034,66.5251262658471));
#4468=CARTESIAN_POINT('',(14.9562964954582,-6.6542724080587,69.000000000003));
#4469=CARTESIAN_POINT('',(17.750045792088,-11.5729400808264,69.000000000012));
#4470=CARTESIAN_POINT('Ctrl Pts',(14.956296495465,-6.65427240806405,69.));
#4471=CARTESIAN_POINT('Ctrl Pts',(15.7625034363888,-7.28470747356388,69.));
#4472=CARTESIAN_POINT('Ctrl Pts',(16.4367062173883,-8.05781829376474,69.));
#4473=CARTESIAN_POINT('Ctrl Pts',(17.1807053557474,-9.31876124892333,69.));
#4474=CARTESIAN_POINT('Ctrl Pts',(17.3965054406025,-9.78927892403755,69.0000000002973));
#4475=CARTESIAN_POINT('Ctrl Pts',(17.6709637611198,-10.6941986532872,69.0000000002973));
#4476=CARTESIAN_POINT('Ctrl Pts',(17.7500457921,-11.1359022845754,69.));
#4477=CARTESIAN_POINT('Ctrl Pts',(17.7500457921,-11.5729400808494,69.));
#4478=CARTESIAN_POINT('Ctrl Pts',(17.7500457921,-11.5729400808494,69.));
#4479=CARTESIAN_POINT('Ctrl Pts',(16.8175045932244,-10.6809400510147,69.9325411988756));
#4480=CARTESIAN_POINT('Ctrl Pts',(15.8591634422292,-9.8406933839931,70.8908823498708));
#4481=CARTESIAN_POINT('Ctrl Pts',(14.8640820217876,-9.09695874542011,71.8859637703124));
#4482=CARTESIAN_POINT('Ctrl Pts',(14.4845598523547,-6.29347844047317,69.4110900361595));
#4483=CARTESIAN_POINT('Ctrl Pts',(14.6437065276733,-6.41242639047677,69.2733863143119));
#4484=CARTESIAN_POINT('Ctrl Pts',(14.8009704558286,-6.53265374511224,69.1363861772815));
#4485=CARTESIAN_POINT('Ctrl Pts',(14.9564967038321,-6.65408405348968,69.0000606322053));
#4486=CARTESIAN_POINT('Ctrl Pts',(69.8358619804452,-66.7747377713725,76.6925955887302));
#4487=CARTESIAN_POINT('Ctrl Pts',(69.8358619804452,-66.7747377713725,11.74));
#4488=CARTESIAN_POINT('Ctrl Pts',(54.2545808361171,-49.4549685670478,76.6925955887302));
#4489=CARTESIAN_POINT('Ctrl Pts',(54.2545808361171,-49.4549685670478,11.74));
#4490=CARTESIAN_POINT('Ctrl Pts',(38.6732996917889,-32.135199362723,76.6925955887302));
#4491=CARTESIAN_POINT('Ctrl Pts',(38.6732996917889,-32.135199362723,11.74));
#4492=CARTESIAN_POINT('Ctrl Pts',(23.0920185474607,-14.8154301583983,76.6925955887302));
#4493=CARTESIAN_POINT('Ctrl Pts',(23.0920185474607,-14.8154301583983,11.74));
#4494=CARTESIAN_POINT('Ctrl Pts',(22.2858059946422,-13.9192640976551,76.6925955887302));
#4495=CARTESIAN_POINT('Ctrl Pts',(22.2858059946422,-13.9192640976551,11.74));
#4496=CARTESIAN_POINT('Ctrl Pts',(21.5091170193341,-13.0559157201196,76.6925955887302));
#4497=CARTESIAN_POINT('Ctrl Pts',(21.5091170193341,-13.0559157201196,11.74));
#4498=CARTESIAN_POINT('Ctrl Pts',(20.75,-12.2120998970075,76.6925955887302));
#4499=CARTESIAN_POINT('Ctrl Pts',(20.75,-12.2120998970075,11.74));
#4500=CARTESIAN_POINT('Ctrl Pts',(20.1027097879186,-11.4925880046527,76.6925955887302));
#4501=CARTESIAN_POINT('Ctrl Pts',(20.1027097879186,-11.4925880046527,11.74));
#4502=CARTESIAN_POINT('Ctrl Pts',(19.4419978034815,-10.7847394550945,76.6925955887302));
#4503=CARTESIAN_POINT('Ctrl Pts',(19.4419978034815,-10.7847394550945,11.74));
#4504=CARTESIAN_POINT('Ctrl Pts',(18.7194072188489,-10.0531371992732,76.6925955887302));
#4505=CARTESIAN_POINT('Ctrl Pts',(18.7194072188489,-10.0531371992732,11.74));
#4506=CARTESIAN_POINT('Ctrl Pts',(17.6576374987712,-8.97812579047304,76.6925955887302));
#4507=CARTESIAN_POINT('Ctrl Pts',(17.6576374987712,-8.97812579047304,11.74));
#4508=CARTESIAN_POINT('Ctrl Pts',(16.5458365726124,-7.93686535994369,76.6925955887302));
#4509=CARTESIAN_POINT('Ctrl Pts',(16.5458365726124,-7.93686535994369,11.74));
#4510=CARTESIAN_POINT('Ctrl Pts',(15.3618365535791,-6.97721727995879,76.6925955887302));
#4511=CARTESIAN_POINT('Ctrl Pts',(15.3618365535791,-6.97721727995879,11.74));
#4512=CARTESIAN_POINT('Ctrl Pts',(14.8632328052996,-6.57309217690321,76.6925955887302));
#4513=CARTESIAN_POINT('Ctrl Pts',(14.8632328052996,-6.57309217690321,11.74));
#4514=CARTESIAN_POINT('Ctrl Pts',(14.3310267032144,-6.17008212295299,76.6925955887302));
#4515=CARTESIAN_POINT('Ctrl Pts',(14.3310267032144,-6.17008212295299,11.74));
#4516=CARTESIAN_POINT('Ctrl Pts',(13.8381717833462,-5.82633812496401,76.6925955887302));
#4517=CARTESIAN_POINT('Ctrl Pts',(13.8381717833462,-5.82633812496401,11.74));
#4518=CARTESIAN_POINT('Ctrl Pts',(12.9567445139799,-5.21158250156563,76.6925955887302));
#4519=CARTESIAN_POINT('Ctrl Pts',(12.9567445139799,-5.21158250156563,11.74));
#4520=CARTESIAN_POINT('Ctrl Pts',(12.3113963278642,-4.82311314681357,76.6925955887302));
#4521=CARTESIAN_POINT('Ctrl Pts',(12.3113963278642,-4.82311314681357,11.74));
#4522=CARTESIAN_POINT('Ctrl Pts',(11.4580157254638,-4.41184204296843,76.6925955887302));
#4523=CARTESIAN_POINT('Ctrl Pts',(11.4580157254638,-4.41184204296843,11.74));
#4524=CARTESIAN_POINT('Ctrl Pts',(11.1226881774564,-4.25023709151911,76.6925955887302));
#4525=CARTESIAN_POINT('Ctrl Pts',(11.1226881774564,-4.25023709151911,11.74));
#4526=CARTESIAN_POINT('Ctrl Pts',(10.7485853098094,-4.06994508711211,76.6925955887302));
#4527=CARTESIAN_POINT('Ctrl Pts',(10.7485853098094,-4.06994508711211,11.74));
#4528=CARTESIAN_POINT('Ctrl Pts',(10.3457460184524,-3.87580409121585,76.6925955887302));
#4529=CARTESIAN_POINT('Ctrl Pts',(10.3457460184524,-3.87580409121585,11.74));
#4530=CARTESIAN_POINT('Ctrl Pts',(9.72163653982051,-3.57502599352396,76.6925955887302));
#4531=CARTESIAN_POINT('Ctrl Pts',(9.72163653982051,-3.57502599352396,11.74));
#4532=CARTESIAN_POINT('Ctrl Pts',(9.09752706118863,-3.27424789583207,76.6925955887302));
#4533=CARTESIAN_POINT('Ctrl Pts',(9.09752706118863,-3.27424789583207,11.74));
#4534=CARTESIAN_POINT('Ctrl Pts',(8.47341758255674,-2.97346979814018,76.6925955887302));
#4535=CARTESIAN_POINT('Ctrl Pts',(8.47341758255674,-2.97346979814018,11.74));
#4536=CARTESIAN_POINT('Ctrl Pts',(6.98103778710558,-2.25424477227837,76.6925955887302));
#4537=CARTESIAN_POINT('Ctrl Pts',(6.98103778710558,-2.25424477227837,11.74));
#4538=CARTESIAN_POINT('Ctrl Pts',(5.48865799165442,-1.53501974641657,76.6925955887302));
#4539=CARTESIAN_POINT('Ctrl Pts',(5.48865799165442,-1.53501974641657,11.74));
#4540=CARTESIAN_POINT('Ctrl Pts',(3.99627819620326,-0.81579472055477,76.6925955887302));
#4541=CARTESIAN_POINT('Ctrl Pts',(3.99627819620326,-0.81579472055477,11.74));
#4542=CARTESIAN_POINT('Ctrl Pts',(1.47694963076326,0.398349398895188,76.6925955887302));
#4543=CARTESIAN_POINT('Ctrl Pts',(1.47694963076326,0.398349398895188,11.74));
#4544=CARTESIAN_POINT('Ctrl Pts',(-1.04237893467673,1.61249351834515,76.6925955887302));
#4545=CARTESIAN_POINT('Ctrl Pts',(-1.04237893467673,1.61249351834515,11.74));
#4546=CARTESIAN_POINT('Ctrl Pts',(-3.56170750011672,2.8266376377951,76.6925955887302));
#4547=CARTESIAN_POINT('Ctrl Pts',(-3.56170750011672,2.8266376377951,11.74));
#4548=CARTESIAN_POINT('Ctrl Pts',(-8.60036463099671,5.25492587669502,76.6925955887302));
#4549=CARTESIAN_POINT('Ctrl Pts',(-8.60036463099671,5.25492587669502,11.74));
#4550=CARTESIAN_POINT('Ctrl Pts',(-13.6390217618767,7.68321411559493,76.6925955887302));
#4551=CARTESIAN_POINT('Ctrl Pts',(-13.6390217618767,7.68321411559493,11.74));
#4552=CARTESIAN_POINT('Ctrl Pts',(-18.6776788927567,10.1115023544948,76.6925955887302));
#4553=CARTESIAN_POINT('Ctrl Pts',(-18.6776788927567,10.1115023544948,11.74));
#4554=CARTESIAN_POINT('Ctrl Pts',(-28.7549931545167,14.9680788322947,76.6925955887302));
#4555=CARTESIAN_POINT('Ctrl Pts',(-28.7549931545167,14.9680788322947,11.74));
#4556=CARTESIAN_POINT('Ctrl Pts',(-38.8323074162767,19.8246553100945,76.6925955887302));
#4557=CARTESIAN_POINT('Ctrl Pts',(-38.8323074162767,19.8246553100945,11.74));
#4558=CARTESIAN_POINT('Ctrl Pts',(-48.9096216780366,24.6812317878943,76.6925955887302));
#4559=CARTESIAN_POINT('Ctrl Pts',(-48.9096216780366,24.6812317878943,11.74));
#4560=CARTESIAN_POINT('',(17.7500457921,-9.09695874542011,69.));
#4561=CARTESIAN_POINT('Ctrl Pts',(17.7528504951072,-9.09905070833237,69.));
#4562=CARTESIAN_POINT('Ctrl Pts',(16.9862303961877,-8.36266261798813,69.));
#4563=CARTESIAN_POINT('Ctrl Pts',(16.1917706963878,-7.64989016328405,69.));
#4564=CARTESIAN_POINT('Ctrl Pts',(15.3618365535791,-6.97721727995879,69.));
#4565=CARTESIAN_POINT('Ctrl Pts',(15.2275824995884,-6.86840254763513,69.));
#4566=CARTESIAN_POINT('Ctrl Pts',(15.0908922427885,-6.75966865743874,69.));
#4567=CARTESIAN_POINT('Ctrl Pts',(14.9531899535816,-6.652150810586,69.));
#4568=CARTESIAN_POINT('',(12.2500457921,-4.82489160559342,69.));
#4569=CARTESIAN_POINT('Ctrl Pts',(12.2517636133619,-4.82100394885793,69.));
#4570=CARTESIAN_POINT('Ctrl Pts',(12.0880968632339,-4.7303496936031,69.));
#4571=CARTESIAN_POINT('Ctrl Pts',(11.9216198401172,-4.64242297654247,69.));
#4572=CARTESIAN_POINT('Ctrl Pts',(11.747973203834,-4.55477878239329,69.));
#4573=CARTESIAN_POINT('',(14.083745497468,-6.,69.));
#4574=CARTESIAN_POINT('Ctrl Pts',(14.0807513506591,-5.99800607782355,69.));
#4575=CARTESIAN_POINT('Ctrl Pts',(13.9990639792214,-5.93939004568253,69.));
#4576=CARTESIAN_POINT('Ctrl Pts',(13.9181004005382,-5.88208471756099,69.));
#4577=CARTESIAN_POINT('Ctrl Pts',(13.8381717833462,-5.82633812496401,69.));
#4578=CARTESIAN_POINT('Ctrl Pts',(13.2479634501811,-5.41469452781203,69.));
#4579=CARTESIAN_POINT('Ctrl Pts',(12.7636061788922,-5.10451117649962,69.));
#4580=CARTESIAN_POINT('Ctrl Pts',(12.2517636133697,-4.82100394886221,69.));
#4581=CARTESIAN_POINT('',(14.083745497468,-6.,11.75));
#4582=CARTESIAN_POINT('',(14.083745497468,-6.,11.75));
#4583=CARTESIAN_POINT('',(18.6668528698803,-9.99999999893962,11.75));
#4584=CARTESIAN_POINT('Ctrl Pts',(18.6668662159649,-10.0000100426172,11.75));
#4585=CARTESIAN_POINT('Ctrl Pts',(17.6209685744757,-8.94382394070423,11.75));
#4586=CARTESIAN_POINT('Ctrl Pts',(16.5263219347093,-7.92104848114788,11.75));
#4587=CARTESIAN_POINT('Ctrl Pts',(15.3618365535791,-6.97721727995879,11.75));
#4588=CARTESIAN_POINT('Ctrl Pts',(14.9440937372369,-6.63863105936263,11.75));
#4589=CARTESIAN_POINT('Ctrl Pts',(14.5027637093033,-6.30082754879133,11.75));
#4590=CARTESIAN_POINT('Ctrl Pts',(14.0807513506817,-5.99800607783976,11.75));
#4591=CARTESIAN_POINT('',(18.75,-10.0841360540338,17.7488199553177));
#4592=CARTESIAN_POINT('Ctrl Pts',(18.6668528698803,-9.99999999893962,11.75));
#4593=CARTESIAN_POINT('Ctrl Pts',(18.3555624080644,-9.68568760749888,11.7500000001111));
#4594=CARTESIAN_POINT('Ctrl Pts',(18.0387980551586,-9.37368601201888,11.7994017033973));
#4595=CARTESIAN_POINT('Ctrl Pts',(17.3670191136605,-8.72984988370394,12.0079805867269));
#4596=CARTESIAN_POINT('Ctrl Pts',(17.0067607785796,-8.39618346313082,12.1854723715294));
#4597=CARTESIAN_POINT('Ctrl Pts',(16.4214287943136,-7.87165278063762,12.6156192180847));
#4598=CARTESIAN_POINT('Ctrl Pts',(16.179126726621,-7.66076758063821,12.8439432114335));
#4599=CARTESIAN_POINT('Ctrl Pts',(15.8315907446279,-7.36483048191436,13.2995181684463));
#4600=CARTESIAN_POINT('Ctrl Pts',(15.705969810447,-7.25986304361308,13.5052413561498));
#4601=CARTESIAN_POINT('Ctrl Pts',(15.5431462939292,-7.12516124807442,13.8783681033416));
#4602=CARTESIAN_POINT('Ctrl Pts',(15.4907082379769,-7.08219337673743,14.0333714825291));
#4603=CARTESIAN_POINT('Ctrl Pts',(15.4313610391198,-7.03371777003896,14.2910271738195));
#4604=CARTESIAN_POINT('Ctrl Pts',(15.4147639273741,-7.02020831553564,14.3884766355216));
#4605=CARTESIAN_POINT('Ctrl Pts',(15.3987631692631,-7.00719287842009,14.5365863409393));
#4606=CARTESIAN_POINT('Ctrl Pts',(15.394926690067,-7.0040748818031,14.5860019269884));
#4607=CARTESIAN_POINT('Ctrl Pts',(15.3911561202647,-7.00101078210327,14.6662895927635));
#4608=CARTESIAN_POINT('Ctrl Pts',(15.3902938046033,-7.00031021375567,14.6970193699682));
#4609=CARTESIAN_POINT('Ctrl Pts',(15.3897573842944,-6.99987439497387,14.7558373385798));
#4610=CARTESIAN_POINT('Ctrl Pts',(15.3899862481829,-7.00006031969385,14.7838997343292));
#4611=CARTESIAN_POINT('Ctrl Pts',(15.3916206468352,-7.00138827663937,14.8481915634164));
#4612=CARTESIAN_POINT('Ctrl Pts',(15.3933490874664,-7.00279266479966,14.8843744608078));
#4613=CARTESIAN_POINT('Ctrl Pts',(15.4011413511379,-7.00912669714186,14.9956523999617));
#4614=CARTESIAN_POINT('Ctrl Pts',(15.4098528490739,-7.01620970104646,15.0702297969993));
#4615=CARTESIAN_POINT('Ctrl Pts',(15.4679029989547,-7.06350022985727,15.427104737627));
#4616=CARTESIAN_POINT('Ctrl Pts',(15.5610353178159,-7.13951649207908,15.6913381185406));
#4617=CARTESIAN_POINT('Ctrl Pts',(15.8047046179247,-7.34237390990138,16.1646198771135));
#4618=CARTESIAN_POINT('Ctrl Pts',(15.9522263474147,-7.46672717283386,16.3733834764036));
#4619=CARTESIAN_POINT('Ctrl Pts',(16.3136435372119,-7.77780766315673,16.7856832403816));
#4620=CARTESIAN_POINT('Ctrl Pts',(16.5382973908054,-7.97529133627172,16.9792755407317));
#4621=CARTESIAN_POINT('Ctrl Pts',(17.228290729311,-8.5977087495891,17.4523790872804));
#4622=CARTESIAN_POINT('Ctrl Pts',(17.7541542629503,-9.0929546842131,17.6594697530223));
#4623=CARTESIAN_POINT('Ctrl Pts',(18.4450627491966,-9.77672680580219,17.74557718948));
#4624=CARTESIAN_POINT('Ctrl Pts',(18.5981591707695,-9.93015805409677,17.7531400217157));
#4625=CARTESIAN_POINT('Ctrl Pts',(18.75,-10.0841360540338,17.7488199553177));
#4626=CARTESIAN_POINT('',(18.75,-10.0841360540338,26.7511800446823));
#4627=CARTESIAN_POINT('',(18.75,-10.0841360540338,69.));
#4628=CARTESIAN_POINT('',(18.75,-10.0841360540338,32.7488199553177));
#4629=CARTESIAN_POINT('Ctrl Pts',(18.75,-10.0841360540338,26.7511800446823));
#4630=CARTESIAN_POINT('Ctrl Pts',(18.4120852811562,-9.74146516096399,26.7415659373985));
#4631=CARTESIAN_POINT('Ctrl Pts',(18.0665519876784,-9.40028551277012,26.790784457611));
#4632=CARTESIAN_POINT('Ctrl Pts',(17.3670191136604,-8.72984988370382,27.007980586727));
#4633=CARTESIAN_POINT('Ctrl Pts',(17.0067607785795,-8.39618346313068,27.1854723715295));
#4634=CARTESIAN_POINT('Ctrl Pts',(16.4214287943134,-7.87165278063751,27.6156192180848));
#4635=CARTESIAN_POINT('Ctrl Pts',(16.1791267266209,-7.6607675806381,27.8439432114336));
#4636=CARTESIAN_POINT('Ctrl Pts',(15.8315907446278,-7.36483048191429,28.2995181684464));
#4637=CARTESIAN_POINT('Ctrl Pts',(15.7059698104469,-7.25986304361303,28.5052413561499));
#4638=CARTESIAN_POINT('Ctrl Pts',(15.5431462939291,-7.12516124807438,28.8783681033417));
#4639=CARTESIAN_POINT('Ctrl Pts',(15.4907082379769,-7.08219337673741,29.0333714825292));
#4640=CARTESIAN_POINT('Ctrl Pts',(15.4313610391198,-7.03371777003896,29.2910271738195));
#4641=CARTESIAN_POINT('Ctrl Pts',(15.4147639273741,-7.02020831553564,29.3884766355216));
#4642=CARTESIAN_POINT('Ctrl Pts',(15.3987631692631,-7.00719287842009,29.5365863409393));
#4643=CARTESIAN_POINT('Ctrl Pts',(15.394926690067,-7.00407488180309,29.5860019269884));
#4644=CARTESIAN_POINT('Ctrl Pts',(15.3911561202647,-7.00101078210327,29.6662895927635));
#4645=CARTESIAN_POINT('Ctrl Pts',(15.3902938046033,-7.00031021375566,29.6970193699682));
#4646=CARTESIAN_POINT('Ctrl Pts',(15.3897573842944,-6.99987439497387,29.7558373385798));
#4647=CARTESIAN_POINT('Ctrl Pts',(15.3899862481829,-7.00006031969385,29.7838997343292));
#4648=CARTESIAN_POINT('Ctrl Pts',(15.3916206468352,-7.00138827663937,29.8481915634164));
#4649=CARTESIAN_POINT('Ctrl Pts',(15.3933490874664,-7.00279266479966,29.8843744608078));
#4650=CARTESIAN_POINT('Ctrl Pts',(15.4011413511379,-7.00912669714186,29.9956523999617));
#4651=CARTESIAN_POINT('Ctrl Pts',(15.4098528490739,-7.01620970104647,30.0702297969993));
#4652=CARTESIAN_POINT('Ctrl Pts',(15.4679029989547,-7.06350022985727,30.427104737627));
#4653=CARTESIAN_POINT('Ctrl Pts',(15.5610353178159,-7.13951649207908,30.6913381185406));
#4654=CARTESIAN_POINT('Ctrl Pts',(15.8047046179247,-7.34237390990139,31.1646198771135));
#4655=CARTESIAN_POINT('Ctrl Pts',(15.9522263474147,-7.46672717283387,31.3733834764036));
#4656=CARTESIAN_POINT('Ctrl Pts',(16.3136435372119,-7.77780766315673,31.7856832403816));
#4657=CARTESIAN_POINT('Ctrl Pts',(16.5382973908054,-7.97529133627172,31.9792755407317));
#4658=CARTESIAN_POINT('Ctrl Pts',(17.2282907293113,-8.59770874958935,32.4523790872806));
#4659=CARTESIAN_POINT('Ctrl Pts',(17.7541542629507,-9.09295468421343,32.6594697530223));
#4660=CARTESIAN_POINT('Ctrl Pts',(18.4450627491964,-9.77672680580202,32.74557718948));
#4661=CARTESIAN_POINT('Ctrl Pts',(18.5981591707694,-9.93015805409669,32.7531400217157));
#4662=CARTESIAN_POINT('Ctrl Pts',(18.75,-10.0841360540338,32.7488199553177));
#4663=CARTESIAN_POINT('',(18.75,-10.0841360540338,47.2511800446823));
#4664=CARTESIAN_POINT('',(18.75,-10.0841360540338,69.));
#4665=CARTESIAN_POINT('',(18.75,-10.0841360540338,53.2488199553177));
#4666=CARTESIAN_POINT('Ctrl Pts',(18.75,-10.0841360540338,47.2511800446823));
#4667=CARTESIAN_POINT('Ctrl Pts',(18.4120852811562,-9.74146516096402,47.2415659373985));
#4668=CARTESIAN_POINT('Ctrl Pts',(18.0665519876785,-9.40028551277019,47.290784457611));
#4669=CARTESIAN_POINT('Ctrl Pts',(17.3670191136604,-8.72984988370382,47.5079805867269));
#4670=CARTESIAN_POINT('Ctrl Pts',(17.0067607785795,-8.3961834631307,47.6854723715295));
#4671=CARTESIAN_POINT('Ctrl Pts',(16.4214287943135,-7.87165278063754,48.1156192180848));
#4672=CARTESIAN_POINT('Ctrl Pts',(16.1791267266209,-7.66076758063813,48.3439432114336));
#4673=CARTESIAN_POINT('Ctrl Pts',(15.8315907446278,-7.36483048191432,48.7995181684463));
#4674=CARTESIAN_POINT('Ctrl Pts',(15.7059698104469,-7.25986304361304,49.0052413561499));
#4675=CARTESIAN_POINT('Ctrl Pts',(15.5431462939291,-7.1251612480744,49.3783681033416));
#4676=CARTESIAN_POINT('Ctrl Pts',(15.4907082379769,-7.08219337673741,49.5333714825291));
#4677=CARTESIAN_POINT('Ctrl Pts',(15.4313610391198,-7.03371777003895,49.7910271738195));
#4678=CARTESIAN_POINT('Ctrl Pts',(15.4147639273741,-7.02020831553564,49.8884766355216));
#4679=CARTESIAN_POINT('Ctrl Pts',(15.3987631692631,-7.00719287842009,50.0365863409393));
#4680=CARTESIAN_POINT('Ctrl Pts',(15.394926690067,-7.00407488180309,50.0860019269884));
#4681=CARTESIAN_POINT('Ctrl Pts',(15.3911561202647,-7.00101078210327,50.1662895927635));
#4682=CARTESIAN_POINT('Ctrl Pts',(15.3902938046033,-7.00031021375567,50.1970193699682));
#4683=CARTESIAN_POINT('Ctrl Pts',(15.3897573842944,-6.99987439497387,50.2558373385798));
#4684=CARTESIAN_POINT('Ctrl Pts',(15.3899862481829,-7.00006031969385,50.2838997343292));
#4685=CARTESIAN_POINT('Ctrl Pts',(15.3916206468352,-7.00138827663937,50.3481915634164));
#4686=CARTESIAN_POINT('Ctrl Pts',(15.3933490874664,-7.00279266479966,50.3843744608078));
#4687=CARTESIAN_POINT('Ctrl Pts',(15.4011413511379,-7.00912669714186,50.4956523999617));
#4688=CARTESIAN_POINT('Ctrl Pts',(15.4098528490739,-7.01620970104647,50.5702297969993));
#4689=CARTESIAN_POINT('Ctrl Pts',(15.4679029989547,-7.06350022985727,50.9271047376269));
#4690=CARTESIAN_POINT('Ctrl Pts',(15.5610353178159,-7.13951649207908,51.1913381185406));
#4691=CARTESIAN_POINT('Ctrl Pts',(15.8047046179247,-7.34237390990138,51.6646198771135));
#4692=CARTESIAN_POINT('Ctrl Pts',(15.9522263474147,-7.46672717283384,51.8733834764036));
#4693=CARTESIAN_POINT('Ctrl Pts',(16.3136435372119,-7.77780766315674,52.2856832403816));
#4694=CARTESIAN_POINT('Ctrl Pts',(16.5382973908054,-7.97529133627176,52.4792755407317));
#4695=CARTESIAN_POINT('Ctrl Pts',(17.2282907293112,-8.59770874958931,52.9523790872805));
#4696=CARTESIAN_POINT('Ctrl Pts',(17.7541542629506,-9.09295468421337,53.1594697530223));
#4697=CARTESIAN_POINT('Ctrl Pts',(18.4450627491965,-9.77672680580208,53.24557718948));
#4698=CARTESIAN_POINT('Ctrl Pts',(18.5981591707695,-9.93015805409672,53.2531400217157));
#4699=CARTESIAN_POINT('Ctrl Pts',(18.75,-10.0841360540338,53.2488199553177));
#4700=CARTESIAN_POINT('',(18.75,-10.0841360540338,62.2511800446823));
#4701=CARTESIAN_POINT('',(18.75,-10.0841360540338,69.));
#4702=CARTESIAN_POINT('',(18.75,-10.0841360540338,68.2488199553177));
#4703=CARTESIAN_POINT('Ctrl Pts',(18.75,-10.0841360540338,62.2511800446823));
#4704=CARTESIAN_POINT('Ctrl Pts',(18.4120852811562,-9.74146516096403,62.2415659373985));
#4705=CARTESIAN_POINT('Ctrl Pts',(18.0665519876785,-9.40028551277021,62.290784457611));
#4706=CARTESIAN_POINT('Ctrl Pts',(17.3670191136606,-8.72984988370399,62.5079805867269));
#4707=CARTESIAN_POINT('Ctrl Pts',(17.0067607785797,-8.39618346313086,62.6854723715294));
#4708=CARTESIAN_POINT('Ctrl Pts',(16.4214287943136,-7.87165278063766,63.1156192180847));
#4709=CARTESIAN_POINT('Ctrl Pts',(16.179126726621,-7.66076758063823,63.3439432114334));
#4710=CARTESIAN_POINT('Ctrl Pts',(15.8315907446279,-7.36483048191438,63.7995181684462));
#4711=CARTESIAN_POINT('Ctrl Pts',(15.705969810447,-7.2598630436131,64.0052413561498));
#4712=CARTESIAN_POINT('Ctrl Pts',(15.5431462939291,-7.12516124807441,64.3783681033416));
#4713=CARTESIAN_POINT('Ctrl Pts',(15.4907082379769,-7.08219337673743,64.5333714825291));
#4714=CARTESIAN_POINT('Ctrl Pts',(15.4313610391198,-7.03371777003898,64.7910271738194));
#4715=CARTESIAN_POINT('Ctrl Pts',(15.4147639273741,-7.02020831553564,64.8884766355215));
#4716=CARTESIAN_POINT('Ctrl Pts',(15.3987631692631,-7.00719287842009,65.0365863409393));
#4717=CARTESIAN_POINT('Ctrl Pts',(15.394926690067,-7.0040748818031,65.0860019269884));
#4718=CARTESIAN_POINT('Ctrl Pts',(15.3911561202647,-7.00101078210328,65.1662895927634));
#4719=CARTESIAN_POINT('Ctrl Pts',(15.3902938046033,-7.00031021375567,65.1970193699682));
#4720=CARTESIAN_POINT('Ctrl Pts',(15.3897573842944,-6.99987439497387,65.2558373385798));
#4721=CARTESIAN_POINT('Ctrl Pts',(15.3899862481829,-7.00006031969385,65.2838997343292));
#4722=CARTESIAN_POINT('Ctrl Pts',(15.3916206468352,-7.00138827663937,65.3481915634164));
#4723=CARTESIAN_POINT('Ctrl Pts',(15.3933490874664,-7.00279266479965,65.3843744608077));
#4724=CARTESIAN_POINT('Ctrl Pts',(15.4011413511379,-7.00912669714186,65.4956523999617));
#4725=CARTESIAN_POINT('Ctrl Pts',(15.4098528490739,-7.01620970104647,65.5702297969994));
#4726=CARTESIAN_POINT('Ctrl Pts',(15.4679029989547,-7.06350022985727,65.927104737627));
#4727=CARTESIAN_POINT('Ctrl Pts',(15.5610353178159,-7.13951649207909,66.1913381185406));
#4728=CARTESIAN_POINT('Ctrl Pts',(15.8047046179247,-7.34237390990139,66.6646198771135));
#4729=CARTESIAN_POINT('Ctrl Pts',(15.9522263474147,-7.46672717283386,66.8733834764036));
#4730=CARTESIAN_POINT('Ctrl Pts',(16.3136435372119,-7.77780766315673,67.2856832403816));
#4731=CARTESIAN_POINT('Ctrl Pts',(16.5382973908054,-7.97529133627172,67.4792755407317));
#4732=CARTESIAN_POINT('Ctrl Pts',(17.2282907293113,-8.59770874958931,67.9523790872805));
#4733=CARTESIAN_POINT('Ctrl Pts',(17.7541542629506,-9.09295468421339,68.1594697530223));
#4734=CARTESIAN_POINT('Ctrl Pts',(18.4450627491965,-9.77672680580208,68.24557718948));
#4735=CARTESIAN_POINT('Ctrl Pts',(18.5981591707695,-9.93015805409672,68.2531400217157));
#4736=CARTESIAN_POINT('Ctrl Pts',(18.75,-10.0841360540338,68.2488199553177));
#4737=CARTESIAN_POINT('',(18.75,-10.0841360540338,69.));
#4738=CARTESIAN_POINT('',(18.75,-10.0841360540338,69.));
#4739=CARTESIAN_POINT('Ctrl Pts',(17.7528504951072,-9.09905070833238,69.));
#4740=CARTESIAN_POINT('Ctrl Pts',(18.07990538182,-9.41320803841487,69.));
#4741=CARTESIAN_POINT('Ctrl Pts',(18.401893350399,-9.73166350815027,69.));
#4742=CARTESIAN_POINT('Ctrl Pts',(18.7194072188489,-10.0531371992732,69.));
#4743=CARTESIAN_POINT('Ctrl Pts',(18.7296109896104,-10.0634682247055,69.));
#4744=CARTESIAN_POINT('Ctrl Pts',(18.7398024214483,-10.0737945135218,69.));
#4745=CARTESIAN_POINT('Ctrl Pts',(18.7499816508087,-10.0841161654503,69.));
#4746=CARTESIAN_POINT('Origin',(0.,21.,69.));
#4747=CARTESIAN_POINT('',(18.7500457921,21.,69.));
#4748=CARTESIAN_POINT('',(10.6769669457506,17.7579794931605,69.));
#4749=CARTESIAN_POINT('',(20.75,21.,69.));
#4750=CARTESIAN_POINT('',(10.94215,21.,69.));
#4751=CARTESIAN_POINT('',(20.75,12.,69.));
#4752=CARTESIAN_POINT('',(20.75,21.,69.));
#4753=CARTESIAN_POINT('',(18.75,10.,69.));
#4754=CARTESIAN_POINT('',(17.3125,8.5625,69.));
#4755=CARTESIAN_POINT('',(18.75,15.5420680270169,69.));
#4756=CARTESIAN_POINT('Origin',(18.7500457921,21.,0.));
#4757=CARTESIAN_POINT('',(12.2500457921,18.3897030246415,80.));
#4758=CARTESIAN_POINT('',(12.2500457921,18.3897030246415,0.));
#4759=CARTESIAN_POINT('',(18.7500457921,21.,80.));
#4760=CARTESIAN_POINT('',(-4.65822010006958,11.5996114374279,80.));
#4761=CARTESIAN_POINT('',(18.7500457921,21.,0.));
#4762=CARTESIAN_POINT('Origin',(15.0000457921,0.57808168886078,71.75));
#4763=CARTESIAN_POINT('',(17.7500457921,-22.5144364034275,69.));
#4764=CARTESIAN_POINT('',(17.7500457921,0.57808168886078,69.));
#4765=CARTESIAN_POINT('',(12.2500457921,-19.8438366222785,74.5));
#4766=CARTESIAN_POINT('',(23.0289555573962,-25.0776828150466,63.7210902347038));
#4767=CARTESIAN_POINT('',(12.2500457921,-9.09695874542011,74.5));
#4768=CARTESIAN_POINT('',(12.2500457921,0.578081688860779,74.5));
#4769=CARTESIAN_POINT('',(12.2500457921,-9.09695874542011,74.5));
#4770=CARTESIAN_POINT('Ctrl Pts',(12.2500457921,-7.48607569386199,74.5));
#4771=CARTESIAN_POINT('Ctrl Pts',(12.2500457921,-8.02303671104803,74.5));
#4772=CARTESIAN_POINT('Ctrl Pts',(12.2500457921,-8.55999772823407,74.5));
#4773=CARTESIAN_POINT('Ctrl Pts',(12.2500457921,-9.09695874542011,74.5));
#4774=CARTESIAN_POINT('Ctrl Pts',(13.1213912019959,-7.48607569386199,73.6286545901041));
#4775=CARTESIAN_POINT('Ctrl Pts',(13.1213912019959,-8.02303671104803,73.6286545901041));
#4776=CARTESIAN_POINT('Ctrl Pts',(13.1213912019959,-8.55999772823407,73.6286545901041));
#4777=CARTESIAN_POINT('Ctrl Pts',(13.1213912019959,-9.09695874542011,73.6286545901041));
#4778=CARTESIAN_POINT('Ctrl Pts',(13.9927366118917,-7.48607569386199,72.7573091802083));
#4779=CARTESIAN_POINT('Ctrl Pts',(13.9927366118917,-8.02303671104803,72.7573091802083));
#4780=CARTESIAN_POINT('Ctrl Pts',(13.9927366118917,-8.55999772823407,72.7573091802083));
#4781=CARTESIAN_POINT('Ctrl Pts',(13.9927366118917,-9.09695874542011,72.7573091802083));
#4782=CARTESIAN_POINT('Ctrl Pts',(14.8640820217876,-7.48607569386199,71.8859637703124));
#4783=CARTESIAN_POINT('Ctrl Pts',(14.8640820217876,-8.02303671104803,71.8859637703124));
#4784=CARTESIAN_POINT('Ctrl Pts',(14.8640820217876,-8.55999772823407,71.8859637703124));
#4785=CARTESIAN_POINT('Ctrl Pts',(14.8640820217876,-9.09695874542011,71.8859637703124));
#4786=CARTESIAN_POINT('Ctrl Pts',(12.2500457921,-9.09695874542011,74.5));
#4787=CARTESIAN_POINT('Ctrl Pts',(12.2500457921,-8.55999772823407,74.5));
#4788=CARTESIAN_POINT('Ctrl Pts',(12.2500457921,-8.02303671104803,74.5));
#4789=CARTESIAN_POINT('Ctrl Pts',(12.2500457921,-7.48607569386199,74.5));
#4790=CARTESIAN_POINT('Origin',(12.2500457921,-19.8438366222784,0.));
#4791=CARTESIAN_POINT('',(12.2500457921,-19.8438366222784,80.));
#4792=CARTESIAN_POINT('',(12.2500457921,-19.8438366222785,-3.87453920485136E-43));
#4793=CARTESIAN_POINT('',(12.2500457921,-1.,80.));
#4794=CARTESIAN_POINT('Origin',(18.75,-10.,69.));
#4795=CARTESIAN_POINT('',(18.75,-10.,11.75));
#4796=CARTESIAN_POINT('',(18.75,-10.0841360540338,11.7511800446823));
#4797=CARTESIAN_POINT('Origin',(18.75,-10.,14.75));
#4798=CARTESIAN_POINT('',(18.75,-10.0841360540338,11.75));
#4799=CARTESIAN_POINT('',(18.75,-10.0841360540338,69.));
#4800=CARTESIAN_POINT('',(18.75,-16.5,11.75));
#4801=CARTESIAN_POINT('Origin',(18.75,-10.,69.));
#4802=CARTESIAN_POINT('',(18.75,-10.,26.75));
#4803=CARTESIAN_POINT('Origin',(18.75,-10.,29.75));
#4804=CARTESIAN_POINT('',(18.75,-10.,17.75));
#4805=CARTESIAN_POINT('Origin',(18.75,-10.,14.75));
#4806=CARTESIAN_POINT('',(18.75,-10.,40.0625));
#4807=CARTESIAN_POINT('Origin',(18.75,-10.,69.));
#4808=CARTESIAN_POINT('',(18.75,-10.,68.25));
#4809=CARTESIAN_POINT('Origin',(18.75,-10.,65.25));
#4810=CARTESIAN_POINT('',(18.75,-10.,69.));
#4811=CARTESIAN_POINT('',(18.75,-10.,40.0625));
#4812=CARTESIAN_POINT('',(18.75,5.5,69.));
#4813=CARTESIAN_POINT('Origin',(18.75,-10.,69.));
#4814=CARTESIAN_POINT('',(18.75,-10.,47.25));
#4815=CARTESIAN_POINT('Origin',(18.75,-10.,50.25));
#4816=CARTESIAN_POINT('',(18.75,-10.,32.75));
#4817=CARTESIAN_POINT('Origin',(18.75,-10.,29.75));
#4818=CARTESIAN_POINT('',(18.75,-10.,40.0625));
#4819=CARTESIAN_POINT('Ctrl Pts',(18.75,-10.0841360540338,69.));
#4820=CARTESIAN_POINT('Ctrl Pts',(18.75,-10.0841360540338,6.02499999999997));
#4821=CARTESIAN_POINT('Ctrl Pts',(17.9770454157082,-9.30030207779289,69.));
#4822=CARTESIAN_POINT('Ctrl Pts',(17.9770454157082,-9.30030207779289,6.02499999999997));
#4823=CARTESIAN_POINT('Ctrl Pts',(17.1684200513005,-8.52722156128135,69.));
#4824=CARTESIAN_POINT('Ctrl Pts',(17.1684200513005,-8.52722156128135,6.02499999999997));
#4825=CARTESIAN_POINT('Ctrl Pts',(15.6196790812176,-7.17168708907282,69.));
#4826=CARTESIAN_POINT('Ctrl Pts',(15.6196790812176,-7.17168708907282,6.02499999999997));
#4827=CARTESIAN_POINT('Ctrl Pts',(14.8618528997904,-6.55775020760869,69.));
#4828=CARTESIAN_POINT('Ctrl Pts',(14.8618528997904,-6.55775020760869,6.02499999999997));
#4829=CARTESIAN_POINT('Ctrl Pts',(14.0837454974912,-6.00000000001664,69.));
#4830=CARTESIAN_POINT('Ctrl Pts',(14.0837454974912,-6.00000000001664,6.02499999999997));
#4831=CARTESIAN_POINT('Ctrl Pts',(18.75,-10.0841360540338,11.7511800446823));
#4832=CARTESIAN_POINT('Ctrl Pts',(18.7223320310822,-10.0560786564428,11.7503928554696));
#4833=CARTESIAN_POINT('Ctrl Pts',(18.6946138655058,-10.0280304913891,11.7499999566388));
#4834=CARTESIAN_POINT('Ctrl Pts',(18.6668528688096,-10.,11.75));
#4835=CARTESIAN_POINT('Ctrl Pts',(18.75,-10.0841360540338,11.75));
#4836=CARTESIAN_POINT('Ctrl Pts',(18.722329760701,-10.0560763541057,11.75));
#4837=CARTESIAN_POINT('Ctrl Pts',(18.6946138093746,-10.028030434713,11.75));
#4838=CARTESIAN_POINT('Ctrl Pts',(18.6668528688096,-10.,11.75));
#4839=CARTESIAN_POINT('Ctrl Pts',(14.0837454974912,6.00000000001663,69.));
#4840=CARTESIAN_POINT('Ctrl Pts',(14.0837454974912,6.00000000001663,6.02499999999997));
#4841=CARTESIAN_POINT('Ctrl Pts',(14.8618528997904,6.55775020760867,69.));
#4842=CARTESIAN_POINT('Ctrl Pts',(14.8618528997904,6.55775020760867,6.02499999999997));
#4843=CARTESIAN_POINT('Ctrl Pts',(15.6196790812176,7.17168708907279,69.));
#4844=CARTESIAN_POINT('Ctrl Pts',(15.6196790812176,7.17168708907279,6.02499999999997));
#4845=CARTESIAN_POINT('Ctrl Pts',(17.1684200513005,8.52722156128134,69.));
#4846=CARTESIAN_POINT('Ctrl Pts',(17.1684200513005,8.52722156128134,6.02499999999997));
#4847=CARTESIAN_POINT('Ctrl Pts',(17.9770454157082,9.30030207779289,69.));
#4848=CARTESIAN_POINT('Ctrl Pts',(17.9770454157082,9.30030207779289,6.02499999999997));
#4849=CARTESIAN_POINT('Ctrl Pts',(18.75,10.0841360540338,69.));
#4850=CARTESIAN_POINT('Ctrl Pts',(18.75,10.0841360540338,6.02499999999997));
#4851=CARTESIAN_POINT('',(18.75,10.0841360540338,11.7511800446823));
#4852=CARTESIAN_POINT('Ctrl Pts',(18.6668528688096,10.,11.75));
#4853=CARTESIAN_POINT('Ctrl Pts',(18.6946053271069,10.0280218701021,11.7500000098543));
#4854=CARTESIAN_POINT('Ctrl Pts',(18.7223234309041,10.0560699352165,11.7503926107834));
#4855=CARTESIAN_POINT('Ctrl Pts',(18.75,10.0841360540338,11.7511800446823));
#4856=CARTESIAN_POINT('',(18.75,10.0841360540338,11.75));
#4857=CARTESIAN_POINT('',(18.75,10.0841360540338,69.));
#4858=CARTESIAN_POINT('Ctrl Pts',(18.6668528688096,10.,11.75));
#4859=CARTESIAN_POINT('Ctrl Pts',(18.6946138093746,10.028030434713,11.75));
#4860=CARTESIAN_POINT('Ctrl Pts',(18.722329760701,10.0560763541057,11.75));
#4861=CARTESIAN_POINT('Ctrl Pts',(18.75,10.0841360540338,11.75));
#4862=CARTESIAN_POINT('Origin',(18.75,10.0841360540338,69.));
#4863=CARTESIAN_POINT('',(18.75,10.,11.75));
#4864=CARTESIAN_POINT('Origin',(18.75,10.,14.75));
#4865=CARTESIAN_POINT('',(18.75,-6.45793197298308,11.75));
#4866=CARTESIAN_POINT('Origin',(18.75,10.0841360540338,69.));
#4867=CARTESIAN_POINT('',(18.75,9.99999999999999,68.25));
#4868=CARTESIAN_POINT('Origin',(18.75,10.,65.25));
#4869=CARTESIAN_POINT('',(18.75,10.,48.9375));
#4870=CARTESIAN_POINT('Origin',(18.75,10.0841360540338,69.));
#4871=CARTESIAN_POINT('',(18.75,10.,53.25));
#4872=CARTESIAN_POINT('Origin',(18.75,10.,50.25));
#4873=CARTESIAN_POINT('',(18.75,9.99999999999999,62.25));
#4874=CARTESIAN_POINT('Origin',(18.75,10.,65.25));
#4875=CARTESIAN_POINT('',(18.75,10.,48.9375));
#4876=CARTESIAN_POINT('Origin',(18.75,10.0841360540338,69.));
#4877=CARTESIAN_POINT('',(18.75,10.,26.75));
#4878=CARTESIAN_POINT('Origin',(18.75,10.,29.75));
#4879=CARTESIAN_POINT('',(18.75,10.,17.75));
#4880=CARTESIAN_POINT('',(18.75,10.,48.9375));
#4881=CARTESIAN_POINT('Origin',(18.75,10.,14.75));
#4882=CARTESIAN_POINT('Origin',(18.75,10.0841360540338,69.));
#4883=CARTESIAN_POINT('',(18.75,10.,32.75));
#4884=CARTESIAN_POINT('Origin',(18.75,10.,29.75));
#4885=CARTESIAN_POINT('',(18.75,10.,47.25));
#4886=CARTESIAN_POINT('Origin',(18.75,10.,50.25));
#4887=CARTESIAN_POINT('',(18.75,10.,48.9375));
#4888=CARTESIAN_POINT('Origin',(16.75,8.,28.875));
#4889=CARTESIAN_POINT('',(20.75,12.,67.4860679774998));
#4890=CARTESIAN_POINT('',(20.75,12.,63.375));
#4891=CARTESIAN_POINT('Origin',(18.75,10.,65.25));
#4892=CARTESIAN_POINT('Origin',(16.75,8.,28.875));
#4893=CARTESIAN_POINT('',(20.75,12.,63.0139320225002));
#4894=CARTESIAN_POINT('Origin',(18.75,10.,65.25));
#4895=CARTESIAN_POINT('',(20.75,12.,52.4860679774998));
#4896=CARTESIAN_POINT('',(20.75,12.,60.));
#4897=CARTESIAN_POINT('Origin',(18.75,10.,50.25));
#4898=CARTESIAN_POINT('Origin',(16.75,8.,28.875));
#4899=CARTESIAN_POINT('',(20.75,12.,27.5139320225002));
#4900=CARTESIAN_POINT('Origin',(18.75,10.,29.75));
#4901=CARTESIAN_POINT('',(20.75,12.,16.9860679774998));
#4902=CARTESIAN_POINT('',(20.75,12.,42.25));
#4903=CARTESIAN_POINT('Origin',(18.75,10.,14.75));
#4904=CARTESIAN_POINT('Origin',(18.75,-10.,69.));
#4905=CARTESIAN_POINT('',(18.75,-10.,53.25));
#4906=CARTESIAN_POINT('Origin',(18.75,-10.,50.25));
#4907=CARTESIAN_POINT('',(18.75,-10.,62.25));
#4908=CARTESIAN_POINT('',(18.75,-10.,40.0625));
#4909=CARTESIAN_POINT('Origin',(18.75,-10.,65.25));
#4910=CARTESIAN_POINT('Origin',(16.75,-8.,11.125));
#4911=CARTESIAN_POINT('',(20.75,-12.,31.9860679774998));
#4912=CARTESIAN_POINT('Origin',(18.75,-10.,29.75));
#4913=CARTESIAN_POINT('',(20.75,-12.,48.0139320225002));
#4914=CARTESIAN_POINT('',(20.75,-12.,45.25));
#4915=CARTESIAN_POINT('Origin',(18.75,-10.,50.25));
#4916=CARTESIAN_POINT('Origin',(16.75,-8.,11.125));
#4917=CARTESIAN_POINT('',(20.75,-12.,16.9860679774998));
#4918=CARTESIAN_POINT('Origin',(18.75,-10.,14.75));
#4919=CARTESIAN_POINT('',(20.75,-12.,27.5139320225002));
#4920=CARTESIAN_POINT('',(20.75,-12.,37.75));
#4921=CARTESIAN_POINT('Origin',(18.75,-10.,29.75));
#4922=CARTESIAN_POINT('Origin',(16.75,-8.,11.125));
#4923=CARTESIAN_POINT('',(20.75,-12.,52.4860679774998));
#4924=CARTESIAN_POINT('Origin',(18.75,-10.,50.25));
#4925=CARTESIAN_POINT('',(20.75,-12.,63.0139320225002));
#4926=CARTESIAN_POINT('',(20.75,-12.,55.5));
#4927=CARTESIAN_POINT('Origin',(18.75,-10.,65.25));
#4928=CARTESIAN_POINT('Ctrl Pts',(12.2500457921,-4.82489160559342,11.75));
#4929=CARTESIAN_POINT('Ctrl Pts',(12.2500457921,-4.82489160559342,74.725));
#4930=CARTESIAN_POINT('Ctrl Pts',(12.1181413179422,-4.75103667292646,11.75));
#4931=CARTESIAN_POINT('Ctrl Pts',(12.1181413179422,-4.75103667292646,74.725));
#4932=CARTESIAN_POINT('Ctrl Pts',(11.9850984487669,-4.6790009630572,11.75));
#4933=CARTESIAN_POINT('Ctrl Pts',(11.9850984487669,-4.6790009630572,74.725));
#4934=CARTESIAN_POINT('Ctrl Pts',(11.7211056971703,-4.5413267822698,11.75));
#4935=CARTESIAN_POINT('Ctrl Pts',(11.7211056971703,-4.5413267822698,74.725));
#4936=CARTESIAN_POINT('Ctrl Pts',(11.5900452242254,-4.47547123437853,11.75));
#4937=CARTESIAN_POINT('Ctrl Pts',(11.5900452242254,-4.47547123437853,74.725));
#4938=CARTESIAN_POINT('Ctrl Pts',(11.4580157254638,-4.41184204296843,11.75));
#4939=CARTESIAN_POINT('Ctrl Pts',(11.4580157254638,-4.41184204296843,74.725));
#4940=CARTESIAN_POINT('',(11.4580157254638,-4.41184204296843,35.25));
#4941=CARTESIAN_POINT('Ctrl Pts',(11.7475908052772,-4.55566792809731,35.2168950753479));
#4942=CARTESIAN_POINT('Ctrl Pts',(11.71797120336,-4.54052453914016,35.2236368447096));
#4943=CARTESIAN_POINT('Ctrl Pts',(11.6880968793162,-4.52538191412895,35.2294275753711));
#4944=CARTESIAN_POINT('Ctrl Pts',(11.6579478922537,-4.51023845706234,35.2341919150992));
#4945=CARTESIAN_POINT('Ctrl Pts',(11.5923274775531,-4.47727814795973,35.2445616813565));
#4946=CARTESIAN_POINT('Ctrl Pts',(11.525817659953,-4.44451793970403,35.25));
#4947=CARTESIAN_POINT('Ctrl Pts',(11.4580157254638,-4.41184204296843,35.25));
#4948=CARTESIAN_POINT('',(12.2500457921,-4.82489160559342,11.75));
#4949=CARTESIAN_POINT('Ctrl Pts',(11.7475908053053,-4.55566792811168,11.75));
#4950=CARTESIAN_POINT('Ctrl Pts',(11.7821557071836,-4.57333966302817,11.75));
#4951=CARTESIAN_POINT('Ctrl Pts',(11.8166454578036,-4.59115147707018,11.75));
#4952=CARTESIAN_POINT('Ctrl Pts',(11.8510574634623,-4.60909759361946,11.75));
#4953=CARTESIAN_POINT('Ctrl Pts',(11.9850984487669,-4.6790009630572,11.75));
#4954=CARTESIAN_POINT('Ctrl Pts',(12.1181413179422,-4.75103667292646,11.75));
#4955=CARTESIAN_POINT('Ctrl Pts',(12.2500457921,-4.82489160559342,11.75));
#4956=CARTESIAN_POINT('',(12.2500457921,-4.82489160559342,11.75));
#4957=CARTESIAN_POINT('',(11.4580157254638,-4.41184204296843,11.75));
#4958=CARTESIAN_POINT('Ctrl Pts',(14.083745497468,-6.,11.75));
#4959=CARTESIAN_POINT('Ctrl Pts',(14.083745497468,-6.,74.725));
#4960=CARTESIAN_POINT('Ctrl Pts',(13.7790167558632,-5.78156933299086,11.75));
#4961=CARTESIAN_POINT('Ctrl Pts',(13.7790167558632,-5.78156933299086,74.725));
#4962=CARTESIAN_POINT('Ctrl Pts',(13.468069717489,-5.56952479097562,11.75));
#4963=CARTESIAN_POINT('Ctrl Pts',(13.468069717489,-5.56952479097562,74.725));
#4964=CARTESIAN_POINT('Ctrl Pts',(12.8572266177365,-5.17807200724909,11.75));
#4965=CARTESIAN_POINT('Ctrl Pts',(12.8572266177365,-5.17807200724909,74.725));
#4966=CARTESIAN_POINT('Ctrl Pts',(12.5559413355921,-4.99616627168807,11.75));
#4967=CARTESIAN_POINT('Ctrl Pts',(12.5559413355921,-4.99616627168807,74.725));
#4968=CARTESIAN_POINT('Ctrl Pts',(12.2500457921077,-4.82489160559774,11.75));
#4969=CARTESIAN_POINT('Ctrl Pts',(12.2500457921077,-4.82489160559774,74.725));
#4970=CARTESIAN_POINT('Ctrl Pts',(12.2500457921077,-4.82489160559774,11.75));
#4971=CARTESIAN_POINT('Ctrl Pts',(12.5559413355921,-4.99616627168807,11.75));
#4972=CARTESIAN_POINT('Ctrl Pts',(12.8572266177365,-5.17807200724909,11.75));
#4973=CARTESIAN_POINT('Ctrl Pts',(13.1523900052103,-5.3672245567787,11.75));
#4974=CARTESIAN_POINT('Ctrl Pts',(13.468069717489,-5.56952479097562,11.75));
#4975=CARTESIAN_POINT('Ctrl Pts',(13.7790167558632,-5.78156933299086,11.75));
#4976=CARTESIAN_POINT('Ctrl Pts',(14.083745497468,-6.,11.75));
#4977=CARTESIAN_POINT('Ctrl Pts',(12.2500457921077,4.82489160559774,11.75));
#4978=CARTESIAN_POINT('Ctrl Pts',(12.2500457921077,4.82489160559774,74.725));
#4979=CARTESIAN_POINT('Ctrl Pts',(12.5559413355921,4.99616627168807,11.75));
#4980=CARTESIAN_POINT('Ctrl Pts',(12.5559413355921,4.99616627168807,74.725));
#4981=CARTESIAN_POINT('Ctrl Pts',(12.8572266177365,5.17807200724907,11.75));
#4982=CARTESIAN_POINT('Ctrl Pts',(12.8572266177365,5.17807200724907,74.725));
#4983=CARTESIAN_POINT('Ctrl Pts',(13.468069717489,5.56952479097564,11.75));
#4984=CARTESIAN_POINT('Ctrl Pts',(13.468069717489,5.56952479097564,74.725));
#4985=CARTESIAN_POINT('Ctrl Pts',(13.7790167558632,5.78156933299092,11.75));
#4986=CARTESIAN_POINT('Ctrl Pts',(13.7790167558632,5.78156933299092,74.725));
#4987=CARTESIAN_POINT('Ctrl Pts',(14.083745497468,6.,11.75));
#4988=CARTESIAN_POINT('Ctrl Pts',(14.083745497468,6.,74.725));
#4989=CARTESIAN_POINT('',(12.2500457921,4.82489160559342,11.75));
#4990=CARTESIAN_POINT('Ctrl Pts',(14.083745497468,6.,11.75));
#4991=CARTESIAN_POINT('Ctrl Pts',(13.7790167558632,5.78156933299092,11.75));
#4992=CARTESIAN_POINT('Ctrl Pts',(13.468069717489,5.56952479097564,11.75));
#4993=CARTESIAN_POINT('Ctrl Pts',(13.1523900052103,5.3672245567787,11.75));
#4994=CARTESIAN_POINT('Ctrl Pts',(12.8572266177365,5.17807200724907,11.75));
#4995=CARTESIAN_POINT('Ctrl Pts',(12.5559413355921,4.99616627168807,11.75));
#4996=CARTESIAN_POINT('Ctrl Pts',(12.2500457921077,4.82489160559774,11.75));
#4997=CARTESIAN_POINT('',(12.2500457921,4.82489160559342,11.75));
#4998=CARTESIAN_POINT('Ctrl Pts',(11.4580157254638,4.41184204296843,11.75));
#4999=CARTESIAN_POINT('Ctrl Pts',(11.4580157254638,4.41184204296843,74.725));
#5000=CARTESIAN_POINT('Ctrl Pts',(11.5900452242254,4.47547123437853,11.75));
#5001=CARTESIAN_POINT('Ctrl Pts',(11.5900452242254,4.47547123437853,74.725));
#5002=CARTESIAN_POINT('Ctrl Pts',(11.7211056971703,4.5413267822698,11.75));
#5003=CARTESIAN_POINT('Ctrl Pts',(11.7211056971703,4.5413267822698,74.725));
#5004=CARTESIAN_POINT('Ctrl Pts',(11.9850984487669,4.6790009630572,11.75));
#5005=CARTESIAN_POINT('Ctrl Pts',(11.9850984487669,4.6790009630572,74.725));
#5006=CARTESIAN_POINT('Ctrl Pts',(12.1181413179422,4.75103667292646,11.75));
#5007=CARTESIAN_POINT('Ctrl Pts',(12.1181413179422,4.75103667292646,74.725));
#5008=CARTESIAN_POINT('Ctrl Pts',(12.2500457921,4.82489160559342,11.75));
#5009=CARTESIAN_POINT('Ctrl Pts',(12.2500457921,4.82489160559342,74.725));
#5010=CARTESIAN_POINT('',(11.4580157254638,4.41184204296843,44.75));
#5011=CARTESIAN_POINT('',(11.4580157254638,4.41184204296843,11.75));
#5012=CARTESIAN_POINT('Ctrl Pts',(11.7475908052772,4.5556679280973,44.7831049246521));
#5013=CARTESIAN_POINT('Ctrl Pts',(11.7179728080297,4.54052535954744,44.776363520532));
#5014=CARTESIAN_POINT('Ctrl Pts',(11.688098191254,4.5253825730988,44.7705726319498));
#5015=CARTESIAN_POINT('Ctrl Pts',(11.6579478922537,4.51023845706234,44.7658080849008));
#5016=CARTESIAN_POINT('Ctrl Pts',(11.5923274777461,4.47727814805666,44.755438318674));
#5017=CARTESIAN_POINT('Ctrl Pts',(11.5258176600677,4.44451793975931,44.75));
#5018=CARTESIAN_POINT('Ctrl Pts',(11.4580157254638,4.41184204296843,44.75));
#5019=CARTESIAN_POINT('Ctrl Pts',(12.2500457921,4.82489160559342,11.75));
#5020=CARTESIAN_POINT('Ctrl Pts',(12.1181413179422,4.75103667292646,11.75));
#5021=CARTESIAN_POINT('Ctrl Pts',(11.9850984487669,4.6790009630572,11.75));
#5022=CARTESIAN_POINT('Ctrl Pts',(11.8510574634623,4.60909759361946,11.75));
#5023=CARTESIAN_POINT('Ctrl Pts',(11.8166454578036,4.59115147707018,11.75));
#5024=CARTESIAN_POINT('Ctrl Pts',(11.7821557071836,4.57333966302817,11.75));
#5025=CARTESIAN_POINT('Ctrl Pts',(11.7475908053053,4.55566792811169,11.75));
#5026=CARTESIAN_POINT('Origin',(10.8503413315676,-5.67275615893239,0.));
#5027=CARTESIAN_POINT('',(9.60993394317352,-5.02424857404877,35.25));
#5028=CARTESIAN_POINT('',(9.60993394317352,-5.02424857404877,0.));
#5029=CARTESIAN_POINT('Origin',(10.8503413315676,-5.67275615893239,35.25));
#5030=CARTESIAN_POINT('Origin',(12.2500457921,-19.8438366222784,0.));
#5031=CARTESIAN_POINT('',(12.2500457921,5.67275615893239,77.5));
#5032=CARTESIAN_POINT('',(12.2500457921,5.67275615893239,0.));
#5033=CARTESIAN_POINT('',(12.2500457921,2.03290419729138,80.));
#5034=CARTESIAN_POINT('Ctrl Pts',(12.2500457921,5.67275615893239,77.5));
#5035=CARTESIAN_POINT('Ctrl Pts',(12.2500457921,4.71138157880981,77.5));
#5036=CARTESIAN_POINT('Ctrl Pts',(12.2500457921,2.03290419729137,80.));
#5037=CARTESIAN_POINT('',(12.2500457921,-1.,80.));
#5038=CARTESIAN_POINT('Origin',(10.8503413315676,5.67275615893239,46.));
#5039=CARTESIAN_POINT('',(9.60993394317352,5.02424857404877,44.75));
#5040=CARTESIAN_POINT('Origin',(10.8503413315676,5.67275615893239,44.75));
#5041=CARTESIAN_POINT('',(9.60993394317352,5.02424857404877,44.75));
#5042=CARTESIAN_POINT('Origin',(10.8503413315676,5.67275615893239,0.));
#5043=CARTESIAN_POINT('Origin',(10.8503413315676,5.67275615893239,77.5));
#5044=CARTESIAN_POINT('Origin',(20.75,-1.,57.75));
#5045=CARTESIAN_POINT('',(20.75,21.,11.75));
#5046=CARTESIAN_POINT('',(20.75,21.,28.875));
#5047=CARTESIAN_POINT('',(20.75,10.,11.75));
#5048=CARTESIAN_POINT('',(20.75,-23.,11.75));
#5049=CARTESIAN_POINT('Origin',(20.75,10.,14.75));
#5050=CARTESIAN_POINT('',(20.75,12.,31.9860679774998));
#5051=CARTESIAN_POINT('Origin',(20.75,10.,29.75));
#5052=CARTESIAN_POINT('',(20.75,12.,48.0139320225002));
#5053=CARTESIAN_POINT('',(20.75,12.,52.5));
#5054=CARTESIAN_POINT('Origin',(20.75,10.,50.25));
#5055=CARTESIAN_POINT('Origin',(20.75,10.,65.25));
#5056=CARTESIAN_POINT('Origin',(0.,-23.,11.75));
#5057=CARTESIAN_POINT('',(0.,10.,11.75));
#5058=CARTESIAN_POINT('',(18.7500457921,21.,11.75));
#5059=CARTESIAN_POINT('',(10.9421500000001,21.,11.75));
#5060=CARTESIAN_POINT('',(-4.65822010006958,11.5996114374279,11.75));
#5061=CARTESIAN_POINT('',(3.06904407011459,14.702758251463,11.75));
#5062=CARTESIAN_POINT('',(-5.4599285076471,-11.2445178060859,11.75));
#5063=CARTESIAN_POINT('Origin',(0.,0.,11.75));
#5064=CARTESIAN_POINT('',(18.7500457921,-23.,11.75));
#5065=CARTESIAN_POINT('',(-0.941310726986438,-13.4385941072001,11.75));
#5066=CARTESIAN_POINT('',(20.75,-23.,11.75));
#5067=CARTESIAN_POINT('',(9.37502289605,-23.,11.75));
#5068=CARTESIAN_POINT('',(20.75,-10.,11.75));
#5069=CARTESIAN_POINT('',(20.75,-23.,11.75));
#5070=CARTESIAN_POINT('',(0.,-10.,11.75));
#5071=CARTESIAN_POINT('',(-5.05,-6.18446633569413E-16,11.75));
#5072=CARTESIAN_POINT('Origin',(0.,0.,11.75));
#5073=CARTESIAN_POINT('Origin',(21.8843,21.,0.));
#5074=CARTESIAN_POINT('',(21.8843,21.,80.));
#5075=CARTESIAN_POINT('',(18.7500457921,21.,80.));
#5076=CARTESIAN_POINT('',(21.8843,21.,0.));
#5077=CARTESIAN_POINT('',(21.8843,21.,0.));
#5078=CARTESIAN_POINT('',(18.7500457921,21.,0.));
#5079=CARTESIAN_POINT('',(18.7500457921,21.,0.));
#5080=CARTESIAN_POINT('',(18.7500457921,21.,0.));
#5081=CARTESIAN_POINT('Origin',(20.75,-1.,57.75));
#5082=CARTESIAN_POINT('',(20.75,-23.,69.));
#5083=CARTESIAN_POINT('',(20.75,-23.,28.875));
#5084=CARTESIAN_POINT('',(20.75,-12.,69.));
#5085=CARTESIAN_POINT('',(20.75,21.,69.));
#5086=CARTESIAN_POINT('',(20.75,-12.,67.4860679774998));
#5087=CARTESIAN_POINT('',(20.75,-12.,63.));
#5088=CARTESIAN_POINT('',(20.75,-13.,65.25));
#5089=CARTESIAN_POINT('Origin',(20.75,-10.,65.25));
#5090=CARTESIAN_POINT('Origin',(20.75,-10.,65.25));
#5091=CARTESIAN_POINT('',(20.75,-13.,50.25));
#5092=CARTESIAN_POINT('Origin',(20.75,-10.,50.25));
#5093=CARTESIAN_POINT('Origin',(20.75,-10.,50.25));
#5094=CARTESIAN_POINT('',(20.75,-13.,29.75));
#5095=CARTESIAN_POINT('Origin',(20.75,-10.,29.75));
#5096=CARTESIAN_POINT('Origin',(20.75,-10.,29.75));
#5097=CARTESIAN_POINT('',(20.75,-13.,14.75));
#5098=CARTESIAN_POINT('Origin',(20.75,-10.,14.75));
#5099=CARTESIAN_POINT('Origin',(20.75,-10.,14.75));
#5100=CARTESIAN_POINT('Origin',(0.,21.,69.));
#5101=CARTESIAN_POINT('',(5.3125,3.4375,69.));
#5102=CARTESIAN_POINT('',(18.7500457921,-23.,69.));
#5103=CARTESIAN_POINT('',(9.37502289605,-23.,69.));
#5104=CARTESIAN_POINT('',(-9.58562300303292,-9.24123074854679,69.));
#5105=CARTESIAN_POINT('Origin',(-5.4599285076471,-11.2445178060859,-7.74907840970273E-43));
#5106=CARTESIAN_POINT('',(-5.4599285076471,-11.2445178060859,-7.74907840970273E-43));
#5107=CARTESIAN_POINT('',(-5.4599285076471,-11.2445178060859,-7.74907840970273E-43));
#5108=CARTESIAN_POINT('',(18.7500457921,-23.,0.));
#5109=CARTESIAN_POINT('',(-5.4599285076471,-11.2445178060859,-7.74907840970273E-43));
#5110=CARTESIAN_POINT('',(18.7500457921,-23.,0.));
#5111=CARTESIAN_POINT('',(-2.25,-12.8031422369998,5.20370544050653));
#5112=CARTESIAN_POINT('Origin',(0.,-13.895660329288,5.20370544050653));
#5113=CARTESIAN_POINT('Origin',(0.,10.,14.75));
#5114=CARTESIAN_POINT('',(25.9366,7.,14.75));
#5115=CARTESIAN_POINT('',(0.,7.,14.75));
#5116=CARTESIAN_POINT('Origin',(25.9366,10.,14.75));
#5117=CARTESIAN_POINT('Origin',(0.,-10.,14.75));
#5118=CARTESIAN_POINT('',(25.9366,-13.,14.75));
#5119=CARTESIAN_POINT('',(0.,-13.,14.75));
#5120=CARTESIAN_POINT('Origin',(25.9366,-10.,14.75));
#5121=CARTESIAN_POINT('Origin',(0.,-10.,29.75));
#5122=CARTESIAN_POINT('',(25.9366,-13.,29.75));
#5123=CARTESIAN_POINT('',(0.,-13.,29.75));
#5124=CARTESIAN_POINT('Origin',(25.9366,-10.,29.75));
#5125=CARTESIAN_POINT('Origin',(-1.97215226305253E-30,-10.,50.25));
#5126=CARTESIAN_POINT('',(25.9366,-13.,50.25));
#5127=CARTESIAN_POINT('',(-1.97215226305253E-30,-13.,50.25));
#5128=CARTESIAN_POINT('Origin',(25.9366,-10.,50.25));
#5129=CARTESIAN_POINT('Origin',(18.7500457921,21.,0.));
#5130=CARTESIAN_POINT('',(-4.65822010006958,11.5996114374279,8.08213499102601E-43));
#5131=CARTESIAN_POINT('',(-4.65822010006958,11.5996114374279,8.08213499102601E-43));
#5132=CARTESIAN_POINT('',(-4.65822010006958,11.5996114374279,8.08213499102601E-43));
#5133=CARTESIAN_POINT('',(-2.25,12.5667144594601,5.20370544050653));
#5134=CARTESIAN_POINT('Origin',(0.,13.4702787970842,5.20370544050653));
#5135=CARTESIAN_POINT('Origin',(-6.8843642728656,0.,74.0443835229071));
#5136=CARTESIAN_POINT('',(-4.52106182218293,-2.25,74.0443835229071));
#5137=CARTESIAN_POINT('',(-6.8843642728656,-2.25,74.0443835229071));
#5138=CARTESIAN_POINT('',(-5.05,-4.30653960103083E-16,71.7943835229071));
#5139=CARTESIAN_POINT('Ctrl Pts',(-5.05,-1.73472347597681E-16,71.7943835229071));
#5140=CARTESIAN_POINT('Ctrl Pts',(-5.05,-0.286731195892151,71.7943835229071));
#5141=CARTESIAN_POINT('Ctrl Pts',(-5.02327946370874,-0.589932366723174,
71.8525018994677));
#5142=CARTESIAN_POINT('Ctrl Pts',(-4.92690378504679,-1.14323044045476,72.0834171255521));
#5143=CARTESIAN_POINT('Ctrl Pts',(-4.858355494829,-1.39360534633772,72.2560083539053));
#5144=CARTESIAN_POINT('Ctrl Pts',(-4.72720438099229,-1.7886960192362,72.6510990268038));
#5145=CARTESIAN_POINT('Ctrl Pts',(-4.65540653676439,-1.9610471225979,72.9013579029996));
#5146=CARTESIAN_POINT('Ctrl Pts',(-4.55133415565734,-2.19177430656746,73.4541826205525));
#5147=CARTESIAN_POINT('Ctrl Pts',(-4.52106182218293,-2.25,73.7571862439146));
#5148=CARTESIAN_POINT('Ctrl Pts',(-4.52106182218293,-2.25,74.0443835229071));
#5149=CARTESIAN_POINT('',(-4.52106182218293,2.25,74.0443835229071));
#5150=CARTESIAN_POINT('Ctrl Pts',(-4.52106182218293,2.25,74.0443835229071));
#5151=CARTESIAN_POINT('Ctrl Pts',(-4.52106182218293,2.25,73.7571862439146));
#5152=CARTESIAN_POINT('Ctrl Pts',(-4.55133415565734,2.19177430656746,73.4541826205525));
#5153=CARTESIAN_POINT('Ctrl Pts',(-4.65540653676439,1.9610471225979,72.9013579029996));
#5154=CARTESIAN_POINT('Ctrl Pts',(-4.72720438099229,1.7886960192362,72.6510990268038));
#5155=CARTESIAN_POINT('Ctrl Pts',(-4.858355494829,1.39360534633772,72.2560083539053));
#5156=CARTESIAN_POINT('Ctrl Pts',(-4.92690378504679,1.14323044045475,72.0834171255521));
#5157=CARTESIAN_POINT('Ctrl Pts',(-5.02327946370874,0.589932366723166,71.8525018994677));
#5158=CARTESIAN_POINT('Ctrl Pts',(-5.05,0.286731195892152,71.7943835229071));
#5159=CARTESIAN_POINT('Ctrl Pts',(-5.05,6.24500451351651E-16,71.7943835229071));
#5160=CARTESIAN_POINT('',(-5.05,-1.35750969187026E-16,76.2943835229071));
#5161=CARTESIAN_POINT('Ctrl Pts',(-5.05,2.08166817117217E-16,76.2943835229071));
#5162=CARTESIAN_POINT('Ctrl Pts',(-5.05,0.286731195892152,76.2943835229071));
#5163=CARTESIAN_POINT('Ctrl Pts',(-5.02327946370874,0.589932366723165,76.2362651463465));
#5164=CARTESIAN_POINT('Ctrl Pts',(-4.92690378504679,1.14323044045475,76.0053499202621));
#5165=CARTESIAN_POINT('Ctrl Pts',(-4.858355494829,1.39360534633772,75.8327586919088));
#5166=CARTESIAN_POINT('Ctrl Pts',(-4.72720438099228,1.7886960192362,75.4376680190103));
#5167=CARTESIAN_POINT('Ctrl Pts',(-4.65540653676439,1.9610471225979,75.1874091428146));
#5168=CARTESIAN_POINT('Ctrl Pts',(-4.55133415565734,2.19177430656746,74.6345844252617));
#5169=CARTESIAN_POINT('Ctrl Pts',(-4.52106182218293,2.25,74.3315808018995));
#5170=CARTESIAN_POINT('Ctrl Pts',(-4.52106182218293,2.25,74.0443835229071));
#5171=CARTESIAN_POINT('Ctrl Pts',(-4.52106182218293,-2.25,74.0443835229071));
#5172=CARTESIAN_POINT('Ctrl Pts',(-4.52106182218293,-2.25,74.3315808018996));
#5173=CARTESIAN_POINT('Ctrl Pts',(-4.55133415565734,-2.19177430656746,74.6345844252617));
#5174=CARTESIAN_POINT('Ctrl Pts',(-4.65540653676439,-1.9610471225979,75.1874091428146));
#5175=CARTESIAN_POINT('Ctrl Pts',(-4.72720438099229,-1.7886960192362,75.4376680190103));
#5176=CARTESIAN_POINT('Ctrl Pts',(-4.858355494829,-1.39360534633772,75.8327586919088));
#5177=CARTESIAN_POINT('Ctrl Pts',(-4.92690378504679,-1.14323044045475,76.0053499202621));
#5178=CARTESIAN_POINT('Ctrl Pts',(-5.02327946370874,-0.589932366723166,
76.2362651463465));
#5179=CARTESIAN_POINT('Ctrl Pts',(-5.05,-0.286731195892152,76.2943835229071));
#5180=CARTESIAN_POINT('Ctrl Pts',(-5.05,-6.93889390390723E-16,76.2943835229071));
#5181=CARTESIAN_POINT('Origin',(0.,-8.91367956193221,74.0443835229071));
#5182=CARTESIAN_POINT('',(2.25,-4.52106182218293,74.0443835229071));
#5183=CARTESIAN_POINT('',(-2.25,-4.52106182218293,74.0443835229071));
#5184=CARTESIAN_POINT('Ctrl Pts',(2.25,-4.52106182218293,74.0443835229071));
#5185=CARTESIAN_POINT('Ctrl Pts',(2.25,-4.52106182218293,74.3315808018995));
#5186=CARTESIAN_POINT('Ctrl Pts',(2.19177430656746,-4.55133415565734,74.6345844252617));
#5187=CARTESIAN_POINT('Ctrl Pts',(1.9610471225979,-4.65540653676439,75.1874091428146));
#5188=CARTESIAN_POINT('Ctrl Pts',(1.7886960192362,-4.72720438099228,75.4376680190103));
#5189=CARTESIAN_POINT('Ctrl Pts',(1.39360534633772,-4.858355494829,75.8327586919088));
#5190=CARTESIAN_POINT('Ctrl Pts',(1.14323044045475,-4.92690378504679,76.0053499202621));
#5191=CARTESIAN_POINT('Ctrl Pts',(0.589932366723165,-5.02327946370874,76.2362651463465));
#5192=CARTESIAN_POINT('Ctrl Pts',(0.286731195892151,-5.05,76.2943835229071));
#5193=CARTESIAN_POINT('Ctrl Pts',(-0.286731195892152,-5.05,76.2943835229071));
#5194=CARTESIAN_POINT('Ctrl Pts',(-0.589932366723165,-5.02327946370874,
76.2362651463465));
#5195=CARTESIAN_POINT('Ctrl Pts',(-1.14323044045475,-4.92690378504679,76.0053499202621));
#5196=CARTESIAN_POINT('Ctrl Pts',(-1.39360534633771,-4.858355494829,75.8327586919088));
#5197=CARTESIAN_POINT('Ctrl Pts',(-1.7886960192362,-4.72720438099229,75.4376680190103));
#5198=CARTESIAN_POINT('Ctrl Pts',(-1.9610471225979,-4.65540653676439,75.1874091428146));
#5199=CARTESIAN_POINT('Ctrl Pts',(-2.19177430656746,-4.55133415565734,74.6345844252617));
#5200=CARTESIAN_POINT('Ctrl Pts',(-2.25,-4.52106182218293,74.3315808018995));
#5201=CARTESIAN_POINT('Ctrl Pts',(-2.25,-4.52106182218293,74.0443835229071));
#5202=CARTESIAN_POINT('Ctrl Pts',(-2.25,-4.52106182218293,74.0443835229071));
#5203=CARTESIAN_POINT('Ctrl Pts',(-2.25,-4.52106182218293,73.7571862439146));
#5204=CARTESIAN_POINT('Ctrl Pts',(-2.19177430656746,-4.55133415565734,73.4541826205525));
#5205=CARTESIAN_POINT('Ctrl Pts',(-1.9610471225979,-4.65540653676439,72.9013579029996));
#5206=CARTESIAN_POINT('Ctrl Pts',(-1.7886960192362,-4.72720438099229,72.6510990268038));
#5207=CARTESIAN_POINT('Ctrl Pts',(-1.39360534633772,-4.858355494829,72.2560083539053));
#5208=CARTESIAN_POINT('Ctrl Pts',(-1.14323044045475,-4.92690378504679,72.0834171255521));
#5209=CARTESIAN_POINT('Ctrl Pts',(-0.589932366723165,-5.02327946370874,
71.8525018994677));
#5210=CARTESIAN_POINT('Ctrl Pts',(-0.286731195892151,-5.05,71.7943835229071));
#5211=CARTESIAN_POINT('Ctrl Pts',(0.286731195892152,-5.05,71.7943835229071));
#5212=CARTESIAN_POINT('Ctrl Pts',(0.589932366723166,-5.02327946370874,71.8525018994677));
#5213=CARTESIAN_POINT('Ctrl Pts',(1.14323044045475,-4.92690378504679,72.0834171255521));
#5214=CARTESIAN_POINT('Ctrl Pts',(1.39360534633772,-4.858355494829,72.2560083539053));
#5215=CARTESIAN_POINT('Ctrl Pts',(1.7886960192362,-4.72720438099229,72.6510990268038));
#5216=CARTESIAN_POINT('Ctrl Pts',(1.9610471225979,-4.65540653676439,72.9013579029996));
#5217=CARTESIAN_POINT('Ctrl Pts',(2.19177430656746,-4.55133415565734,73.4541826205525));
#5218=CARTESIAN_POINT('Ctrl Pts',(2.25,-4.52106182218293,73.7571862439146));
#5219=CARTESIAN_POINT('Ctrl Pts',(2.25,-4.52106182218293,74.0443835229071));
#5220=CARTESIAN_POINT('',(-2.25,-8.91367956193221,74.0443835229071));
#5221=CARTESIAN_POINT('Origin',(0.,8.91367956193221,74.0443835229071));
#5222=CARTESIAN_POINT('',(2.25,4.52106182218293,74.0443835229071));
#5223=CARTESIAN_POINT('',(-2.25,4.52106182218293,74.0443835229071));
#5224=CARTESIAN_POINT('Ctrl Pts',(2.25,4.52106182218293,74.0443835229071));
#5225=CARTESIAN_POINT('Ctrl Pts',(2.25,4.52106182218293,73.7571862439146));
#5226=CARTESIAN_POINT('Ctrl Pts',(2.19177430656746,4.55133415565734,73.4541826205525));
#5227=CARTESIAN_POINT('Ctrl Pts',(1.9610471225979,4.65540653676439,72.9013579029996));
#5228=CARTESIAN_POINT('Ctrl Pts',(1.7886960192362,4.72720438099229,72.6510990268038));
#5229=CARTESIAN_POINT('Ctrl Pts',(1.39360534633771,4.858355494829,72.2560083539053));
#5230=CARTESIAN_POINT('Ctrl Pts',(1.14323044045475,4.92690378504679,72.0834171255521));
#5231=CARTESIAN_POINT('Ctrl Pts',(0.589932366723165,5.02327946370874,71.8525018994677));
#5232=CARTESIAN_POINT('Ctrl Pts',(0.286731195892151,5.05,71.7943835229071));
#5233=CARTESIAN_POINT('Ctrl Pts',(-0.286731195892151,5.05,71.7943835229071));
#5234=CARTESIAN_POINT('Ctrl Pts',(-0.589932366723165,5.02327946370874,71.8525018994677));
#5235=CARTESIAN_POINT('Ctrl Pts',(-1.14323044045475,4.92690378504679,72.0834171255521));
#5236=CARTESIAN_POINT('Ctrl Pts',(-1.39360534633772,4.858355494829,72.2560083539053));
#5237=CARTESIAN_POINT('Ctrl Pts',(-1.7886960192362,4.72720438099229,72.6510990268038));
#5238=CARTESIAN_POINT('Ctrl Pts',(-1.9610471225979,4.65540653676439,72.9013579029996));
#5239=CARTESIAN_POINT('Ctrl Pts',(-2.19177430656746,4.55133415565734,73.4541826205525));
#5240=CARTESIAN_POINT('Ctrl Pts',(-2.25,4.52106182218293,73.7571862439146));
#5241=CARTESIAN_POINT('Ctrl Pts',(-2.25,4.52106182218293,74.0443835229071));
#5242=CARTESIAN_POINT('Ctrl Pts',(-2.25,4.52106182218293,74.0443835229071));
#5243=CARTESIAN_POINT('Ctrl Pts',(-2.25,4.52106182218293,74.3315808018995));
#5244=CARTESIAN_POINT('Ctrl Pts',(-2.19177430656746,4.55133415565734,74.6345844252617));
#5245=CARTESIAN_POINT('Ctrl Pts',(-1.9610471225979,4.65540653676439,75.1874091428146));
#5246=CARTESIAN_POINT('Ctrl Pts',(-1.7886960192362,4.72720438099229,75.4376680190103));
#5247=CARTESIAN_POINT('Ctrl Pts',(-1.39360534633771,4.858355494829,75.8327586919088));
#5248=CARTESIAN_POINT('Ctrl Pts',(-1.14323044045475,4.92690378504679,76.0053499202621));
#5249=CARTESIAN_POINT('Ctrl Pts',(-0.589932366723165,5.02327946370874,76.2362651463465));
#5250=CARTESIAN_POINT('Ctrl Pts',(-0.286731195892152,5.05,76.2943835229071));
#5251=CARTESIAN_POINT('Ctrl Pts',(0.286731195892151,5.05,76.2943835229071));
#5252=CARTESIAN_POINT('Ctrl Pts',(0.589932366723166,5.02327946370874,76.2362651463465));
#5253=CARTESIAN_POINT('Ctrl Pts',(1.14323044045475,4.92690378504679,76.0053499202621));
#5254=CARTESIAN_POINT('Ctrl Pts',(1.39360534633772,4.858355494829,75.8327586919088));
#5255=CARTESIAN_POINT('Ctrl Pts',(1.7886960192362,4.72720438099228,75.4376680190103));
#5256=CARTESIAN_POINT('Ctrl Pts',(1.9610471225979,4.65540653676439,75.1874091428146));
#5257=CARTESIAN_POINT('Ctrl Pts',(2.19177430656746,4.55133415565734,74.6345844252617));
#5258=CARTESIAN_POINT('Ctrl Pts',(2.25,4.52106182218293,74.3315808018995));
#5259=CARTESIAN_POINT('Ctrl Pts',(2.25,4.52106182218293,74.0443835229071));
#5260=CARTESIAN_POINT('',(-2.25,8.91367956193221,74.0443835229071));
#5261=CARTESIAN_POINT('Origin',(-6.8843642728656,0.,5.20370544050653));
#5262=CARTESIAN_POINT('',(-12.5,0.,7.45370544050653));
#5263=CARTESIAN_POINT('',(-12.2958326273579,-2.25,5.20370544050653));
#5264=CARTESIAN_POINT('Ctrl Pts',(-12.5,1.38777878078145E-16,7.45370544050653));
#5265=CARTESIAN_POINT('Ctrl Pts',(-12.5,-0.283174367432306,7.45370544050653));
#5266=CARTESIAN_POINT('Ctrl Pts',(-12.4894013619273,-0.58480584464212,7.39698683282714));
#5267=CARTESIAN_POINT('Ctrl Pts',(-12.4510990211817,-1.13898087074233,7.16717270066229));
#5268=CARTESIAN_POINT('Ctrl Pts',(-12.4239261234097,-1.39157499027531,6.99411096557069));
#5269=CARTESIAN_POINT('Ctrl Pts',(-12.3727461065526,-1.79041280352175,6.59527315232425));
#5270=CARTESIAN_POINT('Ctrl Pts',(-12.3453784306698,-1.96346883184343,6.34268214449516));
#5271=CARTESIAN_POINT('Ctrl Pts',(-12.3066285653294,-2.19327882338061,5.78851785668011));
#5272=CARTESIAN_POINT('Ctrl Pts',(-12.2958326273579,-2.25,5.48689014351972));
#5273=CARTESIAN_POINT('Ctrl Pts',(-12.2958326273579,-2.25,5.20370544050653));
#5274=CARTESIAN_POINT('',(-12.5,0.,2.95370544050653));
#5275=CARTESIAN_POINT('Ctrl Pts',(-12.5,-3.46944695195361E-16,2.95370544050653));
#5276=CARTESIAN_POINT('Ctrl Pts',(-12.5,0.283174367432306,2.95370544050653));
#5277=CARTESIAN_POINT('Ctrl Pts',(-12.4894013619273,0.584805844642119,3.01042404818592));
#5278=CARTESIAN_POINT('Ctrl Pts',(-12.4510990211817,1.13898087074233,3.24023818035078));
#5279=CARTESIAN_POINT('Ctrl Pts',(-12.4239261234097,1.39157499027531,3.41329991544238));
#5280=CARTESIAN_POINT('Ctrl Pts',(-12.3727461065526,1.79041280352175,3.81213772868882));
#5281=CARTESIAN_POINT('Ctrl Pts',(-12.3453784306698,1.96346883184343,4.0647287365179));
#5282=CARTESIAN_POINT('Ctrl Pts',(-12.3066285653294,2.19327882338061,4.61889302433295));
#5283=CARTESIAN_POINT('Ctrl Pts',(-12.2958326273579,2.25,4.92052073749334));
#5284=CARTESIAN_POINT('Ctrl Pts',(-12.2958326273579,2.25,5.20370544050653));
#5285=CARTESIAN_POINT('Ctrl Pts',(-12.2958326273579,2.25,5.48689014351972));
#5286=CARTESIAN_POINT('Ctrl Pts',(-12.3066285653294,2.19327882338061,5.78851785668011));
#5287=CARTESIAN_POINT('Ctrl Pts',(-12.3453784306698,1.96346883184343,6.34268214449516));
#5288=CARTESIAN_POINT('Ctrl Pts',(-12.3727461065526,1.79041280352175,6.59527315232425));
#5289=CARTESIAN_POINT('Ctrl Pts',(-12.4239261234097,1.39157499027531,6.99411096557068));
#5290=CARTESIAN_POINT('Ctrl Pts',(-12.4510990211817,1.13898087074233,7.16717270066229));
#5291=CARTESIAN_POINT('Ctrl Pts',(-12.4894013619273,0.584805844642121,7.39698683282714));
#5292=CARTESIAN_POINT('Ctrl Pts',(-12.5,0.283174367432307,7.45370544050653));
#5293=CARTESIAN_POINT('Ctrl Pts',(-12.5,1.38777878078145E-16,7.45370544050653));
#5294=CARTESIAN_POINT('Ctrl Pts',(-12.2958326273579,-2.25,5.20370544050653));
#5295=CARTESIAN_POINT('Ctrl Pts',(-12.2958326273579,-2.25,4.92052073749334));
#5296=CARTESIAN_POINT('Ctrl Pts',(-12.3066285653294,-2.19327882338061,4.61889302433295));
#5297=CARTESIAN_POINT('Ctrl Pts',(-12.3453784306698,-1.96346883184343,4.0647287365179));
#5298=CARTESIAN_POINT('Ctrl Pts',(-12.3727461065526,-1.79041280352175,3.81213772868882));
#5299=CARTESIAN_POINT('Ctrl Pts',(-12.4239261234097,-1.39157499027531,3.41329991544238));
#5300=CARTESIAN_POINT('Ctrl Pts',(-12.4510990211817,-1.13898087074233,3.24023818035078));
#5301=CARTESIAN_POINT('Ctrl Pts',(-12.4894013619273,-0.584805844642121,
3.01042404818592));
#5302=CARTESIAN_POINT('Ctrl Pts',(-12.5,-0.283174367432308,2.95370544050653));
#5303=CARTESIAN_POINT('Ctrl Pts',(-12.5,-1.04083408558608E-15,2.95370544050653));
#5304=CARTESIAN_POINT('',(-4.52106182218293,-2.25,5.20370544050653));
#5305=CARTESIAN_POINT('',(-6.8843642728656,-2.25,5.20370544050653));
#5306=CARTESIAN_POINT('',(-5.05,-3.09223316784707E-16,2.95370544050653));
#5307=CARTESIAN_POINT('Ctrl Pts',(-5.05,6.93889390390723E-17,2.95370544050653));
#5308=CARTESIAN_POINT('Ctrl Pts',(-5.05,-0.286731195892151,2.95370544050653));
#5309=CARTESIAN_POINT('Ctrl Pts',(-5.02327946370874,-0.589932366723165,
3.01182381706718));
#5310=CARTESIAN_POINT('Ctrl Pts',(-4.92690378504679,-1.14323044045475,3.24273904315157));
#5311=CARTESIAN_POINT('Ctrl Pts',(-4.858355494829,-1.39360534633771,3.41533027150478));
#5312=CARTESIAN_POINT('Ctrl Pts',(-4.72720438099229,-1.7886960192362,3.81042094440327));
#5313=CARTESIAN_POINT('Ctrl Pts',(-4.65540653676439,-1.96104712259791,4.06067982059906));
#5314=CARTESIAN_POINT('Ctrl Pts',(-4.55133415565734,-2.19177430656746,4.61350453815193));
#5315=CARTESIAN_POINT('Ctrl Pts',(-4.52106182218293,-2.25,4.91650816151407));
#5316=CARTESIAN_POINT('Ctrl Pts',(-4.52106182218293,-2.25,5.20370544050653));
#5317=CARTESIAN_POINT('',(-4.52106182218293,2.25,5.20370544050653));
#5318=CARTESIAN_POINT('Ctrl Pts',(-4.52106182218293,2.25,5.20370544050653));
#5319=CARTESIAN_POINT('Ctrl Pts',(-4.52106182218293,2.25,4.91650816151407));
#5320=CARTESIAN_POINT('Ctrl Pts',(-4.55133415565734,2.19177430656746,4.61350453815193));
#5321=CARTESIAN_POINT('Ctrl Pts',(-4.65540653676439,1.96104712259791,4.06067982059906));
#5322=CARTESIAN_POINT('Ctrl Pts',(-4.72720438099229,1.7886960192362,3.81042094440327));
#5323=CARTESIAN_POINT('Ctrl Pts',(-4.858355494829,1.39360534633771,3.41533027150478));
#5324=CARTESIAN_POINT('Ctrl Pts',(-4.92690378504679,1.14323044045475,3.24273904315157));
#5325=CARTESIAN_POINT('Ctrl Pts',(-5.02327946370874,0.589932366723165,3.01182381706718));
#5326=CARTESIAN_POINT('Ctrl Pts',(-5.05,0.286731195892151,2.95370544050653));
#5327=CARTESIAN_POINT('Ctrl Pts',(-5.05,1.38777878078145E-16,2.95370544050653));
#5328=CARTESIAN_POINT('',(-5.05,-3.78612255823779E-16,7.45370544050653));
#5329=CARTESIAN_POINT('Ctrl Pts',(-5.05,-1.38777878078145E-16,7.45370544050653));
#5330=CARTESIAN_POINT('Ctrl Pts',(-5.05,0.286731195892151,7.45370544050653));
#5331=CARTESIAN_POINT('Ctrl Pts',(-5.02327946370874,0.589932366723165,7.39558706394589));
#5332=CARTESIAN_POINT('Ctrl Pts',(-4.92690378504679,1.14323044045475,7.16467183786149));
#5333=CARTESIAN_POINT('Ctrl Pts',(-4.858355494829,1.39360534633771,6.99208060950828));
#5334=CARTESIAN_POINT('Ctrl Pts',(-4.72720438099229,1.7886960192362,6.59698993660979));
#5335=CARTESIAN_POINT('Ctrl Pts',(-4.65540653676439,1.96104712259791,6.346731060414));
#5336=CARTESIAN_POINT('Ctrl Pts',(-4.55133415565734,2.19177430656746,5.79390634286113));
#5337=CARTESIAN_POINT('Ctrl Pts',(-4.52106182218293,2.25,5.49090271949899));
#5338=CARTESIAN_POINT('Ctrl Pts',(-4.52106182218293,2.25,5.20370544050653));
#5339=CARTESIAN_POINT('Ctrl Pts',(-4.52106182218293,-2.25,5.20370544050653));
#5340=CARTESIAN_POINT('Ctrl Pts',(-4.52106182218293,-2.25,5.49090271949899));
#5341=CARTESIAN_POINT('Ctrl Pts',(-4.55133415565734,-2.19177430656746,5.79390634286113));
#5342=CARTESIAN_POINT('Ctrl Pts',(-4.65540653676439,-1.96104712259791,6.346731060414));
#5343=CARTESIAN_POINT('Ctrl Pts',(-4.72720438099229,-1.7886960192362,6.59698993660979));
#5344=CARTESIAN_POINT('Ctrl Pts',(-4.858355494829,-1.39360534633771,6.99208060950828));
#5345=CARTESIAN_POINT('Ctrl Pts',(-4.92690378504679,-1.14323044045475,7.16467183786149));
#5346=CARTESIAN_POINT('Ctrl Pts',(-5.02327946370874,-0.589932366723165,
7.39558706394589));
#5347=CARTESIAN_POINT('Ctrl Pts',(-5.05,-0.286731195892151,7.45370544050653));
#5348=CARTESIAN_POINT('Ctrl Pts',(-5.05,2.08166817117217E-16,7.45370544050653));
#5349=CARTESIAN_POINT('Origin',(0.,-8.91367956193221,5.20370544050653));
#5350=CARTESIAN_POINT('',(2.25,-4.52106182218293,5.20370544050653));
#5351=CARTESIAN_POINT('',(-2.25,-4.52106182218293,5.20370544050653));
#5352=CARTESIAN_POINT('Ctrl Pts',(2.25,-4.52106182218293,5.20370544050653));
#5353=CARTESIAN_POINT('Ctrl Pts',(2.25,-4.52106182218293,5.49090271949899));
#5354=CARTESIAN_POINT('Ctrl Pts',(2.19177430656746,-4.55133415565734,5.79390634286113));
#5355=CARTESIAN_POINT('Ctrl Pts',(1.96104712259791,-4.65540653676439,6.346731060414));
#5356=CARTESIAN_POINT('Ctrl Pts',(1.7886960192362,-4.72720438099229,6.59698993660979));
#5357=CARTESIAN_POINT('Ctrl Pts',(1.39360534633771,-4.858355494829,6.99208060950828));
#5358=CARTESIAN_POINT('Ctrl Pts',(1.14323044045475,-4.92690378504679,7.16467183786149));
#5359=CARTESIAN_POINT('Ctrl Pts',(0.589932366723165,-5.02327946370874,7.39558706394589));
#5360=CARTESIAN_POINT('Ctrl Pts',(0.286731195892151,-5.05,7.45370544050653));
#5361=CARTESIAN_POINT('Ctrl Pts',(-0.286731195892152,-5.05,7.45370544050653));
#5362=CARTESIAN_POINT('Ctrl Pts',(-0.589932366723165,-5.02327946370874,
7.39558706394589));
#5363=CARTESIAN_POINT('Ctrl Pts',(-1.14323044045475,-4.92690378504679,7.16467183786149));
#5364=CARTESIAN_POINT('Ctrl Pts',(-1.39360534633771,-4.858355494829,6.99208060950828));
#5365=CARTESIAN_POINT('Ctrl Pts',(-1.7886960192362,-4.72720438099229,6.59698993660979));
#5366=CARTESIAN_POINT('Ctrl Pts',(-1.96104712259791,-4.65540653676439,6.346731060414));
#5367=CARTESIAN_POINT('Ctrl Pts',(-2.19177430656746,-4.55133415565734,5.79390634286113));
#5368=CARTESIAN_POINT('Ctrl Pts',(-2.25,-4.52106182218293,5.49090271949899));
#5369=CARTESIAN_POINT('Ctrl Pts',(-2.25,-4.52106182218293,5.20370544050653));
#5370=CARTESIAN_POINT('Ctrl Pts',(-2.25,-4.52106182218293,5.20370544050653));
#5371=CARTESIAN_POINT('Ctrl Pts',(-2.25,-4.52106182218293,4.91650816151407));
#5372=CARTESIAN_POINT('Ctrl Pts',(-2.19177430656746,-4.55133415565734,4.61350453815193));
#5373=CARTESIAN_POINT('Ctrl Pts',(-1.96104712259791,-4.65540653676439,4.06067982059906));
#5374=CARTESIAN_POINT('Ctrl Pts',(-1.7886960192362,-4.72720438099229,3.81042094440327));
#5375=CARTESIAN_POINT('Ctrl Pts',(-1.39360534633771,-4.858355494829,3.41533027150478));
#5376=CARTESIAN_POINT('Ctrl Pts',(-1.14323044045475,-4.92690378504679,3.24273904315157));
#5377=CARTESIAN_POINT('Ctrl Pts',(-0.589932366723164,-5.02327946370874,
3.01182381706718));
#5378=CARTESIAN_POINT('Ctrl Pts',(-0.286731195892151,-5.05,2.95370544050653));
#5379=CARTESIAN_POINT('Ctrl Pts',(0.286731195892151,-5.05,2.95370544050653));
#5380=CARTESIAN_POINT('Ctrl Pts',(0.589932366723164,-5.02327946370874,3.01182381706718));
#5381=CARTESIAN_POINT('Ctrl Pts',(1.14323044045475,-4.92690378504679,3.24273904315157));
#5382=CARTESIAN_POINT('Ctrl Pts',(1.39360534633771,-4.858355494829,3.41533027150478));
#5383=CARTESIAN_POINT('Ctrl Pts',(1.7886960192362,-4.72720438099229,3.81042094440327));
#5384=CARTESIAN_POINT('Ctrl Pts',(1.96104712259791,-4.65540653676439,4.06067982059906));
#5385=CARTESIAN_POINT('Ctrl Pts',(2.19177430656746,-4.55133415565734,4.61350453815193));
#5386=CARTESIAN_POINT('Ctrl Pts',(2.25,-4.52106182218293,4.91650816151407));
#5387=CARTESIAN_POINT('Ctrl Pts',(2.25,-4.52106182218293,5.20370544050653));
#5388=CARTESIAN_POINT('',(-2.25,-8.91367956193221,5.20370544050653));
#5389=CARTESIAN_POINT('Origin',(0.,8.91367956193221,5.20370544050653));
#5390=CARTESIAN_POINT('',(2.25,4.52106182218293,5.20370544050653));
#5391=CARTESIAN_POINT('',(-2.25,4.52106182218293,5.20370544050653));
#5392=CARTESIAN_POINT('Ctrl Pts',(2.25,4.52106182218293,5.20370544050653));
#5393=CARTESIAN_POINT('Ctrl Pts',(2.25,4.52106182218293,4.91650816151407));
#5394=CARTESIAN_POINT('Ctrl Pts',(2.19177430656746,4.55133415565734,4.61350453815193));
#5395=CARTESIAN_POINT('Ctrl Pts',(1.96104712259791,4.65540653676439,4.06067982059906));
#5396=CARTESIAN_POINT('Ctrl Pts',(1.7886960192362,4.72720438099229,3.81042094440327));
#5397=CARTESIAN_POINT('Ctrl Pts',(1.39360534633771,4.858355494829,3.41533027150478));
#5398=CARTESIAN_POINT('Ctrl Pts',(1.14323044045475,4.92690378504679,3.24273904315157));
#5399=CARTESIAN_POINT('Ctrl Pts',(0.589932366723165,5.02327946370874,3.01182381706718));
#5400=CARTESIAN_POINT('Ctrl Pts',(0.286731195892151,5.05,2.95370544050653));
#5401=CARTESIAN_POINT('Ctrl Pts',(-0.286731195892151,5.05,2.95370544050653));
#5402=CARTESIAN_POINT('Ctrl Pts',(-0.589932366723165,5.02327946370874,3.01182381706718));
#5403=CARTESIAN_POINT('Ctrl Pts',(-1.14323044045475,4.92690378504679,3.24273904315157));
#5404=CARTESIAN_POINT('Ctrl Pts',(-1.39360534633771,4.858355494829,3.41533027150478));
#5405=CARTESIAN_POINT('Ctrl Pts',(-1.7886960192362,4.72720438099229,3.81042094440327));
#5406=CARTESIAN_POINT('Ctrl Pts',(-1.96104712259791,4.65540653676439,4.06067982059906));
#5407=CARTESIAN_POINT('Ctrl Pts',(-2.19177430656746,4.55133415565734,4.61350453815193));
#5408=CARTESIAN_POINT('Ctrl Pts',(-2.25,4.52106182218293,4.91650816151407));
#5409=CARTESIAN_POINT('Ctrl Pts',(-2.25,4.52106182218293,5.20370544050653));
#5410=CARTESIAN_POINT('Ctrl Pts',(-2.25,4.52106182218293,5.20370544050653));
#5411=CARTESIAN_POINT('Ctrl Pts',(-2.25,4.52106182218293,5.49090271949899));
#5412=CARTESIAN_POINT('Ctrl Pts',(-2.19177430656746,4.55133415565734,5.79390634286113));
#5413=CARTESIAN_POINT('Ctrl Pts',(-1.96104712259791,4.65540653676439,6.346731060414));
#5414=CARTESIAN_POINT('Ctrl Pts',(-1.7886960192362,4.72720438099229,6.59698993660979));
#5415=CARTESIAN_POINT('Ctrl Pts',(-1.39360534633771,4.858355494829,6.99208060950828));
#5416=CARTESIAN_POINT('Ctrl Pts',(-1.14323044045475,4.92690378504679,7.16467183786149));
#5417=CARTESIAN_POINT('Ctrl Pts',(-0.589932366723165,5.02327946370874,7.39558706394589));
#5418=CARTESIAN_POINT('Ctrl Pts',(-0.286731195892151,5.05,7.45370544050653));
#5419=CARTESIAN_POINT('Ctrl Pts',(0.28673119589215,5.05,7.45370544050653));
#5420=CARTESIAN_POINT('Ctrl Pts',(0.589932366723164,5.02327946370874,7.39558706394589));
#5421=CARTESIAN_POINT('Ctrl Pts',(1.14323044045475,4.92690378504679,7.16467183786149));
#5422=CARTESIAN_POINT('Ctrl Pts',(1.39360534633771,4.858355494829,6.99208060950828));
#5423=CARTESIAN_POINT('Ctrl Pts',(1.7886960192362,4.72720438099229,6.59698993660979));
#5424=CARTESIAN_POINT('Ctrl Pts',(1.96104712259791,4.65540653676439,6.346731060414));
#5425=CARTESIAN_POINT('Ctrl Pts',(2.19177430656746,4.55133415565734,5.79390634286113));
#5426=CARTESIAN_POINT('Ctrl Pts',(2.25,4.52106182218293,5.49090271949899));
#5427=CARTESIAN_POINT('Ctrl Pts',(2.25,4.52106182218293,5.20370544050653));
#5428=CARTESIAN_POINT('',(-2.25,8.91367956193221,5.20370544050653));
#5429=CARTESIAN_POINT('Origin',(-5.4599285076471,-11.2445178060859,-7.74907840970273E-43));
#5430=CARTESIAN_POINT('',(18.7500457921,-23.,80.));
#5431=CARTESIAN_POINT('',(18.7500457921,-23.,0.));
#5432=CARTESIAN_POINT('',(-5.4599285076471,-11.2445178060859,80.));
#5433=CARTESIAN_POINT('Origin',(10.8503413315676,-5.67275615893239,34.));
#5434=CARTESIAN_POINT('',(9.60993394317352,-5.02424857404877,35.25));
#5435=CARTESIAN_POINT('Origin',(10.8503413315676,5.67275615893239,78.75));
#5436=CARTESIAN_POINT('',(7.3944530624412,3.86595479995277,80.));
#5437=CARTESIAN_POINT('',(9.60993394317352,5.02424857404877,77.5));
#5438=CARTESIAN_POINT('Origin',(10.8503413315676,5.67275615893239,80.));
#5439=CARTESIAN_POINT('Origin',(0.,0.,78.75));
#5440=CARTESIAN_POINT('Origin',(0.,0.,80.));
#5441=CARTESIAN_POINT('Origin',(0.,0.,0.));
#5442=CARTESIAN_POINT('',(-5.05,-6.18446633569413E-16,80.));
#5443=CARTESIAN_POINT('Origin',(0.,0.,80.));
#5444=CARTESIAN_POINT('',(-5.05,-6.18446633569413E-16,0.));
#5445=CARTESIAN_POINT('',(-5.05,-6.18446633569413E-16,0.));
#5446=CARTESIAN_POINT('Origin',(0.,5.04646829375075E-16,34.));
#5447=CARTESIAN_POINT('Origin',(0.,0.,35.25));
#5448=CARTESIAN_POINT('Origin',(0.,0.,0.));
#5449=CARTESIAN_POINT('Origin',(0.,0.,44.75));
#5450=CARTESIAN_POINT('',(9.60993394317352,5.02424857404877,0.));
#5451=CARTESIAN_POINT('Origin',(0.,-2.52323414687537E-16,46.));
#5452=CARTESIAN_POINT('Origin',(0.,0.,0.));
#5453=CARTESIAN_POINT('',(-5.05,-6.18446633569413E-16,0.));
#5454=CARTESIAN_POINT('Origin',(0.,0.,0.));
#5455=CARTESIAN_POINT('',(-5.05,-6.18446633569413E-16,0.));
#5456=CARTESIAN_POINT('',(-5.05,-6.18446633569413E-16,3.53827862242012E-45));
#5457=CARTESIAN_POINT('',(-5.05,-6.18446633569413E-16,0.));
#5458=CARTESIAN_POINT('Origin',(0.,0.,0.));
#5459=CARTESIAN_POINT('Origin',(0.,0.,0.));
#5460=CARTESIAN_POINT('Origin',(0.,0.,0.));
#5461=CARTESIAN_POINT('Origin',(10.8503413315676,5.67275615893239,0.));
#5462=CARTESIAN_POINT('Origin',(29.45322289605,-1.00000000000001,0.));
#5463=CARTESIAN_POINT('',(29.8843,13.,0.));
#5464=CARTESIAN_POINT('',(29.8843,13.,0.));
#5465=CARTESIAN_POINT('',(29.8843,-15.,0.));
#5466=CARTESIAN_POINT('',(29.8843,13.,0.));
#5467=CARTESIAN_POINT('',(29.8843,-23.,0.));
#5468=CARTESIAN_POINT('',(29.8843,-0.500000000000003,0.));
#5469=CARTESIAN_POINT('',(18.7500457921,-23.,0.));
#5470=CARTESIAN_POINT('Origin',(29.8843,-15.,0.));
#5471=CARTESIAN_POINT('',(29.8843,13.,80.));
#5472=CARTESIAN_POINT('',(29.8843,13.,0.));
#5473=CARTESIAN_POINT('',(29.8843,-15.,80.));
#5474=CARTESIAN_POINT('',(29.8843,13.,80.));
#5475=CARTESIAN_POINT('',(29.8843,-15.,0.));
#5476=CARTESIAN_POINT('',(29.8843,8.375,29.75));
#5477=CARTESIAN_POINT('Origin',(29.8843,10.,29.75));
#5478=CARTESIAN_POINT('',(29.8843,-11.625,50.25));
#5479=CARTESIAN_POINT('Origin',(29.8843,-10.,50.25));
#5480=CARTESIAN_POINT('',(29.8843,8.375,65.25));
#5481=CARTESIAN_POINT('Origin',(29.8843,10.,65.25));
#5482=CARTESIAN_POINT('',(29.8843,8.375,14.75));
#5483=CARTESIAN_POINT('Origin',(29.8843,10.,14.75));
#5484=CARTESIAN_POINT('',(29.8843,-11.625,29.75));
#5485=CARTESIAN_POINT('Origin',(29.8843,-10.,29.75));
#5486=CARTESIAN_POINT('',(29.8843,-11.625,65.25));
#5487=CARTESIAN_POINT('Origin',(29.8843,-10.,65.25));
#5488=CARTESIAN_POINT('',(29.8843,8.375,50.25));
#5489=CARTESIAN_POINT('Origin',(29.8843,10.,50.25));
#5490=CARTESIAN_POINT('',(29.8843,-11.625,14.75));
#5491=CARTESIAN_POINT('Origin',(29.8843,-10.,14.75));
#5492=CARTESIAN_POINT('Origin',(29.8843,13.,0.));
#5493=CARTESIAN_POINT('',(29.8843,13.,80.));
#5494=CARTESIAN_POINT('Origin',(16.75,8.,28.875));
#5495=CARTESIAN_POINT('Origin',(18.75,10.,50.25));
#5496=CARTESIAN_POINT('Origin',(18.75,10.,29.75));
#5497=CARTESIAN_POINT('Origin',(16.75,-8.,11.125));
#5498=CARTESIAN_POINT('Origin',(18.75,-10.,65.25));
#5499=CARTESIAN_POINT('Origin',(0.,-10.,14.75));
#5500=CARTESIAN_POINT('',(25.9366,-11.625,14.75));
#5501=CARTESIAN_POINT('Origin',(25.9366,-10.,14.75));
#5502=CARTESIAN_POINT('',(0.,-11.625,14.75));
#5503=CARTESIAN_POINT('Origin',(-1.97215226305253E-30,10.,50.25));
#5504=CARTESIAN_POINT('',(25.9366,8.375,50.25));
#5505=CARTESIAN_POINT('Origin',(25.9366,10.,50.25));
#5506=CARTESIAN_POINT('',(-1.97215226305253E-30,8.375,50.25));
#5507=CARTESIAN_POINT('Origin',(0.,-10.,65.25));
#5508=CARTESIAN_POINT('',(25.9366,-11.625,65.25));
#5509=CARTESIAN_POINT('Origin',(25.9366,-10.,65.25));
#5510=CARTESIAN_POINT('',(0.,-11.625,65.25));
#5511=CARTESIAN_POINT('Origin',(0.,-10.,29.75));
#5512=CARTESIAN_POINT('',(25.9366,-11.625,29.75));
#5513=CARTESIAN_POINT('Origin',(25.9366,-10.,29.75));
#5514=CARTESIAN_POINT('',(0.,-11.625,29.75));
#5515=CARTESIAN_POINT('Origin',(0.,10.,14.75));
#5516=CARTESIAN_POINT('',(25.9366,8.375,14.75));
#5517=CARTESIAN_POINT('Origin',(25.9366,10.,14.75));
#5518=CARTESIAN_POINT('',(0.,8.375,14.75));
#5519=CARTESIAN_POINT('Origin',(0.,10.,65.25));
#5520=CARTESIAN_POINT('',(25.9366,8.375,65.25));
#5521=CARTESIAN_POINT('Origin',(25.9366,10.,65.25));
#5522=CARTESIAN_POINT('',(0.,8.375,65.25));
#5523=CARTESIAN_POINT('Origin',(-1.97215226305253E-30,-10.,50.25));
#5524=CARTESIAN_POINT('',(25.9366,-11.625,50.25));
#5525=CARTESIAN_POINT('Origin',(25.9366,-10.,50.25));
#5526=CARTESIAN_POINT('',(-1.97215226305253E-30,-11.625,50.25));
#5527=CARTESIAN_POINT('Origin',(0.,10.,29.75));
#5528=CARTESIAN_POINT('',(25.9366,8.375,29.75));
#5529=CARTESIAN_POINT('Origin',(25.9366,10.,29.75));
#5530=CARTESIAN_POINT('',(0.,8.375,29.75));
#5531=CARTESIAN_POINT('Origin',(18.7500457921,-23.,0.));
#5532=CARTESIAN_POINT('',(29.8843000000001,-23.,80.));
#5533=CARTESIAN_POINT('',(18.7500457921,-23.,80.));
#5534=CARTESIAN_POINT('',(71.4064457921,-23.,20.9288844126178));
#5535=CARTESIAN_POINT('',(46.2060823149898,-23.,8.22685554808977));
#5536=CARTESIAN_POINT('',(71.4064457921,-23.,59.0711155873822));
#5537=CARTESIAN_POINT('',(71.4064457921,-23.,0.));
#5538=CARTESIAN_POINT('',(41.5221466312841,-23.,74.134042393246));
#5539=CARTESIAN_POINT('',(43.0966257322001,-23.,36.7512038252001));
#5540=CARTESIAN_POINT('',(45.0966257322001,-23.,36.7512038252001));
#5541=CARTESIAN_POINT('',(31.92333576215,-23.,36.7512038252001));
#5542=CARTESIAN_POINT('',(45.0966257322001,-23.,31.7512038252));
#5543=CARTESIAN_POINT('Origin',(45.0966257322001,-23.,34.2512038252001));
#5544=CARTESIAN_POINT('',(43.0966257322001,-23.,31.7512038252));
#5545=CARTESIAN_POINT('',(30.92333576215,-23.,31.7512038252));
#5546=CARTESIAN_POINT('Origin',(43.0966257322001,-23.,34.2512038252001));
#5547=CARTESIAN_POINT('',(63.0966257322001,-23.,31.7512038252));
#5548=CARTESIAN_POINT('',(63.0966257322001,-23.,36.7512038252001));
#5549=CARTESIAN_POINT('Origin',(63.0966257322001,-23.,34.2512038252001));
#5550=CARTESIAN_POINT('',(65.0966257322001,-23.,36.7512038252001));
#5551=CARTESIAN_POINT('',(41.9233357621501,-23.,36.7512038252001));
#5552=CARTESIAN_POINT('',(65.0966257322001,-23.,31.7512038252));
#5553=CARTESIAN_POINT('Origin',(65.0966257322001,-23.,34.2512038252001));
#5554=CARTESIAN_POINT('',(40.9233357621501,-23.,31.7512038252));
#5555=CARTESIAN_POINT('Origin',(71.4064457921,-15.,0.));
#5556=CARTESIAN_POINT('',(71.4064457921,-15.,20.9288844126179));
#5557=CARTESIAN_POINT('',(67.2004889620631,-15.,18.8089076469409));
#5558=CARTESIAN_POINT('',(71.4064457921,-15.,59.0711155873822));
#5559=CARTESIAN_POINT('',(62.5165532783575,-15.,63.5519902943949));
#5560=CARTESIAN_POINT('',(71.4064457921,-15.,0.));
#5561=CARTESIAN_POINT('',(39.3466257322001,-15.,30.2512038252001));
#5562=CARTESIAN_POINT('',(48.8466257322001,-15.,30.2512038252001));
#5563=CARTESIAN_POINT('',(55.37653576215,-15.,30.2512038252001));
#5564=CARTESIAN_POINT('',(48.8466257322001,-15.,38.2512038252001));
#5565=CARTESIAN_POINT('',(48.8466257322001,-15.,15.1256019126));
#5566=CARTESIAN_POINT('',(39.3466257322001,-15.,38.2512038252001));
#5567=CARTESIAN_POINT('',(60.12653576215,-15.,38.2512038252001));
#5568=CARTESIAN_POINT('',(39.3466257322001,-15.,19.1256019126));
#5569=CARTESIAN_POINT('',(68.8466257322001,-15.,38.2512038252));
#5570=CARTESIAN_POINT('',(59.3466257322001,-15.,38.2512038252));
#5571=CARTESIAN_POINT('',(70.1265357621501,-15.,38.2512038252));
#5572=CARTESIAN_POINT('',(59.3466257322001,-15.,30.2512038252));
#5573=CARTESIAN_POINT('',(59.3466257322001,-15.,19.1256019126));
#5574=CARTESIAN_POINT('',(68.8466257322001,-15.,30.2512038252));
#5575=CARTESIAN_POINT('',(65.3765357621501,-15.,30.2512038252));
#5576=CARTESIAN_POINT('',(68.8466257322001,-15.,15.1256019126));
#5577=CARTESIAN_POINT('Origin',(71.4064457921,-23.,0.));
#5578=CARTESIAN_POINT('',(71.4064457921,-11.5,20.9288844126178));
#5579=CARTESIAN_POINT('',(71.4064457921,-11.5,59.0711155873822));
#5580=CARTESIAN_POINT('Origin',(29.8843000000001,0.,80.));
#5581=CARTESIAN_POINT('',(29.8843000000001,-0.500000000000003,80.));
#5582=CARTESIAN_POINT('Origin',(71.4064457921,0.,20.9288844126178));
#5583=CARTESIAN_POINT('Origin',(63.0966257322001,0.,31.7512038252));
#5584=CARTESIAN_POINT('',(65.0966257322001,-18.75,31.7512038252));
#5585=CARTESIAN_POINT('',(63.0966257322001,-18.75,31.7512038252));
#5586=CARTESIAN_POINT('',(58.5966257322001,-18.75,31.7512038252));
#5587=CARTESIAN_POINT('',(63.0966257322001,0.,31.7512038252));
#5588=CARTESIAN_POINT('',(65.0966257322001,0.,31.7512038252));
#5589=CARTESIAN_POINT('Origin',(63.0966257322001,0.,34.2512038252001));
#5590=CARTESIAN_POINT('',(63.0966257322001,-18.75,36.7512038252001));
#5591=CARTESIAN_POINT('Origin',(63.0966257322001,-18.75,34.2512038252001));
#5592=CARTESIAN_POINT('',(63.0966257322001,0.,36.7512038252001));
#5593=CARTESIAN_POINT('Origin',(43.0966257322001,0.,34.2512038252001));
#5594=CARTESIAN_POINT('',(43.0966257322001,-18.75,31.7512038252));
#5595=CARTESIAN_POINT('',(43.0966257322001,-18.75,36.7512038252001));
#5596=CARTESIAN_POINT('Origin',(43.0966257322001,-18.75,34.2512038252001));
#5597=CARTESIAN_POINT('',(43.0966257322001,0.,36.7512038252001));
#5598=CARTESIAN_POINT('',(43.0966257322001,0.,31.7512038252));
#5599=CARTESIAN_POINT('Origin',(45.0966257322001,0.,36.7512038252001));
#5600=CARTESIAN_POINT('',(45.0966257322001,-18.75,36.7512038252001));
#5601=CARTESIAN_POINT('',(49.5966257322001,-18.75,36.7512038252001));
#5602=CARTESIAN_POINT('',(45.0966257322001,0.,36.7512038252001));
#5603=CARTESIAN_POINT('Origin',(65.0966257322001,0.,34.2512038252001));
#5604=CARTESIAN_POINT('',(65.0966257322001,-18.75,36.7512038252001));
#5605=CARTESIAN_POINT('Origin',(65.0966257322001,-18.75,34.2512038252001));
#5606=CARTESIAN_POINT('',(65.0966257322001,0.,36.7512038252001));
#5607=CARTESIAN_POINT('Origin',(65.0966257322001,0.,36.7512038252001));
#5608=CARTESIAN_POINT('',(59.5966257322001,-18.75,36.7512038252001));
#5609=CARTESIAN_POINT('Origin',(43.0966257322001,0.,31.7512038252));
#5610=CARTESIAN_POINT('',(45.0966257322001,-18.75,31.7512038252));
#5611=CARTESIAN_POINT('',(48.5966257322001,-18.75,31.7512038252));
#5612=CARTESIAN_POINT('',(45.0966257322001,0.,31.7512038252));
#5613=CARTESIAN_POINT('Origin',(45.0966257322001,0.,34.2512038252001));
#5614=CARTESIAN_POINT('Origin',(45.0966257322001,-18.75,34.2512038252001));
#5615=CARTESIAN_POINT('Origin',(54.0966257322001,-18.75,34.2512038252001));
#5616=CARTESIAN_POINT('',(59.3466257322001,-18.75,38.2512038252));
#5617=CARTESIAN_POINT('',(59.3466257322001,-18.75,30.2512038252));
#5618=CARTESIAN_POINT('',(59.3466257322001,-18.75,36.2512038252001));
#5619=CARTESIAN_POINT('',(68.8466257322001,-18.75,38.2512038252));
#5620=CARTESIAN_POINT('',(61.4716257322001,-18.75,38.2512038252));
#5621=CARTESIAN_POINT('',(68.8466257322001,-18.75,30.2512038252));
#5622=CARTESIAN_POINT('',(68.8466257322001,-18.75,32.2512038252001));
#5623=CARTESIAN_POINT('',(56.7216257322001,-18.75,30.2512038252));
#5624=CARTESIAN_POINT('Origin',(59.3466257322001,-15.,38.2512038252));
#5625=CARTESIAN_POINT('',(59.3466257322001,-15.,38.2512038252));
#5626=CARTESIAN_POINT('',(59.3466257322001,-15.,30.2512038252));
#5627=CARTESIAN_POINT('Origin',(59.3466257322001,-15.,30.2512038252));
#5628=CARTESIAN_POINT('',(68.8466257322001,-15.,30.2512038252));
#5629=CARTESIAN_POINT('Origin',(68.8466257322001,-15.,30.2512038252));
#5630=CARTESIAN_POINT('',(68.8466257322001,-15.,38.2512038252));
#5631=CARTESIAN_POINT('Origin',(68.8466257322001,-15.,38.2512038252));
#5632=CARTESIAN_POINT('Origin',(54.0966257322001,-18.75,34.2512038252001));
#5633=CARTESIAN_POINT('',(48.8466257322001,-18.75,30.2512038252001));
#5634=CARTESIAN_POINT('',(48.8466257322001,-18.75,38.2512038252001));
#5635=CARTESIAN_POINT('',(48.8466257322001,-18.75,32.2512038252001));
#5636=CARTESIAN_POINT('',(39.3466257322001,-18.75,30.2512038252001));
#5637=CARTESIAN_POINT('',(46.7216257322001,-18.75,30.2512038252001));
#5638=CARTESIAN_POINT('',(39.3466257322001,-18.75,38.2512038252001));
#5639=CARTESIAN_POINT('',(39.3466257322001,-18.75,36.2512038252001));
#5640=CARTESIAN_POINT('',(51.4716257322001,-18.75,38.2512038252001));
#5641=CARTESIAN_POINT('Origin',(48.8466257322001,-15.,30.2512038252001));
#5642=CARTESIAN_POINT('',(48.8466257322001,-15.,30.2512038252001));
#5643=CARTESIAN_POINT('',(48.8466257322001,-15.,38.2512038252001));
#5644=CARTESIAN_POINT('Origin',(48.8466257322001,-15.,38.2512038252001));
#5645=CARTESIAN_POINT('',(39.3466257322001,-15.,38.2512038252001));
#5646=CARTESIAN_POINT('Origin',(39.3466257322001,-15.,38.2512038252001));
#5647=CARTESIAN_POINT('',(39.3466257322001,-15.,30.2512038252001));
#5648=CARTESIAN_POINT('Origin',(39.3466257322001,-15.,30.2512038252001));
#5649=CARTESIAN_POINT('Origin',(25.9366,-10.,50.25));
#5650=CARTESIAN_POINT('Origin',(25.9366,10.,29.75));
#5651=CARTESIAN_POINT('',(25.9366,7.,29.75));
#5652=CARTESIAN_POINT('Origin',(25.9366,10.,29.75));
#5653=CARTESIAN_POINT('Origin',(0.,10.,29.75));
#5654=CARTESIAN_POINT('',(0.,7.,29.75));
#5655=CARTESIAN_POINT('Origin',(25.9366,10.,14.75));
#5656=CARTESIAN_POINT('Origin',(25.9366,10.,50.25));
#5657=CARTESIAN_POINT('',(25.9366,7.,50.25));
#5658=CARTESIAN_POINT('Origin',(25.9366,10.,50.25));
#5659=CARTESIAN_POINT('Origin',(-1.97215226305253E-30,10.,50.25));
#5660=CARTESIAN_POINT('',(-1.97215226305253E-30,7.,50.25));
#5661=CARTESIAN_POINT('Origin',(25.9366,-10.,65.25));
#5662=CARTESIAN_POINT('',(25.9366,-13.,65.25));
#5663=CARTESIAN_POINT('Origin',(25.9366,-10.,65.25));
#5664=CARTESIAN_POINT('Origin',(0.,-10.,65.25));
#5665=CARTESIAN_POINT('',(0.,-13.,65.25));
#5666=CARTESIAN_POINT('Origin',(25.9366,-10.,29.75));
#5667=CARTESIAN_POINT('Origin',(25.9366,-10.,14.75));
#5668=CARTESIAN_POINT('Origin',(25.9366,10.,65.25));
#5669=CARTESIAN_POINT('',(25.9366,7.,65.25));
#5670=CARTESIAN_POINT('Origin',(25.9366,10.,65.25));
#5671=CARTESIAN_POINT('Origin',(0.,10.,65.25));
#5672=CARTESIAN_POINT('',(0.,7.,65.25));
#5673=CARTESIAN_POINT('Origin',(29.45322289605,-1.00000000000001,80.));
#5674=UNCERTAINTY_MEASURE_WITH_UNIT(LENGTH_MEASURE(0.01),#5678,
'DISTANCE_ACCURACY_VALUE',
'Maximum model space distance between geometric entities at asserted c
onnectivities');
#5675=UNCERTAINTY_MEASURE_WITH_UNIT(LENGTH_MEASURE(0.01),#5678,
'DISTANCE_ACCURACY_VALUE',
'Maximum model space distance between geometric entities at asserted c
onnectivities');
#5676=(
GEOMETRIC_REPRESENTATION_CONTEXT(3)
GLOBAL_UNCERTAINTY_ASSIGNED_CONTEXT((#5674))
GLOBAL_UNIT_ASSIGNED_CONTEXT((#5678,#5679,#5680))
REPRESENTATION_CONTEXT('','3D')
);
#5677=(
GEOMETRIC_REPRESENTATION_CONTEXT(3)
GLOBAL_UNCERTAINTY_ASSIGNED_CONTEXT((#5675))
GLOBAL_UNIT_ASSIGNED_CONTEXT((#5678,#5679,#5680))
REPRESENTATION_CONTEXT('','3D')
);
#5678=(
LENGTH_UNIT()
NAMED_UNIT(*)
SI_UNIT(.MILLI.,.METRE.)
);
#5679=(
NAMED_UNIT(*)
PLANE_ANGLE_UNIT()
SI_UNIT($,.RADIAN.)
);
#5680=(
NAMED_UNIT(*)
SI_UNIT($,.STERADIAN.)
SOLID_ANGLE_UNIT()
);
#5681=SHAPE_DEFINITION_REPRESENTATION(#5682,#5683);
#5682=PRODUCT_DEFINITION_SHAPE('',$,#5685);
#5683=SHAPE_REPRESENTATION('',(#2633),#5676);
#5684=PRODUCT_DEFINITION_CONTEXT('part definition',#5689,'design');
#5685=PRODUCT_DEFINITION('Base_05c','Base_05c v3',#5686,#5684);
#5686=PRODUCT_DEFINITION_FORMATION('',$,#5691);
#5687=PRODUCT_RELATED_PRODUCT_CATEGORY('Base_05c v3','Base_05c v3',(#5691));
#5688=APPLICATION_PROTOCOL_DEFINITION('international standard',
'automotive_design',2009,#5689);
#5689=APPLICATION_CONTEXT(
'Core Data for Automotive Mechanical Design Process');
#5690=PRODUCT_CONTEXT('part definition',#5689,'mechanical');
#5691=PRODUCT('Base_05c','Base_05c v3',$,(#5690));
#5692=PRESENTATION_STYLE_ASSIGNMENT((#5694));
#5693=PRESENTATION_STYLE_ASSIGNMENT((#5695));
#5694=SURFACE_STYLE_USAGE(.BOTH.,#5696);
#5695=SURFACE_STYLE_USAGE(.BOTH.,#5697);
#5696=SURFACE_SIDE_STYLE('',(#5698));
#5697=SURFACE_SIDE_STYLE('',(#5699));
#5698=SURFACE_STYLE_FILL_AREA(#5700);
#5699=SURFACE_STYLE_FILL_AREA(#5701);
#5700=FILL_AREA_STYLE('Paint - Enamel Glossy (Blue)',(#5702));
#5701=FILL_AREA_STYLE('Paint - Enamel Glossy (Green)',(#5703));
#5702=FILL_AREA_STYLE_COLOUR('Paint - Enamel Glossy (Blue)',#5704);
#5703=FILL_AREA_STYLE_COLOUR('Paint - Enamel Glossy (Green)',#5705);
#5704=COLOUR_RGB('Paint - Enamel Glossy (Blue)',0.188235294117647,0.231372549019608,
0.588235294117647);
#5705=COLOUR_RGB('Paint - Enamel Glossy (Green)',0.266666666666667,0.588235294117647,
0.282352941176471);
ENDSEC;
END-ISO-10303-21;
