ISO-10303-21;
HEADER;
/* Generated by software containing ST-Developer
 * from STEP Tools, Inc. (www.steptools.com) 
 */

FILE_DESCRIPTION(
/* description */ (''),
/* implementation_level */ '2;1');

FILE_NAME(
/* name */ 'CutterHead_TDHB071202_CCW.step',
/* time_stamp */ '2026-03-03T18:09:06-08:00',
/* author */ (''),
/* organization */ (''),
/* preprocessor_version */ 'ST-DEVELOPER v20.1',
/* originating_system */ 'Autodesk Translation Framework v14.24.0.0',
/* authorisation */ '');

FILE_SCHEMA (('AUTOMOTIVE_DESIGN { 1 0 10303 214 3 1 1 }'));
ENDSEC;

DATA;
#10=MECHANICAL_DESIGN_GEOMETRIC_PRESENTATION_REPRESENTATION('',(#13),#1775);
#11=SHAPE_REPRESENTATION_RELATIONSHIP('SRR','None',#1782,#12);
#12=ADVANCED_BREP_SHAPE_REPRESENTATION('',(#14),#1774);
#13=STYLED_ITEM('',(#1792),#14);
#14=MANIFOLD_SOLID_BREP('Body1',#670);
#15=FACE_BOUND('',#211,.T.);
#16=FACE_BOUND('',#214,.T.);
#17=FACE_BOUND('',#217,.T.);
#18=FACE_BOUND('',#220,.T.);
#19=FACE_BOUND('',#230,.T.);
#20=FACE_BOUND('',#236,.T.);
#21=PLANE('',#714);
#22=PLANE('',#719);
#23=PLANE('',#722);
#24=PLANE('',#726);
#25=PLANE('',#731);
#26=PLANE('',#734);
#27=PLANE('',#735);
#28=PLANE('',#737);
#29=PLANE('',#738);
#30=PLANE('',#740);
#31=PLANE('',#741);
#32=PLANE('',#745);
#33=PLANE('',#748);
#34=ELLIPSE('',#712,11.3765348765716,6.6377932990808);
#35=(
BOUNDED_CURVE()
B_SPLINE_CURVE(2,(#1629,#1630,#1631),.UNSPECIFIED.,.F.,.F.)
B_SPLINE_CURVE_WITH_KNOTS((3,3),(0.,1.06989409927472),.UNSPECIFIED.)
CURVE()
GEOMETRIC_REPRESENTATION_ITEM()
RATIONAL_B_SPLINE_CURVE((1.,1.60718348316793,1.))
REPRESENTATION_ITEM('')
);
#36=(
BOUNDED_CURVE()
B_SPLINE_CURVE(2,(#1640,#1641,#1642),.UNSPECIFIED.,.F.,.F.)
B_SPLINE_CURVE_WITH_KNOTS((3,3),(0.114693983289412,0.152125868010414),
 .UNSPECIFIED.)
CURVE()
GEOMETRIC_REPRESENTATION_ITEM()
RATIONAL_B_SPLINE_CURVE((1.00039704269313,1.00038287956019,1.00031718161937))
REPRESENTATION_ITEM('')
);
#37=(
BOUNDED_CURVE()
B_SPLINE_CURVE(2,(#1644,#1645,#1646),.UNSPECIFIED.,.F.,.F.)
B_SPLINE_CURVE_WITH_KNOTS((3,3),(0.,0.0548653478491419),.UNSPECIFIED.)
CURVE()
GEOMETRIC_REPRESENTATION_ITEM()
RATIONAL_B_SPLINE_CURVE((1.,1.00037480398269,1.00063230306255))
REPRESENTATION_ITEM('')
);
#38=(
BOUNDED_CURVE()
B_SPLINE_CURVE(2,(#1650,#1651,#1652),.UNSPECIFIED.,.F.,.F.)
B_SPLINE_CURVE_WITH_KNOTS((3,3),(0.0138006045510692,0.175565703526743),
 .UNSPECIFIED.)
CURVE()
GEOMETRIC_REPRESENTATION_ITEM()
RATIONAL_B_SPLINE_CURVE((1.00009763265587,1.00062109209266,1.00000179459468))
REPRESENTATION_ITEM('')
);
#39=(
BOUNDED_CURVE()
B_SPLINE_CURVE(2,(#1689,#1690,#1691),.UNSPECIFIED.,.F.,.F.)
B_SPLINE_CURVE_WITH_KNOTS((3,3),(0.000234068237182217,0.16199916720919),
 .UNSPECIFIED.)
CURVE()
GEOMETRIC_REPRESENTATION_ITEM()
RATIONAL_B_SPLINE_CURVE((1.00000179459468,1.00062109209231,1.00009763265582))
REPRESENTATION_ITEM('')
);
#40=(
BOUNDED_CURVE()
B_SPLINE_CURVE(2,(#1693,#1694,#1695),.UNSPECIFIED.,.F.,.F.)
B_SPLINE_CURVE_WITH_KNOTS((3,3),(0.29573808624087,0.350603434105436),
 .UNSPECIFIED.)
CURVE()
GEOMETRIC_REPRESENTATION_ITEM()
RATIONAL_B_SPLINE_CURVE((1.00063230305266,1.00037480397685,1.))
REPRESENTATION_ITEM('')
);
#41=(
BOUNDED_CURVE()
B_SPLINE_CURVE(2,(#1696,#1697,#1698),.UNSPECIFIED.,.F.,.F.)
B_SPLINE_CURVE_WITH_KNOTS((3,3),(0.0566875477836809,0.094119432491917),
 .UNSPECIFIED.)
CURVE()
GEOMETRIC_REPRESENTATION_ITEM()
RATIONAL_B_SPLINE_CURVE((1.00031718168076,1.00038287963438,1.00039704277015))
REPRESENTATION_ITEM('')
);
#42=B_SPLINE_CURVE_WITH_KNOTS('',3,(#967,#968,#969,#970,#971),
 .UNSPECIFIED.,.F.,.F.,(4,1,4),(-0.00144652272556637,0.392906112404777,
0.920671750668749),.UNSPECIFIED.);
#43=B_SPLINE_CURVE_WITH_KNOTS('',3,(#973,#974,#975,#976),.UNSPECIFIED.,
 .F.,.F.,(4,4),(-0.000553287812042067,0.),.UNSPECIFIED.);
#44=B_SPLINE_CURVE_WITH_KNOTS('',3,(#978,#979,#980,#981,#982,#983,#984,
#985,#986,#987,#988,#989,#990,#991,#992,#993,#994,#995,#996,#997,#998,#999,
#1000,#1001,#1002,#1003,#1004,#1005,#1006,#1007,#1008,#1009,#1010,#1011,
#1012,#1013,#1014,#1015,#1016,#1017,#1018,#1019,#1020,#1021,#1022,#1023,
#1024,#1025,#1026,#1027,#1028,#1029,#1030,#1031,#1032),.UNSPECIFIED.,.F.,
 .F.,(4,3,3,3,3,3,3,3,3,3,3,3,3,3,3,3,3,3,4),(-0.0259450125312156,-0.0258202890213323,
-0.0233874455359691,-0.022622387146286,-0.0221060022764659,-0.0196761504559314,
-0.0194405195448997,-0.0170517685100586,-0.0155280486267574,-0.0145100474634081,
-0.0121206476811886,-0.0117068337807841,-0.00931699038647408,-0.00789754053304956,
-0.00701243701233328,-0.00464250748419373,-0.00401225791138893,-0.00160298530727369,
0.),.UNSPECIFIED.);
#45=B_SPLINE_CURVE_WITH_KNOTS('',3,(#1034,#1035,#1036,#1037,#1038),
 .UNSPECIFIED.,.F.,.F.,(4,1,4),(-0.920671750668749,-0.392906112404777,0.00291811629320282),
 .UNSPECIFIED.);
#46=B_SPLINE_CURVE_WITH_KNOTS('',3,(#1069,#1070,#1071,#1072),
 .UNSPECIFIED.,.F.,.F.,(4,4),(-0.706321685646812,-0.578680856313953),
 .UNSPECIFIED.);
#47=B_SPLINE_CURVE_WITH_KNOTS('',3,(#1074,#1075,#1076,#1077),
 .UNSPECIFIED.,.F.,.F.,(4,4),(-0.704985524189337,-0.704924920763723),
 .UNSPECIFIED.);
#48=B_SPLINE_CURVE_WITH_KNOTS('',3,(#1079,#1080,#1081,#1082),
 .UNSPECIFIED.,.F.,.F.,(4,4),(0.575001157756404,0.704924920337299),
 .UNSPECIFIED.);
#49=B_SPLINE_CURVE_WITH_KNOTS('',3,(#1083,#1084,#1085,#1086,#1087,#1088,
#1089,#1090,#1091,#1092,#1093,#1094,#1095,#1096,#1097,#1098,#1099,#1100,
#1101,#1102,#1103,#1104,#1105,#1106,#1107,#1108,#1109,#1110,#1111,#1112,
#1113,#1114,#1115,#1116,#1117,#1118,#1119,#1120,#1121,#1122,#1123,#1124,
#1125,#1126,#1127,#1128,#1129,#1130,#1131,#1132,#1133,#1134),
 .UNSPECIFIED.,.F.,.F.,(4,3,3,3,3,3,3,3,3,3,3,3,3,3,3,3,3,4),(0.,0.00240333251169636,
0.00397618571386282,0.00632724432048042,0.00754968162220874,0.00772210301727532,
0.0100851334422272,0.0113751939396625,0.0137730568940242,0.0150640829772519,
0.0151435796955904,0.0175178953745803,0.0191829410156915,0.0217057192264165,
0.0228866734137936,0.023010719187611,0.025554526662449,0.026860743326517),
 .UNSPECIFIED.);
#50=B_SPLINE_CURVE_WITH_KNOTS('',3,(#1164,#1165,#1166,#1167,#1168,#1169,
#1170,#1171,#1172,#1173),.UNSPECIFIED.,.F.,.F.,(4,3,3,4),(0.0508386960725913,
0.0566628489762209,0.0623783486169948,0.0636479689044494),.UNSPECIFIED.);
#51=B_SPLINE_CURVE_WITH_KNOTS('',3,(#1176,#1177,#1178,#1179),
 .UNSPECIFIED.,.F.,.F.,(4,4),(0.920671750668748,0.93468963116646),
 .UNSPECIFIED.);
#52=B_SPLINE_CURVE_WITH_KNOTS('',3,(#1204,#1205,#1206,#1207),
 .UNSPECIFIED.,.F.,.F.,(4,4),(-0.104505041848077,-0.0679075657369047),
 .UNSPECIFIED.);
#53=B_SPLINE_CURVE_WITH_KNOTS('',3,(#1210,#1211,#1212,#1213),
 .UNSPECIFIED.,.F.,.F.,(4,4),(0.0679075657369047,0.104505041848077),
 .UNSPECIFIED.);
#54=B_SPLINE_CURVE_WITH_KNOTS('',3,(#1231,#1232,#1233,#1234),
 .UNSPECIFIED.,.F.,.F.,(4,4),(-0.409340153517999,0.),.UNSPECIFIED.);
#55=B_SPLINE_CURVE_WITH_KNOTS('',3,(#1236,#1237,#1238,#1239,#1240,#1241,
#1242,#1243,#1244,#1245,#1246,#1247,#1248,#1249,#1250,#1251,#1252,#1253,
#1254,#1255,#1256,#1257),.UNSPECIFIED.,.F.,.F.,(4,3,3,3,3,3,3,4),(-5.72520249348234E-5,
0.,0.00290091679911509,0.00388184712726852,0.00648592244979313,0.00764561703240555,
0.00990368869302098,0.011710324323122),.UNSPECIFIED.);
#56=B_SPLINE_CURVE_WITH_KNOTS('',3,(#1258,#1259,#1260,#1261),
 .UNSPECIFIED.,.F.,.F.,(4,4),(0.,0.403281878685234),.UNSPECIFIED.);
#57=B_SPLINE_CURVE_WITH_KNOTS('',3,(#1279,#1280,#1281,#1282),
 .UNSPECIFIED.,.F.,.F.,(4,4),(0.40306698011234,0.80634903540737),
 .UNSPECIFIED.);
#58=B_SPLINE_CURVE_WITH_KNOTS('',3,(#1284,#1285,#1286,#1287),
 .UNSPECIFIED.,.F.,.F.,(4,4),(-0.80634903540737,-0.397008698640859),
 .UNSPECIFIED.);
#59=B_SPLINE_CURVE_WITH_KNOTS('',3,(#1348,#1349,#1350,#1351,#1352,#1353,
#1354,#1355),.UNSPECIFIED.,.F.,.F.,(4,1,1,1,1,4),(0.,0.0223939375385982,
0.0447878750771963,0.0746464584619939,0.0895757501543926,0.104505041846791),
 .UNSPECIFIED.);
#60=B_SPLINE_CURVE_WITH_KNOTS('',3,(#1356,#1357,#1358,#1359,#1360,#1361,
#1362,#1363),.UNSPECIFIED.,.F.,.F.,(4,1,1,1,1,4),(-0.104505041846791,-0.0895757501543926,
-0.0746464584619939,-0.0447878750771963,-0.0223939375385982,0.),
 .UNSPECIFIED.);
#61=B_SPLINE_CURVE_WITH_KNOTS('',3,(#1400,#1401,#1402,#1403,#1404),
 .UNSPECIFIED.,.F.,.F.,(4,1,4),(-0.00291811629316563,0.532857739424699,
0.934689631213098),.UNSPECIFIED.);
#62=B_SPLINE_CURVE_WITH_KNOTS('',3,(#1406,#1407,#1408,#1409,#1410,#1411,
#1412,#1413,#1414,#1415,#1416,#1417,#1418,#1419,#1420,#1421,#1422,#1423,
#1424,#1425,#1426,#1427,#1428,#1429,#1430,#1431,#1432,#1433,#1434,#1435,
#1436,#1437,#1438,#1439,#1440,#1441,#1442,#1443,#1444,#1445,#1446,#1447,
#1448,#1449,#1450,#1451,#1452,#1453,#1454,#1455,#1456,#1457,#1458,#1459,
#1460),.UNSPECIFIED.,.F.,.F.,(4,3,3,3,3,3,3,3,3,3,3,3,3,3,3,3,3,3,4),(-0.0258252324357816,
-0.0234154982999737,-0.02181220638351,-0.0194418307709502,-0.0188114528588955,
-0.0179261799243309,-0.0155358969503937,-0.014116157373181,-0.0117263146854659,
-0.011312406954187,-0.0102942109266255,-0.00790500289069407,-0.00638099092667913,
-0.00395066229435361,-0.00371499785898123,-0.00319851414465464,-0.00076519034724732,
0.,0.000124747392772073),.UNSPECIFIED.);
#63=B_SPLINE_CURVE_WITH_KNOTS('',3,(#1462,#1463,#1464,#1465),
 .UNSPECIFIED.,.F.,.F.,(4,4),(-0.0559643727392887,-0.0552721312680847),
 .UNSPECIFIED.);
#64=B_SPLINE_CURVE_WITH_KNOTS('',3,(#1466,#1467,#1468,#1469,#1470),
 .UNSPECIFIED.,.F.,.F.,(4,1,4),(-0.934689631213098,-0.532857739424699,0.00144651560346456),
 .UNSPECIFIED.);
#65=B_SPLINE_CURVE_WITH_KNOTS('',3,(#1501,#1502,#1503,#1504),
 .UNSPECIFIED.,.F.,.F.,(4,4),(-0.704924920327687,-0.575001157744801),
 .UNSPECIFIED.);
#66=B_SPLINE_CURVE_WITH_KNOTS('',3,(#1505,#1506,#1507,#1508),
 .UNSPECIFIED.,.F.,.F.,(4,4),(0.704924920754195,0.704985524179996),
 .UNSPECIFIED.);
#67=B_SPLINE_CURVE_WITH_KNOTS('',3,(#1510,#1511,#1512,#1513),
 .UNSPECIFIED.,.F.,.F.,(4,4),(0.578680856290324,0.706321685637485),
 .UNSPECIFIED.);
#68=B_SPLINE_CURVE_WITH_KNOTS('',3,(#1514,#1515,#1516,#1517,#1518,#1519,
#1520,#1521,#1522,#1523,#1524,#1525,#1526,#1527,#1528,#1529,#1530,#1531,
#1532,#1533,#1534,#1535,#1536,#1537,#1538,#1539,#1540,#1541,#1542,#1543,
#1544,#1545,#1546,#1547,#1548,#1549,#1550,#1551,#1552,#1553,#1554,#1555,
#1556,#1557,#1558,#1559,#1560,#1561,#1562),.UNSPECIFIED.,.F.,.F.,(4,3,3,
3,3,3,3,3,3,3,3,3,3,3,3,3,4),(0.,0.00255028651425966,0.00398105887424199,
0.00448162823167266,0.00698432359544125,0.00892442749527848,0.0112921860006774,
0.0118176653142217,0.0130465975300282,0.0154299468275506,0.0169023346660144,
0.0193445908047463,0.0205761809618947,0.0229334500030277,0.0237087868969717,
0.026125965621904,0.0268960188315696),.UNSPECIFIED.);
#69=B_SPLINE_CURVE_WITH_KNOTS('',3,(#1605,#1606,#1607,#1608,#1609,#1610,
#1611,#1612,#1613,#1614,#1615,#1616,#1617,#1618),.UNSPECIFIED.,.F.,.F.,
(4,2,2,2,2,2,4),(0.,0.00626368750497896,0.0131144575086204,0.0219258151084243,
0.0270138274911121,0.0349264178898426,0.0425844127369592),.UNSPECIFIED.);
#70=B_SPLINE_CURVE_WITH_KNOTS('',3,(#1619,#1620,#1621,#1622,#1623,#1624),
 .UNSPECIFIED.,.F.,.F.,(4,1,1,4),(1.10872456566816E-11,0.0145508035181955,
0.0339518748610065,0.0679037497109257),.UNSPECIFIED.);
#71=B_SPLINE_CURVE_WITH_KNOTS('',3,(#1654,#1655,#1656,#1657,#1658,#1659,
#1660,#1661,#1662,#1663,#1664,#1665,#1666,#1667),.UNSPECIFIED.,.F.,.F.,
(4,2,2,2,2,2,4),(0.747154260363587,0.747989118244534,0.807575312606711,
0.903791223245287,1.00000713388386,1.10806634815275,1.19683580020973),
 .UNSPECIFIED.);
#72=B_SPLINE_CURVE_WITH_KNOTS('',3,(#1675,#1676,#1677,#1678,#1679,#1680,
#1681,#1682,#1683,#1684,#1685,#1686,#1687,#1688),.UNSPECIFIED.,.F.,.F.,
(4,2,2,2,2,2,4),(0.809033869513097,0.897803321573448,1.00586253584158,1.10207844647944,
1.1982943571173,1.25788055147921,1.25871540936209),.UNSPECIFIED.);
#73=B_SPLINE_SURFACE_WITH_KNOTS('',3,3,((#930,#931,#932,#933,#934),(#935,
#936,#937,#938,#939),(#940,#941,#942,#943,#944),(#945,#946,#947,#948,#949),
(#950,#951,#952,#953,#954),(#955,#956,#957,#958,#959),(#960,#961,#962,#963,
#964)),.UNSPECIFIED.,.F.,.F.,.F.,(4,1,1,1,4),(4,1,4),(0.,0.285714285714286,
0.571428571428571,0.857142857142857,1.),(-0.00291811629320282,0.392906112404777,
0.920671750668749),.UNSPECIFIED.);
#74=B_SPLINE_SURFACE_WITH_KNOTS('',3,3,((#1040,#1041,#1042,#1043),(#1044,
#1045,#1046,#1047),(#1048,#1049,#1050,#1051),(#1052,#1053,#1054,#1055),
(#1056,#1057,#1058,#1059),(#1060,#1061,#1062,#1063),(#1064,#1065,#1066,
#1067)),.UNSPECIFIED.,.F.,.F.,.F.,(4,1,1,1,4),(4,4),(0.,0.285714285714286,
0.571428571428571,0.857142857142857,1.),(0.57382105888626,0.706321685646812),
 .UNSPECIFIED.);
#75=B_SPLINE_SURFACE_WITH_KNOTS('',3,3,((#1135,#1136,#1137,#1138),(#1139,
#1140,#1141,#1142),(#1143,#1144,#1145,#1146),(#1147,#1148,#1149,#1150),
(#1151,#1152,#1153,#1154),(#1155,#1156,#1157,#1158),(#1159,#1160,#1161,
#1162)),.UNSPECIFIED.,.F.,.F.,.F.,(4,1,1,1,4),(4,4),(0.,0.285714285714286,
0.5,0.785714285714286,1.),(0.920671750668748,0.93468963116646),
 .UNSPECIFIED.);
#76=B_SPLINE_SURFACE_WITH_KNOTS('',3,3,((#1180,#1181,#1182,#1183),(#1184,
#1185,#1186,#1187),(#1188,#1189,#1190,#1191),(#1192,#1193,#1194,#1195),
(#1196,#1197,#1198,#1199)),.UNSPECIFIED.,.F.,.F.,.F.,(4,1,4),(4,4),(0.,
0.571428571428571,1.),(0.0679075657369047,0.104505041848077),
 .UNSPECIFIED.);
#77=B_SPLINE_SURFACE_WITH_KNOTS('',3,3,((#1214,#1215,#1216,#1217),(#1218,
#1219,#1220,#1221),(#1222,#1223,#1224,#1225),(#1226,#1227,#1228,#1229)),
 .UNSPECIFIED.,.F.,.F.,.F.,(4,4),(4,4),(0.,1.),(0.,0.409340153517999),
 .UNSPECIFIED.);
#78=B_SPLINE_SURFACE_WITH_KNOTS('',3,3,((#1262,#1263,#1264,#1265),(#1266,
#1267,#1268,#1269),(#1270,#1271,#1272,#1273),(#1274,#1275,#1276,#1277)),
 .UNSPECIFIED.,.F.,.F.,.F.,(4,4),(4,4),(0.,1.),(0.397008698640859,0.80634903540737),
 .UNSPECIFIED.);
#79=B_SPLINE_SURFACE_WITH_KNOTS('',3,3,((#1289,#1290,#1291,#1292,#1293,
#1294,#1295,#1296),(#1297,#1298,#1299,#1300,#1301,#1302,#1303,#1304),(#1305,
#1306,#1307,#1308,#1309,#1310,#1311,#1312),(#1313,#1314,#1315,#1316,#1317,
#1318,#1319,#1320),(#1321,#1322,#1323,#1324,#1325,#1326,#1327,#1328),(#1329,
#1330,#1331,#1332,#1333,#1334,#1335,#1336),(#1337,#1338,#1339,#1340,#1341,
#1342,#1343,#1344)),.UNSPECIFIED.,.F.,.F.,.F.,(4,1,1,1,4),(4,1,1,1,1,4),
(0.,0.285714285714286,0.5,0.785714285714286,1.),(0.,0.0223939375385982,
0.0447878750771963,0.0746464584619939,0.0895757501543926,0.104505041846791),
 .UNSPECIFIED.);
#80=B_SPLINE_SURFACE_WITH_KNOTS('',3,3,((#1364,#1365,#1366,#1367,#1368),
(#1369,#1370,#1371,#1372,#1373),(#1374,#1375,#1376,#1377,#1378),(#1379,
#1380,#1381,#1382,#1383),(#1384,#1385,#1386,#1387,#1388),(#1389,#1390,#1391,
#1392,#1393),(#1394,#1395,#1396,#1397,#1398)),.UNSPECIFIED.,.F.,.F.,.F.,
(4,1,1,1,4),(4,1,4),(0.,0.285714285714286,0.571428571428571,0.857142857142857,
1.),(-0.934689631213098,-0.532857739424699,0.00291811629316563),
 .UNSPECIFIED.);
#81=B_SPLINE_SURFACE_WITH_KNOTS('',3,3,((#1471,#1472,#1473,#1474),(#1475,
#1476,#1477,#1478),(#1479,#1480,#1481,#1482),(#1483,#1484,#1485,#1486),
(#1487,#1488,#1489,#1490),(#1491,#1492,#1493,#1494),(#1495,#1496,#1497,
#1498)),.UNSPECIFIED.,.F.,.F.,.F.,(4,1,1,1,4),(4,4),(0.,0.285714285714286,
0.571428571428571,0.857142857142857,1.),(-0.706321685637485,-0.573809126865844),
 .UNSPECIFIED.);
#82=B_SPLINE_SURFACE_WITH_KNOTS('',3,3,((#1563,#1564,#1565,#1566,#1567,
#1568),(#1569,#1570,#1571,#1572,#1573,#1574),(#1575,#1576,#1577,#1578,#1579,
#1580),(#1581,#1582,#1583,#1584,#1585,#1586),(#1587,#1588,#1589,#1590,#1591,
#1592),(#1593,#1594,#1595,#1596,#1597,#1598),(#1599,#1600,#1601,#1602,#1603,
#1604)),.UNSPECIFIED.,.F.,.F.,.F.,(4,1,1,1,4),(4,1,1,4),(0.,0.285714285714286,
0.5,0.785714285714286,1.),(1.10872456566816E-11,0.0145508035181955,0.0339518748610065,
0.0679037497109257),.UNSPECIFIED.);
#83=CONICAL_SURFACE('',#690,9.33399999999756,1.3613568165556);
#84=CONICAL_SURFACE('',#695,9.85136400360475,1.36135681655181);
#85=CONICAL_SURFACE('',#703,9.5139614756203,0.959931088620997);
#86=CONICAL_SURFACE('',#708,12.4027013703199,0.514229917353476);
#87=CONICAL_SURFACE('',#713,12.3604640036046,0.514229917339089);
#88=CONICAL_SURFACE('',#729,0.138974291314453,0.261799387799149);
#89=CONICAL_SURFACE('',#732,0.138974291314453,0.261799387799149);
#90=LINE('',#916,#116);
#91=LINE('',#921,#117);
#92=LINE('',#928,#118);
#93=LINE('',#1635,#119);
#94=LINE('',#1673,#120);
#95=LINE('',#1707,#121);
#96=LINE('',#1712,#122);
#97=LINE('',#1719,#123);
#98=LINE('',#1724,#124);
#99=LINE('',#1730,#125);
#100=LINE('',#1731,#126);
#101=LINE('',#1734,#127);
#102=LINE('',#1736,#128);
#103=LINE('',#1738,#129);
#104=LINE('',#1740,#130);
#105=LINE('',#1741,#131);
#106=LINE('',#1745,#132);
#107=LINE('',#1747,#133);
#108=LINE('',#1748,#134);
#109=LINE('',#1750,#135);
#110=LINE('',#1751,#136);
#111=LINE('',#1753,#137);
#112=LINE('',#1756,#138);
#113=LINE('',#1760,#139);
#114=LINE('',#1762,#140);
#115=LINE('',#1766,#141);
#116=VECTOR('',#761,8.36800000000011);
#117=VECTOR('',#768,9.33399999999756);
#118=VECTOR('',#777,9.85136400360475);
#119=VECTOR('',#798,9.5139614756203);
#120=VECTOR('',#815,12.3604640036046);
#121=VECTOR('',#826,6.54999999999853);
#122=VECTOR('',#833,10.2999999999965);
#123=VECTOR('',#842,6.55000000000035);
#124=VECTOR('',#849,4.5);
#125=VECTOR('',#854,0.686966447656822);
#126=VECTOR('',#855,0.686966447656822);
#127=VECTOR('',#858,6.42313721478779);
#128=VECTOR('',#859,10.);
#129=VECTOR('',#860,5.9309654656568);
#130=VECTOR('',#861,10.);
#131=VECTOR('',#862,0.686966447656822);
#132=VECTOR('',#867,0.686966447656817);
#133=VECTOR('',#870,6.423137214788);
#134=VECTOR('',#871,5.930965465657);
#135=VECTOR('',#874,10.);
#136=VECTOR('',#875,10.);
#137=VECTOR('',#878,10.);
#138=VECTOR('',#883,5.9309654656568);
#139=VECTOR('',#888,6.42313721478779);
#140=VECTOR('',#891,10.);
#141=VECTOR('',#896,0.85);
#142=CYLINDRICAL_SURFACE('',#688,8.36800000000011);
#143=CYLINDRICAL_SURFACE('',#717,6.54999999999853);
#144=CYLINDRICAL_SURFACE('',#721,10.2999999999965);
#145=CYLINDRICAL_SURFACE('',#724,6.55000000000035);
#146=CYLINDRICAL_SURFACE('',#728,4.5);
#147=CYLINDRICAL_SURFACE('',#736,0.226096291314453);
#148=CYLINDRICAL_SURFACE('',#742,0.226096291314453);
#149=CYLINDRICAL_SURFACE('',#743,0.85);
#150=CYLINDRICAL_SURFACE('',#747,1.475549637593);
#151=FACE_OUTER_BOUND('',#192,.T.);
#152=FACE_OUTER_BOUND('',#193,.T.);
#153=FACE_OUTER_BOUND('',#194,.T.);
#154=FACE_OUTER_BOUND('',#195,.T.);
#155=FACE_OUTER_BOUND('',#196,.T.);
#156=FACE_OUTER_BOUND('',#197,.T.);
#157=FACE_OUTER_BOUND('',#198,.T.);
#158=FACE_OUTER_BOUND('',#199,.T.);
#159=FACE_OUTER_BOUND('',#200,.T.);
#160=FACE_OUTER_BOUND('',#201,.T.);
#161=FACE_OUTER_BOUND('',#202,.T.);
#162=FACE_OUTER_BOUND('',#203,.T.);
#163=FACE_OUTER_BOUND('',#204,.T.);
#164=FACE_OUTER_BOUND('',#205,.T.);
#165=FACE_OUTER_BOUND('',#206,.T.);
#166=FACE_OUTER_BOUND('',#207,.T.);
#167=FACE_OUTER_BOUND('',#208,.T.);
#168=FACE_OUTER_BOUND('',#209,.T.);
#169=FACE_OUTER_BOUND('',#210,.T.);
#170=FACE_OUTER_BOUND('',#212,.T.);
#171=FACE_OUTER_BOUND('',#213,.T.);
#172=FACE_OUTER_BOUND('',#215,.T.);
#173=FACE_OUTER_BOUND('',#216,.T.);
#174=FACE_OUTER_BOUND('',#218,.T.);
#175=FACE_OUTER_BOUND('',#219,.T.);
#176=FACE_OUTER_BOUND('',#221,.T.);
#177=FACE_OUTER_BOUND('',#222,.T.);
#178=FACE_OUTER_BOUND('',#223,.T.);
#179=FACE_OUTER_BOUND('',#224,.T.);
#180=FACE_OUTER_BOUND('',#225,.T.);
#181=FACE_OUTER_BOUND('',#226,.T.);
#182=FACE_OUTER_BOUND('',#227,.T.);
#183=FACE_OUTER_BOUND('',#228,.T.);
#184=FACE_OUTER_BOUND('',#229,.T.);
#185=FACE_OUTER_BOUND('',#231,.T.);
#186=FACE_OUTER_BOUND('',#232,.T.);
#187=FACE_OUTER_BOUND('',#233,.T.);
#188=FACE_OUTER_BOUND('',#234,.T.);
#189=FACE_OUTER_BOUND('',#235,.T.);
#190=FACE_OUTER_BOUND('',#237,.T.);
#191=FACE_OUTER_BOUND('',#238,.T.);
#192=EDGE_LOOP('',(#431,#432,#433,#434));
#193=EDGE_LOOP('',(#435,#436,#437,#438));
#194=EDGE_LOOP('',(#439,#440,#441,#442));
#195=EDGE_LOOP('',(#443,#444,#445,#446));
#196=EDGE_LOOP('',(#447,#448,#449,#450));
#197=EDGE_LOOP('',(#451,#452,#453,#454,#455));
#198=EDGE_LOOP('',(#456,#457,#458,#459,#460));
#199=EDGE_LOOP('',(#461,#462,#463,#464));
#200=EDGE_LOOP('',(#465,#466,#467,#468));
#201=EDGE_LOOP('',(#469,#470,#471,#472));
#202=EDGE_LOOP('',(#473,#474,#475,#476));
#203=EDGE_LOOP('',(#477,#478,#479,#480));
#204=EDGE_LOOP('',(#481,#482,#483,#484,#485));
#205=EDGE_LOOP('',(#486,#487,#488,#489,#490));
#206=EDGE_LOOP('',(#491,#492,#493,#494));
#207=EDGE_LOOP('',(#495,#496,#497,#498,#499,#500,#501,#502,#503));
#208=EDGE_LOOP('',(#504,#505,#506,#507,#508,#509,#510,#511,#512,#513,#514,
#515,#516,#517,#518));
#209=EDGE_LOOP('',(#519,#520,#521,#522,#523,#524,#525,#526,#527,#528,#529,
#530,#531,#532));
#210=EDGE_LOOP('',(#533));
#211=EDGE_LOOP('',(#534));
#212=EDGE_LOOP('',(#535,#536,#537,#538));
#213=EDGE_LOOP('',(#539));
#214=EDGE_LOOP('',(#540));
#215=EDGE_LOOP('',(#541,#542,#543,#544));
#216=EDGE_LOOP('',(#545));
#217=EDGE_LOOP('',(#546));
#218=EDGE_LOOP('',(#547,#548,#549,#550));
#219=EDGE_LOOP('',(#551));
#220=EDGE_LOOP('',(#552));
#221=EDGE_LOOP('',(#553,#554,#555,#556));
#222=EDGE_LOOP('',(#557,#558,#559));
#223=EDGE_LOOP('',(#560,#561,#562,#563,#564,#565));
#224=EDGE_LOOP('',(#566,#567,#568));
#225=EDGE_LOOP('',(#569,#570,#571,#572,#573,#574,#575));
#226=EDGE_LOOP('',(#576,#577,#578,#579,#580));
#227=EDGE_LOOP('',(#581,#582,#583,#584,#585));
#228=EDGE_LOOP('',(#586,#587,#588,#589));
#229=EDGE_LOOP('',(#590,#591,#592,#593,#594,#595,#596,#597,#598));
#230=EDGE_LOOP('',(#599));
#231=EDGE_LOOP('',(#600,#601,#602,#603,#604,#605,#606));
#232=EDGE_LOOP('',(#607,#608,#609));
#233=EDGE_LOOP('',(#610,#611,#612,#613));
#234=EDGE_LOOP('',(#614,#615,#616,#617));
#235=EDGE_LOOP('',(#618,#619,#620));
#236=EDGE_LOOP('',(#621));
#237=EDGE_LOOP('',(#622,#623,#624));
#238=EDGE_LOOP('',(#625,#626));
#239=CIRCLE('',#685,8.36800000000011);
#240=CIRCLE('',#686,0.75);
#241=CIRCLE('',#687,8.9620662318868);
#242=CIRCLE('',#689,8.36800000000011);
#243=CIRCLE('',#691,10.299999999995);
#244=CIRCLE('',#693,8.96206623188402);
#245=CIRCLE('',#694,0.75);
#246=CIRCLE('',#696,11.3347280072094);
#247=CIRCLE('',#697,0.0999999999999999);
#248=CIRCLE('',#698,0.0999999999999997);
#249=CIRCLE('',#699,0.100000000089949);
#250=CIRCLE('',#700,0.1);
#251=CIRCLE('',#701,0.1);
#252=CIRCLE('',#702,0.1);
#253=CIRCLE('',#704,11.4192027406399);
#254=CIRCLE('',#705,11.4192027406399);
#255=CIRCLE('',#706,7.6087202106007);
#256=CIRCLE('',#707,11.4192027406399);
#257=CIRCLE('',#709,13.3861999999998);
#258=CIRCLE('',#710,13.3861999999998);
#259=CIRCLE('',#711,13.3861999999998);
#260=CIRCLE('',#715,6.54999999999907);
#261=CIRCLE('',#716,4.50000000000001);
#262=CIRCLE('',#718,6.54999999999799);
#263=CIRCLE('',#720,10.299999999998);
#264=CIRCLE('',#723,6.5500000000007);
#265=CIRCLE('',#725,6.55);
#266=CIRCLE('',#727,4.5);
#267=CIRCLE('',#730,0.226096291314453);
#268=CIRCLE('',#733,0.226096291314453);
#269=CIRCLE('',#739,0.85);
#270=CIRCLE('',#744,0.85);
#271=CIRCLE('',#746,1.475549637593);
#272=VERTEX_POINT('',#909);
#273=VERTEX_POINT('',#911);
#274=VERTEX_POINT('',#915);
#275=VERTEX_POINT('',#919);
#276=VERTEX_POINT('',#923);
#277=VERTEX_POINT('',#927);
#278=VERTEX_POINT('',#965);
#279=VERTEX_POINT('',#966);
#280=VERTEX_POINT('',#972);
#281=VERTEX_POINT('',#977);
#282=VERTEX_POINT('',#1033);
#283=VERTEX_POINT('',#1068);
#284=VERTEX_POINT('',#1073);
#285=VERTEX_POINT('',#1078);
#286=VERTEX_POINT('',#1163);
#287=VERTEX_POINT('',#1174);
#288=VERTEX_POINT('',#1200);
#289=VERTEX_POINT('',#1201);
#290=VERTEX_POINT('',#1203);
#291=VERTEX_POINT('',#1208);
#292=VERTEX_POINT('',#1230);
#293=VERTEX_POINT('',#1235);
#294=VERTEX_POINT('',#1278);
#295=VERTEX_POINT('',#1283);
#296=VERTEX_POINT('',#1345);
#297=VERTEX_POINT('',#1346);
#298=VERTEX_POINT('',#1399);
#299=VERTEX_POINT('',#1405);
#300=VERTEX_POINT('',#1461);
#301=VERTEX_POINT('',#1499);
#302=VERTEX_POINT('',#1500);
#303=VERTEX_POINT('',#1509);
#304=VERTEX_POINT('',#1626);
#305=VERTEX_POINT('',#1628);
#306=VERTEX_POINT('',#1632);
#307=VERTEX_POINT('',#1634);
#308=VERTEX_POINT('',#1639);
#309=VERTEX_POINT('',#1643);
#310=VERTEX_POINT('',#1647);
#311=VERTEX_POINT('',#1649);
#312=VERTEX_POINT('',#1653);
#313=VERTEX_POINT('',#1668);
#314=VERTEX_POINT('',#1674);
#315=VERTEX_POINT('',#1692);
#316=VERTEX_POINT('',#1700);
#317=VERTEX_POINT('',#1702);
#318=VERTEX_POINT('',#1705);
#319=VERTEX_POINT('',#1709);
#320=VERTEX_POINT('',#1714);
#321=VERTEX_POINT('',#1717);
#322=VERTEX_POINT('',#1721);
#323=VERTEX_POINT('',#1726);
#324=VERTEX_POINT('',#1727);
#325=VERTEX_POINT('',#1729);
#326=VERTEX_POINT('',#1733);
#327=VERTEX_POINT('',#1735);
#328=VERTEX_POINT('',#1737);
#329=VERTEX_POINT('',#1739);
#330=VERTEX_POINT('',#1743);
#331=VERTEX_POINT('',#1757);
#332=VERTEX_POINT('',#1765);
#333=EDGE_CURVE('',#272,#272,#239,.T.);
#334=EDGE_CURVE('',#272,#273,#240,.T.);
#335=EDGE_CURVE('',#273,#273,#241,.T.);
#336=EDGE_CURVE('',#272,#274,#90,.T.);
#337=EDGE_CURVE('',#274,#274,#242,.T.);
#338=EDGE_CURVE('',#275,#275,#243,.T.);
#339=EDGE_CURVE('',#275,#273,#91,.T.);
#340=EDGE_CURVE('',#276,#276,#244,.T.);
#341=EDGE_CURVE('',#276,#274,#245,.T.);
#342=EDGE_CURVE('',#276,#277,#92,.T.);
#343=EDGE_CURVE('',#277,#277,#246,.T.);
#344=EDGE_CURVE('',#278,#279,#42,.T.);
#345=EDGE_CURVE('',#280,#278,#43,.T.);
#346=EDGE_CURVE('',#281,#280,#44,.T.);
#347=EDGE_CURVE('',#282,#281,#45,.T.);
#348=EDGE_CURVE('',#279,#282,#247,.T.);
#349=EDGE_CURVE('',#281,#283,#46,.T.);
#350=EDGE_CURVE('',#280,#284,#47,.T.);
#351=EDGE_CURVE('',#285,#284,#48,.T.);
#352=EDGE_CURVE('',#283,#285,#49,.F.);
#353=EDGE_CURVE('',#286,#282,#50,.T.);
#354=EDGE_CURVE('',#287,#286,#248,.T.);
#355=EDGE_CURVE('',#279,#287,#51,.T.);
#356=EDGE_CURVE('',#288,#289,#249,.T.);
#357=EDGE_CURVE('',#290,#288,#52,.T.);
#358=EDGE_CURVE('',#291,#290,#250,.T.);
#359=EDGE_CURVE('',#289,#291,#53,.T.);
#360=EDGE_CURVE('',#292,#290,#54,.T.);
#361=EDGE_CURVE('',#293,#292,#55,.T.);
#362=EDGE_CURVE('',#291,#293,#56,.T.);
#363=EDGE_CURVE('',#293,#294,#57,.T.);
#364=EDGE_CURVE('',#295,#292,#58,.T.);
#365=EDGE_CURVE('',#294,#295,#251,.T.);
#366=EDGE_CURVE('',#296,#297,#252,.T.);
#367=EDGE_CURVE('',#294,#296,#59,.T.);
#368=EDGE_CURVE('',#297,#295,#60,.T.);
#369=EDGE_CURVE('',#298,#297,#61,.T.);
#370=EDGE_CURVE('',#299,#298,#62,.T.);
#371=EDGE_CURVE('',#300,#299,#63,.T.);
#372=EDGE_CURVE('',#296,#300,#64,.T.);
#373=EDGE_CURVE('',#301,#302,#65,.T.);
#374=EDGE_CURVE('',#301,#299,#66,.T.);
#375=EDGE_CURVE('',#303,#298,#67,.T.);
#376=EDGE_CURVE('',#302,#303,#68,.F.);
#377=EDGE_CURVE('',#288,#286,#69,.T.);
#378=EDGE_CURVE('',#287,#289,#70,.T.);
#379=EDGE_CURVE('',#282,#304,#253,.T.);
#380=EDGE_CURVE('',#304,#305,#35,.T.);
#381=EDGE_CURVE('',#305,#306,#254,.T.);
#382=EDGE_CURVE('',#306,#307,#93,.T.);
#383=EDGE_CURVE('',#307,#307,#255,.T.);
#384=EDGE_CURVE('',#306,#288,#256,.T.);
#385=EDGE_CURVE('',#283,#308,#36,.T.);
#386=EDGE_CURVE('',#309,#308,#37,.T.);
#387=EDGE_CURVE('',#309,#310,#257,.T.);
#388=EDGE_CURVE('',#311,#310,#38,.T.);
#389=EDGE_CURVE('',#312,#311,#71,.T.);
#390=EDGE_CURVE('',#312,#313,#258,.T.);
#391=EDGE_CURVE('',#313,#292,#259,.T.);
#392=EDGE_CURVE('',#305,#304,#34,.T.);
#393=EDGE_CURVE('',#277,#313,#94,.T.);
#394=EDGE_CURVE('',#314,#312,#72,.T.);
#395=EDGE_CURVE('',#310,#314,#39,.T.);
#396=EDGE_CURVE('',#315,#309,#40,.T.);
#397=EDGE_CURVE('',#315,#303,#41,.T.);
#398=EDGE_CURVE('',#316,#316,#260,.T.);
#399=EDGE_CURVE('',#317,#317,#261,.T.);
#400=EDGE_CURVE('',#318,#318,#262,.T.);
#401=EDGE_CURVE('',#318,#316,#95,.T.);
#402=EDGE_CURVE('',#319,#319,#263,.T.);
#403=EDGE_CURVE('',#319,#275,#96,.T.);
#404=EDGE_CURVE('',#320,#320,#264,.T.);
#405=EDGE_CURVE('',#321,#321,#265,.T.);
#406=EDGE_CURVE('',#321,#320,#97,.T.);
#407=EDGE_CURVE('',#322,#322,#266,.T.);
#408=EDGE_CURVE('',#317,#322,#98,.T.);
#409=EDGE_CURVE('',#323,#324,#267,.T.);
#410=EDGE_CURVE('',#323,#325,#99,.T.);
#411=EDGE_CURVE('',#325,#324,#100,.T.);
#412=EDGE_CURVE('',#324,#326,#101,.T.);
#413=EDGE_CURVE('',#325,#327,#102,.T.);
#414=EDGE_CURVE('',#328,#327,#103,.T.);
#415=EDGE_CURVE('',#329,#328,#104,.T.);
#416=EDGE_CURVE('',#326,#329,#105,.T.);
#417=EDGE_CURVE('',#326,#330,#268,.T.);
#418=EDGE_CURVE('',#329,#330,#106,.T.);
#419=EDGE_CURVE('',#278,#330,#107,.T.);
#420=EDGE_CURVE('',#285,#328,#108,.T.);
#421=EDGE_CURVE('',#324,#294,#109,.T.);
#422=EDGE_CURVE('',#326,#291,#110,.T.);
#423=EDGE_CURVE('',#330,#287,#111,.T.);
#424=EDGE_CURVE('',#327,#302,#112,.T.);
#425=EDGE_CURVE('',#331,#331,#269,.T.);
#426=EDGE_CURVE('',#300,#323,#113,.T.);
#427=EDGE_CURVE('',#323,#296,#114,.T.);
#428=EDGE_CURVE('',#331,#332,#115,.T.);
#429=EDGE_CURVE('',#332,#332,#270,.T.);
#430=EDGE_CURVE('',#311,#314,#271,.T.);
#431=ORIENTED_EDGE('',*,*,#333,.F.);
#432=ORIENTED_EDGE('',*,*,#334,.T.);
#433=ORIENTED_EDGE('',*,*,#335,.F.);
#434=ORIENTED_EDGE('',*,*,#334,.F.);
#435=ORIENTED_EDGE('',*,*,#333,.T.);
#436=ORIENTED_EDGE('',*,*,#336,.T.);
#437=ORIENTED_EDGE('',*,*,#337,.T.);
#438=ORIENTED_EDGE('',*,*,#336,.F.);
#439=ORIENTED_EDGE('',*,*,#338,.T.);
#440=ORIENTED_EDGE('',*,*,#339,.T.);
#441=ORIENTED_EDGE('',*,*,#335,.T.);
#442=ORIENTED_EDGE('',*,*,#339,.F.);
#443=ORIENTED_EDGE('',*,*,#340,.F.);
#444=ORIENTED_EDGE('',*,*,#341,.T.);
#445=ORIENTED_EDGE('',*,*,#337,.F.);
#446=ORIENTED_EDGE('',*,*,#341,.F.);
#447=ORIENTED_EDGE('',*,*,#340,.T.);
#448=ORIENTED_EDGE('',*,*,#342,.T.);
#449=ORIENTED_EDGE('',*,*,#343,.F.);
#450=ORIENTED_EDGE('',*,*,#342,.F.);
#451=ORIENTED_EDGE('',*,*,#344,.F.);
#452=ORIENTED_EDGE('',*,*,#345,.F.);
#453=ORIENTED_EDGE('',*,*,#346,.F.);
#454=ORIENTED_EDGE('',*,*,#347,.F.);
#455=ORIENTED_EDGE('',*,*,#348,.F.);
#456=ORIENTED_EDGE('',*,*,#349,.F.);
#457=ORIENTED_EDGE('',*,*,#346,.T.);
#458=ORIENTED_EDGE('',*,*,#350,.T.);
#459=ORIENTED_EDGE('',*,*,#351,.F.);
#460=ORIENTED_EDGE('',*,*,#352,.F.);
#461=ORIENTED_EDGE('',*,*,#353,.F.);
#462=ORIENTED_EDGE('',*,*,#354,.F.);
#463=ORIENTED_EDGE('',*,*,#355,.F.);
#464=ORIENTED_EDGE('',*,*,#348,.T.);
#465=ORIENTED_EDGE('',*,*,#356,.F.);
#466=ORIENTED_EDGE('',*,*,#357,.F.);
#467=ORIENTED_EDGE('',*,*,#358,.F.);
#468=ORIENTED_EDGE('',*,*,#359,.F.);
#469=ORIENTED_EDGE('',*,*,#360,.F.);
#470=ORIENTED_EDGE('',*,*,#361,.F.);
#471=ORIENTED_EDGE('',*,*,#362,.F.);
#472=ORIENTED_EDGE('',*,*,#358,.T.);
#473=ORIENTED_EDGE('',*,*,#363,.F.);
#474=ORIENTED_EDGE('',*,*,#361,.T.);
#475=ORIENTED_EDGE('',*,*,#364,.F.);
#476=ORIENTED_EDGE('',*,*,#365,.F.);
#477=ORIENTED_EDGE('',*,*,#366,.F.);
#478=ORIENTED_EDGE('',*,*,#367,.F.);
#479=ORIENTED_EDGE('',*,*,#365,.T.);
#480=ORIENTED_EDGE('',*,*,#368,.F.);
#481=ORIENTED_EDGE('',*,*,#369,.F.);
#482=ORIENTED_EDGE('',*,*,#370,.F.);
#483=ORIENTED_EDGE('',*,*,#371,.F.);
#484=ORIENTED_EDGE('',*,*,#372,.F.);
#485=ORIENTED_EDGE('',*,*,#366,.T.);
#486=ORIENTED_EDGE('',*,*,#373,.F.);
#487=ORIENTED_EDGE('',*,*,#374,.T.);
#488=ORIENTED_EDGE('',*,*,#370,.T.);
#489=ORIENTED_EDGE('',*,*,#375,.F.);
#490=ORIENTED_EDGE('',*,*,#376,.F.);
#491=ORIENTED_EDGE('',*,*,#377,.F.);
#492=ORIENTED_EDGE('',*,*,#356,.T.);
#493=ORIENTED_EDGE('',*,*,#378,.F.);
#494=ORIENTED_EDGE('',*,*,#354,.T.);
#495=ORIENTED_EDGE('',*,*,#353,.T.);
#496=ORIENTED_EDGE('',*,*,#379,.T.);
#497=ORIENTED_EDGE('',*,*,#380,.T.);
#498=ORIENTED_EDGE('',*,*,#381,.T.);
#499=ORIENTED_EDGE('',*,*,#382,.T.);
#500=ORIENTED_EDGE('',*,*,#383,.F.);
#501=ORIENTED_EDGE('',*,*,#382,.F.);
#502=ORIENTED_EDGE('',*,*,#384,.T.);
#503=ORIENTED_EDGE('',*,*,#377,.T.);
#504=ORIENTED_EDGE('',*,*,#385,.T.);
#505=ORIENTED_EDGE('',*,*,#386,.F.);
#506=ORIENTED_EDGE('',*,*,#387,.T.);
#507=ORIENTED_EDGE('',*,*,#388,.F.);
#508=ORIENTED_EDGE('',*,*,#389,.F.);
#509=ORIENTED_EDGE('',*,*,#390,.T.);
#510=ORIENTED_EDGE('',*,*,#391,.T.);
#511=ORIENTED_EDGE('',*,*,#360,.T.);
#512=ORIENTED_EDGE('',*,*,#357,.T.);
#513=ORIENTED_EDGE('',*,*,#384,.F.);
#514=ORIENTED_EDGE('',*,*,#381,.F.);
#515=ORIENTED_EDGE('',*,*,#392,.T.);
#516=ORIENTED_EDGE('',*,*,#379,.F.);
#517=ORIENTED_EDGE('',*,*,#347,.T.);
#518=ORIENTED_EDGE('',*,*,#349,.T.);
#519=ORIENTED_EDGE('',*,*,#343,.T.);
#520=ORIENTED_EDGE('',*,*,#393,.T.);
#521=ORIENTED_EDGE('',*,*,#390,.F.);
#522=ORIENTED_EDGE('',*,*,#394,.F.);
#523=ORIENTED_EDGE('',*,*,#395,.F.);
#524=ORIENTED_EDGE('',*,*,#387,.F.);
#525=ORIENTED_EDGE('',*,*,#396,.F.);
#526=ORIENTED_EDGE('',*,*,#397,.T.);
#527=ORIENTED_EDGE('',*,*,#375,.T.);
#528=ORIENTED_EDGE('',*,*,#369,.T.);
#529=ORIENTED_EDGE('',*,*,#368,.T.);
#530=ORIENTED_EDGE('',*,*,#364,.T.);
#531=ORIENTED_EDGE('',*,*,#391,.F.);
#532=ORIENTED_EDGE('',*,*,#393,.F.);
#533=ORIENTED_EDGE('',*,*,#398,.F.);
#534=ORIENTED_EDGE('',*,*,#399,.T.);
#535=ORIENTED_EDGE('',*,*,#400,.F.);
#536=ORIENTED_EDGE('',*,*,#401,.T.);
#537=ORIENTED_EDGE('',*,*,#398,.T.);
#538=ORIENTED_EDGE('',*,*,#401,.F.);
#539=ORIENTED_EDGE('',*,*,#402,.F.);
#540=ORIENTED_EDGE('',*,*,#400,.T.);
#541=ORIENTED_EDGE('',*,*,#402,.T.);
#542=ORIENTED_EDGE('',*,*,#403,.T.);
#543=ORIENTED_EDGE('',*,*,#338,.F.);
#544=ORIENTED_EDGE('',*,*,#403,.F.);
#545=ORIENTED_EDGE('',*,*,#383,.T.);
#546=ORIENTED_EDGE('',*,*,#404,.F.);
#547=ORIENTED_EDGE('',*,*,#405,.F.);
#548=ORIENTED_EDGE('',*,*,#406,.T.);
#549=ORIENTED_EDGE('',*,*,#404,.T.);
#550=ORIENTED_EDGE('',*,*,#406,.F.);
#551=ORIENTED_EDGE('',*,*,#405,.T.);
#552=ORIENTED_EDGE('',*,*,#407,.F.);
#553=ORIENTED_EDGE('',*,*,#399,.F.);
#554=ORIENTED_EDGE('',*,*,#408,.T.);
#555=ORIENTED_EDGE('',*,*,#407,.T.);
#556=ORIENTED_EDGE('',*,*,#408,.F.);
#557=ORIENTED_EDGE('',*,*,#409,.F.);
#558=ORIENTED_EDGE('',*,*,#410,.T.);
#559=ORIENTED_EDGE('',*,*,#411,.T.);
#560=ORIENTED_EDGE('',*,*,#412,.F.);
#561=ORIENTED_EDGE('',*,*,#411,.F.);
#562=ORIENTED_EDGE('',*,*,#413,.T.);
#563=ORIENTED_EDGE('',*,*,#414,.F.);
#564=ORIENTED_EDGE('',*,*,#415,.F.);
#565=ORIENTED_EDGE('',*,*,#416,.F.);
#566=ORIENTED_EDGE('',*,*,#417,.F.);
#567=ORIENTED_EDGE('',*,*,#416,.T.);
#568=ORIENTED_EDGE('',*,*,#418,.T.);
#569=ORIENTED_EDGE('',*,*,#351,.T.);
#570=ORIENTED_EDGE('',*,*,#350,.F.);
#571=ORIENTED_EDGE('',*,*,#345,.T.);
#572=ORIENTED_EDGE('',*,*,#419,.T.);
#573=ORIENTED_EDGE('',*,*,#418,.F.);
#574=ORIENTED_EDGE('',*,*,#415,.T.);
#575=ORIENTED_EDGE('',*,*,#420,.F.);
#576=ORIENTED_EDGE('',*,*,#362,.T.);
#577=ORIENTED_EDGE('',*,*,#363,.T.);
#578=ORIENTED_EDGE('',*,*,#421,.F.);
#579=ORIENTED_EDGE('',*,*,#412,.T.);
#580=ORIENTED_EDGE('',*,*,#422,.T.);
#581=ORIENTED_EDGE('',*,*,#378,.T.);
#582=ORIENTED_EDGE('',*,*,#359,.T.);
#583=ORIENTED_EDGE('',*,*,#422,.F.);
#584=ORIENTED_EDGE('',*,*,#417,.T.);
#585=ORIENTED_EDGE('',*,*,#423,.T.);
#586=ORIENTED_EDGE('',*,*,#344,.T.);
#587=ORIENTED_EDGE('',*,*,#355,.T.);
#588=ORIENTED_EDGE('',*,*,#423,.F.);
#589=ORIENTED_EDGE('',*,*,#419,.F.);
#590=ORIENTED_EDGE('',*,*,#396,.T.);
#591=ORIENTED_EDGE('',*,*,#386,.T.);
#592=ORIENTED_EDGE('',*,*,#385,.F.);
#593=ORIENTED_EDGE('',*,*,#352,.T.);
#594=ORIENTED_EDGE('',*,*,#420,.T.);
#595=ORIENTED_EDGE('',*,*,#414,.T.);
#596=ORIENTED_EDGE('',*,*,#424,.T.);
#597=ORIENTED_EDGE('',*,*,#376,.T.);
#598=ORIENTED_EDGE('',*,*,#397,.F.);
#599=ORIENTED_EDGE('',*,*,#425,.F.);
#600=ORIENTED_EDGE('',*,*,#373,.T.);
#601=ORIENTED_EDGE('',*,*,#424,.F.);
#602=ORIENTED_EDGE('',*,*,#413,.F.);
#603=ORIENTED_EDGE('',*,*,#410,.F.);
#604=ORIENTED_EDGE('',*,*,#426,.F.);
#605=ORIENTED_EDGE('',*,*,#371,.T.);
#606=ORIENTED_EDGE('',*,*,#374,.F.);
#607=ORIENTED_EDGE('',*,*,#372,.T.);
#608=ORIENTED_EDGE('',*,*,#426,.T.);
#609=ORIENTED_EDGE('',*,*,#427,.T.);
#610=ORIENTED_EDGE('',*,*,#367,.T.);
#611=ORIENTED_EDGE('',*,*,#427,.F.);
#612=ORIENTED_EDGE('',*,*,#409,.T.);
#613=ORIENTED_EDGE('',*,*,#421,.T.);
#614=ORIENTED_EDGE('',*,*,#425,.T.);
#615=ORIENTED_EDGE('',*,*,#428,.T.);
#616=ORIENTED_EDGE('',*,*,#429,.F.);
#617=ORIENTED_EDGE('',*,*,#428,.F.);
#618=ORIENTED_EDGE('',*,*,#395,.T.);
#619=ORIENTED_EDGE('',*,*,#430,.F.);
#620=ORIENTED_EDGE('',*,*,#388,.T.);
#621=ORIENTED_EDGE('',*,*,#429,.T.);
#622=ORIENTED_EDGE('',*,*,#394,.T.);
#623=ORIENTED_EDGE('',*,*,#389,.T.);
#624=ORIENTED_EDGE('',*,*,#430,.T.);
#625=ORIENTED_EDGE('',*,*,#392,.F.);
#626=ORIENTED_EDGE('',*,*,#380,.F.);
#627=TOROIDAL_SURFACE('',#684,9.11800000000011,0.75);
#628=TOROIDAL_SURFACE('',#692,9.11800000000011,0.75);
#629=ADVANCED_FACE('',(#151),#627,.F.);
#630=ADVANCED_FACE('',(#152),#142,.T.);
#631=ADVANCED_FACE('',(#153),#83,.T.);
#632=ADVANCED_FACE('',(#154),#628,.F.);
#633=ADVANCED_FACE('',(#155),#84,.T.);
#634=ADVANCED_FACE('',(#156),#73,.T.);
#635=ADVANCED_FACE('',(#157),#74,.T.);
#636=ADVANCED_FACE('',(#158),#75,.T.);
#637=ADVANCED_FACE('',(#159),#76,.T.);
#638=ADVANCED_FACE('',(#160),#77,.T.);
#639=ADVANCED_FACE('',(#161),#78,.T.);
#640=ADVANCED_FACE('',(#162),#79,.T.);
#641=ADVANCED_FACE('',(#163),#80,.T.);
#642=ADVANCED_FACE('',(#164),#81,.T.);
#643=ADVANCED_FACE('',(#165),#82,.T.);
#644=ADVANCED_FACE('',(#166),#85,.T.);
#645=ADVANCED_FACE('',(#167),#86,.T.);
#646=ADVANCED_FACE('',(#168),#87,.T.);
#647=ADVANCED_FACE('',(#169,#15),#21,.F.);
#648=ADVANCED_FACE('',(#170),#143,.F.);
#649=ADVANCED_FACE('',(#171,#16),#22,.F.);
#650=ADVANCED_FACE('',(#172),#144,.T.);
#651=ADVANCED_FACE('',(#173,#17),#23,.F.);
#652=ADVANCED_FACE('',(#174),#145,.F.);
#653=ADVANCED_FACE('',(#175,#18),#24,.F.);
#654=ADVANCED_FACE('',(#176),#146,.F.);
#655=ADVANCED_FACE('',(#177),#88,.F.);
#656=ADVANCED_FACE('',(#178),#25,.T.);
#657=ADVANCED_FACE('',(#179),#89,.F.);
#658=ADVANCED_FACE('',(#180),#26,.T.);
#659=ADVANCED_FACE('',(#181),#27,.T.);
#660=ADVANCED_FACE('',(#182),#147,.F.);
#661=ADVANCED_FACE('',(#183),#28,.T.);
#662=ADVANCED_FACE('',(#184,#19),#29,.T.);
#663=ADVANCED_FACE('',(#185),#30,.T.);
#664=ADVANCED_FACE('',(#186),#31,.T.);
#665=ADVANCED_FACE('',(#187),#148,.F.);
#666=ADVANCED_FACE('',(#188),#149,.F.);
#667=ADVANCED_FACE('',(#189,#20),#32,.F.);
#668=ADVANCED_FACE('',(#190),#150,.F.);
#669=ADVANCED_FACE('',(#191),#33,.F.);
#670=CLOSED_SHELL('',(#629,#630,#631,#632,#633,#634,#635,#636,#637,#638,
#639,#640,#641,#642,#643,#644,#645,#646,#647,#648,#649,#650,#651,#652,#653,
#654,#655,#656,#657,#658,#659,#660,#661,#662,#663,#664,#665,#666,#667,#668,
#669));
#671=DERIVED_UNIT_ELEMENT(#673,1.);
#672=DERIVED_UNIT_ELEMENT(#1777,-3.);
#673=(
MASS_UNIT()
NAMED_UNIT(*)
SI_UNIT(.KILO.,.GRAM.)
);
#674=DERIVED_UNIT((#671,#672));
#675=MEASURE_REPRESENTATION_ITEM('density measure',
POSITIVE_RATIO_MEASURE(7850.),#674);
#676=PROPERTY_DEFINITION_REPRESENTATION(#681,#678);
#677=PROPERTY_DEFINITION_REPRESENTATION(#682,#679);
#678=REPRESENTATION('material name',(#680),#1774);
#679=REPRESENTATION('density',(#675),#1774);
#680=DESCRIPTIVE_REPRESENTATION_ITEM('Steel','Steel');
#681=PROPERTY_DEFINITION('material property','material name',#1784);
#682=PROPERTY_DEFINITION('material property','density of part',#1784);
#683=AXIS2_PLACEMENT_3D('',#907,#749,#750);
#684=AXIS2_PLACEMENT_3D('',#908,#751,#752);
#685=AXIS2_PLACEMENT_3D('',#910,#753,#754);
#686=AXIS2_PLACEMENT_3D('',#912,#755,#756);
#687=AXIS2_PLACEMENT_3D('',#913,#757,#758);
#688=AXIS2_PLACEMENT_3D('',#914,#759,#760);
#689=AXIS2_PLACEMENT_3D('',#917,#762,#763);
#690=AXIS2_PLACEMENT_3D('',#918,#764,#765);
#691=AXIS2_PLACEMENT_3D('',#920,#766,#767);
#692=AXIS2_PLACEMENT_3D('',#922,#769,#770);
#693=AXIS2_PLACEMENT_3D('',#924,#771,#772);
#694=AXIS2_PLACEMENT_3D('',#925,#773,#774);
#695=AXIS2_PLACEMENT_3D('',#926,#775,#776);
#696=AXIS2_PLACEMENT_3D('',#929,#778,#779);
#697=AXIS2_PLACEMENT_3D('',#1039,#780,#781);
#698=AXIS2_PLACEMENT_3D('',#1175,#782,#783);
#699=AXIS2_PLACEMENT_3D('',#1202,#784,#785);
#700=AXIS2_PLACEMENT_3D('',#1209,#786,#787);
#701=AXIS2_PLACEMENT_3D('',#1288,#788,#789);
#702=AXIS2_PLACEMENT_3D('',#1347,#790,#791);
#703=AXIS2_PLACEMENT_3D('',#1625,#792,#793);
#704=AXIS2_PLACEMENT_3D('',#1627,#794,#795);
#705=AXIS2_PLACEMENT_3D('',#1633,#796,#797);
#706=AXIS2_PLACEMENT_3D('',#1636,#799,#800);
#707=AXIS2_PLACEMENT_3D('',#1637,#801,#802);
#708=AXIS2_PLACEMENT_3D('',#1638,#803,#804);
#709=AXIS2_PLACEMENT_3D('',#1648,#805,#806);
#710=AXIS2_PLACEMENT_3D('',#1669,#807,#808);
#711=AXIS2_PLACEMENT_3D('',#1670,#809,#810);
#712=AXIS2_PLACEMENT_3D('',#1671,#811,#812);
#713=AXIS2_PLACEMENT_3D('',#1672,#813,#814);
#714=AXIS2_PLACEMENT_3D('',#1699,#816,#817);
#715=AXIS2_PLACEMENT_3D('',#1701,#818,#819);
#716=AXIS2_PLACEMENT_3D('',#1703,#820,#821);
#717=AXIS2_PLACEMENT_3D('',#1704,#822,#823);
#718=AXIS2_PLACEMENT_3D('',#1706,#824,#825);
#719=AXIS2_PLACEMENT_3D('',#1708,#827,#828);
#720=AXIS2_PLACEMENT_3D('',#1710,#829,#830);
#721=AXIS2_PLACEMENT_3D('',#1711,#831,#832);
#722=AXIS2_PLACEMENT_3D('',#1713,#834,#835);
#723=AXIS2_PLACEMENT_3D('',#1715,#836,#837);
#724=AXIS2_PLACEMENT_3D('',#1716,#838,#839);
#725=AXIS2_PLACEMENT_3D('',#1718,#840,#841);
#726=AXIS2_PLACEMENT_3D('',#1720,#843,#844);
#727=AXIS2_PLACEMENT_3D('',#1722,#845,#846);
#728=AXIS2_PLACEMENT_3D('',#1723,#847,#848);
#729=AXIS2_PLACEMENT_3D('',#1725,#850,#851);
#730=AXIS2_PLACEMENT_3D('',#1728,#852,#853);
#731=AXIS2_PLACEMENT_3D('',#1732,#856,#857);
#732=AXIS2_PLACEMENT_3D('',#1742,#863,#864);
#733=AXIS2_PLACEMENT_3D('',#1744,#865,#866);
#734=AXIS2_PLACEMENT_3D('',#1746,#868,#869);
#735=AXIS2_PLACEMENT_3D('',#1749,#872,#873);
#736=AXIS2_PLACEMENT_3D('',#1752,#876,#877);
#737=AXIS2_PLACEMENT_3D('',#1754,#879,#880);
#738=AXIS2_PLACEMENT_3D('',#1755,#881,#882);
#739=AXIS2_PLACEMENT_3D('',#1758,#884,#885);
#740=AXIS2_PLACEMENT_3D('',#1759,#886,#887);
#741=AXIS2_PLACEMENT_3D('',#1761,#889,#890);
#742=AXIS2_PLACEMENT_3D('',#1763,#892,#893);
#743=AXIS2_PLACEMENT_3D('',#1764,#894,#895);
#744=AXIS2_PLACEMENT_3D('',#1767,#897,#898);
#745=AXIS2_PLACEMENT_3D('',#1768,#899,#900);
#746=AXIS2_PLACEMENT_3D('',#1769,#901,#902);
#747=AXIS2_PLACEMENT_3D('',#1770,#903,#904);
#748=AXIS2_PLACEMENT_3D('',#1771,#905,#906);
#749=DIRECTION('axis',(0.,0.,1.));
#750=DIRECTION('refdir',(1.,0.,0.));
#751=DIRECTION('center_axis',(7.11805749450483E-17,0.,-1.));
#752=DIRECTION('ref_axis',(1.,0.,9.00059201155366E-17));
#753=DIRECTION('center_axis',(-7.11805749450483E-17,0.,1.));
#754=DIRECTION('ref_axis',(-1.,1.22464679914735E-16,-7.46295950468024E-17));
#755=DIRECTION('center_axis',(-1.22464679914735E-16,1.,-8.71710632679217E-33));
#756=DIRECTION('ref_axis',(-1.,-1.22464679914735E-16,-1.12507400144421E-16));
#757=DIRECTION('center_axis',(0.,0.,-1.));
#758=DIRECTION('ref_axis',(-1.,1.37534708237514E-32,0.));
#759=DIRECTION('center_axis',(-7.11805749450483E-17,0.,1.));
#760=DIRECTION('ref_axis',(1.,0.,5.14907231301076E-17));
#761=DIRECTION('',(-7.11805749450483E-17,0.,1.));
#762=DIRECTION('center_axis',(7.11805749450483E-17,0.,-1.));
#763=DIRECTION('ref_axis',(-1.,1.22464679914735E-16,-7.46295950468025E-17));
#764=DIRECTION('center_axis',(7.11805749450483E-17,0.,-1.));
#765=DIRECTION('ref_axis',(1.,0.,5.14907231301076E-17));
#766=DIRECTION('center_axis',(-7.11805749450483E-17,0.,1.));
#767=DIRECTION('ref_axis',(1.,0.,7.11805749450483E-17));
#768=DIRECTION('',(0.97814760073381,1.19788532833232E-16,0.207911690817739));
#769=DIRECTION('center_axis',(7.11805749450483E-17,0.,-1.));
#770=DIRECTION('ref_axis',(1.,0.,9.00059201155366E-17));
#771=DIRECTION('center_axis',(-6.19401260769172E-17,-6.19401260769171E-17,
1.));
#772=DIRECTION('ref_axis',(-1.,1.37534708237557E-32,-6.19401260769171E-17));
#773=DIRECTION('center_axis',(-1.22464679914735E-16,1.,-8.71710632679217E-33));
#774=DIRECTION('ref_axis',(-1.,-1.22464679914735E-16,-5.62537000722104E-17));
#775=DIRECTION('center_axis',(-7.11805749450483E-17,0.,1.));
#776=DIRECTION('ref_axis',(1.,0.,5.14907231301076E-17));
#777=DIRECTION('',(-0.978147600733022,-1.19788532833136E-16,0.207911690821444));
#778=DIRECTION('center_axis',(-7.11805749450483E-17,0.,1.));
#779=DIRECTION('ref_axis',(1.,0.,7.11805749450483E-17));
#780=DIRECTION('center_axis',(-0.735208077485854,-0.528480946108194,0.424472581446839));
#781=DIRECTION('ref_axis',(-0.500000000000001,1.11022302462516E-14,-0.866025403784438));
#782=DIRECTION('center_axis',(-0.741104658537883,-0.517383011051382,0.427876974104536));
#783=DIRECTION('ref_axis',(-0.500000000762059,1.45543577190211E-9,-0.866025403344464));
#784=DIRECTION('center_axis',(0.405350733765465,0.801645226225234,0.439381057746111));
#785=DIRECTION('ref_axis',(0.638176653949437,-0.592283602111664,0.491864506773495));
#786=DIRECTION('center_axis',(1.20724045201631E-13,-0.62986583816579,-0.77670394997818));
#787=DIRECTION('ref_axis',(1.,0.,1.55431223447522E-13));
#788=DIRECTION('center_axis',(3.28623538172939E-14,0.629865838150911,-0.776703949990246));
#789=DIRECTION('ref_axis',(1.,-1.11022302462516E-14,3.33066907387547E-14));
#790=DIRECTION('center_axis',(0.74110465855644,0.517383011016563,0.427876974114497));
#791=DIRECTION('ref_axis',(-0.499999999999344,0.,0.866025403784818));
#792=DIRECTION('center_axis',(7.11805749450483E-17,0.,-1.));
#793=DIRECTION('ref_axis',(1.,0.,5.14907231301076E-17));
#794=DIRECTION('center_axis',(-7.11805749450483E-17,0.,1.));
#795=DIRECTION('ref_axis',(1.,0.,7.11805749450483E-17));
#796=DIRECTION('center_axis',(-7.11805749450483E-17,0.,1.));
#797=DIRECTION('ref_axis',(1.,0.,7.11805749450483E-17));
#798=DIRECTION('',(0.819152044302824,1.00317192907046E-16,0.573576436331292));
#799=DIRECTION('center_axis',(-7.11805749450483E-17,0.,1.));
#800=DIRECTION('ref_axis',(1.,0.,7.11805749450483E-17));
#801=DIRECTION('center_axis',(-7.11805749450483E-17,0.,1.));
#802=DIRECTION('ref_axis',(1.,0.,7.11805749450483E-17));
#803=DIRECTION('center_axis',(7.11805749450483E-17,0.,-1.));
#804=DIRECTION('ref_axis',(-0.755868344972489,0.654723640224294,-7.34929951928446E-17));
#805=DIRECTION('center_axis',(-7.11805749450483E-17,0.,1.));
#806=DIRECTION('ref_axis',(1.,0.,7.11805749450483E-17));
#807=DIRECTION('center_axis',(-7.11805749450483E-17,0.,1.));
#808=DIRECTION('ref_axis',(1.,0.,7.11805749450483E-17));
#809=DIRECTION('center_axis',(-7.11805749450483E-17,0.,1.));
#810=DIRECTION('ref_axis',(1.,0.,7.11805749450483E-17));
#811=DIRECTION('center_axis',(0.,-0.707106781186547,-0.707106781186548));
#812=DIRECTION('ref_axis',(-5.91632439913755E-16,0.707106781186547,-0.707106781186547));
#813=DIRECTION('center_axis',(-7.11805749450483E-17,0.,1.));
#814=DIRECTION('ref_axis',(1.,0.,5.14907231301076E-17));
#815=DIRECTION('',(-0.491864505723691,-6.02360292548713E-17,0.870671756754053));
#816=DIRECTION('center_axis',(-7.11805749450483E-17,0.,1.));
#817=DIRECTION('ref_axis',(1.,0.,7.11805749450483E-17));
#818=DIRECTION('center_axis',(-7.11805749450483E-17,0.,1.));
#819=DIRECTION('ref_axis',(1.,0.,7.11805749450483E-17));
#820=DIRECTION('center_axis',(-7.11805749450483E-17,0.,1.));
#821=DIRECTION('ref_axis',(1.,0.,7.11805749450483E-17));
#822=DIRECTION('center_axis',(-7.11805749450483E-17,0.,1.));
#823=DIRECTION('ref_axis',(1.,0.,5.14907231301076E-17));
#824=DIRECTION('center_axis',(-7.11805749450483E-17,0.,1.));
#825=DIRECTION('ref_axis',(1.,0.,7.11805749450483E-17));
#826=DIRECTION('',(-7.11805749450483E-17,0.,1.));
#827=DIRECTION('center_axis',(-7.11805749450483E-17,0.,1.));
#828=DIRECTION('ref_axis',(1.,0.,7.11805749450483E-17));
#829=DIRECTION('center_axis',(-7.11805749450483E-17,0.,1.));
#830=DIRECTION('ref_axis',(1.,0.,7.11805749450483E-17));
#831=DIRECTION('center_axis',(-7.11805749450483E-17,0.,1.));
#832=DIRECTION('ref_axis',(1.,0.,5.14907231301076E-17));
#833=DIRECTION('',(-7.11805749450483E-17,0.,1.));
#834=DIRECTION('center_axis',(7.11805749450483E-17,0.,-1.));
#835=DIRECTION('ref_axis',(-1.,0.,-7.11805749450483E-17));
#836=DIRECTION('center_axis',(-7.11805749450483E-17,0.,1.));
#837=DIRECTION('ref_axis',(1.,0.,7.11805749450483E-17));
#838=DIRECTION('center_axis',(-7.11805749450483E-17,0.,1.));
#839=DIRECTION('ref_axis',(1.,0.,5.14907231301076E-17));
#840=DIRECTION('center_axis',(-7.11805749450483E-17,0.,1.));
#841=DIRECTION('ref_axis',(1.,0.,7.11805749450483E-17));
#842=DIRECTION('',(-7.11805749450483E-17,0.,1.));
#843=DIRECTION('center_axis',(7.11805749450483E-17,0.,-1.));
#844=DIRECTION('ref_axis',(-1.,0.,-7.11805749450483E-17));
#845=DIRECTION('center_axis',(-7.11805749450483E-17,0.,1.));
#846=DIRECTION('ref_axis',(1.,0.,7.11805749450483E-17));
#847=DIRECTION('center_axis',(-7.11805749450483E-17,0.,1.));
#848=DIRECTION('ref_axis',(1.,0.,5.14907231301076E-17));
#849=DIRECTION('',(-7.11805749450483E-17,0.,1.));
#850=DIRECTION('center_axis',(0.,-1.,0.));
#851=DIRECTION('ref_axis',(-0.499999999999075,0.,-0.866025403784973));
#852=DIRECTION('center_axis',(0.,1.,0.));
#853=DIRECTION('ref_axis',(0.500000000000102,0.,-0.86602540378438));
#854=DIRECTION('',(-0.129409522551225,0.965925826289068,0.224143868042034));
#855=DIRECTION('',(-0.258819045102521,-0.965925826289068,-4.10217747364002E-14));
#856=DIRECTION('center_axis',(0.965925826289072,-0.258819045102507,-2.54796184151473E-14));
#857=DIRECTION('ref_axis',(0.258819045102507,0.965925826289072,4.10088629720917E-14));
#858=DIRECTION('',(-1.94453405078715E-14,0.,1.));
#859=DIRECTION('',(0.236173745241571,0.88141241665538,0.40906492617223));
#860=DIRECTION('',(1.94678581808653E-14,0.,-1.));
#861=DIRECTION('',(0.236173745241555,0.881412416655399,-0.409064926172198));
#862=DIRECTION('',(0.258819045102521,0.965925826289068,4.10217747364002E-14));
#863=DIRECTION('center_axis',(0.,-1.,0.));
#864=DIRECTION('ref_axis',(-0.500000000000065,0.,0.866025403784401));
#865=DIRECTION('center_axis',(0.,1.,0.));
#866=DIRECTION('ref_axis',(-1.,0.,-1.06005458754151E-13));
#867=DIRECTION('',(0.129409522551247,-0.965925826289076,0.22414386804199));
#868=DIRECTION('center_axis',(-0.482962913144538,-0.258819045102493,-0.836516303737814));
#869=DIRECTION('ref_axis',(-0.129409522551247,0.965925826289076,-0.22414386804199));
#870=DIRECTION('',(-0.866025403784439,0.,0.5));
#871=DIRECTION('',(-0.866025403784439,0.,0.5));
#872=DIRECTION('center_axis',(1.,-7.92791531534241E-31,1.94453405078715E-14));
#873=DIRECTION('ref_axis',(-1.94453405078715E-14,0.,1.));
#874=DIRECTION('',(0.,-1.,-4.07702570810378E-17));
#875=DIRECTION('',(0.,-1.,-4.07702570810378E-17));
#876=DIRECTION('center_axis',(0.,1.,4.07702570810378E-17));
#877=DIRECTION('ref_axis',(-1.,4.32186980540007E-30,-1.06005458754151E-13));
#878=DIRECTION('',(0.,-1.,-4.07702570810378E-17));
#879=DIRECTION('center_axis',(-0.5,3.53080783510011E-17,-0.866025403784439));
#880=DIRECTION('ref_axis',(0.866025403784439,0.,-0.5));
#881=DIRECTION('center_axis',(-5.85388514741901E-17,-1.,-1.01392264970026E-16));
#882=DIRECTION('ref_axis',(0.,1.01392264970026E-16,-1.));
#883=DIRECTION('',(0.866025403784448,0.,0.499999999999983));
#884=DIRECTION('center_axis',(-5.85388514741901E-17,-1.,-1.01392264970026E-16));
#885=DIRECTION('ref_axis',(1.,0.,0.));
#886=DIRECTION('center_axis',(-0.482962913144558,-0.258819045102507,0.836516303737798));
#887=DIRECTION('ref_axis',(-0.129409522551218,0.965925826289072,0.224143868042022));
#888=DIRECTION('',(-0.866025403784448,0.,-0.499999999999983));
#889=DIRECTION('center_axis',(-0.499999999999983,-3.53080783510015E-17,
0.866025403784448));
#890=DIRECTION('ref_axis',(-0.866025403784448,0.,-0.499999999999983));
#891=DIRECTION('',(0.,-1.,-4.07702570810378E-17));
#892=DIRECTION('center_axis',(0.,1.,4.07702570810378E-17));
#893=DIRECTION('ref_axis',(0.500000000000102,3.53080783509987E-17,-0.86602540378438));
#894=DIRECTION('center_axis',(0.,-1.,0.));
#895=DIRECTION('ref_axis',(1.,0.,0.));
#896=DIRECTION('',(0.,1.,0.));
#897=DIRECTION('center_axis',(0.,-1.,0.));
#898=DIRECTION('ref_axis',(1.,0.,0.));
#899=DIRECTION('center_axis',(0.,-1.,0.));
#900=DIRECTION('ref_axis',(1.,0.,0.));
#901=DIRECTION('center_axis',(0.,-1.,0.));
#902=DIRECTION('ref_axis',(1.,0.,0.));
#903=DIRECTION('center_axis',(0.,-1.,0.));
#904=DIRECTION('ref_axis',(-1.,0.,-1.49250726293208E-11));
#905=DIRECTION('center_axis',(0.,-0.707106781186547,-0.707106781186548));
#906=DIRECTION('ref_axis',(-1.,0.,0.));
#907=CARTESIAN_POINT('',(0.,0.,0.));
#908=CARTESIAN_POINT('Origin',(8.0601383570484E-16,0.,-5.08200269797654));
#909=CARTESIAN_POINT('',(-8.36800000000011,-1.02478444152652E-15,-5.08200269797654));
#910=CARTESIAN_POINT('Origin',(8.0601383570484E-16,0.,-5.08200269797654));
#911=CARTESIAN_POINT('',(-8.9620662318868,-1.09753657246268E-15,-5.8156133985269));
#912=CARTESIAN_POINT('Origin',(-9.11800000000011,-1.11663295146257E-15,
-5.08200269797654));
#913=CARTESIAN_POINT('Origin',(5.55111512312578E-16,-1.09753657246268E-15,
-5.8156133985269));
#914=CARTESIAN_POINT('Origin',(7.98445091706885E-16,0.,-4.97567110394547));
#915=CARTESIAN_POINT('',(-8.36800000000011,-1.02478444152652E-15,-4.86933950991205));
#916=CARTESIAN_POINT('',(-8.36800000000011,-1.02478444152652E-15,-4.97567110394547));
#917=CARTESIAN_POINT('Origin',(7.90876347708762E-16,0.,-4.86933950991205));
#918=CARTESIAN_POINT('Origin',(8.63859987229809E-16,0.,-5.89467036144549));
#919=CARTESIAN_POINT('',(-10.299999999995,-1.26138620312116E-15,-6.10000000001817));
#920=CARTESIAN_POINT('Origin',(8.78475468956671E-16,0.,-6.10000000001817));
#921=CARTESIAN_POINT('',(-9.33399999999756,-1.14308532232384E-15,-5.89467036144549));
#922=CARTESIAN_POINT('Origin',(7.90876347708762E-16,0.,-4.86933950991205));
#923=CARTESIAN_POINT('',(-8.96206623188402,-1.09753657246234E-15,-4.13572880936228));
#924=CARTESIAN_POINT('Origin',(1.11022302462516E-15,-1.09753657246234E-15,
-4.13572880936228));
#925=CARTESIAN_POINT('Origin',(-9.11800000000011,-1.11663295146257E-15,
-4.86933950991205));
#926=CARTESIAN_POINT('Origin',(7.25202531441434E-16,0.,-3.94670273270101));
#927=CARTESIAN_POINT('',(-11.3347280072094,-1.38810383732349E-15,-3.63140398038389));
#928=CARTESIAN_POINT('',(-9.85136400360475,-1.206444139425E-15,-3.94670273270101));
#929=CARTESIAN_POINT('Origin',(7.02759384972045E-16,0.,-3.63140398038389));
#930=CARTESIAN_POINT('Ctrl Pts',(12.5004639400557,0.0261062020141221,1.18941582635487));
#931=CARTESIAN_POINT('Ctrl Pts',(12.5041076887976,-1.15427146939838,1.18731210703793));
#932=CARTESIAN_POINT('Ctrl Pts',(11.9300514025419,-3.91107875299529,1.51874365843766));
#933=CARTESIAN_POINT('Ctrl Pts',(10.0902731411963,-6.16867656150115,2.58094013287476));
#934=CARTESIAN_POINT('Ctrl Pts',(8.76500782931382,-7.12130138611268,3.34608241743776));
#935=CARTESIAN_POINT('Ctrl Pts',(12.521979364619,0.0261947576271043,1.17699389019157));
#936=CARTESIAN_POINT('Ctrl Pts',(12.5256368014367,-1.15817951186453,1.17488222587456));
#937=CARTESIAN_POINT('Ctrl Pts',(11.9492446559026,-3.92426541625139,1.50766240529661));
#938=CARTESIAN_POINT('Ctrl Pts',(10.103960392587,-6.18687746338692,2.57302629096077));
#939=CARTESIAN_POINT('Ctrl Pts',(8.77564872969743,-7.14103915457621,3.33993889073686));
#940=CARTESIAN_POINT('Ctrl Pts',(12.5745958160953,0.0263713994622086,1.16901613907538));
#941=CARTESIAN_POINT('Ctrl Pts',(12.5782820298946,-1.16600391958499,1.16689091771431));
#942=CARTESIAN_POINT('Ctrl Pts',(11.9970239025018,-3.95058974883646,1.50199483307834));
#943=CARTESIAN_POINT('Ctrl Pts',(10.1401826607697,-6.22319913918838,2.57261059273752));
#944=CARTESIAN_POINT('Ctrl Pts',(8.80533258078535,-7.18043323841632,3.34230602688596));
#945=CARTESIAN_POINT('Ctrl Pts',(12.6408468192863,0.0264962154692719,1.21373312246347));
#946=CARTESIAN_POINT('Ctrl Pts',(12.6445520261267,-1.17150922725231,1.21160588802147));
#947=CARTESIAN_POINT('Ctrl Pts',(12.0601535817225,-3.96921764569585,1.54708500788886));
#948=CARTESIAN_POINT('Ctrl Pts',(10.1948008102031,-6.25102220579943,2.61824868134615));
#949=CARTESIAN_POINT('Ctrl Pts',(8.85442773169562,-7.21199381399747,3.38804747055138));
#950=CARTESIAN_POINT('Ctrl Pts',(12.6560420499165,0.0264276762689296,1.27850875250733));
#951=CARTESIAN_POINT('Ctrl Pts',(12.6597311099511,-1.16849127037629,1.27639359698351));
#952=CARTESIAN_POINT('Ctrl Pts',(12.078200511078,-3.95907676683453,1.60980651421151));
#953=CARTESIAN_POINT('Ctrl Pts',(10.2183510566426,-6.24047413856385,2.67626122521577));
#954=CARTESIAN_POINT('Ctrl Pts',(8.87995400343799,-7.20294419839028,3.44352730981645));
#955=CARTESIAN_POINT('Ctrl Pts',(12.6436407967654,0.0263254464968074,1.31438934227641));
#956=CARTESIAN_POINT('Ctrl Pts',(12.6473090528551,-1.16395483507334,1.31228288081389));
#957=CARTESIAN_POINT('Ctrl Pts',(12.0693306307992,-3.94385806161535,1.6441909271743));
#958=CARTESIAN_POINT('Ctrl Pts',(10.2174524423844,-6.22131951403438,2.7073967277817));
#959=CARTESIAN_POINT('Ctrl Pts',(8.88305731407005,-7.18356163667882,3.47303426537107));
#960=CARTESIAN_POINT('Ctrl Pts',(12.6375309273695,0.0262873099293697,1.32520481730694));
#961=CARTESIAN_POINT('Ctrl Pts',(12.6411917094407,-1.16227907414502,1.32310109798999));
#962=CARTESIAN_POINT('Ctrl Pts',(12.0644958767695,-3.93818749840686,1.65453264938972));
#963=CARTESIAN_POINT('Ctrl Pts',(10.2155996162314,-6.2139847928652,2.71672912382683));
#964=CARTESIAN_POINT('Ctrl Pts',(8.8827353843584,-7.17601583911782,3.48187140838982));
#965=CARTESIAN_POINT('',(12.5004943329137,0.0129409522551253,1.18939827903017));
#966=CARTESIAN_POINT('',(8.76500782931382,-7.12130138611267,3.34608241743776));
#967=CARTESIAN_POINT('Ctrl Pts',(12.500494228347,0.0129409520413786,1.18939833940178));
#968=CARTESIAN_POINT('Ctrl Pts',(12.5022751406729,-1.16305526997928,1.18837012919098));
#969=CARTESIAN_POINT('Ctrl Pts',(11.927120008476,-3.91467587606057,1.52043609959066));
#970=CARTESIAN_POINT('Ctrl Pts',(10.0902731411963,-6.16867656150115,2.58094013287476));
#971=CARTESIAN_POINT('Ctrl Pts',(8.76500782931382,-7.12130138611268,3.34608241743776));
#972=CARTESIAN_POINT('',(12.5052768242994,0.0123891287518125,1.18680784112735));
#973=CARTESIAN_POINT('Ctrl Pts',(12.5052789801573,0.0123891243416773,1.18681362276364));
#974=CARTESIAN_POINT('Ctrl Pts',(12.5036881149667,0.0127505651045096,1.18761603296182));
#975=CARTESIAN_POINT('Ctrl Pts',(12.5020914049093,0.0129409406423799,1.18847620904881));
#976=CARTESIAN_POINT('Ctrl Pts',(12.5004942283736,0.0129409344643037,1.18939833938641));
#977=CARTESIAN_POINT('',(12.6375309273696,0.0262873099293665,1.32520481730682));
#978=CARTESIAN_POINT('Ctrl Pts',(12.6375309273696,0.0262873099293661,1.32520481730682));
#979=CARTESIAN_POINT('Ctrl Pts',(12.6377297505109,0.0261884658470011,1.32485323612386));
#980=CARTESIAN_POINT('Ctrl Pts',(12.6379264851368,0.0260896171808684,1.32450044875279));
#981=CARTESIAN_POINT('Ctrl Pts',(12.6381211205354,0.0259907693541353,1.32414647657925));
#982=CARTESIAN_POINT('Ctrl Pts',(12.6419176578663,0.0240626541853519,1.31724193310374));
#983=CARTESIAN_POINT('Ctrl Pts',(12.6449050289646,0.0221421228106875,1.30991442421397));
#984=CARTESIAN_POINT('Ctrl Pts',(12.6469983837742,0.0202690053094487,1.30231946274169));
#985=CARTESIAN_POINT('Ctrl Pts',(12.6476566828671,0.0196799644328749,1.29993106865525));
#986=CARTESIAN_POINT('Ctrl Pts',(12.6482262131373,0.0190956180325491,1.29751609117793));
#987=CARTESIAN_POINT('Ctrl Pts',(12.6487032722169,0.0185172193098248,1.29507914509011));
#988=CARTESIAN_POINT('Ctrl Pts',(12.6490252686737,0.0181268225072202,1.29343430058505));
#989=CARTESIAN_POINT('Ctrl Pts',(12.6493046019675,0.0177397680791805,1.29178212223702));
#990=CARTESIAN_POINT('Ctrl Pts',(12.6495404092461,0.0173564194370428,1.29012408396548));
#991=CARTESIAN_POINT('Ctrl Pts',(12.6506500016811,0.0155525703112501,1.2823221758383));
#992=CARTESIAN_POINT('Ctrl Pts',(12.6508000160395,0.0138307851880221,1.27439016840309));
#993=CARTESIAN_POINT('Ctrl Pts',(12.6500242088506,0.0122291851075841,1.26649114182395));
#994=CARTESIAN_POINT('Ctrl Pts',(12.6499489762158,0.0120738725560644,1.26572514662482));
#995=CARTESIAN_POINT('Ctrl Pts',(12.6498649976071,0.0119196900952433,1.26495946920525));
#996=CARTESIAN_POINT('Ctrl Pts',(12.649772278626,0.011766672408701,1.26419426530863));
#997=CARTESIAN_POINT('Ctrl Pts',(12.6488323231636,0.0102154278989013,1.25643687222327));
#998=CARTESIAN_POINT('Ctrl Pts',(12.6470072671845,0.00879895186446937,1.24880262048606));
#999=CARTESIAN_POINT('Ctrl Pts',(12.6443277702411,0.00754760469160147,1.24145151002935));
#1000=CARTESIAN_POINT('Ctrl Pts',(12.6426185913813,0.00674940406692293,
1.23676243485832));
#1001=CARTESIAN_POINT('Ctrl Pts',(12.6405607464089,0.00601838309530855,
1.23218863861976));
#1002=CARTESIAN_POINT('Ctrl Pts',(12.6381524654585,0.00536230667380759,
1.22777722556342));
#1003=CARTESIAN_POINT('Ctrl Pts',(12.6365434867768,0.00492398033334731,
1.22482994918238));
#1004=CARTESIAN_POINT('Ctrl Pts',(12.6347864196647,0.00452146129853177,
1.22197085377096));
#1005=CARTESIAN_POINT('Ctrl Pts',(12.6328836026032,0.00415615566690029,
1.21921268818954));
#1006=CARTESIAN_POINT('Ctrl Pts',(12.6284174086183,0.00329872914511514,
1.2127388643111));
#1007=CARTESIAN_POINT('Ctrl Pts',(12.6231505617398,0.00264639411949535,
1.20681827259223));
#1008=CARTESIAN_POINT('Ctrl Pts',(12.6172220621407,0.0022166874298585,1.20154753956333));
#1009=CARTESIAN_POINT('Ctrl Pts',(12.6161953207972,0.00214226765189092,
1.20063471509214));
#1010=CARTESIAN_POINT('Ctrl Pts',(12.6151486580289,0.00207452269513986,
1.1997414833312));
#1011=CARTESIAN_POINT('Ctrl Pts',(12.6140827138183,0.00201354032461638,
1.19886848275322));
#1012=CARTESIAN_POINT('Ctrl Pts',(12.6079267105334,0.00166135709630424,
1.19382676070749));
#1013=CARTESIAN_POINT('Ctrl Pts',(12.6012137359533,0.00153977667941773,
1.18952483445635));
#1014=CARTESIAN_POINT('Ctrl Pts',(12.5940947413139,0.00164860463419973,
1.18605086014346));
#1015=CARTESIAN_POINT('Ctrl Pts',(12.5898664073898,0.00171324310583833,
1.1839874896561));
#1016=CARTESIAN_POINT('Ctrl Pts',(12.5854940855076,0.00185914620125844,
1.18221688419019));
#1017=CARTESIAN_POINT('Ctrl Pts',(12.5810056059175,0.00208612518385052,
1.18076539678698));
#1018=CARTESIAN_POINT('Ctrl Pts',(12.578206796873,0.00222765881826259,1.1798603161265));
#1019=CARTESIAN_POINT('Ctrl Pts',(12.5753769273623,0.0023999864063687,1.17908403209082));
#1020=CARTESIAN_POINT('Ctrl Pts',(12.5725234983603,0.0026021763118018,1.17844037561871));
#1021=CARTESIAN_POINT('Ctrl Pts',(12.5648832331372,0.00314355459802745,
1.176716938254));
#1022=CARTESIAN_POINT('Ctrl Pts',(12.5570748884117,0.00389904057816922,
1.17594045428046));
#1023=CARTESIAN_POINT('Ctrl Pts',(12.54926092178,0.00485055261155868,1.17606302599948));
#1024=CARTESIAN_POINT('Ctrl Pts',(12.5471829067703,0.00510359391318468,
1.17609562223183));
#1025=CARTESIAN_POINT('Ctrl Pts',(12.5451044451688,0.00537049762987868,
1.17619208606525));
#1026=CARTESIAN_POINT('Ctrl Pts',(12.5430285641912,0.00565092243735431,
1.17635212370582));
#1027=CARTESIAN_POINT('Ctrl Pts',(12.5350930361328,0.00672291016303987,
1.17696390405393));
#1028=CARTESIAN_POINT('Ctrl Pts',(12.5272959427543,0.00797870430665885,
1.17849277112698));
#1029=CARTESIAN_POINT('Ctrl Pts',(12.5197983645865,0.00938649559759365,
1.18088648911873));
#1030=CARTESIAN_POINT('Ctrl Pts',(12.514809926324,0.0103231553808086,1.18247912532103));
#1031=CARTESIAN_POINT('Ctrl Pts',(12.5099536977658,0.0113271084031577,1.18445576045492));
#1032=CARTESIAN_POINT('Ctrl Pts',(12.5052789801573,0.0123891243416734,1.18681362276364));
#1033=CARTESIAN_POINT('',(8.88273538435793,-7.17601583911816,3.48187140838859));
#1034=CARTESIAN_POINT('Ctrl Pts',(8.8827353843584,-7.17601583911782,3.48187140838982));
#1035=CARTESIAN_POINT('Ctrl Pts',(10.2155996162314,-6.2139847928652,2.71672912382683));
#1036=CARTESIAN_POINT('Ctrl Pts',(12.0644958767695,-3.93818749840686,1.65453264938972));
#1037=CARTESIAN_POINT('Ctrl Pts',(12.6411917094407,-1.16227907414502,1.32310109798999));
#1038=CARTESIAN_POINT('Ctrl Pts',(12.6375309273695,0.0262873099293697,1.32520481730694));
#1039=CARTESIAN_POINT('Origin',(8.81500782931382,-7.12130138611268,3.4326849578162));
#1040=CARTESIAN_POINT('Ctrl Pts',(12.7284032504448,1.21765193479038,0.685076128963694));
#1041=CARTESIAN_POINT('Ctrl Pts',(12.6808502802037,0.809280693957066,0.838881350764208));
#1042=CARTESIAN_POINT('Ctrl Pts',(12.6052176880222,0.402283708035985,1.00847315390112));
#1043=CARTESIAN_POINT('Ctrl Pts',(12.5021676487414,0.000224297503869028,
1.19236673635942));
#1044=CARTESIAN_POINT('Ctrl Pts',(12.7498382834957,1.21124188243055,0.674683883963868));
#1045=CARTESIAN_POINT('Ctrl Pts',(12.7020694691617,0.801807014737728,0.828945590826979));
#1046=CARTESIAN_POINT('Ctrl Pts',(12.6261383541406,0.393815208831613,0.999011650255941));
#1047=CARTESIAN_POINT('Ctrl Pts',(12.5227405501839,-0.00915412081774153,
1.18339065890055));
#1048=CARTESIAN_POINT('Ctrl Pts',(12.8018258914655,1.2034003203633,0.669936949833618));
#1049=CARTESIAN_POINT('Ctrl Pts',(12.7535389195927,0.791790779865433,0.824965338458417));
#1050=CARTESIAN_POINT('Ctrl Pts',(12.6769419731104,0.381781443437537,0.995826478481864));
#1051=CARTESIAN_POINT('Ctrl Pts',(12.5727481476104,-0.023061932773998,1.18100622660051));
#1052=CARTESIAN_POINT('Ctrl Pts',(12.8667865224925,1.21260564303959,0.714462486206775));
#1053=CARTESIAN_POINT('Ctrl Pts',(12.8182163955947,0.799261825131647,0.869585530616735));
#1054=CARTESIAN_POINT('Ctrl Pts',(12.7412136283145,0.387555088468023,1.04053779511127));
#1055=CARTESIAN_POINT('Ctrl Pts',(12.6365229785545,-0.018921615267596,1.22579654684906));
#1056=CARTESIAN_POINT('Ctrl Pts',(12.8815705909546,1.23376287611166,0.775208355433376));
#1057=CARTESIAN_POINT('Ctrl Pts',(12.8335223079617,0.821029748364751,0.929644822999695));
#1058=CARTESIAN_POINT('Ctrl Pts',(12.7571235406325,0.409803363098381,1.09988516965999));
#1059=CARTESIAN_POINT('Ctrl Pts',(12.6530662244195,0.00365299718851803,
1.28442348406565));
#1060=CARTESIAN_POINT('Ctrl Pts',(12.8693658532496,1.24756567393842,0.80808301396189));
#1061=CARTESIAN_POINT('Ctrl Pts',(12.8218817453703,0.836026483770241,0.962038654773539));
#1062=CARTESIAN_POINT('Ctrl Pts',(12.7461470604874,0.42585496211386,1.13178435994958));
#1063=CARTESIAN_POINT('Ctrl Pts',(12.6428383823225,0.0206394387895463,1.31583066581764));
#1064=CARTESIAN_POINT('Ctrl Pts',(12.8633572398388,1.25196808162163,0.817914209911095));
#1065=CARTESIAN_POINT('Ctrl Pts',(12.8160682901737,0.840884159020655,0.97171943171161));
#1066=CARTESIAN_POINT('Ctrl Pts',(12.7405751679002,0.431134449042843,1.14131123484852));
#1067=CARTESIAN_POINT('Ctrl Pts',(12.6375309273696,0.0262873099293654,1.32520481730682));
#1068=CARTESIAN_POINT('',(12.8580402685533,1.20674095225527,0.834901368024517));
#1069=CARTESIAN_POINT('Ctrl Pts',(12.6375309273696,0.0262873099293654,1.32520481730682));
#1070=CARTESIAN_POINT('Ctrl Pts',(12.7367957583433,0.416285650713551,1.14805599961567));
#1071=CARTESIAN_POINT('Ctrl Pts',(12.8104934227801,0.810833529000276,0.984179092351983));
#1072=CARTESIAN_POINT('Ctrl Pts',(12.8580401202888,1.20674099753185,0.834901439856169));
#1073=CARTESIAN_POINT('',(12.5054174491146,0.0129409522612146,1.18655591656443));
#1074=CARTESIAN_POINT('Ctrl Pts',(12.5052768242993,0.0123891287518021,1.18680784112732));
#1075=CARTESIAN_POINT('Ctrl Pts',(12.5053237046314,0.0125730690523197,1.18672386342796));
#1076=CARTESIAN_POINT('Ctrl Pts',(12.5053705792263,0.0127570103782545,1.18663988872365));
#1077=CARTESIAN_POINT('Ctrl Pts',(12.5054174480841,0.0129409527292656,1.18655591701453));
#1078=CARTESIAN_POINT('',(12.7271260058551,1.20674095225523,0.689189416216226));
#1079=CARTESIAN_POINT('Ctrl Pts',(12.7271259965563,1.20674095504909,0.68918942072049));
#1080=CARTESIAN_POINT('Ctrl Pts',(12.6800074377849,0.806335973738669,0.840279065667894));
#1081=CARTESIAN_POINT('Ctrl Pts',(12.6058964887225,0.407282828087016,1.00653451500742));
#1082=CARTESIAN_POINT('Ctrl Pts',(12.5054174368786,0.0129409578190115,1.18655592190928));
#1083=CARTESIAN_POINT('Ctrl Pts',(12.7271259963405,1.20674095321502,0.689189421412564));
#1084=CARTESIAN_POINT('Ctrl Pts',(12.7340638411035,1.20674097164422,0.685183871755527));
#1085=CARTESIAN_POINT('Ctrl Pts',(12.7414309361075,1.20675287253173,0.682038514536775));
#1086=CARTESIAN_POINT('Ctrl Pts',(12.7490757800389,1.20675895981926,0.679796081212436));
#1087=CARTESIAN_POINT('Ctrl Pts',(12.7540789234653,1.20676294362492,0.678328527963909));
#1088=CARTESIAN_POINT('Ctrl Pts',(12.7592014047075,1.20676472420268,0.67724862576992));
#1089=CARTESIAN_POINT('Ctrl Pts',(12.764399473955,1.20676360977277,0.676579724061526));
#1090=CARTESIAN_POINT('Ctrl Pts',(12.772169407872,1.20676194395295,0.675579867802636));
#1091=CARTESIAN_POINT('Ctrl Pts',(12.7799913925868,1.20675236512903,0.675511479000684));
#1092=CARTESIAN_POINT('Ctrl Pts',(12.7877084252969,1.20674398882481,0.676408950187921));
#1093=CARTESIAN_POINT('Ctrl Pts',(12.7917209108288,1.20673963354983,0.676875592003406));
#1094=CARTESIAN_POINT('Ctrl Pts',(12.7957050183789,1.20673588909502,0.677604105367551));
#1095=CARTESIAN_POINT('Ctrl Pts',(12.7996371535549,1.20673615381881,0.678604377905844));
#1096=CARTESIAN_POINT('Ctrl Pts',(12.8001917703289,1.20673619115737,0.678745463576459));
#1097=CARTESIAN_POINT('Ctrl Pts',(12.800745349869,1.20673631090369,0.678891961557268));
#1098=CARTESIAN_POINT('Ctrl Pts',(12.8012978354194,1.20673650255065,0.679043849119266));
#1099=CARTESIAN_POINT('Ctrl Pts',(12.8088696345243,1.20673912906685,0.681125463932989));
#1100=CARTESIAN_POINT('Ctrl Pts',(12.816108958932,1.20675344208793,0.684179994510937));
#1101=CARTESIAN_POINT('Ctrl Pts',(12.8228940725408,1.20676043932991,0.688077719501781));
#1102=CARTESIAN_POINT('Ctrl Pts',(12.8265983020526,1.20676425936769,0.690205623140878));
#1103=CARTESIAN_POINT('Ctrl Pts',(12.8301670814162,1.20676627696,0.692585764401264));
#1104=CARTESIAN_POINT('Ctrl Pts',(12.8335784130234,1.20676588891573,0.69520257042849));
#1105=CARTESIAN_POINT('Ctrl Pts',(12.8399191278211,1.20676516764956,0.700066483589083));
#1106=CARTESIAN_POINT('Ctrl Pts',(12.8456188923951,1.20675559143261,0.705669792809906));
#1107=CARTESIAN_POINT('Ctrl Pts',(12.8505731780801,1.20674485822754,0.711875726634387));
#1108=CARTESIAN_POINT('Ctrl Pts',(12.8532405999323,1.20673907939531,0.71521704454566));
#1109=CARTESIAN_POINT('Ctrl Pts',(12.8556917293785,1.20673333932286,0.718733924872864));
#1110=CARTESIAN_POINT('Ctrl Pts',(12.8579073842649,1.20673119818466,0.72240996891247));
#1111=CARTESIAN_POINT('Ctrl Pts',(12.8580438162818,1.20673106634111,0.722636326413231));
#1112=CARTESIAN_POINT('Ctrl Pts',(12.8581793545282,1.20673094861366,0.722863288272884));
#1113=CARTESIAN_POINT('Ctrl Pts',(12.8583139988829,1.2067308444229,0.723090848243602));
#1114=CARTESIAN_POINT('Ctrl Pts',(12.8623354001317,1.20672773257431,0.729887345227124));
#1115=CARTESIAN_POINT('Ctrl Pts',(12.8655165354586,1.206735605821,0.737135868604883));
#1116=CARTESIAN_POINT('Ctrl Pts',(12.8678870199627,1.2067402886292,0.744656429214011));
#1117=CARTESIAN_POINT('Ctrl Pts',(12.8695493789009,1.20674357256042,0.749930402161984));
#1118=CARTESIAN_POINT('Ctrl Pts',(12.870812362948,1.20674580903136,0.755339288977671));
#1119=CARTESIAN_POINT('Ctrl Pts',(12.8716749461999,1.20674684783074,0.760829777216136));
#1120=CARTESIAN_POINT('Ctrl Pts',(12.8729818810845,1.20674842175784,0.76914863872494));
#1121=CARTESIAN_POINT('Ctrl Pts',(12.873361225351,1.20674620598872,0.777587330515436));
#1122=CARTESIAN_POINT('Ctrl Pts',(12.8728108304493,1.20674272441308,0.785968089429485));
#1123=CARTESIAN_POINT('Ctrl Pts',(12.8725531814966,1.20674109462996,0.789891261229078));
#1124=CARTESIAN_POINT('Ctrl Pts',(12.8720911097045,1.2067393750135,0.793802021541824));
#1125=CARTESIAN_POINT('Ctrl Pts',(12.8714205893939,1.206738493314,0.797682734687482));
#1126=CARTESIAN_POINT('Ctrl Pts',(12.8713501588796,1.20673840070152,0.79809035936104));
#1127=CARTESIAN_POINT('Ctrl Pts',(12.8712774262045,1.20673831752247,0.798497652308805));
#1128=CARTESIAN_POINT('Ctrl Pts',(12.8712024029998,1.20673824348539,0.798904594709892));
#1129=CARTESIAN_POINT('Ctrl Pts',(12.8696639016645,1.20673672520669,0.807249765124454));
#1130=CARTESIAN_POINT('Ctrl Pts',(12.867175188586,1.20673825041065,0.815401614880953));
#1131=CARTESIAN_POINT('Ctrl Pts',(12.8638402404633,1.2067396411321,0.823197748714487));
#1132=CARTESIAN_POINT('Ctrl Pts',(12.8621277819323,1.206740355252,0.827200976171515));
#1133=CARTESIAN_POINT('Ctrl Pts',(12.8601913241337,1.20674106608434,0.831110270237512));
#1134=CARTESIAN_POINT('Ctrl Pts',(12.8580401166645,1.20674096735327,0.834901451235058));
#1135=CARTESIAN_POINT('Ctrl Pts',(8.76500782931382,-7.12130138611267,3.34608241743775));
#1136=CARTESIAN_POINT('Ctrl Pts',(8.72980771505319,-7.14660386884816,3.36640521288164));
#1137=CARTESIAN_POINT('Ctrl Pts',(8.69441999503518,-7.17167312397238,3.38683632256004));
#1138=CARTESIAN_POINT('Ctrl Pts',(8.65884814601804,-7.19650668849141,3.40737373916566));
#1139=CARTESIAN_POINT('Ctrl Pts',(8.77564872969744,-7.1410391545762,3.33993889073686));
#1140=CARTESIAN_POINT('Ctrl Pts',(8.7403672701225,-7.16638243231257,3.36030904582193));
#1141=CARTESIAN_POINT('Ctrl Pts',(8.70489863100094,-7.19149163996071,3.38078608184834));
#1142=CARTESIAN_POINT('Ctrl Pts',(8.66924543384469,-7.21636426216481,3.4013708622401));
#1143=CARTESIAN_POINT('Ctrl Pts',(8.80158501635436,-7.17538986666212,3.34209420221632));
#1144=CARTESIAN_POINT('Ctrl Pts',(8.76615265049881,-7.20080460961217,3.36252821899344));
#1145=CARTESIAN_POINT('Ctrl Pts',(8.73053289045841,-7.22598373763901,3.38307046187509));
#1146=CARTESIAN_POINT('Ctrl Pts',(8.69472867476137,-7.25092482908253,3.40371896331416));
#1147=CARTESIAN_POINT('Ctrl Pts',(8.84615731041857,-7.20777862113175,3.37897072076399));
#1148=CARTESIAN_POINT('Ctrl Pts',(8.81057589433678,-7.23328694124032,3.39942074954878));
#1149=CARTESIAN_POINT('Ctrl Pts',(8.77480591359122,-7.25855850645566,3.41997878318837));
#1150=CARTESIAN_POINT('Ctrl Pts',(8.73885179958413,-7.28359091751079,3.4406430679547));
#1151=CARTESIAN_POINT('Ctrl Pts',(8.87702535781489,-7.20789791502377,3.43228722275321));
#1152=CARTESIAN_POINT('Ctrl Pts',(8.84144937623102,-7.23345908012399,3.45268297875124));
#1153=CARTESIAN_POINT('Ctrl Pts',(8.80568532496277,-7.2587840756055,3.47318677786967));
#1154=CARTESIAN_POINT('Ctrl Pts',(8.76973531459017,-7.28387051126174,3.49379680410482));
#1155=CARTESIAN_POINT('Ctrl Pts',(8.88321827892588,-7.18733453545931,3.46861569386169));
#1156=CARTESIAN_POINT('Ctrl Pts',(8.84775548362383,-7.21289533620439,3.48895789550274));
#1157=CARTESIAN_POINT('Ctrl Pts',(8.81210170105381,-7.2382213742799,3.50940922040407));
#1158=CARTESIAN_POINT('Ctrl Pts',(8.77626402318338,-7.26331035357392,3.52996592182205));
#1159=CARTESIAN_POINT('Ctrl Pts',(8.8827353843584,-7.17601583911782,3.48187140838982));
#1160=CARTESIAN_POINT('Ctrl Pts',(8.84733343666145,-7.20156815867734,3.5021942038337));
#1161=CARTESIAN_POINT('Ctrl Pts',(8.81174219406239,-7.22688651353107,3.52262531351211));
#1162=CARTESIAN_POINT('Ctrl Pts',(8.77596512797028,-7.25196842136724,3.54316273011773));
#1163=CARTESIAN_POINT('',(8.76803736902291,-7.27693630059013,3.49924062924071));
#1164=CARTESIAN_POINT('Ctrl Pts',(8.76805420001553,-7.27697770294658,3.49921971820938));
#1165=CARTESIAN_POINT('Ctrl Pts',(8.79195589510953,-7.25973359972522,3.49404906869232));
#1166=CARTESIAN_POINT('Ctrl Pts',(8.81316750503115,-7.24304789832764,3.48998910838602));
#1167=CARTESIAN_POINT('Ctrl Pts',(8.83131768978034,-7.22737104171292,3.48710277564994));
#1168=CARTESIAN_POINT('Ctrl Pts',(8.84912927133229,-7.21198664679189,3.48427028927997));
#1169=CARTESIAN_POINT('Ctrl Pts',(8.86399304721478,-7.19757312711139,3.48256947417483));
#1170=CARTESIAN_POINT('Ctrl Pts',(8.87553775721908,-7.18451429392388,3.48204598667507));
#1171=CARTESIAN_POINT('Ctrl Pts',(8.87810225708006,-7.18161345224994,3.48192970106721));
#1172=CARTESIAN_POINT('Ctrl Pts',(8.88050288243205,-7.17877931181652,3.48187140838982));
#1173=CARTESIAN_POINT('Ctrl Pts',(8.8827353843584,-7.17601583911782,3.48187140838982));
#1174=CARTESIAN_POINT('',(8.65884814594184,-7.19650668834586,3.40737373920966));
#1175=CARTESIAN_POINT('Origin',(8.70884814601804,-7.19650668849141,3.4939762795441));
#1176=CARTESIAN_POINT('Ctrl Pts',(8.76500782931382,-7.12130138611267,3.34608241743775));
#1177=CARTESIAN_POINT('Ctrl Pts',(8.72980771505319,-7.14660386884816,3.36640521288164));
#1178=CARTESIAN_POINT('Ctrl Pts',(8.69441999503518,-7.17167312397238,3.38683632256004));
#1179=CARTESIAN_POINT('Ctrl Pts',(8.65884814601804,-7.19650668849141,3.40737373916566));
#1180=CARTESIAN_POINT('Ctrl Pts',(8.37961998169245,-7.70880417207947,3.36487788454824));
#1181=CARTESIAN_POINT('Ctrl Pts',(8.34534922939547,-7.80655654444813,3.32773000706916));
#1182=CARTESIAN_POINT('Ctrl Pts',(8.31970370868546,-7.90441850664963,3.2772637067897));
#1183=CARTESIAN_POINT('Ctrl Pts',(8.31970370868547,-7.98125683986802,3.21156860739422));
#1184=CARTESIAN_POINT('Ctrl Pts',(8.39447595472016,-7.72514220851879,3.38098105792138));
#1185=CARTESIAN_POINT('Ctrl Pts',(8.35442838260436,-7.82142709313528,3.34497336706128));
#1186=CARTESIAN_POINT('Ctrl Pts',(8.32285703713688,-7.91836649304666,3.2925867982247));
#1187=CARTESIAN_POINT('Ctrl Pts',(8.31970370868547,-7.99451423081286,3.22231965051638));
#1188=CARTESIAN_POINT('Ctrl Pts',(8.40504685451186,-7.75352637987141,3.42301544504902));
#1189=CARTESIAN_POINT('Ctrl Pts',(8.35608673266761,-7.8474554503487,3.38180489134827));
#1190=CARTESIAN_POINT('Ctrl Pts',(8.3172542974377,-7.94271097116116,3.32164135016278));
#1191=CARTESIAN_POINT('Ctrl Pts',(8.31188022092648,-8.01768912546683,3.24111326479635));
#1192=CARTESIAN_POINT('Ctrl Pts',(8.38335452687969,-7.76637170408794,3.46646382185919));
#1193=CARTESIAN_POINT('Ctrl Pts',(8.33290938170071,-7.86272097954683,3.41600100240616));
#1194=CARTESIAN_POINT('Ctrl Pts',(8.29442815723383,-7.95963505799998,3.34655448778423));
#1195=CARTESIAN_POINT('Ctrl Pts',(8.2921656688413,-8.03569899425808,3.25571831618276));
#1196=CARTESIAN_POINT('Ctrl Pts',(8.36993798146353,-7.76803253227985,3.48187140805644));
#1197=CARTESIAN_POINT('Ctrl Pts',(8.31995941553291,-7.86637776067514,3.42829341699031));
#1198=CARTESIAN_POINT('Ctrl Pts',(8.28246070107365,-7.96477104172405,3.35550640548376));
#1199=CARTESIAN_POINT('Ctrl Pts',(8.28216886334184,-8.0419099315759,3.26075505796783));
#1200=CARTESIAN_POINT('',(8.36993798143078,-7.76803253234428,3.48187140820421));
#1201=CARTESIAN_POINT('',(8.37961998169232,-7.70880417207984,3.3648778845481));
#1202=CARTESIAN_POINT('Origin',(8.30612031597844,-7.70880417207984,3.43268495748262));
#1203=CARTESIAN_POINT('',(8.28216886334184,-8.0419099315759,3.26075505796783));
#1204=CARTESIAN_POINT('Ctrl Pts',(8.28216886334184,-8.0419099315759,3.26075505796783));
#1205=CARTESIAN_POINT('Ctrl Pts',(8.28246070107365,-7.96477104172405,3.35550640548376));
#1206=CARTESIAN_POINT('Ctrl Pts',(8.31995941553291,-7.86637776067514,3.42829341699031));
#1207=CARTESIAN_POINT('Ctrl Pts',(8.36993798146353,-7.76803253227985,3.48187140805644));
#1208=CARTESIAN_POINT('',(8.31970370868547,-7.98125683986802,3.21156860739422));
#1209=CARTESIAN_POINT('Origin',(8.21970370868547,-7.98125683986802,3.2115686073942));
#1210=CARTESIAN_POINT('Ctrl Pts',(8.37961998169245,-7.70880417207947,3.36487788454824));
#1211=CARTESIAN_POINT('Ctrl Pts',(8.34534922939547,-7.80655654444813,3.32773000706916));
#1212=CARTESIAN_POINT('Ctrl Pts',(8.31970370868546,-7.90441850664963,3.2772637067897));
#1213=CARTESIAN_POINT('Ctrl Pts',(8.31970370868547,-7.98125683986802,3.21156860739422));
#1214=CARTESIAN_POINT('Ctrl Pts',(8.31970370868531,-7.98125683986818,3.21156860739421));
#1215=CARTESIAN_POINT('Ctrl Pts',(8.31970370868533,-8.84068810283665,2.15178156032058));
#1216=CARTESIAN_POINT('Ctrl Pts',(8.31970370868535,-9.65857343675649,1.05884939695045));
#1217=CARTESIAN_POINT('Ctrl Pts',(8.31970370868538,-10.4548268670729,-0.0491864505738671));
#1218=CARTESIAN_POINT('Ctrl Pts',(8.31970370868531,-8.00445727402166,3.230382932858));
#1219=CARTESIAN_POINT('Ctrl Pts',(8.31973523606276,-8.86549458587395,2.17085307776604));
#1220=CARTESIAN_POINT('Ctrl Pts',(8.31967302500352,-9.68461431469699,1.07813227567066));
#1221=CARTESIAN_POINT('Ctrl Pts',(8.31970370868538,-10.4819655702875,-0.0296841162610728));
#1222=CARTESIAN_POINT('Ctrl Pts',(8.30549474284042,-8.02741774450114,3.24900266046933));
#1223=CARTESIAN_POINT('Ctrl Pts',(8.30412686677303,-8.88999162875519,2.18968603801327));
#1224=CARTESIAN_POINT('Ctrl Pts',(8.30280601748442,-9.7102984144347,1.0971482968194));
#1225=CARTESIAN_POINT('Ctrl Pts',(8.30168457891708,-10.5086686987339,-0.0104947933947738));
#1226=CARTESIAN_POINT('Ctrl Pts',(8.28216886334168,-8.04190993157606,3.26075505796783));
#1227=CARTESIAN_POINT('Ctrl Pts',(8.27890467917816,-8.90470289899951,2.20096801089419));
#1228=CARTESIAN_POINT('Ctrl Pts',(8.27604956627482,-9.72502806945132,1.10803584752407));
#1229=CARTESIAN_POINT('Ctrl Pts',(8.27351672012392,-10.523272852199,-2.47813922160667E-13));
#1230=CARTESIAN_POINT('',(8.27351672012392,-10.5232728521991,-1.84696454639689E-13));
#1231=CARTESIAN_POINT('Ctrl Pts',(8.27351672012392,-10.523272852199,-2.47813922160667E-13));
#1232=CARTESIAN_POINT('Ctrl Pts',(8.27604956627482,-9.72502806945132,1.10803584752407));
#1233=CARTESIAN_POINT('Ctrl Pts',(8.27890467917816,-8.90470289899951,2.20096801089419));
#1234=CARTESIAN_POINT('Ctrl Pts',(8.28216886334168,-8.04190993157606,3.26075505796783));
#1235=CARTESIAN_POINT('',(8.31970370868538,-10.4194577438865,-8.2572837456496E-13));
#1236=CARTESIAN_POINT('Ctrl Pts',(8.31970370868537,-10.419458553046,8.89133054293723E-7));
#1237=CARTESIAN_POINT('Ctrl Pts',(8.31970370264256,-10.4196493871582,8.84112774901897E-7));
#1238=CARTESIAN_POINT('Ctrl Pts',(8.31970330958077,-10.4198402120793,8.72411051157572E-7));
#1239=CARTESIAN_POINT('Ctrl Pts',(8.31970253027314,-10.4200310264592,8.54169089402909E-7));
#1240=CARTESIAN_POINT('Ctrl Pts',(8.31966304334505,-10.4296994467628,-7.013732162112E-8));
#1241=CARTESIAN_POINT('Ctrl Pts',(8.31863603459298,-10.4393556752544,-1.82437335571589E-5));
#1242=CARTESIAN_POINT('Ctrl Pts',(8.31668788937865,-10.4488182798882,-3.4855923879187E-5));
#1243=CARTESIAN_POINT('Ctrl Pts',(8.31602913393797,-10.4520180117356,-4.0473251928342E-5));
#1244=CARTESIAN_POINT('Ctrl Pts',(8.31526464719324,-10.4551954666522,-4.60088866536808E-5));
#1245=CARTESIAN_POINT('Ctrl Pts',(8.3143958446414,-10.4583430466229,-5.11483970209899E-5));
#1246=CARTESIAN_POINT('Ctrl Pts',(8.31208943487868,-10.4666989258246,-6.47922529946784E-5));
#1247=CARTESIAN_POINT('Ctrl Pts',(8.30904543433706,-10.4748627445423,-7.55760367617628E-5));
#1248=CARTESIAN_POINT('Ctrl Pts',(8.30526447846388,-10.482662022008,-7.34797773901709E-5));
#1249=CARTESIAN_POINT('Ctrl Pts',(8.30358067384989,-10.4861353392915,-7.2546232720415E-5));
#1250=CARTESIAN_POINT('Ctrl Pts',(8.30175041033352,-10.4895359074324,-6.93801433235846E-5));
#1251=CARTESIAN_POINT('Ctrl Pts',(8.29977251238736,-10.492845870867,-6.49700215617499E-5));
#1252=CARTESIAN_POINT('Ctrl Pts',(8.29592129555253,-10.4992907872624,-5.63829581057839E-5));
#1253=CARTESIAN_POINT('Ctrl Pts',(8.2915176750784,-10.5053843138393,-4.28280952390926E-5));
#1254=CARTESIAN_POINT('Ctrl Pts',(8.28654715824834,-10.5109651960652,-2.68500374465894E-5));
#1255=CARTESIAN_POINT('Ctrl Pts',(8.28257035230288,-10.5154303425229,-1.40663295549263E-5));
#1256=CARTESIAN_POINT('Ctrl Pts',(8.2782303348437,-10.5195669547328,1.6151604764593E-13));
#1257=CARTESIAN_POINT('Ctrl Pts',(8.27351672012392,-10.5232728521987,1.6141254999269E-13));
#1258=CARTESIAN_POINT('Ctrl Pts',(8.31970370868531,-7.98125683986818,3.21156860739421));
#1259=CARTESIAN_POINT('Ctrl Pts',(8.31970370868533,-8.8279684349854,2.16746651362945));
#1260=CARTESIAN_POINT('Ctrl Pts',(8.31970370868535,-9.63435476844506,1.09119314537565));
#1261=CARTESIAN_POINT('Ctrl Pts',(8.31970370868538,-10.4194586985641,6.86881813444923E-7));
#1262=CARTESIAN_POINT('Ctrl Pts',(8.31970370868537,-10.4548268670719,0.0491864505725378));
#1263=CARTESIAN_POINT('Ctrl Pts',(8.3197037086854,-9.65857396314134,-1.05884866449055));
#1264=CARTESIAN_POINT('Ctrl Pts',(8.31970370868542,-8.840688487645,-2.15178108587118));
#1265=CARTESIAN_POINT('Ctrl Pts',(8.31970370868544,-7.98125683995695,-3.21156860739413));
#1266=CARTESIAN_POINT('Ctrl Pts',(8.31970370868537,-10.4819655702867,0.0296841162602756));
#1267=CARTESIAN_POINT('Ctrl Pts',(8.31967302502385,-9.68461484180775,-1.07813154335531));
#1268=CARTESIAN_POINT('Ctrl Pts',(8.31973523607696,-8.86549497140154,-2.17085260343127));
#1269=CARTESIAN_POINT('Ctrl Pts',(8.31970370868544,-8.00445727411074,-3.23038293285743));
#1270=CARTESIAN_POINT('Ctrl Pts',(8.30168457891728,-10.5086686987332,0.010494793394493));
#1271=CARTESIAN_POINT('Ctrl Pts',(8.3028060167433,-9.71029894221929,-1.0971475646181));
#1272=CARTESIAN_POINT('Ctrl Pts',(8.30412686616086,-8.88999201497091,-2.18968556377347));
#1273=CARTESIAN_POINT('Ctrl Pts',(8.30549474284062,-8.02741774459052,-3.24900266046828));
#1274=CARTESIAN_POINT('Ctrl Pts',(8.27351672012435,-10.5232728521986,1.66837030302069E-13));
#1275=CARTESIAN_POINT('Ctrl Pts',(8.27604956460092,-9.72502859715315,-1.10803511506292));
#1276=CARTESIAN_POINT('Ctrl Pts',(8.27890467771721,-8.90470328531352,-2.20096753644354));
#1277=CARTESIAN_POINT('Ctrl Pts',(8.28216886334197,-8.04190993166567,-3.26075505796651));
#1278=CARTESIAN_POINT('',(8.31970370868544,-7.98125683995695,-3.21156860739413));
#1279=CARTESIAN_POINT('Ctrl Pts',(8.31970370868538,-10.4194586985644,-6.86883693739454E-7));
#1280=CARTESIAN_POINT('Ctrl Pts',(8.3197037086854,-9.63435527488294,-1.09119244155894));
#1281=CARTESIAN_POINT('Ctrl Pts',(8.31970370868542,-8.8279688058557,-2.16746605636802));
#1282=CARTESIAN_POINT('Ctrl Pts',(8.31970370868544,-7.98125683995695,-3.21156860739413));
#1283=CARTESIAN_POINT('',(8.28216886334197,-8.04190993166567,-3.2607550579665));
#1284=CARTESIAN_POINT('Ctrl Pts',(8.28216886334197,-8.04190993166567,-3.26075505796651));
#1285=CARTESIAN_POINT('Ctrl Pts',(8.27890467771721,-8.90470328531352,-2.20096753644354));
#1286=CARTESIAN_POINT('Ctrl Pts',(8.27604956460092,-9.72502859715315,-1.10803511506292));
#1287=CARTESIAN_POINT('Ctrl Pts',(8.27351672012435,-10.5232728521986,1.66837030302069E-13));
#1288=CARTESIAN_POINT('Origin',(8.21970370868544,-7.98125683995695,-3.21156860739414));
#1289=CARTESIAN_POINT('Ctrl Pts',(8.31970370868555,-7.98125683995683,-3.21156860739416));
#1290=CARTESIAN_POINT('Ctrl Pts',(8.31970370868554,-7.93423958583268,-3.25176733443228));
#1291=CARTESIAN_POINT('Ctrl Pts',(8.33973109615536,-7.82330616025126,-3.32073629561234));
#1292=CARTESIAN_POINT('Ctrl Pts',(8.4074167071239,-7.62349796626718,-3.40061533302307));
#1293=CARTESIAN_POINT('Ctrl Pts',(8.49243753854592,-7.44023724054017,-3.43851857490591));
#1294=CARTESIAN_POINT('Ctrl Pts',(8.58288796778424,-7.28837532385507,-3.43851349179195));
#1295=CARTESIAN_POINT('Ctrl Pts',(8.63327730117059,-7.22225389514275,-3.42213707332174));
#1296=CARTESIAN_POINT('Ctrl Pts',(8.65884814565719,-7.19650668884891,-3.407373739374));
#1297=CARTESIAN_POINT('Ctrl Pts',(8.31970370868555,-7.98788553542935,-3.2169441289551));
#1298=CARTESIAN_POINT('Ctrl Pts',(8.320661124362,-7.94107822861561,-3.25854266263695));
#1299=CARTESIAN_POINT('Ctrl Pts',(8.34377040931048,-7.83065963503552,-3.32930450204663));
#1300=CARTESIAN_POINT('Ctrl Pts',(8.41745464912216,-7.63221104608299,-3.40859209984287));
#1301=CARTESIAN_POINT('Ctrl Pts',(8.50723127945973,-7.45095220164008,-3.44221589577891));
#1302=CARTESIAN_POINT('Ctrl Pts',(8.59841191643704,-7.30279156680656,-3.43593816999908));
#1303=CARTESIAN_POINT('Ctrl Pts',(8.64637361636205,-7.24001264954829,-3.41640917548461));
#1304=CARTESIAN_POINT('Ctrl Pts',(8.66924543348299,-7.21636426252254,-3.40137086244893));
#1305=CARTESIAN_POINT('Ctrl Pts',(8.31777869024749,-7.99948439449691,-3.22635019041297));
#1306=CARTESIAN_POINT('Ctrl Pts',(8.31993240915095,-7.95304319713656,-3.27074072844223));
#1307=CARTESIAN_POINT('Ctrl Pts',(8.3473929317662,-7.84357112942165,-3.34564478489199));
#1308=CARTESIAN_POINT('Ctrl Pts',(8.43089593440588,-7.64749013360519,-3.42715559890438));
#1309=CARTESIAN_POINT('Ctrl Pts',(8.5303166911972,-7.4697512393558,-3.45728496712738));
#1310=CARTESIAN_POINT('Ctrl Pts',(8.62702192203751,-7.32798056676055,-3.44351466732967));
#1311=CARTESIAN_POINT('Ctrl Pts',(8.67437708877022,-7.27097047780554,-3.41942311629629));
#1312=CARTESIAN_POINT('Ctrl Pts',(8.69472869178993,-7.25092481144106,-3.4037190154121));
#1313=CARTESIAN_POINT('Ctrl Pts',(8.30965008297908,-8.01667559673842,-3.24029134651087));
#1314=CARTESIAN_POINT('Ctrl Pts',(8.3123249065831,-7.9705259631774,-3.28955356085012));
#1315=CARTESIAN_POINT('Ctrl Pts',(8.34350197624747,-7.86178449610582,-3.37291791999918));
#1316=CARTESIAN_POINT('Ctrl Pts',(8.43798993352182,-7.66744724367491,-3.46429027916176));
#1317=CARTESIAN_POINT('Ctrl Pts',(8.5511281140575,-7.49220405703397,-3.49878105493623));
#1318=CARTESIAN_POINT('Ctrl Pts',(8.66189208346645,-7.35470763650798,-3.48416004697128));
#1319=CARTESIAN_POINT('Ctrl Pts',(8.71606180137035,-7.30139232287434,-3.45763701296817));
#1320=CARTESIAN_POINT('Ctrl Pts',(8.73885180898457,-7.28359091685214,-3.44064308630864));
#1321=CARTESIAN_POINT('Ctrl Pts',(8.29793395318374,-8.03068703231632,-3.25165387996275));
#1322=CARTESIAN_POINT('Ctrl Pts',(8.29989989387545,-7.98436713384577,-3.30546118234157));
#1323=CARTESIAN_POINT('Ctrl Pts',(8.33153500323307,-7.87513176076214,-3.39723832131122));
#1324=CARTESIAN_POINT('Ctrl Pts',(8.43091976966931,-7.6794853667109,-3.50089223405868));
#1325=CARTESIAN_POINT('Ctrl Pts',(8.55239142395243,-7.50221393766639,-3.54533374964882));
#1326=CARTESIAN_POINT('Ctrl Pts',(8.67604668932826,-7.36087912377176,-3.53756765217299));
#1327=CARTESIAN_POINT('Ctrl Pts',(8.740271507229,-7.30396955546498,-3.51240611193955));
#1328=CARTESIAN_POINT('Ctrl Pts',(8.76973532482565,-7.28387052535556,-3.49379680606667));
#1329=CARTESIAN_POINT('Ctrl Pts',(8.28716726609179,-8.0388044630066,-3.25823668707403));
#1330=CARTESIAN_POINT('Ctrl Pts',(8.28794762503609,-7.99193054777384,-3.31501549904408));
#1331=CARTESIAN_POINT('Ctrl Pts',(8.31820700584267,-7.88131388885699,-3.41228916062659));
#1332=CARTESIAN_POINT('Ctrl Pts',(8.41748055394857,-7.68222483981769,-3.52429737011798));
#1333=CARTESIAN_POINT('Ctrl Pts',(8.54095709619734,-7.50024625935027,-3.57619286743846));
#1334=CARTESIAN_POINT('Ctrl Pts',(8.67054119273248,-7.35105486122381,-3.5742281870949));
#1335=CARTESIAN_POINT('Ctrl Pts',(8.74131231267809,-7.28747745379565,-3.55035991417551));
#1336=CARTESIAN_POINT('Ctrl Pts',(8.77626402281979,-7.2633103539347,-3.52996592202928));
#1337=CARTESIAN_POINT('Ctrl Pts',(8.28216886334208,-8.04190993166556,-3.2607550579665));
#1338=CARTESIAN_POINT('Ctrl Pts',(8.28234743838691,-7.99470876741449,-3.31873325710672));
#1339=CARTESIAN_POINT('Ctrl Pts',(8.31176230101457,-7.88322602205685,-3.41820646087258));
#1340=CARTESIAN_POINT('Ctrl Pts',(8.41050008486868,-7.68222403709211,-3.53341515227558));
#1341=CARTESIAN_POINT('Ctrl Pts',(8.53424978022052,-7.49770679758289,-3.58808259743768));
#1342=CARTESIAN_POINT('Ctrl Pts',(8.66571365086138,-7.34467121732948,-3.58807526611614));
#1343=CARTESIAN_POINT('Ctrl Pts',(8.73887180173225,-7.2779731080392,-3.56445573084157));
#1344=CARTESIAN_POINT('Ctrl Pts',(8.77596512760748,-7.2519684217282,-3.54316273032483));
#1345=CARTESIAN_POINT('',(8.65884814565723,-7.19650668884891,-3.40737373937397));
#1346=CARTESIAN_POINT('',(8.77596512760748,-7.2519684217282,-3.54316273032483));
#1347=CARTESIAN_POINT('Origin',(8.70884814565717,-7.19650668884891,-3.49397627975246));
#1348=CARTESIAN_POINT('Ctrl Pts',(8.31970370868555,-7.98125683995683,-3.21156860739416));
#1349=CARTESIAN_POINT('Ctrl Pts',(8.31970370868554,-7.93423958583268,-3.25176733443228));
#1350=CARTESIAN_POINT('Ctrl Pts',(8.33973109615536,-7.82330616025126,-3.32073629561234));
#1351=CARTESIAN_POINT('Ctrl Pts',(8.4074167071239,-7.62349796626718,-3.40061533302307));
#1352=CARTESIAN_POINT('Ctrl Pts',(8.49243753854592,-7.44023724054017,-3.43851857490591));
#1353=CARTESIAN_POINT('Ctrl Pts',(8.58288796778424,-7.28837532385507,-3.43851349179195));
#1354=CARTESIAN_POINT('Ctrl Pts',(8.63327730117059,-7.22225389514275,-3.42213707332174));
#1355=CARTESIAN_POINT('Ctrl Pts',(8.65884814565719,-7.19650668884891,-3.407373739374));
#1356=CARTESIAN_POINT('Ctrl Pts',(8.77596512760748,-7.2519684217282,-3.54316273032483));
#1357=CARTESIAN_POINT('Ctrl Pts',(8.73887180173225,-7.2779731080392,-3.56445573084157));
#1358=CARTESIAN_POINT('Ctrl Pts',(8.66571365086138,-7.34467121732948,-3.58807526611614));
#1359=CARTESIAN_POINT('Ctrl Pts',(8.53424978022052,-7.49770679758289,-3.58808259743768));
#1360=CARTESIAN_POINT('Ctrl Pts',(8.41050008486868,-7.68222403709211,-3.53341515227558));
#1361=CARTESIAN_POINT('Ctrl Pts',(8.31176230101457,-7.88322602205685,-3.41820646087258));
#1362=CARTESIAN_POINT('Ctrl Pts',(8.28234743838691,-7.99470876741449,-3.31873325710672));
#1363=CARTESIAN_POINT('Ctrl Pts',(8.28216886334208,-8.04190993166556,-3.2607550579665));
#1364=CARTESIAN_POINT('Ctrl Pts',(8.6588481456572,-7.19650668884909,-3.40737373937377));
#1365=CARTESIAN_POINT('Ctrl Pts',(9.67853891759344,-6.48463600257227,-2.81865499770622));
#1366=CARTESIAN_POINT('Ctrl Pts',(11.7019370731594,-4.3662781790526,-1.65044552791246));
#1367=CARTESIAN_POINT('Ctrl Pts',(12.5053960095791,-1.57161776516489,-1.18656829468775));
#1368=CARTESIAN_POINT('Ctrl Pts',(12.5004639400932,0.0261062020142118,-1.18941582633313));
#1369=CARTESIAN_POINT('Ctrl Pts',(8.669245433483,-7.21636426252273,-3.4013708624487));
#1370=CARTESIAN_POINT('Ctrl Pts',(9.69125586944229,-6.5033729052835,-2.81130407060937));
#1371=CARTESIAN_POINT('Ctrl Pts',(11.720216472542,-4.38077763180907,-1.63988687261142));
#1372=CARTESIAN_POINT('Ctrl Pts',(12.5269299619131,-1.5769388853639,-1.17413560440968));
#1373=CARTESIAN_POINT('Ctrl Pts',(12.5219793646563,0.0261947576271921,-1.17699389016989));
#1374=CARTESIAN_POINT('Ctrl Pts',(8.69840942061776,-7.25599805978364,-3.40395972193358));
#1375=CARTESIAN_POINT('Ctrl Pts',(9.72540138188534,-6.54076648174304,-2.81177885429081));
#1376=CARTESIAN_POINT('Ctrl Pts',(11.7661102585964,-4.40970631022591,-1.63512173640858));
#1377=CARTESIAN_POINT('Ctrl Pts',(12.5795853842158,-1.58759222527356,-1.16613953423224));
#1378=CARTESIAN_POINT('Ctrl Pts',(12.5745958352961,0.026371399465579,-1.16901617040244));
#1379=CARTESIAN_POINT('Ctrl Pts',(8.74706182455309,-7.2878534097567,-3.44970910202326));
#1380=CARTESIAN_POINT('Ctrl Pts',(9.77828910881165,-6.56983418790469,-2.85745651231177));
#1381=CARTESIAN_POINT('Ctrl Pts',(11.8280143132528,-4.43034537771262,-1.68035430915773));
#1382=CARTESIAN_POINT('Ctrl Pts',(12.6458620863848,-1.59508817653911,-1.21085377405555));
#1383=CARTESIAN_POINT('Ctrl Pts',(12.6408468290519,0.0264962154768751,-1.21373313507198));
#1384=CARTESIAN_POINT('Ctrl Pts',(8.77274463487585,-7.27892634679995,-3.50498751735751));
#1385=CARTESIAN_POINT('Ctrl Pts',(9.80250760418246,-6.55970460211536,-2.91466023101949));
#1386=CARTESIAN_POINT('Ctrl Pts',(11.8472032223631,-4.4194275893097,-1.74227468268136));
#1387=CARTESIAN_POINT('Ctrl Pts',(12.6610354598257,-1.59097892681675,-1.27564574916708));
#1388=CARTESIAN_POINT('Ctrl Pts',(12.656042058327,0.0264276762805409,-1.27850876052057));
#1389=CARTESIAN_POINT('Ctrl Pts',(8.77616439108238,-7.25952970986605,-3.53436485812755));
#1390=CARTESIAN_POINT('Ctrl Pts',(9.80289885661587,-6.54040643771135,-2.9452713752784));
#1391=CARTESIAN_POINT('Ctrl Pts',(11.8397290470693,-4.40281769737447,-1.77607670069693));
#1392=CARTESIAN_POINT('Ctrl Pts',(12.6486060387036,-1.58480239807642,-1.31153809892164));
#1393=CARTESIAN_POINT('Ctrl Pts',(12.6436407968034,0.0263254464968975,-1.31438934225338));
#1394=CARTESIAN_POINT('Ctrl Pts',(8.7759651276075,-7.25196842172838,-3.54316273032458));
#1395=CARTESIAN_POINT('Ctrl Pts',(9.80153858383991,-6.53297880866679,-2.95444398865704));
#1396=CARTESIAN_POINT('Ctrl Pts',(11.8354072548675,-4.39660331625379,-1.78623451886328));
#1397=CARTESIAN_POINT('Ctrl Pts',(12.6424860526997,-1.58252065417467,-1.32235728563856));
#1398=CARTESIAN_POINT('Ctrl Pts',(12.6375309274076,0.0262873099294609,-1.32520481728395));
#1399=CARTESIAN_POINT('',(12.6375309274076,0.0262873099294589,-1.32520481728394));
#1400=CARTESIAN_POINT('Ctrl Pts',(12.6375309274076,0.0262873099294609,-1.32520481728395));
#1401=CARTESIAN_POINT('Ctrl Pts',(12.6424860526997,-1.58252065417467,-1.32235728563856));
#1402=CARTESIAN_POINT('Ctrl Pts',(11.8354072548675,-4.39660331625379,-1.78623451886328));
#1403=CARTESIAN_POINT('Ctrl Pts',(9.80153858383991,-6.53297880866679,-2.95444398865704));
#1404=CARTESIAN_POINT('Ctrl Pts',(8.7759651276075,-7.25196842172838,-3.54316273032458));
#1405=CARTESIAN_POINT('',(12.5052768243367,0.0123891287522068,-1.18680784110568));
#1406=CARTESIAN_POINT('Ctrl Pts',(12.5052788178668,0.012389193949416,-1.18681371677206));
#1407=CARTESIAN_POINT('Ctrl Pts',(12.5123048397273,0.01079301057698,-1.18326989306931));
#1408=CARTESIAN_POINT('Ctrl Pts',(12.5197401593043,0.00932796343274747,
-1.18058493401183));
#1409=CARTESIAN_POINT('Ctrl Pts',(12.5274200553489,0.00802549475497156,
-1.17877661576032));
#1410=CARTESIAN_POINT('Ctrl Pts',(12.5325297954919,0.0071589105656642,-1.17757346974021));
#1411=CARTESIAN_POINT('Ctrl Pts',(12.5377484093606,0.00636431115174228,
-1.17675936946128));
#1412=CARTESIAN_POINT('Ctrl Pts',(12.5430282081099,0.005651087772294,-1.1763523441766));
#1413=CARTESIAN_POINT('Ctrl Pts',(12.5508340892884,0.00459662770323773,
-1.17575058051861));
#1414=CARTESIAN_POINT('Ctrl Pts',(12.5586764983911,0.00373335825121772,
-1.17604380918507));
#1415=CARTESIAN_POINT('Ctrl Pts',(12.566394789016,0.00307939855293105,-1.17726618639656));
#1416=CARTESIAN_POINT('Ctrl Pts',(12.5684473919465,0.00290548444961783,
-1.17759126550649));
#1417=CARTESIAN_POINT('Ctrl Pts',(12.5704911913616,0.00274637290709874,
-1.17798233878761));
#1418=CARTESIAN_POINT('Ctrl Pts',(12.5725230320392,0.00260240240664252,
-1.17844067217399));
#1419=CARTESIAN_POINT('Ctrl Pts',(12.5753764530187,0.00240021704292214,
-1.17908433391121));
#1420=CARTESIAN_POINT('Ctrl Pts',(12.5782063155282,0.00222789345966264,
-1.17986062240709));
#1421=CARTESIAN_POINT('Ctrl Pts',(12.5810051187224,0.00208636321741437,
-1.18076570667691));
#1422=CARTESIAN_POINT('Ctrl Pts',(12.5885620329366,0.00170422420114628,
-1.18320948128659));
#1423=CARTESIAN_POINT('Ctrl Pts',(12.5957905922746,0.00155194479482785,
-1.18655505466034));
#1424=CARTESIAN_POINT('Ctrl Pts',(12.6025546581531,0.00163025113297475,
-1.19068711724352));
#1425=CARTESIAN_POINT('Ctrl Pts',(12.6065722628196,0.0016767621982444,-1.19314140941262));
#1426=CARTESIAN_POINT('Ctrl Pts',(12.6104258034016,0.00180460648842291,
-1.19587422444275));
#1427=CARTESIAN_POINT('Ctrl Pts',(12.6140822221402,0.00201378476362557,
-1.19886879243763));
#1428=CARTESIAN_POINT('Ctrl Pts',(12.6202370590735,0.0023658938260519,-1.20390953831827));
#1429=CARTESIAN_POINT('Ctrl Pts',(12.6257512202859,0.00294354912917398,
-1.20962114325865));
#1430=CARTESIAN_POINT('Ctrl Pts',(12.6304911223674,0.00372940605298111,
-1.21589976748565));
#1431=CARTESIAN_POINT('Ctrl Pts',(12.6313120475803,0.00386551219005653,
-1.21698719098959));
#1432=CARTESIAN_POINT('Ctrl Pts',(12.6321096720871,0.00400786095426609,
-1.21809172405098));
#1433=CARTESIAN_POINT('Ctrl Pts',(12.6328831933265,0.00415635885590257,
-1.21921294480156));
#1434=CARTESIAN_POINT('Ctrl Pts',(12.6347860238214,0.00452165759791894,
-1.2219711018206));
#1435=CARTESIAN_POINT('Ctrl Pts',(12.6365431054807,0.00492416917651505,
-1.22483018808651));
#1436=CARTESIAN_POINT('Ctrl Pts',(12.6381520995359,0.00536248765632226,
-1.22777745488579));
#1437=CARTESIAN_POINT('Ctrl Pts',(12.6419276215597,0.00639100672917769,
-1.23469324843663));
#1438=CARTESIAN_POINT('Ctrl Pts',(12.6448440654092,0.0076037449302598,-1.24200646170293));
#1439=CARTESIAN_POINT('Ctrl Pts',(12.6469002343869,0.00897068071080191,
-1.24954176618076));
#1440=CARTESIAN_POINT('Ctrl Pts',(12.6482118096348,0.00984261251927422,
-1.25434833555605));
#1441=CARTESIAN_POINT('Ctrl Pts',(12.6491725078393,0.0107772718514843,-1.25924616010366));
#1442=CARTESIAN_POINT('Ctrl Pts',(12.6497721044764,0.0117667571547413,-1.26419437836639));
#1443=CARTESIAN_POINT('Ctrl Pts',(12.650728276022,0.0133446807672539,-1.27208525902013));
#1444=CARTESIAN_POINT('Ctrl Pts',(12.6507591604762,0.0150464819074122,-1.28002542991403));
#1445=CARTESIAN_POINT('Ctrl Pts',(12.6498359859599,0.0168340536865218,-1.28785100043158));
#1446=CARTESIAN_POINT('Ctrl Pts',(12.6497464674486,0.017007391188458,-1.28860983141146));
#1447=CARTESIAN_POINT('Ctrl Pts',(12.6496479379385,0.0171815350756599,-1.28936759014931));
#1448=CARTESIAN_POINT('Ctrl Pts',(12.6495403448937,0.0173564505466035,-1.29012412856161));
#1449=CARTESIAN_POINT('Ctrl Pts',(12.6493045432745,0.0177397964340877,-1.29178216308261));
#1450=CARTESIAN_POINT('Ctrl Pts',(12.6490252153084,0.0181268482699916,-1.29343433785336));
#1451=CARTESIAN_POINT('Ctrl Pts',(12.648703223829,0.0185172426528518,-1.29507917897825));
#1452=CARTESIAN_POINT('Ctrl Pts',(12.647186216598,0.0203565183470071,-1.30282856379163));
#1453=CARTESIAN_POINT('Ctrl Pts',(12.6447381269192,0.0222558897811505,-1.31035642130195));
#1454=CARTESIAN_POINT('Ctrl Pts',(12.6414595142829,0.0241752948080008,-1.31751188955421));
#1455=CARTESIAN_POINT('Ctrl Pts',(12.6404285118555,0.0247788767071992,-1.31976201970232));
#1456=CARTESIAN_POINT('Ctrl Pts',(12.6393149979654,0.025384444972692,-1.32197524023757));
#1457=CARTESIAN_POINT('Ctrl Pts',(12.6381211205241,0.0259907693775598,-1.32414647657512));
#1458=CARTESIAN_POINT('Ctrl Pts',(12.6379264851649,0.02608961718576,-1.3245004487249));
#1459=CARTESIAN_POINT('Ctrl Pts',(12.6377297505553,0.0261884658439503,-1.32485323608979));
#1460=CARTESIAN_POINT('Ctrl Pts',(12.6375309274076,0.0262873099294612,-1.32520481728395));
#1461=CARTESIAN_POINT('',(12.5004943329511,0.0129409522551252,-1.18939827900842));
#1462=CARTESIAN_POINT('Ctrl Pts',(12.5004940790183,0.0129409978747247,-1.18939842561658));
#1463=CARTESIAN_POINT('Ctrl Pts',(12.5020916621539,0.0129410043005191,-1.18847606052358));
#1464=CARTESIAN_POINT('Ctrl Pts',(12.5036883884438,0.0127505348231009,-1.18761590634912));
#1465=CARTESIAN_POINT('Ctrl Pts',(12.5052788178668,0.012389193949416,-1.18681371677206));
#1466=CARTESIAN_POINT('Ctrl Pts',(8.6588481456572,-7.19650668884909,-3.40737373937377));
#1467=CARTESIAN_POINT('Ctrl Pts',(9.67853891759344,-6.48463600257227,-2.81865499770622));
#1468=CARTESIAN_POINT('Ctrl Pts',(11.6987612950911,-4.36960299888521,-1.65227906423513));
#1469=CARTESIAN_POINT('Ctrl Pts',(12.5028709033493,-1.58038868918869,-1.18802616544927));
#1470=CARTESIAN_POINT('Ctrl Pts',(12.5004940790872,0.0129409517361574,-1.18939842557684));
#1471=CARTESIAN_POINT('Ctrl Pts',(12.5021676487787,0.000224297503956636,
-1.1923667363378));
#1472=CARTESIAN_POINT('Ctrl Pts',(12.6052269679682,0.402319914491865,-1.00845659380531));
#1473=CARTESIAN_POINT('Ctrl Pts',(12.6808638944841,0.809353996928611,-0.838850810537378));
#1474=CARTESIAN_POINT('Ctrl Pts',(12.7284160965777,1.21776225937882,-0.685034577698926));
#1475=CARTESIAN_POINT('Ctrl Pts',(12.5227405502212,-0.00915412081734798,
-1.18339065887886));
#1476=CARTESIAN_POINT('Ctrl Pts',(12.6261476654036,0.393851497228287,-0.998995046446224));
#1477=CARTESIAN_POINT('Ctrl Pts',(12.7020831365218,0.801880496499014,-0.828914964851433));
#1478=CARTESIAN_POINT('Ctrl Pts',(12.7498511885344,1.21135249498898,-0.674642209591567));
#1479=CARTESIAN_POINT('Ctrl Pts',(12.5727481477121,-0.023061932740665,-1.18100622668548));
#1480=CARTESIAN_POINT('Ctrl Pts',(12.6769513561215,0.381817900629717,-0.995809802670235));
#1481=CARTESIAN_POINT('Ctrl Pts',(12.7535527080638,0.791864626124018,-0.824934569353052));
#1482=CARTESIAN_POINT('Ctrl Pts',(12.8018389356738,1.20351151937962,-0.669895068456349));
#1483=CARTESIAN_POINT('Ctrl Pts',(12.6365229786211,-0.0189216152567829,
-1.22579654686402));
#1484=CARTESIAN_POINT('Ctrl Pts',(12.7412230560308,0.387591692722908,-1.04052111211515));
#1485=CARTESIAN_POINT('Ctrl Pts',(12.8182302563443,0.799335976405475,-0.869554745135238));
#1486=CARTESIAN_POINT('Ctrl Pts',(12.86679964379,1.21271731153479,-0.714420579013142));
#1487=CARTESIAN_POINT('Ctrl Pts',(12.6530662244842,0.00365299719367646,
-1.28442348406768));
#1488=CARTESIAN_POINT('Ctrl Pts',(12.7571329113137,0.40983993796009,-1.09986855152811));
#1489=CARTESIAN_POINT('Ctrl Pts',(12.8335360607013,0.821103813748919,-0.929614165951181));
#1490=CARTESIAN_POINT('Ctrl Pts',(12.8815835706313,1.23387437860757,-0.775166633614813));
#1491=CARTESIAN_POINT('Ctrl Pts',(12.6428383823605,0.0206394387897731,-1.3158306657947));
#1492=CARTESIAN_POINT('Ctrl Pts',(12.7461563637251,0.425891452785741,-1.13176778609932));
#1493=CARTESIAN_POINT('Ctrl Pts',(12.8218953774669,0.836100357850452,-0.96200808678109));
#1494=CARTESIAN_POINT('Ctrl Pts',(12.8693786812433,1.24767685519437,-0.808041422057532));
#1495=CARTESIAN_POINT('Ctrl Pts',(12.6375309274076,0.0262873099294567,-1.32520481728395));
#1496=CARTESIAN_POINT('Ctrl Pts',(12.7405844473247,0.431170906540674,-1.14129467475146));
#1497=CARTESIAN_POINT('Ctrl Pts',(12.8160818793603,0.840957957752635,-0.97168889148353));
#1498=CARTESIAN_POINT('Ctrl Pts',(12.8633700146422,1.25207913906048,-0.817872658645077));
#1499=CARTESIAN_POINT('',(12.5054174491529,0.0129409522630326,-1.18655591654172));
#1500=CARTESIAN_POINT('',(12.7271260058785,1.20674095225524,-0.68918941620268));
#1501=CARTESIAN_POINT('Ctrl Pts',(12.5054174369141,0.0129409578221252,-1.18655592188781));
#1502=CARTESIAN_POINT('Ctrl Pts',(12.6058964886066,0.407282828116681,-1.00653451506514));
#1503=CARTESIAN_POINT('Ctrl Pts',(12.6800074306901,0.806335974481971,-0.840279069534073));
#1504=CARTESIAN_POINT('Ctrl Pts',(12.7271259963907,1.20674095510589,-0.689189420798492));
#1505=CARTESIAN_POINT('Ctrl Pts',(12.5054174491502,0.0129409522642677,-1.18655591654288));
#1506=CARTESIAN_POINT('Ctrl Pts',(12.5053705802923,0.0127570099126385,-1.18663988825224));
#1507=CARTESIAN_POINT('Ctrl Pts',(12.5053237056973,0.0125730685860857,-1.18672386295679));
#1508=CARTESIAN_POINT('Ctrl Pts',(12.5052768253651,0.0123891282849503,-1.18680784065639));
#1509=CARTESIAN_POINT('',(12.8580402685777,1.20674095225527,-0.83490136800954));
#1510=CARTESIAN_POINT('Ctrl Pts',(12.8580401195842,1.20674099775446,-0.834901440194374));
#1511=CARTESIAN_POINT('Ctrl Pts',(12.8104934160474,0.810833529766983,-0.984179096009661));
#1512=CARTESIAN_POINT('Ctrl Pts',(12.7367957583889,0.416285650762774,-1.14805599957336));
#1513=CARTESIAN_POINT('Ctrl Pts',(12.6375309274076,0.0262873099294567,-1.32520481728395));
#1514=CARTESIAN_POINT('Ctrl Pts',(12.858040115942,1.2067409674268,-0.834901451629476));
#1515=CARTESIAN_POINT('Ctrl Pts',(12.8622354678763,1.20674116040262,-0.827507772599291));
#1516=CARTESIAN_POINT('Ctrl Pts',(12.8656150560932,1.20673858417816,-0.819669522756815));
#1517=CARTESIAN_POINT('Ctrl Pts',(12.8681015841802,1.20673784572654,-0.811560318917816));
#1518=CARTESIAN_POINT('Ctrl Pts',(12.8694965865218,1.20673743143733,-0.807010859612193));
#1519=CARTESIAN_POINT('Ctrl Pts',(12.8706097526631,1.20673744731881,-0.802375549402882));
#1520=CARTESIAN_POINT('Ctrl Pts',(12.8714205884853,1.20673848942483,-0.797682736500489));
#1521=CARTESIAN_POINT('Ctrl Pts',(12.8717042671318,1.20673885401556,-0.796040911144622));
#1522=CARTESIAN_POINT('Ctrl Pts',(12.8719508890878,1.20673934738256,-0.794392042479758));
#1523=CARTESIAN_POINT('Ctrl Pts',(12.8721605894472,1.2067399140109,-0.792737460999029));
#1524=CARTESIAN_POINT('Ctrl Pts',(12.8732090278096,1.20674274698119,-0.784465054110097));
#1525=CARTESIAN_POINT('Ctrl Pts',(12.8733316022968,1.20674776975329,-0.776105443995373));
#1526=CARTESIAN_POINT('Ctrl Pts',(12.8725527232869,1.20674808898794,-0.76782681919766));
#1527=CARTESIAN_POINT('Ctrl Pts',(12.8719489317802,1.20674833646048,-0.76140918144284));
#1528=CARTESIAN_POINT('Ctrl Pts',(12.8708023115449,1.20674571092175,-0.755039751541632));
#1529=CARTESIAN_POINT('Ctrl Pts',(12.869104539055,1.20674214035518,-0.748804296393605));
#1530=CARTESIAN_POINT('Ctrl Pts',(12.8670325287603,1.20673778273323,-0.741194367892863));
#1531=CARTESIAN_POINT('Ctrl Pts',(12.8641598574729,1.20673155151788,-0.733853117241722));
#1532=CARTESIAN_POINT('Ctrl Pts',(12.8604786442664,1.20673096765678,-0.726943759506678));
#1533=CARTESIAN_POINT('Ctrl Pts',(12.8596616684708,1.20673083807983,-0.72541035795776));
#1534=CARTESIAN_POINT('Ctrl Pts',(12.8588047185579,1.20673105050166,-0.723898345650726));
#1535=CARTESIAN_POINT('Ctrl Pts',(12.8579074564001,1.20673180839159,-0.722409739809843));
#1536=CARTESIAN_POINT('Ctrl Pts',(12.8558090400717,1.20673358085974,-0.718928355048644));
#1537=CARTESIAN_POINT('Ctrl Pts',(12.853490196326,1.20673824723956,-0.715574787553478));
#1538=CARTESIAN_POINT('Ctrl Pts',(12.850962664673,1.20674362438171,-0.712367020005369));
#1539=CARTESIAN_POINT('Ctrl Pts',(12.8460608558407,1.20675405262812,-0.70614598483836));
#1540=CARTESIAN_POINT('Ctrl Pts',(12.8404416257187,1.20676503460034,-0.700554713107515));
#1541=CARTESIAN_POINT('Ctrl Pts',(12.8342263550287,1.20676615079547,-0.695703762038091));
#1542=CARTESIAN_POINT('Ctrl Pts',(12.8303866790793,1.20676684035958,-0.692706936785902));
#1543=CARTESIAN_POINT('Ctrl Pts',(12.8263188571459,1.20676411163792,-0.689993303404657));
#1544=CARTESIAN_POINT('Ctrl Pts',(12.82204831102,1.20675941582871,-0.687597638230636));
#1545=CARTESIAN_POINT('Ctrl Pts',(12.8149647375082,1.20675162686947,-0.683623937942739));
#1546=CARTESIAN_POINT('Ctrl Pts',(12.8074449252133,1.20673680153131,-0.680590501236697));
#1547=CARTESIAN_POINT('Ctrl Pts',(12.7996371591855,1.2067362009453,-0.678604360413976));
#1548=CARTESIAN_POINT('Ctrl Pts',(12.7956998294204,1.20673589807951,-0.67760278181246));
#1549=CARTESIAN_POINT('Ctrl Pts',(12.7916888442641,1.20673956474879,-0.676868285029102));
#1550=CARTESIAN_POINT('Ctrl Pts',(12.7876266215175,1.20674395706252,-0.676399520719641));
#1551=CARTESIAN_POINT('Ctrl Pts',(12.7798515091044,1.20675236397055,-0.675502303745415));
#1552=CARTESIAN_POINT('Ctrl Pts',(12.7720082208105,1.20676218387638,-0.675589130601135));
#1553=CARTESIAN_POINT('Ctrl Pts',(12.7642563864568,1.20676369137754,-0.676598225130693));
#1554=CARTESIAN_POINT('Ctrl Pts',(12.7617067058453,1.20676418721456,-0.676930129637387));
#1555=CARTESIAN_POINT('Ctrl Pts',(12.7591667989209,1.20676394216193,-0.677362191409486));
#1556=CARTESIAN_POINT('Ctrl Pts',(12.7566421724214,1.20676304456172,-0.677893316474454));
#1557=CARTESIAN_POINT('Ctrl Pts',(12.7487714345388,1.2067602462167,-0.679549144047405));
#1558=CARTESIAN_POINT('Ctrl Pts',(12.7411438986309,1.20675008689069,-0.682144188124836));
#1559=CARTESIAN_POINT('Ctrl Pts',(12.7339121845916,1.20674416306064,-0.685610868745784));
#1560=CARTESIAN_POINT('Ctrl Pts',(12.7316083398035,1.20674227587527,-0.686715267237924));
#1561=CARTESIAN_POINT('Ctrl Pts',(12.7293446207621,1.2067409591862,-0.687908503451695));
#1562=CARTESIAN_POINT('Ctrl Pts',(12.7271259961704,1.20674095323448,-0.689189421504653));
#1563=CARTESIAN_POINT('Ctrl Pts',(8.6588481458504,-7.19650668854877,3.40737373926245));
#1564=CARTESIAN_POINT('Ctrl Pts',(8.63392557475271,-7.22160115027974,3.42176279242739));
#1565=CARTESIAN_POINT('Ctrl Pts',(8.57657998308438,-7.29658117531436,3.44064130166175));
#1566=CARTESIAN_POINT('Ctrl Pts',(8.47522270208282,-7.47167538692384,3.43624790348294));
#1567=CARTESIAN_POINT('Ctrl Pts',(8.4114268602119,-7.61807964391859,3.3993550391506));
#1568=CARTESIAN_POINT('Ctrl Pts',(8.37961998175392,-7.70880417190414,3.36487788461487));
#1569=CARTESIAN_POINT('Ctrl Pts',(8.66924543365605,-7.21636426223833,3.40137086233533));
#1570=CARTESIAN_POINT('Ctrl Pts',(8.64695346404801,-7.23941311407599,3.41602792329599));
#1571=CARTESIAN_POINT('Ctrl Pts',(8.592397545801,-7.31058243908674,3.43848146422491));
#1572=CARTESIAN_POINT('Ctrl Pts',(8.48950541260068,-7.48184645810321,3.44114001906047));
#1573=CARTESIAN_POINT('Ctrl Pts',(8.42150317291516,-7.62691831771773,3.40691076881578));
#1574=CARTESIAN_POINT('Ctrl Pts',(8.38704796827288,-7.71697319012509,3.37292947130049));
#1575=CARTESIAN_POINT('Ctrl Pts',(8.69472869195688,-7.25092481117094,3.40371901533244));
#1576=CARTESIAN_POINT('Ctrl Pts',(8.67489304386122,-7.27046227870811,3.419024985043));
#1577=CARTESIAN_POINT('Ctrl Pts',(8.62107871016294,-7.33504329748009,3.44668942108194));
#1578=CARTESIAN_POINT('Ctrl Pts',(8.51109681034677,-7.49969300608623,3.45754682845865));
#1579=CARTESIAN_POINT('Ctrl Pts',(8.43529669436529,-7.64236534494344,3.42505968427703));
#1580=CARTESIAN_POINT('Ctrl Pts',(8.39637315527428,-7.731258397178,3.39038970658605));
#1581=CARTESIAN_POINT('Ctrl Pts',(8.73885180916449,-7.28359091661175,3.44064308619456));
#1582=CARTESIAN_POINT('Ctrl Pts',(8.71663957504073,-7.3009410204113,3.45720618194923));
#1583=CARTESIAN_POINT('Ctrl Pts',(8.65507552908816,-7.36130276554522,3.48766407368658));
#1584=CARTESIAN_POINT('Ctrl Pts',(8.52912190141731,-7.52149019831817,3.49891575738487));
#1585=CARTESIAN_POINT('Ctrl Pts',(8.44302718449197,-7.66243958460189,3.46200644850003));
#1586=CARTESIAN_POINT('Ctrl Pts',(8.39892381277856,-7.75048242120253,3.42311058963253));
#1587=CARTESIAN_POINT('Ctrl Pts',(8.76973532505655,-7.28387052510825,3.49379680592862));
#1588=CARTESIAN_POINT('Ctrl Pts',(8.74101847572296,-7.3034600035104,3.51193432773135));
#1589=CARTESIAN_POINT('Ctrl Pts',(8.66798122282715,-7.36792894714524,3.54087816986263));
#1590=CARTESIAN_POINT('Ctrl Pts',(8.52829716449764,-7.53206061203209,3.54386040556657));
#1591=CARTESIAN_POINT('Ctrl Pts',(8.43648839339312,-7.67438961700669,3.49881433571029));
#1592=CARTESIAN_POINT('Ctrl Pts',(8.38994901262862,-7.76307759698531,3.45437002635906));
#1593=CARTESIAN_POINT('Ctrl Pts',(8.77626402308385,-7.26331035364598,3.52996592187647));
#1594=CARTESIAN_POINT('Ctrl Pts',(8.74219841053345,-7.28686476788422,3.54984288450689));
#1595=CARTESIAN_POINT('Ctrl Pts',(8.66167236313065,-7.35893127320254,3.57734709800747));
#1596=CARTESIAN_POINT('Ctrl Pts',(8.51612165750127,-7.53129638106867,3.57339513497266));
#1597=CARTESIAN_POINT('Ctrl Pts',(8.42323729410613,-7.67684289811007,3.52243603465672));
#1598=CARTESIAN_POINT('Ctrl Pts',(8.37664625426166,-7.76720211800927,3.4741676150511));
#1599=CARTESIAN_POINT('Ctrl Pts',(8.77596512788764,-7.25196842142518,3.54316273016516));
#1600=CARTESIAN_POINT('Ctrl Pts',(8.73981219395324,-7.27731383552625,3.56391590946472));
#1601=CARTESIAN_POINT('Ctrl Pts',(8.65655571147395,-7.35294904230101,3.59114418380342));
#1602=CARTESIAN_POINT('Ctrl Pts',(8.50921805801206,-7.52937882831418,3.58480763204466));
#1603=CARTESIAN_POINT('Ctrl Pts',(8.41632337042005,-7.67675777109661,3.53159744374479));
#1604=CARTESIAN_POINT('Ctrl Pts',(8.36993798155317,-7.76803253210345,3.48187140815254));
#1605=CARTESIAN_POINT('Ctrl Pts',(8.36993798145605,-7.76803253201332,3.48187140838709));
#1606=CARTESIAN_POINT('Ctrl Pts',(8.38414111207454,-7.75272887289491,3.48187140835467));
#1607=CARTESIAN_POINT('Ctrl Pts',(8.39936498070788,-7.73166815125386,3.48404838480271));
#1608=CARTESIAN_POINT('Ctrl Pts',(8.43326682176018,-7.68096189675217,3.49052254485977));
#1609=CARTESIAN_POINT('Ctrl Pts',(8.45039255346411,-7.65349651162926,3.49459070101189));
#1610=CARTESIAN_POINT('Ctrl Pts',(8.49849415952935,-7.57837286686669,3.50473002414761));
#1611=CARTESIAN_POINT('Ctrl Pts',(8.52315405091699,-7.54105039803751,3.50917059240244));
#1612=CARTESIAN_POINT('Ctrl Pts',(8.56773090953953,-7.47969425512459,3.51403988235655));
#1613=CARTESIAN_POINT('Ctrl Pts',(8.58463297796707,-7.45762650251697,3.51526299871788));
#1614=CARTESIAN_POINT('Ctrl Pts',(8.62969203152836,-7.40273731712091,3.5165286947525));
#1615=CARTESIAN_POINT('Ctrl Pts',(8.65901753941254,-7.37059137663427,3.5155394227629));
#1616=CARTESIAN_POINT('Ctrl Pts',(8.72084192344333,-7.31244863901237,3.50874096855385));
#1617=CARTESIAN_POINT('Ctrl Pts',(8.74693173941715,-7.29216975872573,3.50380048715333));
#1618=CARTESIAN_POINT('Ctrl Pts',(8.76803736887689,-7.27693630069552,3.49924062927226));
#1619=CARTESIAN_POINT('Ctrl Pts',(8.6588481458504,-7.19650668854877,3.40737373926245));
#1620=CARTESIAN_POINT('Ctrl Pts',(8.63392557475271,-7.22160115027974,3.42176279242739));
#1621=CARTESIAN_POINT('Ctrl Pts',(8.57657998308438,-7.29658117531436,3.44064130166175));
#1622=CARTESIAN_POINT('Ctrl Pts',(8.47522270208282,-7.47167538692384,3.43624790348294));
#1623=CARTESIAN_POINT('Ctrl Pts',(8.4114268602119,-7.61807964391859,3.3993550391506));
#1624=CARTESIAN_POINT('Ctrl Pts',(8.37961998175392,-7.70880417190414,3.36487788461487));
#1625=CARTESIAN_POINT('Origin',(1.01472889467701E-16,0.,4.81593570419354));
#1626=CARTESIAN_POINT('',(4.44551091501145,10.5183470153989,3.48187140838709));
#1627=CARTESIAN_POINT('Origin',(1.96432353056865E-16,0.,3.48187140838709));
#1628=CARTESIAN_POINT('',(-4.44551091501145,10.5183470153989,3.48187140838709));
#1629=CARTESIAN_POINT('Ctrl Pts',(4.44551091501145,10.518347015399,3.48187140838709));
#1630=CARTESIAN_POINT('Ctrl Pts',(8.00309509716602E-16,7.10510209956326,
6.89511632422277));
#1631=CARTESIAN_POINT('Ctrl Pts',(-4.44551091501145,10.518347015399,3.48187140838708));
#1632=CARTESIAN_POINT('',(-11.4192027406862,-1.3984490085196E-15,3.48187140835467));
#1633=CARTESIAN_POINT('Origin',(1.96432353056865E-16,0.,3.48187140838709));
#1634=CARTESIAN_POINT('',(-7.6087202106007,-9.31799485151992E-16,6.15));
#1635=CARTESIAN_POINT('',(-9.5139614756203,-1.16512424683296E-15,4.81593570419354));
#1636=CARTESIAN_POINT('Origin',(6.51342587853615E-18,0.,6.15));
#1637=CARTESIAN_POINT('Origin',(1.96432353056865E-16,0.,3.48187140838709));
#1638=CARTESIAN_POINT('Origin',(3.20353157423724E-16,0.,1.74093570419354));
#1639=CARTESIAN_POINT('',(13.044762052867,1.20674095225512,0.505802158969562));
#1640=CARTESIAN_POINT('Ctrl Pts',(12.8580402685533,1.20674095225527,0.834901368024517));
#1641=CARTESIAN_POINT('Ctrl Pts',(12.9507339561693,1.20674095225515,0.671537928454368));
#1642=CARTESIAN_POINT('Ctrl Pts',(13.044762052867,1.20674095225512,0.505802158969562));
#1643=CARTESIAN_POINT('',(13.3316963179539,1.20674095225512,-1.61265215720416E-16));
#1644=CARTESIAN_POINT('Ctrl Pts',(13.3316963179539,1.20674095225512,-2.22044604925031E-15));
#1645=CARTESIAN_POINT('Ctrl Pts',(13.186681449229,1.20674095225512,0.255652244348807));
#1646=CARTESIAN_POINT('Ctrl Pts',(13.044762052867,1.20674095225512,0.505802158969562));
#1647=CARTESIAN_POINT('',(11.8414525273442,6.242623846,-2.67341625544299E-16));
#1648=CARTESIAN_POINT('Origin',(4.44273961790583E-16,0.,-1.11022302462516E-15));
#1649=CARTESIAN_POINT('',(10.9628653131487,6.242623846,1.3639755761211));
#1650=CARTESIAN_POINT('Ctrl Pts',(10.9628653131487,6.242623846,1.3639755761211));
#1651=CARTESIAN_POINT('Ctrl Pts',(11.3891408035482,6.242623846,0.708262888900556));
#1652=CARTESIAN_POINT('Ctrl Pts',(11.8414525273442,6.242623846,-2.67341625544299E-16));
#1653=CARTESIAN_POINT('',(8.924450362407,9.97720081831215,-4.74975516760482E-16));
#1654=CARTESIAN_POINT('Ctrl Pts',(8.924450362407,9.97720081831215,-1.03866987085121E-15));
#1655=CARTESIAN_POINT('Ctrl Pts',(8.924450362407,9.975405494399,0.00236866254570581));
#1656=CARTESIAN_POINT('Ctrl Pts',(8.92445606518004,9.97360649995601,0.00473515344087809));
#1657=CARTESIAN_POINT('Ctrl Pts',(8.92527940275693,9.84314645888112,0.175844265299833));
#1658=CARTESIAN_POINT('Ctrl Pts',(8.95585008805405,9.69544444741871,0.332810986082023));
#1659=CARTESIAN_POINT('Ctrl Pts',(9.06942942823548,9.32230817304601,0.675715423749355));
#1660=CARTESIAN_POINT('Ctrl Pts',(9.18754499286761,9.05569952202968,0.866371292571223));
#1661=CARTESIAN_POINT('Ctrl Pts',(9.47479273259316,8.50154764167463,1.16817704355045));
#1662=CARTESIAN_POINT('Ctrl Pts',(9.64336713605785,8.21371611301318,1.27932811346205));
#1663=CARTESIAN_POINT('Ctrl Pts',(9.99073834527047,7.64826343221349,1.43178985535724));
#1664=CARTESIAN_POINT('Ctrl Pts',(10.2030906605071,7.31942623594633,1.47854363083286));
#1665=CARTESIAN_POINT('Ctrl Pts',(10.6005293808867,6.73335022837924,1.47281045459935));
#1666=CARTESIAN_POINT('Ctrl Pts',(10.7830757866129,6.47365535943211,1.43816846485464));
#1667=CARTESIAN_POINT('Ctrl Pts',(10.9628653131487,6.242623846,1.3639755761211));
#1668=CARTESIAN_POINT('',(-13.3861999999999,-1.63933669827462E-15,1.66533453693773E-13));
#1669=CARTESIAN_POINT('Origin',(4.44273961790583E-16,0.,-1.11022302462516E-15));
#1670=CARTESIAN_POINT('Origin',(4.44273961790583E-16,0.,-1.11022302462516E-15));
#1671=CARTESIAN_POINT('Origin',(0.,4.54449920426921,9.45571921951682));
#1672=CARTESIAN_POINT('Origin',(5.73516673381314E-16,0.,-1.81570199019194));
#1673=CARTESIAN_POINT('',(-12.3604640036046,-1.51372026779905E-15,-1.81570199019194));
#1674=CARTESIAN_POINT('',(10.9628653131894,6.242623846,-1.3639755761043));
#1675=CARTESIAN_POINT('Ctrl Pts',(10.9628653131894,6.242623846,-1.3639755761043));
#1676=CARTESIAN_POINT('Ctrl Pts',(10.7830757866469,6.47365535943737,-1.43816846484689));
#1677=CARTESIAN_POINT('Ctrl Pts',(10.600529380913,6.73335022839337,-1.47281045459676));
#1678=CARTESIAN_POINT('Ctrl Pts',(10.2030906605255,7.31942623596633,-1.47854363083529));
#1679=CARTESIAN_POINT('Ctrl Pts',(9.99073834528826,7.64826343223014,-1.43178985536234));
#1680=CARTESIAN_POINT('Ctrl Pts',(9.64336713607366,8.21371611302385,-1.2793281134714));
#1681=CARTESIAN_POINT('Ctrl Pts',(9.47479273260756,8.50154764168208,-1.16817704356187));
#1682=CARTESIAN_POINT('Ctrl Pts',(9.18754499287822,9.05569952203034,-0.866371292586087));
#1683=CARTESIAN_POINT('Ctrl Pts',(9.0694294282437,9.32230817304311,-0.675715423765587));
#1684=CARTESIAN_POINT('Ctrl Pts',(8.95585008805793,9.69544444741064,-0.332810986099045));
#1685=CARTESIAN_POINT('Ctrl Pts',(8.92527940275889,9.84314645887099,-0.175844265316694));
#1686=CARTESIAN_POINT('Ctrl Pts',(8.92445606518007,9.97360649994778,-0.00473515345187562));
#1687=CARTESIAN_POINT('Ctrl Pts',(8.924450362407,9.9754054943949,-0.00236866255120962));
#1688=CARTESIAN_POINT('Ctrl Pts',(8.924450362407,9.97720081831215,-4.74975516760482E-16));
#1689=CARTESIAN_POINT('Ctrl Pts',(11.8414525273442,6.242623846,-2.67341625544299E-16));
#1690=CARTESIAN_POINT('Ctrl Pts',(11.3891408035698,6.242623846,-0.708262888890479));
#1691=CARTESIAN_POINT('Ctrl Pts',(10.9628653131894,6.242623846,-1.3639755761043));
#1692=CARTESIAN_POINT('',(13.0447620528814,1.20674095225513,-0.505802158961103));
#1693=CARTESIAN_POINT('Ctrl Pts',(13.0447620528814,1.20674095225512,-0.505802158961103));
#1694=CARTESIAN_POINT('Ctrl Pts',(13.1866814492443,1.20674095225513,-0.255652244330436));
#1695=CARTESIAN_POINT('Ctrl Pts',(13.3316963179539,1.20674095225512,-2.77555756156289E-16));
#1696=CARTESIAN_POINT('Ctrl Pts',(13.0447620528814,1.20674095225513,-0.505802158961103));
#1697=CARTESIAN_POINT('Ctrl Pts',(12.9507339561698,1.20674095225527,-0.671537928475894));
#1698=CARTESIAN_POINT('Ctrl Pts',(12.8580402685777,1.20674095225527,-0.83490136800954));
#1699=CARTESIAN_POINT('Origin',(4.50000000000001,0.,-3.85));
#1700=CARTESIAN_POINT('',(-6.54999999999853,-8.02143653441336E-16,-3.85));
#1701=CARTESIAN_POINT('Origin',(7.18319175329019E-16,0.,-3.85));
#1702=CARTESIAN_POINT('',(-4.5,-5.51091059616309E-16,-3.85));
#1703=CARTESIAN_POINT('Origin',(7.18319175329019E-16,0.,-3.85));
#1704=CARTESIAN_POINT('Origin',(8.58900810845901E-16,0.,-5.82500000000578));
#1705=CARTESIAN_POINT('',(-6.54999999999853,-8.02143653441336E-16,-7.80000000001155));
#1706=CARTESIAN_POINT('Origin',(9.99482446362782E-16,0.,-7.80000000001155));
#1707=CARTESIAN_POINT('',(-6.54999999999853,-8.02143653441336E-16,-5.82500000000578));
#1708=CARTESIAN_POINT('Origin',(6.54999999999799,0.,-7.80000000001155));
#1709=CARTESIAN_POINT('',(-10.2999999999965,-1.26138620312134E-15,-7.80000000001816));
#1710=CARTESIAN_POINT('Origin',(9.99482446363253E-16,0.,-7.80000000001816));
#1711=CARTESIAN_POINT('Origin',(9.38978957659962E-16,0.,-6.95000000001816));
#1712=CARTESIAN_POINT('',(-10.2999999999965,-1.26138620312134E-15,-6.95000000001816));
#1713=CARTESIAN_POINT('Origin',(7.6087202106007,0.,6.15));
#1714=CARTESIAN_POINT('',(-6.55000000000035,-8.02143653441559E-16,6.15));
#1715=CARTESIAN_POINT('Origin',(6.51342587853615E-18,0.,6.15));
#1716=CARTESIAN_POINT('Origin',(1.47095061395006E-16,0.,4.175));
#1717=CARTESIAN_POINT('',(-6.55000000000035,-8.02143653441559E-16,2.2));
#1718=CARTESIAN_POINT('Origin',(2.87676696911477E-16,0.,2.2));
#1719=CARTESIAN_POINT('',(-6.55000000000035,-8.02143653441559E-16,4.175));
#1720=CARTESIAN_POINT('Origin',(6.55,0.,2.2));
#1721=CARTESIAN_POINT('',(-4.5,-5.51091059616309E-16,2.2));
#1722=CARTESIAN_POINT('Origin',(2.87676696911477E-16,0.,2.2));
#1723=CARTESIAN_POINT('Origin',(5.02997936120248E-16,0.,-0.825000000000001));
#1724=CARTESIAN_POINT('',(-4.5,-5.51091059616309E-16,-0.825000000000001));
#1725=CARTESIAN_POINT('Origin',(8.5458,0.338084682712126,-3.21156860739421));
#1726=CARTESIAN_POINT('',(8.65884814565734,0.0129409522551254,-3.40737373937404));
#1727=CARTESIAN_POINT('',(8.31970370868544,0.012940952255126,-3.21156860739413));
#1728=CARTESIAN_POINT('Origin',(8.5458,0.012940952255126,-3.21156860739421));
#1729=CARTESIAN_POINT('',(8.5458,0.856743798843544,-3.21156860739421));
#1730=CARTESIAN_POINT('',(8.65884814565734,0.0129409522551254,-3.40737373937404));
#1731=CARTESIAN_POINT('',(8.49750370868555,0.676499585840925,-3.21156860739421));
#1732=CARTESIAN_POINT('Origin',(8.31970370868553,0.0129409522551254,1.12659881423838E-14));
#1733=CARTESIAN_POINT('',(8.31970370868553,0.0129409522551254,3.21156860739422));
#1734=CARTESIAN_POINT('',(8.31970370868544,0.0129409522551254,-3.21156860739415));
#1735=CARTESIAN_POINT('',(8.63958145460993,1.20674095225513,-3.04913436320196));
#1736=CARTESIAN_POINT('',(8.66780824508452,1.31208476844175,-3.0002441279655));
#1737=CARTESIAN_POINT('',(8.63958145460981,1.20674095225512,3.04913436320226));
#1738=CARTESIAN_POINT('',(8.63958145460981,1.20674095225513,2.96548273282848));
#1739=CARTESIAN_POINT('',(8.54579999999993,0.856743798843544,3.21156860739426));
#1740=CARTESIAN_POINT('',(8.66780824508463,1.31208476844155,3.00024412796542));
#1741=CARTESIAN_POINT('',(8.31970370868553,0.0129409522551254,3.21156860739422));
#1742=CARTESIAN_POINT('Origin',(8.54579999999993,0.338084682712126,3.21156860739426));
#1743=CARTESIAN_POINT('',(8.65884814565715,0.012940952255126,3.40737373937402));
#1744=CARTESIAN_POINT('Origin',(8.54579999999993,0.012940952255126,3.21156860739426));
#1745=CARTESIAN_POINT('',(8.56994814565715,0.676499585840925,3.25339442258115));
#1746=CARTESIAN_POINT('Origin',(11.4401481456572,0.0129409522551247,1.80158943567687));
#1747=CARTESIAN_POINT('',(14.221448145657,0.0129409522551247,0.195805131979871));
#1748=CARTESIAN_POINT('',(13.8483926538082,1.20674095225512,0.0418258151871228));
#1749=CARTESIAN_POINT('Origin',(8.31970370868544,0.0129409522551254,-3.21156860739413));
#1750=CARTESIAN_POINT('',(8.31970370868544,0.012940952255126,-3.21156860739413));
#1751=CARTESIAN_POINT('',(8.31970370868553,0.0129409522551254,3.21156860739422));
#1752=CARTESIAN_POINT('Origin',(8.54579999999993,0.012940952255126,3.21156860739426));
#1753=CARTESIAN_POINT('',(8.65884814565715,0.012940952255126,3.40737373937402));
#1754=CARTESIAN_POINT('Origin',(8.65884814565715,0.0129409522551247,3.40737373937402));
#1755=CARTESIAN_POINT('Origin',(10.4,1.20674095225513,1.33573707650214E-13));
#1756=CARTESIAN_POINT('',(8.71202589158173,1.20674095225513,-3.00730854801501));
#1757=CARTESIAN_POINT('',(9.55,1.20674095225513,-1.04094977927525E-16));
#1758=CARTESIAN_POINT('Origin',(10.4,1.20674095225513,0.));
#1759=CARTESIAN_POINT('Origin',(11.4401481456572,0.0129409522551254,-1.80158943567688));
#1760=CARTESIAN_POINT('',(14.2214481456572,0.0129409522551254,-0.19580513197972));
#1761=CARTESIAN_POINT('Origin',(14.2214481456572,0.0129409522551254,-0.195805131979712));
#1762=CARTESIAN_POINT('',(8.65884814565734,0.0129409522551254,-3.40737373937404));
#1763=CARTESIAN_POINT('Origin',(8.5458,0.012940952255126,-3.21156860739421));
#1764=CARTESIAN_POINT('Origin',(10.4,0.,0.));
#1765=CARTESIAN_POINT('',(9.55,6.242623846,-1.04094977927525E-16));
#1766=CARTESIAN_POINT('',(9.55,0.,-1.04094977927525E-16));
#1767=CARTESIAN_POINT('Origin',(10.4,6.242623846,0.));
#1768=CARTESIAN_POINT('Origin',(10.4,6.242623846,0.));
#1769=CARTESIAN_POINT('Origin',(10.4,6.242623846,0.));
#1770=CARTESIAN_POINT('Origin',(10.4,0.,0.));
#1771=CARTESIAN_POINT('Origin',(-0.0272518410229594,7.41260921189756,6.58760921188848));
#1772=UNCERTAINTY_MEASURE_WITH_UNIT(LENGTH_MEASURE(0.01),#1776,
'DISTANCE_ACCURACY_VALUE',
'Maximum model space distance between geometric entities at asserted c
onnectivities');
#1773=UNCERTAINTY_MEASURE_WITH_UNIT(LENGTH_MEASURE(0.01),#1776,
'DISTANCE_ACCURACY_VALUE',
'Maximum model space distance between geometric entities at asserted c
onnectivities');
#1774=(
GEOMETRIC_REPRESENTATION_CONTEXT(3)
GLOBAL_UNCERTAINTY_ASSIGNED_CONTEXT((#1772))
GLOBAL_UNIT_ASSIGNED_CONTEXT((#1776,#1778,#1779))
REPRESENTATION_CONTEXT('','3D')
);
#1775=(
GEOMETRIC_REPRESENTATION_CONTEXT(3)
GLOBAL_UNCERTAINTY_ASSIGNED_CONTEXT((#1773))
GLOBAL_UNIT_ASSIGNED_CONTEXT((#1776,#1778,#1779))
REPRESENTATION_CONTEXT('','3D')
);
#1776=(
LENGTH_UNIT()
NAMED_UNIT(*)
SI_UNIT(.MILLI.,.METRE.)
);
#1777=(
LENGTH_UNIT()
NAMED_UNIT(*)
SI_UNIT($,.METRE.)
);
#1778=(
NAMED_UNIT(*)
PLANE_ANGLE_UNIT()
SI_UNIT($,.RADIAN.)
);
#1779=(
NAMED_UNIT(*)
SI_UNIT($,.STERADIAN.)
SOLID_ANGLE_UNIT()
);
#1780=SHAPE_DEFINITION_REPRESENTATION(#1781,#1782);
#1781=PRODUCT_DEFINITION_SHAPE('',$,#1784);
#1782=SHAPE_REPRESENTATION('',(#683),#1774);
#1783=PRODUCT_DEFINITION_CONTEXT('part definition',#1788,'design');
#1784=PRODUCT_DEFINITION('CutterHead_TDHB071202_CCW',
'CutterHead_TDHB071202_CCW',#1785,#1783);
#1785=PRODUCT_DEFINITION_FORMATION('',$,#1790);
#1786=PRODUCT_RELATED_PRODUCT_CATEGORY('CutterHead_TDHB071202_CCW',
'CutterHead_TDHB071202_CCW',(#1790));
#1787=APPLICATION_PROTOCOL_DEFINITION('international standard',
'automotive_design',2009,#1788);
#1788=APPLICATION_CONTEXT(
'Core Data for Automotive Mechanical Design Process');
#1789=PRODUCT_CONTEXT('part definition',#1788,'mechanical');
#1790=PRODUCT('CutterHead_TDHB071202_CCW','CutterHead_TDHB071202_CCW',$,
(#1789));
#1791=PRESENTATION_STYLE_ASSIGNMENT((#1793));
#1792=PRESENTATION_STYLE_ASSIGNMENT((#1794));
#1793=SURFACE_STYLE_USAGE(.BOTH.,#1795);
#1794=SURFACE_STYLE_USAGE(.BOTH.,#1796);
#1795=SURFACE_SIDE_STYLE('',(#1797));
#1796=SURFACE_SIDE_STYLE('',(#1798));
#1797=SURFACE_STYLE_FILL_AREA(#1799);
#1798=SURFACE_STYLE_FILL_AREA(#1800);
#1799=FILL_AREA_STYLE('Paint - Enamel Glossy (Red)',(#1801));
#1800=FILL_AREA_STYLE('Paint - Enamel Glossy (Green)',(#1802));
#1801=FILL_AREA_STYLE_COLOUR('Paint - Enamel Glossy (Red)',#1803);
#1802=FILL_AREA_STYLE_COLOUR('Paint - Enamel Glossy (Green)',#1804);
#1803=COLOUR_RGB('Paint - Enamel Glossy (Red)',0.768627450980392,0.207843137254902,
0.152941176470588);
#1804=COLOUR_RGB('Paint - Enamel Glossy (Green)',0.266666666666667,0.588235294117647,
0.282352941176471);
ENDSEC;
END-ISO-10303-21;
